record,y,pB1,pM1
a01,0,0.22631214701933797,0.264903825105896
a01,0,0.19965079055351412,0.17411512361487155
a01,0,0.39789316662859364,0.3906510464098556
a01,0,0.3888545271854552,0.40304311673729065
a01,0,0.24008337035509866,0.21987745563449415
a01,0,0.3542313243721878,0.37034211615973484
a01,0,0.24804814512782775,0.1762276007593522
a01,0,0.32329008610517934,0.36997420066112
a01,0,0.5726554038581049,0.2976915779890641
a01,0,0.32430460797529626,0.4797144699202954
a01,0,0.24868714172832274,0.3386648213763759
a01,0,0.3449000717986581,0.5475803621191991
a01,0,0.1302789755034313,0.27120821601782696
a01,1,0.2975143321462265,0.4649238615979442
a01,1,0.23516802632843475,0.36351716261772976
a01,1,0.16269584181703614,0.10450700478856424
a01,1,0.3391648005585197,0.698275622031405
a01,1,0.16745229323264407,0.09408811616774584
a01,1,0.3749147311609708,0.8940064513283972
a01,1,0.1818969773528465,0.08785763738089168
a01,1,0.12597160951384004,0.2963208789520825
a01,1,0.14359708809257796,0.2535300609547384
a01,1,0.14467634988315764,0.5213597763619433
a01,1,0.17846718561917335,0.1606758590358376
a01,1,0.21787262400326238,0.2718697026372754
a01,1,0.1744450539123444,0.1285825260903861
a01,1,0.1698703249854574,0.20466122673636142
a01,1,0.08327445123613553,0.27923786857334637
a01,1,0.13283577667087132,0.27120627068922465
a01,1,0.22297586097806613,0.08559237403681959
a01,1,0.10975974031189924,0.07731425891312824
a01,1,0.2850886629456962,0.27730520669100805
a01,1,0.234057039813598,0.4046023094242225
a01,1,0.2675328066803752,0.3546093756170313
a01,1,0.167268741441402,0.47505813510225164
a01,1,0.2760507090918456,0.305072922972351
a01,1,0.15146039759778307,0.2149651012505508
a01,1,0.2995931932921868,0.4491372583275954
a01,1,0.6112505652256265,0.36214261328005787
a01,1,0.2661041109635304,0.33944159461184564
a01,1,0.10802277895537225,0.11527930056639375
a01,1,0.32977505272033236,0.4277877891700492
a01,1,0.1669945685396185,0.11147689277859342
a01,1,0.13716527970951345,0.10652406035443082
a01,1,0.4585226906768974,0.3460775901425606
a01,1,0.24619072214928792,0.17086105968008555
a01,1,0.2969096231824962,0.2955258569431231
a01,1,0.21567182902042323,0.20866466283194202
a01,1,0.19673507151630382,0.37379478378708125
a01,1,0.2538542646722136,0.44751814845681814
a01,1,0.29849642591025266,0.17397791510172525
a01,1,0.27880768955225915,0.29081530077035295
a01,1,0.2539364977141876,0.17809820432707674
a01,1,0.1034625825215151,0.5406653120373659
a01,1,0.15663333278398256,0.32582543467716873
a01,1,0.4348166172380935,0.8310302010347497
a01,1,0.3371635386308582,0.5269215557489171
a01,1,0.19689353495127054,0.6570264943536365
a01,1,0.11257028391254092,0.49989608928404555
a01,1,0.23609816356132496,0.2924628433545433
a01,1,0.6567326711383877,0.38210205309645967
a01,1,0.2574671222512382,0.8282567358019872
a01,1,0.16607458997352892,0.8039823910884449
a01,1,0.25384766196742736,0.3824596378243779
a01,1,0.17109143950658634,0.3954332314308717
a01,1,0.09099551731478081,0.7546910854544672
a01,1,0.4085796498686423,0.40893187891422
a01,1,0.4919253299172081,0.2516105852542024
a01,1,0.6012185541010748,0.9215505684551352
a01,1,0.8125435071422307,0.8141754403817693
a01,1,0.8239255554699249,0.6816056160139107
a01,1,0.9437244371669845,0.8296940887791514
a01,1,0.9834299441814163,0.7576193785690877
a01,1,0.8372154645008728,0.7949614585437946
a01,1,0.9709066294553679,0.4959881389825125
a01,1,0.9853425549261656,0.6405582998988252
a01,1,0.8357259958464813,0.3095785755053855
a01,1,0.872139586713057,0.4711240050962642
a01,1,0.6035229150441244,0.16651860707433147
a01,1,0.5962906212642016,0.5899969959076774
a01,1,0.9520256542461777,0.46589579715900753
a01,1,0.8847186817313833,0.8223363333122509
a01,1,0.59531736488165,0.4726620341275028
a01,1,0.4409999461367053,0.9502273926178993
a01,1,0.9180314990772919,0.18249029092143076
a01,1,0.9133718104709743,0.722862722660841
a01,1,0.8791615986292248,0.4995474664020377
a01,1,0.6348330515688806,0.297761417023683
a01,1,0.5562713098935271,0.5263460522443089
a01,1,0.854145891819557,0.8244250318463671
a01,1,0.9505913426163989,0.6837430520188146
a01,1,0.9800969068940796,0.41016841519969854
a01,1,0.1949427367696835,0.20388738812731375
a01,1,0.5166441744113666,0.5392314809536478
a01,1,0.45593499250935277,0.1395109358299217
a01,1,0.6065121420341519,0.34675029083315745
a01,1,0.17424361155032492,0.4177461171692026
a01,1,0.5845311395704217,0.2796297702889876
a01,1,0.39385864768756834,0.23589679544624567
a01,1,0.1993058428927818,0.08077369213671548
a01,1,0.2900909529269039,0.26351019110875784
a01,1,0.5256357737262423,0.6161003870791464
a01,1,0.22599549309959405,0.2874198847871698
a01,1,0.1698422058128084,0.1774161753193465
a01,1,0.2131097035448106,0.21209891506480988
a01,1,0.2641480689241227,0.38902697307273754
a01,1,0.23447005717522226,0.2660352466091111
a01,1,0.1589051883583042,0.198039073242038
a01,1,0.46145932912625526,0.1918358692273766
a01,1,0.36237844726204765,0.5478650960389964
a01,1,0.3117608115056572,0.3531944193139815
a01,1,0.40109580440305964,0.18063212840112297
a01,1,0.45026140360704175,0.6969141318422964
a01,1,0.3743933335644012,0.30282257254643297
a01,1,0.26936303046934906,0.29952362129492893
a01,1,0.4131949788241849,0.6157464726303659
a01,1,0.5229501926310921,0.22096225960594426
a01,1,0.15776369440707072,0.2252756462147404
a01,1,0.3075420527064224,0.4547680945429852
a01,1,0.28055751067040335,0.6854207810995525
a01,1,0.4310657405634607,0.22900978360284124
a01,1,0.45261626432869906,0.4274403968129895
a01,1,0.32335627349924145,0.20126809694401906
a01,1,0.41226471587445424,0.41433219073621513
a01,1,0.3404714273271112,0.16838250517784303
a01,1,0.4497952041742085,0.17612215304250017
a01,1,0.7968073684942771,0.12290225629882866
a01,1,0.4030745794530112,0.3502209382031526
a01,1,0.6304571212258309,0.33567515237369294
a01,1,0.2799626447516442,0.6482783725216649
a01,1,0.23040024473998053,0.58764518511383
a01,1,0.43683140516473157,0.18225242325059307
a01,1,0.3349178175587465,0.7516329286263103
a01,1,0.20382860731947186,0.10955368408567003
a01,1,0.26023295152565223,0.5549860464468718
a01,1,0.24896491190733108,0.2156903342115322
a01,1,0.3726605582975257,0.24148357138509924
a01,1,0.28963806349998117,0.31806463654582634
a01,1,0.2738145115987164,0.6187079538892399
a01,1,0.2903312932986181,0.2748635190912676
a01,1,0.6280896015664716,0.2854720620999936
a01,1,0.23329602865762814,0.2082571164608535
a01,1,0.28548362997123927,0.5861188523297757
a01,1,0.2984900269818592,0.4592575958541325
a01,1,0.22618291855758724,0.0795788632531621
a01,1,0.5328656504307716,0.3398940854470933
a01,1,0.2161538116286858,0.4397155101205306
a01,1,0.3730720525903779,0.3387269979060048
a01,1,0.18483536603092177,0.622315628842421
a01,1,0.6060421712235594,0.7309700725929036
a01,1,0.509052891334397,0.5275619859625522
a01,1,0.15348424112109538,0.19113748347478884
a01,1,0.1336075821451166,0.7309527582734485
a01,1,0.3382440168448707,0.7065491269393342
a01,1,0.23581423351045905,0.690817972722129
a01,1,0.17829407635723765,0.6391113670906684
a01,1,0.20259816835253977,0.7616695540780729
a01,1,0.4718758474174481,0.45470910543012344
a01,1,0.2143028929739424,0.6708661896012892
a01,1,0.40787867930851723,0.2593924335288826
a01,1,0.35294135786476766,0.5189620305135215
a01,1,0.28157116019670203,0.49803854600741754
a01,1,0.2658569369362063,0.7669134526147499
a01,1,0.30846571091616315,0.6737864002066314
a01,1,0.42230663193458323,0.7255827790770819
a01,1,0.25656122581068097,0.8426519382833051
a01,1,0.2443235633941179,0.9030482909639826
a01,1,0.13768209469869128,0.39533477129319283
a01,1,0.13180643662911182,0.7467197551794615
a01,1,0.130021865748924,0.8142625643215488
a01,1,0.41904504363388806,0.4921877778251096
a01,1,0.20533164717163113,0.8505225366054121
a01,1,0.282489000434522,0.7212430582362336
a01,1,0.20262698989131428,0.9135489432611704
a01,1,0.27553528592163884,0.46337612725161886
a01,1,0.21830835733452778,0.8395981608184415
a01,1,0.4745900876617032,0.3898821776488374
a01,1,0.3420872746531821,0.8687980964346584
a01,1,0.17907740747115553,0.3754745886734758
a01,1,0.2327311463738442,0.1544621427718021
a01,1,0.7105399695993062,0.3127918890909022
a01,1,0.4674837123694755,0.9053314641844029
a01,1,0.2701033685454669,0.7346226261483201
a01,1,0.400418701047705,0.915003114397039
a01,1,0.2704982094067999,0.9494779577731312
a01,1,0.5921349789241359,0.8659192455041035
a01,1,0.48518942360255285,0.7838240308263676
a01,1,0.2780954770907404,0.811861623279168
a01,1,0.768285658041024,0.5477880161416738
a01,1,0.21188408018420318,0.6764265739440413
a01,1,0.4111507611955042,0.4463711244059083
a01,1,0.3095494891733221,0.7383050472324257
a01,1,0.3652890410527004,0.7778595356433012
a01,1,0.6907844917563203,0.2772898444037782
a01,1,0.3385270611053463,0.7974266512580419
a01,1,0.4422772053842242,0.9074037315020126
a01,1,0.40821866067077384,0.4800668881461828
a01,1,0.351610581085954,0.5177172507698036
a01,1,0.3013995193580557,0.9555300959375509
a01,1,0.27116510200803123,0.718871910526273
a01,1,0.8558141216635634,0.22324923591439658
a01,1,0.24328753825634766,0.9062971385535895
a01,1,0.2920798241271792,0.457652718539688
a01,1,0.8674836136442781,0.7907621110333949
a01,1,0.9706979972038083,0.8880042325538278
a01,1,0.9909131803864895,0.5643150348684259
a01,1,0.8829924331451756,0.6620309673053968
a01,1,0.6330088268811613,0.47342788915442713
a01,1,0.884295175145973,0.8918107557331904
a01,1,0.990415164886194,0.7600653003331057
a01,1,0.4664084806056145,0.619510333875309
a01,1,0.9862243014565265,0.7811523549150599
a01,1,0.721318188031793,0.6418098613012122
a01,1,0.14029300212014922,0.3770664897211422
a01,1,0.9207750812658235,0.6175837658422018
a01,1,0.3690270884853904,0.3096131848681775
a01,1,0.961769031871789,0.7309956556734656
a01,1,0.2406538113729999,0.7593641028609915
a01,1,0.46807806503628135,0.821372251632293
a01,1,0.9603932227609753,0.718796331247817
a01,1,0.8791598201042786,0.7346618247640947
a01,1,0.3643856793023545,0.675524943537896
a01,1,0.3683577280778636,0.3526009624923686
a01,1,0.4899839216948821,0.5800510255453305
a01,1,0.27106611709615663,0.07751438148850445
a01,1,0.8106081005077606,0.6245631452239079
a01,1,0.9983785879990648,0.27746755405469736
a01,0,0.307253307427142,0.6258205983713965
a01,0,0.5163894314810495,0.7695535205796695
a01,0,0.24686746499296172,0.7129243565343141
a01,0,0.18879744631710108,0.33925888436581664
a01,1,0.21341261028791514,0.3212038121352307
a01,1,0.5103790479601704,0.6605441032175432
a01,1,0.14808776521273778,0.2746131586363833
a01,1,0.28602841068007484,0.2906310440785838
a01,1,0.35672531997447754,0.4794394206387156
a01,1,0.3078754015421387,0.27230240958482294
a01,1,0.2893690190120486,0.37947313006644423
a01,1,0.35873998685034825,0.11814621078038137
a01,1,0.541617218094648,0.4202634048018208
a01,1,0.5578278066106598,0.4530645149744069
a01,1,0.21967853658806788,0.18069260972173384
a01,1,0.5633534070296045,0.37585699731324884
a01,1,0.45016223787126597,0.23864651081373559
a01,1,0.5390606560312831,0.2681459955447774
a01,1,0.5654874977901359,0.45449375154609817
a01,1,0.30707488520337894,0.3177353141909916
a01,1,0.2681423841904978,0.2857001809372882
a01,1,0.40725766151226034,0.23844635521724664
a01,1,0.13739406029922563,0.20014618569198472
a01,1,0.4482926661329538,0.1748454080627253
a01,1,0.46842865682687446,0.31405022428658963
a01,1,0.3875073938685615,0.6109426115594025
a01,1,0.5749353013281305,0.22996916990281535
a01,1,0.24599409908901143,0.6713134715141259
a01,1,0.22865682344512211,0.5990116687333771
a01,1,0.511194646869757,0.5191455949399153
a01,1,0.45276141925890806,0.375370710216162
a01,1,0.3100494379313285,0.21318139095424504
a01,1,0.3642169962654976,0.251911827334052
a01,1,0.25823021668748636,0.37966401930937055
a01,1,0.5146585203856543,0.3776984474966974
a01,1,0.4954049174199601,0.5441860223760009
a01,1,0.3692818418590315,0.42924581796823025
a01,1,0.4350747732858517,0.3958153505016268
a01,1,0.4543467721142431,0.4704277465501664
a01,1,0.24382963215615708,0.8903067351915356
a01,1,0.3290004845102161,0.5960875142303248
a01,1,0.36024532743284193,0.47119826476005694
a01,1,0.111002809141743,0.045377222066653816
a01,1,0.8212083498807147,0.4505484474173291
a01,1,0.8511964128396023,0.07902557477645211
a01,1,0.3158614078824172,0.5603978115256082
a01,1,0.28848412082106367,0.8856038794625085
a01,1,0.7915686398043372,0.36723545975265764
a01,1,0.33832538024868547,0.6578303050118441
a01,1,0.21439341015371932,0.30318085397064537
a01,1,0.5868992799972722,0.48630517702311665
a01,1,0.4442017463105751,0.26603272337607725
a01,1,0.3955910909205834,0.8041336483156796
a01,1,0.3187270717121068,0.4022319928555359
a01,1,0.5010524644195155,0.14124844459646568
a01,1,0.28965680858530823,0.7486353631544321
a01,1,0.28751766173321464,0.045425916121856834
a01,1,0.25448953297947524,0.7834570296348713
a01,1,0.24474186729081662,0.6393177879064149
a01,1,0.5392550989942421,0.5397991219695181
a01,1,0.5524691755365835,0.6624078194028652
a01,1,0.6107547688701689,0.8234648072013326
a01,1,0.5161067257365207,0.4368118152866127
a01,1,0.3607820918894775,0.8465949146498749
a01,1,0.4919433245936129,0.6579402810418138
a01,1,0.3647678336341192,0.34613204438397455
a01,1,0.34242039692446236,0.7126896300894036
a01,1,0.4436290164092228,0.9195736685843534
a01,1,0.18287307903050737,0.8900592963294688
a01,1,0.3181185639080591,0.9349183347442093
a01,1,0.37732549127813997,0.888168428017443
a01,1,0.6873578976787981,0.5907308174277078
a01,1,0.8647421420439201,0.8164410060168774
a01,1,0.2835500697991984,0.9364319248788127
a01,1,0.8480903835455501,0.9053922203981163
a01,1,0.48834175691393616,0.7324778686927673
a01,1,0.2719385140368013,0.5611133375866665
a01,1,0.39365072661123723,0.5666458898268604
a01,1,0.14107343907338935,0.7604403135419038
a01,1,0.9871722222122948,0.8602043970367065
a01,1,0.9490476610974827,0.3725300291976962
a01,1,0.6112807315797566,0.49739816849380714
a01,1,0.9764183362952064,0.27973056345258857
a01,1,0.9430320377916154,0.9385433348757852
a01,1,0.4312173917827798,0.09830182267582033
a01,1,0.9783810727759124,0.6419805789033011
a01,1,0.74272049319462,0.6047593535692627
a01,1,0.7569506843554694,0.8553096607560814
a01,1,0.8052048960812591,0.8851013889855928
a01,1,0.8706707596240331,0.7323535790932221
a01,1,0.48377176553389356,0.8915131626301368
a01,1,0.5067635502424223,0.37415124514790726
a01,1,0.26920418909737215,0.6761594179632618
a01,1,0.28881416647316976,0.3929684694953888
a01,1,0.958786300104748,0.7931254040067375
a01,1,0.3358199764373202,0.7029077240660802
a01,1,0.7255507698502955,0.920778265363985
a01,1,0.4699140571313469,0.939436938771192
a01,1,0.7019404302996197,0.2844984527740927
a01,1,0.624217188691143,0.9316712230392161
a01,1,0.8345906422950385,0.7973745537573943
a01,1,0.7460725195609818,0.25948252805380306
a01,1,0.12023763297361714,0.38062059068257065
a01,1,0.8009194402856957,0.3870356320721565
a01,1,0.7665501132330792,0.8384293784299677
a01,1,0.8879014538042821,0.8303429254763024
a01,1,0.8973962397113644,0.6492265426509054
a01,1,0.8253507120450346,0.5286341697664695
a01,1,0.4031055950303497,0.39626228387265955
a01,1,0.7083427279331909,0.43631309833471527
a01,1,0.13816209536539983,0.9388158729453568
a01,1,0.38369308779022865,0.8866336222644253
a01,1,0.43590224307355385,0.9079665494993372
a01,1,0.9064666488765433,0.918405966608291
a01,1,0.9326820422853969,0.9310414246368663
a01,1,0.9692086601585735,0.9553311840882572
a01,1,0.8286233046679858,0.7257212508222655
a01,1,0.6847907492848454,0.6876238408076463
a01,1,0.4944429682896877,0.7247316174479758
a01,1,0.7478612683317651,0.9196464934217599
a01,1,0.7708648959007335,0.9445514195451105
a01,1,0.3058894615769825,0.41403682913454887
a01,1,0.4524582167926877,0.9519246041132584
a01,1,0.738557289808424,0.26489603632555225
a01,1,0.9902731797694762,0.22007900276606243
a01,0,0.9023619471864124,0.29516752575441746
a01,0,0.1511843687683813,0.6584315851600221
a01,1,0.13637239363476983,0.8829346867357684
a01,1,0.36569621952671894,0.764714900543792
a01,1,0.4908331448601288,0.839897261629767
a01,1,0.22551358175664252,0.7110372653637599
a01,1,0.3085124344533906,0.8833660483108003
a01,1,0.1653034618144685,0.051800268237888754
a01,1,0.5154800862484235,0.35370873672093733
a01,1,0.5230185585012387,0.32211970207026414
a01,1,0.31959596820413383,0.2907256317635425
a01,1,0.2320942694196696,0.8363450753028153
a01,1,0.5647300777562674,0.2710729910832438
a01,1,0.5665511552407166,0.2839799243487628
a01,1,0.4302435728122578,0.36082605280718977
a01,1,0.1713970325718905,0.8744036032319864
a01,1,0.30678611292506003,0.6199300456758772
a01,1,0.3810068199725645,0.9001057896863272
a01,1,0.46116340272639317,0.8210273364277013
a01,1,0.6363479375124257,0.735455811523794
a01,1,0.23224429183978834,0.6958370113131022
a01,1,0.4536214521778416,0.9662720974795505
a01,1,0.3516958412803039,0.5445961557679401
a01,1,0.23878313997637451,0.5516733724827373
a01,1,0.38488974881292576,0.9658335263094557
a01,1,0.6155714386378968,0.915309987935354
a01,1,0.48186270465069586,0.20347075512211696
a01,1,0.37304337407615695,0.7718465125731275
a01,1,0.5209829516068974,0.8642062644687074
a01,1,0.49539565238794986,0.9083451558597154
a01,1,0.43522755112844835,0.10932196907081468
a01,1,0.3798545050249971,0.898212468718515
a01,1,0.5944141307123162,0.36293340992643347
a01,1,0.4156360921624839,0.31733119092004825
a01,1,0.4127711798125834,0.3291721682886314
a01,1,0.2770905953427436,0.7868058813282651
a01,1,0.5690959628721094,0.9426965912506443
a01,1,0.6024164164636087,0.9628859530248631
a01,1,0.7767263408573655,0.7492445343958376
a01,1,0.44188308505140617,0.9493408019859167
a01,1,0.24009285954977017,0.4806716312645433
a01,1,0.35669996670047566,0.7912089361958254
a01,1,0.8032442413544508,0.7534009045777754
a01,1,0.17514317608194607,0.7195042413791936
a01,1,0.291951489173108,0.7658365928564221
a01,1,0.39516553430822476,0.8169604502117611
a01,1,0.690791686708979,0.6043643674075829
a01,1,0.9722270242814778,0.0638571304734208
a01,1,0.8822798549507853,0.4879249904309929
a01,1,0.33442761249458763,0.8518556504210201
a01,1,0.27696528711534285,0.955370789564901
a01,1,0.15116334480448212,0.6303533133765906
a01,1,0.28333658358141195,0.8917296511085678
a01,1,0.2608774947189031,0.9322666074105258
a01,1,0.5325884228528257,0.6679407411086801
a01,1,0.7740539156723409,0.21556085933638355
a01,1,0.1832052143908389,0.942982290266976
a01,1,0.4790113860104342,0.5232154027858715
a01,1,0.33297074671044785,0.6330728650180771
a01,1,0.4675873564245752,0.6391134545255172
a01,1,0.33033765378088825,0.6235770321064156
a01,1,0.35478313521334387,0.2523249846280827
a01,1,0.17013623283727577,0.5462372215974534
a01,1,0.3080142886504127,0.6187118893971867
a01,1,0.2633761540162546,0.8761891519784837
a01,1,0.45512845144083375,0.4525057187827393
a01,1,0.17033520919550493,0.7089156298633554
a01,1,0.8174433454740565,0.5095869493741024
a01,1,0.6125319940238175,0.6492946907576888
a01,1,0.49740891811740623,0.78828108431129
a01,1,0.5142890957904863,0.750584703344108
a01,1,0.5160906987581877,0.6738159749732039
a01,1,0.3050826350315772,0.6259899201923255
a01,1,0.7135940823734298,0.5964935047443364
a01,1,0.35017287307671197,0.9055379051405942
a01,1,0.7150982257234497,0.5886384247080209
a01,1,0.800326712100629,0.8609392851675136
a01,1,0.4610946939216771,0.7084941082490395
a01,1,0.46058989711374443,0.8473692482231209
a01,1,0.620096521338764,0.5600860678621326
a01,1,0.8092511847597484,0.6431505919849432
a01,1,0.9092413476873688,0.1949983182249452
a01,1,0.356061335192023,0.8972314019166621
a01,1,0.16733279007320898,0.8520967439573339
a01,1,0.48530985420133604,0.9735094825483506
a01,1,0.4854141678137667,0.9673911513549973
a01,1,0.7225159400192966,0.8834651756289733
a01,1,0.7627204389268537,0.7991625488694568
a01,1,0.2221616113030995,0.3851575051991489
a01,1,0.5355875601448639,0.8891121448192346
a01,1,0.6738626163421869,0.7081564519319237
a01,1,0.6606156430796151,0.8995418429793833
a01,1,0.207163495091239,0.4878707097151502
a01,1,0.8281250518035019,0.8654870535677756
a01,1,0.42757770648374316,0.1705336189674293
a01,1,0.31810317633803553,0.7819272042693735
a01,1,0.8084116458531689,0.8647473492101874
a01,1,0.8771251458890225,0.8881456780408609
a01,1,0.9759846886848585,0.8411141947583326
a01,1,0.8450488317787939,0.9462586703525072
a01,1,0.8424487555818675,0.9327396233590827
a01,1,0.41462593994830527,0.9050741019272435
a01,1,0.7685368534608351,0.801837489724222
a01,1,0.7575605875889648,0.9166881375886858
a01,1,0.6948157298227171,0.42397261963017085
a01,1,0.9676056527269509,0.6050239105962552
a01,1,0.9223313214198632,0.7010067520601357
a01,1,0.9954490509581044,0.6227179375742153
a01,1,0.7811567456206469,0.5380993181796
a01,1,0.5569358768591635,0.9558815819664562
a01,1,0.3725088370554974,0.8782012847126734
a01,1,0.8029504941256704,0.8016942128281626
a01,1,0.5046131945197674,0.8928754382444473
a01,1,0.4972809260299354,0.7971046818567333
a01,1,0.6802613899754177,0.913183948527712
a01,1,0.7129235027311144,0.8245179601685781
a01,1,0.5530554088914077,0.813601751612438
a01,1,0.5772636104824165,0.08773974798896267
a01,1,0.5723762139347299,0.9039565948531894
a01,1,0.3469107267613973,0.39412669916941545
a01,1,0.6603556464433759,0.8192984218198989
a01,1,0.21730926022885774,0.3063806743486658
a01,1,0.8398850928243851,0.9519306031324558
a01,1,0.42241242995825357,0.832931790288037
a01,1,0.7517736027750086,0.6000917701758839
a01,1,0.7979926540452708,0.7281211217722049
a01,1,0.23510851240593741,0.8943639267787413
a01,1,0.3505016341371843,0.7162072861838442
a01,1,0.2862531566332113,0.8953480306606766
a01,1,0.21572003700093362,0.6296155801952903
a01,1,0.3598715687189901,0.902550698763535
a01,1,0.426726089874517,0.582338936264514
a01,1,0.990166201814737,0.13846597149739165
a01,1,0.10531861568268024,0.7108474583644914
a01,1,0.2408193823784312,0.28238228480642324
a01,1,0.3789142277097926,0.9119758011120537
a01,1,0.7471531504330553,0.23363615884130357
a02,0,0.1563052206321836,0.004553638037249111
a02,0,0.18816719118249658,0.00355268832599125
a02,0,0.1760003241103994,0.03350798052095756
a02,0,0.2146282798446001,0.045842388044861154
a02,0,0.7743971135442008,0.0849962442448256
a02,0,0.5515768923515512,0.24709435124137633
a02,0,0.4647450746265736,0.5700728527265245
a02,0,0.4459334259557731,0.061016551167856245
a02,0,0.2685428553176704,0.14434530874217108
a02,0,0.04772844855317987,0.007107117561884791
a02,0,0.11819719261720478,0.004871767967701142
a02,0,0.0916169401600522,0.07598700746333285
a02,0,0.14255576973958548,0.045570845070943666
a02,0,0.08532646273383851,0.010088879341886094
a02,0,0.14620113851019148,0.013439041540096895
a02,0,0.09479594345534582,0.013788053667496745
a02,0,0.04398570643246399,0.005239730174075202
a02,0,0.08815183714476567,0.002503971205227127
a02,0,0.20251240251790795,0.013352570375015292
a02,0,0.13673528927475107,0.022376332413294016
a02,0,0.06559793193050993,0.15438278202787636
a02,1,0.10435605888692609,0.044467804296661625
a02,1,0.2522261653780067,0.16350855754419918
a02,1,0.03917644743580799,0.06128192905109928
a02,1,0.13284262372153435,0.07907606131495848
a02,1,0.16615577946053764,0.3800768954607508
a02,1,0.11205383568170087,0.09845684872140022
a02,1,0.12447889553616466,0.1642798911252491
a02,1,0.128591831085979,0.041201535761988074
a02,1,0.06438427857358961,0.04164810553533997
a02,1,0.22918297807382929,0.08505096771384955
a02,1,0.10588559821689633,0.09294526487778265
a02,1,0.07290314284614097,0.03374113239662623
a02,1,0.26890417360164026,0.029749483457434556
a02,1,0.14272148241739793,0.09743664078970486
a02,1,0.1758777399925199,0.07939630699875024
a02,1,0.36224056580105707,0.09105563415487623
a02,1,0.4821872205306818,0.06465383456639082
a02,1,0.2282226950170062,0.3394208242399765
a02,1,0.2272213644214321,0.20837234074675035
a02,1,0.26968430367805424,0.056442777836942695
a02,1,0.17542614328270445,0.5540903333359243
a02,1,0.3305248236581282,0.20062449812957095
a02,1,0.46825610924082317,0.1724913181683988
a02,1,0.5236117117986094,0.024209150854094256
a02,1,0.06032289033571622,0.24266860849315033
a02,1,0.3157296517257806,0.026129636086865398
a02,1,0.5526641709428467,0.03657027223333363
a02,1,0.290254925324819,0.4241574140267126
a02,1,0.23366241245891745,0.5716764902747505
a02,1,0.325244211438947,0.06390263461916469
a02,1,0.21563493784466964,0.06617072636833608
a02,1,0.3543689655907016,0.05903445599958247
a02,1,0.13270048112875787,0.29050015666194934
a02,1,0.26589771927088673,0.02020760298594746
a02,1,0.3028225082030303,0.012516888132032607
a02,1,0.14557507179037696,0.02625635926032043
a02,1,0.31683088812438903,0.26945191912480376
a02,1,0.37577023448135927,0.6174392468790757
a02,1,0.3207807553917388,0.04071015322014384
a02,1,0.309206141262029,0.0026482978213273737
a02,1,0.5242333730629295,0.13306594347606082
a02,1,0.6948728926109954,0.05724590762269801
a02,1,0.45238732851138336,0.015956402237319384
a02,1,0.5604295130461378,0.03976947470447327
a02,1,0.5339136582103384,0.04651806104127193
a02,1,0.3105606869896339,0.07645848154349678
a02,1,0.3697625660435001,0.020893284927810077
a02,1,0.2972635896877411,0.033985060080764955
a02,1,0.16609179421591191,0.017445798530503324
a02,1,0.5479958263482118,0.04644867816807348
a02,1,0.34303010725297567,0.13100023357922233
a02,1,0.12710916445086867,0.17288855647526535
a02,1,0.43429388300284977,0.12652178885336451
a02,1,0.44568975596830296,0.03486721122497441
a02,1,0.3328081313207462,0.049205990691119555
a02,1,0.3313125771965318,0.010348532200955985
a02,1,0.5226766867463077,0.029609704265946092
a02,1,0.4933994070144702,0.0537332521261639
a02,1,0.2596918215695798,0.06585497453636659
a02,1,0.26968156021750156,0.0740564143994802
a02,1,0.21392253778289935,0.007544167104162459
a02,1,0.15562527932994713,0.07580195280068323
a02,1,0.19208974385644564,0.03698893365873454
a02,1,0.19380254527642896,0.13951441344015958
a02,1,0.4222104075543422,0.01547975851972389
a02,1,0.3148769097953217,0.007557527204378709
a02,1,0.3024522671549641,0.03580416302958994
a02,1,0.2111145131777207,0.016799136199776927
a02,1,0.3950351006925918,0.005801588772342649
a02,1,0.342035537303994,0.011435756534254075
a02,1,0.43136242014293713,0.0309430794394516
a02,1,0.22521101954214376,0.012049718353572969
a02,1,0.4089707489162085,0.027867840007539682
a02,1,0.18116467873816902,0.001834783876833774
a02,1,0.3734328625520883,0.007129020918203365
a02,1,0.49533689193881186,0.008166241256371094
a02,1,0.2589148049866562,0.024398372207997714
a02,1,0.37094741168455436,0.01161099120718861
a02,1,0.3442801923705064,0.024379863443471622
a02,1,0.11128851896663866,0.029301739629372745
a02,1,0.06891472098408405,0.006788479336538008
a02,1,0.3916307153458104,0.015346234823777604
a02,1,0.3919653068618108,0.06897353770478601
a02,1,0.12585134025034656,0.11355774130107438
a02,1,0.12704213320693927,0.015822381974287543
a02,1,0.3110046881666785,0.0596787664102796
a02,1,0.2160094322018582,0.06742816013577735
a02,1,0.04832131419531451,0.131311596222633
a02,1,0.1866691046225953,0.08450421692992162
a02,1,0.241568423691829,0.01765499966061772
a02,1,0.08018560998395242,0.058436014905419754
a02,1,0.10208399439484624,0.11619778545402308
a02,1,0.09559885153104807,0.06682917171917854
a02,1,0.06554006060279498,0.10009500374598405
a02,1,0.1744125201381757,0.2600833962482265
a02,1,0.07951234375643569,0.1374742158977097
a02,1,0.12366499680055486,0.14132100717950116
a02,1,0.09824846892010604,0.022142423649595053
a02,1,0.055070342829807065,0.038505293822930976
a02,1,0.12158871018773049,0.08180764830902601
a02,1,0.0416214592129424,0.05397289164042478
a02,1,0.04203891880563848,0.019231294512766027
a02,1,0.11287951895773662,0.02281517477874599
a02,1,0.07011570082403677,0.014911910701483441
a02,1,0.052506343734934534,0.014929548271901403
a02,1,0.08266521295366082,0.03966459516857765
a02,1,0.04770991861192383,0.040647806357847024
a02,1,0.051620574928481766,0.0781955498880121
a02,1,0.16404367941266224,0.04852108082312538
a02,0,0.2696622216323613,0.05672566544656584
a02,0,0.17007690418506063,0.3505824305629427
a02,0,0.08920882348385759,0.06165125588778158
a02,0,0.10016644350673336,0.018523030276471578
a02,0,0.11269915990480402,0.027920793669705943
a02,0,0.12811413536465538,0.00749336811374376
a02,0,0.13108322211320395,0.00955970690013932
a02,0,0.11413274756985312,0.020412829915002755
a02,0,0.1034307193194609,0.002415038120226741
a02,0,0.11341892406969281,0.005773819016279311
a02,0,0.1172497982516619,0.011813430116264187
a02,0,0.10959546070453395,0.010033965616690484
a02,0,0.1230711135565223,0.014557781493878885
a02,0,0.11648352539714411,0.009515082616584713
a02,0,0.14035675008856632,0.016437763922063565
a02,0,0.13089963360244872,0.012896199907684659
a02,0,0.10678528891588822,0.013820926541926702
a02,0,0.13860880621809304,0.009556535925355334
a02,0,0.11690348196201006,0.05392528648618631
a02,0,0.12996884115998492,0.008857097013491765
a02,0,0.12329796996545198,0.005661368633830428
a02,0,0.13098997864825318,0.0063498491290787575
a02,0,0.11347080701333631,0.011719130851940426
a02,0,0.11766096048263491,0.003388755130541607
a02,0,0.1244977179508078,0.0031605243447426793
a02,0,0.11983473235594287,0.004126498909612181
a02,0,0.15960090399381097,0.05823257587252217
a02,0,0.11685231517858803,0.014338746316211032
a02,0,0.1051059928053468,0.023530344304732633
a02,0,0.11680606638396367,0.053890261206200746
a02,0,0.12850043921985846,0.0059414952936509505
a02,0,0.13027631549256213,0.01858709065969816
a02,0,0.11520014111734406,0.00535918226211739
a02,0,0.17475757062552408,0.013585047890428192
a02,0,0.11495487731952259,0.003010594678667262
a02,0,0.1114085246897367,0.005860967948552186
a02,0,0.13256289257260587,0.00491091511976671
a02,0,0.11868009303512397,0.026716750498575425
a02,0,0.14115218782873384,0.011260057217368238
a02,0,0.12202304004606622,0.01124015103428234
a02,0,0.11870028006977933,0.01577130712890586
a02,0,0.09387052694704799,0.016546331784041565
a02,0,0.12110404391055161,0.02621964148770987
a02,0,0.08147661142255763,0.009546214632202163
a02,0,0.12949920038360582,0.07262781976762497
a02,0,0.1673000412732758,0.023539982449476016
a02,1,0.11164247679402219,0.02910445791503217
a02,1,0.10703445720262997,0.024814830323440503
a02,1,0.14848719427036508,0.060750536179568444
a02,1,0.10314250869106234,0.012251353153260936
a02,1,0.13346227324603774,0.036016750471931314
a02,1,0.2923241470458564,0.04166071402929901
a02,1,0.11693331854942188,0.09965516790574142
a02,1,0.058901165997861576,0.010328756883158936
a02,1,0.08893700348261359,0.014367857482271866
a02,1,0.06305043645501372,0.02201757807819156
a02,1,0.13539966698858916,0.06658526104005041
a02,1,0.09414853108347754,0.017094399715905845
a02,1,0.14447891670869706,0.029258002522724588
a02,1,0.0719598695947793,0.0032187781346298973
a02,1,0.0889257269053506,0.033334207183402444
a02,1,0.08231982055442745,0.0857037450760232
a02,1,0.11473218397896093,0.017502041970018353
a02,1,0.07162297505019409,0.005833944161108204
a02,1,0.10624004467537396,0.0791519232021162
a02,1,0.11165645842642201,0.03388933434530375
a02,1,0.08500768842021385,0.06352014904972197
a02,1,0.08920391692695745,0.04284275175266383
a02,1,0.05767031945436932,0.003316775947494647
a02,1,0.11083378932508657,0.018483372287429887
a02,1,0.06223145514914185,0.019842196168647012
a02,0,0.10075313111076893,0.023456373207209433
a02,0,0.28486994926636655,0.19734252636009178
a02,0,0.1518460585498785,0.01075341889008208
a02,0,0.11810296521233729,0.01831849509290089
a02,0,0.10661694165762937,0.04781532649671391
a02,0,0.08933844034166125,0.0182760130873559
a02,1,0.06797390794805983,0.04803902856257156
a02,1,0.2199871762849389,0.03184027135678553
a02,1,0.13560860322145715,0.015700149432384167
a02,1,0.1587257811789063,0.08224247430492278
a02,1,0.26336584643593713,0.020283764647206853
a02,1,0.07155358712578141,0.009770238568928767
a02,1,0.139863347244934,0.015515002180330157
a02,1,0.13317523702043532,0.00930496102146657
a02,1,0.15479840715917553,0.028496465349980026
a02,1,0.11707913925372807,0.017689042470088488
a02,1,0.28183512282081546,0.046465013677773184
a02,1,0.04582384116857782,0.004273742302530369
a02,1,0.06188203525050689,0.0020827295547852713
a02,1,0.11987056333023301,0.10091629339572827
a02,1,0.08099552196687868,0.04223055935409021
a02,1,0.4102069065697469,0.07715380944456271
a02,1,0.08369445067301907,0.04976461124315543
a02,1,0.11907048367506305,0.0020073270116359805
a02,1,0.36353201326212103,0.06742419835197402
a02,1,0.35052002893871786,0.4968763716706385
a02,1,0.17156434131785506,0.04505119718144284
a02,1,0.17247296657397362,0.053680617197330624
a02,1,0.23300085051261638,0.028335957379859746
a02,1,0.40952876502354557,0.31308675886268744
a02,1,0.16333014935410256,0.12253771430616778
a02,1,0.1254338505465975,0.038396325944938234
a02,1,0.14911996725690319,0.08055530953751061
a02,1,0.09973907071969744,0.10013111180541279
a02,1,0.07528585917348528,0.045191936500896826
a02,1,0.16674392661317924,0.1875086283762509
a02,1,0.14141622368100074,0.0910111467695815
a02,1,0.060814643240532,0.021471003899754787
a02,1,0.17467119259169353,0.08329850011096668
a02,1,0.05506735278310666,0.033297054646611354
a02,1,0.0829199121995746,0.1429682042869477
a02,1,0.0844012365227297,0.06816529785448847
a02,1,0.07962020983775896,0.019789712717419652
a02,1,0.0744390994874725,0.16855649443918977
a02,1,0.14193965878868472,0.07043773587799752
a02,1,0.041547685610595096,0.04258317477428969
a02,1,0.10632950388523464,0.10787194153369202
a02,1,0.07818795029021933,0.013851322931849055
a02,1,0.0953689185749718,0.012564257665190382
a02,1,0.07186921750800604,0.019227507367292306
a02,1,0.0570317915161714,0.004869465296148626
a02,1,0.13337161545919432,0.026724639962751758
a02,1,0.11335069045395778,0.0350075199869035
a02,1,0.05823250457996733,0.012965713031603739
a02,1,0.1047891886106636,0.020317858265351686
a02,1,0.04298046167127759,0.007680451225482404
a02,1,0.09643175098867586,0.01428960161888506
a02,1,0.2368482340658818,0.04795681696616575
a02,1,0.23197088424455056,0.061555728719969616
a02,1,0.12247776768675912,0.079625171669554
a02,1,0.17892418194557033,0.17235363937329434
a02,1,0.06308860870796625,0.20615546606824922
a02,1,0.15665129148135484,0.07407668310911174
a02,1,0.11343393018623404,0.04700379545829486
a02,1,0.14195269618336628,0.06099569992982526
a02,0,0.06268149796374423,0.023263276628185444
a02,0,0.0390478534717913,0.005260050346581617
a02,0,0.03440211972681553,0.02029434799842727
a02,0,0.12016460665721748,0.03769212844310513
a02,1,0.07323845934857513,0.018470724601797165
a02,1,0.09422861427068599,0.022532099606448808
a02,1,0.15421177467144645,0.07398143664445064
a02,1,0.142583105137713,0.06775634727582275
a02,1,0.11819323079492125,0.013987022176469762
a02,1,0.45130351985239475,0.03183552952436759
a02,1,0.32492884473807815,0.45412789749527915
a02,1,0.28309705683313463,0.4681337004985586
a02,1,0.15839016966675046,0.1641195717525243
a02,1,0.18951134424142335,0.06771524594887737
a02,1,0.2425811903408233,0.023987090354175757
a02,1,0.430575860583008,0.04490424281200906
a02,0,0.156343467042602,0.11033991018564804
a02,0,0.14413340180777315,0.05851655343801458
a02,0,0.2220042756264358,0.20950599676456927
a02,0,0.20388264643014034,0.12360994751963696
a02,0,0.08171497131070443,0.029455129462154027
a02,0,0.10375815677332945,0.028007525374475747
a02,1,0.06903667008341323,0.019183998935776644
a02,1,0.08157333735769712,0.02922513691247406
a02,1,0.06198755689507394,0.008241252125630694
a02,1,0.09754420942252247,0.045620438035601764
a02,1,0.09501655832108516,0.0577926735330248
a02,1,0.10046606784031621,0.03858357661983326
a02,1,0.1953006521304657,0.0644836760723078
a02,0,0.23050969561150803,0.05365679545790498
a02,0,0.2575738806356834,0.0988829747187802
a02,1,0.21600373048859406,0.3840950957899597
a02,1,0.22699658040984072,0.06050006472304484
a02,1,0.07143029215575146,0.011102922478678912
a02,1,0.05360000291308626,0.07353845777899604
a02,1,0.13388230097005133,0.18064212685375494
a02,1,0.18732570688128164,0.04020848254862269
a02,1,0.13587060660812847,0.12446656590082963
a02,1,0.08131734042767838,0.015390787559273892
a02,1,0.18927990359502211,0.07548924310995156
a02,1,0.21935761511389065,0.08095618932035903
a02,1,0.17169204903307,0.1387193546461888
a02,0,0.07915608915386121,0.03937134788564893
a02,0,0.05050415743106706,0.010560616310195947
a02,0,0.1530479054314801,0.031775426488133245
a02,0,0.1390991911596676,0.01849511872623116
a02,1,0.065670617452183,0.003865249236471038
a02,1,0.26016405390964675,0.2987495284276254
a02,1,0.24522821276018106,0.16479274429411334
a02,1,0.08252859844088874,0.10019772852575444
a02,1,0.16113464519289367,0.08398720821333919
a02,1,0.10440437949310508,0.0173763835115671
a02,1,0.1215332489761978,0.050497223735467736
a02,1,0.12479412208043571,0.03803178904645777
a02,1,0.14083877438759038,0.02263716198478574
a02,1,0.23871643997166855,0.026112185054249244
a02,1,0.13677855639665526,0.024507385754156903
a02,1,0.13674380109386258,0.018045818247941058
a02,1,0.2023478557629984,0.03670526580605735
a02,1,0.16670291335706752,0.15337026915085164
a02,0,0.07145682365450354,0.03302401120728076
a02,0,0.09163234897007952,0.027955514609226666
a02,0,0.1398682121570584,0.06668034439740637
a02,1,0.14435843910999993,0.0839580765408364
a02,1,0.11313329316691328,0.050267411092176875
a02,1,0.10216213491003787,0.10529071465706145
a02,1,0.11448379210693481,0.027688862743742174
a02,1,0.11649958724164691,0.07897807360606207
a02,1,0.07171615730759419,0.11524451405173296
a02,1,0.08210182904941017,0.02576471042999726
a02,1,0.11075092074533364,0.1714052612744621
a02,1,0.15561895822850072,0.16594123304391764
a02,1,0.06673033909691725,0.012500982100706224
a02,1,0.05760367278657485,0.05031786718943315
a02,1,0.12779527384225037,0.14346353905353382
a02,1,0.11853295949874328,0.072903103692735
a02,1,0.09325373264727191,0.02847406742768133
a02,1,0.1810616247886407,0.06728814480319403
a02,1,0.19214288932434925,0.09774519342545268
a02,1,0.210817732661554,0.048909882247565685
a02,1,0.0807626536498205,0.22277966112668604
a02,1,0.1354345328273305,0.046352132628500485
a02,1,0.16850080217522678,0.07449744439753615
a02,1,0.16390075797280204,0.06997383777258649
a02,1,0.12501569748617744,0.041842716129412066
a02,1,0.4010443820830403,0.042560795580980776
a02,1,0.06589465621495495,0.07239906455035398
a02,1,0.03847041653482484,0.018566216794679905
a02,1,0.053826637530487616,0.007278545558657413
a02,1,0.10776971992829457,0.21359929557106622
a02,1,0.10535504734567065,0.11323276895899892
a02,1,0.042352388022263245,0.014320602959145983
a02,1,0.208698877775056,0.0692084172758846
a02,1,0.3075496345687473,0.27979798628436836
a02,1,0.07075538858415588,0.07413876295727474
a02,1,0.086305195471931,0.05709684335165516
a02,1,0.08478038457271672,0.11965212566841285
a02,1,0.10538224026007442,0.14991395540118224
a02,1,0.10171639918451816,0.0265330905874087
a02,1,0.029438597262706374,0.08005643053426553
a02,1,0.10832211220790643,0.03611437174512616
a02,1,0.06699389064812752,0.10735641126258551
a02,1,0.06519647573036398,0.05010470056157911
a02,1,0.15588953552829726,0.04856833440998958
a02,1,0.14780521159146864,0.02203893769812954
a02,1,0.2078938439451639,0.05710296807975475
a02,1,0.067555141688157,0.03916722090108449
a02,1,0.0725593080148707,0.11954055037226337
a02,1,0.1288488173830802,0.0740964877844416
a02,1,0.08543396291103544,0.05327616055426723
a02,1,0.16686785797130962,0.04162033968756452
a02,1,0.06800839172992423,0.07089644283247443
a02,1,0.11545499361076095,0.06569695192239698
a02,1,0.0335678858894192,0.07681727779728964
a02,1,0.05675505026221499,0.021225218131805314
a02,1,0.23324651512133976,0.04613033477454421
a02,1,0.041756462224484016,0.06948565594036482
a02,1,0.11436958353757677,0.05576303141172204
a02,1,0.07010938647865403,0.13653110306207863
a02,1,0.05600778268833666,0.06046346337222964
a02,1,0.17022248300717688,0.05440274108612341
a02,1,0.1005411497409736,0.06313114291762653
a02,1,0.0883723918202263,0.07043672687010953
a02,0,0.1084674024492247,0.09263082113544285
a02,0,0.09396080910800478,0.14177832995030262
a02,0,0.26313996875515855,0.05476395864516765
a02,1,0.059989169545088664,0.02341261046014825
a02,1,0.26115595359774246,0.045991962111682036
a02,1,0.10337115654630212,0.0708027701557596
a02,1,0.07325142067303496,0.01779247847478358
a02,1,0.09431106824194403,0.033005402294914145
a02,1,0.1728866639759088,0.1303158865664086
a02,1,0.11612031044877162,0.17806288767148595
a02,1,0.08947740575080214,0.0272702164723804
a02,1,0.07369290839035186,0.0424806935113313
a02,1,0.163809872164707,0.036394235892086756
a02,1,0.18985573452780852,0.013537208919422715
a02,1,0.15558528944398353,0.04696644761456261
a02,1,0.27160007365649735,0.04774125908640638
a02,1,0.20426250443770755,0.13580431713162006
a02,1,0.4603910155171423,0.039642305404027106
a02,1,0.20433276028903485,0.14191638430784273
a02,1,0.21902883266694329,0.07274728563716643
a02,1,0.13834218523735456,0.05960990127051666
a02,1,0.20271880295373307,0.1173304509901922
a02,1,0.2008801274218936,0.02012356122520873
a02,1,0.21725149701337812,0.030632929205515604
a02,1,0.2175383237287558,0.15932417818708042
a02,1,0.1787079069511132,0.030207849854017442
a02,1,0.20186719071527023,0.10869685623539764
a02,1,0.28195137923455804,0.12196324185755515
a02,1,0.5029342248804046,0.6848755080192445
a02,1,0.2174416997345538,0.5803193885544925
a02,1,0.3474028231583634,0.07088858361013227
a02,1,0.26210906387437777,0.37382608065410045
a02,1,0.5175597403354844,0.7556539344969275
a02,1,0.16648070355418843,0.0960217843721894
a02,1,0.2242777929977558,0.13434179029415325
a02,1,0.2258411850598069,0.3037747071070339
a02,1,0.49511022129777243,0.8746414561968893
a02,1,0.21887121582287217,0.36272127153785455
a02,1,0.28855534611271394,0.2540268742138008
a02,1,0.5355669443685813,0.3010059500955291
a02,1,0.2730780210202489,0.013204549259467268
a02,1,0.6709156711937326,0.24633143739621263
a02,1,0.22991937390697265,0.057810144645104894
a02,0,0.10064037486051514,0.018535981512538033
a02,0,0.04011625834757928,0.008952764000351431
a02,0,0.08907274560369315,0.09531448679960763
a02,0,0.12569884637331186,0.06518431187655187
a02,1,0.03400507714199834,0.026326823658622916
a02,1,0.089219157826563,0.026869780900508972
a02,1,0.05799035127575346,0.020244776973892063
a02,1,0.04782350976178557,0.07429559181253663
a02,1,0.16166262337765094,0.3956097667809459
a02,1,0.1307940743103211,0.14975350280026697
a02,1,0.175363903113312,0.05681359320523212
a02,1,0.06133734043205596,0.13348781071931412
a02,1,0.11156997014673618,0.03146963788518435
a02,1,0.18339104996321065,0.19985596998174676
a02,1,0.04493414612825919,0.15159813072585981
a02,1,0.24106660053074816,0.2611311989057763
a02,1,0.13483161084858292,0.10334955099168615
a02,1,0.1324211571124088,0.024982798846220716
a02,1,0.3021871493365389,0.6196100758823264
a02,1,0.369011585851476,0.0638265028636826
a02,1,0.21681112683852058,0.1007863124708532
a02,1,0.14953475946143563,0.029844599337790854
a02,1,0.31554330029915983,0.15193597100833986
a02,1,0.6207955419972588,0.0576492925112199
a02,1,0.12182174036033679,0.04052945357073425
a02,1,0.0842283624628083,0.1366990101032176
a02,1,0.13550082080638348,0.13045574405878002
a02,1,0.10408864762474931,0.1638862548934868
a02,1,0.09163162050789604,0.06251999740996063
a02,1,0.20519460167415618,0.10126662523603987
a02,1,0.2862345139957858,0.3945022147111765
a02,1,0.3445339927496945,0.10577223442820145
a02,1,0.12504555516625881,0.10572167223213304
a02,1,0.04790355409309808,0.15176448648280574
a02,1,0.13627217771348643,0.08479201615126085
a02,1,0.06754602583109291,0.17089531725170476
a02,1,0.1809606517323192,0.15851205677243943
a02,1,0.47307198150859286,0.44852399005874594
a02,1,0.2296618972915933,0.024289791823141647
a02,1,0.15460600262104077,0.03374113558125338
a02,1,0.16904606505989536,0.10493922481783345
a02,1,0.270337376209531,0.12842520583662712
a02,1,0.13108258134533857,0.12223025599776204
a02,1,0.16513128743093858,0.048071518718706345
a02,1,0.07917161759382915,0.05645009816628157
a02,1,0.09946355500809098,0.12486817332355768
a02,1,0.0469631302412802,0.006011833124472777
a02,1,0.2781269314006394,0.05066411483386966
a02,1,0.0682128847566513,0.15080351655703886
a02,1,0.05934613696788979,0.4986349135767573
a02,1,0.14221730826907322,0.0272181349090911
a02,1,0.10517553511744705,0.014804051792605948
a02,1,0.06739393671580998,0.004872436840922077
a02,1,0.16728284995391862,0.053441106695463356
a02,1,0.1737348561849735,0.10453192593177309
a02,1,0.12422246401271912,0.2543742579459494
a02,1,0.17685188148903844,0.04481340694334375
a02,1,0.10583677797845809,0.02875143436694899
a02,1,0.10640326428679843,0.14035745379684772
a02,1,0.05884837573849483,0.00941512178644897
a02,1,0.08406826710904912,0.04935829368625968
a02,1,0.10208760200182573,0.1515862347877515
a02,1,0.21247656581785945,0.10783424520725059
a02,1,0.14413642544091362,0.0729964176730481
a02,1,0.19233948819385785,0.09118119421600769
a02,1,0.2918122599473972,0.05678394958744833
a02,1,0.43766021416794293,0.1705436594600462
a02,1,0.1691968571588951,0.06527083869021458
a02,0,0.05523679923306789,0.029687555219412808
a02,0,0.12181699102556671,0.02540439576510615
a02,0,0.047291133883727195,0.1487668767952711
a02,0,0.0409109921468664,0.01039839576778817
a02,0,0.07589502214954832,0.020175915609010095
a02,0,0.14620006480676767,0.03420560678488672
a02,0,0.17722828708036734,0.0953198221978107
a02,0,0.05905074167402491,0.03928329763248723
a02,0,0.44848946920937055,0.39210871931912195
a02,1,0.06848178171365872,0.030755741653974492
a02,1,0.12247642025174338,0.29956748577029707
a02,1,0.08316783856578928,0.03762011212385911
a02,1,0.15649723756159853,0.20248535502060222
a02,1,0.16494875815816695,0.11630922965296914
a02,1,0.08973696689154487,0.017042678895092048
a02,1,0.1165445888395517,0.09577715549345639
a02,1,0.13360013625683528,0.07385330668838111
a02,1,0.0978484646592466,0.03596872409000432
a02,1,0.05708890185248936,0.015232705248432676
a02,1,0.24805891424971918,0.04445955041957815
a02,1,0.39194612016063773,0.020250048621299577
a02,1,0.4175677953915489,0.07261966291721815
a02,1,0.20476223317695635,0.027086505239820327
a02,1,0.18912693667902888,0.09028954406676475
a02,1,0.271936946437325,0.45669159688091326
a02,1,0.10959391274069494,0.036093299939617
a02,1,0.266626763383261,0.0538097699637653
a02,1,0.40701505161089374,0.13858847931961268
a03,0,0.7040869076900396,0.4619347506986275
a03,0,0.46937062422604064,0.8850836658613666
a03,0,0.3428746058164175,0.390937843882534
a03,0,0.47821400048732726,0.6348860250329976
a03,0,0.5851910105607612,0.9237991280937708
a03,0,0.5347838372258246,0.4970658995272775
a03,0,0.4878404266106814,0.38787969093160973
a03,0,0.5117946872625968,0.8964072726931225
a03,0,0.4728086930406597,0.8100960165802226
a03,0,0.5811344898550482,0.8671779137081759
a03,0,0.3827196181626297,0.7848139100144027
a03,0,0.5699598461984533,0.7853237215726898
a03,0,0.6172931329093718,0.9039108434464231
a03,1,0.5340187412168116,0.7336206553315368
a03,1,0.5224553979888441,0.9318165296608182
a03,1,0.726953584250184,0.5865680609088292
a03,1,0.7365671912931157,0.8092150554713807
a03,1,0.9257256503581673,0.7688054105008987
a03,1,0.7747826213703392,0.7361469979100539
a03,1,0.6903988291767092,0.7538301266028711
a03,1,0.6970582383296102,0.6026842220849294
a03,1,0.9857080110845163,0.5407924180689009
a03,1,0.7333765842117315,0.8138924062439226
a03,1,0.7823722491568389,0.7377347246315495
a03,1,0.9114524033033035,0.6775177924996633
a03,1,0.851556130293108,0.7565009236288489
a03,1,0.9373976568702601,0.7113448778037444
a03,1,0.9143653779099207,0.692038519101206
a03,1,0.8838576185243937,0.737675588006229
a03,1,0.8916744202639442,0.7000798583282688
a03,1,0.6895668042699865,0.5871375555852248
a03,1,0.833955594607866,0.5010618670938969
a03,1,0.8454817203912147,0.6095784117058285
a03,1,0.8591233785632184,0.6433198752906034
a03,1,0.934838871187443,0.7257274137325086
a03,1,0.7181470898533664,0.42050121552311576
a03,1,0.9537314532021388,0.7744426300680173
a03,1,0.8725595618551039,0.6464775352735194
a03,1,0.8868171694535534,0.5817201852545865
a03,1,0.8863883864386334,0.3845379293793747
a03,1,0.9117309170421678,0.5968342877744135
a03,1,0.8450483100638233,0.789990039845427
a03,1,0.9516461254419026,0.6658988807889679
a03,1,0.94687999745933,0.46473697601087965
a03,1,0.7130381831374217,0.7519816065468287
a03,1,0.841099256432981,0.5932335539365438
a03,1,0.9313869376819095,0.7036484574199903
a03,1,0.920406110031379,0.6645717984046524
a03,1,0.9457691840610515,0.8151567176259386
a03,1,0.9345550941779422,0.6633701422838486
a03,1,0.9140281677377821,0.6384337114104548
a03,1,0.909610368505237,0.8096566542229908
a03,1,0.8405064399156374,0.6318582494092069
a03,1,0.9531141875156817,0.5724256485517301
a03,1,0.7794629319032839,0.6146751938451617
a03,1,0.7010899179253955,0.7195499598131255
a03,1,0.9031708903617711,0.825864292046063
a03,1,0.7887955734772507,0.563745946419453
a03,1,0.9094244004050624,0.6522993402053218
a03,1,0.985018432150795,0.6265866940445146
a03,0,0.3956104015049956,0.7159252955900554
a03,0,0.30479796951982996,0.4219666668893941
a03,0,0.38850760155010433,0.8077245352076401
a03,0,0.3022452720510874,0.8288068141400299
a03,0,0.3896091006339339,0.5084668519748926
a03,0,0.37216064915380836,0.14802973945294118
a03,0,0.4884613908190651,0.7257798363452062
a03,0,0.37230404492449903,0.7202992862114999
a03,0,0.24531312504238703,0.006304826356292134
a03,0,0.4620934025983863,0.4125072365459701
a03,0,0.21170473392997294,0.019668745220090156
a03,0,0.15497765906552619,0.0019659458417969435
a03,0,0.1873608301366023,0.0551182612797925
a03,0,0.6490852388146291,0.6945722322528751
a03,0,0.6581964102743075,0.2518749247891158
a03,0,0.5266726807460826,0.3470138953097451
a03,0,0.4110458222496841,0.28069130179972773
a03,0,0.40612713548960666,0.26855595567861007
a03,0,0.7073191644857947,0.31573259156637795
a03,0,0.406340226684944,0.17457687428288649
a03,0,0.186833416200952,0.03731739204780981
a03,0,0.7731205809794288,0.40549140617629326
a03,0,0.6687850129499282,0.6628601843619154
a03,0,0.6311190596472603,0.44057267331094074
a03,0,0.5563029012331113,0.4161052269904982
a03,0,0.6523890817262235,0.7363598909720187
a03,0,0.6354896657944131,0.7377017035231296
a03,0,0.6874422012309898,0.3574883002060751
a03,0,0.20694557373472544,0.016067304251120948
a03,0,0.26593257566879985,0.23445537482315137
a03,0,0.5389339358109585,0.7342716852157591
a03,0,0.2581641930529211,0.06561999471462694
a03,0,0.25807855087619014,0.21601398212201944
a03,0,0.251267909481748,0.18121338176001825
a03,0,0.23847244195627418,0.3889580076764114
a03,0,0.5439086114575697,0.6324551741195172
a03,0,0.24979860055502834,0.10341546181145504
a03,0,0.31545442563944526,0.43652490984567205
a03,0,0.20501906773919096,0.04538668118890074
a03,0,0.2707863692859547,0.09300535329272347
a03,0,0.38571708816875006,0.6839174119640351
a03,0,0.6624547769529148,0.7493417717937813
a03,0,0.391341373998037,0.4963530351975877
a03,0,0.33847309156133293,0.1543213576351542
a03,0,0.8446752082427084,0.7193895328486545
a03,1,0.7656555462592964,0.761400939436686
a03,1,0.8234891910137597,0.7230752552142269
a03,1,0.5406234882589357,0.6911069240695605
a03,1,0.9673352819430378,0.7809615359484796
a03,1,0.7929062985802433,0.6933614404314642
a03,1,0.8034006519429183,0.8428241184528059
a03,1,0.8193169983088501,0.8095890786147241
a03,1,0.8822651977840735,0.7542822110020582
a03,1,0.8893950253345067,0.7378956544852283
a03,1,0.8938264298958817,0.47044279291037217
a03,1,0.8240426364246755,0.7192267781797127
a03,1,0.7147312698495351,0.7473416105884088
a03,1,0.9528907995911358,0.5967617667974344
a03,1,0.8357906535266376,0.7214487642716036
a03,1,0.876543872710437,0.6881699406615104
a03,1,0.9211992855986976,0.4978962926303226
a03,1,0.7797886986635525,0.7420384506132135
a03,1,0.9380157999007177,0.7437481863908343
a03,1,0.8820502719299205,0.7163204968324182
a03,1,0.9606398615932427,0.6487637550014898
a03,1,0.8931064270523084,0.8100384573205358
a03,1,0.9589327382911893,0.8148424372066916
a03,1,0.9373079566909314,0.8057914016719814
a03,1,0.9448760423202298,0.8254903800069338
a03,1,0.8968361514923946,0.7126884698843882
a03,1,0.8875032230485438,0.7423356037732881
a03,1,0.9353625613665341,0.8971961599060634
a03,1,0.8987197392239886,0.45864202766616397
a03,1,0.7405210997442306,0.7442637201155144
a03,1,0.8547395990764409,0.676125461805706
a03,1,0.6823262559857259,0.829976073226957
a03,1,0.8104600674828433,0.27633189830252614
a03,1,0.7853851318086055,0.835260799992702
a03,1,0.6648850770086555,0.4710022835688517
a03,1,0.8611260786784466,0.49431166943450444
a03,1,0.8668231384130348,0.618561157019773
a03,1,0.7764370045987957,0.7762952175230501
a03,1,0.776685237943522,0.7197584280326194
a03,1,0.8639662717648414,0.7305917890406031
a03,1,0.7165567749764454,0.5894122298055615
a03,1,0.70886139475502,0.6485943028392657
a03,1,0.871618130595437,0.3745207423571364
a03,0,0.3767792646692988,0.6721783319819898
a03,0,0.3425258351884093,0.6610891688048675
a03,0,0.26078373016140216,0.12365195823652575
a03,0,0.22984544762387893,0.12989355664035698
a03,0,0.3059018040844677,0.037579516995205564
a03,0,0.2180007382734864,0.13953833328775564
a03,0,0.6142908936197214,0.34856662762936746
a03,0,0.26554026297953326,0.09548345793105739
a03,0,0.25790575914215697,0.006083452658925129
a03,0,0.28012482366649716,0.01544362188571565
a03,0,0.5058173179311726,0.40090061938913435
a03,0,0.25171394353047355,0.01319741667908836
a03,0,0.25513812989087525,0.01792609191567092
a03,0,0.2873938877946334,0.018544502955003032
a03,0,0.30050631557385443,0.03047507134946838
a03,0,0.21863523806455123,0.015256042320225439
a03,0,0.26017115272894203,0.007883682854446504
a03,0,0.19350405849812755,0.06499814757406074
a03,0,0.3249287912233246,0.03978392003351029
a03,0,0.3171916325796047,0.05154321909681023
a03,0,0.257652606621825,0.01365060594356401
a03,0,0.24743752857588083,0.0056938373071401165
a03,0,0.306599185524858,0.03237037788539857
a03,0,0.2136754246443979,0.038440618751557715
a03,0,0.24600249488286902,0.014713270674983082
a03,0,0.3239343085547702,0.11059255822359854
a03,0,0.19211054719081888,0.1106461530355599
a03,0,0.22670366758613725,0.025936636046965597
a03,0,0.2517214337019188,0.01953741398728814
a03,0,0.2338581376045891,0.048275254746368526
a03,0,0.24872723922146794,0.008931541969589021
a03,0,0.25619506029723255,0.023415887563333602
a03,0,0.22096723695947532,0.006566018892347096
a03,0,0.2622960318154396,0.008001929467399747
a03,0,0.2728649432585276,0.017566657470899957
a03,0,0.23994155136144893,0.04532681398957304
a03,0,0.23889887890538933,0.011405443998107188
a03,0,0.4517167078323616,0.367705019363905
a03,0,0.26809172314579455,0.081898987814081
a03,1,0.8540761821026633,0.3093168849873494
a03,1,0.8180249053086875,0.6325434380860803
a03,1,0.631085233950702,0.7292408802627848
a03,1,0.866082196990115,0.6075650866782768
a03,1,0.887362472245849,0.8296945075246897
a03,1,0.8670194242321474,0.5237667100724224
a03,1,0.9825723204924681,0.6610611839157399
a03,1,0.8992973928982357,0.7449792996317369
a03,1,0.8486570359830048,0.8713828208749679
a03,1,0.9000052769557251,0.6793345992087754
a03,1,0.8413890368712708,0.6495126881172347
a03,1,0.9070382908446581,0.5862823080097379
a03,1,0.8070326555699276,0.6336492290503682
a03,1,0.8400917694739788,0.6912591576565333
a03,1,0.9336414881726799,0.7945286661318016
a03,1,0.8837168375441729,0.8758435004631931
a03,1,0.9168663093823477,0.4120388940698035
a03,1,0.7929305387576507,0.38692860834129017
a03,1,0.8362200141778914,0.6131345547844101
a03,1,0.8393161042785735,0.6668779789306102
a03,1,0.8362523859745753,0.40185886568430235
a03,1,0.9581544100395178,0.8535111748791414
a03,1,0.6324763375078659,0.7519028101677587
a03,1,0.7368557770861193,0.6550417220253689
a03,1,0.7220864229995233,0.6024339753044272
a03,1,0.818089602131352,0.7497879256718574
a03,1,0.9611080560450628,0.5672884542756096
a03,1,0.891940982954962,0.9157347512606153
a03,1,0.8874543284618777,0.8653078760054769
a03,1,0.6897275494138928,0.5523516645209178
a03,1,0.9718071033002753,0.591388154012755
a03,1,0.7121225953684843,0.846903888853789
a03,1,0.776625642334579,0.649875878226022
a03,1,0.7366162919773005,0.9010259335847389
a03,1,0.8974298354857699,0.6939341291033352
a03,1,0.8977027377508731,0.6349517584116997
a03,1,0.7458460876641039,0.2937782314323681
a03,1,0.9161950606818926,0.4969482769572997
a03,1,0.8295144572343437,0.5043290028631512
a03,1,0.8476402276022065,0.9142671249963473
a03,1,0.7243303790251712,0.4705732960970085
a03,1,0.4458555239780188,0.46984528763972855
a03,1,0.928722953931479,0.5003625187724352
a03,0,0.7849421402756045,0.3902899401479726
a03,0,0.5451308783542905,0.2233805161631156
a03,0,0.2673342018159494,0.1870586029351408
a03,0,0.251743930756255,0.04849561286773852
a03,0,0.4103309915816283,0.12482233954235597
a03,0,0.7893930372200716,0.7467604309124962
a03,0,0.691880964756716,0.5274345170232748
a03,0,0.4873912430478626,0.7339453532467428
a03,0,0.5465490808613723,0.5995909597938481
a03,0,0.4836651248133241,0.6364082221558275
a03,0,0.40024625532696906,0.7777179516596887
a03,1,0.6556528705481498,0.899315625447982
a03,1,0.7000887105400502,0.9239167237993543
a03,1,0.5753219732302794,0.7899347963651192
a03,1,0.8118152388033173,0.8429682048736062
a03,1,0.5492364071350442,0.9324670664017628
a03,1,0.6914744422674001,0.6926195705172107
a03,1,0.7930312384043675,0.5659016097275577
a03,1,0.6395009864899103,0.7969010375820668
a03,1,0.7385026984897508,0.8127120273060008
a03,1,0.7749988973307412,0.5121222134749785
a03,1,0.8784357126951197,0.49305485419380324
a03,1,0.8476885365125227,0.48573325937542094
a03,1,0.9144777999413921,0.7960502952423065
a03,1,0.8531460779868029,0.8523780900338368
a03,1,0.9466471965777373,0.5125362746643118
a03,1,0.9364346227109356,0.5312856418836976
a03,1,0.8150868746932317,0.44936940840635187
a03,1,0.8968186385722932,0.5292253662460455
a03,0,0.6992819855578899,0.6680843743397316
a03,0,0.7448978553636539,0.41592182417817214
a03,0,0.6039391430827343,0.38998851663013867
a03,0,0.7387423685294013,0.7716954167792031
a03,0,0.7582245855888681,0.5746728285876223
a03,0,0.5862475529866009,0.8230181435023406
a03,0,0.5467966554240776,0.6909386123603822
a03,0,0.2869331069671769,0.04057936557928206
a03,0,0.5451518995035212,0.6933598182354941
a03,0,0.3285059320911136,0.21354750560832947
a03,0,0.32874981139849524,0.45229455031838794
a03,0,0.33719214474150394,0.2652090312099613
a03,0,0.6236218462170805,0.5396764688025376
a03,0,0.5285175797435813,0.7712350132596973
a03,0,0.5168367413062186,0.8560408576363747
a03,0,0.3069078208620697,0.03597327043424139
a03,0,0.30463200062174167,0.1435297145839522
a03,0,0.268839499429416,0.08037654144114126
a03,0,0.26761071212684495,0.15523682129331168
a03,0,0.3230245701497973,0.26884307841287064
a03,0,0.2889107819982785,0.051407049721681836
a03,0,0.6931091463323417,0.6218217233079322
a03,0,0.7045936908065721,0.6003623937678441
a03,0,0.4210380426828249,0.6732702456680026
a03,0,0.447702058807992,0.5440510086655999
a03,0,0.7251284418588239,0.754257677268895
a03,0,0.27021474228635084,0.12718562343075365
a03,0,0.5562895636430514,0.7310235625312956
a03,0,0.6052892410356769,0.5216642302968109
a03,0,0.40798726033216814,0.31051340573968284
a03,0,0.49534274832673253,0.7854710970853658
a03,0,0.7508668957963229,0.7218367377004749
a03,1,0.7425423920322378,0.6902214606145486
a03,1,0.7405297848794853,0.733794370703352
a03,1,0.8982299596969436,0.8717763293413486
a03,1,0.8291633849477554,0.5202846505358938
a03,1,0.9361390154798181,0.7986938460483315
a03,1,0.929918882276566,0.7876263257397894
a03,1,0.832777224167814,0.7240371383199459
a03,1,0.6936092164451024,0.8031104839160745
a03,1,0.939229440759846,0.8519310146607451
a03,1,0.907769136335725,0.5862041991734446
a03,1,0.8021980451541495,0.8621703303181969
a03,1,0.9932410955128164,0.7639451002909431
a03,1,0.9923926400916728,0.74226884462427
a03,0,0.6455482413317131,0.739233419102078
a03,0,0.6343042926274653,0.4094046559949488
a03,0,0.30324272647334305,0.15940254725575212
a03,0,0.14478784515913914,0.014209249879388682
a03,0,0.20200798032187692,0.01574007084891629
a03,0,0.1687648326259713,0.021554216505431496
a03,0,0.4369789100534185,0.5694952574566057
a03,0,0.465990642232829,0.4540672756373562
a03,0,0.19985331095950568,0.006907908953221611
a03,0,0.15756800077123137,0.007100213581716515
a03,0,0.18574949656008483,0.005237811394311004
a03,0,0.48390647817096594,0.4203100572511896
a03,0,0.22987276434081408,0.07531507266642765
a03,0,0.16604556907849435,0.012484375388562332
a03,0,0.35476541871113737,0.2879480475208441
a03,0,0.25792065078589077,0.15314096773533747
a03,0,0.18852052694501892,0.15962102397454267
a03,0,0.27261652210470844,0.23094504639226
a03,0,0.7237743466737433,0.4122621161530825
a03,0,0.8510939873705198,0.5677365784020629
a03,0,0.4528396350877194,0.3989063202137165
a03,0,0.34563005194867846,0.3206311973424911
a03,0,0.4496847829586435,0.1502046217225649
a03,0,0.26666100853199143,0.06083202420951785
a03,0,0.2877402326428729,0.08329348806433585
a03,0,0.20142926271176032,0.04118981811665475
a03,0,0.21526870198919543,0.027556592444615644
a03,0,0.22067837832613527,0.05899390345616907
a03,0,0.281887602858279,0.09832521709770896
a03,0,0.31506414745865985,0.13143281572991383
a03,0,0.2114364226190816,0.014851109155147176
a03,0,0.20835306148996247,0.019270615332964824
a03,0,0.22076207995874678,0.027205023174859868
a03,0,0.2626707449360937,0.15750594657842856
a03,0,0.24114849787943213,0.0834756173035345
a03,0,0.2554438303109091,0.08526575099646105
a03,0,0.18238891848874425,0.05705369331743128
a03,0,0.32694851378556644,0.3250997086958307
a03,0,0.5729987051746525,0.15870446968292395
a03,0,0.2646979492046536,0.14840404659947173
a03,0,0.18379780744288593,0.1600469081540763
a03,0,0.2032168029890623,0.007405584098434306
a03,0,0.18443797030018114,0.012563484596248876
a03,0,0.36996885236821897,0.2027090154192454
a03,1,0.5922726840158953,0.6927581380901272
a03,1,0.766406877099098,0.7611638333862509
a03,1,0.9179285828118265,0.7911269530779653
a03,1,0.9026560665330695,0.7888330010053554
a03,1,0.9593806500396569,0.468150111868225
a03,1,0.6489104108319897,0.6337075692387822
a03,0,0.4278240795007352,0.5516401379418199
a03,0,0.5223584744800895,0.6405205178681566
a03,0,0.19672981635956327,0.012582582904671985
a03,0,0.5345819548716773,0.6440145305349549
a03,0,0.3246197563404868,0.2238033460052054
a03,0,0.3791005124715418,0.6330492222039756
a03,0,0.26090249484925926,0.03625744354142574
a03,0,0.3399191867380103,0.0736607474715159
a03,0,0.5632925195748237,0.3590285045026582
a03,0,0.42745975655217144,0.13072669098699405
a03,0,0.9737519940846887,0.7443249249719016
a03,0,0.810553113527588,0.4285131738704912
a03,0,0.39689184044489406,0.3137192617292388
a03,0,0.4915456590106108,0.6379645338499609
a03,0,0.831903787198115,0.3164261914087051
a03,0,0.8838077596114615,0.5243974015561137
a03,0,0.3189890371519424,0.39963329419652
a03,0,0.5501439433643781,0.37269633509473366
a03,0,0.3626113330491002,0.45155320414866257
a03,0,0.44701432259599033,0.31413466990386957
a03,0,0.8290634609740374,0.27529918235883505
a03,0,0.791116529754965,0.6833113964130162
a03,0,0.8943444012385144,0.6615296880249804
a03,0,0.6943516305341527,0.47881085643671534
a03,0,0.4318555128080743,0.7650710937769294
a03,0,0.9112833848091998,0.4543124614395739
a03,0,0.7966150492837145,0.5890092824976112
a03,0,0.6265581078312514,0.6866331465240539
a03,0,0.5621828304367528,0.799632802877548
a03,0,0.2426334599639736,0.039048702975089646
a03,0,0.15040609486396544,0.05372868923975626
a03,0,0.9702562066080135,0.329420926650875
a03,1,0.7450193356625359,0.6728244416198997
a03,1,0.8026350295760544,0.6678353502699736
a03,1,0.7824908016431317,0.8546127759245132
a03,1,0.7906253934400764,0.411830359795796
a03,1,0.8427859317959088,0.7481599928325494
a03,1,0.8106727144719488,0.48249597214170437
a03,1,0.9064540204966347,0.885550749747046
a03,1,0.7453940732348368,0.8016165641770543
a03,1,0.9312346757179129,0.8707112762386618
a03,1,0.9094704111671604,0.5680164585165897
a03,1,0.8376212053664462,0.727520528190143
a03,1,0.9347906649039822,0.9017177857052874
a03,1,0.7390739886888342,0.6964963527531988
a03,1,0.7134931420898523,0.6916154443732079
a03,1,0.9200052757559609,0.8999753805931554
a03,1,0.8535718916172753,0.4286718143655418
a03,1,0.5594213247410877,0.6497862377656198
a03,1,0.961436991105892,0.25876053665998194
a03,1,0.6355799601733233,0.7737878238102093
a03,1,0.6833926328354778,0.7495833230825744
a03,1,0.6008631669449368,0.7760929924699131
a03,0,0.307149293184726,0.15865234612147114
a03,0,0.32367287186432414,0.39244507631430164
a03,0,0.16700492231101416,0.064827349558713
a03,0,0.20442357210986387,0.012262473029698545
a03,0,0.6915645938689562,0.48485178328482875
a03,1,0.6855095032930731,0.6035754975327765
a03,1,0.6652603019026732,0.7928200847859799
a03,1,0.5902640641894605,0.8648076889451086
a03,1,0.8863553411965657,0.5714255534887246
a03,1,0.8421588953674009,0.7166623154618021
a03,1,0.4552518872846565,0.2604628847509813
a03,0,0.3668642885546467,0.28351071759904417
a03,0,0.25410878727939373,0.09281260375337401
a03,0,0.19873752293915867,0.15309620454018866
a03,0,0.23360368751126992,0.05846186719606199
a03,0,0.473457769574964,0.7860046868908263
a03,0,0.1860352179895127,0.11017586350681514
a03,0,0.6554874415683771,0.828553119169159
a03,0,0.3153137600486612,0.11452616665798834
a03,0,0.528641613637754,0.4538835379184666
a03,0,0.8465225547379714,0.5967360875917702
a03,1,0.7270738020115889,0.7988395834365561
a03,1,0.8369278260419682,0.7042840332450165
a03,1,0.7925016368586443,0.8158777553932494
a03,1,0.7682074012115401,0.5047007197096832
a03,1,0.840740860141788,0.4029502165710613
a03,1,0.920933306571102,0.8778913053239318
a03,1,0.9546012280269174,0.7255313299220464
a03,1,0.7279660474259462,0.9699145070390027
a03,1,0.5805976811788943,0.38414059793846006
a03,1,0.9278026288504639,0.3689894209509439
a03,1,0.9468590257847257,0.3363417510238749
a03,1,0.8817962924211737,0.39472005246385927
a03,1,0.77260672036724,0.7497208192817011
a03,1,0.7057887644062626,0.4933998005257711
a03,1,0.6479979960085994,0.7840432912504793
a03,1,0.5090131440113876,0.8176207444404153
a03,0,0.5012097399847986,0.7249303700098534
a03,0,0.48654437510525084,0.2167205706881631
a03,0,0.5698898467969212,0.6876231137282789
a03,0,0.2187351842620545,0.039269907558448384
a03,0,0.1990882949311386,0.00970315248918706
a03,0,0.25735761199991114,0.1312675299257488
a03,0,0.18722601185393484,0.16073528945110827
a03,0,0.4508220360585158,0.3317871553164288
a03,0,0.23284118860242903,0.08565177543717473
a03,0,0.1784183212341735,0.03322122398773165
a03,0,0.1832800680139769,0.08103068273647493
a03,0,0.4980688935486602,0.6299930951831627
a03,0,0.46061983929424544,0.3085932727336763
a03,0,0.23066276614984674,0.0580416363104634
a03,0,0.3253481102669754,0.6321065132244694
a03,0,0.2077038935856312,0.09205755645718042
a03,0,0.3577700988244979,0.2922425640544964
a03,0,0.22774068287787336,0.06272873735460438
a03,0,0.28535122169726923,0.17876231619112506
a03,0,0.6706964019480937,0.22960928251987758
a03,0,0.47247152084620325,0.2458509298937437
a03,0,0.23030153545978604,0.04901288267986878
a03,0,0.24774131429155913,0.1437762703398643
a03,0,0.49073202398806204,0.30209155852588354
a03,0,0.2664992228170398,0.13472296489247965
a03,0,0.4397825503658538,0.376343688587737
a03,0,0.9099763276222408,0.595896333253854
a03,1,0.552080463330947,0.8030875577872683
a03,1,0.8412631353456049,0.7194615776894443
a03,1,0.9032104465127273,0.47538183308576376
a03,1,0.9584120525085514,0.813688912012907
a03,1,0.6769380574814733,0.7534643094498183
a03,1,0.8603093565308091,0.7222447503810558
a03,1,0.9642520200671453,0.8672590526506734
a03,1,0.8129874295685204,0.6247954891268764
a03,1,0.6920984901836612,0.6758986004014551
a03,1,0.880116812978576,0.49644184475299574
a03,1,0.7687491524371444,0.8713268919324665
a03,1,0.8365619903077567,0.5738158304762219
a03,1,0.9239517266443842,0.7448289358740071
a03,1,0.9850719779843078,0.664985037029843
a03,1,0.8146352455195554,0.6617388138371965
a03,1,0.8989303220549026,0.6884493606633922
a03,1,0.8995686232139842,0.7201702886432331
a03,1,0.9240756437620173,0.6026770619776797
a03,1,0.7970705477569366,0.8064977720104447
a03,1,0.7248024741737671,0.6260479693080118
a03,1,0.7588982652274538,0.7257796986296793
a03,1,0.3889398766812135,0.8178942311775856
a03,0,0.28257503130186395,0.03062706553602166
a03,0,0.18429043377855125,0.022405443424079352
a03,0,0.3641268754355561,0.20945239606505067
a03,0,0.17644788474501702,0.025820571188929275
a03,0,0.3360882576306388,0.32059865658342485
a03,0,0.5263893380734309,0.376531814306162
a03,0,0.23159967245350457,0.09199198323031336
a03,0,0.5643954129582669,0.1244535128929008
a03,0,0.6693920156981255,0.5240040623445138
a03,0,0.698269829539582,0.466023204492789
a03,0,0.2498130302723989,0.11677619621056073
a03,0,0.9206201221372101,0.6919556147420454
a03,0,0.5864698074467501,0.7015980941753015
a03,0,0.319352155120007,0.22901072340650136
a03,0,0.7478597737527835,0.5749937769790598
a03,1,0.8681614174562304,0.6652793570484468
a03,1,0.7846722240591829,0.572481454475073
a03,1,0.6496130322641903,0.6104158816828803
a03,1,0.9091482597545562,0.6714639551178319
a03,1,0.9169547681503006,0.697324263902288
a03,1,0.377374574146114,0.613276296519002
a03,1,0.8440017577541324,0.7256647544585669
a03,1,0.8855501171036728,0.4873349010178827
a03,1,0.8775817127311921,0.22044560931628865
a03,1,0.9197961636924216,0.8508067992650323
a03,1,0.9794092105703105,0.6223367139305686
a03,1,0.6034403827599539,0.9109822004414441
a04,0,0.12148091301945292,0.04873068706112006
a04,0,0.14254126149594915,0.0019606609487579285
a04,0,0.2884546143050129,0.9038853842542615
a04,0,0.2913961786990553,0.11222267981913407
a04,0,0.18471686890777436,0.009810362524250058
a04,0,0.16371200671109137,0.12098125243453028
a04,0,0.19625173516595298,0.13075597383036763
a04,0,0.16843012738088978,0.004090973703498153
a04,0,0.20451350168757415,0.07012312325703109
a04,0,0.2396345873842439,0.1627144121138214
a04,0,0.1883449658341248,0.004855055927402561
a04,0,0.3738527143402441,0.05670007855567675
a04,0,0.23043695435060188,0.02370096523376456
a04,0,0.6662804506991682,0.4638351710404994
a04,0,0.29491394596203363,0.3384428125685508
a04,0,0.23059205613471714,0.03339150777156911
a04,0,0.20672157461538535,0.006159594857750963
a04,0,0.23766824778861076,0.0546549628805447
a04,0,0.1678979347091899,0.0036911747765924654
a04,0,0.21982214500798547,0.2096748184126699
a04,0,0.19333464280308787,0.013367599921464095
a04,0,0.1423948052426953,0.03161168652897986
a04,0,0.21092202701348672,0.010621938145005004
a04,0,0.18848462746543063,0.01163298682412567
a04,0,0.20213899128073282,0.011630972275075977
a04,0,0.207525302936785,0.33592831785926086
a04,0,0.22632146041909115,0.030021182796721117
a04,0,0.24161963982988915,0.6897928507882869
a04,0,0.39739368628089056,0.4414944244843641
a04,0,0.25205623646855707,0.07960603499099128
a04,0,0.24561865348411122,0.027411928977644277
a04,0,0.3771159056262148,0.15979170489198913
a04,0,0.2314967553456793,0.014221270555442684
a04,0,0.23677261251844062,0.009398171536890147
a04,0,0.28501228945297713,0.4012088591450909
a04,1,0.6613684301986117,0.589695217931993
a04,1,0.38240948881969383,0.06359531178440886
a04,1,0.33188015631248047,0.5728574025319062
a04,1,0.2930212405113526,0.24503548032021377
a04,1,0.4190674302308373,0.7792270849394959
a04,1,0.452195097562445,0.7826815443076638
a04,1,0.4941434749346782,0.8244202243915988
a04,1,0.5427139619181462,0.7747134948543836
a04,1,0.43394745914109645,0.567265807583797
a04,1,0.4004006874162482,0.46366313311071755
a04,1,0.49807338115402366,0.7700417714960766
a04,1,0.6263849824448152,0.9135379928063994
a04,1,0.5961543886322669,0.8598454194717774
a04,1,0.457463182548476,0.8583937019161594
a04,1,0.44027074555341195,0.6756536772157157
a04,1,0.39484655433706295,0.7152654788928496
a04,1,0.4380684029316219,0.8410346405221661
a04,1,0.28398123761189026,0.5908596657274438
a04,1,0.36435587325137875,0.5266765838403336
a04,1,0.3196185411610341,0.3696984132952123
a04,1,0.4484843988862924,0.7446786649017269
a04,1,0.4180306447794151,0.774054858223227
a04,1,0.4750559193422951,0.7095182675767147
a04,1,0.4040040632556304,0.8170402382208015
a04,1,0.3650660045588998,0.7752880283007164
a04,1,0.35550808915796855,0.8248744935432785
a04,1,0.5214600530150756,0.7411473895171468
a04,1,0.5168789913695767,0.8220387302352233
a04,1,0.3561589633705899,0.7087580897101887
a04,1,0.4502794165312534,0.6549856663715099
a04,1,0.5576204208390086,0.8392237540893569
a04,1,0.2532316768476497,0.42537941612413804
a04,1,0.554999316600992,0.887142981454184
a04,1,0.27372567761287336,0.687165170453378
a04,1,0.4908823423751909,0.807213722378459
a04,1,0.5739114755807311,0.8739272991449797
a04,1,0.4525408924632035,0.8063976263144612
a04,1,0.45261841022178245,0.8311776264073973
a04,1,0.29915004204536716,0.6498031788087276
a04,1,0.24240341453631267,0.2964502523280931
a04,1,0.585924176035465,0.8989924573466771
a04,1,0.6571776861299645,0.7756628756502353
a04,1,0.5062912438362472,0.7333977672676866
a04,1,0.49422399027534375,0.8095420670438046
a04,1,0.4510488891810828,0.7708006720166422
a04,1,0.5470852208236573,0.748085431789118
a04,1,0.47306416754684877,0.8231238607591709
a04,1,0.3443218163121207,0.5797096218862186
a04,1,0.45744117560950937,0.799214713507043
a04,1,0.3745505613843224,0.837958759013705
a04,1,0.43110412818074173,0.6331300171881927
a04,1,0.3512920468070127,0.4169881262210133
a04,1,0.4857406931282841,0.753491253769447
a04,1,0.4566339122341588,0.7582242646115867
a04,1,0.6706678342396362,0.7206693501791198
a04,1,0.5101551416378362,0.8361793458096262
a04,1,0.4652895326821916,0.5710659238546301
a04,1,0.5794500504928486,0.9381934560274566
a04,1,0.47763332393308067,0.7449371157138255
a04,1,0.3579093976187818,0.5994737435899017
a04,1,0.48307794024580564,0.8510085504081853
a04,1,0.615020184177748,0.7326614781639158
a04,1,0.5131940999892897,0.6357980125242907
a04,1,0.6044344364568358,0.7448599982924407
a04,1,0.6463230861328877,0.2995691694749092
a04,1,0.44469866452351886,0.7968631883771138
a04,1,0.6024362649467009,0.8866457624914887
a04,1,0.559235967695744,0.8430598182780501
a04,1,0.5846865908287556,0.7179373842853503
a04,1,0.5942898846590878,0.7577318690291894
a04,1,0.6631351235686964,0.8478602554924487
a04,1,0.4535376468373382,0.4560302113158612
a04,1,0.5782786244480932,0.7480907363854513
a04,1,0.5643864949119374,0.7328437403744673
a04,1,0.5934326550149113,0.7650467057434474
a04,1,0.6022966788648939,0.7556210442469303
a04,1,0.4546975891900385,0.8239127770809627
a04,1,0.5890489393441635,0.5244715847176461
a04,1,0.5574100314758729,0.8813789839333891
a04,1,0.6272952702774077,0.801389760048981
a04,1,0.5964947363461637,0.923479841276885
a04,1,0.4572715118259486,0.6937140099473171
a04,1,0.5020153919756858,0.6758095503490065
a04,1,0.5381858759114694,0.744106695277295
a04,1,0.36718737097400117,0.5784888703152512
a04,1,0.44624201988353596,0.7587361194069787
a04,1,0.6699908180024485,0.7323898000208963
a04,1,0.6321295478303898,0.5981316333621522
a04,1,0.6462152863310715,0.767171796266644
a04,1,0.5321267256358801,0.7497688323277771
a04,1,0.5583069854629084,0.7707553168417517
a04,1,0.5337616387830874,0.6737986582891704
a04,1,0.5524678405291426,0.7563055250555292
a04,1,0.6323429853300624,0.8706280219109318
a04,1,0.6183776853949895,0.6045229710926515
a04,1,0.6265415323418756,0.8098314852713979
a04,1,0.545107179743539,0.7401702252452956
a04,1,0.4067369788125975,0.6795442571929071
a04,1,0.4799195786310089,0.7901451461406291
a04,1,0.6591873812856581,0.8283874898884248
a04,1,0.5417016893423549,0.7903548412320704
a04,1,0.5103171052779074,0.6831105061557005
a04,1,0.5081893217907346,0.7567888531906316
a04,1,0.5754906504587783,0.8782807467525312
a04,1,0.3903064605426343,0.6106365395902121
a04,1,0.5476349255024349,0.8223694046274042
a04,1,0.6188354126871003,0.5838243167600331
a04,1,0.550973220267831,0.8400367976301094
a04,1,0.47218424952466487,0.8408900096334417
a04,1,0.4340542900477132,0.5808079001071984
a04,1,0.6245507501113536,0.8726083419748627
a04,1,0.6166061479165729,0.8410675814804421
a04,1,0.5986262608480541,0.8035957681927282
a04,1,0.5468053775730012,0.8860777387778922
a04,1,0.5160153119443947,0.8402849024299166
a04,1,0.8330930003427441,0.7362025476986813
a04,1,0.7788419239507518,0.7241399211328101
a04,1,0.6071218356090948,0.6471174815662135
a04,1,0.7892504150544334,0.8864058609955506
a04,1,0.6422812896605268,0.6376505661628239
a04,1,0.8115782348873463,0.7787924656361933
a04,1,0.5068187125980858,0.8287600043818579
a04,1,0.667938947147136,0.805110143070791
a04,1,0.42455331788036943,0.452764612475034
a04,1,0.6315453946496008,0.9091889382952211
a04,1,0.6110885884447289,0.6617272553365361
a04,1,0.5500118850712999,0.772955296080143
a04,1,0.4988814085191067,0.7714412969330156
a04,1,0.439557415390954,0.6102696448815704
a04,1,0.4018471528810344,0.2695481047276723
a04,1,0.4896021926194937,0.5742762431564405
a04,1,0.46062941616970454,0.5298851934284008
a04,1,0.4959330006941948,0.8087113442300269
a04,1,0.4428894586706299,0.7535590952159104
a04,1,0.6239951702423493,0.8157082963284412
a04,1,0.5868172871958969,0.6632384267757331
a04,1,0.4517656427494579,0.7486000697838573
a04,1,0.5247719419450922,0.6734031651449356
a04,1,0.5356104973445265,0.8421499676981195
a04,1,0.4838459285222243,0.7322909470749702
a04,0,0.34880503647846084,0.4459148766850128
a04,0,0.41552589838772697,0.4979287182918065
a04,1,0.5217618553526551,0.789841676801917
a04,1,0.3916189285085922,0.7309290832916853
a04,1,0.4842245970924723,0.7451906813556762
a04,1,0.39297281411034635,0.4766436356744462
a04,1,0.38909758958949253,0.6512736566958136
a04,1,0.5489955209785319,0.8960525684922148
a04,1,0.4083290867559823,0.6148232872428642
a04,1,0.5140859623983683,0.8582282776935873
a04,1,0.38924530704537064,0.6775710020828837
a04,1,0.528636036859739,0.7000899435459903
a04,1,0.3990548581058038,0.4980096859369817
a04,1,0.5821269424538815,0.8110201694396912
a04,1,0.42545927240088244,0.6421570473962027
a04,1,0.5527587044530711,0.840255026023348
a04,1,0.5306783901739545,0.8013712349970492
a04,1,0.5483590866543624,0.6530194113746701
a04,1,0.5732412880913118,0.6864017081269136
a04,1,0.5652545057438303,0.8847035327731156
a04,1,0.6429748080314933,0.7796506920752532
a04,1,0.6411181413256705,0.7935392207966532
a04,1,0.5304077180339514,0.7745465597770281
a04,1,0.5364572132295033,0.6350034225863341
a04,1,0.574075767867919,0.8092216422146364
a04,1,0.4756258740300146,0.7910510910434129
a04,1,0.4349846441206743,0.41827639095917496
a04,1,0.47692399146610903,0.6064901949392584
a04,1,0.5706011785225605,0.7701498960525923
a04,1,0.7082735718805786,0.8265620447890429
a04,1,0.4283251157344999,0.7099881062640276
a04,1,0.5317606199271685,0.9124837782347276
a04,1,0.5240258960922135,0.6150685017474303
a04,1,0.6355263610716273,0.8289766008044271
a04,1,0.647436756994011,0.8832017077870172
a04,1,0.7009616707664567,0.875351755253902
a04,1,0.5681535839209877,0.6824676127058528
a04,1,0.6996041381027024,0.8605507977131829
a04,1,0.5246511058206987,0.7297524501552763
a04,1,0.5718786361037074,0.6526056293585116
a04,1,0.5829257796896192,0.8819980368494992
a04,1,0.5855170198034355,0.6773074914996199
a04,1,0.38848838251456563,0.8042629986448071
a04,1,0.6035998697410793,0.920482195103072
a04,1,0.3008591579321048,0.6459388955820375
a04,1,0.3687441759433112,0.7074260572449881
a04,1,0.33955400467438424,0.679791375702079
a04,1,0.3214149533592952,0.44127289516181223
a04,1,0.6181863514068614,0.8478823375705905
a04,1,0.4372440522461584,0.7266417236724021
a04,1,0.6143210319633816,0.7801916521602067
a04,1,0.70221955595787,0.7498416378151366
a04,1,0.5769557744382475,0.3287700674055284
a04,1,0.6916353840779604,0.7898653452965394
a04,1,0.4148060900849128,0.790499982150508
a04,1,0.6072585186841333,0.5113438372701684
a04,1,0.6360419003450548,0.8492094871360131
a04,1,0.49062651718012573,0.6810469441498658
a04,1,0.6883126793391168,0.9035944097880274
a04,1,0.6855182234281245,0.9324415123076026
a04,1,0.3892454355937202,0.752799313862477
a04,1,0.6594826204470158,0.851378462609185
a04,1,0.5875936885913079,0.7948673346168608
a04,1,0.6464302276405478,0.8623961514161149
a04,1,0.6904324412033152,0.7195702093662325
a04,1,0.551258504987396,0.7461150070888547
a04,1,0.5597623819997445,0.7057800617984225
a04,1,0.5357400214237322,0.867111573638864
a04,1,0.6240988587751956,0.7674409810367924
a04,1,0.6712148990458039,0.6599091888169651
a04,1,0.5309437931287051,0.7539486848175787
a04,1,0.6704079107434114,0.8534269291961295
a04,1,0.5215147712037388,0.6791425626815645
a04,1,0.7007353518457944,0.7327675721745436
a04,1,0.5137188181402375,0.3711304847272135
a04,1,0.5836162983261632,0.9121976861872227
a04,1,0.5079594602806976,0.5998257839778625
a04,1,0.5476135473105035,0.8634565467266172
a04,1,0.6110776935972106,0.8180736797661612
a04,1,0.45089712565577994,0.7445979510820558
a04,1,0.6638517782753929,0.938434307899647
a04,1,0.5137538020345094,0.7447630655751789
a04,1,0.3778583915030348,0.7445233951554585
a04,1,0.46368338811977117,0.75014363997833
a04,1,0.672804357472126,0.8104723259174446
a04,1,0.5868986109233296,0.6866939264286452
a04,1,0.9126309362882847,0.9062301863603356
a04,1,0.5529542536909878,0.8605760924789894
a04,1,0.7668495838966586,0.8802829934316247
a04,1,0.6631102333905409,0.6203722983152008
a04,1,0.6997161530796028,0.8401580267307491
a04,1,0.844201080587144,0.9355594894298247
a04,1,0.8264463983851483,0.9390140842476853
a04,1,0.7681809881292944,0.9135772165263576
a04,1,0.8608210472540387,0.9610840838276878
a04,1,0.6909481230537153,0.7996939815064146
a04,1,0.7839171328469758,0.9658226959121985
a04,1,0.7679211686343352,0.9018925423356894
a04,1,0.7505297369107007,0.8740598018964605
a04,1,0.7654647112328119,0.9314811446844686
a04,1,0.840954464669695,0.9235455805754668
a04,1,0.34665334958338495,0.17660929234118938
a04,1,0.4800972777020971,0.6923649471165748
a04,1,0.6328473029905127,0.7066244842432037
a04,1,0.5432554286445358,0.5660398328579399
a04,1,0.615944188092448,0.6047815135304274
a04,1,0.5692303657457345,0.8241253949123001
a04,1,0.6676500973768544,0.8310894193259514
a04,1,0.6152952239563462,0.7336978181344315
a04,1,0.480216687217315,0.5193261406987176
a04,1,0.5972729738834078,0.8346956601338412
a04,1,0.5354471896768842,0.5535956868222855
a04,1,0.5176887268277686,0.8472235341381973
a04,1,0.6136991739045455,0.8903650863311015
a04,1,0.7229630403300463,0.7673190439105921
a04,1,0.743664851537628,0.9051238409578385
a04,1,0.6864943860720927,0.8588388182086741
a04,1,0.5999034702325821,0.6318217020408053
a04,1,0.7034029739587728,0.8901927712511816
a04,1,0.6463932237707611,0.9408393894363796
a04,1,0.6937147906072295,0.8616453835403333
a04,1,0.6400698053048516,0.7910909746098853
a04,1,0.7583647554774658,0.6213311823669817
a04,1,0.6731740040078892,0.7905812667337524
a04,1,0.5781192929814395,0.7893828618699512
a04,1,0.6813718020118507,0.8643453410205486
a04,1,0.7743003408803805,0.8660221591296314
a04,1,0.6538735241319568,0.863907480089237
a04,1,0.6042936661845326,0.8019251900636095
a04,1,0.6142263730368065,0.8479452427530763
a04,1,0.6682903189648485,0.7193377970957087
a04,1,0.460800239060954,0.6663810804211909
a04,1,0.4253377582602351,0.8604367599711941
a04,1,0.5433808586422542,0.8011645157604192
a04,1,0.6656507774345075,0.9127222672251669
a04,1,0.5215049341324782,0.7423286091745377
a04,1,0.5727133988080987,0.80671259731314
a04,1,0.522103854361653,0.5960074997855941
a04,1,0.6260629112942085,0.8156933753401797
a04,1,0.7004790557038143,0.8902547435829653
a04,1,0.7137693523163022,0.9070618377192561
a04,1,0.721056665925783,0.788485814671414
a04,1,0.4980653145013472,0.686614671012623
a04,1,0.715559644714056,0.88006000736839
a04,1,0.6483369888017882,0.6615191630047629
a04,1,0.39580476429803196,0.5133483222140358
a04,1,0.4395360084457252,0.6142829405418282
a04,1,0.4861963187795077,0.8199762432883697
a04,1,0.4627777027399738,0.7434203428871179
a04,1,0.5040846897045582,0.9490515901089224
a04,1,0.25897310268237583,0.5618339035625454
a04,1,0.663709806127174,0.8914502262494733
a04,1,0.4764338369538577,0.5855151458080344
a04,1,0.9257289926016355,0.6879395948621035
a04,1,0.46088142364143075,0.7934016741236944
a04,1,0.6318584255353699,0.7716241468678535
a04,1,0.5165413313348698,0.6994800269310686
a04,1,0.5625003306813311,0.61564494167255
a04,1,0.4376522200066286,0.6520908619244374
a04,1,0.5141277910238812,0.8311590641184717
a04,1,0.44510092078150154,0.5479402378929195
a04,1,0.5216263803499562,0.7601380517081886
a04,1,0.5294697607852431,0.9477014678347296
a04,1,0.5929243290326377,0.7786166924704476
a04,1,0.5362536357984309,0.773762585495496
a04,1,0.4811695993553965,0.6654130814096676
a04,1,0.5036431808257822,0.7801737407341213
a04,1,0.509267152766982,0.8044144612009966
a04,1,0.547547049357075,0.8368705019199365
a04,1,0.4498183093473036,0.739764101674955
a04,1,0.4684282266765401,0.647614216287975
a04,1,0.609702331542034,0.6387810267756171
a04,1,0.5414979253042402,0.7372223948981363
a04,1,0.4883796035476141,0.41769621705025106
a04,1,0.5169099695130225,0.7673017643464028
a04,1,0.6222274623937664,0.9304720082188072
a04,1,0.721659355530853,0.7750737794200871
a04,1,0.5873877546111241,0.5382716006862346
a04,1,0.6955307763042063,0.8931236739246785
a04,1,0.5785708621061684,0.9085459410098436
a04,1,0.4931005244694115,0.7656384498022526
a04,1,0.6147989908715642,0.8712190934426595
a04,1,0.6091826197054125,0.719910082661519
a04,1,0.6856797508362253,0.8904295125620612
a04,1,0.544728308203199,0.8093505618501714
a04,1,0.4793272812775396,0.741625291688305
a04,1,0.6693704448560026,0.8624061646916912
a04,1,0.5453301650237129,0.8053793737138704
a04,1,0.5612398511820093,0.7626010431993463
a04,1,0.6610946693936759,0.7757035176648698
a04,1,0.592464333766293,0.8975775266579491
a04,1,0.4937225720202119,0.616197896041349
a04,1,0.5876879230795881,0.8628350217062496
a04,1,0.4327045108155226,0.6334232033495399
a04,1,0.447899582878392,0.6446715302937746
a04,1,0.5955514744961437,0.8535189764981786
a04,1,0.6093973052435573,0.8697442440155412
a04,1,0.6360556576279496,0.9426999675993187
a04,1,0.4578808682024219,0.6655807500050647
a04,1,0.5926981310628607,0.9180856509522023
a04,1,0.690688697088414,0.8769487440403209
a04,1,0.6369800491307768,0.8932278998595832
a04,1,0.5405521540851745,0.7735598204589149
a04,1,0.503398419871574,0.8650197700790037
a04,1,0.4569095138911201,0.5987370441812881
a04,1,0.41270344317423624,0.7881174836403705
a04,1,0.6885475253061014,0.8960236512361904
a04,1,0.5981350942126876,0.7417923688997167
a04,1,0.6981374942922425,0.9199123561041677
a04,1,0.6460476182049222,0.9421296937256134
a04,1,0.6086767865454016,0.9046209511313146
a04,1,0.5876277158556611,0.8419595645314994
a04,1,0.522640642907794,0.775042639067114
a04,1,0.43991551131347034,0.6856251677650329
a04,1,0.7488404825082511,0.9556725844054555
a04,1,0.6835969576624906,0.9851046565128366
a04,1,0.6269397997215742,0.916705077905114
a04,1,0.7489809591936828,0.8435324088191134
a04,1,0.6971929681091026,0.8011952498204594
a04,1,0.8048593361235643,0.7850443421589823
a04,1,0.7794454231679044,0.8742886501154342
a04,1,0.628139387007921,0.8231302545065151
a04,1,0.7067748261708479,0.5426144457332237
a04,1,0.5997967099998283,0.7452462031226532
a04,1,0.6024710750609409,0.813226321005418
a04,1,0.6010092522410925,0.8365954590218384
a04,1,0.7906817405881977,0.9040902220076973
a04,1,0.4588491002364271,0.5748954829085835
a04,1,0.5981175480145395,0.7619573422421025
a04,1,0.6140201081927188,0.7675490985045923
a04,1,0.7234355403837346,0.9570841871145949
a04,1,0.8076120679133937,0.8540204468689466
a04,1,0.5020311505890209,0.5857108290697062
a04,1,0.5700153654469969,0.8961989944726692
a04,1,0.4968155840928135,0.8839438988273605
a04,1,0.4001764402936377,0.17238253317476063
a04,1,0.3782790732370197,0.13897911160772075
a04,1,0.3460834289008952,0.4898849694132849
a04,1,0.4721566641643674,0.6477602772190315
a04,1,0.436164044352954,0.7339168803160654
a04,1,0.5372576558469067,0.728363849833879
a04,1,0.570491280100405,0.833881072881716
a04,1,0.44013441428225925,0.7603779290356707
a04,1,0.5993910073996752,0.9034469152661978
a04,1,0.5236077138647659,0.7602245761041155
a04,1,0.3621068757490296,0.43593168168527213
a04,1,0.5843299456561556,0.9625734045979568
a04,1,0.2743246943215962,0.500691379229014
a04,1,0.5017945381620004,0.8001227039222394
a04,1,0.5342826956661718,0.8902597289896962
a04,1,0.3901984599932533,0.5607904977039979
a04,1,0.6990971246835758,0.950558302960756
a04,1,0.4740903808520787,0.815615410303351
a04,1,0.5606773388914318,0.7044664668209154
a04,1,0.6160326034158923,0.909306636351991
a04,1,0.5480120593714223,0.8661381256490805
a04,1,0.6718488236336375,0.8564682587863572
a04,1,0.7921664030446175,0.7904359507450804
a04,1,0.6977918833897963,0.8479000754416718
a04,1,0.6307122463108801,0.9646550634048443
a04,1,0.6646317383657012,0.9467743451039278
a04,1,0.6315175806861506,0.6847400243486406
a04,1,0.4530665322193921,0.6277539486750201
a04,1,0.6908411226698205,0.8900773577550712
a04,1,0.41108308466189697,0.6920360427191796
a04,1,0.6343421290089911,0.8896603087413646
a04,1,0.23756129432274417,0.7489623496659266
a04,1,0.7018811351337328,0.8540439650959376
a04,1,0.522424936858866,0.8079918609233688
a04,1,0.5828286966402307,0.7310910878432118
a04,1,0.6015862044016748,0.7242917522160957
a04,1,0.43348608765249985,0.902426918852939
a04,1,0.6325937539989465,0.8585929485665792
a04,1,0.614810521793595,0.8972178646770234
a04,1,0.7516391819878078,0.9034351192914706
a04,1,0.5585375532239679,0.5359868413371082
a04,1,0.4501697703043925,0.7660962315728869
a04,1,0.6640698642408825,0.8195700746794151
a04,1,0.47116954974583697,0.43203450821653316
a04,1,0.5858283998885806,0.7884213623311159
a04,1,0.3932288971951348,0.7335257859068977
a04,1,0.9560201202997144,0.8411402808795015
a04,1,0.5663165560280304,0.8196290688910762
a04,1,0.5238746649080699,0.6572394327472794
a04,1,0.8674296235705183,0.8558021888242886
a04,1,0.5377012538427386,0.7884235403702
a04,1,0.5967830487335561,0.8102199140194247
a04,0,0.47058526733517747,0.6959002734414153
a04,0,0.6024020556088487,0.7527920921080241
a04,1,0.5031740730497772,0.8663460248440601
a04,1,0.4114344374596666,0.6281163644680426
a04,1,0.7254300363007059,0.9239872491271147
a04,1,0.38157338040556704,0.7132689068274168
a04,1,0.48802333277628573,0.8810137155159664
a04,1,0.5478521572518092,0.8161264396121004
a04,1,0.48593404621330777,0.4737797199040694
a04,1,0.5833282511345026,0.9026903584636088
a04,1,0.609406206614721,0.791888548144669
a04,1,0.40088324696658795,0.5247211742566635
a04,1,0.49958457090381436,0.5160796167210306
a04,1,0.579857134856996,0.8913972292565883
a04,1,0.5213230574293904,0.5967120678991185
a04,1,0.7670391460256498,0.9315077435231602
a04,1,0.5774066583950432,0.7844070502148908
a04,1,0.4432891618314469,0.5143154034981419
a04,1,0.6455186864033724,0.9342161133814192
a04,1,0.6256297394952377,0.8312466039144835
a04,1,0.6662131845741781,0.7459798364632846
a04,1,0.5607907150425165,0.8347295792778974
a04,1,0.41450611894091643,0.9398360650765379
a04,1,0.7873828568587715,0.9178469282466666
a04,1,0.7170092100757284,0.9238912429687185
a04,1,0.6252827877760505,0.9130720440722961
a04,1,0.5532739959413512,0.7269287409011691
a04,1,0.6813221665671678,0.84383775527594
a04,1,0.5951365561601478,0.839834102761278
a04,1,0.8518385212740459,0.8259780618903743
a05,0,0.42599515580342345,0.5953695917338896
a05,0,0.383996786073938,0.05503150601055922
a05,0,0.38589431462654183,0.6583506721442046
a05,0,0.3659411140300556,0.22908195351787686
a05,0,0.44967017925233455,0.5103685631540953
a05,0,0.468789079910925,0.787577908920133
a05,0,0.4686174029796751,0.614160331188308
a05,0,0.3178318070164526,0.062492768012048075
a05,0,0.3056468287582777,0.14540070626521667
a05,0,0.29074147354408997,0.0419147179312383
a05,0,0.2488158277383151,0.0634094991765056
a05,0,0.5159824429817872,0.5171224590909377
a05,0,0.3526603252295633,0.33330946382550675
a05,0,0.48016343873317263,0.5787485037261404
a05,1,0.37962497368474873,0.3765160910264414
a05,1,0.4318679871971747,0.31575406750305585
a05,1,0.5090599228680823,0.29389853398515503
a05,1,0.423386594252544,0.2566929499471175
a05,1,0.5518355804184383,0.6607589210694264
a05,1,0.5561133539247073,0.5867396229514215
a05,1,0.6555446024035019,0.7721494189834269
a05,1,0.36678942897562833,0.34599207488821726
a05,1,0.3363766866123888,0.4283731798249193
a05,1,0.49504259972552334,0.7480633718663093
a05,1,0.43283936135231216,0.4451186318890963
a05,1,0.343555679688629,0.3057463888659143
a05,1,0.3275381826964846,0.15601760040563165
a05,1,0.4795102291178172,0.5177771045588192
a05,1,0.4235171635792605,0.6690508841447466
a05,1,0.3935416536853903,0.5129564913020674
a05,1,0.49504452446678077,0.49420073654769725
a05,1,0.5680328211269998,0.5196343550819932
a05,1,0.4313832373473508,0.82720836819599
a05,0,0.34366209765832967,0.45207405206560114
a05,0,0.376117629565677,0.49567042526521154
a05,0,0.4556747067197062,0.7612071861122894
a05,0,0.5602442885187778,0.8674734661548847
a05,0,0.4851602693836236,0.5478808366057893
a05,0,0.28653012493062285,0.32358841402268396
a05,0,0.34500978329557225,0.16508366502385283
a05,0,0.5318235556579328,0.7472573188510198
a05,0,0.3423216383227201,0.5632570363325382
a05,0,0.3239943601436224,0.40542793681557954
a05,0,0.3450993066834233,0.2614455419565831
a05,0,0.22475586585429672,0.04384133632484325
a05,0,0.2736758968943902,0.26961888739213796
a05,0,0.2904051686881293,0.2353071571877889
a05,0,0.2724211818051931,0.11265029487250196
a05,0,0.4531927072485218,0.8384999994662757
a05,0,0.7787281465791995,0.862272135611325
a05,0,0.50212568220891,0.2594558969762183
a05,0,0.2822131433482856,0.11314847661089722
a05,0,0.2929435111669739,0.08668697231519479
a05,0,0.27916326446487183,0.08510101904420461
a05,0,0.2589636482013847,0.19480747923085237
a05,0,0.501094919143853,0.3255275481895885
a05,0,0.3569828944782584,0.36750884356179486
a05,0,0.30124045556383605,0.16344558266848416
a05,0,0.259883674906973,0.15877553750420073
a05,0,0.31414179140682963,0.21374506694115636
a05,0,0.3182570226839785,0.333335766246765
a05,0,0.30026393604038576,0.40537234713233977
a05,0,0.412711244050061,0.5714371808184543
a05,0,0.26524162351645214,0.20503123493718634
a05,0,0.2742211404064536,0.05403095145281082
a05,0,0.46854327708383,0.4813596860232265
a05,0,0.4263189057521283,0.520657953983132
a05,1,0.3010956166639719,0.0901228645989094
a05,1,0.39752114310836956,0.3668160989300197
a05,1,0.5019285111898355,0.7424572884021859
a05,0,0.40094503509760465,0.2080083611016843
a05,0,0.3740919805841083,0.5128394650848335
a05,0,0.2822474988658142,0.6319070540967373
a05,0,0.41562835240816814,0.6471068170328584
a05,0,0.5659071405865406,0.5893959301897364
a05,0,0.26390640548221567,0.6347166522044609
a05,0,0.2446214137721613,0.0968790991505167
a05,0,0.37417829858695384,0.16729514127184683
a05,0,0.2577003667886148,0.18207810594322082
a05,0,0.29390967389319334,0.1839337119930966
a05,0,0.31574092314464774,0.8404542444528722
a05,0,0.7349014204877088,0.8959177425039
a05,0,0.40106790892450755,0.13956862317451205
a05,0,0.6045168714221656,0.8438668462035683
a05,0,0.33085723435192754,0.18065568577481259
a05,0,0.487790849233375,0.6521746996791893
a05,0,0.6035984648829832,0.8443860061571067
a05,0,0.44853737157853363,0.6074756799941861
a05,0,0.47159378726543044,0.5414792935049357
a05,0,0.31747745075150374,0.029946298881295474
a05,0,0.39066833285575386,0.5464681860712975
a05,0,0.28477507572076355,0.0687037058961559
a05,0,0.3045249466371587,0.12763573918162338
a05,1,0.3684767264719509,0.4925032730528238
a05,1,0.33864970379194875,0.42038444182005985
a05,1,0.3937609956757433,0.7350931605802611
a05,1,0.33280688875504316,0.46107593771378275
a05,1,0.33690917222482214,0.559987749956502
a05,1,0.3255026488287809,0.4276216362416
a05,1,0.3778062268853643,0.3904724044803714
a05,1,0.312228463175916,0.48165968648079
a05,1,0.43161176645183136,0.3977686977544582
a05,1,0.4942835346350596,0.8275686712303335
a05,1,0.41470684163183774,0.659651601928472
a05,1,0.4288704380818397,0.7382417028654801
a05,1,0.4836506532056304,0.6911078876153026
a05,1,0.41040579326898374,0.60784799424404
a05,1,0.8283997328480165,0.8530016106025692
a05,1,0.4992286820952598,0.623792864639567
a05,1,0.39952524177109866,0.7485705502215106
a05,1,0.592445882958677,0.8395396233713643
a05,1,0.3718617835391787,0.5930229309627608
a05,1,0.4132186074326019,0.7742715802274467
a05,1,0.5430555428114927,0.7696397468695765
a05,1,0.4741501412237432,0.6217324579118978
a05,1,0.508463956110286,0.7851873529126822
a05,1,0.6638844427990234,0.7654697392692124
a05,1,0.3036306817659289,0.28286728235498465
a05,1,0.4016465132838627,0.48983967511993365
a05,1,0.5563495952361466,0.8738339061257171
a05,1,0.6032667723118457,0.859327557660465
a05,1,0.7012977849816275,0.8759587354561587
a05,1,0.528393298034308,0.6997017312038518
a05,1,0.5232351557067959,0.8856434784757475
a05,1,0.5125852798208484,0.8031166576620901
a05,1,0.5359444111162128,0.7582821412180973
a05,1,0.34691254939539634,0.2993585986372132
a05,1,0.6377617991499676,0.8277980486097727
a05,1,0.3819771479384162,0.4482832174256766
a05,1,0.7700793383206376,0.68320741691103
a05,1,0.5059615062061129,0.5818514044558403
a05,1,0.41227733503335834,0.6477407118961298
a05,1,0.37848971177749713,0.6882958219339065
a05,1,0.5421643320096016,0.8070209700904208
a05,1,0.4924683504083656,0.8103234146988628
a05,1,0.5055843297881742,0.8225721014279593
a05,1,0.38515717072747563,0.6807074572280821
a05,1,0.45608003657175866,0.7066033178070205
a05,1,0.5047000991917129,0.6204716564483627
a05,1,0.4874274889577853,0.3747535085090892
a05,1,0.5114580059036512,0.49264334160843404
a05,1,0.4588536395751583,0.49807897163893594
a05,1,0.37878236717146524,0.14301144365300483
a05,1,0.2812281236112726,0.1770020396078158
a05,1,0.4887867201258307,0.788848320346262
a05,1,0.37768775334111276,0.33514967009449376
a05,1,0.5958695373944699,0.8775250179648407
a05,1,0.4188059824624979,0.294586436287085
a05,1,0.4672745534591539,0.5826864899184229
a05,1,0.7919085548207841,0.6730779526045657
a05,0,0.8457419321918719,0.5508848764463808
a05,0,0.29716408236111286,0.14536421118583107
a05,0,0.4950778366283923,0.6688319442102776
a05,0,0.3606182322975512,0.3958374583167025
a05,0,0.3213051363814486,0.09348259034851332
a05,0,0.455113710979375,0.5042589385957608
a05,0,0.24405786453243836,0.062070405838254024
a05,0,0.2819526961036193,0.488598411877492
a05,0,0.3613135368953268,0.38288895579443394
a05,1,0.35117897745595883,0.217566793249645
a05,1,0.2716782353909886,0.3214586596496578
a05,1,0.19985511269797704,0.07302476874464314
a05,1,0.280850036922001,0.3701436185082633
a05,1,0.2610256383201643,0.5579086574580643
a05,1,0.49673347157609987,0.2890994152063837
a05,1,0.21695485148458388,0.17461031423715775
a05,1,0.38429542309972853,0.3335029130580856
a05,1,0.42736264093525805,0.6365187120405666
a05,1,0.46115770040059406,0.7076583121063857
a05,1,0.32363687606972813,0.6564181584123752
a05,1,0.3501001510781572,0.49346485915934696
a05,1,0.46748132961998734,0.2450255920259369
a05,1,0.464630326926046,0.670352863176273
a05,1,0.38350166432649946,0.741977105611834
a05,1,0.31540831875178765,0.6265899400897939
a05,1,0.3770178894319896,0.5308420402282116
a05,1,0.46295237467012235,0.6122573444017494
a05,1,0.48188925826568857,0.8089751383888809
a05,1,0.4825072063271314,0.7550702040903385
a05,1,0.47626543425140555,0.791692114128696
a05,1,0.4146591633860544,0.5654569033129425
a05,1,0.631129188411822,0.7989603800496623
a05,1,0.4356775795279546,0.6085638804120109
a05,1,0.4802247115595208,0.4150154959135683
a05,1,0.30943657793802093,0.50274702406186
a05,1,0.4126492236766993,0.7522675956622336
a05,1,0.49172322025325876,0.7439740188208319
a05,1,0.3913497610315611,0.6524937630891293
a05,1,0.36684007981687833,0.48591579371695853
a05,1,0.4542212121979523,0.6810415292861042
a05,1,0.5641599664756646,0.7196858131359501
a05,1,0.38064382068362496,0.6865954046255678
a05,1,0.4046334378744136,0.7838577928427898
a05,1,0.6070878727726134,0.7711039606261513
a05,1,0.5124264554178067,0.6059247706813371
a05,1,0.5076596464942101,0.749945746830056
a05,1,0.45545091371618035,0.46559128919371234
a05,1,0.4469433930040899,0.4992473675978985
a05,1,0.30136989600909925,0.12376496575927416
a05,1,0.3548058424519374,0.3159424713396459
a05,1,0.4736809185823401,0.7927700998636457
a05,1,0.4266707298412462,0.6090342972678426
a05,1,0.44198704107660153,0.5651169751584073
a05,1,0.3996098739162762,0.3689082977451802
a05,1,0.48175286457463573,0.7979834666901929
a05,1,0.4121931512382197,0.568625804358575
a05,1,0.41842858234098196,0.5620016365461119
a05,1,0.40665518024775804,0.20560235703107274
a05,1,0.3496150831954997,0.5193793131413741
a05,1,0.48488739947005927,0.6174738879713901
a05,1,0.4444963815459518,0.7032528620249716
a05,1,0.4223930685206166,0.6812276986401762
a05,1,0.29266890722682976,0.2944897355998303
a05,1,0.4561156403774382,0.7328101339823382
a05,1,0.8131697376021855,0.5457301799656413
a05,0,0.3692087429977752,0.29203787436391476
a05,0,0.4917277555488645,0.8905829321829674
a05,0,0.7608794453545032,0.9146003356703478
a05,0,0.5273391770367136,0.9136576408966464
a05,0,0.3415096179916173,0.1360346937799159
a05,0,0.4157202235422226,0.3589292096298012
a05,0,0.25958257266043244,0.019216682028163075
a05,0,0.3635618079067346,0.07070976631523085
a05,0,0.8013248623883371,0.6192570942068245
a05,0,0.44582085570192836,0.4391786482914527
a05,0,0.2726778209116283,0.3258520955318602
a05,0,0.2705641736756198,0.12089737556870983
a05,0,0.3043530640118497,0.18326684648745875
a05,0,0.452415549959509,0.3691650032718699
a05,0,0.633104828879094,0.877930488678865
a05,0,0.2763784686622834,0.08060183160462499
a05,0,0.30634555105340117,0.04721591201985709
a05,0,0.2710897865924071,0.10766518521605496
a05,0,0.27180329821651195,0.18557218488524813
a05,0,0.4295944867850965,0.6752841728582656
a05,0,0.3331470741393682,0.40447048297385074
a05,0,0.7903353534647438,0.6803910008743919
a05,0,0.8098180283260572,0.8464968576607101
a05,1,0.3857997751582004,0.3557454948301275
a05,0,0.3240733184204919,0.09171159049106876
a05,0,0.922295347364859,0.5599353793574305
a05,0,0.28015177442008943,0.5820480954275664
a05,0,0.3383794265289971,0.40917544005883727
a05,0,0.5016684318588253,0.5371023392020652
a05,0,0.25423960154894926,0.05781714640113237
a05,0,0.32940119945717933,0.20943604093877952
a05,0,0.2649808608651932,0.250209487224083
a05,0,0.4826270033480589,0.6954996764728294
a05,0,0.2954032200746562,0.4391379458163191
a05,1,0.39516542563796236,0.40583505722773205
a05,1,0.4458409579299833,0.4325935345805759
a05,1,0.41530069856886903,0.3029520547821029
a05,1,0.4259954670180198,0.5201399501753117
a05,1,0.4159771392445122,0.6102388197093884
a05,1,0.56666463635249,0.7358507860750693
a05,1,0.40425154399487195,0.4887021082000813
a05,1,0.4812127730526266,0.2044491565007619
a05,1,0.6753842351919196,0.8356360388076401
a05,1,0.3190545812355354,0.22061735168042168
a05,1,0.28513226831287164,0.08688909426855013
a05,1,0.5992043566627806,0.8688160938312698
a05,1,0.4999288463115834,0.5726018216372786
a05,1,0.5015194215786398,0.6444994382897646
a05,1,0.4852979707761267,0.5172583712008931
a05,1,0.3315699172520448,0.4548261815723648
a05,1,0.232056988321084,0.17848274287152163
a05,1,0.3893620091302332,0.712029417438586
a05,1,0.4773668879794206,0.6857655864669313
a05,1,0.42883183515951445,0.5218868922753085
a05,1,0.3771342316747049,0.14039077317092047
a05,0,0.3810043363198942,0.42004503398218174
a05,0,0.31649075811583965,0.3886074207178964
a05,0,0.8088520943574243,0.7892951928897416
a05,1,0.19644506746090437,0.04714402282221229
a05,1,0.30112278707421497,0.20844094235775765
a05,1,0.3429867355521828,0.5573907337805915
a05,1,0.2843387092418065,0.3891112951263966
a05,1,0.2886689565062744,0.26043645214190003
a05,1,0.46078424716112376,0.6679158662494492
a05,1,0.6087704504082998,0.8148638159160374
a05,1,0.5466800704205235,0.6771890646540892
a05,1,0.45393117986286874,0.1922079064124164
a05,1,0.6831663553738889,0.8567117730472088
a05,1,0.6092206429659561,0.7645215832813679
a05,1,0.2741851410473174,0.16353719129289437
a05,1,0.3942104844182837,0.35848329264830925
a05,1,0.52382765807435,0.7263865400024555
a05,1,0.5165405094643047,0.6337025060716406
a05,1,0.5109801306428586,0.590855194521257
a05,1,0.5261245131828225,0.6713526091825354
a05,1,0.3858555528640074,0.47960540186322914
a05,1,0.46957573491268184,0.7226490312774869
a05,1,0.5516603902924919,0.6489521172939108
a05,1,0.9501572727779569,0.4575530090132959
a05,0,0.24528523625060805,0.030909424792598363
a05,0,0.6033696136836728,0.4561917957053154
a05,1,0.37219066411973317,0.22937260002344312
a05,1,0.7041651192160966,0.6721436253859762
a05,1,0.7537693905408875,0.6144995938575907
a05,1,0.5309235135081439,0.5200994973107316
a05,1,0.5634421436736204,0.4212646990488101
a05,1,0.716051834996418,0.9347891457635322
a05,1,0.6849941382915469,0.879277733855976
a05,1,0.3650585978548752,0.1787060968794885
a05,1,0.5790147629453807,0.42832009441256574
a05,1,0.6877319110952064,0.9003120368999441
a05,1,0.771222797485035,0.8798030390990005
a05,1,0.8198768423698388,0.775567018542663
a05,1,0.7266432410813216,0.9354149389040773
a05,1,0.6873312801629583,0.5583269848596073
a05,1,0.8074257070381216,0.5995072748302803
a05,1,0.27720259726249863,0.02815978195455206
a05,1,0.5847952818314461,0.38873765419577166
a05,1,0.6916551713634574,0.6002964709634439
a05,1,0.61848294259,0.640712999776858
a05,1,0.6468183434166461,0.8527408604380601
a05,1,0.618487529108063,0.6068686624298795
a05,1,0.5327180574833649,0.4121492223856751
a05,1,0.7095593015050365,0.6159350951128881
a05,1,0.341019563345522,0.2711006923539228
a05,1,0.7448094010468745,0.6642245912781821
a05,1,0.7424889473422372,0.9377202594497469
a05,1,0.6934359907432336,0.6669542109789056
a05,1,0.54103240373092,0.7332529383572691
a05,1,0.875618690065694,0.8658926632797787
a05,1,0.4934632401932453,0.33121585500063594
a05,1,0.7825143398683014,0.6010536314747953
a05,1,0.3958846364451538,0.4821411128770326
a05,1,0.942407990113605,0.4090742684433711
a05,1,0.9040636238853532,0.14510355612242115
a05,1,0.5783242579184054,0.6933911779799299
a05,1,0.32399706441871423,0.17215697808282096
a05,1,0.5873116813671421,0.189704446059494
a05,1,0.6079102313397668,0.7471584693120675
a05,1,0.7782783726643796,0.9717313212797831
a05,1,0.7369700959596966,0.7419385719733215
a05,1,0.24585113801349767,0.052597537222105514
a05,1,0.6063344105579935,0.7226950330124664
a05,0,0.5197868885279852,0.8225487397161075
a05,1,0.24350880744744213,0.10005760873806453
a05,0,0.23659567816791754,0.06467460861727806
a05,1,0.7590136838769305,0.8062433571592302
a05,1,0.70316438079345,0.35481432381153305
a05,1,0.45388432598364503,0.6983715210452874
a05,1,0.4356701887576197,0.17999324510792497
a05,1,0.6440642864186163,0.3172298297767185
a05,1,0.6965604085513888,0.8646818526464316
a05,1,0.3913361225562541,0.3529182350387312
a05,1,0.5474706959876798,0.7402084877386115
a05,0,0.44298205388256295,0.596564095952462
a05,0,0.41679057851686924,0.6083329673404663
a05,0,0.7332502041559616,0.5745621684263675
a05,0,0.8803242695022705,0.5593188800874574
a05,1,0.8415219904660641,0.6704692715806677
a05,0,0.2797224995880247,0.1991538593578766
a05,0,0.3202222877962376,0.34420044981917725
a05,0,0.3439965727516759,0.3848030614655938
a05,0,0.42753795182633264,0.5823051243382087
a05,0,0.27905018446539315,0.047166898202949094
a05,0,0.4186016003179331,0.750306166189578
a05,0,0.3665136683320691,0.35485486108677106
a05,0,0.6564826441732049,0.9202578604648175
a05,1,0.3585272062339292,0.598737393813489
a05,0,0.8813075466927001,0.3979226127560666
a05,0,0.9859920741774402,0.3107826422847688
a05,1,0.4960549829527333,0.3017130694683237
a05,1,0.3014532423271991,0.021971543211580163
a05,1,0.33362299208743906,0.12156490631630427
a05,0,0.33777580948394464,0.4607858909905225
a05,0,0.40462348948154714,0.5090109290767182
a05,0,0.2615912994596924,0.09263639359130904
a05,0,0.280286893667341,0.15377561921343055
a05,0,0.4080970392549501,0.6496812116918915
a05,0,0.3613756693782395,0.26025081465101163
a05,0,0.3127874401456715,0.09693885789341554
a05,0,0.29006987643830145,0.07862517331590675
a05,0,0.30583339251555436,0.03385188697605753
a05,0,0.3137582789535956,0.1676293714908802
a05,0,0.296841177240293,0.021181881915710247
a05,0,0.1945562895941521,0.014708674936629836
a05,0,0.3904549210406473,0.17053316261096466
a05,0,0.3436311880996991,0.23679976978758344
a05,0,0.2783746532170764,0.038153293425774004
a05,0,0.37268770573407556,0.7018944875930195
a05,0,0.33366420420458265,0.352284218017191
a05,0,0.30790671513195333,0.10612435528774374
a05,0,0.27529758716398894,0.05291622775371478
a05,0,0.3812499157887772,0.2511578944279129
a05,0,0.30172213540939735,0.2694698931664586
a05,0,0.32896231625694244,0.14905001942847185
a05,0,0.38123108544934575,0.26300074603686147
a05,0,0.29568698602854415,0.027318894069627474
a05,0,0.3708304177494579,0.34631496958141456
a05,0,0.2468527567145893,0.02596574165627652
a05,0,0.34728580653894064,0.24387310036064935
a05,0,0.3023185745552013,0.19388005598966723
a05,0,0.26539302104284657,0.1276240460200512
a05,0,0.36150573258881274,0.29713929433148456
a05,0,0.37894191684143547,0.3116844238561476
a05,0,0.32196456933376416,0.06250630158703965
a05,0,0.30374511920243774,0.13952738102262152
a05,0,0.283306560202776,0.18702294557605179
a05,0,0.2981767289048851,0.07181632884388221
a05,0,0.3448203288528115,0.1647387411075302
a05,0,0.30977772256880026,0.04707383188387194
a05,0,0.3906229109692205,0.2671399298254744
a05,0,0.34141563454567564,0.05134965341771216
a05,0,0.3140591672620206,0.2263181903837259
a05,0,0.1953875180862452,0.022324892270323634
a05,0,0.7632181795700981,0.7543623988963355
a05,1,0.4247719164215977,0.3480839483740901
a05,1,0.34408970086602464,0.3826245309625989
a05,1,0.31694660221750914,0.40115982836208086
a05,1,0.25995620960050925,0.22306776269171225
a05,1,0.6844879957881554,0.7500731283108348
a05,1,0.4436455134700119,0.5476046851876791
a05,1,0.3355162045208525,0.17639097125568906
a05,1,0.4765888932505834,0.5060159592415393
a05,1,0.5147741486625328,0.7760857891581723
a05,1,0.316762219253183,0.31512022714293897
a05,1,0.5440184958068919,0.282888321856488
a05,1,0.602317649052864,0.8171607229653581
a05,1,0.6476585362464159,0.6753870659075256
a05,1,0.5073537809818043,0.6538604997399114
a05,1,0.26295394649389553,0.0866206446917158
a05,1,0.5196616216456008,0.7604106656484936
a05,1,0.3080530529530335,0.2690555226942036
a05,1,0.3675058480324797,0.29206331527578977
a05,1,0.2925526936226071,0.3135097179124272
a05,1,0.6277948929970941,0.7699803236205629
a05,1,0.5457405718300682,0.7590511039773771
a05,1,0.5268741462887027,0.43098718273489434
a05,1,0.3481328575190462,0.3522153694049762
a05,1,0.38647066453670575,0.21374369334407448
a05,1,0.41569816229077144,0.3111805865606085
a05,1,0.46946189987607273,0.3643277655888798
a05,1,0.6384267663687343,0.6805019581752572
a05,1,0.48025676723851396,0.3592332739459798
a05,1,0.4398265986246919,0.5727611761814803
a05,1,0.38115305522131565,0.30358167133511704
a05,1,0.4435763153171337,0.3087790574820237
a05,1,0.6387667004259814,0.5674456473134799
a05,1,0.6705056169489247,0.3168073805639635
a05,1,0.7062588770569849,0.28578551881596287
a05,1,0.9402434749186328,0.49326703382648185
a05,0,0.47240963953928383,0.704913681379145
a05,1,0.375461839242431,0.27050813060717693
a05,1,0.49325812087884036,0.6205243109711238
a05,1,0.8852679422156053,0.6104212076731331
a05,1,0.512128813723007,0.34839098072158853
a05,1,0.43985950613192326,0.5623958400471022
a05,1,0.5417486837079409,0.5389462706188365
a05,1,0.9639419442901468,0.5259733371244237
a06,0,0.1694495589960218,0.12385620055371759
a06,0,0.1711706875764398,0.0516524935023487
a06,0,0.19561337983560684,0.1534418110535624
a06,0,0.5468733991672996,0.7901692707753967
a06,0,0.1868755222419841,0.419403551611482
a06,0,0.28625237610558835,0.7800718823401056
a06,0,0.1484605805620158,0.7863916364739569
a06,0,0.26822329576804776,0.08868851796238438
a06,0,0.4687196212698866,0.7643205016786389
a06,0,0.2959647745073005,0.12225226911530951
a06,0,0.1772890271719482,0.020087207345492256
a06,0,0.16906978550675308,0.004551084386394044
a06,0,0.24013742813198208,0.35656374842480326
a06,0,0.13548573835024869,0.0037404494935405217
a06,0,0.3915051725457046,0.2946116734754043
a06,0,0.7275555065147437,0.8511340654421686
a06,0,0.14870754346305545,0.012682587587847172
a06,0,0.2872212282315698,0.10862777751858053
a06,0,0.15717978777462158,0.24330641436159853
a06,0,0.16625248973009069,0.0077423848550113045
a06,0,0.09088511027902287,0.01197516597353313
a06,0,0.10776089893544338,0.012049808789556249
a06,0,0.33939756983800523,0.0701373934987848
a06,0,0.14347268097519122,0.013301580254929333
a06,0,0.17831319714518234,0.021851005211044817
a06,0,0.17096933895812386,0.007765833712600382
a06,0,0.16554728930514737,0.02636088812868331
a06,0,0.12697558219579605,0.013266119755427913
a06,0,0.1515296330624718,0.011650539370413403
a06,0,0.12028447954761955,0.007301633039748859
a06,0,0.3922773516149668,0.14010003266381893
a06,0,0.2069166718878662,0.023717241705535384
a06,0,0.24505058066162594,0.05409700899439068
a06,0,0.10926862137930812,0.01327795458884245
a06,0,0.139301635703641,0.02678298647787485
a06,0,0.22672974124036868,0.06898968920454898
a06,0,0.28336558432188946,0.06674290749534986
a06,0,0.12621181012402313,0.014436444514673118
a06,0,0.18454461479100276,0.012959722944697038
a06,0,0.16639234110869,0.01707278783291147
a06,0,0.21008213177297616,0.14370899672729573
a06,0,0.20484116068535377,0.1181474667200606
a06,0,0.20105891865059775,0.01551702323857367
a06,0,0.17476955284388201,0.05497644843762286
a06,0,0.1900418873343834,0.12489036821798986
a06,0,0.18808274924220456,0.06200846806670484
a06,0,0.16139053500372758,0.04509354101694618
a06,0,0.19024180391818601,0.067618747500861
a06,0,0.27468776167360415,0.2704016888202868
a06,0,0.17121979737785412,0.03464285859486228
a06,0,0.23704317365730612,0.12144488763678071
a06,0,0.13976483442462823,0.02376565145077605
a06,0,0.27126876439874825,0.17455827221830042
a06,0,0.1572449227101995,0.08220339659054725
a06,0,0.26379155440327084,0.029212430333910553
a06,0,0.20925152820900578,0.024029341747516038
a06,0,0.41560850052160697,0.5077351970475853
a06,0,0.2527063073268656,0.11161857889869882
a06,0,0.3565246462358275,0.6015931231892561
a06,0,0.2244419311451797,0.014940926441826671
a06,0,0.3886362676105263,0.045541656727669265
a06,0,0.3073144085214236,0.016380962554397898
a06,0,0.285693697845135,0.061545038050644506
a06,1,0.37053185714483744,0.010910791615101499
a06,1,0.3419429438492347,0.2757792137009217
a06,1,0.31726811954512235,0.2722606456885087
a06,1,0.12699561779652968,0.012784491034192243
a06,1,0.22973041994461144,0.1386355997062271
a06,1,0.19051345284465349,0.014795188725024158
a06,1,0.4098438122107042,0.39146673556489087
a06,1,0.4286735784496989,0.14541220839367097
a06,1,0.13880167202783908,0.02941295450636889
a06,1,0.2728435077644281,0.4261305541414241
a06,1,0.43462472252676565,0.01412481275705167
a06,1,0.21360646182759607,0.37482389624991685
a06,1,0.7763868256889676,0.6705719806987466
a06,1,0.3200968363017213,0.012993179470293095
a06,1,0.24087574326185596,0.1560229708021442
a06,1,0.23708502462083145,0.03600949504383793
a06,1,0.24220571959440954,0.007834012696336835
a06,1,0.21266786714018285,0.14118838354254093
a06,1,0.2608957336450014,0.06749625222858119
a06,1,0.17241826034240024,0.013660542486009845
a06,1,0.2231301854625291,0.08560906402602894
a06,1,0.18072108965310987,0.026596079552642884
a06,1,0.1523836013402349,0.3088081442781108
a06,1,0.19424532640321363,0.0389208061576203
a06,1,0.13564123337431624,0.03359793180047644
a06,1,0.15406111622211124,0.014171177980207148
a06,0,0.14405580291112782,0.059026033858880694
a06,0,0.35445877365162987,0.17735144417729753
a06,0,0.22809773869472802,0.02981793748558149
a06,0,0.22116758858504587,0.11851238047270826
a06,0,0.29792538027461346,0.22014651476915795
a06,0,0.24073502238967215,0.03204353908246431
a06,0,0.22704455487197645,0.44510548800578026
a06,0,0.1371582669356174,0.025415112446459234
a06,0,0.1876177479908248,0.07373877850431221
a06,0,0.1321026538983324,0.03195933590790995
a06,0,0.21048181741775088,0.14897580124410098
a06,0,0.19565745662084022,0.03870983170814884
a06,0,0.18980952334937756,0.025066511738688613
a06,0,0.1492591805706989,0.025181447972366364
a06,0,0.23967730979665727,0.102036800171429
a06,0,0.16328043676669401,0.02756419433904038
a06,0,0.6477551204558722,0.39424118912732287
a06,0,0.7978131337335286,0.40294525542992393
a06,0,0.07105720448883514,0.036085941664190845
a06,0,0.128033528915969,0.01944650000276325
a06,0,0.1494501071961868,0.060319677617938286
a06,0,0.21814127207370226,0.07399108278449851
a06,0,0.20146087303160928,0.13251208114968221
a06,0,0.22086741656036107,0.09002874157790029
a06,0,0.2440748937008878,0.06304796658611671
a06,0,0.2321856911468829,0.043662798282393306
a06,0,0.19302231471894668,0.11682447866595481
a06,0,0.2230171851526497,0.034230828099823
a06,0,0.19985209855429703,0.02433928491970048
a06,0,0.19944835138333217,0.12384031285491999
a06,0,0.19747778147463718,0.08199160978707525
a06,0,0.2393714023672454,0.030021402963086856
a06,0,0.21498521794508405,0.053559033956625826
a06,0,0.24246540542874234,0.05155362473176811
a06,0,0.22308542261651926,0.034669452991569476
a06,0,0.2625800567068058,0.13093418078579258
a06,0,0.21478962547064664,0.07030193021449208
a06,0,0.20405141107626998,0.06971829845433354
a06,0,0.19248958353818216,0.1279398712680474
a06,0,0.18439622806625489,0.0743711942045177
a06,0,0.4105352963699282,0.6508170665919529
a06,0,0.1739696787815617,0.03700877746601453
a06,0,0.20911802623986955,0.04433506946330589
a06,0,0.1893292609781842,0.050801792852912336
a06,0,0.2237234181563377,0.07693523960752201
a06,0,0.41692254273582513,0.28921787157302686
a06,0,0.23381142738954852,0.14658298978413842
a06,0,0.19147973225003373,0.04733095060091045
a06,0,0.2001699802871267,0.0978495988860997
a06,0,0.18902621182867016,0.09278540736930727
a06,0,0.2383862516279619,0.14818154983420218
a06,0,0.24140733894620423,0.09703298279298699
a06,0,0.19361961933802482,0.035290692943681666
a06,0,0.14634119063907186,0.04989002458349526
a06,0,0.1922450095641681,0.05525346312742026
a06,0,0.7611855810278608,0.5472524416594536
a06,1,0.09164995205159078,0.07740707798371421
a06,1,0.208558006600318,0.15236615908877935
a06,1,0.3636690026432898,0.2880975668540958
a06,1,0.25146668627538776,0.07489901989661604
a06,1,0.1516537374141248,0.027246148787727156
a06,1,0.1869245775539311,0.5911652810717323
a06,1,0.5741034832452672,0.6466273209811961
a06,1,0.2058469448896185,0.3818723392490392
a06,1,0.2943589143268568,0.2099706220881176
a06,1,0.25443824331308135,0.5297498602271893
a06,1,0.25539569712097915,0.13779429319065936
a06,1,0.26161824871045075,0.5130501586805059
a06,1,0.6334986986151976,0.23720974574951914
a06,1,0.1614640883322611,0.02409981065176654
a06,1,0.140518539831469,0.030942935675851782
a06,1,0.15387158173644272,0.08501084445459989
a06,1,0.13906627935377125,0.059195215891698384
a06,1,0.1268288832347803,0.09480238458892985
a06,1,0.12231437330607092,0.09755507776310794
a06,1,0.17451568250209318,0.3738659432208849
a06,1,0.21567121705719716,0.5347979012759573
a06,1,0.29212876435906715,0.3214257819569849
a06,1,0.13326348985436837,0.14261412792955847
a06,1,0.1352880226329405,0.0682566968294632
a06,1,0.16596534461346613,0.2049382477814137
a06,1,0.2641618525146582,0.24047469751765288
a06,1,0.28077421566785515,0.346932851564647
a06,1,0.43036060153205097,0.7235600089545883
a06,1,0.3062895739561541,0.41623516170439157
a06,1,0.3846778059390634,0.4283967305335941
a06,1,0.30712024976077024,0.5301935089653167
a06,1,0.6211672943905596,0.1982584874198323
a06,1,0.39956080861199944,0.5209539334400511
a06,1,0.6538013424400538,0.6331648428964237
a06,1,0.2024002954081451,0.01229507546689949
a06,0,0.24995925169585248,0.04258086892479856
a06,0,0.25500979619279107,0.005655925771597128
a06,0,0.2378823995686032,0.006924087866099642
a06,0,0.2453523015206445,0.012172537825733474
a06,0,0.34972644291970467,0.07803137907894889
a06,0,0.260760808665255,0.007381882602531136
a06,0,0.24663511580654524,0.01394211147734846
a06,0,0.12397704940684989,0.019385473379646977
a06,0,0.2851956064099871,0.019123054659834597
a06,0,0.26805820625595556,0.05064175261999293
a06,0,0.25612429447884955,0.16216800551558466
a06,1,0.27551311970273235,0.5257832375199954
a06,1,0.2502639408831668,0.3022480538646876
a06,1,0.38526108754319693,0.8481342390595382
a06,1,0.23740651648125863,0.13824388302652452
a06,1,0.30795452887592994,0.13702090038933626
a06,1,0.4432084040456068,0.4994879189090371
a06,1,0.4232987905473851,0.5900081169334284
a06,1,0.23481393783690313,0.02443183193877259
a06,1,0.6066619985351095,0.7971113877765994
a06,1,0.5182438808618768,0.18865105136806434
a06,1,0.4585030321988271,0.09893102990003073
a06,1,0.38334238373419005,0.21894744048278117
a06,1,0.386810222708295,0.6954717653037441
a06,1,0.16768157064216252,0.40652046372740847
a06,1,0.2573045449430305,0.4236619145621852
a06,1,0.27861164951862905,0.14044541646346997
a06,1,0.2840389063820902,0.1884789751119743
a06,1,0.297264401804841,0.6406617924445261
a06,1,0.2580564923029286,0.18150680358749355
a06,1,0.3616317673971164,0.5039068008604748
a06,1,0.3557261217659179,0.6333757604614558
a06,1,0.411722016344094,0.7740663279478535
a06,1,0.5296718609235458,0.8339542915683015
a06,1,0.3275402415856446,0.8260266806819431
a06,1,0.24119924756860778,0.14108678048172021
a06,1,0.19371008016029725,0.07134358575669152
a06,1,0.350447302938485,0.21856255310654024
a06,1,0.2413442280556719,0.2675326250708995
a06,1,0.36153441491311133,0.22503361368681032
a06,1,0.26178185495080447,0.40311369473470954
a06,1,0.3080358005590853,0.2772488021119239
a06,1,0.291154475364349,0.11914322178414234
a06,1,0.24236962713850851,0.2499758238162412
a06,1,0.34555558201333225,0.6326855024126818
a06,0,0.30627218594660166,0.13689041111351774
a06,0,0.295401779480998,0.14063902723132735
a06,0,0.24573974572466975,0.04426201202304963
a06,0,0.30189243069541816,0.13150243602098224
a06,0,0.1930674262265561,0.04052575339049075
a06,0,0.24695749794312574,0.1746655107103037
a06,0,0.290507080678501,0.8105031799044368
a06,0,0.15917900214972802,0.2007666215004189
a06,0,0.3420053752534191,0.5135854889282596
a06,0,0.34468782157002265,0.4870305314021818
a06,0,0.2631007081853983,0.10719104192287969
a06,0,0.4916531075890428,0.6292478478828328
a06,0,0.33644130829912555,0.215999267880998
a06,0,0.32336629150536084,0.6025480229699284
a06,0,0.24830148525406034,0.02501939716410682
a06,0,0.29047640676129327,0.040826191539525304
a06,0,0.2351268776180023,0.05439708814301143
a06,0,0.43859132961682074,0.48260603760929816
a06,0,0.18911116181369228,0.02788315239315673
a06,0,0.28063261593722216,0.13187356836695374
a06,0,0.21315555281334095,0.0780707140552543
a06,0,0.22413113588900396,0.1029534289668242
a06,0,0.17828317386427986,0.05206859735625321
a06,0,0.22016720477119722,0.041053751391856214
a06,0,0.11370049717488308,0.011259775978031239
a06,0,0.2015720008731027,0.02460773871002242
a06,0,0.24680262230065267,0.15943928004650174
a06,0,0.2275616548431586,0.065365107453944
a06,0,0.2267708198217357,0.1437944161307767
a06,0,0.19946526697986963,0.15232289605332158
a06,0,0.20140931196852685,0.10057739039516454
a06,0,0.2086892522407126,0.04821842380580627
a06,0,0.23833250343810372,0.10063510698926756
a06,0,0.21723910643714572,0.13039243926650837
a06,0,0.6587339185625183,0.3632958091703516
a06,1,0.7511670277235665,0.7624468598869115
a06,1,0.23694758399122212,0.9093416629540013
a06,1,0.1583360656147723,0.050758289879997545
a06,1,0.34055939823114423,0.31804323967314085
a06,1,0.2720637469493222,0.06497984701209593
a06,1,0.14731108044991825,0.1755787572265497
a06,1,0.656911548395635,0.7624387491016321
a06,1,0.21402765999843126,0.014745876614654855
a06,0,0.19934041885092235,0.0496554466866167
a06,0,0.34063488938031267,0.05108864714362901
a06,0,0.2208236981137839,0.02251951469453538
a06,0,0.13792173811644887,0.0065130760684620195
a06,0,0.14489311324132625,0.012791057350039256
a06,0,0.12155539355936168,0.01000709153587685
a06,0,0.1623411863553622,0.008086675236872077
a06,0,0.2057228966432332,0.0339823797838475
a06,0,0.17587068363723354,0.020788512185002918
a06,0,0.2077240167529059,0.11403666851471161
a06,0,0.1606241612023281,0.013811584296202804
a06,0,0.1558918985814673,0.014666290130649427
a06,0,0.1393172631340661,0.017972825226009088
a06,0,0.18592722585686658,0.049270216800633294
a06,0,0.22537019854580895,0.04859999429604676
a06,0,0.22805594088205042,0.06754631444559879
a06,0,0.21969183368295617,0.02391567481367913
a06,0,0.18413747795740365,0.040773460156028354
a06,0,0.14417620431881684,0.016289569273088812
a06,0,0.14315782150780704,0.026563954164560453
a06,0,0.2065109019316652,0.021591078220843683
a06,0,0.29971498575123096,0.29188948183461544
a06,0,0.17948033346003608,0.01384357963292204
a06,0,0.1735992987551897,0.031570976741731926
a06,0,0.17836521538258626,0.033370337634610094
a06,0,0.23436128796471997,0.012872007048227777
a06,0,0.18315206203683673,0.02168169458210631
a06,0,0.1585726162419937,0.012571458791685582
a06,0,0.2406501839288195,0.10003563472299028
a06,0,0.18087792012871562,0.01618213669831196
a06,0,0.20309957283170774,0.04529167622560241
a06,0,0.17193568907706566,0.05155995031810616
a06,0,0.2095410201986681,0.015049189416116267
a06,0,0.3979100191042821,0.5251014252801565
a06,0,0.16152297727285075,0.023769981768593032
a06,0,0.18936173871790393,0.03263439797265019
a06,0,0.22786829185843127,0.16799954628909772
a06,0,0.8017356611107976,0.6363264599620395
a06,1,0.12004173315659569,0.12065796135454533
a06,1,0.19476022996654435,0.38417532595209275
a06,1,0.49969415108281895,0.7876632355695581
a06,1,0.2828929362807935,0.2860385315779724
a06,1,0.20677212030586214,0.22578221198770965
a06,1,0.22389161414121966,0.32572976723080627
a06,1,0.28645576599199163,0.6015493858832
a06,1,0.24722671953309205,0.40772155831060286
a06,1,0.6371232950153086,0.6550702937794838
a06,1,0.2632331268020413,0.02306396585517432
a06,0,0.1872728359171019,0.04524180234370891
a06,0,0.19719717630800707,0.0331091620512517
a06,0,0.15412641836820637,0.00835955583502685
a06,0,0.18917809711786995,0.01596059709905066
a06,0,0.31664006930352073,0.2929999180870248
a06,0,0.2570127118177301,0.008347213221441685
a06,0,0.19483369990603588,0.013441021205249273
a06,0,0.17454013222319836,0.010428250125577547
a06,0,0.35149795837729636,0.2864827918383057
a06,0,0.21580288901197228,0.016230904242892072
a06,0,0.17909047059345717,0.023170974334384534
a06,0,0.1658690329183742,0.012684760757723892
a06,0,0.8484154376060414,0.9122285345116998
a06,1,0.2729431574032116,0.1803745457293074
a06,1,0.17453059078776034,0.0164861444945163
a06,1,0.2644173662690308,0.03266581874757082
a06,1,0.7802226833507341,0.9165153553668858
a06,0,0.22069300266587777,0.008234314166854146
a06,0,0.09733994744264426,0.014490706704570916
a06,0,0.1317746920020738,0.016037656840492194
a06,0,0.10132470989473762,0.023585598128799668
a06,0,0.08027731963770708,0.02060931312453272
a06,0,0.1472729756473336,0.01324520345061103
a06,0,0.13157276726294148,0.021657541071969787
a06,0,0.17731912324021473,0.027444161019878857
a06,0,0.19808378960130635,0.05104779580392189
a06,0,0.34728559496463923,0.4465795974712718
a06,1,0.31264513507428987,0.43115237057714195
a06,1,0.3062824756973787,0.4849166072651454
a06,1,0.2592820396126879,0.05292884194656318
a06,1,0.37089236728058633,0.1987846481152884
a06,1,0.4304945829291579,0.2638475836898892
a06,1,0.18662380109810509,0.0392965741479365
a06,1,0.5929774549899249,0.9034206506818346
a06,1,0.3171069156216422,0.5300172903775953
a06,1,0.41913878181610126,0.5780103128784178
a06,1,0.5242666369447749,0.8485559040427542
a06,1,0.35965211843248673,0.3765788424382362
a06,1,0.30717436519522945,0.36341506942890806
a06,1,0.2934622111845395,0.13594057427662093
a06,1,0.25026449218861246,0.6749125943327042
a06,1,0.14261172623606494,0.045675448956637554
a06,1,0.3924544853194804,0.7800544259828496
a06,1,0.871085613325986,0.7798563040979656
a06,1,0.12163023794866412,0.009600734776351328
a06,1,0.20649554633779682,0.01872388172120237
a06,1,0.13111101680695095,0.010133299672776928
a06,1,0.2024702687039647,0.02070184483708078
a06,1,0.22872526685020964,0.0237102522576767
a06,1,0.21726813387621416,0.2669480566880991
a06,1,0.3254651225312666,0.3848025674549272
a06,1,0.2237686066799381,0.018817180476906944
a06,1,0.21751541885014272,0.02948606476180901
a06,1,0.16922950810032844,0.013855703671881197
a06,1,0.15448599436900598,0.010186143706079046
a06,1,0.34124052827982865,0.14885131080353464
a06,1,0.16539136140594346,0.040631205670291715
a06,1,0.2601770636566988,0.20369969949451253
a06,1,0.22273740156371152,0.011672976749147418
a06,1,0.3605666496359367,0.2358291798593996
a06,1,0.43574572923118715,0.3397738972974638
a06,1,0.5444966439938779,0.6579030885232682
a06,1,0.46782809471446024,0.7200471310636075
a06,1,0.46368360397512187,0.6730241876462946
a06,1,0.5924595878776221,0.8395102970614428
a06,1,0.24491956305839957,0.10814290012381352
a06,1,0.24549303508590975,0.007642066191330658
a06,1,0.19713675037007708,0.0398800273501805
a06,1,0.2263495783359065,0.021868552068945307
a06,1,0.2796747000181085,0.28883484530093484
a06,1,0.17917086145925426,0.15538077058728553
a06,1,0.14867822766350056,0.027500683262725985
a06,1,0.24355344159728806,0.07195572056357329
a06,1,0.9097125710993168,0.2513238609480822
a06,0,0.6398289312467453,0.6468292541517068
a06,0,0.48879412222955154,0.1661978851462887
a06,0,0.3817332265728542,0.5345830524028576
a06,0,0.4554026441375459,0.351740806244434
a06,0,0.19567897001374313,0.5105636403594778
a06,0,0.20573677979461638,0.0897415571784293
a06,0,0.3485639779370608,0.22131266469843228
a06,0,0.6560711926589687,0.5467666290140243
a06,0,0.2327575066806956,0.182988886111412
a06,0,0.6864579869560907,0.5820359705983039
a06,0,0.5137601212405052,0.7581675706118912
a06,0,0.41913212101830577,0.7220627989959314
a06,0,0.39063634400585334,0.5810235655773746
a06,0,0.37149430572818837,0.5001596938587842
a06,0,0.3717810416187451,0.7989802619348377
a06,0,0.3659841124093122,0.39569619937077916
a06,0,0.4268391323491404,0.7165585445145671
a06,0,0.3141231298673028,0.7740461107866307
a06,0,0.453846630161761,0.45898971287845597
a06,0,0.547877791827408,0.7972756893740394
a06,0,0.1621785291298308,0.16392728027655212
a06,0,0.23350264443382834,0.24579257615366842
a06,0,0.31846210803031766,0.4793438181344267
a06,0,0.1743931461058194,0.6389417420947855
a06,0,0.33435162819685177,0.28954076697866926
a06,0,0.5398804554609531,0.7744337264858553
a06,0,0.6117785759407618,0.8338840018163842
a06,0,0.33547657003425324,0.14186971170842347
a06,0,0.26251757213488314,0.5387623022055686
a06,0,0.24214663517997567,0.32619204138609764
a06,0,0.20002424689591822,0.2996243793212431
a06,0,0.3686121281879193,0.66290421197416
a06,0,0.33532545464984026,0.41753009933852614
a06,0,0.24878039296276389,0.4724524975398767
a06,0,0.2746419106248531,0.47421490452563775
a06,0,0.31186061324635017,0.4424540886879499
a06,0,0.2866733622338656,0.4028690131913568
a06,0,0.25939756918801343,0.3712429255557491
a06,0,0.28305135369316825,0.13973955993831483
a06,0,0.21606249004294417,0.05743885138233218
a06,0,0.23036993403865474,0.054498662160470494
a06,0,0.17311641589942026,0.01941165948815792
a06,0,0.19659627627910414,0.05458563866408098
a06,0,0.24495944841084916,0.32331124716644843
a06,0,0.7790928613450435,0.811806287558854
a06,0,0.6089114483397422,0.5689332961355331
a06,0,0.3015287957504419,0.5052290766614725
a06,0,0.4983152484758045,0.6337949105772368
a06,0,0.5088797245760476,0.7193208750104713
a06,0,0.7328570393277942,0.8647752426668004
a06,1,0.32605340752818124,0.7491658008797961
a06,1,0.4582027462013236,0.4431632797807845
a06,1,0.40016230271169867,0.7385981878337825
a06,1,0.3517386597362568,0.554314532595673
a06,1,0.3729849157851484,0.4051918477152298
a06,1,0.20256643817500525,0.2266536022235335
a06,1,0.5002310884938548,0.7655709744221808
a06,1,0.3919908903019722,0.1387650671118938
a06,1,0.6036500349533701,0.7199259139334252
a06,1,0.7747870292006335,0.8219510044375491
a06,0,0.3285053709689339,0.061308373421604945
a06,0,0.1453972514812813,0.005929752676753218
a06,0,0.1828206223777485,0.01170421470751851
a06,0,0.1744809981276975,0.011197644602657363
a06,0,0.1316195878083456,0.012639741453322303
a06,0,0.19127064852968015,0.01262196350030085
a06,0,0.1386305557223918,0.010863508286779037
a06,0,0.15009561678975697,0.021732815768241376
a06,0,0.10989010064665096,0.005794259345426947
a06,0,0.14118555411708492,0.018892605499655938
a06,0,0.12622675094664873,0.013357004924100708
a06,0,0.19093388057786845,0.012146337615257827
a06,0,0.3321898045387583,0.11988430130879574
a06,0,0.1494815477990496,0.03864371046632389
a06,0,0.3506915274539858,0.13379849511408518
a06,0,0.20826793057854964,0.020604693098620265
a06,0,0.20705859966308066,0.008888005223143067
a06,0,0.10037658682739953,0.015161191041309582
a06,0,0.20022073168388327,0.025206116078966584
a06,1,0.18073812685255658,0.006524210463482512
a06,1,0.2831884780913062,0.03383029050161617
a06,1,0.315169404310024,0.1513341462021712
a06,1,0.2817709917253237,0.14152777708822092
a06,1,0.2424755597035056,0.036615555401678955
a06,1,0.20171756081829578,0.01383605118194141
a06,1,0.22203531611793345,0.034951184433553606
a06,1,0.25416888431064977,0.16202555343885186
a06,1,0.2183604031889856,0.01558186484386977
a06,0,0.19565699091838765,0.01298269740023881
a06,0,0.2306299930984362,0.11146055759183882
a06,0,0.36334285073537886,0.4361797756586344
a06,0,0.21554010343936852,0.05278614484202795
a06,0,0.14638632576351274,0.013208536029101697
a06,0,0.1939737155162055,0.024640733029302433
a06,1,0.15567975893531233,0.12365931005343639
a06,1,0.20891345186062027,0.029737132119452083
a06,1,0.1550312988288779,0.011840243581151655
a06,1,0.14108244851787985,0.01706407582516544
a06,1,0.11864103321155764,0.006642212971811103
a06,1,0.26794311914277513,0.113136123755377
a06,1,0.8888246945823824,0.5936833718222945
a06,1,0.9565130883603309,0.9198551638617233
a06,1,0.4346574519212969,0.6555006337114239
a06,1,0.5469577516706076,0.8028321975156145
a06,1,0.826734734994428,0.735228730597873
a06,1,0.21397970869734317,0.10377055761075256
a06,1,0.24316373011245732,0.29102842584267397
a06,1,0.9169613437372761,0.9105357754340976
a06,1,0.3614546218666448,0.06947218325629084
a06,1,0.23748288979588267,0.015967119112167943
a06,1,0.1584094339880396,0.026069063542849248
a06,1,0.16026412074912552,0.014137410522576985
a06,1,0.25507430839761625,0.49290009205170093
a06,1,0.16033909832161142,0.2750511026144315
a06,1,0.8000056642770786,0.4248510448301394
a06,1,0.32284865447078154,0.19392046615536254
a06,1,0.24040959714109958,0.31548427573918825
a06,0,0.9565099963432877,0.26575032146096816
a06,0,0.6079954200282023,0.37972708083930845
a07,0,0.2867437663615396,0.3570924964846415
a07,0,0.35641945724315244,0.5729548350768235
a07,1,0.3626296470320348,0.7421469583760022
a07,1,0.36355169276032956,0.2339255942486161
a07,0,0.21749531013917583,0.15507599715005774
a07,0,0.3857363598026261,0.6853637996515017
a07,0,0.23112064360608317,0.1168463902710032
a07,0,0.4725455898283581,0.46202831998768124
a07,0,0.5572811682923231,0.453640386334238
a07,0,0.3446848371290411,0.3332040420320282
a07,0,0.27954789722144374,0.17824776287004993
a07,0,0.46361394008719237,0.5453047241575237
a07,0,0.36778552546053006,0.7495747747228027
a07,0,0.21734707773459674,0.16108768366980886
a07,0,0.24151331080411095,0.17370453160382032
a07,0,0.20080619506036856,0.15285306498745596
a07,0,0.3293546436546844,0.19324665917464912
a07,0,0.2888644960303673,0.449239661960353
a07,0,0.3145044782178567,0.5992801715279336
a07,0,0.37011059208177793,0.11841345224763702
a07,0,0.2123440143694671,0.11489223017244522
a07,0,0.3582738364709192,0.2719223563750623
a07,0,0.2818132246981283,0.15605271836549675
a07,0,0.2643853790201903,0.6914869750383228
a07,0,0.21797033179262884,0.15493784964469126
a07,0,0.3363541750692973,0.5204504036704455
a07,1,0.4109881200452348,0.40433485769002997
a07,1,0.3594286902642906,0.39015960375594966
a07,0,0.20042322684860558,0.1489593417413324
a07,0,0.3568268890786123,0.36838866749612076
a07,0,0.288920339361912,0.14113341837289742
a07,0,0.33253568808297645,0.5840895456213271
a07,0,0.22505451373201737,0.31954910609436
a07,1,0.3740029106785395,0.7154483904867336
a07,0,0.32579341365766007,0.6810795483579188
a07,0,0.38456349080924723,0.8740519876790607
a07,0,0.41491404165654494,0.7190605234792486
a07,1,0.45271094259110756,0.32214539868273206
a07,0,0.4485186689944639,0.8043567426837726
a07,0,0.4857807735181407,0.836357172411247
a07,0,0.34356758948240534,0.4277729872281519
a07,0,0.4638031757489924,0.7903929014373257
a07,0,0.270620390813245,0.26431135074461615
a07,1,0.5114352536064402,0.8169079867299988
a07,0,0.6773446111262548,0.4806816661091884
a07,0,0.3537958827830551,0.07240142408106759
a07,0,0.34144899067678847,0.44767052127715146
a07,0,0.3212925736074039,0.6946000844070421
a07,0,0.45763397426056474,0.7986466987439698
a07,0,0.6866691024440938,0.8758480306530314
a07,0,0.27405929334148593,0.16507945827335627
a07,0,0.34398501082629673,0.648026877560154
a07,0,0.3032743441936765,0.09919228615346752
a07,0,0.4325248439414526,0.719594661392538
a07,0,0.41256763988334527,0.27214144836356274
a07,1,0.4212078232074832,0.6832429508317874
a07,1,0.3510462505382408,0.36650172572774015
a07,1,0.6048947407576164,0.8479439149008481
a07,1,0.396845025207618,0.7058703725315026
a07,1,0.3019340292904534,0.2952411799755758
a07,1,0.3787961428592208,0.625009967394092
a07,1,0.30032595996279754,0.16096594055406907
a07,1,0.3158908896919965,0.25756882949090365
a07,1,0.4598963135140853,0.7706275318448425
a07,1,0.4140358291995518,0.45765732270036863
a07,1,0.29774935544564657,0.20949251431122515
a07,1,0.35367927360472456,0.5183970737586066
a07,1,0.39827452983960776,0.31931181298412903
a07,1,0.34414762486727385,0.5080022638650316
a07,1,0.29167724315465565,0.4290406192034988
a07,1,0.28807834563512075,0.15857372211216986
a07,1,0.5182193488533554,0.7598111993022276
a07,1,0.2529665759679574,0.175234936484009
a07,1,0.4443634002942997,0.47054455018307
a07,1,0.2955421613232366,0.18072465832559154
a07,0,0.3887785801904764,0.6017821911341751
a07,0,0.2410830819270491,0.1093500664097025
a07,0,0.4093267756598976,0.22620451342985579
a07,0,0.3769984459548926,0.19483060533049448
a07,0,0.6039408188623068,0.8409768376845244
a07,0,0.4171752299872052,0.7165181126544193
a07,0,0.29708537979280575,0.2930023635695897
a07,0,0.5956291879240164,0.7988703549194394
a07,0,0.30088081285515295,0.10867452981483827
a07,0,0.311970889239392,0.07635059313808042
a07,0,0.33005599207411235,0.12084948027221988
a07,0,0.35593450078976363,0.4947569130878188
a07,0,0.24419681874526192,0.08560417998007355
a07,0,0.27874640181208543,0.10729561834591254
a07,0,0.21009338242996603,0.2026308444055824
a07,0,0.3895840975473296,0.31122194405461084
a07,0,0.2104412000698494,0.20683620533310296
a07,0,0.8911346475463532,0.2905027141785999
a07,0,0.24697308253666692,0.24643643203997967
a07,0,0.562086744541016,0.7397631670027429
a07,1,0.49549878456437946,0.6742083471540544
a07,1,0.5499277241199476,0.24411007408127997
a07,1,0.8400482990309317,0.8356632104735603
a07,1,0.4547920875720721,0.1798840589384287
a07,1,0.9001609697899738,0.8389153996993803
a07,1,0.4581689765699251,0.640817681311159
a07,0,0.31496246342098655,0.5621032802356881
a07,0,0.4710403379046971,0.7214153141958758
a07,0,0.4010484520038947,0.47371709610170554
a07,0,0.30055372792739615,0.32052219923515
a07,0,0.34330575985153544,0.4101862761710856
a07,0,0.5026028742933795,0.6495737840907501
a07,0,0.39627274415399316,0.6265571355885261
a07,0,0.47841476435664226,0.5768752641576973
a07,0,0.3829817935151539,0.7978603288046501
a07,0,0.4257901688834762,0.7609211865824697
a07,0,0.3796537210511838,0.4504834717335449
a07,0,0.6687335285412184,0.38343469434170774
a07,0,0.5222739307557468,0.8129321415127595
a07,0,0.5129286155746053,0.7979411852691792
a07,0,0.47959675609794294,0.7616937289547974
a07,0,0.5837346478981739,0.8060775837109511
a07,0,0.37440672519692475,0.632290808509946
a07,0,0.5876664380867253,0.8219909136257944
a07,0,0.35661637168209376,0.11962867596885329
a07,0,0.4256367206258438,0.5882976736282884
a07,0,0.38950821370960936,0.3002710859972172
a07,0,0.3436950122671239,0.22076359905743256
a07,0,0.36632147639667983,0.3849049139419115
a07,0,0.6210432467084461,0.9157270571584721
a07,0,0.35190530327480685,0.5100249072346517
a07,0,0.6323509883106051,0.15573118935341546
a07,0,0.1463049314797672,0.003262445184630913
a07,0,0.2166151036972135,0.013194233420491546
a07,0,0.16369816571611784,0.01150219508234319
a07,0,0.21332320693503867,0.01135137274475387
a07,0,0.7168967291155253,0.18428402505884753
a07,0,0.10561941437704211,0.010265002967289341
a07,0,0.1879914737286074,0.04787557230811453
a07,0,0.42038070972803054,0.21436694741176537
a07,0,0.2741637542435506,0.2874353659521588
a07,0,0.1789478067670233,0.031206086763452375
a07,0,0.3815211611869694,0.3349443047933454
a07,0,0.25454923505092286,0.1507555451605115
a07,0,0.36431292318874015,0.5575872027110703
a07,0,0.4898990216525245,0.8323546174951676
a07,0,0.3692095414607366,0.19781444402768397
a07,0,0.22169417069239522,0.13025127400923464
a07,0,0.3419329998261304,0.45664472557183455
a07,0,0.536882504192624,0.5744659837689389
a07,1,0.5059098629536107,0.7385442175462519
a07,1,0.3303451740004359,0.630653302636643
a07,1,0.3728833038535353,0.371363973516583
a07,1,0.3786743803771008,0.6298135572564766
a07,1,0.40871500016191,0.2964779430216774
a07,1,0.3999628984885084,0.20315003052874436
a07,1,0.2595887759188014,0.15224971588515726
a07,1,0.5407049697978246,0.39746342492757997
a07,1,0.2990938095971076,0.21485567689807863
a07,1,0.38103495766086043,0.2653570744257076
a07,1,0.2614806734593284,0.13080276858094458
a07,1,0.34616953681194035,0.6155107581587451
a07,1,0.463249529580387,0.6300436096451424
a07,1,0.7126152162963675,0.8538298186223513
a07,1,0.6017562763035204,0.8220745471260306
a07,1,0.8524021409046288,0.7891400441724467
a07,1,0.7367229068313711,0.7903909476935509
a07,1,0.8306394901630461,0.7814876528757563
a07,1,0.9468386133098775,0.38389051877519664
a07,0,0.9530187670286085,0.7718454958190328
a07,1,0.887787337261271,0.8428803342750851
a07,1,0.8965840086644059,0.307718192903267
a07,1,0.9007293274450175,0.8766719102759257
a07,0,0.9475179257305342,0.6040753646069986
a07,0,0.7841732716915297,0.8723479260177007
a07,0,0.4883406288837177,0.31770590166671464
a07,0,0.9697145645144073,0.6169264186354436
a07,0,0.9893997160158629,0.486345217624204
a07,0,0.9058837194699979,0.7460913201574245
a07,1,0.9357491815145841,0.7305792773078914
a07,1,0.9080850702097227,0.4826354021666536
a07,1,0.7711224611324355,0.7982795819772003
a07,1,0.8396547397723924,0.7328033142956426
a07,1,0.7528697559334022,0.6007388738302911
a07,1,0.9061823258472351,0.8856336816567094
a07,1,0.920734988867793,0.8380094701230754
a07,1,0.4584092102210871,0.6646739288584518
a07,1,0.2233851568812824,0.12727194514675474
a07,1,0.26104041594827115,0.07407149332552189
a07,1,0.644025893273111,0.6044404179260178
a07,1,0.3977204989102421,0.5595941591809709
a07,1,0.28036122968163,0.1889980429226381
a07,1,0.39756885334712777,0.28680833418286084
a07,1,0.4630517023788489,0.16216830000696578
a07,1,0.7101046745611246,0.8026989524237406
a07,1,0.46562276278306713,0.7133065624765709
a07,1,0.7071800965141412,0.7393429868957158
a07,1,0.42506599179019117,0.23841648033092325
a07,1,0.8320726495680155,0.5930073553215773
a07,1,0.6318089571385723,0.844165169079823
a07,1,0.5172250231799317,0.5382887051133725
a07,1,0.7435482302588102,0.8116344587088355
a07,1,0.43864313617230866,0.2053934716602819
a07,1,0.6205014935093769,0.5471269556720479
a07,1,0.670033231929828,0.5166141510716372
a07,1,0.8018848909557236,0.7883444527072083
a07,1,0.40741201307763125,0.3904366435494778
a07,1,0.7277944339835395,0.8013227522789417
a07,1,0.732036261262306,0.8427963583811886
a07,1,0.4499674675386115,0.3995764710172997
a07,1,0.6958976902712567,0.7933807444967546
a07,1,0.6334167819103205,0.7282431719773272
a07,1,0.8232491347728456,0.7153467741134428
a07,1,0.6543217951481338,0.6839136332376821
a07,1,0.7465457477066523,0.8548047145510482
a07,1,0.43872274577641285,0.38097919811942715
a07,1,0.8157699040657949,0.8021630766241732
a07,1,0.8116737832893074,0.7568589556579097
a07,1,0.8012268588919961,0.824641180561854
a07,1,0.7034387740026515,0.8469911597266048
a07,1,0.7800642478911255,0.6263285041923583
a07,1,0.6477064102854646,0.6900417772961173
a07,1,0.5442370548166907,0.707301901398097
a07,1,0.5218855120444389,0.48390099405078124
a07,1,0.74766759898215,0.7567985331232542
a07,1,0.8022033795371472,0.8460979808992286
a07,1,0.7712686204880828,0.7927522493413109
a07,1,0.6046025611657648,0.4056985342466073
a07,1,0.6889438399714604,0.8083133226894067
a07,1,0.5067727073396895,0.7817008780462671
a07,1,0.6876757970205555,0.5366176629487511
a07,1,0.5579668782551488,0.508554902884697
a07,1,0.4237220444149193,0.5502035969838144
a07,1,0.3332642986680503,0.3384489686354426
a07,1,0.733348128153713,0.8037292404624112
a07,1,0.2926612299550048,0.10302386273247785
a07,1,0.5830242046577666,0.7759799173297283
a07,1,0.23923005330889213,0.2093213261195896
a07,1,0.548733001099666,0.696852522885351
a07,1,0.5028298895787915,0.4789345141481911
a07,1,0.279905686838641,0.16874872470646585
a07,1,0.3203507542720557,0.4092983789682939
a07,1,0.3673060669369715,0.14314961246558297
a07,1,0.4512345655790307,0.6244079254780327
a07,1,0.2724924775495712,0.3463188297141494
a07,1,0.31746470890666856,0.15736724858864667
a07,1,0.9084387123998342,0.10159220390803451
a07,1,0.5137301740134502,0.7103849917976093
a07,1,0.6238715591365932,0.5315485258396139
a07,1,0.4228313079077316,0.16594161201493254
a07,1,0.44908012503310263,0.32945954812744416
a07,1,0.30873704414933995,0.41933034679838715
a07,1,0.5724195684486028,0.7818290545888683
a07,1,0.623939588720526,0.7393319672261569
a07,1,0.687920400228086,0.7229887721975587
a07,1,0.37467735245482553,0.45805021284311653
a07,1,0.4658849588363831,0.550942237888324
a07,1,0.4336107268676633,0.6232894823542402
a07,1,0.4017213232043658,0.738544111471349
a07,1,0.458589800099263,0.783732274450852
a07,1,0.5299446481463185,0.5393077220638449
a07,1,0.8639025829928976,0.5905355271806072
a07,1,0.22239456644824498,0.1904378358842793
a07,1,0.7300630451495177,0.3387010297857425
a07,1,0.4782128979695488,0.5450853703075057
a07,1,0.3189082980118556,0.527170431384557
a07,1,0.5354485114337317,0.41502419252303746
a07,1,0.4853979560316392,0.3891746994752564
a07,1,0.3732836345462134,0.17111881301712042
a07,1,0.37292479491364416,0.13367511077081773
a07,1,0.7061296654441654,0.6701023192725806
a07,1,0.7305239478005736,0.41216222952628356
a07,1,0.3023739280749412,0.19043192193125538
a07,1,0.5575311958599506,0.7014015215202389
a07,1,0.6399483579459583,0.6743893048078611
a07,1,0.34402266807122134,0.14890856785467999
a07,1,0.3014178633430025,0.46693504608660114
a07,1,0.6741079372636064,0.7443422569941448
a07,1,0.33547266462626124,0.08752073718375754
a07,1,0.6047154889522225,0.38790782350907504
a07,1,0.6108674798642677,0.6994021784808342
a07,1,0.2846340141429291,0.15294821958139743
a07,1,0.4327375274259103,0.5232042632715699
a07,1,0.8603986065248318,0.23317050546421447
a07,0,0.9078638083292854,0.23753328339617308
a07,0,0.35171828296820623,0.5746057217671122
a07,0,0.4514021117265993,0.6503246956563221
a07,1,0.5839850456966521,0.7113058825424682
a07,1,0.7115776314740703,0.5536359454041798
a07,1,0.7060600089286074,0.6750885384190908
a07,1,0.8673593788058854,0.5081549325550588
a07,1,0.7324123631186796,0.7313573897486035
a07,1,0.845886528329068,0.6862461026284488
a07,0,0.579649539667795,0.4533834734251815
a07,0,0.794862160150156,0.7594970622997828
a07,0,0.6873768227587419,0.3945151198989037
a07,0,0.9664888974279092,0.6181199772340222
a07,0,0.9825087162374418,0.49951692181627655
a07,0,0.8205005633233453,0.4942948813245065
a07,1,0.8735550801474229,0.849515429327684
a07,1,0.9718332229632345,0.6509371297709695
a07,1,0.8132571409272155,0.6633784199504855
a07,1,0.6221896130146023,0.8295279023842809
a07,1,0.8558603220814623,0.8276876641403198
a07,1,0.695730716480005,0.4213137758372778
a07,1,0.9056637132988445,0.8756375366370129
a07,1,0.8208710663426784,0.2855704821340019
a07,1,0.7083478099708869,0.692592603231646
a07,1,0.8355444205419102,0.7044834028265455
a07,1,0.9179491749334152,0.6926776981759811
a07,0,0.8249936772217706,0.37394197801273665
a07,0,0.3839545128410074,0.6645515150355218
a07,0,0.416626343031953,0.7784787220093242
a07,0,0.6597706425077057,0.3750249953497724
a07,0,0.7841498984743632,0.06984529433482509
a07,1,0.515146799985166,0.7481032140893186
a07,1,0.5634881205075949,0.8201431105703159
a07,1,0.5971846708189492,0.7132504162922526
a07,1,0.6760985945453961,0.8555583488928511
a07,1,0.5576642987074036,0.24793765617720626
a07,1,0.7417724003901421,0.747468371359083
a07,1,0.8528849902230166,0.42272879783934547
a07,1,0.7943433192348702,0.8056016415805475
a07,1,0.8553578312095437,0.7071078660811854
a07,1,0.6247659368810635,0.7471618799815594
a07,1,0.8095382774817167,0.5642762152009192
a07,1,0.7764170621527334,0.790109983369999
a07,1,0.6931498921309568,0.7101716349965979
a07,1,0.5896242118189075,0.3860826039939227
a07,1,0.7385539073079215,0.5683627839781552
a07,1,0.8400847927648628,0.5974759283444631
a07,1,0.7789577581284224,0.6282548918319413
a07,1,0.8781989476339634,0.7959641986262664
a07,1,0.7399138622633367,0.6670358578948284
a07,1,0.7457128258117168,0.8284403955260934
a07,1,0.6858182235877527,0.4168900705947902
a07,1,0.7086130294143261,0.5664963988335108
a07,1,0.7564057145738171,0.8594737914923686
a07,1,0.8347658111868109,0.5853443362748497
a07,1,0.5669388432943884,0.4853094418617346
a07,1,0.8943202325077934,0.6239690902535928
a07,1,0.7683757865850147,0.6982545470642741
a07,1,0.7402126298842207,0.6471949903742596
a07,1,0.6497659866389737,0.6456173635522303
a07,1,0.9051799275409158,0.8315957531252673
a07,1,0.638856018584397,0.8278925213661436
a07,1,0.8100597085784682,0.8826111535499871
a07,1,0.9169224707144421,0.13409859326889506
a07,1,0.7249786959578123,0.2881064489768556
a07,0,0.6254621042870686,0.734358822103377
a07,0,0.3988820048731625,0.4725356889201875
a07,0,0.6062859587666554,0.3544937192431593
a07,0,0.5685666967938295,0.7623157023967222
a07,0,0.6329594721812302,0.6231158584151849
a07,0,0.38895583899529684,0.19957870284868653
a07,0,0.6696617014393215,0.21836057888409974
a07,0,0.5213968723196399,0.7582776771741059
a07,0,0.5337341864223717,0.6828829144897667
a07,0,0.5812565584903459,0.6959162248497677
a07,0,0.5866114112793807,0.7069044322714821
a07,0,0.35090531410511105,0.5094249190556638
a07,1,0.6927914164815562,0.58424533020606
a07,1,0.6273256170716235,0.7750050742077447
a07,1,0.6350686196256963,0.3897689441227296
a07,1,0.6957466926465449,0.5797475054616955
a07,1,0.7059958010955224,0.7826077120488161
a07,1,0.5603081334830174,0.33267440279375066
a07,1,0.866734981732568,0.7968347681753108
a07,1,0.6240420139375753,0.8690357978607514
a07,1,0.7415373328600049,0.6118508009907391
a07,1,0.9012408710787679,0.05210489746578993
a07,1,0.7566246886386861,0.6232669109586966
a07,1,0.5746424828796559,0.7185011564972389
a07,1,0.8718442042813878,0.8670424452663489
a07,1,0.7833636819014905,0.647441078422387
a07,1,0.39584161444803895,0.15506724184733836
a07,1,0.7500896459130589,0.6217531291110052
a07,1,0.5124841454232791,0.6324546506971053
a07,1,0.9555445938920005,0.3638071682007281
a07,1,0.9781103024746165,0.7379519091764087
a07,1,0.9019002593910694,0.3883998170610151
a07,1,0.9883628880105607,0.8918860804517944
a07,1,0.9935992140693211,0.19750178827080894
a07,0,0.7438056429426901,0.5867497029047161
a07,0,0.9899927283375034,0.30591265412233554
a07,1,0.9865033154988061,0.5782681625464345
a07,1,0.8012006939274957,0.789200014756653
a07,1,0.9048539571052757,0.5448405623507395
a07,1,0.9822711671160022,0.6441214973800151
a07,1,0.9853020727313555,0.25625657274472297
a07,1,0.821885825052267,0.8379444738085698
a07,0,0.6238875833188047,0.2920768499858261
a07,1,0.9696652847089617,0.4823964254035502
a07,1,0.8186181302759978,0.8549726186226178
a07,1,0.8325488645425995,0.5255781907292731
a07,1,0.3422833340090759,0.6511112459745347
a07,0,0.8992891846341144,0.6886289119912792
a07,1,0.8238551037400867,0.7403267581343282
a07,0,0.9940216088473152,0.3250092391489015
a07,0,0.957139754497031,0.08501010893107187
a07,0,0.6719665770285819,0.11223772117373931
a07,0,0.2138833513337774,0.064031229363395
a07,0,0.45600599641579387,0.4465498447222151
a07,0,0.5691114563607382,0.2879259260016154
a07,1,0.7473814412552469,0.34983638271014084
a07,1,0.8469379719953194,0.25567497441786985
a07,0,0.8110693018808641,0.6080586328696734
a07,1,0.7866657176566763,0.6263745299543594
a07,0,0.6125342621986215,0.7704226797494145
a07,1,0.7894264267127373,0.771315502605182
a07,1,0.3640706687636645,0.07960814732145394
a07,0,0.5476179210215395,0.44380484189111696
a07,0,0.4405360898826037,0.33120631988210936
a07,0,0.5472924214491203,0.6761766260354967
a07,0,0.830966815008733,0.391500786044654
a07,0,0.4522328306251564,0.18587709452153134
a07,0,0.11086998326425104,0.021186822609216917
a07,0,0.8653463859648671,0.20838480095131967
a07,0,0.14764177376265972,0.01247593958254385
a07,0,0.15316544993938735,0.009582513741136238
a07,0,0.2567660027486878,0.047446235302740614
a07,0,0.4129668715975891,0.35739011181210234
a07,0,0.3546288946298778,0.05493849137070459
a07,0,0.40736285886334,0.05806165680319486
a07,1,0.5706462993460798,0.4635717403008847
a07,1,0.34779883497936553,0.23154209626310643
a07,1,0.4318911532281983,0.40365479822176825
a07,1,0.6912860248486314,0.5405231131441428
a07,1,0.49804315715744896,0.5939720390581816
a07,1,0.3202835305235767,0.12710825555115346
a07,1,0.19516686793447166,0.16500775463477588
a07,0,0.35128400897989037,0.2540874281970996
a07,0,0.47508777413388964,0.41716607205833256
a07,0,0.26128801529148427,0.1053463067472354
a07,0,0.3442169432563917,0.05051536733339152
a07,0,0.2598266384632021,0.17663309012856182
a07,0,0.20517137638152236,0.09084132884581579
a07,0,0.2532240299953004,0.03105397614440355
a07,0,0.27705147838185207,0.08140216125893726
a07,0,0.31751112258994063,0.24424407635781473
a07,0,0.22072780063639794,0.05524374792666824
a07,0,0.2604604697865712,0.06669460669261158
a07,0,0.706701818996835,0.36184511014765447
a07,0,0.6069020821294002,0.790818130574777
a07,1,0.9351370981815826,0.3894888321888874
a07,1,0.37386133729256155,0.7149544507644359
a07,1,0.5321482082434426,0.46359075132922695
a07,1,0.8981203203435585,0.5520168564629456
a07,1,0.5100821075867178,0.3080484493816363
a07,1,0.6853971314534159,0.3010292075731412
a07,1,0.6945723505898918,0.5058455041357356
a07,1,0.6439734319153325,0.2131278311543333
a07,1,0.48382287877383595,0.43327277191358304
a07,1,0.5876441856072805,0.3819339920565716
a07,1,0.6464528310179423,0.25442580797358405
a07,1,0.629170236719404,0.6822500912745519
a07,1,0.6330800253864257,0.6800991115630163
a07,1,0.8104320347706192,0.6659785502461728
a07,1,0.7461993634871054,0.7323038006473374
a07,1,0.7832356276986292,0.7427865749904576
a07,1,0.8277816581310419,0.6470184308264629
a07,1,0.7954137605445479,0.5357981241605497
a07,1,0.6677273760929019,0.6906112897802938
a07,1,0.8503195324156858,0.6095013396545605
a07,1,0.61490121799733,0.3695244877135921
a07,1,0.966836997963047,0.45220962032929796
a07,1,0.7036798226158808,0.7399434225292748
a07,1,0.8705423398655939,0.6696406173497248
a07,1,0.8155028621068288,0.7258063534794628
a07,1,0.5539016941525327,0.4769464868778233
a07,1,0.6521861351205217,0.5807648476511862
a07,1,0.7861255635049527,0.786829331130048
a07,1,0.6845458131580476,0.4430242475356541
a07,1,0.8043461721170914,0.6910710733215172
a07,1,0.6598124652166277,0.39031456322478336
a07,1,0.5004723330038826,0.330681810931305
a07,1,0.6687652333934904,0.15060388116745876
a07,1,0.7432116970374271,0.8965059523029911
a07,1,0.5016168950978098,0.6657853613100627
a07,1,0.5257443654178127,0.33903381367087776
a07,1,0.6501044534272858,0.6002719512394408
a07,1,0.9496319314203592,0.2300086423586089
a07,0,0.8521141717562849,0.6388511756386492
a07,0,0.6643732291038035,0.6397041037034642
a07,0,0.4138094709492433,0.33366221332061025
a07,0,0.3344591121024284,0.2432582660245257
a07,0,0.28177570267256796,0.3975707872752841
a07,0,0.2194795037794011,0.1125585392953856
a07,1,0.3478078383325955,0.7264701248163102
a07,1,0.4283891021566431,0.4578553999569286
a07,1,0.36770674767792827,0.12034989896581204
a07,1,0.3483575127906855,0.17825196736465088
a07,1,0.32059115616228534,0.13940828579696257
a07,1,0.25315889054966767,0.10570179875998947
a07,1,0.5804754547104153,0.6528987372218555
a07,1,0.39897811356115614,0.08372475431157868
a07,1,0.2755076808833467,0.032566566392814446
a07,1,0.4098289661481349,0.6020649948634671
a07,1,0.7880821188997782,0.38840160232266185
a07,1,0.5712721796418898,0.5554368466357381
a07,1,0.29625487574635767,0.24921779298949825
a07,1,0.5622181395180609,0.447179729972781
a07,1,0.9570583922055849,0.49654258654901656
a07,1,0.5968576841540003,0.4419790255242987
a07,1,0.6735086150735163,0.7941807675928703
a07,1,0.5795837019311215,0.5534330047746805
a07,1,0.706891939651366,0.6885025680850059
a07,1,0.7742125625688611,0.763989858730603
a07,1,0.4946951090557265,0.8175984466988347
a07,1,0.5274316670317447,0.5034304740271033
a07,1,0.303760628098042,0.04714910888080401
a07,1,0.326918288091021,0.05673603528273924
a07,1,0.6395646636024926,0.5006381441615636
a07,1,0.4169277395678448,0.6858761607745424
a07,1,0.6983641612554822,0.4740488635664137
a08,0,0.15130331011185993,0.001075799400734264
a08,0,0.2275637028704592,0.0174111707887165
a08,0,0.16654568261080518,0.001800059959817904
a08,0,0.16281559252772784,0.0032242517979364418
a08,0,0.21924166374138218,0.08835624096834604
a08,0,0.25931372048052065,0.03391252609344564
a08,0,0.2022112323337151,0.005144297804643814
a08,0,0.16958222820474733,0.041746803639333765
a08,0,0.16803335770004796,0.003114640428060668
a08,0,0.18725484021993005,0.005392663426110271
a08,0,0.20569715013911966,0.014383202414927314
a08,0,0.19296288754913718,0.014407935256677952
a08,0,0.2241438787533661,0.029678199206279236
a08,0,0.4449129726811913,0.3217884275086885
a08,0,0.14782082619461773,0.033189642810313176
a08,0,0.227976121232257,0.03696540244487261
a08,0,0.40598236499858775,0.14458652241940598
a08,0,0.2262114554342013,0.012318250124390728
a08,0,0.19074338071683225,0.004240861471164961
a08,0,0.2890629049522994,0.2985707627514563
a08,0,0.16869522830054884,0.0019350280343808425
a08,0,0.1806708947385427,0.009071444492218972
a08,0,0.20024067552491118,0.006098859026800183
a08,0,0.19632716038990053,0.00991796028482802
a08,0,0.17121985510488,0.014240109335747455
a08,0,0.20551828145408638,0.008364049996462227
a08,0,0.2632624880779659,0.29255637117060634
a08,0,0.2462722593062033,0.036553255093536574
a08,0,0.30538829927093525,0.10939025358526634
a08,0,0.31124001475263063,0.020403770336774124
a08,0,0.38962580130115193,0.4993912160963485
a08,0,0.310298571809438,0.022610399804025908
a08,0,0.44606018863002345,0.37144969278648604
a08,1,0.5355192466840704,0.6879225831660758
a08,1,0.4268288818881804,0.3079014812973662
a08,1,0.6372442444952269,0.6966865920192672
a08,1,0.49202161258478655,0.18767504090902337
a08,1,0.5579461231839399,0.6191326962210234
a08,1,0.4832103827936555,0.18360832275975514
a08,0,0.3593498968311787,0.08827662833632273
a08,0,0.41780259899419414,0.13792361186577923
a08,1,0.2796848187385474,0.46257809066239275
a08,1,0.4444843747445406,0.053635486466818164
a08,0,0.30812784539781346,0.08154878242639385
a08,0,0.20620312667189367,0.027949751819251998
a08,0,0.17381429546657357,0.020447412915202995
a08,0,0.2701911853891411,0.0333929589821255
a08,0,0.2078916437397466,0.025072674975420876
a08,0,0.20803946347622967,0.01082144512885724
a08,0,0.26966884055339746,0.03666582818091826
a08,0,0.27217261982127466,0.17193209628191922
a08,0,0.35215422604174845,0.2812490965135376
a08,0,0.39262769338198084,0.6038588222572264
a08,0,0.4319122825619615,0.6503628731865079
a08,0,0.3951720991139386,0.7330361899228348
a08,0,0.48436398552332705,0.4867612915683881
a08,0,0.43671692756070096,0.41178238018304836
a08,0,0.642016066669502,0.7325668735207446
a08,0,0.4865338220087642,0.7938799854522428
a08,0,0.3074998871302256,0.1651274534193956
a08,1,0.7225853609487436,0.8899150270795343
a08,1,0.47177662187092123,0.5678511292122347
a08,0,0.20393092464510462,0.031851311404922616
a08,1,0.46068604413707387,0.24804947519269746
a08,1,0.27380659511977273,0.4681843014554053
a08,0,0.25113399973299955,0.09706496658682702
a08,0,0.38683053001078993,0.21700025426320874
a08,0,0.1826250027238304,0.02799426423167146
a08,0,0.4084547562389476,0.16789858368293192
a08,0,0.16948288331320452,0.08987059860996544
a08,0,0.15950289271306214,0.08907531776823358
a08,0,0.15716004436630698,0.013131756126183851
a08,0,0.4800738867702194,0.23599865199863249
a08,0,0.44191473166600737,0.4994896796477752
a08,0,0.48723401243241965,0.2815702279842522
a08,1,0.4428327399142156,0.5646965449804384
a08,0,0.5680966468291182,0.3841256973975312
a08,0,0.6710426664364497,0.7776842736709912
a08,0,0.5687089678975846,0.7081657037750462
a08,0,0.48733707693290584,0.6453445881239989
a08,1,0.7153681833861133,0.7750809756774297
a08,1,0.369637890631657,0.4053316772336896
a08,0,0.3349498971642263,0.4116830023452958
a08,0,0.3853910923822955,0.17413778179622985
a08,0,0.6715122959294523,0.3530226871125116
a08,0,0.4433204386710966,0.6284888356426934
a08,0,0.5327001362290771,0.6132916393244504
a08,1,0.44186909606503433,0.32678159714942107
a08,1,0.4672595515250256,0.5473641058875107
a08,0,0.6616504220459517,0.5785990841631711
a08,1,0.43530292029324175,0.7116362753308844
a08,1,0.3327271302578222,0.12350554503621497
a08,1,0.35197558552169855,0.5892433654902501
a08,0,0.4453276551984387,0.11301339019775601
a08,1,0.5128512326250333,0.580359979560907
a08,1,0.6427931386537449,0.16930612771900563
a08,1,0.5612183995869154,0.5084418439762954
a08,1,0.5627476643761236,0.7066285103821286
a08,1,0.4354800676678411,0.3288233898676996
a08,1,0.5975609821031151,0.7519177973763949
a08,1,0.4172531996189136,0.43436322703759006
a08,1,0.6906477715199183,0.12675792873956687
a08,0,0.41208331018043987,0.1927566020350556
a08,0,0.21141868065575276,0.04377355384700289
a08,0,0.18316689211130102,0.005025776706180124
a08,1,0.2633039328752045,0.04968813545171184
a08,1,0.2349343985374399,0.07104367211396398
a08,1,0.3366997719071707,0.05081788349785677
a08,1,0.35286534029370514,0.14889100419296655
a08,0,0.38986584722136536,0.18855674624950908
a08,0,0.1970077923727737,0.009385441182371872
a08,0,0.2861891086274457,0.029227340502384173
a08,0,0.3001786217904664,0.06469134864420177
a08,0,0.15641897462569104,0.0023673230121533783
a08,0,0.18184977558154344,0.06841474308707689
a08,0,0.18447113566034284,0.02222942801707888
a08,0,0.20165173141370268,0.015955235639322243
a08,0,0.30524581859854616,0.03468463645911486
a08,1,0.3073202651384578,0.3268088115378409
a08,1,0.4048644665982156,0.3573444618149224
a08,1,0.3848376869152148,0.7380085561093543
a08,1,0.5091407926101246,0.775875887731211
a08,1,0.3213395194422742,0.12702808982472522
a08,1,0.3560713230653108,0.48089789494262886
a08,1,0.35965471789229037,0.48998062134438775
a08,1,0.45163734156985846,0.5643117877474138
a08,1,0.43336146237645295,0.09487557927656519
a08,0,0.31431079260047035,0.06667124128002126
a08,0,0.25854504692486585,0.059572724907136554
a08,1,0.2706213152222938,0.04250901205753911
a08,0,0.39731599162394216,0.04299773062356107
a08,1,0.3059939062018812,0.10976217133900545
a08,1,0.4064565839926027,0.2911117203159351
a08,1,0.4187953818906499,0.4901624965757776
a08,0,0.42669022074198104,0.47299677111637795
a08,1,0.39824814645475864,0.2881206532255804
a08,1,0.4293328186473254,0.6837784603263025
a08,1,0.24764175428758534,0.5518195709653574
a08,1,0.5383564206581238,0.5971827405363374
a08,1,0.462143811919053,0.4546293411281287
a08,1,0.3607664088398589,0.485312332302109
a08,1,0.4257895582567639,0.4013271178476615
a08,1,0.25300747612017477,0.026977301028708205
a08,1,0.440114109749003,0.5371104595386268
a08,1,0.35578201443736324,0.11597929043838438
a08,1,0.3528283411114014,0.15457779124044782
a08,1,0.3786101820090137,0.33816636916417375
a08,1,0.4424505166302223,0.4310588557644546
a08,1,0.38298348346388494,0.44696741175644805
a08,1,0.4694305449536691,0.39322504385330564
a08,1,0.4160453667974296,0.1210253620518249
a08,1,0.45126373291364674,0.47453387752692744
a08,1,0.4605029392724666,0.34529227107283583
a08,1,0.5053044244350426,0.6274089459042965
a08,1,0.6608149127776848,0.718713693832485
a08,1,0.4495561446350333,0.1703767166194052
a08,1,0.3259436789482788,0.18372767810677915
a08,1,0.4222020043132221,0.29890355931033097
a08,1,0.5677839501079883,0.5612468716189255
a08,0,0.27701051038170454,0.01498002442983503
a08,0,0.33532578763699894,0.3712765369922791
a08,1,0.5538027085174521,0.1647681625137879
a08,1,0.513687352238651,0.5537477747451126
a08,1,0.25205397517391637,0.07859857383726396
a08,0,0.1863503670961335,0.016465768027733096
a08,0,0.24959785669331966,0.13030439836299051
a08,1,0.5340020510550173,0.2993877813212425
a08,1,0.20689486914890945,0.008423191482961572
a08,1,0.3358389117082327,0.02137797559845576
a08,1,0.4096192753490344,0.3394014783032057
a08,1,0.19199343206410208,0.008449344743472255
a08,0,0.16992239122164188,0.01501056861483707
a08,0,0.32193322028723953,0.01913980583531674
a08,0,0.27549697005041546,0.0339552487874094
a08,0,0.16647621648607744,0.005705924478008534
a08,0,0.3522029652700592,0.0672858742790055
a08,0,0.2379788496333596,0.02075438089760488
a08,0,0.1494465941112218,0.0034669591279588266
a08,0,0.17665961735413677,0.0030557904297011445
a08,0,0.18109955461369398,0.0036181776130175666
a08,0,0.2059059096448825,0.00648595396775304
a08,0,0.18546322809931173,0.009892064887376826
a08,0,0.15356076394536292,0.005793029814099198
a08,0,0.15129255374123413,0.0021341851486857393
a08,0,0.17423188256461608,0.00958471630915668
a08,1,0.4291078883565904,0.058462432827300945
a08,1,0.22213977822253042,0.021453975054290107
a08,0,0.16821277830856907,0.006794932671802477
a08,0,0.3701369166072004,0.1373985933603693
a08,1,0.3250153754120662,0.37092123383162934
a08,0,0.1789652836035896,0.004098178986482725
a08,0,0.21116998142180693,0.04163495795736593
a08,0,0.18272708042951893,0.006339644468530342
a08,0,0.17021640887529466,0.015492393817257285
a08,0,0.20893658557304542,0.027439960067667746
a08,0,0.4599586129852342,0.09918319090604866
a08,0,0.275981447942536,0.025818203095165543
a08,0,0.15983737573993884,0.0014169146604591574
a08,0,0.16571497071133245,0.00884407800055587
a08,0,0.14173284703890607,0.0008670122460310919
a08,0,0.12278101868239431,0.003729009945893556
a08,0,0.1260211852186609,0.006009962267781612
a08,0,0.19982642686150606,0.007533462834781753
a08,0,0.1652749988510893,0.054800934164196895
a08,0,0.16562183874775227,0.04655832439191529
a08,0,0.14231900232757255,0.0006795709196252231
a08,0,0.1758080378762411,0.008497369104937688
a08,0,0.23326715279235397,0.010510047816037578
a08,0,0.17455231039226593,0.003055578234378995
a08,0,0.4152132326422371,0.24694731380993146
a08,0,0.12938463006493306,0.0021768977549766915
a08,0,0.1639484595383166,0.01650877943053235
a08,0,0.2944710596471171,0.012978825764794477
a08,0,0.1952991591513687,0.006817258042366988
a08,0,0.23419353726691533,0.016686876537444075
a08,0,0.20390807535426086,0.013872931252302113
a08,0,0.18498457510950875,0.010205938750609852
a08,0,0.16860676708780967,0.0029922100261082106
a08,0,0.19658599377676805,0.010549811759528507
a08,0,0.2486706584328922,0.1075626282535546
a08,0,0.273738424738293,0.07626185528072654
a08,0,0.22663567765325618,0.062280559185202915
a08,0,0.2258992683182498,0.08668555731144875
a08,0,0.28972885963196243,0.041066242670093116
a08,0,0.16123014318327,0.0026549143352422116
a08,0,0.4022936597529091,0.14482864257258898
a08,1,0.21060243075492893,0.024530822015139515
a08,0,0.25670822088185924,0.09938676871943614
a08,0,0.32288115849402943,0.027695442916361883
a08,0,0.18105017675715276,0.004526556822110708
a08,0,0.2377734279646062,0.07617147747473399
a08,0,0.43435989868371033,0.5828701676429405
a08,1,0.26862028106695346,0.2840896093502534
a08,0,0.23210966427143417,0.01961514129043122
a08,0,0.2716697385190672,0.025333176322736514
a08,0,0.24190013822364578,0.05686254632440985
a08,0,0.4398118774117337,0.042017509978833585
a08,0,0.20817233095014956,0.014582508866774306
a08,0,0.3478685799781134,0.28752666442695757
a08,0,0.19003554415390472,0.008406892162102782
a08,0,0.3693357576775043,0.03151731306905913
a08,0,0.17099857115368836,0.08465758698109573
a08,0,0.17574817922401817,0.033035790179334314
a08,0,0.2744733702771747,0.04278052876115221
a08,0,0.4107864923382255,0.27626337696411074
a08,0,0.26941358839459073,0.03561367008270018
a08,0,0.2434418844457567,0.09429445270486203
a08,0,0.32211156838446525,0.14386138842799845
a08,0,0.1826983222673768,0.007001410174705195
a08,0,0.2975492270705638,0.10173834509313763
a08,0,0.17466356508114822,0.0083435179419483
a08,0,0.17495604053165173,0.07027557114793517
a08,0,0.21768873539705996,0.12449462445057963
a08,0,0.22406180203781972,0.017569934457338666
a08,0,0.5456856444903956,0.2488942063040638
a08,1,0.7118716931994692,0.21920483449442582
a08,0,0.7024045586196161,0.4389306781081886
a08,0,0.35667347941460087,0.3311908168526388
a08,1,0.42209823704430594,0.7851622383448451
a08,1,0.36750473280455265,0.33067966772977364
a08,1,0.3553407287777325,0.627062104151636
a08,1,0.30677095780330665,0.19896187714255012
a08,0,0.3782115283058758,0.3558216335145992
a08,0,0.24065266643459923,0.10783216659710203
a08,0,0.38779238629886237,0.09959864957046537
a08,0,0.2265185844763575,0.011815497211866028
a08,0,0.25194622455894283,0.029172988286781935
a08,0,0.24492176648462816,0.04884093041532794
a08,0,0.26685207806829553,0.03045220028477839
a08,0,0.183328796256423,0.08361747191180709
a08,0,0.1781242553151856,0.0072282469633496394
a08,0,0.2164598468683608,0.011075254106986527
a08,0,0.22080753159187627,0.021144863359447173
a08,0,0.29078060852841725,0.09226132772845679
a08,0,0.21055080319938127,0.010308400987686855
a08,0,0.2463475038391528,0.02238247587136532
a08,0,0.23838907633091805,0.023163087145722634
a08,0,0.2202192223216678,0.2534254568551657
a08,0,0.2579848826522977,0.038327402935595396
a08,0,0.20949016999188788,0.060088953639269777
a08,0,0.23509278866989086,0.03592057169282662
a08,0,0.23003394144771816,0.1760975586702321
a08,0,0.3330936153153109,0.17158118711867143
a08,1,0.2402839828043968,0.10946037998919951
a08,0,0.31879184472771277,0.4775339315617592
a08,0,0.3502039802068983,0.2812645517692121
a08,0,0.18109386832236168,0.0825678146014417
a08,0,0.2371145579573655,0.018965636489628873
a08,0,0.2013123217982873,0.02109419238110495
a08,0,0.39884713059948795,0.02618043100170575
a08,0,0.231581723122707,0.026148852243489597
a08,0,0.2755681296731959,0.04086165143492772
a08,1,0.2520105558632336,0.19134064240186113
a08,0,0.25855140157908824,0.269767536992976
a08,0,0.2800907409938804,0.10830818459478389
a08,0,0.27579472546751344,0.17817174741394937
a08,0,0.26341311015061764,0.08101408854564178
a08,0,0.3882212066271411,0.5537574821063823
a08,1,0.244459722364975,0.2783020335577143
a08,1,0.2451488188801676,0.430040266684276
a08,1,0.48583284400157956,0.7930457193641557
a08,1,0.26734047649565923,0.15622857847307814
a08,1,0.33063432324871134,0.4298431910255513
a08,1,0.4941797997251345,0.9260136753282773
a08,1,0.31649418394228096,0.46406818204471567
a08,1,0.34266860440223823,0.38384503146242194
a08,1,0.436143377686435,0.46561402505588845
a08,1,0.6408309593716558,0.13051812725515252
a08,0,0.41952193874555993,0.23973238065127753
a08,0,0.20252717349382604,0.012487855789519825
a08,0,0.3229781363953425,0.5382141498810608
a08,0,0.2075400758756594,0.010987720790904895
a08,0,0.3527963803909764,0.5536127525105845
a08,0,0.30377996694170906,0.2604938767012422
a08,0,0.41403468872523264,0.42787624967713384
a08,0,0.4436384288194618,0.6847191456678512
a08,0,0.3975306799721883,0.4265475669009607
a08,0,0.3905170364851188,0.25763029322636616
a08,0,0.3329764076986715,0.33459035149535366
a08,0,0.2371044750003824,0.044985252617768624
a08,0,0.33515417280224646,0.2258773393539435
a08,0,0.44649382119933356,0.300216042405394
a08,0,0.643042508999057,0.4748579284981884
a08,0,0.3046610529741214,0.10489291872018351
a08,0,0.381319674347281,0.3177117888279433
a08,0,0.3870869546331515,0.6137281890668415
a08,0,0.3828502868902427,0.6238921542673619
a08,1,0.44788958709436666,0.7752962037618416
a08,1,0.4315214517530353,0.7191369519546401
a08,0,0.34415917740012114,0.3717099839943185
a08,1,0.24127543857416472,0.5414890411044537
a08,1,0.38251805097765357,0.6707814135240315
a08,1,0.5595124021701392,0.7990331355354365
a08,1,0.3599377037668664,0.6080481577063582
a08,1,0.3410036509684965,0.38643818149189807
a08,1,0.39745669235991116,0.6139583967886705
a08,1,0.5524007063637651,0.8902760110471679
a08,1,0.5446042428665886,0.8220179846110365
a08,1,0.6242912200486317,0.833202227515741
a08,1,0.4422948310335673,0.4108867943085678
a08,1,0.6597968985881011,0.8199943785274487
a08,1,0.39175754574805366,0.5138009222261825
a08,1,0.5920625331310726,0.8904685774986111
a08,1,0.4343892692492727,0.7816519220628704
a08,1,0.6964851839878201,0.9175893060816928
a08,1,0.43621163163422594,0.7058665298437459
a08,1,0.30717945129175633,0.4631105030997468
a08,1,0.6013929369040908,0.9230148602800282
a08,1,0.6031565776112298,0.9009481538378845
a08,1,0.5557735116641921,0.7960548248601176
a08,1,0.446559316545132,0.6747675628545614
a08,1,0.6366607884184562,0.9015017691018402
a08,1,0.4137817452626845,0.11025070003174872
a08,0,0.2857013046315573,0.019924286823703053
a08,0,0.31633117678272454,0.27473754111317844
a08,1,0.45831343008443315,0.29798078159318286
a08,1,0.2362624130897957,0.12501275694321584
a08,1,0.42302691782424584,0.15862399299123087
a08,1,0.31606564396869985,0.25722663838785254
a08,1,0.43998139140748216,0.8144405325298046
a08,1,0.522114869530604,0.41841856595675925
a08,1,0.42549290836339987,0.6482508690813442
a08,1,0.5871033986765288,0.429591406352956
a08,0,0.4225057043930702,0.35570655578472243
a08,0,0.6223934637107351,0.8579120359475579
a08,1,0.36212993586857317,0.4212662841099097
a08,1,0.6525743596562513,0.4056433134245903
a08,1,0.20452679523211054,0.04186971780563201
a08,0,0.23747643231295437,0.04695046533665469
a08,0,0.1997778737910966,0.009891205792995697
a08,0,0.27071309164549884,0.314396823675972
a08,0,0.2983986049281987,0.14039325526982893
a08,0,0.17581513148616093,0.0024867715862192316
a08,0,0.20219221955731678,0.03220305293096142
a08,0,0.20581159841237434,0.019528096136943063
a08,0,0.26861531001063027,0.032492269022418876
a08,0,0.2117591060377149,0.08479042808265524
a08,0,0.33302208598533517,0.5908097435287145
a08,0,0.24321386739910236,0.019285309149114974
a08,0,0.27715531056509946,0.1284425738075641
a08,0,0.22176660643561916,0.06554043773041164
a08,0,0.18551962811639874,0.006051189047885398
a08,0,0.336116690493927,0.35261952676037367
a08,0,0.16549472925555175,0.029056759228363944
a08,0,0.3037485500165302,0.026617954667115633
a08,0,0.22991431272195129,0.0743314924797482
a08,0,0.273978586099624,0.03911943383656207
a08,0,0.2073232264600469,0.010144532479459586
a08,0,0.24654497408685655,0.04240374303739461
a08,0,0.13936222010889035,0.003711500248527321
a08,0,0.1611933679578796,0.023615304015159395
a08,0,0.17953301162988733,0.006493295837859624
a08,0,0.14069878262770327,0.0032123449082088595
a08,0,0.34101363508371046,0.008088858520228148
a08,0,0.20632673114398903,0.03918210721825635
a08,0,0.3739457477188251,0.10850578294648794
a08,0,0.24944848423846697,0.35849745935779215
a08,0,0.3186581600479235,0.10655527194751073
a08,0,0.1742662450641912,0.003776756642716545
a08,0,0.2832966394275933,0.014644532726965868
a08,0,0.5426255982607793,0.5700340813406499
a08,1,0.40858182664374526,0.5450772530420994
a08,1,0.4694156420518589,0.6037095751963183
a08,1,0.6946297063799446,0.1492499575042114
a08,1,0.5383052626957654,0.6042089047349967
a08,1,0.31728832773203874,0.44687225107673084
a08,1,0.45422728469128293,0.5106355371109724
a08,1,0.38626944178718614,0.8055656422057447
a08,1,0.5077663924391638,0.7277014390468691
a08,1,0.38853174689041,0.33130641838533514
a08,1,0.3722139657605963,0.26243848965417466
a08,1,0.5458325189324149,0.7426794232583693
a08,1,0.437119660208982,0.5435406330559592
a08,1,0.33921161775331937,0.7802304572557968
a08,1,0.46254459481803945,0.7191154067073546
a08,1,0.7346156298599071,0.8928351532639918
a08,1,0.548728493133099,0.6418244617325136
a08,1,0.47326913462582,0.6851903653769037
a08,1,0.5888739353813555,0.6238727571816116
a08,1,0.47972142493335357,0.7795623293075025
a08,1,0.46533340041055504,0.6604039227947799
a08,1,0.7308542223474166,0.873021592818925
a08,1,0.6869896132062876,0.9091510347270038
a08,1,0.5277627575900623,0.7083081495700471
a08,1,0.5246078590086837,0.8953971099197553
a08,1,0.5272299305959807,0.8358446384720944
a08,1,0.323900718117562,0.514111877126077
a08,1,0.21455024627380265,0.12334040467889054
a08,0,0.6326964253538875,0.24111264794552265
a08,1,0.20708403788324195,0.09500967079634427
a08,0,0.15736623218632795,0.06302777539900184
a08,0,0.1832192689135209,0.047568111360548754
a08,0,0.17789348856206044,0.005787870974114779
a08,0,0.16713697863705065,0.003936529731527152
a08,0,0.15654281359019492,0.008377056254216005
a08,0,0.14420013383670316,0.002437096352063957
a08,0,0.1586847811486471,0.06229253313755166
a08,0,0.1698389908377009,0.00577953483488224
a08,0,0.15939375864364524,0.0041814036892624164
a08,0,0.1720965699616684,0.008797334075219272
a08,0,0.1680637837927126,0.0048917700325373
a08,0,0.15936628895640595,0.0027889746972270257
a08,0,0.1579457864724906,0.003794341540437429
a08,0,0.17029160329292495,0.002984823990201692
a08,0,0.16636588571458236,0.004036109090221824
a08,0,0.16608836887915143,0.0024985317566484006
a08,0,0.16082378448404036,0.01683635175796126
a08,0,0.1601871862783977,0.015458618342772514
a08,0,0.14720896928184277,0.007986111009864679
a08,0,0.1541277533753157,0.00634540976974603
a08,0,0.173263502344204,0.010915014495483532
a08,0,0.14762437364907227,0.029132492945580877
a08,0,0.15155438671534813,0.0024231880564049638
a08,0,0.4234610401538769,0.01933743909957791
a08,0,0.8864046068097028,0.3246631435275225
a08,0,0.5193178801932867,0.8305606188698341
a08,1,0.538455828716207,0.5271950811089191
a08,1,0.5247531358021945,0.7491361608237965
a08,1,0.574672172351852,0.7306236948483988
a08,1,0.34700565705116404,0.08380964400208704
a08,1,0.5795493010019576,0.9106287814549896
a08,1,0.6206225038821008,0.7200193505135613
a08,1,0.5814815849676802,0.8709028434792974
a08,1,0.6413094478509211,0.8645596867776255
a08,1,0.5419985873507326,0.760591105770314
a08,1,0.45136607582375715,0.17316929799232328
a08,1,0.4110835793475636,0.4807697262065509
a08,1,0.8024675279056418,0.8097167984845114
a08,1,0.5772604679269288,0.7801812596405824
a08,1,0.5790097487608054,0.7414094330734076
a08,1,0.5439186512177373,0.5823546789128838
a08,1,0.542571293287914,0.9424879037192258
a08,1,0.8420811273706817,0.5226122286890093
a08,1,0.597769666567873,0.8386480214452625
a08,1,0.6086905457128157,0.6391313562450913
a08,1,0.6346259510291915,0.8701937290690902
a08,1,0.6953011684710496,0.2058317267071775
a08,1,0.42072360084667276,0.5866665807154221
a08,1,0.5550055219102973,0.6313774322452039
a08,1,0.46757562948378834,0.7395480531542107
a08,1,0.5116503358200033,0.46392550285638645
a08,1,0.8210784649597543,0.4311440082498519
a08,0,0.4706557379465691,0.8969886691738689
a08,0,0.212614982873956,0.07091660218206546
a08,0,0.3278228256148008,0.01992892881959358
a08,0,0.2698283471601308,0.061215136210540116
a08,0,0.28134271246497977,0.3061800350518321
a08,0,0.1741475281076275,0.054803514138604216
a08,0,0.2600342169255419,0.10755696145984277
a08,0,0.18692792388361737,0.007896495142026096
a08,0,0.26786884733617555,0.17828265037208443
a08,0,0.35160255501974536,0.4816725114227866
a08,0,0.18322673500288417,0.0778103239760955
a08,0,0.1492832591043329,0.0033896503719012443
a08,0,0.29186118925923954,0.28808383151864786
a08,0,0.1956982014672941,0.046049903780244865
a08,0,0.1795463667527976,0.0753905104511445
a08,0,0.2141781836734139,0.15972470225216495
a08,0,0.281390923542388,0.24108740518223865
a08,0,0.2736627846971216,0.2862137514115409
a09,0,0.1549481282420496,0.021547154769148768
a09,0,0.18156776779209693,0.10784991068178483
a09,0,0.22817413374518575,0.09074201681745146
a09,0,0.6632596749765186,0.9062273787174954
a09,0,0.21452342010839098,0.20682826588912903
a09,0,0.20252492219100382,0.15898015765925505
a09,0,0.26626492002828145,0.2345842414183703
a09,0,0.16981854548541547,0.20076570756204723
a09,0,0.1962617089601225,0.06767610052880534
a09,0,0.2027335436534329,0.28321740612397617
a09,1,0.330826491474275,0.6859493326460787
a09,1,0.22976241287400892,0.5109889111398729
a09,1,0.2570105831601826,0.12742956070630684
a09,1,0.5245014349545106,0.2711807265025432
a09,1,0.6485311573286735,0.3870068974480762
a09,0,0.26509935688169844,0.15850691295695776
a09,0,0.2870413403291326,0.48964181645913996
a09,1,0.2013595210373451,0.190701726015162
a09,1,0.2296259999346476,0.33817419188875925
a09,1,0.28649746705001305,0.28848521417278117
a09,1,0.3246617205087122,0.4055604505464056
a09,1,0.253299139743473,0.31941967818844513
a09,1,0.25077595001336345,0.1990931315694593
a09,1,0.26094246486189815,0.4424255687326968
a09,1,0.24940044688426594,0.4274080211399934
a09,0,0.1997276698680995,0.15730765652401837
a09,0,0.30132105326497227,0.3356094474270393
a09,0,0.20550386468924903,0.6721617011952531
a09,0,0.18162435336450544,0.19277043463051047
a09,0,0.516767172743359,0.8304836776999076
a09,0,0.18743313961940072,0.08213847540690931
a09,0,0.17738529332233965,0.26305541094317847
a09,0,0.18738928587553452,0.5685694856378105
a09,0,0.1612667294039979,0.12635293555975702
a09,1,0.2060031561822125,0.10272255041324665
a09,1,0.22988141770185086,0.46195845131903224
a09,1,0.2683622340138918,0.5981337934332535
a09,1,0.2740548999315234,0.21120357168400855
a09,1,0.2488763799757982,0.18153321743819978
a09,1,0.19839245339136127,0.05467784468232706
a09,1,0.21384810388491646,0.40282006643499935
a09,1,0.20614104583982718,0.24583921759246324
a09,1,0.2367212902837445,0.119751953410593
a09,1,0.2176894225285495,0.8621310437291418
a09,1,0.16255394806190476,0.14626850718848114
a09,1,0.17629183248394387,0.05729328031448592
a09,1,0.22025532559209404,0.6824387985020567
a09,1,0.2071187144635126,0.1128653718466178
a09,1,0.5360296656808374,0.19437223530290995
a09,1,0.21835404527297483,0.37633477311124697
a09,1,0.20323903590065623,0.7523804946754594
a09,1,0.15931901559732506,0.3180026882285101
a09,1,0.20724650023431995,0.3392220724327743
a09,1,0.1847637581960033,0.19302139356198705
a09,1,0.22982046511970797,0.5194524251328642
a09,1,0.25079783242674863,0.30208022384918565
a09,1,0.22394618719675263,0.30593560522080276
a09,1,0.2144006591388048,0.3623893177135748
a09,0,0.18400032537310837,0.0643366829259583
a09,0,0.25230811669263625,0.23675164430644677
a09,1,0.2567882224728514,0.4844475496595834
a09,1,0.23908089061396767,0.35712083609008
a09,1,0.18182560719929888,0.208439034173604
a09,1,0.2109236427917494,0.0754945095755296
a09,1,0.30278974329990765,0.2475006825411074
a09,1,0.22582889450176774,0.29187097112771543
a09,1,0.2233646134107142,0.5416358915592434
a09,1,0.210875866502831,0.10233512095915072
a09,1,0.21852612857546935,0.12764937974311735
a09,1,0.35762253798059174,0.7767480219744293
a09,1,0.18181533075759704,0.10358626676080121
a09,1,0.17768048392498278,0.2108457929333221
a09,1,0.19700993271992925,0.33169835676815357
a09,1,0.16992251961092586,0.43160296163262446
a09,1,0.14333680925121073,0.08732522372923955
a09,1,0.29427420414622363,0.7198437380464862
a09,1,0.3162847501158286,0.19738013213805083
a09,1,0.3139170819709686,0.6050065000190258
a09,1,0.15571584928606194,0.07535149232810195
a09,1,0.29272544614251994,0.45518002523391116
a09,1,0.3734125889692228,0.6146095242990484
a09,1,0.26280459846450915,0.4213728897069196
a09,1,0.3345912053065334,0.5307336162073817
a09,1,0.3154303102357892,0.46881937616393426
a09,1,0.17562863299272602,0.18318837170063598
a09,1,0.24533246970988387,0.28901784181760615
a09,1,0.3546412646259028,0.2835717563101251
a09,1,0.2819249463568132,0.09679759598155428
a09,1,0.34265744828277317,0.2623375335778944
a09,1,0.26759102593784045,0.47824611225925606
a09,1,0.27360979855442114,0.41519834555933427
a09,1,0.2875415497354968,0.3985109771823608
a09,1,0.576857231920902,0.9429437963979082
a09,1,0.2863686308987373,0.6184158365612972
a09,1,0.6295856074179687,0.8861196515326418
a09,1,0.46539005977045195,0.696669064700773
a09,1,0.24655872711792276,0.2519320179850888
a09,1,0.6837687216179696,0.6754113137466966
a09,1,0.49472162679324666,0.8725228263867272
a09,1,0.6506292945892022,0.5043503496130127
a09,1,0.9281806051848865,0.8139779879125528
a09,1,0.5268035876143125,0.7376412946160283
a09,1,0.75195160576488,0.8063532323684552
a09,1,0.2538122812487232,0.30959467055516027
a09,1,0.3749872177502217,0.5837452985960299
a09,1,0.23386783445875745,0.06029712652375205
a09,1,0.3196777968478284,0.06830597939475534
a09,1,0.3022491038897952,0.19873745484016136
a09,1,0.1557053126089063,0.09259554610525454
a09,1,0.3286691951028069,0.8208368438696911
a09,1,0.2129671782423493,0.574812818994156
a09,1,0.3679677725805041,0.5532059548410538
a09,1,0.3188702728867134,0.49052787911185314
a09,1,0.24871942010430953,0.8447836319588428
a09,1,0.2595571374131609,0.5747378614142306
a09,1,0.32253929282128146,0.21797181699332466
a09,1,0.19832640706642535,0.18525871427544338
a09,1,0.2698767987590284,0.47890133616018793
a09,1,0.2579650206559384,0.36620781110174355
a09,1,0.20328566818002788,0.6285743937381092
a09,0,0.23144171760168603,0.5435718596988852
a09,0,0.37064976245911757,0.7470872300527922
a09,1,0.23597086229211178,0.3127050418620198
a09,1,0.2682782092123277,0.4764229205213507
a09,1,0.4138056751846179,0.3741877471505423
a09,1,0.23073536350201906,0.6536967223306787
a09,0,0.24992216246908708,0.505029644837616
a09,0,0.22814067308856,0.5999142663717082
a09,0,0.20844509077666334,0.2432296798558089
a09,0,0.19080944562883378,0.1780722324565333
a09,0,0.19944822920070204,0.3094502179335496
a09,1,0.40789345804682287,0.8334247550298644
a09,1,0.28180576917124306,0.2389585620523949
a09,1,0.3378629165493524,0.47167465332559816
a09,1,0.4765548702375172,0.704594980442281
a09,1,0.185825253766101,0.23495031000729472
a09,1,0.33768720597211793,0.2557366437516201
a09,1,0.28563334732434115,0.5211249458280496
a09,1,0.5518160457408895,0.6290576678581908
a09,1,0.24822694363477985,0.3561850227276227
a09,1,0.34659716964192316,0.7161455653153127
a09,1,0.26708733454434774,0.24696657230928637
a09,1,0.18521139805178952,0.24386089135129302
a09,1,0.4091444679154236,0.6579865517136737
a09,1,0.20109044748211974,0.09502113502692248
a09,1,0.5064051487379452,0.656928880399695
a09,1,0.2528871719216198,0.4769200755915583
a09,1,0.2633905798896354,0.27551623182069745
a09,1,0.293597910010364,0.5609882129335988
a09,1,0.20167163652709846,0.13407401967600083
a09,1,0.29122364134100676,0.5871870861552537
a09,1,0.3264688613137546,0.3807518569145187
a09,1,0.23482758093553463,0.6983312749682566
a09,1,0.3517089878122018,0.7105194630149236
a09,1,0.21868298018763732,0.43105329962714084
a09,1,0.3651969404208059,0.14192307798060888
a09,1,0.5917033389436449,0.5641473919946197
a09,1,0.2223335027989863,0.5574561758427158
a09,1,0.30470917566157585,0.20793909777375552
a09,1,0.6006835072190276,0.5027141955410733
a09,1,0.2621895502583229,0.20140321267562125
a09,1,0.3562621830052775,0.6457165782049522
a09,1,0.25130316890536697,0.20260511395158542
a09,1,0.2095115887247193,0.18997684180039645
a09,1,0.229706214517115,0.3025321110846625
a09,1,0.4152861693189702,0.6821433220425441
a09,1,0.30885926854661827,0.3322138841628508
a09,1,0.2036845738181223,0.2703711677064017
a09,1,0.1899759637218388,0.34579502779344823
a09,1,0.27993245111767295,0.8142744856158775
a09,1,0.3754558709461615,0.4459853349140199
a09,1,0.7809079709466031,0.7628858843015028
a09,1,0.6713994726162584,0.5577840010360142
a09,1,0.6749652282585135,0.6690957584449372
a09,1,0.33586770461091026,0.5294988860006303
a09,1,0.4210893781687842,0.9436370459985837
a09,1,0.8231431877935174,0.8375406868954873
a09,1,0.4681480544811961,0.8277564728235901
a09,1,0.4623488874319469,0.32185787349742573
a09,1,0.533676431428932,0.28705944348074736
a09,1,0.6845338260549364,0.3983669642878748
a09,1,0.4580014072725809,0.5273533111946375
a09,1,0.28653017430998556,0.33203835168348594
a09,1,0.43896128556453595,0.3106356974193627
a09,1,0.5567192779872848,0.6489460756175733
a09,1,0.283997973562959,0.04691292955964388
a09,1,0.2605952226397041,0.10675849905782449
a09,1,0.7655623358502643,0.9552466157520443
a09,1,0.32834940904313076,0.0527620740523621
a09,1,0.38154749978929636,0.36235744919718743
a09,1,0.4522278587335122,0.8539817293074154
a09,1,0.8888866231304698,0.5247317902354882
a09,1,0.32033718717241044,0.11555135094855995
a09,1,0.7097249728701935,0.8840680446767943
a09,1,0.44447896804729586,0.5601427569673465
a09,1,0.4799237210569848,0.21874938468109906
a09,1,0.7915519304369556,0.7781015214699828
a09,1,0.18336963723525992,0.09612455652213477
a09,1,0.4227182433801689,0.058414206115261914
a09,1,0.42230728549403035,0.2644875740923688
a09,1,0.29944541729841734,0.09676933828648612
a09,1,0.46877806878910727,0.15677872625852293
a09,1,0.3017359169861111,0.44143657596394437
a09,1,0.2946620182739843,0.15369516779436262
a09,1,0.592182406219002,0.7732041148687616
a09,1,0.2394736094860621,0.3784291129133385
a09,1,0.24224557032939717,0.022334834333779675
a09,0,0.20341069702838904,0.018684206179442688
a09,0,0.45420966299882704,0.18729740508390433
a09,0,0.22653909109809814,0.11003938347638989
a09,0,0.2167020126601989,0.028490804782682795
a09,0,0.1722336347464509,0.052038290859829306
a09,0,0.2164876075106049,0.03649281794196719
a09,0,0.17796785003386503,0.10084820768475986
a09,0,0.1817345452249079,0.07191403185446359
a09,0,0.21514370107763825,0.22389613200051728
a09,0,0.44394568424353015,0.3337392337417427
a09,0,0.1682598843801683,0.020052215628442224
a09,0,0.16621930257873807,0.018326539657980857
a09,0,0.18394150128034317,0.06022714462202061
a09,0,0.18556134555874973,0.04799605913245656
a09,0,0.20453234021672412,0.02019017506594894
a09,0,0.2004128956457818,0.12027098520422712
a09,0,0.21581698792770854,0.0308329246540419
a09,0,0.2429732832293729,0.04580984454891684
a09,0,0.2239534250209162,0.16196174558502682
a09,0,0.18819692044252995,0.06195019653290952
a09,0,0.4056790250396441,0.28165025108250635
a09,0,0.23481728666251972,0.10043044994331365
a09,0,0.6689333605961318,0.458601244894878
a09,0,0.25048915388335297,0.33382286390570265
a09,0,0.22991278437385598,0.11241610449984499
a09,0,0.1883632314639113,0.17523866737723207
a09,0,0.21800156418840108,0.02833708364992865
a09,0,0.20916638855746744,0.04847316352021997
a09,0,0.18877345723878125,0.40907876532134085
a09,0,0.2283920688963029,0.5630690194242518
a09,0,0.2622999050292775,0.25325822243974505
a09,1,0.2803267603782816,0.36464873252528884
a09,1,0.28613768196242745,0.7544641676648518
a09,1,0.30112916348738733,0.4772819722620655
a09,1,0.22374358360442642,0.4964127226577507
a09,0,0.26075123295210495,0.3919066733575857
a09,0,0.5817579261508241,0.19135769206301706
a09,1,0.313118287731915,0.7351429794845066
a09,1,0.3526343637886374,0.384518519726169
a09,1,0.28878784543405517,0.5343704766894547
a09,0,0.21468629130234818,0.30490121678995713
a09,0,0.20087880192398314,0.5125333765291886
a09,0,0.2438219397516104,0.37698958564702895
a09,1,0.6034036810233068,0.79350476111719
a09,1,0.24666882997832826,0.714431865897829
a09,1,0.6204607288567423,0.4259260107383512
a09,1,0.2206794107722333,0.878073165029804
a09,0,0.20453622436875477,0.05987146818529885
a09,0,0.23196118679527206,0.6549103605636798
a09,0,0.280916553958828,0.6903971934765482
a09,0,0.18419757209254825,0.1653786210960594
a09,0,0.21709164763268768,0.18816134258478817
a09,0,0.18491279846930123,0.11260389095747539
a09,0,0.20270655885544084,0.018501700818951892
a09,0,0.3915771979609891,0.8628212648832606
a09,1,0.22370114170856534,0.4386941010580262
a09,1,0.2745702014301648,0.436575139727609
a09,1,0.2531105142108678,0.6570752328962994
a09,0,0.19463833824235982,0.6610390230146306
a09,0,0.19385671861988565,0.09310685512154546
a09,0,0.21556713933253735,0.17435768370666027
a09,0,0.47383910811793706,0.22358347487325972
a09,1,0.32973581020397297,0.14289371825773406
a09,0,0.21236532755934742,0.037635366022322876
a09,0,0.1839036324258335,0.027431453386110242
a09,0,0.3225857745161142,0.4288383109642165
a09,0,0.24114504399590825,0.14457597868274122
a09,0,0.26898289205803355,0.009973972436423267
a09,0,0.3232833883096219,0.4899544750986288
a09,0,0.22521285815692987,0.07989146329056518
a09,0,0.4529623470704366,0.5467816867218486
a09,1,0.18268999631035077,0.28949434965570603
a09,1,0.400989892971321,0.44221141430757566
a09,1,0.22053006715427956,0.19961952662610627
a09,1,0.4491370304248604,0.6132355116790137
a09,1,0.32268735468857696,0.24032975774790555
a09,1,0.4308182136092013,0.4852363795808244
a09,1,0.5864059906344902,0.4124951061679087
a09,1,0.375525258163104,0.5186995761911993
a09,1,0.5066365831906812,0.21090738693710825
a09,1,0.5934638798925269,0.4886378870064442
a09,1,0.208343655040535,0.344678598989897
a09,1,0.6549220533999096,0.6087226436685367
a09,1,0.23180000286386807,0.16444952387299638
a09,1,0.24905975080716883,0.08358544347140619
a09,1,0.2519536409804979,0.1116069177928279
a09,1,0.24368669208161026,0.35845105253991943
a09,1,0.26207652795430053,0.4306270705901478
a09,1,0.40943280809066923,0.7426841977341461
a09,1,0.37146604099875347,0.6034211851799176
a09,1,0.38424637585055815,0.6194033023315597
a09,1,0.5230645323087368,0.6099352081527095
a09,1,0.3442033905822602,0.2265672271037864
a09,1,0.24321790561560594,0.15354479282291303
a09,1,0.7049858062208334,0.9295891610378022
a09,1,0.5206029394050347,0.6320725249045099
a09,1,0.26488047584133073,0.27668294558215867
a09,1,0.28268752864716695,0.14319492333027609
a09,1,0.3847839963710647,0.3975204281939241
a09,1,0.2856852460777286,0.4183864559465658
a09,1,0.19874012770272717,0.15607915403684797
a09,1,0.24390568455387643,0.14063623744915754
a09,1,0.2293121365706941,0.014523265104228687
a09,1,0.24505498718317104,0.2436139787920883
a09,1,0.49847440742120663,0.5947289479724386
a09,1,0.4129160903189733,0.24699831052393198
a09,1,0.31663369939267794,0.23561723664714926
a09,1,0.28965695767792626,0.1070707247738313
a09,1,0.26413061237829577,0.27753991757039703
a09,1,0.2944863058587458,0.11101978294047937
a09,1,0.268295307830952,0.07187413486615703
a09,1,0.26606146989472695,0.23060676567650404
a09,1,0.2742319619655409,0.09918280920738401
a09,1,0.3661172239696923,0.16651262105263664
a09,1,0.26014468555676035,0.11039992067979425
a09,1,0.25845382586249377,0.0336929689795779
a09,1,0.28106170234637795,0.11779555934265858
a09,1,0.45593393510030467,0.6754743795118789
a09,1,0.34325106587063,0.1844466293361846
a09,1,0.5224665129436434,0.4928317313810956
a09,1,0.3222010554488083,0.12470929005731958
a09,1,0.5182226672070298,0.6207027201254118
a09,1,0.39337976646716755,0.6016857798636149
a09,1,0.78457796125262,0.8329835399617712
a09,1,0.6019783615624695,0.801722583213219
a09,1,0.8649302608905339,0.6693148699793448
a09,1,0.4144734541921258,0.8404924523724319
a09,1,0.37864474471785736,0.2930665939520219
a09,1,0.7495507895435841,0.8583686917824043
a09,1,0.39270870216274467,0.7056107252072329
a09,1,0.6902670878535364,0.776081206989903
a09,1,0.5340525146969073,0.6889836170884455
a09,1,0.3053069128489069,0.22109232159631775
a09,1,0.3495514785109325,0.5216540325083808
a09,1,0.710173757545742,0.9578007984917847
a09,1,0.32255393361101287,0.2276407396559645
a09,1,0.2290149970687313,0.011768153483382674
a09,1,0.6325349461740019,0.5708737148780381
a09,1,0.9242817022344225,0.6267401347908744
a09,1,0.33503996786451856,0.3705964920094877
a09,1,0.7070636723595181,0.7067243329720887
a09,1,0.44105016486407633,0.12620276001061503
a09,1,0.24272605224394528,0.03118861520557124
a09,1,0.35354825315675487,0.12080509027994417
a09,1,0.21614156921538974,0.0659665544786462
a09,1,0.3469035250806445,0.5135591745605764
a09,1,0.49288410498698865,0.6169898017266271
a09,1,0.23489349057465705,0.16198957785699436
a09,1,0.449574917565195,0.4141085326493778
a09,1,0.2719485306877167,0.035026564789372105
a09,1,0.2881112094149586,0.1509203269170674
a09,1,0.2396258708037122,0.47900578852101094
a09,1,0.3004552174599997,0.13991860979395493
a09,1,0.2885107140236655,0.13479101438734428
a09,1,0.41016988659782,0.17449902044022084
a09,0,0.44363481490186324,0.6076315731669776
a09,0,0.2031839596924325,0.011680115658159764
a09,0,0.25329753700755536,0.04114513722909289
a09,0,0.20667810389992874,0.05913179699271319
a09,0,0.24324287712477155,0.10025893961375384
a09,0,0.21606589038056565,0.012054543349611245
a09,0,0.22775785816563648,0.05224029150527496
a09,0,0.21782354899096326,0.032008988709497393
a09,0,0.3070693064443067,0.12191541195088777
a09,0,0.22156404922547185,0.03848657897068039
a09,0,0.2281832758805522,0.020228334697237376
a09,0,0.23037363189384785,0.15800802389422106
a09,0,0.6747908077649498,0.179992238366437
a09,0,0.21307522532010129,0.15692401108346232
a09,0,0.2070107347543225,0.06689764513946034
a09,0,0.218381748614443,0.018134270418889837
a09,0,0.2843077315685574,0.1650572740363649
a09,0,0.1888419139961538,0.0874152688431555
a09,1,0.4839276701321684,0.29669373371700314
a09,1,0.24881294298700277,0.0714662740997412
a09,1,0.20513868696040688,0.0220839289055239
a09,1,0.22988997338782824,0.13064526753990796
a09,1,0.21764549014387022,0.049076092646125814
a09,1,0.4735351995369492,0.39919367545995227
a09,1,0.31383730041134733,0.516096094564026
a09,1,0.24838342971805866,0.3291436104935854
a09,1,0.37352833918900913,0.3647155229686999
a09,1,0.2423634962715794,0.17285148273925316
a09,1,0.5411844548271656,0.6229778422705499
a09,1,0.29759577000399623,0.3158032679779732
a09,1,0.7326194599320116,0.5835961526842297
a09,1,0.2705365326845427,0.11974907474767686
a09,1,0.2908750056645207,0.5313488351973406
a09,1,0.26554442468120704,0.1542369576515778
a09,1,0.2703187558512996,0.11335853498578913
a09,1,0.2390667147244508,0.04552811084845645
a09,1,0.22629424406387613,0.25171505788792875
a09,1,0.256569551556916,0.14143446448627756
a09,1,0.2278805535347397,0.2510098106616934
a09,1,0.3758057222617819,0.33106812673017655
a09,1,0.24257148952837937,0.14664242286111062
a09,1,0.2598673885272271,0.6990292966882239
a09,1,0.3811495336015034,0.23396994314330335
a09,1,0.2284177107465091,0.5520501402722974
a09,1,0.635997148525275,0.8413400132964597
a09,1,0.475332311882236,0.34096126376416636
a09,1,0.6990824308083802,0.899127392119128
a09,1,0.5163580757375632,0.8743536832684986
a09,1,0.33744440319824837,0.2719564349526236
a09,1,0.5896955072465423,0.6932403072939735
a09,1,0.751207060619939,0.5480423402942186
a09,1,0.5419364171206636,0.8022359241925865
a09,1,0.26679756946492494,0.09789121067069297
a09,1,0.4310778476716743,0.5763722825870191
a09,1,0.5711318285935298,0.9019423993446786
a09,1,0.756896607685649,0.8686064152540118
a09,1,0.3644048723496157,0.17055070048792761
a09,1,0.4255648972650944,0.7689453243521107
a09,1,0.4507045674347549,0.3318849379968964
a09,1,0.28376726310634737,0.3229663705999244
a09,1,0.5519392017237222,0.8914015812127439
a09,1,0.2779740007807469,0.06285762767311194
a09,1,0.3071802471618485,0.09091177967830451
a09,1,0.28661122452059784,0.17200985637619387
a09,1,0.2847948473526473,0.03081782048958465
a09,1,0.23606253816254072,0.06561265033018994
a09,1,0.24571245975906622,0.25032717869561605
a09,1,0.5109000874273205,0.6529803691735819
a09,1,0.7259147080860516,0.8298634682621584
a09,1,0.25645685599034235,0.168320845168213
a09,1,0.20112677516711613,0.1659067180204281
a09,1,0.5974432717362022,0.7885287825134862
a09,1,0.6145948612691108,0.4079690773608108
a09,1,0.38482455448994296,0.2285552591793712
a09,1,0.5433304146642094,0.8266611755175125
a09,1,0.37961974340256494,0.09969697074455783
a09,1,0.22423953692257095,0.02016563077899219
a09,1,0.36744849036227667,0.5414693805597147
a09,0,0.5015299757818525,0.7105355473103914
a09,0,0.20608042656603884,0.03993947890144404
a09,0,0.20981871617166314,0.0827797721394662
a09,0,0.19515468102466654,0.03977134016748964
a09,0,0.1903963917621562,0.05709705578139473
a09,0,0.23388759619735877,0.3036111863106257
a09,0,0.2203647803183418,0.07535770567198029
a09,0,0.20476113085013184,0.06743170273788174
a09,0,0.17768791458948202,0.030935729819582022
a09,0,0.5393767864468906,0.5360246096546977
a09,1,0.5095120212374349,0.8423809679374994
a09,1,0.3818141782426678,0.6526557347277552
a09,1,0.34752514825300024,0.3451801181678416
a09,1,0.4733245626808359,0.9202380631208524
a09,1,0.34724934440286137,0.4045942237311238
a09,1,0.5144309605403212,0.7455264054808565
a09,1,0.24247170509004284,0.1531752587613098
a09,1,0.24796201239810106,0.28080330774821227
a09,1,0.33876016067284365,0.29668184605798376
a09,1,0.3237346592365899,0.6553530565985366
a09,1,0.2347761716977217,0.6315670789434606
a09,1,0.23327628911657733,0.050933984392392356
a09,1,0.611231664996592,0.8183044680870075
a09,1,0.25893524237455645,0.6129882372711795
a09,1,0.22929787488574438,0.47145286495626704
a09,1,0.9526642601876285,0.4169407267244181
a09,1,0.34147422420118706,0.6222004817293055
a09,1,0.35531819189961433,0.3926489505441197
a09,1,0.7385458136992027,0.5143168182927466
a09,1,0.33958383160214545,0.7979779960373937
a09,1,0.24710299343148892,0.6592726516948557
a09,1,0.3866620180503259,0.6871629857615489
a09,1,0.2805950812519325,0.5343815745566403
a09,1,0.48805106696833644,0.6134336827959598
a09,1,0.5134803441986815,0.41306377354483775
a09,1,0.3881220136533192,0.30124260784715723
a09,1,0.2504222365566485,0.13870992706541757
a09,1,0.6937439188405321,0.8098314720887572
a09,1,0.48741763743454963,0.2828740693340118
a09,1,0.24515453873958984,0.5334536358891894
a09,1,0.20138261574601465,0.46465069983129376
a09,1,0.23108810114676445,0.595863492836212
a09,1,0.24929121644149294,0.7909113167729891
a09,1,0.2268662560007171,0.18918904571661124
a09,1,0.27576722262250014,0.4723970802867975
a09,1,0.283733668392683,0.6638064428558247
a09,1,0.22065868424832225,0.1373247707079453
a09,1,0.348670755051268,0.3896442489680218
a09,1,0.877473591519664,0.5860999650754067
a09,1,0.3309197013283594,0.3783375549690139
a09,1,0.6220576204489775,0.8788195340566465
a09,1,0.22316839288268858,0.26316536446339717
a09,1,0.20091640665175448,0.08521506494681774
a09,1,0.2176972079066353,0.16136675343151188
a09,1,0.42601725497346343,0.5357255519978567
a10,0,0.5197202859373589,0.48922366992480937
a10,0,0.6384285628941453,0.8526821216892807
a10,0,0.39132551565879364,0.801989594155597
a10,0,0.43919498616432245,0.6289997854400612
a10,0,0.285348836065382,0.42756984724368247
a10,0,0.3288393198605877,0.6731217163910151
a10,0,0.5020879473631075,0.7731745227058281
a10,0,0.5029185229893098,0.7663074312009887
a10,0,0.3825391139082679,0.48735722421088545
a10,0,0.44832038481530606,0.8019987436843905
a10,0,0.49071533639022336,0.8126600420035189
a10,0,0.39478935010193844,0.5641493553441823
a10,0,0.413627562037752,0.42691350253967797
a10,0,0.16804733617542747,0.8067176370630006
a10,0,0.2791298600677134,0.07664347551059814
a10,0,0.4094692881136915,0.46349317792843603
a10,0,0.8760134126366392,0.6681428571727841
a10,0,0.45622978948819093,0.26799978213534065
a10,0,0.048317073132068906,0.08529499440188056
a10,0,0.3163442834337219,0.40590644836992995
a10,0,0.31861495561571335,0.1513292273749586
a10,0,0.3084414801373297,0.3162588659377776
a10,0,0.4042350952747486,0.5257863693446444
a10,0,0.24145904253058187,0.19185470212567038
a10,0,0.2739778694794364,0.23330090630465983
a10,0,0.31331075662755153,0.02890543556811674
a10,0,0.2558801297563009,0.028465059662470718
a10,0,0.3060381113568573,0.03669219308027388
a10,0,0.27278979371581186,0.10388453289934406
a10,0,0.2613510558664507,0.08370573701215686
a10,0,0.37537869967894477,0.6735372510555944
a10,0,0.42221987978815095,0.5755709160078474
a10,0,0.35031229617180704,0.3919085893761442
a10,0,0.3368600414757995,0.1098946102378483
a10,0,0.21513987071630916,0.04974233088768681
a10,0,0.5284901821766078,0.7548659227160391
a10,0,0.3808025962985263,0.3075985341590053
a10,0,0.3634118087397334,0.08273671990841859
a10,0,0.2683209080193772,0.14240777111068703
a10,0,0.4212883112727571,0.2867203501653682
a10,0,0.3033742879408898,0.10459395407758708
a10,0,0.3249971656921075,0.08793164472898443
a10,0,0.28077719423553094,0.18847917472625808
a10,0,0.39183866414573537,0.32211013642219066
a10,0,0.25499877416825867,0.10149670263900296
a10,0,0.22063114963274685,0.06852662592385368
a10,0,0.4273686720023814,0.5160496648140467
a10,0,0.322105654983295,0.23874013532633206
a10,0,0.4721880240668674,0.8053938555531839
a10,0,0.2783016167322546,0.018136034486891984
a10,0,0.2774148746076912,0.046894997845557035
a10,0,0.2564556961548339,0.11958133423054064
a10,0,0.3080698787776428,0.062490700975972605
a10,0,0.34256148237288747,0.10602831112790244
a10,0,0.44524195680323014,0.46677831786500895
a10,1,0.28385868449336293,0.13690422520488063
a10,1,0.4062983414910717,0.3247127600808847
a10,1,0.3284806018164874,0.22077430941950554
a10,1,0.7442616926715383,0.8853549697955071
a10,1,0.2652735149496773,0.0671596565069127
a10,0,0.38351879271876677,0.47566162162429815
a10,0,0.9596186006111721,0.34797983673757327
a10,0,0.6211972981194013,0.5701060478117281
a10,0,0.8167214054440651,0.46757144639859144
a10,0,0.4386266738497516,0.23639504362470432
a10,0,0.42732017108828174,0.598661143929298
a10,0,0.4122454395751495,0.4981681523377631
a10,0,0.24925813055761692,0.05265250029247053
a10,0,0.31580800151496696,0.047311464356882965
a10,0,0.21329437505864868,0.12704920391408742
a10,0,0.26584060494375494,0.021499648432421567
a10,0,0.2559285998494301,0.013583150569666318
a10,0,0.31663771432120286,0.029495023409392307
a10,0,0.43617914396579843,0.3234943782420588
a10,0,0.32744669991710884,0.04350263676151048
a10,0,0.31301426814309125,0.08726566111332416
a10,0,0.2327125595725532,0.028910006541470443
a10,0,0.32250251493047144,0.06229309235081883
a10,0,0.3839457421269417,0.3106179981869374
a10,0,0.3136887689421422,0.0704547584685039
a10,0,0.35652288900465023,0.15221151571816022
a10,0,0.31869280203755657,0.5318963080271112
a10,0,0.5192022222255535,0.685578858863484
a10,0,0.3182539747000418,0.046549749728081104
a10,0,0.234540646418765,0.023609731852379124
a10,0,0.23181918261176446,0.011681334631973923
a10,0,0.753659951285208,0.8274224318344694
a10,0,0.2659974409754109,0.11234761814272387
a10,0,0.44180955553767176,0.7014016078291428
a10,0,0.3510795842680177,0.1429319208671328
a10,0,0.2536237940526096,0.07751243975609241
a10,0,0.2837914890233668,0.03420573450528934
a10,0,0.34868507617284183,0.20283225852833295
a10,0,0.2764281409372297,0.0556846053477699
a10,0,0.2767702273017188,0.10547038450426464
a10,0,0.39742839609233827,0.29592688629689357
a10,0,0.30011296981725694,0.020928623664468494
a10,0,0.308587813526112,0.02641337044188041
a10,0,0.30436476470769164,0.2396805425235552
a10,0,0.3081609401053242,0.06977686299497171
a10,0,0.30826729692655513,0.055696119771657865
a10,0,0.28831887991501587,0.014391056392595624
a10,0,0.26949957745753783,0.05275351115544338
a10,0,0.20912002079899794,0.024549726737694372
a10,0,0.25843740791898356,0.1441938085082013
a10,1,0.3153915538477644,0.6682423992233497
a10,1,0.2986521650036549,0.2681435735242159
a10,1,0.282927375357056,0.23063953690077377
a10,1,0.5031895973640973,0.7691320838936121
a10,1,0.4602040269905134,0.7063472236648903
a10,1,0.3448874244626776,0.4496509830009506
a10,1,0.4275875846948237,0.4445585963823721
a10,1,0.3557180324155134,0.5691280197858666
a10,1,0.39784567449466046,0.6681092388663453
a10,1,0.40865442976525007,0.5135710278774647
a10,1,0.504647627562972,0.7581870683301019
a10,1,0.43182327113641134,0.721316616947488
a10,1,0.4638374127768245,0.7014543065646394
a10,1,0.5661406845474791,0.7718175042642396
a10,1,0.4367701399825067,0.8564480229217025
a10,1,0.539895592363607,0.5979484769045413
a10,1,0.5593884382382377,0.7493676670864138
a10,1,0.3161982638395015,0.4473004043001161
a10,1,0.47497134905856964,0.670076997406923
a10,1,0.4779303140745593,0.769697504079964
a10,1,0.35092962565853364,0.3551327548965442
a10,1,0.5562587567884777,0.7482928137038105
a10,1,0.3690310428246144,0.7037496314237477
a10,1,0.3931922697757096,0.781831874703047
a10,1,0.3401026152282369,0.20008539726465294
a10,0,0.30693025935339735,0.010721948829250452
a10,0,0.2999542624428679,0.013037947621482894
a10,0,0.2578383518302098,0.011664117733970265
a10,0,0.2809624302659879,0.0139400672991695
a10,0,0.32915669076142634,0.04004259057683471
a10,0,0.2881902422569418,0.02071575736868257
a10,0,0.27812599297494645,0.007815600672306331
a10,0,0.23363342958495337,0.005309688990348679
a10,0,0.26460454226209723,0.00930365544518897
a10,0,0.29349318885944503,0.006686346760943799
a10,0,0.2942572141245979,0.014078552050040473
a10,0,0.28247903273357167,0.05403715513078744
a10,0,0.2739518596779233,0.035548569362693475
a10,0,0.40160695644752264,0.44640689241233167
a10,1,0.6601971419972071,0.8061516595881177
a10,0,0.40433490860214727,0.2275777669817166
a10,0,0.4821378639141545,0.5260425216034629
a10,0,0.46713517755963746,0.6546454373945044
a10,0,0.30513220539926766,0.03437998282304766
a10,0,0.2918384065200279,0.05901854681738904
a10,0,0.3268880957082327,0.040401237762937574
a10,0,0.4841284901523763,0.8330570540464582
a10,0,0.26536176674943723,0.06353330224223994
a10,0,0.29160855161088706,0.2396414431088166
a10,0,0.3577244605975269,0.5796878215370695
a10,0,0.4227357395937326,0.5350954113727594
a10,0,0.5495429431540289,0.48226973409230395
a10,0,0.3165175696646332,0.15496526127491156
a10,0,0.2700254006885909,0.032032079711466516
a10,0,0.3243778023783345,0.015566364275738738
a10,0,0.3109597227271559,0.030810151002042076
a10,0,0.4665458197798365,0.7298191172195886
a10,0,0.31529284359817167,0.43143597213986945
a10,0,0.25336491852256715,0.0061972812918398065
a10,0,0.34206222596610897,0.1336939559347617
a10,0,0.32887134455813793,0.3428537689688433
a10,0,0.4524617034651008,0.3002740694153804
a10,0,0.3408345491016961,0.12606843418800734
a10,0,0.340554215539794,0.13917606481814138
a10,0,0.6410555588259217,0.7187710053041256
a10,0,0.34177380246711103,0.04264988800651263
a10,0,0.3225187175382654,0.03362703916488046
a10,0,0.32351507993533674,0.02820027931407415
a10,0,0.3603787318793995,0.6140319379079973
a10,0,0.46403539192820353,0.6857296226733626
a10,0,0.3519200962383531,0.09547837837992962
a10,0,0.2940378587911025,0.0170088757436187
a10,0,0.3245958535884145,0.014592861799510963
a10,0,0.25499158972242986,0.049778649999690505
a10,0,0.2623248701028414,0.1803075361910442
a10,0,0.3866622313277381,0.5512800903473657
a10,0,0.30396568798150503,0.11968484636831031
a10,0,0.2791947812786089,0.01569391165214352
a10,0,0.269865865168837,0.06490290160112368
a10,0,0.30438964048731726,0.03471633865279457
a10,0,0.29238523792179705,0.041326661213530104
a10,0,0.21136225219161064,0.10653904361136508
a10,0,0.3889489468111269,0.7733168806580232
a10,0,0.35090632761956775,0.6576395631005916
a10,0,0.4260427272322059,0.7076655662104612
a10,0,0.25264948335488324,0.08577509955542062
a10,0,0.6711619572997594,0.7991844247889626
a10,0,0.2930979677193678,0.08000156957157206
a10,0,0.4650056083382604,0.3961870318637831
a10,0,0.31819066204519714,0.06923502019043827
a10,0,0.3275683334762319,0.04657422668833314
a10,0,0.324995384238085,0.011974549130824129
a10,0,0.29837069490648993,0.015586167930852214
a10,0,0.2832215201410523,0.007362951874346691
a10,0,0.3505527190057952,0.05647836698621495
a10,0,0.31818992456286854,0.03992871933486442
a10,0,0.3530937284393855,0.1520294982445101
a10,0,0.24378264716301623,0.028652385870867207
a10,0,0.29809752375815,0.03734453468756116
a10,0,0.32707269813730094,0.04996182733934138
a10,0,0.29772655353447486,0.018866768877858934
a10,0,0.3075051115628707,0.02489399066385036
a10,0,0.24644769283013554,0.010779120796524011
a10,0,0.3293778773429554,0.021192600915095387
a10,0,0.35415138073518454,0.03412450312874581
a10,0,0.2846908903784651,0.008184031164952067
a10,0,0.2867721914777924,0.006307862811384656
a10,0,0.30119946383015433,0.018899283760642312
a10,0,0.4640043109391357,0.6640836051214366
a10,0,0.25420446965310284,0.11116756297468124
a10,0,0.2794200852370816,0.042193651055762914
a10,0,0.27483590953682513,0.1898085649224701
a10,0,0.4038095035745909,0.571879225825777
a10,1,0.33340722392160194,0.3304785430401138
a10,1,0.42947074091678317,0.294369605976939
a10,0,0.4587552344801534,0.7371695530731722
a10,1,0.2707070228330665,0.06543172622571364
a10,0,0.43222315305675607,0.7914150077547754
a10,0,0.24402035076154954,0.10577697261655092
a10,0,0.42478146325160476,0.7643464710598563
a10,1,0.36546871921444124,0.48493733166935404
a10,1,0.3289293389742566,0.21092426978633888
a10,0,0.7262113012311197,0.5263912328219518
a10,0,0.3037369586407555,0.11710569336915626
a10,0,0.45108867408164366,0.7512843511554971
a10,0,0.4026554313601007,0.24639865750898934
a10,0,0.3574574970492733,0.3106053408491939
a10,1,0.5524257156550998,0.7795901719727643
a10,1,0.4968136902858438,0.7784415421072948
a10,1,0.4147685789210263,0.6773843007044114
a10,1,0.48061292485102447,0.2627678970948394
a10,1,0.4716514558240568,0.7320810624614571
a10,1,0.4536626774342451,0.2597591832089608
a10,1,0.8527347202489888,0.48227299599023193
a10,0,0.6784785113454412,0.6855654631078894
a10,0,0.3034994492829374,0.10858161722642361
a10,0,0.29374340192254816,0.08203138465391836
a10,0,0.2050710672809972,0.07147134036110052
a10,0,0.22335706413593043,0.03304569521839663
a10,0,0.20616916367022292,0.014471895594213004
a10,0,0.3055400090769849,0.07444124764731418
a10,0,0.3928040645614104,0.19680847418481567
a10,0,0.21991296343122865,0.0461420169664699
a10,0,0.5465173224396822,0.7837189183884338
a10,0,0.21013710249093184,0.3552057846948306
a10,0,0.2579925496350673,0.06091177863238759
a10,0,0.32164633825221456,0.2060523880158504
a10,0,0.28812757041349757,0.05475791024606982
a10,0,0.1811235832858025,0.059289299993811065
a10,0,0.34156749552622856,0.10474207894477552
a10,0,0.18235673796345905,0.046454307464945575
a10,0,0.8539837890708529,0.6352837771425683
a10,0,0.24644030139669054,0.08347480901085418
a10,0,0.34876921952433326,0.049975299179462945
a10,0,0.438920999413779,0.5630016123600525
a10,0,0.718994532670905,0.9531737993746137
a10,0,0.49245839059021346,0.7511247390230941
a10,0,0.5302650144894371,0.4559749759086404
a10,0,0.6518992002886295,0.9501896693194456
a10,1,0.27617606851453,0.061301845453134475
a10,0,0.5442301488528344,0.7655289170680403
a10,0,0.3595556916330502,0.17582288023626347
a10,0,0.34821264193681445,0.20466493129432076
a10,0,0.29633507433657486,0.06266432943430351
a10,0,0.34697942174137386,0.17422335284686
a10,0,0.3711388114605234,0.22186444916643655
a10,0,0.45382759043694537,0.44521787384404365
a10,0,0.478454852685581,0.3051605843632452
a10,0,0.8885405708231914,0.318098617853642
a10,1,0.3993421623706133,0.4664057490804624
a10,1,0.2497807150922054,0.09887906015607593
a10,0,0.3198252116850297,0.08856964617455057
a10,0,0.4306888412145309,0.4137192862539883
a10,0,0.22277981561432095,0.08360007839882572
a10,0,0.24786344456881299,0.04855020090483297
a10,0,0.24522320379328982,0.07504108849185852
a10,0,0.17787366522988618,0.06292508226471831
a10,0,0.17940128817939044,0.08173248858442216
a10,0,0.3207791782358916,0.3800025197880881
a10,0,0.32296722707309433,0.14759094773056
a10,0,0.2971818875988708,0.2758003840152179
a10,0,0.23444277236432395,0.016956243515508923
a10,0,0.2477867015529559,0.06486541250572081
a10,0,0.17897295073367556,0.04532917758222696
a10,0,0.2467737869946026,0.054459831502755504
a10,0,0.2180507283852251,0.014450886469970035
a10,0,0.5172099776285222,0.8262004647792985
a10,0,0.324890717938048,0.030753247526621185
a10,0,0.2745082164079396,0.08654766396065373
a10,0,0.31725210481406546,0.056385811333619494
a10,0,0.2765182643815823,0.11095068637389784
a10,0,0.31854284865353094,0.09159148145348261
a10,0,0.4097877913953408,0.46907958770670144
a10,0,0.2986516208684441,0.09485132691695002
a10,0,0.3187366595856696,0.09644005727893115
a10,0,0.27487593521329545,0.055659982198647075
a10,0,0.3246920065367302,0.09504491412452663
a10,0,0.3103035834564974,0.05715109831064804
a10,0,0.28312318609982784,0.029805930588818207
a10,0,0.26464486572215634,0.08840445822306901
a10,0,0.30644782264658194,0.1258263755211489
a10,0,0.31820847211321013,0.07596232117558803
a10,0,0.31894484640122184,0.02997396971210901
a10,0,0.39879478119835726,0.08362995719990987
a10,0,0.3275320580248982,0.02855512238191614
a10,0,0.3029269356816007,0.09222639762110034
a10,0,0.2561326116743495,0.11599156121837824
a10,0,0.32297726903696483,0.01650610480020227
a10,0,0.3273543933899154,0.061877590700527146
a10,0,0.3429884444144482,0.2402825906428554
a10,0,0.34747091319911155,0.05108112859299442
a10,0,0.2831104482901805,0.28580251487060765
a10,0,0.3367630115731326,0.03286907241388669
a10,0,0.3519704930597023,0.09465733564960441
a10,0,0.27593216590282,0.0543870167117905
a10,0,0.3200696461814027,0.1383072861697005
a10,0,0.4132391200281092,0.6708822983582257
a10,0,0.40596069871365237,0.7384483766854952
a10,1,0.31449471770409404,0.05021482895362683
a10,1,0.48337145798935005,0.443002865044569
a10,0,0.2716264624754784,0.0771585871690881
a10,0,0.35581596396892634,0.1290412732171918
a10,0,0.4087370371955367,0.39680336259652704
a10,0,0.32921707249223575,0.06498565264768641
a10,0,0.2488438056235322,0.015524335999244677
a10,0,0.22846229237851004,0.010565691394229791
a10,0,0.2720087589232487,0.009053027524986086
a10,0,0.3453221302393336,0.047432200717509476
a10,0,0.7631903780332647,0.8305694646008099
a10,0,0.30735154813665744,0.26969886867624304
a10,0,0.36053155514951335,0.45652306813028914
a10,0,0.4534581164702934,0.6103741447718912
a10,0,0.5124336800303225,0.6004155218436208
a10,0,0.4120768228389614,0.372716244692404
a10,0,0.23889852399243422,0.1168999761816313
a10,0,0.37762864135351704,0.12374514978058922
a10,0,0.3587147504952942,0.398689581976043
a10,0,0.33130033656645475,0.17684233174138583
a10,0,0.37138092663575994,0.19105867182727837
a10,0,0.40447782633603724,0.38059517574054935
a10,0,0.3041469057240315,0.38270375110356797
a10,0,0.44045741567935687,0.87151783116182
a10,0,0.24321628727974492,0.12869557883796376
a10,0,0.3339486143835304,0.22084487713927198
a10,0,0.43062918590091065,0.46492564857225394
a10,0,0.28015630853646367,0.14118075339970249
a10,0,0.3179053927999707,0.070880964018699
a10,0,0.2869416684483924,0.221674502172086
a10,0,0.3998613236366894,0.2758018994379343
a10,0,0.3520140462453367,0.20678406958804488
a10,0,0.42936087552986507,0.7485635263849086
a10,0,0.617010479742643,0.5970031779523375
a10,0,0.5990475541106536,0.5275832662075355
a10,0,0.3666016052892765,0.22864915927340643
a10,0,0.31259446564680576,0.6121855048151337
a10,0,0.3435517799229051,0.1781643664114558
a10,0,0.952508816347348,0.2933562268967382
a10,1,0.29408253912453897,0.18107298594308013
a10,1,0.3987072874999357,0.49636065827541376
a10,1,0.3668588859371842,0.5378004266079593
a10,1,0.24383873933572633,0.06650291966704781
a10,1,0.889945385628648,0.05199584708638674
a10,1,0.9150383998839117,0.32382464098337166
a10,0,0.29786205427122747,0.035102472586649884
a10,0,0.37372412577746744,0.5001837185844266
a10,1,0.4347418735529894,0.6684694693870735
a10,1,0.3138444448540857,0.2234856189657691
a10,0,0.17527881129113965,0.03317839445971188
a10,0,0.17354532228893502,0.041860063665381204
a10,0,0.3825461147961795,0.34414752546524724
a10,0,0.18434062282578728,0.025522804532489327
a10,0,0.1750545974020192,0.03159522420252061
a10,0,0.17679952319125053,0.02369750222003763
a10,0,0.5409026107489912,0.6975063261712512
a10,0,0.8104351710008251,0.35086685504309856
a10,0,0.3565857018016816,0.12756346937546484
a10,0,0.47113635905385776,0.633418872873049
a10,0,0.30406676231422164,0.05728759067692795
a10,0,0.17237350102753835,0.033926801632517274
a10,0,0.24429113912230582,0.032092391263428194
a10,0,0.3728626892455638,0.240854386614987
a10,0,0.2228950102324628,0.10287465867094073
a10,0,0.1974018924518741,0.0628242121131594
a10,0,0.3828648993294068,0.6158139713723324
a10,0,0.7089455341736652,0.7910224994383871
a10,0,0.41757963085088584,0.47682139853650557
a10,0,0.39136758924726733,0.3511959900777546
a10,0,0.40008544013305325,0.44083045404135707
a10,0,0.40936165620959414,0.35597380830071873
a10,0,0.6450132377945531,0.8384638787046361
a10,0,0.27393639273846115,0.11464784296477386
a10,0,0.45274157503343077,0.49678638953238335
a10,0,0.3306515276500089,0.3248753088329234
a10,1,0.37416677917545627,0.08233155448663868
a10,1,0.6640441388037996,0.8411159575973224
a10,1,0.1429909577050335,0.03814376211428618
a10,0,0.4055379302269497,0.4817533381066564
a10,0,0.3099960921413292,0.05281646054429253
a10,0,0.1990398045105666,0.04070029163369038
a10,0,0.22711921059649523,0.02795109322038417
a10,0,0.4487731165626607,0.7392600938656133
a10,0,0.3627004511100041,0.5242013526324438
a10,0,0.335232934937563,0.44891489102684545
a10,0,0.3469293430757627,0.5619686693291402
a10,0,0.31151718524993477,0.10288942412754858
a10,0,0.25950819875449715,0.09048018124083587
a10,0,0.9655387462090832,0.2236405551266157
a10,0,0.4896842841150918,0.45613392966060706
a10,0,0.5705506477234676,0.8482701326487786
a10,1,0.7548119884932871,0.8039135772804964
a10,1,0.48114909287363095,0.7905203450091702
a10,1,0.7701649392751153,0.5009336121600183
a10,1,0.4119574959365874,0.47942629549554683
a10,1,0.38827562424116224,0.7800711367217955
a10,1,0.9130798600414108,0.37198677737826047
a10,1,0.3313461295261607,0.021201079530047778
a10,0,0.3703484992429289,0.020068850145539854
a10,0,0.39083547291777126,0.052829055722369865
a10,0,0.4158688486149638,0.26369660975035103
a10,0,0.18107196550942897,0.019409683805728786
a10,0,0.2935882879318376,0.1499993926751479
a10,0,0.4140552463940367,0.31078727029540637
a10,0,0.3740096483843699,0.23618456252853315
a10,0,0.40140631868707,0.1479548131557045
a10,0,0.4593064582632844,0.3975199428436673
a10,0,0.2365385844001812,0.6178366832292814
a10,0,0.4631655209463654,0.5508576631698179
a10,0,0.2998365670141596,0.046751817612134906
a10,0,0.567413056549883,0.5991742556333614
a10,0,0.48504534995218584,0.585660281575311
a10,0,0.26826361634846957,0.018140167731360617
a10,0,0.401298550956585,0.34170837970839874
a10,0,0.49779435201804517,0.171326260597806
a10,0,0.5748464988504626,0.8734510673624284
a10,0,0.36983509984991453,0.3105583107208005
a10,0,0.21437314555886816,0.07286563093508493
a10,0,0.44124687795341594,0.3331963611109496
a10,0,0.3995118933818232,0.33053753600289104
a10,0,0.35088145631141104,0.11281437417390743
a10,0,0.3285322716792626,0.23734166862649186
a10,0,0.6140658726189743,0.8435946523339742
a10,1,0.31015462520045733,0.27941746963795605
a10,1,0.5709445806208971,0.8342489618725649
a10,1,0.5510458903059541,0.7629588739966281
a10,1,0.6155650728229496,0.9032655225239636
a10,1,0.9280132412188096,0.17565173411081778
a10,1,0.5466676622375797,0.09472927580266398
a10,1,0.8154479940085833,0.7021619389599812
a10,1,0.6310500230614191,0.8399747519982994
a10,1,0.6358298489194619,0.6127003670370375
a10,1,0.7700363963778937,0.7831228434883465
a10,1,0.6461193651583617,0.664479038204927
a10,1,0.9389195456848317,0.1331434017756204
a10,1,0.3134744397287685,0.12767440851582695
a10,0,0.30842687725332535,0.01722551575019038
a10,0,0.23562824779389435,0.059644496452374525
a10,0,0.35564289853564124,0.4500098879746282
a10,1,0.39147649685428487,0.0357894803863592
a10,1,0.5652995385583292,0.4004921795426845
a10,1,0.2146336105384258,0.03322435173522364
a10,0,0.23795453010258644,0.15537143974232842
a10,0,0.8508284384144705,0.2510900421835479
a10,1,0.3604752643490061,0.031934094740210306
a10,0,0.3609927297188365,0.03766063590117639
a10,0,0.3407366900523202,0.018839595977165755
a10,0,0.3012232174271946,0.05408568727748761
a10,0,0.30162475101386427,0.03165276545788877
a10,0,0.28885173980265405,0.03344274383050909
a10,0,0.3175953303771871,0.053455795009779775
a10,0,0.2992987749528955,0.11725391228596015
a10,0,0.41448359947698765,0.23302898471536074
a10,0,0.27552957970877806,0.11448229051438055
a10,0,0.3265302806962247,0.10658768884587702
a10,0,0.27035558743997923,0.04994476140134548
a10,0,0.3345280041304016,0.05222767324518553
a10,0,0.2992074389070128,0.1343886764872689
a10,0,0.21573922318049105,0.020503722662157175
a10,0,0.8010057280449268,0.7666536433788217
a10,0,0.157421112261545,0.028259692406727547
a10,0,0.8337442423474318,0.2348466250370205
a10,0,0.3716106809402277,0.02313538200656487
a10,0,0.5439229757930771,0.9038579155061106
a10,0,0.3464037287060481,0.16619198784704192
a10,0,0.29824772109542075,0.08935005373515219
a10,0,0.2696365071757564,0.047709153137501265
a10,0,0.3121578861840831,0.11924043190887917
a10,0,0.4532372133712373,0.6869420132203106
a10,0,0.9021616632511017,0.3624192109915116
a10,0,0.6368664496972221,0.8641993487540243
a10,0,0.7815631497258424,0.8651614461107703
a10,0,0.3831347538506915,0.01962350107258365
a10,0,0.695804927382027,0.3821417415894447
a10,0,0.6572465480374258,0.49242768233787865
a10,0,0.5757186774030056,0.26656275658374434
a10,0,0.8250891357142907,0.8980393620966965
a10,1,0.4641217955233557,0.760968448501418
a10,1,0.25894364798903646,0.23258755646859214
a10,1,0.6025763860057327,0.7673184120267907
a10,1,0.9485930328451033,0.85841500515305
a10,1,0.4354742185995922,0.7176634881628445
a10,1,0.3872071032209774,0.3340395795400974
a10,1,0.8086422656470567,0.5539006693648716
a10,1,0.7390466344331296,0.2936421028137482
a10,1,0.4187049341417743,0.5768756732181255
a10,1,0.9544251991873037,0.5589477989185463
a10,1,0.5002531365957338,0.7448813766790985
a10,1,0.35728342046246825,0.2011886593270293
a10,1,0.7554593231587633,0.8884965362040899
a10,1,0.4729609751919869,0.5973824793643543
a10,1,0.3459998268369206,0.12281413430073257
a10,1,0.6104993317421838,0.8630287567464211
a11,0,0.41864405314088743,0.14108102211125903
a11,0,0.25910241535705236,0.06429213002004382
a11,0,0.31486284064548165,0.18609046332311366
a11,0,0.25400325611687946,0.29958755748932164
a11,0,0.3432471085086256,0.158188645040966
a11,0,0.19396259335366672,0.04644768687671428
a11,0,0.14736249988410993,0.09854172048687686
a11,0,0.24251891259513023,0.0999238331250582
a11,0,0.24375035600011602,0.06247407865252909
a11,0,0.19633795279203403,0.015554949670125544
a11,0,0.41593276885562336,0.6625086307643153
a11,0,0.18477970694236845,0.004900689104173862
a11,0,0.2003202938291466,0.03388483911358517
a11,0,0.2607430879455232,0.0857266587032955
a11,0,0.2663481464162523,0.052234720855188724
a11,0,0.1797243209326779,0.00195679192185944
a11,0,0.20757738343243695,0.007296878174338371
a11,1,0.20988823092312744,0.013481030969229923
a11,1,0.19244853262334166,0.015081085855334693
a11,1,0.2666728711869252,0.08101792542557107
a11,1,0.21127664064850837,0.03913761748664184
a11,1,0.34740618403802115,0.314108085518913
a11,1,0.16668897563770113,0.01031181431610776
a11,1,0.21106803297007543,0.05759485519205772
a11,1,0.16457244322711284,0.006771453946960427
a11,0,0.4395001386505427,0.38023044408309525
a11,0,0.2033142846682755,0.020633763148315307
a11,0,0.2337931003354673,0.13629797592666792
a11,0,0.2586797108067787,0.12070175926078915
a11,0,0.22954657430291323,0.05438192765185991
a11,0,0.32061930148786894,0.5337932292216622
a11,0,0.16919937701139584,0.004399558061551652
a11,0,0.21434930330926966,0.031469967371531696
a11,0,0.18378422011149656,0.0069408311629508765
a11,0,0.17986500148099394,0.05106542743237415
a11,0,0.15992262310873429,0.0066877475785111
a11,0,0.17030074663530767,0.0026193679120895645
a11,0,0.16821699579363064,0.003180023265683043
a11,0,0.2189544602319388,0.05904769306938677
a11,0,0.18236512137833766,0.0075548609510906585
a11,0,0.15058782122754144,0.007870862353607856
a11,0,0.15673827023634634,0.033395849902136406
a11,0,0.1822936564372661,0.008000644715718505
a11,0,0.1745535326630713,0.011495455610467806
a11,0,0.16283781730378463,0.036933974641215436
a11,0,0.1917727692240883,0.007426931398940715
a11,0,0.1740489399615641,0.005742112987211275
a11,0,0.2094367861904391,0.009947112348927525
a11,0,0.2092744902765523,0.1308824595295813
a11,0,0.15712889545542214,0.07589329793560416
a11,0,0.17381052442067663,0.12732787181309316
a11,0,0.1445960402214785,0.04422667673386614
a11,0,0.1983527296840166,0.028212769126960708
a11,0,0.18611706198806582,0.09647408047250175
a11,0,0.1961878597110425,0.00795309467035634
a11,0,0.1820379783107286,0.02684306678114317
a11,0,0.17312756117578082,0.026056615376992845
a11,0,0.1904511548426053,0.010384189161328678
a11,0,0.16067058986109575,0.1196426342298713
a11,0,0.16906717277132913,0.1666754494228968
a11,0,0.15766550202828733,0.21054084678954235
a11,0,0.18232711614650526,0.15768714432003028
a11,0,0.1828786650247138,0.013999582950049392
a11,0,0.18440691650304394,0.114231795272227
a11,0,0.157573257905765,0.17192501065921237
a11,0,0.19695373039996725,0.1402694976948779
a11,0,0.14192258568005575,0.022863008945196286
a11,0,0.1483197240493762,0.1408258420683153
a11,0,0.17674073310116473,0.034036454328902704
a11,0,0.1790231866523316,0.07709966842270188
a11,0,0.13743920767578613,0.15917201883549856
a11,0,0.19859699176340528,0.18265903560506846
a11,0,0.18951902091363482,0.12116316630561412
a11,0,0.16892494126198804,0.11772254316536356
a11,0,0.2445683909111381,0.11459201966464085
a11,0,0.24956339626447446,0.16483414016664796
a11,0,0.19908708875021336,0.08066487412669614
a11,0,0.226483839736511,0.02703763014081196
a11,0,0.24680100125623178,0.24107155791473267
a11,0,0.1990531288947383,0.16759857218483482
a11,0,0.2005245855052042,0.1423229742789213
a11,0,0.19372026083476535,0.18600590199203887
a11,0,0.20491898593553676,0.0759047481392836
a11,1,0.19920509853028148,0.07561121988462449
a11,1,0.3350140632546661,0.44113599365406214
a11,1,0.2601760395074791,0.10303739382351708
a11,1,0.2966475338583428,0.245771793096879
a11,1,0.20719967538133446,0.58781942387609
a11,1,0.1835135625893089,0.017215855237210947
a11,1,0.18878369653204097,0.01775500621909636
a11,1,0.26760098764807405,0.21591370272052282
a11,1,0.31809711723180595,0.7339819939117295
a11,1,0.23394029454636853,0.2970272542029304
a11,1,0.2598412153353028,0.5471720393162218
a11,0,0.31280476304958604,0.4178453105131234
a11,0,0.2214480611086826,0.07481153744105748
a11,0,0.23754933682850315,0.14177901019099165
a11,0,0.2099242313895094,0.06362505497490159
a11,0,0.2147142248851984,0.05200569116007559
a11,0,0.4648737791906043,0.7925906327097701
a11,1,0.1855438995674648,0.05539303296765182
a11,1,0.25749374461479685,0.23531668172172332
a11,1,0.2081108233405548,0.1790873806668696
a11,1,0.20436627197509957,0.03357858985179931
a11,1,0.21795453153930539,0.09321802680071899
a11,1,0.25892136617810857,0.1300854304354703
a11,1,0.21273338213197807,0.11400317026641907
a11,1,0.2745189234223877,0.2682346789874887
a11,1,0.256850174690621,0.4166756220708407
a11,1,0.23129939592832957,0.2647078842433715
a11,1,0.2683083927714962,0.4778576782206373
a11,1,0.321572543266044,0.3787686754333394
a11,1,0.23418614638296334,0.21836397140993735
a11,1,0.36090033150767387,0.5965677147504296
a11,1,0.30423610589517314,0.395563834504747
a11,1,0.2103055430428459,0.16738104060627057
a11,1,0.3568881176947609,0.5519435228836863
a11,1,0.3074593988104072,0.36844361245829244
a11,1,0.27302751332888403,0.6413429560407701
a11,1,0.3739105835744538,0.7053113008576204
a11,1,0.22211429340862832,0.1468750804290589
a11,1,0.29034271655885374,0.657137341315092
a11,1,0.26020620019656926,0.18236812609191028
a11,1,0.310261555423518,0.26929584202707724
a11,1,0.4067578988468059,0.707893062340144
a11,1,0.25250904224607995,0.2693932796315158
a11,1,0.1966784358599304,0.1595091822689471
a11,1,0.4695774579691981,0.7921418792140432
a11,0,0.24154121789659302,0.13484495417560838
a11,0,0.2747980225561598,0.09904219777610995
a11,0,0.28388889868664796,0.22069521895230768
a11,0,0.2404429879633719,0.04428807013670108
a11,0,0.8162698085366505,0.5701746818160064
a11,0,0.16710156725659073,0.05986152975083469
a11,0,0.24057309764145998,0.11060331694268999
a11,0,0.20924167889905204,0.05087328702762985
a11,0,0.1850145942942423,0.0218656040215891
a11,0,0.20521686727492383,0.09546360438583534
a11,0,0.22646941555679992,0.05484857150510167
a11,0,0.18224362704978592,0.02464840634605187
a11,0,0.19798766317548,0.01621771683321274
a11,0,0.20226708584769754,0.11234303086937858
a11,0,0.16114573603256144,0.054333678167234035
a11,0,0.1845146371201594,0.04765859721007291
a11,0,0.2121418294013884,0.13990772724560688
a11,0,0.22530703368395888,0.03131279165492748
a11,0,0.20530247115744085,0.14424937286927894
a11,0,0.1434279271000676,0.021289920764804595
a11,0,0.19584710206217126,0.16005583446849164
a11,0,0.15378261539078847,0.0343180935607819
a11,0,0.19313984174507787,0.07967252746550516
a11,0,0.18424145308183373,0.07642468753685733
a11,0,0.20191461434734068,0.10166829154548614
a11,0,0.25837415414164233,0.121033998780758
a11,0,0.20730266648393963,0.07659707834629247
a11,0,0.1613926009819085,0.07941591536547205
a11,0,0.18113792681353466,0.015276054464693274
a11,0,0.18330925502478562,0.012533205325708436
a11,0,0.20754796500035083,0.10931516293812193
a11,0,0.23832276868137137,0.039592090145816654
a11,0,0.22683378978347415,0.038120100449943996
a11,0,0.14913152839926538,0.002686796708310733
a11,0,0.1623214483742386,0.009793450406680723
a11,0,0.17792750956078437,0.001474953935630778
a11,0,0.1763874702076651,0.0028260848188437506
a11,0,0.199826648125478,0.003025915737666549
a11,0,0.20457399149771788,0.007284827702297876
a11,0,0.15782045261483438,0.002119983391215065
a11,0,0.24881900208023194,0.049483548620042
a11,0,0.3225598281362063,0.3291588983809904
a11,0,0.24841167174517023,0.03344057477628168
a11,0,0.16986415697068696,0.01673575548744967
a11,0,0.24227854625301284,0.1492579956841711
a11,0,0.25011350502345087,0.17491900918251863
a11,0,0.1788628700508314,0.004875524893017832
a11,0,0.24871110957408504,0.17681923398354824
a11,0,0.18050526601623287,0.00442693957850237
a11,0,0.19773647803552905,0.03743395329355047
a11,0,0.1744124083866765,0.03343863548257468
a11,0,0.16991043538337028,0.0030628484502489535
a11,0,0.20922214679004061,0.008650824404121292
a11,0,0.1635841842596409,0.019471470102476192
a11,0,0.1617257862166353,0.004678764652082611
a11,0,0.16672382546526324,0.019194090663723736
a11,0,0.15165837738107063,0.016984779537638734
a11,0,0.20819810111139866,0.10163301218035745
a11,0,0.16766428533670028,0.002252413131256106
a11,0,0.18359001338932912,0.0036509287571637084
a11,0,0.5047531621420396,0.7951283232564748
a11,1,0.16759531524596635,0.2299805941722854
a11,1,0.38819734171437775,0.8206953113307743
a11,1,0.189895456185276,0.004940439344763554
a11,1,0.24806105007536536,0.4645026849876885
a11,1,0.26663984325722045,0.18325029780733074
a11,1,0.20238079159978783,0.06824958361941459
a11,1,0.23714478213704046,0.08926695398255385
a11,1,0.2057871490741636,0.3611924394427787
a11,1,0.24495892798087301,0.2864750381428166
a11,1,0.2609633646135952,0.14428768338887651
a11,1,0.2220318707470165,0.37489541213564104
a11,1,0.2488597349801582,0.192870774124583
a11,1,0.22621437215055373,0.6114819705910381
a11,1,0.2308004627552383,0.5904625751110661
a11,1,0.3029786378269409,0.4643825599683087
a11,1,0.33349096476630097,0.6830027583910544
a11,1,0.3175951504517826,0.3761710327311587
a11,1,0.3056222988944243,0.6652157720007192
a11,1,0.2274598819426963,0.27586056302967044
a11,1,0.2317016443266178,0.022085207720822023
a11,1,0.3419062584018714,0.376361928087073
a11,1,0.19321593017317762,0.4338389226290521
a11,1,0.2720647555854053,0.6308537325544439
a11,1,0.35684225043032486,0.6762284390821508
a11,1,0.23864398554240085,0.3534753677284924
a11,1,0.3329682238814008,0.7206232736573679
a11,1,0.2903950733700958,0.582665842423574
a11,1,0.2665010975782947,0.29583694257558724
a11,1,0.26987404494564565,0.7833885215480585
a11,1,0.344949370484747,0.7475621431021567
a11,0,0.5097508104918423,0.6476596036632611
a11,0,0.2449062802180065,0.0404503273101469
a11,0,0.28564149891072926,0.2704317141480478
a11,0,0.27191010628439144,0.05307258433229575
a11,0,0.2849144767183795,0.292798267871036
a11,0,0.3238011382619791,0.246631858120102
a11,1,0.2780128607302665,0.28549736709728185
a11,1,0.3451412607225889,0.12034347099842986
a11,1,0.37822335221201664,0.38003704343246847
a11,1,0.37719919232144855,0.5013350177964062
a11,1,0.331392915022379,0.11440268359306986
a11,1,0.2993041819349615,0.2309858386390377
a11,1,0.3463804301321218,0.7961018388872569
a11,1,0.2754145142473822,0.04835117294565429
a11,1,0.3461513115200728,0.32763076473336894
a11,1,0.30640592899550223,0.3534032823523791
a11,1,0.2953452144578283,0.09111547467458599
a11,1,0.32976696972784364,0.28637605589729165
a11,1,0.27992860940387226,0.15304974446677788
a11,1,0.25879613111810196,0.5816530141260619
a11,1,0.27066239792790303,0.298565386198847
a11,1,0.38018357201778535,0.6345476946104562
a11,1,0.3898917988979012,0.601299469254028
a11,1,0.30435058421773137,0.41342015979064756
a11,1,0.39265100397824937,0.40926723815052035
a11,1,0.30200384716109646,0.3736243322123542
a11,1,0.323722365749664,0.30447346197488184
a11,1,0.3809344892557186,0.5576695021890422
a11,1,0.2927562706064311,0.38426504720890003
a11,1,0.3426747611764759,0.43451639382611174
a11,1,0.3418381999431958,0.55560710668588
a11,1,0.2963894717416243,0.26873549462204405
a11,1,0.32568469341917133,0.4185552719197031
a11,1,0.3621757904327041,0.340574005786187
a11,1,0.35463671408061687,0.601523241122713
a11,1,0.3002092527326318,0.5749077080756941
a11,1,0.28861720422094816,0.21682131287791803
a11,1,0.2396684796133224,0.22917381757929642
a11,0,0.3313066369648327,0.3474144152179756
a11,0,0.2493405481640915,0.2119684395701985
a11,0,0.18228808837344068,0.008576309860357881
a11,0,0.1866472002600924,0.022257235241701305
a11,0,0.16051974351448423,0.12307677048609739
a11,0,0.15634769728888276,0.06643174728167554
a11,0,0.2510157167531518,0.06102229512993568
a11,0,0.1876678011613702,0.24377594260452254
a11,0,0.15423399645676167,0.05567239238546979
a11,0,0.21923160972510666,0.17282846743871796
a11,0,0.1530883447715693,0.1042240668331408
a11,0,0.17064011790651137,0.06640547158310996
a11,0,0.18589517647108625,0.18586813759056622
a11,0,0.197011824285644,0.047503862092617234
a11,0,0.1737015846034114,0.2244843414294999
a11,0,0.24556366897023577,0.2661895649172482
a11,0,0.18565797417318136,0.19081822987352867
a11,0,0.18437858281106398,0.11532222561449801
a11,0,0.14853844780659528,0.06690548374012485
a11,0,0.27193441664786816,0.5271927001819241
a11,0,0.2243922838400611,0.35915672757185185
a11,0,0.1722826604041881,0.054437128982516486
a11,0,0.1331573157062402,0.12058056149398516
a11,0,0.13811260433673436,0.031705400975819614
a11,0,0.14705056586871335,0.07604557044829684
a11,0,0.1650517429095948,0.12429610745625617
a11,0,0.13017731406779795,0.06540093508732182
a11,0,0.17947537579519227,0.09174403807504433
a11,0,0.2117922241378844,0.1850854586147805
a11,0,0.14892241893389127,0.024973600292151794
a11,0,0.17584606101450626,0.2098799602772668
a11,0,0.16796779798188397,0.10518820044829007
a11,0,0.13667050659873042,0.056954035328534575
a11,0,0.10770265126996705,0.04231798464323631
a11,0,0.1586458145607768,0.07811462882698572
a11,0,0.16640772040644838,0.13089603967894908
a11,0,0.12253851763660152,0.06457201325161734
a11,0,0.18454018077909032,0.15613864219285956
a11,0,0.16802325761499795,0.03681188010226657
a11,0,0.16620826971051586,0.03783632600022536
a11,0,0.10699385812035389,0.040073009083825835
a11,0,0.15994616267006842,0.0751431841274492
a11,0,0.23002585321913172,0.0711076918472215
a11,0,0.15555845780884225,0.009675423259910713
a11,0,0.1639976266727055,0.010857386119429312
a11,0,0.2063424456649157,0.025489879315393895
a11,0,0.17802031786644373,0.054763543562826617
a11,0,0.1830543098555142,0.004259485426778374
a11,0,0.16977432576504448,0.005606354956376263
a11,0,0.25607733004184,0.14636277581187104
a11,0,0.24467545568183216,0.2696183457012774
a11,0,0.23951024644389332,0.18117282663071818
a11,0,0.1792539803251724,0.004103605715092089
a11,0,0.16454429591051098,0.040037204242502955
a11,0,0.1788657589754539,0.0029145395750132578
a11,0,0.3482284784115423,0.5869795708738292
a11,0,0.2893747174379809,0.3280578768686643
a11,0,0.20224335937618448,0.05293968810830236
a11,0,0.20391162881738248,0.3603905893833073
a11,0,0.22481551121510315,0.11878542557980334
a11,0,0.21284031833943906,0.15429684430840945
a11,0,0.10237976506871645,0.05010589059128884
a11,0,0.16138260547505218,0.04618418628572593
a11,0,0.15810282978300635,0.015023543931847155
a11,0,0.16495319713053364,0.003126503294501794
a11,0,0.1942727045922728,0.020345972599041792
a11,0,0.3347406177524345,0.736081982964702
a11,0,0.5543362042855283,0.44844419052470536
a11,0,0.1430703181566811,0.06249986658433753
a11,0,0.1903812279917369,0.037735408928271916
a11,0,0.1594549433057371,0.07176949823942573
a11,0,0.19306869818800768,0.14505940831257827
a11,0,0.20927858771980137,0.05002499971313973
a11,0,0.18247115225186508,0.012851789530138904
a11,0,0.16691057491174915,0.00539349171932054
a11,0,0.21259066118558995,0.030036841085283116
a11,0,0.17856533519755194,0.012068921871590203
a11,0,0.1587088440920356,0.029252941611902
a11,0,0.39592885382457776,0.4245657472928774
a11,0,0.40288404098289,0.7537270090247343
a11,0,0.19895550156705807,0.3135238772175338
a11,0,0.332426595487762,0.3887114267286374
a11,0,0.10070466543242328,0.028516558128343545
a11,0,0.15456466142378117,0.021582554374701263
a11,0,0.44459547757322987,0.5009088789577588
a11,0,0.15477193286537694,0.07411836977468855
a11,0,0.16668822417092005,0.09923754115063692
a11,0,0.17538764162236237,0.3526333000840345
a11,1,0.13507207416204994,0.04777449924948613
a11,1,0.24149793720487864,0.031951522456873625
a11,1,0.15084918481248194,0.04064659154484538
a11,1,0.15837871551447905,0.3569997620566856
a11,1,0.2533171496226187,0.34453426800082504
a11,1,0.2928772382162293,0.6040625310897005
a11,1,0.22774154841757352,0.06317373224074196
a11,1,0.21240685042496074,0.13211306423663513
a11,1,0.1465919305667074,0.036697166127260296
a11,1,0.28840497615199023,0.224080395128876
a11,1,0.21408856730999343,0.33357707189841346
a11,1,0.2751714722908939,0.2783356063626563
a11,1,0.21655362463381939,0.5140005228222384
a11,1,0.17114556654166047,0.04465623967487524
a11,1,0.26014643750245875,0.49129619220494963
a11,1,0.26377494607226715,0.40439323896885976
a11,1,0.21684812312259044,0.39624668436955196
a11,1,0.3059989110995817,0.21026018106572233
a11,1,0.2997274703957974,0.2523586582452818
a11,1,0.2626673502332195,0.2809810354112814
a11,1,0.4087984555002183,0.265355015896745
a11,1,0.3169222430532053,0.29565895239532886
a11,1,0.4349111261509878,0.7069505775437358
a11,1,0.29512639366116067,0.2358156738094561
a11,1,0.3356356572138806,0.1217694353196761
a11,1,0.33037502360525506,0.46349569296448145
a11,1,0.2947118114622429,0.5904674230096806
a11,1,0.5632829215634684,0.5926986724882454
a11,1,0.34447372314260893,0.3038034473400694
a11,1,0.27394666093008224,0.4605567025873155
a11,1,0.31769355936052157,0.5426553425533487
a11,1,0.2678859941267057,0.13155072213298424
a11,1,0.2708832657646194,0.24983507280904282
a11,1,0.30640843399580314,0.4810475874202392
a11,1,0.26823811374313694,0.3842911612696015
a11,1,0.39762722162532116,0.6485007661792135
a11,1,0.288718868067814,0.6388452168308005
a11,1,0.39919297151818983,0.7734819994399843
a11,1,0.2954631420483144,0.1628075006966567
a11,1,0.4467766089627965,0.700635044653427
a11,1,0.28433857089221426,0.10341930333249955
a11,1,0.2419995950819255,0.2597964875061656
a11,1,0.2411579236491911,0.2073989621722361
a11,1,0.3184911289863161,0.6350107297243954
a11,1,0.38039142085788047,0.6450060001890793
a11,1,0.24717724323204468,0.16389018068570724
a11,1,0.3656588456024844,0.6663374909400122
a11,1,0.33281444636904517,0.767198641307387
a11,1,0.39900535862465425,0.6742281679808463
a11,1,0.2862488090871777,0.19971756964059512
a11,1,0.35525358712392385,0.46614247333130526
a11,1,0.2728017037768843,0.40219565639319754
a11,1,0.3272093315346569,0.42481827948544215
a11,1,0.3129763741695326,0.5354075563011238
a11,1,0.38105787831139093,0.5762293212774627
a11,1,0.4385404085733842,0.695587334930771
a11,1,0.2724990381560995,0.5931375732889825
a11,1,0.3352119327463365,0.7270078479387345
a11,1,0.3916934295809133,0.6817502424110706
a11,1,0.39600863751373855,0.556705219674288
a11,1,0.2597795183096828,0.38015267763363253
a11,1,0.2483490117759139,0.5190256803512903
a11,1,0.30312121254341895,0.7344312760514088
a11,1,0.36699156823212453,0.6328953208065865
a11,1,0.8002306283364894,0.7187768376747062
a11,1,0.1770227602999314,0.1405041068432762
a11,1,0.41243856046309024,0.22042399523022174
a11,1,0.17338082562553117,0.06516861555771597
a11,1,0.11822785706347237,0.04232536642134466
a11,1,0.11819138350410802,0.08167316239036758
a11,1,0.12317264822427046,0.07415255301932282
a11,1,0.1169984420729433,0.07881843318163534
a11,1,0.20660724138677886,0.156343319864234
a11,0,0.10013243178189098,0.0873304833495606
a11,0,0.13448277085876917,0.10551472516588056
a11,0,0.07527879602160767,0.009932920418945772
a11,0,0.10315981653804598,0.03036538914704158
a11,0,0.06515581013243571,0.046217823863024636
a11,0,0.08889500914520049,0.03334404037843512
a11,0,0.07748196447730393,0.02941324781353702
a11,0,0.11758927943241149,0.11974206855612937
a11,1,0.10050018851064421,0.0924660111368012
a11,1,0.06483430953308134,0.01817180530670157
a11,1,0.22228800097341223,0.38801964533553585
a11,1,0.10247148498310991,0.009498661560124144
a11,1,0.10955055110560173,0.011869177196896051
a11,1,0.1229486160732516,0.11645386354282095
a11,1,0.1169284923774491,0.011572122159033107
a11,1,0.19520574249731154,0.11234680323198377
a11,1,0.17969607280762664,0.4516843308971494
a11,1,0.11828252483455541,0.04369937994281967
a11,1,0.1371918173280194,0.057655590712397536
a11,1,0.23011846762575028,0.4146073051444642
a11,1,0.1528260192656616,0.17398284990774202
a11,1,0.19304582816213972,0.1203579995555454
a11,1,0.19606063235376728,0.4305654452715137
a11,1,0.10012791373434396,0.032107032209761424
a11,1,0.15778175168086658,0.020029961037280202
a11,1,0.13195614983900794,0.017822316048603876
a11,1,0.33763169898866385,0.4740717518195254
a11,1,0.17508815441877532,0.32031679663181634
a11,1,0.1502960312997035,0.06090677126544974
a11,1,0.11979788114628827,0.01307445603905722
a11,1,0.17926209888289532,0.007149431729710076
a11,1,0.2952194754775652,0.4258880903505962
a11,1,0.2563519571752347,0.15409898172640044
a11,1,0.15301948252921008,0.1372422752850632
a11,1,0.12262460484197005,0.060784428507408395
a11,1,0.537206451764338,0.256945524934706
a11,1,0.22502478184810631,0.2006915011281119
a11,1,0.13844712493294228,0.10315615018242326
a11,1,0.07043771097114661,0.03333797963833924
a11,1,0.14246443852107837,0.04166158109020429
a11,1,0.1126273162872655,0.04937371370544621
a11,1,0.13982362543750837,0.19724306137339376
a11,1,0.18222215764002822,0.052422256374626476
a11,1,0.1624210624879787,0.1384652573606786
a11,1,0.22609817828309245,0.4503981566724934
a11,1,0.19327787080815015,0.5211380592468521
a11,1,0.2529264183427243,0.35112464196621
a11,1,0.6202240288523416,0.2949307241703216
a12,0,0.20228831232981642,0.01652433679557796
a12,0,0.1615855849947226,0.0035481474247102116
a12,0,0.16089600071089816,0.10676267236583846
a12,0,0.33915107811215056,0.28621636210629603
a12,0,0.8121327253009324,0.05870430863854703
a12,0,0.18242573623406852,0.06449599017168528
a12,0,0.1544193037062237,0.012500241021528672
a12,0,0.4975876589631243,0.26979359126652347
a12,0,0.3727780646906814,0.12024261648026552
a12,0,0.13008337838594058,0.09544993737247857
a12,0,0.2048735614951029,0.003764772771749505
a12,0,0.1685809402316441,0.009023511959256223
a12,0,0.5379417154574485,0.42776285011321824
a12,0,0.74113221945859,0.6703945820304024
a12,0,0.1767870042523142,0.00894302639933121
a12,0,0.24462087256304835,0.16903340490182384
a12,0,0.2634019324318932,0.24989345866887436
a12,0,0.23123544356607081,0.06374285114620347
a12,0,0.40204744306832807,0.47536065508676034
a12,1,0.28836136996841183,0.18524876134981488
a12,1,0.19897546697024934,0.0414826359482827
a12,1,0.31703143805515477,0.5562284418526499
a12,1,0.3785213861415938,0.6490389453109993
a12,1,0.3849102888234586,0.33173096287294906
a12,1,0.2878765518412479,0.3251666225146903
a12,1,0.41339794612057135,0.46869055719167835
a12,1,0.354099137142985,0.45036448067432444
a12,1,0.3910018446232919,0.506142902039493
a12,1,0.48203117688860475,0.5911947854076927
a12,1,0.49714305425168676,0.8531432670904012
a12,1,0.3357671468857815,0.7751222372076855
a12,1,0.38636255752469495,0.8216782567048744
a12,1,0.5041403293846662,0.9235859954463489
a12,1,0.40915504778677503,0.8568918183825035
a12,1,0.4784704564100014,0.6276438033177724
a12,1,0.3776209206135826,0.41998438058408
a12,1,0.6254381794769985,0.9420718047918264
a12,1,0.5069968481738593,0.9181998645946494
a12,1,0.5280591347568095,0.7868355946654294
a12,1,0.6017171683372199,0.9286599719665533
a12,1,0.5580523802846102,0.862287635347808
a12,1,0.6565943901368498,0.9374352892147594
a12,1,0.566131424440577,0.9270353428178113
a12,1,0.5257489140840295,0.903317877020815
a12,1,0.5372724914792484,0.884840654933748
a12,1,0.5460510650568801,0.747032246640948
a12,1,0.5682985280017427,0.7599839374409997
a12,1,0.5359855733888432,0.7892936869979561
a12,1,0.5677918328918965,0.8432287806480782
a12,1,0.4156556090285756,0.5575118955187627
a12,1,0.5505269707554645,0.8448675025518182
a12,1,0.5839439772275311,0.9104874428530192
a12,1,0.5500611101934226,0.9005293939785944
a12,1,0.6170256644016036,0.9060265049606792
a12,1,0.559906651043989,0.84946163487789
a12,1,0.6113637988116871,0.8711396406359248
a12,1,0.5888814173144399,0.8830478827845857
a12,1,0.576099061029404,0.9219301532413474
a12,1,0.41151058055249756,0.7468857454581636
a12,1,0.5332755935684822,0.7494354586658091
a12,1,0.5235911088826876,0.8412729712005932
a12,1,0.36357672134086677,0.5809564096529889
a12,1,0.3885047691602015,0.5771347810337171
a12,1,0.5221623238840988,0.757796993428771
a12,1,0.5135198130699867,0.684548029500766
a12,1,0.473700122838276,0.7093369936598153
a12,1,0.5506743774180692,0.8575457317328138
a12,1,0.5398945914321452,0.8181468941446064
a12,1,0.43370436593014355,0.5418912084156742
a12,1,0.4426762821778093,0.7746612006975336
a12,1,0.52971738336538,0.7996248679017535
a12,1,0.6011565771941909,0.7821494035697426
a12,1,0.6099974944656148,0.5418432695272655
a12,1,0.5985076486279368,0.8032412935423756
a12,1,0.5261822206953037,0.8830132487369886
a12,1,0.6759207158294863,0.7378602514354542
a12,1,0.44343851322302097,0.774432286562253
a12,1,0.5404679453543519,0.6735639035855286
a12,1,0.504985637070645,0.882457633828604
a12,1,0.4582135120778888,0.7383285957951274
a12,1,0.5819695775819982,0.771553470924227
a12,1,0.5693734750060182,0.8519015541634275
a12,1,0.5110654064840917,0.84139177591245
a12,1,0.508289121207684,0.7946912884693248
a12,1,0.48935539707025566,0.788496401808961
a12,1,0.7059756629697373,0.625038474490686
a12,1,0.44656872752932497,0.6691776664760033
a12,1,0.42887575974888537,0.6910138942898969
a12,1,0.8544103274143412,0.9275209072914409
a12,1,0.5896403292638975,0.7361903420313345
a12,1,0.7845534406945973,0.9098538924715213
a12,1,0.7230087861402785,0.900436961304221
a12,1,0.7216525977606951,0.9492284260915398
a12,1,0.7870348202996905,0.8969627594412605
a12,1,0.6490165758798303,0.8551137979029758
a12,1,0.8486519976408957,0.8346226098900918
a12,1,0.8308077515467384,0.9234751094564855
a12,1,0.6483212244561921,0.8362952823237131
a12,1,0.6672769403128902,0.9425086642757174
a12,1,0.7882564817803807,0.9025197627188877
a12,1,0.8008299592282977,0.7336815619237178
a12,1,0.7050424511577622,0.8369041602110252
a12,1,0.6676666852636507,0.9444643498009897
a12,1,0.6926178909016627,0.9515229055307629
a12,1,0.7330933434471437,0.44028149910283204
a12,1,0.7479583746179722,0.5087577405141347
a12,1,0.7302519274972625,0.8505296532474697
a12,1,0.62495239418129,0.7372068912600349
a12,1,0.7589719713319834,0.4165192882376272
a12,1,0.5696366283970571,0.8676061253563289
a12,1,0.7529905916501412,0.6731306923348515
a12,1,0.5990242231209079,0.6830412631515522
a12,1,0.680111962412223,0.702825362853146
a12,1,0.8112268714016859,0.7319457257993119
a12,1,0.6063525586511735,0.4167125592131553
a12,1,0.5563422548813157,0.6534427682845259
a12,1,0.6643923476737517,0.4762344917997383
a12,1,0.5718325894099466,0.5323233534825983
a12,1,0.6704189960560883,0.8360269524158107
a12,1,0.6683178278724996,0.8464080432987275
a12,1,0.6742022055309282,0.5919497071506278
a12,1,0.6535316651907432,0.8071076679661547
a12,1,0.5851183970189361,0.8056844104237012
a12,1,0.6511400799248884,0.7168422542557195
a12,1,0.6241821381081877,0.7290451500058536
a12,1,0.6435613152097817,0.7530554084490615
a12,1,0.7274376613450974,0.923506003290257
a12,1,0.6024467713649552,0.6084487838238805
a12,1,0.5026187822715161,0.6482011437268527
a12,1,0.7375527613227533,0.7896498229001678
a12,1,0.5264307355351823,0.6658292650589158
a12,1,0.7158247370535021,0.7764398266072761
a12,1,0.5371223275342593,0.6307329418188616
a12,1,0.6630713304792972,0.8077710949811256
a12,1,0.609720131026222,0.7765632813689025
a12,1,0.6690165974035078,0.8339879167553493
a12,1,0.5400004524735994,0.7292075196071022
a12,1,0.5919235096349794,0.7523137069814262
a12,1,0.6578351101949128,0.5959481674148127
a12,1,0.568959878016748,0.7489538074933327
a12,1,0.5416220505522291,0.9101428802815097
a12,1,0.5100386788924215,0.653824276599246
a12,1,0.6833641683967526,0.6733255337109098
a12,1,0.715020313589391,0.636091614138608
a12,1,0.6048997918190959,0.893148689126032
a12,1,0.660848303768729,0.8182068052159646
a12,1,0.6684719314156281,0.876920283803726
a12,1,0.6313138595285014,0.7596301354277667
a12,1,0.5692081089219927,0.7371452497797191
a12,1,0.7252037667479382,0.7114533297452139
a12,1,0.6201149861417371,0.7891100540713165
a12,1,0.694566451437824,0.8167447111206634
a12,1,0.6706178926000207,0.8077077920950262
a12,1,0.547483169548565,0.5064959661148564
a12,1,0.6361925426870374,0.7794890109927756
a12,1,0.5473589884914952,0.8295944516923887
a12,1,0.6163483657620519,0.9251106672783753
a12,1,0.6781088000835973,0.8990406234711433
a12,1,0.6115786741837604,0.8139083613313028
a12,1,0.660454319296317,0.797928389988515
a12,1,0.44190075504236664,0.7836753549897848
a12,1,0.5120195577455843,0.8867651863049546
a12,1,0.5936491440212545,0.600397858768227
a12,1,0.5629172609998759,0.8370194387851217
a12,1,0.6468832063705926,0.8560325574558265
a12,1,0.4320215772071037,0.5673466878348506
a12,1,0.5891127013823005,0.8466796785422032
a12,1,0.4735347799157167,0.5349022034569975
a12,1,0.4687272482854515,0.6961114052441433
a12,1,0.6788750585302802,0.8770514023658835
a12,1,0.5814005665540297,0.7582264787820182
a12,1,0.740315062448178,0.8741437112566712
a12,1,0.4954250721629336,0.8654831962161051
a12,1,0.622784549553539,0.7400543267820432
a12,1,0.6284430389896232,0.7742033142814955
a12,1,0.44997023064440006,0.746578403444004
a12,1,0.44654974209734816,0.677408369883334
a12,1,0.534673007182202,0.8656202975930334
a12,1,0.6651385610577761,0.916781478110903
a12,1,0.5773818208463193,0.7528753451288603
a12,1,0.5709988618240218,0.8159468781865674
a12,1,0.5994286947971097,0.7053042490579376
a12,1,0.7043994225858652,0.5974309196318945
a12,1,0.5505451535980507,0.8201187964719329
a12,1,0.6682993522024987,0.8221021499619754
a12,1,0.46203018252766054,0.4942042759585281
a12,1,0.5032745840004126,0.7699831066287774
a12,1,0.5606067545851143,0.7291659119971058
a12,1,0.5327699586791128,0.6844650088279406
a12,1,0.476544314240433,0.6549622147077999
a12,1,0.4410914398282871,0.6734142656865515
a12,1,0.4693845183445021,0.7883380318829907
a12,1,0.5620674258047611,0.7786248533160091
a12,1,0.6743792765305701,0.8814210744762317
a12,1,0.5912260042429353,0.9254502870949711
a12,1,0.48415054396341384,0.8696886346222293
a12,1,0.6024889888616932,0.22754642416866352
a12,1,0.5453989870304484,0.7408218464691538
a12,1,0.6241784966924172,0.8163264354577755
a12,1,0.571191429376046,0.770556931895313
a12,1,0.4605687307993132,0.6088266088203854
a12,1,0.4939472101043867,0.7074051215988115
a12,1,0.5562731777912406,0.8386870275825331
a12,1,0.4661349165191555,0.7484210365174258
a12,1,0.40993262394495394,0.5756801268905957
a12,1,0.4903757391203541,0.6784021807108002
a12,1,0.3778636792531585,0.8692879404496803
a12,1,0.5398152142448959,0.6873315769957447
a12,1,0.5543353954678002,0.7775294169917695
a12,1,0.6273732919955232,0.8729659277116022
a12,1,0.8023461005689999,0.7225631537312471
a12,1,0.6104810632824713,0.6799010430886814
a12,1,0.7874294611738483,0.8738412951021226
a12,1,0.6808322173505723,0.7942422160361176
a12,1,0.7337233064577608,0.8863377119297907
a12,0,0.34921524807992416,0.281829488069883
a12,0,0.4372380918589718,0.7591127690430503
a12,0,0.6975074844164342,0.9100011458600781
a12,0,0.4207699630639825,0.553692925225173
a12,0,0.5285817561856822,0.787227739316209
a12,0,0.7069321933776281,0.9202761322576416
a12,0,0.43642140619682696,0.6648964637478384
a12,0,0.6944206022143223,0.8148814207804863
a12,1,0.36448420331779613,0.7966473533902243
a12,1,0.7671025811078627,0.9694248434148556
a12,1,0.8681452531787341,0.6428860749494847
a12,1,0.9330899732300408,0.8169689362838091
a12,1,0.6758905825982939,0.22596874588919136
a12,1,0.7141097958164799,0.31399276145458427
a12,1,0.5387913302760362,0.7784399001989936
a12,1,0.39011274121507666,0.5881918970708713
a12,1,0.4295349626707177,0.6763046107542203
a12,1,0.621136258151132,0.3536907301909234
a12,1,0.37202153344624184,0.7813462690170359
a12,1,0.6287227327023284,0.5275398236580726
a12,1,0.3242569644020787,0.1986386666027791
a12,1,0.43680287102408144,0.29984684247750865
a12,1,0.2941821674827937,0.52007506204639
a12,1,0.35936552497206814,0.30638535760582203
a12,1,0.3723916361428118,0.5917435071995207
a12,1,0.3163362004387419,0.7622007650395503
a12,1,0.3545578658826332,0.3790685874675244
a12,1,0.3279013677129014,0.463231344850579
a12,1,0.2200807560922571,0.8445420586545357
a12,1,0.3678407368681065,0.49461699229146494
a12,1,0.19191784718895732,0.6217639281342062
a12,1,0.8077405622979484,0.16884765273839175
a12,1,0.39268565629513696,0.40978443542515985
a12,1,0.7501957565171292,0.24907144411468937
a12,1,0.32299253929339033,0.2317424253727652
a12,1,0.302679189584356,0.513334471495933
a12,1,0.24514995903461007,0.4802741156274142
a12,1,0.7543165969594399,0.4165594732631955
a12,1,0.40881131069599247,0.7258365346531029
a12,1,0.39743009555287506,0.36557293693784465
a12,1,0.2584382961231565,0.5431882301180355
a12,1,0.2790215038663922,0.18746627749217526
a12,1,0.4917371308614611,0.35819641570837296
a12,1,0.44521655293928236,0.7773125767099586
a12,1,0.3679562130165249,0.6974992252446311
a12,1,0.4238040445501876,0.25226876817035415
a12,1,0.2760499419334643,0.7655882885784562
a12,1,0.6813506171673442,0.5659731169381087
a12,1,0.3947782829502024,0.4077457559706652
a12,1,0.26913037188792904,0.5400043178487877
a12,1,0.383836586107857,0.10111518169612493
a12,1,0.5309276869134824,0.6855176061755239
a12,1,0.36586327229279275,0.18126080841648076
a12,1,0.3356571179488398,0.6555535558003053
a12,1,0.369903949317463,0.8143710569162221
a12,1,0.40863269595285506,0.7755078409303126
a12,1,0.8243653609960836,0.40648754600198467
a12,1,0.42077226523576333,0.7366796389788426
a12,1,0.5076323912043211,0.37792749252391694
a12,1,0.2738931929565301,0.16342132887404864
a12,1,0.33959653310548454,0.685505960365786
a12,1,0.49803418054994225,0.8545234429660501
a12,1,0.23337763188866034,0.10161070854802261
a12,1,0.12981486032570583,0.1202213327503229
a12,1,0.12998764345679575,0.11301912476732755
a12,1,0.43391617302883106,0.5219184856276724
a12,1,0.3008154980196727,0.42121781870177705
a12,1,0.5916257934036875,0.7228173019463177
a12,1,0.47112309955192055,0.49358935031301915
a12,1,0.7164656879242022,0.6284950174627725
a12,1,0.6452555342771742,0.9050789629930707
a12,1,0.3937491985779184,0.6584394036848125
a12,1,0.5389582695370237,0.7572635912652317
a12,1,0.6257871821149356,0.9215674544985625
a12,1,0.7528522712408487,0.35424003308592306
a12,1,0.41604189572018957,0.7424677178641887
a12,1,0.247787857113619,0.12372659633481915
a12,1,0.3977723632436603,0.5057360262346737
a12,1,0.5680141364368761,0.5038692225407029
a12,1,0.49646818971418827,0.5857214549149239
a12,1,0.5799837114572353,0.5366110565135248
a12,1,0.58138260864939,0.8690624999865426
a12,1,0.27961642911215584,0.3975690649227173
a12,1,0.6770674132033779,0.6628198462681744
a12,1,0.3694293781939607,0.07930002623631198
a12,1,0.31522088776337454,0.055859535868340485
a12,1,0.5163165485581189,0.5357929890063273
a12,1,0.5679416374824784,0.588706608723747
a12,1,0.3462227924013782,0.6625240796109709
a12,1,0.6852027674245007,0.8789153954972428
a12,1,0.4520797297763594,0.5212976084303422
a12,1,0.4540238738803526,0.8798984487664246
a12,1,0.39114809661613464,0.20397298908545464
a12,1,0.42788020887629413,0.22779930785493835
a12,1,0.3092337377284831,0.18117438618727028
a12,1,0.3254016505956672,0.8277134369883358
a12,1,0.38018524265114656,0.41303343635503514
a12,1,0.4456703457498832,0.4606522930900281
a12,1,0.3160250359929521,0.6607644421600304
a12,0,0.343305702840746,0.6300914408930598
a12,1,0.5177770156596946,0.8803725198292611
a12,1,0.3029779884070989,0.7177154925429857
a12,1,0.5224176283560716,0.3967921266850108
a12,1,0.5495506618121879,0.6731857964364869
a12,0,0.3587513743570862,0.5189556634920657
a12,0,0.19961232085205471,0.21377317619184016
a12,0,0.20360317755967616,0.09439074121234457
a12,0,0.5252264276109072,0.9099306341889429
a12,1,0.4267004468184577,0.35533222172841233
a12,1,0.6731735399076341,0.8386990173286195
a12,1,0.7070385618371123,0.8960032646054148
a12,1,0.62303608848081,0.7424495108663346
a12,1,0.6244932190176501,0.9232736206205339
a12,1,0.46153465525074533,0.7872944220431831
a12,1,0.6786652003433583,0.9367585444721306
a12,1,0.7671481671378431,0.9803858673225039
a12,1,0.554526703397897,0.8046389558822916
a12,1,0.6260789058544187,0.7461196892189162
a12,1,0.4939285359090928,0.8335988776467758
a12,1,0.6902160268092018,0.9267079946803765
a12,1,0.23875173979908015,0.107965829030137
a12,1,0.454916026033753,0.5013200496621459
a12,1,0.5395087496936547,0.8462655651351895
a12,1,0.5009954296657463,0.6959017608979335
a12,1,0.64358055215023,0.4490511713944255
a12,1,0.5172762457668593,0.4586158983406875
a12,1,0.503645225095832,0.7752219961068195
a12,1,0.4508457481678977,0.8745634555855741
a12,1,0.315284170199627,0.5073345665326858
a12,1,0.4769930218819622,0.9067824863966762
a12,1,0.4887179003880048,0.8044701245029033
a12,1,0.5408297123918228,0.8403287484548073
a12,1,0.6181672712311296,0.866177672443872
a12,1,0.34217722433041325,0.1234115764268148
a12,1,0.6019277108967298,0.8647097429693789
a12,1,0.4814245156141251,0.6529817022141476
a12,1,0.6574198006257095,0.6408319201248622
a12,1,0.8387841387964963,0.7705899122125571
a12,1,0.4566325617312895,0.5598526866948229
a12,1,0.6224935244521331,0.6928090339833851
a12,1,0.30152780963696807,0.8223131518464717
a12,1,0.41316543651747345,0.5769758101245094
a12,1,0.42450170919665564,0.5111925862474912
a12,1,0.5821513513798087,0.7758407817421552
a12,1,0.41234071830264807,0.6887692028184615
a12,1,0.5983462106686075,0.815863350110166
a12,1,0.7434111514453381,0.8496545995344438
a12,1,0.8136380236191284,0.862621056410384
a12,1,0.7607885040050829,0.7778980770347562
a12,1,0.6622935256764119,0.8722650521790523
a12,1,0.552814487709799,0.5322930145416351
a12,1,0.5482752270547661,0.7668141482146423
a12,1,0.6171654684689966,0.9043534839324102
a12,1,0.6000271668761512,0.8940227832976694
a12,1,0.3505495144279444,0.6864661996088124
a12,1,0.4179885115157868,0.700731476668214
a12,1,0.5568002753875455,0.8940258268903741
a12,1,0.8259733191047289,0.48980604487090856
a12,1,0.5738720369037819,0.8806902508982264
a12,1,0.6216936839296064,0.3293959262965019
a12,1,0.37953889445078925,0.2532808310157803
a12,1,0.5669761920664621,0.9288634414059899
a12,1,0.5858512632274678,0.4521466286757595
a12,1,0.5866577008228828,0.6574103438099026
a12,1,0.3569965912820713,0.12906876477266846
a12,0,0.2812998296220043,0.3589122614596418
a12,0,0.24761621493445177,0.18769527142530276
a12,0,0.739045182065798,0.8477878327332257
a12,0,0.6086340854670085,0.7052700045195986
a12,0,0.2250492002269589,0.2797776599867937
a12,0,0.44231802779247453,0.8612124119740042
a12,0,0.32621769509693727,0.2291102782770144
a12,1,0.23298259949686145,0.14786672341124749
a12,1,0.2381239081058606,0.2593899838404836
a12,1,0.23025347348060404,0.3579435375718305
a12,1,0.6287137521396443,0.2870842279734782
a12,1,0.3614112394572699,0.7068819459540411
a12,1,0.48092543809565513,0.46178181833698745
a12,1,0.22012477708908934,0.03910977146540764
a12,1,0.616337066925371,0.8852775080885688
a12,1,0.5910399686317878,0.07678907238490387
a12,1,0.7524644157359454,0.3925729164620083
a12,1,0.27766034977790893,0.09990323932438819
a12,1,0.7006473329152697,0.3537006758444312
a12,1,0.3268734833541833,0.4636391791743966
a12,1,0.35636999920709284,0.7881485893647701
a12,1,0.09495962973387714,0.09640108081290671
a12,1,0.44969613735323366,0.6020642774401439
a12,1,0.32579441090773215,0.0637834350905537
a12,1,0.44763754404254974,0.7921158011792688
a12,1,0.3398123731557074,0.38868883300690815
a12,1,0.8173815820695222,0.8257903653487444
a12,1,0.38609550242116825,0.8330243506009696
a12,1,0.6048069692853293,0.6450319078754579
a12,1,0.1868969640047534,0.03293237368427792
a12,1,0.5808986630528682,0.4589519340803907
a12,1,0.2902631915310691,0.47288707859909357
a12,1,0.2296480596930457,0.1331950174854339
a12,1,0.4528347784088185,0.6776934398428885
a12,1,0.5006054883543646,0.5791293272865041
a12,1,0.6400937015234365,0.9520035275346839
a12,1,0.4601133098596483,0.7018884739306874
a12,1,0.5550050826224288,0.8035949708990828
a12,1,0.4986027801477267,0.8072915593150825
a12,1,0.504793176668576,0.8472544710852439
a12,1,0.3295407479864365,0.14206346569949718
a12,1,0.3451724214179495,0.7825458758382791
a12,1,0.45030716193281917,0.7015532585252848
a12,1,0.33196887798854113,0.20107995772486525
a12,1,0.6906769405383427,0.3871791139632522
a12,1,0.19022955982626397,0.027408891933759866
a12,1,0.10846406173543711,0.14448904123379597
a12,1,0.3710736971481438,0.3014033624443817
a12,1,0.5626894061104128,0.8256772467974026
a12,1,0.44911897602700823,0.8036772026192819
a12,1,0.38070706248695113,0.11891392422200707
a12,1,0.2933088368291324,0.4242573972992764
a12,1,0.4408918192900748,0.8847177342279934
a12,1,0.2592832201438771,0.0903593410321718
a12,1,0.4951012014431551,0.4185469360214003
a12,1,0.3482025121638068,0.35731517938212587
a12,1,0.5006227065128168,0.6428116053132252
a12,1,0.632600394207247,0.955718410132626
a12,1,0.5871387997147793,0.1074631227514585
a12,1,0.3361753307598879,0.3825751765645297
a12,1,0.43423169623179886,0.2523000606670701
a12,1,0.4280582896217281,0.8229978987240315
a12,1,0.40443365282654703,0.13560356594030498
a12,1,0.5622287346783149,0.7368195004758753
a12,1,0.3795192720212533,0.7604515982710552
a12,1,0.8194882618378934,0.7223400804362934
a12,1,0.4763244858762037,0.45821949629173037
a12,1,0.6692341500157571,0.9488500946846152
a12,1,0.4283086017674073,0.23188355304245925
a12,1,0.7482807599816295,0.9391174574157181
a12,1,0.5535877380516037,0.5277744505579707
a12,1,0.4735231895310347,0.6570975850664069
a12,1,0.615954076550911,0.8606990901532965
a12,1,0.5568842520129842,0.6153257693059754
a12,1,0.44819324322843734,0.457231533410083
a12,1,0.4912364440241136,0.5244532412685695
a12,1,0.5713966467664634,0.633109151143193
a12,1,0.4547595151877101,0.6444652673520483
a12,1,0.5366835348299921,0.5904668332674889
a12,1,0.6482795676786656,0.8881336606959751
a12,1,0.7798081407338432,0.9434728191248767
a12,1,0.3722666736272659,0.9408968267155454
a12,1,0.7839577879261652,0.7543494846544025
a12,1,0.28382163532101906,0.2942914259500489
a12,1,0.7315968687069435,0.8716720619440012
a12,1,0.688806268839583,0.932233549731419
a12,1,0.7260170135333408,0.9495803193818821
a12,1,0.6916358457536876,0.9407299704893909
a12,1,0.7198547303055922,0.9623226853775517
a12,1,0.6797568633365743,0.9391929827133674
a12,1,0.45335947203129545,0.8374141640187421
a12,1,0.5472607482070128,0.22346151250372875
a12,1,0.7430528450376156,0.8658098191191227
a12,1,0.7924576216099699,0.9850419012715742
a12,1,0.6956293603334486,0.8456512700210521
a12,1,0.6058253280305993,0.8915246860468028
a12,1,0.8034731256121086,0.9306715296608562
a12,1,0.8200001181485599,0.8239624886817525
a12,0,0.3388013311764363,0.4896347429430498
a12,0,0.6494743051452644,0.9357045626028888
a12,1,0.7849558139759829,0.8952486818566218
a12,1,0.8799300649061358,0.957985352629494
a12,1,0.5682357493522302,0.8541476576592147
a12,1,0.6028089070477264,0.8930315079146892
a12,1,0.43079573592693143,0.2999609690576159
a12,1,0.8186398518833243,0.7074122852550977
a12,0,0.39225171090335065,0.7646054136413925
a12,0,0.44575348361497363,0.45139386673637033
a12,1,0.6526250706754871,0.8931670851940385
a12,1,0.4467068841731345,0.8056589872705097
a12,1,0.5203242392280176,0.9108814712726386
a12,1,0.5214715178162612,0.9259214135707401
a12,1,0.5840434915189127,0.7599185756519253
a12,1,0.4850732456895763,0.913627628031139
a12,1,0.39010935869822105,0.4565085197426292
a12,1,0.5031144671468004,0.6730166226526653
a12,1,0.6013300675022837,0.7711364116095811
a12,1,0.519931284936229,0.7938977910294425
a12,1,0.5553141312041061,0.8515111263241778
a12,1,0.6917329683626134,0.5436470482630413
a12,1,0.547378841218512,0.6911649365968084
a12,1,0.46699762470071116,0.8119867782371686
a12,1,0.6460730032863661,0.8018523256481349
a12,1,0.43565284575834057,0.7965524832571583
a12,1,0.49387044325712587,0.05238317812580897
a12,1,0.49698885881524907,0.6203505720744535
a12,1,0.5795452716274055,0.6178110274289721
a12,1,0.5330341027026544,0.35388493265236604
a12,1,0.4461766576995181,0.7910087797222031
a12,1,0.591688704094596,0.6320431413737049
a12,1,0.6696705837916943,0.6687249266211583
a12,1,0.5643382523828413,0.6491988175664593
a12,1,0.6433323684741246,0.4226415507711734
a12,1,0.6962591660986938,0.9075702708670528
a12,1,0.40510414737493744,0.2863638756718371
a12,1,0.5946075801845951,0.6897169708174261
a12,1,0.5591680492952339,0.7573422714149189
a12,1,0.5059050533194639,0.31293290377196015
a12,1,0.6899275505920625,0.6517575439008209
a12,1,0.5373059347036412,0.41371437505242087
a12,1,0.6983625668387726,0.8975557113756415
a12,1,0.7189123204731538,0.7577015641154251
a12,1,0.5278769695037983,0.9334458724133357
a12,1,0.3982105476057531,0.2533092940971335
a12,1,0.7141556109330255,0.9110326095725813
a12,1,0.638141471728131,0.920871724854742
a12,1,0.7249262423188138,0.8443522454244635
a12,1,0.5136683282689427,0.8356769981481933
a12,1,0.5928801022590657,0.8301190970792821
a12,1,0.6538888969156937,0.8219109923197754
a12,1,0.4082784165424753,0.4929594720925783
a12,1,0.7387056996037072,0.7033166260439807
a12,1,0.5872104622631853,0.849493802035401
a12,1,0.5587442998060494,0.7433138907718587
a12,1,0.5296428586917288,0.4670011224904801
a12,1,0.45848178339206985,0.5375853276963763
a12,1,0.6218859631001186,0.830334319330002
a12,1,0.40614865288403956,0.44244317289832474
a12,1,0.6017677591327882,0.7537688659510777
a12,1,0.5874977947520168,0.6512420504126301
a12,1,0.534117624656865,0.8272489350460255
a12,1,0.6221294941833985,0.9685094020054883
a12,1,0.6968469338450413,0.9182521778840173
a12,1,0.6958976056882057,0.8267242095993673
a12,1,0.6465376327833641,0.7974489165237523
a12,1,0.5225824020834451,0.6706509473598481
a12,1,0.6504285892313145,0.829397390330794
a12,1,0.7313007356369231,0.7438616262739234
a12,1,0.3686987136710199,0.30880314412270854
a12,1,0.49738743197621005,0.44599675046745835
a12,1,0.5913122373922532,0.8271236379920323
a12,1,0.5801073112143094,0.3636251851491172
a12,1,0.2939684977111223,0.07723312289930127
a12,1,0.4749350735404933,0.5202964835912175
a12,1,0.7805067814375298,0.730882270963655
a12,1,0.3809631810809941,0.6331559204373983
a12,1,0.8376873288800883,0.9481427344125979
a12,1,0.688276565575611,0.9382356767965694
a12,1,0.8263516409284777,0.963973421851718
a12,1,0.779431909997197,0.9102671947297161
a12,1,0.4068000980947622,0.6245580023961912
a12,1,0.7378424342405433,0.9316489161564651
a12,1,0.5035180495213458,0.755679179359758
a12,1,0.6271273055842733,0.9302128647630348
a12,1,0.6108030877740475,0.8896901362483589
a12,1,0.6040751632479471,0.8742411619124202
a12,1,0.5208069975245153,0.7990523048967901
a12,1,0.39963058805689816,0.618594898330766
a12,1,0.6995253326565205,0.8675304380347608
a12,1,0.9371533834091994,0.939735506373521
a12,1,0.645532373156977,0.9588408629623191
a12,1,0.5850835873016985,0.9694270820283337
a12,1,0.8645887405158664,0.8519449174164583
a12,1,0.8461315002223303,0.9129742210600902
a12,1,0.8573437808069305,0.7657375169765329
a12,1,0.8901451934940028,0.905629291529342
a13,0,0.2876825124162018,0.08713538321483866
a13,0,0.19780649724470745,0.5853561614217705
a13,0,0.41711715181243175,0.22743981556336507
a13,0,0.3217157584626444,0.1826401442527911
a13,0,0.3138711164150668,0.21383685441374722
a13,0,0.23655883023501736,0.0497514164736869
a13,0,0.22958871699305683,0.018369938658484186
a13,0,0.3527257950908824,0.2071333893451039
a13,0,0.26671806182831115,0.060206498543909456
a13,0,0.2589841228335504,0.10991397139570729
a13,0,0.3522749721007786,0.47264602579181947
a13,0,0.3137595792529511,0.08837987927296032
a13,0,0.5382989162351158,0.21399845745098717
a13,0,0.44120177784830006,0.08588212555476515
a13,0,0.37461709882565586,0.11037054500299838
a13,0,0.33135080297920705,0.12170018596632978
a13,0,0.39631268433324657,0.2749257040530841
a13,0,0.18285638065385176,0.045260482850870885
a13,0,0.3899291545692266,0.16861010177310637
a13,0,0.4758222176216935,0.5716634055354585
a13,0,0.1941030935397517,0.03335399302404851
a13,0,0.22006501107605236,0.07693976213683713
a13,0,0.18810818273688829,0.07645486417264354
a13,0,0.28331202217792295,0.22733557164833607
a13,0,0.48574700412633953,0.2578416792745673
a13,0,0.13845396801644044,0.3422965628764
a13,0,0.37446776172886903,0.33212138410240316
a13,0,0.4893734113680467,0.5439300498860216
a13,0,0.2504840006032665,0.1808142592130591
a13,0,0.4441255106919034,0.38869655563151434
a13,0,0.38145238512243895,0.3903968360018048
a13,0,0.19565787357544853,0.4937155297509546
a13,0,0.2744352468132935,0.41534197296580794
a13,0,0.2496881197099859,0.10348305113446178
a13,0,0.3565699888068297,0.7127920609448867
a13,0,0.2827191797633296,0.4218898660509986
a13,0,0.5587264823074469,0.5342132424653314
a13,1,0.5227198280934192,0.40529393258339547
a13,1,0.3787558349673996,0.508169158901518
a13,1,0.4273525521027216,0.5885429878961054
a13,1,0.6377295188002444,0.7221154456143515
a13,1,0.7387995374911933,0.6647328923270711
a13,1,0.6690823378096191,0.8908230322388134
a13,1,0.6669833877779706,0.4952265870272102
a13,1,0.5908109940539221,0.6003166849101048
a13,1,0.4289461798457564,0.5298929964435788
a13,1,0.5054190371232844,0.5958926943095364
a13,1,0.6610573727298832,0.7393216603253772
a13,1,0.60285363402183,0.5033165499183607
a13,1,0.7807803597434253,0.7166737699233507
a13,1,0.7409731942451836,0.8203774002796701
a13,1,0.6542798039206225,0.5046059395029446
a13,1,0.5063954538212208,0.8356247899030061
a13,1,0.7699108749488339,0.7902882388808585
a13,1,0.6173424087217754,0.5883447779884571
a13,1,0.709119670920684,0.4556555668876672
a13,1,0.6107859785835621,0.5693768962807034
a13,1,0.3922441063646566,0.5857733859922143
a13,1,0.48494204874525004,0.5823312778395633
a13,1,0.5646287880068118,0.6455887828273431
a13,1,0.7693042089949418,0.7557018623851515
a13,1,0.6446461223927497,0.7886993997089415
a13,1,0.4609817466002927,0.42837471606497435
a13,1,0.6004013008235709,0.5361984285542513
a13,1,0.6291416867880878,0.8536859218236705
a13,1,0.8064423238017593,0.12035500710366426
a13,0,0.5901948521559802,0.2575733618302806
a13,0,0.24896360668361098,0.14402626102837643
a13,0,0.27160187221226734,0.14023028537651333
a13,0,0.24692493918121217,0.24735359338389826
a13,1,0.19213794518889815,0.12882079798659887
a13,1,0.4609110268871762,0.29459500390815196
a13,1,0.34367586021496055,0.46584985092527054
a13,1,0.3539017507346244,0.6379050332491273
a13,0,0.2651988450341011,0.24222732606029954
a13,0,0.2151544314714872,0.17173719690258912
a13,0,0.18332596684028363,0.10090508571493734
a13,0,0.15432014835272304,0.06846686279126508
a13,0,0.16765359212286546,0.0029679320502891205
a13,0,0.1822003837976244,0.01329575878284274
a13,0,0.14637009390645256,0.008131476120227096
a13,0,0.14959006785433357,0.0029860694447626365
a13,0,0.18236009547830473,0.009607968513784699
a13,0,0.22007900178821208,0.017057401288560734
a13,0,0.19240729391062042,0.013807138348180491
a13,0,0.13608525801561042,0.004197743702306057
a13,0,0.13448320302954048,0.0033474811618849523
a13,0,0.14104717468035358,0.05313348368698779
a13,0,0.14119383875211955,0.0018962868208353234
a13,0,0.13024661113677394,0.0012597718989928405
a13,0,0.12787878102198946,0.0024255849020276875
a13,0,0.136964063199413,0.0013216767693562865
a13,0,0.14420485109022327,0.006241533949570396
a13,0,0.14305309017032203,0.0017019654823276131
a13,0,0.1317935314663716,0.005816198230531232
a13,0,0.14881960986971352,0.005133664747113893
a13,0,0.1281196673251172,0.0044218185449748666
a13,0,0.165391960115678,0.005400266180978895
a13,0,0.14843906037649718,0.003775246773463862
a13,0,0.12066733601765071,0.001334526976832693
a13,0,0.15005167284790014,0.0024222183547851148
a13,0,0.1308287234560479,0.0029848487065061245
a13,0,0.19531292371962186,0.03792663676808735
a13,0,0.13110995363722927,0.006466058968916377
a13,0,0.1309124734773195,0.0023917308827868973
a13,0,0.1539060243486312,0.004284253591867427
a13,0,0.15361295897019447,0.010179304799139352
a13,0,0.16249819686196304,0.009043256082264932
a13,0,0.17291636351643327,0.005437531640156101
a13,0,0.16069255709156852,0.007980139412342041
a13,0,0.1855552254882387,0.03320224716882815
a13,0,0.15170762064028098,0.003935880014347346
a13,0,0.13373093775214806,0.02780285114949441
a13,0,0.4810158800541152,0.3718474669426302
a13,0,0.45605475898156533,0.1609434140182352
a13,1,0.3621269613837069,0.13845602687256792
a13,1,0.5162380676453997,0.08927168715526763
a13,1,0.39784739211703274,0.055090776578857296
a13,1,0.29708990918766726,0.5793660190123586
a13,0,0.2946683715342278,0.33142942429479866
a13,0,0.20568991974505588,0.24698647074348085
a13,0,0.2442607361418619,0.05866815665195195
a13,0,0.306624328567951,0.09953676092134592
a13,0,0.24004566327643215,0.09730928864686811
a13,0,0.19348990243759237,0.07162811505642735
a13,0,0.14178860250351155,0.0020364985398582496
a13,0,0.18474965995035378,0.011741433246671156
a13,0,0.17724550001725936,0.0060355529685046086
a13,0,0.1544897178218581,0.015788805669444843
a13,0,0.1577330662655414,0.002884737577095792
a13,0,0.15209912804317247,0.03750970125722921
a13,0,0.17012848215221343,0.004370737233443979
a13,0,0.3459720208692688,0.18903690561208603
a13,0,0.21672784905991102,0.07158552182824801
a13,0,0.193768146015093,0.0921536526828949
a13,0,0.12784950314687127,0.0015031222890483627
a13,0,0.19743843889055943,0.01999367418160834
a13,0,0.41813567968926696,0.047034773567584585
a13,0,0.2864144759062838,0.09003888964059746
a13,0,0.24213365917565216,0.038420463231143766
a13,0,0.16042028085951401,0.003343090717112578
a13,0,0.13750989945717754,0.002920709920598836
a13,0,0.21830585764802135,0.024338839898268752
a13,0,0.18915476931124237,0.017790195968826757
a13,0,0.13326266516947663,0.002890525917493583
a13,0,0.1354627360017258,0.004394038606210532
a13,0,0.1842926938466066,0.007972484009066097
a13,0,0.16811362011452347,0.009947341835635701
a13,0,0.2170945768659383,0.025299186158472757
a13,0,0.6373212348181773,0.14986670741068056
a13,0,0.4229829174771601,0.16183738048096982
a13,1,0.468488005380717,0.193362175094383
a13,1,0.6462056101671085,0.3074292663524551
a13,1,0.5189104698230983,0.42164976174248836
a13,1,0.5241177885391533,0.26177993401463173
a13,1,0.667738658933738,0.5301844730685146
a13,0,0.47419082854087985,0.1302940835387069
a13,0,0.5427275118493041,0.25776248049927963
a13,0,0.4001144484395353,0.26744829699259504
a13,0,0.14503527238996783,0.0895391813960428
a13,0,0.24383618358605036,0.041671664112692956
a13,0,0.349186936942774,0.08898143950043484
a13,0,0.4670969092190152,0.13802933479540472
a13,0,0.182520662394389,0.011389331277132429
a13,0,0.3674982248861752,0.13756878195530867
a13,1,0.35929556022575815,0.2697177657646245
a13,0,0.22086687037868755,0.15236697738641536
a13,0,0.3374207610495121,0.23781393052086727
a13,1,0.36710216347546204,0.4822820684940993
a13,0,0.40505446459460076,0.31715408662619055
a13,0,0.36207466251748105,0.7460247711668527
a13,0,0.36646223405103545,0.25040220863154433
a13,1,0.3854432570687936,0.7337773891336195
a13,0,0.2921151170942426,0.16615145165279957
a13,0,0.6157099579631081,0.7175490031699734
a13,1,0.5565446984321757,0.8340133419080362
a13,1,0.6706402260716116,0.0487024808131266
a13,1,0.46327436513121784,0.5062461535391789
a13,1,0.43899973311614054,0.7863349403010632
a13,1,0.3985813195492241,0.4892249372439114
a13,1,0.647173226329156,0.8128891813613487
a13,1,0.6602715554709353,0.8443105048780257
a13,1,0.5970144311789479,0.5948262369864263
a13,1,0.5367854749712941,0.780707644130633
a13,1,0.3395882004241745,0.5456692402486678
a13,1,0.6412272505842581,0.7597537248865956
a13,1,0.5760677663459057,0.5501463451814113
a13,1,0.5828765224873882,0.373208363119568
a13,1,0.3849031872798983,0.6329790710499897
a13,1,0.3767670261319195,0.497215472698295
a13,1,0.606820401810516,0.8549882131965764
a13,1,0.5318729050282952,0.6301957090966217
a13,1,0.4875558257863857,0.7511327181815497
a13,1,0.5149583671271525,0.7073841978593617
a13,1,0.7024892524232061,0.7742466807730711
a13,1,0.4969548380230098,0.6320451134928943
a13,1,0.3986302515759547,0.7384809042712374
a13,1,0.5917788266958497,0.5969093604040556
a13,1,0.5614053731776821,0.8511565504092999
a13,1,0.6438089106345155,0.5215882402085124
a13,1,0.6419086985629281,0.8256670316612881
a13,1,0.709998858183085,0.1146555385591411
a13,0,0.2694508140100785,0.06885541078669011
a13,0,0.30746267417639056,0.3967013880154815
a13,0,0.425343051558302,0.716627099542518
a13,1,0.35226312091433803,0.21037751237288554
a13,1,0.48935199248669037,0.6884879248893652
a13,1,0.40073401535203906,0.581418486991775
a13,1,0.6275649256168008,0.8128324223739013
a13,1,0.5045657200947544,0.8377404026510942
a13,1,0.630652773814099,0.6648271670140374
a13,1,0.26071169210477735,0.6510482225879984
a13,1,0.6633412352032673,0.5539587763817118
a13,1,0.4639672034661987,0.7958708255661939
a13,1,0.60879713257247,0.6835298741872481
a13,1,0.3422218561993529,0.13039004361891252
a13,0,0.25578408876674,0.10460257477328014
a13,0,0.49066931851991796,0.7847083263438395
a13,1,0.5311325338453714,0.7606454180523429
a13,1,0.49749923673645613,0.714890417046144
a13,1,0.537123314598862,0.7058228230413374
a13,1,0.6042219100879982,0.7101393609151334
a13,1,0.3542154732075162,0.7792502353981791
a13,1,0.3328125359395301,0.5313102453954367
a13,0,0.4290750870938522,0.48699191053488394
a13,1,0.24595382689850795,0.045038721895883364
a13,0,0.2932613703219748,0.5547706555243689
a13,0,0.2802312329299808,0.18839414575936209
a13,0,0.35543654700236993,0.08364968042334057
a13,0,0.2561474158304917,0.3896998460915647
a13,0,0.41603725910834843,0.6250292672158526
a13,0,0.3340698355835858,0.2827409120718148
a13,0,0.34050889911028187,0.06496081947130522
a13,0,0.2706655298179967,0.06649063602358354
a13,0,0.2308712624473487,0.13729003009578652
a13,0,0.21307066282269285,0.03372231953783839
a13,1,0.2613647490754265,0.7465565556496914
a13,1,0.2162023946864089,0.5829329080144492
a13,1,0.513947236496275,0.5596107433727457
a13,1,0.39195378063778713,0.787123633714422
a13,1,0.4493881235353838,0.6744408595490375
a13,1,0.41180193059648224,0.576457744433372
a13,1,0.38205164822767895,0.4244891222683486
a13,0,0.35328323756918995,0.014288593034943594
a13,0,0.4312299701671306,0.11306837702131357
a13,0,0.3122443519908328,0.04682792099949282
a13,0,0.29099809119780273,0.09691408135561792
a13,0,0.35904607871700395,0.19261848919156854
a13,0,0.29016240851043834,0.3302750936262855
a13,0,0.2905743112704322,0.2580476123555012
a13,1,0.5996133089718362,0.8222554773914579
a13,1,0.43861695142887264,0.6253797243971383
a13,1,0.4337478704649806,0.6633700841213909
a13,1,0.48614957270887316,0.6834691550481438
a13,1,0.38765937461223393,0.3800693277420642
a13,1,0.4541044803774817,0.3584890301171266
a13,1,0.38880448059320805,0.5125749779811997
a13,1,0.5330418872666253,0.5314388705757334
a13,1,0.4627326505649507,0.8210294496008058
a13,1,0.5641916551239609,0.6028928539348171
a13,1,0.6506556504255852,0.3328999561912652
a13,0,0.6730585760900503,0.27378822496791133
a13,0,0.3689999572103784,0.7117109763602067
a13,0,0.48597232978800525,0.6785826759641391
a13,0,0.3566374493418341,0.5370807352106487
a13,0,0.5610989206714975,0.4731597059188567
a13,0,0.6027857147753934,0.8390714317651721
a13,0,0.4204299317972344,0.1869242948300018
a13,0,0.7506612068455908,0.7005718317264645
a13,1,0.688534561663247,0.7977032962522463
a13,1,0.48109085193487605,0.8130214730397768
a13,1,0.510231626597585,0.4112532333502462
a13,1,0.4780360724334676,0.5632531615974589
a13,1,0.549777059745764,0.5394288197120805
a13,1,0.6741486801622215,0.870923871964613
a13,1,0.6994034235394608,0.7907861964853178
a13,1,0.5603208040129853,0.6961994482294217
a13,1,0.694542302447753,0.7386256411367624
a13,1,0.5566621890905616,0.679906809386667
a13,1,0.5761472701397811,0.6330209117464459
a13,1,0.4990929829012775,0.5351908712020271
a13,1,0.5492083244218672,0.8233596151408631
a13,1,0.6188442130369263,0.5598755033308598
a13,1,0.40300484022431704,0.16579266939996584
a13,1,0.8339326181571263,0.8758673839122693
a13,1,0.6176164346776102,0.7717152694014262
a13,1,0.5021182009794801,0.4130196581362586
a13,1,0.6058501853753085,0.8796719201668473
a13,1,0.3277208548640131,0.08629911600114358
a13,0,0.7599169268093581,0.8253944664046827
a13,1,0.521405360253285,0.6867541896097492
a13,1,0.4826630141317896,0.814962538467619
a13,1,0.7427932499734353,0.5153638259812827
a13,1,0.7093827412631163,0.3880088986147118
a13,1,0.5326587212701399,0.847253486742742
a13,1,0.511396211556879,0.8465156733598206
a13,1,0.3636705196711071,0.3301151760184128
a13,0,0.3291016874337101,0.27052897682113514
a13,0,0.2710499966707215,0.15235484564514196
a13,0,0.1990979805501008,0.021278678673694457
a13,0,0.2520162853900434,0.05221879374985036
a13,0,0.1966800836432819,0.2468635812152204
a13,0,0.31477976867042634,0.5323223496256769
a13,0,0.21759418738727088,0.47583174544308054
a13,0,0.1814698869893473,0.005559267970521929
a13,0,0.23383902379876403,0.07586051044750303
a13,0,0.30805552266311453,0.028982909773595054
a13,0,0.20438927758545983,0.012289770993784074
a13,0,0.328373332213339,0.030594515608127048
a13,0,0.22780513463507537,0.03813631770610011
a13,0,0.3066995531992821,0.41745549126259396
a13,0,0.2171564709259449,0.525573661814244
a13,0,0.17798052275406503,0.11181585209319979
a13,0,0.3195463414750811,0.40830770133944216
a13,0,0.23038099359683376,0.09111437428658997
a13,0,0.3095688490512137,0.17533435697024405
a13,0,0.2293734391196401,0.10478105933699328
a13,0,0.17409884492384023,0.3703523077965242
a13,0,0.13126451778632472,0.007156656870579232
a13,0,0.16874683152215095,0.14927638734748627
a13,0,0.16798176064459935,0.034734570778636516
a13,0,0.20676916562747216,0.057920619661689286
a13,0,0.1658139756588688,0.0044174147181161826
a13,0,0.12888579919263604,0.009459321275237957
a13,0,0.7698656978013942,0.4121356654271949
a13,0,0.44578878184590726,0.649102006819039
a13,1,0.39183518809859597,0.533261548647889
a13,1,0.4398649958429325,0.4612758271022361
a13,1,0.5188633717604485,0.6011615671084102
a13,1,0.4994678685652638,0.6311347559840746
a13,1,0.387864769751449,0.6024009205404048
a13,1,0.8059400532117734,0.8084075741492103
a13,1,0.3683672702680564,0.7632135790010781
a13,1,0.6575365394010739,0.1767524100210688
a13,1,0.4802762408321186,0.6875777734058349
a13,1,0.6056634810109237,0.7773286820579579
a13,1,0.46521842393102975,0.8724340374930232
a13,1,0.5216361037645814,0.8637828439659578
a13,1,0.6139234953856573,0.7757323583315684
a13,1,0.6327688582736569,0.8082300398017275
a13,1,0.6234432203758944,0.36972083716339343
a13,1,0.6043141626599966,0.8705006464778079
a13,1,0.6130059569135421,0.7047615866487725
a13,1,0.5867839671621611,0.7919615800787905
a13,1,0.6538604332060675,0.7085646263266788
a13,1,0.6574034853117223,0.7264946396981966
a13,1,0.52077565557693,0.39117993602927303
a13,1,0.6942934978707852,0.6247347071416783
a13,1,0.5981178191500492,0.8377798239021799
a13,1,0.5616245038170948,0.8197429211693156
a13,1,0.7135859181265217,0.7808882096849517
a13,1,0.4261575760271717,0.6489933047834717
a13,1,0.43297794548739227,0.39800023180373356
a13,1,0.3155073609616466,0.4930938386946291
a13,1,0.4356887186899099,0.71086291417513
a13,1,0.6212080497420662,0.5765922661527084
a13,1,0.4956417350902535,0.7071519149442731
a13,1,0.6018984533652318,0.5830090430418362
a13,1,0.6876349824386561,0.7042118509123723
a13,1,0.6395349276216068,0.39765864007389445
a13,1,0.6779219289049299,0.9227681253934876
a13,1,0.6855681121852775,0.5132446004730554
a13,1,0.7488840780115013,0.8812730930579822
a13,1,0.3493449630188195,0.7510360865808006
a13,1,0.662741954940017,0.7416817646688438
a13,1,0.6184388070145717,0.6387323765422814
a13,1,0.5971418181804028,0.9116889424942508
a13,1,0.8769059534728669,0.8487852788621393
a13,1,0.6357936907581515,0.4703158842306863
a13,1,0.6173970981525118,0.28307389066563027
a13,1,0.5462268841355865,0.7146896781000454
a13,1,0.6319201408420458,0.675430706574024
a13,1,0.5128591237102823,0.8121170205563534
a13,1,0.40612242816366423,0.6880882660492784
a13,1,0.7235261210519929,0.7623319089086499
a13,1,0.8760059290607553,0.6126023069053244
a13,1,0.45164988745785656,0.8161562204215763
a13,1,0.5364415781764293,0.7755673380341819
a13,1,0.49164277527041444,0.7454731809570239
a13,1,0.5282612812771121,0.770740801894075
a13,1,0.5486147160127365,0.9064160614140938
a13,1,0.541224978041376,0.44231273031632334
a13,1,0.5979710669017949,0.7460177744532815
a13,1,0.5433537211616516,0.910080944958921
a13,1,0.5248912908650869,0.7368504136527009
a13,1,0.5207097833524602,0.8276460537775665
a13,1,0.5052242831444648,0.5598034832481884
a13,1,0.6110972598794134,0.8394795728434498
a13,1,0.437775162669281,0.12469610747806856
a13,1,0.6405325196710432,0.8043117107255965
a13,1,0.5014451530560615,0.5004728453470106
a13,1,0.6584759529038553,0.7655908904305455
a13,1,0.5388770963004431,0.8190095441828943
a13,1,0.3972707391761389,0.6413908385574837
a13,1,0.48790970725581917,0.7695612500521057
a13,1,0.5355715450702481,0.5155388742025399
a13,1,0.6635211421515247,0.8599419564274684
a13,1,0.42145396740843205,0.685244681549933
a13,1,0.4448557521331661,0.9276468983024777
a13,1,0.5560465249457344,0.7654654478699463
a13,1,0.4109575638195105,0.7465830131723283
a13,1,0.3438104490171215,0.3666545795768345
a13,0,0.2954405308588714,0.25293119027591165
a13,1,0.6158814569590986,0.8695992907791634
a13,1,0.44521416719148227,0.7583542075530993
a13,1,0.26231865429390216,0.12533158489875323
a13,1,0.5064506966452356,0.5596947673135017
a13,0,0.2660332726414769,0.15276315218555583
a13,0,0.35811534118423866,0.1108879120966968
a13,0,0.1782099715971298,0.003713197301082824
a13,0,0.2913222307684225,0.6148076102611426
a13,0,0.2991318564922982,0.05279336607464254
a13,0,0.24680759896735263,0.08750216122125615
a13,0,0.2297111340599821,0.06675919333710931
a13,0,0.28097149475598143,0.02245259219795515
a13,0,0.3264503067443789,0.3399231263265734
a13,0,0.3070040617579544,0.3275054021952753
a13,0,0.23533985453655637,0.06397875389436462
a13,0,0.24445797548497314,0.11762310733592649
a13,0,0.13825770706469337,0.03648045533879763
a13,0,0.2506334482258784,0.038264364645156916
a13,0,0.1789349778211393,0.02811407170798343
a13,0,0.17936282094500688,0.04155750793368175
a13,0,0.6677052929919124,0.14630532868619053
a13,0,0.5686738670174877,0.2181967070308861
a13,1,0.23991049481655727,0.636152876462368
a13,1,0.43365308428616495,0.8167537044499492
a13,1,0.35115802394271955,0.3447907189699963
a13,1,0.37143432467180876,0.5713538812268202
a13,1,0.3892828630032114,0.5402779311271528
a13,1,0.6260192358750976,0.7912426739050553
a13,1,0.4497572118220725,0.5860022575902929
a13,1,0.5768056846325343,0.5957864519428808
a13,1,0.4220202173300787,0.36320923903756197
a13,1,0.6277868241640218,0.7859288262692455
a13,1,0.5870236810533822,0.7812759829509354
a13,1,0.34608682290764725,0.40441472215867075
a13,1,0.45990423373984235,0.8654104756028129
a13,1,0.3442924607072066,0.7367872228271264
a13,1,0.3356264117374589,0.6941970758969865
a13,1,0.4400957971902362,0.3301617829219077
a13,1,0.40897171026102147,0.4801198395385063
a13,1,0.5349852940216133,0.7236046986828284
a13,1,0.4901193152116558,0.7530841089876322
a13,1,0.3211021970735409,0.40318027258170785
a13,0,0.2572177439469368,0.36329111489080185
a13,0,0.2815266860446002,0.5146751581566342
a13,0,0.19144008870911539,0.09100276260028245
a13,0,0.4096464072482219,0.018016248258526494
a13,0,0.3201233036326389,0.10534346508747017
a13,0,0.3856815645062717,0.4008304303967856
a13,0,0.24174997600879403,0.25780138094274396
a13,0,0.19633785869562687,0.07697077675095246
a13,0,0.13355088248466218,0.16886908315122773
a13,0,0.1934051071282994,0.11844040669308932
a13,0,0.18391909989403607,0.09466700381245306
a13,0,0.21215302929722324,0.09394100506226996
a13,0,0.17792049745482072,0.004131487597261327
a13,0,0.1497213768616461,0.06940694396289372
a13,0,0.15877539208461827,0.012930304379299063
a13,0,0.1851115702338689,0.04695461132683983
a13,0,0.592751085995345,0.34312725704044184
a13,0,0.28037974111668107,0.23257978592303397
a13,0,0.2118752105245654,0.013905157833633396
a13,0,0.1515059299618303,0.010563432542419527
a13,0,0.1679838097866141,0.04761765475715762
a13,0,0.16632381690154638,0.004697180284958012
a13,0,0.15150624427985204,0.010742555122346262
a13,0,0.15103562683090518,0.018967322939195116
a13,0,0.15287039585930948,0.003994940670458371
a13,0,0.1535234589595094,0.007060721018240794
a13,0,0.2578893203035197,0.030505645084181177
a13,0,0.1745527443902285,0.003753409520294883
a13,0,0.1722922077639877,0.05292240281150169
a13,0,0.16957873436821214,0.009534173637773334
a13,0,0.17317822862821947,0.011167697040226673
a13,0,0.2863811951678802,0.06092303094379602
a13,0,0.22549060924201042,0.10881762907424619
a13,0,0.18412032141180182,0.004592557138492828
a13,0,0.16166019332730133,0.028254122618896278
a13,0,0.15693047607576416,0.015586582529547184
a13,0,0.5651348617199263,0.2281925074916178
a13,0,0.37057337007247515,0.05230867918654952
a13,0,0.29049761700784826,0.03107278763666495
a13,0,0.22293268434577285,0.2479648883069949
a13,1,0.22534583324401442,0.24227981814875876
a13,0,0.2932694825276356,0.03680144725980335
a13,1,0.28495354656838306,0.4357967909939965
a13,1,0.2444540096741425,0.20872216384439518
a13,1,0.3794598319141083,0.5062071608805795
a13,1,0.33141315326994214,0.20653067858614854
a13,1,0.3945823086885257,0.19069280864189958
a13,1,0.3450201024756636,0.5391238828985152
a13,1,0.17241634570583764,0.2751501617685679
a14,0,0.7118398870622101,0.6706845143628776
a14,0,0.2140699206872154,0.3074913986359894
a14,0,0.16340347488462761,0.6311109235930535
a14,0,0.5051553092156291,0.49209085829553767
a14,0,0.2810039030387889,0.1164462500576354
a14,0,0.39469687995145597,0.10218082563687927
a14,0,0.22600937178691774,0.007814144493534892
a14,0,0.4635017397856106,0.2890852337659532
a14,0,0.32414070781475096,0.6066585880180029
a14,0,0.885349363760954,0.16988504597848902
a14,0,0.1329724380098335,0.00494698920103164
a14,0,0.8546974243179669,0.4751220514895703
a14,0,0.4353584101599851,0.5860079156906051
a14,0,0.19124332628698493,0.05801222761482499
a14,0,0.31265167461006244,0.20090122355804213
a14,1,0.20434460734048207,0.09129289616502652
a14,1,0.12187759443649068,0.04692011746242327
a14,1,0.3555073868042111,0.11447832664446554
a14,1,0.21689878294886397,0.4596505525440602
a14,1,0.096034291938811,0.016379129686671434
a14,1,0.43372000463573446,0.8928013485716193
a14,1,0.35718078951590915,0.8173091806269625
a14,1,0.140133676508036,0.1290812871329702
a14,1,0.07789315873456046,0.004647767723385538
a14,1,0.08407069335470463,0.02346986649172193
a14,1,0.11182925409165444,0.04573721575645088
a14,1,0.08373650262359376,0.013101079216942799
a14,1,0.04915945557061095,0.004839424180001574
a14,1,0.06857200185767211,0.03420101160194829
a14,1,0.10364415429690484,0.006381080106011719
a14,1,0.13389558197290363,0.015760753635297237
a14,1,0.10895230280203973,0.021318714302047147
a14,1,0.11029168873818625,0.011464742733654564
a14,1,0.19922093604114835,0.09675981844163145
a14,1,0.12134202019928261,0.026500021445778555
a14,1,0.09366077017809896,0.009452663188232444
a14,1,0.26159620875213435,0.30935456682296736
a14,1,0.1121116145362187,0.10829543429841565
a14,1,0.1096441340540597,0.015004628143245297
a14,1,0.13165060405973705,0.18455782256769496
a14,1,0.22498832153270099,0.49062635253616527
a14,1,0.6150519678887931,0.9525286988290839
a14,1,0.36944764827556015,0.7725283921700321
a14,1,0.3855001066109725,0.9002675864086285
a14,1,0.06312934352199207,0.019332761100891632
a14,1,0.13875281938278236,0.06167858532582223
a14,1,0.1403556947233165,0.024014771446892267
a14,1,0.11625861735407518,0.01387351994234127
a14,1,0.1259911640576588,0.008723147783761376
a14,1,0.06254107311074618,0.004415935083997867
a14,1,0.15607661766218703,0.11085205182921436
a14,1,0.16134820769393476,0.11864916602695895
a14,1,0.14400477246538732,0.08938223936428057
a14,1,0.05427437471328647,0.009552628595406844
a14,1,0.05492410994342679,0.006008971243132011
a14,1,0.41903661416226956,0.9375680746308626
a14,1,0.14719562742551195,0.11182821947493717
a14,1,0.2065038959004724,0.3183406559296843
a14,1,0.04455701935274897,0.006478090315310245
a14,1,0.23039005669195026,0.025335134138185604
a14,1,0.3217068283675112,0.5022439435952103
a14,1,0.19858349109826975,0.009483148354596928
a14,1,0.0711952361555256,0.012596435311687066
a14,1,0.09128333347774199,0.02127895248353532
a14,1,0.8017919727021189,0.9719368407808244
a14,1,0.15722916559405484,0.01813405925647412
a14,1,0.28775801802751183,0.26423911555572954
a14,1,0.6553644680595156,0.9239704339195524
a14,1,0.11848177142536863,0.07171792880606537
a14,1,0.6770755211396172,0.9047182045586029
a14,1,0.282659830204444,0.024836203720392133
a14,1,0.9956120920331918,0.7526116794306356
a14,1,0.2644255739769279,0.1359929935206548
a14,1,0.8710415570665869,0.9095792040867413
a14,1,0.5923854985213746,0.3187123271856313
a14,1,0.8681345875400028,0.8975907117816418
a14,1,0.675480367272378,0.23231438433296642
a14,1,0.872710052438734,0.9520118016303564
a14,1,0.925616485601503,0.26784292588054914
a14,1,0.44106145151499226,0.7781020087664109
a14,1,0.7084271012093271,0.14910573141904365
a14,1,0.4172554235962683,0.11821383976200818
a14,1,0.7969446939295135,0.4435359321921595
a14,1,0.7769512814281894,0.878978560721933
a14,1,0.967722470023428,0.8467598720747663
a14,1,0.7712141951497429,0.6427414883764383
a14,1,0.8544615117057837,0.8227719684917116
a14,1,0.7443298283597117,0.8039776282339777
a14,1,0.8682116051147782,0.8757057743296061
a14,1,0.8802425948654922,0.4720940005787103
a14,1,0.3613254597613952,0.20223994796204256
a14,1,0.7700702174993344,0.5633162355864004
a14,1,0.44261749416052965,0.6230724654325208
a14,1,0.4830383148774876,0.06362331372993021
a14,1,0.5923963413757041,0.5462691530144096
a14,1,0.6435087157786278,0.28940053941354527
a14,1,0.9086084797304622,0.35524612758204216
a14,1,0.5456702609673708,0.8232536369842531
a14,1,0.3317755727685497,0.07752219230107917
a14,1,0.9140968409857007,0.964615715070255
a14,1,0.3812351965857756,0.9083580840720977
a14,1,0.3390412752622853,0.47426002020805536
a14,1,0.8221284144509451,0.7637032800110779
a14,1,0.9469013746382572,0.6098952821056663
a14,1,0.8859460643734755,0.25794061989190936
a14,0,0.7722030517351474,0.5447650117846805
a14,0,0.12277840668367744,0.02568144875921213
a14,1,0.04293034851765292,0.02437319005394766
a14,1,0.07352139080786878,0.02570044347177312
a14,1,0.07225939392739174,0.014047366697901117
a14,1,0.25903711940744606,0.1394872864886972
a14,1,0.10382737230880894,0.02658502855201652
a14,1,0.1402401516308329,0.5201099215817694
a14,1,0.30789790224268276,0.909466022986526
a14,1,0.1471888471812067,0.31224990556928595
a14,1,0.15551460899662567,0.06173392646079791
a14,1,0.12055375282691053,0.07349289853120797
a14,1,0.20762871401408983,0.2686508593355547
a14,1,0.2324375380719231,0.2933126404009379
a14,1,0.09661649143874296,0.0029790967331663042
a14,1,0.26885228325679933,0.7983013545179773
a14,1,0.1952207825681689,0.09648570383657307
a14,1,0.27721939074892044,0.2938436103929987
a14,1,0.24493589325439558,0.2976766061556787
a14,1,0.10427058000564685,0.22571826786944058
a14,1,0.3749491491701161,0.9385058228871113
a14,1,0.184831749956551,0.890153033660373
a14,1,0.16409568842940211,0.1759758314063312
a14,1,0.3001187465879587,0.37514371663221024
a14,1,0.16735010107450135,0.8037463914636461
a14,1,0.11815306535257479,0.6472815105898491
a14,1,0.24180983812586984,0.8645862694557084
a14,1,0.2472607896925268,0.9466564514792464
a14,1,0.244983558134297,0.8872888695997723
a14,1,0.21402039349170918,0.8275977722531921
a14,1,0.1749976642593675,0.6675539305094478
a14,1,0.20822181277183863,0.9098554630514113
a14,1,0.18846022543181995,0.6089725220722524
a14,1,0.429272524886572,0.9450675041911066
a14,1,0.11924260613044595,0.2001228610867415
a14,1,0.35213676179714987,0.9118198235239983
a14,1,0.09889163885651599,0.26563695117439123
a14,1,0.8233539352497412,0.3807203940932149
a14,1,0.14713029272200406,0.4015132034143358
a14,1,0.4511022539704028,0.9500761981344444
a14,1,0.36622132250328326,0.9314823236831274
a14,1,0.5395342913268303,0.9553905094612948
a14,1,0.5847757174096162,0.9084667897481523
a14,1,0.17503454808380797,0.8541039385256723
a14,1,0.2561194030422696,0.816597502222548
a14,1,0.18280927862425422,0.7670109707581456
a14,1,0.2631558036927065,0.7387504397406668
a14,1,0.09325874097821005,0.09621813087941272
a14,1,0.3368645765450382,0.9767149412210941
a14,1,0.2742028750539087,0.943438031229313
a14,1,0.39145347687270343,0.8378478296240454
a14,1,0.42238707108902473,0.949042918645627
a14,1,0.27367521816688356,0.8533484616992293
a14,1,0.4927168737403643,0.9673346220433705
a14,1,0.4604765004059213,0.9126760147967066
a14,1,0.24583730957332428,0.7559420535663091
a14,1,0.2587316624498151,0.8497734219273694
a14,1,0.8891482224237839,0.748264178890896
a14,1,0.15142928088377722,0.7732347051801012
a14,1,0.5533916365077627,0.9543698619571178
a14,1,0.11244166925201947,0.4175421955925499
a14,1,0.14096287061248558,0.3435865416710631
a14,1,0.36010005657431016,0.9644655978669775
a14,1,0.7997319957283394,0.6367577970803945
a14,1,0.5076500608670891,0.9713733151776655
a14,1,0.5261777714964972,0.9617799573961147
a14,1,0.37198004073222163,0.9590551509200472
a14,1,0.4531887221702373,0.9476547189225341
a14,1,0.4772094967631551,0.6001997922638088
a14,1,0.8231867476284584,0.8358871766290591
a14,1,0.46330326718993603,0.9719643413831811
a14,1,0.4381905321542481,0.6407570388392226
a14,1,0.475088529922296,0.9368153180082971
a14,1,0.15513755308439126,0.7053454801859588
a14,1,0.44316735373822363,0.9658553109759936
a14,1,0.6381753381153559,0.9735871179659861
a14,1,0.2873252792456035,0.8211865591609525
a14,1,0.22881725610239634,0.9017946227537537
a14,1,0.18428954725015828,0.5576798828841301
a14,1,0.23417749436782717,0.9616505750240786
a14,1,0.12769007592821602,0.587006454647213
a14,1,0.3612196202705892,0.9267879125297872
a14,1,0.9503358230321806,0.2178440761510014
a14,1,0.24502430390913046,0.6962191292935173
a14,1,0.4800069238473222,0.9763350431084427
a14,1,0.12289239133158718,0.26383477233919894
a14,1,0.15799183570641023,0.8387652196843138
a14,1,0.238309962297062,0.9049162429529639
a14,1,0.3541533402076061,0.974472331389446
a14,1,0.2605908596993823,0.8265033970001058
a14,1,0.23118234299232474,0.9397818322196408
a14,1,0.18180340640559872,0.024599234510463162
a14,1,0.5734557047354101,0.8914665447869471
a14,1,0.5858689325752767,0.3610632994711392
a14,1,0.5926479195546694,0.4007141735501524
a14,1,0.778354125870889,0.6826471585210007
a14,1,0.11555494914227592,0.08921887424304696
a14,1,0.5587832302578593,0.7981419144421898
a14,1,0.7417172565267521,0.9610051533891166
a14,1,0.37030761421236563,0.2977397432454499
a14,1,0.10229270227247934,0.13301704100958492
a14,1,0.3504666545520866,0.3042783079669995
a14,1,0.9927585705991359,0.6859620918556967
a14,1,0.6800450552465487,0.4092010517727661
a14,1,0.2870269552918591,0.4992789672734272
a14,1,0.7068637718447357,0.8030520086663114
a14,1,0.2336558224618477,0.1217637460111664
a14,1,0.9523340781369856,0.8263451284117279
a14,1,0.3151640788812757,0.1533559009567739
a14,1,0.2933007389393208,0.3437667024908527
a14,1,0.2826790889018839,0.4823066497490032
a14,1,0.9267060543398191,0.8768143626730232
a14,1,0.9119801782155611,0.6393819715594133
a14,1,0.5219753089259268,0.790468889883075
a14,1,0.9137219466796888,0.8919916587126377
a14,1,0.24533374264653654,0.2120055751357648
a14,1,0.3057532661760672,0.09795425505922427
a14,1,0.8974788798246457,0.21228454276251008
a14,1,0.23979434985357387,0.10031336095741165
a14,1,0.7379627739035122,0.6813444807166648
a14,1,0.18127094195194596,0.39246020248149327
a14,1,0.4859482829578654,0.5164518185727418
a14,1,0.217744454896426,0.131028905966222
a14,1,0.37322355974392346,0.8719085977346321
a14,1,0.5714316716071637,0.8439235017555811
a14,1,0.3133823366783531,0.6078342551807996
a14,1,0.3997817009626906,0.9807107157010418
a14,1,0.7361366021332146,0.7468197999848458
a14,1,0.39190602767831384,0.6337414288209523
a14,1,0.35719164207984466,0.6477091831839747
a14,1,0.22890945803917515,0.7830745363826344
a14,1,0.3927922460701046,0.8704562275608232
a14,1,0.3378612744205486,0.9644286429553924
a14,1,0.13252772957854275,0.7622876908785499
a14,1,0.4161113678603227,0.9003713562239801
a14,1,0.43507698105822934,0.7106598604518864
a14,1,0.8627803767129949,0.6084196916947374
a14,1,0.20928188268714928,0.8969738062885391
a14,1,0.2725740991347286,0.7438297455500924
a14,1,0.28378667474861674,0.7428869125698883
a14,1,0.2763157284211049,0.8985947903791762
a14,1,0.3027779103899543,0.9032088280514471
a14,1,0.5362319090079629,0.9231116168857197
a14,1,0.26510867930554977,0.9416434277881711
a14,1,0.19997259802091127,0.7705175418007898
a14,1,0.2635196360644071,0.87822733261767
a14,1,0.3316973823118144,0.8376249048457185
a14,1,0.22744724272741051,0.9133181097616185
a14,1,0.6177553595417072,0.7768680918272798
a14,1,0.40684328519591334,0.9206660776137373
a14,1,0.08967559267492167,0.1886584947538755
a14,1,0.138823432218011,0.039872808263637455
a14,1,0.2692427337286591,0.8515995684564396
a14,1,0.30891952449688703,0.8804381546176642
a14,1,0.28327017127563175,0.9738120675284704
a14,1,0.8666529277784348,0.8171635970591847
a14,1,0.27974531340016046,0.7070905742090727
a14,1,0.26440108644004395,0.7657876014519281
a14,1,0.4805247747436543,0.9643015668175656
a14,1,0.31490417747434957,0.8480714307909794
a14,1,0.34818278444432893,0.7610956413635798
a14,1,0.13842118873303513,0.20240721128242345
a14,1,0.22657229725050249,0.7349299566576384
a14,1,0.498517159658204,0.42385053892125074
a14,1,0.28806247524929796,0.9559944959009943
a14,1,0.24221693159596963,0.883694298779074
a14,1,0.2548454923000838,0.7448676736406197
a14,1,0.1873862661347299,0.7386274575029745
a14,1,0.22477116212506063,0.6997808409323737
a14,1,0.6648021167764796,0.6954821069978742
a14,1,0.35472462159775076,0.8589386323194781
a14,1,0.7109123484046891,0.8870119341444171
a14,1,0.342704918774937,0.06571402483037869
a14,1,0.22719397860462692,0.5577931482423609
a14,1,0.2552643578606241,0.9140259239140271
a14,1,0.38700357131422247,0.9596501064601058
a14,1,0.9710034665997199,0.17327869512062208
a14,1,0.3255240889690779,0.32502106092949895
a14,1,0.6465822615691565,0.8374410749169507
a14,1,0.3435846516583475,0.932207720860072
a14,1,0.26117936653273655,0.6725028466038796
a14,1,0.37421789391878363,0.9231540558366834
a14,1,0.19503376264067152,0.7871748429375328
a14,1,0.5944002849316937,0.9225789546430235
a14,1,0.10840965291102726,0.09661001482265473
a14,1,0.3637007280756549,0.9412366195419086
a14,1,0.4882351561042362,0.7317591079972829
a14,1,0.2886977286682518,0.8502945838952086
a14,1,0.17519256718669707,0.5401704604622083
a14,1,0.46706736488134315,0.9578645230277432
a14,1,0.6514968228189202,0.9128454942372658
a14,1,0.2605416276045626,0.9537838710844635
a14,1,0.3449890235230595,0.9375729668471707
a14,1,0.5961130622137173,0.3206323532955707
a14,1,0.27868537632060053,0.8327452661996176
a14,1,0.5043719576219884,0.9730336565674134
a14,1,0.42918231942364776,0.9370148379431154
a14,1,0.27619463291685614,0.9527120067864276
a14,1,0.3817328572276653,0.8138680192357717
a14,1,0.12577481241984972,0.08078718821410284
a14,1,0.5156011493678894,0.7499749237251898
a14,1,0.5851179828314386,0.8995902678117099
a14,1,0.35001711858074624,0.9714062679549903
a14,1,0.2585559737558061,0.563854065877986
a14,1,0.3367602409038194,0.978174224657046
a14,1,0.5150817390711878,0.9742596097219355
a14,1,0.7629921563446196,0.935343897214993
a14,1,0.4090974838347406,0.8769242808736738
a14,1,0.47915673976421674,0.846408629968901
a14,1,0.33497838282539105,0.9618210204477808
a14,1,0.20791695185103112,0.5093880148609057
a14,1,0.6256450986618313,0.9085618097781959
a14,1,0.528507516774212,0.9643242661262318
a14,1,0.9051711417647329,0.9143183738998701
a14,1,0.40707913688124825,0.9229973189912571
a14,1,0.9262765745607897,0.6945287318399773
a14,1,0.8039652884400549,0.6235244718841495
a14,1,0.9995192502871519,0.919761278920716
a14,1,0.5477728025559505,0.7475085173540561
a14,1,0.396049326987932,0.11970630412039733
a14,1,0.619139819730423,0.8967383089838891
a14,1,0.8701054018726705,0.8680312513433679
a14,1,0.9918561414888879,0.7075771574544795
a14,1,0.8395495892120682,0.5849311719364407
a14,1,0.6823365114029704,0.5635005356555652
a14,0,0.8599516018355857,0.5407127630252746
a14,0,0.43012683005994706,0.31361718877434774
a14,0,0.14772417409540334,0.22725438609793064
a14,0,0.22133155950853237,0.3200163488042468
a14,0,0.20777445941973274,0.2920254693758143
a14,0,0.3892746039262381,0.5999074842727298
a14,0,0.43013388166418964,0.6531064685485559
a14,0,0.7395256854984956,0.6951065652631077
a14,0,0.2691365925897955,0.27609917152058405
a14,0,0.452509287567116,0.652640336023273
a14,0,0.48216067893561065,0.5312475911670373
a14,0,0.2166800060490996,0.1172067770363406
a14,0,0.3844034604241442,0.299136565281695
a14,0,0.30011514277612716,0.3056799480982491
a14,0,0.4247165175931465,0.6024489941373967
a14,0,0.24419934312573577,0.3757101123649049
a14,0,0.19423959492663753,0.08283941436667269
a14,0,0.45084421214443304,0.62880850885987
a14,0,0.6982504860197016,0.4082576234328996
a14,0,0.5401517015976828,0.5396361893097817
a14,0,0.5641115955278616,0.3385952368185626
a14,0,0.43076826751464464,0.6041957550972697
a14,0,0.405577897317794,0.32358446290413273
a14,0,0.20496926170447158,0.06795905765811003
a14,0,0.42450269599542356,0.4527346528250365
a14,0,0.45437476070718874,0.287045368476889
a14,0,0.18833545246529,0.1785382766400263
a14,0,0.8803357661357215,0.29795117374304153
a14,0,0.1866099891121539,0.10669320851298915
a14,0,0.45325090871212,0.6423299946196672
a14,0,0.32027331469294323,0.4847386611271932
a14,0,0.31557752513125054,0.39516745998850816
a14,0,0.1971182136621464,0.7695244836704299
a14,0,0.5211899819112558,0.7054281949654871
a14,0,0.3275301205809193,0.7039008559486268
a14,0,0.25009391352319993,0.11916907531752201
a14,0,0.412272998847226,0.19087528493775768
a14,1,0.32257025140947815,0.3441212720533062
a14,1,0.5615102502966468,0.1530890194705609
a14,1,0.4650777475988008,0.6017951075128003
a14,1,0.2598098195885254,0.3258455827342783
a14,0,0.5969424773286078,0.6471000375738264
a14,0,0.3524701840989317,0.3698677984848752
a14,0,0.6383226842422368,0.6002554909549564
a14,1,0.30472102530640627,0.42108558504336746
a14,1,0.2805484606351931,0.19761883493039983
a14,1,0.2789118644549013,0.4641024131584227
a14,1,0.6305016769015702,0.5494851069207607
a14,1,0.9816638245946713,0.19313080994364595
a14,0,0.33475048657182943,0.8345350029984876
a14,0,0.7211469087471291,0.6759139344349728
a14,1,0.22579265127371162,0.04554013476527109
a14,1,0.1874794407352503,0.09728183927219766
a14,1,0.21687123691217713,0.2866263530691299
a14,1,0.18436594599906947,0.06422199054877616
a14,1,0.17277615181758463,0.02645662711281987
a14,1,0.36029515128806333,0.6303345229067258
a14,1,0.2452899308293615,0.04545074597826755
a14,1,0.16204381908768523,0.03643623962782443
a14,1,0.452866972336142,0.183268654249829
a14,1,0.47234826658547135,0.9180612752167171
a14,1,0.146174974048263,0.029501283115835414
a14,1,0.26535925163493157,0.03900761792886742
a14,1,0.3774662828652778,0.7615158239864199
a14,1,0.1222531851157868,0.02434389374749889
a14,0,0.12487847365515231,0.0337004531390944
a14,0,0.049508263626403703,0.006261445052742913
a14,0,0.14806436670125284,0.14963380342348787
a14,0,0.09644516468999613,0.05554335528489534
a14,0,0.055803733621712,0.00627636748142228
a14,0,0.10839070623768778,0.039911703163377714
a14,0,0.05574813264612457,0.006960315379042404
a14,0,0.08814721238524408,0.09022021631504691
a14,0,0.04450437518536738,0.02808801663967326
a14,0,0.10199471874688679,0.11809430136033201
a14,0,0.05404351345350013,0.030946884373781413
a14,0,0.043137427387437005,0.0035087588246112142
a14,0,0.046805884739191644,0.009247629540046437
a14,0,0.04416874344619182,0.011165319109411076
a14,0,0.08024856023300972,0.20565598858353726
a14,0,0.0628574653725682,0.010083486353180002
a14,0,0.07066853993123025,0.007024697882871614
a14,0,0.6361792615725886,0.6944739662892396
a14,1,0.1746856672777394,0.17387003875177978
a14,1,0.21631057219028407,0.03503469232961186
a14,1,0.3784060049186378,0.9739159215638497
a14,1,0.04424673638893629,0.08030646184145218
a14,1,0.15240064614314525,0.4556101942591114
a14,1,0.34362538599958975,0.24602442092443316
a14,1,0.1509408829185694,0.15359729088892154
a14,0,0.05872572836287548,0.019828423977378953
a14,0,0.04471465181342973,0.018293175289086295
a14,0,0.04932667422978053,0.008278086586078665
a14,0,0.054662919418690385,0.04167935422361343
a14,0,0.046408086613797084,0.011917875100021914
a14,0,0.07482484172170986,0.012546507966547812
a14,0,0.059098152153053786,0.03247145763396074
a14,0,0.04981937524368388,0.0045096867683666435
a14,0,0.9308193141050402,0.7365932203702118
a14,1,0.9137137172281553,0.916694486455265
a14,1,0.2407235740800748,0.21660600796959234
a14,1,0.425322027315848,0.6455399913821599
a14,1,0.3420805968680852,0.9022519124973574
a14,1,0.2720060516520798,0.5865601646480897
a14,1,0.3244105107460699,0.5986441224771026
a14,1,0.7901643240294832,0.9691322164434226
a14,1,0.4026208365818146,0.9025204569849162
a14,1,0.6540929348225136,0.35624585925221897
a14,1,0.9349194658646617,0.9310515391345817
a14,1,0.16946818446588627,0.4169523864751129
a14,1,0.4486562211997443,0.7598201302230763
a14,1,0.8349299406803236,0.9509562788368932
a14,1,0.8946773791323489,0.9200121860263097
a14,1,0.6799291860600738,0.42893493498841095
a14,1,0.8428359020769496,0.7168376479017672
a14,1,0.30602834106927973,0.06365911641437552
a14,1,0.9603941392945513,0.921288216822138
a14,1,0.6537522524758963,0.14353218245942187
a14,1,0.714122128596099,0.5260712545806896
a14,0,0.12771460617941796,0.004431771120330032
a14,0,0.17060344893845322,0.014065513256864042
a14,0,0.9310529053633089,0.9181979677577863
a14,1,0.9862685975546603,0.7451808187712853
a14,1,0.7759134470933328,0.7011354143549107
a14,1,0.9058991480246547,0.9061482615472595
a14,1,0.8962014736200622,0.7935290962104251
a14,1,0.3120181923522897,0.4925848566303572
a14,1,0.7037978990575072,0.5153506489838957
a14,1,0.32585728577045125,0.40597759834550795
a14,1,0.9833118894369436,0.8873238702549916
a14,1,0.8459910383551701,0.8332477041096145
a14,1,0.17624356074345496,0.01208536786921903
a14,1,0.9775428283704135,0.7772865929000625
a14,1,0.619546256245755,0.5513698876713052
a14,1,0.7737703399333808,0.8070329428711472
a14,1,0.22611591925055033,0.23277102356653503
a14,1,0.25140431767042504,0.39255007673706754
a14,1,0.8769131864784255,0.6470365256171293
a14,1,0.5423262868775591,0.5056273603005208
a14,1,0.46693429014386395,0.38097450683519457
a14,1,0.41380167544927926,0.6157646414371052
a14,1,0.20030309808851718,0.15000516871129743
a14,0,0.6305752904831708,0.6796015309814147
a14,0,0.47116426553498625,0.8282156349739731
a14,0,0.45576970426448005,0.3185379340230118
a14,0,0.5042386310068347,0.6411484476189864
a14,0,0.8660588790471754,0.9362351099195941
a14,0,0.23367738559219214,0.1429991614580182
a14,0,0.8611184323727357,0.30659807012179235
a14,0,0.3616254246852501,0.1343004663020981
a14,0,0.15492510008725177,0.07115089536663395
a14,0,0.09551298351396523,0.010231491314562966
a14,0,0.18790445943030412,0.013210995286091928
a14,0,0.07234412355750716,0.0737598074672797
a14,0,0.1324896444668969,0.01628843203261204
a14,0,0.2630915370610314,0.6400903787870922
a14,0,0.3703236394820083,0.04288081968511798
a14,0,0.1892859678551711,0.0038877948333040247
a14,0,0.1473876356633609,0.275232321448621
a14,0,0.1864300150436638,0.0059740121784874695
a14,0,0.8010122173876598,0.659485877994986
a14,0,0.21094071341926157,0.03383620151652212
a14,0,0.1659396037213692,0.010826415895077001
a14,0,0.2958934638254365,0.14575089685703083
a14,0,0.208700002859833,0.05384265161175949
a14,0,0.3024250697149594,0.5525175969043001
a14,0,0.3432032973758413,0.47747938959902486
a14,0,0.42355429391434296,0.7724838929444204
a14,0,0.5213884211664721,0.4851630010985997
a14,0,0.39813383845179845,0.5908560965701328
a14,0,0.19594199645429813,0.018408066869027694
a14,0,0.3604518100441197,0.6507793298497797
a14,0,0.25950731320254067,0.36464597883469324
a14,0,0.30739247939195563,0.14036133133451087
a14,0,0.2951022313618207,0.10839123186912883
a14,0,0.22339128190726515,0.20729120196945686
a14,0,0.2605610704896773,0.4116051283353651
a14,0,0.3135177690893688,0.15101047672009538
a14,0,0.9598904664723645,0.21345035375087262
a15,0,0.34053695040203796,0.35550373369635696
a15,0,0.47506768458294074,0.6354612345366026
a15,0,0.4481959125709022,0.3478144071985111
a15,0,0.5351753279151509,0.7423536873811589
a15,0,0.39391444350028826,0.15815123799986258
a15,0,0.512139932046303,0.771118755474708
a15,0,0.4364873113193686,0.7036607009028704
a15,0,0.3745258840354463,0.2937442852396229
a15,0,0.3790043648213096,0.598668930427118
a15,0,0.28290787751787644,0.3513433820356079
a15,0,0.4392387016731235,0.4988879659046026
a15,0,0.28059997312460777,0.4040698006795884
a15,0,0.372655795561744,0.41153322824108635
a15,0,0.23289694540149636,0.1906052736386572
a15,0,0.7601636614333037,0.5081062750001009
a15,0,0.5913667509200862,0.8669121849793379
a15,0,0.5204020981638796,0.8740075956231173
a15,0,0.3684201350020776,0.40288172771262465
a15,0,0.3400157616078319,0.3882578006401968
a15,0,0.2802151870643456,0.28258536020912367
a15,0,0.43837759424440065,0.4575733191870576
a15,0,0.6545501001015283,0.8291382832247987
a15,0,0.6607727084167121,0.9194347592200198
a15,0,0.21506538060992045,0.020611646872309444
a15,0,0.2683118288685715,0.04318086165747812
a15,0,0.1606432535898635,0.10230304828856313
a15,0,0.24198779803746234,0.2035935481468036
a15,0,0.23963543954628558,0.1273158041622905
a15,0,0.33134815998725836,0.619142542192813
a15,0,0.33485585937283385,0.46840740133458414
a15,0,0.596065474251522,0.8010525895423056
a15,1,0.45677002928329585,0.6133647251857509
a15,1,0.5608699796999121,0.795179344507096
a15,1,0.6408132810054685,0.9029890413134393
a15,1,0.507725241830123,0.7341228005881164
a15,1,0.6213960554981717,0.8610644776173004
a15,1,0.4523499849938627,0.7937347954030356
a15,1,0.5101862501091401,0.4412587130906422
a15,1,0.5200131331976097,0.6545454638582501
a15,1,0.48898266485223757,0.6364113034727745
a15,1,0.5182432736879496,0.7970191086186491
a15,1,0.567532226601008,0.9358210343446748
a15,1,0.5366119355669029,0.8918023980345092
a15,1,0.5023518981920759,0.4391971680954314
a15,1,0.46175710196699155,0.7444210179810583
a15,1,0.6926654529512914,0.9629870337500368
a15,1,0.5390767877608311,0.8336216506354369
a15,1,0.5972611074133338,0.9000156635882542
a15,1,0.6226500967394667,0.8800360867515101
a15,1,0.909743280637495,0.3011037565135055
a15,1,0.7322907037971144,0.7034296900207155
a15,1,0.4479794941625867,0.6959179342605774
a15,1,0.6636486622702673,0.6962044364820239
a15,0,0.3932252008493208,0.4387882182234355
a15,0,0.35680801381748833,0.3315742832460907
a15,0,0.3917296477991764,0.6189795185456155
a15,1,0.8311542574825667,0.458144821773827
a15,1,0.41106102956598006,0.34243624964320607
a15,1,0.30923856718303433,0.4412336018566133
a15,1,0.6595650088502867,0.6117460125993546
a15,1,0.6439680301723515,0.7866770082998946
a15,1,0.37877524352563463,0.32756336158875154
a15,1,0.7605133028217319,0.6975650161182889
a15,1,0.6416255308252726,0.901049736418107
a15,1,0.7847154081570047,0.715901451158308
a15,1,0.4530378152798124,0.45094822626875714
a15,1,0.8503680266316821,0.6682126382918261
a15,1,0.47905489648261584,0.5751088520489129
a15,1,0.6830838020615732,0.9370997386082058
a15,1,0.6954541244849071,0.9320648596904463
a15,1,0.9071572125067487,0.5438333219548473
a15,1,0.5034465651401727,0.8277962189891157
a15,0,0.43999213574870194,0.6170900828574999
a15,0,0.5214187293040273,0.8122447939076184
a15,0,0.40040005681589574,0.78739328240656
a15,0,0.5335162062325324,0.5079992451303367
a15,0,0.47424807254635015,0.4278160981987328
a15,0,0.6858245256941331,0.4475894129464132
a15,0,0.48396635408287847,0.818101324433718
a15,1,0.406378044586869,0.47586775711321627
a15,1,0.5349212572509413,0.7539608128426217
a15,1,0.3839302233685074,0.6898620371976261
a15,1,0.4157655969396235,0.30638808270600637
a15,1,0.44285567177395074,0.4938611773305589
a15,1,0.5073141535057203,0.8904540245212476
a15,1,0.5777820357899066,0.8352474337130098
a15,1,0.6704083340599546,0.9080419676119189
a15,1,0.6386934713647319,0.7113865302777828
a15,1,0.7950199073932743,0.8220537171276454
a15,1,0.6970462899235258,0.9015570416972817
a15,1,0.6599386177115932,0.798781822430938
a15,1,0.7764067114805523,0.9227256321495804
a15,1,0.6449869057139986,0.8340593493885908
a15,1,0.6746270060692701,0.9066067209487668
a15,1,0.6992086660203718,0.8754946322669585
a15,1,0.7065714696845025,0.8503198519138095
a15,1,0.8256531300301002,0.8505283246992955
a15,1,0.7875506153134796,0.850188300719764
a15,1,0.7748257088233091,0.8760133804080139
a15,1,0.7384314043333468,0.8970895538110556
a15,1,0.8128089549869991,0.9115638449736819
a15,1,0.6653760579236765,0.6129561048296065
a15,1,0.7796300024565347,0.908941038152104
a15,1,0.4915924424128106,0.5571140089514793
a15,1,0.5638605160699917,0.7643963950535805
a15,1,0.473494294743761,0.3305296764174694
a15,1,0.5657879922087042,0.43702436122294014
a15,1,0.7392213359046974,0.7313574193065183
a15,1,0.6354556459616857,0.8928231816672338
a15,1,0.5382300362925018,0.8794138710761796
a15,1,0.7149232882316892,0.8532792707408424
a15,1,0.6637647458763417,0.7636219391970801
a15,1,0.5777747110328788,0.6552319676008637
a15,0,0.35145064554450367,0.46757183150485393
a15,0,0.26467408685482596,0.264944953781234
a15,0,0.24374890043535907,0.1624655153574846
a15,0,0.2820488656139397,0.0441646989162937
a15,0,0.2829532114691702,0.11585160071656768
a15,0,0.3029254579599756,0.19140981695632545
a15,0,0.34845456427309807,0.15402233391685163
a15,0,0.30446768881880637,0.3969800475991117
a15,0,0.5964967438082752,0.6557955585303433
a15,0,0.6422322680118473,0.42355530883696474
a15,0,0.6088539025691123,0.6651329606216504
a15,0,0.5066744005245182,0.6407502555280393
a15,1,0.6556650907889838,0.8589109859069909
a15,1,0.7224568542718536,0.9258451718908146
a15,1,0.6464351625632787,0.9523370121304053
a15,1,0.7108555380295636,0.6593874851705007
a15,1,0.5706413231383598,0.7263098261455307
a15,1,0.6626764230870672,0.9567039344624603
a15,1,0.7168294730461395,0.8829438072687744
a15,1,0.7782607145857425,0.6607327316584707
a15,1,0.639694668691964,0.6571509021474979
a15,1,0.8758451694704934,0.8384719431520848
a15,1,0.540589899671562,0.5700777081296629
a15,1,0.7743483440472216,0.9623894498548382
a15,1,0.5733495438234353,0.7244865340751696
a15,1,0.4425599219068955,0.4352053159480621
a15,1,0.5572198530182289,0.8103464708531103
a15,1,0.6505911590700397,0.9001836641164904
a15,1,0.80492471907906,0.9006578597608513
a15,1,0.8200679111529245,0.9430907395898391
a15,1,0.8415820903987261,0.9060797386443934
a15,1,0.824881517839954,0.9105328603436941
a15,1,0.8278772274364488,0.6948097709202951
a15,1,0.844226118683908,0.9035967591215378
a15,1,0.8371857414048567,0.8297909257245489
a15,1,0.6872537909808757,0.9508579433881855
a15,1,0.8808297623272103,0.704746663394769
a15,1,0.7186771910435816,0.8964371460441825
a15,1,0.8204419499134857,0.8976687478126518
a15,1,0.8430295612085252,0.9014732023612949
a15,1,0.4752293852535406,0.19174556691482766
a15,1,0.5797143855686966,0.58685900812335
a15,1,0.49836021102402983,0.628021247243477
a15,1,0.3501959683517986,0.19558339153436263
a15,1,0.4849870034879423,0.762760385280716
a15,1,0.659284750566873,0.9527790741764354
a15,1,0.48244122521647675,0.2770574960159633
a15,1,0.44809353243668554,0.8341832331219877
a15,1,0.4259297523754375,0.7775680779666371
a15,1,0.7485000887633013,0.9317923672099945
a15,1,0.6526703824099466,0.9713948139712879
a15,1,0.7220290242634086,0.9363224467577123
a15,1,0.7224972910299294,0.843869415352065
a15,1,0.6479525262046427,0.6755379108967831
a15,1,0.43323691136119136,0.538904005192753
a15,1,0.45559460452774786,0.3512928047489532
a15,1,0.5578775140799914,0.7086657443923172
a15,1,0.4068059934325826,0.7986859840452792
a15,0,0.2726148242895822,0.15333343869902819
a15,0,0.2382449363175348,0.30726387436887703
a15,0,0.5427134286586571,0.37566296909594027
a15,0,0.6759872814722689,0.7104366184300325
a15,1,0.7750158705874941,0.7883981510645895
a15,1,0.7297871573534065,0.8444188052774143
a15,1,0.6878174499022461,0.9580819555611026
a15,1,0.5837211105041883,0.9227051438078407
a15,1,0.6511504203066139,0.8174697860656303
a15,1,0.47057088266596675,0.6869482164578019
a15,1,0.45494390676685403,0.7479619012418998
a15,1,0.639560785943801,0.676933451294856
a15,1,0.5924398971043865,0.8021680990273148
a15,1,0.9269100004859533,0.489263642253487
a15,1,0.3918165532991169,0.1414030970864343
a15,1,0.626928511342487,0.9041456392399674
a15,1,0.746106222899722,0.7757432798962337
a15,1,0.7043180099008145,0.9273012063283057
a15,1,0.6598591480319843,0.942501932648967
a15,1,0.7610948602394094,0.534938396437742
a15,1,0.7543570247236331,0.8003595361891106
a15,1,0.667782518266363,0.8854771157006114
a15,1,0.714838613303393,0.9181027540914747
a15,1,0.6952855219042131,0.9034406482869295
a15,1,0.41075330427390755,0.7061700023387127
a15,1,0.8743045963626579,0.36977968783984494
a15,0,0.35029014567893285,0.5677943667165704
a15,0,0.37087024775814453,0.7450908155199383
a15,0,0.3038867067970336,0.5816673708928232
a15,0,0.2791246210092436,0.3125008006871594
a15,0,0.3600714839539123,0.36555903393828587
a15,0,0.301960881885065,0.09559357127492651
a15,0,0.24703397107630493,0.02243573774833563
a15,0,0.2789423826791849,0.21140476835956
a15,0,0.34307488973425326,0.05645676271560995
a15,0,0.4940820995806554,0.8105058571761768
a15,1,0.37009034292389265,0.5155288483002787
a15,1,0.48573731148360116,0.3480290507280304
a15,1,0.3691691772976851,0.8149938066630374
a15,1,0.39511884346273063,0.6921635250228299
a15,1,0.2572202544202776,0.34696485854608033
a15,1,0.32337089374815264,0.10696532755981585
a15,1,0.3097906869498095,0.6953355309312798
a15,1,0.5885345708479571,0.793096090154184
a15,1,0.47623007529710987,0.6009275562459718
a15,1,0.6066535372374658,0.7989944062236526
a15,1,0.45908320132580577,0.7076615652271654
a15,1,0.7572078739467664,0.4973566407476741
a15,1,0.7302911253012583,0.5984950543347102
a15,1,0.5906358165474315,0.6583756622785668
a15,1,0.5528072195818544,0.6119550989440842
a15,1,0.4885596648624265,0.6840243418771365
a15,1,0.7240020794770389,0.7722030583706146
a15,1,0.6353505602998843,0.8836153263560277
a15,1,0.48532418521726245,0.6871537141220428
a15,1,0.6254774060137146,0.8695322805977563
a15,1,0.6223367488962261,0.7505759961708189
a15,1,0.6553036270993431,0.8189505372506821
a15,1,0.6718768712891302,0.9039965138661726
a15,1,0.5471743678693206,0.8845390025078743
a15,1,0.7341949585861267,0.9072766598404506
a15,1,0.40986387791735807,0.7450012393358585
a15,1,0.5539225161150662,0.7429421706511736
a15,1,0.6604254518597233,0.6153106651783813
a15,1,0.6620919958661302,0.7673045596037242
a15,1,0.6033963447748117,0.8641026487011356
a15,1,0.6141492307411496,0.8055063806015539
a15,1,0.6377165193349014,0.8583378984310809
a15,1,0.7666818296363644,0.9030639564091647
a15,1,0.7534785665828673,0.6168920624804275
a15,1,0.8308933482710216,0.9195275797546839
a15,1,0.7544747788304789,0.5453378592039632
a15,1,0.8124112170358017,0.9170425960976837
a15,1,0.654361332320093,0.9080116932064901
a15,1,0.7867399797829255,0.8831998271355539
a15,1,0.76338904748447,0.7266753724214001
a15,1,0.6432394019550377,0.8860168573317652
a15,1,0.41561782752869086,0.7395736664153445
a15,1,0.7939630378056313,0.8534945391281813
a15,1,0.8201995640638465,0.8541320572218514
a15,1,0.6818850453282469,0.9150776857148245
a15,1,0.7937206838486939,0.8531478989299793
a15,1,0.85571955206273,0.7528865973641149
a15,1,0.5609123849268658,0.8033266017763049
a15,1,0.8916223941635705,0.8805938725328354
a15,1,0.7481737594950483,0.7981910821271258
a15,1,0.512695726176144,0.7685308894187294
a15,1,0.6173761796299039,0.8456615539784494
a15,1,0.8461120991866297,0.8991773435632449
a15,1,0.7469179643029443,0.8511906813467104
a15,1,0.8682603953907783,0.7685980327138884
a15,1,0.5641242317338618,0.7694922668789096
a15,1,0.8268632663169206,0.4628808702957166
a15,1,0.7777231911818947,0.8591375925610991
a15,1,0.8622117245247604,0.8722032470457123
a15,1,0.8838008568749136,0.8740747090711181
a15,1,0.7968980706056942,0.832508584059835
a15,1,0.8283631850782017,0.9124006632524079
a15,1,0.8334105765976967,0.8322010652190418
a15,1,0.7374183167483093,0.7989891806909114
a15,1,0.7340452860176703,0.924744377819139
a15,1,0.7239201240801315,0.8179852245712563
a15,1,0.6949281215850487,0.7164419213611873
a15,1,0.7761846656113407,0.8724631227339081
a15,1,0.7469120095920311,0.5038993074583139
a15,1,0.6577906361551814,0.6641364329803108
a15,1,0.7251183670528996,0.8956967773786151
a15,1,0.37173637304414203,0.21565271439623962
a15,1,0.5618936961391167,0.8907407218381914
a15,1,0.569765471103208,0.8168702823231125
a15,1,0.580238333030545,0.8005159149285779
a15,1,0.5655885204081924,0.857335821366798
a15,1,0.4903016276748004,0.7736843977575831
a15,1,0.7354604574166373,0.4405965525120344
a15,1,0.3397391618864339,0.23632265210818412
a15,1,0.41229358718036085,0.5434343017204672
a15,1,0.848528933266441,0.4445961375287901
a15,0,0.5355583664203352,0.35580319677472994
a15,0,0.4483237843682807,0.6787095564811046
a15,0,0.2579559061387796,0.03183473818773987
a15,0,0.2561280771288625,0.013712088595711774
a15,0,0.27976734418210375,0.02451688181681019
a15,0,0.29191521483969607,0.3763981041107321
a15,0,0.24985254492910983,0.09310408529844877
a15,0,0.2992108223480111,0.2407396011091982
a15,0,0.3706706309729571,0.6474174520470135
a15,0,0.40687867353329166,0.7053423115726726
a15,0,0.3136709061167091,0.049656655672796514
a15,0,0.30476980727623487,0.21212654975725215
a15,0,0.5815246344657802,0.8079614174436088
a15,1,0.573857510104166,0.6337593848554677
a15,1,0.6351109403504315,0.7507653012874583
a15,1,0.592847748558198,0.8809082663134433
a15,1,0.6277111487575006,0.67163263086168
a15,1,0.7716034549999575,0.868642329194596
a15,1,0.6095551621604914,0.6313479956411807
a15,1,0.4920168933840167,0.7249475594196078
a15,1,0.7704153186379579,0.8994369822484936
a15,1,0.5414492812409203,0.7670541652956645
a15,1,0.6925782578269283,0.9148885960941163
a15,1,0.7704664799630128,0.9353120843311366
a15,1,0.5852964197358697,0.6367460957495125
a15,1,0.75463933573369,0.8302013327621951
a15,1,0.6441091801777611,0.5653517099716693
a15,1,0.716474050055489,0.8052530371726587
a15,1,0.7266551973890817,0.7460239295966864
a15,1,0.7412617341036979,0.8988687008492325
a15,1,0.7725880457197358,0.8498427067916143
a15,1,0.774317879155973,0.9378266114824219
a15,1,0.7265953545097602,0.8873643331747086
a15,1,0.33807939098735057,0.8860044636210795
a15,1,0.5008594685623475,0.5070854992153848
a15,0,0.36358259858767444,0.3168477975000084
a15,0,0.7864410355874711,0.6083136810802549
a15,0,0.35279439761658915,0.5404674432202319
a15,1,0.2703548181220848,0.15158524262605833
a15,1,0.39211031734209273,0.701747014640148
a15,1,0.5777449610145127,0.746011247653922
a15,1,0.5906894348227698,0.8561618547776952
a15,1,0.4960906732328143,0.9102585135429624
a15,1,0.6430790329550226,0.7443801981428367
a15,1,0.7538846184000886,0.8652992725378833
a15,1,0.6352987239834162,0.7737109343902916
a15,1,0.6685700055576691,0.8125189954968954
a15,1,0.7592432250052035,0.8928896849221011
a15,1,0.6012684105431547,0.9397456798879491
a15,1,0.6358617683159752,0.7447309015031943
a15,1,0.5339517263731531,0.8049046758291564
a15,1,0.5493093714963746,0.8426917308149877
a15,1,0.7857478307616358,0.9096653848227448
a15,1,0.7106284609303601,0.8002876997460477
a15,1,0.5620124674789022,0.885840710236632
a15,1,0.6753535329409013,0.8552979858843853
a15,1,0.6726854873971543,0.8739652611841667
a15,1,0.7154856350913652,0.8814809030782453
a15,1,0.7832879369985452,0.8911065102588499
a15,1,0.7329488318328463,0.960871678051829
a15,1,0.6256383138891399,0.9402092232493869
a15,1,0.6913255084649321,0.8455267361227975
a15,1,0.7489453297570514,0.8366647298240527
a15,1,0.6819140678248359,0.7721642079784499
a15,1,0.7389427961530315,0.8257747556368851
a15,1,0.8286625795752208,0.8712421831117618
a15,1,0.8223969589479213,0.41808052043370003
a15,1,0.7446468122415386,0.889524888910324
a15,1,0.4740860767266684,0.4927721881175192
a15,1,0.7539306509975107,0.889083702026646
a15,1,0.6084196804184846,0.5470100456992105
a15,1,0.6261360595632185,0.8718751016449534
a15,1,0.7775179181244039,0.622798521945897
a15,1,0.7676406666033289,0.876410565200626
a15,1,0.5212757399674421,0.6693916826584146
a15,1,0.6910973575912517,0.870170314355714
a15,1,0.7550619124067498,0.8641870334327408
a15,1,0.6309626574433614,0.862937475316777
a15,1,0.6157122898526102,0.9051448972264435
a15,1,0.31140022649779353,0.38278940516778115
a15,1,0.3242645654552211,0.22244842486238514
a15,1,0.5080932108023462,0.7033838565589768
a15,0,0.2952625404236246,0.01698873394734613
a15,1,0.4569279242127953,0.39846089213747904
a15,1,0.396028585291612,0.4361449508143325
a15,1,0.4492037657533272,0.8325783847144398
a15,1,0.35266599168203694,0.4033049852440343
a15,0,0.5169878952718895,0.3570223795851512
a15,0,0.29641111022659794,0.25638636796766556
a15,0,0.2912153259317135,0.01755923120572971
a15,0,0.5129992528967644,0.21123409182651245
a15,1,0.24678838420791083,0.012890781518090033
a15,0,0.25073086135666683,0.003846961605311186
a15,0,0.6272265658635315,0.22390131712008546
a15,0,0.4012042962330701,0.026971180261721565
a15,0,0.2829514101691266,0.6163332364720605
a15,0,0.5796856820735432,0.3219226466919032
a15,0,0.24555117889626427,0.04956050732652027
a15,0,0.20299622447676538,0.007710383555134966
a15,0,0.44046181057898115,0.4312533563241652
a15,0,0.29163371268609245,0.19901464095680038
a15,0,0.6627819997820549,0.9376842264936586
a15,0,0.610673269799265,0.4654808835294263
a15,0,0.49877297528616055,0.4728116949489143
a15,0,0.24387677198523985,0.14895275986594153
a15,0,0.20178809948678192,0.048337806853369726
a15,0,0.6385626789775575,0.882410805836204
a15,0,0.5978913100663914,0.21001755079502626
a15,0,0.8670441642968385,0.30711500847649165
a15,0,0.3642638766675257,0.6092454057068409
a15,0,0.35252799868942236,0.6548828655472502
a15,0,0.19961744852267366,0.0722343642628319
a15,0,0.3065762090424928,0.039736175039183516
a15,0,0.4289858672638687,0.19634534141976032
a15,0,0.31061802724089815,0.1389589695492575
a15,0,0.28738686606587804,0.020805528516248433
a15,1,0.3141728562871235,0.36922760559020235
a15,1,0.1873786062338905,0.04806246861147229
a15,1,0.2266543577732797,0.013854296442680103
a15,1,0.24640613466520847,0.15802117770845825
a15,1,0.37252196987655845,0.20126445421673655
a15,1,0.36998691047919935,0.1491537157222183
a15,1,0.7055082944155578,0.5810968013284687
a15,1,0.3347921672437933,0.5901060349884237
a15,1,0.4579323947815855,0.7023961498012363
a15,1,0.48342072848437595,0.7321492921945056
a15,1,0.5033700686883242,0.9015210122075142
a15,1,0.3746615865696421,0.5791570997174175
a15,1,0.7164439477226391,0.8725716597838811
a15,1,0.5158034602672535,0.6648602898702317
a15,1,0.4858902324402564,0.67554853408937
a15,1,0.7429173765708095,0.9174755445970465
a15,1,0.6868993935416107,0.8540867094459006
a15,1,0.7675889988051459,0.8878026500870743
a15,1,0.633553917106032,0.7663617197262494
a15,1,0.5876072486867926,0.7885348772947017
a15,1,0.6919533695012442,0.81093880832214
a15,1,0.7469228970816671,0.8625759851579535
a15,1,0.7576638006416492,0.9140362672126912
a15,1,0.7239677431993176,0.8888124923122701
a15,1,0.5232562616739727,0.7760725409842723
a15,1,0.9128355556878023,0.5180428414879013
a15,1,0.7496729070115717,0.8918774397395918
a15,1,0.41485655831016255,0.7350860084054284
a15,1,0.3678219560161026,0.5876033216477321
a15,1,0.5774894890932154,0.8131435783309945
a15,1,0.495145406693698,0.9411124007423451
a15,1,0.46731553732479675,0.7876090177692819
a15,1,0.4585714671055639,0.4404135337385582
a15,0,0.45320728897127704,0.44602815388134137
a15,0,0.7637882287342951,0.7188339059340448
a15,1,0.3613302918076881,0.21126918322906596
a15,0,0.6010821493476132,0.524348164794187
a15,1,0.47680212592230814,0.4453443007577981
a15,1,0.4530211043935993,0.5548099771663327
a15,1,0.32835332133164563,0.163226922899029
a15,1,0.5362120711130335,0.7009397667147188
a15,1,0.3788166952863046,0.19905083543893087
a15,0,0.4007147940989601,0.4188786432067254
a15,0,0.32220083234970065,0.07654366699369221
a15,0,0.3367310956220498,0.1013034543609992
a15,0,0.4412155882650119,0.39620959651642323
a15,0,0.5571223222692583,0.4220760714236039
a15,1,0.727448500613767,0.48804422936219993
a15,0,0.6052509148252129,0.864283358994543
a15,0,0.6937467937919466,0.5215548843571253
a15,1,0.6756207825032302,0.7560224775647165
a15,1,0.5740828212213561,0.19088920229510403
a15,1,0.7103096063932925,0.7482507426857048
a15,1,0.76535229925855,0.7290355293033405
a15,1,0.5916981861332135,0.7129518972995661
a15,1,0.6467268516980291,0.8701823732413732
a15,1,0.6780384289714285,0.6854671043908259
a15,1,0.7777667161960186,0.880714716764724
a15,1,0.8229942555963972,0.6268342495503384
a15,1,0.5455869844960584,0.8829785172576119
a15,1,0.6900875951840089,0.8869048735076294
a15,1,0.7057428096201006,0.9127965025035542
a15,1,0.3927442138047224,0.6003515276264256
a15,1,0.7363911447098048,0.9101230779251454
a15,1,0.7122619278666856,0.8232872963014618
a15,1,0.8380252279144789,0.7260107278867596
a15,1,0.8367725482621793,0.652262041479258
a15,1,0.7481872957642103,0.9380884265213096
a15,1,0.7177949097675763,0.723946389927096
a15,1,0.7409036240080143,0.892508794323595
a15,1,0.7708997075298744,0.47755901877226287
a15,1,0.6879529208889249,0.8832777195348006
a15,1,0.8141548510849184,0.7972285653261817
a15,1,0.7881875058368502,0.5813225424093021
a15,0,0.654298996364244,0.7176637782176052
a15,0,0.2982602550730472,0.17691099838634378
a15,0,0.27216299783601294,0.1185806173809623
a15,0,0.35922906874612687,0.7675366957064181
a15,0,0.3395889514253075,0.7886456411992706
a15,0,0.30532722619274544,0.08831314328713222
a15,1,0.29476960325644663,0.6102369413394467
a15,1,0.31178298687751294,0.07050682976536275
a15,1,0.25117511095099876,0.038645115402277865
a15,1,0.2129808339168413,0.1640507069992606
a15,1,0.2502913319205733,0.060707548468159
a15,1,0.21188802811547036,0.12159601911634221
a15,1,0.2760092499037843,0.07933628183849661
a15,1,0.2333430935923268,0.032760536444198726
a15,1,0.286891570276466,0.046069987098107924
a15,1,0.29370761661447103,0.014374042762993302
a15,1,0.3198534769083542,0.09047827737440643
a15,1,0.2905296679447142,0.08207421034738133
a15,0,0.6085818250889696,0.5195661235462196
a15,0,0.4670714149362612,0.174681701186496
a15,0,0.3061348460174704,0.13703843277199365
a15,0,0.26057763806491424,0.016010142998618453
a15,0,0.2970501047803661,0.023438164579929144
a15,0,0.334432554801582,0.031090934858088688
a15,0,0.332723881964538,0.39026398551376873
a15,0,0.2734837786870885,0.08819807283665707
a15,0,0.4057304500710206,0.2676679488748621
a15,0,0.23956655823913203,0.006171682699706671
a15,0,0.34425289317532204,0.24041990078819278
a15,0,0.32524643006245285,0.18485013624097557
a15,0,0.3619591538982896,0.017782302610136733
a16,0,0.275025333192851,0.23592778325696268
a16,0,0.26371141316303087,0.037919965710119026
a16,0,0.3136101173861517,0.2916614296903082
a16,0,0.3293306052843349,0.21125171326187978
a16,0,0.16549287838614465,0.0020877429322637225
a16,0,0.22954595375038464,0.31871277497991873
a16,0,0.36722923972890337,0.06713629953236351
a16,0,0.21206055119049735,0.024424209989439342
a16,0,0.1793501134783252,0.00653312680023421
a16,0,0.4527767661201497,0.7171967860508903
a16,0,0.15939200127341968,0.0017218857173082016
a16,0,0.21363220075637285,0.017475968860435693
a16,0,0.18956350331472066,0.004432232553765293
a16,0,0.1829283770120317,0.02714539711705543
a16,0,0.19601958384592758,0.02875523153852423
a16,0,0.1970041916990031,0.09936523435038255
a16,0,0.20661429180186047,0.023400844577384318
a16,0,0.5332489295086884,0.5048564255272073
a16,0,0.2874238631656018,0.06981954441157823
a16,0,0.2748577216979432,0.20058704613863068
a16,0,0.15926773361036844,0.0022955389226031694
a16,0,0.22751258596855292,0.01609757745501624
a16,0,0.2819168580965715,0.17957398112615322
a16,0,0.19316892720065323,0.21608568583854917
a16,0,0.2327409298881082,0.02615356951085898
a16,0,0.18226157658752745,0.07667650025699384
a16,0,0.19965901977865222,0.08217593940484995
a16,0,0.3346479345340029,0.35388945915853987
a16,0,0.24595003105026614,0.2814572102957958
a16,0,0.18044845342782453,0.11758166459632263
a16,0,0.22232566891484182,0.04291553345880169
a16,0,0.21444738088046633,0.07090314569259912
a16,0,0.3401516283981888,0.10695275476932638
a16,0,0.18646442120182696,0.055967622689451366
a16,0,0.39572527193276713,0.3126143168278156
a16,0,0.17312404531496495,0.006055390180266706
a16,0,0.2863903415279398,0.08001811845735704
a16,0,0.21356115298627146,0.16922098061134325
a16,0,0.22219912891258362,0.2833786987344301
a16,0,0.18726478790926848,0.020267589640885715
a16,0,0.33824288159791294,0.06399803046561305
a16,0,0.2838477668075404,0.1067029990349551
a16,0,0.23202905615375868,0.10610526397739987
a16,0,0.25080477733103756,0.08618823356215996
a16,0,0.37715906076588496,0.14398085054741872
a16,0,0.4325252578520831,0.4239723669764246
a16,0,0.21161050377584617,0.01809838533161611
a16,0,0.2672811329606859,0.4829523421010923
a16,0,0.3169961882197907,0.2525227444426494
a16,0,0.27240460664237914,0.2012886107433934
a16,0,0.2799794347819276,0.07048583794748209
a16,0,0.22217293959723103,0.06063811488712538
a16,0,0.41210238381465,0.29651041136917977
a16,0,0.2019670997298082,0.07858137467833604
a16,0,0.210180202922808,0.0651264952103694
a16,0,0.23812632397794314,0.044091459628666216
a16,0,0.27194135808611963,0.18370165282859638
a16,0,0.31633312004203257,0.15641329385620067
a16,1,0.31446182864697775,0.24512871760863242
a16,1,0.3508257398841781,0.625557824232908
a16,1,0.33653968536787676,0.07751358296399423
a16,1,0.37441978727082553,0.4323962254408437
a16,0,0.3058908979550884,0.06667330922877926
a16,0,0.2674564529959352,0.30304627579718
a16,0,0.2529810160201596,0.14085593359697782
a16,0,0.2450587040714277,0.017202317040756265
a16,0,0.4212109641162499,0.4423232761547346
a16,1,0.33011013748018836,0.08959927352516668
a16,1,0.3714583222412934,0.14807484048691194
a16,0,0.5774969658681721,0.666115820066156
a16,0,0.41182261342667026,0.0744171307688062
a16,0,0.5328392268117911,0.6496234338784918
a16,0,0.21057177951677342,0.13738757799722373
a16,0,0.18842643061823786,0.02057431573087074
a16,0,0.20025704657980706,0.00667475499092045
a16,0,0.2161127043698943,0.008456786661541779
a16,0,0.4881332332255357,0.5732640431490691
a16,0,0.36719458708493447,0.5816989575075447
a16,0,0.1598580622640598,0.02445757591007607
a16,0,0.1984218403928948,0.13103165643084097
a16,0,0.2509168576110597,0.02225204185168628
a16,1,0.23747718761333825,0.29237379971626126
a16,1,0.33402934272540014,0.2086207056132288
a16,1,0.28948959961658555,0.2526010255621
a16,1,0.30350030762954644,0.2223122416801448
a16,1,0.24310594312541675,0.23362655633155993
a16,1,0.2189995325537704,0.22516354500335936
a16,1,0.2760044911924661,0.28277995864935446
a16,1,0.46531709453242953,0.6135295851286627
a16,1,0.31193376611116147,0.21327102592516867
a16,1,0.3191361425824431,0.2080619008012709
a16,1,0.3795144793768448,0.14818303380650646
a16,1,0.4409019872943186,0.7121732851888342
a16,1,0.40113176066361184,0.24489460249242312
a16,1,0.5196325075439965,0.5867244013172037
a16,1,0.6096137349909977,0.8882763165604511
a16,0,0.48644924398995165,0.17357790543078058
a16,0,0.390776395159359,0.3182080059143718
a16,0,0.1810296817011927,0.1309462467314879
a16,0,0.44362351494502805,0.20458473269393726
a16,0,0.32857958127478876,0.23341216930967681
a16,0,0.32643920144653193,0.5367827419911461
a16,0,0.3466947792041541,0.21830897107604003
a16,0,0.2514215216408511,0.26817011788583384
a16,0,0.2835225179788139,0.11506273298824742
a16,0,0.27316638858338943,0.23133193024063936
a16,0,0.26191522127071665,0.39450386570287377
a16,0,0.3071252191433109,0.6113875174633581
a16,0,0.2879575216222082,0.11551667339312564
a16,0,0.3571116787189562,0.233638458080694
a16,0,0.37793008821173063,0.5763045136297404
a16,0,0.341348565733224,0.6621651681588318
a16,0,0.28585466232698703,0.46284976931227606
a16,0,0.5710576543019852,0.6477203059573254
a16,0,0.23598185542851838,0.3981342579405676
a16,0,0.2924254566223719,0.4464672691635939
a16,0,0.401645000806492,0.6785006582677519
a16,0,0.3870662824567905,0.2511707579509609
a16,0,0.3495531475356285,0.46265091163204164
a16,0,0.41088810645108453,0.5132268577117287
a16,0,0.280895050936811,0.563416573888133
a16,0,0.2585810786707099,0.2746475183597646
a16,0,0.3920333894756477,0.6469551549601485
a16,0,0.364820121927701,0.5215786640005018
a16,0,0.2632269728858451,0.6269241129965958
a16,0,0.2434992621974691,0.5543661768455869
a16,0,0.26461168478387975,0.4775975884099347
a16,0,0.30265349557507637,0.44174219999195713
a16,0,0.27195075738111096,0.4408861673365429
a16,0,0.4299007195616326,0.6711054572683265
a16,0,0.3945459005747035,0.4137311199120492
a16,0,0.38911639714267615,0.5984473187406488
a16,0,0.41205220662296443,0.6540179728884875
a16,0,0.24677213168788295,0.24279294259637052
a16,0,0.11696120358462736,0.0038588824592918664
a16,0,0.3745077945812594,0.4931952143018245
a16,0,0.35627384141253654,0.15775292688086873
a16,1,0.3188560833525145,0.22766990159467573
a16,1,0.24470416889469213,0.1972268358391523
a16,1,0.31838634539185157,0.3250545223969052
a16,1,0.5186321422207631,0.7958515336884447
a16,1,0.2786541424437057,0.2654747067667869
a16,1,0.3764022905762006,0.48428783560949173
a16,1,0.37022511971086935,0.31045645630785784
a16,1,0.294731150137476,0.4920862858825584
a16,1,0.3699150287701533,0.6203562611039184
a16,1,0.42406456225858263,0.4000247008847748
a16,1,0.3616335028577507,0.30617672050117545
a16,1,0.5324855085866068,0.7001456447155716
a16,1,0.31014712827825675,0.1185202220851491
a16,1,0.3379380489067426,0.8505961302646984
a16,1,0.7830332617954686,0.8347490507376117
a16,1,0.6585170196491297,0.5409181121507871
a16,1,0.3225044540216244,0.43134944239185946
a16,1,0.4471792582572002,0.3525183975630394
a16,1,0.40834601918884134,0.5739628595623301
a16,1,0.37085768606981057,0.7333952836231952
a16,1,0.3426471869092574,0.29491239382183626
a16,1,0.425311102488416,0.3859396813542979
a16,1,0.44011718789253257,0.7902557106230602
a16,1,0.2979571576148109,0.15013355158362762
a16,1,0.351373984910994,0.20996040224945434
a16,1,0.47548332913369906,0.4676180015862624
a16,1,0.30371924992740923,0.454313658391997
a16,1,0.6869980007742424,0.8007491709093374
a16,1,0.9235508814089486,0.6395003690088908
a16,1,0.721023801365726,0.6677636489857355
a16,1,0.8574071323893946,0.8293930899445563
a16,1,0.9811787931726699,0.8225115387621464
a16,1,0.5911100796040935,0.44247602716734474
a16,1,0.892164947573408,0.5679878175771922
a16,1,0.95628399681501,0.7526554403806833
a16,1,0.42341452461242174,0.31725386702095026
a16,1,0.840182637813149,0.4109611766947638
a16,1,0.9476980577420586,0.6222585708756098
a16,1,0.9604050567230678,0.6081925534800878
a16,1,0.3902664087766908,0.32370664418215594
a16,1,0.724723911937613,0.6116922201469107
a16,1,0.8750183234014449,0.6574569352067335
a16,1,0.6295204393129968,0.7272742310866531
a16,1,0.3474236858342397,0.3197819522377453
a16,1,0.40076313000997366,0.607135137879848
a16,1,0.3878738863807615,0.4594440963529106
a16,1,0.4015568762260652,0.43938873829056463
a16,1,0.48028354510956994,0.6232326316027764
a16,1,0.5940383985264349,0.8642505931645693
a16,1,0.5754857460744383,0.6193299806715518
a16,1,0.297114009037326,0.502707869558118
a16,1,0.41279675814485783,0.26053260792896604
a16,1,0.5110945350561249,0.7161832998389931
a16,1,0.7022473103907776,0.20876180395578856
a16,0,0.2663866573409755,0.09363167852831274
a16,0,0.350095819250834,0.23751901241511492
a16,0,0.2776165006068299,0.05891690701429141
a16,0,0.5113021376690732,0.4619054296380418
a16,0,0.27550337788622997,0.3066471273504826
a16,0,0.5158643886750909,0.799516671841033
a16,1,0.4480300777122105,0.8019506312724397
a16,1,0.28267191918998885,0.27214785136847597
a16,1,0.30903357754993754,0.3409908596210736
a16,1,0.504801550419643,0.8724217945218312
a16,1,0.42275825097126485,0.5865756770419042
a16,1,0.2748592350714252,0.5144969124164421
a16,1,0.4130377000059762,0.7209934704239658
a16,1,0.37554239802760575,0.7180611371203652
a16,1,0.347979548241289,0.3595198401424188
a16,1,0.3666120686002524,0.5481230389087319
a16,1,0.41901954565909455,0.22021089588428594
a16,1,0.35122143552987917,0.408243036887893
a16,1,0.3407441629112164,0.33449420398777935
a16,1,0.34297555986089157,0.7161734857452539
a16,1,0.36484474317164217,0.2774658086120396
a16,1,0.3634295626988355,0.48547504319650814
a16,1,0.5427978271492172,0.7084995594589938
a16,1,0.360274710399869,0.4890158947887814
a16,1,0.38076886936834065,0.28532682620444605
a16,1,0.4212188818066286,0.6154164246094275
a16,1,0.52701371027824,0.6408877317768329
a16,1,0.3437494383894153,0.7478043336890783
a16,1,0.4624736544571278,0.725194356896868
a16,1,0.4119671768947681,0.5797332616627112
a16,1,0.5734549752029859,0.7645725631703348
a16,1,0.3932997822311887,0.4621593180157373
a16,1,0.3532533207712335,0.5812055885803683
a16,1,0.8806909093118762,0.7534939419617663
a16,1,0.4987429489724756,0.7028792745988979
a16,1,0.4102447707552493,0.3547318181414995
a16,1,0.4170949066840099,0.5361174799575313
a16,1,0.8011849596722269,0.7122067568885503
a16,1,0.6343735861236499,0.6665035220911003
a16,1,0.4232445243177377,0.7017840493759688
a16,1,0.39456983315220034,0.5470828376023913
a16,1,0.4423340923670284,0.7573430271890196
a16,1,0.37653583965808185,0.38921226061025055
a16,1,0.5534843769092275,0.7531241714710847
a16,1,0.4058343615666386,0.5667326922440353
a16,1,0.415429799105766,0.7136841908845821
a16,1,0.9119255677709078,0.3957402628070404
a16,1,0.5040493772119319,0.671844476184342
a16,1,0.4367585068410155,0.3436777317044243
a16,1,0.6136561423034732,0.8087567687993485
a16,1,0.3996885807246833,0.15752627982629666
a16,1,0.46479281088287583,0.5723828783610927
a16,1,0.6949627609969414,0.8859470350421075
a16,1,0.5670125987671178,0.7520912442981152
a16,1,0.5636605336028907,0.7745441878841837
a16,1,0.5906377607961704,0.734948672191435
a16,1,0.511710814787956,0.6066707302030547
a16,1,0.46035668696017334,0.6930023460068259
a16,1,0.41217154511250775,0.6152116027787301
a16,1,0.4003341999038757,0.7293513971403538
a16,1,0.34235085807770493,0.22596225250799548
a16,1,0.5424284711387148,0.6764939576970841
a16,1,0.4092927306410184,0.38290387425476274
a16,1,0.5655805603515317,0.47721974846554344
a16,1,0.49031853533727987,0.7158947131935526
a16,1,0.3467504531560208,0.5323591315289123
a16,1,0.4171657164787232,0.46180738280038663
a16,1,0.5395688075001737,0.6155580952960765
a16,1,0.5348760870600989,0.8844440374899681
a16,1,0.431089166043109,0.1327872551245987
a16,1,0.31114627260762456,0.36428875728887283
a16,1,0.5576774837184255,0.6819410683349253
a16,1,0.5266466101401888,0.6491251196484662
a16,1,0.519215258254029,0.6977433495080279
a16,1,0.5240004364883086,0.788980945130532
a16,1,0.49129209286433306,0.6965500174284299
a16,1,0.4571944322193001,0.5381678204938676
a16,1,0.5208880934708637,0.810640365983274
a16,1,0.6093425325064362,0.7182387305690318
a16,1,0.46440653144895455,0.57578912397786
a16,1,0.35480437101539675,0.5004304070360338
a16,1,0.6823033997050131,0.6709209954239496
a16,1,0.7844243817730372,0.6164878243780213
a16,1,0.395383939919662,0.5196514356885521
a16,1,0.550477096149338,0.7926650474271351
a16,1,0.31781018429702756,0.2442629556479385
a16,1,0.7018884074826376,0.555396460388134
a16,1,0.6496726571259925,0.39100662394687924
a16,1,0.8814638640797389,0.8805697340844293
a16,1,0.8114729412945028,0.6401994431150442
a16,1,0.46476504632822924,0.5996151252659311
a16,1,0.9591810377360728,0.7872338839073844
a16,1,0.9203538670466898,0.5729927253442754
a16,1,0.9422389737391151,0.8122297531579892
a16,1,0.9186239151830563,0.7476130497633546
a16,1,0.8463810687082599,0.8802265079743039
a16,1,0.8049795051767745,0.18977955812849567
a16,1,0.6572030922479548,0.7302975637915065
a16,1,0.6251788158986364,0.5881108458156524
a16,1,0.8142026851504098,0.8183147804283541
a16,1,0.9731311694176875,0.8976720359715239
a16,1,0.8808386207913236,0.6638921999953068
a16,1,0.9315591499453871,0.8059737012705227
a16,1,0.9097592997893539,0.8303093295564521
a16,1,0.7300796693737283,0.11695313706586799
a16,0,0.3288068921036366,0.4371248677331508
a16,0,0.2675726653918192,0.07136899283488812
a16,0,0.32652276643441996,0.407981332268958
a16,0,0.2544200275551641,0.07514919764814186
a16,0,0.2329969564203105,0.07797829171113217
a16,0,0.176222561049448,0.08588093511028061
a16,0,0.2771734212745997,0.768058574417168
a16,0,0.6004970190940238,0.45745866854216455
a16,0,0.2499565126478889,0.047405277271613006
a16,0,0.19964940370183806,0.014680570951043338
a16,0,0.2040167121831254,0.2552640028081504
a16,0,0.5123192850138992,0.42338039119477805
a16,0,0.295951714448637,0.6276338604426039
a16,0,0.5528140025715781,0.43585459544171284
a16,1,0.9273156997923137,0.28658598825950504
a16,1,0.34575208410544134,0.5784604743744455
a16,1,0.3700047726905666,0.23280438491838573
a16,1,0.43370342092327496,0.4812030578082763
a16,1,0.47374733784229606,0.5659057864979912
a16,1,0.35400301838763537,0.4390359828283941
a16,1,0.3263830028589308,0.7483561806903758
a16,0,0.29453407593488734,0.6115006954669274
a16,0,0.3143655087959184,0.37545144520992546
a16,0,0.6790645505164871,0.40658462391637207
a16,1,0.35248109384668835,0.45743754652470264
a16,1,0.4246725920976292,0.5878353104764447
a16,1,0.5145581471894022,0.7191319393757704
a16,1,0.32076130727115,0.38727242175966503
a16,1,0.3520213868058018,0.5353155824496543
a16,1,0.46559585181652297,0.2985749142136938
a16,0,0.3211223681302856,0.40633041627450434
a16,0,0.3111944980578058,0.17511230333060315
a16,1,0.5972023375522552,0.7206410934481621
a16,1,0.5567210460876902,0.7816213085346388
a16,1,0.30518191431450925,0.5080472889490966
a16,1,0.6516947164454671,0.6809814335417596
a16,1,0.47260439322316616,0.34995738152799205
a16,1,0.3886511125839921,0.5452172682822686
a16,1,0.4353743189378738,0.643832671575489
a16,1,0.4069376602766665,0.6299689924570534
a16,1,0.6002259600077857,0.6673906308157935
a16,1,0.6431329648846716,0.47526995957164864
a16,1,0.5853444699450844,0.38983602654499167
a16,1,0.6189789323346886,0.6279403688543905
a16,1,0.52721670819956,0.4114578959852903
a16,1,0.7921027182507762,0.5498628818095745
a16,1,0.3859036585981067,0.4226649129371476
a16,1,0.3755158302731578,0.20069880471657947
a16,1,0.4899523296939855,0.5239816570055031
a16,1,0.5855853238734856,0.7385484847952493
a16,1,0.5135126340998165,0.7413147851787821
a16,1,0.41774977104656746,0.38719862236251346
a16,1,0.36974397681552573,0.14716406299166418
a16,1,0.3753009163161998,0.4088707554512579
a16,1,0.4467215146878989,0.2948454876083751
a16,1,0.4249164458960921,0.6602125834544798
a16,1,0.7217446058509974,0.6662146574624838
a16,1,0.850628137303557,0.6261391390749126
a16,1,0.5704170125041873,0.6793989729017518
a16,1,0.47627372252102135,0.6310609184934901
a16,1,0.707310943874559,0.7513414369494261
a16,1,0.8266180340118058,0.7772400419046162
a16,1,0.8548598834773175,0.638862393746005
a16,1,0.9456210301767092,0.8961685693724714
a16,1,0.6756233414988331,0.7743844320522724
a16,1,0.6681948797829551,0.5451778779971278
a16,1,0.892902206719975,0.7219927818785762
a16,1,0.9872930947227829,0.7547673141070833
a16,1,0.8077569088830734,0.418271208141969
a16,1,0.7386343899784883,0.09566216525747864
a16,0,0.870928991790894,0.8772940463718436
a16,1,0.9787766849698827,0.7471436101638895
a16,1,0.882564139130019,0.8920105023687951
a16,1,0.8734967886440488,0.8453178374756675
a16,1,0.888442211448122,0.4428438984090091
a16,1,0.8437220504682527,0.8480941011179043
a16,1,0.8212416996911628,0.8473128660584897
a16,1,0.8989187426673387,0.8948255951432578
a16,1,0.5448389018903296,0.9191921700962219
a16,1,0.6997259754832139,0.7662461889196995
a16,1,0.7188303950973436,0.6968862229749209
a16,1,0.30342282846123186,0.13520797967470724
a16,1,0.8485941444431959,0.9276903643781299
a16,1,0.9984667042087703,0.42230573047858205
a16,0,0.7619414113447407,0.8985072105480086
a16,1,0.5701925775979058,0.8167904712302648
a16,1,0.6908879993335008,0.7945328325925918
a16,1,0.9454420166133841,0.8511452357187219
a16,1,0.7067390918647751,0.8184932449387136
a16,1,0.45411221557085735,0.7102990300982317
a16,1,0.8674941284168884,0.6119864015540029
a16,1,0.840269516183858,0.8666070868473543
a16,1,0.5477765514810873,0.5485530512751935
a16,1,0.7932802034607825,0.2606080332164603
a16,1,0.7604678449620705,0.43391328821908776
a16,1,0.7604872926340734,0.5712607170297884
a16,1,0.41163261999221745,0.3905133073148995
a16,1,0.4807207493155228,0.7055813363181468
a16,1,0.5507189949006897,0.7280240279647604
a16,1,0.4992012225467477,0.8631314743518961
a16,1,0.9506849542704454,0.3841113239323016
a16,1,0.37333321344353265,0.5723160181428745
a16,1,0.6939680263099506,0.6844994691532624
a16,1,0.48409576362916346,0.513834113126776
a16,1,0.4879030502041916,0.48671476710318134
a16,1,0.4266374377639348,0.4011941946734651
a16,1,0.4960792740984057,0.6148354469446864
a16,1,0.4533956504944163,0.362704817868417
a16,1,0.43240909062877897,0.38991718540189374
a16,1,0.347977070390716,0.5854960226044466
a16,1,0.31968434030212295,0.058182670676416144
a16,1,0.4591600786007009,0.5907944672153178
a16,1,0.5350869065060972,0.6523506410081822
a16,1,0.5150988827981736,0.6033601665928787
a16,1,0.39943874584269495,0.7130928594209076
a16,1,0.4507127697622721,0.506891974293646
a16,1,0.4394228446542419,0.44185183567036307
a16,1,0.4772509864623569,0.5733236835232678
a16,1,0.40778649006605006,0.3171907988994196
a16,1,0.4525834857672705,0.6616722391079968
a16,1,0.5712668615953849,0.6036473386402317
a16,1,0.3460150640640495,0.40349061037682693
a16,1,0.49457481400054465,0.6182037691081556
a16,1,0.5803856696809534,0.7031636143521514
a16,1,0.4290502164988322,0.5372842156374589
a16,1,0.4603528388666686,0.5993119110932366
a16,1,0.4833693815932801,0.7432919907874376
a16,1,0.4724100625202759,0.7224390442859944
a16,1,0.5124316654146858,0.5456197766337099
a16,1,0.39075371069433185,0.6947994418123857
a16,1,0.4843142221397706,0.7086951217910946
a16,1,0.9222138699990508,0.3902047510095927
a16,1,0.30855747173645043,0.5960628782300573
a16,1,0.3295310709256674,0.48953780173030176
a16,1,0.32888888039026865,0.4975878041641084
a16,1,0.3680621527207612,0.4950926642389918
a16,1,0.3782988076642832,0.580908229732528
a16,1,0.4003396166461544,0.5191537012544889
a16,1,0.49210634062436537,0.3352869671287124
a16,1,0.4339734741058886,0.8245162008766861
a16,1,0.6402636990126127,0.8947604926450315
a16,1,0.6596944611516865,0.8318474529334091
a16,1,0.3908013116659848,0.600195068093701
a16,1,0.3572692248653789,0.46563689567411976
a16,1,0.43162556690317855,0.3468676437253937
a16,1,0.4573354968029087,0.6512870975227933
a16,1,0.5112545237004672,0.5606189697331162
a16,1,0.6405970183932947,0.8088011768720306
a16,1,0.490997637918061,0.7399490880421012
a16,1,0.4166462973676766,0.5008088389844
a16,1,0.3111627533298551,0.34048643207215806
a16,1,0.6873068648439695,0.7468221849505996
a16,1,0.9096000759209769,0.30599254240415635
a16,1,0.47949324861098985,0.8027373042512416
a16,1,0.34359517726710037,0.1826047937635153
a16,1,0.46050065040796107,0.38072254285548335
a16,1,0.9749555335244181,0.4720247789532929
a16,1,0.8072198006668103,0.14485488706067928
a16,0,0.1325135348766837,0.011725862732540275
a16,0,0.1353334044822687,0.002519265056941499
a16,0,0.24609059336513942,0.1671395053781004
a16,0,0.23895246794103708,0.04478425627672523
a16,0,0.5473566807952134,0.7387169162356553
a16,0,0.7062497670484709,0.7093238595494136
a16,0,0.24379212984111281,0.08732314691008568
a16,0,0.935403739155278,0.4911046207136995
a16,1,0.32990917334658876,0.31043078242588873
a16,1,0.3147808273338217,0.22537057212386205
a16,1,0.7333436233913458,0.416815143412471
a16,0,0.3850336453609672,0.4109852732112809
a16,0,0.6310017571607767,0.6278038280920997
a16,0,0.510712676396909,0.37045654586331683
a16,0,0.4143961173645173,0.45141856632540656
a16,0,0.3612674806761628,0.34806009684091943
a16,0,0.44657246469192824,0.2176649534413244
a16,1,0.2209462085242548,0.02077966720453893
a16,1,0.21065771540978392,0.03080584440760226
a16,1,0.3308940553261324,0.20210827037960077
a16,1,0.8879732201373757,0.22886898651124865
a16,0,0.6282212181513867,0.7802985037503525
a16,0,0.3580858874774521,0.40832677708065335
a16,0,0.3623062381023645,0.6622449886444424
a16,1,0.24744102430659218,0.13369813647476006
a16,1,0.28829875232362495,0.6258171265595074
a16,0,0.38268989284031635,0.09397316714277515
a17,0,0.2784132015189088,0.05355049546691756
a17,0,0.30711458669330177,0.1570631078968562
a17,0,0.43840912133980114,0.7652361023057873
a17,0,0.23485020033444792,0.07297626648742617
a17,0,0.2746629073271146,0.30383420934580563
a17,0,0.457368677823013,0.6961901182295421
a17,0,0.2545810621684473,0.28476889838893366
a17,0,0.3090892874709359,0.04580902613813879
a17,0,0.3469235623064414,0.5164630857011294
a17,0,0.20149505855176325,0.006029388612590996
a17,0,0.23571567302654411,0.017219899863524745
a17,0,0.26503218531458755,0.05380929675058043
a17,0,0.23515059584171527,0.06751586648014794
a17,0,0.3155681804736362,0.052413404026135334
a17,0,0.4954099487855128,0.7547626485201284
a17,0,0.38913924615121365,0.46750127541837283
a17,0,0.3357168671875998,0.2078029144456909
a17,0,0.36176838277451767,0.13353230664142376
a17,0,0.3074302598137706,0.0666320537862922
a17,0,0.2241650047735154,0.007674506991092357
a17,0,0.2016070020311169,0.047709432039680075
a17,0,0.2572417298127778,0.0279357916122432
a17,0,0.27980289989501544,0.04260088569823311
a17,0,0.28190373068824104,0.06938235559860355
a17,0,0.31767640160600064,0.09350304351609082
a17,0,0.3409782185611667,0.19880193250836983
a17,0,0.21260368555755352,0.07345320991659716
a17,0,0.3487344234543301,0.14362295197180286
a17,0,0.2382610609759389,0.016290117440402024
a17,0,0.22279666296714926,0.032473860335725725
a17,0,0.1786051080122996,0.012751177177054155
a17,0,0.3115682111474403,0.06296503295226702
a17,0,0.36051500617216525,0.04245061135347388
a17,0,0.2442413206400874,0.039524868888899896
a17,0,0.16725591199921935,0.0035357652100144413
a17,0,0.19210161858863403,0.00408208782204421
a17,0,0.22684319214416038,0.043329280927405976
a17,0,0.23886775406356728,0.06712159327977736
a17,0,0.19985375559544588,0.041670350178251804
a17,0,0.2807935080916362,0.05011568842327516
a17,0,0.19345753423916234,0.006044495195498917
a17,0,0.2628068298173378,0.03276893700962738
a17,0,0.48762757860648986,0.1793094522007645
a17,0,0.8158597956952595,0.24254696371937734
a17,0,0.19156715751061543,0.008851497328881179
a17,0,0.2277194100214342,0.055559086046104045
a17,0,0.28052093622551383,0.17935350198464844
a17,0,0.3697557315075073,0.07843270462625733
a17,0,0.3588682503386028,0.27724070096346415
a17,0,0.4901194510982039,0.42891523922212405
a17,0,0.5864254304984448,0.18579074681044347
a17,0,0.30583533369302496,0.07375293010447433
a17,0,0.4197085646098164,0.5644249953292888
a17,0,0.3014717931735894,0.1726890118799574
a17,0,0.204192962439816,0.03675697508041911
a17,0,0.2400536862657547,0.04923106867907679
a17,1,0.5327832949383801,0.5314897133666833
a17,1,0.5235472299109388,0.4770512783135824
a17,1,0.5168285843403125,0.5293845641238571
a17,1,0.4918159577676416,0.5002030477090249
a17,1,0.3580116515015625,0.20582670002826778
a17,1,0.4186513305359063,0.32850881822164335
a17,1,0.45942664374796005,0.2735040624382617
a17,1,0.45933574070412897,0.4035011702140506
a17,1,0.32103498740660813,0.21268533154174993
a17,1,0.40336182298465384,0.23993979310006402
a17,1,0.5156108137858002,0.49259855381602663
a17,1,0.5260881748907983,0.41316199393801706
a17,1,0.3972244389140955,0.31359790586159936
a17,1,0.6241999458848778,0.49859812276794
a17,1,0.505292413247196,0.27751612393660563
a17,1,0.5912261110396053,0.5980896340308379
a17,1,0.8641529912973515,0.33632849198659076
a17,1,0.5770428466577394,0.38404113567093906
a17,1,0.6902457571279482,0.38304532508988903
a17,1,0.5840784268540608,0.43785582309614146
a17,1,0.6829012564901233,0.6428071373174533
a17,1,0.6991508272330303,0.37973150308239134
a17,1,0.7582083471625098,0.7738300264409317
a17,1,0.5137037624574318,0.7269380505497748
a17,1,0.637086693349687,0.8123630931206994
a17,1,0.6228086855681028,0.7534370864816948
a17,1,0.3435522717197789,0.4912255319252614
a17,0,0.20984305819846802,0.3579315093159742
a17,0,0.26687531066890446,0.10901361395134154
a17,0,0.22589480815321855,0.2338766783018033
a17,0,0.22983292707070482,0.2091359912845793
a17,0,0.39223025902337294,0.32667675723525547
a17,0,0.23828581423747827,0.058399119623888364
a17,0,0.2661556709480131,0.14329715296218848
a17,1,0.4340667567697424,0.6358096740289467
a17,1,0.20115968585659574,0.04101360668804503
a17,0,0.21874781245797095,0.01281375724841237
a17,0,0.20506608952259547,0.03659134740406409
a17,0,0.186373431961738,0.053875318938537836
a17,0,0.1642343981834423,0.12884667353463444
a17,0,0.1790142052458399,0.02600376921962325
a17,1,0.8441638814798842,0.3372932961392648
a17,1,0.497544257305356,0.6515248785375443
a17,1,0.5728849796627593,0.43505279076501224
a17,1,0.7066507810764792,0.6480452962191324
a17,1,0.2594618656199481,0.1842078532620806
a17,0,0.20032358908846104,0.10130593584622279
a17,0,0.19852216413797413,0.45720910722513824
a17,0,0.22317441690356865,0.1202747968928102
a17,0,0.23300034280604454,0.12049794899656972
a17,0,0.21062445746825628,0.02172409675932691
a17,0,0.18944638181173484,0.13379727964887367
a17,0,0.174898770618448,0.045195861170708694
a17,0,0.16488112664085985,0.09945215965434537
a17,0,0.18159853566038492,0.11508903101604326
a17,0,0.2251518704027075,0.03901810895787754
a17,0,0.2143423966716722,0.02995905529856251
a17,0,0.18080142762676324,0.07368894880003023
a17,0,0.18345491603502007,0.10377882680241726
a17,0,0.17995376377708502,0.015454441737049521
a17,0,0.1738307038945816,0.05481711622940664
a17,0,0.14850200582169928,0.09157711283917869
a17,0,0.16924065921991022,0.042825948942951005
a17,0,0.43748290425111286,0.3845065770074223
a17,1,0.5934860566242317,0.6695801001069631
a17,1,0.8058173545265812,0.5728613277873095
a17,1,0.44519856578662986,0.3576519723743549
a17,1,0.5959040971771612,0.6783596666693332
a17,1,0.722514854030062,0.7323968284998507
a17,1,0.6291105739636773,0.7318283187827973
a17,1,0.736432995362813,0.7322212457626783
a17,1,0.7831963768821663,0.773728798445279
a17,1,0.7484920010136672,0.8459179225450398
a17,1,0.7500095436920126,0.8072796094920295
a17,1,0.616780561991467,0.6888132569435644
a17,1,0.7350315581293871,0.8025145456922853
a17,1,0.7516370009638822,0.7885706053043289
a17,1,0.5333145729535496,0.353468907708393
a17,1,0.8477567606389868,0.7530828593002917
a17,1,0.47627329372295174,0.2541319698596829
a17,1,0.6022526443144771,0.39729326473424853
a17,1,0.5103411865953512,0.4639670411313349
a17,1,0.569450653558171,0.6185181717601902
a17,1,0.45654275377229964,0.3259922688039735
a17,1,0.2903329026412784,0.1423628853271446
a17,1,0.16424146219209734,0.27834460700368713
a17,0,0.15037297308329034,0.24459919736163002
a17,0,0.18527118392318037,0.038740376928260205
a17,0,0.6463734168576112,0.2160126761214999
a17,1,0.5766821004807277,0.4366306244520706
a17,1,0.6584051601708503,0.729796303007636
a17,1,0.35900330424198224,0.3105728493932559
a17,1,0.6129827805485701,0.7625501824303332
a17,1,0.6042364312286034,0.7191164065556045
a17,1,0.8752735936136955,0.48933622746545885
a17,1,0.5414960775517188,0.6390061494609921
a17,1,0.7057518341447705,0.8113919029650724
a17,1,0.4630334216699509,0.523382960876526
a17,1,0.6242482289316788,0.8346930314336192
a17,1,0.47055308942689805,0.5523395894423698
a17,1,0.7332892911479589,0.2712114284434412
a17,1,0.6809012750978212,0.8884047379799597
a17,1,0.47098136475081265,0.7393437630944923
a17,1,0.2987615197436064,0.1436676783229009
a17,0,0.6676555449088569,0.5898187211475662
a17,1,0.6479899723455285,0.8868069005686858
a17,1,0.3781339572817424,0.4013532082986851
a17,1,0.8993472527311146,0.3264551561272945
a17,1,0.6691784472176541,0.7523795956010464
a17,1,0.21498772943722685,0.13077468423116187
a17,0,0.25085208981926566,0.17574011044219867
a17,0,0.5535319831631972,0.4433285488023907
a17,0,0.8677611241449421,0.14011825909253886
a17,0,0.284743754238991,0.2664508005019426
a17,0,0.18938230537732315,0.010462286993496763
a17,0,0.24878208110641475,0.06259567043929201
a17,0,0.20573495620344884,0.01880357050613159
a17,0,0.16943794915684338,0.005061863713405001
a17,0,0.2430503382500501,0.045780160180532936
a17,0,0.1695530953703044,0.00708135497766658
a17,0,0.2915482182697699,0.11404896976297932
a17,0,0.16440355936927503,0.0013983869119325214
a17,0,0.23441271934536334,0.005427111462508949
a17,0,0.1780886124455638,0.0053784167346730164
a17,0,0.2086431690845353,0.003923447740095131
a17,0,0.26864290693218335,0.02424686743113525
a17,0,0.1786034124929782,0.005357418770187726
a17,0,0.21309092466978652,0.011167438056558216
a17,0,0.16757862229295883,0.006590593136681605
a17,0,0.19493705049031337,0.04208730363595695
a17,0,0.4043520069492341,0.3467594033381126
a17,0,0.24775592536070362,0.02022334161561744
a17,0,0.38474035019790875,0.029596303938807217
a17,0,0.1784527485291056,0.00136875330019439
a17,0,0.27464605837934186,0.06583266261848314
a17,0,0.2203166117487863,0.022210379725274208
a17,0,0.29514453231364335,0.37221786093711007
a17,0,0.4204814265421704,0.29723405633427386
a17,0,0.30454242908561324,0.31907343797514365
a17,0,0.2896112424529268,0.04049730352820208
a17,0,0.5009890754411037,0.0951569664523322
a17,0,0.28423839621509334,0.1902852374624235
a17,0,0.2983207611588062,0.26395425129596883
a17,1,0.41796317683966017,0.35204726447227325
a17,1,0.3721123650681984,0.35092289491587525
a17,1,0.4288387675736702,0.513009164484173
a17,1,0.34465636213646855,0.15946659621583562
a17,1,0.4475657076074197,0.46626947480944475
a17,1,0.33346552243848654,0.5965725243064645
a17,1,0.5889188501871749,0.6384435375304289
a17,1,0.5579755323888844,0.500856789277735
a17,1,0.583062066066716,0.4764555395676708
a17,1,0.21278183522203237,0.08143165645053366
a17,1,0.24151746866224585,0.18230860288779271
a17,0,0.32698154117757383,0.113850562740073
a17,0,0.5271662258612054,0.5557618474931351
a17,0,0.357676652371959,0.2522891163548534
a17,0,0.2847697628667523,0.4253201209079379
a17,0,0.2128646810031019,0.09706881064778937
a17,0,0.24660788398624386,0.02063700615788346
a17,0,0.3010740923634845,0.06724308534292303
a17,0,0.24918693614283238,0.027130395819445912
a17,0,0.25130790168219375,0.05615410030243858
a17,0,0.4535359199185649,0.35391556592624296
a17,0,0.24097685955802292,0.04483278262241427
a17,0,0.21547333915388142,0.017366399130431434
a17,0,0.5149598902155991,0.2283189996766644
a17,0,0.2807786490261217,0.10301162696706319
a17,0,0.32523579356033094,0.0649968459122964
a17,0,0.3161056626514261,0.19292102599496377
a17,0,0.31267719442685915,0.26120025096055055
a17,0,0.6186873455566343,0.4126776019027296
a17,0,0.3986407549761664,0.24789831095892603
a17,1,0.2822267493461755,0.09804350646250329
a17,1,0.3758571766107331,0.21343649979110763
a17,1,0.27382734829978794,0.08514537027088084
a17,1,0.6340844343046029,0.6325455483021564
a17,1,0.5816813429766482,0.4121655402696576
a17,1,0.2720878524712258,0.14853633235018598
a17,1,0.3940339476266375,0.334368414624061
a17,1,0.3904219878805246,0.5439891391099813
a17,1,0.1957450950351419,0.3102518512705547
a17,1,0.20890262668774434,0.2562815803344936
a17,1,0.37267444249513804,0.4819487324578434
a17,1,0.2866995223770002,0.3902135360307557
a17,1,0.2655339089084735,0.2187135522372611
a17,1,0.2602112565809961,0.3246627288763587
a17,1,0.20807797798238292,0.3022698040465958
a17,0,0.13093048466589619,0.422949638032954
a17,0,0.16369971369472772,0.09232243049117934
a17,0,0.1812087584978289,0.061505693652007365
a17,0,0.1173724544827644,0.2369788422557463
a17,0,0.19728219677554792,0.08043566432109016
a17,0,0.16264621852849398,0.1715533938688179
a17,0,0.15438706498262605,0.5057049986409542
a17,0,0.14478859900074953,0.07075431300526674
a17,0,0.16206437671982535,0.0572677389823721
a17,0,0.13082501671657504,0.37006399306167276
a17,0,0.155435539374187,0.035822834915502255
a17,0,0.13732558513788595,0.6373191279678418
a17,0,0.1584686481842217,0.045118481263009345
a17,0,0.17001357377442208,0.026672290129304214
a17,0,0.21039667083141483,0.11443073307996493
a17,0,0.19089733170381723,0.03383483829615264
a17,0,0.171795710385526,0.11707807526972783
a17,0,0.5470200663545779,0.18772250259046214
a17,0,0.9602204909786064,0.08942457180314331
a17,0,0.491614543463786,0.28384663119170744
a17,1,0.31466996588253476,0.11550382582428048
a17,1,0.5591260075231618,0.6179268167368762
a17,1,0.4427707820145901,0.2877499404493791
a17,1,0.6195058774235664,0.5060965987144259
a17,1,0.46970144364613486,0.4376432141048126
a17,1,0.591789836456961,0.5679316388424955
a17,1,0.36175671825805955,0.5733925627402248
a17,1,0.4548870280947284,0.47544772592317164
a17,1,0.46595322812498235,0.7608858558611657
a17,1,0.37826243723182434,0.650599500490479
a17,1,0.31412051858848994,0.6307240758289158
a17,1,0.6053033348793448,0.7663946464064686
a17,1,0.5368802240657665,0.3589968803374976
a17,1,0.612462709873683,0.7261751779836845
a17,1,0.5523014965916435,0.514103945802694
a17,1,0.4622854019078554,0.64906531152125
a17,1,0.5636197077678732,0.36902939048407524
a17,1,0.5332371223047248,0.47177158882777015
a17,1,0.4072699021801859,0.5059096307573748
a17,1,0.5968966102010576,0.5725203548859202
a17,1,0.7582802957076602,0.6364841040024192
a17,1,0.5658432331634008,0.6907046953798696
a17,1,0.7557065263251715,0.504358355117009
a17,1,0.6031693813845168,0.4976563920308793
a17,1,0.5157157099712235,0.4096692318417591
a17,1,0.37132384607171237,0.2758922767786138
a17,1,0.6241868646260118,0.6006483363043942
a17,1,0.8139063369880521,0.4202229008462358
a17,1,0.5867209006005437,0.701140075459661
a17,1,0.5634484935898884,0.5889884688462562
a17,1,0.4219435834259422,0.5489970425391302
a17,1,0.7887668997802528,0.4125208747795263
a17,1,0.5167704032238291,0.4501487821377458
a17,1,0.5263454002917761,0.5716517395524147
a17,1,0.18484680457838557,0.13672319497505436
a17,0,0.24410546680882791,0.18324920217524523
a17,0,0.27332253609015983,0.07433386396662679
a17,0,0.2861586390430622,0.29215647425812397
a17,0,0.3598567114335246,0.14208119988518023
a17,0,0.21667284094312544,0.07227493182643147
a17,0,0.9265315901983745,0.3946912701026355
a17,0,0.29728613018630656,0.06600979793709119
a17,0,0.2127155536363572,0.14436308604393988
a17,0,0.7223398583897677,0.773031157027762
a17,0,0.38938362679574334,0.4667599621915502
a17,0,0.3181246323552713,0.138514933185156
a17,0,0.3095112983653441,0.07348432253038314
a17,0,0.436776611127001,0.13539796408175375
a17,0,0.26865074266455136,0.20558523151769756
a17,0,0.6412454819738209,0.33136040919185095
a17,0,0.30876242444331753,0.41111631483308775
a17,0,0.2802453635344918,0.1149025878255163
a17,1,0.2943555954549263,0.4853257548697605
a17,0,0.7717128831865016,0.27742033878228145
a17,0,0.44100667136128874,0.3837311023867718
a17,0,0.4296263594045963,0.5160062898730506
a17,0,0.6422094064697319,0.48388924101545794
a17,0,0.2191141098176036,0.5116202807160743
a17,0,0.3378141964308083,0.292800771284595
a17,0,0.19819203631296867,0.22791003895068
a17,0,0.4115607655619811,0.3125755784564129
a17,0,0.2527643228435768,0.09516491657301422
a17,0,0.32052325141308813,0.5651387314675853
a17,0,0.18683987106870942,0.009101052021844481
a17,0,0.2206325111922555,0.014398532920317278
a17,0,0.24907991707670163,0.3664092409046482
a17,0,0.5762383441615593,0.5792320379986036
a17,0,0.33900847271118556,0.7108255636798966
a17,0,0.19742814098061945,0.07934695011010418
a17,0,0.33302462844206737,0.11904119039567661
a17,0,0.41791692540739817,0.23773814779056562
a17,0,0.3869591889515062,0.32598660606988683
a17,0,0.2388920400094273,0.017850613829401885
a17,0,0.3343956787850747,0.3309517191827792
a17,0,0.2150158505460203,0.017464172274232966
a17,0,0.20586950986789992,0.03539634569658203
a17,0,0.23255516150271574,0.023516158547121288
a17,0,0.22361454833896252,0.01369758290187006
a17,0,0.18788450608777638,0.09780443535455419
a17,0,0.2131107076065192,0.017687281952581502
a17,0,0.24453162916774765,0.03521925554364013
a17,0,0.39166409466490976,0.3055878163121167
a17,0,0.19830748867985418,0.7575772401425002
a17,0,0.2156592882718675,0.018810991096890176
a17,0,0.23666614128460464,0.030814850392420153
a17,0,0.1897396664359166,0.13082207778490054
a17,0,0.1795647663858779,0.07973732891360956
a17,0,0.21607824016528107,0.01737615871011297
a17,0,0.2349715223331998,0.02303907944288049
a17,0,0.18578474864462086,0.038690601608100506
a17,0,0.21532470861093583,0.01814752351632743
a17,0,0.2676579913992066,0.09790112702329895
a17,0,0.1949601085207835,0.01957102062833016
a17,0,0.17395162146666107,0.032352832482715574
a17,0,0.19655196350166568,0.018336464968949556
a17,0,0.1721498465544254,0.03994283561740899
a17,0,0.21139125324650687,0.03615987671363169
a17,0,0.19668301388911458,0.01918019987273688
a17,0,0.21446595269491242,0.025402223043543646
a17,0,0.2014756259583762,0.015764280601190294
a17,0,0.23311393270052466,0.030414788251409534
a17,1,0.19415825788467514,0.02361081455779861
a17,1,0.8379698142641889,0.27240417287501717
a17,1,0.5303146103506176,0.41623613330101633
a17,1,0.7196046976999813,0.38319151479344044
a17,1,0.2888663672004997,0.7038574638856131
a17,1,0.6044785282883965,0.09765079743090037
a17,1,0.5516336181590309,0.7308824871708455
a17,1,0.40373828439301135,0.41535491540933417
a17,0,0.5115324566917775,0.6893100930367554
a17,0,0.676037702310891,0.3802681862224872
a17,0,0.4994524580733085,0.6714390013903911
a17,0,0.22040166807289518,0.3821610988233157
a17,0,0.13332518400664645,0.2644260734733351
a17,0,0.17846910830435395,0.4757846318404773
a17,0,0.17108564535945356,0.37239364261462204
a17,0,0.3367901028281613,0.4999300004281279
a17,1,0.580259212354932,0.6173814969255976
a17,1,0.5994853424580178,0.37122887852854647
a17,1,0.27439876730605656,0.08089262987541317
a17,0,0.8884619738943949,0.08059110875701939
a17,0,0.3238664437497675,0.10504734263551821
a17,0,0.3553702549282846,0.3585759733823035
a17,0,0.2757466957409459,0.3384156577515262
a17,0,0.231427393964289,0.11267322864760616
a17,0,0.4065976256692083,0.44720762214415527
a17,0,0.3475924278798552,0.26820142030530153
a17,0,0.307427583385748,0.5609953103372163
a17,0,0.4134417416233425,0.5248284872805735
a17,1,0.3760364569544006,0.6656523986285484
a17,1,0.6023908140526149,0.15383791420263887
a17,1,0.30674997035038587,0.833270821345292
a17,1,0.19201483303524589,0.3955975412074151
a17,1,0.4490880578251097,0.1909982584800077
a17,1,0.4501361982372875,0.6710677639148724
a17,1,0.4318995189398988,0.43291910736218553
a17,1,0.18786101536563768,0.2323690567448655
a17,0,0.20980234814733476,0.36832535040082776
a17,0,0.19333870341704332,0.27984810339923316
a17,0,0.18337661848437795,0.10517608742019371
a17,0,0.19773452537577652,0.02436385680716721
a17,0,0.22017055728380747,0.06699750590522359
a17,0,0.1531098986840378,0.04819626425345994
a17,0,0.1735719204637222,0.1292373143599098
a17,0,0.2535674854870416,0.5314374800499642
a17,0,0.4163366067049852,0.4261249887942586
a17,0,0.5948735715455968,0.45999538057680933
a17,0,0.2591477697583442,0.055066677453275335
a17,0,0.38847676521742786,0.24679953172785443
a17,0,0.19945057812780528,0.2850454805756872
a17,0,0.23946366697031843,0.18082441409974226
a17,0,0.24039413067495488,0.23570436285518379
a17,0,0.2803645198390859,0.5508642991496535
a17,0,0.19388659248692547,0.1889326384414303
a17,0,0.6607975132029419,0.36584335505482535
a17,0,0.253799413264154,0.7346334657972281
a17,0,0.2061486843991197,0.20649238419066876
a17,0,0.42478564806969016,0.2270876741876337
a17,0,0.8349162957176037,0.36841025749801753
a17,0,0.6868121419487164,0.6918756040214056
a17,0,0.2764310567132238,0.18052091258656586
a17,0,0.2746105194899519,0.13621468436371667
a17,0,0.3332139428952373,0.3708744670112059
a17,0,0.3818704465232618,0.6938589205650519
a17,0,0.28600708657547846,0.36305518562922645
a17,0,0.24635417915070257,0.06269418466301836
a17,0,0.2605430727154059,0.03667418978045805
a17,0,0.2996632455460896,0.3342189144313409
a17,0,0.34169971385787473,0.3914058272298483
a17,0,0.23220167025196353,0.022274258365895524
a17,0,0.3625895390754924,0.4960692523230574
a17,0,0.206443210889908,0.1127930072667104
a17,0,0.2381850113634825,0.402181928493589
a17,0,0.27626850419198157,0.1875882228412372
a17,0,0.2363272634745616,0.05746398751369224
a17,0,0.2418785913281864,0.03557399486818594
a17,0,0.20679281564845967,0.08458257353056763
a17,0,0.22776372395833197,0.15884001214734633
a17,0,0.2554266992795554,0.4378877565687252
a17,0,0.2102505569673668,0.010204067398580324
a17,0,0.2729715353046918,0.4903284577979449
a17,0,0.45666187413731474,0.516515460567156
a17,0,0.304365705240291,0.5537117072604314
a17,0,0.24251913262429614,0.07043115876457119
a17,0,0.20996587282459647,0.07816746029700342
a17,0,0.26742644790605025,0.05122343881732369
a17,0,0.2416756983588808,0.04704909406497356
a17,0,0.2448818157170872,0.030205560866196052
a17,0,0.24341058721863904,0.07980471626291101
a17,0,0.23584807366126218,0.04155450338272533
a17,0,0.2517033022988986,0.020173398583417636
a17,0,0.23044319704115615,0.04311332357046662
a17,0,0.8321338653629632,0.08192786242512107
a17,0,0.1698142579182359,0.21217161456204967
a17,0,0.1455894086438792,0.16991765049005306
a17,0,0.2751292028915636,0.12511525845929986
a17,0,0.4768035189047102,0.4654121747310227
a17,0,0.4782973507419699,0.14761518749392336
a17,1,0.22133711766279646,0.4159602261561326
a17,0,0.4752367864091202,0.292433684574331
a17,0,0.29037203335809,0.14367489184405619
a17,0,0.18669097125585135,0.5643636343175211
a17,0,0.21753852708663807,0.03538427910822956
a17,0,0.22879692787120287,0.12847155530616527
a17,0,0.2122262115945363,0.057904301294468274
a17,0,0.19748986448427538,0.028554059517671305
a17,0,0.21176335065556168,0.03321865755339749
a17,0,0.2343928429374071,0.35693991987551144
a17,0,0.17666644409250354,0.1619984311699194
a17,0,0.16213689900384498,0.30713368559500376
a17,0,0.26956857612905494,0.17402333629848807
a17,0,0.33412901751018714,0.37314199362643474
a17,0,0.1835875966385413,0.19805111738969303
a17,0,0.23286129679326553,0.19323092329933658
a17,0,0.32869637174689625,0.3649079436485421
a17,0,0.21139275810470032,0.025867344850737495
a17,0,0.30659871644992975,0.1464029622420231
a17,0,0.2582818265310382,0.2759333112631929
a17,0,0.8014693087097263,0.5864542092965827
a17,0,0.2597893456927587,0.21821517174217334
a18,0,0.155780495806794,0.014682195651591401
a18,0,0.21961902372936426,0.2056504805538367
a18,0,0.2628059207106714,0.1597196136542303
a18,0,0.6807893548230677,0.9196816505781065
a18,0,0.34600725751665734,0.8306078865383699
a18,0,0.17949024218347834,0.1661431407978966
a18,0,0.2040976932374185,0.12450512419896288
a18,0,0.2813049677883562,0.025898166466466425
a18,0,0.23032434312194158,0.06437806399787238
a18,0,0.16295466592005486,0.014815913446275966
a18,0,0.20103119996596627,0.02258868767838715
a18,0,0.15751952273784844,0.19640791703887586
a18,0,0.18187518420305615,0.11103303692943879
a18,0,0.4901716722872758,0.7269028019808188
a18,0,0.2163758015225773,0.15403266424648035
a18,0,0.29259713436556267,0.5291030259581283
a18,0,0.3190144869319243,0.351468348214224
a18,0,0.26832782471470756,0.14186111023023829
a18,0,0.29487303998625874,0.6632511571668629
a18,0,0.3656982974616592,0.44347898280846276
a18,0,0.23871883213692868,0.048768324837970896
a18,0,0.16357566317204125,0.010655464988518267
a18,0,0.1920661973178156,0.09205025533083183
a18,0,0.2308511217956681,0.7466336357006226
a18,0,0.23013922159153657,0.2783265075070571
a18,0,0.45888900846676345,0.8420439096027941
a18,0,0.28807216975759015,0.7482382264137264
a18,0,0.21057150231332636,0.35064303193425206
a18,0,0.23040586410831293,0.10176708060294527
a18,0,0.20990078516446178,0.13116038672494965
a18,0,0.22196138823261752,0.13704453681691964
a18,0,0.19326881454574543,0.02979154628849869
a18,0,0.23087854902642627,0.2511280618851165
a18,1,0.19797056782082967,0.12027637619732531
a18,1,0.27686894655299926,0.294289912149394
a18,1,0.2750741561895175,0.2726907009586468
a18,1,0.23531085036408586,0.16834080661054746
a18,1,0.21637928790951566,0.048748686809814715
a18,1,0.20214176495502925,0.1367358120405307
a18,1,0.25409545297081104,0.10343813844077734
a18,1,0.19173734212158158,0.11029240824909924
a18,1,0.21872865328097232,0.09396798083569993
a18,1,0.6455157592001745,0.4727821046918315
a18,1,0.2612857627597288,0.6461653605759484
a18,1,0.39391194655982054,0.3981867109762327
a18,1,0.22224379775881806,0.44956817939272226
a18,1,0.267394321951337,0.18075874534666564
a18,1,0.213761001772469,0.22123711525803547
a18,1,0.20642829527282472,0.5206813694933341
a18,1,0.2573982799133639,0.27612674668926324
a18,1,0.22681703612717896,0.04984132082040854
a18,1,0.24925743759321733,0.24382989750021292
a18,1,0.20655482402386627,0.22585448817649448
a18,1,0.2647713458019753,0.1131122496053421
a18,1,0.2687232367789823,0.37167460451417744
a18,1,0.24566487699162914,0.5450226580096929
a18,1,0.19660186416693307,0.3968774129637635
a18,1,0.18484060447474093,0.11239285382737982
a18,1,0.2636421379539504,0.2513954025837138
a18,1,0.2753874936894142,0.4160453985135551
a18,1,0.22885324355563122,0.1395895858284093
a18,1,0.24496290117349967,0.6740791069982363
a18,1,0.20530940222042895,0.19247560253053778
a18,1,0.2574372146456291,0.271191772838805
a18,1,0.17697646097454736,0.20031754963726503
a18,1,0.2159960022979146,0.4413872667690244
a18,1,0.15997334994939033,0.30716302073868423
a18,1,0.19380667056118672,0.050934369174822906
a18,1,0.1959423777705313,0.3463570877676626
a18,1,0.2381423703723294,0.2800859270024278
a18,1,0.22336939107166892,0.04206480962247444
a18,1,0.22441445054235956,0.05967566440477569
a18,1,0.21508811518850493,0.058124660177091066
a18,1,0.19447387731630664,0.04651035570763387
a18,1,0.2375400898190941,0.2158098572213597
a18,1,0.2996425465835632,0.5236531287072121
a18,1,0.2891982056592754,0.2841268174743672
a18,1,0.1940658013338014,0.24248399365124804
a18,1,0.21506166657260317,0.05225620394201165
a18,1,0.2560342623659727,0.3570445106841784
a18,1,0.4568526854669439,0.7005911686747169
a18,1,0.23641354230809863,0.16955720386709472
a18,1,0.20913482106409798,0.16394202297930438
a18,1,0.2816951903041492,0.41025183419595035
a18,1,0.21657111188653028,0.26051227719142767
a18,1,0.21894527060219754,0.4205579955208736
a18,1,0.20427244400776387,0.2585709005443976
a18,1,0.29687341343469703,0.41779544283428005
a18,1,0.2459746361074445,0.12435198731706429
a18,1,0.22407745588883402,0.5222998392237992
a18,1,0.2551622919367755,0.2348529292661696
a18,1,0.22221217921748035,0.03365921738024511
a18,1,0.24499163289515422,0.584247341360047
a18,1,0.19611778254730639,0.030240908809547225
a18,1,0.19044297161898815,0.24866213178598665
a18,1,0.18751029614734968,0.10378216513455
a18,1,0.20420940260769627,0.02449086203206813
a18,1,0.20506577614883123,0.15719522078632173
a18,1,0.24341986830062443,0.11972204611236167
a18,1,0.2158199035177085,0.38457454812795455
a18,1,0.24705494345290702,0.3613430334852805
a18,1,0.27311035577937604,0.2396951970884551
a18,1,0.16524268085590987,0.061478702118935656
a18,1,0.17601305717489324,0.17661462729116473
a18,1,0.14847298028586048,0.1583756258363327
a18,1,0.20191847465838195,0.2128319875539631
a18,1,0.19744260978701147,0.1112164370209074
a18,1,0.25750126836467807,0.4194063003161826
a18,1,0.21515122368940306,0.10456222331355286
a18,1,0.17594221523069647,0.03999962603721049
a18,1,0.29714882969020084,0.526787981421418
a18,1,0.2800051267600908,0.2696869516658424
a18,1,0.22880245613235536,0.14677365645371415
a18,1,0.32141286162972077,0.21828216276339352
a18,1,0.2207966202568484,0.6730861118099034
a18,1,0.28029833897358536,0.3540685773789382
a18,1,0.18905634037002236,0.3032703370049761
a18,1,0.28622795421254604,0.38325273787932673
a18,1,0.2422723792583905,0.2937820297813409
a18,1,0.18454091415437632,0.07463555346678823
a18,1,0.28513147569051306,0.32528297271623713
a18,1,0.43561055143978844,0.7791871056898353
a18,1,0.20886580850189448,0.06676215131840905
a18,1,0.1806280573896527,0.13220513868926734
a18,1,0.2780110233095457,0.3000842756042911
a18,1,0.19887125043176393,0.048891831710253554
a18,1,0.19846990482234284,0.14511140630991926
a18,1,0.2016408575546837,0.4910514868191656
a18,1,0.3705226141500177,0.812906078798759
a18,1,0.32927217085906724,0.3989213941989799
a18,1,0.2037694215121835,0.28783513777707437
a18,1,0.19756890785339237,0.5264915824390246
a18,1,0.2195163076370218,0.32906487599119716
a18,1,0.30459016369780717,0.3142884970111846
a18,1,0.18479734494417405,0.053402258847170835
a18,1,0.21973676346663246,0.34450982668579944
a18,1,0.23588445683648182,0.4071685254474287
a18,1,0.19239661653776832,0.17627151789706683
a18,1,0.23960616555988803,0.5508002028378891
a18,1,0.28412941796934527,0.6737671130016017
a18,1,0.16430987569962713,0.5037716781029323
a18,1,0.27347096503856777,0.5068604756218471
a18,1,0.1950567991067046,0.4123193422463884
a18,1,0.1895834737542596,0.14796999677222827
a18,1,0.3279787009996305,0.6791262219029339
a18,1,0.21184038641653566,0.06774494745959443
a18,1,0.20591983916964193,0.6653306353208626
a18,1,0.2069844624993958,0.157061605793033
a18,1,0.21059146334428544,0.3655802618098711
a18,1,0.29805271595879024,0.5200545343297188
a18,1,0.22736946034618213,0.07032795382498297
a18,1,0.23268259761292825,0.6242224975046434
a18,1,0.20853821759668958,0.1060401949753316
a18,1,0.22949944711429673,0.5188709670631552
a18,1,0.24352612661794806,0.18131565951228568
a18,1,0.17012775569739577,0.16205069361525284
a18,1,0.2592934966046564,0.3690373351476536
a18,1,0.2799593320727598,0.23419551173995828
a18,1,0.23395205292196608,0.09853715843006157
a18,1,0.28805142912139886,0.6649148175981484
a18,1,0.23920112384558387,0.4244323587725063
a18,1,0.21098713116833448,0.1851903218854051
a18,1,0.2928441236263978,0.3103486679191547
a18,1,0.22750598339888156,0.405980082278847
a18,1,0.17708550056439484,0.28925456777885084
a18,1,0.4629882420895877,0.559874319449715
a18,1,0.4588068449703783,0.7452886136941396
a18,1,0.18715473259181403,0.17969057324235535
a18,1,0.19448198897751318,0.04919882831907715
a18,1,0.3760541791634844,0.2685889527464853
a18,0,0.7735558364887026,0.6918012098095507
a18,0,0.4498383720193799,0.7401125495474608
a18,0,0.27821298870284833,0.30790037009733684
a18,0,0.46108754786555445,0.6960382732839432
a18,0,0.27080133693262043,0.5496280304796329
a18,0,0.21479841766404062,0.13304957551831212
a18,0,0.23179889501461468,0.05968487264479231
a18,0,0.1571519001400699,0.010533501609381513
a18,0,0.22548180498016493,0.37319386599996746
a18,0,0.2121028438158651,0.3373061469853164
a18,1,0.2730087029846875,0.24312627836195033
a18,1,0.35093656249742505,0.1678974082150901
a18,1,0.19609285333974058,0.050594146113090085
a18,1,0.26786474555624945,0.6544493896010104
a18,1,0.16601791151079953,0.07333372879457588
a18,1,0.20945507127166688,0.3868985587772781
a18,1,0.5526712855229263,0.657479814094814
a18,0,0.5040840924750475,0.6608702022030754
a18,0,0.20018608357769802,0.0439190779564527
a18,0,0.2549340886061059,0.2326447001648134
a18,1,0.2319636132946501,0.049501055920689783
a18,1,0.22581303223232918,0.09731510001214723
a18,1,0.21075968796954866,0.02258280211618273
a18,1,0.2183092915511143,0.3559321931942438
a18,1,0.4206411808697576,0.47863291064734104
a18,0,0.1961906880727429,0.0740476298093956
a18,1,0.22035040254703697,0.31867509735938226
a18,1,0.4830310093342979,0.7659921308278189
a18,1,0.17838151520424622,0.1587463907037003
a18,1,0.2917291129948213,0.4653067474903731
a18,1,0.225950985141194,0.444866854487979
a18,1,0.21310139250191681,0.03944509529307394
a18,1,0.25459083430903456,0.10221259841443375
a18,1,0.16672105911953405,0.07647162100777209
a18,1,0.19853355159352143,0.044978915511470235
a18,1,0.22228926697289408,0.07549011294741702
a18,1,0.16369548884408944,0.009201003515907889
a18,1,0.19948513716599328,0.05085699134837681
a18,1,0.20917074777877517,0.046831241565735246
a18,1,0.23289012726015781,0.06778500928063538
a18,1,0.19592794766346017,0.02209129649115659
a18,1,0.1963033656591877,0.03243278040771909
a18,1,0.21166870061988335,0.13495353681840216
a18,1,0.2080994921898512,0.23805698238353415
a18,1,0.1927512414271168,0.04225883736090801
a18,1,0.18352839016044403,0.4023456484959254
a18,1,0.2552176614568055,0.4256137448641578
a18,1,0.17390871823652312,0.04525270720182095
a18,1,0.23599865248162993,0.07969475278439463
a18,1,0.24085568579236133,0.15079907214132668
a18,1,0.24797187073981997,0.14758549581572886
a18,1,0.4276666641370034,0.3699549647176995
a18,1,0.23621428048316442,0.1835875798664548
a18,1,0.34509423056667043,0.5459561279219443
a18,1,0.2622954086372528,0.12803618740895178
a18,1,0.22855978444480538,0.045997702482408406
a18,0,0.18241059547811356,0.10949793632550844
a18,0,0.21397823374913524,0.07206151867981417
a18,1,0.3265529572317716,0.7776218993929884
a18,1,0.2211626838867074,0.05804963903561431
a18,0,0.18584560102362896,0.11021630046891558
a18,0,0.41136783992576215,0.4987979553612232
a18,1,0.1982977880625238,0.06396738639267678
a18,1,0.23796921077232702,0.039021745995598156
a18,1,0.19678585818404082,0.07098138403419631
a18,1,0.20670371328712817,0.2506595854458829
a18,1,0.21806075457809113,0.2335726853591864
a18,1,0.17251857102105828,0.11120493759598392
a18,1,0.17205784984813402,0.11432947101607066
a18,1,0.19378462238142746,0.24853749115046173
a18,1,0.19680039215660614,0.10372782949890258
a18,1,0.224383739351636,0.042333497851513004
a18,1,0.1817158183094988,0.008391721204881936
a18,1,0.23521191109243453,0.044579764887728635
a18,1,0.24143346053674034,0.5374641471366847
a18,1,0.22584406226568754,0.0693121179656811
a18,1,0.4490681198609106,0.7666695237252232
a18,1,0.1969619077576803,0.01078273562401935
a18,1,0.2937049224900985,0.19984911966128768
a18,1,0.815645231363032,0.631917403115692
a18,1,0.19218531527242255,0.2579505165629767
a18,1,0.14462116639837608,0.055137260242997956
a18,1,0.17339596794421946,0.09928326741341605
a18,1,0.19965797693799112,0.031590347395614275
a18,1,0.23468249468442393,0.11417387047750815
a18,1,0.23614715724506255,0.07331866293645688
a18,1,0.17279857550908512,0.15234726054258071
a18,1,0.21941226281521953,0.17885864900627185
a18,1,0.27207458334984774,0.1517892133954511
a18,1,0.2474723426648488,0.33904595326327164
a18,1,0.2466548389862925,0.12177048959713904
a18,1,0.2902121096597986,0.40461830673479526
a18,1,0.23134616339165112,0.2249286941737738
a18,1,0.17958321835633387,0.14099160926117532
a18,1,0.5885717038212468,0.808967603740703
a18,1,0.34231529200534483,0.24903089059507366
a18,1,0.8663154964225906,0.6422767073098765
a18,1,0.6234655146332344,0.8483532249153332
a18,1,0.40185559506061064,0.3650192684269844
a18,1,0.3617773384217349,0.5692094159972104
a18,1,0.5776735328918563,0.8517143874370885
a18,1,0.38352209250024355,0.6891227432622641
a18,1,0.19674257950149981,0.5431425449114445
a18,1,0.3101668318501959,0.20247346785631523
a18,1,0.21537912535168688,0.005763150472501838
a18,1,0.5504840254497141,0.7687936120347697
a18,1,0.262339580467961,0.39096268632613745
a18,1,0.5025986873370512,0.7261179353652244
a18,1,0.19949358721157037,0.21735580529698023
a18,1,0.25017621325677913,0.22249315601088646
a18,1,0.21372630450696087,0.4370169838361836
a18,1,0.2141815588994757,0.06406485387830485
a18,1,0.29929999458207657,0.13360924043315284
a18,1,0.292394903203258,0.3754264578106147
a18,1,0.22797374470076645,0.18897847994955913
a18,1,0.2554117035948411,0.5379375053873293
a18,1,0.2308466670423363,0.16859819234272574
a18,1,0.356633051556096,0.6200346274165516
a18,1,0.7915872062168644,0.6800069995290766
a18,1,0.18674184490975732,0.08120912071365177
a18,1,0.20862647574758783,0.1982834854210174
a18,1,0.18853534613660441,0.17072680617353606
a18,1,0.25024785290219875,0.3496260763319298
a18,1,0.1920723060051875,0.20433538189432168
a18,1,0.18976777176211626,0.3777151750305188
a18,1,0.2584499460706152,0.33123533661992194
a18,1,0.22831260260170094,0.28812224221995014
a18,1,0.24084361978111743,0.526823169049526
a18,1,0.21296515998555518,0.1555762892172324
a18,1,0.4814382635675222,0.8059927750740442
a18,1,0.16987749480834455,0.13941603603511868
a18,1,0.26476333617509024,0.04260735567752771
a18,1,0.3765782991704605,0.44538811289276176
a18,1,0.24481091105892794,0.20703084059388213
a18,1,0.23246240504890497,0.7466047931928235
a18,1,0.23835934963678485,0.15912873805897162
a18,1,0.22679737303922018,0.08882530640130117
a18,1,0.33028823778448335,0.16698246243797707
a18,1,0.28254048075050625,0.0347806409103668
a18,1,0.6202172963242178,0.8853996158359677
a18,1,0.23794661590064523,0.04390736448281982
a18,1,0.26857377353584555,0.6408689892770375
a18,1,0.2164457860873227,0.05961674968239676
a18,1,0.3469522891308296,0.6064094624384467
a18,1,0.22013154598413032,0.15421554296055204
a18,1,0.20262238110443118,0.10528489609975215
a18,1,0.22732707106378996,0.1220968980968795
a18,1,0.21649216500609914,0.20666619613437678
a18,1,0.3503026787687975,0.1795376608157221
a18,1,0.21565416970137377,0.018874406645010118
a18,1,0.3181122868698468,0.3488403082378497
a18,1,0.23966762183338636,0.2198169483585571
a18,1,0.3077300032625091,0.40246723662620804
a18,1,0.2224276658418429,0.05105960797874402
a18,1,0.28141970253511206,0.5685444769378406
a18,1,0.29206602022664635,0.2799595118967525
a18,1,0.2670308458010708,0.11264351590944681
a18,1,0.6986062333109243,0.926800830359324
a18,1,0.28260603777592247,0.35306559089164974
a18,1,0.260938168084611,0.06157227673485431
a18,1,0.30893786388836364,0.7234259025965722
a18,1,0.29670739575383104,0.2890465132117809
a18,1,0.2598085433598506,0.7589143855147988
a18,1,0.22974576729522742,0.16058548482194504
a18,1,0.23691859404227722,0.18237992591555213
a18,1,0.2740250128226309,0.3818009645599667
a18,1,0.2522754279020797,0.1463606501599671
a18,1,0.23415156475939014,0.025556446220387993
a18,1,0.25423430843083394,0.37586939551046245
a18,1,0.37418113284823606,0.7787617746404895
a18,1,0.2152686640460891,0.4781900519892594
a18,1,0.29236264415243435,0.1342814950155914
a18,1,0.4739287301783844,0.8249997138485935
a18,1,0.3515701120756021,0.15932248245528935
a18,1,0.41480434494958174,0.5910815472084064
a18,1,0.19531469895210338,0.0918521472057908
a18,1,0.4901824881525541,0.6606280807308004
a18,1,0.17715483442853658,0.12661444822796025
a18,1,0.25428466274701095,0.16447322931637287
a18,1,0.21709943958569508,0.07457838325741088
a18,1,0.25082187386596355,0.29944766047488375
a18,1,0.24764600971511067,0.302558133277769
a18,1,0.2327426151419371,0.24228560239754063
a18,1,0.24860460413508514,0.18276726465591622
a18,1,0.3078384792292338,0.33021287216226847
a18,1,0.2659196248347221,0.6868994863629037
a18,1,0.49125570701988935,0.8986678998148604
a18,1,0.22258941285430714,0.8039207677554384
a18,1,0.27855968566977096,0.6004877510793852
a18,1,0.2084886413237893,0.4313739050748524
a18,1,0.27475989025950603,0.3771853243270266
a18,1,0.22213086633918083,0.12021648405821692
a18,1,0.478940511849505,0.7542904248041907
a18,1,0.2980312659533275,0.24632686339826795
a18,1,0.42769507593331735,0.7235055108497321
a18,1,0.24969749801622212,0.20453257884686807
a18,1,0.37915412454274033,0.20602776744076706
a18,1,0.39934594957268826,0.3611215358752726
a18,1,0.7202279431895239,0.8323368125834836
a18,1,0.6697148198940086,0.942468393147156
a18,1,0.39679336689082945,0.5567998115317994
a18,1,0.7196576252701444,0.9697393673212331
a18,1,0.5866312353764519,0.9007010215781847
a18,1,0.8344423794948637,0.8137848419425797
a18,1,0.5628313945947195,0.8127299415935428
a18,1,0.7516215658359819,0.9482847455182427
a18,1,0.4518650868192461,0.8245166789411514
a18,1,0.5605797287959318,0.7367569063797142
a18,1,0.8057759264144283,0.9632366492086621
a18,1,0.1934158019250428,0.1101209106164641
a18,1,0.4169207996129117,0.5335316964323551
a18,1,0.7824243781296223,0.9295403191206658
a18,1,0.4379810999405886,0.4833195189252195
a18,1,0.4939512491044689,0.5877139610946684
a18,1,0.23974466363753263,0.45591916900392354
a18,1,0.322988349852745,0.50365081348593
a18,1,0.2759495360752162,0.12270870510698273
a18,1,0.2490505607572957,0.6693650191962263
a18,1,0.6691191081470956,0.9087201870360665
a18,1,0.8098890948607718,0.8331521409580983
a18,1,0.18267819486537135,0.04812920115859271
a18,1,0.18786516599486602,0.12477556902211444
a18,1,0.21160714440619766,0.08999533954522515
a18,1,0.28702009084247937,0.1048715554629227
a18,1,0.4466312049675299,0.44593213572338064
a18,1,0.6674342857024673,0.9814520047930856
a18,1,0.33102044811857095,0.5729015327859075
a18,1,0.1588298591016619,0.08974373457822425
a18,1,0.2017385513195732,0.09487140802236502
a18,1,0.18087388139997979,0.6342655715375308
a18,1,0.25609016867294,0.6084245586383292
a18,1,0.2630917615561595,0.41147311421452337
a18,1,0.27565281756017085,0.2965868826267766
a18,1,0.31035419978470563,0.2444679210947445
a18,1,0.2818390332947115,0.45455058375286067
a18,1,0.2056649596469536,0.08013761438801548
a18,1,0.24723355734327976,0.16612882843664317
a18,1,0.26424147151340577,0.33501456703993077
a18,1,0.21427362128968694,0.07566708830850216
a18,1,0.2267588348060038,0.3773312920721531
a18,1,0.2067829346786423,0.18082930290639498
a18,1,0.21026901420026706,0.023303376632068124
a18,1,0.20623260718493144,0.051430145670710505
a18,1,0.2597152664286469,0.6683196142722154
a18,1,0.27645151243501864,0.5073806057447995
a18,1,0.24264307823937253,0.42464380555081915
a18,1,0.17510319676072064,0.11856451106536335
a18,1,0.20775170018311248,0.20848025423744557
a18,1,0.5508963217114378,0.3384195598586575
a18,1,0.887844069887353,0.3877897327423663
a18,1,0.21932989173290673,0.41783783970563726
a18,1,0.2562874961861925,0.43262983318475207
a18,1,0.23757562940409518,0.22409250924357693
a18,1,0.4680212986912291,0.7703483509747411
a18,1,0.2673146592090977,0.4425201208471385
a18,1,0.2228433385251092,0.4785213246699202
a18,1,0.23414798543004356,0.23257509578520758
a18,1,0.19715415869422132,0.24412428385976118
a18,1,0.20691463204846458,0.11327835526078495
a18,1,0.21289864583809628,0.21690078549240885
a18,1,0.2648675839044409,0.5138806582172025
a18,1,0.23102032287828028,0.09435679652928405
a18,1,0.2179112641905562,0.24236690880175543
a18,1,0.24970260466461694,0.07579949533739833
a18,1,0.2634024214561104,0.25465721012320036
a18,1,0.18931377689305953,0.2535112727451884
a18,1,0.2603367736733418,0.2046780262345386
a18,1,0.5538397053657933,0.8758478273012299
a18,1,0.46995075884312676,0.6552305108495108
a18,1,0.4758738557722877,0.8025644654352754
a18,1,0.3011412894899642,0.5158640583672006
a18,1,0.25133382744872507,0.49524786247729935
a18,1,0.19857902579241477,0.049975865507097324
a18,1,0.3043845744412538,0.5777140737856395
a18,1,0.2334009753109794,0.5288014549971116
a18,1,0.2602846123887005,0.7571590618157262
a18,1,0.7748574426388504,0.45172990439885874
a18,1,0.2497446804260447,0.4179157092263796
a18,1,0.26251767062039166,0.7051193485237279
a18,1,0.18085150172864406,0.3288596509195123
a18,1,0.6880564555729647,0.7731229782578745
a18,1,0.3371711730510372,0.6268932791309214
a18,1,0.2175331220714998,0.2997331666571031
a18,1,0.2808872560962637,0.2773910818158802
a18,1,0.2385374651482979,0.21202710233920644
a18,1,0.2504038185630155,0.23573081036973983
a18,1,0.2509168314105089,0.2239923413558324
a18,1,0.25115991113915587,0.35501559119017173
a18,1,0.2340267355261377,0.3569363832006405
a18,1,0.3064161883113026,0.33381682999703566
a18,1,0.2747312921579888,0.655307722842596
a18,1,0.2357567422491743,0.41354547729618407
a18,1,0.2616187561779504,0.3304564079224627
a18,1,0.26091016297649894,0.19378393470433186
a18,1,0.37079542439558005,0.23268907647514106
a18,1,0.20855265214757318,0.03230933521403553
a18,1,0.23442973434680447,0.0811229760751795
a18,1,0.26196455198592977,0.34209653753061786
a18,1,0.2521755116912686,0.5074508525400879
a18,1,0.3535578234218696,0.4800108994518144
a18,1,0.27684739564978367,0.10893746107850989
a18,1,0.2301929971443933,0.18429353944139606
a18,1,0.28989659060248635,0.3858339708082049
a18,1,0.2563035033904891,0.5269774396331823
a18,1,0.21501347666256512,0.3640135045897934
a18,1,0.24341956416767563,0.6054824475713272
a18,1,0.2346048391665817,0.7717730038464367
a18,1,0.2832739777729093,0.1331695176887822
a18,1,0.2970495181764395,0.2388054626048994
a18,1,0.30317114518027394,0.21983889360841097
a18,1,0.2714805661664964,0.16693942312359675
a18,1,0.2720728866615582,0.4414965972433389
a18,1,0.30437607303822195,0.43038380245196833
a18,1,0.25369365595360255,0.2452222339066755
a18,1,0.2957283989229906,0.2733205701448674
a18,1,0.3526046134309985,0.2332210909040831
a18,1,0.30554873893107326,0.5698763993383746
a18,1,0.3965150966832447,0.8476379337708042
a18,1,0.49006431986208815,0.6165921665923929
a19,0,0.23826320438681958,0.058002550377906976
a19,1,0.22930242548889937,0.2349310773815458
a19,1,0.3637875241013602,0.2372627349719856
a19,1,0.26086952006336184,0.450538306242881
a19,1,0.26501955020202417,0.4584313294040876
a19,1,0.3983854649688315,0.48748723799246924
a19,1,0.2464495760771615,0.11982292561282798
a19,0,0.24495322012534942,0.09559652857371685
a19,0,0.2505738851842156,0.3308587364261985
a19,1,0.26043679221345006,0.12392445385402917
a19,1,0.3749162441576959,0.29693634592828005
a19,1,0.34533788845966396,0.5730347614967286
a19,1,0.26335676981863143,0.05959075069380772
a19,1,0.3310908897841207,0.593300451812463
a19,0,0.19992628560167613,0.02162821665421311
a19,0,0.20597454409551977,0.021837910435416
a19,0,0.30422512295151,0.1728572266935771
a19,0,0.25807525502371575,0.24644941576021323
a19,0,0.17383205244980346,0.02138497911464377
a19,0,0.32104805357610433,0.2782028031028012
a19,0,0.29990626055351416,0.31608366550768846
a19,0,0.24340644332469658,0.11648882954111263
a19,0,0.23596280511445938,0.11877423471151916
a19,0,0.2602080244787364,0.11541722454165079
a19,0,0.33626778466414975,0.2333701366117675
a19,0,0.20974069200852663,0.022689222852600336
a19,0,0.2894924968199009,0.11700767062624472
a19,1,0.3611383016563054,0.42647254270906704
a19,0,0.306830453991675,0.16276841046295942
a19,0,0.28288610447965323,0.08030857784933919
a19,0,0.19067195800939163,0.09404269140174819
a19,0,0.152237004836278,0.10153569214826322
a19,0,0.39893268877651367,0.5676213152716592
a19,0,0.27606133052867254,0.04882453790088921
a19,0,0.3026117481572237,0.0969471814657267
a19,0,0.1740855261019386,0.00546747902748705
a19,0,0.19396371942235208,0.004844387403253662
a19,0,0.18811811428227618,0.04628563133753182
a19,0,0.22424407742600552,0.017896059609875677
a19,0,0.1687440681665818,0.004268931817829013
a19,0,0.3027814398939604,0.13325194666385975
a19,0,0.20863220287163484,0.21749216419609213
a19,0,0.14685066772882652,0.037545002995166075
a19,0,0.17174839379587994,0.01734555349818125
a19,0,0.1719809566466864,0.005575480924397703
a19,0,0.18874420658552005,0.004949843410983602
a19,0,0.23650644004354252,0.07546565808306972
a19,0,0.16127599853610622,0.013482116448101754
a19,0,0.1910676302631261,0.05361957946284273
a19,0,0.1864977381893203,0.0048094003720171195
a19,0,0.20067250729885244,0.02286680369537836
a19,0,0.15077912765864945,0.035835442091956604
a19,0,0.1709261330423793,0.006306203477890138
a19,0,0.3061872868590225,0.04784556951937403
a19,0,0.5192874168710306,0.6293622736730715
a19,0,0.1748352535880373,0.030010780911766576
a19,0,0.16291633198998734,0.020500526007519077
a19,0,0.18516044026617984,0.022613958054456006
a19,0,0.1783734487211623,0.009661330225844424
a19,0,0.19165621332072602,0.008891231842479742
a19,0,0.17131327954157344,0.009299955369010087
a19,0,0.1796151685097625,0.006866111691321572
a19,0,0.16404625133143858,0.013891056805826953
a19,0,0.17739644493121404,0.005791120603769841
a19,0,0.18634904924999524,0.014901872953480326
a19,0,0.13707820336355878,0.03015071933228314
a19,0,0.17723848626752842,0.01051227698761576
a19,0,0.1772675112269842,0.0046929526940509055
a19,0,0.19935572037674432,0.023398772675068888
a19,0,0.17685009885031708,0.00848622574199938
a19,0,0.14731012050586575,0.03566227930348582
a19,0,0.20409770361823973,0.09703032505634368
a19,0,0.21941265193076573,0.03229451720027521
a19,0,0.21484577847386124,0.08198559739965511
a19,0,0.1964993747054944,0.03391503382778885
a19,0,0.16074775056994298,0.018127414622296945
a19,0,0.17765988253550255,0.07344641148182113
a19,0,0.20851217792557541,0.023526748736073157
a19,0,0.18539094411479634,0.009917627221541681
a19,0,0.15345226633447337,0.007354278714796896
a19,0,0.22946956130352011,0.03199417671962605
a19,0,0.20225947828123556,0.006172114312354581
a19,0,0.2134831826811992,0.34451084593869813
a19,0,0.23823688733696674,0.05530640857246484
a19,0,0.2619660286201066,0.13111303436770053
a19,0,0.1706416728164948,0.00936780527080164
a19,0,0.2238721025324938,0.18264040722613314
a19,1,0.3807884722687419,0.41737245235807946
a19,1,0.19694044737254554,0.0867143946792957
a19,1,0.20579459398271824,0.078934456095013
a19,1,0.3295690678518576,0.10165804494829582
a19,1,0.4383043535013733,0.4357272948808602
a19,1,0.46887286546747764,0.5036914818577214
a19,1,0.4465715609326588,0.6181533255298114
a19,1,0.4486101597019836,0.5557717577697772
a19,1,0.40294356300146505,0.49668147604770085
a19,1,0.5402946470459024,0.7727182371988033
a19,1,0.5650204923809791,0.5134571154935452
a19,1,0.32296742807528867,0.649594990858038
a19,0,0.23363911146693306,0.05363936358583608
a19,0,0.2181439524001142,0.011336124779756708
a19,0,0.2118391796001304,0.018324871900819044
a19,0,0.1910875805022622,0.013926518793619044
a19,0,0.2206856683929334,0.014633807783230491
a19,0,0.4165469098659817,0.43294797481645503
a19,0,0.174901874271226,0.013831423939471541
a19,0,0.1800023981253313,0.005894483749914489
a19,0,0.18897283462325146,0.007368699244240855
a19,0,0.3553791846607188,0.12764753147584335
a19,0,0.29489100580980543,0.14644308887169472
a19,0,0.1631056218084785,0.028424221803522227
a19,0,0.17653378649607504,0.004797766218684772
a19,0,0.18466222548332614,0.013943497345568948
a19,0,0.1827316569149748,0.007090525393170622
a19,0,0.1619741070941279,0.00384137353657892
a19,0,0.16789180814869997,0.05884654994545109
a19,0,0.16582143262689858,0.00527699229139592
a19,0,0.19146365722252423,0.007277921375216163
a19,0,0.18892391237481349,0.011230774316127307
a19,0,0.19469913148851647,0.009343821385969842
a19,0,0.18249109647585918,0.0054671365757603925
a19,0,0.14807558944492252,0.004810956115198119
a19,0,0.1563724329447045,0.008153436184395202
a19,0,0.19021751558513103,0.006717805284907285
a19,0,0.1522128052437139,0.01795832061319775
a19,0,0.13777620067069252,0.004519010323919389
a19,0,0.13886064669076348,0.007502017321433548
a19,0,0.15086246023228184,0.004445434334889542
a19,0,0.1541718408446989,0.005095898546159064
a19,0,0.15038083947748063,0.010393470774639755
a19,0,0.14198674059810926,0.006114169280592172
a19,0,0.14022094491440062,0.010063281070342989
a19,0,0.15098789566388515,0.008041195714216279
a19,0,0.16148928563283657,0.006578016631115828
a19,0,0.13273263359200999,0.021872990042272333
a19,0,0.13334497654814914,0.0067144293767051845
a19,0,0.16680553222116964,0.13507500115797613
a19,0,0.16502470651253087,0.009666333751711477
a19,0,0.13532124981648644,0.003018891679230936
a19,0,0.15908913440278513,0.022346621763430986
a19,0,0.16021802493328388,0.058045889020789096
a19,0,0.16648836176299314,0.008325649086381628
a19,0,0.1405678906678948,0.012775301890013906
a19,0,0.17261335109627177,0.005156667083935587
a19,0,0.18959561992469673,0.009101316895885654
a19,0,0.17475617301231994,0.007291083577550564
a19,0,0.17904709617302164,0.004851612634913914
a19,0,0.1862407151701068,0.11057498659514316
a19,0,0.5665998983199191,0.8679062657346341
a19,1,0.3193864483946101,0.16985190241741607
a19,1,0.3044071873781244,0.0672325225119082
a19,1,0.4420212087059669,0.5071291784443764
a19,1,0.4748915993729329,0.6872085244335298
a19,1,0.3948436616622072,0.17963368070816987
a19,1,0.22905800326657078,0.17570153353806128
a19,1,0.5132609585862856,0.429671138170729
a19,1,0.46114955572665917,0.7125889318136095
a19,1,0.36898380839921235,0.23400322971262594
a19,1,0.5829468807193149,0.8829866692066123
a19,1,0.29013028808017344,0.10642820910481708
a19,1,0.5525599864029603,0.8030472577895538
a19,1,0.3270586569389244,0.3939176167761317
a19,1,0.6534572075874584,0.8265550942599281
a19,1,0.5636592282513516,0.5355069798834216
a19,1,0.414468603671261,0.5233441905928953
a19,1,0.40692352973132867,0.1851080145360487
a19,1,0.5883600137619679,0.47898270879005145
a19,1,0.4865142200423206,0.8114793841165981
a19,1,0.321221265033944,0.3121772020079101
a19,1,0.43806429517983764,0.6617361226646632
a19,1,0.38442096420144717,0.5781697261838253
a19,1,0.6149894356806319,0.8737123006193145
a19,1,0.46003291957741166,0.6342976885820623
a19,1,0.360161977164323,0.5278645969248288
a19,1,0.40190185172503506,0.572019624860988
a19,1,0.2196714548131381,0.045052338181266714
a19,0,0.16709546982052695,0.030054696969621354
a19,0,0.1691537970876001,0.019826360838906824
a19,0,0.16549227584830345,0.010347830262821716
a19,0,0.19161832534543183,0.01000950722976864
a19,0,0.16590745583998623,0.0035882593509224386
a19,0,0.17666425695226246,0.0049117801505183375
a19,0,0.2817768626523775,0.04253032818304476
a19,0,0.19323443501463122,0.008061912766605606
a19,0,0.16888171786241155,0.003897111909591868
a19,0,0.15884365472807596,0.007986327123027541
a19,0,0.18257199013231942,0.007802475226177073
a19,0,0.16156480326382658,0.007045972225655194
a19,0,0.1747215097431441,0.0050658399003250375
a19,0,0.16449072817356056,0.013768686492041502
a19,0,0.14087396991011086,0.006975502253249242
a19,0,0.15597521174860718,0.003888718444395114
a19,0,0.17067586992550995,0.010936667767500713
a19,0,0.15824815322966887,0.004273297334245636
a19,0,0.2028232550624663,0.08016910999276049
a19,1,0.22250247529548767,0.029056862960763288
a19,0,0.17363190730564512,0.008374490500090459
a19,0,0.15333577192398742,0.03336083466469977
a19,0,0.1650116961044229,0.003908731396885455
a19,0,0.16725714134417854,0.00534183226486127
a19,0,0.1494824558585513,0.012508568403831652
a19,0,0.17676022482123172,0.019368637997235223
a19,0,0.1772054926345197,0.0065414624529830856
a19,0,0.1656298680342894,0.01253369586082597
a19,0,0.14972040752263432,0.021761922011510268
a19,0,0.16954417695254845,0.0042037366318790036
a19,0,0.1540077812512027,0.014249743656866681
a19,0,0.16877358889417646,0.03546311467877921
a19,0,0.15367181934471447,0.007818970689442152
a19,0,0.13337351472003722,0.013845154624154083
a19,0,0.4331668372155782,0.31536027098354313
a19,0,0.17820255353983247,0.024631000712369008
a19,1,0.28852311181167745,0.07804241721586032
a19,1,0.49209160699114446,0.7895961914311973
a19,1,0.41214121625259365,0.1557057732294384
a19,1,0.3850333758310157,0.3587740749726405
a19,1,0.3336311847729203,0.4827452671999421
a19,1,0.49725435050934186,0.8707324684444118
a19,1,0.22686857509415986,0.26501649297415925
a19,1,0.4642208025311824,0.7390022884769989
a19,1,0.5337268090947473,0.7486042193749448
a19,1,0.35163298237326235,0.27124915973417174
a19,1,0.3945267648341115,0.259498911569447
a19,1,0.28439962748294184,0.02247600217336083
a19,1,0.33671594297542673,0.20945953880841742
a19,1,0.31812561752811713,0.37694004584016055
a19,1,0.3494267726219306,0.27290635008966024
a19,1,0.36699527771173335,0.6191195097368201
a19,1,0.3595076901870438,0.6418175836115748
a19,1,0.347597443902983,0.2958565670865185
a19,1,0.45861569332034374,0.7035885510680499
a19,1,0.36562510781236196,0.24787278093430623
a19,1,0.38090902570512625,0.5406842812772561
a19,1,0.4317432589829267,0.39895556143284516
a19,1,0.35336597024962646,0.5188101062522994
a19,1,0.502316272532541,0.5137159965336594
a19,1,0.45057611857308666,0.6301164782640126
a19,1,0.511042920391319,0.7670348932016228
a19,0,0.34801858477648584,0.023564250613355275
a19,0,0.18594126287596982,0.0059380252773032815
a19,0,0.18232054198344189,0.00937594817193291
a19,0,0.1871651699325639,0.00850913398741322
a19,0,0.1561632150541645,0.0050543938942513265
a19,0,0.1662736522326254,0.007413523720271887
a19,0,0.1425935829541866,0.004205039474583066
a19,0,0.16845273618204729,0.0050105892639366375
a19,0,0.3719835418493465,0.21810571201160914
a19,1,0.33347687293168016,0.09607652904761273
a19,1,0.24886073688658827,0.4201424205889546
a19,1,0.4427678688304961,0.716933383862864
a19,1,0.3299038949030642,0.2615447558185281
a19,1,0.2587802093439545,0.07511865953129412
a19,1,0.3264934518961418,0.22157758476403328
a19,1,0.42558289822911455,0.7212400986515624
a19,1,0.4958695821304057,0.7760722163657235
a19,1,0.3796871672301603,0.3189679571965605
a19,1,0.34835534130775186,0.5491223714928906
a19,1,0.3141864474824873,0.2999495517136203
a19,1,0.5258432760118061,0.6609611342111554
a19,1,0.33118571701350974,0.6296425114038231
a19,1,0.4791337804133993,0.40594319569685255
a19,1,0.4640248461993878,0.656953076506002
a19,1,0.37371581107087176,0.28900379360283934
a19,1,0.4225838699141784,0.6057991118584926
a19,1,0.30338363652252,0.39366500055746306
a19,1,0.4682470791263688,0.30237878947962465
a19,1,0.3656639254318798,0.3757173518787075
a19,1,0.4499746186483671,0.3095395146181278
a19,1,0.31993613733955933,0.7034929014972466
a19,1,0.2231655272154006,0.566770859671302
a19,1,0.5721220814163176,0.7484900462822527
a19,1,0.41508607169797257,0.8134292901509483
a19,1,0.5935312189773196,0.624075818124868
a19,1,0.528127479797005,0.1896723691581528
a19,1,0.42823691024502847,0.609178339288148
a19,1,0.3204040184564352,0.456765885754092
a19,1,0.5078404084685351,0.7113477777899051
a19,1,0.4360108019426222,0.4247568516852661
a19,1,0.4754849580703715,0.756906388004369
a19,0,0.328455606706883,0.03732908878133392
a19,0,0.17068748381564824,0.01412971497743919
a19,0,0.16941959884044255,0.01158095362134568
a19,0,0.1803643481286364,0.0071763224661336835
a19,0,0.1637281987720553,0.02369960393041959
a19,0,0.17724716900090212,0.004360430657182741
a19,0,0.2183595477725037,0.019225009175298947
a19,0,0.18372929787103875,0.008601146176652355
a19,0,0.17546092200177743,0.0068803429899477716
a19,0,0.1673312097312335,0.041474808477739815
a19,0,0.16921659776191086,0.013067817961064822
a19,0,0.16196270277575714,0.0074908664469224675
a19,0,0.16738034244843772,0.014077371061105019
a19,0,0.2374020547797972,0.02360701244096243
a19,0,0.1776119662379671,0.016003324059898825
a19,0,0.16956891295673848,0.015105270587446585
a19,0,0.21822602578326367,0.056884083629124914
a19,0,0.22183294636713174,0.08139158545165681
a19,0,0.15600834532616897,0.02005113899951567
a19,0,0.15120446076865962,0.009012258778207606
a19,0,0.18476226857348813,0.021554141739763322
a19,0,0.2225970260213195,0.013183077004811193
a19,0,0.17904015032442416,0.007168325622142243
a19,0,0.14548196218015666,0.01339237719371422
a19,0,0.2499788088054466,0.08077842794659074
a19,0,0.160415848693782,0.009131128415059581
a19,0,0.22685097232111703,0.11562631825189072
a19,0,0.16030534867224838,0.020328979099725173
a19,0,0.13589723126894723,0.007095199000236222
a19,0,0.166206749842512,0.010454030228450328
a19,0,0.14867717743101566,0.009776510810969322
a19,0,0.14865145193262005,0.011415801896466389
a19,0,0.2432995967111983,0.0346250410718254
a19,0,0.272527594632668,0.028531617852621094
a19,0,0.43237108155376286,0.3506556497183551
a19,1,0.22996297064481336,0.16204613379863428
a19,1,0.366390175052742,0.39981165264990687
a19,1,0.3442100755113389,0.14222296184692734
a19,1,0.3867577401099701,0.5369713968060718
a19,1,0.2935272836336843,0.09786228573167084
a19,1,0.45337055074505966,0.8170296384581689
a19,1,0.28690481505382975,0.12012891856331104
a19,1,0.5076189026611909,0.8662691082432901
a19,1,0.3833996673122003,0.383619356280569
a19,1,0.3771230873168314,0.31097027240846087
a19,1,0.4629581782941475,0.7596110597341528
a19,1,0.41232774665284555,0.6633471504336051
a19,1,0.5490128924870764,0.7397045189513365
a19,1,0.3393637387785971,0.31324747646420664
a19,1,0.4801590407221681,0.7571854938159894
a19,1,0.4906738219067159,0.8217006087647867
a19,1,0.6578496707081941,0.8091110487516461
a19,1,0.4330866232871672,0.5814220152694792
a19,1,0.48888288208744646,0.7654203734198619
a19,1,0.37898553707325083,0.4779984433660184
a19,1,0.48636153715242664,0.720844076045152
a19,1,0.5024504285383913,0.7665250951246727
a19,1,0.5730586956572757,0.4655083960167145
a19,1,0.5702595834504472,0.6657624230450373
a19,1,0.46893485307636973,0.5728140680513462
a19,1,0.4777020398958696,0.48263733633562284
a19,1,0.4974000322662827,0.7178762226207765
a19,1,0.4509941975741067,0.7495379538671422
a19,0,0.2579619213315373,0.014561956064096122
a19,0,0.2162673745525863,0.0536915280815194
a19,0,0.20811922990472162,0.010009074578836485
a19,0,0.18300895732233616,0.004989613429472029
a19,0,0.4110310838705161,0.06926818985331619
a19,1,0.23163721672917387,0.15315899609439548
a19,0,0.1937681839117265,0.008268410130676978
a19,0,0.18981765771784279,0.00799622435791043
a19,0,0.16262872652750568,0.014167660588472115
a19,0,0.16692637764426463,0.009486516979357224
a19,0,0.16833206762050185,0.007318175163502864
a19,0,0.1621694266648972,0.009800220697214528
a19,0,0.1630323586827518,0.011809545104892467
a19,0,0.17203048541459717,0.00522473990832378
a19,0,0.16458507530552022,0.00566944806588612
a19,0,0.1777462786365831,0.015110113454406326
a19,0,0.16428998071201953,0.01402742767756635
a19,0,0.16233232147916216,0.006149556886873114
a19,0,0.1719529568164017,0.005800613815294111
a19,0,0.17621907377630996,0.010858011955624415
a19,0,0.18725215761922515,0.015173368632836963
a19,0,0.1667356256647633,0.006764659963371152
a19,0,0.16236850022701174,0.006543624468817082
a19,0,0.21297894817362908,0.02637712534143556
a19,0,0.1547641705417733,0.01060285395581768
a19,0,0.2429142459705771,0.021757753487804843
a19,0,0.1547474538997307,0.005510729617994238
a19,0,0.1735876782821681,0.01253259268000031
a19,0,0.1856776126119407,0.028318406356959633
a19,0,0.14392584076365716,0.007627464934973426
a19,0,0.16404848338865946,0.01414446701438659
a19,0,0.15174056754168894,0.017567881254484278
a19,0,0.15378751600368476,0.04719668188601859
a19,0,0.3946414443670303,0.5300329413066156
a19,0,0.3140289112322621,0.03593090870752699
a19,1,0.3551077427065381,0.22966443968799766
a19,1,0.46437203678545536,0.6742395510128653
a19,1,0.507920252751058,0.6676911007778323
a19,1,0.4198665677011022,0.6251443548840918
a19,1,0.6343868529334523,0.7873394652716322
a19,1,0.6246766993401327,0.9093793129701748
a19,1,0.3800249222482677,0.3162352647842308
a19,1,0.5460809502929875,0.7688380504447354
a19,1,0.504932427499871,0.6601348116289114
a19,1,0.5904500609896367,0.7617838479487925
a19,1,0.557312841853144,0.7740184737314094
a19,1,0.3795866264781407,0.5154583283959552
a19,1,0.6556685732279799,0.7849835989959104
a19,1,0.5415063951351125,0.8851292040868992
a19,1,0.2810292316245164,0.34262522514148813
a19,1,0.49636181882791724,0.7080736651719478
a19,1,0.3892547861394405,0.6483985367748608
a19,1,0.31170007530925486,0.39590714513103775
a19,1,0.33147681407164736,0.38973849517825115
a19,0,0.2692589192020246,0.0572169563580564
a19,0,0.23510499130502988,0.024962351640819214
a19,0,0.199183493654661,0.012065337483874285
a19,0,0.22021589272213865,0.08657616207484031
a19,0,0.1738551043363337,0.007617523078657897
a19,0,0.17585087851223102,0.005029072846683803
a19,0,0.1838635999698518,0.007456967672591644
a19,0,0.17721537730890904,0.010451574171280287
a19,0,0.16136378443482652,0.010218402177195426
a19,0,0.1681571690893045,0.01909149288657852
a19,0,0.17544649613504795,0.017068150159205864
a19,0,0.1866575077319547,0.01567438729611933
a19,0,0.15028526169984016,0.010778661850163528
a19,0,0.16068213430664716,0.008356534144809016
a19,0,0.1693863433151802,0.035840352310281605
a19,0,0.2070333825853148,0.0992837508782049
a19,0,0.23503000620461934,0.10853205167572205
a19,0,0.21691377524726668,0.168337671826734
a19,0,0.2252851845296072,0.10678646805827921
a19,0,0.1900108950618753,0.023288532407519942
a19,0,0.18526864892170591,0.03975327056162419
a19,0,0.1474185808461138,0.011392404060355027
a19,0,0.1651951910193405,0.016541059333313866
a19,0,0.17181429679348945,0.016433067088855047
a19,0,0.15011330331481446,0.011383413619619791
a19,0,0.17565257741132873,0.08028194156331937
a19,0,0.17689002363627876,0.013636662280325134
a19,0,0.20884857005807766,0.02108404559458766
a19,0,0.16895136029837293,0.012958481156609998
a19,0,0.23589831399234368,0.0886492802872062
a19,0,0.24566039720114494,0.07625023436822531
a19,0,0.17494566167651635,0.02049670406424305
a19,0,0.1492666797686949,0.010415003723670076
a19,0,0.15234025208351432,0.024321671879484117
a19,0,0.1780726422813847,0.06423509320217599
a19,0,0.191538196734897,0.14717547478986232
a19,0,0.1812931090837677,0.015326285391217827
a19,0,0.19024780676747902,0.02186561489683849
a19,0,0.165434946472832,0.030307659592524513
a19,0,0.2522067706379206,0.04710633262511414
a19,0,0.16184223146179663,0.03816706452508202
a19,0,0.1651283662831021,0.021094628731647837
a19,0,0.5007996681083409,0.17399189943868876
a19,1,0.5326060617953086,0.24862164484763694
a19,1,0.32146160395367895,0.3362640684861482
a19,1,0.27296199787411674,0.20036546737350266
a19,1,0.29592516645914746,0.40906583307547817
a19,1,0.4818182179609348,0.8269697882630181
a19,1,0.33933614443563587,0.5463804954423445
a19,1,0.5695317807165249,0.82517802311846
a19,1,0.4709635613516836,0.38031627630081893
a19,1,0.636107223014597,0.7415273632851278
a19,1,0.3112798114500239,0.7810022496156618
a19,1,0.4415299023281709,0.5582801338497257
a19,1,0.36975317158287396,0.28647722799165715
a19,1,0.361712945063284,0.7165307371788885
a19,1,0.32608418425980357,0.27885015756094916
a19,1,0.4573280187657581,0.7768867453436862
a19,1,0.39717276118066247,0.5466200864131272
a19,1,0.28955556875635574,0.10929063969245498
a19,1,0.4765857448204096,0.4852835948850906
a19,0,0.2919159890564717,0.5374094792029995
a19,1,0.4009151899218597,0.33625265003020177
a19,1,0.4418583956938094,0.7605698529971128
a19,1,0.3672527882809115,0.36063019960353404
a19,1,0.5396823944843564,0.8958750972411037
a19,1,0.4553204853081753,0.6471972440014042
a19,1,0.6598911348320747,0.5073518538020665
a19,1,0.6451362799335212,0.5929442842723079
a19,1,0.3422565160344231,0.17326912938507516
a19,0,0.21249269031594903,0.09642420372093125
a19,0,0.26811910017374946,0.16550257319573086
a19,0,0.31934983409294787,0.07462855397790734
a19,0,0.2103544074659355,0.033668601547977434
a19,0,0.2139636260258167,0.08525500237834702
a19,0,0.2105774226413912,0.01787715860588179
a19,0,0.2564110553990528,0.20276922916364973
a19,0,0.2234506763183584,0.04314551998780617
a19,0,0.15374024712545464,0.04404784969226982
a19,0,0.16299800478195986,0.06732155352527402
a19,0,0.1926054734761606,0.019555397431946266
a19,0,0.17431202320301348,0.029781245526037205
a19,0,0.37323298443463016,0.311130098730006
a19,1,0.30416628079728064,0.200793764018133
a19,0,0.6748337134047714,0.6773977221157321
a19,1,0.3172442852941722,0.3414689195516395
a19,0,0.23938529186791463,0.13190597973940982
a19,1,0.42500917666890775,0.6835724834471592
a19,1,0.42805587286387936,0.8022168652689355
a19,1,0.24177004771918773,0.019917371056225625
a19,1,0.5586301664865786,0.8589221496661247
a19,1,0.42446471071559017,0.5163798278790799
a19,1,0.3692818724689375,0.7500567239172169
a19,1,0.2878617964193521,0.13627324284065778
a19,1,0.41212006379547905,0.6851683066180148
a19,1,0.4938792918555469,0.8484509730006975
a19,1,0.3210901726858977,0.03425374816252844
a19,1,0.40334286087273163,0.5320954539644187
a19,1,0.2663729037098518,0.6115678162613617
a19,1,0.2804543017341977,0.21673056997995344
a19,1,0.32472379334053136,0.44758875510943497
a19,1,0.34240609356071916,0.3970945208910175
a19,1,0.4048459590791334,0.4093103313098879
a19,1,0.3759931075078458,0.3209278337014985
a19,1,0.39174487430047233,0.36204983739184254
a20,0,0.4842490770847045,0.658050348480968
a20,0,0.22820269544250063,0.0058518492869463565
a20,0,0.3071807776120467,0.01875146224598631
a20,0,0.19431893075301923,0.012785573417987497
a20,0,0.3584826288985764,0.1519260796954461
a20,0,0.16516782952150647,0.042651030687634144
a20,0,0.21972581530010415,0.010529519799175189
a20,0,0.21346509516980813,0.004718281904118822
a20,0,0.4758942806556242,0.41416563358530156
a20,0,0.38921314979347804,0.48585292658870527
a20,0,0.3564995572894424,0.13654573467851394
a20,0,0.3565356695044469,0.2391975851723594
a20,0,0.30662018158247606,0.026367933033023656
a20,0,0.22392944534417217,0.05472304645278459
a20,0,0.3319037832448201,0.30400415281849985
a20,0,0.43271239179003657,0.12872793812403707
a20,0,0.2849596337004631,0.05460254720962798
a20,0,0.3400206437713134,0.3267911888124461
a20,0,0.27377252165279836,0.4762256690868962
a20,0,0.2867463855546045,0.08059406254678546
a20,0,0.27365074918156657,0.050837681568025934
a20,0,0.23226262883329168,0.043082144077958344
a20,0,0.5194954473973628,0.5856795889484894
a20,0,0.42590093234298526,0.5242552876686429
a20,0,0.20896876321970986,0.2600332316299786
a20,0,0.32052863458217945,0.10682501316825037
a20,0,0.5729064388190743,0.3732790135029859
a20,0,0.284723453096218,0.6242967932301242
a20,0,0.3690394705325401,0.5588379569748474
a20,0,0.19269987095278845,0.03385706265982142
a20,0,0.27391508858606367,0.240140542432098
a20,0,0.24946909946358523,0.023074071589238906
a20,0,0.3500441599744746,0.04281927489289988
a20,0,0.3539726390464582,0.5023071286125719
a20,0,0.3270878050498538,0.37541858448684307
a20,0,0.2976516486711024,0.03691095616293997
a20,0,0.25203695829705863,0.01378807729731781
a20,0,0.25983365557008664,0.020176704121759335
a20,0,0.24449095047454322,0.0034712058414203533
a20,0,0.2193416673094293,0.009282793605308386
a20,0,0.24642896696250782,0.05009333485642755
a20,0,0.3798669938897764,0.11530653207603443
a20,0,0.2928531126425388,0.29510399355537736
a20,0,0.2449477753558952,0.012722659519759127
a20,0,0.27299850023518185,0.04461471751981272
a20,0,0.2933043349576238,0.021753265442212052
a20,0,0.23145078490439697,0.09401333827829536
a20,0,0.2987646623420416,0.10799632044472521
a20,0,0.2821408457661872,0.0222082824061167
a20,0,0.22417271816784504,0.0125668774556643
a20,1,0.5554788365876604,0.45817135386752084
a20,1,0.37806094250357547,0.49593929485809884
a20,1,0.37320593519254414,0.5346294072595535
a20,1,0.35268293045543997,0.42467413155201184
a20,1,0.4261840441787028,0.7556959939876565
a20,1,0.4377066744486825,0.7091444523661647
a20,1,0.34621941720912924,0.5424963576681869
a20,1,0.4556600835395966,0.6720206469670491
a20,1,0.3383487965899283,0.6837495722825858
a20,1,0.2708644631852716,0.3783688960492843
a20,1,0.42444415312691747,0.6139160391417895
a20,1,0.2762057619151625,0.48638468486759456
a20,1,0.23015818970628363,0.1499713732008578
a20,1,0.25668071624214855,0.5176802518266255
a20,1,0.5128651420329926,0.23198227290058018
a20,1,0.18802319531824802,0.2511116594584806
a20,1,0.3333434619683504,0.5073177173091081
a20,1,0.33746168938387344,0.630485743784257
a20,1,0.3354130971075211,0.052809840106301624
a20,1,0.43139087067451337,0.6640397272074957
a20,1,0.3891347092335655,0.6394424450169652
a20,1,0.4802584702633004,0.21299174218141462
a20,0,0.29837571012499864,0.21360438143544863
a20,0,0.39872974927998933,0.6120901604529823
a20,1,0.20363138965031297,0.6649571209392193
a20,1,0.30170960781479167,0.5573640927096796
a20,1,0.3925756004274261,0.09589010646480768
a20,1,0.276519507622626,0.5818804053027876
a20,1,0.33696858017725706,0.5755290347031897
a20,1,0.2692589703486479,0.30595452147746804
a20,1,0.235105720896838,0.2718238312672865
a20,1,0.29969605347233536,0.55003712951007
a20,1,0.4398061622785484,0.7131386816274571
a20,0,0.2478621234134551,0.01162536904011601
a20,0,0.24780545246243196,0.017525143756886206
a20,0,0.2674395319734575,0.014061364816048071
a20,0,0.1973678149122163,0.04991849144281769
a20,0,0.14689746990030547,0.0034416246175653182
a20,0,0.22796411852710521,0.23409384769252076
a20,1,0.3096963105801185,0.05926204053836086
a20,1,0.1941856627392495,0.37792956885662216
a20,1,0.34896158585493964,0.6073689607333117
a20,0,0.24641537624417675,0.18925562367850016
a20,0,0.27499337429921733,0.4709333839440478
a20,1,0.25563106036303107,0.28025087734025245
a20,1,0.2769846694507448,0.5741676036460988
a20,1,0.2937479906312317,0.5247556646226972
a20,1,0.19244994295097573,0.22436582219081533
a20,1,0.20853918635781987,0.36518232055919214
a20,1,0.20869043894276182,0.2669934730628719
a20,1,0.17335192799372875,0.17545398201057896
a20,1,0.21594236267399283,0.3450227597861453
a20,1,0.36378595477862774,0.5648851510922633
a20,1,0.4300659545009544,0.6900392539539472
a20,1,0.24488234857621394,0.450282343718999
a20,1,0.20430833204481746,0.16084319673401642
a20,1,0.44019184778979126,0.718398215389337
a20,1,0.4448958152663692,0.33052873534356947
a20,1,0.34759535223217053,0.36064605862321475
a20,1,0.24651062075596733,0.5123661313622058
a20,1,0.3255535828986758,0.617781685094147
a20,1,0.2354495392155446,0.3235933856731078
a20,1,0.22179405254611542,0.048417048623493164
a20,1,0.1945005226930862,0.20330661465422578
a20,1,0.2833079129399435,0.6869747618691912
a20,1,0.2730833870826386,0.35782131009815593
a20,1,0.27949102805265075,0.29573429837902354
a20,1,0.2774246027481967,0.5644875660123583
a20,1,0.26941973247228884,0.2519458475956207
a20,1,0.4835464188875085,0.6077410105941055
a20,1,0.2290997239302853,0.5530933609439675
a20,1,0.23549109161311454,0.28433509953298575
a20,1,0.45396816888813685,0.3235616928340343
a20,1,0.5081142577776467,0.028929900499496414
a20,0,0.19811077004579664,0.10057907258579987
a20,0,0.1499958480091666,0.14098480425544435
a20,0,0.17790687811867228,0.1102508255082202
a20,0,0.24594910742192772,0.1895709629993158
a20,1,0.25992642718180803,0.06554492885489852
a20,1,0.23101734303803065,0.1363442396012296
a20,1,0.36697747201477665,0.024730674274960868
a20,1,0.3180573952500734,0.33256134776644286
a20,1,0.2181328078341918,0.4279668676461342
a20,1,0.2844888170199622,0.5576566040014999
a20,1,0.33797658472451625,0.3863530974692429
a20,0,0.22089225976607524,0.008040383886767075
a20,0,0.18705044159919273,0.014765810105049813
a20,0,0.3127497225900336,0.4613149678480876
a20,1,0.2972206279969832,0.7634951260315319
a20,1,0.3243680816494195,0.6773761451829862
a20,1,0.3530504675467726,0.6769449148468982
a20,1,0.25138741793661146,0.12462925624142675
a20,1,0.4200586909699254,0.6176491857478237
a20,1,0.24219413014737196,0.12317161511762684
a20,1,0.33845875544621146,0.5638626605806409
a20,1,0.3073217095287184,0.6443672179226115
a20,1,0.36300254279064653,0.5563570509637259
a20,1,0.3645907788222347,0.665492452663194
a20,1,0.3221847592756461,0.503237310784671
a20,1,0.2676749207370466,0.5934834015093557
a20,1,0.3475636758644095,0.7112944690804768
a20,1,0.4773148254782,0.587861614561255
a20,1,0.43946869764729074,0.6316330152703086
a20,1,0.31379673050545814,0.7503801418583242
a20,1,0.4660890756654274,0.6790271434514781
a20,1,0.3772629757193449,0.7150830918171321
a20,1,0.38212788341876175,0.6197716309942134
a20,1,0.2781359863614609,0.5934923669101395
a20,1,0.3984672871954619,0.6455168607272136
a20,1,0.3225114960747601,0.5796183844136956
a20,1,0.29098134906130535,0.5731700197572709
a20,1,0.3498957377403853,0.34498734999419506
a20,1,0.3848365221925917,0.7040838076218461
a20,1,0.3073133381647474,0.6325912240134544
a20,1,0.45046775545224554,0.4636802710936019
a20,1,0.38077793329428966,0.7318719326080253
a20,1,0.29918010223236574,0.6846608921455737
a20,1,0.2952367092487719,0.37505583710974705
a20,1,0.3117222572938297,0.6595933079576424
a20,1,0.313561079325933,0.49269343004665705
a20,1,0.33334385927494925,0.6224748337550756
a20,1,0.22783242459269262,0.2869879265959682
a20,1,0.37034219599734985,0.5476792341446484
a20,1,0.39110632688255104,0.6523980680877
a20,1,0.4813935311200526,0.6483519086808891
a20,1,0.3213953749060301,0.7406561151738889
a20,1,0.38770620355926766,0.5841976584604347
a20,1,0.20210353212850124,0.482876641854084
a20,1,0.31904324913154364,0.4902308843623181
a20,1,0.41372904781157255,0.6975090799561161
a20,1,0.2949656063125623,0.6574906297925232
a20,1,0.3304843229585025,0.4197825182102358
a20,1,0.33093243201810785,0.7187312529637736
a20,1,0.30536932768791797,0.617596132524923
a20,1,0.28251912027655723,0.46570912434169853
a20,1,0.3557535114068764,0.7106450131201187
a20,1,0.2877372378388082,0.24347560327312054
a20,1,0.3954152095980427,0.5172777179094877
a20,1,0.4001404160645375,0.48458270339834886
a20,0,0.24064079522271897,0.037802310328705666
a20,0,0.1974034741420631,0.14847687873175988
a20,1,0.3553038211969964,0.5950474956195317
a20,1,0.2975394562093267,0.4406982501133626
a20,1,0.3827945811505406,0.7761228007949933
a20,1,0.6039348921728904,0.7230016766296665
a20,0,0.24609971616173043,0.052082608765252864
a20,0,0.2077411454240507,0.04744963706730209
a20,0,0.28767737523753095,0.41121136707181083
a20,1,0.3483920207124168,0.25325673093198886
a20,1,0.6590418210330969,0.40350743316911986
a20,0,0.19408223021216373,0.09187876857596863
a20,0,0.22589228722980742,0.05874204246380656
a20,0,0.2263891325081627,0.0887983071520918
a20,0,0.24683693107844543,0.028173614123131206
a20,0,0.29346048201115643,0.25796700812622925
a20,0,0.39323588800810894,0.19015757003852443
a20,1,0.2370523271468892,0.07040389938156315
a20,1,0.27914731595954984,0.47737320699247765
a20,1,0.3127267042789091,0.5488790101254954
a20,1,0.3487913026207708,0.28648842622307513
a20,1,0.34135700248908063,0.45172006388454866
a20,1,0.3370051025848876,0.20971388395237386
a20,1,0.4841827847932423,0.771418679213432
a20,1,0.35699419785974845,0.17271509942011257
a20,1,0.5127423055468898,0.4963143251596812
a20,1,0.4032810661174665,0.2830723663187708
a20,1,0.4278006228949073,0.3424743145503971
a20,1,0.4833745575876634,0.4400127386493664
a20,1,0.3963051733709081,0.5397106304275843
a20,1,0.5357110317726635,0.4486641547565718
a20,1,0.501350958753939,0.8762809104094818
a20,1,0.4058204630900974,0.2708625034485311
a20,1,0.3739544573874538,0.30197254512163824
a20,1,0.45609536265053513,0.7583699397834568
a20,1,0.4784256988535817,0.8893321024816003
a20,1,0.4069827884028255,0.5252755359359333
a20,1,0.5210039185536208,0.6839399507292799
a20,1,0.4025237370118128,0.776864216185817
a20,1,0.5545319698405018,0.3782234876392419
a20,1,0.5190801842997331,0.660006191157269
a20,1,0.5540543583708384,0.5463589093772784
a20,1,0.3941556076981877,0.734625910462339
a20,1,0.563301989491355,0.546209809447751
a20,1,0.5529670709822446,0.7960471719542711
a20,1,0.6362759302124185,0.9106604155514544
a20,1,0.39840982078787013,0.6553829726054622
a20,1,0.40375008109960736,0.7595577075181356
a20,1,0.5496971812913974,0.8770420082126937
a20,1,0.631468545934629,0.574318045838829
a20,1,0.3675920789303326,0.1909789388156665
a20,1,0.4174374226253754,0.7241904719908665
a20,1,0.5154678209547411,0.5784813510894523
a20,1,0.44522316356929054,0.3285282130256973
a20,1,0.42800873964731484,0.8094973907913227
a20,1,0.5624262678138473,0.7852242967393301
a20,1,0.4884603466328582,0.3226181131873082
a20,1,0.5521848539718318,0.7128568337449798
a20,1,0.48875280755068573,0.8592784081349315
a20,1,0.49143329631994204,0.6308756397713599
a20,1,0.43671572966618943,0.7240256790618772
a20,1,0.6728156593109467,0.8307212612121583
a20,1,0.4204578840884663,0.5629734634908056
a20,1,0.5799471347507438,0.8646793931804416
a20,1,0.6394672578555924,0.8001570930360467
a20,1,0.37358313616487493,0.3334011548740118
a20,1,0.4306226239193898,0.693806465573508
a20,1,0.5274893899657674,0.6235455547749513
a20,1,0.4963222238098548,0.7034002345918585
a20,1,0.5677237744075324,0.7312130162423602
a20,1,0.4797768166727977,0.367501426866794
a20,1,0.6914038244578518,0.85592052201083
a20,1,0.5505346901170871,0.7626191858624956
a20,1,0.5466163720341195,0.44730259100715214
a20,1,0.4004265819374598,0.26533251087376736
a20,1,0.5596621845196665,0.21551826792798812
a20,1,0.615517294091031,0.4871173776234171
a20,0,0.28040995803114643,0.38161734875539843
a20,0,0.38664521371303745,0.4362177999597029
a20,0,0.20218084901279065,0.04890589987366207
a20,1,0.4503838828934103,0.8913847059828203
a20,1,0.21444936021559574,0.025384870893263613
a20,1,0.45244054876067624,0.24983535980528432
a20,1,0.3238992370404854,0.11248307885728305
a20,1,0.3671189124142517,0.2381778757066999
a20,1,0.23883153341702537,0.025493536506440935
a20,1,0.3609160362339718,0.503290328458309
a20,1,0.29260497510005035,0.25007480241299274
a20,1,0.4931110601815756,0.6555798008561169
a20,1,0.2812926697700319,0.06822220590769698
a20,1,0.30305798478481616,0.00804457276629761
a20,1,0.6537570178344781,0.6933969635627784
a20,0,0.23715231697556677,0.08937057370314512
a20,0,0.2647410441744416,0.018179591499056402
a20,0,0.21415105052903638,0.09994842108198168
a20,0,0.23437439163217816,0.010723690760467332
a20,0,0.26550112504351864,0.09169021039064316
a20,0,0.27083820286989524,0.024492598361221397
a20,0,0.24928141933639886,0.08093436776669416
a20,0,0.25368755421415345,0.02774044617719556
a20,0,0.20003939490662892,0.021393365593948284
a20,0,0.2348292490492395,0.01953761416379961
a20,0,0.1862365115819005,0.012374406174190592
a20,0,0.20229438860356302,0.061773411129054406
a20,0,0.20975462064264155,0.02474153663411537
a20,1,0.25264205387256755,0.4308016230456776
a20,1,0.3305299983361015,0.6112860441152903
a20,1,0.25998077335700737,0.013515489360635059
a20,1,0.4028683480446538,0.7360610206970218
a20,1,0.28909577886818516,0.4875790779991988
a20,1,0.338954753188525,0.7466277590639807
a20,1,0.2606952418197604,0.1461423422805758
a20,0,0.26408506680214294,0.004760684345252185
a20,0,0.29228931174174055,0.20827644595100087
a20,0,0.24798166870804308,0.002700084703304395
a20,0,0.29256728318211034,0.013750691862111338
a20,0,0.2718527922587107,0.008886694133980076
a20,0,0.2028386231085576,0.004400511001086931
a20,0,0.25770839662031425,0.02074333736681291
a20,0,0.2396372613534228,0.00842026888241298
a20,0,0.23600023087145824,0.006739745966645693
a20,0,0.25432468107838874,0.00853544543197595
a20,0,0.24862691355332717,0.007849962631071804
a20,0,0.2516567846313787,0.007284711904336186
a20,0,0.23842671611682847,0.0022904029989376288
a20,0,0.23421523565074673,0.004878342206666022
a20,0,0.2746331651979945,0.01073093168721189
a20,0,0.25718593756771146,0.0070602234584104286
a20,0,0.2559562095507435,0.006879571092810943
a20,0,0.2443043759876732,0.0037310581305164546
a20,0,0.26019484809769133,0.006627242353094241
a20,0,0.2502197165829554,0.00950922831574414
a20,0,0.24147269019199247,0.004254271355274564
a20,0,0.28605583893097725,0.020365703797612277
a20,0,0.19953185926062256,0.006010652435761656
a20,0,0.269187707693767,0.010406078678972086
a20,0,0.22689881258111833,0.0058702744178428965
a20,0,0.25193399819183476,0.005126248427241248
a20,0,0.2150597053268484,0.013760607553313549
a20,0,0.24787655738539985,0.011860664714736355
a20,0,0.2820250487053436,0.042767782655241476
a20,0,0.22877261907888485,0.011676967981462224
a20,0,0.21585517054596087,0.0348534387993524
a20,0,0.5708362537786079,0.721347461439493
a20,1,0.2877271189788306,0.3711405140189535
a20,1,0.4387222092302839,0.5758039604459023
a20,1,0.33169176912661896,0.3156205835532286
a20,1,0.3385058566366407,0.08675519544086405
a20,1,0.21058780498028878,0.024738545316492045
a20,1,0.5453919279434413,0.7926670590389984
a20,0,0.3604369177533323,0.38291361933553264
a20,0,0.29006864995252263,0.6330697141780346
a20,0,0.29241942289567274,0.096964950733635
a20,0,0.1540528322607629,0.011773939281794687
a20,0,0.1638770332005325,0.007032424093423054
a20,0,0.23154094235932643,0.026047940863447593
a20,0,0.8232948514969066,0.7496559147391673
a20,0,0.3185373023035422,0.38412800562515076
a20,0,0.20166612856236038,0.030448247332549094
a20,0,0.3152951814207008,0.19287968177877565
a20,0,0.30422757290867647,0.06539800255032033
a20,0,0.28351276202817377,0.05724350025010021
a20,0,0.2070656996399911,0.11751984723338367
a20,0,0.6194384424028038,0.5656989550263238
a20,1,0.32541172158702625,0.3526475345401569
a20,1,0.3032417705323548,0.3431449428053033
a20,1,0.38632674840677395,0.5366945818797565
a20,1,0.31142005440031617,0.19959592577080554
a20,1,0.2727624439605459,0.41624864725239685
a20,1,0.37323986133021214,0.6590019133962206
a20,1,0.3236975378671493,0.4590970735613064
a20,1,0.5489433829298088,0.7517167003143442
a20,1,0.3850149855892745,0.6281300705027868
a20,1,0.44377853892378993,0.7460391830423845
a20,1,0.48372928323509984,0.7532937833944039
a20,1,0.4665403802259978,0.7744047977501215
a20,1,0.35374783074278865,0.4759807584600983
a20,1,0.42172791402130433,0.6717220332163052
a20,1,0.2801001762880304,0.2859216496491276
a20,1,0.35346839572675376,0.5616932255018116
a20,1,0.34857721996765745,0.6623166114878796
a20,1,0.38142038428069147,0.6453102797381426
a20,1,0.44029615947652634,0.743762854408313
a20,1,0.37831731949834213,0.45598612914178727
a20,1,0.4215510027796006,0.6395228455354975
a20,1,0.3170165575410226,0.4190611570262052
a20,1,0.3820439007825346,0.6235362352968052
a20,1,0.2980581110600825,0.4761909637200502
a20,1,0.40248696842154746,0.7141322657262568
a20,1,0.5435755555978234,0.8255492591308252
a20,1,0.4381590461874423,0.4566270542892007
a20,1,0.5278968369284003,0.6034861823339268
a20,1,0.5573288961719052,0.7476719243245543
a20,1,0.46931669613839677,0.7537283319041672
a20,1,0.42772865142022026,0.7758422512647338
a20,1,0.46593411474566676,0.7836971428168649
a20,1,0.49418272059495727,0.818872785609634
a20,1,0.3438681598765337,0.6434632317069453
a20,1,0.48271932964874886,0.730958883113532
a20,1,0.40822432540111925,0.7678036993829551
a20,1,0.6033147338447753,0.6471220246863043
a20,1,0.923082464593718,0.6382268743023968
a20,1,0.2711928622651012,0.04726212321495378
a20,0,0.31674305069391145,0.36711194651014517
a20,0,0.28491358177898796,0.20463333287677002
a20,0,0.33362042208919773,0.03813518458977875
a20,0,0.29270469086854695,0.6113942366675985
a20,0,0.279629157805625,0.2096778743820034
a20,0,0.2851843860421154,0.08044344661153296
a20,0,0.299425481523984,0.10043764071886535
a20,0,0.3311738273884767,0.170490688639579
a20,0,0.34009609664137597,0.2355912556629532
a20,0,0.2936144093781859,0.016320766028650034
a20,0,0.26752474714445684,0.2515250757671385
a20,0,0.2819738776324809,0.09973510496094627
a20,0,0.20643323517205817,0.010924560175285212
a20,0,0.45816063090134823,0.7600165847851277
a20,1,0.6633311085891488,0.8355197488350653
a20,1,0.2670524126908682,0.16998728506378052
a20,1,0.42047511544231864,0.68953785660885
a20,0,0.2722184979986117,0.05527311717465434
a20,0,0.2908722105281985,0.026682149242120146
a20,0,0.22249666990695166,0.0060278960859766915
a20,0,0.19323459483999686,0.004781615216493936
a20,0,0.2382045664946797,0.02241416467919927
a20,0,0.21820811319046132,0.016409457174854702
a20,0,0.25633163210489684,0.010249811102945325
a20,0,0.23000232051472927,0.005077806730707617
a20,0,0.2033402482901767,0.0033580120214986445
a20,0,0.3621616978624445,0.40855220338273496
a20,0,0.24857753234055158,0.0069694990885048125
a20,0,0.2988854961351331,0.07334351376824887
a20,0,0.232747137440258,0.004688320524326978
a20,0,0.32121099017451943,0.020179039778600808
a20,0,0.2771118301204652,0.013091532021437688
a20,0,0.2378360118415816,0.016874199579292287
a20,0,0.4841108297392726,0.3453382809230066
a20,0,0.33242986658856216,0.09760474525723503
a20,0,0.34252146343327605,0.4035566117166122
a20,0,0.2773199702097512,0.014372352350445237
a20,0,0.3000613763295554,0.07173381301990438
a20,0,0.28932004460809063,0.020218888958160784
a20,0,0.52338361915616,0.5192319040941661
a20,0,0.3623915998981158,0.693853597059818
a20,0,0.26343906901254355,0.13277685884471097
a20,0,0.25908970462150344,0.23340751704075463
a20,0,0.22477003262228776,0.09144710986658247
a20,0,0.2548708265091993,0.22659316428872922
a20,0,0.2696915504449587,0.02831328170241073
a20,0,0.34774460970722443,0.47958937078294034
a20,0,0.2940718706825687,0.08283793768154983
a20,1,0.3431065152841846,0.4750502869077624
a20,1,0.408817026260571,0.5406015746525482
a20,1,0.49321481090745917,0.718645348445283
a20,1,0.3027284209471611,0.48514512419393957
a20,1,0.35518282815864227,0.5531998770161556
a20,1,0.30096774035602325,0.1706823895623027
a20,1,0.3193926348258986,0.3248248990085607
a20,1,0.4153436670772303,0.6721364487736103
a20,1,0.5098068202318428,0.6879340639721967
a20,1,0.42353649394971765,0.22714042929180073
a20,1,0.24555864357544438,0.08083576609962298
a20,1,0.38100051057498674,0.6006574898818368
a20,1,0.2919478611805306,0.07330872666219201
a20,1,0.38584557690346316,0.5413384893382626
a20,1,0.3880538950340799,0.5731436426533014
a20,1,0.29802573705710317,0.3243660638643559
a20,1,0.5802509492365193,0.7927998392944496
a20,1,0.4257814285321088,0.621790654709533
a20,1,0.39520402730989146,0.3523041726392951
a20,1,0.3215967579701814,0.3904888441994473
a20,1,0.6336682930778021,0.8690181158196094
a20,1,0.494099526921127,0.8289115481475001
a20,1,0.46374397193798894,0.7679508354082195
a20,1,0.49198882043427994,0.7131585758797102
a20,1,0.4519278622023718,0.592181940448122
a20,1,0.7125459119183936,0.9103149033700211
a20,1,0.499904667444553,0.7551416503212198
a20,1,0.38515957020299973,0.6037218090522222
a20,1,0.32270814334556847,0.2486822120889207
a20,1,0.49643092011880185,0.3467573888450573
a20,1,0.4927475221106945,0.4821207791406355
a20,1,0.4408841097984604,0.3972556126401351
a20,1,0.5399436102298392,0.8228671432429422
a20,1,0.5125323308076938,0.7968439571547237
a20,1,0.35518329442942664,0.5041145375095276
a20,1,0.8307349525255207,0.31976265396875736
a20,1,0.4062226202229966,0.56527134303371
a20,1,0.30615339155306054,0.47154635938686085
a20,1,0.534660038408068,0.6444443589474534
a20,1,0.5975501630343207,0.8701701814273255
a20,1,0.3746870604357091,0.2771540609040329
a20,1,0.5576440782938784,0.6807637842688881
a20,1,0.65962876096934,0.8646880013459604
a20,1,0.42911414531470965,0.6211565951281001
a20,1,0.30501419318746875,0.2695012364228967
a20,1,0.23642519730143083,0.04177658822144294
a20,1,0.49994180198508914,0.6053004345357919
a20,1,0.571710521197659,0.9079323710251446
a20,1,0.28252356999836353,0.45950864222067955
a20,1,0.4847817213576981,0.7706495195565098
a20,1,0.7757537000722097,0.5036584492194306
a20,1,0.719231214845587,0.8595859571419634
a20,1,0.43783156276287305,0.1371529357340589
a20,0,0.6467843222747091,0.8285610196576234
a20,0,0.9072190554110173,0.46091522474554025
a20,0,0.5448102028923731,0.8470174287661885
a20,0,0.4258422896377693,0.8412946002007583
a20,1,0.5907711446452998,0.5202207456517769
a20,1,0.5531720394553473,0.7847735008921651
a20,1,0.7735068518840864,0.8452694059594463
a20,1,0.35227618861160104,0.04580825017286849
a20,1,0.3064654845339295,0.08514232281800152
a20,1,0.7414652478132696,0.7043171843988625
a20,1,0.4451926590401092,0.4440164347709898
a20,0,0.28304102635350736,0.23053971815848132
a20,0,0.31756063259546935,0.022878300688793093
a20,0,0.20599085264083467,0.013963917616486347
a20,0,0.6880968334737011,0.5070458403006392
a20,0,0.3305287909866112,0.15506196379274934
b01,0,0.2897980029844951,0.20955254666481712
b01,0,0.30636176375168,0.06968344279025253
b01,0,0.4840818230142189,0.05611499317704332
b01,0,0.14762622647160425,0.04029103159772128
b01,0,0.4436715355361551,0.2540921761140157
b01,1,0.2473204562384043,0.1205883161822001
b01,0,0.20855038761327632,0.7498010640972714
b01,0,0.2971794655014196,0.3542040509683713
b01,0,0.1873466784208537,0.2980188708835158
b01,0,0.6139380567731104,0.5457130681517279
b01,0,0.7490297323562155,0.31117923093201844
b01,0,0.21555410098038202,0.20062404113360863
b01,0,0.19919233172099327,0.050369910717515065
b01,0,0.1947063965869666,0.3645336539829076
b01,0,0.14471780223473948,0.04717350728536677
b01,0,0.2348495951512133,0.21388456808391768
b01,0,0.1460364895796943,0.029876229677949794
b01,0,0.2849081932276686,0.4436014834761031
b01,0,0.1622280274027746,0.08851091721813135
b01,0,0.22573964800781496,0.14864854510944742
b01,0,0.27858733457388246,0.2856551977587698
b01,0,0.2384810500512199,0.18154652516470554
b01,0,0.5021211429861387,0.4523859645487781
b01,0,0.41594833329683434,0.6735877334162415
b01,0,0.3251226099326845,0.2361019258132182
b01,0,0.2763730472809202,0.2902997460208295
b01,0,0.2468782455850418,0.4804661148279527
b01,0,0.24444316647962971,0.5479397442463319
b01,0,0.6449496197284316,0.7982391945511457
b01,0,0.22162494132822955,0.14995306614844292
b01,0,0.20861615951580975,0.01921878837507343
b01,0,0.249527686237635,0.15318268414360833
b01,0,0.25960673596456685,0.17255887822074825
b01,0,0.2758168133999192,0.05697021445179302
b01,0,0.29836746378911977,0.11630820543030079
b01,0,0.7961213375979231,0.37199281882092283
b01,0,0.46191508770884226,0.28290043299058054
b01,0,0.5154525072766061,0.5863013610192253
b01,0,0.3586093216855046,0.62439055167227
b01,0,0.5783782092885364,0.8600795252453909
b01,0,0.27265285060899197,0.6895812555699911
b01,0,0.9320611745094297,0.4543262017656846
b01,0,0.3682979183872192,0.324115578060646
b01,0,0.2915403436892537,0.012346661560839585
b01,0,0.550597323195016,0.20708339949201499
b01,0,0.38895960743346075,0.6840643737463733
b01,0,0.3376684876536649,0.6999594541351185
b01,0,0.32381420542248524,0.08891788558978585
b01,0,0.647174594390341,0.7745497101557146
b01,0,0.1943805720444961,0.07284567440038398
b01,0,0.36163551086231555,0.4097370231398056
b01,0,0.23652950032446296,0.1185557983727577
b01,0,0.514926547313378,0.6994988947708166
b01,0,0.3149808640529056,0.2312438281016125
b01,0,0.2827416712086663,0.05271799555202108
b01,0,0.2703952509622735,0.02685624979662551
b01,0,0.29268641036808174,0.3514179009932731
b01,0,0.28590617626284537,0.46998257404372173
b01,0,0.32829629914358754,0.12918039150697716
b01,0,0.26411303308625117,0.08614066088995333
b01,0,0.31115909514580453,0.02531320640454014
b01,0,0.5815204739102499,0.20273210707426106
b01,0,0.6234508645860214,0.842065389710198
b01,0,0.7085776709595408,0.8906957082017064
b01,0,0.603170810204368,0.8088216500017431
b01,0,0.7421759216423557,0.6145584433280785
b01,0,0.8163677942570825,0.8711881730660053
b01,0,0.5457893848559678,0.7447005184545054
b01,0,0.29000626650994765,0.053993929512343004
b01,0,0.26412565809357336,0.20088701246173907
b01,0,0.19630559583672333,0.07674998612598637
b01,0,0.2518639892480432,0.06629694298937942
b01,0,0.25916667205928395,0.017879230115937315
b01,0,0.21396786905492013,0.039982701450914655
b01,0,0.24093970991590055,0.02467097559593873
b01,0,0.18263224868470856,0.1360196653305393
b01,0,0.22676952255230381,0.008992691605838129
b01,0,0.22672243439931983,0.0151000602255338
b01,0,0.20397908482754956,0.017447538459153526
b01,0,0.21266331077214712,0.010990579785185096
b01,0,0.199556639361214,0.04071969329935743
b01,0,0.23546220087699413,0.02611599596790849
b01,0,0.2454024389086364,0.02081625317829432
b01,0,0.21508207373541627,0.01980562592413103
b01,0,0.20875553076294864,0.0110356792159761
b01,0,0.1924110048514002,0.015479700792182088
b01,0,0.21130594365415187,0.012809654542214728
b01,0,0.208050927406826,0.005525274910860503
b01,0,0.28143851427628896,0.06188327941147234
b01,0,0.22688634758612497,0.04034716726433413
b01,0,0.19041150580766564,0.02023980851740733
b01,0,0.19471886049922216,0.0034158851971519246
b01,0,0.19302789330426215,0.04195641291140232
b01,0,0.191562008513981,0.014651619837076127
b01,0,0.21064252265677397,0.009842135688818874
b01,0,0.20695609537373597,0.005759343638660384
b01,0,0.21053327458890714,0.011292661059976622
b01,0,0.2011907558368084,0.0351391091108811
b01,0,0.8489003327172695,0.16929422998818294
b01,0,0.8935333203565871,0.7332708332739595
b01,0,0.8079983177255786,0.6944609025150573
b01,0,0.6461848543924842,0.8657479717478614
b01,0,0.671795522530709,0.8732877284928874
b01,0,0.43784245362746926,0.6877519239569452
b01,0,0.2154948329415399,0.14050761909704734
b01,0,0.32639058234852575,0.10211170750437802
b01,0,0.24647968720173485,0.045170211236710174
b01,0,0.34610962463934175,0.04208433149550193
b01,0,0.2871336921767792,0.22047405426874564
b01,0,0.9244085682275857,0.7696395669769311
b01,0,0.3645674475199095,0.6324773353233989
b01,0,0.23757023913302652,0.3821144782204871
b01,0,0.4450072214277513,0.6812545996596878
b01,0,0.4677569167622365,0.1570797039223859
b01,0,0.24669905375986698,0.21218735001052932
b01,0,0.3484796730444737,0.37638551752906557
b01,0,0.2253802779397432,0.03626014481280498
b01,0,0.2183633210168399,0.12679341178755915
b01,0,0.23473654418461223,0.1202337744515749
b01,0,0.2533692864087067,0.102655897874678
b01,0,0.1898536872683254,0.04357959663043505
b01,0,0.2269885521262532,0.031918304728178394
b01,0,0.35638890765250586,0.3358177001457606
b01,0,0.3254102782954269,0.2606022735511486
b01,0,0.2432118942714737,0.04523463957858762
b01,0,0.2714136806221269,0.14805536870797067
b01,0,0.8000515471666828,0.4258121738145674
b01,0,0.7679139367400015,0.8900080153755539
b01,0,0.32848151525341435,0.32885758557445516
b01,0,0.2538610719267916,0.13069914263745736
b01,0,0.20126656393025352,0.011426136067913479
b01,0,0.21176677183617684,0.012881273170844719
b01,0,0.19835900162812606,0.12734240817425876
b01,0,0.1753284229698503,0.06108557137429479
b01,0,0.8469740383135854,0.4456005083242312
b01,1,0.8531838210564057,0.9076891485141847
b01,0,0.22342196781998355,0.019691293085012974
b01,0,0.2670267576098514,0.15882704768127082
b01,0,0.22118658392905333,0.010550016224950241
b01,0,0.17950721540554468,0.019760936867620715
b01,0,0.24456995132390744,0.07104784354923731
b01,0,0.18471239966746772,0.104995641986259
b01,0,0.20835127468503836,0.1431236041049669
b01,0,0.2673777585812909,0.2997851691331104
b01,0,0.23514544375536423,0.022391107065676378
b01,0,0.20243400972004122,0.04808519112743184
b01,0,0.20700385368016772,0.019589808874675117
b01,0,0.2129081253131431,0.016919710080352098
b01,0,0.2681196729474574,0.06271093811751156
b01,0,0.22105160083004843,0.014124351554527329
b01,0,0.2009320506356803,0.009074700215658644
b01,0,0.1882855673995562,0.007726177502589454
b01,0,0.20794956607709195,0.008939876961265844
b01,0,0.2019898265282745,0.005533955586644155
b01,0,0.1949508890186424,0.004323816315035124
b01,0,0.17681298579276916,0.010128221119165573
b01,0,0.20698755820363965,0.012959459740256911
b01,0,0.17732662408727967,0.011796332247055279
b01,0,0.9447318819395696,0.5616545506807444
b01,1,0.6824156460698944,0.8255131067166326
b01,1,0.777443271676227,0.6803857771888885
b01,1,0.6141629266252415,0.43506767618888803
b01,1,0.7182055552746371,0.5108269040692759
b01,0,0.38656330695566093,0.5717347481826621
b01,0,0.5790361770223631,0.6890172995297221
b01,0,0.6807117456884231,0.905874624817937
b01,0,0.5284029726006386,0.9278875767472955
b01,0,0.20711062361880803,0.008384919202549686
b01,0,0.5274389795296984,0.809599423308428
b01,0,0.5068871546034368,0.7705465308696268
b01,0,0.26230214146302705,0.06644102883125853
b01,0,0.6896501375927976,0.6331760179751812
b01,0,0.3542390399175095,0.19506825024840557
b01,0,0.5529660660662261,0.4326379397311548
b01,0,0.5346604848562754,0.5416032844121363
b01,0,0.837908003515388,0.3052958302534952
b01,0,0.7520431165284958,0.7925908222606073
b01,0,0.2487453838817589,0.04350324675050755
b01,0,0.6635824685013223,0.8340032329432938
b01,0,0.5135921703938081,0.6650281278816506
b01,0,0.5236892189773797,0.762591394008238
b01,0,0.3080359152041841,0.14584061943821025
b01,0,0.6110124731804714,0.8112941560615088
b01,0,0.5138191066336576,0.7387058360234321
b01,0,0.46876844226293324,0.6598211968272888
b01,0,0.919619215372814,0.5506254847281368
b01,0,0.5755024856387712,0.8145413754225129
b01,0,0.2896236979315254,0.25837317012638994
b01,0,0.29833579456791776,0.3574223699179829
b01,0,0.43431036801665146,0.6717143197868726
b01,0,0.3088819211436605,0.572607421003982
b01,0,0.29626416852375637,0.38909723650015704
b01,0,0.2223152160685104,0.08755893259977972
b01,0,0.16614794068486397,0.08675366530455966
b01,0,0.2289078571628494,0.012252512320983582
b01,0,0.31636033056005186,0.2253385737429907
b01,0,0.2898874535607935,0.23207244991115628
b01,0,0.21614052587121468,0.17001888530896053
b01,0,0.18206539069974945,0.07940941035758473
b01,0,0.1926972058515568,0.07460453010200276
b01,0,0.2339227133980768,0.039917696449742315
b01,0,0.24164007624257028,0.025390823308554356
b01,0,0.21170377839001553,0.011982691654599042
b01,0,0.18299708154521305,0.03406104331718519
b01,0,0.24472163730200527,0.0335237572112358
b01,0,0.2688117558449591,0.023091955409044417
b01,0,0.2026043449705646,0.016000030696953365
b01,0,0.235990073865528,0.06969325911855105
b01,0,0.23887247797850816,0.024297580276758483
b01,0,0.17003755019905,0.09079333130941143
b01,0,0.2284801519439299,0.10283760296714654
b01,0,0.21697138122894394,0.1290542927575013
b01,0,0.18308999025244416,0.004809755827696464
b01,0,0.23644938477778554,0.043645118839264405
b01,0,0.2412744073026787,0.047690426337744826
b01,0,0.2884723546531456,0.28877508756494563
b01,0,0.22423148871641102,0.028663134459064703
b01,0,0.22355458382403295,0.040315823150425645
b01,0,0.7323925333265531,0.5767466659316489
b01,0,0.1957036970621856,0.07796886617658019
b01,0,0.8301142802295133,0.4568018695036464
b01,0,0.5715894336344264,0.8307520069531656
b01,0,0.4331739683681429,0.39125099768835025
b01,0,0.22273989464213975,0.02755607412951412
b01,0,0.2336314398239111,0.13641490988704427
b01,0,0.26592541421074134,0.05954094247152388
b01,0,0.19426735486201152,0.06920503180541418
b01,0,0.6016187988674228,0.7981705966177034
b01,0,0.22229806542038028,0.012015145353790151
b01,0,0.24477422226480297,0.041132804465895574
b01,0,0.24465382305548491,0.02571402913782737
b01,0,0.2107080270266095,0.0384671738787968
b01,0,0.17613752780456812,0.03891727976612862
b01,0,0.16767321123121218,0.02912478515172413
b01,0,0.22214830243742972,0.03414541649763554
b01,0,0.22147025940081275,0.017399415243388353
b01,0,0.17828667778855575,0.05704758876092166
b01,0,0.2234469491597814,0.019285524112718416
b01,0,0.24034860684327727,0.028176315640423912
b01,0,0.22212540241176845,0.018427041626876996
b01,0,0.25794863373994087,0.06588347305528118
b01,0,0.2390118297778542,0.03475589306042367
b01,0,0.23852705643326236,0.0320401404110568
b01,0,0.26826139928084886,0.06222193345976788
b01,0,0.20205637316096803,0.06483201380781184
b01,0,0.23059505965835417,0.05279967036837607
b01,0,0.2294313219448524,0.05356644851405464
b01,0,0.2030082984276613,0.027771447839590638
b01,0,0.2205111194334958,0.01865194800674796
b01,0,0.17843544572074713,0.06518175289717888
b01,0,0.21067017323155468,0.030264261435405213
b01,0,0.22508719237501235,0.02627291682884887
b01,0,0.20974751849657378,0.09019350161931126
b01,0,0.22235956045351746,0.019062429363276047
b01,0,0.216080413557598,0.02364261127977255
b01,0,0.24105405107175026,0.06334413064097433
b01,0,0.20034776187224107,0.006216272368623267
b01,0,0.22938236659876654,0.011485102474593025
b01,0,0.21584543294295827,0.014978544071660153
b01,0,0.2312655277112589,0.03429753937112664
b01,0,0.22331041932721263,0.027051147671144346
b01,0,0.23257390920122092,0.04081310841108038
b01,0,0.22072607731213595,0.07825403591614655
b01,0,0.2123232013110335,0.014406066591914343
b01,0,0.2257893378701707,0.05573072839931114
b01,0,0.2442466280543412,0.04834277314596714
b01,0,0.2333631830854856,0.026314964211418202
b01,0,0.171335189473836,0.08548234129327474
b01,0,0.1993218125704592,0.15532611855124762
b01,0,0.21973833314125896,0.008753740653994287
b01,0,0.2251454421151225,0.011601843031359423
b01,0,0.9519061993437843,0.5158505141440077
b01,0,0.7049339313107431,0.5707954870808679
b01,0,0.5709310842354052,0.9468964517309767
b01,0,0.5901074140867344,0.8537890573722119
b01,0,0.3518200946650757,0.5429474991920258
b01,0,0.537665661725872,0.8060862689371259
b01,0,0.5856955134545827,0.6524347697144758
b01,0,0.4626863707193688,0.9212076397427266
b01,0,0.20925001786498332,0.008416448937257336
b01,0,0.2878101694529391,0.11179461027115416
b01,0,0.22385714876162693,0.17463328151036484
b01,0,0.30256757898568987,0.32330683578084957
b01,0,0.21816712055252793,0.06815967031594793
b01,0,0.2709310031703284,0.20891998816674334
b01,0,0.2527963381027077,0.06095856649564576
b01,0,0.31309365740148265,0.15037961752265921
b01,0,0.277921532632889,0.055036265102896414
b01,0,0.19173497919564464,0.05485739566684302
b01,0,0.20917551405902424,0.11909086826434374
b01,0,0.19817870319010933,0.06096279448354648
b01,0,0.2722505494877861,0.10477877687820938
b01,0,0.4900640664702992,0.2259045243651428
b01,0,0.293207294958337,0.061168911554134044
b01,0,0.31535030453192714,0.29702116852138805
b01,0,0.2212084284081145,0.007920324146373477
b01,0,0.2892016855621548,0.2576209346369832
b01,0,0.2807281166540772,0.45983157094215915
b01,0,0.42909039283062367,0.625556948066088
b01,0,0.20543325407789853,0.18852836368555526
b01,0,0.24990260788023771,0.3045124920622405
b01,0,0.32687779657018284,0.39041308483857984
b01,0,0.19569150144147368,0.12117565264298812
b01,0,0.19084023154496554,0.05570131307635607
b01,0,0.27112925544988314,0.14142133028857096
b01,0,0.7804461754011598,0.3454018412931435
b01,0,0.5680061656802824,0.45234356098422157
b01,0,0.594741800115841,0.8398873623692611
b01,0,0.24403645478361885,0.5613254392897449
b01,0,0.24570075054529603,0.03231276696964171
b01,0,0.49492778708683055,0.6060245029365439
b01,0,0.30474189027648335,0.47075088857832276
b01,0,0.4498645653478276,0.8124744726044404
b01,0,0.2993188974899732,0.18374663824447104
b01,0,0.8883929402900983,0.38907115248372925
b01,0,0.40156694914509894,0.7538055599499306
b01,0,0.6358298999157713,0.8354903733696822
b01,0,0.2760286643166981,0.5942240678982446
b01,0,0.24213384285877515,0.6695043199639648
b01,0,0.37152627889016726,0.6298867833981172
b01,0,0.22613073161676955,0.029259937335627633
b01,0,0.21893884822379012,0.03564832073174253
b01,0,0.22121531204943115,0.05563534982798915
b01,0,0.2291606057416514,0.014852958423512367
b01,0,0.23073171066829423,0.11373796013383616
b01,0,0.2912643425333676,0.21933953276318552
b01,0,0.28800099248322847,0.12576747139543626
b01,0,0.20181088669242725,0.06282883590818071
b01,0,0.18970216778229074,0.13317673063467594
b01,0,0.21949182282583604,0.10974288369929683
b01,0,0.24526770371803988,0.02225300764155197
b01,0,0.23138431536527657,0.013301710055573844
b01,0,0.18346938972380594,0.011125842785021486
b01,0,0.20566834225737293,0.028905349840100517
b01,0,0.22567934326951447,0.12736867602918375
b01,0,0.2708986919581952,0.28225904759746645
b01,0,0.25486286463010077,0.3225600439288444
b01,0,0.1781674529994902,0.2924444213813038
b01,0,0.868301544382216,0.35511924107754533
b01,1,0.5086640639239498,0.7990681246851792
b01,0,0.1790051524928342,0.042016566350567414
b01,0,0.17027064428773422,0.09518284341912256
b01,0,0.26074912290497554,0.16612963904729466
b01,0,0.2792380381071641,0.3801568887159907
b01,0,0.6046662607104948,0.7180117904313211
b01,0,0.5354801985181784,0.8246140600877805
b01,0,0.677328813719844,0.8439616650270323
b01,0,0.3311630170333616,0.134077394854085
b01,0,0.4890389676283581,0.5103655692771577
b01,0,0.5678785480715554,0.766488752263818
b01,0,0.8307600917481344,0.5676393720509701
b01,0,0.5223466122976221,0.7189165532271657
b01,0,0.28802771286290385,0.5212873383823677
b01,0,0.21072402431075352,0.14280821358461718
b01,0,0.433377653545722,0.5916909796829559
b01,0,0.3936803025189382,0.5364242217487569
b01,0,0.6003748822838321,0.8794383100075863
b01,0,0.30617572970973783,0.3446726470520452
b01,0,0.291456101533522,0.3349015318758179
b01,0,0.35937920584430727,0.4027012709262672
b01,0,0.3666935116318826,0.7416302630472323
b01,0,0.4675321507741983,0.8019674288995068
b01,0,0.9454553596873616,0.788400159747354
b01,0,0.3101436738341564,0.8051872088619885
b01,0,0.49512910760361123,0.6093803311719749
b01,0,0.49436143767072455,0.6615068669733363
b01,0,0.2941879699293041,0.5833601867711788
b01,0,0.19880100512994522,0.04836634161091437
b01,0,0.6547720652996112,0.7884461436423194
b01,0,0.20395953676228779,0.03923936171194521
b01,0,0.25958030535732357,0.30872036116535134
b01,0,0.20936164756434175,0.09051624679497565
b01,0,0.23843146880110144,0.33232926849875494
b01,0,0.24322021183879036,0.07806065168842916
b01,0,0.24503364362137595,0.13524092984335945
b01,0,0.2385868087377804,0.20784590492387034
b01,0,0.2287230154632832,0.07251626226567548
b01,0,0.4839509751266143,0.7501969497042739
b01,0,0.3043253716124084,0.2688029999185544
b01,0,0.22646146137511952,0.04996373958695042
b01,0,0.38431894393280197,0.33661651547111143
b01,0,0.2826948571930322,0.25973025931998833
b01,0,0.3316283573276163,0.6417345301111342
b01,0,0.8420577309362787,0.21229155036866923
b01,0,0.3559645136280456,0.4719740981950703
b01,0,0.2398195533071675,0.5617669960811771
b01,0,0.3611578564691072,0.5428335353326219
b01,0,0.3612006725208715,0.28789579097795703
b01,0,0.32884972562329445,0.533486331273718
b01,0,0.26390461297473455,0.11899180100283331
b01,0,0.37755715262779643,0.14103828754764738
b01,0,0.3644828876660032,0.8086930894718248
b01,0,0.2832622316883353,0.3715603623630441
b01,0,0.26709862423535385,0.05737888267895497
b01,0,0.28932450129988857,0.5889098855449196
b01,0,0.36252753105437646,0.6047377980674866
b01,0,0.37129911251910247,0.7974945864093074
b01,0,0.24316142217340914,0.04074379576491309
b01,0,0.3379138860564774,0.5323727837183642
b01,0,0.9216162593154823,0.6386443848489448
b01,0,0.8834921703499397,0.39307578017657274
b01,0,0.6314659397543024,0.6649017683085502
b01,0,0.45995337885183574,0.6510946063718681
b01,0,0.49087576577320147,0.5088835583384982
b01,0,0.34155344323037723,0.7144489163361247
b01,0,0.5702951865605493,0.6358021291783867
b01,0,0.20338973244923617,0.2137314174343476
b01,0,0.5222906563438816,0.7088225323817042
b01,0,0.1849249790400082,0.2150097624588173
b01,0,0.30551955912126705,0.2990716087110802
b01,0,0.5000056626899082,0.6535278100013593
b01,0,0.3817347020292116,0.5462814828021914
b01,0,0.5668806885663712,0.7330660616679139
b01,0,0.2759197402933066,0.12766784582162344
b01,0,0.30961782981543406,0.6824334407740961
b01,0,0.4716765049894509,0.729473044074009
b01,0,0.3195373822612793,0.0278972404703872
b01,0,0.7362268115971937,0.6645406553759119
b01,0,0.6645340958600156,0.6968739095471581
b01,0,0.845839916647297,0.28648297407198514
b01,1,0.8497272767063289,0.6480897138004009
b01,1,0.747787644800533,0.8137314322439758
b01,0,0.2777262825473404,0.4218293005944777
b01,0,0.417857649664854,0.6203178101079082
b01,0,0.5476998063613133,0.7068698086249117
b01,1,0.8762155450262754,0.37362706846167915
b01,1,0.8008421244097497,0.8538013371432216
b01,1,0.8143406556019726,0.8745213376920539
b01,1,0.4552896031878165,0.6241089679605857
b01,1,0.6096607361558477,0.8847549556642956
b01,1,0.6002130229617151,0.8040419193504627
b01,1,0.5525568479799545,0.7891619106877258
b01,1,0.4494172390438549,0.7294052403819891
b01,1,0.6168170683229689,0.8345326916189832
b01,1,0.33054527589929583,0.7809885703604299
b01,0,0.3188370981042755,0.17407070866618118
b01,0,0.8181961627860946,0.34986476137293643
b01,0,0.5842472603310538,0.7265569170748056
b01,0,0.44089450776562167,0.5416622509265893
b01,0,0.4869970264718469,0.6826320995463865
b01,0,0.4178418756930857,0.5667901054596376
b01,0,0.36137575589486765,0.5877496198546598
b01,0,0.8702384468162998,0.7473295175180326
b01,0,0.5163647201836783,0.6860715805021648
b01,0,0.287958329056192,0.46425373380243123
b01,0,0.3810946688246106,0.6010242297524091
b01,0,0.23376964620889237,0.19772279293952613
b01,0,0.12013755263155808,0.3199259452551317
b01,0,0.14684367780045599,0.22277047848149456
b01,0,0.15692062337507975,0.09260496105404853
b01,0,0.28023837128187423,0.7474687461738048
b01,0,0.1479586176523759,0.11528848966638694
b01,0,0.25485954992419696,0.4382991895680368
b01,0,0.20057059517057144,0.0863512630947755
b01,0,0.2290296268899581,0.5043155680032633
b01,0,0.17440115538019094,0.3606313578744452
b01,0,0.17862149262010252,0.12284149591557376
b01,0,0.2617435809252105,0.6774423540867546
b01,0,0.3935485846315927,0.827643350054621
b01,0,0.30231309512150156,0.34469751704963447
b01,0,0.14276509133466114,0.03247411164565302
b01,0,0.17541342333283885,0.5438523771486199
b01,0,0.15652329595140063,0.45174897734536956
b01,0,0.10443790815565131,0.0786867466197843
b01,0,0.26179782168708354,0.593371253156867
b01,0,0.15017421170565828,0.26504563693082733
b01,0,0.21382145514695575,0.043474886033720996
b01,0,0.12903089128521925,0.09462057725687868
b01,0,0.2075594811428234,0.530510804765076
b01,0,0.24085479064750479,0.33912379330307696
b01,0,0.18074103135715275,0.07178004006061409
b01,0,0.16589427953784863,0.25806252336045665
b01,0,0.33077425358944756,0.5649241028819398
b01,0,0.43498810981219843,0.6778524933802286
b01,0,0.20190382840035592,0.7561056210218023
b01,0,0.36834787582151746,0.7401641412163852
b01,0,0.26430085436835393,0.22393398830947467
b01,0,0.21373835309529718,0.009737276558628617
b01,0,0.1915388153960769,0.06427791105238377
b01,0,0.6379765007566182,0.8359402497335529
b01,0,0.24037851154028983,0.0743504061204611
b01,0,0.2542571742792591,0.13747429940061037
b01,0,0.9004478675791835,0.5190948064799409
b01,0,0.30999442001947114,0.3833133217468209
b01,0,0.34993443062475754,0.6891081212215888
b01,0,0.7703084062346957,0.7054885204233188
b02,0,0.277930976404735,0.660707285741603
b02,0,0.26037132453010625,0.767681362274502
b02,0,0.31817629208785264,0.8277118000048718
b02,0,0.2903674466052891,0.5186117899393002
b02,0,0.37119293943577947,0.5097419745445193
b02,0,0.23137177208723222,0.22388266820793165
b02,0,0.42218120749539007,0.47832820433448625
b02,0,0.4278084968162461,0.7026266182668073
b02,0,0.274534913008034,0.5808879209423822
b02,0,0.24012262205077564,0.24698303946968972
b02,0,0.18645897135266956,0.5714492139080641
b02,0,0.2562278096470456,0.7945945595028028
b02,0,0.2176690845683849,0.7628971595073945
b02,0,0.5156644815863147,0.37834814235544867
b02,0,0.205031223042761,0.6052967726701154
b02,0,0.23057179777980213,0.7282126547704847
b02,0,0.2540638930200043,0.779338843230725
b02,0,0.2185370683077983,0.6453083654473223
b02,0,0.38898186214997316,0.6312456232920912
b02,0,0.297779017748865,0.4104564568425574
b02,0,0.5410726007176049,0.48204306098413996
b02,0,0.3158899787088242,0.4987395908468827
b02,0,0.30462539587269144,0.5789950921764953
b02,0,0.25817102057221536,0.42141171819174
b02,0,0.4452670048736957,0.41595306153691675
b02,0,0.2714139556962405,0.6175985047253522
b02,0,0.43332796591362355,0.7781750308249359
b02,0,0.342541730049653,0.1662489961007749
b02,0,0.35423441798242056,0.17841647427380428
b02,0,0.5638940765858963,0.5690994600694508
b02,0,0.25765937590050714,0.511190881693787
b02,0,0.28948114248188783,0.22858615344704145
b02,0,0.3010599277641029,0.7293887992175537
b02,0,0.31234230355585724,0.3837354419770081
b02,0,0.32254270269753654,0.6011511507274412
b02,0,0.3293913666774879,0.31343343709372457
b02,0,0.5279605052866863,0.45222013048654947
b02,0,0.1702586867440352,0.525789749781258
b02,0,0.20419939822656072,0.2178682054311373
b02,0,0.1372831828531343,0.5061832831606612
b02,0,0.06524078324905323,0.10261269258558857
b02,0,0.15587965363666068,0.46041879844490635
b02,0,0.1213996782515008,0.3794904463873867
b02,0,0.093998977499445,0.2867895791945249
b02,0,0.1380755613909715,0.5918031582405097
b02,0,0.05104504484671058,0.013943610386185329
b02,0,0.1535526159275658,0.02806016831755171
b02,0,0.14631409627837727,0.07192639140977829
b02,0,0.19148319205988176,0.6504953985539813
b02,0,0.2304302968817427,0.5947743615831576
b02,0,0.42655704097566327,0.8121886931756002
b02,0,0.15638319122461647,0.3006687494970989
b02,0,0.11075286913021375,0.17041402403499337
b02,0,0.06599608218366766,0.013525067848507565
b02,0,0.08617672972196591,0.07043029277103457
b02,0,0.19302096620121428,0.051277448104354646
b02,0,0.2660198714133221,0.7649967116998089
b02,0,0.17990771764957517,0.16572526752403105
b02,0,0.09320557751822264,0.10443413223794655
b02,0,0.09936313645003095,0.2994667323506093
b02,0,0.07353793455236676,0.015451175821613945
b02,0,0.11881777826077955,0.6256851695800271
b02,0,0.08651371746333425,0.04865315214697585
b02,0,0.05304760717394773,0.005364123479024692
b02,0,0.17507970210329107,0.03870400793392722
b02,0,0.19049234623029937,0.15180410438684436
b02,0,0.1923296669611682,0.27018939045742474
b02,0,0.18358393068903758,0.7787533933448817
b02,0,0.17878346213172353,0.15605842817858578
b02,0,0.09534607427287745,0.008242614502146764
b02,0,0.13278212751317703,0.24951800543866165
b02,0,0.05165015522835425,0.014337444610789143
b02,0,0.09017627316593786,0.012755321245680818
b02,0,0.05119763920854812,0.025156516965084707
b02,0,0.08212989769255427,0.026681238013370703
b02,0,0.08119223351459627,0.015162642595072813
b02,0,0.11395394884605217,0.06307961912358394
b02,0,0.18675801116318977,0.7356530502992973
b02,1,0.3559815019867826,0.6578064485673456
b02,1,0.5613614218044225,0.7903760612553872
b02,1,0.27588922055228354,0.8088437843838413
b02,1,0.2610910404460311,0.7165528265186647
b02,1,0.38353608200367717,0.785976245500581
b02,1,0.26228269705337653,0.8048983724988508
b02,1,0.22900846545292936,0.700758011138382
b02,1,0.1346874031249296,0.5431160839509763
b02,1,0.21846415074882794,0.8629222894400596
b02,1,0.24066689121826526,0.073996689354161
b02,1,0.2888116182315255,0.18493887986015864
b02,1,0.1323845066486869,0.18816633440565547
b02,1,0.13485698127037524,0.027083722755911872
b02,1,0.1214472738736267,0.2023348081794597
b02,1,0.10596221862324268,0.043278272369284214
b02,1,0.31306654369573267,0.7852142989268863
b02,1,0.21171555154714122,0.2635916572739963
b02,1,0.08113518014491462,0.012277889848180993
b02,1,0.1818889586249406,0.1703517836408895
b02,1,0.09169087254887649,0.2306579419677933
b02,1,0.1891433959123634,0.05520933242709061
b02,1,0.15287755782124282,0.07983692808806371
b02,1,0.33220739619725714,0.4939841278624101
b02,0,0.11280524236639103,0.045966931806822944
b02,0,0.18703747394138978,0.5218653359691
b02,0,0.16245443390397943,0.08231464664550635
b02,0,0.2772485098004054,0.44993860741427066
b02,0,0.1346624092712985,0.14985558578680414
b02,0,0.20937177677321048,0.434621016920373
b02,0,0.16781098906496134,0.7074584472069594
b02,0,0.1811271086294308,0.17126685150256843
b02,0,0.1660760910836681,0.6222244464090033
b02,0,0.13680782436777902,0.35916461861071575
b02,0,0.21327554104707813,0.22676094197268054
b02,0,0.1885766806308559,0.7125924771188636
b02,0,0.0977628018402047,0.3962505875753336
b02,0,0.07145235379470813,0.21428838268775274
b02,0,0.20128598623593866,0.8592831924574147
b02,0,0.2095682477439664,0.6252316630888949
b02,0,0.15043713441625492,0.5357028686406802
b02,0,0.30885344867008674,0.7179223421612483
b02,0,0.1415589054569922,0.16888524363504986
b02,0,0.060107281675243075,0.023898814504026762
b02,0,0.11219710816430936,0.37202945269612
b02,0,0.1208600127631194,0.6109461156623504
b02,0,0.07913527740807284,0.01928714080639421
b02,0,0.0998994992907775,0.09975831051995038
b02,0,0.2490546635524151,0.5007856901371412
b02,0,0.16676230406887338,0.8194197540428193
b02,0,0.19657148530396862,0.8581084498988515
b02,0,0.235729731010189,0.7495976578186684
b02,0,0.19041863223540997,0.794334975994268
b02,0,0.09491761180097613,0.06461611100245301
b02,0,0.05049750529347441,0.013767401995438208
b02,0,0.07325168527952453,0.11585579373050874
b02,0,0.16583175784789492,0.011625281892840586
b02,0,0.1306572650826962,0.10462416947425968
b02,0,0.08046282400182478,0.23048728554265055
b02,0,0.24185017495971692,0.7476335083054069
b02,0,0.3935574742211433,0.6960304283803304
b02,0,0.5372725991319828,0.6069024190851499
b02,1,0.26869824284526694,0.7661308984271678
b02,0,0.2416854908099868,0.17635611780820826
b02,0,0.2735107387289901,0.0725444079377721
b02,0,0.22126113270032094,0.18060328258884673
b02,0,0.24632520016733314,0.1232339938526657
b02,0,0.2331436178469995,0.020929522282600633
b02,0,0.23076082187399397,0.02547246162860535
b02,0,0.4401090042680241,0.6044854306110965
b02,0,0.22740626309102394,0.16115485195319418
b02,0,0.2592773497503163,0.005993972252056191
b02,0,0.24568593720823625,0.04487352682002324
b02,0,0.22457914289303094,0.14484518643142716
b02,0,0.2773660110968992,0.14915561000741445
b02,0,0.24678306516744272,0.222365418391305
b02,0,0.21708644345474193,0.004854658185272545
b02,0,0.2218801990465935,0.1145696176443528
b02,0,0.2546954083511261,0.32307221431007266
b02,0,0.21979302571361908,0.018466045623162362
b02,0,0.31468412509679716,0.400935554134739
b02,1,0.5293892779131611,0.8753251421319572
b02,1,0.43706444827335883,0.6478863639753617
b02,1,0.2215578543757135,0.8385129557083657
b02,0,0.21829476569674214,0.252947167266644
b02,0,0.23573697038956148,0.038859869292271365
b02,0,0.23357908735769403,0.009383366745799426
b02,0,0.24462499691104586,0.09087758104925425
b02,0,0.25183589286483665,0.06766883481997919
b02,0,0.2577677397545445,0.3414032835553168
b02,0,0.25839133727699015,0.01702584136975656
b02,0,0.23860485211717405,0.30238546408122086
b02,0,0.4720968318865959,0.8988741794941856
b02,0,0.22508356738380553,0.6898583637261929
b02,0,0.27016414322924526,0.8854773042597465
b02,0,0.4096023614777923,0.8718616575681867
b02,0,0.31839391123795374,0.7575406915569655
b02,0,0.22428141936836762,0.08001638018344477
b02,0,0.2510753914895074,0.3755842619446754
b02,0,0.2398454161390304,0.3760073444162985
b02,0,0.25226706313377806,0.12063132587368752
b02,0,0.23204187775066717,0.4124135628818642
b02,0,0.20922526504425668,0.5014689555815076
b02,0,0.29637717601339764,0.03075333987271862
b02,0,0.2565637410176875,0.037538079885865806
b02,0,0.22567973364431182,0.29609209684816157
b02,0,0.615939597062487,0.2213696234249984
b02,0,0.19713921123063813,0.006408487377764801
b02,0,0.2168610372496994,0.08592110082039378
b02,0,0.1762443006496806,0.27197178155390545
b02,0,0.2119767867291024,0.4276074736373827
b02,0,0.22735585082465118,0.27034912627673835
b02,0,0.42008697186867044,0.1857642127790729
b02,0,0.24934322177795912,0.006366111807146854
b02,0,0.4190444026347594,0.19943189196110384
b02,0,0.22867920230898825,0.004870523009960494
b02,0,0.5783961093771106,0.398391927855215
b02,1,0.28748356281461224,0.3037154335327246
b02,0,0.18448250168162067,0.7309389982136184
b02,0,0.13722917017802772,0.6309247754673648
b02,0,0.12548974655714565,0.21464144530038085
b02,0,0.1108351352389324,0.37476427922880456
b02,0,0.0626840649177646,0.013210821165139728
b02,0,0.053692071543348686,0.014668960421534951
b02,0,0.07252354208793764,0.027616527300087002
b02,0,0.0963631012226867,0.3470315439045138
b02,0,0.06258478555701856,0.003508214903938802
b02,0,0.05372531346365252,0.008760077474556873
b02,0,0.11648868408402001,0.006108966323837617
b02,0,0.18789313034477537,0.20686678812571255
b02,0,0.17562237898936991,0.6370586280186732
b02,0,0.04680906105148575,0.007119518118741536
b02,0,0.16383186309195671,0.20584884715961504
b02,0,0.20782370806444128,0.6404861420476428
b02,0,0.11931331968055578,0.4773635535158986
b02,0,0.051660138213371114,0.0033760888983084664
b02,0,0.10912408274705648,0.05002908509754238
b02,0,0.07811240004996585,0.06627928848405167
b02,0,0.0777908330316355,0.017684187048601287
b02,0,0.1691628964463552,0.3520610598173627
b02,0,0.15501037070801615,0.6553047230132879
b02,0,0.11614728815867828,0.3740748596678363
b02,0,0.21262719531828392,0.7583773713906405
b02,0,0.24462738083303437,0.7323863747989625
b02,0,0.3019319399117864,0.4436021111241603
b02,0,0.4779253208471537,0.2873878169678212
b02,1,0.2867660874515068,0.7674572564398335
b02,1,0.2785046201634688,0.40795803136432135
b02,1,0.3074348615840643,0.6680871869683569
b02,1,0.39595567344772664,0.6323529955560242
b02,1,0.2519479464780248,0.6977147865302162
b02,1,0.28558914977332583,0.5221868801498875
b02,1,0.29976612103418043,0.8278429072055278
b02,1,0.14646972886875487,0.14489617085135048
b02,0,0.2139646756947163,0.8342296837151952
b02,0,0.17249253698781458,0.5315277481090557
b02,0,0.2430388450867878,0.6655370738959971
b02,0,0.25377741715733687,0.8026331239257017
b02,0,0.3551215000882404,0.7168627837969614
b02,0,0.13639172694291535,0.5150802369308148
b02,0,0.07944977523427142,0.025953488646409176
b02,0,0.053864105730435395,0.0040683580049417365
b02,0,0.10297338752539467,0.14860488773948885
b02,0,0.10617410366324921,0.19157678697716166
b02,0,0.11087841332022054,0.35181419263709274
b02,0,0.18797397924724663,0.5393755385267099
b02,0,0.09982007050958962,0.33853633424746615
b02,0,0.14797974663708577,0.05678917622355428
b02,0,0.09033794027835423,0.2035764700373231
b02,0,0.13420453492501133,0.23126370091786685
b02,0,0.07817903543657438,0.023482923242159524
b02,0,0.09408220440106252,0.2917534712378986
b02,0,0.06106844849207961,0.00788538302185095
b02,0,0.0657426749544987,0.01591136720420861
b02,0,0.05228113651969972,0.002324026167496919
b02,0,0.21722578753317548,0.28047991014285895
b02,0,0.1695583521526239,0.11593730364828252
b02,0,0.14715770395622374,0.4723560977824528
b02,0,0.10420244320741696,0.27865190069989976
b02,0,0.2041530469784771,0.05697529950731891
b02,0,0.13801477108828286,0.043401362841155394
b02,0,0.23726095040043113,0.5400985287644733
b02,0,0.12448564309017876,0.038765718590465646
b02,0,0.19450764024654907,0.2427891281004117
b02,0,0.1714704081789683,0.5334774601486163
b02,0,0.2828917027232481,0.8609909042533609
b02,0,0.31199625399630476,0.7694380249690749
b02,1,0.23377322436262454,0.8523372788409642
b02,1,0.19829260678850452,0.7092938708690234
b02,1,0.11453699848807158,0.12173204360834908
b02,0,0.15550070834652183,0.3556749534036004
b02,0,0.0452271947528018,0.005561146568624662
b02,0,0.10905710610695811,0.023094774239152013
b02,0,0.05752414147762713,0.0011266982821588254
b02,0,0.1423122332281855,0.6848780715258486
b02,0,0.1007585429758033,0.4088286688209226
b02,0,0.1465162286895639,0.2799638330609336
b02,0,0.21136682113183766,0.6309807734257589
b02,0,0.08120872917211952,0.034086877092067334
b02,0,0.09589896079478029,0.17062264603792082
b02,0,0.14528461759653538,0.33740379956705197
b02,0,0.403275328244149,0.7678307878946526
b02,0,0.3142151515921293,0.04576459043903724
b02,0,0.27140127983870793,0.7506526423825572
b02,1,0.510776669888821,0.5847291236043983
b02,1,0.48792724142484056,0.7732497458042117
b02,1,0.31076241803725296,0.6849267699968871
b02,0,0.1685462197713959,0.24270192853183403
b02,0,0.20242737554922027,0.5545955456268672
b02,0,0.2230721095207668,0.8534172105685521
b02,0,0.3221413085750298,0.7678274568716947
b02,0,0.23367923771087865,0.5992395312484652
b02,0,0.1436283140173704,0.43508107732071205
b02,0,0.07041812220458585,0.08385617536118395
b02,0,0.09596403009484908,0.14734685355400431
b02,0,0.10053812212517742,0.1373177832518713
b02,0,0.08446226605405968,0.013193118504541327
b02,0,0.13168010438329972,0.06055084209032116
b02,0,0.07142235368072897,0.007037569338504878
b02,0,0.18970427948216223,0.3302933649809853
b02,0,0.21076717411254467,0.389933853087267
b02,0,0.2584693711203694,0.2758152763867478
b02,0,0.11377600253879547,0.8746009362649647
b02,0,0.1353003868450018,0.810034607403857
b02,0,0.13459989249763366,0.531888002447137
b02,0,0.08527916342655407,0.1484826624073896
b02,0,0.11914596246029491,0.15720422959571237
b02,0,0.10279301134591604,0.2765496658576061
b02,0,0.22728162001979166,0.27959715245990685
b02,0,0.22037988302667272,0.13853229487744612
b02,0,0.23144209341330743,0.22879955673807317
b02,0,0.16581863306166447,0.04001793720897746
b02,0,0.25856022674786644,0.6451444559937926
b02,0,0.17309697714695205,0.3829301212587274
b02,0,0.14527326728003356,0.0945897740401344
b02,0,0.12286263087082316,0.16177642073361664
b02,0,0.251672486738206,0.7884696636489141
b02,0,0.2552332544411606,0.31048739599896236
b02,0,0.26099865072274037,0.31847266896397064
b02,0,0.30735288882927836,0.366058471638883
b02,0,0.331940229011536,0.21983474467420738
b02,0,0.3274429256023014,0.31413599919666974
b02,0,0.356083094641819,0.27940621428726614
b02,0,0.5475255926392821,0.6045867307500068
b02,0,0.3407999261082654,0.6269893252498392
b02,0,0.3905865753731532,0.6200846321684161
b02,0,0.3839354543989581,0.5996877209945508
b02,0,0.34490494655490994,0.2095826098285843
b02,0,0.3691664933467603,0.6030180498051455
b02,0,0.31189130920109737,0.454672367024299
b02,0,0.43207974617729994,0.530889617296401
b02,0,0.48050090624596553,0.6821666455102449
b02,0,0.3151504025535543,0.3002442562684
b02,0,0.189117306651485,0.48049251766676726
b02,0,0.177988401595118,0.4539682846208625
b02,0,0.23891473957586362,0.6270309704458447
b02,0,0.18184158692064553,0.8217577040909368
b02,0,0.3528380905982645,0.7386142439191616
b02,0,0.3050860056654279,0.8399626416970243
b02,0,0.2590737603194137,0.19784793756098126
b02,0,0.14231861634823578,0.7005589666782097
b02,0,0.1258755136029857,0.3526177680630452
b02,0,0.09233912550217956,0.028621166586811696
b02,0,0.1822895587218781,0.4097179301991071
b02,0,0.6143224485792838,0.49807339039859844
b02,0,0.343850872940255,0.5128349535224843
b02,1,0.3494934387101452,0.5509999459129555
b02,1,0.4590302061772991,0.3157850170057002
b02,1,0.31398548560175926,0.8438145297167798
b02,1,0.3914156963766004,0.7297510856654674
b02,1,0.46046167584892816,0.7306683372141498
b02,1,0.4673872422160221,0.4391285766022807
b02,1,0.24997722652179338,0.824409637445591
b02,1,0.29631947409336695,0.8414143111197686
b02,1,0.2969899308204279,0.8591371340808192
b02,1,0.25800059518693275,0.833509699508379
b02,1,0.43770665474947107,0.8216261437522085
b02,1,0.23340188341992577,0.7558859758012717
b02,1,0.38209737319603176,0.333275547607572
b02,1,0.2172557598791541,0.8088089947494863
b02,1,0.23760079696971134,0.8335848077013327
b02,0,0.6049274327445213,0.7217655826631196
b02,0,0.143535187023846,0.8236488066860035
b02,0,0.08719504145062844,0.12807134711495383
b02,0,0.09845377706126487,0.04423766887394032
b02,0,0.1530233949500129,0.26619772835791267
b02,0,0.3010635225369021,0.48314077020238644
b02,0,0.3528837896144398,0.3354325678841096
b02,0,0.3000759946782803,0.043187413411961285
b02,0,0.38537919448650365,0.7038333258955535
b02,1,0.5287406557419903,0.8570174955515893
b02,1,0.4671383083390776,0.4770318254082677
b02,0,0.34253153052771906,0.7377082560307033
b02,0,0.43814638013864143,0.4057695777757855
b02,0,0.3402516396227952,0.32878911388665494
b02,0,0.3698809154744856,0.398849345050517
b02,0,0.4767270370177645,0.45546572111241806
b02,0,0.36291503617246734,0.33056236761227314
b02,0,0.36391821532989815,0.3862746249897531
b02,0,0.35976759601924313,0.10396366339247577
b02,0,0.3301040739240028,0.43808426195539596
b02,0,0.5833245308389454,0.9401566135121752
b02,0,0.32046314827780276,0.38791165399777955
b02,0,0.4223621406270373,0.37836461126558346
b02,0,0.32679215622967195,0.25247002784307426
b02,0,0.3328333841249074,0.28486491550908893
b02,0,0.3932327025895048,0.5757938430937981
b02,0,0.3966101926131335,0.5378235017756144
b02,0,0.26965470573917627,0.6727864189964528
b02,0,0.30800311526153745,0.7298782462266363
b02,0,0.26674789739701865,0.243591770589888
b02,0,0.33881753740260023,0.894641520932573
b02,0,0.3617960253478794,0.24645259545434342
b02,0,0.25971582048951236,0.2203919958841627
b02,0,0.21656269415314727,0.614293573316582
b02,0,0.11437047601450931,0.058676250521746666
b02,0,0.14624902315433672,0.6151568936794182
b02,0,0.2967551520647068,0.2052256311814187
b02,0,0.13743722403330957,0.44138026747858106
b02,0,0.2696743547582441,0.7940215492411529
b02,0,0.2440876908701597,0.659398434422634
b02,0,0.20189215259757298,0.5162138809633658
b02,0,0.2630860163277492,0.6631097311157133
b02,0,0.19906586207250992,0.7221207248131184
b02,0,0.17335610329481876,0.2618018844251845
b02,0,0.10908956404771664,0.4423836683937604
b02,0,0.1345611990678131,0.26941932960864035
b02,0,0.09011350548486202,0.02240930082190877
b02,0,0.24526793879077904,0.8552221605714418
b02,0,0.06446348679160614,0.01435246232986236
b02,0,0.2050355072229706,0.7281796368278639
b02,0,0.18304264036577136,0.4800969093688846
b02,0,0.14094667498828953,0.10141173941948269
b02,0,0.12955388091394693,0.7445007159707304
b02,0,0.2740445939622224,0.842799720216226
b02,0,0.14648939466038874,0.2024784899546002
b02,0,0.046562004278401535,0.0017190111711056244
b02,0,0.185732721534108,0.3616609679549232
b02,0,0.2531591886724909,0.773640277944486
b02,0,0.1615163438370565,0.7836511933245929
b02,0,0.1423146748568234,0.4695658878684905
b02,0,0.3625257309148154,0.22370459421885064
b02,0,0.3496738919709252,0.8782219301238635
b02,0,0.33931426740537535,0.5759650156457611
b02,1,0.1513181148969202,0.30844641048806176
b02,1,0.1989351389502893,0.35841003269215493
b02,1,0.18247957990682953,0.12860467597314057
b02,1,0.18833529965518767,0.13947126151858602
b02,1,0.2818366777619368,0.46489001333799984
b02,1,0.23148077755771085,0.25545366639591816
b02,1,0.37345543389269137,0.4833665918515964
b02,1,0.3959439868150753,0.26441634875682574
b02,1,0.23299205518694943,0.44841311369052267
b02,1,0.23203055609773546,0.20441386584188642
b02,1,0.19938816032211096,0.24299810603984834
b02,1,0.20147822100355972,0.5381145232988217
b02,1,0.41164444613297363,0.7578193637096404
b02,1,0.2586774613343739,0.5675371538939256
b02,1,0.1325399038978558,0.43967453692300046
b02,1,0.3105492904244005,0.818396912558544
b02,1,0.4060205728850796,0.8297902022491616
b02,1,0.2316142602826792,0.285573139782393
b02,1,0.16563946219800607,0.10367296889612648
b02,0,0.15758795209836238,0.020392791485723462
b02,0,0.14351037767763933,0.039304378874978965
b02,1,0.29150512242696874,0.6084030860406638
b02,1,0.1861044187425437,0.682310019822711
b02,1,0.15777357426691663,0.21807582732743147
b02,1,0.23316873497280996,0.9237268783922173
b02,1,0.14211526437119545,0.04143635987235173
b02,1,0.21047007039854482,0.6412408573049222
b02,0,0.19316578218326574,0.43911582971811336
b02,0,0.1484048465092801,0.4888065076477618
b02,0,0.19578155454799187,0.14952597641923623
b02,0,0.3576639392437393,0.7102442999397415
b02,1,0.19736944200726164,0.33487260953236975
b02,1,0.10718705191747635,0.24914389656291797
b02,1,0.08383201531527265,0.06821245761053023
b02,0,0.14770316784281984,0.23154614552096456
b02,0,0.09866129657650649,0.4112137696763246
b02,0,0.07150725950495192,0.0033065682327197707
b02,0,0.08588762201686256,0.03308914740292719
b02,0,0.1298119210035153,0.07416040717678278
b02,0,0.16087670604220344,0.4126804043279087
b02,0,0.18972068215721255,0.5043839004926447
b02,0,0.10314391966021833,0.31047195918086634
b02,0,0.17498847861877878,0.5828476025855603
b02,0,0.1147412072174889,0.11076642008014939
b02,0,0.10356457405682433,0.2458493976738684
b02,0,0.11439043433074313,0.21227103000198957
b02,0,0.16422620946343278,0.6029281355225234
b02,0,0.09865359551526756,0.0020611465381022466
b02,0,0.14975120430796343,0.12149052788523935
b02,0,0.19972730907660352,0.6940470213095807
b02,0,0.31131442100696294,0.7289023278577516
b02,0,0.17028846478167764,0.11563054395142626
b02,0,0.1950856867644014,0.6694803037850378
b02,1,0.33680051406252687,0.9340619011157609
b02,1,0.3703125089922034,0.24530118259508332
b02,1,0.261646350616213,0.7621639916597523
b02,1,0.29012439246921523,0.7945727358572118
b02,1,0.4507825873222656,0.792212570634175
b02,1,0.3372565990283486,0.5118468929101773
b02,0,0.17516642956434011,0.4110254686103704
b02,0,0.18163680416682995,0.5715404118865627
b02,0,0.19237740572491915,0.6612574655701844
b02,0,0.10634419850364718,0.4777067994971094
b02,0,0.11589705283330826,0.3063804501174005
b02,0,0.11506718126042213,0.5116551842550998
b02,0,0.15079139429119462,0.427234720345399
b02,0,0.18712511026094217,0.5830394936136709
b02,0,0.19013987281870265,0.7505149421933008
b02,0,0.15085164961944725,0.6910473553570852
b02,0,0.2804331817987464,0.745946637221047
b02,0,0.2628309324730744,0.7021329038384826
b02,0,0.13927311796196237,0.225344292283507
b02,0,0.22222538340866643,0.5426839993503786
b02,0,0.22711682216957743,0.5610064300941666
b02,0,0.0634905589850578,0.056671953709460356
b02,0,0.20476813829359636,0.2623051678349701
b02,0,0.2727686699370246,0.7175034076466036
b02,0,0.48527427478206064,0.8098672817721109
b02,0,0.5039281480016264,0.5776953295845448
b02,0,0.21978523041765827,0.3361508405433055
b02,0,0.28514953752960326,0.10742659855815824
b02,0,0.26673628446617237,0.2236446114052207
b02,0,0.24507469848363037,0.41094127396954294
b02,0,0.3804544752661226,0.7708952017524262
b02,0,0.3731917051317622,0.49302675672549034
b02,0,0.3851658134464788,0.4698430329880201
b02,0,0.40441359901278745,0.5965076629476808
b02,0,0.43002057546058026,0.8071285393888676
b02,0,0.424625743555751,0.5678296837287458
b02,0,0.36800587776874527,0.4781927821426909
b02,0,0.40797041552919316,0.5673537053735488
b02,0,0.6067204865234128,0.7432972910558854
b02,0,0.7943015964821335,0.6687441638720607
b02,0,0.26402519449420425,0.8179388687946124
b02,0,0.24449942133919741,0.831874006328359
b02,0,0.12393895458781548,0.5865150654443784
b03,0,0.434254332831446,0.788408217735185
b03,0,0.2501434381510073,0.0026136019407224276
b03,0,0.34791071728744755,0.13220513230476344
b03,0,0.34021464810671054,0.18613349712682808
b03,0,0.30651351642285085,0.019004594463998124
b03,0,0.70675230694278,0.2282389960031741
b03,0,0.35003986408417975,0.05492394508645762
b03,0,0.3639707264632502,0.2041252001820432
b03,0,0.43392342024774183,0.1998963934369371
b03,0,0.24050329126853284,0.042863843721988246
b03,0,0.32803170160978956,0.4508718495694632
b03,0,0.3617182443777685,0.8552849974138903
b03,0,0.3687202826412769,0.3498356448748432
b03,0,0.43900828879871123,0.7412606106583784
b03,0,0.7645441135818011,0.613060395844082
b03,0,0.5526197725927147,0.768558326431217
b03,0,0.3149546294697162,0.07351389487484361
b03,0,0.5644157623205456,0.5211889176200333
b03,0,0.3897616158475895,0.5689205208460337
b03,0,0.39049672734605223,0.33468226144824237
b03,0,0.3389214035080758,0.13088371171908808
b03,0,0.28301582668700126,0.2696379441857775
b03,0,0.34215407735046793,0.49765307286641025
b03,0,0.3159376451177942,0.47919181544330425
b03,0,0.4110419585015474,0.2931382765233345
b03,0,0.3854741576234364,0.405360343960504
b03,0,0.41783441437972607,0.33562611545606535
b03,0,0.32185564346760764,0.12458509425715228
b03,0,0.22093842582550124,0.16727930298533694
b03,0,0.6307345501905447,0.7924895899022273
b03,0,0.4728219053988368,0.8119688289217404
b03,0,0.34908710392572234,0.38361657029328605
b03,0,0.5581427770502514,0.5398984406009091
b03,0,0.2276237026667584,0.1295166667833228
b03,0,0.3158041191611734,0.18150469849283402
b03,0,0.2801513574523285,0.2504621149768577
b03,0,0.2834261657642981,0.14948127127220737
b03,0,0.2330476769645492,0.11843228522737148
b03,0,0.3642030367592516,0.4590264862990973
b03,0,0.4486306073397398,0.7244443012560154
b03,0,0.3062152245483364,0.22830694612958538
b03,0,0.4397412482538117,0.1750806915681037
b03,0,0.32750397489948513,0.40183752714356913
b03,0,0.3173187933968757,0.020857674760803246
b03,0,0.4619613275355003,0.38926098328601133
b03,0,0.43133820833766284,0.599739061855515
b03,0,0.4251864843351069,0.10836597531556301
b03,0,0.42497954758758777,0.2539847117876921
b03,0,0.3214776810603013,0.09257397834719022
b03,0,0.3987048626664815,0.1341016445303723
b03,0,0.32963494966592444,0.3902690748996679
b03,0,0.3357240431724662,0.21574892113564223
b03,0,0.30127000508663393,0.017914566236283905
b03,0,0.3073416002716585,0.2596613349365912
b03,0,0.3417978592526807,0.4166788687405519
b03,0,0.550197411462775,0.5835171109850952
b03,0,0.5022552231602574,0.8015709407312209
b03,0,0.2976540607511265,0.033845384999921235
b03,0,0.2778717264759807,0.15229393908055405
b03,0,0.5364089910234339,0.46969399623122765
b03,0,0.30816465717564034,0.044689009807531245
b03,0,0.3137915184112853,0.16498530963213737
b03,0,0.4301998997995775,0.13473566065029502
b03,0,0.21540875748182853,0.07331520614497695
b03,0,0.29164697737575296,0.20154106200434174
b03,0,0.2678999967420632,0.06666081682124413
b03,0,0.2611637345553689,0.05645465934360268
b03,0,0.2128939678140069,0.00940789120965323
b03,0,0.29856870181951684,0.1529111879331945
b03,0,0.4339301866333856,0.8118313183873089
b03,0,0.3263416371114311,0.34531404344509786
b03,0,0.42322918145323446,0.831372283765162
b03,0,0.2567284428327311,0.05859186684440731
b03,0,0.3071569458782198,0.4979250734478739
b03,0,0.2718667652503861,0.0786757803032412
b03,0,0.27099040548899805,0.08968014913021553
b03,0,0.25332211896091444,0.4825538458544185
b03,0,0.2760494413644608,0.03613411979777208
b03,0,0.23757425959696477,0.019225841784518246
b03,0,0.2500903876314302,0.02582532607185052
b03,0,0.21262008699157917,0.011272124606158737
b03,0,0.2688744082465514,0.10218435046048233
b03,0,0.38655229416577463,0.555335258675091
b03,0,0.24993764109339464,0.1760737986328169
b03,0,0.27713487428560835,0.16408450233985242
b03,0,0.25603965535393014,0.041711359366014125
b03,0,0.24855121332499341,0.11837331133216976
b03,0,0.21327829384492836,0.042269160461512134
b03,0,0.35811041799965215,0.5965756799185911
b03,0,0.24899887801413206,0.0187100424281183
b03,0,0.19824182051665346,0.029038067285492488
b03,0,0.33861435699335535,0.2535258022573326
b03,0,0.24175844776991917,0.05848591987811272
b03,0,0.8132311501364982,0.6416642834635304
b03,0,0.2813047985785402,0.05207427884874899
b03,0,0.3656303795853225,0.6217019178826751
b03,0,0.42228913630331766,0.7496600951997898
b03,0,0.40754407669240883,0.46188478754770096
b03,1,0.690013552569354,0.8683964939890819
b03,1,0.43242938255575525,0.2852144315732617
b03,1,0.5641107289507548,0.5176865735113069
b03,1,0.494400078684974,0.20560383922756909
b03,1,0.7204499263850195,0.25018892257800507
b03,0,0.7851351771322369,0.4265551466944076
b03,0,0.3214433263207064,0.12735784701948252
b03,0,0.303417263674674,0.13838703541806185
b03,0,0.32125546389026144,0.22771108706220564
b03,0,0.2820777274175171,0.20200291853792995
b03,0,0.25563401728824936,0.5075617069940822
b03,0,0.36325546103046985,0.5387387162424838
b03,0,0.3095171011316607,0.061680619106352856
b03,0,0.2557622642137658,0.028653738379860533
b03,0,0.2643938166550964,0.04513422032292913
b03,0,0.290795322220723,0.017712256128076545
b03,0,0.2982125366327214,0.15403604069867421
b03,0,0.29344052394451836,0.12067371966995327
b03,0,0.2591602230637531,0.06351230079373407
b03,0,0.24828396824046534,0.027793656487671403
b03,0,0.24309714122597953,0.020327672789266824
b03,0,0.24283604644566203,0.03332304940743037
b03,0,0.24517522902843558,0.005902191972126298
b03,0,0.300387010937877,0.0573431679741848
b03,0,0.20967007532571816,0.009054832415616353
b03,0,0.20852534581616175,0.03531358981348352
b03,0,0.23040819589372358,0.01022908288672705
b03,0,0.2925830479417392,0.14394565930848047
b03,0,0.21775628752486476,0.04950997665355514
b03,0,0.2744493264692659,0.01609639082461219
b03,0,0.24587611139455198,0.010647881134654659
b03,0,0.2886066546845275,0.14881785908190995
b03,0,0.25323881232893,0.07707753153551672
b03,0,0.24934021903353515,0.03733794035978299
b03,0,0.3026279450239793,0.2500272912688344
b03,0,0.25312900333563343,0.06807305317689356
b03,0,0.5173131598549037,0.7094738510384104
b03,0,0.6896710383526266,0.8352375974790986
b03,0,0.5572350931516233,0.6991780923628016
b03,0,0.5021819370838667,0.3000289352978648
b03,0,0.3314240620902877,0.40901280264462514
b03,0,0.2929501332406379,0.2219156140222196
b03,0,0.34305417151029594,0.2658494332411938
b03,0,0.2724922602589958,0.028326018865280276
b03,0,0.3107278911445784,0.3278680444877749
b03,0,0.5449714722016259,0.8576059662760535
b03,0,0.3224925605497404,0.44642209890737533
b03,0,0.4171044922285378,0.4196617028449873
b03,0,0.37185802695292713,0.33156847704667264
b03,0,0.41943251069905935,0.382695214719352
b03,0,0.3076830543092359,0.0900639079848937
b03,0,0.30517504250526933,0.24513274719501857
b03,0,0.3945730734964311,0.24878866752283346
b03,0,0.29215264481215897,0.013051740203562026
b03,0,0.2920811957769491,0.2496602253632778
b03,0,0.18106450334047802,0.06269627572597938
b03,0,0.27298713025518206,0.014453673855282055
b03,0,0.287542323292561,0.031117382240420894
b03,0,0.4732790692867272,0.32573551624907243
b03,0,0.2649381308266843,0.03259839761106107
b03,0,0.2918265463044228,0.18812950460860547
b03,0,0.45397169014617683,0.2174864792795163
b03,0,0.9145147798346045,0.631621017292417
b03,0,0.4227200033797018,0.8713123876305436
b03,0,0.36379107410912387,0.7113227821235304
b03,0,0.640660716605316,0.8579677290959087
b03,1,0.584496134398863,0.5864364627588956
b03,1,0.4871162550464762,0.29635581593337806
b03,1,0.6624168801361329,0.9434641655650006
b03,1,0.6417299847382452,0.9170467262592285
b03,1,0.6795502378925007,0.7978277656365655
b03,1,0.6494722590358523,0.8354043817325181
b03,1,0.7913891831992418,0.8136757316373592
b03,1,0.6613592667439079,0.8865419244994369
b03,1,0.706109450808159,0.6462217137733368
b03,0,0.6323142556998859,0.8332478949167929
b03,0,0.39420710676176307,0.6038914043626297
b03,0,0.37332241906406394,0.6386459569398047
b03,0,0.2758000563270177,0.5004687712626132
b03,0,0.29218852133555423,0.48904819524568105
b03,0,0.4000545484576037,0.7247934532724234
b03,0,0.3896645970765579,0.4029653829106813
b03,0,0.3271884410469527,0.274660438388578
b03,0,0.318039028551982,0.6839885601332382
b03,0,0.2544729051590556,0.6987165991387919
b03,0,0.3924909712682639,0.10637044563092816
b03,0,0.3285843703523251,0.5199463833328797
b03,0,0.34010910945458717,0.15720173368260337
b03,0,0.2893547525726302,0.3140601066008098
b03,0,0.2626659180287439,0.5972800981994473
b03,0,0.29579294796263483,0.5811430543694641
b03,0,0.23898763924398,0.21747321876174364
b03,0,0.43452154264319687,0.7776386099260589
b03,0,0.4293961830585653,0.2971505856117426
b03,0,0.2969689468733996,0.8103966287433663
b03,0,0.2945040760040686,0.38925035365740385
b03,0,0.25821033335720484,0.9102293874772305
b03,0,0.2921791405448812,0.2994332392080753
b03,0,0.29507256621705485,0.6274220040235303
b03,0,0.23912518116562803,0.38521584383710195
b03,0,0.46501138486673693,0.43108927363511007
b03,0,0.4186339504150058,0.7734083799875894
b03,0,0.4059206895701477,0.6424851834534894
b03,0,0.31461119426963463,0.4353636618534498
b03,0,0.30406631939931855,0.6780527364400105
b03,0,0.3314537546358262,0.48460751771129174
b03,0,0.292214188791567,0.5312393507766032
b03,0,0.27649441871141545,0.5922112132685124
b03,0,0.2926788886977533,0.2623386788526091
b03,0,0.23572390713577243,0.17391277857719228
b03,0,0.5253027967676215,0.6496742844624619
b03,0,0.3685336118865258,0.5273352595803321
b03,0,0.31194523994349094,0.20277589031594032
b03,0,0.32131586163154785,0.6830050153244365
b03,0,0.31870916456741355,0.5405416480123758
b03,0,0.340586149248238,0.39286901083597137
b03,0,0.27565977240131373,0.012981845405810738
b03,0,0.28800757840285873,0.021009703106687375
b03,0,0.38557957984213487,0.08516570311964627
b03,0,0.3787957945979115,0.35223139349575516
b03,0,0.4465296340677464,0.5196046610627275
b03,0,0.25560416428787996,0.05851849555120434
b03,0,0.39502585294485487,0.40686996209162357
b03,0,0.2630735261292254,0.0199459966717467
b03,0,0.4699323732705979,0.768686611676325
b03,0,0.9060455842686284,0.5523735269767844
b03,0,0.41357460052458156,0.4908659034101188
b03,1,0.5540721810069414,0.8666763461733367
b03,1,0.6342751932473613,0.886209530976288
b03,1,0.6124372109895176,0.8954960114807122
b03,1,0.6878718374561782,0.8056109482135604
b03,1,0.6163808253457456,0.40821302732904974
b03,1,0.5900953166595672,0.9074787881855222
b03,1,0.5310657483460977,0.906884907209885
b03,1,0.7527166865951962,0.9316492187664418
b03,1,0.519887316467725,0.3410887155007562
b03,1,0.594904422170473,0.9113825879003206
b03,1,0.6899403448133999,0.9504482477845212
b03,1,0.6406476243006987,0.578011031512198
b03,1,0.654063660388231,0.8665185302706377
b03,1,0.6581917850656434,0.8892431198890732
b03,1,0.7216535300290609,0.6197759032184328
b03,0,0.4992353035400938,0.8401974065860437
b03,0,0.6069434212656093,0.9468858469086592
b03,0,0.41511073099991747,0.6177272563080006
b03,0,0.6310350288930504,0.8770516550633896
b03,0,0.5838553342697663,0.8648574021456239
b03,0,0.5503830648528838,0.8486461749789654
b03,0,0.5063320824496965,0.47225795117826197
b03,0,0.38890602040369626,0.38876950610457034
b03,0,0.41333432292693567,0.6472608155832184
b03,0,0.40403833513518855,0.2717926363507659
b03,0,0.4056415858772926,0.6337716645936557
b03,0,0.29185574479826604,0.30542302800717336
b03,0,0.3778196335056904,0.5568952292563146
b03,0,0.4690716616998289,0.5790912796121165
b03,0,0.4060360038252678,0.2185734175112458
b03,0,0.3017623107258427,0.5263051869071785
b03,0,0.6009778981847984,0.8794555698628209
b03,1,0.5031979074402219,0.8160154082321177
b03,0,0.5372403302375882,0.8610460008295013
b03,0,0.4757465056202503,0.7660126949712693
b03,0,0.5638210789136597,0.8043450694155823
b03,0,0.41737885127576,0.49552643518375444
b03,0,0.3844819145011743,0.42360026641964565
b03,0,0.5197036683237084,0.7970130824347283
b03,0,0.8401400231831131,0.6930351010316523
b03,1,0.5817280746523097,0.8482399267756217
b03,0,0.536227738993521,0.6814053715717276
b03,0,0.4242943235934967,0.6156612405397683
b03,0,0.35608418242299666,0.28386245668627724
b03,0,0.31229229389894386,0.0382297778403703
b03,0,0.30203664347577036,0.5238107018163034
b03,0,0.36330429320096985,0.5951427198727657
b03,0,0.43748497102968753,0.648721463577461
b03,0,0.42749587632748587,0.6643897759471674
b03,0,0.38569044270026187,0.2907928305828839
b03,0,0.3409465121826881,0.19178598456030255
b03,0,0.2658718026060762,0.2388502106656608
b03,0,0.3593261204273773,0.2160240662458243
b03,0,0.3525046049239133,0.2711526420454436
b03,0,0.28396762706095974,0.6458055761371836
b03,0,0.29550062789764964,0.20207959019926408
b03,0,0.29694631205289707,0.2531970709400206
b03,0,0.33783354276330485,0.578807285026912
b03,0,0.32829674086995314,0.22011958906183962
b03,0,0.40612496374797835,0.5953337057718833
b03,0,0.4943571130784172,0.7886710057064898
b03,0,0.28813527137102946,0.5042546687732984
b03,0,0.3687842414085941,0.11421249232344252
b03,0,0.31183973532966586,0.045613279472478334
b03,0,0.3132005785005167,0.1834236817172913
b03,0,0.3732716821502485,0.23830255809885914
b03,0,0.39962237112218374,0.21917852220128425
b03,0,0.5133179450036384,0.7964873167835923
b03,0,0.33407974131190393,0.10764035019805883
b03,0,0.4282582022652762,0.6417960943686275
b03,0,0.29932598542332367,0.03145574068124861
b03,0,0.35039112386690846,0.0446932931706043
b03,0,0.4496054722818596,0.08300204346440103
b03,0,0.3862700076972586,0.4875248051176515
b03,0,0.31875983632275834,0.07439856266235775
b03,0,0.30770959811953297,0.27688083614134046
b03,0,0.48034061631662606,0.07897467206787183
b03,0,0.4043760098959331,0.06516686146990931
b03,0,0.46281869526015884,0.7366494991747303
b03,0,0.3273910972089,0.1562944848877072
b03,0,0.5043419707874611,0.7786321703691963
b03,0,0.4082881433881989,0.5118381329733855
b03,0,0.40658656405147864,0.051560875962494535
b03,1,0.796918591700999,0.7418240365636457
b03,1,0.5066813908440808,0.8330302793046952
b03,1,0.45462722813351764,0.6673173648053874
b03,1,0.7938646163932388,0.43129573887707806
b03,0,0.2655114362010159,0.17816030286934134
b03,0,0.3078988399787216,0.5420522960776718
b03,1,0.5195545026353844,0.4393512883715263
b03,0,0.3768570709871552,0.5227997456836487
b03,0,0.3611126579549743,0.2191586068273283
b03,0,0.3500142076548173,0.29043123468539794
b03,0,0.3959918113103844,0.5781278113956372
b03,0,0.35323259929054174,0.4771631023215139
b03,0,0.3336773755168069,0.5942934181877442
b03,0,0.42508570984115485,0.44817763009770806
b03,0,0.3817044128660039,0.34287429845445394
b03,0,0.3762080758238815,0.17948347851279106
b03,0,0.32118029001843085,0.2435476774965704
b03,0,0.3380129217041084,0.765764360828259
b03,0,0.30909974253321565,0.13699027346158632
b03,0,0.4543550382445129,0.4082739970935134
b03,0,0.29589963609139514,0.4015347336250317
b03,0,0.47336732586172675,0.6038927669859713
b03,0,0.2773874598455473,0.3333565687968456
b03,0,0.3110544290709629,0.30190222413633244
b03,0,0.3274696094165659,0.5704848959548866
b03,0,0.3139840833698033,0.37416234157428524
b03,0,0.3436793890361081,0.22901239715908506
b03,0,0.3612312018476494,0.6849704813877096
b03,0,0.29438677810182945,0.6678816144729253
b03,0,0.32213395800806005,0.5445987206628433
b03,0,0.45633824643502774,0.6604820642674645
b03,0,0.2942774257896121,0.29798282495247186
b03,0,0.3042261916882393,0.5053861935754146
b03,0,0.3179142656176427,0.09128897433436071
b03,0,0.3241094650526653,0.5420154564163965
b03,0,0.2866627596887371,0.2253472793635847
b03,0,0.2372948535120473,0.3022131246894957
b03,0,0.2949837544014073,0.11950899401553097
b03,0,0.32085011257417834,0.562178666111042
b03,0,0.3190717226742034,0.1480161281722519
b03,0,0.23339340537211875,0.16777184867090889
b03,0,0.30205693953130264,0.16047689487111944
b03,0,0.3200985839544865,0.615459141229536
b03,0,0.36856106849378606,0.5980463323649151
b03,0,0.4161829181897529,0.6268635301691398
b03,0,0.2894163260803866,0.8245942042163746
b03,0,0.3215848658491218,0.8416632030492809
b03,0,0.27750235597876427,0.15368849984980226
b03,0,0.33839318423339426,0.21727375133866914
b03,0,0.2930894849904442,0.46009900974508056
b03,0,0.7409370677053437,0.9445404918201024
b03,0,0.6212278166731231,0.7508262298199146
b03,0,0.41830023107148107,0.5534455496591145
b03,0,0.46521658871005234,0.7189142684815384
b03,0,0.4607873522167056,0.7808407967658216
b03,0,0.3202125980869536,0.17915855275082126
b03,0,0.2600079265854302,0.015105306806373453
b03,0,0.4718834529439871,0.26624885090115513
b03,0,0.548208999586814,0.266125675688777
b03,0,0.2817123708875363,0.3680694850562211
b03,0,0.3662799715562774,0.2098422204376764
b03,0,0.3384754313523362,0.33302648214814445
b03,0,0.46582752086215234,0.335533936224955
b03,0,0.39834056418851904,0.6533469380957496
b03,0,0.7964558472405908,0.47676010896576926
b03,0,0.524983089921932,0.8659164312151139
b03,1,0.4787419721366742,0.8627871275415262
b03,1,0.7177982389090373,0.9249844861797638
b03,1,0.5861201819092553,0.9215296292253697
b03,1,0.6944437733541052,0.514626466138314
b03,1,0.5417585072738829,0.775087540872958
b03,1,0.5776400253936024,0.5860931839622303
b03,1,0.7295539269548592,0.8608699809164978
b03,1,0.6938621575187583,0.8921822797427579
b03,1,0.5821369953433632,0.5873644412903158
b03,1,0.7167010978270939,0.8969640031418473
b03,1,0.7699967612466233,0.93612013678074
b03,1,0.6471655275686212,0.9085054021309232
b03,1,0.6048527347971021,0.2655708767142177
b03,1,0.6902367074660832,0.7899909300434594
b03,1,0.5177486747690639,0.28172029976575624
b03,1,0.5939022955537289,0.1982384802708253
b03,1,0.47240163840269905,0.6700668041234862
b03,1,0.6291357751722173,0.9340274738396753
b03,1,0.6126030883986764,0.49185993238268316
b03,1,0.47178705539606075,0.6920758711623762
b03,1,0.5416984795229431,0.09661502251137145
b03,1,0.5479934083604577,0.16653375568824497
b03,1,0.619027456794789,0.3358285111019024
b03,1,0.5134211750436442,0.7662739543632514
b03,1,0.5302034065417625,0.5022526916706732
b03,1,0.8002783411721998,0.7022488264323358
b03,1,0.5348374754525954,0.8764662757414236
b03,1,0.6944723524208016,0.9318822713364077
b03,1,0.8237904933276319,0.40135636931518226
b03,0,0.42092780848590433,0.7596449654535009
b03,0,0.6383145240063556,0.9219566704897662
b03,0,0.616071009820476,0.6666694050477131
b03,0,0.4210492962189751,0.7389837875742415
b03,0,0.5074365667641362,0.6785396188190026
b03,0,0.5083692273816552,0.5973075056310628
b03,0,0.452973035947486,0.7783139472476178
b03,0,0.3182976041739533,0.7941666464573693
b03,0,0.640412801915299,0.8811679500391921
b03,0,0.25576111191740325,0.43440259557621086
b03,0,0.593402899324507,0.7318254560757593
b03,0,0.5244694071396593,0.587981447874118
b03,0,0.4264390257789758,0.6399785892999676
b03,0,0.50324131303639,0.6653676966393967
b03,0,0.3819015282004957,0.3709003740247739
b03,0,0.47364131810623217,0.685064396038185
b03,0,0.41947485137894786,0.6166652499437916
b03,0,0.5726589256958788,0.9114723552983824
b03,0,0.42991813692329267,0.8205005863620363
b03,0,0.5220571013563751,0.8939241158586307
b03,0,0.44766855714047815,0.7220859514344662
b03,0,0.4511576831026534,0.4713916925544344
b03,1,0.5881015606889302,0.5678751359544842
b03,0,0.4973350810136291,0.7837141544866985
b03,0,0.6760843539737528,0.9225495929633661
b03,0,0.33917961105189526,0.341301039008007
b03,0,0.5505358357140288,0.8520587494747467
b03,1,0.4267652392012509,0.5261789146901719
b03,0,0.7158403647383352,0.5916386356823703
b03,0,0.6202805041645266,0.31113918530699813
b03,0,0.6623703061678752,0.5027660223152361
b03,1,0.49461833836169705,0.2427441680747174
b03,1,0.40915784947954975,0.7528283262328935
b03,1,0.5560695544967903,0.32292402567496936
b03,1,0.625263986174521,0.8869444043713797
b03,1,0.4952842667143357,0.45165930230981616
b03,1,0.5219740050317752,0.14606731833079045
b04,0,0.6768581608998242,0.0179826229139096
b04,0,0.6378896648458826,0.04177632497646057
b04,0,0.905456630131113,0.010688582490695351
b04,0,0.49606593726563813,0.15363735959150565
b04,0,0.1419819203179907,0.01611020787893338
b04,0,0.19386442883087107,0.04599969954541876
b04,0,0.6874762082105068,0.08832785902871332
b04,0,0.1714254713344064,0.011248768373772285
b04,0,0.22401616515157857,0.32725247935220486
b04,0,0.32808912254561573,0.35193023759936903
b04,0,0.47572578261495807,0.025606912656245037
b04,0,0.5088602663267912,0.8149529083285776
b04,0,0.5861030532155861,0.3014477939314102
b04,0,0.20245162742583134,0.09986936657195983
b04,0,0.5490263974936976,0.678538583582156
b04,0,0.31227526540034034,0.03713038214079469
b04,0,0.2867317787704579,0.09216529728732702
b04,0,0.33678235691284053,0.10744153372925559
b04,0,0.5359123359632185,0.5444241580773471
b04,0,0.5714454527607972,0.6900239520265442
b04,0,0.15676370799673878,0.2916700508233373
b04,0,0.351039495478597,0.3386682195354945
b04,0,0.19007915701124264,0.01899665559122705
b04,0,0.2225818564857716,0.0654089704549028
b04,0,0.3878019356119578,0.5340914931671896
b04,0,0.3697919627595447,0.6782826987652589
b04,0,0.400502065181295,0.5376143301937216
b04,0,0.42059987593286274,0.3958317011483292
b04,0,0.503236567691995,0.3736030962367939
b04,0,0.3158535089018788,0.8048034183654624
b04,0,0.24057541080181255,0.10748124614033717
b04,0,0.41017530958389953,0.7629252356075612
b04,0,0.2897681584282589,0.07744325773567758
b04,0,0.24459963659734513,0.12563011765843524
b04,0,0.6809543621317095,0.48344681867732847
b04,0,0.3253716307166007,0.20442955917627828
b04,0,0.29897349405889734,0.02579892364650296
b04,0,0.48223516114186815,0.5410610914804829
b04,0,0.6383417959849405,0.7247383198881647
b04,0,0.400691463179203,0.7450488376808442
b04,0,0.21663084305538086,0.48294697390424257
b04,0,0.25584866857651056,0.11893733996618529
b04,0,0.15292566477000252,0.08860109357402837
b04,0,0.21801534604025427,0.35673119269447584
b04,0,0.3516328276852473,0.2457077471173223
b04,0,0.3408294752108499,0.054816721683694704
b04,0,0.2672534288095682,0.17004872251629435
b04,0,0.22477303925049438,0.06829860089154166
b04,0,0.241665725677397,0.365108258259353
b04,0,0.4456494987671699,0.27951510799374246
b04,0,0.6472811539523967,0.14305823050607158
b04,0,0.22393886908736327,0.2554415908388915
b04,0,0.19720123382073412,0.2022936975114048
b04,0,0.27710404581131337,0.6909312393438838
b04,0,0.32066765942469466,0.2612235673169229
b04,0,0.3145353715784752,0.19327717220687252
b04,0,0.8223889216025537,0.243958893086663
b04,0,0.21961086606536634,0.06811561147916191
b04,0,0.22712554067646523,0.05942448209086942
b04,0,0.2543155761512328,0.17643586217399873
b04,0,0.2832977698088349,0.16898110798345328
b04,0,0.6242181823169515,0.781908858853248
b04,0,0.42753867915095867,0.7740627945680301
b04,0,0.26445866819287633,0.09015499033764948
b04,0,0.5208199905681656,0.6464193033706843
b04,0,0.5363431107080485,0.6462998329698985
b04,0,0.2877945277511476,0.5456729472575749
b04,0,0.16968806251964763,0.27643214907759356
b04,0,0.35899894224677026,0.6148904783094183
b04,0,0.4541706852647725,0.1864317865090996
b04,0,0.31858350419963627,0.11214857708183318
b04,0,0.2816316988065473,0.33032667454633213
b04,0,0.5127541403865371,0.21818172843260952
b04,0,0.5423480279105076,0.47830762302111823
b04,0,0.27744810605141274,0.03870847710927899
b04,0,0.2834502015847147,0.1119214860081542
b04,0,0.2518652775500068,0.027562381700379522
b04,0,0.32849475692695446,0.03723272388267633
b04,0,0.2697282522956416,0.12182314150353495
b04,0,0.3577638535883661,0.24665349551057889
b04,0,0.18410131543526842,0.08600830941372925
b04,0,0.19230253025843372,0.11323893825580092
b04,0,0.313011817551676,0.020201864136302494
b04,0,0.40382231656266687,0.013146655899656877
b04,0,0.46677639549651806,0.16402562362929454
b04,0,0.26149638641447986,0.055117186419639745
b04,0,0.4314864490565289,0.02538957447422737
b04,0,0.3104007741833438,0.2991908991736487
b04,0,0.2877235366863506,0.06186684742869941
b04,0,0.22354225027368596,0.03340658408862172
b04,0,0.17159953404436118,0.08042628665017852
b04,0,0.22044749058215013,0.1605998588907225
b04,0,0.2005695535411549,0.05437711278317759
b04,0,0.1982453272142166,0.06131101437197698
b04,0,0.328976889020854,0.052690179425371936
b04,0,0.1734628154749946,0.05084745912191483
b04,0,0.24919294894602903,0.023229391428035803
b04,0,0.26971307919830295,0.079610066407697
b04,0,0.2352678973170293,0.17697918344930572
b04,0,0.21098438769241126,0.03872300761936634
b04,0,0.2150011260608097,0.04772673023384695
b04,0,0.20412266969031578,0.040793274736582036
b04,0,0.2441457572265079,0.033797629074021326
b04,0,0.8144153293703966,0.17773048316167295
b04,0,0.6489802059247819,0.1115003829680854
b04,0,0.4477130851625813,0.10924089093469257
b04,0,0.37566207760072085,0.3380967880389809
b04,0,0.6381653694545945,0.7486846895461744
b04,0,0.34068487035796297,0.40000778672988246
b04,0,0.34720791370803017,0.19633245610163808
b04,0,0.31477798214476566,0.4929244857411771
b04,0,0.35596817152133853,0.614342572153463
b04,0,0.2670383144635558,0.21574706806921876
b04,0,0.6055904739049571,0.764215702863388
b04,0,0.9613390954715618,0.6465603342929853
b04,0,0.3460060119030113,0.025762771588536543
b04,0,0.41602755656456086,0.07535407796881756
b04,0,0.4299347935462298,0.03238981412595349
b04,0,0.25032315592062193,0.04079731453192761
b04,0,0.4539552435000654,0.054982132734000246
b04,0,0.7035092633050177,0.27837917298804726
b04,0,0.1741266049412527,0.04269718490122688
b04,0,0.5630452750071918,0.6028665250497468
b04,0,0.4220312088992162,0.07180648575600664
b04,0,0.6729175220180936,0.28282228816255933
b04,0,0.3948472409022101,0.04454852899468404
b04,0,0.28196016692993187,0.10010983941358899
b04,0,0.24713903473646728,0.051983281440735975
b04,0,0.3100764726246434,0.08772009491049032
b04,0,0.6002285780594026,0.4764099931391475
b04,0,0.5855397551281308,0.42238823213868376
b04,0,0.6636244166971463,0.1448491654121417
b04,0,0.37474966137814236,0.014720689013208393
b04,0,0.45626913836759225,0.261630601165886
b04,1,0.6019249665892297,0.3904419508327191
b04,1,0.5120932145118338,0.14087704868961867
b04,1,0.7918371278692627,0.4758269832658063
b04,1,0.3407236519111785,0.463332371412684
b04,1,0.7305360368072925,0.5264515263849735
b04,0,0.48383426891598175,0.8897649614299016
b04,0,0.5467254468843423,0.26119629244630077
b04,0,0.8591387694081347,0.7401897548846417
b04,0,0.93724398195026,0.4100781052127172
b04,0,0.4448491604009881,0.7813924879265401
b04,0,0.7639040376677766,0.48535645368916147
b04,0,0.4124708349599765,0.7494879612670733
b04,0,0.41316244658334883,0.6417922433738323
b04,0,0.5116710243782061,0.4586119291983593
b04,0,0.2455961209335805,0.6958763032627447
b04,0,0.4864588339115151,0.15672587184603357
b04,0,0.34592390237748283,0.6113109617171533
b04,0,0.25686615742522545,0.18132587580516568
b04,0,0.32631422134319865,0.33765765504449935
b04,0,0.27765331546627653,0.22554288826850824
b04,0,0.27906374662060385,0.20102179814863605
b04,0,0.29577666959508336,0.03368084567428293
b04,0,0.26291004364169795,0.4511993507654931
b04,0,0.23479676972727745,0.04273009018951233
b04,0,0.6453942355132607,0.7508254349490135
b04,0,0.222353768007409,0.054111883529552464
b04,0,0.3568664935992761,0.599824400188689
b04,0,0.2384929054226743,0.06654509955013528
b04,0,0.7861564148209422,0.305465169544898
b04,0,0.2624540760938702,0.13358592213521445
b04,0,0.23541317167829187,0.063156312606482
b04,0,0.524403526703072,0.4754691866788248
b04,0,0.3386777740940666,0.2393113639082297
b04,0,0.25456809453066026,0.2610413782086449
b04,0,0.4551578550925445,0.023446340489851294
b04,0,0.5302184704881656,0.013216592581065926
b04,0,0.37001158433718256,0.06125010469465684
b04,0,0.6055215957402263,0.039622594080449935
b04,0,0.4928609679306528,0.01777958056434485
b04,0,0.5838678773795178,0.04193386553426394
b04,0,0.6144881174334541,0.06092160634208051
b04,0,0.546433613888303,0.009359094930240855
b04,0,0.36544567481676915,0.42340980100010067
b04,0,0.6041206763630178,0.02127320700714001
b04,0,0.46379869926576006,0.02983852220579558
b04,0,0.3057459458918451,0.017612421850630604
b04,0,0.3260624053753701,0.013725695025732752
b04,0,0.5735929793256936,0.2768659393568006
b04,0,0.2788371805746681,0.010068889661995631
b04,0,0.28103482019699016,0.08345651166723989
b04,0,0.4436535906579838,0.11839438164299709
b04,0,0.7185907882862854,0.16763578393052297
b04,0,0.39016195103605633,0.3544318492321409
b04,0,0.3302465031318092,0.05013466322605986
b04,0,0.27388439359369404,0.014532710338131874
b04,0,0.2401956328445483,0.09843884172233351
b04,0,0.47539250690650825,0.1897642308026606
b04,0,0.2519334760955832,0.047921684169627596
b04,0,0.31431834563034927,0.03284510350115605
b04,0,0.30327105170007185,0.11437933537251727
b04,0,0.1992514367164771,0.03211882407398556
b04,0,0.2522783519971142,0.05717154349537615
b04,0,0.30162935846477906,0.11881663332436457
b04,0,0.2770442244110004,0.033118458226888615
b04,0,0.2867231392082404,0.02499719368468938
b04,0,0.31116659997283724,0.09043278090840043
b04,0,0.3485566106069116,0.037974605392148815
b04,0,0.5531945973666265,0.041211160850417775
b04,0,0.9467798071748984,0.7109694140272316
b04,0,0.794263678799587,0.7530922750331328
b04,0,0.830560572235355,0.7351845529925236
b04,0,0.4393410042091482,0.03077897616751466
b04,0,0.5630082141456894,0.12497419767671186
b04,0,0.247934603599323,0.004613930807609086
b04,0,0.2513213241231048,0.02024160940937162
b04,0,0.50111462635855,0.022712107812211266
b04,0,0.33408705880069073,0.023770246169295906
b04,0,0.5691683733115397,0.048260161515606345
b04,0,0.5374290426748757,0.06284689143641616
b04,0,0.1413574843762863,0.015328560940394515
b04,0,0.13988653814160734,0.027896114964116828
b04,0,0.15830094568714173,0.04822044571737617
b04,0,0.3166600591055553,0.01927181689964392
b04,0,0.9399870773558756,0.658816794426946
b04,0,0.866834102286109,0.732678463904389
b04,0,0.8250102099328611,0.7160018428249523
b04,0,0.5589677859045329,0.43660393355077837
b04,0,0.3421914942157416,0.01634723113956935
b04,0,0.27000677898449876,0.01031637717375522
b04,0,0.21952475710225747,0.07273546504828846
b04,0,0.49798212847506185,0.013755830231887464
b04,0,0.5620628005355133,0.018495973336813482
b04,0,0.5171381889147785,0.6995327678505626
b04,0,0.25085084858947354,0.07401491705897804
b04,0,0.5556106250124376,0.7586939688593799
b04,0,0.827104638536973,0.917022573236788
b04,0,0.5122688427265043,0.6088130702781203
b04,0,0.5861197274098677,0.83949840826523
b04,0,0.8214450739833764,0.7763694480293384
b04,0,0.7189098395567941,0.8792964697819228
b04,0,0.4607354725847689,0.40518723048450367
b04,0,0.6467479015616475,0.4372297628439761
b04,1,0.8248961220024116,0.6779420381113823
b04,1,0.6222309491863719,0.2706323510401718
b04,0,0.47884317170559876,0.4927999217893783
b04,0,0.6887689250091283,0.9498613787597288
b04,0,0.43896073190311513,0.8020049709537493
b04,0,0.5332363981981237,0.148925254233457
b04,0,0.5398780713254294,0.16343994607751602
b04,0,0.6368967663881238,0.05404015025839422
b04,0,0.34529516886062683,0.2908172507853006
b04,0,0.3576748203626528,0.2365589684787783
b04,0,0.5581831262619971,0.03364460741931429
b04,0,0.3754805745085502,0.10928753367119462
b04,0,0.40435429636691594,0.04868103106612396
b04,0,0.6452509332374731,0.2910190776923185
b04,0,0.5768220392140146,0.07002450398288036
b04,0,0.6103126065910353,0.7853451568242994
b04,0,0.9411660552878603,0.870973908228481
b04,0,0.28771484251170537,0.005855230206464414
b04,0,0.23828227536165966,0.013278017052877615
b04,0,0.30647599755238253,0.009398485035165384
b04,0,0.28663651111938176,0.03194519139542616
b04,0,0.2986602773825498,0.012819902284941485
b04,0,0.2587354094667164,0.022522878782371747
b04,0,0.24204951986493153,0.06357372831311407
b04,0,0.3311126107143807,0.008383763472926884
b04,0,0.2724140881271401,0.05670357446386379
b04,0,0.26223012971631726,0.050422081002756365
b04,0,0.17679131286102287,0.02274447605234141
b04,0,0.23936231829542112,0.055807635931123444
b04,0,0.19264739392185046,0.03107148400582803
b04,0,0.331720319953302,0.015845984188755685
b04,0,0.2602391809497641,0.13137064638003412
b04,0,0.24202116891221798,0.06664879680895489
b04,0,0.5404337941644164,0.517841990867261
b04,0,0.226694596978558,0.008531501462511824
b04,0,0.3193233359332577,0.02099705063770677
b04,0,0.17572873531400798,0.01012712990386457
b04,0,0.26530279030728016,0.08072412823114553
b04,0,0.2420343141593278,0.062373182926123455
b04,0,0.2453257692711414,0.01450329201827358
b04,0,0.14793781605172782,0.028582183480214764
b04,0,0.19154904592538388,0.05419345973110148
b04,0,0.19511390769479495,0.029464773653779284
b04,0,0.18930090986497594,0.018249324348054794
b04,0,0.23323658815425558,0.03136546951648326
b04,0,0.22052740897930403,0.03711427686335452
b04,0,0.19097954950341947,0.02210884879386635
b04,0,0.20834494458526007,0.008668314402532566
b04,0,0.22332412312523256,0.025326621482044356
b04,0,0.16853305412540598,0.03851610736678745
b04,0,0.399864358019607,0.009076509771705656
b04,0,0.5721887910161054,0.02581078803735828
b04,0,0.2637218747336536,0.03447321331694627
b04,0,0.3050496693927049,0.016531792875621468
b04,0,0.24551363628287576,0.025194055938972625
b04,0,0.5186845355727849,0.017513621897464804
b04,0,0.243094891401179,0.031724481306396456
b04,0,0.2850579529247824,0.008315508607608695
b04,0,0.28855011184037865,0.014093783419557809
b04,0,0.8510816603691073,0.36906806689989385
b04,0,0.7906692370246864,0.20529867683367406
b04,0,0.32736108038113876,0.009768688362945834
b04,0,0.2356572135476884,0.03087726323028725
b04,0,0.6504765722063455,0.31276517415240734
b04,0,0.2858405240553234,0.026582727104642864
b04,0,0.40344112206709803,0.6017526630979873
b04,0,0.40721309011158735,0.01977257359604196
b04,0,0.36331709747477414,0.015178199580214142
b04,0,0.2950726505606634,0.022075144150535186
b04,0,0.2320821035455976,0.01924000320683945
b04,0,0.25921333033540467,0.014997374384265634
b04,0,0.32305470567713296,0.008978971112907476
b04,0,0.47734330400633673,0.44777072299338655
b04,0,0.32876483862374484,0.008986972946070109
b04,0,0.4800697975532661,0.6103027089719897
b04,0,0.7955258203431658,0.9752159028269024
b04,0,0.3589956426675801,0.6549038628495598
b04,0,0.39639818148963735,0.26468213140693875
b04,0,0.6085950746892731,0.8128549104778214
b04,0,0.48676516336563147,0.09150775883303638
b04,0,0.45119826865659995,0.518019944805879
b04,0,0.7910081476809276,0.7045665350609124
b04,0,0.5618685303729506,0.8265129465130404
b04,0,0.33586756874222634,0.03238573029584463
b04,0,0.731655555764443,0.8866557411822023
b04,0,0.9670291781655935,0.7739842685511401
b04,0,0.4130133488583414,0.35579465993396353
b04,0,0.33818695586574987,0.21862496530851042
b04,0,0.7562117993396287,0.8764738765831366
b04,0,0.44334490071512206,0.09040437165823184
b04,0,0.5382497133573325,0.48213976243663403
b04,0,0.6162348818240992,0.4950583996236734
b04,0,0.8876736856876594,0.8390724940573062
b04,0,0.4643204698010883,0.06680113954775027
b04,0,0.5131329627658815,0.7142928270549966
b04,0,0.3551592236803255,0.13806462190478605
b04,0,0.4817059019912561,0.16697074276722287
b04,0,0.30083272246156023,0.3154909752311605
b04,0,0.24908647282212731,0.10970526333427061
b04,0,0.5457577263329539,0.8670489359835301
b04,0,0.8093238964347839,0.9426966439244567
b04,0,0.3955409422316113,0.2572418346695094
b04,0,0.4642378631181503,0.5940003502890936
b04,0,0.299305283523704,0.18914121313345567
b04,0,0.3164523528261316,0.05632019833343869
b04,0,0.4359456262847107,0.2447436044962591
b04,0,0.26281575761708426,0.27616302058868647
b04,0,0.2328901461743557,0.049211378764184126
b04,0,0.26992660934051754,0.10695594250768306
b04,0,0.17466549769800396,0.08958678518442123
b04,0,0.19603676963303965,0.06369520754888604
b04,0,0.20790081148750447,0.1489965108522911
b04,0,0.15716022350692402,0.04975754472798383
b04,0,0.14230710385316708,0.071637228366014
b04,0,0.9570032795316219,0.6173145407070426
b04,1,0.4201505852287241,0.02517865943371536
b04,1,0.3666433462993006,0.0688535265144816
b04,1,0.9101320424059675,0.926298777686333
b04,0,0.842770617400264,0.5048280410709044
b04,0,0.2562948585452453,0.0058030334467970126
b04,0,0.34554624580015014,0.010407157333864615
b04,0,0.18600629422511955,0.014702140963003816
b04,0,0.26517976522219167,0.030316893738715694
b04,0,0.2446250037991112,0.011855493518671587
b04,0,0.2658582802285368,0.013770793883810887
b04,0,0.5019068501447621,0.010519295203760298
b04,0,0.4635611047752056,0.016048287498380297
b04,0,0.292521249694874,0.010001725218810213
b04,0,0.34439153765540753,0.010762143958852347
b04,0,0.41463206992661317,0.004961285390295277
b04,0,0.6324039120994603,0.12875822152435137
b04,0,0.27254782710248343,0.019328817309832377
b04,0,0.49579949650689026,0.025319294633995838
b04,0,0.492722444915798,0.010956028518091193
b04,0,0.41663963747820937,0.014602089242888576
b04,0,0.3264211348524648,0.008952942813804215
b04,0,0.24531272345503446,0.007071513063206152
b04,0,0.35016059364717705,0.04096294274448375
b04,0,0.8485161031214523,0.5019831822256189
b04,0,0.708049173581668,0.4211704242098234
b04,0,0.3136307375345844,0.2697018708835438
b04,0,0.48030465351766977,0.035080222551764746
b04,0,0.2931734941135463,0.005116915474056063
b04,0,0.4129952998138417,0.03145513665277479
b04,0,0.621746191717114,0.03244489269308726
b04,0,0.32490223261965945,0.005969211434852312
b04,0,0.30001373942245274,0.01328949645906067
b04,0,0.43539049569051536,0.0817535061103012
b04,0,0.3789672570065188,0.015500329299846537
b04,0,0.35491340909382774,0.33084496449566675
b04,0,0.7275393868884289,0.048958841640546306
b04,0,0.6253804158630454,0.20201681817278155
b04,0,0.5171993135793208,0.027484513162348963
b04,0,0.3895524990268573,0.10782548088409943
b04,0,0.43226767323072823,0.004397956234200655
b04,0,0.5023299330389859,0.03943455576392909
b04,0,0.9836961469447247,0.6220315116270841
b04,0,0.7115511211359496,0.6849927743558744
b04,0,0.6360679062999962,0.5877527794415421
b04,0,0.21849459832944376,0.040224604162839295
b04,0,0.2673640503768378,0.0034177453716678716
b04,0,0.3111806800523231,0.01168049537935774
b04,0,0.27428238345016637,0.027963528252791865
b04,0,0.3342594843594564,0.016000835363557387
b04,0,0.3016746688893895,0.03522768402121158
b04,0,0.2779752153344837,0.01893303903770776
b04,0,0.20396286036095787,0.03522248594719603
b04,0,0.288988617982908,0.031137640454552796
b04,0,0.40283513610492794,0.01036085318456391
b04,0,0.2656203358250243,0.13564727543967395
b04,0,0.29005094087753713,0.02310481170834
b04,0,0.3599371270599065,0.01221010209693323
b04,0,0.816735554234722,0.5095985731377934
b04,0,0.9470024795099512,0.6948814552391471
b04,0,0.5898722248219348,0.1865583535694871
b04,0,0.6423337034748557,0.3602686877277284
b04,0,0.4465283011433725,0.4505437955680793
b04,0,0.2955987412966947,0.12517016395847008
b04,0,0.7875761380230772,0.7137455669849309
b04,0,0.5445313331782334,0.3768711363190359
b04,0,0.37891216624992874,0.3327275946328829
b04,0,0.5819075810458526,0.8442333588908362
b04,0,0.5284976459108858,0.6672873982186956
b04,0,0.310415331630008,0.061096946423859363
b04,0,0.38173189640242017,0.3756013990706775
b04,0,0.3363702319829271,0.5714403867398399
b04,0,0.8827089199470722,0.7379542992897863
b04,0,0.6862678118743679,0.7860560849039415
b04,0,0.4125201130028905,0.030540300694315264
b04,0,0.8238276602296699,0.7743025359750433
b04,0,0.46542981039290354,0.09615254532520916
b05,0,0.22297047726111652,0.6833226223970714
b05,0,0.24896159154644623,0.35301865256474574
b05,0,0.23853419347284877,0.08981249555295433
b05,0,0.12235209849504348,0.11872824485538688
b05,0,0.11198540324615923,0.05822983274210587
b05,0,0.1246331699001333,0.14716424927802416
b05,0,0.31707690258575605,0.24252504876742695
b05,0,0.25769032727635466,0.2700657622363653
b05,0,0.09855230484251125,0.03477774238159495
b05,0,0.4268109873883008,0.0923139826825914
b05,0,0.14803484966082733,0.14332060967382976
b05,0,0.13897891505529275,0.29237773625546676
b05,0,0.3578288562496021,0.2715477208323469
b05,0,0.11482901306924476,0.23986739717155625
b05,0,0.21527177629320365,0.27589251390110964
b05,0,0.3172969921826633,0.3809047383547972
b05,0,0.135884158673431,0.17724352441477326
b05,0,0.20769701332559395,0.20624713671374528
b05,0,0.14941707908264729,0.15521638054774944
b05,0,0.5135312524123218,0.6110628542026917
b05,0,0.38482686389948373,0.08143259541273365
b05,0,0.31774091494818335,0.6081363810648509
b05,0,0.15166732015920548,0.1335867167193818
b05,0,0.5303856698401352,0.6522906955064702
b05,0,0.6730922163386326,0.5642242392524937
b05,0,0.19221064041000008,0.14215864980112033
b05,0,0.28201821241173136,0.09448533960578466
b05,0,0.13166479865420758,0.25575170946283043
b05,0,0.11550834308617643,0.3220806910512218
b05,0,0.12847520304086263,0.24571416642254154
b05,0,0.12266468543088925,0.08326360401634754
b05,0,0.3204529863286532,0.470848378747278
b05,0,0.2458250480995161,0.0463685310049827
b05,0,0.47592987286138916,0.3008587600448182
b05,0,0.11769888514851651,0.03967091770698918
b05,0,0.2408908492795446,0.4253835321019908
b05,0,0.1906906606540131,0.5289770953525329
b05,0,0.10529503190100266,0.11504077541859155
b05,0,0.12282063763400698,0.05195165769631348
b05,0,0.09679656686885535,0.16109825389806104
b05,0,0.230243343048673,0.20662615027143597
b05,0,0.09587631222696974,0.08810531749534749
b05,0,0.09599378993544833,0.14136559403597926
b05,0,0.12490694647770278,0.16311721809280197
b05,0,0.10800995611486751,0.1298544962790773
b05,0,0.2029568141888167,0.6706232860546171
b05,1,0.22104239249859792,0.5884085423017162
b05,0,0.1418280062732399,0.05579304689344506
b05,0,0.1301905883483817,0.04372491601441177
b05,0,0.12614098245658178,0.08203913440043788
b05,0,0.2138611513690338,0.06542517249488482
b05,0,0.1033698884678708,0.10572242022867694
b05,0,0.20563749974116985,0.26049939776242315
b05,0,0.28916586557393353,0.1994609971007157
b05,0,0.13417969142534947,0.05034474335013845
b05,0,0.11264269756701908,0.1053796567161302
b05,0,0.3129131559451109,0.0991542804270097
b05,0,0.17274081349657525,0.017842857306484126
b05,0,0.10389522325662608,0.0266792267906104
b05,0,0.30879867766773694,0.321643006385145
b05,0,0.3358925553141914,0.25087909726015395
b05,0,0.5364648935112188,0.22001769122488707
b05,0,0.2919132845958618,0.7189266001227095
b05,0,0.10525854987287045,0.04461223863303578
b05,0,0.3153138048606493,0.42064467826740404
b05,0,0.17631342990579965,0.05666910910621898
b05,0,0.4720898242658211,0.3301795901977614
b05,0,0.183692604683793,0.16800771275312681
b05,0,0.16595991884358463,0.1608105104178019
b05,0,0.11499368150680675,0.20396235668060117
b05,0,0.3503819903256153,0.8610789975237532
b05,0,0.411271915712909,0.3350803722609246
b05,0,0.2385607414749027,0.11314136975226452
b05,0,0.3100586398845365,0.3419097750549082
b05,0,0.09992152776588259,0.034475923997873324
b05,0,0.17481903257241782,0.118450699892384
b05,0,0.24670257807047327,0.4829889088218469
b05,0,0.16913437565097472,0.04638615059872463
b05,0,0.08728341323263125,0.04110227545325542
b05,0,0.11640057043397647,0.023122534727376902
b05,0,0.16353616763204842,0.049896621166804246
b05,0,0.12526853903056356,0.030450100655598465
b05,0,0.6163657341856824,0.11036074520004023
b05,0,0.17940522208545093,0.1313193586174352
b05,0,0.15664565712458683,0.05656592337841423
b05,0,0.2657290007585725,0.23880055977786752
b05,0,0.09867635383096728,0.03577622172598388
b05,0,0.48833723270037216,0.7593152107439526
b05,0,0.24986940926897697,0.29278594123384993
b05,0,0.3563123144129642,0.428452802592592
b05,0,0.22547753315278277,0.35869299909689895
b05,0,0.25715737069875505,0.34160773602419753
b05,0,0.3553431266845795,0.8418749192076034
b05,0,0.10952293063879177,0.038850304675635564
b05,0,0.2260077846437982,0.8857518592592251
b05,0,0.3003851108287704,0.6258373914626948
b05,0,0.20798907191440666,0.19781432095417273
b05,0,0.37517631674217516,0.4260910406857501
b05,0,0.5066579980729885,0.30991457719860416
b05,0,0.2617001367763292,0.09345435316336163
b05,0,0.6805687190871248,0.39095346258698055
b05,0,0.6407705704054564,0.1462819632419903
b05,0,0.8234151380094417,0.1259052912892783
b05,0,0.22340507660479822,0.1652700705546015
b05,0,0.18064302385147668,0.22430937553713165
b05,0,0.5295249102006921,0.3311302501715235
b05,0,0.1917251399089492,0.5303219299918185
b05,0,0.29194903745743417,0.639215562326275
b05,0,0.3780786005650286,0.7191643450101816
b05,0,0.34331712529612557,0.7977595199096993
b05,0,0.30779504469354146,0.7031290292086034
b05,0,0.22317787178505408,0.8140162885790811
b05,0,0.25253971494235006,0.8005345119857458
b05,0,0.3349517918240792,0.5734489085095255
b05,0,0.39772369048379536,0.43628357327727263
b05,0,0.7354777988189939,0.27838054072977053
b05,1,0.5050524095326501,0.14672088040482553
b05,1,0.8032238977423442,0.429169968951166
b05,0,0.9248246344817452,0.023177274157172197
b05,0,0.5226129925042265,0.10443556264702733
b05,0,0.7626968464054377,0.400302171379863
b05,0,0.9752722333061671,0.3935304801086427
b05,0,0.3211993430394144,0.5656733762098524
b05,0,0.2543341559016212,0.08009148745256378
b05,0,0.4147348704769545,0.5118062220840546
b05,0,0.6511844199211018,0.1647462708903478
b05,0,0.046757464157549826,0.004275910014169677
b05,0,0.7792768523854681,0.04457550507746639
b05,0,0.6885014187931425,0.005069842499200027
b05,0,0.5813973404904161,0.4236587814024716
b05,0,0.3122219325335919,0.27311918670289353
b05,0,0.64289270821947,0.1066429048847496
b05,0,0.43934623977449244,0.19544526284510377
b05,0,0.6694323393907866,0.5568044468880651
b05,0,0.1624892401957784,0.0351496765666453
b05,0,0.7232060968556977,0.003383174586113205
b05,0,0.742348472587851,0.003604513930854882
b05,0,0.34335288735416675,0.11167227450380673
b05,0,0.6997313993208978,0.08914929158883385
b05,0,0.6201917640076684,0.021363478628487278
b05,0,0.44343864401757566,0.00913939661946533
b05,0,0.17622811084135842,0.022244735942271367
b05,0,0.367012869485979,0.02874256566940216
b05,0,0.8283051910598148,0.010323800502743067
b05,0,0.9040462285662103,0.0926737470585687
b05,0,0.9721309086281641,0.015965430677101773
b05,0,0.17180618444623108,0.07069722830723545
b05,0,0.30469747036317996,0.018107101057358795
b05,0,0.714913406542271,0.21532371677476
b05,0,0.5343212925194402,0.2945489235990457
b05,0,0.4348381134780855,0.7310002529510147
b05,0,0.16736727937654172,0.09847363276654765
b05,0,0.23440224557449602,0.7133496082277879
b05,0,0.5316832590113106,0.7633934896379442
b05,0,0.44144989478131225,0.4684742174740786
b05,0,0.3318925025903127,0.4337122770272423
b05,0,0.6701216784350592,0.3422283649187876
b05,0,0.2897248774593667,0.2001985994442162
b05,0,0.5778672163856915,0.3310524404118083
b05,0,0.131541897304806,0.020984442056535636
b05,0,0.2713438504548196,0.1050570934121957
b05,0,0.12988521310135576,0.045859393366531845
b05,0,0.22622737998203024,0.11153235777677765
b05,0,0.13199583437877896,0.1296859135489237
b05,0,0.10506429812504663,0.11243249620293701
b05,0,0.12518317390372713,0.04865701428840136
b05,0,0.11395879412980053,0.10849811748704005
b05,0,0.21590039046120046,0.6906798797637168
b05,0,0.14441313468312236,0.12187726433842375
b05,0,0.7591213232304533,0.3340670542923356
b05,0,0.4101626472013878,0.008580999738458333
b05,0,0.6569279200362332,0.01178419994963477
b05,0,0.8311807920001482,0.02525177376319613
b05,0,0.7294159027769823,0.010290923476871683
b05,0,0.8588899516437359,0.005015896164122226
b05,0,0.9151319186376184,0.0354503714488618
b05,0,0.5845784295582244,0.1316229849982528
b05,0,0.44820375167955756,0.057324415620140595
b05,0,0.9535570549779808,0.0218699749667989
b05,0,0.5043425787023852,0.06749959688116294
b05,0,0.38952439465303285,0.013100153612258131
b05,0,0.9434094482326366,0.015437822009759626
b05,0,0.1225501439555573,0.02624787575352911
b05,0,0.6526227779901858,0.021002800406759472
b05,0,0.8838481575119951,0.04205325310966338
b05,0,0.6983046923758973,0.026303888652967476
b05,0,0.6392200508923161,0.005053963503883723
b05,0,0.5404290499265992,0.022830654673051613
b05,0,0.8283168705306049,0.010122478705511402
b05,0,0.5920021098545245,0.17054830646008762
b05,0,0.5645784314584541,0.5261493979551793
b05,0,0.10923338922934851,0.025627812346266817
b05,0,0.16283813035136022,0.4018280231649472
b05,0,0.3438059457429312,0.44330605860629985
b05,0,0.3727862036693917,0.21112461815348624
b05,0,0.19684925609160517,0.5327150344108739
b05,0,0.1405139069702627,0.08065668696127802
b05,0,0.5401232479945451,0.5635258709414909
b05,0,0.2463099854200083,0.2889560710231146
b05,0,0.17704244316061474,0.04515008445779126
b05,0,0.19508001189185678,0.062106452039671516
b05,0,0.18707133270998266,0.1080942374642597
b05,0,0.23098593961700964,0.12657330551332796
b05,0,0.2706045269089121,0.18408423276554267
b05,0,0.1958565829546353,0.04782335814891056
b05,0,0.24577703081350558,0.15539611750122587
b05,0,0.1965975836803979,0.03944023803473972
b05,0,0.21408159444603417,0.1229838895925673
b05,0,0.20062528643944996,0.14812046084234662
b05,0,0.40337118125547644,0.3906239524798883
b05,0,0.856315306343314,0.3998039444069986
b05,0,0.2648296381375384,0.41295468522601214
b05,0,0.23191997333435027,0.10270416592041276
b05,0,0.3006440799819423,0.7492957642503578
b05,0,0.29497122512349383,0.18921952190968405
b05,0,0.15588854361830212,0.3637164197003392
b05,0,0.19023479710065658,0.29250223614344234
b05,0,0.36794076426217165,0.06651969882314052
b05,0,0.5055841380237939,0.3412521408390887
b05,0,0.1849254832977229,0.1906081406245396
b05,0,0.10049577075524696,0.023327069068426083
b05,0,0.1053804564744303,0.055045139818154794
b05,0,0.1785782283634455,0.7167499889570599
b05,0,0.2400648531119495,0.10755352130193194
b05,0,0.1051768730388085,0.06738171293577741
b05,0,0.21447807380298214,0.17663567135543176
b05,0,0.1273099480270889,0.02990457157489891
b05,0,0.3926770514843221,0.525713438017256
b05,0,0.11333933223673147,0.04104511612569455
b05,0,0.10555988391769125,0.05860004838243889
b05,0,0.1498835956270676,0.10855841807834389
b05,0,0.11489059821831453,0.526481765485409
b05,0,0.2218627272344463,0.5514846487474314
b05,0,0.6174091791454285,0.3810127858962193
b05,0,0.3921088956202059,0.5937990492378357
b05,0,0.22065416964980172,0.11506768814900795
b05,0,0.5007462430962228,0.075049639656065
b05,0,0.3197601589080224,0.12805309239159676
b05,0,0.30952212185594663,0.47140026238421734
b05,0,0.9258649090621708,0.6304231445397749
b05,0,0.2350140450978985,0.17277602278853565
b05,0,0.37037087037375127,0.75036877986738
b05,0,0.3694258162257416,0.14736190808046737
b05,0,0.8915820834073389,0.1663943130339259
b05,0,0.34854490138706073,0.32331599384395876
b05,0,0.16447128496656505,0.03273258033944324
b05,0,0.14176678814983504,0.06887720018559096
b05,0,0.3214317969783278,0.14672625698926295
b05,0,0.1609502696368329,0.03573105284468126
b05,0,0.21793223242586102,0.4441660990005458
b05,0,0.2968313372406474,0.5887393575688573
b05,0,0.17488373213498043,0.055830322098594946
b05,0,0.12290302828465541,0.00807231753984318
b05,0,0.26998222817720785,0.3844572340920608
b05,0,0.23726022001058347,0.2646437501127068
b05,0,0.23243955518461853,0.20120859083454
b05,0,0.1670794973076691,0.45110294597179723
b05,0,0.30566245264565456,0.6403479989609558
b05,0,0.2106427041624908,0.1955758542950276
b05,0,0.35693614327447837,0.4431308370024579
b05,0,0.43189379400494093,0.26968201842774625
b05,0,0.9080263222004684,0.42005243001636816
b05,0,0.5164461159954411,0.5604441980970148
b05,0,0.997731874729554,0.031540541198777715
b05,0,0.36789027876185515,0.01878728239105023
b05,0,0.9370203624937201,0.1243636843333768
b05,0,0.976279838032081,0.16633649238019443
b05,0,0.24873230203928473,0.7597076285655452
b05,0,0.15324767660566413,0.41660914099203994
b05,0,0.10696252420851017,0.22372805146812463
b05,0,0.27831867958555057,0.1264038136654502
b05,0,0.6721555168110763,0.8245944813319864
b05,0,0.9284573629389076,0.012771107938190843
b05,0,0.9118759743666395,0.022500641932223144
b05,0,0.6326726123933368,0.0177323383314436
b05,0,0.8567788223652458,0.19456312211415236
b05,0,0.7440390283578462,0.003671435707154986
b05,0,0.33773947670483234,0.1777139998903644
b05,0,0.8397423368206611,0.019781614884609684
b05,0,0.6999314718794317,0.027060041130290022
b05,0,0.4434211046154923,0.026641760502810443
b05,0,0.7049633559313799,0.018039313699989575
b05,0,0.48365969201581105,0.29687671541884897
b05,0,0.607265329470668,0.5453315163674534
b05,0,0.44424265902857785,0.7374745142573229
b05,0,0.5353651393320248,0.6737027365752748
b05,0,0.2651921255513061,0.20287915641404403
b05,0,0.2244330417346622,0.24380133670898188
b05,0,0.12001930821301815,0.03848379792983246
b05,0,0.3302496362587002,0.5057408198000217
b05,0,0.14010817092765074,0.048481844053266686
b05,0,0.13625466554143142,0.13711390680659977
b05,0,0.11853232553384808,0.07173878421827691
b05,0,0.12694137419181648,0.03543801834471572
b05,0,0.11303846831628261,0.11533631936477479
b05,0,0.14214361387404148,0.08752015143632424
b05,0,0.19605986443642784,0.2788322449025224
b05,0,0.21927571571223994,0.31817106160618286
b05,0,0.18551791059454306,0.10307957266940547
b05,0,0.4889035081989189,0.735282330882045
b05,0,0.14805370778287244,0.0464060118815099
b05,0,0.21793909957519844,0.3670880153361546
b05,0,0.155316341068351,0.03969210400326027
b05,0,0.1576329595280458,0.0744188991689098
b05,0,0.6324302198987873,0.14088656241524075
b05,0,0.18505194964919358,0.6360491629578888
b05,0,0.11218386459303097,0.18142629304208335
b05,0,0.15307880299339652,0.15446832966388208
b05,0,0.18115982687383414,0.4257528270476156
b05,0,0.11805131742478385,0.12009070181406328
b05,0,0.10346101040839738,0.5008113040001404
b05,1,0.14806421630568414,0.36142087953780333
b05,1,0.15474771833506376,0.28990774350705517
b05,1,0.20579471012054687,0.0786829644231879
b05,0,0.24947191777209124,0.7297568000036855
b05,0,0.11974319124607352,0.3897529356450586
b05,0,0.4332814472836221,0.39249625406493793
b05,0,0.10714819466402342,0.02718366448303057
b05,0,0.27262838312128923,0.4892975626888554
b05,0,0.370978349253348,0.837787123744706
b05,1,0.5750281567995569,0.923889602032013
b05,1,0.3985123633146107,0.46171389042752187
b05,1,0.4036060353302082,0.5945173276997716
b05,1,0.5256598565560143,0.8797057087428621
b05,1,0.7839926337057288,0.2515268113427585
b05,1,0.5549346875393828,0.9127734368701016
b05,1,0.3869302204507776,0.7124066538902013
b05,1,0.32344950611177437,0.41551335057210576
b05,1,0.5622658066377175,0.23820137674135677
b05,1,0.3540276483143481,0.6508251931973925
b05,1,0.8684395091755464,0.23890675572552997
b05,1,0.5837305421849524,0.6605640353415037
b05,1,0.41647335229066207,0.6276024246326378
b05,1,0.5472340595545568,0.5364653976666091
b05,1,0.7813331595030992,0.4913226195649738
b05,1,0.4516284454226455,0.7661104428366323
b05,1,0.7894531477224129,0.2915806466486928
b05,0,0.3931835872838645,0.6446370108822931
b05,0,0.3921860284796285,0.7499033299369973
b05,0,0.41497986224934785,0.7959378469105585
b05,0,0.33079714298039725,0.7064307489235522
b05,0,0.5503689474417811,0.7236229827473982
b05,0,0.6795387720121325,0.6288896021614659
b05,0,0.20612920541910298,0.23945229336221557
b05,0,0.17433072093061594,0.4045305681631297
b05,0,0.16659669838246607,0.25191908738644875
b05,0,0.28427628640752367,0.01975604811693046
b05,0,0.27819002754317895,0.535969449236236
b05,0,0.359568239328061,0.022823018683932137
b05,0,0.3342320236903055,0.36370059383901476
b05,0,0.2676137910794837,0.03134628577368814
b05,1,0.6203794383330279,0.09852039498475183
b05,0,0.5277817080118343,0.5482815296361139
b05,0,0.18208691607986388,0.061289062216943
b05,0,0.3896594180337142,0.7066181112250143
b05,0,0.6383989549299535,0.7272066113904115
b05,0,0.4334979339424626,0.082700998850877
b05,0,0.4523316164396144,0.30111317517451813
b05,0,0.23421049773033578,0.4406290572076456
b05,0,0.5533930251384734,0.6433393847352447
b05,0,0.09649342180141166,0.4410896179980807
b05,0,0.3539277527055648,0.7472404302856586
b05,0,0.20637995793797234,0.2571773219268546
b05,0,0.4795759616455001,0.8313977403979154
b05,0,0.33427946747120985,0.022151959286164306
b05,0,0.28545164427969894,0.19812422865585488
b05,0,0.149761303232135,0.07078286770117842
b05,0,0.30619095363189797,0.16432968791247055
b05,0,0.3971481359533212,0.6916043954388663
b05,0,0.17287288352140048,0.7895200423169928
b05,0,0.36984285264347627,0.3378267893277775
b05,0,0.1896564203013513,0.020396210697806467
b05,0,0.2618582520583754,0.04808192709129685
b05,0,0.20811810174297282,0.5115192111531706
b05,0,0.13878543374743083,0.04320433057230755
b05,0,0.37286170895087994,0.348171122900608
b05,0,0.20663184655872277,0.0773635194985062
b05,0,0.17214452204559497,0.09751072767847106
b05,0,0.20622470370518659,0.0645212698957647
b05,0,0.17372338654962652,0.01834805628928667
b05,0,0.13976400654340765,0.09477019814084416
b05,0,0.1764129219659783,0.051842497720035775
b05,0,0.604464756968555,0.8038894526304712
b05,0,0.22003901594550232,0.09697269633043627
b05,0,0.34879216411494496,0.3114809008995316
b05,0,0.5595371244376738,0.16336782265139738
b05,0,0.17753203598091447,0.04157732540665351
b05,0,0.2566693319445026,0.07741569468724939
b05,0,0.2436225229685261,0.20987241680335467
b05,1,0.3581608329803701,0.35146876113351627
b05,1,0.3705234157784051,0.25816571706336866
b05,1,0.17803666397773923,0.0332164514713642
b05,1,0.26509817533986957,0.3406295069550916
b05,1,0.6499677646259423,0.35930915479909104
b05,1,0.7780381065143908,0.34614516145530916
b05,0,0.9695447859656844,0.13508974612784494
b05,0,0.2059290906363903,0.09726314116701054
b05,0,0.39306876244520683,0.13668157023551014
b05,0,0.261328134460845,0.41815748901973
b05,0,0.26474656713719724,0.23591129988880472
b05,0,0.2903834773851132,0.7744837421294627
b05,0,0.10327874843377984,0.4298538389100839
b05,0,0.16759765251135061,0.3970489592398797
b05,0,0.13986639930136052,0.5592604112002239
b05,0,0.2971244508993855,0.6668154555895545
b05,1,0.24093031770024925,0.32211038235274486
b05,1,0.6515413477715418,0.9517560244337626
b05,1,0.7426898668855281,0.812135972611095
b05,1,0.44010102716036476,0.7471484974604227
b05,1,0.41975207765263955,0.2867636258327844
b05,1,0.5012519314697409,0.6468254852164173
b05,1,0.38878170945233415,0.9371389571447752
b05,1,0.27258588384906807,0.22447903974332545
b05,1,0.4156286034314397,0.49418350508736425
b05,1,0.23815164848687337,0.2677102393302039
b05,1,0.565237941407014,0.6954029052515683
b05,1,0.8494094751761279,0.5776661521664737
b05,1,0.6707424920655177,0.6992954027407879
b05,1,0.5292162148180805,0.5607590224797172
b05,1,0.7476868147937139,0.28379091799790074
b05,1,0.5965951469915874,0.4537193087167158
b05,1,0.4776384843738304,0.2725738590081351
b05,1,0.547091521461116,0.37242680825984886
b05,1,0.7601076717283854,0.24379300674542184
b05,1,0.43471138328118686,0.2823366441673478
b05,1,0.33822857028454756,0.3419155013051983
b05,1,0.5372106059264936,0.5230508667386056
b05,1,0.4792096889122584,0.596690701081395
b05,1,0.5810323116390169,0.5037312847689118
b05,1,0.3118768693686196,0.4648966139047361
b05,1,0.6027504535923145,0.4249118581027071
b05,1,0.9212054603046297,0.5243469607526556
c01,0,0.706210686941115,0.003977661844294486
c01,0,0.6890597784993595,0.03636966761775434
c01,0,0.5826915501720181,0.0045809373520272235
c01,0,0.5712919481544999,0.006755373082817013
c01,0,0.6155857764384519,0.005810116368155766
c01,0,0.39483391480956015,0.04686825462733049
c01,0,0.19786214504513203,0.49554470742356227
c01,0,0.19786214504513203,0.49554470742356227
c01,0,0.18439510197232312,0.3003475995149185
c01,0,0.3358181661130693,0.2054856414081344
c01,0,0.3299196811160239,0.9193713484336189
c01,0,0.24669494751507567,0.074553784500708
c01,0,0.23027192078674388,0.06420574520568993
c01,0,0.4164835095856077,0.9511712314094268
c01,0,0.18800389898821768,0.13264845340664203
c01,0,0.18106045675846513,0.07011692632715656
c01,0,0.179134575614691,0.04069309629230756
c01,0,0.5029938167452527,0.1636741430696701
c01,0,0.2139235182645179,0.7976777478587942
c01,0,0.39163309509060434,0.7613750273710552
c01,0,0.35221125719063456,0.5993490051685862
c01,0,0.3513480826124245,0.4274482348815944
c01,0,0.5511075990794241,0.2995312211735656
c01,0,0.5289139203350987,0.6829981159461639
c01,0,0.43054709839663996,0.4775534339615869
c01,0,0.34698273926228,0.6934984092143759
c01,0,0.276542486627283,0.48142172319270643
c01,0,0.24840262883313005,0.12578922317246552
c01,0,0.24838027246562627,0.011446915547281916
c01,0,0.31768286269073204,0.019934716843652056
c01,0,0.2209001015993704,0.02251982601283283
c01,0,0.2519946637113518,0.1634997028957903
c01,0,0.5530943649326926,0.4030067262252412
c01,0,0.22970131840988559,0.017138175882459382
c01,0,0.1747462620320677,0.09746769940205434
c01,0,0.328632639678286,0.04631045386950449
c01,0,0.770448188477382,0.718397072163553
c01,0,0.31193441608518335,0.010305072875518673
c01,0,0.33177619307348716,0.15604092867180644
c01,0,0.36628514368871273,0.032717170859734516
c01,0,0.25776363102617894,0.020173928468786125
c01,0,0.1984019001472334,0.053849715838776874
c01,0,0.35591156891199777,0.01962633916809836
c01,0,0.23094355983652398,0.03810379388793968
c01,0,0.19415764845057987,0.03881710147212459
c01,0,0.2727938048209909,0.039562576159431845
c01,0,0.18477012097374618,0.11979643927786025
c01,0,0.23597457663132976,0.014344406268085459
c01,0,0.21636953724111904,0.060869981335269205
c01,0,0.7960046820824604,0.7421277605744672
c01,0,0.2763454189678652,0.0164688811361744
c01,0,0.3803779176217257,0.04636348574128734
c01,0,0.14972772751529992,0.02775651837956094
c01,0,0.2327249540967344,0.013797852640316818
c01,0,0.7856580473491034,0.49426936817435774
c01,0,0.2298942442892692,0.030469258870690148
c01,0,0.30128345312161364,0.661784683256279
c01,0,0.20527982490141589,0.02621788886917806
c01,0,0.14482431269217744,0.011404244918800294
c01,0,0.23302116043056473,0.015232327391285074
c01,0,0.1288072370024718,0.017603011034479463
c01,0,0.17846538452337338,0.05583033379398824
c01,0,0.14811849532986532,0.02432786679664811
c01,0,0.13059702749538135,0.01187598742971774
c01,0,0.2111892681838651,0.012040820791305583
c01,0,0.14363973553306877,0.02663707592041852
c01,0,0.14987361636046784,0.01806555726963106
c01,0,0.18664684147935365,0.012136445560638745
c01,0,0.1839909505061958,0.018814496685840627
c01,0,0.18925207023254526,0.018171959324592413
c01,0,0.2002373631477507,0.02724261016258738
c01,0,0.08519419277484516,0.018688470141237135
c01,0,0.12583227586790166,0.02819611254321651
c01,0,0.12901428976186846,0.02322475399274258
c01,0,0.17141113587937948,0.024108165582600958
c01,0,0.1492488452341187,0.03902197008589175
c01,0,0.11732764365878938,0.027701353365901606
c01,0,0.09650816589050376,0.02800787347216303
c01,0,0.12294849535727292,0.012867703351616083
c01,0,0.1659439752428657,0.024905731350870555
c01,0,0.19318270183844957,0.228664526176661
c01,0,0.11287567922853103,0.06497223373559934
c01,0,0.09799627902385818,0.012489239084439807
c01,0,0.1891635577716247,0.22872884903702498
c01,0,0.2376329162634351,0.68300015912596
c01,0,0.33116619177029905,0.3092741168013339
c01,0,0.3634351710629592,0.18589043801587807
c01,0,0.1278882524034571,0.02232664234852909
c01,0,0.19279960852007372,0.18745648600621717
c01,0,0.37731769639377855,0.3891093027237669
c01,0,0.1370089873846067,0.12562971738968542
c01,0,0.19103979136288946,0.14118031945457474
c01,0,0.2544486517359492,0.16186956771773134
c01,0,0.19546877261916024,0.14413750343700604
c01,0,0.4347309386612941,0.8377899174678703
c01,0,0.1677103739914919,0.06241918568554747
c01,0,0.3487812202691271,0.07326649021862491
c01,0,0.369889890742178,0.06836682728002354
c01,0,0.23040898404332164,0.16462435689214627
c01,0,0.26239249705905093,0.037192168189166236
c01,0,0.31859002700941935,0.07791809498677521
c01,0,0.2663684083456268,0.0587632871649472
c01,0,0.30419199914718414,0.031848115757883357
c01,0,0.2996941462139289,0.1875189404060222
c01,0,0.35045902932156053,0.09518430908636738
c01,0,0.257030862126685,0.02977724209849965
c01,0,0.30712683852766076,0.06994350466357213
c01,0,0.3119745589809361,0.023080423866205697
c01,0,0.22138968048892332,0.04702600277271041
c01,0,0.44812187000102865,0.2593011177919709
c01,0,0.1707986347182114,0.01621786532036833
c01,0,0.18700584521074992,0.021322902769684942
c01,0,0.15722892504391597,0.0447798181347482
c01,0,0.3803992558763509,0.06608259037675661
c01,0,0.19229639436372556,0.015839003249709334
c01,0,0.18122632877818828,0.008078618404001967
c01,0,0.23913528626563285,0.021705215526729837
c01,0,0.12699047654131387,0.014441331723977876
c01,0,0.12147869940422727,0.018118865339315074
c01,0,0.30804165138637385,0.042245545383067344
c01,0,0.1660590585781046,0.05780955137188879
c01,0,0.14991934028435366,0.025354488839062685
c01,0,0.1266585827774229,0.036301812087619074
c01,0,0.24149657932753502,0.3282910016601181
c01,0,0.1444035754428042,0.02819310479992228
c01,0,0.11464806619596044,0.02896092838315883
c01,0,0.1737865791313772,0.0081163031088451
c01,0,0.11847584929099336,0.028443615385031606
c01,0,0.12869490637995176,0.04202750627492324
c01,0,0.1440269937938052,0.024352816895424585
c01,0,0.159283999700515,0.040126258191291106
c01,0,0.2029464175385053,0.16981300274753094
c01,0,0.11508729447702125,0.020009660741298143
c01,0,0.12969994614787644,0.046229732214971155
c01,0,0.12445005143556614,0.051640669607780444
c01,0,0.12206230897912099,0.043529236724557864
c01,0,0.14897003754347715,0.07948163992517576
c01,0,0.19144328663917745,0.13066381225652746
c01,0,0.6754441987682305,0.9414205349410945
c01,0,0.9224174138762639,0.4369725136859934
c01,0,0.715524428639724,0.8576630356479766
c01,0,0.29190353839756916,0.5920548677104767
c01,0,0.60223259834405,0.19714365969114842
c01,0,0.6571245008316897,0.8977294799221504
c01,0,0.2357140599909231,0.47180414493635026
c01,0,0.1892468154624547,0.012738190633187435
c01,0,0.181688729338295,0.013523339155724744
c01,0,0.18283323879212413,0.009254011379925951
c01,0,0.2288422242289319,0.009494796328956208
c01,0,0.14142542374646322,0.01960666712968932
c01,0,0.13074082849913066,0.027416718119081557
c01,0,0.1753564153247979,0.027778585773370727
c01,0,0.17334689019935298,0.0541242739377679
c01,0,0.1522228205257855,0.0390246745253586
c01,0,0.17388785553273486,0.06013651912534528
c01,0,0.12640631350691947,0.03321432422090308
c01,0,0.14801449135785272,0.03710301427242394
c01,0,0.24702322417723588,0.024333711106892187
c01,0,0.5051453059943496,0.5916235728940689
c01,0,0.15610071196409506,0.03563746925646227
c01,0,0.14581363543761008,0.027764349444365437
c01,0,0.23551892737810107,0.04130920751351954
c01,0,0.2809441677288619,0.03080016222736013
c01,0,0.1670010090853721,0.05634167691926638
c01,0,0.37510162864166685,0.06056439904846964
c01,0,0.18864397816171816,0.021603274695137734
c01,0,0.14066840428510663,0.03555097109002392
c01,0,0.14843004048043676,0.03716033713324377
c01,0,0.17776881042164236,0.03320640725963149
c01,0,0.22287200405586557,0.0930547209799898
c01,0,0.17296443802174788,0.02630970391971158
c01,0,0.164088069643975,0.06345036350972726
c01,0,0.2523886874926042,0.026026940071147274
c01,0,0.1485917380172606,0.10715415826471236
c01,0,0.18465414248761552,0.040631194276819854
c01,0,0.15125206951330813,0.06199727455129005
c01,0,0.1486776187247969,0.05512163442933584
c01,0,0.15134415285403904,0.06561329912200625
c01,0,0.14797168510869022,0.039979383529213056
c01,0,0.1531691516716067,0.03505581000305364
c01,0,0.21081174455223087,0.0752787895901561
c01,0,0.19771494702637407,0.038212273760560383
c01,0,0.1497343459053077,0.06424861208260649
c01,0,0.15816549383816494,0.08155020929469677
c01,0,0.18329706509200958,0.11603725350966042
c01,0,0.260380959349518,0.023419409318121226
c01,0,0.211905090589168,0.04202497813871269
c01,0,0.6801547799516328,0.2966612108244746
c01,0,0.7865670192307141,0.9385829028031838
c01,0,0.41917500332268787,0.7933278995725797
c01,0,0.2531925329668461,0.033647353163335
c01,0,0.2895208244990522,0.06700734305300254
c01,0,0.33834330727218187,0.9273893700651297
c01,0,0.3706489005242,0.8658950125175929
c01,0,0.3678264529246735,0.06763691269302775
c01,0,0.23763669330361867,0.008499636807054425
c01,0,0.303815381870263,0.0135261528910419
c01,0,0.2265790038174594,0.11484489362480259
c01,0,0.2122931967097361,0.4406109704218293
c01,0,0.2384651333167579,0.20242269904963953
c01,0,0.26172328685215135,0.04772336016555707
c01,0,0.32689469313047237,0.23756166353650604
c01,0,0.39552950152485167,0.4662858342957934
c01,0,0.39955750134270157,0.3701297674036129
c01,0,0.4602846490336651,0.6851784173281911
c01,0,0.6586373604552359,0.6582377702314177
c01,0,0.3634262977649539,0.5047348615294388
c01,0,0.26263325560621825,0.34700098058091783
c01,0,0.2836870954391614,0.08853900342787503
c01,0,0.2581357293897532,0.12072991055630797
c01,0,0.2652245413117067,0.13318928753543438
c01,0,0.30243221767867967,0.23581539519998382
c01,0,0.32901438742549693,0.12031666049863288
c01,0,0.5024266563088086,0.4755291344152511
c01,0,0.2495761832154947,0.019374469917024247
c01,0,0.235557487385708,0.05856122933125655
c01,0,0.23969762184312032,0.11188901761951073
c01,0,0.5627791728655082,0.6795220380185062
c01,0,0.1914523277227093,0.05465081425544388
c01,0,0.3281216032969413,0.0885973985270355
c01,0,0.24151197852562883,0.1263711922459675
c01,0,0.36494777598643025,0.029462272355857844
c01,0,0.176479469227422,0.18451927431546947
c01,0,0.23065428516596112,0.3485862627300267
c01,0,0.4890400486212324,0.12525050469875798
c01,0,0.2528998141273686,0.18902443491207196
c01,0,0.3653434088903076,0.4466477486506641
c01,0,0.24278884431139577,0.09385276952703867
c01,0,0.45652461989857274,0.6496134645007776
c01,0,0.2571770504958136,0.06687262032202672
c01,0,0.2877359108609592,0.12101777956572318
c01,0,0.4578667411898895,0.5756745562508776
c01,0,0.3173286860323321,0.07425410828607773
c01,0,0.3147689153748716,0.08507909252101926
c01,0,0.44059579321502274,0.113367962832331
c01,0,0.253004059801496,0.028747171663099497
c01,0,0.41731351555112917,0.06966604102169459
c01,0,0.4608567622327203,0.2998992761477893
c01,0,0.5792617592152187,0.5824065046448129
c01,0,0.40906719678044645,0.09339528554813929
c01,0,0.3854954154903358,0.03855741297636246
c01,0,0.24130284349184625,0.4677124163622127
c01,0,0.1877265797740648,0.04487042495552836
c01,0,0.1560407800407864,0.10197390488488316
c01,0,0.3146407909337325,0.062162338391202915
c01,0,0.9121378015949329,0.3053242113357785
c01,0,0.510549442608009,0.47748306427884196
c01,0,0.6678138728867292,0.3319504051839401
c01,0,0.27648076599162524,0.39203814048539065
c01,0,0.3326301707348411,0.04794873061977298
c01,0,0.5127130882777162,0.618022019652218
c01,0,0.5409557653588238,0.16247369426023642
c01,0,0.3175279448641316,0.20465726971434184
c01,0,0.44976819359927156,0.39650999045674884
c01,0,0.4627338537878653,0.10871768342387518
c01,0,0.367038950288811,0.05752605169479136
c01,0,0.5451045604741209,0.508635475768945
c01,0,0.4853323621486073,0.04339050284061907
c01,0,0.43798611895317835,0.03165923676351504
c01,0,0.3615560586772586,0.0763998943882035
c01,0,0.5918468841486563,0.4313104222625891
c01,0,0.5088696342247763,0.4338771907664693
c01,0,0.6035046120893325,0.15773699018440776
c01,0,0.5708479824217046,0.2210883231018184
c01,0,0.5185852710018736,0.6999421195400007
c01,0,0.4474053702396505,0.04175011892950379
c01,0,0.6216263180973673,0.8459336171275745
c01,0,0.5132739841338052,0.09122412727882143
c01,0,0.38275732030556564,0.0619872205040544
c01,0,0.5066444068013469,0.6625035383657567
c01,0,0.8029823267282805,0.3844060635140887
c01,0,0.5261088195877031,0.9082053893608013
c01,0,0.41110753792637306,0.6092996962200837
c01,0,0.4975983524545046,0.12480551069141688
c01,0,0.2905639306095485,0.18749133141218705
c01,0,0.5586793283292353,0.2725200286458923
c01,0,0.4039800978529787,0.8361196769026243
c01,0,0.38803766269382617,0.04566833397890799
c01,0,0.47373876494632333,0.41203355025267946
c01,0,0.2680770150490503,0.03804339155673293
c01,0,0.5392499971312642,0.41476891469197924
c01,0,0.9257427580486166,0.5182078310695849
c01,0,0.3729699331246228,0.5127603879089401
c01,0,0.31449487692310235,0.022796816254596602
c01,0,0.273999125154711,0.015247680496514017
c01,0,0.3524302023811923,0.011735170448719953
c01,0,0.34973701762992027,0.02260301316359776
c01,0,0.4258301080294487,0.03090473418681142
c01,0,0.3499308183438334,0.18129943298117251
c01,0,0.34948174647984387,0.14436323471972365
c01,0,0.5756396122045677,0.3866700958028066
c01,0,0.3748680286206208,0.010744642300508147
c01,0,0.8284230338069498,0.8710440308956463
c01,0,0.9594839629591976,0.32723565184357456
c01,0,0.22797154752153834,0.008203705694347344
c01,0,0.28991881525705193,0.015782957231206544
c01,0,0.2948186533054747,0.010187596276447374
c01,0,0.2555118020007218,0.021192913278749153
c01,0,0.2562515468071831,0.022404194930082548
c01,0,0.3468441727851948,0.01138617920873247
c01,0,0.29773301028349786,0.027903798109703712
c01,0,0.3662302777514316,0.0510187126198974
c01,0,0.48786964961761836,0.21553385148002355
c01,0,0.361265937802441,0.5330557682311741
c01,0,0.7461822300507522,0.8721159647131873
c01,0,0.9671568967637534,0.8444978084349056
c01,0,0.3727114666713801,0.960583753947667
c01,0,0.3144696347673867,0.02658480830455609
c01,0,0.9690793751254925,0.6529998655250107
c01,0,0.47298909307011583,0.08216322123050473
c01,0,0.4266743259467084,0.15041463835852126
c01,0,0.5486052184757649,0.2875490827298754
c01,0,0.2851949963538245,0.024403405616503674
c01,0,0.38561632853882083,0.07101865255235842
c01,0,0.30226688318466105,0.026144038743752287
c01,0,0.3008908301921919,0.032706499965662265
c01,0,0.4976683445696249,0.030967855844274406
c01,0,0.22771732327064612,0.06538745956114934
c01,0,0.4552452099942766,0.6903544283853426
c01,0,0.20580450876372403,0.02893416972638667
c01,0,0.3009988528894585,0.031068453016351243
c01,0,0.1825707570670187,0.016834401535403668
c01,0,0.23837803059370205,0.022244536582886026
c01,0,0.2794441371539307,0.1045750704925533
c01,0,0.24745550192597907,0.021469482099648694
c01,0,0.22640230934196828,0.01807742975638129
c01,0,0.44882273941579715,0.32156468619974105
c01,0,0.19846046040864104,0.02550736464724659
c01,0,0.211891106611564,0.034865996695550586
c01,0,0.2648319337193191,0.03758845903747418
c01,0,0.3026975051093152,0.029152691721920962
c01,0,0.2507388947417076,0.17694721808828773
c01,0,0.33872056541159185,0.5375372294195815
c01,0,0.2995201784531124,0.4850292181483282
c01,0,0.2918991066585642,0.2719486540298679
c01,0,0.28347125037021564,0.7570789943240184
c01,0,0.3227974258432204,0.2802069943730883
c01,0,0.17450543724797438,0.09986600821232555
c01,0,0.22315830551521101,0.058684584437136804
c01,0,0.25079101306520896,0.39114101740457696
c01,0,0.4892247316867585,0.18925287182564046
c01,0,0.23390707091431165,0.023953780986212307
c01,0,0.19250835239578237,0.04298064642202363
c01,0,0.2974159304564511,0.12313621370192142
c01,0,0.29266831728158926,0.12737117845841975
c01,0,0.3375580388227198,0.4968393538299306
c01,0,0.27863530440084333,0.03313813082036417
c01,0,0.5920772219369503,0.877197213852457
c01,0,0.2714771443479655,0.2590994637702186
c01,0,0.3426794879500481,0.14588631745330966
c01,0,0.519707051019589,0.7350548632138421
c01,0,0.1797920631763819,0.15528606027372568
c01,0,0.1974649219330549,0.04510837335226289
c01,0,0.20130631652937714,0.053029340474536085
c01,0,0.15972143038096637,0.096241057554013
c01,0,0.15930017700612675,0.02632776016519255
c01,0,0.30532069516915794,0.03732814610882852
c01,0,0.20197665225878372,0.04138641860629012
c01,0,0.3211193818240562,0.2546135195809228
c01,0,0.3957798272944998,0.09669385846333903
c01,0,0.14537199123284383,0.06516782184584088
c01,0,0.26778108505925485,0.05849570398538391
c01,0,0.18069249172447077,0.10171620829648782
c01,0,0.35396726471975126,0.08273281600604121
c01,0,0.29419475805284534,0.027790297688791304
c01,0,0.21718615762823282,0.043863291832414435
c01,0,0.1813772071007089,0.04483555106352144
c01,0,0.36444744796742595,0.06692784672500265
c01,0,0.126376297989866,0.0528883155046838
c01,0,0.3734899762443033,0.08202749472855979
c01,0,0.1980604532950245,0.024508819602597105
c01,0,0.3177704891187461,0.33211268075372224
c01,0,0.14553820940125659,0.03680732937410976
c01,0,0.19548949872435684,0.0779027882230948
c01,0,0.2561338869868718,0.37995750612233636
c01,0,0.17302397765823208,0.08025027998131336
c01,0,0.14083766958422186,0.03837203204626849
c01,0,0.2471989029655632,0.09626286799221717
c01,0,0.3631299220006821,0.2440211688902018
c01,0,0.2040070060030583,0.031512678103802885
c01,0,0.21987097460929345,0.03671623428811794
c01,0,0.1464302363680971,0.02673293840195753
c01,0,0.2632793727936711,0.05959866573288617
c01,0,0.16147313086569157,0.07584039092136932
c01,0,0.4564812133924275,0.14735619868527525
c01,0,0.2853915499513867,0.15775166777409638
c01,0,0.17293719898825666,0.06443037347582502
c01,0,0.18769922469695238,0.10132069849957294
c01,0,0.9536686840459205,0.30701963170550556
c01,0,0.9697575853837799,0.42601616599595754
c01,0,0.36406441536093903,0.02256222323973548
c01,0,0.21836815956332997,0.016003349614635905
c01,0,0.23279370001454183,0.03261397863120366
c01,0,0.2882474856407668,0.026943646952024683
c01,0,0.28483984385614314,0.05280371342976351
c01,0,0.2388486195664026,0.047775795044427846
c01,0,0.4526279006865209,0.15144226682033587
c01,0,0.38164308864744195,0.043560851633497474
c01,0,0.19916435816170094,0.039440842431592016
c01,0,0.2023673094262002,0.05456410161945463
c01,0,0.20361410997065094,0.058387576030564506
c01,0,0.18724864084684262,0.049734890749578625
c01,0,0.2781166685386703,0.0971797264148232
c01,0,0.3791308429073833,0.04226335247126319
c01,0,0.19905689230651613,0.018203010539925787
c01,0,0.22068429310086926,0.06832449812052388
c01,0,0.24888609954718222,0.023255514599923942
c01,0,0.2008200504095323,0.05705583413427122
c01,0,0.2290105129764239,0.1032167370750039
c01,0,0.21682636012596698,0.03209766637646907
c01,0,0.16856648122899498,0.08216574868618672
c01,0,0.3095418311212959,0.3305683458462553
c01,0,0.14570332738501843,0.08293413192222247
c01,0,0.2782546206275931,0.06919666727865408
c01,0,0.22347151694864506,0.027212426741410105
c01,0,0.19840968323577216,0.05891990327989671
c01,0,0.25402190969870286,0.38300692273737796
c01,0,0.5300570006388184,0.32644628609443854
c01,0,0.25354691303996607,0.1033640660856062
c01,0,0.5834292788781277,0.61360914034604
c01,0,0.20106252333092503,0.06432160202794003
c01,0,0.2805265357629396,0.13184955476345622
c01,0,0.4429230641591954,0.7893593371855016
c01,0,0.9367996063449927,0.7795789586862816
c01,0,0.36913119928764465,0.021926606113394826
c01,0,0.18474723808122057,0.02554317114902169
c01,0,0.26150920266099614,0.03925574907125651
c01,0,0.49099101762654196,0.12707425730283364
c01,0,0.16682898245536346,0.05367893576020826
c01,0,0.3287763899582282,0.5171711538727607
c01,0,0.36314198931927383,0.036301514491461226
c01,0,0.532175895990782,0.5961910542945569
c01,0,0.381913273622096,0.08965941435987608
c01,0,0.3777664138531362,0.478661801293094
c01,0,0.41243782886679164,0.0754263066217016
c01,0,0.1436359144871683,0.10577537658322327
c01,0,0.2854811482143285,0.3416825125883806
c01,0,0.36556292884319297,0.19614605779665142
c01,0,0.2520960936014682,0.15283548432397137
c01,0,0.4383405737919962,0.21696040415377718
c01,0,0.23961343191068968,0.030435361708164847
c01,0,0.17709745743900515,0.06964014231906006
c01,0,0.3732531205606369,0.2166212266961248
c01,0,0.1711962875976533,0.13213872025045828
c01,0,0.3439385381794288,0.16447031771583515
c01,0,0.17535983596913435,0.05261131370514408
c01,0,0.28389274323056773,0.16104914206151277
c01,0,0.6561587852139338,0.8012303998640553
c01,0,0.3254381058670841,0.05380863733740198
c01,0,0.21896162732665633,0.19646621884671417
c01,0,0.1834648246307724,0.2047153077460303
c01,0,0.5375747631846797,0.47359830804122843
c01,0,0.561440227926289,0.7456734479775846
c01,0,0.3038390875971179,0.1067336940413309
c01,0,0.9708983572010307,0.5474057312953357
c01,0,0.360121065746601,0.06611489861310799
c01,0,0.47670901623567524,0.07107878314728347
c01,0,0.22606524742656742,0.07737835880782423
c01,0,0.4717801410794007,0.19963774464372788
c01,0,0.32731908315145036,0.11238550893472662
c01,0,0.48858460343230603,0.28625389371674165
c01,0,0.15089038022103737,0.030073529616104006
c01,0,0.2811225476989837,0.2636647737919169
c01,0,0.4515424321702103,0.495350643611447
c01,0,0.20362329750313665,0.07014540388698957
c01,0,0.48381571419305786,0.8381235930842098
c01,0,0.8303872275538096,0.8155985440897316
c01,0,0.9171156824135175,0.4397651634449006
c01,0,0.9527069607478121,0.17045696619116443
c01,0,0.9282068826891705,0.6635102519612919
c01,0,0.39183972166791237,0.0605529769893577
c01,0,0.26077447967357476,0.05708193680921271
c01,0,0.311314453583142,0.015177559589509212
c01,0,0.40653241341288476,0.07805196323618929
c01,0,0.4048278216999299,0.0179775117369976
c01,0,0.3258189965103826,0.01583699421761111
c01,0,0.4949947747134147,0.33631662801304235
c01,0,0.4529981198720708,0.20344123283451315
c01,0,0.9388728520048932,0.309111209223879
c01,0,0.992852014074054,0.45510695686317854
c01,0,0.40182367882199865,0.10893159308040769
c01,0,0.9976776420501232,0.6669744353152564
c01,0,0.310382081668183,0.36139493984652193
c02,0,0.5123409772149409,0.21439568024471473
c02,0,0.7691039735327776,0.06395296696542592
c02,0,0.4798081164892052,0.006021393157121391
c02,0,0.7280539588892624,0.03452372462687615
c02,0,0.6881438914348639,0.005838501280089264
c02,0,0.15420006823823695,0.01674199398517253
c02,0,0.20577028910053663,0.044675690612611875
c02,0,0.15384658594168932,0.01674199398517253
c02,0,0.20577028910053663,0.044675690612611875
c02,0,0.3146548651184465,0.06308029625884667
c02,0,0.7096840767314399,0.4121987772968615
c02,0,0.37599339293898004,0.08263737547435228
c02,0,0.9639811855048698,0.21960495480512632
c02,0,0.44836005409461854,0.2417024963500576
c02,0,0.2997533576579949,0.6365206759151552
c02,0,0.8205016555002671,0.2873307902125438
c02,0,0.30868192370116077,0.14128159587919573
c02,0,0.695962790095076,0.15402187344150767
c02,0,0.44145065291084346,0.09916378022824074
c02,0,0.5984426815434576,0.3786124798429028
c02,0,0.49642737218321165,0.6702613621157538
c02,1,0.8007412942604349,0.5546928192016992
c02,0,0.4219120899882998,0.3196408316886801
c02,0,0.3742758048520752,0.20006846707837447
c02,0,0.27137490126852454,0.04625260953885019
c02,0,0.25501233108986043,0.014261811087114492
c02,0,0.3537336457673956,0.35345214208744713
c02,0,0.2876207867844686,0.483944162765556
c02,0,0.283888945720537,0.30287172938098883
c02,0,0.40498459503592105,0.8511239438149165
c02,0,0.7466255399929314,0.18367099238016532
c02,0,0.3478257971845782,0.6463111665348495
c02,0,0.26591803518655643,0.31598801146239325
c02,0,0.2998116304233671,0.08413556029081333
c02,0,0.2263697397343392,0.00997428819908513
c02,0,0.271903793887041,0.018936189160326102
c02,0,0.407166081277482,0.0789341778513429
c02,0,0.28790394732891855,0.07535671681583549
c02,0,0.2564693431423755,0.01225719758218667
c02,0,0.23035686946343548,0.03571173124523193
c02,0,0.25050314607389973,0.18839454939194678
c02,0,0.44195335713907735,0.8150726346032822
c02,0,0.26395983262189565,0.20661159273056923
c02,0,0.2600556604258801,0.261108461098003
c02,0,0.4936006145477621,0.8136473165444131
c02,0,0.31849745871052776,0.21022053103906368
c02,0,0.26052475773536715,0.08612775054180581
c02,0,0.28277563274778544,0.3676418321057217
c02,0,0.3927033041451347,0.2932181426755233
c02,0,0.30949748736933824,0.2068454617663609
c02,0,0.3052996562108151,0.1743568584196278
c02,0,0.2854397290985064,0.04512170288360768
c02,0,0.2226502942179187,0.12774043930719184
c02,0,0.2601458490863542,0.24204426987815814
c02,0,0.40593662201746694,0.4451882390230211
c02,0,0.2546848906012824,0.1476207843541905
c02,0,0.2924750881081281,0.5547311201419851
c02,0,0.35285791221681145,0.4691515254925987
c02,0,0.2752511756783963,0.40313416788850986
c02,0,0.26714872578931464,0.4306259626245239
c02,0,0.3477050801613366,0.5090190264312787
c02,0,0.5296431858511595,0.37327241007299183
c02,0,0.26422272318260265,0.3045108121499429
c02,0,0.22903196970372397,0.18185926750994214
c02,0,0.24059420939862694,0.23493801966129702
c02,0,0.219960513845046,0.20870953689486488
c02,0,0.15071118856614416,0.07019937563884604
c02,0,0.2716732206148447,0.09175037863366878
c02,0,0.29010648462234045,0.409787334629448
c02,0,0.23934020912384008,0.24639304591606037
c02,0,0.22527624223352288,0.19433857314749842
c02,0,0.22380015464359837,0.5004954415580909
c02,0,0.28823450079250823,0.13575667831098065
c02,0,0.24730838267955507,0.09292030543746277
c02,0,0.15781870493200836,0.13380590072029938
c02,0,0.23522089839785884,0.26276757186453875
c02,0,0.2734795107530045,0.19028328520736068
c02,0,0.2284312572779625,0.21560004091024415
c02,0,0.23622900724051937,0.3307783780584415
c02,0,0.34170786358208594,0.4265602127688023
c02,0,0.36267355035106175,0.32183852803383145
c02,0,0.6603605199252081,0.5277546873199277
c02,0,0.17322256155482935,0.3367586698062427
c02,0,0.2521782118039261,0.044801608272041535
c02,0,0.1728896814611348,0.05006938208077288
c02,0,0.2647922702371081,0.5858181869478625
c02,0,0.15768943587059153,0.06260984863274843
c02,0,0.1806689445199842,0.13462968431146807
c02,0,0.1838217569265564,0.013020952047909836
c02,0,0.5695284094193372,0.407797057368475
c02,0,0.15288583559883964,0.07337179750823172
c02,0,0.1697229703622212,0.07793848321917494
c02,0,0.12865353218576947,0.1895434324657251
c02,0,0.1717407676224378,0.08310926319351526
c02,0,0.10170156723314629,0.04085946158828386
c02,0,0.13062503633871062,0.06012033497123906
c02,0,0.1042100548066889,0.07310548411224636
c02,0,0.07928949285444988,0.15840939635834503
c02,0,0.22350522530790765,0.33577787986797564
c02,0,0.19225092852794032,0.03584395758641584
c02,0,0.15262377922266998,0.06506363312429352
c02,0,0.16169862882989147,0.12043255215636556
c02,0,0.114860313065217,0.07038678833558493
c02,0,0.184983117368695,0.030289844283235112
c02,0,0.12225229756959975,0.0912163691936122
c02,0,0.09883485342229527,0.14130541828147286
c02,0,0.15828360533116737,0.10610840200175593
c02,0,0.2145379066060679,0.04012478024927922
c02,0,0.14983112384057995,0.049541905726818124
c02,0,0.1242717692085471,0.1654982300945457
c02,0,0.1046034121404355,0.1859689457413543
c02,0,0.15698253497607884,0.03438930384805776
c02,0,0.16178439926469898,0.19397545655093418
c02,0,0.11909523469677613,0.07467881187249767
c02,0,0.1751871834120654,0.09188377815648838
c02,0,0.22039870687186933,0.03209552929074653
c02,0,0.14781018340644692,0.12312519231412321
c02,0,0.21967579911178345,0.08872278162851722
c02,0,0.17515768002407586,0.038384205001373614
c02,0,0.15756216671743084,0.06020525271634601
c02,0,0.179163036403549,0.09238379732703456
c02,0,0.15297605726694866,0.011185561637062826
c02,0,0.13052145674982932,0.04001720695560676
c02,0,0.16823605675128847,0.10213432112826894
c02,0,0.19344727931504407,0.05164494388248319
c02,0,0.19638625266587031,0.029274205364139525
c02,0,0.18835942906434777,0.07193480884958074
c02,0,0.17796283907257035,0.05097348222497581
c02,0,0.147163738691994,0.18004907157331923
c02,0,0.16457905476323484,0.030396445093890636
c02,0,0.16002695433416614,0.13897160150398122
c02,0,0.20519568752808634,0.0520437893637996
c02,0,0.29084063154288714,0.03517119049359873
c02,0,0.1902340315190556,0.08230112199574588
c02,0,0.18790964150283876,0.0485262059349386
c02,0,0.13829707713978065,0.113584904354846
c02,0,0.3992478401676372,0.47300794743173324
c02,0,0.365207461317015,0.23054032850268652
c02,0,0.2945278705059591,0.05442641423722702
c02,0,0.23767767777664847,0.03241827405529838
c02,0,0.2576097021658308,0.08324828973425932
c02,0,0.2642634437177793,0.01389466990692269
c02,0,0.237586099257208,0.006412928880195283
c02,0,0.2580183009101636,0.029862550391768765
c02,0,0.22226087588990054,0.0030767336929405998
c02,0,0.3579721377043545,0.03242532726025409
c02,0,0.32607126868835207,0.06200259001713251
c02,0,0.2858729570435458,0.12067698646276344
c02,0,0.28825738586298105,0.045021369084224105
c02,0,0.2373413618139321,0.006638231680238812
c02,0,0.3111294181534616,0.23106660779986085
c02,0,0.27801328988286866,0.010661852836860504
c02,0,0.7518173255092084,0.3673372389953348
c02,0,0.8940649624086432,0.7824057540010074
c02,0,0.6220142473041215,0.5203489037910409
c02,0,0.3282970012556632,0.5565418659128375
c02,0,0.26557041578750396,0.570177782374348
c02,0,0.3493033157640069,0.24663184085778467
c02,0,0.35525540196634475,0.2152871228934184
c02,0,0.24346431419058814,0.40840235958296905
c02,0,0.30520321600858386,0.24936529660629786
c02,0,0.2887689302458445,0.03002472883476165
c02,0,0.27264484795776983,0.06805975693939541
c02,0,0.28272948687827243,0.09158278715542191
c02,0,0.2758671972305067,0.2628010813683712
c02,0,0.30681158330493696,0.2775178979313973
c02,0,0.23939098280398866,0.4067667557856025
c02,0,0.2950500076129586,0.21354854795508554
c02,0,0.3059171492359718,0.5487363402518756
c02,0,0.24859816170978166,0.6234912436170547
c02,0,0.32883854605483454,0.5755360542111243
c02,0,0.29176890272475225,0.23667025335022568
c02,0,0.33548510607771626,0.540172732238848
c02,0,0.3180334131608935,0.4070803993893377
c02,0,0.30131753509415826,0.16328625047527812
c02,0,0.2475353306150177,0.27492579046025883
c02,0,0.2842375666511208,0.052452332896836935
c02,0,0.3710395478076377,0.17207945035123093
c02,0,0.28374404154923205,0.09207693000889135
c02,0,0.29375993571919223,0.7788502503851282
c02,0,0.3081088644254745,0.29113801473871026
c02,0,0.27116591398455137,0.3609208799841377
c02,0,0.2786325727351432,0.21613130908208752
c02,0,0.29113700982619595,0.7730354661416154
c02,0,0.31738367978579796,0.5667887052867913
c02,0,0.3242740097539631,0.18017744550638493
c02,0,0.3478519106719261,0.8712605150874666
c02,0,0.29075299810421995,0.43012860252771495
c02,0,0.8658424335293116,0.4514337255996556
c02,0,0.7498069556330552,0.7648183691230626
c02,0,0.5039406100629884,0.563879366566443
c02,0,0.6640781730071427,0.8992808027684508
c02,0,0.31634793498582886,0.7343203619266467
c02,0,0.34497624678224675,0.5757808680393999
c02,0,0.3309944641195133,0.15060703822968577
c02,0,0.37823571027265274,0.6195894571780565
c02,0,0.30093232147470356,0.44316329083146394
c02,0,0.35376356101855594,0.46476529590510857
c02,0,0.36630568664462,0.8854207865798611
c02,0,0.2881875166807931,0.4852270683451773
c02,0,0.38884113631183614,0.748923968488688
c02,0,0.316289640980629,0.535918303759398
c02,0,0.795495200423666,0.6927868332462189
c02,0,0.38966167645251054,0.6250142878756313
c02,0,0.5823703874488128,0.6410949891817721
c02,0,0.4103874025350807,0.18530305001450256
c02,0,0.2728573995138655,0.25024493438582
c02,0,0.33384124123044806,0.6850162103146245
c02,0,0.3462897189117653,0.14950625867188075
c02,0,0.32393688943784377,0.25673831197521163
c02,0,0.27679970219960326,0.5744095674787333
c02,0,0.3253597355905474,0.8043883117176147
c02,0,0.2555771199960837,0.3519337704556624
c02,0,0.26504298527934195,0.2433494675992396
c02,0,0.364698255612775,0.6324223410511574
c02,0,0.26532650983712447,0.3344094657224307
c02,0,0.4398261853905158,0.47079043939810267
c02,0,0.357351719891122,0.3351548539161879
c02,0,0.33406825829137676,0.31852321546942436
c02,0,0.3405710860519092,0.6652044684948454
c02,0,0.3172345428119411,0.2574001409719358
c02,0,0.5166909274370886,0.7140761932726829
c02,0,0.33121476000473504,0.8171854315046796
c02,0,0.31816279273353204,0.545633069895356
c02,0,0.2862446691801965,0.445202640844054
c02,0,0.30822425676718435,0.6006416995672464
c02,0,0.43436078412158446,0.39599852597523416
c02,0,0.36265662468607074,0.28332725891973537
c02,0,0.6069179004887735,0.19142466070264041
c02,0,0.9537472023810338,0.6024871197772965
c02,0,0.3453462758980302,0.7166078514619262
c02,0,0.38557701455385957,0.4101799393211894
c02,0,0.42906820106971827,0.4288033162386681
c02,0,0.32379013065668477,0.5820271427057695
c02,0,0.3095036311103013,0.21516930172945373
c02,0,0.2778901907580314,0.7849967703957454
c02,0,0.6791319706062088,0.5015409488440198
c02,0,0.6613621844597037,0.663902030406838
c02,0,0.3968044822967505,0.04148640960268157
c02,0,0.2260556301188168,0.01975428998153054
c02,0,0.26416559371716,0.017746754631611433
c02,0,0.24717949596375896,0.022516852368358778
c02,0,0.25084602327294764,0.00524521140009384
c02,0,0.24442585058642635,0.008488582197963886
c02,0,0.26124098124645445,0.00505433638290272
c02,0,0.23403751398766712,0.0023569872350503655
c02,0,0.28023317501994255,0.005621751964448372
c02,0,0.27637529425430785,0.014372934618348562
c02,0,0.2671995260047233,0.051379802899644084
c02,0,0.2499778264405016,0.009945386629723916
c02,0,0.26204164198169483,0.023725049859437616
c02,0,0.2605230853378756,0.013869326428554133
c02,0,0.2241041614203999,0.020630264791610172
c02,0,0.28791728334974204,0.04706926829385987
c02,0,0.2812596623124646,0.013083880446764643
c02,0,0.24711305502427933,0.0030243998411340943
c02,0,0.21513516534773,0.027557135908868224
c02,0,0.23535339368515135,0.0028929757416136298
c02,0,0.21871188341848433,0.01371591653121783
c02,0,0.27060092197940483,0.009495254825898393
c02,0,0.32107295626338844,0.09097470169261186
c02,0,0.2845967698375537,0.02975295380878329
c02,0,0.24676623207961187,0.0019296572610928468
c02,0,0.26326746384249994,0.008343153481356813
c02,0,0.22652000840804876,0.004603709608145804
c02,0,0.2529488029655735,0.03314347558912504
c02,0,0.27383588810406917,0.020013978510670084
c02,0,0.3056314731685629,0.02296262437445556
c02,0,0.259577394944248,0.012860333185332447
c02,0,0.3418319565922963,0.15042365537534824
c02,0,0.27212966248506065,0.10152568044783337
c02,0,0.24968671054890945,0.006271438968930539
c02,0,0.19260622916001338,0.08587820413633539
c02,0,0.26864576761410125,0.017764702340463755
c02,0,0.23883793832468334,0.02072005071229572
c02,0,0.22526809280758162,0.013605368813173795
c02,0,0.3138839491527393,0.19926632240873243
c02,0,0.25511728382490084,0.003750337878964985
c02,0,0.251747235699766,0.014576622644664533
c02,0,0.27508184624111426,0.01088381547546262
c02,0,0.26136762728055735,0.011032955557494008
c02,0,0.22609219174815215,0.013905637071676604
c02,0,0.24171751296812063,0.03279600577869295
c02,0,0.24280098979104156,0.019196690321761665
c02,0,0.2971188898008917,0.04264402041896495
c02,0,0.19431533786511898,0.050157612558147525
c02,0,0.3151730026949748,0.07946212925997517
c02,0,0.8160970601366193,0.4636896740528742
c02,0,0.6769836056901413,0.8684649069764191
c02,0,0.4365753123422663,0.3237327531166738
c02,0,0.6106205862355395,0.7778780419673379
c02,0,0.4910099473177377,0.45449459961141636
c02,0,0.2900131806613603,0.1483904597947091
c02,0,0.33111007797176234,0.29856670040369826
c02,0,0.3442881307301832,0.27564111377970857
c02,0,0.25563913623032497,0.19934321325519508
c02,0,0.25258503268017973,0.10942302788246284
c02,0,0.26656378949064546,0.08505391574027278
c02,0,0.3297515216124654,0.4862265953100704
c02,0,0.27272470897873907,0.009540912984950146
c02,0,0.4046705538149542,0.45715284859472105
c02,0,0.4319779868620575,0.5664240383752638
c02,0,0.4047646144057689,0.5151685915735076
c02,0,0.3698701832515326,0.38741359838449885
c02,0,0.3971869639173084,0.4309711225877261
c02,0,0.5846114675457748,0.7562580854564899
c02,0,0.28636042109876597,0.02112179041691551
c02,0,0.26028425584400783,0.0248517300367626
c02,0,0.35046040542812695,0.05193797874592565
c02,0,0.2481859016086892,0.0129907374069181
c02,0,0.2899621334692561,0.0555366928392112
c02,0,0.36301836241782565,0.3247061278383276
c02,0,0.22380522871750694,0.028299863889172876
c02,0,0.2712196881952093,0.181864983001506
c02,0,0.3164444477176343,0.030978920357224306
c02,0,0.2835674724010586,0.19495607112418847
c02,0,0.275405417182059,0.01827670721346505
c02,0,0.3343249476201564,0.3346168718311926
c02,0,0.27534718002284414,0.03261259926677647
c02,0,0.28365306431260573,0.0846336773328326
c02,0,0.24350792247987532,0.027370757592083145
c02,0,0.29993887206927927,0.06028636665909663
c02,0,0.23797896095729462,0.004610966776090993
c02,0,0.2613191483973572,0.015523328344447104
c02,0,0.21347369002803623,0.04780676346039278
c02,0,0.23662933773735795,0.028096780966703393
c02,0,0.27886809515452526,0.028429366287347616
c02,0,0.2813983839759422,0.022828920265899177
c02,0,0.3450483587806612,0.17127061424179754
c02,0,0.2599671455199032,0.021431527547399718
c02,0,0.31939995410115124,0.07359570135654792
c02,0,0.2690386545322865,0.08875686501472141
c02,0,0.37345005326974634,0.30085162482251987
c02,0,0.31044974741708836,0.08436739953084187
c02,0,0.30406736601773576,0.04863652011844675
c02,0,0.3157856258037029,0.09967065595796731
c02,0,0.26619976565431475,0.01671070236424732
c02,0,0.2940618001481654,0.10964626577018259
c02,0,0.25835994536872986,0.016291507166554104
c02,0,0.281357476317191,0.009939310248101789
c02,0,0.22034962720188978,0.02503281234349263
c02,0,0.25339188403746976,0.03135123463187305
c02,0,0.2566691907577824,0.020591612433765918
c02,0,0.2890025658056385,0.07667251324151743
c02,0,0.25062314665512186,0.04834863119680051
c02,0,0.6578335340756734,0.24099542057594442
c02,0,0.8631797724746302,0.20057357116831578
c02,0,0.5404184880257143,0.8126321333610784
c02,0,0.4280961727169897,0.6910283536220176
c02,0,0.7158006151024225,0.9302570096025299
c02,0,0.40604276924770155,0.07954156282148915
c02,0,0.29866086158544447,0.005328756472654399
c02,0,0.28227539757164,0.005746892912720592
c02,0,0.34769875376406545,0.18132988066361294
c02,0,0.28383853080149196,0.030289141646212693
c02,0,0.3261738390528286,0.28394691775283304
c02,0,0.20761284473522115,0.09845893854483315
c02,0,0.2712717976922461,0.017531121831273422
c02,0,0.24944100641956177,0.103397371784491
c02,0,0.2775202521431487,0.008654966348760115
c02,0,0.21052561597720812,0.34939580069929316
c02,0,0.44119951408948604,0.5626370208688998
c02,0,0.2850940606002057,0.04931718101634881
c02,0,0.29829052352082586,0.05340736388809876
c02,0,0.2408490170991801,0.14479713860326127
c02,0,0.3711730284841881,0.5453931448303437
c02,0,0.3480445695466394,0.5411330583723334
c02,0,0.43429953114182934,0.41584803148851446
c02,0,0.37649032606514354,0.1513433207767535
c02,0,0.909306056102159,0.3824955675279353
c02,0,0.34863340092124784,0.06226247513699107
c02,0,0.2732378356229023,0.01354730119063446
c02,0,0.35492705592007107,0.2186747484860208
c02,0,0.7595553525093576,0.482072285632416
c02,0,0.8365282183032188,0.5663626153618042
c02,0,0.27836246358892036,0.3122491471405908
c02,0,0.2822655804270147,0.12197631991383152
c02,0,0.4705292596248272,0.8278095082676761
c02,0,0.49710671226087366,0.7301482594097973
c02,0,0.460880494222508,0.6591425169648375
c02,0,0.32219507209610954,0.5460573288527597
c02,0,0.4209557973337979,0.6491781621894943
c02,0,0.47387864527024076,0.40304144437632183
c02,0,0.4007039812143406,0.4156121366765431
c02,0,0.35139978221430673,0.3596163999167742
c02,0,0.27595062152290256,0.24663807446897404
c02,0,0.4696595182282935,0.3784234687276265
c02,0,0.9207449628172146,0.733113687406236
c02,0,0.25654674732995697,0.37436672118235725
c02,0,0.29187370373248056,0.23980334336208917
c02,0,0.32955593792179055,0.17265453548451848
c02,0,0.40498620992090734,0.47590035610686127
c02,0,0.3011309005935493,0.17756275588482306
c02,0,0.28469373611757826,0.12158857178021197
c02,0,0.7054630887025344,0.6779158763393635
c02,0,0.44855065559195567,0.2629128913994439
c02,0,0.5675278804423359,0.545365466938828
c02,0,0.5100988160439168,0.3727307819920209
c02,0,0.2967601705944729,0.6212516919919172
c02,0,0.37490613381620796,0.47152311131937724
c02,0,0.31810340625789946,0.26251104047823315
c02,0,0.3056728996990662,0.5229400276404484
c02,0,0.32852205823407693,0.32403241649060016
c02,0,0.32622158306040333,0.648050603146108
c02,0,0.35608941830247653,0.7748532531824909
c02,0,0.331728553399666,0.4253449545611058
c02,0,0.36807309765949686,0.5734220769350132
c02,0,0.3077248629001039,0.601151171996023
c02,0,0.3124443715814957,0.5818028513700498
c02,0,0.343205904535535,0.7250522779983511
c02,0,0.307978676906371,0.23599270188763746
c02,0,0.3718409525370797,0.6249559231628452
c02,0,0.3222037533933594,0.7422361136972303
c02,0,0.30695758324104117,0.22082734910721988
c02,0,0.2996014305664045,0.2806496371493722
c02,0,0.3618097130505537,0.327836235305347
c02,0,0.31691226064766176,0.1252188435651743
c02,0,0.27652142749999126,0.8776699471297044
c02,0,0.3343805751690288,0.3170810151157242
c02,0,0.34790192052553703,0.6607017113191995
c02,0,0.402891537403257,0.39738341854328935
c02,0,0.2662703404908447,0.2326131556639
c02,0,0.2565633690976198,0.1848974390126108
c02,0,0.3102557199500518,0.3093237406674094
c02,0,0.2636200446584439,0.3785960632863732
c02,0,0.3145267725629505,0.23488674010460925
c02,0,0.32509444875372107,0.237726514965016
c02,0,0.29697208865536806,0.4173229559477954
c02,0,0.23456287378805787,0.4248651903151424
c02,0,0.36351234180899084,0.5484140627638512
c02,0,0.3135130894238499,0.6796206582034728
c02,0,0.27516987254583386,0.5740750652282751
c02,0,0.357470969447596,0.0830571503099515
c02,0,0.33510180617066126,0.592603828600656
c02,0,0.3687609878956133,0.41709436518565224
c02,0,0.3514784573779911,0.5023756909737903
c02,0,0.26067834675471363,0.5944588669363112
c02,0,0.28611378523833114,0.4800482258605157
c02,0,0.2860690313880051,0.4060792234287616
c02,0,0.30488786926648076,0.39339430856908686
c02,0,0.31336277062218204,0.18065123312034573
c02,0,0.32686888297514377,0.7901281624639263
c02,0,0.32408335865714927,0.4320383440690474
c02,0,0.9454194982144745,0.21838154720175323
c02,0,0.2432199929776951,0.2326056408471491
c02,0,0.6446145939930853,0.25430651343925814
c02,0,0.8510996955478949,0.8218441962673979
c02,0,0.778237202404559,0.7389982626424674
c02,0,0.4382846066224132,0.34042586411383835
c02,0,0.20849788142209333,0.02437742559320182
c02,0,0.4458210114933047,0.6065415810264423
c02,0,0.6780051284329391,0.7347527093133825
c02,0,0.25975637007999874,0.01581616283284221
c02,0,0.3789164500306845,0.17207396387200127
c02,0,0.3568977328141017,0.11260222501477536
c02,0,0.32713902454292076,0.06956630451431728
c02,0,0.45760286548426626,0.5671066794698159
c02,0,0.3007580877692688,0.03312416188701903
c02,0,0.24526984794887077,0.08661180478072171
c02,0,0.2850135437053446,0.056969998779632
c02,0,0.2903589168831177,0.03404468402550235
c02,0,0.27646436700879407,0.0973993794534531
c02,0,0.2738636280882389,0.025803043293663598
c02,0,0.255788880662263,0.01499049459345894
c02,0,0.23102047226138783,0.11370912531420575
c02,0,0.2716434581623228,0.15810137968939972
c02,0,0.29894823576033,0.016372039869821994
c02,0,0.31360273218576773,0.2634131527294908
c02,0,0.25803994032206556,0.09505505127385587
c02,0,0.24203322894737217,0.07258202344116291
c02,0,0.19638700934815237,0.10229437166741762
c02,0,0.27849926312819245,0.008325848615946761
c02,0,0.3158373301350867,0.13979965152667953
c02,0,0.2835711683054416,0.036685268537827775
c02,0,0.3818414581946813,0.29536084833381415
c02,0,0.2522557885017966,0.14367503436224308
c02,0,0.29510884026352396,0.02265200018890233
c02,0,0.2742805317455158,0.04610166065989977
c02,0,0.32210912044952317,0.11278611973907639
c02,0,0.34640591283405464,0.32598307402007587
c02,0,0.23637418044425115,0.21178995885273122
c02,0,0.26240697250388817,0.07450288737585689
c02,0,0.23084185412445346,0.47134893739960537
c02,0,0.3079654661192536,0.6807782864422641
c02,0,0.42171247951944224,0.6766750725146076
c02,0,0.8409602280058085,0.7241343138842277
c02,0,0.4446644713829537,0.8454031207157937
c02,0,0.6581540943674212,0.6137204900808066
c02,0,0.40521270453525954,0.626328823136069
c02,0,0.4200082217661288,0.42081956252403385
c02,0,0.6389345403270842,0.5940529996493729
c02,0,0.4464285621355289,0.7058793692823759
c02,0,0.38543163625119425,0.18040790059899955
c02,0,0.33686255204466264,0.20884209433642228
c02,0,0.5662027414332655,0.6491897678438712
c02,0,0.4974598546369557,0.8492086641413951
c02,0,0.28191741804778125,0.02371777458041841
c02,0,0.330004720408166,0.06635292759667455
c02,0,0.284620832793139,0.035914187558546126
c02,0,0.21740237830310882,0.021683951650826018
c02,0,0.281783475145643,0.22457165441875837
c03,0,0.1764552433899502,0.980124012516405
c03,0,0.06747775618815596,0.06855830934048496
c03,0,0.8106615945083495,0.4618205440373698
c03,0,0.15953087189116208,0.4396234877094155
c03,0,0.11590357535072071,0.7200324216509345
c03,0,0.44386550536121566,0.8733466854409525
c03,0,0.9548199217326883,0.97975507462278
c03,0,0.5274285666107493,0.959794634329382
c03,0,0.0978907820684405,0.11600265395961598
c03,0,0.10911179135906902,0.048878616148494605
c03,0,0.4000892581024103,0.7242952617984741
c03,0,0.11732924127214538,0.3097644801198854
c03,0,0.13341145741931287,0.019952293233191844
c03,0,0.08299062625621206,0.0896789384797379
c03,0,0.20005078032558404,0.5500657335851731
c03,0,0.11107217294977993,0.07842177549854082
c03,0,0.17536852139657227,0.8023621046157261
c03,0,0.08845078487856446,0.7320995762396785
c03,0,0.37058690767802005,0.9694067289277258
c03,0,0.09380405592296445,0.25498100358761194
c03,0,0.08420155953125072,0.43912961186513444
c03,0,0.07327375789737767,0.3004738434250297
c03,0,0.1760433464909086,0.9231714737969661
c03,0,0.12549209668425973,0.5854881221230643
c03,0,0.05880433992173496,0.04773427355427426
c03,0,0.13872838902424234,0.4887069223506535
c03,0,0.3983177430140385,0.9930853914407404
c03,0,0.17171862081900688,0.9716397476660846
c03,0,0.1536771753771306,0.35674541789411757
c03,0,0.3925108921960483,0.9759113446741845
c03,0,0.0644005660570908,0.05221188112752973
c03,0,0.33212574744485424,0.9944207456980148
c03,0,0.797981744180191,0.4803204876260016
c03,0,0.15789946921149792,0.7519737467719348
c03,0,0.3713264581345731,0.9914516782628948
c03,0,0.5608117035177368,0.9935013842874153
c03,0,0.6119275182118723,0.916433676798866
c03,0,0.12946084376467795,0.7566142852443561
c03,0,0.13316883600478613,0.8258668145433827
c03,0,0.09741448084999582,0.5898920669242944
c03,0,0.24058679200001784,0.9263056238537755
c03,0,0.18644685655608173,0.9487603480086749
c03,0,0.14533353797796664,0.8157646115219563
c03,0,0.11246653710157535,0.3254277417581869
c03,0,0.17496293380192177,0.7157573783708154
c03,0,0.16887056426322153,0.5806416724120125
c03,0,0.22941455126631755,0.800051479523946
c03,0,0.1793559646786606,0.6586834424096172
c03,0,0.14423170951995073,0.7513533401479917
c03,0,0.10257460473501213,0.31728926124788936
c03,0,0.12956254697817046,0.5091409785645747
c03,0,0.169290888763985,0.8332461049497091
c03,0,0.16717489883546816,0.48381172866605926
c03,0,0.14172126439908392,0.5445183997529376
c03,0,0.21399745573935156,0.5541453455709562
c03,0,0.15614776831278857,0.447341030010529
c03,0,0.8939108698799344,0.9765421688786461
c03,0,0.20674731177894853,0.9461613228400648
c03,0,0.1337060477602366,0.784684141714146
c03,0,0.11548049829640188,0.5678864447196611
c03,0,0.14692710659377556,0.4776283652812722
c03,0,0.15709308779544973,0.033201448735398126
c03,0,0.15563268822247067,0.25881435753337545
c03,0,0.163027041346058,0.2846070056093543
c03,0,0.1598477032065692,0.13575772396389987
c03,0,0.19098124346765916,0.04924750327046048
c03,0,0.19039255935592045,0.4794458251586581
c03,0,0.133675396189917,0.1375683447015962
c03,0,0.16544976806253403,0.06332715068599827
c03,0,0.2003015350494547,0.13699193701782816
c03,0,0.1407618837472722,0.42145347405088174
c03,0,0.18389770066414116,0.3848275823124598
c03,0,0.17847238824721423,0.04645567443992107
c03,0,0.18002149952254815,0.18954173350854758
c03,0,0.229868673334617,0.08348151544760764
c03,0,0.19644342775765622,0.634791168114962
c03,0,0.19179874276056794,0.38470386199957973
c03,0,0.23014891262014103,0.11265911589317933
c03,0,0.2350931964255508,0.09979058741140909
c03,0,0.29038667447489813,0.09537873686784967
c03,0,0.4144879895242714,0.401515050780345
c03,0,0.384607890910295,0.4354715957243433
c03,0,0.3740334458979494,0.06829761341405327
c03,0,0.7542215744268904,0.4869212980670632
c03,0,0.9722780867171127,0.5315235799412932
c03,0,0.5499768089376732,0.5841326021688029
c03,0,0.4302092978407004,0.16468156898116
c03,0,0.7749281003976367,0.8156205866194576
c03,0,0.5750769471342105,0.7932342814486852
c03,0,0.6214420387287358,0.6142964451409938
c03,0,0.386458911594693,0.4884696725698448
c03,0,0.3106056595903963,0.3442674574133445
c03,0,0.5608886878554724,0.1393143458921138
c03,0,0.41943726967208045,0.10271262368358076
c03,0,0.44758370099224687,0.049593729505772684
c03,0,0.42654692924917637,0.07690965791423356
c03,0,0.7032661174766797,0.09669131838325883
c03,0,0.6065627898045526,0.15999256303729592
c03,0,0.49258845630773274,0.03933478707887808
c03,0,0.5676030701001826,0.13255673743730065
c03,0,0.617084552383068,0.4689820180970852
c03,0,0.3550667049203116,0.06661414281290778
c03,0,0.4588301249966388,0.070301524924857
c03,0,0.4767699052480783,0.05019093937672927
c03,0,0.6387408246265839,0.1510996896831046
c03,0,0.562732076081057,0.3139861163296739
c03,0,0.5108122726746367,0.08949158200837652
c03,0,0.4930999907140845,0.49760785678247293
c03,0,0.48477185600944345,0.3811562219370374
c03,0,0.3026262033902717,0.13356754078754565
c03,0,0.3211278976443497,0.044958284143956674
c03,0,0.29711750488044364,0.12116836921909728
c03,0,0.28798734482597665,0.05110737243643184
c03,0,0.26030723389576477,0.021709766671741234
c03,0,0.2658061519008229,0.041456470712048596
c03,0,0.2797334735761015,0.06045220009665599
c03,0,0.20489489927807428,0.05127387567125097
c03,0,0.22178223519744864,0.028056407554889595
c03,0,0.45972956866670905,0.2987131548256607
c03,0,0.34385353593888074,0.03498252994393472
c03,0,0.2703659137756668,0.09961460495066969
c03,0,0.36218449563032645,0.004792401364336626
c03,0,0.313173166391074,0.08301789046041019
c03,0,0.25979559760167914,0.05073919919810755
c03,0,0.15890117520379823,0.12497012853594643
c03,0,0.24282498243473766,0.16713812446490336
c03,0,0.1312857435311354,0.016927704100002623
c03,0,0.292870932257082,0.36658298998777533
c03,0,0.23484254748001854,0.0582521416018399
c03,0,0.22700604897085686,0.016511848950308248
c03,0,0.2792135969231002,0.052398585764651694
c03,0,0.26383981431203485,0.011280549299543072
c03,0,0.3303157257436727,0.06802624200663532
c03,0,0.2880046698949911,0.01607294661044617
c03,0,0.3070225948011693,0.03423493966615809
c03,0,0.3174677032158812,0.024401569034729002
c03,0,0.9005624618763535,0.5193090539801412
c03,0,0.8745927495982532,0.8675442932135667
c03,0,0.743034353593289,0.6048580333391279
c03,0,0.5319864048074159,0.04603199450798321
c03,0,0.636232882191488,0.46631968654497935
c03,0,0.8921230990858218,0.5335298158977091
c03,0,0.5530797102751153,0.7491457862097196
c03,0,0.22388608694927228,0.014270025203280181
c03,0,0.35728207076772445,0.03962202525447891
c03,0,0.25299105434766006,0.06836902369048592
c03,0,0.27061451171077905,0.02547334679170599
c03,0,0.31074928074956926,0.07197344021218213
c03,0,0.3716589352963854,0.06517552087449192
c03,0,0.2455277377001807,0.03179146288707745
c03,0,0.3184740038170348,0.06109832938445897
c03,0,0.36466423459683417,0.03545696986128885
c03,0,0.34313188948757783,0.015661978541205747
c03,0,0.25991177530262505,0.02417129635368192
c03,0,0.18499323526583972,0.01824651980127018
c03,0,0.3787163653712254,0.023551582506172366
c03,0,0.6779657787938542,0.4329166687023161
c03,0,0.5573334973648173,0.7198174272125082
c03,0,0.4208281080100282,0.7139365536823061
c03,0,0.1503250698815357,0.5218509245037554
c03,0,0.15702373611682832,0.18312854862347755
c03,0,0.8203335730072597,0.9096180242501859
c03,0,0.2448605135593367,0.12283566340786724
c03,0,0.28678639308964043,0.11557369364235072
c03,0,0.21570528736174208,0.037983639767777515
c03,0,0.4911059171063723,0.04668790451862103
c03,0,0.478870854606392,0.05068824527724454
c03,0,0.35810725109107294,0.02487611451852987
c03,0,0.26031081071854556,0.13758472675743275
c03,0,0.2512006932148212,0.08473865789055146
c03,0,0.5506548018181525,0.1801583039146082
c03,0,0.2605434391814491,0.16217466035807446
c03,0,0.5982713618954887,0.7519343313939595
c03,0,0.5331800559961477,0.07819021503583873
c03,0,0.5862125478386224,0.15907981854394
c03,0,0.5392590262619261,0.19734461482412077
c03,0,0.8171831129679956,0.33863645743894416
c03,0,0.16862056761554306,0.044182566324528556
c03,0,0.5500120702700568,0.17204466996998216
c03,0,0.773778943627445,0.47635725861323003
c03,0,0.7698008440795273,0.8259840832947459
c03,0,0.5965965059111021,0.4351714898124273
c03,0,0.27217082373585577,0.6819030384352481
c03,0,0.3903576646477195,0.12864513960407276
c03,0,0.3271378970711776,0.030863332788091603
c03,0,0.48778993964114,0.05099965180580231
c03,0,0.5904154205414393,0.14164621148745027
c03,0,0.23670732852888593,0.09390430765737098
c03,0,0.8826556805870001,0.6243695423110841
c03,0,0.5403800756098265,0.9841095048275975
c03,0,0.8106828961309983,0.8287076629608899
c03,0,0.835435943420705,0.7227440693203474
c03,0,0.5485578306113063,0.7643135157386927
c03,0,0.489115808904837,0.4626430411675829
c03,0,0.292118118307196,0.3230325052099673
c03,0,0.2402253874610477,0.29082181374987287
c03,0,0.523045798931587,0.5443281605954362
c03,0,0.2401035059749909,0.1299184567016729
c03,0,0.5430565202516465,0.9144384800538214
c03,0,0.2630442278696158,0.0587992300162105
c03,0,0.6415198484953128,0.45158897945341103
c03,0,0.348381027131926,0.8704638972403662
c03,0,0.16600698582128462,0.35490532414585774
c03,0,0.27721393804926125,0.21437305887532665
c03,0,0.27033860428280426,0.363314473252185
c03,0,0.19628938057813547,0.24666567087548238
c03,0,0.1741912374441536,0.1700584365800255
c03,0,0.243123325008153,0.009153195658916964
c03,0,0.15576059963997566,0.1499165296679582
c03,0,0.15406417535678238,0.09570597942112798
c03,0,0.22348217124898007,0.5487410977654976
c03,0,0.26218637967421554,0.30657014798350724
c03,0,0.29293289546851653,0.119766100045819
c03,0,0.1887814355334085,0.12217864504720818
c03,0,0.18141896222106527,0.0839418817425124
c03,0,0.37916106481799455,0.8868117074567052
c03,0,0.21552700851863235,0.1836655544890191
c03,0,0.20787798800197196,0.23138981387223553
c03,0,0.3760506438280714,0.8668275678251777
c03,0,0.27450738894927557,0.029572145651369345
c03,0,0.24731376728165347,0.3553570315029962
c03,0,0.3349499221059682,0.3462484382996283
c03,0,0.1865477413594843,0.06935579517392217
c03,0,0.18978029059095425,0.251744684503594
c03,0,0.22155864294865157,0.677372779974325
c03,0,0.17048631884407028,0.23535868939667712
c03,0,0.2232044311577647,0.2171432607316316
c03,0,0.1761932609916746,0.062305019456362486
c03,0,0.24868634642100118,0.019737427123334778
c03,0,0.17222894722153567,0.0918447000315462
c03,0,0.26595764813953493,0.2947270157457271
c03,0,0.15364842959312242,0.05867135407516053
c03,0,0.28062830738235306,0.2114186384364562
c03,0,0.14045414223704733,0.13114033946584802
c03,0,0.22849839395737553,0.14325435395063127
c03,0,0.2858812983564946,0.18247111068771513
c03,0,0.25997253327202247,0.14191620353504736
c03,0,0.1949314895696446,0.0609102437053948
c03,0,0.23634808691565865,0.11761715766337259
c03,0,0.32631789689947005,0.855706745736219
c03,0,0.22591114029972553,0.034180523970660674
c03,0,0.25267242791338906,0.08417165138381437
c03,0,0.2627117572003628,0.3836420105863784
c03,0,0.2571251365535493,0.04407667939322848
c03,0,0.1675786393864066,0.14373925501409204
c03,0,0.31659095232382833,0.032443426126859125
c03,0,0.9902779175323914,0.9224562850900961
c03,0,0.6727774784990292,0.9874866949247784
c03,0,0.6053468219879762,0.9589607006287777
c03,0,0.3262688301440148,0.5781765749884172
c03,0,0.584228027490192,0.9270657316348762
c03,0,0.5177302947371931,0.14985815286040402
c03,0,0.48081848332001836,0.7443601507642316
c03,0,0.9305759086049026,0.9518311564220621
c03,0,0.9063508724186743,0.7311765758724904
c03,0,0.4787969930136125,0.6972864614746719
c03,0,0.36271947169616275,0.6710846204355359
c03,0,0.3237778814735762,0.6444728076579451
c03,0,0.1530420039423507,0.8723626720976078
c03,0,0.17424669753718192,0.08419823652753586
c03,0,0.28458677855353925,0.16656636192397278
c03,0,0.49480218759649536,0.7635577031622195
c03,0,0.6534841284925921,0.9816775896548351
c03,0,0.2402053573071122,0.5228853071807436
c03,0,0.49044845565100487,0.8736027045739371
c03,0,0.24398872684297887,0.27444014251301
c03,0,0.6928844510575369,0.9914872233749724
c03,0,0.27103534184912215,0.24629969392967987
c03,0,0.5633165095732097,0.3702821664552738
c03,0,0.15745042634801804,0.8053185844021793
c03,0,0.2782458618513418,0.03403878607717739
c03,0,0.4071257849152412,0.6171598440909841
c03,0,0.23052591880064152,0.18068932247249336
c03,0,0.5602349477295333,0.5651689914701252
c03,0,0.41087563931038096,0.6130630288234852
c03,0,0.26910959781991955,0.2330950775748183
c03,0,0.15106401528838262,0.4071182695174003
c03,0,0.37136752393789574,0.27341441836059455
c03,0,0.36577859049176586,0.25383559337476375
c03,0,0.5311537348926388,0.6208565315321636
c03,0,0.6108091336530386,0.2404303248559764
c03,0,0.2353245342736504,0.6037520772292432
c03,0,0.5988256291326958,0.43944361219373107
c03,0,0.3278939615052648,0.19421699086156952
c03,0,0.3554790444941122,0.037081847516978524
c03,0,0.3800802135205172,0.5926674537858362
c03,0,0.5519941358670882,0.6155378299159854
c03,0,0.973390947943118,0.8446390062604149
c03,0,0.8116010127846269,0.6755214281841341
c03,0,0.3419482837363386,0.5489731938777639
c03,0,0.22759380255915462,0.06427130682247616
c03,0,0.2989718741767724,0.20981822873478245
c03,0,0.27001395341712525,0.4413044455107799
c03,0,0.15189121037043107,0.763319677122572
c03,0,0.2874852286764,0.7570707142240086
c03,0,0.24511434912620952,0.8572561570916694
c03,0,0.296970644759897,0.7383705169317374
c03,0,0.21617168090492103,0.7706210837257395
c03,0,0.4699097698801746,0.9570480471962766
c03,0,0.19235524358793424,0.4125250523939028
c03,0,0.33178314619492555,0.594772057395616
c03,0,0.1556862633632851,0.07710201280620226
c03,0,0.23258380621610872,0.2573303456255434
c03,0,0.326283814182125,0.6254597398783331
c03,0,0.07304067005901971,0.10295371644855629
c03,0,0.4214857002368085,0.5619704215864714
c03,0,0.23833972476078275,0.8930848651848827
c03,0,0.11474783455586494,0.548572332719231
c03,0,0.10211887912182245,0.03736912229212078
c03,0,0.20343747486702746,0.1798632186601408
c03,0,0.16830939330442257,0.4671335211642271
c03,0,0.19682172001588288,0.6691086632171547
c03,0,0.291832685629263,0.6065215119659775
c03,0,0.22586589226605733,0.7382382488444738
c03,0,0.09681424063507159,0.09236940843609248
c03,0,0.12981997807430656,0.14024002990817291
c03,0,0.2593719101756391,0.2798880095809734
c03,0,0.12461808153466228,0.44314203232121757
c03,0,0.1984872636117332,0.8054750243267954
c03,0,0.24989695347618104,0.7605063694194629
c03,0,0.11520334695307624,0.07244149654224741
c03,0,0.1577711209459458,0.04196456707319081
c03,0,0.17673096907999655,0.4547566926846484
c03,0,0.22018144188849156,0.17282931111007208
c03,0,0.13131491501545242,0.1560501237346618
c03,0,0.3029933597836224,0.24571207999536934
c03,0,0.2931044682307578,0.6799284705177102
c03,0,0.13606474487062556,0.046320671432191575
c03,0,0.18501383923859002,0.3018034517448906
c03,0,0.3973745914821504,0.7622010026867564
c03,0,0.21880351469344128,0.6074424036686322
c03,0,0.32335471363157847,0.35536443521366956
c03,0,0.41734292516440774,0.44147309828854847
c03,0,0.18221900978395048,0.17033962756721777
c03,0,0.3874730024082598,0.2433616396328503
c03,0,0.9653454987690735,0.8166699393413084
c03,0,0.7398722678570882,0.8809056486975818
c03,0,0.17802931907303907,0.4718907392902924
c03,0,0.7143071280348624,0.6155654131980651
c03,0,0.2428419378277415,0.6145580837345588
c03,0,0.636511528136302,0.9256496235443433
c03,0,0.12382107672142886,0.0893956308274721
c03,0,0.4710825007070438,0.5337325985671698
c03,0,0.1590941174096388,0.07909070105079069
c03,0,0.19021549120565862,0.6866736116812362
c03,0,0.18962766749045717,0.38272865838259545
c03,0,0.2835401036761767,0.6059232559373271
c03,0,0.33999234470759476,0.6543111615103501
c03,0,0.5329333860371464,0.4325359700264561
c03,0,0.3726244622025584,0.911919691970168
c03,0,0.40524959166535596,0.037426076202746676
c03,0,0.2996993321498925,0.07831076523716494
c03,0,0.4561428293459848,0.06615350955328712
c03,0,0.30116162928061924,0.17016690056024553
c03,0,0.8682324472159129,0.9589484650324799
c03,0,0.31585907171638156,0.09819978545110827
c03,0,0.5584140230610326,0.4227781310200942
c03,0,0.4796472438514941,0.7002315921146905
c03,0,0.31390997169246665,0.45782256710654373
c03,0,0.6042997814455907,0.18855608573669935
c03,0,0.419168280377402,0.15812789494039645
c03,0,0.6312737446979804,0.5197067556139273
c03,0,0.2625508950075075,0.0824014955491991
c03,0,0.26074680441459025,0.12406592407177494
c03,0,0.3288051873185267,0.48613319058523047
c03,0,0.22916949804747647,0.14241804695637808
c03,0,0.2933488524632816,0.4259645821805125
c03,0,0.30188108108242395,0.018849461624002885
c03,0,0.6184489985771467,0.4434207340888658
c03,0,0.9778001201902045,0.6398605040258499
c03,0,0.565552764372644,0.876929531369033
c03,0,0.45199386133786196,0.4939089280816159
c03,0,0.38931860699107446,0.7167724732798504
c03,0,0.3680707754938004,0.559620080416087
c03,0,0.16736127351625069,0.7502156001803293
c03,0,0.41389295837509343,0.9738771756832248
c03,0,0.23898466350187303,0.5280658241029725
c03,0,0.3062084552692991,0.7495381858461767
c03,0,0.993169253752711,0.9836502403257257
c03,0,0.1686484636198071,0.5077505236711278
c03,0,0.1248541155683436,0.4874533320162237
c03,0,0.4519943861067558,0.9391943444115595
c03,0,0.27050725508920304,0.6341605991410967
c03,0,0.24635052045885722,0.315263471944983
c03,0,0.1367080841593702,0.7724740918357292
c03,0,0.17955815830212438,0.46446335121808136
c03,0,0.1748268418132531,0.8819487616349898
c03,0,0.13389627509261298,0.487583069882293
c03,0,0.17459619615314045,0.6826037264832906
c03,0,0.2113662225736971,0.5963919298845666
c03,0,0.12308575127845993,0.5584443232473356
c03,0,0.17539278379120468,0.6699289244874682
c03,0,0.22438352890378763,0.6140550207792937
c03,0,0.16557990104474796,0.49080886806083734
c03,0,0.2718154431881498,0.7774382896047903
c03,0,0.2522798159996969,0.9686603247511495
c03,0,0.16611084197969728,0.5683910066735416
c03,0,0.23891087315367474,0.831992914646227
c03,0,0.130607893721288,0.414176352964852
c03,0,0.1852376117408005,0.7765859100224909
c03,0,0.3229145724957331,0.15609461371273703
c03,0,0.13428735809387438,0.5618828882600374
c03,0,0.2180399318427587,0.26294300318339764
c03,0,0.9896457464939914,0.9681220255798347
c03,0,0.3866173732788111,0.9700836990594818
c03,0,0.28733628972492326,0.8773568798349294
c03,0,0.3919504805619239,0.6758681550451751
c03,0,0.38998103710902243,0.448331673858489
c03,0,0.1677302412375552,0.5553865305561626
c03,0,0.18522780550627582,0.7120823923938278
c03,0,0.16030010902673228,0.8701243727071246
c03,0,0.15613031623345935,0.31035522298197915
c03,0,0.17339969247921985,0.39786771824270734
c03,0,0.2195459807715337,0.7049500392872189
c03,0,0.22874499051946526,0.024679496455259412
c03,0,0.31690033983915916,0.23671416644285348
c03,0,0.17191352842145574,0.6032870861219276
c03,0,0.34360938480289904,0.5745106958013416
c03,0,0.1474203077398173,0.25665487375724694
c03,0,0.24197979076147194,0.7141022460426788
c03,0,0.24659337244801843,0.4732724803978661
c03,0,0.754276739911449,0.7525083896318739
c03,0,0.992814836574022,0.8223079841680688
c03,0,0.6324332734786459,0.9941758592371425
c03,0,0.45737258276564435,0.992641005610356
c03,0,0.2925433678259149,0.6353856619506412
c03,0,0.11401174895197051,0.4531846960487385
c03,0,0.29502965744264587,0.5172460858692712
c03,0,0.2976156242938458,0.8661368169368074
c03,0,0.32332723260302715,0.9701378498609637
c03,0,0.15535015950795264,0.1027972761903545
c03,0,0.2776049662979739,0.7766889484573041
c03,0,0.2236190651820695,0.30309544401562816
c03,0,0.2500964060519767,0.6632812416695678
c03,0,0.24873274355991154,0.9665916969617683
c03,0,0.1361808448619063,0.4295544268219611
c03,0,0.3607757163432542,0.15514949895668287
c03,0,0.35511751452342993,0.028683685167866894
c03,0,0.39684132562265023,0.14341248306535762
c03,0,0.23391625657139636,0.0347835757543491
c03,0,0.32468102116379854,0.06519788600547935
c03,0,0.7480542363006062,0.40174363144457464
c03,0,0.9741606070644991,0.9445074220263769
c03,0,0.9557377419034403,0.8524654954383305
c03,0,0.32415833290604157,0.6036376787652664
c03,0,0.3478793160559101,0.9284261276259858
c03,0,0.6060210742037542,0.7815355443100275
c03,0,0.1875318791585472,0.5340148751686385
c03,0,0.19643771371352442,0.682738036910546
c03,0,0.4695426524569307,0.9856008183157315
c03,0,0.14764240628870065,0.12044105054484214
c03,0,0.9943420335060215,0.7895803957673471
c03,0,0.6760706064294173,0.45117717760967824
c04,0,0.7491945767667124,0.027444946142114523
c04,0,0.46567449156378443,0.06742231772868633
c04,0,0.6704047860424697,0.016038276370569458
c04,0,0.6109499479996309,0.010304527967015954
c04,0,0.6931319222460581,0.025578454977631795
c04,0,0.544042489135811,0.01910542346467808
c04,0,0.7919435978572205,0.025996011474483733
c04,0,0.7599980830840907,0.017288405110981012
c04,0,0.6723490045616826,0.01685212673685058
c04,0,0.8092101703964582,0.01919498331362262
c04,0,0.7904704771702833,0.034234129419576445
c04,0,0.8942892150062819,0.009279964227569035
c04,0,0.9405899412831819,0.023977356243735766
c04,0,0.9633757539126359,0.09016173265668523
c04,0,0.12349733837697519,0.00865051278683641
c04,0,0.0854214237732546,0.01944960951675124
c04,0,0.0854214237732546,0.01944960951675124
c04,0,0.0854214237732546,0.01944960951675124
c04,0,0.37554425564712546,0.04215186246684849
c04,0,0.43455128613940536,0.21752662115747218
c04,0,0.11174578695191002,0.10931407324804975
c04,0,0.2297983565552055,0.4345523895346469
c04,0,0.34333008505101387,0.5224393048131528
c04,0,0.15780858157940517,0.025267402260780145
c04,0,0.1379571320954902,0.03541147779313829
c04,0,0.09281530414183405,0.05520924067468044
c04,0,0.30578337215854434,0.060918030997579184
c04,0,0.08408926662968286,0.08299994318797176
c04,0,0.06502996454079815,0.24504030991202275
c04,0,0.12982598986890403,0.12129138057435948
c04,0,0.3137119273415307,0.14000042426695405
c04,0,0.17937962328653737,0.0572596531783908
c04,0,0.25199742192197,0.34220186334357977
c04,0,0.15426587474791265,0.013098752964560987
c04,0,0.31053258259313665,0.06205551190886448
c04,0,0.13277701181616153,0.03385314760370551
c04,0,0.18445710806748164,0.07821330413346543
c04,0,0.14526276530574464,0.09289190623781664
c04,0,0.10444076798845386,0.08611295195182714
c04,0,0.1622257334443159,0.09084576396958906
c04,0,0.08224933376933685,0.06746990237176372
c04,0,0.16576681821709982,0.7416920155622592
c04,0,0.4396850189984532,0.10607524165089645
c04,0,0.22314892496323546,0.1978961506656901
c04,0,0.11813711999596063,0.018718922182479
c04,0,0.108780857665294,0.07124208912097142
c04,0,0.11421861117383794,0.025000865897840747
c04,0,0.09325930664144465,0.07784248661253729
c04,0,0.1414584928020168,0.15920939535979323
c04,0,0.12301720016710178,0.1974226176847992
c04,0,0.1341870287805877,0.14385245406982428
c04,0,0.16742752609074132,0.12460752074727982
c04,0,0.16693170432169396,0.22810190139098624
c04,0,0.19518264719806724,0.26378513820482563
c04,0,0.1832834790438231,0.11585855989115613
c04,0,0.14839543558578255,0.04359686543283862
c04,0,0.22483063259371808,0.08197030778767096
c04,0,0.23833641092284275,0.15778591804514788
c04,0,0.19122984346512864,0.030384830188947155
c04,0,0.2304900895137314,0.3951944932768373
c04,0,0.21965506081725777,0.38796017351742657
c04,0,0.20339304139465664,0.08792715057710222
c04,0,0.2269798103451429,0.38734864476751985
c04,0,0.15291355415157495,0.09325768116477522
c04,0,0.14732660464139183,0.03292380674830966
c04,0,0.20335492404259523,0.10739895048751424
c04,0,0.20211819154310712,0.10797943159148601
c04,0,0.17833174090117965,0.02741224625984965
c04,0,0.17586579673709682,0.06750558452425227
c04,0,0.22831497815281007,0.23544968698507832
c04,0,0.13534493287649374,0.027263791354983153
c04,0,0.22758790303654394,0.6625805984872615
c04,0,0.15384597952985535,0.014170750603568935
c04,0,0.2289765673057404,0.44409717621448835
c04,0,0.1826680197244792,0.03783270581921286
c04,0,0.14663579969543325,0.1307443224084682
c04,0,0.20571347241945628,0.062467765348915634
c04,0,0.18290788514931686,0.049457508514670755
c04,0,0.28311374349687873,0.17606973526462485
c04,0,0.2735944580785994,0.200323238005244
c04,0,0.09211367959998963,0.054607097977469335
c04,0,0.1584394845667051,0.23699799977782043
c04,0,0.1561313249576035,0.07878921063728783
c04,0,0.16910257552841507,0.06019570766833525
c04,0,0.14988818682707536,0.03538261531959157
c04,0,0.1829533835780262,0.14798020290486077
c04,0,0.11942117048423806,0.04083398467555843
c04,0,0.13287130295085436,0.08456396515919615
c04,0,0.1367724700165726,0.040321477584695134
c04,0,0.12675709536318766,0.02509288666551294
c04,0,0.10491804366919077,0.05420234920124507
c04,0,0.11688951379940346,0.09056727609773155
c04,0,0.12136941300364253,0.07168629997808865
c04,0,0.10744347269284293,0.07259277051173195
c04,0,0.16254462076303036,0.060776846151953536
c04,0,0.1303907397061875,0.09075918066887079
c04,0,0.12045167394895286,0.044560896580259766
c04,0,0.11073083370173642,0.04653736817313649
c04,0,0.10722028442281462,0.0478638557220495
c04,0,0.11650134536842677,0.03392317875020125
c04,0,0.10733265776195045,0.035965221049744145
c04,0,0.09804275980955844,0.05889509926915828
c04,0,0.12560038987002975,0.0422526289563075
c04,0,0.08255217030245068,0.011932550324163382
c04,0,0.09841733092612989,0.011372387802938602
c04,0,0.1210686192149066,0.011911150727736079
c04,0,0.08630504949132632,0.05801212827624193
c04,0,0.1030059345660754,0.010159899492246592
c04,0,0.12188497443015074,0.009860341542180705
c04,0,0.10671574450539148,0.010397335417529862
c04,0,0.0965746003695513,0.01352170203335714
c04,0,0.13330221378197182,0.01883314442455723
c04,0,0.11018377578009232,0.0065317519203574
c04,0,0.11957421110049157,0.006062167996901363
c04,0,0.11315698321714493,0.006308599835165317
c04,0,0.09178157538915412,0.014656931183068373
c04,0,0.09197003406836028,0.04519681400053951
c04,0,0.0992936397722293,0.05934310771105553
c04,0,0.11728160808383147,0.005290048654900066
c04,0,0.10108353219957344,0.013596397148249196
c04,0,0.08238533204502442,0.0428636899334694
c04,0,0.18708816050586927,0.09429921281238757
c04,0,0.13635370258639024,0.07106300580633028
c04,0,0.11598420910229824,0.008174551558561918
c04,0,0.10255336425308995,0.004368529941082637
c04,0,0.10814813581336845,0.02393499661844599
c04,0,0.10185823652093783,0.007866903864990903
c04,0,0.11764473632352448,0.015399189926002973
c04,0,0.14090158046253182,0.004578912997535967
c04,0,0.10842746169463846,0.004520037301467147
c04,0,0.06943051968080435,0.0062140707986480526
c04,0,0.09304680612096013,0.004940158982202204
c04,0,0.09979742985287399,0.003383259038637313
c04,0,0.0942612205071816,0.005040967310295109
c04,0,0.09413877182001407,0.0043971904025476745
c04,0,0.10394789664059627,0.005530851167671125
c04,0,0.10234508044974647,0.007498706653984291
c04,0,0.0965141673595426,0.006202401356484824
c04,0,0.08376513697931796,0.005737274226650732
c04,0,0.10030969354993108,0.003455797179350788
c04,0,0.08736835951838048,0.0023159008948157238
c04,0,0.09164153049851824,0.003960261752032294
c04,0,0.09022417717676588,0.003112619001606622
c04,0,0.0825206833795307,0.00400204787102458
c04,0,0.0908164851679168,0.003894616095012102
c04,0,0.10129203381746299,0.0028059124288091577
c04,0,0.08963832260681241,0.003894616095012102
c04,0,0.09254475769929627,0.0053106864420130965
c04,0,0.10085746938985296,0.006024219303459994
c04,0,0.08964394614388389,0.003312307294245249
c04,0,0.10334958327813412,0.002997389854262253
c04,0,0.11921064382475505,0.0076561295650285155
c04,0,0.1027773792329268,0.003387378440629505
c04,0,0.4047452152584987,0.08269309426746999
c04,0,0.2648853281913383,0.7462650903536228
c04,0,0.10475545797468844,0.04695469388928354
c04,0,0.1283575483488081,0.006592328693789351
c04,0,0.12124419082742702,0.004448249665825588
c04,0,0.11625530607102989,0.004788230032960736
c04,0,0.11151729056392742,0.007852223076830938
c04,0,0.0940408851260357,0.007852223076830938
c04,0,0.10887013569569345,0.004229450783642129
c04,0,0.1021176003154907,0.010359766833406262
c04,0,0.11270557338352898,0.008190482278146229
c04,0,0.10089332051649473,0.008144809410639537
c04,0,0.17864898123282108,0.13415732135744826
c04,0,0.09778618911299164,0.01298313279147786
c04,0,0.09220915606008398,0.013711504317364176
c04,0,0.10604305815582757,0.011878175054753871
c04,0,0.08005717837156914,0.011908404704733151
c04,0,0.08764950959997383,0.04666934777958726
c04,0,0.10358848477059006,0.010258391882225246
c04,0,0.10022700944751943,0.012736992374023565
c04,0,0.09898385226678892,0.012288569387206393
c04,0,0.09885575391188202,0.012811600755200393
c04,0,0.09492996157759151,0.008912758919654453
c04,0,0.08723726139664678,0.00760652303812001
c04,0,0.10497823071614448,0.008698620198877554
c04,0,0.10592797968110486,0.014868730069489551
c04,0,0.08273102645501197,0.05910295970270963
c04,0,0.08932276524156454,0.0208379206610155
c04,0,0.0790761658218501,0.04417111108618155
c04,0,0.1589329040780102,0.02000543112558633
c04,0,0.10827045450986629,0.011355239886128278
c04,0,0.108846850489739,0.015044624185768199
c04,0,0.08333296233559663,0.049473068188144294
c04,0,0.09422041765423156,0.009188794541343425
c04,0,0.09177597402979765,0.015468234560209985
c04,0,0.09420738399479171,0.05242347479173042
c04,0,0.12350064555070613,0.07512932109301175
c04,0,0.09449222365748254,0.060431545815651355
c04,0,0.08350535712007194,0.045771831816576763
c04,0,0.10011294683620023,0.01079191272306666
c04,0,0.08605454357914497,0.04490559173351346
c04,0,0.09552842442475284,0.009448763650859685
c04,0,0.11972899084760728,0.02334398335773376
c04,0,0.10932215610410477,0.013700942549942155
c04,0,0.07345375512543074,0.03387584118808649
c04,0,0.10360462452265189,0.012156973205036822
c04,0,0.10869248207311791,0.013677702946231567
c04,0,0.10554973549716566,0.009895334706106427
c04,0,0.09784017727110861,0.011305725919750586
c04,0,0.10842300598035816,0.013077325533949196
c04,0,0.10466826120816475,0.011231906496821901
c04,0,0.09831711103235781,0.012540317914891066
c04,0,0.10902043147509272,0.01554605072450701
c04,0,0.1133028208114118,0.010122307002840078
c04,0,0.10052518370406555,0.010678835466363201
c04,0,0.11916787268532206,0.011608126062019039
c04,0,0.12413743425489629,0.010761993693442898
c04,0,0.09696438058186228,0.01798557449061589
c04,0,0.08572134235180655,0.040416831015924144
c04,0,0.11625376866546888,0.009858541051903204
c04,0,0.11699315592403778,0.007301371272835215
c04,0,0.0884130851409263,0.024762058125932258
c04,0,0.12015946925845473,0.011418303011188551
c04,0,0.11684711456676461,0.012958821508895105
c04,0,0.11107900390007917,0.010101454457762709
c04,0,0.1208847445849345,0.007705129449885722
c04,0,0.12009862127964274,0.011689052625096594
c04,0,0.1298307529414282,0.007888535257623808
c04,0,0.1158774979249318,0.005927238631188996
c04,0,0.12753873905212076,0.005346630360784583
c04,0,0.12561875034648734,0.007435487453882876
c04,0,0.12606698619186407,0.006624394974424257
c04,0,0.16778809718014467,0.013484363231383719
c04,0,0.13857855952173942,0.12135162496151326
c04,0,0.09886098426297232,0.01070973740392776
c04,0,0.1294083353074118,0.0068194034546831764
c04,0,0.11293698326435818,0.007888535257623808
c04,0,0.13959092590732136,0.011070085612506152
c04,0,0.08690372377399438,0.009488533017640126
c04,0,0.13845707700005724,0.006708134224576487
c04,0,0.1159859607540456,0.010661049854038727
c04,0,0.10119465297088175,0.008313434470491194
c04,0,0.10585707300345318,0.007993292110051857
c04,0,0.1310135734441736,0.0070726519133113884
c04,0,0.12826389541423877,0.004345409382324639
c04,0,0.10980223443479344,0.005790074783972837
c04,0,0.1314215156756278,0.003944338668449969
c04,0,0.10650044028143071,0.0046236795983101596
c04,0,0.11136793826068118,0.004461120828855749
c04,0,0.10306228833814002,0.003272032545208294
c04,0,0.1153070673895242,0.0034626604664697047
c04,0,0.13004922064891636,0.004783584959789141
c04,0,0.11735053756351967,0.005733856175137677
c04,0,0.10889979529411781,0.004345464593769768
c04,0,0.11520665982307354,0.004027321128652439
c04,0,0.10569763641400182,0.0036570470351883723
c04,0,0.11756067302630203,0.0034626604664697047
c04,0,0.11770479456489759,0.0033898343529035696
c04,0,0.10296441138042131,0.003213691198207806
c04,0,0.13210107505674343,0.0041844829727515276
c04,0,0.1114279749761366,0.006017888294574242
c04,0,0.11881306047212332,0.004598762281367738
c04,0,0.10501926721585043,0.010055737399451719
c04,0,0.11363131768864027,0.004137649981134906
c04,0,0.12036914152073339,0.008013184242834502
c04,0,0.10252965164585272,0.011567581429997491
c04,0,0.2963077180311039,0.057712666014624076
c04,0,0.39169425122184526,0.2844093662490513
c04,0,0.32180042830539385,0.6236731803116653
c04,0,0.13745517664862109,0.242898296443795
c04,0,0.23068929157452744,0.20869454521348782
c04,0,0.19781643171434485,0.36440485299821884
c04,0,0.22000850028195196,0.5563717235490615
c04,0,0.23724646354996273,0.39286189030324126
c04,0,0.22259232808396098,0.2660387194594924
c04,0,0.3165815263480125,0.8451949840329893
c04,0,0.2945039905413331,0.4807877685264076
c04,0,0.26141740302236904,0.09644588702940737
c04,0,0.26424537259326997,0.6515476612313545
c04,0,0.24866247229406419,0.1853365511894836
c04,0,0.26742509726888053,0.09894383104629201
c04,0,0.23666188630892296,0.3159514940968296
c04,0,0.5319079008668081,0.3780698897784936
c04,0,0.18840761868876668,0.026642421391055358
c04,0,0.46732759889735476,0.7391051984294279
c04,0,0.1201569764790359,0.012129449017077437
c04,0,0.18910719872176698,0.058014250900086814
c04,0,0.212524569625987,0.07899272168284356
c04,0,0.2358632480305766,0.08243268927977371
c04,0,0.20938776601660455,0.04402468933334129
c04,0,0.3032050801580572,0.2352613238177005
c04,0,0.25281141747635677,0.19091370855518652
c04,0,0.28557014585412177,0.18706286379181147
c04,0,0.32134678837173425,0.645172611933736
c04,0,0.22180711774112544,0.1528073721620805
c04,0,0.2690090100391564,0.378302347708036
c04,0,0.26909609282127045,0.14527065132577377
c04,0,0.24094207935887046,0.0535905397805572
c04,0,0.20770882847736707,0.1480830189885406
c04,0,0.18298590496009448,0.10616093126728528
c04,0,0.26977494309339356,0.5263814820026393
c04,0,0.18725010385291813,0.15472954220346916
c04,0,0.20968149278059292,0.36510653379744823
c04,0,0.23231280366735926,0.1315787817423577
c04,0,0.20949357220224285,0.18389515889560049
c04,0,0.1961720063512105,0.048011386551417075
c04,0,0.16169785063832487,0.07260836842849246
c04,0,0.18227322520409697,0.1713584732196543
c04,0,0.16157240514935753,0.28151726310728636
c04,0,0.1775830885207347,0.08119624113047011
c04,0,0.18656478756067182,0.03723718262974211
c04,0,0.1981823186338258,0.18054257872237814
c04,0,0.2576537433157015,0.4484590968381808
c04,0,0.22657366014522662,0.2572804876641649
c04,0,0.09442145094197131,0.1266104163143164
c04,0,0.41549060670522686,0.7563774276256902
c04,0,0.10043443289556588,0.04885048198732152
c04,0,0.05240632456923063,0.017960046460818727
c04,0,0.10911173514081059,0.027791762224894025
c04,0,0.1985546419992491,0.20760504311624384
c04,0,0.12909119351505663,0.1130650936218051
c04,0,0.19454747949526946,0.15455527637189198
c04,0,0.26465700608008824,0.15503113283446407
c04,0,0.07951560628055249,0.08700941992674406
c04,0,0.22737785802634508,0.08366202305374458
c04,0,0.20401427485517937,0.160073674426
c04,0,0.16654297035424553,0.10887863497698264
c04,0,0.18026576760318191,0.07061233345288825
c04,0,0.2141948542064409,0.23011694655163634
c04,0,0.2151663721374203,0.05532227542183321
c04,0,0.1763714590625601,0.04917847205701497
c04,0,0.21392151122314548,0.27662429561162133
c04,0,0.16600986319343472,0.037085163535155896
c04,0,0.15014053132029034,0.031936535777397065
c04,0,0.17197980764787174,0.11800402006707521
c04,0,0.16907925663048062,0.041372442466079205
c04,0,0.1053373279876784,0.021822043279008326
c04,0,0.224637240170627,0.12093642191022251
c04,0,0.17007643560192554,0.05231874239033125
c04,0,0.1673202618545311,0.08664505632889948
c04,0,0.16482249918562267,0.013676580298798903
c04,0,0.15093539197496716,0.011359199312727403
c04,0,0.15866812778952472,0.052219687761258266
c04,0,0.17508410166927055,0.5057085837852751
c04,0,0.14123319858078626,0.035636518643851846
c04,0,0.20122778652990062,0.08323548246069566
c04,0,0.17442782911648108,0.08364626898447436
c04,0,0.2840457436860318,0.6197800863513406
c04,0,0.11981001972473022,0.007351850494714454
c04,0,0.13379244682014352,0.12727134699714132
c04,0,0.5101508140020988,0.03964805893292142
c04,0,0.5431858337890879,0.128003893942767
c04,0,0.4727993116441049,0.15840680726491155
c04,0,0.5009575430931488,0.15979381501336754
c04,0,0.5759718977198838,0.19017768775365923
c04,0,0.3280907727623998,0.07112860200533926
c04,0,0.49257862827296356,0.7185315729959094
c04,0,0.18009378974440565,0.1707858960151272
c04,0,0.12723153415908736,0.006805359538181222
c04,0,0.12432546216086482,0.00875257151473285
c04,0,0.1561176557572506,0.010091994593119746
c04,0,0.14167986442948785,0.042249279357422585
c04,0,0.1422867893246875,0.011402623109239892
c04,0,0.16703607329660417,0.00944311832762188
c04,0,0.3199071753423365,0.0663827151123104
c04,0,0.11972132145117001,0.028317959567387564
c04,0,0.15846054467205603,0.010977622130982927
c04,0,0.14464602405554208,0.045751131199003314
c04,0,0.1659408335227505,0.025333392965627418
c04,0,0.1443381331159583,0.026250808426996713
c04,0,0.11690755227310903,0.04535131437202303
c04,0,0.21813925746798637,0.04905552416103564
c04,0,0.2148461518613944,0.17188891275332133
c04,0,0.20924338570785006,0.0847755275829543
c04,0,0.16386308888378603,0.052133379988629366
c04,0,0.21840867783902052,0.03676597676737082
c04,0,0.17378239908916795,0.04308924196030914
c04,0,0.23719910086736914,0.12775906810740265
c04,0,0.3316470205188751,0.43106853806874695
c04,0,0.15237414414157668,0.029774173697012036
c04,0,0.17618108525246193,0.08371161869546763
c04,0,0.2026932416850433,0.10739745820313416
c04,0,0.16093292097362463,0.06431305434530912
c04,0,0.17056827613765377,0.13592167123020088
c04,0,0.20062532846449554,0.5889053088269065
c04,0,0.19508100860119654,0.04428929674946777
c04,0,0.15049774331539734,0.023564724131799535
c04,0,0.18693344504541082,0.10645780202012144
c04,0,0.19777966237846498,0.1553858025735496
c04,0,0.2511080158916327,0.060182495471165054
c04,0,0.1817655885499603,0.14823403597889084
c04,0,0.19937253561488932,0.06148662513890357
c04,0,0.23971675909038126,0.3891746994208694
c04,0,0.1937471902672928,0.04272162053514946
c04,0,0.18958872443999158,0.07440915732468194
c04,0,0.23775778063642927,0.22574176029470022
c04,0,0.2096216183543593,0.32172084625683073
c04,0,0.2122618374212656,0.03712113245426753
c04,0,0.17018113419567155,0.02443957065676556
c04,0,0.18828161637224453,0.05149235467932615
c04,0,0.18707328314112456,0.10972550699786729
c04,0,0.11286044050377315,0.041874836434692
c04,0,0.13880295123873324,0.024056670736385757
c04,0,0.1252349045921665,0.02573747081984008
c04,0,0.08377980246915012,0.03606001209856318
c04,0,0.11303531007207442,0.03875309795156251
c04,0,0.10642932215409574,0.037645641379758406
c04,0,0.1390816308567942,0.02056226101989004
c04,0,0.33965868798225546,0.027427206002790548
c04,0,0.10519524775293729,0.005491816341647141
c04,0,0.13074537282575044,0.008840453016879092
c04,0,0.13193849048222134,0.011190203595056535
c04,0,0.0869863148455923,0.023150076542097844
c04,0,0.11981303792997362,0.0210400632268989
c04,0,0.14864142252678986,0.021988263914144726
c04,0,0.14139329552928304,0.03561742435590412
c04,0,0.12298219207469065,0.05874079672114359
c04,0,0.1579216951880084,0.019202398440490966
c04,0,0.1225708586060046,0.03359018332840381
c04,0,0.1355805945721415,0.09119565818145743
c04,0,0.10777641517307446,0.05396341761343864
c04,0,0.11297702734712037,0.07643219736516702
c04,0,0.10045885159800569,0.04024780207036441
c04,0,0.10784079735876127,0.03337865550615308
c04,0,0.1084900667757901,0.03501794401465106
c04,0,0.17935629962270513,0.041519398462715525
c04,0,0.14498924867675675,0.11050596942974567
c04,0,0.11344279888691988,0.04032036626212171
c04,0,0.1662609065913126,0.13278870219780092
c04,0,0.6881334875099097,0.11960777544578913
c04,0,0.17179750549713618,0.03662618749457016
c04,0,0.2724092742362618,0.17863387743562759
c04,0,0.171835443171208,0.024319851193631392
c04,0,0.1026621323047692,0.011842375132710156
c04,0,0.08931000521697047,0.012590305116879493
c04,0,0.09445114011900477,0.012955654871779462
c04,0,0.09984167866931815,0.011165907708019068
c04,0,0.0966597257695203,0.012527764575402306
c04,0,0.089630825048963,0.016545919530152137
c04,0,0.09603099080427087,0.01712498922702402
c04,0,0.0929574136352066,0.007728522399553451
c04,0,0.10507841932768092,0.011459934850876208
c04,0,0.09228017289811306,0.013145916463721721
c04,0,0.09973925723611636,0.013505181841973753
c04,0,0.0917372338131784,0.015392333812534902
c04,0,0.08076129667231127,0.011413299125903643
c04,0,0.08879435653834221,0.01426148480283177
c04,0,0.10036242651093429,0.03786545351316145
c04,0,0.09992661058257478,0.010608147776340202
c04,0,0.08907361334531554,0.016749734716199248
c04,0,0.0974639362148572,0.01313154482491082
c04,0,0.1066761368216686,0.014227238933486179
c04,0,0.1054417906491913,0.01194309157033472
c04,0,0.09431825986776599,0.010079203951879457
c04,0,0.09328810456316794,0.011343792605079586
c04,0,0.08883695224612208,0.012092178123082062
c04,0,0.0931310346886694,0.012092178123082062
c04,0,0.11193396477746659,0.013505181841973753
c04,0,0.10514308667073805,0.012978688592925648
c04,0,0.099149187457774,0.01284558684919566
c04,0,0.11038346055695078,0.008162145288641141
c04,0,0.10037780882999509,0.009159921904180374
c04,0,0.09070825110691788,0.012092178123082062
c04,0,0.5354182913969348,0.1223030665527469
c04,0,0.24983254376956487,0.02547667604231415
c04,0,0.09149082866823813,0.008313434470491194
c04,0,0.09440189098692396,0.010807423815689804
c04,0,0.09163241090328599,0.009680194322858668
c04,0,0.08195274583883938,0.00801700812712536
c04,0,0.09006065124001053,0.011499265089311273
c04,0,0.06338349684140356,0.03299299310268293
c04,0,0.06383560236075735,0.012354286565303053
c04,0,0.06488122672309674,0.013145953899472214
c04,0,0.11296070144382635,0.01946182646537775
c04,0,0.1680634000472168,0.02207160797774633
c04,0,0.0727186855903889,0.011917360335097391
c04,0,0.083681388825152,0.011418303011188551
c04,0,0.09271303621700054,0.009737714231895562
c04,0,0.08318419625015629,0.010268127112245104
c04,0,0.10465570303361565,0.007899273539684278
c04,0,0.07643907115051903,0.013852183132564483
c04,0,0.0816954441481,0.012614381266820856
c04,0,0.08652073830064895,0.0096425257537011
c04,0,0.09001980221368198,0.009571706581977958
c04,0,0.5856109755585815,0.17444415952268008
c04,0,0.16629250058133946,0.29044799595921666
c04,0,0.07834973754699362,0.0067569780658643065
c04,0,0.13266490432280736,0.025588710109528137
c05,0,0.1434752694596269,0.016477386678803687
c05,0,0.10138415973059946,0.026320270907952945
c05,0,0.7676313260598692,0.00524710777830365
c05,0,0.10213975530829449,0.06535810997207551
c05,0,0.2736393949295806,0.04838258552126181
c05,0,0.29827531299576604,0.16531751563798902
c05,1,0.2520575952039727,0.024275480786848967
c05,0,0.3003587661051598,0.28898545107626034
c05,0,0.28307480527322504,0.14814192926923864
c05,0,0.7270123814798523,0.4999986344989262
c05,0,0.308324364080434,0.16562031619499515
c05,0,0.33243238289356736,0.09743144358224125
c05,0,0.3025958920313489,0.07326829787907148
c05,0,0.2592604589363978,0.029720049504030743
c05,0,0.2224827502066468,0.01817451716005567
c05,0,0.17983009170984562,0.013370961186758554
c05,0,0.2848994940885429,0.35388008031268603
c05,0,0.12285290831942838,0.02578033738332779
c05,0,0.19484740306175186,0.04895490126089371
c05,0,0.23911738815672487,0.10033236720263353
c05,0,0.1973691791024346,0.059448943691134376
c05,0,0.1882191137852623,0.036323731963068574
c05,0,0.23238320603250587,0.13693042666139885
c05,0,0.19377132317388507,0.44436487397536784
c05,0,0.1392199136798992,0.07263797646991933
c05,0,0.2324802368837785,0.14756258003546302
c05,0,0.2519266286622369,0.25015506592915565
c05,0,0.3053048770242431,0.061482306848517375
c05,0,0.22521905543536208,0.05476451221380208
c05,0,0.2125442774795492,0.15928981328138467
c05,0,0.2458925512174426,0.16838180423099608
c05,0,0.2578499249284149,0.1899255578212728
c05,0,0.20573188396441797,0.14984030158870065
c05,0,0.22376115198826665,0.06651265135590595
c05,0,0.26745558642611916,0.17357538394273594
c05,0,0.2248597809615365,0.10186798305181373
c05,0,0.26572127858480254,0.15995928155463857
c05,0,0.36233388016808726,0.4037063128575787
c05,0,0.21789138555787085,0.10077483516666846
c05,0,0.20167425195709884,0.10509206750637397
c05,0,0.14473958780698057,0.1963361901104779
c05,0,0.11748557888518316,0.03065811163662821
c05,0,0.18505637355220708,0.10631617921713601
c05,0,0.11449130368637997,0.030267615559104614
c05,0,0.25921906750575874,0.1775031391624958
c05,0,0.25553758347244576,0.131825123616451
c05,0,0.419896440899564,0.25887125913768116
c05,0,0.30982580416790584,0.13367430302649247
c05,0,0.21692440193700105,0.12832410368057764
c05,0,0.2821438345064931,0.0560006800601825
c05,0,0.31332307114695657,0.08816315951836658
c05,0,0.3810248895496422,0.2943712470939869
c05,0,0.2186234209976056,0.05454518954483153
c05,0,0.2224248630876373,0.09693834527769102
c05,0,0.15777877456552178,0.0302558923095075
c05,0,0.2710696631108588,0.19591037333387998
c05,0,0.23372226826475678,0.0818896566720457
c05,0,0.3314813414902264,0.0912117376564954
c05,0,0.2294816049863012,0.03239078487268971
c05,0,0.24610493917019144,0.08033099175986227
c05,0,0.23491573362777135,0.12556754329480047
c05,0,0.22359121837890436,0.10561944758811208
c05,0,0.2074585631029869,0.046671958571379735
c05,0,0.2503138616773669,0.06720794777504839
c05,0,0.20021647493951228,0.11525380154568758
c05,0,0.23402351787323813,0.10679113077709036
c05,0,0.6486553527821582,0.10880068365531254
c05,0,0.26874252005068877,0.006299778613895484
c05,0,0.1989365969475419,0.00822180218939957
c05,0,0.22451564697011944,0.006995840996371718
c05,0,0.18267660818424572,0.059072437056706215
c05,0,0.25295190683761526,0.03406004811716472
c05,0,0.2154191820953519,0.01237993282265433
c05,0,0.3066625780191521,0.13998867597838127
c05,0,0.26473937103883716,0.04120670586370006
c05,0,0.2964787312631101,0.013625992419980679
c05,0,0.26931907697367974,0.026588601521139146
c05,0,0.40490662924802834,0.18465944378677399
c05,0,0.37242431155810374,0.36517138683477873
c05,0,0.30197299318522575,0.04955538061054692
c05,0,0.3179630372165368,0.32697795631742455
c05,0,0.3178304057745609,0.05503351952018531
c05,0,0.21654006035700138,0.054074785141496017
c05,0,0.32316239527583795,0.15768977839672804
c05,0,0.3886939219776096,0.04959043545398868
c05,0,0.2958675701981715,0.05078476948959985
c05,0,0.3184994816090163,0.3113191083153214
c05,0,0.26227229455244255,0.06847465229826961
c05,0,0.3259529744765347,0.10853079416473597
c05,0,0.2963645394972512,0.06226667478583516
c05,0,0.8689119103969347,0.7138721027814886
c05,0,0.3253845980411791,0.08424565670107216
c05,0,0.32839994821575774,0.23239362423610702
c05,0,0.33954300852319896,0.03387220936589774
c05,0,0.2757088179747012,0.12596488073297216
c05,0,0.27852868510985257,0.10755789135640415
c05,0,0.28206820244221703,0.12316545856756468
c05,0,0.3293224508331036,0.16789786793485076
c05,0,0.2801511214022849,0.15557972721682473
c05,0,0.21028952075621946,0.04549477056836216
c05,0,0.37521956638837917,0.1784070976359159
c05,0,0.2970249633427522,0.09726798913286745
c05,0,0.2714246157777409,0.127306035111669
c05,0,0.29377582141874503,0.16721805650462687
c05,0,0.22808322319711571,0.16719858615731234
c05,0,0.2889731025250938,0.09695893242834565
c05,0,0.27149558677788066,0.04729224779457228
c05,0,0.2521162506380646,0.0741537898662393
c05,0,0.3082610027406449,0.20898807990525306
c05,0,0.3794219613952046,0.10900979190907902
c05,0,0.9373477831365077,0.44690249593051523
c05,0,0.5260098106281752,0.3854721287420966
c05,0,0.30144983727379077,0.538559847324035
c05,0,0.5759095961885267,0.6191637210970267
c05,0,0.3903382057330676,0.19173442443939986
c05,0,0.3656929641950955,0.07083588286587372
c05,0,0.34370961427078217,0.20939237953260253
c05,0,0.36220144454570125,0.22268752582919746
c05,0,0.318449999822962,0.08936000969337177
c05,0,0.3508139749824046,0.22800319436731947
c05,0,0.3009012775249989,0.2529579799808191
c05,0,0.3501528051562767,0.30465600284412087
c05,0,0.5018231943127105,0.32458097262295477
c05,0,0.3696914757090486,0.31147667174919286
c05,0,0.31884612549766583,0.06458302953494954
c05,0,0.42974276717385707,0.6682700332968462
c05,0,0.6077589304733101,0.7035828191871413
c05,0,0.45338378814373154,0.180519855568393
c05,0,0.33401313185546033,0.3540499343890121
c05,0,0.3775968022921334,0.2620398926409864
c05,0,0.3637406486291343,0.41617030762156987
c05,0,0.4355058873812198,0.5303249332630489
c05,0,0.3069289997502644,0.1278282252027658
c05,0,0.3248764940036165,0.18296598641200254
c05,0,0.30339676447322095,0.1096690540232955
c05,0,0.38592100621004527,0.249906925265417
c05,0,0.3120851075686742,0.36595379108523013
c05,0,0.489203670041303,0.07409979586884935
c05,0,0.39859916357421277,0.6155117340868305
c05,0,0.4256636690287434,0.47271326306050643
c05,0,0.29219024679127825,0.07582955608598008
c05,0,0.3741668594166286,0.4130945157014577
c05,0,0.559558175051415,0.6997041858881751
c05,0,0.45467505655839585,0.4345615721293672
c05,0,0.35794180531487674,0.14645606018787083
c05,0,0.5649689368491165,0.7455839776210778
c05,0,0.590502949279522,0.8743577951342357
c05,0,0.3881101656030551,0.4316153870583426
c05,0,0.49686300716135035,0.8204175231718319
c05,0,0.4149369864876116,0.37743003547971343
c05,0,0.3029411378672868,0.5201507682840641
c05,0,0.33206912960068413,0.32799079515759777
c05,0,0.3725361595222452,0.20780238346069166
c05,0,0.5390100134256207,0.7705038198858909
c05,0,0.35781133015776334,0.18752403960907954
c05,0,0.23337983962910605,0.14037185591316279
c05,0,0.28518563353052073,0.30509381283231124
c05,0,0.24692980482189283,0.10633541505768797
c05,0,0.3267567848863744,0.07999827303423801
c05,0,0.26348113393237765,0.10175275752123962
c05,0,0.18272793134300527,0.1787174258020701
c05,0,0.3447323711930528,0.5201244051959548
c05,0,0.3749396698683932,0.17877351206437062
c05,0,0.588454439126559,0.8200158647176286
c05,0,0.423274692424496,0.7765568126258878
c05,0,0.890431976833747,0.40155082159600247
c05,0,0.25993592163402907,0.12834765490114108
c05,0,0.22803744314327917,0.1473522111200388
c05,0,0.3008884747549606,0.047728183197603184
c05,0,0.26787678504326695,0.11705737115631372
c05,0,0.3587695627922812,0.14227384758605302
c05,0,0.24286876026810136,0.18497477539500523
c05,0,0.18911038634904204,0.03068482500111954
c05,0,0.2406499411474409,0.050381860648207114
c05,0,0.23916405360966145,0.14020212695967216
c05,0,0.24467892484343118,0.056865523355014345
c05,0,0.27913773773564643,0.05423977352821224
c05,0,0.20222439284726668,0.08035806233125475
c05,0,0.19206442223342962,0.0529059222156235
c05,0,0.21696653135223215,0.026834553770981918
c05,0,0.2588161803036528,0.022732364370006787
c05,0,0.2380783596568976,0.03643718423709677
c05,0,0.2425427889432716,0.08944066571361581
c05,0,0.29377228032808,0.13515959392934485
c05,0,0.25599171555771644,0.16639008198526253
c05,0,0.22075219130542958,0.15197994736006784
c05,0,0.29310530710874955,0.15339602916057904
c05,0,0.2559229842742955,0.04745517141208409
c05,0,0.2118486324939367,0.08641015536834888
c05,0,0.2139316518080994,0.08954139843893309
c05,0,0.25423926644471423,0.1807654661678061
c05,0,0.23075780650595112,0.09221443887550083
c05,0,0.24101947043159927,0.1814350519042592
c05,0,0.29612181598862525,0.19758985735218337
c05,0,0.5662636038520783,0.7592606986390061
c05,0,0.50111487535258,0.5975606629250885
c05,0,0.4068214451889353,0.5603995091277629
c05,0,0.48187948907467215,0.5656410080193012
c05,0,0.3888740033344335,0.340663793404326
c05,0,0.3409995208354033,0.07914676987782729
c05,0,0.3159061422702059,0.0876654363894159
c05,0,0.23049229639944774,0.27406699703738524
c05,0,0.26959161002509785,0.1659268436833264
c05,0,0.28895996068473734,0.13497973022123827
c05,0,0.3100469335375281,0.3158767637399629
c05,0,0.4101258855639455,0.17203346145407244
c05,0,0.5441302238847567,0.6702353103226912
c05,0,0.3217031745833566,0.14610693306039013
c05,0,0.28438208431664014,0.02982757508838611
c05,0,0.8053788937544439,0.6695418431757542
c05,0,0.31452357226508276,0.08788386621583895
c05,0,0.2509852597690006,0.024469858435533513
c05,0,0.229406729066583,0.12090239947181351
c05,0,0.3102904728528529,0.37887344715261906
c05,0,0.36268014834049284,0.33901755453714444
c05,0,0.3936774219880326,0.5148465154803991
c05,0,0.3745232151407775,0.5394307982632861
c05,0,0.2833575304242638,0.07667632180541843
c05,0,0.24321942847195865,0.08090633331949007
c05,0,0.4316317605727916,0.7960628734502359
c05,0,0.4275829942298634,0.6676308429660314
c05,0,0.2673895591862098,0.048493708793831664
c05,0,0.35729935841044735,0.4671860116434388
c05,0,0.2615518332575789,0.08517158541623793
c05,0,0.2649897414759493,0.07648536771082867
c05,0,0.30175449922944214,0.09825808420196583
c05,0,0.3840061277100286,0.1003033305911522
c05,0,0.2575486963024506,0.03957360524764805
c05,0,0.22056774498018006,0.0721420972442116
c05,0,0.3107965323971942,0.0935912281682577
c05,0,0.23577168243867613,0.0928148769806773
c05,0,0.20103232269114948,0.08143006063353296
c05,0,0.43634339992285076,0.4345382992601052
c05,0,0.3077861917217364,0.05101097416413045
c05,0,0.2337340692576109,0.04232340912501017
c05,0,0.21062569028160524,0.03825498413835155
c05,0,0.22570607354369915,0.04160771606519402
c05,0,0.17845076787039907,0.05155056693888626
c05,0,0.20585046330284626,0.058918564231478614
c05,0,0.2661562619046519,0.10358196681110747
c05,0,0.2428712390529878,0.14476999442144067
c05,0,0.23597970485958825,0.034421846729676096
c05,0,0.2791197989579743,0.3044458102775801
c05,0,0.17955854087340212,0.06310215336043862
c05,0,0.18044123510889168,0.0916991415871256
c05,0,0.18326724980474518,0.06072964581135327
c05,0,0.22955004531973314,0.09094993185906498
c05,0,0.1876126480260965,0.08571560065025649
c05,0,0.2348356547959674,0.11989216042725921
c05,0,0.18726952253528656,0.06273914195400618
c05,0,0.2851024540008029,0.048500011031138476
c05,0,0.20075283232204522,0.045161346959135464
c05,0,0.1729267596302642,0.05501919759310099
c05,0,0.19176396873940774,0.06769967784659045
c05,0,0.3603776329811165,0.2973520735749464
c05,0,0.7993169277433189,0.6357996008037087
c05,0,0.30776416866999756,0.10785460937690573
c05,0,0.15614097652599726,0.05195260412085026
c05,0,0.32096864493450844,0.03384964317098735
c05,0,0.17589930307976412,0.020919746395464
c05,0,0.19507167977265186,0.048820143640089096
c05,0,0.16922614976358644,0.029052945820297712
c05,0,0.16744236238061708,0.06124712350643962
c05,0,0.1996428283591424,0.10462724995401242
c05,0,0.12412873868940479,0.028416662890357172
c05,0,0.2527662381455224,0.03278404514143481
c05,0,0.1632862997900178,0.08288875277838376
c05,0,0.46156381212640324,0.7232649509424195
c05,0,0.16615119591420538,0.036320794698059725
c05,0,0.14626230204743088,0.03606144213363839
c05,0,0.1566978266981139,0.019019955889978873
c05,0,0.22589958470993965,0.20106127327334292
c05,0,0.2498882860855964,0.04345437374786525
c05,0,0.1269585240747597,0.04202594839078694
c05,0,0.15502857001399062,0.040169256420679866
c05,0,0.8970237518629246,0.17912922396925118
c05,0,0.24005749639855542,0.028092485476936803
c05,0,0.2752797678117561,0.046116290303255876
c05,0,0.24334154066934577,0.053282193670464384
c05,0,0.1885672173303396,0.041720538102566374
c05,0,0.22576207647513083,0.0706032524036444
c05,0,0.1600040783992172,0.06785998474368257
c05,0,0.20831550310352218,0.06342365542553502
c05,0,0.21034644374792952,0.05706608904471243
c05,0,0.5828952579330844,0.857757003490761
c05,0,0.32395069134074933,0.014478767802317827
c05,0,0.3060403797502958,0.05246151213647004
c05,0,0.3086517973674393,0.03381501166742461
c05,0,0.3575800059150825,0.0909462421387527
c05,0,0.3072413800471791,0.06699260238917948
c05,0,0.2997388915062866,0.20055946786024173
c05,0,0.2602149209723941,0.11877105615953297
c05,0,0.2727361075641733,0.23261239451575128
c05,0,0.30503851798452425,0.4361623039387443
c05,0,0.32588917366263115,0.1586812438297611
c05,0,0.7411983274070535,0.6074159031743931
c05,0,0.2824154750779511,0.3437160927858232
c05,0,0.20555468410091518,0.17090797464166835
c05,0,0.3064261252644051,0.46278320084314967
c05,0,0.36983282999668377,0.5223657339920122
c05,0,0.8977491877115353,0.21945600797205034
c05,0,0.21960091363813938,0.059902690705607685
c05,0,0.3291540068109911,0.33060155568548205
c05,0,0.30326573404462404,0.12269479237321981
c05,0,0.19275340013232348,0.07277134815407446
c05,0,0.35966930218089055,0.20319662367281852
c05,0,0.25784887557616865,0.01993321928148271
c05,0,0.30155783125023733,0.06314686495706898
c05,0,0.2638474168486381,0.03749384898061247
c05,0,0.26351083537059145,0.027245179099573625
c05,0,0.22333202980413208,0.042750274418460105
c05,0,0.21599507325127348,0.13548037894971254
c05,0,0.17793903992038135,0.03908305097438095
c05,0,0.2506471387229519,0.01825496942225741
c05,0,0.19590331523490348,0.031546192596626
c05,0,0.21677644528173057,0.009325276872351696
c05,0,0.6105707809656612,0.8497544192293461
c05,0,0.459890791623759,0.7925507958877737
c05,0,0.19945597478029908,0.03195908778924863
c05,0,0.26103316353299205,0.024364079687029354
c05,0,0.23842771327638718,0.05769762971121606
c05,0,0.47596704105189236,0.0642836793936542
c05,0,0.28009938539785134,0.0333964945919099
c05,0,0.117291300645141,0.02144446939200033
c05,0,0.2265446800249804,0.04101075721664601
c05,0,0.1936378984896843,0.04194934864378594
c05,0,0.17863343346431076,0.07175253204779644
c05,0,0.4237388535105143,0.08694714329933878
c05,0,0.23545901540633582,0.07143636129198955
c05,0,0.1845230670911713,0.02862765871113232
c05,0,0.2312414102039795,0.02235941078180278
c05,0,0.1412379045691087,0.027999833956230145
c05,0,0.20606096175801888,0.06273051907883226
c05,0,0.17815239901162858,0.05373030860883127
c05,0,0.20829893873721955,0.029536449839100448
c05,0,0.17072118506559447,0.032154175409516435
c05,0,0.2855139749888536,0.10424332598945889
c05,0,0.17645244651417322,0.021709152776658462
c05,0,0.2126116227680348,0.05465155664483099
c05,0,0.2218340068266857,0.04014624941910052
c05,0,0.2775090669167026,0.09385741031897264
c05,0,0.16623825215606358,0.018967908662965206
c05,0,0.30807255030627345,0.032151354842049173
c05,0,0.2058805739760437,0.07683371041520937
c05,0,0.2086571734362992,0.04764954863681416
c05,0,0.15832555947813526,0.039752853866248335
c05,0,0.9540390831466441,0.3351215796299663
c05,0,0.36920444929274676,0.0592395695750858
c05,0,0.31093193009451353,0.10007274373302619
c05,0,0.2823514502784157,0.02608096707972961
c05,0,0.24890217678347742,0.01657027261563099
c05,0,0.4680526299159163,0.1283470620806339
c05,0,0.6053208485887485,0.3106034550999296
c05,0,0.8424527552529992,0.5894256174822943
c05,0,0.22386226055317854,0.05441435978695737
c05,0,0.31817761652385623,0.020238172829114782
c05,0,0.6851617081378923,0.08211544364437062
c05,0,0.27663765270815854,0.01530632197868259
c05,0,0.18768976855309605,0.027116526988353446
c05,0,0.12220878042779074,0.025593421642672295
c05,0,0.13437092929308872,0.016165198301075483
c05,0,0.3212707301980245,0.027493025211165388
c05,0,0.30971162829927246,0.012244162437093073
c05,0,0.2313397797960124,0.021263108761018078
c05,0,0.31235174929478815,0.07343128012705763
c05,0,0.283707235944067,0.09692573462669138
c05,0,0.451314821482035,0.08017238472792017
c05,0,0.18650976746695927,0.049164416439458875
c05,0,0.4017521457559076,0.09734068133302473
c05,0,0.6049991624520474,0.8456811492454551
c05,0,0.8708120234037418,0.41336941032244046
c05,0,0.47441898249205705,0.6534029980075873
c05,0,0.31837327742268207,0.5186202909223923
c05,0,0.35350149967174865,0.23419080468811312
c05,0,0.2753464720040103,0.04043413902251667
c05,0,0.3395142589069524,0.503523434446776
c05,0,0.3173675731325294,0.3125334928950893
c05,0,0.3810518774228766,0.22304551486025026
c05,0,0.3956222919629115,0.2896673843868298
c05,0,0.5801678344746289,0.603357256666162
c05,0,0.31911150775890174,0.046863739051359196
c05,0,0.2659439284841283,0.19295163449453612
c05,0,0.26401330609698426,0.2073970338595148
c05,0,0.40224677389630725,0.24636009242938106
c05,0,0.45558195531827317,0.5626951417878349
c05,1,0.3741383935912538,0.259828680701114
c05,1,0.6195474094021606,0.6606886529466963
c05,0,0.7475150704224425,0.7495708186365683
c05,0,0.1667007092429462,0.03543621745859688
c05,0,0.2947476179677158,0.026033833511865754
c05,0,0.23479684818777286,0.11973961473961005
c05,0,0.31591443582918566,0.012724270947707863
c05,0,0.2712844918615881,0.053405637909239814
c05,0,0.22422771790247104,0.037381441746797896
c05,0,0.2505941951511437,0.03684212663563489
c05,0,0.26208413681701986,0.04454060017027663
c05,0,0.18633877093191287,0.010482056605731684
c05,0,0.2658720646957038,0.007708769637845593
c05,0,0.210153879727086,0.023308149410973398
c05,0,0.15807697330921636,0.015216185022002322
c05,0,0.2826028220225044,0.08722833852946417
c05,0,0.2835814377753397,0.02139418937054892
c05,0,0.23125475403207113,0.1031690415247897
c05,0,0.1435651831627107,0.008733556599979939
c05,0,0.2417885684746096,0.030931472885833724
c05,0,0.1772602341460049,0.03515239094010407
c05,0,0.2604227120211264,0.0989183102539245
c05,0,0.6390386962609396,0.17346543649021717
c05,0,0.21632854346645786,0.05503346181716253
c05,0,0.3450524993842484,0.049531667833632116
c05,0,0.3423243366563159,0.04546630061471599
c05,0,0.15017749976539102,0.02104492637693991
c05,0,0.21880964709846937,0.018185203735124323
c05,0,0.18520258251569494,0.03263314629095407
c05,0,0.3076462901596011,0.05323734315608345
c05,0,0.2975952230096015,0.07486167126883563
c05,0,0.3193682173150731,0.05293222495806047
c05,0,0.2199942145658254,0.05251535762619263
c05,0,0.33287066090501205,0.10257029394782312
c05,0,0.33769411424839024,0.0337930999131372
c05,0,0.3104730893399398,0.006336066041512829
c05,0,0.19496151664646874,0.010226373225261298
c05,0,0.25038935799944567,0.01313833416839543
c05,0,0.18114623760264234,0.012161220432474605
c05,0,0.21773095529954695,0.020307357434473306
c05,0,0.15254680567739748,0.014167920624636393
c05,0,0.1769001786025531,0.01615921401355068
c05,0,0.15658063117168158,0.011791953192234831
c05,0,0.2893863200056818,0.03277550804769743
c05,0,0.11036375039642247,0.020550980030553865
c05,0,0.150284899947219,0.029661366571054493
c05,0,0.21880137177785788,0.07283950482549599
c05,0,0.25971072323071964,0.014691992963229504
c05,0,0.17219015335159707,0.0385232401678626
c05,0,0.2275652324006952,0.0322180312178109
c05,0,0.20236220924014325,0.023725455898203456
c05,0,0.267984126100719,0.07544359595856023
c05,0,0.23856734893942735,0.04126550162943478
c05,0,0.20752879925439346,0.052444582234458775
c05,0,0.17440643122778304,0.04296533745225633
c05,0,0.3622286568747872,0.041451759436861385
c05,0,0.2159175667271743,0.12632325760153096
c05,0,0.18824204940992204,0.014862963314019543
c05,0,0.16482187511291496,0.020193809886173142
c05,0,0.25796871839268964,0.029919069109684518
c05,0,0.17539870007236877,0.05133641699715952
c05,0,0.16932875619030147,0.03309968830798347
c05,0,0.9728080097887465,0.15461304693549557
c05,0,0.2301541298328535,0.0262958024839118
c05,0,0.5413704880110681,0.46061349714276334
c05,0,0.28152254569014923,0.06811789219419542
c05,0,0.4203717902796115,0.029365413962296652
c05,0,0.22488258348333828,0.030082702690174063
c05,0,0.22447929177613418,0.05760000291746627
c05,0,0.2765833188489851,0.012646641729696474
c05,0,0.25413907923568435,0.03694497411869013
c05,0,0.21553919426084672,0.034851923160055163
c05,0,0.30487744494991137,0.06987851841474127
c05,0,0.181632499709351,0.02167593482318901
c05,0,0.3410397506464374,0.08217222087360973
c05,0,0.40034713974717134,0.3796090973741008
c05,0,0.7847995159639115,0.7898129021991523
c05,0,0.874261524275867,0.5792183399143676
c05,0,0.11802831184073787,0.031027236961786362
c05,0,0.5847963376538104,0.7012642302577533
c06,0,0.3539521598358981,0.027795435518954314
c06,0,0.3356770070281771,0.08219128364759412
c06,0,0.10558425302725277,0.04100909097442449
c06,0,0.28282900801760513,0.018389913092381076
c06,0,0.698839361557262,0.004928778884521922
c06,0,0.1660601085382957,0.051970883123155544
c06,0,0.3187080162315083,0.2083543481267051
c06,0,0.34965753089210616,0.08365367773490077
c06,0,0.20996145518949186,0.07901222493481416
c06,0,0.3425462248394281,0.30519521141449707
c06,0,0.8164472039942607,0.242163925063753
c06,0,0.3856139475611872,0.26906124803843945
c06,0,0.3274160552153723,0.12832174838352578
c06,0,0.3263836005508021,0.033606322881418724
c06,0,0.24214677856774108,0.007660777906920518
c06,0,0.23706545567097073,0.017493146858596195
c06,0,0.19431661587896285,0.010375795307533296
c06,0,0.1824072017220686,0.05534327551317107
c06,0,0.21014036352669296,0.2995254214427541
c06,0,0.17230812394547662,0.03962261383691604
c06,0,0.26589469625066303,0.07086554829900081
c06,0,0.20422844072778948,0.0900955187668745
c06,0,0.17293610491966643,0.01892878392010431
c06,0,0.2266904447984097,0.02665027662327537
c06,0,0.21267815984236382,0.55001452815501
c06,0,0.1489442011655251,0.12096406119711904
c06,0,0.22192789884583858,0.14123181141075772
c06,0,0.27052439927372346,0.4647471349695251
c06,0,0.2799059244480909,0.14039386337332588
c06,0,0.279515744578486,0.17555079788004044
c06,0,0.19394198568932328,0.0906520933534836
c06,0,0.23270063683805517,0.09983199843745015
c06,0,0.19254348115689673,0.03548564690586879
c06,0,0.23715706604492662,0.13265949558704893
c06,0,0.2583108525559756,0.17216467550111228
c06,0,0.2191371127633026,0.07630686230058432
c06,0,0.26242687776250456,0.26737992265029736
c06,0,0.2682568322972342,0.07183381962426791
c06,0,0.33593044790436705,0.1646310675756271
c06,0,0.2578343607980494,0.29994143110926813
c06,0,0.19567921526988727,0.031609785622752566
c06,0,0.1718277720765882,0.21778120354089778
c06,0,0.11939765527075077,0.02221999483501041
c06,0,0.17492400209691672,0.11547388491813834
c06,0,0.14102365940370337,0.09811207238495596
c06,0,0.20223378439236386,0.14062523093625945
c06,0,0.2770751282005622,0.061464711888168606
c06,0,0.3764910294870319,0.21673910822533807
c06,0,0.2992386239670104,0.16080295492003807
c06,0,0.2829996393286963,0.14733578055213112
c06,0,0.3020985115406095,0.15385020550905726
c06,0,0.2637459023185433,0.052948812134160674
c06,0,0.3585628508513474,0.23600225166124977
c06,0,0.28186600616596424,0.08749225032361564
c06,0,0.2190695924743443,0.07049224127852244
c06,0,0.1535903449591201,0.05389490339965467
c06,0,0.20717579076652445,0.051037267226202714
c06,0,0.2576768675952206,0.10985378292027591
c06,0,0.3218131842652553,0.10258037400607103
c06,0,0.26428279539806554,0.07774255057721684
c06,0,0.17342006325936235,0.06560258001343455
c06,0,0.30803679868147193,0.17493781525364718
c06,0,0.172207406720439,0.04705893990190365
c06,0,0.22288164294306415,0.12669098023716524
c06,0,0.245860781489384,0.0942634783288384
c06,0,0.22028354963842725,0.07725591849945633
c06,0,0.17188032460292077,0.05387891808728259
c06,0,0.7110475684840707,0.10427106989863476
c06,0,0.6160448086778813,0.7528702671431334
c06,0,0.2230620263248444,0.006142974352789531
c06,0,0.2228651262839848,0.004868246566957349
c06,0,0.2152169940248261,0.03065735472929367
c06,0,0.2176480989470586,0.013449494968043176
c06,0,0.1828552228015785,0.008434523945247064
c06,0,0.3134797792243428,0.025033240124019585
c06,0,0.22428709308610306,0.012788131505946406
c06,0,0.32756793097232284,0.02432817281420765
c06,0,0.3015678664882651,0.03759454601729915
c06,0,0.4034736452629878,0.10122852168608884
c06,0,0.24350947804403233,0.08829207538265876
c06,0,0.33464315969733965,0.09452095116172865
c06,0,0.2582579584009754,0.06014239423548373
c06,0,0.383172105236664,0.09027721120408079
c06,0,0.23380514437830902,0.011634645922424832
c06,0,0.28974755258404405,0.15472522698126656
c06,0,0.4403953085982754,0.06969177775704238
c06,0,0.32783765214844024,0.14827230216058304
c06,0,0.32743192007851557,0.23517776621220685
c06,0,0.21775288727763534,0.043339118385914685
c06,0,0.3973486666947545,0.09473771697357962
c06,0,0.18443636675478817,0.060229112073947065
c06,0,0.7069241906596945,0.7638516297265353
c06,0,0.8246396926723166,0.8292337433018039
c06,0,0.34390290420288405,0.3494211351682428
c06,0,0.3947739293152023,0.06412805178118525
c06,0,0.26186551446547757,0.08183894222100059
c06,0,0.3052249456715137,0.16662481370719884
c06,0,0.34382544967286055,0.11797419937471003
c06,0,0.24800578495847783,0.11857629168857904
c06,0,0.2580826918427291,0.23431415649542434
c06,0,0.23453127115993605,0.14438405019753014
c06,0,0.3514865463140507,0.09512235695100485
c06,0,0.304049016352367,0.175221235559344
c06,0,0.30478698592562,0.11357797647825414
c06,0,0.2457574220963984,0.14481447384586976
c06,0,0.2834222937918547,0.3310553073990948
c06,0,0.20116951838734357,0.18088846320878932
c06,0,0.3254573857254376,0.06398565521223151
c06,0,0.21720579447706123,0.08728103095566403
c06,0,0.2882762511737528,0.15903746563558213
c06,0,0.40697654580780496,0.2152711710399454
c06,0,0.7113591538978746,0.8020850303547354
c06,0,0.9746240416264871,0.5457706460018042
c06,0,0.48242654623950704,0.517237493570581
c06,0,0.538562363352081,0.5080518363909297
c06,0,0.36304571338232483,0.382739613944052
c06,0,0.30517091803075685,0.04542252194754762
c06,0,0.42824631502398397,0.5582232350543922
c06,0,0.3490920862918415,0.16979194519321747
c06,0,0.2694725180041134,0.06772306185960877
c06,0,0.37864487799035595,0.3779035381010443
c06,0,0.28261375195180083,0.17698698461076537
c06,0,0.37657489808913125,0.4615031480986392
c06,0,0.5186549474975087,0.4166082992210642
c06,0,0.3058937069659633,0.07674569790570711
c06,0,0.35675234424317503,0.12560919819758892
c06,0,0.3836079671746312,0.2043624365799832
c06,0,0.5621964649450203,0.25538857077802674
c06,0,0.46315389697590864,0.1442184197872037
c06,0,0.33802344000351536,0.47978072124344656
c06,0,0.343253704823367,0.21653296508041983
c06,0,0.34574762634620015,0.22185255318024594
c06,0,0.3239509830546467,0.0901159539212479
c06,0,0.29073626010683473,0.2062939009068224
c06,0,0.40075277180609725,0.31990898822566405
c06,0,0.3066655573872308,0.07614155072106267
c06,0,0.313722376761473,0.21313848731250296
c06,0,0.36341143981664004,0.3920098420288938
c06,0,0.3669296435780508,0.4638244084612986
c06,0,0.5297832236581751,0.21715276632599795
c06,0,0.44290884381432405,0.5869034134948944
c06,0,0.31151549796870476,0.06904236836491612
c06,0,0.38638154279587483,0.240898949821175
c06,0,0.31034710331056975,0.06568660702399973
c06,0,0.5802197794824829,0.8199133348162759
c06,0,0.4468301907192676,0.4454987745020506
c06,0,0.3553975933224718,0.45345093841020656
c06,0,0.5922323903060469,0.7885256087906766
c06,0,0.39302388406302546,0.5164398592542213
c06,0,0.4181493674684727,0.6189660209067375
c06,0,0.4405347750412224,0.7444435934207576
c06,0,0.31573994533404875,0.3307860768762827
c06,0,0.31535214084174057,0.4148947498401313
c06,0,0.36980599540326664,0.25285998175018914
c06,0,0.5238589105569026,0.7955555917348518
c06,0,0.3874094228942735,0.5145791766761921
c06,0,0.2403021147402161,0.15268481016122024
c06,0,0.3144933750588677,0.2768234421793015
c06,0,0.2581287552064362,0.16696315640996487
c06,0,0.30865390927087777,0.10315382824191348
c06,0,0.2810029650870056,0.05431238890532338
c06,0,0.21540247551820352,0.0868617046049606
c06,0,0.23415463710150328,0.1393968864312377
c06,0,0.4269683668917096,0.6414675705568933
c06,0,0.5979577992994597,0.9078755047457068
c06,0,0.37676429018290875,0.7345935133783785
c06,0,0.804900234590568,0.46704028177488427
c06,0,0.27183035832857283,0.1199429828511261
c06,0,0.2627591837545355,0.24680085101262794
c06,0,0.28107295799396126,0.07970509255228386
c06,0,0.2663327515495061,0.12816144070620314
c06,0,0.32551996564902164,0.20044097991758666
c06,0,0.2858947225369677,0.11838142634788053
c06,0,0.20580856537583456,0.058639682887423855
c06,0,0.22274638704091357,0.07555247336110738
c06,0,0.2084911047271201,0.0476804561842069
c06,0,0.2730619257625645,0.06770938172324972
c06,0,0.2523495068748625,0.026971524598643017
c06,0,0.23426752697136802,0.025496554987706664
c06,0,0.18348026344484664,0.061216481152303104
c06,0,0.21531553634842973,0.05066836602359587
c06,0,0.2608361700913076,0.02499891548264886
c06,0,0.2163263357179695,0.04113440001034773
c06,0,0.2796948861971879,0.1613746385807238
c06,0,0.2368063658450203,0.15329363427327977
c06,0,0.2861901844960947,0.11580208401541588
c06,0,0.26015999096635367,0.09981163193572298
c06,0,0.21090778438835842,0.08456971345089974
c06,0,0.2799592185018222,0.09644561201186407
c06,0,0.2357280965873767,0.08553900969914151
c06,0,0.24293696419420496,0.10678902201527422
c06,0,0.235878559719822,0.12582204362338525
c06,0,0.2075875973857952,0.0508188495086186
c06,0,0.2619189603500526,0.04523713737284149
c06,0,0.2598821245077949,0.1345844476051151
c06,0,0.42768723217242366,0.6199048838598411
c06,0,0.6549347660902913,0.5394655169800096
c06,0,0.3466265841632947,0.20489506463870247
c06,0,0.497599728030349,0.8302477995269631
c06,0,0.37531918826188104,0.17138673877331456
c06,0,0.31874276034282384,0.07731101057248999
c06,0,0.3170259873685313,0.11191620027096529
c06,0,0.2337992016309034,0.44465203620764954
c06,0,0.23940314160366669,0.04805565985526578
c06,0,0.3031498116906972,0.22423454492389386
c06,0,0.27043690106447343,0.2435103177711046
c06,0,0.3422074605935672,0.24760924106372606
c06,0,0.4436912098464762,0.5498780141492514
c06,0,0.42026110377054265,0.205518873617994
c06,0,0.2729429755854946,0.020945319201021884
c06,0,0.6634278758318872,0.8338964044473843
c06,0,0.37297883032128454,0.6427911782944432
c06,0,0.2711378073567336,0.05042649377030273
c06,0,0.2802291762994404,0.022693987789941923
c06,0,0.29363746933414353,0.3027064874500184
c06,0,0.35357881532336166,0.14851029900808604
c06,0,0.3183369437676507,0.5721176207762134
c06,0,0.36112036036284223,0.24191451759809188
c06,0,0.2965554691322517,0.07189013728341422
c06,0,0.23599254226997246,0.08303028544061472
c06,0,0.4507190698840176,0.5130725841314828
c06,0,0.46076596235909345,0.7212164708201442
c06,0,0.2372347249231333,0.06456772931264144
c06,0,0.30187558934953895,0.3248821648238534
c06,0,0.3063015099790083,0.14450584797016178
c06,0,0.2551081880526911,0.12626734061412265
c06,0,0.284749827019043,0.0521404804338474
c06,0,0.3777575649889078,0.11277791421606179
c06,0,0.24035170361318386,0.03997576937060444
c06,0,0.26496894526646086,0.12953100569441423
c06,0,0.2559752834595196,0.10964388258257529
c06,0,0.2761568429628501,0.12898190100056267
c06,0,0.18548002895111215,0.028116685978105266
c06,0,0.4052868903530086,0.3983868646317124
c06,0,0.38102728619740234,0.17774389456039352
c06,0,0.19312566244116086,0.02828452274938192
c06,0,0.2540023465461031,0.054798716181646626
c06,0,0.182498010881672,0.021170164089311636
c06,0,0.22284748325292209,0.045962451908476
c06,0,0.19695736390547008,0.02499438849794715
c06,0,0.23662600389547012,0.044780921333596686
c06,0,0.2758870460251019,0.10066260391143816
c06,0,0.25535551450428173,0.0589492896250197
c06,0,0.2079142007692567,0.028423286446965512
c06,0,0.28047857425948325,0.12841535920803998
c06,0,0.15185039522092786,0.05846579008044836
c06,0,0.21350718325179152,0.05296875050228823
c06,0,0.19993020476989828,0.0744857284654108
c06,0,0.1903198611249771,0.04346205777549758
c06,0,0.21038383718833661,0.13983355530645986
c06,0,0.18693409659485935,0.08100976300332816
c06,0,0.29758256821639084,0.06125968593897645
c06,0,0.1813685107401176,0.043819988212341
c06,0,0.21082130939192897,0.04625969424061927
c06,0,0.16520424518125196,0.02211581223280112
c06,0,0.27149511228380807,0.09026769074577656
c06,0,0.7610049265457004,0.6842110324796157
c06,0,0.7370708824349934,0.9335099116032215
c06,0,0.2009784935791276,0.0407695141587139
c06,0,0.333318147035425,0.050241410841868644
c06,0,0.2328359052576262,0.028449224574841676
c06,0,0.15134317176621365,0.03456099276941961
c06,0,0.20226488721105323,0.05508620904945798
c06,0,0.12267269261099047,0.032986445053538316
c06,0,0.21947933796424518,0.08049960008776129
c06,0,0.1186966082272162,0.03137020168034962
c06,0,0.1942503878034578,0.11484174122130075
c06,0,0.19212425547743422,0.04726202703543409
c06,0,0.3011383263278764,0.2219955703081985
c06,0,0.3912082119949996,0.0348497439881299
c06,0,0.11931169493793115,0.014871093525060778
c06,0,0.1545171264108701,0.04264777693621475
c06,0,0.23507629566895635,0.14275732727882123
c06,0,0.24752167651042356,0.02750541763202893
c06,0,0.1916364556318435,0.09353002341938335
c06,0,0.12465198216909337,0.018268903661841557
c06,0,0.386115257903583,0.677373958579736
c06,0,0.8847126817969087,0.2951046190179891
c06,0,0.31027931353120564,0.10912242007053881
c06,0,0.2139653080201454,0.03908323697251782
c06,0,0.22332554918810144,0.058608436360870264
c06,0,0.1820441404113136,0.0773537714494174
c06,0,0.17291237740055906,0.06426386026866948
c06,0,0.17650066001389264,0.09721647629592914
c06,0,0.20626569093843491,0.04003406401563308
c06,0,0.628598926232926,0.600943264095999
c06,0,0.3276198723764787,0.025255681945693696
c06,0,0.2584269536487472,0.042761118932080726
c06,0,0.3890023353661822,0.0776192785157009
c06,0,0.32172699715679004,0.154234139628521
c06,0,0.3234107873090354,0.010054901407312503
c06,0,0.26274783614891983,0.20414336966616684
c06,0,0.24755380860639034,0.12106740266518405
c06,0,0.2866765018318037,0.09510908400782789
c06,0,0.24893575423157432,0.3131808883382329
c06,0,0.3627778131483829,0.3421656742678459
c06,0,0.6903635525343639,0.7394746655207427
c06,0,0.23107453586657212,0.1304983338809846
c06,0,0.23284612007394742,0.08450360978585544
c06,0,0.28355142896766944,0.21520345421170806
c06,0,0.2584756580552355,0.19910755581421086
c06,0,0.8651176267351421,0.5728182444304806
c06,0,0.22835985115529958,0.056378023429513834
c06,0,0.29397704236849426,0.21115647620868389
c06,0,0.2975453750981277,0.32322101574749607
c06,0,0.21809310113103816,0.19384740230984557
c06,0,0.2001792042735458,0.06138448560476107
c06,0,0.3053072176913735,0.032293273547089
c06,0,0.2949763882869636,0.0763740329240073
c06,0,0.24304884465497875,0.04788146622928779
c06,0,0.3376904392313289,0.047042945501016876
c06,0,0.21293828716412397,0.026813240721317855
c06,0,0.18868964213366474,0.058402368090471585
c06,0,0.2097552603300937,0.08290648841282296
c06,0,0.29852870129480275,0.033423862226002056
c06,0,0.14169522411321112,0.06567546589994872
c06,0,0.20299443187207633,0.009591676178736035
c06,0,0.6450050322254612,0.8165211660691432
c06,0,0.4159025288362961,0.7108037514324845
c06,0,0.1814678001647087,0.05640680871268857
c06,0,0.3036897129305585,0.02140717523708727
c06,0,0.2257371556682683,0.08472539827298535
c06,0,0.2924615932754329,0.021735494160515994
c06,0,0.5031973949318853,0.10868684667894467
c06,0,0.12961706423945313,0.01701445745941427
c06,0,0.18123525237269003,0.023097392362336575
c06,0,0.15754034378398016,0.03256795685564469
c06,0,0.17290115020883937,0.032113853395302205
c06,0,0.352571975700503,0.08145633646523341
c06,0,0.3352055730707303,0.0764208594593001
c06,0,0.20539118669698958,0.047076665960636595
c06,0,0.2349508543026905,0.03876886881822039
c06,0,0.13180289723354155,0.024427267796136454
c06,0,0.19355376056400697,0.029243744012562658
c06,0,0.19810533449843976,0.04839853090062067
c06,0,0.17715964989057761,0.0118562886436621
c06,0,0.15943440169199458,0.03202840598963596
c06,0,0.2590035732143819,0.07702270671705387
c06,0,0.19918983053147687,0.028844724339067974
c06,0,0.21682716761453982,0.04707479801235759
c06,0,0.16722996403267612,0.015099435955012192
c06,0,0.25853882992522526,0.1709186344278012
c06,0,0.240605625996818,0.0638316688225167
c06,0,0.24374015290044732,0.08303879850227229
c06,0,0.24446428276317278,0.06336058148148853
c06,0,0.20960650726649824,0.05262714662026893
c06,0,0.16758449141813467,0.0425870163354014
c06,0,0.9517268314061876,0.3388656741673155
c06,0,0.9038922900147581,0.8536500711967918
c06,0,0.260771326509616,0.012842106751392173
c06,0,0.18421334000401138,0.049211065844930034
c06,0,0.32046285339375274,0.059008759002617955
c06,0,0.37224906168258476,0.08283011976123665
c06,0,0.4935323088634775,0.022230918849338126
c06,0,0.8271947261235041,0.6604747681754457
c06,0,0.1847446379562371,0.02973704360667935
c06,0,0.326495372095862,0.03653297659981289
c06,0,0.40556596077467033,0.018467861719703917
c06,0,0.4030156014659513,0.05032654189001264
c06,0,0.2314255406453792,0.028306208360567024
c06,0,0.14279855853314805,0.026869665366563652
c06,0,0.13037242832421025,0.015039361465724392
c06,0,0.30345761545694266,0.028328257677486302
c06,0,0.29436781564625825,0.016839842009868513
c06,0,0.35622884042998687,0.03492210829006927
c06,0,0.2338943344997802,0.06087124752243336
c06,0,0.33320701945737186,0.2779099835862451
c06,0,0.2792016037553445,0.07498450599726098
c06,0,0.29300220147812805,0.030850719230322166
c06,0,0.33880076713467255,0.03609117726291715
c06,0,0.42524439385620755,0.2581736909122188
c06,0,0.8055209255365979,0.48618756036617206
c06,0,0.41716256984590133,0.2260520200604265
c06,0,0.3809058920206429,0.2822521710557956
c06,0,0.3055795599117315,0.08579343858667825
c06,0,0.38077592351772394,0.3512744970469013
c06,0,0.34434997798037886,0.5589587166688964
c06,0,0.3187990226553773,0.18775309304715931
c06,0,0.4015377532748891,0.5067411806169136
c06,0,0.34858260111185396,0.21560741637526634
c06,0,0.59016566426611,0.9014986477728403
c06,0,0.3820321605071427,0.4584072327581614
c06,0,0.27753253872457095,0.13076377127763686
c06,0,0.27237679595673114,0.2361455629280305
c06,0,0.40294395933281324,0.33140421118011615
c06,0,0.398894510132034,0.2429569379308632
c06,1,0.3867512274087238,0.2479407880520072
c06,0,0.4227148698373778,0.8094480410170957
c06,0,0.8579358097840152,0.6796389993789669
c06,0,0.16036688277518077,0.031233681389486692
c06,0,0.23447969577758326,0.03230525503752547
c06,0,0.2670128472899763,0.20769231716000797
c06,0,0.2421138830664365,0.10044958923093364
c06,0,0.4506952175935944,0.07878262066689039
c06,0,0.2186065234538424,0.04184517025752373
c06,0,0.20205032723608682,0.009636460290353716
c06,0,0.315509200076528,0.025111931307923063
c06,0,0.15962862916821513,0.019608138261534763
c06,0,0.22239721985472308,0.006986506613920749
c06,0,0.27288552991079706,0.024987308229809314
c06,0,0.13560354790205878,0.01579011125348709
c06,0,0.20620114763054062,0.04476241151201389
c06,0,0.260965865700747,0.012766406461520392
c06,0,0.21462926752613964,0.03847161228285599
c06,0,0.18606130756787953,0.01380153957180537
c06,0,0.1804627082268795,0.0204437737769912
c06,0,0.2197349668454308,0.025302498789446837
c06,0,0.1978370681051761,0.05439113121489794
c06,0,0.5176832484266013,0.049604800089619906
c06,0,0.2754347751622729,0.09606565191188292
c06,0,0.3531014068927525,0.1478553138780407
c06,0,0.32387506142919587,0.0923275497457087
c06,0,0.21723815427638782,0.05389883000076617
c06,0,0.18681136952060207,0.026015866992408824
c06,0,0.1778263887876073,0.06506006483510166
c06,0,0.2855904756715028,0.02471006462334535
c06,0,0.2430573634579744,0.07545099725742888
c06,0,0.35255894669015947,0.02893111751034588
c06,0,0.25966007626007054,0.20312333920793266
c06,0,0.2514878263395973,0.16072469980709844
c06,0,0.32547155773931485,0.0526306911659148
c06,0,0.2672127036494677,0.010854407713711423
c06,0,0.22817269753967345,0.10167024524549985
c06,0,0.27799422477251473,0.07616007406621703
c06,0,0.19426140699129654,0.008751935704292935
c06,0,0.20237777786877362,0.06836250561443172
c06,0,0.127021743119053,0.033236564815711175
c06,0,0.2210847054004591,0.04029654358531132
c06,0,0.16391139371253058,0.013240147878734461
c06,0,0.22783185717589755,0.10043059522148015
c06,0,0.16540951550926822,0.023344307660676557
c06,0,0.12290624384651339,0.013651594774055417
c06,0,0.2154779384935783,0.12038387882235851
c06,0,0.24700907060181326,0.04535389358938324
c06,0,0.20959125376046975,0.035247629059092574
c06,0,0.14144982040868245,0.021715558431931504
c06,0,0.2842982297781197,0.035551453663428594
c06,0,0.19926534911023888,0.04052310678019099
c06,0,0.2910895849780219,0.030747003785658058
c06,0,0.15210912779960126,0.0318380380845062
c06,0,0.18157866247835885,0.06695140970690493
c06,0,0.26607702157158847,0.017579747701769156
c06,0,0.3300383534560601,0.07097881685204716
c06,0,0.19253636080824588,0.05518473079301785
c06,0,0.1578664230466947,0.03169002093241706
c06,0,0.22391556721124045,0.06332828308153476
c06,0,0.20860986517348987,0.02883417078408798
c06,0,0.1447162014786348,0.012271890868757714
c06,0,0.6491623207161815,0.46183041072476405
c06,0,0.9833926330356788,0.4603954135052673
c06,0,0.6159592424196989,0.6251914270931176
c06,0,0.19394424850296527,0.022585213128926952
c06,0,0.3469623873404213,0.07767209524748703
c06,0,0.3362316611671446,0.027107627934807536
c06,0,0.23336617868989043,0.08051008905898334
c06,0,0.23285601214332263,0.02011763313490415
c06,0,0.3217405585029348,0.06571125070147507
c06,0,0.17071124030834528,0.013493377654252845
c06,0,0.28751298818884147,0.08034929362571934
c06,0,0.17581116065611646,0.042601246614898176
c06,0,0.2686636958815866,0.07927175317433206
c06,0,0.3879807782758518,0.28566513351050193
c06,0,0.40817977868313277,0.07545306966689705
c06,0,0.8063909532349375,0.4319168739485908
c06,0,0.20188859739797635,0.7129865858052771
c06,0,0.7869433478496722,0.7801461748259777
c06,0,0.6302480387673638,0.6913238443694518
c07,0,0.35429212879765754,0.27962931102229815
c07,0,0.4418040424023222,0.9170190963159703
c07,0,0.593790338566523,0.5993530632891586
c07,0,0.2952454973032984,0.390852649166398
c07,0,0.15956736928026527,0.22460313568874454
c07,0,0.200130663863383,0.2519097971043944
c07,0,0.2205750182411858,0.3276229530711866
c07,0,0.3664833503162755,0.44545893543191895
c07,0,0.4807012770433343,0.4910979332948892
c07,0,0.18251777693546753,0.13676964459527954
c07,0,0.15553725055099743,0.18154774616572714
c07,0,0.6811661840633516,0.6559104044694924
c07,0,0.20701983524365525,0.029879533887510225
c07,0,0.3897233517266661,0.1412975519709211
c07,0,0.7724217867933272,0.3575409024802654
c07,0,0.868131697864598,0.28921545883087324
c07,0,0.43279156895831566,0.13457994655805566
c07,0,0.25022894996693174,0.2957794108310861
c07,0,0.22643160640430504,0.07387001533350109
c07,0,0.33691248773314636,0.14331171561066172
c07,0,0.24828060251658252,0.039367641921351795
c07,0,0.25420718479063037,0.16683211527587777
c07,0,0.196208413112562,0.13034790938123067
c07,0,0.1414289705582708,0.10971072525445943
c07,0,0.21395854009218992,0.11752843005177897
c07,0,0.2425782605647021,0.06090269578149908
c07,0,0.30347283869280156,0.2490920247535887
c07,0,0.21559896551074112,0.04421346283268587
c07,0,0.26220249619420744,0.06394761701278723
c07,0,0.23749427125377662,0.023775553092837468
c07,0,0.47854766198334514,0.40048628416797993
c07,0,0.8599689713577999,0.5590859606027768
c07,0,0.3080335720291552,0.08405569800531337
c07,0,0.36789239735141305,0.5550534669815298
c07,0,0.364365370827186,0.08799778752859368
c07,0,0.3317975721537209,0.06382462218799904
c07,0,0.33564572458021896,0.12431856149712542
c07,0,0.4391734912040556,0.11547247023795444
c07,0,0.8748086816708303,0.5031193069133998
c07,0,0.3404560699017186,0.06689771069591459
c07,0,0.22321048902779608,0.03512650389340043
c07,0,0.22581484059506335,0.11832491976095616
c07,0,0.2687995316463971,0.05441576814281734
c07,0,0.24665776473916073,0.028727023299413373
c07,0,0.30438128902951334,0.12900537467701714
c07,0,0.22676520195204775,0.01590953014222523
c07,0,0.3605595035697933,0.23676266927972828
c07,0,0.25304988416761315,0.034337127222958355
c07,0,0.3943364700712596,0.5088684972302505
c07,0,0.3146369395496835,0.12728163343057278
c07,0,0.32821239280021947,0.07983841889161879
c07,0,0.28251970847600316,0.14774678639830982
c07,0,0.634980757742882,0.38198864141750977
c07,0,0.46929734180527666,0.5712797852255577
c07,0,0.25365791263153664,0.14711781694633655
c07,0,0.3139981200819543,0.3615813572326253
c07,0,0.2397407315307715,0.09317051671724373
c07,0,0.3338961967166855,0.4374280338413159
c07,0,0.2140845983743089,0.19678844602264348
c07,0,0.22118969936550656,0.008277816666664255
c07,0,0.38745686550398295,0.24881537079029342
c07,0,0.42060228985479564,0.29837543204024664
c07,0,0.3518257059065914,0.4783532501969314
c07,0,0.3138178315922415,0.09209011652420145
c07,0,0.26026465327039533,0.1392699506341765
c07,0,0.3697992691341024,0.333715333745741
c07,0,0.3482370942657401,0.36582826436350707
c07,0,0.3448696296222068,0.1739559701794526
c07,0,0.3236688166750102,0.1714110579894104
c07,0,0.3105965352209744,0.49720825790561535
c07,0,0.5204367054198401,0.7935090706372943
c07,0,0.3394187052773666,0.2828505439065331
c07,0,0.25083037760415305,0.013610830411925621
c07,0,0.28769227860134455,0.04592211309906732
c07,0,0.18451433818917026,0.03982083376072261
c07,0,0.25101835130040084,0.02328970461862307
c07,0,0.18224872583088764,0.021235427011673497
c07,0,0.2172346440192926,0.003487876854335075
c07,0,0.220602143218176,0.04650990458939119
c07,0,0.3314186567057035,0.1332351374395217
c07,0,0.26316708491864815,0.07510886191181944
c07,0,0.22325933264271203,0.0059045261315800015
c07,0,0.30458757752939813,0.05444858053439569
c07,0,0.24161470089589304,0.010305434185346017
c07,0,0.2673929049671716,0.06641599325156688
c07,0,0.30693984816130365,0.11869333643931071
c07,0,0.4859862643880327,0.6530514627335672
c07,0,0.3137723729587925,0.06895883574608833
c07,0,0.3468904780559293,0.45186909060389274
c07,0,0.3861092755062737,0.45079327503065864
c07,0,0.4115745811464945,0.6759911683578621
c07,0,0.3971147391283907,0.519546932219418
c07,0,0.5398532849066422,0.5890447145083295
c07,0,0.5821657059541412,0.6287445102900503
c07,0,0.30754492816773316,0.2510805161181393
c07,0,0.33060887901573627,0.3953985283081718
c07,0,0.3544318669912697,0.30621123188679705
c07,0,0.3940590389732379,0.3031963335728823
c07,0,0.38323400625032256,0.24226206202101289
c07,0,0.25569585410190443,0.06307185300541125
c07,0,0.34444400663600827,0.23672239498936223
c07,0,0.6563833739038432,0.19464947549530176
c07,0,0.23208591629076084,0.10000841742184192
c07,0,0.4587560250079677,0.6064312291937795
c07,0,0.29808118772885606,0.13623817636706964
c07,0,0.3171138133845475,0.10259141400800947
c07,0,0.2502786327520357,0.08318418229709593
c07,0,0.6145970035926264,0.10255824377607665
c07,0,0.4303723136128896,0.2681321694886154
c07,0,0.36807529333247424,0.14375584761593999
c07,0,0.43793310330000024,0.4810599100670913
c07,0,0.4012781864892548,0.34650054062410507
c07,0,0.22588236980959678,0.02966896518083416
c07,0,0.38255524321907314,0.20492010119753856
c07,0,0.2894391734121893,0.15977460839796825
c07,0,0.33695181823017095,0.3551064920760742
c07,0,0.32727786454944063,0.1704020633975318
c07,0,0.4923246096250025,0.5621248088261875
c07,0,0.30382190203908366,0.0871780760635222
c07,0,0.499262846730472,0.3016533245580616
c07,0,0.5775189642556229,0.3956868521787969
c07,0,0.3315941034939098,0.20278929434468765
c07,0,0.275409879593842,0.1352032185057348
c07,0,0.2507053926167147,0.039260053978736296
c07,0,0.2302937431396739,0.052566286269281275
c07,0,0.4398389419718165,0.2555042146320811
c07,0,0.288424024914149,0.12599348439857366
c07,0,0.26812426150045904,0.1074482954805916
c07,0,0.4422746267512362,0.3267922466950149
c07,0,0.3388362604838232,0.35217885471044924
c07,0,0.3061717032781528,0.3381980038270097
c07,0,0.2694933405919113,0.12593159816814695
c07,0,0.5083144556238167,0.3997957565145214
c07,0,0.43802611680202547,0.356615314362161
c07,0,0.4657044377865717,0.7288046824646615
c07,0,0.4475832392849512,0.8026022841925535
c07,0,0.39259833400640026,0.4475132970131808
c07,0,0.4006307689485508,0.6539165037760201
c07,0,0.5355635742730007,0.5063224942040021
c07,0,0.41151317568740803,0.4800045476885568
c07,0,0.3655087500658128,0.25466556067499363
c07,0,0.43363929573222365,0.364262857150117
c07,0,0.6703969204312744,0.6304769611470145
c07,0,0.3253509807172574,0.36233216272162383
c07,0,0.6695807673337231,0.7740439204406646
c07,0,0.3769866144963584,0.5085493366610012
c07,0,0.47854543881064066,0.6631460280835658
c07,0,0.279009583542987,0.05067583951165724
c07,0,0.7515793698935102,0.829206620532078
c07,0,0.2080061281013004,0.03635659240040822
c07,0,0.31491786995424875,0.07822393245680062
c07,0,0.38718203294780523,0.24164132234798902
c07,0,0.39097333931302924,0.4110800250604422
c07,0,0.26444399705218835,0.11030284613960824
c07,0,0.18671333246243976,0.09536856412779586
c07,0,0.35968011013992607,0.31839668755584155
c07,0,0.2894046859212752,0.10192551463297278
c07,0,0.20178562693984103,0.06735545662147462
c07,0,0.32537836580794743,0.15544098815101393
c07,0,0.32338877408148964,0.4963619758723749
c07,0,0.2798789891275868,0.026618812691254455
c07,0,0.2443998807624121,0.021017835030225775
c07,0,0.3849939241781797,0.3334122747706612
c07,0,0.2193613428794646,0.0447139296671262
c07,0,0.23430808717812135,0.08656844650818779
c07,0,0.3117032534572186,0.03283704000167164
c07,0,0.21265304986632505,0.08635924907179988
c07,0,0.2925049121830164,0.027758548785319706
c07,0,0.34732073524235785,0.10061997280495709
c07,0,0.2511797271661198,0.06915513123616748
c07,0,0.2583664706625243,0.020609768664547945
c07,0,0.22753364471979529,0.0352599550157672
c07,0,0.39284816406216183,0.5351090097485808
c07,0,0.35368784924611396,0.21683864171000478
c07,0,0.2117629546330586,0.039007161949395415
c07,0,0.2528107259497958,0.027828586282363545
c07,0,0.299802126172692,0.058971495075828634
c07,0,0.27778441612646754,0.01668609077221106
c07,0,0.3971069267327562,0.37659417062987766
c07,0,0.6262500771209273,0.8407265649193907
c07,0,0.4539682795997525,0.5689867528788917
c07,0,0.7747143460649056,0.267704991922119
c07,0,0.3361728308932027,0.4564067037255536
c07,0,0.19715303426532949,0.017886156703946696
c07,0,0.42142752179198073,0.3571329687197672
c07,0,0.3090428305185557,0.052996587652761516
c07,0,0.27778081772579677,0.014262665404906536
c07,0,0.3919308937778162,0.32693831796297673
c07,0,0.2267136967892755,0.010448649133098146
c07,0,0.22676012450880628,0.012064171891552799
c07,0,0.18907820433958633,0.0732711619675318
c07,0,0.2697923348774298,0.10961936522431684
c07,0,0.23931746045770091,0.025113797746976755
c07,0,0.23079575771333458,0.00376666571516413
c07,0,0.3571718709420118,0.1364358812409047
c07,0,0.35921385947773377,0.12540562938056635
c07,0,0.407648279430629,0.6341816977205844
c07,0,0.293272894332046,0.2582312759676625
c07,0,0.3906718582912176,0.326417881702107
c07,0,0.3395899126682353,0.35272081931047494
c07,0,0.23522614544319745,0.06881466626796676
c07,0,0.34549318627282827,0.30203093027459677
c07,0,0.42601150996546855,0.3612221173220584
c07,0,0.3360630499230048,0.19911975424384146
c07,0,0.3607009587987452,0.21332038188570698
c07,0,0.3054149652194468,0.1600901797232034
c07,0,0.6096434930362729,0.26193458428665334
c07,0,0.2567033693781965,0.02959784453378248
c07,0,0.27528690731867184,0.26960169300837933
c07,0,0.23547790849947473,0.1859304187795636
c07,0,0.2878209578567162,0.48839325101162184
c07,0,0.31552227857421095,0.3899624201938479
c07,0,0.3424312292730857,0.6495802639125687
c07,0,0.4411004946016827,0.7015367553166358
c07,0,0.4690976409615202,0.7235271735011556
c07,0,0.3284258632057519,0.7122538048476547
c07,0,0.5140411906831607,0.5852377338951037
c07,0,0.3993567510028713,0.8043510189681147
c07,0,0.3572098957568292,0.4882474436202883
c07,0,0.2685460848175106,0.10961270782367884
c07,0,0.6875361741902075,0.9241228924610686
c07,0,0.3461943889006446,0.36249106832341815
c07,0,0.46188135673525,0.8418776121853666
c07,0,0.678985945479543,0.6063889415538254
c07,0,0.4406887367028414,0.6648852470432809
c07,0,0.324805827019008,0.18685638420907008
c07,0,0.4542024073490338,0.8522007391929364
c07,1,0.27103412718914754,0.22657218304897103
c07,0,0.3832198083674996,0.43330814494672154
c07,0,0.25455368117744365,0.4278426524189803
c07,0,0.21513329498512185,0.06524175537697931
c07,0,0.2624175484181663,0.05978036808111989
c07,0,0.5011619946431621,0.4986116474596804
c07,0,0.26515566947869934,0.015420498891704824
c07,0,0.2927674276322754,0.038433677890185355
c07,0,0.1890972548461378,0.057080101089114405
c07,0,0.35738370752934273,0.4185805487130926
c07,0,0.2742072731188136,0.029404618537990486
c07,0,0.24738798539966994,0.009815140086694443
c07,0,0.2842517905250801,0.17447065892008884
c07,0,0.21069098750800225,0.006780778291210416
c07,0,0.2367321522325314,0.006463350115120129
c07,0,0.27464007827309933,0.09287127337035977
c07,0,0.35830711771115753,0.26960730052814436
c07,0,0.6486125167262092,0.5709954754712212
c07,0,0.21129487640426767,0.14237426182015167
c07,0,0.37392884651048997,0.6194401357891899
c07,0,0.7009070026737586,0.7993731493443375
c07,0,0.37293169793265113,0.2272424709441172
c07,0,0.3004029547172248,0.11549210775038482
c07,0,0.30598269920158094,0.22540719888838473
c07,0,0.2522263212739922,0.10677184787726877
c07,0,0.2067239612213396,0.055719097072740115
c07,0,0.30895973800056664,0.13806256729779365
c07,0,0.2512383563154025,0.04805501811972193
c07,0,0.35075870619698735,0.41551124471100276
c07,0,0.23590991636768677,0.008604561890310154
c07,0,0.3287208191499286,0.232275414038221
c07,0,0.2852464479018845,0.17787835136255517
c07,0,0.3162360269502768,0.14940188636979918
c07,0,0.2089486530461041,0.045561079270120645
c07,0,0.2682581877129016,0.05528998735077301
c07,0,0.28505237535674244,0.12984811351233422
c07,0,0.24573331409582044,0.08403020477159076
c07,0,0.33369243026281753,0.31625978306614344
c07,0,0.2519913344158946,0.025557488701948208
c07,0,0.2562920575794479,0.08747667780086842
c07,0,0.34584167557801615,0.3938179410861894
c07,0,0.24108501578082828,0.09654731771146623
c07,0,0.24301958947990157,0.015066009249931976
c07,0,0.26773657542384977,0.2831411585945578
c07,0,0.2847680335944257,0.18620545015549012
c07,0,0.39559396664428564,0.24783191213840866
c07,0,0.3577420424460955,0.29292187882394666
c07,0,0.23451391089079746,0.04274548409083637
c07,0,0.26656696067480595,0.0355342382302137
c07,0,0.2620556567010133,0.04150574074572396
c07,0,0.27297785366087113,0.08080160989187482
c07,0,0.537233660528786,0.6078938993984341
c07,0,0.2500935570345327,0.03793756438449506
c07,0,0.2952738794882629,0.24346828390055528
c07,0,0.2411367327090393,0.40779697322491054
c07,0,0.23446612476644205,0.016779806801741924
c07,0,0.2681644936497904,0.06851205523182895
c07,0,0.2718251382228658,0.0584754537147854
c07,0,0.22819811843153645,0.00999717507329814
c07,0,0.3513430818095751,0.17749780338956617
c07,0,0.20587050260180462,0.04931120194121417
c07,0,0.3667228273143044,0.6206390546411499
c07,0,0.3166385216218538,0.09709308517656566
c07,0,0.2414309622334295,0.014301647957860283
c07,0,0.28356384697425024,0.2562594339471733
c07,0,0.18221243511740848,0.10554368879170099
c07,0,0.24901191331638786,0.019764077475787855
c07,0,0.3136909181494184,0.1825322493763747
c07,0,0.38293009029209607,0.213159534142241
c07,0,0.20726527836825126,0.11946707334786473
c07,0,0.27645321342687934,0.21416900294135177
c07,0,0.21321854190964248,0.14966512908440163
c07,0,0.2663998605040939,0.08851070465051193
c07,0,0.25489373665954057,0.11617417620570421
c07,0,0.2202991196548419,0.18014400048066617
c07,0,0.21606408094045854,0.009525790488664632
c07,0,0.23744492317029292,0.02938615221592611
c07,0,0.31270159495834043,0.1455927088010332
c07,0,0.44630671220629714,0.37556641861537315
c07,0,0.3246460940759728,0.19258980959067684
c07,0,0.6073035334041743,0.5010961451529712
c07,0,0.7318585982101604,0.22755821755912814
c07,0,0.5059262602090511,0.6181142078011957
c07,0,0.6251658846334023,0.3938837763324566
c07,0,0.23335384035532766,0.11454488914861395
c07,0,0.43940478430529706,0.759745688424113
c07,0,0.4830615382851153,0.8600205650499669
c07,0,0.41897031439567106,0.47023949842665236
c07,0,0.47884472036508474,0.3650641060185776
c07,0,0.4126972520400615,0.32755872440025746
c07,0,0.45595067130757344,0.7361083753498934
c07,0,0.5110127601849178,0.6023204782642517
c07,0,0.2734406503815937,0.160237479729809
c07,0,0.6541955467829838,0.8652908941108739
c07,0,0.7743695697060955,0.3066867221478011
c07,0,0.4667851780575012,0.7676799059088336
c07,0,0.3820456081668037,0.2899339571748264
c07,0,0.5043440500764621,0.8589217205418694
c07,0,0.31123723600970776,0.38464522891634095
c07,0,0.4244105142403748,0.33111617182495023
c07,0,0.39899016467708837,0.6989990326484821
c07,0,0.3001366167655478,0.6003621476301241
c07,0,0.3565605088370798,0.4557144970405692
c07,0,0.5995816320692502,0.5685675824042383
c07,0,0.29340771109743624,0.17552317191311373
c07,0,0.4544716223765458,0.7236010181666962
c07,0,0.3564553089787711,0.5032516542805642
c07,0,0.402068994469257,0.5876056994818388
c07,0,0.4346014120748079,0.05885993471604444
c07,0,0.39156487537410434,0.257574209812202
c07,0,0.2960623993071474,0.30687107919344103
c07,0,0.4593692367684582,0.6025883909746184
c07,0,0.4394749116428106,0.8466509048764412
c07,0,0.5672994819939359,0.9144822424223673
c07,0,0.43440288252523435,0.5136747946848188
c07,0,0.31967770796469286,0.2036661307528163
c07,0,0.29876540481150665,0.3954362015416467
c07,0,0.5132313103809532,0.4289230193408404
c07,0,0.33314729754270256,0.09220755945112306
c07,0,0.6636889556369181,0.6341936902386335
c07,0,0.45653998181553246,0.2270465137462489
c07,0,0.6684633392412167,0.6921610456084974
c07,1,0.5346912677459663,0.6509778630541754
c07,0,0.39032544228974186,0.7280913723069324
c07,0,0.24305273526820742,0.01246293748826274
c07,0,0.3079886722196165,0.2499363015272103
c07,0,0.43317639200536734,0.597534019860523
c07,0,0.6517425920232611,0.4665618011138767
c07,0,0.3000983937602286,0.16698015981650247
c07,0,0.307193452941431,0.23111058401541384
c07,0,0.405927474227591,0.3874800002891596
c07,0,0.4321626124581152,0.47705112195796834
c07,0,0.32166075278165057,0.0415155110469653
c07,0,0.27974231539432665,0.542386177794779
c07,0,0.2313277689799492,0.1571930930757695
c07,0,0.23384753940621442,0.01538486084494103
c07,0,0.36968128507251596,0.2165167707367391
c07,0,0.290856002310482,0.09877992911984085
c07,0,0.27292143135355434,0.04032190596755177
c07,0,0.2942288092717503,0.025978893819697146
c07,0,0.25205938427964353,0.013797323333584311
c07,0,0.2620798024100811,0.03529420767884761
c07,0,0.3897538938890198,0.19072038144958914
c07,0,0.2737982034300547,0.015089870636045836
c07,0,0.2639017551807138,0.0107842131745792
c07,0,0.2627341591208909,0.01246619241712966
c07,0,0.34560094266982244,0.6072906465576963
c07,0,0.3562637714268269,0.1858835760739494
c07,0,0.49672044277223937,0.4486899626838124
c07,0,0.27647270887338826,0.3096568623177147
c07,0,0.2583501402215893,0.020042435563877904
c07,0,0.23696421304573007,0.02144349009940501
c07,0,0.1819498867340272,0.05089241849077494
c07,0,0.2463579680488055,0.0043684553833133145
c07,0,0.22145197140787876,0.015197178979620205
c07,0,0.26956515244090345,0.39381379054842985
c07,0,0.23342417225664225,0.007488397217387771
c07,0,0.26697527034190416,0.03810052595058872
c07,0,0.27341198173024445,0.021881080767140747
c07,0,0.2543178769193718,0.018064225229901705
c07,0,0.3488458906098862,0.04084491985514731
c07,0,0.6641249683762593,0.5432340165080459
c07,0,0.3126725867017739,0.0925608007523298
c07,0,0.34002760691003253,0.3778884208341922
c07,0,0.20211917779443625,0.04110078228347316
c07,0,0.30218937485753866,0.270424908646444
c07,0,0.41021063285129383,0.5087914477991256
c07,0,0.34201128122249147,0.12255174062366823
c07,0,0.2752419760355685,0.2763895750374026
c07,0,0.35392777391820346,0.279482883600967
c07,0,0.2784075550082474,0.05005071401761191
c07,0,0.3050064906980145,0.044211765970578715
c07,0,0.24109200100964717,0.00569588278368022
c07,0,0.37468057037307057,0.5699235528591091
c07,0,0.463094451459719,0.2348861295172951
c07,1,0.8708353684371865,0.828617401649452
c07,0,0.29106703010397084,0.03896366577435596
c07,0,0.8846258059941776,0.28743332466607463
c07,0,0.3157065225142467,0.5048732217443348
c07,0,0.6413242966991672,0.7936915592492546
c07,0,0.32754703729013923,0.26567941160262565
c07,0,0.3314898452699741,0.06794620101596503
c07,0,0.34819660633883787,0.34113838554856013
c07,0,0.5341663721282046,0.8049198371045321
c07,0,0.5783630405234342,0.741799626340811
c07,0,0.6210816142249941,0.5515239278426085
c07,0,0.46100438995589166,0.26744682457342756
c07,0,0.4666503330927266,0.7649856531079539
c07,0,0.7486429703845099,0.7610325437601764
c07,1,0.3688302568104954,0.36975752539492557
c07,0,0.3116389018185081,0.14113450694821175
c07,0,0.2320871533361352,0.029157615426710307
c07,0,0.4047918048052086,0.6190301894360738
c07,0,0.8112626068918948,0.6469896271240442
c07,0,0.6202401967211231,0.6966997663896791
c07,0,0.3574275058931149,0.23519965318498318
c07,0,0.9135267107775605,0.40415297274695283
c07,0,0.8190270436982905,0.7825636643336265
c07,0,0.5038907993074628,0.48971043095911926
c07,0,0.4212353291599372,0.4701354087629812
c07,0,0.4746135832051443,0.48924188928049145
c08,0,0.43979593886269547,0.7865025917141185
c08,0,0.3719628613555529,0.26076769012019735
c08,0,0.2500773915778929,0.5931685640986658
c08,0,0.20987378656362596,0.5513159718917652
c08,0,0.2756160953916165,0.15921067120591573
c08,0,0.33082214048724834,0.5426169309533526
c08,0,0.28210860310931235,0.37743166183544835
c08,0,0.29788307754703597,0.6970099895811379
c08,0,0.23503855426922332,0.2624233802057984
c08,0,0.3234994250173829,0.1462086603220125
c08,0,0.32594234738377914,0.03029915903710968
c08,0,0.28934558356408124,0.06690992852534264
c08,0,0.43126459644962284,0.3359796778815072
c08,0,0.1538288814168263,0.12092755522061466
c08,0,0.24173524984656608,0.6158866496984998
c08,0,0.263913362546542,0.4811170150995508
c08,0,0.27824475905631607,0.4206842053963186
c08,0,0.24392735249214237,0.13606831444267628
c08,0,0.45715925052954287,0.7975976935712268
c08,0,0.26913019856842707,0.7454607706964537
c08,0,0.8451869231777327,0.7239107199132333
c08,0,0.5051725647474857,0.24891631071213413
c08,0,0.222822183348017,0.200312124008547
c08,0,0.47749307901071336,0.28432404676761036
c08,0,0.5942381627249617,0.33825589400166195
c08,0,0.4500938867183165,0.46147342947467546
c08,0,0.5061598357848931,0.660987569900336
c08,0,0.2986843998273947,0.5236866627417059
c08,0,0.34870819469389314,0.10762233494247955
c08,0,0.23399351932276627,0.1516660896153495
c08,0,0.2421812541345961,0.43686534212536654
c08,0,0.3502792464993286,0.2678141658120779
c08,0,0.24990174395782394,0.16080623598586333
c08,0,0.19169692735922175,0.21456943502297313
c08,0,0.49652662025861133,0.8687250063860796
c08,0,0.4239741156298036,0.397863376400258
c08,0,0.562320874536917,0.42715723115216947
c08,0,0.6514132655845243,0.6815161339759029
c08,0,0.38174033369394433,0.716689920393958
c08,0,0.2522091640394821,0.7000257290936813
c08,0,0.5610954699373879,0.4251011822442717
c08,0,0.43171028048731214,0.4241860925637581
c08,0,0.501299706170353,0.6303557977632945
c08,0,0.3057653103850211,0.3473138632869447
c08,0,0.551872058830119,0.7839771620672913
c08,0,0.5811200470347059,0.1266024639425201
c08,0,0.43808933293200314,0.30443116146316634
c08,0,0.3665758216254914,0.34953372635804314
c08,0,0.6356258477040437,0.30937916005787136
c08,0,0.49505510712188133,0.5743765578897102
c08,0,0.4303420689704763,0.7570473940697433
c08,0,0.4105319996962488,0.7757508913593342
c08,0,0.27642301036921035,0.05653556894187385
c08,0,0.779564531691911,0.5434072274657548
c08,0,0.3622159805327034,0.45942373794741836
c08,0,0.6043957366577973,0.7917103931584861
c08,0,0.24431205876783055,0.1604666942425007
c08,0,0.5320286698616725,0.7161974860737972
c08,0,0.4401184303080522,0.7701790016579984
c08,0,0.2965743804892056,0.13064989694758208
c08,0,0.3969447824909894,0.6738617966528153
c08,0,0.29967751861491004,0.2879712526131697
c08,0,0.6600249922560916,0.47218959882554523
c08,0,0.3230563469734164,0.15375808023024995
c08,0,0.22620249608874662,0.049968076901672806
c08,0,0.3217519860809568,0.32509539114547137
c08,0,0.4107218080709075,0.38388275565587976
c08,0,0.23719099343440703,0.13507116869316405
c08,0,0.34082119200441807,0.12297881873359795
c08,0,0.38771247246074864,0.38191778946033206
c08,0,0.2623486939813517,0.6884157360540978
c08,0,0.8407124052899289,0.2789944539892231
c08,0,0.40043159169092446,0.36635838430293827
c08,0,0.39412295710731987,0.460199270775479
c08,0,0.4472124830429772,0.7710223058591308
c08,0,0.3756437604603193,0.514316243337718
c08,0,0.2548131658422564,0.7252329251679713
c08,0,0.4334488360725503,0.5351407011579032
c08,0,0.31287407789160554,0.5016816092777092
c08,0,0.3697315921817929,0.25654018751145746
c08,0,0.5074997618680518,0.3463135128734592
c08,0,0.3831622998845093,0.043641746024354854
c08,0,0.42199673534446447,0.47808318411438594
c08,0,0.413838189479498,0.05563087606487939
c08,0,0.23373869437250006,0.03542882849302425
c08,0,0.25879417248534065,0.05871028739733349
c08,0,0.27542443569892516,0.05741694371996654
c08,0,0.22113051431263256,0.05672006851908675
c08,0,0.6481448456549191,0.7175789318763017
c08,0,0.23722382723262223,0.08150735404609974
c08,0,0.7765553329341329,0.803607651613829
c08,0,0.24209425197771317,0.0626901576826142
c08,0,0.8173994174349689,0.6433548796674431
c08,0,0.5068855871724248,0.49459876287846155
c08,0,0.3585228822792723,0.03407431986752523
c08,0,0.4721350192733464,0.04747217751543883
c08,0,0.334088802604917,0.028545767209735885
c08,0,0.32125318666604896,0.1323316665093981
c08,0,0.32966087909253444,0.5335152407344121
c08,0,0.27429760450338375,0.11077893763977173
c08,0,0.37233310679876686,0.1511664197004963
c08,0,0.39058589261348475,0.06792500875586586
c08,0,0.4670823338115415,0.07331035317509214
c08,0,0.2419637599601529,0.059393408299948935
c08,0,0.25157199072805864,0.2617712298726586
c08,0,0.27444405187087595,0.25821626707077955
c08,0,0.2019239956384247,0.0481622995093491
c08,0,0.24581322187491947,0.2663578422803812
c08,0,0.2412280193189663,0.0782745080096968
c08,0,0.24018418397986718,0.30556149614643147
c08,0,0.25369554647423176,0.12187324853804647
c08,0,0.28129558619989903,0.191621237229074
c08,0,0.23838341260399354,0.23181718514522087
c08,0,0.2324890443034308,0.3795917158538189
c08,0,0.2891178774174563,0.11016683104886005
c08,0,0.9140162641191075,0.6886852785550115
c08,0,0.7923493694309236,0.5873532566552622
c08,0,0.37822448118836965,0.45423337034607425
c08,0,0.5314049794415852,0.15931585424417583
c08,0,0.54360750099855,0.8052768370933874
c08,0,0.48183401387372593,0.4487241030257225
c08,0,0.3484391944062545,0.5084526347078706
c08,0,0.5430454126224608,0.38426220780167375
c08,0,0.3771269974589354,0.09589628902485413
c08,0,0.40089620894395867,0.6068354450898295
c08,0,0.47302885512337695,0.6907563681678327
c08,0,0.4153875690848534,0.052154555127145334
c08,0,0.6543668222380169,0.16202081787619568
c08,0,0.42173457382317997,0.2555250595322013
c08,0,0.40203728008866807,0.046744036572716724
c08,0,0.6255632594051296,0.5337519443172744
c08,0,0.3632067408609897,0.16557887239010152
c08,0,0.3748567955360669,0.18983130560936962
c08,0,0.3452526914778563,0.10389775335097645
c08,0,0.34055804462881606,0.38897085269657017
c08,0,0.4019289699833001,0.09707788669931332
c08,0,0.4224694776805011,0.19334944186352318
c08,0,0.21175125433461955,0.06738145380843748
c08,0,0.24628785405541206,0.12245936984628567
c08,0,0.18566223429680984,0.020742876516218693
c08,0,0.24403713347269135,0.07780512449087519
c08,0,0.2738464965733528,0.1390892619174746
c08,0,0.23281584707732325,0.10588705219673801
c08,0,0.20839355944469726,0.07865747360992197
c08,0,0.23572011708815024,0.11661748431022152
c08,0,0.6894264033250977,0.5665726779807847
c08,0,0.8317445132807094,0.9206615691040199
c08,0,0.36815380731199965,0.10741488902466198
c08,0,0.3647002274890872,0.07399400604310867
c08,0,0.9659272043929529,0.2403054391140966
c08,0,0.3508612458134684,0.072371824172097
c08,0,0.42072968144217704,0.3990099742581042
c08,0,0.39351210521004776,0.1989023628944079
c08,0,0.3143265771827735,0.14155607920767008
c08,0,0.4019566069517223,0.04214691246099663
c08,0,0.3938877973157735,0.28652180135821337
c08,0,0.47810721948130797,0.43029372585684056
c08,0,0.30566736700649905,0.09320040407769412
c08,0,0.4311346085535056,0.16721429481285702
c08,0,0.39126498694097106,0.25511846614374084
c08,0,0.41617400720252673,0.5785955342118868
c08,0,0.5361127154545797,0.05765912745856679
c08,0,0.3876004393584637,0.16424478194239672
c08,0,0.31386827115257154,0.07059822920925221
c08,0,0.27840018285517154,0.26528336416590026
c08,0,0.48767606864244933,0.21779641654221762
c08,0,0.9550683002395551,0.24180423666902842
c08,0,0.3850834252313732,0.16818636349185034
c08,0,0.6033257050927257,0.7813540284892088
c08,0,0.3911614505871178,0.02648821089931856
c08,0,0.35406888976652506,0.04124954150386959
c08,0,0.41710364674021533,0.05978905243006493
c08,0,0.641756923615071,0.8847477009256319
c08,0,0.3572834793573409,0.015254003862195014
c08,0,0.4547868487358624,0.6576125817348842
c08,0,0.3693297253605946,0.026512203409569505
c08,0,0.6153343578118207,0.8498824632398179
c08,0,0.5803976992468146,0.8079230161045121
c08,0,0.35005076271438645,0.035289584213213473
c08,0,0.43409706314840213,0.441372926099779
c08,0,0.29006556446681736,0.1733834066658391
c08,0,0.22509221872678412,0.08251858654378916
c08,0,0.2814952156367426,0.357406608609745
c08,0,0.3129967484749131,0.3770171430632131
c08,0,0.2715601782985158,0.129251657004206
c08,0,0.2867381935407985,0.2796420176223877
c08,0,0.21122068382433878,0.05315299372695915
c08,0,0.2643675068895703,0.36910119811218217
c08,0,0.28837351435135505,0.6254659281244764
c08,0,0.30705152234661975,0.3380507426949458
c08,0,0.27760413642848397,0.5393459160329911
c08,0,0.2673332278515151,0.12089610647081736
c08,0,0.19890184121029245,0.037250770785486866
c08,0,0.3356776699532539,0.2790507695040965
c08,0,0.24908512367758345,0.16890441131690057
c08,0,0.28477905829258393,0.11518432536483343
c08,0,0.2452147223828829,0.1466112373477919
c08,0,0.37480623151239495,0.37449425008240195
c08,0,0.22918333823842893,0.14964363248692095
c08,0,0.32789500309239755,0.13902785929640685
c08,0,0.22866771848077194,0.07018344807505245
c08,0,0.20700446082536786,0.24507433507196752
c08,0,0.26893197661582285,0.07594703687623315
c08,0,0.7828333925840775,0.18625179751315737
c08,0,0.5034653848837533,0.033084201425779954
c08,0,0.3964998913858573,0.289017858860039
c08,0,0.44949572853377945,0.050241619714963916
c08,0,0.4685315504402772,0.10939781618254629
c08,0,0.46940447546409864,0.0516843820848762
c08,0,0.6273843501716623,0.06260040220029768
c08,0,0.555015679038592,0.04548908215889134
c08,0,0.3255799780435306,0.014384544820937368
c08,0,0.441761784259328,0.06288892676593195
c08,0,0.27370171690250655,0.141475205990784
c08,0,0.5055279632270813,0.06267205315999701
c08,0,0.924319708438343,0.9126495380505676
c08,0,0.8371706359382238,0.7874336503806618
c08,0,0.6976117699170663,0.6578461232329536
c08,0,0.6284761238163414,0.877455384957181
c08,0,0.3778988777398653,0.13004878621433388
c08,0,0.5541439617571283,0.47635306635538077
c08,0,0.34720021801515,0.14003057641276326
c08,0,0.6460514054397681,0.43914958003779203
c08,0,0.5321667334252721,0.6684306693329869
c08,0,0.8932432909204178,0.8547652295187482
c08,0,0.4655535145166695,0.7580515764010938
c08,0,0.40857993094532064,0.836539298183599
c08,0,0.8481488194648227,0.6855637849464594
c08,0,0.3938149616544585,0.4786506203399819
c08,0,0.6827024271039944,0.9004226102188552
c08,0,0.5373677373344599,0.5803936868888054
c08,0,0.7731810207922007,0.9162105912291324
c08,0,0.4246773345365163,0.8064388670308558
c08,0,0.31013952523493266,0.08915884976620145
c08,0,0.7720287277190979,0.404549083002713
c08,0,0.7825104197829932,0.925604859365823
c08,0,0.7916594879549474,0.4765134519688243
c08,0,0.5589171438907743,0.7800624543752692
c08,0,0.5823587289548686,0.5395460066748654
c08,0,0.6745547323996999,0.853922754478071
c08,0,0.4758095689393532,0.8585101943793882
c08,0,0.4523871538211535,0.26375663262432375
c08,0,0.3938143202163283,0.8557761670525319
c08,0,0.5098080098315046,0.855268482801449
c08,0,0.666648069991879,0.8744105168549474
c08,0,0.3841058126995079,0.4547012055891296
c08,0,0.3938117319110009,0.2778774826397967
c08,0,0.6983718472302013,0.714192648518288
c08,0,0.532606453970524,0.7805535684505773
c08,0,0.3329964627249177,0.4715618738730181
c08,0,0.4736331916109497,0.29020645060081557
c08,0,0.46658547384420074,0.4297349165051659
c08,0,0.5871555924612846,0.5981942944930597
c08,0,0.8906420133021499,0.436619147112141
c08,0,0.4548237314847305,0.32855275873125217
c08,0,0.23343618851685324,0.10531816528339792
c08,0,0.3170051838277028,0.09957636905458266
c08,0,0.5285015613478578,0.14184717802863844
c08,0,0.45207708080542414,0.01762484539753127
c08,0,0.8341870378645105,0.671841430008962
c08,0,0.47023079753280567,0.02024616371724675
c08,0,0.6963195250259173,0.43492149768542937
c08,0,0.3663946822660074,0.027504489074117483
c08,0,0.7305736732920998,0.55353632786112
c08,0,0.5442470354023037,0.285995836868426
c08,0,0.3449276819838481,0.029838053101431377
c08,0,0.9412254445342358,0.8379348976471536
c08,0,0.6348753842656064,0.3668599256712728
c08,0,0.5089513664828271,0.6262537475739447
c08,0,0.47256449614876406,0.029480212183953768
c08,0,0.3365490856142337,0.012610848219527087
c08,0,0.4667140531442958,0.025438473001855956
c08,0,0.615052720912529,0.05468748017187457
c08,0,0.4348626070046733,0.06048758688992627
c08,0,0.43923389855497,0.5896825359207312
c08,0,0.584779149011319,0.583507793149227
c08,0,0.675583515349525,0.07985470714155572
c08,0,0.6410708468189911,0.048125194801451526
c08,0,0.6350183205593826,0.06800189785606428
c08,0,0.9132928651849359,0.8752566701356157
c08,0,0.3603190772628222,0.8018913082527045
c08,0,0.6841947115991216,0.6184062581153056
c08,0,0.3940537208649745,0.03886745674978881
c08,0,0.34770204825858747,0.12185062475014684
c08,0,0.3115835083728291,0.019408967452843106
c08,0,0.4682580062549632,0.573925570343442
c08,0,0.6675111329883202,0.10694659582106356
c08,0,0.6542331491777532,0.1753770979665897
c08,0,0.4508997393979394,0.020574102115041418
c08,0,0.3556068589612344,0.01726596870464259
c08,0,0.43523657931114723,0.03284360923799014
c08,0,0.31939839189717817,0.01873532077508944
c08,0,0.3296062309155011,0.030228057561289174
c08,0,0.572315274232075,0.06886474488783138
c08,0,0.3947673830872391,0.008821877417018276
c08,0,0.4737341849267845,0.1636892687164202
c08,0,0.614563806808268,0.15625534264662688
c08,0,0.40304013035691894,0.015659896002790087
c08,0,0.49828471370716987,0.10132868068135681
c08,0,0.3849929255365677,0.019533642650406857
c08,0,0.49323336152731245,0.0807779497512738
c08,0,0.3559345506423649,0.021314583269343136
c08,0,0.2922181007428557,0.0247433303630829
c08,0,0.32452362759909437,0.043598081221478235
c08,0,0.6859734133047604,0.6867961504174189
c08,0,0.3606242237548611,0.02542437042326556
c08,0,0.29726160734092005,0.018163656997523647
c08,0,0.26168915954039124,0.03164537259030666
c08,0,0.4606664737664135,0.09433395488988955
c08,0,0.3582039421734776,0.0307921382596069
c08,0,0.4741810884217872,0.10248885331482062
c08,0,0.39908858927657026,0.022091264654759447
c08,0,0.47116087631366305,0.04682972085475742
c08,0,0.901645584588204,0.6206037544389402
c08,0,0.8707035959667153,0.8398669211199709
c08,0,0.5353120841722034,0.10266912395800072
c08,0,0.42506134350205166,0.024086792955313064
c08,0,0.5547751200232068,0.10366463686118209
c08,0,0.4392265149064378,0.43152034409682793
c08,0,0.28579391832377854,0.03505806781361271
c08,0,0.3325481212492242,0.11325953789129392
c08,0,0.5623107318658036,0.03635810627418101
c08,0,0.34914184012901445,0.05271177584357388
c08,0,0.27459790962160935,0.04130547789291648
c08,0,0.26275758652165127,0.07146033731368932
c08,0,0.35530945329055874,0.03315317313883844
c08,0,0.4739445834949925,0.17901873773582938
c08,0,0.3896924053110474,0.06729602189971412
c08,0,0.3901282358660126,0.1007933129425666
c08,0,0.33393265900048896,0.2709634022778456
c08,0,0.3209368472990202,0.05137168958960836
c08,0,0.29448465109002386,0.05240557371407034
c08,0,0.37315253989730074,0.028630804049426667
c08,0,0.43333214431979544,0.03762307960379992
c08,0,0.40674268926555845,0.05660601532471231
c08,0,0.31683703639503963,0.053208606460520745
c08,0,0.412357882059464,0.08471273312256747
c08,0,0.9551746298009566,0.23461326626943405
c08,0,0.937576951507002,0.5247308105783997
c08,0,0.6035538023892647,0.030712587169520005
c08,0,0.3569858128914112,0.04407422767235262
c08,0,0.2229883613167043,0.00773906269671523
c08,0,0.38056431031810933,0.03468207110928162
c08,0,0.943464262399728,0.9462895024338539
c08,0,0.4900316235941864,0.344487358270192
c08,0,0.4140788113761746,0.009649280810778928
c08,0,0.41233346245542957,0.016406658076446246
c08,0,0.3922604267276455,0.035978672497651104
c08,0,0.28968971668140325,0.01232152314659572
c08,0,0.3588215934267061,0.06481917176335608
c08,0,0.466797555891079,0.01157750160864787
c08,0,0.224574461664259,0.031097000272288733
c08,0,0.2205834257101367,0.06289889227668886
c08,0,0.6782078437426579,0.6896127091032374
c08,0,0.25101475842675897,0.01984679881644567
c08,0,0.49979340779678344,0.040501429397717614
c08,0,0.2948595148648419,0.012115365133065452
c08,0,0.19154059239183108,0.03111524046988829
c08,0,0.3342371927123642,0.024717475091997752
c08,0,0.5398449465640416,0.8420610371490759
c08,0,0.4587512628566735,0.056303748395983226
c08,0,0.3111729836107548,0.01423789242710113
c08,0,0.27454427889065725,0.04295125388785929
c08,0,0.2817810943805441,0.02299228250517006
c08,0,0.9836498642362083,0.33475550192953996
c08,0,0.3439209053337066,0.02452052341434513
c08,0,0.9170390272707964,0.8921838621490741
c08,0,0.35347012179677106,0.02328154492764727
c08,0,0.4037369713417159,0.09062723260091436
c08,0,0.6069856711921728,0.7730838050698671
c08,0,0.809629194316261,0.5270230350813061
c08,0,0.7364560109810483,0.8296963069888448
c08,0,0.730037776810936,0.9119258168463433
c08,0,0.6793630861538066,0.8549123449822363
c08,0,0.37906011095651326,0.17047491341360094
c08,0,0.779369435741305,0.8846506171276081
c08,0,0.7133300694102015,0.5147439048684257
c08,0,0.6495224956735717,0.5343987311054532
c08,0,0.6741402006294679,0.5553227895250088
c08,0,0.7593879274728805,0.9372639236287466
c08,0,0.5744527985323998,0.7143575205008547
c08,0,0.5184939900048496,0.8062008903938491
c08,0,0.6918646449080316,0.797354479109939
c08,0,0.6145805827484025,0.15328874211402457
c08,0,0.6919273208852512,0.8844990802478084
c08,0,0.5792458867649007,0.7822348558880395
c08,0,0.6003456945024054,0.7996958857612557
c08,0,0.5199272964078373,0.5765725001180543
c08,0,0.56349948350006,0.1437323458450625
c08,0,0.5636227046924492,0.8455059248484276
c08,0,0.5688814488164421,0.7089682695749702
c08,0,0.5546305932117125,0.7524343710488814
c08,0,0.4455541063082987,0.608519907308641
c08,0,0.3905493345470006,0.27659989194992035
c08,0,0.3138570981106651,0.0439665876461069
c08,0,0.27415928824303964,0.136561443381108
c08,0,0.3108737263084547,0.0924473607304482
c08,0,0.36512816202524273,0.05622226598804251
c08,0,0.2491303504168261,0.0752530979785943
c08,0,0.1579997614716359,0.07464430093288768
c08,0,0.16418020444429854,0.05148978005238719
c08,0,0.2820795041819224,0.03412378309402794
c08,0,0.2377298533568061,0.05626796673960739
c08,0,0.15741070847196212,0.0532947750983405
c08,0,0.26982683688599135,0.02765042452698651
c08,0,0.2137024787012224,0.054117542992932
c08,0,0.1401030207210431,0.03685213946871734
c08,0,0.18297648290391777,0.06224556537198846
c08,0,0.93251964255836,0.47598054325936234
c08,0,0.3112576149113015,0.011915767023014926
c08,0,0.26237533825380016,0.004466010292963765
c08,0,0.2754138975559105,0.028648290942577835
c08,0,0.18176724556613078,0.04165435337152651
c08,0,0.19187213613206086,0.05874820631787784
c08,0,0.17347302931332115,0.06242032571324566
c08,0,0.6577278688533488,0.4346703870508941
c08,0,0.6988171338386937,0.7116628949714899
c08,0,0.2996317047951634,0.007260331880820345
c08,0,0.4370704688719,0.19277844383749565
c08,0,0.34312091081022283,0.024951897919538783
c08,0,0.24306719011209305,0.0064444786570690745
c08,0,0.28064844464065625,0.024131649546179624
c08,0,0.25498396659090583,0.04405494926529061
c08,0,0.2594472190725883,0.010244806714915386
c08,0,0.2128730767730658,0.031668757959071356
c08,0,0.30447979242842116,0.057621301851270526
c08,0,0.18044813064758075,0.02516774295731982
c08,0,0.1817310833433814,0.017800298828395202
c08,0,0.23568484698836553,0.013308570230074255
c08,0,0.2861639323865304,0.018390673172050686
c08,0,0.3022535697514559,0.017078481388186358
c08,0,0.2867033954591125,0.02683067584592118
c08,0,0.24315202288743898,0.025106991325222008
c08,0,0.2204705659253042,0.01396310188841368
c08,0,0.24129414671761426,0.03643706517599256
c08,0,0.2385410591033242,0.041280150453351136
c08,0,0.30194427317391465,0.02893037761990625
c08,0,0.26762085935007024,0.023950561311593076
c08,0,0.9465115021528159,0.30195582440189067
c08,0,0.9545250462729944,0.9539985054648005
c08,0,0.32283142385102465,0.020464063149859657
c08,0,0.38324986519856435,0.09940709169352036
c08,0,0.3348450432259937,0.016850157780603465
c08,0,0.23886058429937998,0.03583411600752921
c08,0,0.17683944742000685,0.015391372551721934
c08,0,0.17615793724570206,0.014819017057893055
c08,0,0.21322769961458843,0.012566480055099529
c08,0,0.18385883358643026,0.02240695665964294
c08,0,0.16472884614201147,0.00873699248583638
c08,0,0.15887177115745466,0.04524053212420769
c08,0,0.2815582736793294,0.02222949216841881
c08,0,0.20489044677998267,0.06569932318091254
c08,0,0.19943708190059947,0.015722470255993878
c08,0,0.21847974935441897,0.012210956514145202
c08,0,0.13066971580176212,0.013305454057302973
c08,0,0.1403141854088294,0.023544072119375075
c08,0,0.21163652293019766,0.04387508446427187
c08,0,0.9776752962057822,0.6156539961500761
c08,0,0.2563059836107752,0.009916238574703194
c08,0,0.3759579668330825,0.02013484691598237
c08,0,0.36828837758332306,0.016009864663232155
c08,0,0.19247143949420426,0.055781224263422476
c08,0,0.2136986797035317,0.03552434343549156
c08,0,0.2801319605073895,0.04273599150243748
c08,0,0.27860445339472273,0.08641746924753332
c08,0,0.39000077002263017,0.06719929771768247
c08,0,0.15699960383742848,0.028898659279579117
c08,0,0.1924695582216066,0.015420229546023505
c08,0,0.9619143942872562,0.4967925509228594
c08,0,0.38952300642418736,0.3178141968842596
c08,0,0.8418526226869527,0.5330751350181793
c08,0,0.49845298968798446,0.67842466287452
c08,0,0.7767301746799914,0.6027247827555293
c08,0,0.3364707737145015,0.2510440563490631
c08,0,0.43925446817734315,0.5493930122548162
c08,0,0.5542338684478597,0.900550652839646
c08,0,0.44156079293566763,0.7684461511785784
c08,0,0.5529538723119153,0.3415689546897019
c08,0,0.6685923959736646,0.7842715595588364
c08,0,0.41733392156079563,0.04571349479809257
c08,0,0.26689267847173503,0.026943234574415827
c08,0,0.31231765222842767,0.023367578834801606
c08,0,0.814049388528179,0.369027402233679
c08,0,0.21827685790645462,0.05870469237198898
c08,0,0.21519177347606053,0.04222122937903032
c08,0,0.564459424162407,0.6071901533357856
c08,0,0.5281361084985703,0.3536435554277058
c08,0,0.4420202451448232,0.3065621323774072
c08,0,0.3420800402997038,0.1651960864954947
c08,0,0.3517525966938876,0.03186182020911249
c08,0,0.38459961254616143,0.022524980103112664
c08,0,0.3064583066747047,0.030175941974918706
c08,0,0.8788600072666214,0.6940105205827212
c08,0,0.6626005648203278,0.7361125686390162
c08,0,0.8579796141110411,0.6444733353891339
c08,0,0.5058044748267774,0.22311517986432253
c08,0,0.24857035024049318,0.05491720584282472
c08,0,0.23098905259988856,0.03974732206511517
c08,0,0.30086673070698494,0.011302080665350057
c08,0,0.2728113670703919,0.440605852366084
c08,0,0.2869820889212951,0.012754983623529354
c08,0,0.3071437001531587,0.014699669500932884
c08,0,0.8769456824019293,0.572728600561035
c08,0,0.5476713986129815,0.3319335287123372
c08,0,0.2825814455916831,0.01203609382115216
c08,0,0.7894596466296336,0.7976261300409851
c08,0,0.3251184453701416,0.14027630318355602
c08,0,0.9059493312309279,0.50494033492098
c08,0,0.6990586600649565,0.8562811370990075
c08,0,0.6325520168477474,0.8188604288935607
c08,0,0.6762371697109356,0.10522323308298794
c08,0,0.4847291445649385,0.0841535770310521
c08,0,0.4901237323063324,0.7900747774499531
c09,0,0.6847484671708692,0.013602672277946174
c09,0,0.7615221914887589,0.05678974100478782
c09,0,0.7116906517099839,0.02872570853070705
c09,0,0.7315401996723364,0.009090812513309697
c09,0,0.6059797953468428,0.015587754317843395
c09,0,0.7710858334951134,0.0835796010751207
c09,0,0.8511899240056858,0.1896779617049824
c09,0,0.9216462527534074,0.008010215119700985
c09,0,0.5171385327258994,0.005980292611738238
c09,0,0.8738715477433108,0.02062151422079489
c09,0,0.45922775851125947,0.81717349577997
c09,0,0.35349180527717206,0.14313697082588028
c09,0,0.299122743149878,0.21836710187504427
c09,0,0.5132654044833073,0.28412909486935567
c09,0,0.2956125688255576,0.12387889012320391
c09,0,0.30137873467749604,0.4814068608671921
c09,0,0.5873417624287003,0.6386343638358677
c09,0,0.4103956723031054,0.35446267075044885
c09,0,0.7255568233002435,0.6765297683280306
c09,0,0.4443764080478831,0.5940201957538617
c09,0,0.29637590553877213,0.2588275905602643
c09,0,0.41874455450134324,0.7346002015642422
c09,0,0.31973485601423485,0.6446996265583917
c09,0,0.3269512303986907,0.5169783226455038
c09,0,0.32125348228697076,0.31986474651091257
c09,0,0.4117658484134586,0.6881702673781164
c09,0,0.302111158819256,0.9520309673550229
c09,0,0.4510794124184961,0.5511075662716318
c09,0,0.6324423169193347,0.4538480568877735
c09,1,0.3953978325556784,0.15241370424499825
c09,0,0.3954648141572525,0.34841730428272977
c09,0,0.5456481844258341,0.2893819862772213
c09,1,0.25049360104057145,0.04992339335046688
c09,0,0.29047474017677377,0.608720346006315
c09,0,0.320589370494172,0.32429238691173795
c09,0,0.31814233468942177,0.2932756803130911
c09,0,0.30851438214670096,0.33980021780029473
c09,0,0.49177096047567515,0.7249689061973684
c09,0,0.2729729057818979,0.17182571912220554
c09,0,0.2013822350693307,0.12957300273318126
c09,0,0.13093482611758478,0.08321136000484394
c09,0,0.2906044131742425,0.3028719279626121
c09,0,0.3156357422008044,0.7511498970850446
c09,0,0.25456884344726427,0.18444780446220638
c09,0,0.2356255497695949,0.4655381747932761
c09,0,0.262209658571444,0.44182587824436975
c09,0,0.18216290592297985,0.24580606737722585
c09,0,0.24013298695702817,0.5671110220762139
c09,0,0.20107271474872984,0.050394535630190224
c09,0,0.2793073785490438,0.3881848339687463
c09,0,0.2517381280173839,0.12668099764031152
c09,0,0.2728952956275779,0.7333895432144613
c09,0,0.2133484128937327,0.0338045709093805
c09,0,0.22120549966100225,0.021900701432123353
c09,0,0.22028797783711573,0.09739194219676811
c09,0,0.22493394850321358,0.3757900921556708
c09,0,0.22976186774280785,0.029783317869295
c09,0,0.19359479726874548,0.0953773715995371
c09,0,0.21370315752598498,0.06889583474312291
c09,0,0.3027996079453013,0.5331575665785535
c09,0,0.21057691372415333,0.0408358855659814
c09,0,0.2404201587878012,0.06965966615758108
c09,0,0.3138336937993473,0.27346833067264226
c09,0,0.6904481429632559,0.5987082490772655
c09,0,0.29254616534559547,0.2996941099214566
c09,0,0.2986743617271547,0.15785313944752866
c09,0,0.26037720005828147,0.12273643718983501
c09,0,0.21612827758959582,0.17865751868883967
c09,0,0.2162031588513239,0.2515857092861443
c09,0,0.24801250450018764,0.12017599453440068
c09,0,0.27485532472018726,0.16190384504371286
c09,0,0.2284742743745341,0.0518841128072032
c09,0,0.2850511004038231,0.2523009146195263
c09,0,0.4734694439205413,0.7005573577062975
c09,0,0.2128099175519596,0.21958463594110772
c09,0,0.3023563976882709,0.4299040375163393
c09,0,0.2553742635937355,0.2054432360027003
c09,0,0.38416741362321033,0.18384359381376614
c09,0,0.3671669251127643,0.41733123621955204
c09,0,0.26070122859438577,0.09997937113723614
c09,0,0.20559597864786835,0.027689896087544776
c09,0,0.17847762151973154,0.019278880115202925
c09,0,0.2649588636528413,0.11278156583982994
c09,0,0.22750949028099482,0.21522166526673364
c09,0,0.25494468885235044,0.3611347865410813
c09,0,0.20846028685100096,0.08847287320789196
c09,0,0.15516930134818355,0.06230420127703292
c09,0,0.20552213719741125,0.34463449600434226
c09,0,0.204330935133269,0.02250795946054579
c09,0,0.3179077814917139,0.09565707464561087
c09,0,0.2090898592716303,0.0072826755317430105
c09,0,0.691018674540043,0.4852488131451412
c09,0,0.2243767704109786,0.07138475202807085
c09,0,0.8006778677843543,0.2615097579325506
c09,0,0.6695068003564641,0.7362294268758643
c09,0,0.40081378163239145,0.4466051606792685
c09,0,0.4352974394797065,0.6882374403427834
c09,0,0.23824293594571888,0.18452774521665985
c09,0,0.3148470472970022,0.09261349262464054
c09,0,0.35248172306718006,0.1516290863013946
c09,0,0.27561910559173736,0.16185081483123664
c09,0,0.2032963984571486,0.007852389432524726
c09,0,0.26729842037656487,0.09919098229840416
c09,0,0.3762565011384344,0.35688491869187494
c09,0,0.25406311837777235,0.11117593295775619
c09,0,0.33137262614025864,0.2734399379702609
c09,0,0.28635225797525043,0.03028075092076368
c09,0,0.2974373667967524,0.07681844287105971
c09,0,0.2167897335807354,0.06678250359674262
c09,0,0.2704892581579148,0.037717596899553826
c09,0,0.33345423595945206,0.1661024797096754
c09,0,0.3285811375407909,0.09944344391223257
c09,0,0.31926823870736265,0.038737934394131215
c09,0,0.3157438485486831,0.11457462370919336
c09,0,0.24103381108159339,0.03948172046391313
c09,0,0.2654500292855805,0.027999787386463446
c09,0,0.2801088789522456,0.23736321209895206
c09,0,0.3333628457349463,0.13686305320326006
c09,0,0.2628566790377451,0.02344786465326919
c09,0,0.3559554455238279,0.3058846034947782
c09,0,0.39556392096168136,0.3466014523718073
c09,0,0.2018279394434523,0.008298351004346524
c09,0,0.2565958542713485,0.04148729121024477
c09,0,0.25597803172844436,0.21834868047482156
c09,0,0.303407388230425,0.07578745920779201
c09,0,0.24825445883710798,0.014407451369364343
c09,0,0.21223737596373876,0.03455609154263824
c09,0,0.2980380738222878,0.09465632109548625
c09,0,0.2851606737538013,0.035013939479760885
c09,0,0.25115008886103707,0.05264026509330004
c09,0,0.32072692902646405,0.2606517942170389
c09,0,0.2986017978031821,0.12804831705868294
c09,0,0.7023022923314748,0.6497871443034812
c09,0,0.22903746419189283,0.3607321612901312
c09,0,0.8066386382645934,0.31514353311897125
c09,0,0.31644501227395594,0.6874932754507761
c09,0,0.28416562958817343,0.02638463405587401
c09,0,0.302560662647187,0.06814787214025876
c09,0,0.22356712738305404,0.026593259234544066
c09,0,0.23380766412690043,0.28936639159016514
c09,0,0.26853827710896166,0.20528322754479605
c09,0,0.25118975861230836,0.020056939924189884
c09,0,0.21549775580682123,0.09464505373725665
c09,0,0.24985445286484817,0.2515322971231643
c09,0,0.23338595445076638,0.3307352191973647
c09,0,0.2250168124199326,0.2771042111986954
c09,0,0.18921337686057565,0.24639952524471292
c09,0,0.1864457239511801,0.052022387401484085
c09,0,0.2133951853472413,0.33014859639318017
c09,0,0.14731734763644522,0.08313136913221672
c09,0,0.13927170816908596,0.04152722054084784
c09,0,0.14313107809392184,0.18350894206247048
c09,0,0.0922237954125236,0.2126174884941363
c09,0,0.10434955145969566,0.0371780792820508
c09,0,0.180613033273673,0.7472678724772548
c09,0,0.1861916237339373,0.17403292493408093
c09,0,0.13405893765556545,0.0820973298470382
c09,0,0.10666915314232352,0.2996092918004841
c09,0,0.07390842191949112,0.10474062132504659
c09,0,0.10106424744410299,0.07363654849714428
c09,0,0.09249947464568418,0.08182225830433058
c09,0,0.06062515131880366,0.05657451555573937
c09,0,0.15810058630649343,0.16762243331194884
c09,0,0.108920161513361,0.02702414788836463
c09,0,0.14726724085685097,0.06898838363182654
c09,0,0.16040070018920483,0.030342263294946784
c09,0,0.21829996330811588,0.3579624928929659
c09,0,0.22826842799693484,0.03218200142378341
c09,0,0.2760336525073503,0.11774648219369462
c09,0,0.2728503261168658,0.0542845012674505
c09,0,0.6496119882590043,0.654942789274663
c09,0,0.42966694938091077,0.4313923101972973
c09,0,0.24709004371581367,0.1943324054318021
c09,0,0.31670088611555525,0.13588576006963118
c09,0,0.21153845877564295,0.10035006523713168
c09,0,0.2572851722764275,0.019570514983644816
c09,0,0.33056319712360477,0.0968340518697731
c09,0,0.26055676439443826,0.008680639247368943
c09,0,0.23477623042939255,0.023687582823284523
c09,0,0.24796487022075286,0.009080651476983396
c09,0,0.24053221569381572,0.006035962100030176
c09,0,0.2133458344572851,0.023074389434913415
c09,0,0.3564308155405393,0.40135726878432365
c09,0,0.22621632421778992,0.014692739325954302
c09,0,0.3047046854339408,0.029768673248267236
c09,0,0.3204142298416439,0.016077728622990735
c09,0,0.3109315700958451,0.15090822813880725
c09,0,0.2582692173918322,0.06933125918487856
c09,0,0.3112564972280123,0.03447250465053369
c09,0,0.2420805619905189,0.02907098026609446
c09,0,0.23160529053219334,0.007317452261390413
c09,0,0.2590518454474765,0.018528712269123976
c09,0,0.7001485263495193,0.23112105282328074
c09,0,0.7522517309952469,0.9317397521843869
c09,0,0.5317341132208041,0.8482638621906279
c09,0,0.4611528762703033,0.501511587312313
c09,0,0.2787381604654454,0.1356816003505108
c09,0,0.23963751085684823,0.6449279516159245
c09,0,0.38882325893889413,0.34406920018418574
c09,0,0.28889226311008603,0.04570111221796327
c09,0,0.2579719125969462,0.4041736551635789
c09,0,0.406751508264051,0.11826403454815375
c09,0,0.2865145959258191,0.08486436053596527
c09,0,0.3499762707065394,0.2959193732519601
c09,0,0.9013375481331545,0.3802050391412037
c09,0,0.4888101262778541,0.8238503058104547
c09,0,0.8415824155827822,0.5312748316094053
c09,0,0.8025855825278149,0.2751443804549558
c09,0,0.3861078650519883,0.19505069568329136
c09,0,0.36463000817711233,0.10744553463631762
c09,0,0.24883356241608884,0.04331759504008179
c09,0,0.29674429510560957,0.5666928236402659
c09,0,0.582347127430364,0.4165097230016685
c09,0,0.48919806062558,0.49435607989137004
c09,0,0.2668051919996987,0.1735719857049418
c09,0,0.32075785779625954,0.286625807528494
c09,0,0.21679759160057593,0.0762753363125406
c09,0,0.19988503177465233,0.002978227543395503
c09,0,0.2365973009901311,0.02385113696451057
c09,0,0.23561031423325582,0.02257542103592895
c09,0,0.2425588472430269,0.035978590762054646
c09,0,0.5609172939108951,0.4962930621685173
c09,0,0.8426435813047357,0.2282255115919224
c09,0,0.27991321656562673,0.027515059176308254
c09,0,0.2366402008177246,0.006049530702569386
c09,0,0.24049304515281458,0.010192894362973264
c09,0,0.24627304302796205,0.02174717140369916
c09,0,0.19620736985784015,0.011845518397560175
c09,0,0.19810561872657115,0.015352063847309333
c09,0,0.21620354777642423,0.2969245881858264
c09,0,0.33076251093138054,0.06575061650037127
c09,0,0.22916342538912285,0.015727174431677364
c09,0,0.23020792404857246,0.01095338649487633
c09,0,0.2060825320189926,0.0057792650026334555
c09,0,0.21061909168153758,0.03410019156890968
c09,0,0.19318185004524507,0.02106063790172521
c09,0,0.2513586050862206,0.018786072563850356
c09,0,0.21829970761910042,0.07551686466145459
c09,0,0.19820258371142496,0.018872617033184054
c09,0,0.2308503371050977,0.015458020933098986
c09,0,0.2513525138141373,0.05181703029504133
c09,0,0.2485836257911424,0.01182021021349217
c09,0,0.20456191431924495,0.006807487704240634
c09,0,0.19569307540060368,0.007834953356888377
c09,0,0.2200476524290957,0.03645499645422434
c09,0,0.21232921230591223,0.004112830630217885
c09,0,0.23436259689313585,0.019376754503302538
c09,0,0.2622780082642018,0.032192140303947216
c09,0,0.22873705598786817,0.003104695212177798
c09,0,0.24479483472053812,0.03594814513669763
c09,0,0.23441088408785438,0.01808187558758909
c09,0,0.2849734587925693,0.04578763917111299
c09,0,0.29638695130945214,0.05231302803019225
c09,0,0.2592697326425149,0.02760931121058317
c09,0,0.2371167309448984,0.017549958257507978
c09,0,0.20623500472666703,0.0034777251781995962
c09,0,0.21323149006909467,0.029068880392659337
c09,0,0.19610559446625053,0.011481285792190163
c09,0,0.23281451656345334,0.006735390450927467
c09,0,0.20833185213957425,0.017681245667050163
c09,0,0.22474333268646043,0.01065953579420776
c09,0,0.19858535713610945,0.005425470414330321
c09,0,0.2281378858009673,0.002965372599176606
c09,0,0.24959175833185296,0.020821940790391357
c09,0,0.6411851149753671,0.6909982145173655
c09,0,0.8793770678284065,0.5643802203909635
c09,0,0.5032777567785569,0.362205893205805
c09,0,0.2496537201399596,0.0956671505392149
c09,0,0.2504531459538209,0.018472131283114993
c09,0,0.34946446196659964,0.2151442807747308
c09,0,0.3496270106167243,0.13655360304147268
c09,0,0.3015798118523907,0.03359734981764845
c09,0,0.3396046225573256,0.10718115278452056
c09,0,0.3039856451009328,0.07509456413420519
c09,0,0.23036798488465124,0.014588615388002643
c09,0,0.2641146515261632,0.010145323427772697
c09,0,0.24329081231243188,0.018205205909681037
c09,0,0.2854608833680124,0.10620265837273703
c09,0,0.26095500332652116,0.020560852538290784
c09,0,0.2815618674562126,0.039355586623296857
c09,0,0.2542115437781383,0.0182605419770205
c09,0,0.22088214897149466,0.01738225362960007
c09,0,0.20463408689347387,0.014110483758069359
c09,0,0.2135220122380605,0.006943367171888167
c09,0,0.2919058875355111,0.028978654130251334
c09,0,0.22928254543418852,0.008573872604372115
c09,0,0.2639886413298364,0.01389278245390325
c09,0,0.2720362266965549,0.03076736898168183
c09,0,0.22475355718899495,0.015182313790097815
c09,0,0.28170309002570226,0.029791219679716437
c09,0,0.20459090520926224,0.008307206473479017
c09,0,0.25349861324735495,0.009738690221109942
c09,0,0.22413442700942354,0.023446137319696938
c09,0,0.2634562038584641,0.03343457768042332
c09,0,0.30368761687612145,0.0543416143987402
c09,0,0.2570392330851503,0.008917159572419307
c09,0,0.21783859348166768,0.07766871758709361
c09,0,0.3058264334693092,0.06003076155993805
c09,0,0.3084861448675519,0.1504116130848296
c09,0,0.2831594492886317,0.029770524569712152
c09,0,0.21025373382380746,0.02738137878792528
c09,0,0.25504058086019227,0.018991101001628888
c09,0,0.3182348180714225,0.10843720142276196
c09,0,0.4463928249498617,0.2610621110407754
c09,0,0.3318792166881496,0.2937688962522322
c09,0,0.4089010222230966,0.3105936067804969
c09,0,0.23293235947274876,0.03564077393325801
c09,0,0.3056517948252068,0.31393764125158163
c09,0,0.42775461682222843,0.09055380177351573
c09,0,0.47804483957518246,0.4320243915941916
c09,0,0.25881768359020174,0.025384986728579386
c09,0,0.2963331533816314,0.20214490472746374
c09,0,0.7356044552629418,0.42697908264909407
c09,0,0.46972983571675003,0.1040027391688777
c09,0,0.31665387552954105,0.11548402049475484
c09,0,0.21499797701866025,0.030087953308432048
c09,0,0.2635552762047476,0.04215616247329782
c09,0,0.24513308423933863,0.0171238603229685
c09,0,0.2866010653308881,0.08521167602353967
c09,0,0.26308455853902385,0.08217743230333523
c09,0,0.26673312359794604,0.012595317117040946
c09,0,0.3845055681042462,0.17028682589539956
c09,0,0.24420413506394117,0.01869113066981851
c09,0,0.283516352059792,0.025020419970438638
c09,0,0.22696365588646655,0.08255306227905868
c09,0,0.24770267798821496,0.008791443356851622
c09,0,0.26237838997706475,0.010474165323920813
c09,0,0.24741784732173994,0.005051438488164734
c09,0,0.24683155181102504,0.011816601302997724
c09,0,0.24272139206469381,0.027730030721836416
c09,0,0.22757892951646388,0.007500811010452998
c09,0,0.23695486577769728,0.016379990028274283
c09,0,0.2530014311507666,0.008838618156455208
c09,0,0.2603631167184036,0.018729108411695308
c09,0,0.2458416047973515,0.03409757270126363
c09,0,0.20096986683677892,0.01369003030561455
c09,0,0.21061708032075668,0.02925652012823554
c09,0,0.21262075913323367,0.005991115921784578
c09,0,0.22016683489467664,0.008432380067317311
c09,0,0.20174658264546252,0.01555840957365097
c09,0,0.21687174835643247,0.017701971394133986
c09,0,0.27317035390878813,0.0326812252457223
c09,0,0.21389086940024057,0.015615604636580778
c09,0,0.2656607406067912,0.02424431203245452
c09,0,0.22613616326997443,0.021107093216066294
c09,0,0.23065645365484358,0.005838724211578781
c09,0,0.24815886310889979,0.015296690395199266
c09,0,0.2720431622899626,0.0444772103880585
c09,0,0.3020115246957787,0.09393354003323556
c09,0,0.18519504559746164,0.04966020947160676
c09,0,0.2372394964487939,0.0070856923494599725
c09,0,0.22454656072090257,0.0046415818505888716
c09,0,0.24241289185696446,0.0068488696671246945
c09,0,0.24230367769031824,0.007981900327601783
c09,0,0.251695932761922,0.01947864179164698
c09,0,0.25155716972994613,0.0691298344306956
c09,0,0.2321875116435126,0.29610542001327583
c09,0,0.2687370812206607,0.047293729999220095
c09,0,0.25394703566623533,0.013657908046462297
c09,0,0.22425823061498415,0.013186682483960582
c09,0,0.2513967947868455,0.009442091133787892
c09,0,0.25621992232731483,0.008495787159692566
c09,0,0.24011952393320418,0.006261280983038988
c09,0,0.24625807881912168,0.015261774302023917
c09,0,0.3048482301247092,0.07122821170754208
c09,0,0.5029941071946987,0.7008758216736768
c09,0,0.46980950218531337,0.6009091058856726
c09,0,0.5750862787988626,0.9126246943653523
c09,0,0.2997695256454917,0.04299824223261593
c09,0,0.3399818036997569,0.16388564357072338
c09,0,0.3240838760105661,0.1197907246492023
c09,0,0.3104667098900021,0.2661155105904817
c09,0,0.47802960997057575,0.8212554174915556
c09,0,0.7697792390667018,0.5808478585002681
c09,0,0.4371949361099003,0.3286599911407435
c09,0,0.308823074108667,0.22481950137425047
c09,0,0.33601998017968504,0.10613643760891071
c09,0,0.27709999437914024,0.1794332076074966
c09,0,0.27964254407734956,0.06638329983799372
c09,0,0.2336792934050856,0.05982268067589419
c09,0,0.28936845456539456,0.6855679008586614
c09,0,0.2738077465754599,0.17185174705545753
c09,0,0.29714958804092423,0.15226251141800157
c09,0,0.2714566648569178,0.12205545094950221
c09,0,0.39354810036364346,0.49026719859786017
c09,0,0.38978155820088745,0.7132221707009369
c09,0,0.3169812720555462,0.16541148308435835
c09,0,0.35672635931236973,0.5459629497203554
c09,0,0.40542496936063654,0.5042002001622735
c09,0,0.2599496062327805,0.12634958222859335
c09,0,0.32840587230420165,0.6658634515852555
c09,0,0.35399317994927476,0.7574873030755614
c09,0,0.32682445221021017,0.5635316393518295
c09,0,0.5500049546774249,0.8733291219232291
c09,0,0.8794424142407883,0.5717455485608667
c09,0,0.3115930098781369,0.5115114590246633
c09,0,0.2856644661267116,0.5485819320508221
c09,0,0.36830852577334305,0.7153992594852697
c09,0,0.39566304207054753,0.5550988858566547
c09,0,0.29575258520612674,0.49378054221387463
c09,0,0.29411678340278924,0.177420174462262
c09,0,0.2638779076956833,0.2007280435823282
c09,0,0.3137545198895685,0.4548852757961702
c09,0,0.299249291853944,0.39484235965528897
c09,0,0.2479571599194531,0.13504715140354898
c09,0,0.26538674358711845,0.14768564723340194
c09,0,0.3446353521626475,0.315998579059207
c09,0,0.2806991875125761,0.5035230907049835
c09,0,0.2867917564093749,0.1784372631504834
c09,0,0.34483789118944497,0.7028632118846466
c09,0,0.2990492792384736,0.29831934970245694
c09,0,0.2857504220584997,0.26006257551745365
c09,0,0.2977315374032431,0.1297909510964833
c09,0,0.3132422734402159,0.4087306150127603
c09,0,0.304533703521855,0.12895371578701403
c09,0,0.35217415356507364,0.38037649937688334
c09,0,0.2220823820184938,0.17733174642450641
c09,0,0.2727269476337663,0.11069752876895703
c09,0,0.29582185331452837,0.19756709429483604
c09,0,0.2436676983085114,0.27593581910397946
c09,0,0.26904370431952457,0.27548038233285144
c09,0,0.3294334611358114,0.4161509703157292
c09,0,0.26625672382273247,0.4856309004130691
c09,0,0.2716745112125557,0.23721540714280998
c09,0,0.2550265196902807,0.2509894767545236
c09,0,0.2946687601490446,0.1563607057408481
c09,0,0.26491117615729715,0.4015852328059165
c09,0,0.30624283018125276,0.4849446444707118
c09,0,0.2881966762389049,0.3298892434956347
c09,0,0.29725732858336645,0.21995544558625993
c09,0,0.29659122202085936,0.42147852787058565
c09,0,0.23085422707432468,0.3795408992057544
c09,0,0.3173594470200833,0.13001482585625884
c09,0,0.31879436256035387,0.35140820710268933
c09,0,0.356982250467111,0.49390000824713587
c09,0,0.27444756679150994,0.5018755081851805
c09,0,0.25156531450444813,0.16992304409961093
c09,0,0.76880033441883,0.30747435409178103
c09,0,0.4607761837555601,0.6428215974255259
c09,0,0.41139615076853014,0.309073829864618
c09,0,0.4039493279282592,0.20550613660891068
c09,0,0.25325060902599045,0.007515680583492739
c09,0,0.26134698496685443,0.006735177506277839
c09,0,0.3223723497565259,0.586153292855221
c09,0,0.3834963201238004,0.29883366563974734
c09,0,0.8950004168645271,0.3465362032110175
c09,0,0.26167038091459227,0.006204794298613535
c09,0,0.26999511797447956,0.01922115404182005
c09,0,0.22114595498690467,0.012838683825786207
c09,0,0.7419064267173741,0.17501642064853293
c09,0,0.8693417374929742,0.6330877637810941
c09,0,0.2725144849898347,0.44435672107259605
c09,0,0.3726972532189613,0.23776112367714167
c09,0,0.757453800398131,0.9235084926067201
c09,0,0.39582931982888153,0.4605486978925972
c09,0,0.27665120026593176,0.39719167480801243
c09,0,0.30805412908174545,0.028249840151667635
c09,0,0.7608369489900892,0.44859336661281635
c09,0,0.2843288622692147,0.09331224568267006
c09,0,0.28079700968638643,0.18126138297687786
c09,0,0.8666024618246496,0.7119567029185346
c09,0,0.3301935726637856,0.39717507165279226
c09,0,0.5949906901365933,0.827121509039676
c09,0,0.32725805627427806,0.3681699711647049
c10,0,0.5656380168494863,0.4167948402433628
c10,0,0.7983323991377378,0.008205195643058247
c10,0,0.4199569110618996,0.10185681813554584
c10,0,0.8571599264698582,0.011399607193090109
c10,0,0.7677800220445846,0.003315403781125679
c10,0,0.28612516865656057,0.059982628281635544
c10,0,0.021322594839284035,0.027643585827781647
c10,0,0.6368317465025277,0.6687637310937077
c10,0,0.4734018585115299,0.30058966950448585
c10,0,0.49173655870806265,0.31165983202093844
c10,0,0.5685500223015642,0.6293584175422081
c10,0,0.5271996817953245,0.5720620790549091
c10,0,0.47148878516505516,0.27456809622141526
c10,0,0.3492725957527479,0.6781650680074761
c10,0,0.5617923621675798,0.24429093234922714
c10,0,0.28479838133078283,0.0415127484777112
c10,0,0.6862539879897511,0.47676189020660803
c10,0,0.3886162545791232,0.04618109513079439
c10,0,0.30247893635082074,0.08730107231067477
c10,0,0.3291187961240593,0.16941676504583314
c10,0,0.2787224052440261,0.07992724425963371
c10,0,0.4729365643599146,0.6425259475578944
c10,0,0.3583987152677787,0.24407099416772055
c10,0,0.4543278094051887,0.4652807168890532
c10,0,0.4163868106067492,0.6309365479060624
c10,0,0.3506262906969806,0.06916052436625598
c10,0,0.4060094509221535,0.5613556972987638
c10,0,0.7317948211149092,0.6567819550534856
c10,0,0.704733626780749,0.30546941562961377
c10,0,0.3243653937421058,0.31582791604518257
c10,0,0.46944434223569304,0.5907482265097613
c10,0,0.27128062802049757,0.04775223224668393
c10,0,0.27090372227921233,0.10261770318220328
c10,0,0.2045246751082787,0.15293149260441444
c10,0,0.2684352362678131,0.048701079699362076
c10,0,0.39964144772552523,0.032270521089948635
c10,0,0.5695915860506571,0.21326399425777523
c10,0,0.30608449073200883,0.03596555388987251
c10,0,0.23878524424302416,0.10667424678502319
c10,0,0.264941516505043,0.34735824911079904
c10,0,0.3185641564523757,0.3735919039571753
c10,0,0.3366347967695729,0.37865656277891613
c10,0,0.2733739521686497,0.09082973250659206
c10,0,0.3270549857678369,0.3468058915760053
c10,0,0.27528961352810855,0.08203948328152066
c10,0,0.26124345890140843,0.11607905214568913
c10,0,0.29111937598721627,0.036282713182206515
c10,0,0.26729053118112794,0.0552993783720573
c10,0,0.2084913067649273,0.016462658101381446
c10,0,0.2491942775342089,0.05000456804161638
c10,0,0.27739580919306045,0.0906128951451356
c10,0,0.2796535745236864,0.08970020310380084
c10,0,0.21294497207834415,0.14840414212591863
c10,0,0.2941994594146646,0.019616583961789433
c10,0,0.251662634778534,0.03699950191598883
c10,0,0.21766735083474026,0.04571885369051374
c10,0,0.19414292435243272,0.053118202317595564
c10,0,0.3374421271487327,0.39730420818016277
c10,0,0.24442349285555276,0.01972539096930426
c10,0,0.2547223705060608,0.2869356090815807
c10,0,0.23072267603086324,0.09429425061770728
c10,0,0.2760522060478621,0.10586576318171671
c10,0,0.23803428011984337,0.01967832915606403
c10,0,0.20907302453441565,0.06658393862839605
c10,0,0.22846988737826338,0.2609799564996225
c10,0,0.23177266082335635,0.07406658073692034
c10,0,0.2738285517076456,0.10246593557510758
c10,0,0.6615440187371259,0.14038515171908195
c10,0,0.770248204366494,0.35500745666457323
c10,0,0.6161592963966073,0.5909016931446296
c10,0,0.2777271353139878,0.18655006180258765
c10,0,0.30569836106636894,0.26374120532365597
c10,0,0.284393190001422,0.08048146073130265
c10,0,0.2637407916786076,0.08054509832242439
c10,0,0.2915290999452481,0.05698240541794326
c10,0,0.2454582418877414,0.0485996805874747
c10,0,0.26428327683077735,0.03194263770558236
c10,0,0.3075809816355375,0.13687523613460686
c10,0,0.3106395688872538,0.05999324503567127
c10,0,0.27761700238289233,0.029516009315594064
c10,0,0.2700395045264047,0.06619375059534684
c10,0,0.27271074331039463,0.3530144536167123
c10,0,0.26693118208470823,0.044082144205518904
c10,0,0.24707062720604103,0.05771753009232685
c10,0,0.20306941479507115,0.03918512095047517
c10,0,0.24214048523037626,0.1338524967641157
c10,0,0.868552787316723,0.5568848368482558
c10,0,0.6654402962935692,0.46133280350279227
c10,0,0.6765864154892467,0.47145826126524515
c10,0,0.8047156965579632,0.4432617553645871
c10,0,0.8159347270556293,0.5105495026219486
c10,0,0.6177622199309291,0.9314727047500596
c10,0,0.17775858575777698,0.06405181084587258
c10,0,0.7100372113733933,0.21417167074462917
c10,0,0.6292775157219567,0.0969242279443126
c10,0,0.21663786721933742,0.0412231755733765
c10,0,0.15763591240159622,0.019383412758456356
c10,0,0.5300000187242613,0.21669802006130764
c10,0,0.5955580349019614,0.21676940322801472
c10,0,0.2877243404397189,0.039677555216615576
c10,0,0.3642205259972257,0.022800477426900074
c10,0,0.291622321624296,0.07701624456168221
c10,0,0.19501337246680017,0.04746700018439997
c10,0,0.5043082823635748,0.13186654286010976
c10,0,0.3989743023873669,0.5636588588673397
c10,0,0.9219962326640937,0.49442947374424356
c10,0,0.7223705633047758,0.5757559913215201
c10,0,0.31938587949661706,0.038269968087924634
c10,0,0.4184365319946924,0.21974231250559642
c10,0,0.24191292352613428,0.21323425017328043
c10,0,0.3724107796734057,0.4377024270040674
c10,0,0.6020605395127189,0.44299866295223406
c10,0,0.3664943154798525,0.3833182419822473
c10,0,0.24453638312145362,0.17007432869573064
c10,0,0.19441943391020391,0.11530027258132343
c10,0,0.4218832065270228,0.0455872787094035
c10,0,0.2841854278429483,0.34897351105104757
c10,0,0.21827974940655817,0.0372174659726214
c10,0,0.1769490026027328,0.10977578238765914
c10,0,0.1356650539202698,0.03475656293301658
c10,0,0.1390636695593958,0.050864693306371264
c10,0,0.26206330278528517,0.2407757171947338
c10,0,0.43936721944437707,0.13823481374850816
c10,0,0.2033856062330472,0.08551070780018394
c10,0,0.17228641322845603,0.06307164660962672
c10,0,0.2001695514522866,0.042068576819970685
c10,0,0.18578280020543605,0.0412251129760582
c10,0,0.20789123685278746,0.09004261556575922
c10,0,0.20335215363984577,0.07973846594150184
c10,0,0.2000352762771996,0.05891822332409916
c10,0,0.2442492666823384,0.051338699416381944
c10,0,0.18035213065905342,0.1563013553300184
c10,0,0.24526183325572695,0.1859513732826682
c10,0,0.30866517434783186,0.1548740214454394
c10,0,0.14106227543467456,0.08100203641418217
c10,0,0.2079829647557582,0.1542963424379833
c10,0,0.21587681625993424,0.31879813190895384
c10,0,0.18444367879416723,0.04866222681133791
c10,0,0.1803192740621933,0.13580680479894064
c10,0,0.18550999359223153,0.08613449175661593
c10,0,0.13329668113303425,0.056877528797078324
c10,0,0.14930792284060956,0.06351682708830056
c10,0,0.1805253791279014,0.07823632736897336
c10,0,0.8649550058096669,0.1874048393214498
c10,0,0.784142846128336,0.7549493661708236
c10,0,0.6196276416224332,0.036667974752994686
c10,0,0.6828893639705098,0.557455164864513
c10,0,0.1834286173283506,0.03233533991709062
c10,0,0.1745170792606919,0.033006611954586575
c10,0,0.1613860910475307,0.11341160941797826
c10,0,0.2843399502048793,0.14603138065680377
c10,0,0.22720843898193635,0.09129758610641897
c10,0,0.20870210435971728,0.06276763421463394
c10,0,0.12071751841866028,0.07016083362815909
c10,0,0.16346335748716237,0.0640729265716871
c10,0,0.24686599824619937,0.1281176742081748
c10,0,0.14382467927799175,0.11575327381851097
c10,0,0.1602119064364687,0.06168019402851055
c10,0,0.15308365566523147,0.05090433672220799
c10,0,0.09167749792041859,0.020622363400831494
c10,0,0.5723651553618246,0.5777692060576638
c10,0,0.33232990605587565,0.013939407930311561
c10,0,0.22650458687552352,0.049059595796972146
c10,0,0.22373588983190143,0.10413384104055258
c10,0,0.20695124808845744,0.05058414985562999
c10,0,0.13482450698427656,0.03548250135133077
c10,0,0.19916004263548828,0.08803832114638963
c10,0,0.18037885055801214,0.06413104518216735
c10,0,0.1476848630234002,0.04973794897893005
c10,0,0.15658535113074024,0.08131939517575917
c10,0,0.16668871416403944,0.1466513251167812
c10,0,0.13997803289784966,0.06508288715817269
c10,0,0.17552253067813037,0.07758891864797825
c10,0,0.14190185333292782,0.07084113596435579
c10,0,0.38918289295956393,0.3671760700592372
c10,0,0.8616119988785559,0.6070982698679196
c10,0,0.9295686794587017,0.8452378867578361
c10,0,0.17830406252018333,0.04390532957977063
c10,0,0.2274670359104708,0.09244096693240632
c10,0,0.14818006567330627,0.06556333689064721
c10,0,0.40221337008948993,0.44675095420655764
c10,0,0.23395202665114417,0.044449474458636076
c10,0,0.20954146678881613,0.031370539992409005
c10,0,0.1513033840608549,0.05458202408083422
c10,0,0.18302567606402714,0.07256398393829475
c10,0,0.19929634041267932,0.10804819328721535
c10,0,0.22174287398513737,0.06456505840283908
c10,0,0.15345492404815003,0.05385489889011741
c10,0,0.14966731956599807,0.028067978671216375
c10,0,0.1572982243431097,0.015800986697301
c10,0,0.7335430955939909,0.4707674922291198
c10,0,0.8517389595470601,0.7852300993390621
c10,0,0.9620140617612336,0.7938811573898691
c10,0,0.5867993013802584,0.18615998776880055
c10,0,0.3089139622089936,0.02760481019415704
c10,0,0.15586648761122357,0.05794121058569872
c10,0,0.14114938923308895,0.03409290113162624
c10,0,0.1693614520426164,0.03422718188158295
c10,0,0.23683002319231766,0.05261693786746722
c10,0,0.19290122464408407,0.05967386858091355
c10,0,0.21974252754728318,0.04729766385621039
c10,0,0.1927231444511854,0.04315879472605534
c10,0,0.301654999941192,0.03310342540100345
c10,0,0.24240969066949578,0.18462616793663317
c10,0,0.17945675904290045,0.06251858132737155
c10,0,0.18560201731005166,0.037581490309959414
c10,0,0.8263175391827127,0.619131435019914
c10,0,0.9244125501674575,0.8610343757580163
c10,0,0.2652181065229344,0.05135964664442231
c10,0,0.31721140925608377,0.15589177647930724
c10,0,0.23733015085938242,0.1148914134141396
c10,0,0.6504687154090453,0.1756812668633942
c10,0,0.2536540335142549,0.02679332234385334
c10,0,0.46537546439704897,0.43583011969331825
c10,0,0.305016102494887,0.2824259493048095
c10,0,0.7607216172897706,0.6605482195413643
c10,0,0.4405532604767375,0.17440948433130496
c10,0,0.520473666296186,0.5110740600073199
c10,0,0.43288772272096115,0.534319441258422
c10,0,0.2722685121539198,0.2847506034255918
c10,0,0.37214858495359204,0.4464555710453846
c10,0,0.6545860893332098,0.7027007779932708
c10,0,0.22674668635967524,0.08412579931476097
c10,0,0.8373295922992273,0.49343177662063026
c10,0,0.47238178540701187,0.5371073551257414
c10,0,0.41145835276220516,0.31254340295694605
c10,0,0.2338610838741318,0.04975683949342281
c10,0,0.27097681017634706,0.1893801306299725
c10,0,0.4143578007238042,0.7552325659805751
c10,0,0.7097135354898714,0.41547568609970287
c10,0,0.7891047609791063,0.3180475384675898
c10,0,0.9591263648825218,0.6958271075779192
c10,0,0.35594668645984073,0.3098962566942782
c10,0,0.39864454902003504,0.025468488955063356
c10,0,0.5336329209901746,0.0689798909002624
c10,0,0.41951130617864923,0.03239434923686183
c10,0,0.4313905281946113,0.03320304604302809
c10,0,0.3965221376772848,0.06615765009674898
c10,0,0.36623400787791544,0.15965135319334936
c10,0,0.34626477679562584,0.03176097762322962
c10,0,0.31804656964304057,0.3839814944542663
c10,0,0.3720495937676747,0.19071820187647304
c10,0,0.2304305893233758,0.09358478492074189
c10,0,0.7020952753339086,0.7173551931899969
c10,0,0.2644793080054218,0.10965701540983941
c10,0,0.28695897378070573,0.13277837469440365
c10,0,0.2818766323767092,0.10410391375719234
c10,0,0.23428431845582515,0.050190535190780865
c10,0,0.43310386357470204,0.16916122842619902
c10,0,0.2952356992745981,0.08854313869113364
c10,0,0.42423059509747424,0.32367698673393674
c10,0,0.37023490249773144,0.09643061172461755
c10,0,0.30752812689917447,0.08633468580537808
c10,1,0.4778044916517528,0.22105877364750387
c10,0,0.28659401261019635,0.09223701061829924
c10,0,0.2054429349270618,0.05706727101456162
c10,0,0.20455663484595052,0.05094320127392806
c10,0,0.36119321287488815,0.06121352531643682
c10,0,0.36564805079362994,0.11104450629955037
c10,0,0.3619161192031745,0.3036925299265745
c10,0,0.3395158802882936,0.29239603168432227
c10,0,0.3795149480443766,0.25895242934096774
c10,0,0.22728352561839335,0.07102463982227246
c10,0,0.2572434855649533,0.2620733952974013
c10,0,0.2559394750704558,0.03869802205343075
c10,0,0.455953334360825,0.9191266843063859
c10,0,0.37180414421475244,0.3086566814661911
c10,0,0.32237238016296055,0.12930096157987808
c10,0,0.2926046683171426,0.08482074052627456
c10,0,0.40159710499140566,0.14318505324659772
c10,0,0.2720832617520589,0.041997533497739985
c10,0,0.3316742292155074,0.24733037125472598
c10,0,0.3030134879996409,0.24623959446439478
c10,0,0.3871100291710997,0.3681739528555141
c10,0,0.3692364896160725,0.13452167159361028
c10,0,0.2863441516336062,0.1483506020779527
c10,0,0.3404808762680781,0.1761015617783512
c10,0,0.28257171623796784,0.19499319352519032
c10,0,0.3811619682383381,0.07254406572119175
c10,0,0.9534656716311409,0.5848814347842692
c10,0,0.6994913426413036,0.4764667797176635
c10,0,0.5538813634111364,0.17589697608760202
c10,0,0.6866866409577433,0.30969435457766864
c10,0,0.2603577675164355,0.08372249461531875
c10,0,0.4959613525436319,0.39455439847601276
c10,0,0.6558169831931102,0.7824469619198459
c10,0,0.3385294413506679,0.013741506924675158
c10,0,0.3301986565851666,0.05125805790501683
c10,0,0.3504883243970773,0.08854421258598257
c10,0,0.3189823030161113,0.24122243184850667
c10,0,0.3581100817561907,0.08642911284404171
c10,0,0.28242691437557,0.03841403335326419
c10,0,0.2637681120220598,0.030202468898397353
c10,0,0.44452343246539117,0.3141107760320679
c10,0,0.33975281107119404,0.10044926149010128
c10,0,0.35748964723238014,0.22590102628529943
c10,0,0.24966247377151704,0.04226927738025326
c10,0,0.25542530853483936,0.23460061025563522
c10,0,0.2593610167163052,0.045969126624056
c10,0,0.342044882425957,0.05424290563153597
c10,0,0.2686375094083794,0.08578842012664199
c10,0,0.3425973172743123,0.027265136612344715
c10,0,0.44350683559261667,0.5832098517445401
c10,0,0.3268385676596667,0.04886916099677359
c10,0,0.3681195710676658,0.245754776257029
c10,0,0.33672183703746994,0.15195891272634687
c10,0,0.2780943040101211,0.10057726304374717
c10,0,0.23057601527891533,0.04023974454590601
c10,0,0.31592199475051064,0.05101856630556862
c10,0,0.4121808931499477,0.4061025618918394
c10,0,0.3106426430435976,0.031349159354394064
c10,0,0.8861354128826495,0.8291198833654057
c10,0,0.683328569599376,0.3693519419620792
c10,0,0.22020103808310815,0.07212254720542507
c10,0,0.19087239500322542,0.0764396935705533
c10,0,0.34509944613451426,0.037652110993048625
c10,0,0.27664175497832216,0.23338890614419575
c10,0,0.3007507328634294,0.2059176869864782
c10,0,0.8053900327593148,0.5139994573502575
c10,0,0.12328670394799345,0.05540366292692238
c10,0,0.1689025734063969,0.036048492231183615
c10,0,0.33649826996194004,0.3443274681962132
c10,0,0.8159767922844102,0.6763669344125561
c10,0,0.37573776433421296,0.17254022816988857
c10,0,0.5395466298104928,0.5206081553185559
c10,0,0.17803992601850496,0.03723183348733295
c10,0,0.16846480633246688,0.0659880204205447
c10,0,0.9046992109501127,0.424168331766918
c10,0,0.7576226075631728,0.710907495530144
c10,0,0.19441832148122254,0.07530042114877195
c10,0,0.3777250305339585,0.35202444402183075
c10,0,0.7118257102200491,0.32208957000831573
c10,0,0.6059135849295899,0.6976807397915775
c10,0,0.33159729284439804,0.30974916043848294
c10,0,0.29139515427684987,0.191094297485447
c10,0,0.8738896752175808,0.7997857621247022
c10,0,0.6998669354387008,0.8339115870109892
c10,0,0.8929352333738488,0.45805302103385775
c10,0,0.2956438979365488,0.024489934774785664
c10,0,0.4136006839078049,0.38144534305059713
c10,0,0.23109869488150542,0.04003653481072071
c10,0,0.49123698071912475,0.5241735102149673
c10,0,0.9084019437078622,0.48440657303488127
c10,0,0.7373757730139027,0.8705356854651151
c10,0,0.3549143549356527,0.05275696692424673
c10,0,0.41725795548526573,0.19491029687112205
c10,0,0.39351484919643603,0.033835133365472926
c10,0,0.5124134524673488,0.7866574089939761
c10,0,0.47014941431466295,0.6872597264352274
c10,0,0.4296133695163486,0.19797796570529003
c10,0,0.43700432825930124,0.6128731141293706
c10,0,0.3582202815463895,0.11674699563759375
c10,0,0.5479584913432496,0.455131104817234
c10,0,0.410373330411596,0.03703834070213622
c10,0,0.4039842076922724,0.26762111505722896
c10,0,0.4063670537977053,0.3480097612719835
c10,0,0.4300980571110417,0.24218223308440567
c10,0,0.4062467390614365,0.5485333671124304
c10,0,0.41561068377914434,0.7006630925342251
c10,0,0.49234869105891066,0.1679300029264511
c10,0,0.29626041290198674,0.032712047820551406
c10,0,0.24340974805909096,0.07059859420091168
c10,0,0.3993060855386057,0.19140243889662378
c10,0,0.3434171886314985,0.2288376608065164
c10,0,0.40189163335713346,0.09404841027074105
c10,0,0.3176135550589846,0.06528253074791639
c10,0,0.40916757294027156,0.1509125790549722
c10,0,0.3803332359299128,0.06273602552037223
c10,0,0.313870314314102,0.10942496622382619
c10,0,0.4106910005885167,0.5976694911917816
c10,0,0.32400796643905644,0.09647358270885965
c10,0,0.30109769327221797,0.010265997052144111
c10,0,0.1744550947935721,0.0476957100000722
c10,0,0.17829543534409942,0.0791311242536523
c10,0,0.21454210208378457,0.07043106084732333
c10,0,0.719509816424944,0.6543537370093686
c10,0,0.44008762558598713,0.6225635455230742
c10,0,0.3509709337398706,0.11739700466932992
c10,0,0.21480397132019002,0.060469746132382214
c10,0,0.3097407137486779,0.4743390541371409
c10,0,0.28389268554942787,0.06101622869175548
c10,0,0.2651360206597747,0.017824805352286865
c10,0,0.305688608953878,0.1304208614627699
c10,0,0.3093843618106347,0.31940861059607195
c10,0,0.25788141615914967,0.10294526419729143
c10,0,0.36158508967552705,0.2471757104205072
c10,0,0.30487496650148643,0.04780766779870657
c10,0,0.3115844155365148,0.10307388717643348
c10,0,0.23017358538512644,0.1529600964266724
c10,0,0.26385724620156753,0.08576255635000403
c10,0,0.5942736370112432,0.8300908693134582
c10,0,0.34346945979602844,0.021604704751548662
c10,0,0.41687297135511425,0.08313195082711641
c10,0,0.2677556976305183,0.15288734772864424
c10,0,0.3064036233875648,0.12284094994796636
c10,0,0.43876763529799784,0.11466364439548751
c10,0,0.24743894100032157,0.06643292638987822
c10,0,0.31443345408418444,0.008746685662319094
c10,0,0.36165449821669926,0.023490785038768777
c10,0,0.23007074519172183,0.20875052015052542
c10,0,0.5046095936533331,0.34896564667896324
c10,0,0.365736011181155,0.6431359691804897
c10,0,0.27828369296672845,0.03631831559753687
c10,0,0.3541300556474953,0.41721394314480215
c10,0,0.8455595998252562,0.5930061811200991
c10,0,0.20393338957160156,0.08330552307814126
c10,0,0.22785492739637678,0.4975094180774368
c10,0,0.2794391377762586,0.08485638640001839
c10,0,0.24002641184370332,0.14571154254641056
c10,0,0.8893123817442501,0.8281511803533189
c10,0,0.22770793398751277,0.03894779475858005
c10,0,0.4108692001031878,0.7280935866798051
c10,0,0.40953981740002166,0.44882492907427646
c10,0,0.6007801056851464,0.7372663635938937
c10,0,0.6820642605414194,0.416553342386203
c10,0,0.20438339017262713,0.07810655784527745
c10,0,0.22279134362767541,0.18491770990263978
c10,0,0.25721309490602123,0.25326703366845915
c10,0,0.3298226615819918,0.3409445244580078
c10,0,0.46974471755360936,0.37459768994076076
c10,0,0.9146797826806967,0.4818505296111608
c10,0,0.6433680229211193,0.48084034776505086
c10,0,0.690929201590833,0.8929998084285354
c10,0,0.4251211858876404,0.25688556621621106
c10,0,0.3976244683436531,0.05162970584810825
c10,0,0.5409408440254044,0.6167754471978725
