pdb_id,chain,seq_index,pdb_resseq,aa3,label,ligand
1C50,A,0,13,ILE,0,CHI
1C50,A,1,14,SER,0,CHI
1C50,A,2,15,VAL,0,CHI
1C50,A,3,16,ARG,0,CHI
1C50,A,4,17,GLY,0,CHI
1C50,A,5,18,LEU,0,CHI
1C50,A,6,19,ALA,0,CHI
1C50,A,7,20,GLY,0,CHI
1C50,A,8,21,VAL,0,CHI
1C50,A,9,22,GLU,0,CHI
1C50,A,10,23,ASN,0,CHI
1C50,A,11,24,VAL,0,CHI
1C50,A,12,25,THR,0,CHI
1C50,A,13,26,GLU,0,CHI
1C50,A,14,27,LEU,0,CHI
1C50,A,15,28,LYS,0,CHI
1C50,A,16,29,LYS,0,CHI
1C50,A,17,30,ASN,0,CHI
1C50,A,18,31,PHE,0,CHI
1C50,A,19,32,ASN,0,CHI
1C50,A,20,33,ARG,0,CHI
1C50,A,21,34,HIS,0,CHI
1C50,A,22,35,LEU,0,CHI
1C50,A,23,36,HIS,0,CHI
1C50,A,24,37,PHE,0,CHI
1C50,A,25,38,THR,0,CHI
1C50,A,26,39,LEU,0,CHI
1C50,A,27,40,VAL,0,CHI
1C50,A,28,41,LYS,0,CHI
1C50,A,29,42,ASP,0,CHI
1C50,A,30,43,ARG,0,CHI
1C50,A,31,44,ASN,0,CHI
1C50,A,32,45,VAL,0,CHI
1C50,A,33,46,ALA,0,CHI
1C50,A,34,47,THR,0,CHI
1C50,A,35,48,PRO,0,CHI
1C50,A,36,49,ARG,0,CHI
1C50,A,37,50,ASP,0,CHI
1C50,A,38,51,TYR,0,CHI
1C50,A,39,52,TYR,0,CHI
1C50,A,40,53,PHE,0,CHI
1C50,A,41,54,ALA,0,CHI
1C50,A,42,55,LEU,0,CHI
1C50,A,43,56,ALA,0,CHI
1C50,A,44,57,HIS,0,CHI
1C50,A,45,58,THR,0,CHI
1C50,A,46,59,VAL,0,CHI
1C50,A,47,60,ARG,1,CHI
1C50,A,48,61,ASP,0,CHI
1C50,A,49,62,HIS,0,CHI
1C50,A,50,63,LEU,1,CHI
1C50,A,51,64,VAL,1,CHI
1C50,A,52,65,GLY,0,CHI
1C50,A,53,66,ARG,0,CHI
1C50,A,54,67,TRP,1,CHI
1C50,A,55,68,ILE,0,CHI
1C50,A,56,69,ARG,0,CHI
1C50,A,57,70,THR,0,CHI
1C50,A,58,71,GLN,0,CHI
1C50,A,59,72,GLN,0,CHI
1C50,A,60,73,HIS,0,CHI
1C50,A,61,74,TYR,0,CHI
1C50,A,62,75,TYR,0,CHI
1C50,A,63,76,GLU,0,CHI
1C50,A,64,77,LYS,0,CHI
1C50,A,65,78,ASP,0,CHI
1C50,A,66,79,PRO,0,CHI
1C50,A,67,80,LYS,0,CHI
1C50,A,68,81,ARG,0,CHI
1C50,A,69,82,ILE,0,CHI
1C50,A,70,83,TYR,0,CHI
1C50,A,71,84,TYR,0,CHI
1C50,A,72,85,LEU,0,CHI
1C50,A,73,86,SER,0,CHI
1C50,A,74,87,LEU,0,CHI
1C50,A,75,88,GLU,0,CHI
1C50,A,76,89,PHE,0,CHI
1C50,A,77,90,TYR,0,CHI
1C50,A,78,91,MET,0,CHI
1C50,A,79,92,GLY,0,CHI
1C50,A,80,93,ARG,0,CHI
1C50,A,81,94,THR,0,CHI
1C50,A,82,95,LEU,0,CHI
1C50,A,83,96,GLN,0,CHI
1C50,A,84,97,ASN,0,CHI
1C50,A,85,98,THR,0,CHI
1C50,A,86,99,MET,0,CHI
1C50,A,87,100,VAL,0,CHI
1C50,A,88,101,ASN,0,CHI
1C50,A,89,102,LEU,0,CHI
1C50,A,90,103,ALA,0,CHI
1C50,A,91,104,LEU,0,CHI
1C50,A,92,105,GLU,0,CHI
1C50,A,93,106,ASN,0,CHI
1C50,A,94,107,ALA,0,CHI
1C50,A,95,108,CYS,0,CHI
1C50,A,96,109,ASP,0,CHI
1C50,A,97,110,GLU,0,CHI
1C50,A,98,111,ALA,0,CHI
1C50,A,99,112,THR,0,CHI
1C50,A,100,113,TYR,0,CHI
1C50,A,101,114,GLN,0,CHI
1C50,A,102,115,LEU,0,CHI
1C50,A,103,116,GLY,0,CHI
1C50,A,104,117,LEU,0,CHI
1C50,A,105,118,ASP,0,CHI
1C50,A,106,119,MET,0,CHI
1C50,A,107,120,GLU,0,CHI
1C50,A,108,121,GLU,0,CHI
1C50,A,109,122,LEU,0,CHI
1C50,A,110,123,GLU,0,CHI
1C50,A,111,124,GLU,0,CHI
1C50,A,112,125,ILE,0,CHI
1C50,A,113,126,GLU,0,CHI
1C50,A,114,127,GLU,0,CHI
1C50,A,115,128,ASP,0,CHI
1C50,A,116,129,ALA,0,CHI
1C50,A,117,130,GLY,0,CHI
1C50,A,118,131,LEU,0,CHI
1C50,A,119,132,GLY,0,CHI
1C50,A,120,133,ASN,0,CHI
1C50,A,121,134,GLY,0,CHI
1C50,A,122,135,GLY,0,CHI
1C50,A,123,136,LEU,0,CHI
1C50,A,124,137,GLY,0,CHI
1C50,A,125,138,ARG,0,CHI
1C50,A,126,139,LEU,0,CHI
1C50,A,127,140,ALA,0,CHI
1C50,A,128,141,ALA,0,CHI
1C50,A,129,142,CYS,0,CHI
1C50,A,130,143,PHE,0,CHI
1C50,A,131,144,LEU,0,CHI
1C50,A,132,145,ASP,0,CHI
1C50,A,133,146,SER,0,CHI
1C50,A,134,147,MET,0,CHI
1C50,A,135,148,ALA,0,CHI
1C50,A,136,149,THR,0,CHI
1C50,A,137,150,LEU,0,CHI
1C50,A,138,151,GLY,0,CHI
1C50,A,139,152,LEU,0,CHI
1C50,A,140,153,ALA,0,CHI
1C50,A,141,154,ALA,0,CHI
1C50,A,142,155,TYR,0,CHI
1C50,A,143,156,GLY,0,CHI
1C50,A,144,157,TYR,0,CHI
1C50,A,145,158,GLY,0,CHI
1C50,A,146,159,ILE,0,CHI
1C50,A,147,160,ARG,0,CHI
1C50,A,148,161,TYR,0,CHI
1C50,A,149,162,GLU,0,CHI
1C50,A,150,163,PHE,0,CHI
1C50,A,151,164,GLY,0,CHI
1C50,A,152,165,ILE,0,CHI
1C50,A,153,166,PHE,0,CHI
1C50,A,154,167,ASN,0,CHI
1C50,A,155,168,GLN,0,CHI
1C50,A,156,169,LYS,0,CHI
1C50,A,157,170,ILE,0,CHI
1C50,A,158,171,CYS,0,CHI
1C50,A,159,172,GLY,0,CHI
1C50,A,160,173,GLY,0,CHI
1C50,A,161,174,TRP,0,CHI
1C50,A,162,175,GLN,0,CHI
1C50,A,163,176,MET,0,CHI
1C50,A,164,177,GLU,0,CHI
1C50,A,165,178,GLU,0,CHI
1C50,A,166,179,ALA,0,CHI
1C50,A,167,180,ASP,0,CHI
1C50,A,168,181,ASP,0,CHI
1C50,A,169,182,TRP,0,CHI
1C50,A,170,183,LEU,0,CHI
1C50,A,171,184,ARG,0,CHI
1C50,A,172,185,TYR,0,CHI
1C50,A,173,186,GLY,0,CHI
1C50,A,174,187,ASN,0,CHI
1C50,A,175,188,PRO,1,CHI
1C50,A,176,189,TRP,1,CHI
1C50,A,177,190,GLU,1,CHI
1C50,A,178,191,LYS,1,CHI
1C50,A,179,192,ALA,1,CHI
1C50,A,180,193,ARG,0,CHI
1C50,A,181,194,PRO,0,CHI
1C50,A,182,195,GLU,0,CHI
1C50,A,183,196,PHE,0,CHI
1C50,A,184,197,THR,0,CHI
1C50,A,185,198,LEU,0,CHI
1C50,A,186,199,PRO,0,CHI
1C50,A,187,200,VAL,0,CHI
1C50,A,188,201,HIS,0,CHI
1C50,A,189,202,PHE,0,CHI
1C50,A,190,203,TYR,0,CHI
1C50,A,191,204,GLY,0,CHI
1C50,A,192,205,ARG,0,CHI
1C50,A,193,206,VAL,0,CHI
1C50,A,194,207,GLU,0,CHI
1C50,A,195,208,HIS,0,CHI
1C50,A,196,209,THR,0,CHI
1C50,A,197,210,SER,0,CHI
1C50,A,198,211,GLN,0,CHI
1C50,A,199,212,GLY,0,CHI
1C50,A,200,213,ALA,0,CHI
1C50,A,201,214,LYS,0,CHI
1C50,A,202,215,TRP,0,CHI
1C50,A,203,216,VAL,0,CHI
1C50,A,204,217,ASP,0,CHI
1C50,A,205,218,THR,0,CHI
1C50,A,206,219,GLN,0,CHI
1C50,A,207,220,VAL,0,CHI
1C50,A,208,221,VAL,0,CHI
1C50,A,209,222,LEU,0,CHI
1C50,A,210,223,ALA,0,CHI
1C50,A,211,224,MET,0,CHI
1C50,A,212,225,PRO,0,CHI
1C50,A,213,226,TYR,0,CHI
1C50,A,214,227,ASP,1,CHI
1C50,A,215,228,THR,0,CHI
1C50,A,216,229,PRO,1,CHI
1C50,A,217,230,VAL,0,CHI
1C50,A,218,231,PRO,0,CHI
1C50,A,219,232,GLY,0,CHI
1C50,A,220,233,TYR,0,CHI
1C50,A,221,234,ARG,0,CHI
1C50,A,222,235,ASN,0,CHI
1C50,A,223,236,ASN,0,CHI
1C50,A,224,237,VAL,0,CHI
1C50,A,225,238,VAL,0,CHI
1C50,A,226,239,ASN,0,CHI
1C50,A,227,240,THR,0,CHI
1C50,A,228,241,MET,0,CHI
1C50,A,229,242,ARG,0,CHI
1C50,A,230,243,LEU,0,CHI
1C50,A,231,244,TRP,0,CHI
1C50,A,232,245,SER,0,CHI
1C50,A,233,246,ALA,0,CHI
1C50,A,234,247,LYS,0,CHI
1C50,A,235,248,ALA,0,CHI
1C50,A,236,249,PRO,0,CHI
1C50,A,237,250,ASN,0,CHI
1C50,A,238,251,ASP,0,CHI
1C50,A,239,252,PHE,0,CHI
1C50,A,240,253,ASN,0,CHI
1C50,A,241,254,LEU,0,CHI
1C50,A,242,255,LYS,0,CHI
1C50,A,243,256,ASP,0,CHI
1C50,A,244,257,PHE,0,CHI
1C50,A,245,258,ASN,0,CHI
1C50,A,246,259,VAL,0,CHI
1C50,A,247,260,GLY,0,CHI
1C50,A,248,261,GLY,0,CHI
1C50,A,249,262,TYR,0,CHI
1C50,A,250,263,ILE,0,CHI
1C50,A,251,264,GLN,0,CHI
1C50,A,252,265,ALA,0,CHI
1C50,A,253,266,VAL,0,CHI
1C50,A,254,267,LEU,0,CHI
1C50,A,255,268,ASP,0,CHI
1C50,A,256,269,ARG,0,CHI
1C50,A,257,270,ASN,0,CHI
1C50,A,258,271,LEU,0,CHI
1C50,A,259,272,ALA,0,CHI
1C50,A,260,273,GLU,0,CHI
1C50,A,261,274,ASN,0,CHI
1C50,A,262,275,ILE,0,CHI
1C50,A,263,276,SER,0,CHI
1C50,A,264,277,ARG,0,CHI
1C50,A,265,278,VAL,0,CHI
1C50,A,266,279,LEU,0,CHI
1C50,A,267,280,TYR,0,CHI
1C50,A,268,281,PRO,0,CHI
1C50,A,269,282,ASN,0,CHI
1C50,A,270,283,ASP,0,CHI
1C50,A,271,284,ASN,0,CHI
1C50,A,272,285,PHE,0,CHI
1C50,A,273,286,PHE,0,CHI
1C50,A,274,287,GLU,0,CHI
1C50,A,275,288,GLY,0,CHI
1C50,A,276,289,LYS,0,CHI
1C50,A,277,290,GLU,0,CHI
1C50,A,278,291,LEU,0,CHI
1C50,A,279,292,ARG,0,CHI
1C50,A,280,293,LEU,0,CHI
1C50,A,281,294,LYS,0,CHI
1C50,A,282,295,GLN,0,CHI
1C50,A,283,296,GLU,0,CHI
1C50,A,284,297,TYR,0,CHI
1C50,A,285,298,PHE,0,CHI
1C50,A,286,299,VAL,0,CHI
1C50,A,287,300,VAL,0,CHI
1C50,A,288,301,ALA,0,CHI
1C50,A,289,302,ALA,0,CHI
1C50,A,290,303,THR,0,CHI
1C50,A,291,304,LEU,0,CHI
1C50,A,292,305,GLN,0,CHI
1C50,A,293,306,ASP,0,CHI
1C50,A,294,307,ILE,0,CHI
1C50,A,295,308,ILE,0,CHI
1C50,A,296,309,ARG,0,CHI
1C50,A,297,310,ARG,0,CHI
1C50,A,298,311,PHE,0,CHI
1C50,A,299,312,LYS,0,CHI
1C50,A,300,313,SER,0,CHI
1C50,A,301,314,SER,0,CHI
1C50,A,302,315,LYS,0,CHI
1C50,A,303,316,PHE,0,CHI
1C50,A,304,317,GLY,0,CHI
1C50,A,305,318,CYS,0,CHI
1C50,A,306,319,ARG,0,CHI
1C50,A,307,320,ASP,0,CHI
1C50,A,308,321,PRO,0,CHI
1C50,A,309,322,VAL,0,CHI
1C50,A,310,323,ARG,0,CHI
1C50,A,311,324,THR,0,CHI
1C50,A,312,325,ASN,0,CHI
1C50,A,313,326,PHE,0,CHI
1C50,A,314,327,ASP,0,CHI
1C50,A,315,328,ALA,0,CHI
1C50,A,316,329,PHE,0,CHI
1C50,A,317,330,PRO,0,CHI
1C50,A,318,331,ASP,0,CHI
1C50,A,319,332,LYS,0,CHI
1C50,A,320,333,VAL,0,CHI
1C50,A,321,334,ALA,0,CHI
1C50,A,322,335,ILE,0,CHI
1C50,A,323,336,GLN,0,CHI
1C50,A,324,337,LEU,0,CHI
1C50,A,325,338,ASN,0,CHI
1C50,A,326,339,ASP,0,CHI
1C50,A,327,340,THR,0,CHI
1C50,A,328,341,HIS,0,CHI
1C50,A,329,342,PRO,0,CHI
1C50,A,330,343,SER,0,CHI
1C50,A,331,344,LEU,0,CHI
1C50,A,332,345,ALA,0,CHI
1C50,A,333,346,ILE,0,CHI
1C50,A,334,347,PRO,0,CHI
1C50,A,335,348,GLU,0,CHI
1C50,A,336,349,LEU,0,CHI
1C50,A,337,350,MET,0,CHI
1C50,A,338,351,ARG,0,CHI
1C50,A,339,352,VAL,0,CHI
1C50,A,340,353,LEU,0,CHI
1C50,A,341,354,VAL,0,CHI
1C50,A,342,355,ASP,0,CHI
1C50,A,343,356,LEU,0,CHI
1C50,A,344,357,GLU,0,CHI
1C50,A,345,358,ARG,0,CHI
1C50,A,346,359,LEU,0,CHI
1C50,A,347,360,ASP,0,CHI
1C50,A,348,361,TRP,0,CHI
1C50,A,349,362,ASP,0,CHI
1C50,A,350,363,LYS,0,CHI
1C50,A,351,364,ALA,0,CHI
1C50,A,352,365,TRP,0,CHI
1C50,A,353,366,GLU,0,CHI
1C50,A,354,367,VAL,0,CHI
1C50,A,355,368,THR,0,CHI
1C50,A,356,369,VAL,0,CHI
1C50,A,357,370,LYS,0,CHI
1C50,A,358,371,THR,0,CHI
1C50,A,359,372,CYS,0,CHI
1C50,A,360,373,ALA,0,CHI
1C50,A,361,374,TYR,0,CHI
1C50,A,362,375,THR,0,CHI
1C50,A,363,376,ASN,0,CHI
1C50,A,364,377,HIS,0,CHI
1C50,A,365,378,THR,0,CHI
1C50,A,366,379,VAL,0,CHI
1C50,A,367,380,ILE,0,CHI
1C50,A,368,381,PRO,0,CHI
1C50,A,369,382,GLU,0,CHI
1C50,A,370,383,ALA,0,CHI
1C50,A,371,384,LEU,0,CHI
1C50,A,372,385,GLU,0,CHI
1C50,A,373,386,ARG,0,CHI
1C50,A,374,387,TRP,0,CHI
1C50,A,375,388,PRO,0,CHI
1C50,A,376,389,VAL,0,CHI
1C50,A,377,390,HIS,0,CHI
1C50,A,378,391,LEU,0,CHI
1C50,A,379,392,LEU,0,CHI
1C50,A,380,393,GLU,0,CHI
1C50,A,381,394,THR,0,CHI
1C50,A,382,395,LEU,0,CHI
1C50,A,383,396,LEU,0,CHI
1C50,A,384,397,PRO,0,CHI
1C50,A,385,398,ARG,0,CHI
1C50,A,386,399,HIS,0,CHI
1C50,A,387,400,LEU,0,CHI
1C50,A,388,401,GLN,0,CHI
1C50,A,389,402,ILE,0,CHI
1C50,A,390,403,ILE,0,CHI
1C50,A,391,404,TYR,0,CHI
1C50,A,392,405,GLU,0,CHI
1C50,A,393,406,ILE,0,CHI
1C50,A,394,407,ASN,0,CHI
1C50,A,395,408,GLN,0,CHI
1C50,A,396,409,ARG,0,CHI
1C50,A,397,410,PHE,0,CHI
1C50,A,398,411,LEU,0,CHI
1C50,A,399,412,ASN,0,CHI
1C50,A,400,413,ARG,0,CHI
1C50,A,401,414,VAL,0,CHI
1C50,A,402,415,ALA,0,CHI
1C50,A,403,416,ALA,0,CHI
1C50,A,404,417,ALA,0,CHI
1C50,A,405,418,PHE,0,CHI
1C50,A,406,419,PRO,0,CHI
1C50,A,407,420,GLY,0,CHI
1C50,A,408,421,ASP,0,CHI
1C50,A,409,422,VAL,0,CHI
1C50,A,410,423,ASP,0,CHI
1C50,A,411,424,ARG,0,CHI
1C50,A,412,425,LEU,0,CHI
1C50,A,413,426,ARG,0,CHI
1C50,A,414,427,ARG,0,CHI
1C50,A,415,428,MET,0,CHI
1C50,A,416,429,SER,0,CHI
1C50,A,417,430,LEU,0,CHI
1C50,A,418,431,VAL,0,CHI
1C50,A,419,432,GLU,0,CHI
1C50,A,420,433,GLU,0,CHI
1C50,A,421,434,GLY,0,CHI
1C50,A,422,435,ALA,0,CHI
1C50,A,423,436,VAL,0,CHI
1C50,A,424,437,LYS,0,CHI
1C50,A,425,438,ARG,0,CHI
1C50,A,426,439,ILE,0,CHI
1C50,A,427,440,ASN,0,CHI
1C50,A,428,441,MET,0,CHI
1C50,A,429,442,ALA,0,CHI
1C50,A,430,443,HIS,0,CHI
1C50,A,431,444,LEU,0,CHI
1C50,A,432,445,CYS,0,CHI
1C50,A,433,446,ILE,0,CHI
1C50,A,434,447,ALA,0,CHI
1C50,A,435,448,GLY,0,CHI
1C50,A,436,449,SER,0,CHI
1C50,A,437,450,HIS,0,CHI
1C50,A,438,451,ALA,0,CHI
1C50,A,439,452,VAL,0,CHI
1C50,A,440,453,ASN,0,CHI
1C50,A,441,454,GLY,0,CHI
1C50,A,442,455,VAL,0,CHI
1C50,A,443,456,ALA,0,CHI
1C50,A,444,457,ARG,0,CHI
1C50,A,445,458,ILE,0,CHI
1C50,A,446,459,HIS,0,CHI
1C50,A,447,460,SER,0,CHI
1C50,A,448,461,GLU,0,CHI
1C50,A,449,462,ILE,0,CHI
1C50,A,450,463,LEU,0,CHI
1C50,A,451,464,LYS,0,CHI
1C50,A,452,465,LYS,0,CHI
1C50,A,453,466,THR,0,CHI
1C50,A,454,467,ILE,0,CHI
1C50,A,455,468,PHE,0,CHI
1C50,A,456,469,LYS,0,CHI
1C50,A,457,470,ASP,0,CHI
1C50,A,458,471,PHE,0,CHI
1C50,A,459,472,TYR,0,CHI
1C50,A,460,473,GLU,0,CHI
1C50,A,461,474,LEU,0,CHI
1C50,A,462,475,GLU,0,CHI
1C50,A,463,476,PRO,0,CHI
1C50,A,464,477,HIS,0,CHI
1C50,A,465,478,LYS,0,CHI
1C50,A,466,479,PHE,0,CHI
1C50,A,467,480,GLN,0,CHI
1C50,A,468,481,ASN,0,CHI
1C50,A,469,482,LYS,0,CHI
1C50,A,470,483,THR,0,CHI
1C50,A,471,484,ASN,0,CHI
1C50,A,472,485,GLY,0,CHI
1C50,A,473,486,ILE,0,CHI
1C50,A,474,487,THR,0,CHI
1C50,A,475,488,PRO,0,CHI
1C50,A,476,489,ARG,0,CHI
1C50,A,477,490,ARG,0,CHI
1C50,A,478,491,TRP,0,CHI
1C50,A,479,492,LEU,0,CHI
1C50,A,480,493,VAL,0,CHI
1C50,A,481,494,LEU,0,CHI
1C50,A,482,495,CYS,0,CHI
1C50,A,483,496,ASN,0,CHI
1C50,A,484,497,PRO,0,CHI
1C50,A,485,498,GLY,0,CHI
1C50,A,486,499,LEU,0,CHI
1C50,A,487,500,ALA,0,CHI
1C50,A,488,501,GLU,0,CHI
1C50,A,489,502,ILE,0,CHI
1C50,A,490,503,ILE,0,CHI
1C50,A,491,504,ALA,0,CHI
1C50,A,492,505,GLU,0,CHI
1C50,A,493,506,ARG,0,CHI
1C50,A,494,507,ILE,0,CHI
1C50,A,495,508,GLY,0,CHI
1C50,A,496,509,GLU,0,CHI
1C50,A,497,510,GLU,0,CHI
1C50,A,498,511,TYR,0,CHI
1C50,A,499,512,ILE,0,CHI
1C50,A,500,513,SER,0,CHI
1C50,A,501,514,ASP,0,CHI
1C50,A,502,515,LEU,0,CHI
1C50,A,503,516,ASP,0,CHI
1C50,A,504,517,GLN,0,CHI
1C50,A,505,518,LEU,0,CHI
1C50,A,506,519,ARG,0,CHI
1C50,A,507,520,LYS,0,CHI
1C50,A,508,521,LEU,0,CHI
1C50,A,509,522,LEU,0,CHI
1C50,A,510,523,SER,0,CHI
1C50,A,511,524,TYR,0,CHI
1C50,A,512,525,VAL,0,CHI
1C50,A,513,526,ASP,0,CHI
1C50,A,514,527,ASP,0,CHI
1C50,A,515,528,GLU,0,CHI
1C50,A,516,529,ALA,0,CHI
1C50,A,517,530,PHE,0,CHI
1C50,A,518,531,ILE,0,CHI
1C50,A,519,532,ARG,0,CHI
1C50,A,520,533,ASP,0,CHI
1C50,A,521,534,VAL,0,CHI
1C50,A,522,535,ALA,0,CHI
1C50,A,523,536,LYS,0,CHI
1C50,A,524,537,VAL,0,CHI
1C50,A,525,538,LYS,0,CHI
1C50,A,526,539,GLN,0,CHI
1C50,A,527,540,GLU,0,CHI
1C50,A,528,541,ASN,0,CHI
1C50,A,529,542,LYS,0,CHI
1C50,A,530,543,LEU,0,CHI
1C50,A,531,544,LYS,0,CHI
1C50,A,532,545,PHE,0,CHI
1C50,A,533,546,ALA,0,CHI
1C50,A,534,547,ALA,0,CHI
1C50,A,535,548,TYR,0,CHI
1C50,A,536,549,LEU,0,CHI
1C50,A,537,550,GLU,0,CHI
1C50,A,538,551,ARG,0,CHI
1C50,A,539,552,GLU,0,CHI
1C50,A,540,553,TYR,0,CHI
1C50,A,541,554,LYS,0,CHI
1C50,A,542,555,VAL,0,CHI
1C50,A,543,556,HIS,0,CHI
1C50,A,544,557,ILE,0,CHI
1C50,A,545,558,ASN,0,CHI
1C50,A,546,559,PRO,0,CHI
1C50,A,547,560,ASN,0,CHI
1C50,A,548,561,SER,0,CHI
1C50,A,549,562,LEU,0,CHI
1C50,A,550,563,PHE,0,CHI
1C50,A,551,564,ASP,0,CHI
1C50,A,552,565,VAL,0,CHI
1C50,A,553,566,GLN,0,CHI
1C50,A,554,567,VAL,0,CHI
1C50,A,555,568,LYS,0,CHI
1C50,A,556,569,ARG,0,CHI
1C50,A,557,570,ILE,0,CHI
1C50,A,558,571,HIS,0,CHI
1C50,A,559,572,GLU,0,CHI
1C50,A,560,573,TYR,0,CHI
1C50,A,561,574,LYS,0,CHI
1C50,A,562,575,ARG,0,CHI
1C50,A,563,576,GLN,0,CHI
1C50,A,564,577,LEU,0,CHI
1C50,A,565,578,LEU,0,CHI
1C50,A,566,579,ASN,0,CHI
1C50,A,567,580,CYS,0,CHI
1C50,A,568,581,LEU,0,CHI
1C50,A,569,582,HIS,0,CHI
1C50,A,570,583,VAL,0,CHI
1C50,A,571,584,ILE,0,CHI
1C50,A,572,585,THR,0,CHI
1C50,A,573,586,LEU,0,CHI
1C50,A,574,587,TYR,0,CHI
1C50,A,575,588,ASN,0,CHI
1C50,A,576,589,ARG,0,CHI
1C50,A,577,590,ILE,0,CHI
1C50,A,578,591,LYS,0,CHI
1C50,A,579,592,LYS,0,CHI
1C50,A,580,593,GLU,0,CHI
1C50,A,581,594,PRO,0,CHI
1C50,A,582,595,ASN,0,CHI
1C50,A,583,596,LYS,0,CHI
1C50,A,584,597,PHE,0,CHI
1C50,A,585,598,VAL,0,CHI
1C50,A,586,599,VAL,0,CHI
1C50,A,587,600,PRO,0,CHI
1C50,A,588,601,ARG,0,CHI
1C50,A,589,602,THR,0,CHI
1C50,A,590,603,VAL,0,CHI
1C50,A,591,604,MET,0,CHI
1C50,A,592,605,ILE,0,CHI
1C50,A,593,606,GLY,0,CHI
1C50,A,594,607,GLY,0,CHI
1C50,A,595,608,LYS,0,CHI
1C50,A,596,609,ALA,0,CHI
1C50,A,597,610,ALA,0,CHI
1C50,A,598,611,PRO,0,CHI
1C50,A,599,612,GLY,0,CHI
1C50,A,600,613,TYR,0,CHI
1C50,A,601,614,HIS,0,CHI
1C50,A,602,615,MET,0,CHI
1C50,A,603,616,ALA,0,CHI
1C50,A,604,617,LYS,0,CHI
1C50,A,605,618,MET,0,CHI
1C50,A,606,619,ILE,0,CHI
1C50,A,607,620,ILE,0,CHI
1C50,A,608,621,LYS,0,CHI
1C50,A,609,622,LEU,0,CHI
1C50,A,610,623,ILE,0,CHI
1C50,A,611,624,THR,0,CHI
1C50,A,612,625,ALA,0,CHI
1C50,A,613,626,ILE,0,CHI
1C50,A,614,627,GLY,0,CHI
1C50,A,615,628,ASP,0,CHI
1C50,A,616,629,VAL,0,CHI
1C50,A,617,630,VAL,0,CHI
1C50,A,618,631,ASN,0,CHI
1C50,A,619,632,HIS,0,CHI
1C50,A,620,633,ASP,0,CHI
1C50,A,621,634,PRO,0,CHI
1C50,A,622,635,VAL,0,CHI
1C50,A,623,636,VAL,0,CHI
1C50,A,624,637,GLY,0,CHI
1C50,A,625,638,ASP,0,CHI
1C50,A,626,639,ARG,0,CHI
1C50,A,627,640,LEU,0,CHI
1C50,A,628,641,ARG,0,CHI
1C50,A,629,642,VAL,0,CHI
1C50,A,630,643,ILE,0,CHI
1C50,A,631,644,PHE,0,CHI
1C50,A,632,645,LEU,0,CHI
1C50,A,633,646,GLU,0,CHI
1C50,A,634,647,ASN,0,CHI
1C50,A,635,648,TYR,0,CHI
1C50,A,636,649,ARG,0,CHI
1C50,A,637,650,VAL,0,CHI
1C50,A,638,651,SER,0,CHI
1C50,A,639,652,LEU,0,CHI
1C50,A,640,653,ALA,0,CHI
1C50,A,641,654,GLU,0,CHI
1C50,A,642,655,LYS,0,CHI
1C50,A,643,656,VAL,0,CHI
1C50,A,644,657,ILE,0,CHI
1C50,A,645,658,PRO,0,CHI
1C50,A,646,659,ALA,0,CHI
1C50,A,647,660,ALA,0,CHI
1C50,A,648,661,ASP,0,CHI
1C50,A,649,662,LEU,0,CHI
1C50,A,650,663,SER,0,CHI
1C50,A,651,664,GLU,0,CHI
1C50,A,652,665,GLN,0,CHI
1C50,A,653,666,ILE,0,CHI
1C50,A,654,667,SER,0,CHI
1C50,A,655,668,THR,0,CHI
1C50,A,656,669,ALA,0,CHI
1C50,A,657,670,GLY,0,CHI
1C50,A,658,671,THR,0,CHI
1C50,A,659,672,GLU,0,CHI
1C50,A,660,673,ALA,0,CHI
1C50,A,661,674,SER,0,CHI
1C50,A,662,675,GLY,0,CHI
1C50,A,663,676,THR,0,CHI
1C50,A,664,677,GLY,0,CHI
1C50,A,665,678,ASN,0,CHI
1C50,A,666,679,MET,0,CHI
1C50,A,667,680,LYS,0,CHI
1C50,A,668,681,PHE,0,CHI
1C50,A,669,682,MET,0,CHI
1C50,A,670,683,LEU,0,CHI
1C50,A,671,684,ASN,0,CHI
1C50,A,672,685,GLY,0,CHI
1C50,A,673,686,ALA,0,CHI
1C50,A,674,687,LEU,0,CHI
1C50,A,675,688,THR,0,CHI
1C50,A,676,689,ILE,0,CHI
1C50,A,677,690,GLY,0,CHI
1C50,A,678,691,THR,0,CHI
1C50,A,679,692,MET,0,CHI
1C50,A,680,693,ASP,0,CHI
1C50,A,681,694,GLY,0,CHI
1C50,A,682,695,ALA,0,CHI
1C50,A,683,696,ASN,0,CHI
1C50,A,684,697,VAL,0,CHI
1C50,A,685,698,GLU,0,CHI
1C50,A,686,699,MET,0,CHI
1C50,A,687,700,ALA,0,CHI
1C50,A,688,701,GLU,0,CHI
1C50,A,689,702,GLU,0,CHI
1C50,A,690,703,ALA,0,CHI
1C50,A,691,704,GLY,0,CHI
1C50,A,692,705,GLU,0,CHI
1C50,A,693,706,GLU,0,CHI
1C50,A,694,707,ASN,0,CHI
1C50,A,695,708,PHE,0,CHI
1C50,A,696,709,PHE,0,CHI
1C50,A,697,710,ILE,0,CHI
1C50,A,698,711,PHE,0,CHI
1C50,A,699,712,GLY,0,CHI
1C50,A,700,713,MET,0,CHI
1C50,A,701,714,ARG,0,CHI
1C50,A,702,715,VAL,0,CHI
1C50,A,703,716,GLU,0,CHI
1C50,A,704,717,ASP,0,CHI
1C50,A,705,718,VAL,0,CHI
1C50,A,706,719,ASP,0,CHI
1C50,A,707,720,ARG,0,CHI
1C50,A,708,721,LEU,0,CHI
1C50,A,709,722,ASP,0,CHI
1C50,A,710,723,GLN,0,CHI
1C50,A,711,724,ARG,0,CHI
1C50,A,712,725,GLY,0,CHI
1C50,A,713,726,TYR,0,CHI
1C50,A,714,727,ASN,0,CHI
1C50,A,715,728,ALA,0,CHI
1C50,A,716,729,GLN,0,CHI
1C50,A,717,730,GLU,0,CHI
1C50,A,718,731,TYR,0,CHI
1C50,A,719,732,TYR,0,CHI
1C50,A,720,733,ASP,0,CHI
1C50,A,721,734,ARG,0,CHI
1C50,A,722,735,ILE,0,CHI
1C50,A,723,736,PRO,0,CHI
1C50,A,724,737,GLU,0,CHI
1C50,A,725,738,LEU,0,CHI
1C50,A,726,739,ARG,0,CHI
1C50,A,727,740,GLN,0,CHI
1C50,A,728,741,ILE,0,CHI
1C50,A,729,742,ILE,0,CHI
1C50,A,730,743,GLU,0,CHI
1C50,A,731,744,GLN,0,CHI
1C50,A,732,745,LEU,0,CHI
1C50,A,733,746,SER,0,CHI
1C50,A,734,747,SER,0,CHI
1C50,A,735,748,GLY,0,CHI
1C50,A,736,749,PHE,0,CHI
1C50,A,737,750,PHE,0,CHI
1C50,A,738,751,SER,0,CHI
1C50,A,739,752,PRO,0,CHI
1C50,A,740,753,LYS,0,CHI
1C50,A,741,754,GLN,0,CHI
1C50,A,742,755,PRO,0,CHI
1C50,A,743,756,ASP,0,CHI
1C50,A,744,757,LEU,0,CHI
1C50,A,745,758,PHE,0,CHI
1C50,A,746,759,LYS,0,CHI
1C50,A,747,760,ASP,0,CHI
1C50,A,748,761,ILE,0,CHI
1C50,A,749,762,VAL,0,CHI
1C50,A,750,763,ASN,0,CHI
1C50,A,751,764,MET,0,CHI
1C50,A,752,765,LEU,0,CHI
1C50,A,753,766,MET,0,CHI
1C50,A,754,767,HIS,0,CHI
1C50,A,755,768,HIS,0,CHI
1C50,A,756,769,ASP,0,CHI
1C50,A,757,770,ARG,0,CHI
1C50,A,758,771,PHE,0,CHI
1C50,A,759,772,LYS,0,CHI
1C50,A,760,773,VAL,0,CHI
1C50,A,761,774,PHE,0,CHI
1C50,A,762,775,ALA,0,CHI
1C50,A,763,776,ASP,0,CHI
1C50,A,764,777,TYR,0,CHI
1C50,A,765,778,GLU,0,CHI
1C50,A,766,779,GLU,0,CHI
1C50,A,767,780,TYR,0,CHI
1C50,A,768,781,VAL,0,CHI
1C50,A,769,782,LYS,0,CHI
1C50,A,770,783,CYS,0,CHI
1C50,A,771,784,GLN,0,CHI
1C50,A,772,785,GLU,0,CHI
1C50,A,773,786,ARG,0,CHI
1C50,A,774,787,VAL,0,CHI
1C50,A,775,788,SER,0,CHI
1C50,A,776,789,ALA,0,CHI
1C50,A,777,790,LEU,0,CHI
1C50,A,778,791,TYR,0,CHI
1C50,A,779,792,LYS,0,CHI
1C50,A,780,793,ASN,0,CHI
1C50,A,781,794,PRO,0,CHI
1C50,A,782,795,ARG,0,CHI
1C50,A,783,796,GLU,0,CHI
1C50,A,784,797,TRP,0,CHI
1C50,A,785,798,THR,0,CHI
1C50,A,786,799,ARG,0,CHI
1C50,A,787,800,MET,0,CHI
1C50,A,788,801,VAL,0,CHI
1C50,A,789,802,ILE,0,CHI
1C50,A,790,803,ARG,0,CHI
1C50,A,791,804,ASN,0,CHI
1C50,A,792,805,ILE,0,CHI
1C50,A,793,806,ALA,0,CHI
1C50,A,794,807,THR,0,CHI
1C50,A,795,808,SER,0,CHI
1C50,A,796,809,GLY,0,CHI
1C50,A,797,810,LYS,0,CHI
1C50,A,798,811,PHE,0,CHI
1C50,A,799,812,SER,0,CHI
1C50,A,800,813,SER,0,CHI
1C50,A,801,814,ASP,0,CHI
1C50,A,802,815,ARG,0,CHI
1C50,A,803,816,THR,0,CHI
1C50,A,804,817,ILE,0,CHI
1C50,A,805,818,ALA,0,CHI
1C50,A,806,819,GLN,0,CHI
1C50,A,807,820,TYR,0,CHI
1C50,A,808,821,ALA,0,CHI
1C50,A,809,822,ARG,0,CHI
1C50,A,810,823,GLU,0,CHI
1C50,A,811,824,ILE,0,CHI
1C50,A,812,825,TRP,0,CHI
1C50,A,813,826,GLY,0,CHI
1C50,A,814,827,VAL,0,CHI
1C50,A,815,828,GLU,0,CHI
1C50,A,816,829,PRO,0,CHI
1C50,A,817,830,SER,0,CHI
1C50,A,818,831,ARG,0,CHI
1C50,A,819,832,GLN,0,CHI
1C50,A,820,833,ARG,0,CHI
1C50,A,821,834,LEU,0,CHI
1C50,A,822,835,PRO,0,CHI
1C50,A,823,836,ALA,0,CHI
1C50,A,824,837,PRO,0,CHI
1C50,A,825,838,ASP,0,CHI
1C50,A,826,839,GLU,0,CHI
1C50,A,827,840,LYS,0,CHI
1C50,A,828,841,ILE,0,CHI
1C50,A,829,842,PRO,0,CHI
1FRZ,A,0,1,MET,1,16G
1FRZ,A,1,2,ARG,1,16G
1FRZ,A,2,3,LEU,0,16G
1FRZ,A,3,4,ILE,0,16G
1FRZ,A,4,5,PRO,0,16G
1FRZ,A,5,6,LEU,0,16G
1FRZ,A,6,7,THR,0,16G
1FRZ,A,7,8,THR,0,16G
1FRZ,A,8,9,ALA,0,16G
1FRZ,A,9,10,GLU,0,16G
1FRZ,A,10,11,GLN,0,16G
1FRZ,A,11,12,VAL,0,16G
1FRZ,A,12,13,GLY,0,16G
1FRZ,A,13,14,LYS,0,16G
1FRZ,A,14,15,TRP,0,16G
1FRZ,A,15,16,ALA,0,16G
1FRZ,A,16,17,ALA,0,16G
1FRZ,A,17,18,ARG,0,16G
1FRZ,A,18,19,HIS,0,16G
1FRZ,A,19,20,ILE,0,16G
1FRZ,A,20,21,VAL,0,16G
1FRZ,A,21,22,ASN,0,16G
1FRZ,A,22,23,ARG,0,16G
1FRZ,A,23,24,ILE,0,16G
1FRZ,A,24,25,ASN,0,16G
1FRZ,A,25,26,ALA,0,16G
1FRZ,A,26,27,PHE,0,16G
1FRZ,A,27,28,LYS,0,16G
1FRZ,A,28,29,PRO,0,16G
1FRZ,A,29,30,THR,0,16G
1FRZ,A,30,31,ALA,0,16G
1FRZ,A,31,32,ASP,0,16G
1FRZ,A,32,33,ARG,0,16G
1FRZ,A,33,34,PRO,0,16G
1FRZ,A,34,35,PHE,0,16G
1FRZ,A,35,36,VAL,0,16G
1FRZ,A,36,37,LEU,0,16G
1FRZ,A,37,38,GLY,0,16G
1FRZ,A,38,39,LEU,0,16G
1FRZ,A,39,40,PRO,0,16G
1FRZ,A,40,41,THR,0,16G
1FRZ,A,41,42,GLY,0,16G
1FRZ,A,42,43,GLY,0,16G
1FRZ,A,43,44,THR,0,16G
1FRZ,A,44,45,PRO,0,16G
1FRZ,A,45,46,MET,0,16G
1FRZ,A,46,47,THR,0,16G
1FRZ,A,47,48,THR,0,16G
1FRZ,A,48,49,TYR,0,16G
1FRZ,A,49,50,LYS,0,16G
1FRZ,A,50,51,ALA,0,16G
1FRZ,A,51,52,LEU,0,16G
1FRZ,A,52,53,VAL,0,16G
1FRZ,A,53,54,GLU,0,16G
1FRZ,A,54,55,MET,0,16G
1FRZ,A,55,56,HIS,0,16G
1FRZ,A,56,57,LYS,0,16G
1FRZ,A,57,58,ALA,0,16G
1FRZ,A,58,59,GLY,0,16G
1FRZ,A,59,60,GLN,0,16G
1FRZ,A,60,61,VAL,0,16G
1FRZ,A,61,62,SER,0,16G
1FRZ,A,62,63,PHE,0,16G
1FRZ,A,63,64,LYS,0,16G
1FRZ,A,64,65,HIS,0,16G
1FRZ,A,65,66,VAL,0,16G
1FRZ,A,66,67,VAL,0,16G
1FRZ,A,67,68,THR,0,16G
1FRZ,A,68,69,PHE,0,16G
1FRZ,A,69,70,ASN,0,16G
1FRZ,A,70,71,MET,0,16G
1FRZ,A,71,72,ASP,0,16G
1FRZ,A,72,73,GLU,0,16G
1FRZ,A,73,74,TYR,0,16G
1FRZ,A,74,75,VAL,0,16G
1FRZ,A,75,76,GLY,0,16G
1FRZ,A,76,77,LEU,0,16G
1FRZ,A,77,78,PRO,0,16G
1FRZ,A,78,79,LYS,0,16G
1FRZ,A,79,80,GLU,0,16G
1FRZ,A,80,81,HIS,0,16G
1FRZ,A,81,82,PRO,0,16G
1FRZ,A,82,83,GLU,0,16G
1FRZ,A,83,84,SER,0,16G
1FRZ,A,84,85,TYR,0,16G
1FRZ,A,85,86,TYR,0,16G
1FRZ,A,86,87,SER,0,16G
1FRZ,A,87,88,PHE,0,16G
1FRZ,A,88,89,MET,0,16G
1FRZ,A,89,90,HIS,0,16G
1FRZ,A,90,91,ARG,0,16G
1FRZ,A,91,92,ASN,0,16G
1FRZ,A,92,93,PHE,0,16G
1FRZ,A,93,94,PHE,0,16G
1FRZ,A,94,95,ASP,0,16G
1FRZ,A,95,96,HIS,0,16G
1FRZ,A,96,97,VAL,0,16G
1FRZ,A,97,98,ASP,0,16G
1FRZ,A,98,99,ILE,0,16G
1FRZ,A,99,100,PRO,0,16G
1FRZ,A,100,101,ALA,0,16G
1FRZ,A,101,102,GLU,0,16G
1FRZ,A,102,103,ASN,0,16G
1FRZ,A,103,104,ILE,0,16G
1FRZ,A,104,105,ASN,0,16G
1FRZ,A,105,106,LEU,0,16G
1FRZ,A,106,107,LEU,0,16G
1FRZ,A,107,108,ASN,0,16G
1FRZ,A,108,109,GLY,0,16G
1FRZ,A,109,110,ASN,0,16G
1FRZ,A,110,111,ALA,0,16G
1FRZ,A,111,112,PRO,0,16G
1FRZ,A,112,113,ASP,0,16G
1FRZ,A,113,114,ILE,0,16G
1FRZ,A,114,115,ASP,0,16G
1FRZ,A,115,116,ALA,0,16G
1FRZ,A,116,117,GLU,0,16G
1FRZ,A,117,118,CYS,0,16G
1FRZ,A,118,119,ARG,0,16G
1FRZ,A,119,120,GLN,0,16G
1FRZ,A,120,121,TYR,0,16G
1FRZ,A,121,122,GLU,0,16G
1FRZ,A,122,123,GLU,0,16G
1FRZ,A,123,124,LYS,0,16G
1FRZ,A,124,125,ILE,0,16G
1FRZ,A,125,126,ARG,0,16G
1FRZ,A,126,127,SER,0,16G
1FRZ,A,127,128,TYR,0,16G
1FRZ,A,128,129,GLY,0,16G
1FRZ,A,129,130,LYS,0,16G
1FRZ,A,130,131,ILE,0,16G
1FRZ,A,131,132,HIS,0,16G
1FRZ,A,132,133,LEU,0,16G
1FRZ,A,133,134,PHE,0,16G
1FRZ,A,134,135,MET,0,16G
1FRZ,A,135,136,GLY,0,16G
1FRZ,A,136,137,GLY,0,16G
1FRZ,A,137,138,VAL,0,16G
1FRZ,A,138,139,GLY,0,16G
1FRZ,A,139,140,ASN,0,16G
1FRZ,A,140,141,ASP,0,16G
1FRZ,A,141,142,GLY,0,16G
1FRZ,A,142,143,HIS,0,16G
1FRZ,A,143,144,ILE,0,16G
1FRZ,A,144,145,ALA,0,16G
1FRZ,A,145,146,PHE,0,16G
1FRZ,A,146,147,ASN,0,16G
1FRZ,A,147,148,GLU,0,16G
1FRZ,A,148,149,PRO,0,16G
1FRZ,A,149,150,ALA,0,16G
1FRZ,A,150,151,SER,0,16G
1FRZ,A,151,152,SER,0,16G
1FRZ,A,152,153,LEU,0,16G
1FRZ,A,153,154,ALA,0,16G
1FRZ,A,154,155,SER,0,16G
1FRZ,A,155,156,ARG,0,16G
1FRZ,A,156,157,THR,0,16G
1FRZ,A,157,158,ARG,0,16G
1FRZ,A,158,159,ILE,0,16G
1FRZ,A,159,160,LYS,0,16G
1FRZ,A,160,161,THR,0,16G
1FRZ,A,161,162,LEU,0,16G
1FRZ,A,162,163,THR,0,16G
1FRZ,A,163,164,HIS,0,16G
1FRZ,A,164,165,ASP,0,16G
1FRZ,A,165,166,THR,0,16G
1FRZ,A,166,167,ARG,0,16G
1FRZ,A,167,168,VAL,0,16G
1FRZ,A,168,169,ALA,0,16G
1FRZ,A,169,170,ASN,0,16G
1FRZ,A,170,171,SER,0,16G
1FRZ,A,171,172,ARG,0,16G
1FRZ,A,172,173,PHE,0,16G
1FRZ,A,173,174,PHE,0,16G
1FRZ,A,174,175,ASP,0,16G
1FRZ,A,175,176,ASN,0,16G
1FRZ,A,176,177,ASP,0,16G
1FRZ,A,177,178,VAL,0,16G
1FRZ,A,178,179,ASN,0,16G
1FRZ,A,179,180,GLN,0,16G
1FRZ,A,180,181,VAL,0,16G
1FRZ,A,181,182,PRO,0,16G
1FRZ,A,182,183,LYS,0,16G
1FRZ,A,183,184,TYR,0,16G
1FRZ,A,184,185,ALA,0,16G
1FRZ,A,185,186,LEU,0,16G
1FRZ,A,186,187,THR,0,16G
1FRZ,A,187,188,VAL,0,16G
1FRZ,A,188,189,GLY,0,16G
1FRZ,A,189,190,VAL,0,16G
1FRZ,A,190,191,GLY,0,16G
1FRZ,A,191,192,THR,0,16G
1FRZ,A,192,193,LEU,0,16G
1FRZ,A,193,194,LEU,0,16G
1FRZ,A,194,195,ASP,0,16G
1FRZ,A,195,196,ALA,0,16G
1FRZ,A,196,197,GLU,0,16G
1FRZ,A,197,198,GLU,0,16G
1FRZ,A,198,199,VAL,0,16G
1FRZ,A,199,200,MET,0,16G
1FRZ,A,200,201,ILE,0,16G
1FRZ,A,201,202,LEU,0,16G
1FRZ,A,202,203,VAL,0,16G
1FRZ,A,203,204,LEU,0,16G
1FRZ,A,204,205,GLY,0,16G
1FRZ,A,205,206,SER,0,16G
1FRZ,A,206,207,GLN,0,16G
1FRZ,A,207,208,LYS,0,16G
1FRZ,A,208,209,ALA,0,16G
1FRZ,A,209,210,LEU,0,16G
1FRZ,A,210,211,ALA,0,16G
1FRZ,A,211,212,LEU,0,16G
1FRZ,A,212,213,GLN,0,16G
1FRZ,A,213,214,ALA,0,16G
1FRZ,A,214,215,ALA,0,16G
1FRZ,A,215,216,VAL,0,16G
1FRZ,A,216,217,GLU,0,16G
1FRZ,A,217,218,GLY,0,16G
1FRZ,A,218,219,CYS,0,16G
1FRZ,A,219,220,VAL,0,16G
1FRZ,A,220,221,ASN,0,16G
1FRZ,A,221,222,HIS,0,16G
1FRZ,A,222,223,MET,0,16G
1FRZ,A,223,224,TRP,0,16G
1FRZ,A,224,225,THR,0,16G
1FRZ,A,225,226,ILE,0,16G
1FRZ,A,226,227,SER,0,16G
1FRZ,A,227,228,CYS,0,16G
1FRZ,A,228,229,LEU,0,16G
1FRZ,A,229,230,GLN,0,16G
1FRZ,A,230,231,LEU,0,16G
1FRZ,A,231,232,HIS,0,16G
1FRZ,A,232,233,PRO,1,16G
1FRZ,A,233,234,LYS,0,16G
1FRZ,A,234,235,ALA,0,16G
1FRZ,A,235,236,ILE,0,16G
1FRZ,A,236,237,MET,0,16G
1FRZ,A,237,238,VAL,0,16G
1FRZ,A,238,239,CYS,0,16G
1FRZ,A,239,240,ASP,0,16G
1FRZ,A,240,241,GLU,0,16G
1FRZ,A,241,242,PRO,0,16G
1FRZ,A,242,243,SER,0,16G
1FRZ,A,243,244,THR,0,16G
1FRZ,A,244,245,MET,0,16G
1FRZ,A,245,246,GLU,0,16G
1FRZ,A,246,247,LEU,0,16G
1FRZ,A,247,248,LYS,0,16G
1FRZ,A,248,249,VAL,0,16G
1FRZ,A,249,250,LYS,0,16G
1FRZ,A,250,251,THR,0,16G
1FRZ,A,251,252,LEU,0,16G
1FRZ,A,252,253,ARG,0,16G
1FRZ,A,253,254,TYR,0,16G
1FRZ,A,254,255,PHE,0,16G
1FRZ,A,255,256,ASN,0,16G
1FRZ,A,256,257,GLU,0,16G
1FRZ,A,257,258,LEU,1,16G
1FRZ,A,258,259,GLU,1,16G
1FRZ,A,259,260,ALA,0,16G
1FRZ,A,260,261,GLU,0,16G
1FRZ,A,261,262,ASN,0,16G
1FRZ,A,262,263,ILE,0,16G
1FRZ,A,263,264,LYS,0,16G
1FRZ,A,264,265,GLY,0,16G
1FRZ,A,265,266,LEU,0,16G
1H78,A,0,26,ASP,0,DCP
1H78,A,1,27,SER,0,DCP
1H78,A,2,28,ARG,0,DCP
1H78,A,3,29,VAL,0,DCP
1H78,A,4,30,PHE,0,DCP
1H78,A,5,31,PRO,0,DCP
1H78,A,6,32,THR,0,DCP
1H78,A,7,33,GLN,0,DCP
1H78,A,8,34,ARG,0,DCP
1H78,A,9,35,ASP,0,DCP
1H78,A,10,36,LEU,0,DCP
1H78,A,11,37,MET,0,DCP
1H78,A,12,38,ALA,0,DCP
1H78,A,13,39,GLY,0,DCP
1H78,A,14,40,ILE,0,DCP
1H78,A,15,41,VAL,0,DCP
1H78,A,16,42,SER,0,DCP
1H78,A,17,43,LYS,0,DCP
1H78,A,18,44,HIS,0,DCP
1H78,A,19,45,ILE,0,DCP
1H78,A,20,46,ALA,0,DCP
1H78,A,21,47,LYS,0,DCP
1H78,A,22,48,ASN,0,DCP
1H78,A,23,49,MET,0,DCP
1H78,A,24,50,VAL,0,DCP
1H78,A,25,51,PRO,0,DCP
1H78,A,26,52,SER,0,DCP
1H78,A,27,53,PHE,0,DCP
1H78,A,28,54,ILE,0,DCP
1H78,A,29,55,MET,0,DCP
1H78,A,30,56,LYS,0,DCP
1H78,A,31,57,ALA,0,DCP
1H78,A,32,58,HIS,0,DCP
1H78,A,33,59,GLU,0,DCP
1H78,A,34,60,SER,0,DCP
1H78,A,35,61,GLY,0,DCP
1H78,A,36,62,ILE,0,DCP
1H78,A,37,63,ILE,0,DCP
1H78,A,38,64,HIS,1,DCP
1H78,A,39,65,VAL,1,DCP
1H78,A,40,66,HIS,1,DCP
1H78,A,41,67,ASP,1,DCP
1H78,A,42,68,ILE,0,DCP
1H78,A,43,69,ASP,1,DCP
1H78,A,44,70,TYR,0,DCP
1H78,A,45,71,SER,0,DCP
1H78,A,46,72,PRO,0,DCP
1H78,A,47,73,ALA,0,DCP
1H78,A,48,74,LEU,0,DCP
1H78,A,49,75,PRO,0,DCP
1H78,A,50,76,PHE,0,DCP
1H78,A,51,77,THR,0,DCP
1H78,A,52,78,ASN,0,DCP
1H78,A,53,79,CYS,0,DCP
1H78,A,54,80,CYS,0,DCP
1H78,A,55,81,LEU,0,DCP
1H78,A,56,82,VAL,0,DCP
1H78,A,57,83,ASP,0,DCP
1H78,A,58,84,LEU,0,DCP
1H78,A,59,85,LYS,0,DCP
1H78,A,60,86,GLY,0,DCP
1H78,A,61,87,MET,0,DCP
1H78,A,62,88,LEU,0,DCP
1H78,A,63,89,GLU,0,DCP
1H78,A,64,90,ASN,0,DCP
1H78,A,65,91,GLY,0,DCP
1H78,A,66,92,PHE,0,DCP
1H78,A,67,93,LYS,0,DCP
1H78,A,68,94,LEU,0,DCP
1H78,A,69,95,GLY,0,DCP
1H78,A,70,96,ASN,0,DCP
1H78,A,71,97,ALA,0,DCP
1H78,A,72,98,GLN,0,DCP
1H78,A,73,99,ILE,0,DCP
1H78,A,74,100,GLU,0,DCP
1H78,A,75,101,THR,0,DCP
1H78,A,76,102,PRO,0,DCP
1H78,A,77,103,LYS,0,DCP
1H78,A,78,104,SER,0,DCP
1H78,A,79,105,ILE,0,DCP
1H78,A,80,106,GLY,0,DCP
1H78,A,81,107,VAL,0,DCP
1H78,A,82,108,ALA,0,DCP
1H78,A,83,109,THR,0,DCP
1H78,A,84,110,ALA,0,DCP
1H78,A,85,111,ILE,0,DCP
1H78,A,86,112,MET,0,DCP
1H78,A,87,113,ALA,0,DCP
1H78,A,88,114,GLN,0,DCP
1H78,A,89,115,ILE,0,DCP
1H78,A,90,116,THR,0,DCP
1H78,A,91,117,ALA,0,DCP
1H78,A,92,118,GLN,0,DCP
1H78,A,93,119,VAL,0,DCP
1H78,A,94,120,ALA,0,DCP
1H78,A,95,121,SER,0,DCP
1H78,A,96,122,HIS,0,DCP
1H78,A,97,123,GLN,0,DCP
1H78,A,98,124,TYR,0,DCP
1H78,A,99,125,GLY,0,DCP
1H78,A,100,126,GLY,0,DCP
1H78,A,101,127,THR,0,DCP
1H78,A,102,128,THR,0,DCP
1H78,A,103,129,PHE,0,DCP
1H78,A,104,130,ALA,0,DCP
1H78,A,105,131,ASN,0,DCP
1H78,A,106,132,VAL,0,DCP
1H78,A,107,133,ASP,0,DCP
1H78,A,108,134,LYS,0,DCP
1H78,A,109,135,VAL,0,DCP
1H78,A,110,136,LEU,0,DCP
1H78,A,111,137,SER,0,DCP
1H78,A,112,138,PRO,0,DCP
1H78,A,113,139,TYR,0,DCP
1H78,A,114,140,VAL,0,DCP
1H78,A,115,141,LYS,0,DCP
1H78,A,116,142,ARG,0,DCP
1H78,A,117,143,THR,0,DCP
1H78,A,118,144,TYR,0,DCP
1H78,A,119,145,ALA,0,DCP
1H78,A,120,146,LYS,0,DCP
1H78,A,121,147,HIS,0,DCP
1H78,A,122,148,ILE,0,DCP
1H78,A,123,149,GLU,0,DCP
1H78,A,124,150,ASP,0,DCP
1H78,A,125,151,ALA,0,DCP
1H78,A,126,152,GLU,0,DCP
1H78,A,127,153,LYS,0,DCP
1H78,A,128,154,TRP,0,DCP
1H78,A,129,155,GLN,0,DCP
1H78,A,130,156,ILE,0,DCP
1H78,A,131,157,ALA,0,DCP
1H78,A,132,158,ASP,0,DCP
1H78,A,133,159,ALA,0,DCP
1H78,A,134,160,LEU,0,DCP
1H78,A,135,161,ASN,0,DCP
1H78,A,136,162,TYR,0,DCP
1H78,A,137,163,ALA,0,DCP
1H78,A,138,164,GLN,0,DCP
1H78,A,139,165,SER,0,DCP
1H78,A,140,166,LYS,0,DCP
1H78,A,141,167,THR,0,DCP
1H78,A,142,168,GLU,0,DCP
1H78,A,143,169,LYS,0,DCP
1H78,A,144,170,ASP,0,DCP
1H78,A,145,171,VAL,0,DCP
1H78,A,146,172,TYR,0,DCP
1H78,A,147,173,ASP,0,DCP
1H78,A,148,174,ALA,0,DCP
1H78,A,149,175,PHE,0,DCP
1H78,A,150,176,GLN,0,DCP
1H78,A,151,177,ALA,0,DCP
1H78,A,152,178,TYR,0,DCP
1H78,A,153,179,GLU,0,DCP
1H78,A,154,180,TYR,0,DCP
1H78,A,155,181,GLU,0,DCP
1H78,A,156,182,VAL,0,DCP
1H78,A,157,183,ASN,0,DCP
1H78,A,158,184,THR,0,DCP
1H78,A,159,185,LEU,0,DCP
1H78,A,160,186,PHE,0,DCP
1H78,A,161,187,SER,0,DCP
1H78,A,162,188,SER,0,DCP
1H78,A,163,189,ASN,0,DCP
1H78,A,164,192,THR,0,DCP
1H78,A,165,193,PRO,0,DCP
1H78,A,166,194,PHE,0,DCP
1H78,A,167,195,VAL,0,DCP
1H78,A,168,196,THR,0,DCP
1H78,A,169,197,ILE,0,DCP
1H78,A,170,198,THR,0,DCP
1H78,A,171,199,PHE,0,DCP
1H78,A,172,200,GLY,0,DCP
1H78,A,173,201,THR,0,DCP
1H78,A,174,202,GLY,0,DCP
1H78,A,175,203,THR,0,DCP
1H78,A,176,204,ASP,0,DCP
1H78,A,177,205,TRP,0,DCP
1H78,A,178,206,THR,0,DCP
1H78,A,179,207,GLU,0,DCP
1H78,A,180,208,ARG,0,DCP
1H78,A,181,209,MET,0,DCP
1H78,A,182,210,ILE,0,DCP
1H78,A,183,211,GLN,0,DCP
1H78,A,184,212,LYS,0,DCP
1H78,A,185,213,ALA,0,DCP
1H78,A,186,214,ILE,0,DCP
1H78,A,187,215,LEU,0,DCP
1H78,A,188,216,LYS,0,DCP
1H78,A,189,217,ASN,0,DCP
1H78,A,190,218,ARG,0,DCP
1H78,A,191,219,ILE,0,DCP
1H78,A,192,220,LYS,0,DCP
1H78,A,193,221,GLY,0,DCP
1H78,A,194,222,LEU,0,DCP
1H78,A,195,223,GLY,0,DCP
1H78,A,196,224,ARG,0,DCP
1H78,A,197,225,ASP,0,DCP
1H78,A,198,226,GLY,0,DCP
1H78,A,199,227,ILE,0,DCP
1H78,A,200,228,THR,0,DCP
1H78,A,201,229,PRO,0,DCP
1H78,A,202,230,ILE,0,DCP
1H78,A,203,231,PHE,0,DCP
1H78,A,204,232,PRO,0,DCP
1H78,A,205,233,LYS,0,DCP
1H78,A,206,234,LEU,0,DCP
1H78,A,207,235,VAL,0,DCP
1H78,A,208,236,MET,0,DCP
1H78,A,209,237,PHE,0,DCP
1H78,A,210,238,VAL,0,DCP
1H78,A,211,239,GLU,0,DCP
1H78,A,212,240,GLU,0,DCP
1H78,A,213,241,GLY,0,DCP
1H78,A,214,242,VAL,0,DCP
1H78,A,215,243,ASN,0,DCP
1H78,A,216,244,LEU,0,DCP
1H78,A,217,245,TYR,0,DCP
1H78,A,218,246,LYS,0,DCP
1H78,A,219,247,ASP,0,DCP
1H78,A,220,248,ASP,0,DCP
1H78,A,221,249,PRO,0,DCP
1H78,A,222,250,ASN,0,DCP
1H78,A,223,251,TYR,0,DCP
1H78,A,224,252,ASP,0,DCP
1H78,A,225,253,ILE,0,DCP
1H78,A,226,254,LYS,0,DCP
1H78,A,227,255,GLN,0,DCP
1H78,A,228,256,LEU,0,DCP
1H78,A,229,257,ALA,0,DCP
1H78,A,230,258,LEU,0,DCP
1H78,A,231,259,GLU,0,DCP
1H78,A,232,260,CYS,0,DCP
1H78,A,233,261,ALA,0,DCP
1H78,A,234,262,SER,0,DCP
1H78,A,235,263,LYS,0,DCP
1H78,A,236,264,ARG,0,DCP
1H78,A,237,265,MET,0,DCP
1H78,A,238,266,TYR,0,DCP
1H78,A,239,267,PRO,0,DCP
1H78,A,240,268,ASP,0,DCP
1H78,A,241,269,ILE,0,DCP
1H78,A,242,270,ILE,0,DCP
1H78,A,243,271,SER,0,DCP
1H78,A,244,272,ALA,0,DCP
1H78,A,245,273,LYS,0,DCP
1H78,A,246,274,ASN,0,DCP
1H78,A,247,275,ASN,0,DCP
1H78,A,248,276,LYS,0,DCP
1H78,A,249,277,ALA,0,DCP
1H78,A,250,278,ILE,0,DCP
1H78,A,251,279,THR,0,DCP
1H78,A,252,280,GLY,0,DCP
1H78,A,253,281,SER,0,DCP
1H78,A,254,282,SER,0,DCP
1H78,A,255,283,VAL,0,DCP
1H78,A,256,284,PRO,0,DCP
1H78,A,257,285,VAL,0,DCP
1H78,A,258,286,SER,0,DCP
1H78,A,259,287,PRO,0,DCP
1H78,A,260,288,MET,0,DCP
1H78,A,261,289,GLY,0,DCP
1H78,A,262,290,CYS,0,DCP
1H78,A,263,291,ARG,0,DCP
1H78,A,264,292,SER,0,DCP
1H78,A,265,293,PHE,0,DCP
1H78,A,266,294,LEU,0,DCP
1H78,A,267,295,SER,0,DCP
1H78,A,268,296,VAL,0,DCP
1H78,A,269,297,TRP,0,DCP
1H78,A,270,298,LYS,0,DCP
1H78,A,271,299,ASP,0,DCP
1H78,A,272,300,SER,0,DCP
1H78,A,273,301,THR,0,DCP
1H78,A,274,302,GLY,0,DCP
1H78,A,275,303,ASN,0,DCP
1H78,A,276,304,GLU,0,DCP
1H78,A,277,305,ILE,0,DCP
1H78,A,278,306,LEU,0,DCP
1H78,A,279,307,ASP,0,DCP
1H78,A,280,308,GLY,0,DCP
1H78,A,281,309,ARG,0,DCP
1H78,A,282,310,ASN,0,DCP
1H78,A,283,311,ASN,0,DCP
1H78,A,284,312,LEU,0,DCP
1H78,A,285,313,GLY,0,DCP
1H78,A,286,314,VAL,0,DCP
1H78,A,287,315,VAL,0,DCP
1H78,A,288,316,THR,0,DCP
1H78,A,289,317,LEU,0,DCP
1H78,A,290,318,ASN,0,DCP
1H78,A,291,319,LEU,0,DCP
1H78,A,292,320,PRO,0,DCP
1H78,A,293,321,ARG,0,DCP
1H78,A,294,322,ILE,0,DCP
1H78,A,295,323,ALA,0,DCP
1H78,A,296,324,LEU,0,DCP
1H78,A,297,325,ASP,0,DCP
1H78,A,298,326,SER,0,DCP
1H78,A,299,327,TYR,0,DCP
1H78,A,300,328,ILE,0,DCP
1H78,A,301,329,GLY,0,DCP
1H78,A,302,330,THR,0,DCP
1H78,A,303,331,GLN,0,DCP
1H78,A,304,332,PHE,0,DCP
1H78,A,305,333,ASN,0,DCP
1H78,A,306,334,GLU,0,DCP
1H78,A,307,335,GLN,0,DCP
1H78,A,308,336,LYS,0,DCP
1H78,A,309,337,PHE,0,DCP
1H78,A,310,338,VAL,0,DCP
1H78,A,311,339,GLU,0,DCP
1H78,A,312,340,LEU,0,DCP
1H78,A,313,341,PHE,0,DCP
1H78,A,314,342,ASN,0,DCP
1H78,A,315,343,GLU,0,DCP
1H78,A,316,344,ARG,0,DCP
1H78,A,317,345,MET,0,DCP
1H78,A,318,346,ASP,0,DCP
1H78,A,319,347,LEU,0,DCP
1H78,A,320,348,CYS,0,DCP
1H78,A,321,349,PHE,0,DCP
1H78,A,322,350,GLU,0,DCP
1H78,A,323,351,ALA,0,DCP
1H78,A,324,352,LEU,0,DCP
1H78,A,325,353,MET,0,DCP
1H78,A,326,354,CYS,0,DCP
1H78,A,327,355,ARG,0,DCP
1H78,A,328,356,ILE,0,DCP
1H78,A,329,357,SER,0,DCP
1H78,A,330,358,SER,0,DCP
1H78,A,331,359,LEU,0,DCP
1H78,A,332,360,LYS,0,DCP
1H78,A,333,361,GLY,0,DCP
1H78,A,334,362,VAL,0,DCP
1H78,A,335,363,LYS,0,DCP
1H78,A,336,364,ALA,0,DCP
1H78,A,337,365,THR,0,DCP
1H78,A,338,366,VAL,0,DCP
1H78,A,339,367,ALA,0,DCP
1H78,A,340,368,PRO,0,DCP
1H78,A,341,369,ILE,0,DCP
1H78,A,342,370,LEU,0,DCP
1H78,A,343,371,TYR,0,DCP
1H78,A,344,372,GLN,0,DCP
1H78,A,345,373,GLU,0,DCP
1H78,A,346,374,GLY,0,DCP
1H78,A,347,375,ALA,0,DCP
1H78,A,348,376,PHE,0,DCP
1H78,A,349,377,GLY,0,DCP
1H78,A,350,378,VAL,0,DCP
1H78,A,351,379,ARG,0,DCP
1H78,A,352,380,LEU,0,DCP
1H78,A,353,381,LYS,0,DCP
1H78,A,354,382,PRO,0,DCP
1H78,A,355,383,ASP,0,DCP
1H78,A,356,384,ASP,0,DCP
1H78,A,357,385,ASP,0,DCP
1H78,A,358,386,ILE,0,DCP
1H78,A,359,387,ILE,0,DCP
1H78,A,360,388,GLU,0,DCP
1H78,A,361,389,LEU,0,DCP
1H78,A,362,390,PHE,0,DCP
1H78,A,363,391,LYS,0,DCP
1H78,A,364,392,ASN,0,DCP
1H78,A,365,393,GLY,0,DCP
1H78,A,366,394,ARG,0,DCP
1H78,A,367,395,SER,0,DCP
1H78,A,368,396,SER,0,DCP
1H78,A,369,397,VAL,0,DCP
1H78,A,370,398,SER,0,DCP
1H78,A,371,399,LEU,0,DCP
1H78,A,372,400,GLY,0,DCP
1H78,A,373,401,TYR,0,DCP
1H78,A,374,402,ILE,0,DCP
1H78,A,375,403,GLY,0,DCP
1H78,A,376,404,ILE,0,DCP
1H78,A,377,405,HIS,0,DCP
1H78,A,378,406,GLU,0,DCP
1H78,A,379,407,LEU,0,DCP
1H78,A,380,408,ASN,0,DCP
1H78,A,381,409,ILE,0,DCP
1H78,A,382,410,LEU,0,DCP
1H78,A,383,411,VAL,0,DCP
1H78,A,384,412,GLY,0,DCP
1H78,A,385,413,ARG,0,DCP
1H78,A,386,414,ASP,0,DCP
1H78,A,387,415,ILE,0,DCP
1H78,A,388,416,GLY,0,DCP
1H78,A,389,417,ARG,0,DCP
1H78,A,390,418,GLU,0,DCP
1H78,A,391,419,ILE,0,DCP
1H78,A,392,420,LEU,0,DCP
1H78,A,393,421,THR,0,DCP
1H78,A,394,422,LYS,0,DCP
1H78,A,395,423,MET,0,DCP
1H78,A,396,424,ASN,0,DCP
1H78,A,397,425,ALA,0,DCP
1H78,A,398,426,HIS,0,DCP
1H78,A,399,427,LEU,0,DCP
1H78,A,400,428,LYS,0,DCP
1H78,A,401,429,GLN,0,DCP
1H78,A,402,430,TRP,0,DCP
1H78,A,403,431,THR,0,DCP
1H78,A,404,432,GLU,0,DCP
1H78,A,405,433,ARG,0,DCP
1H78,A,406,434,THR,0,DCP
1H78,A,407,435,GLY,0,DCP
1H78,A,408,436,PHE,0,DCP
1H78,A,409,437,ALA,0,DCP
1H78,A,410,438,PHE,0,DCP
1H78,A,411,439,SER,0,DCP
1H78,A,412,440,LEU,0,DCP
1H78,A,413,441,TYR,0,DCP
1H78,A,414,442,SER,0,DCP
1H78,A,415,443,THR,1,DCP
1H78,A,416,444,PRO,1,DCP
1H78,A,417,445,ALA,1,DCP
1H78,A,418,446,GLU,1,DCP
1H78,A,419,447,ASN,1,DCP
1H78,A,420,448,LEU,1,DCP
1H78,A,421,449,CYS,0,DCP
1H78,A,422,450,TYR,0,DCP
1H78,A,423,451,ARG,1,DCP
1H78,A,424,452,PHE,0,DCP
1H78,A,425,453,CYS,0,DCP
1H78,A,426,454,LYS,0,DCP
1H78,A,427,455,LEU,0,DCP
1H78,A,428,456,ASP,0,DCP
1H78,A,429,457,THR,0,DCP
1H78,A,430,458,GLU,0,DCP
1H78,A,431,459,LYS,0,DCP
1H78,A,432,460,TYR,0,DCP
1H78,A,433,461,GLY,0,DCP
1H78,A,434,462,SER,0,DCP
1H78,A,435,463,VAL,0,DCP
1H78,A,436,464,LYS,0,DCP
1H78,A,437,465,ASP,0,DCP
1H78,A,438,466,VAL,0,DCP
1H78,A,439,467,THR,0,DCP
1H78,A,440,468,ASP,0,DCP
1H78,A,441,469,LYS,0,DCP
1H78,A,442,470,GLY,0,DCP
1H78,A,443,471,TRP,0,DCP
1H78,A,444,472,TYR,0,DCP
1H78,A,445,473,THR,0,DCP
1H78,A,446,474,ASN,0,DCP
1H78,A,447,475,SER,0,DCP
1H78,A,448,476,PHE,0,DCP
1H78,A,449,477,HIS,0,DCP
1H78,A,450,478,VAL,0,DCP
1H78,A,451,479,SER,0,DCP
1H78,A,452,480,VAL,0,DCP
1H78,A,453,481,GLU,0,DCP
1H78,A,454,482,GLU,0,DCP
1H78,A,455,483,ASN,0,DCP
1H78,A,456,484,ILE,0,DCP
1H78,A,457,485,THR,0,DCP
1H78,A,458,486,PRO,0,DCP
1H78,A,459,487,PHE,0,DCP
1H78,A,460,488,GLU,0,DCP
1H78,A,461,489,LYS,0,DCP
1H78,A,462,490,ILE,0,DCP
1H78,A,463,491,SER,0,DCP
1H78,A,464,492,ARG,0,DCP
1H78,A,465,493,GLU,0,DCP
1H78,A,466,494,ALA,0,DCP
1H78,A,467,495,PRO,0,DCP
1H78,A,468,496,TYR,0,DCP
1H78,A,469,497,HIS,0,DCP
1H78,A,470,498,PHE,0,DCP
1H78,A,471,499,ILE,0,DCP
1H78,A,472,500,ALA,0,DCP
1H78,A,473,501,THR,0,DCP
1H78,A,474,502,GLY,0,DCP
1H78,A,475,503,GLY,0,DCP
1H78,A,476,504,HIS,0,DCP
1H78,A,477,505,ILE,0,DCP
1H78,A,478,506,SER,0,DCP
1H78,A,479,507,TYR,0,DCP
1H78,A,480,508,VAL,0,DCP
1H78,A,481,509,GLU,0,DCP
1H78,A,482,510,LEU,0,DCP
1H78,A,483,511,PRO,0,DCP
1H78,A,484,512,ASP,0,DCP
1H78,A,485,513,MET,0,DCP
1H78,A,486,514,LYS,0,DCP
1H78,A,487,515,ASN,0,DCP
1H78,A,488,516,ASN,0,DCP
1H78,A,489,517,LEU,0,DCP
1H78,A,490,518,LYS,0,DCP
1H78,A,491,519,GLY,0,DCP
1H78,A,492,520,LEU,0,DCP
1H78,A,493,521,GLU,0,DCP
1H78,A,494,522,ALA,0,DCP
1H78,A,495,523,VAL,0,DCP
1H78,A,496,524,TRP,0,DCP
1H78,A,497,525,ASP,0,DCP
1H78,A,498,526,TYR,0,DCP
1H78,A,499,527,ALA,0,DCP
1H78,A,500,528,ALA,0,DCP
1H78,A,501,529,GLN,0,DCP
1H78,A,502,530,HIS,0,DCP
1H78,A,503,531,LEU,0,DCP
1H78,A,504,532,ASP,0,DCP
1H78,A,505,533,TYR,0,DCP
1H78,A,506,534,PHE,0,DCP
1H78,A,507,535,GLY,0,DCP
1H78,A,508,536,VAL,0,DCP
1H78,A,509,537,ASN,0,DCP
1H78,A,510,538,MET,0,DCP
1H78,A,511,539,PRO,0,DCP
1H78,A,512,540,VAL,0,DCP
1H78,A,513,541,ASP,0,DCP
1H78,A,514,542,LYS,0,DCP
1H78,A,515,543,CYS,0,DCP
1H78,A,516,544,PHE,0,DCP
1H78,A,517,545,THR,0,DCP
1H78,A,518,572,MET,0,DCP
1H78,A,519,573,ASN,0,DCP
1H78,A,520,574,THR,0,DCP
1H78,A,521,575,ILE,0,DCP
1H78,A,522,576,ARG,0,DCP
1H78,A,523,577,ARG,0,DCP
1H78,A,524,578,THR,0,DCP
1H78,A,525,579,CYS,0,DCP
1H78,A,526,580,ALA,0,DCP
1H78,A,527,581,TYR,1,DCP
1H78,A,528,582,LEU,0,DCP
1H78,A,529,583,GLY,0,DCP
1H78,A,530,584,ASN,0,DCP
1H78,A,531,585,PRO,0,DCP
1H78,A,532,586,ASN,0,DCP
1H78,A,533,587,GLU,0,DCP
1H79,A,0,27,SER,0,TTP
1H79,A,1,28,ARG,0,TTP
1H79,A,2,29,VAL,0,TTP
1H79,A,3,30,PHE,0,TTP
1H79,A,4,31,PRO,0,TTP
1H79,A,5,32,THR,0,TTP
1H79,A,6,33,GLN,0,TTP
1H79,A,7,34,ARG,0,TTP
1H79,A,8,35,ASP,0,TTP
1H79,A,9,36,LEU,0,TTP
1H79,A,10,37,MET,0,TTP
1H79,A,11,38,ALA,0,TTP
1H79,A,12,39,GLY,0,TTP
1H79,A,13,40,ILE,0,TTP
1H79,A,14,41,VAL,0,TTP
1H79,A,15,42,SER,0,TTP
1H79,A,16,43,LYS,0,TTP
1H79,A,17,44,HIS,0,TTP
1H79,A,18,45,ILE,0,TTP
1H79,A,19,46,ALA,0,TTP
1H79,A,20,47,LYS,0,TTP
1H79,A,21,48,ASN,0,TTP
1H79,A,22,49,MET,0,TTP
1H79,A,23,50,VAL,0,TTP
1H79,A,24,51,PRO,0,TTP
1H79,A,25,52,SER,0,TTP
1H79,A,26,53,PHE,0,TTP
1H79,A,27,54,ILE,0,TTP
1H79,A,28,55,MET,0,TTP
1H79,A,29,56,LYS,0,TTP
1H79,A,30,57,ALA,0,TTP
1H79,A,31,58,HIS,0,TTP
1H79,A,32,59,GLU,0,TTP
1H79,A,33,60,SER,0,TTP
1H79,A,34,61,GLY,0,TTP
1H79,A,35,62,ILE,0,TTP
1H79,A,36,63,ILE,0,TTP
1H79,A,37,64,HIS,1,TTP
1H79,A,38,65,VAL,1,TTP
1H79,A,39,66,HIS,1,TTP
1H79,A,40,67,ASP,1,TTP
1H79,A,41,68,ILE,0,TTP
1H79,A,42,69,ASP,1,TTP
1H79,A,43,70,TYR,0,TTP
1H79,A,44,71,SER,0,TTP
1H79,A,45,72,PRO,0,TTP
1H79,A,46,73,ALA,0,TTP
1H79,A,47,74,LEU,0,TTP
1H79,A,48,75,PRO,0,TTP
1H79,A,49,76,PHE,0,TTP
1H79,A,50,77,THR,0,TTP
1H79,A,51,78,ASN,0,TTP
1H79,A,52,79,CYS,0,TTP
1H79,A,53,80,CYS,0,TTP
1H79,A,54,81,LEU,0,TTP
1H79,A,55,82,VAL,0,TTP
1H79,A,56,83,ASP,0,TTP
1H79,A,57,84,LEU,0,TTP
1H79,A,58,85,LYS,0,TTP
1H79,A,59,86,GLY,0,TTP
1H79,A,60,87,MET,0,TTP
1H79,A,61,88,LEU,0,TTP
1H79,A,62,89,GLU,0,TTP
1H79,A,63,90,ASN,0,TTP
1H79,A,64,91,GLY,0,TTP
1H79,A,65,92,PHE,0,TTP
1H79,A,66,93,LYS,0,TTP
1H79,A,67,94,LEU,0,TTP
1H79,A,68,95,GLY,0,TTP
1H79,A,69,96,ASN,0,TTP
1H79,A,70,97,ALA,0,TTP
1H79,A,71,98,GLN,0,TTP
1H79,A,72,99,ILE,0,TTP
1H79,A,73,100,GLU,0,TTP
1H79,A,74,101,THR,0,TTP
1H79,A,75,102,PRO,0,TTP
1H79,A,76,103,LYS,0,TTP
1H79,A,77,104,SER,0,TTP
1H79,A,78,105,ILE,0,TTP
1H79,A,79,106,GLY,0,TTP
1H79,A,80,107,VAL,0,TTP
1H79,A,81,108,ALA,0,TTP
1H79,A,82,109,THR,0,TTP
1H79,A,83,110,ALA,0,TTP
1H79,A,84,111,ILE,0,TTP
1H79,A,85,112,MET,0,TTP
1H79,A,86,113,ALA,0,TTP
1H79,A,87,114,GLN,0,TTP
1H79,A,88,115,ILE,0,TTP
1H79,A,89,116,THR,0,TTP
1H79,A,90,117,ALA,0,TTP
1H79,A,91,118,GLN,0,TTP
1H79,A,92,119,VAL,0,TTP
1H79,A,93,120,ALA,0,TTP
1H79,A,94,121,SER,0,TTP
1H79,A,95,122,HIS,0,TTP
1H79,A,96,123,GLN,0,TTP
1H79,A,97,124,TYR,0,TTP
1H79,A,98,125,GLY,0,TTP
1H79,A,99,126,GLY,0,TTP
1H79,A,100,127,THR,0,TTP
1H79,A,101,128,THR,0,TTP
1H79,A,102,129,PHE,0,TTP
1H79,A,103,130,ALA,0,TTP
1H79,A,104,131,ASN,0,TTP
1H79,A,105,132,VAL,0,TTP
1H79,A,106,133,ASP,0,TTP
1H79,A,107,134,LYS,0,TTP
1H79,A,108,135,VAL,0,TTP
1H79,A,109,136,LEU,0,TTP
1H79,A,110,137,SER,0,TTP
1H79,A,111,138,PRO,0,TTP
1H79,A,112,139,TYR,0,TTP
1H79,A,113,140,VAL,0,TTP
1H79,A,114,141,LYS,0,TTP
1H79,A,115,142,ARG,0,TTP
1H79,A,116,143,THR,0,TTP
1H79,A,117,144,TYR,0,TTP
1H79,A,118,145,ALA,0,TTP
1H79,A,119,146,LYS,0,TTP
1H79,A,120,147,HIS,0,TTP
1H79,A,121,148,ILE,0,TTP
1H79,A,122,149,GLU,0,TTP
1H79,A,123,150,ASP,0,TTP
1H79,A,124,151,ALA,0,TTP
1H79,A,125,152,GLU,0,TTP
1H79,A,126,153,LYS,0,TTP
1H79,A,127,154,TRP,0,TTP
1H79,A,128,155,GLN,0,TTP
1H79,A,129,156,ILE,0,TTP
1H79,A,130,157,ALA,0,TTP
1H79,A,131,158,ASP,0,TTP
1H79,A,132,159,ALA,0,TTP
1H79,A,133,160,LEU,0,TTP
1H79,A,134,161,ASN,0,TTP
1H79,A,135,162,TYR,0,TTP
1H79,A,136,163,ALA,0,TTP
1H79,A,137,164,GLN,0,TTP
1H79,A,138,165,SER,0,TTP
1H79,A,139,166,LYS,0,TTP
1H79,A,140,167,THR,0,TTP
1H79,A,141,168,GLU,0,TTP
1H79,A,142,169,LYS,0,TTP
1H79,A,143,170,ASP,0,TTP
1H79,A,144,171,VAL,0,TTP
1H79,A,145,172,TYR,0,TTP
1H79,A,146,173,ASP,0,TTP
1H79,A,147,174,ALA,0,TTP
1H79,A,148,175,PHE,0,TTP
1H79,A,149,176,GLN,0,TTP
1H79,A,150,177,ALA,0,TTP
1H79,A,151,178,TYR,0,TTP
1H79,A,152,179,GLU,0,TTP
1H79,A,153,180,TYR,0,TTP
1H79,A,154,181,GLU,0,TTP
1H79,A,155,182,VAL,0,TTP
1H79,A,156,183,ASN,0,TTP
1H79,A,157,184,THR,0,TTP
1H79,A,158,185,LEU,0,TTP
1H79,A,159,186,PHE,0,TTP
1H79,A,160,187,SER,0,TTP
1H79,A,161,188,SER,0,TTP
1H79,A,162,189,ASN,0,TTP
1H79,A,163,190,GLY,0,TTP
1H79,A,164,191,GLN,1,TTP
1H79,A,165,192,THR,0,TTP
1H79,A,166,193,PRO,0,TTP
1H79,A,167,194,PHE,0,TTP
1H79,A,168,195,VAL,0,TTP
1H79,A,169,196,THR,0,TTP
1H79,A,170,197,ILE,0,TTP
1H79,A,171,198,THR,0,TTP
1H79,A,172,199,PHE,0,TTP
1H79,A,173,200,GLY,0,TTP
1H79,A,174,201,THR,0,TTP
1H79,A,175,202,GLY,0,TTP
1H79,A,176,203,THR,0,TTP
1H79,A,177,204,ASP,0,TTP
1H79,A,178,205,TRP,0,TTP
1H79,A,179,206,THR,0,TTP
1H79,A,180,207,GLU,0,TTP
1H79,A,181,208,ARG,0,TTP
1H79,A,182,209,MET,0,TTP
1H79,A,183,210,ILE,0,TTP
1H79,A,184,211,GLN,0,TTP
1H79,A,185,212,LYS,0,TTP
1H79,A,186,213,ALA,0,TTP
1H79,A,187,214,ILE,0,TTP
1H79,A,188,215,LEU,0,TTP
1H79,A,189,216,LYS,0,TTP
1H79,A,190,217,ASN,0,TTP
1H79,A,191,218,ARG,0,TTP
1H79,A,192,219,ILE,0,TTP
1H79,A,193,220,LYS,0,TTP
1H79,A,194,221,GLY,0,TTP
1H79,A,195,222,LEU,0,TTP
1H79,A,196,223,GLY,0,TTP
1H79,A,197,224,ARG,0,TTP
1H79,A,198,225,ASP,0,TTP
1H79,A,199,226,GLY,0,TTP
1H79,A,200,227,ILE,0,TTP
1H79,A,201,228,THR,0,TTP
1H79,A,202,229,PRO,0,TTP
1H79,A,203,230,ILE,0,TTP
1H79,A,204,231,PHE,0,TTP
1H79,A,205,232,PRO,0,TTP
1H79,A,206,233,LYS,0,TTP
1H79,A,207,234,LEU,0,TTP
1H79,A,208,235,VAL,0,TTP
1H79,A,209,236,MET,0,TTP
1H79,A,210,237,PHE,0,TTP
1H79,A,211,238,VAL,0,TTP
1H79,A,212,239,GLU,0,TTP
1H79,A,213,240,GLU,0,TTP
1H79,A,214,241,GLY,0,TTP
1H79,A,215,242,VAL,0,TTP
1H79,A,216,243,ASN,0,TTP
1H79,A,217,244,LEU,0,TTP
1H79,A,218,245,TYR,0,TTP
1H79,A,219,246,LYS,0,TTP
1H79,A,220,247,ASP,0,TTP
1H79,A,221,248,ASP,0,TTP
1H79,A,222,249,PRO,0,TTP
1H79,A,223,250,ASN,0,TTP
1H79,A,224,251,TYR,0,TTP
1H79,A,225,252,ASP,0,TTP
1H79,A,226,253,ILE,0,TTP
1H79,A,227,254,LYS,0,TTP
1H79,A,228,255,GLN,0,TTP
1H79,A,229,256,LEU,0,TTP
1H79,A,230,257,ALA,0,TTP
1H79,A,231,258,LEU,0,TTP
1H79,A,232,259,GLU,0,TTP
1H79,A,233,260,CYS,0,TTP
1H79,A,234,261,ALA,0,TTP
1H79,A,235,262,SER,0,TTP
1H79,A,236,263,LYS,0,TTP
1H79,A,237,264,ARG,0,TTP
1H79,A,238,265,MET,0,TTP
1H79,A,239,266,TYR,0,TTP
1H79,A,240,267,PRO,0,TTP
1H79,A,241,268,ASP,0,TTP
1H79,A,242,269,ILE,0,TTP
1H79,A,243,270,ILE,0,TTP
1H79,A,244,271,SER,0,TTP
1H79,A,245,272,ALA,0,TTP
1H79,A,246,273,LYS,0,TTP
1H79,A,247,274,ASN,0,TTP
1H79,A,248,275,ASN,0,TTP
1H79,A,249,276,LYS,0,TTP
1H79,A,250,277,ALA,0,TTP
1H79,A,251,278,ILE,0,TTP
1H79,A,252,279,THR,0,TTP
1H79,A,253,280,GLY,0,TTP
1H79,A,254,281,SER,0,TTP
1H79,A,255,282,SER,0,TTP
1H79,A,256,283,VAL,0,TTP
1H79,A,257,284,PRO,0,TTP
1H79,A,258,285,VAL,0,TTP
1H79,A,259,286,SER,0,TTP
1H79,A,260,287,PRO,0,TTP
1H79,A,261,288,MET,0,TTP
1H79,A,262,289,GLY,0,TTP
1H79,A,263,290,CYS,0,TTP
1H79,A,264,291,ARG,0,TTP
1H79,A,265,292,SER,0,TTP
1H79,A,266,293,PHE,0,TTP
1H79,A,267,294,LEU,0,TTP
1H79,A,268,295,SER,0,TTP
1H79,A,269,296,VAL,0,TTP
1H79,A,270,297,TRP,0,TTP
1H79,A,271,298,LYS,0,TTP
1H79,A,272,299,ASP,0,TTP
1H79,A,273,300,SER,0,TTP
1H79,A,274,301,THR,0,TTP
1H79,A,275,302,GLY,0,TTP
1H79,A,276,303,ASN,0,TTP
1H79,A,277,304,GLU,0,TTP
1H79,A,278,305,ILE,0,TTP
1H79,A,279,306,LEU,0,TTP
1H79,A,280,307,ASP,0,TTP
1H79,A,281,308,GLY,0,TTP
1H79,A,282,309,ARG,0,TTP
1H79,A,283,310,ASN,0,TTP
1H79,A,284,311,ASN,0,TTP
1H79,A,285,312,LEU,0,TTP
1H79,A,286,313,GLY,0,TTP
1H79,A,287,314,VAL,0,TTP
1H79,A,288,315,VAL,0,TTP
1H79,A,289,316,THR,0,TTP
1H79,A,290,317,LEU,0,TTP
1H79,A,291,318,ASN,0,TTP
1H79,A,292,319,LEU,0,TTP
1H79,A,293,320,PRO,0,TTP
1H79,A,294,321,ARG,0,TTP
1H79,A,295,322,ILE,0,TTP
1H79,A,296,323,ALA,0,TTP
1H79,A,297,324,LEU,0,TTP
1H79,A,298,325,ASP,0,TTP
1H79,A,299,326,SER,0,TTP
1H79,A,300,327,TYR,0,TTP
1H79,A,301,328,ILE,0,TTP
1H79,A,302,329,GLY,0,TTP
1H79,A,303,330,THR,0,TTP
1H79,A,304,331,GLN,0,TTP
1H79,A,305,332,PHE,0,TTP
1H79,A,306,333,ASN,0,TTP
1H79,A,307,334,GLU,0,TTP
1H79,A,308,335,GLN,0,TTP
1H79,A,309,336,LYS,0,TTP
1H79,A,310,337,PHE,0,TTP
1H79,A,311,338,VAL,0,TTP
1H79,A,312,339,GLU,0,TTP
1H79,A,313,340,LEU,0,TTP
1H79,A,314,341,PHE,0,TTP
1H79,A,315,342,ASN,0,TTP
1H79,A,316,343,GLU,0,TTP
1H79,A,317,344,ARG,0,TTP
1H79,A,318,345,MET,0,TTP
1H79,A,319,346,ASP,0,TTP
1H79,A,320,347,LEU,0,TTP
1H79,A,321,348,CYS,0,TTP
1H79,A,322,349,PHE,0,TTP
1H79,A,323,350,GLU,0,TTP
1H79,A,324,351,ALA,0,TTP
1H79,A,325,352,LEU,0,TTP
1H79,A,326,353,MET,0,TTP
1H79,A,327,354,CYS,0,TTP
1H79,A,328,355,ARG,0,TTP
1H79,A,329,356,ILE,0,TTP
1H79,A,330,357,SER,0,TTP
1H79,A,331,358,SER,0,TTP
1H79,A,332,359,LEU,0,TTP
1H79,A,333,360,LYS,0,TTP
1H79,A,334,361,GLY,0,TTP
1H79,A,335,362,VAL,0,TTP
1H79,A,336,363,LYS,0,TTP
1H79,A,337,364,ALA,0,TTP
1H79,A,338,365,THR,0,TTP
1H79,A,339,366,VAL,0,TTP
1H79,A,340,367,ALA,0,TTP
1H79,A,341,368,PRO,0,TTP
1H79,A,342,369,ILE,0,TTP
1H79,A,343,370,LEU,0,TTP
1H79,A,344,371,TYR,0,TTP
1H79,A,345,372,GLN,0,TTP
1H79,A,346,373,GLU,0,TTP
1H79,A,347,374,GLY,0,TTP
1H79,A,348,375,ALA,0,TTP
1H79,A,349,376,PHE,0,TTP
1H79,A,350,377,GLY,0,TTP
1H79,A,351,378,VAL,0,TTP
1H79,A,352,379,ARG,0,TTP
1H79,A,353,380,LEU,0,TTP
1H79,A,354,381,LYS,0,TTP
1H79,A,355,382,PRO,0,TTP
1H79,A,356,383,ASP,0,TTP
1H79,A,357,384,ASP,0,TTP
1H79,A,358,385,ASP,0,TTP
1H79,A,359,386,ILE,0,TTP
1H79,A,360,387,ILE,0,TTP
1H79,A,361,388,GLU,0,TTP
1H79,A,362,389,LEU,0,TTP
1H79,A,363,390,PHE,0,TTP
1H79,A,364,391,LYS,0,TTP
1H79,A,365,392,ASN,0,TTP
1H79,A,366,393,GLY,0,TTP
1H79,A,367,394,ARG,0,TTP
1H79,A,368,395,SER,0,TTP
1H79,A,369,396,SER,0,TTP
1H79,A,370,397,VAL,0,TTP
1H79,A,371,398,SER,0,TTP
1H79,A,372,399,LEU,0,TTP
1H79,A,373,400,GLY,0,TTP
1H79,A,374,401,TYR,0,TTP
1H79,A,375,402,ILE,0,TTP
1H79,A,376,403,GLY,0,TTP
1H79,A,377,404,ILE,0,TTP
1H79,A,378,405,HIS,0,TTP
1H79,A,379,406,GLU,0,TTP
1H79,A,380,407,LEU,0,TTP
1H79,A,381,408,ASN,0,TTP
1H79,A,382,409,ILE,0,TTP
1H79,A,383,410,LEU,0,TTP
1H79,A,384,411,VAL,0,TTP
1H79,A,385,412,GLY,0,TTP
1H79,A,386,413,ARG,0,TTP
1H79,A,387,414,ASP,0,TTP
1H79,A,388,415,ILE,0,TTP
1H79,A,389,416,GLY,0,TTP
1H79,A,390,417,ARG,0,TTP
1H79,A,391,418,GLU,0,TTP
1H79,A,392,419,ILE,0,TTP
1H79,A,393,420,LEU,0,TTP
1H79,A,394,421,THR,0,TTP
1H79,A,395,422,LYS,0,TTP
1H79,A,396,423,MET,0,TTP
1H79,A,397,424,ASN,0,TTP
1H79,A,398,425,ALA,0,TTP
1H79,A,399,426,HIS,0,TTP
1H79,A,400,427,LEU,0,TTP
1H79,A,401,428,LYS,0,TTP
1H79,A,402,429,GLN,0,TTP
1H79,A,403,430,TRP,0,TTP
1H79,A,404,431,THR,0,TTP
1H79,A,405,432,GLU,0,TTP
1H79,A,406,433,ARG,0,TTP
1H79,A,407,434,THR,0,TTP
1H79,A,408,435,GLY,0,TTP
1H79,A,409,436,PHE,0,TTP
1H79,A,410,437,ALA,0,TTP
1H79,A,411,438,PHE,0,TTP
1H79,A,412,439,SER,0,TTP
1H79,A,413,440,LEU,0,TTP
1H79,A,414,441,TYR,0,TTP
1H79,A,415,442,SER,0,TTP
1H79,A,416,443,THR,1,TTP
1H79,A,417,444,PRO,1,TTP
1H79,A,418,445,ALA,1,TTP
1H79,A,419,446,GLU,1,TTP
1H79,A,420,447,ASN,1,TTP
1H79,A,421,448,LEU,1,TTP
1H79,A,422,449,CYS,0,TTP
1H79,A,423,450,TYR,0,TTP
1H79,A,424,451,ARG,1,TTP
1H79,A,425,452,PHE,0,TTP
1H79,A,426,453,CYS,0,TTP
1H79,A,427,454,LYS,0,TTP
1H79,A,428,455,LEU,0,TTP
1H79,A,429,456,ASP,0,TTP
1H79,A,430,457,THR,0,TTP
1H79,A,431,458,GLU,0,TTP
1H79,A,432,459,LYS,0,TTP
1H79,A,433,460,TYR,0,TTP
1H79,A,434,461,GLY,0,TTP
1H79,A,435,462,SER,0,TTP
1H79,A,436,463,VAL,0,TTP
1H79,A,437,464,LYS,0,TTP
1H79,A,438,465,ASP,0,TTP
1H79,A,439,466,VAL,0,TTP
1H79,A,440,467,THR,0,TTP
1H79,A,441,468,ASP,0,TTP
1H79,A,442,469,LYS,0,TTP
1H79,A,443,470,GLY,0,TTP
1H79,A,444,471,TRP,0,TTP
1H79,A,445,472,TYR,0,TTP
1H79,A,446,473,THR,0,TTP
1H79,A,447,474,ASN,0,TTP
1H79,A,448,475,SER,0,TTP
1H79,A,449,476,PHE,0,TTP
1H79,A,450,477,HIS,0,TTP
1H79,A,451,478,VAL,0,TTP
1H79,A,452,479,SER,0,TTP
1H79,A,453,480,VAL,0,TTP
1H79,A,454,481,GLU,0,TTP
1H79,A,455,482,GLU,0,TTP
1H79,A,456,483,ASN,0,TTP
1H79,A,457,484,ILE,0,TTP
1H79,A,458,485,THR,0,TTP
1H79,A,459,486,PRO,0,TTP
1H79,A,460,487,PHE,0,TTP
1H79,A,461,488,GLU,0,TTP
1H79,A,462,489,LYS,0,TTP
1H79,A,463,490,ILE,0,TTP
1H79,A,464,491,SER,0,TTP
1H79,A,465,492,ARG,0,TTP
1H79,A,466,493,GLU,0,TTP
1H79,A,467,494,ALA,0,TTP
1H79,A,468,495,PRO,0,TTP
1H79,A,469,496,TYR,0,TTP
1H79,A,470,497,HIS,0,TTP
1H79,A,471,498,PHE,0,TTP
1H79,A,472,499,ILE,0,TTP
1H79,A,473,500,ALA,0,TTP
1H79,A,474,501,THR,0,TTP
1H79,A,475,502,GLY,0,TTP
1H79,A,476,503,GLY,0,TTP
1H79,A,477,504,HIS,0,TTP
1H79,A,478,505,ILE,0,TTP
1H79,A,479,506,SER,0,TTP
1H79,A,480,507,TYR,0,TTP
1H79,A,481,508,VAL,0,TTP
1H79,A,482,509,GLU,0,TTP
1H79,A,483,510,LEU,0,TTP
1H79,A,484,511,PRO,0,TTP
1H79,A,485,512,ASP,0,TTP
1H79,A,486,513,MET,0,TTP
1H79,A,487,514,LYS,0,TTP
1H79,A,488,515,ASN,0,TTP
1H79,A,489,516,ASN,0,TTP
1H79,A,490,517,LEU,0,TTP
1H79,A,491,518,LYS,0,TTP
1H79,A,492,519,GLY,0,TTP
1H79,A,493,520,LEU,0,TTP
1H79,A,494,521,GLU,0,TTP
1H79,A,495,522,ALA,0,TTP
1H79,A,496,523,VAL,0,TTP
1H79,A,497,524,TRP,0,TTP
1H79,A,498,525,ASP,0,TTP
1H79,A,499,526,TYR,0,TTP
1H79,A,500,527,ALA,0,TTP
1H79,A,501,528,ALA,0,TTP
1H79,A,502,529,GLN,0,TTP
1H79,A,503,530,HIS,0,TTP
1H79,A,504,531,LEU,0,TTP
1H79,A,505,532,ASP,0,TTP
1H79,A,506,533,TYR,0,TTP
1H79,A,507,534,PHE,0,TTP
1H79,A,508,535,GLY,0,TTP
1H79,A,509,536,VAL,0,TTP
1H79,A,510,537,ASN,0,TTP
1H79,A,511,538,MET,0,TTP
1H79,A,512,539,PRO,0,TTP
1H79,A,513,540,VAL,0,TTP
1H79,A,514,541,ASP,0,TTP
1H79,A,515,542,LYS,0,TTP
1H79,A,516,543,CYS,0,TTP
1H79,A,517,544,PHE,0,TTP
1H79,A,518,545,THR,0,TTP
1H79,A,519,546,CYS,0,TTP
1H79,A,520,547,GLY,0,TTP
1H79,A,521,548,SER,0,TTP
1H79,A,522,549,THR,0,TTP
1H79,A,523,550,HIS,0,TTP
1H79,A,524,551,GLU,0,TTP
1H79,A,525,552,MET,0,TTP
1H79,A,526,553,THR,0,TTP
1H79,A,527,554,PRO,0,TTP
1H79,A,528,555,THR,0,TTP
1H79,A,529,556,GLU,0,TTP
1H79,A,530,557,ASN,0,TTP
1H79,A,531,558,GLY,0,TTP
1H79,A,532,559,PHE,0,TTP
1H79,A,533,560,VAL,0,TTP
1H79,A,534,561,CYS,0,TTP
1H79,A,535,562,SER,0,TTP
1H79,A,536,563,ILE,0,TTP
1H79,A,537,564,CYS,0,TTP
1H79,A,538,565,GLY,0,TTP
1H79,A,539,566,GLU,0,TTP
1H79,A,540,567,THR,0,TTP
1H79,A,541,568,ASP,0,TTP
1H79,A,542,569,PRO,0,TTP
1H79,A,543,570,LYS,0,TTP
1H79,A,544,571,LYS,0,TTP
1H79,A,545,572,MET,0,TTP
1H79,A,546,573,ASN,0,TTP
1H79,A,547,574,THR,0,TTP
1H79,A,548,575,ILE,0,TTP
1H79,A,549,576,ARG,0,TTP
1H79,A,550,577,ARG,0,TTP
1H79,A,551,578,THR,0,TTP
1H79,A,552,579,CYS,0,TTP
1H79,A,553,580,ALA,0,TTP
1H79,A,554,581,TYR,1,TTP
1H79,A,555,582,LEU,0,TTP
1H79,A,556,583,GLY,0,TTP
1H79,A,557,584,ASN,0,TTP
1H79,A,558,585,PRO,0,TTP
1H7A,A,0,27,SER,0,DTP
1H7A,A,1,28,ARG,0,DTP
1H7A,A,2,29,VAL,0,DTP
1H7A,A,3,30,PHE,0,DTP
1H7A,A,4,31,PRO,0,DTP
1H7A,A,5,32,THR,0,DTP
1H7A,A,6,33,GLN,0,DTP
1H7A,A,7,34,ARG,0,DTP
1H7A,A,8,35,ASP,0,DTP
1H7A,A,9,36,LEU,0,DTP
1H7A,A,10,37,MET,0,DTP
1H7A,A,11,38,ALA,0,DTP
1H7A,A,12,39,GLY,0,DTP
1H7A,A,13,40,ILE,0,DTP
1H7A,A,14,41,VAL,0,DTP
1H7A,A,15,42,SER,0,DTP
1H7A,A,16,43,LYS,0,DTP
1H7A,A,17,44,HIS,0,DTP
1H7A,A,18,45,ILE,0,DTP
1H7A,A,19,46,ALA,0,DTP
1H7A,A,20,47,LYS,0,DTP
1H7A,A,21,48,ASN,0,DTP
1H7A,A,22,49,MET,0,DTP
1H7A,A,23,50,VAL,0,DTP
1H7A,A,24,51,PRO,0,DTP
1H7A,A,25,52,SER,0,DTP
1H7A,A,26,53,PHE,0,DTP
1H7A,A,27,54,ILE,0,DTP
1H7A,A,28,55,MET,0,DTP
1H7A,A,29,56,LYS,0,DTP
1H7A,A,30,57,ALA,0,DTP
1H7A,A,31,58,HIS,0,DTP
1H7A,A,32,59,GLU,0,DTP
1H7A,A,33,60,SER,0,DTP
1H7A,A,34,61,GLY,0,DTP
1H7A,A,35,62,ILE,0,DTP
1H7A,A,36,63,ILE,0,DTP
1H7A,A,37,64,HIS,0,DTP
1H7A,A,38,65,VAL,0,DTP
1H7A,A,39,66,HIS,0,DTP
1H7A,A,40,67,ASP,0,DTP
1H7A,A,41,68,ILE,0,DTP
1H7A,A,42,69,ASP,0,DTP
1H7A,A,43,70,TYR,0,DTP
1H7A,A,44,71,SER,0,DTP
1H7A,A,45,72,PRO,0,DTP
1H7A,A,46,73,ALA,0,DTP
1H7A,A,47,74,LEU,0,DTP
1H7A,A,48,75,PRO,0,DTP
1H7A,A,49,76,PHE,0,DTP
1H7A,A,50,77,THR,0,DTP
1H7A,A,51,78,ASN,0,DTP
1H7A,A,52,79,CYS,0,DTP
1H7A,A,53,80,CYS,0,DTP
1H7A,A,54,81,LEU,0,DTP
1H7A,A,55,82,VAL,0,DTP
1H7A,A,56,83,ASP,0,DTP
1H7A,A,57,84,LEU,0,DTP
1H7A,A,58,85,LYS,0,DTP
1H7A,A,59,86,GLY,0,DTP
1H7A,A,60,87,MET,0,DTP
1H7A,A,61,88,LEU,0,DTP
1H7A,A,62,89,GLU,0,DTP
1H7A,A,63,90,ASN,0,DTP
1H7A,A,64,91,GLY,0,DTP
1H7A,A,65,92,PHE,0,DTP
1H7A,A,66,93,LYS,0,DTP
1H7A,A,67,94,LEU,0,DTP
1H7A,A,68,95,GLY,0,DTP
1H7A,A,69,96,ASN,0,DTP
1H7A,A,70,97,ALA,0,DTP
1H7A,A,71,98,GLN,1,DTP
1H7A,A,72,99,ILE,1,DTP
1H7A,A,73,100,GLU,1,DTP
1H7A,A,74,101,THR,1,DTP
1H7A,A,75,102,PRO,1,DTP
1H7A,A,76,103,LYS,1,DTP
1H7A,A,77,104,SER,1,DTP
1H7A,A,78,105,ILE,0,DTP
1H7A,A,79,106,GLY,0,DTP
1H7A,A,80,107,VAL,1,DTP
1H7A,A,81,108,ALA,0,DTP
1H7A,A,82,109,THR,0,DTP
1H7A,A,83,110,ALA,1,DTP
1H7A,A,84,111,ILE,1,DTP
1H7A,A,85,112,MET,0,DTP
1H7A,A,86,113,ALA,0,DTP
1H7A,A,87,114,GLN,1,DTP
1H7A,A,88,115,ILE,0,DTP
1H7A,A,89,116,THR,0,DTP
1H7A,A,90,117,ALA,0,DTP
1H7A,A,91,118,GLN,0,DTP
1H7A,A,92,119,VAL,0,DTP
1H7A,A,93,120,ALA,0,DTP
1H7A,A,94,121,SER,0,DTP
1H7A,A,95,122,HIS,0,DTP
1H7A,A,96,123,GLN,0,DTP
1H7A,A,97,124,TYR,0,DTP
1H7A,A,98,125,GLY,0,DTP
1H7A,A,99,126,GLY,0,DTP
1H7A,A,100,127,THR,0,DTP
1H7A,A,101,128,THR,0,DTP
1H7A,A,102,129,PHE,0,DTP
1H7A,A,103,130,ALA,0,DTP
1H7A,A,104,131,ASN,0,DTP
1H7A,A,105,132,VAL,0,DTP
1H7A,A,106,133,ASP,0,DTP
1H7A,A,107,134,LYS,0,DTP
1H7A,A,108,135,VAL,0,DTP
1H7A,A,109,136,LEU,0,DTP
1H7A,A,110,137,SER,0,DTP
1H7A,A,111,138,PRO,0,DTP
1H7A,A,112,139,TYR,0,DTP
1H7A,A,113,140,VAL,0,DTP
1H7A,A,114,141,LYS,0,DTP
1H7A,A,115,142,ARG,0,DTP
1H7A,A,116,143,THR,0,DTP
1H7A,A,117,144,TYR,0,DTP
1H7A,A,118,145,ALA,0,DTP
1H7A,A,119,146,LYS,1,DTP
1H7A,A,120,147,HIS,0,DTP
1H7A,A,121,148,ILE,0,DTP
1H7A,A,122,149,GLU,0,DTP
1H7A,A,123,150,ASP,0,DTP
1H7A,A,124,151,ALA,0,DTP
1H7A,A,125,152,GLU,0,DTP
1H7A,A,126,153,LYS,0,DTP
1H7A,A,127,154,TRP,0,DTP
1H7A,A,128,155,GLN,0,DTP
1H7A,A,129,156,ILE,0,DTP
1H7A,A,130,157,ALA,0,DTP
1H7A,A,131,158,ASP,0,DTP
1H7A,A,132,159,ALA,0,DTP
1H7A,A,133,160,LEU,0,DTP
1H7A,A,134,161,ASN,0,DTP
1H7A,A,135,162,TYR,0,DTP
1H7A,A,136,163,ALA,0,DTP
1H7A,A,137,164,GLN,0,DTP
1H7A,A,138,165,SER,0,DTP
1H7A,A,139,166,LYS,0,DTP
1H7A,A,140,167,THR,0,DTP
1H7A,A,141,168,GLU,0,DTP
1H7A,A,142,169,LYS,0,DTP
1H7A,A,143,170,ASP,0,DTP
1H7A,A,144,171,VAL,0,DTP
1H7A,A,145,172,TYR,0,DTP
1H7A,A,146,173,ASP,0,DTP
1H7A,A,147,174,ALA,0,DTP
1H7A,A,148,175,PHE,0,DTP
1H7A,A,149,176,GLN,0,DTP
1H7A,A,150,177,ALA,0,DTP
1H7A,A,151,178,TYR,0,DTP
1H7A,A,152,179,GLU,0,DTP
1H7A,A,153,180,TYR,0,DTP
1H7A,A,154,181,GLU,0,DTP
1H7A,A,155,182,VAL,0,DTP
1H7A,A,156,183,ASN,0,DTP
1H7A,A,157,184,THR,0,DTP
1H7A,A,158,185,LEU,0,DTP
1H7A,A,159,186,PHE,0,DTP
1H7A,A,160,187,SER,0,DTP
1H7A,A,161,188,SER,0,DTP
1H7A,A,162,189,ASN,0,DTP
1H7A,A,163,190,GLY,0,DTP
1H7A,A,164,191,GLN,0,DTP
1H7A,A,165,192,THR,0,DTP
1H7A,A,166,193,PRO,0,DTP
1H7A,A,167,194,PHE,0,DTP
1H7A,A,168,195,VAL,0,DTP
1H7A,A,169,196,THR,0,DTP
1H7A,A,170,197,ILE,0,DTP
1H7A,A,171,198,THR,0,DTP
1H7A,A,172,199,PHE,0,DTP
1H7A,A,173,200,GLY,0,DTP
1H7A,A,174,201,THR,0,DTP
1H7A,A,175,202,GLY,0,DTP
1H7A,A,176,203,THR,0,DTP
1H7A,A,177,204,ASP,0,DTP
1H7A,A,178,205,TRP,0,DTP
1H7A,A,179,206,THR,0,DTP
1H7A,A,180,207,GLU,0,DTP
1H7A,A,181,208,ARG,0,DTP
1H7A,A,182,209,MET,0,DTP
1H7A,A,183,210,ILE,0,DTP
1H7A,A,184,211,GLN,0,DTP
1H7A,A,185,212,LYS,0,DTP
1H7A,A,186,213,ALA,0,DTP
1H7A,A,187,214,ILE,0,DTP
1H7A,A,188,215,LEU,0,DTP
1H7A,A,189,216,LYS,0,DTP
1H7A,A,190,217,ASN,0,DTP
1H7A,A,191,218,ARG,0,DTP
1H7A,A,192,219,ILE,0,DTP
1H7A,A,193,220,LYS,0,DTP
1H7A,A,194,221,GLY,0,DTP
1H7A,A,195,222,LEU,0,DTP
1H7A,A,196,223,GLY,0,DTP
1H7A,A,197,224,ARG,0,DTP
1H7A,A,198,225,ASP,0,DTP
1H7A,A,199,226,GLY,0,DTP
1H7A,A,200,227,ILE,0,DTP
1H7A,A,201,228,THR,0,DTP
1H7A,A,202,229,PRO,0,DTP
1H7A,A,203,230,ILE,0,DTP
1H7A,A,204,231,PHE,0,DTP
1H7A,A,205,232,PRO,0,DTP
1H7A,A,206,233,LYS,0,DTP
1H7A,A,207,234,LEU,0,DTP
1H7A,A,208,235,VAL,0,DTP
1H7A,A,209,236,MET,0,DTP
1H7A,A,210,237,PHE,0,DTP
1H7A,A,211,238,VAL,0,DTP
1H7A,A,212,239,GLU,0,DTP
1H7A,A,213,240,GLU,0,DTP
1H7A,A,214,241,GLY,0,DTP
1H7A,A,215,242,VAL,0,DTP
1H7A,A,216,243,ASN,0,DTP
1H7A,A,217,244,LEU,0,DTP
1H7A,A,218,245,TYR,0,DTP
1H7A,A,219,246,LYS,0,DTP
1H7A,A,220,247,ASP,0,DTP
1H7A,A,221,248,ASP,0,DTP
1H7A,A,222,249,PRO,0,DTP
1H7A,A,223,250,ASN,0,DTP
1H7A,A,224,251,TYR,0,DTP
1H7A,A,225,252,ASP,0,DTP
1H7A,A,226,253,ILE,0,DTP
1H7A,A,227,254,LYS,0,DTP
1H7A,A,228,255,GLN,0,DTP
1H7A,A,229,256,LEU,0,DTP
1H7A,A,230,257,ALA,0,DTP
1H7A,A,231,258,LEU,0,DTP
1H7A,A,232,259,GLU,0,DTP
1H7A,A,233,260,CYS,0,DTP
1H7A,A,234,261,ALA,0,DTP
1H7A,A,235,262,SER,0,DTP
1H7A,A,236,263,LYS,0,DTP
1H7A,A,237,264,ARG,0,DTP
1H7A,A,238,265,MET,0,DTP
1H7A,A,239,266,TYR,0,DTP
1H7A,A,240,267,PRO,0,DTP
1H7A,A,241,268,ASP,0,DTP
1H7A,A,242,269,ILE,0,DTP
1H7A,A,243,270,ILE,0,DTP
1H7A,A,244,271,SER,0,DTP
1H7A,A,245,272,ALA,0,DTP
1H7A,A,246,273,LYS,0,DTP
1H7A,A,247,274,ASN,0,DTP
1H7A,A,248,275,ASN,0,DTP
1H7A,A,249,276,LYS,0,DTP
1H7A,A,250,277,ALA,0,DTP
1H7A,A,251,278,ILE,0,DTP
1H7A,A,252,279,THR,0,DTP
1H7A,A,253,280,GLY,0,DTP
1H7A,A,254,281,SER,0,DTP
1H7A,A,255,282,SER,0,DTP
1H7A,A,256,283,VAL,0,DTP
1H7A,A,257,284,PRO,0,DTP
1H7A,A,258,285,VAL,0,DTP
1H7A,A,259,286,SER,0,DTP
1H7A,A,260,287,PRO,0,DTP
1H7A,A,261,288,MET,0,DTP
1H7A,A,262,289,GLY,0,DTP
1H7A,A,263,290,CYS,0,DTP
1H7A,A,264,291,ARG,0,DTP
1H7A,A,265,292,SER,0,DTP
1H7A,A,266,293,PHE,0,DTP
1H7A,A,267,294,LEU,0,DTP
1H7A,A,268,295,SER,0,DTP
1H7A,A,269,296,VAL,0,DTP
1H7A,A,270,297,TRP,0,DTP
1H7A,A,271,298,LYS,0,DTP
1H7A,A,272,299,ASP,0,DTP
1H7A,A,273,300,SER,0,DTP
1H7A,A,274,301,THR,0,DTP
1H7A,A,275,302,GLY,0,DTP
1H7A,A,276,303,ASN,0,DTP
1H7A,A,277,304,GLU,0,DTP
1H7A,A,278,305,ILE,0,DTP
1H7A,A,279,306,LEU,0,DTP
1H7A,A,280,307,ASP,0,DTP
1H7A,A,281,308,GLY,0,DTP
1H7A,A,282,309,ARG,0,DTP
1H7A,A,283,310,ASN,0,DTP
1H7A,A,284,311,ASN,0,DTP
1H7A,A,285,312,LEU,0,DTP
1H7A,A,286,313,GLY,0,DTP
1H7A,A,287,314,VAL,0,DTP
1H7A,A,288,315,VAL,0,DTP
1H7A,A,289,316,THR,0,DTP
1H7A,A,290,317,LEU,0,DTP
1H7A,A,291,318,ASN,0,DTP
1H7A,A,292,319,LEU,0,DTP
1H7A,A,293,320,PRO,0,DTP
1H7A,A,294,321,ARG,0,DTP
1H7A,A,295,322,ILE,0,DTP
1H7A,A,296,323,ALA,0,DTP
1H7A,A,297,324,LEU,0,DTP
1H7A,A,298,325,ASP,0,DTP
1H7A,A,299,326,SER,0,DTP
1H7A,A,300,327,TYR,0,DTP
1H7A,A,301,328,ILE,0,DTP
1H7A,A,302,329,GLY,0,DTP
1H7A,A,303,330,THR,0,DTP
1H7A,A,304,331,GLN,0,DTP
1H7A,A,305,332,PHE,0,DTP
1H7A,A,306,333,ASN,0,DTP
1H7A,A,307,334,GLU,0,DTP
1H7A,A,308,335,GLN,0,DTP
1H7A,A,309,336,LYS,0,DTP
1H7A,A,310,337,PHE,0,DTP
1H7A,A,311,338,VAL,0,DTP
1H7A,A,312,339,GLU,0,DTP
1H7A,A,313,340,LEU,0,DTP
1H7A,A,314,341,PHE,0,DTP
1H7A,A,315,342,ASN,0,DTP
1H7A,A,316,343,GLU,0,DTP
1H7A,A,317,344,ARG,0,DTP
1H7A,A,318,345,MET,0,DTP
1H7A,A,319,346,ASP,0,DTP
1H7A,A,320,347,LEU,0,DTP
1H7A,A,321,348,CYS,0,DTP
1H7A,A,322,349,PHE,0,DTP
1H7A,A,323,350,GLU,0,DTP
1H7A,A,324,351,ALA,0,DTP
1H7A,A,325,352,LEU,0,DTP
1H7A,A,326,353,MET,0,DTP
1H7A,A,327,354,CYS,0,DTP
1H7A,A,328,355,ARG,0,DTP
1H7A,A,329,356,ILE,0,DTP
1H7A,A,330,357,SER,0,DTP
1H7A,A,331,358,SER,0,DTP
1H7A,A,332,359,LEU,0,DTP
1H7A,A,333,360,LYS,0,DTP
1H7A,A,334,361,GLY,0,DTP
1H7A,A,335,362,VAL,0,DTP
1H7A,A,336,363,LYS,0,DTP
1H7A,A,337,364,ALA,0,DTP
1H7A,A,338,365,THR,0,DTP
1H7A,A,339,366,VAL,0,DTP
1H7A,A,340,367,ALA,0,DTP
1H7A,A,341,368,PRO,0,DTP
1H7A,A,342,369,ILE,0,DTP
1H7A,A,343,370,LEU,0,DTP
1H7A,A,344,371,TYR,0,DTP
1H7A,A,345,372,GLN,0,DTP
1H7A,A,346,373,GLU,0,DTP
1H7A,A,347,374,GLY,0,DTP
1H7A,A,348,375,ALA,0,DTP
1H7A,A,349,376,PHE,0,DTP
1H7A,A,350,377,GLY,0,DTP
1H7A,A,351,378,VAL,0,DTP
1H7A,A,352,379,ARG,0,DTP
1H7A,A,353,380,LEU,0,DTP
1H7A,A,354,381,LYS,0,DTP
1H7A,A,355,382,PRO,0,DTP
1H7A,A,356,383,ASP,0,DTP
1H7A,A,357,384,ASP,0,DTP
1H7A,A,358,385,ASP,0,DTP
1H7A,A,359,386,ILE,0,DTP
1H7A,A,360,387,ILE,0,DTP
1H7A,A,361,388,GLU,0,DTP
1H7A,A,362,389,LEU,0,DTP
1H7A,A,363,390,PHE,0,DTP
1H7A,A,364,391,LYS,0,DTP
1H7A,A,365,392,ASN,0,DTP
1H7A,A,366,393,GLY,0,DTP
1H7A,A,367,394,ARG,0,DTP
1H7A,A,368,395,SER,0,DTP
1H7A,A,369,396,SER,0,DTP
1H7A,A,370,397,VAL,0,DTP
1H7A,A,371,398,SER,0,DTP
1H7A,A,372,399,LEU,0,DTP
1H7A,A,373,400,GLY,0,DTP
1H7A,A,374,401,TYR,0,DTP
1H7A,A,375,402,ILE,0,DTP
1H7A,A,376,403,GLY,0,DTP
1H7A,A,377,404,ILE,0,DTP
1H7A,A,378,405,HIS,0,DTP
1H7A,A,379,406,GLU,0,DTP
1H7A,A,380,407,LEU,0,DTP
1H7A,A,381,408,ASN,0,DTP
1H7A,A,382,409,ILE,0,DTP
1H7A,A,383,410,LEU,0,DTP
1H7A,A,384,411,VAL,0,DTP
1H7A,A,385,412,GLY,0,DTP
1H7A,A,386,413,ARG,0,DTP
1H7A,A,387,414,ASP,0,DTP
1H7A,A,388,415,ILE,0,DTP
1H7A,A,389,416,GLY,0,DTP
1H7A,A,390,417,ARG,0,DTP
1H7A,A,391,418,GLU,0,DTP
1H7A,A,392,419,ILE,0,DTP
1H7A,A,393,420,LEU,0,DTP
1H7A,A,394,421,THR,0,DTP
1H7A,A,395,422,LYS,0,DTP
1H7A,A,396,423,MET,0,DTP
1H7A,A,397,424,ASN,0,DTP
1H7A,A,398,425,ALA,0,DTP
1H7A,A,399,426,HIS,0,DTP
1H7A,A,400,427,LEU,0,DTP
1H7A,A,401,428,LYS,0,DTP
1H7A,A,402,429,GLN,0,DTP
1H7A,A,403,430,TRP,0,DTP
1H7A,A,404,431,THR,0,DTP
1H7A,A,405,432,GLU,0,DTP
1H7A,A,406,433,ARG,0,DTP
1H7A,A,407,434,THR,0,DTP
1H7A,A,408,435,GLY,0,DTP
1H7A,A,409,436,PHE,0,DTP
1H7A,A,410,437,ALA,0,DTP
1H7A,A,411,438,PHE,0,DTP
1H7A,A,412,439,SER,0,DTP
1H7A,A,413,440,LEU,0,DTP
1H7A,A,414,441,TYR,0,DTP
1H7A,A,415,442,SER,0,DTP
1H7A,A,416,443,THR,0,DTP
1H7A,A,417,444,PRO,0,DTP
1H7A,A,418,445,ALA,0,DTP
1H7A,A,419,446,GLU,0,DTP
1H7A,A,420,447,ASN,0,DTP
1H7A,A,421,448,LEU,0,DTP
1H7A,A,422,449,CYS,0,DTP
1H7A,A,423,450,TYR,0,DTP
1H7A,A,424,451,ARG,0,DTP
1H7A,A,425,452,PHE,0,DTP
1H7A,A,426,453,CYS,0,DTP
1H7A,A,427,454,LYS,0,DTP
1H7A,A,428,455,LEU,0,DTP
1H7A,A,429,456,ASP,0,DTP
1H7A,A,430,457,THR,0,DTP
1H7A,A,431,458,GLU,0,DTP
1H7A,A,432,459,LYS,0,DTP
1H7A,A,433,460,TYR,0,DTP
1H7A,A,434,461,GLY,0,DTP
1H7A,A,435,462,SER,0,DTP
1H7A,A,436,463,VAL,0,DTP
1H7A,A,437,464,LYS,0,DTP
1H7A,A,438,465,ASP,0,DTP
1H7A,A,439,466,VAL,0,DTP
1H7A,A,440,467,THR,0,DTP
1H7A,A,441,468,ASP,0,DTP
1H7A,A,442,469,LYS,0,DTP
1H7A,A,443,470,GLY,0,DTP
1H7A,A,444,471,TRP,0,DTP
1H7A,A,445,472,TYR,0,DTP
1H7A,A,446,473,THR,0,DTP
1H7A,A,447,474,ASN,0,DTP
1H7A,A,448,475,SER,0,DTP
1H7A,A,449,476,PHE,0,DTP
1H7A,A,450,477,HIS,0,DTP
1H7A,A,451,478,VAL,0,DTP
1H7A,A,452,479,SER,0,DTP
1H7A,A,453,480,VAL,0,DTP
1H7A,A,454,481,GLU,0,DTP
1H7A,A,455,482,GLU,0,DTP
1H7A,A,456,483,ASN,0,DTP
1H7A,A,457,484,ILE,0,DTP
1H7A,A,458,485,THR,0,DTP
1H7A,A,459,486,PRO,0,DTP
1H7A,A,460,487,PHE,0,DTP
1H7A,A,461,488,GLU,0,DTP
1H7A,A,462,489,LYS,0,DTP
1H7A,A,463,490,ILE,0,DTP
1H7A,A,464,491,SER,0,DTP
1H7A,A,465,492,ARG,0,DTP
1H7A,A,466,493,GLU,0,DTP
1H7A,A,467,494,ALA,0,DTP
1H7A,A,468,495,PRO,0,DTP
1H7A,A,469,496,TYR,0,DTP
1H7A,A,470,497,HIS,0,DTP
1H7A,A,471,498,PHE,0,DTP
1H7A,A,472,499,ILE,0,DTP
1H7A,A,473,500,ALA,0,DTP
1H7A,A,474,501,THR,0,DTP
1H7A,A,475,502,GLY,0,DTP
1H7A,A,476,503,GLY,0,DTP
1H7A,A,477,504,HIS,0,DTP
1H7A,A,478,505,ILE,0,DTP
1H7A,A,479,506,SER,0,DTP
1H7A,A,480,507,TYR,0,DTP
1H7A,A,481,508,VAL,0,DTP
1H7A,A,482,509,GLU,0,DTP
1H7A,A,483,510,LEU,0,DTP
1H7A,A,484,511,PRO,0,DTP
1H7A,A,485,512,ASP,0,DTP
1H7A,A,486,513,MET,0,DTP
1H7A,A,487,514,LYS,0,DTP
1H7A,A,488,515,ASN,0,DTP
1H7A,A,489,516,ASN,0,DTP
1H7A,A,490,517,LEU,0,DTP
1H7A,A,491,518,LYS,0,DTP
1H7A,A,492,519,GLY,0,DTP
1H7A,A,493,520,LEU,0,DTP
1H7A,A,494,521,GLU,0,DTP
1H7A,A,495,522,ALA,0,DTP
1H7A,A,496,523,VAL,0,DTP
1H7A,A,497,524,TRP,0,DTP
1H7A,A,498,525,ASP,0,DTP
1H7A,A,499,526,TYR,0,DTP
1H7A,A,500,527,ALA,0,DTP
1H7A,A,501,528,ALA,0,DTP
1H7A,A,502,529,GLN,0,DTP
1H7A,A,503,530,HIS,0,DTP
1H7A,A,504,531,LEU,0,DTP
1H7A,A,505,532,ASP,0,DTP
1H7A,A,506,533,TYR,0,DTP
1H7A,A,507,534,PHE,0,DTP
1H7A,A,508,535,GLY,0,DTP
1H7A,A,509,536,VAL,0,DTP
1H7A,A,510,537,ASN,0,DTP
1H7A,A,511,538,MET,0,DTP
1H7A,A,512,539,PRO,0,DTP
1H7A,A,513,540,VAL,0,DTP
1H7A,A,514,541,ASP,0,DTP
1H7A,A,515,542,LYS,0,DTP
1H7A,A,516,543,CYS,0,DTP
1H7A,A,517,544,PHE,0,DTP
1H7A,A,518,545,THR,0,DTP
1H7A,A,519,546,CYS,0,DTP
1H7A,A,520,547,GLY,0,DTP
1H7A,A,521,548,SER,0,DTP
1H7A,A,522,549,THR,0,DTP
1H7A,A,523,550,HIS,0,DTP
1H7A,A,524,551,GLU,0,DTP
1H7A,A,525,552,MET,0,DTP
1H7A,A,526,553,THR,0,DTP
1H7A,A,527,554,PRO,0,DTP
1H7A,A,528,555,THR,0,DTP
1H7A,A,529,556,GLU,0,DTP
1H7A,A,530,557,ASN,0,DTP
1H7A,A,531,558,GLY,0,DTP
1H7A,A,532,559,PHE,0,DTP
1H7A,A,533,560,VAL,0,DTP
1H7A,A,534,561,CYS,0,DTP
1H7A,A,535,562,SER,0,DTP
1H7A,A,536,563,ILE,0,DTP
1H7A,A,537,564,CYS,0,DTP
1H7A,A,538,565,GLY,0,DTP
1H7A,A,539,566,GLU,0,DTP
1H7A,A,540,567,THR,0,DTP
1H7A,A,541,568,ASP,0,DTP
1H7A,A,542,569,PRO,0,DTP
1H7A,A,543,570,LYS,0,DTP
1H7A,A,544,571,LYS,0,DTP
1H7A,A,545,572,MET,0,DTP
1H7A,A,546,573,ASN,0,DTP
1H7A,A,547,574,THR,0,DTP
1H7A,A,548,575,ILE,0,DTP
1H7A,A,549,576,ARG,0,DTP
1H7A,A,550,577,ARG,0,DTP
1H7A,A,551,578,THR,0,DTP
1H7A,A,552,579,CYS,0,DTP
1H7A,A,553,580,ALA,0,DTP
1H7A,A,554,581,TYR,0,DTP
1H7A,A,555,582,LEU,0,DTP
1H7A,A,556,583,GLY,0,DTP
1H7A,A,557,584,ASN,0,DTP
1H7A,A,558,585,PRO,0,DTP
1H7A,A,559,586,ASN,0,DTP
1H7A,A,560,587,GLU,0,DTP
1H7A,A,561,588,ARG,0,DTP
1H7A,A,562,589,GLY,0,DTP
1LLC,A,0,13,ALA,0,AFP
1LLC,A,1,14,SER,0,AFP
1LLC,A,2,15,ILE,0,AFP
1LLC,A,3,16,THR,0,AFP
1LLC,A,4,17,ASP,0,AFP
1LLC,A,5,18,LYS,0,AFP
1LLC,A,6,19,ASP,0,AFP
1LLC,A,7,20,HIS,0,AFP
1LLC,A,8,22,GLN,0,AFP
1LLC,A,9,23,LYS,0,AFP
1LLC,A,10,24,VAL,0,AFP
1LLC,A,11,25,ILE,0,AFP
1LLC,A,12,26,LEU,0,AFP
1LLC,A,13,27,VAL,0,AFP
1LLC,A,14,28,GLY,0,AFP
1LLC,A,15,29,ASP,0,AFP
1LLC,A,16,30,GLY,0,AFP
1LLC,A,17,31,ALA,0,AFP
1LLC,A,18,32,VAL,0,AFP
1LLC,A,19,33,GLY,0,AFP
1LLC,A,20,34,SER,0,AFP
1LLC,A,21,35,SER,0,AFP
1LLC,A,22,36,TYR,0,AFP
1LLC,A,23,37,ALA,0,AFP
1LLC,A,24,38,PHE,0,AFP
1LLC,A,25,39,ALA,0,AFP
1LLC,A,26,40,MET,0,AFP
1LLC,A,27,41,VAL,0,AFP
1LLC,A,28,42,LEU,0,AFP
1LLC,A,29,43,GLN,0,AFP
1LLC,A,30,44,GLY,0,AFP
1LLC,A,31,45,ILE,0,AFP
1LLC,A,32,46,ALA,0,AFP
1LLC,A,33,47,GLN,0,AFP
1LLC,A,34,48,GLU,0,AFP
1LLC,A,35,49,ILE,0,AFP
1LLC,A,36,50,GLY,0,AFP
1LLC,A,37,51,ILE,0,AFP
1LLC,A,38,52,VAL,0,AFP
1LLC,A,39,53,ASP,0,AFP
1LLC,A,40,54,ILE,0,AFP
1LLC,A,41,55,PHE,0,AFP
1LLC,A,42,56,LYS,0,AFP
1LLC,A,43,57,ASP,0,AFP
1LLC,A,44,58,LYS,0,AFP
1LLC,A,45,59,THR,0,AFP
1LLC,A,46,60,LYS,0,AFP
1LLC,A,47,61,GLY,0,AFP
1LLC,A,48,62,ASP,0,AFP
1LLC,A,49,63,ALA,0,AFP
1LLC,A,50,64,ILE,0,AFP
1LLC,A,51,65,ASP,0,AFP
1LLC,A,52,66,LEU,0,AFP
1LLC,A,53,67,SER,0,AFP
1LLC,A,54,68,ASN,0,AFP
1LLC,A,55,69,ALA,0,AFP
1LLC,A,56,70,LEU,0,AFP
1LLC,A,57,71,PRO,0,AFP
1LLC,A,58,72,PHE,0,AFP
1LLC,A,59,73,THR,0,AFP
1LLC,A,60,74,SER,0,AFP
1LLC,A,61,75,PRO,0,AFP
1LLC,A,62,76,LYS,0,AFP
1LLC,A,63,77,LYS,0,AFP
1LLC,A,64,78,ILE,0,AFP
1LLC,A,65,79,TYR,0,AFP
1LLC,A,66,80,SER,0,AFP
1LLC,A,67,81,ALA,0,AFP
1LLC,A,68,84,GLU,0,AFP
1LLC,A,69,85,TYR,0,AFP
1LLC,A,70,86,SER,0,AFP
1LLC,A,71,87,ASP,0,AFP
1LLC,A,72,88,ALA,0,AFP
1LLC,A,73,89,LYS,0,AFP
1LLC,A,74,90,ASP,0,AFP
1LLC,A,75,91,ALA,0,AFP
1LLC,A,76,92,ASP,0,AFP
1LLC,A,77,93,LEU,0,AFP
1LLC,A,78,94,VAL,0,AFP
1LLC,A,79,95,VAL,0,AFP
1LLC,A,80,96,ILE,0,AFP
1LLC,A,81,97,THR,0,AFP
1LLC,A,82,98,ALA,0,AFP
1LLC,A,83,99,GLY,0,AFP
1LLC,A,84,100,ALA,0,AFP
1LLC,A,85,101,PRO,0,AFP
1LLC,A,86,102,LYS,0,AFP
1LLC,A,87,103,GLN,0,AFP
1LLC,A,88,105,PRO,0,AFP
1LLC,A,89,106,GLY,0,AFP
1LLC,A,90,107,GLU,0,AFP
1LLC,A,91,108,THR,0,AFP
1LLC,A,92,109,ARG,0,AFP
1LLC,A,93,110,LEU,0,AFP
1LLC,A,94,111,ASP,0,AFP
1LLC,A,95,112,LEU,0,AFP
1LLC,A,96,113,VAL,0,AFP
1LLC,A,97,114,ASN,0,AFP
1LLC,A,98,115,LYS,0,AFP
1LLC,A,99,116,ASN,0,AFP
1LLC,A,100,117,LEU,0,AFP
1LLC,A,101,118,LYS,0,AFP
1LLC,A,102,119,ILE,0,AFP
1LLC,A,103,120,LEU,0,AFP
1LLC,A,104,121,LYS,0,AFP
1LLC,A,105,122,SER,0,AFP
1LLC,A,106,123,ILE,0,AFP
1LLC,A,107,124,VAL,0,AFP
1LLC,A,108,125,ASP,0,AFP
1LLC,A,109,126,PRO,0,AFP
1LLC,A,110,127,ILE,0,AFP
1LLC,A,111,128,VAL,0,AFP
1LLC,A,112,129,ASP,0,AFP
1LLC,A,113,130,SER,0,AFP
1LLC,A,114,131,GLY,0,AFP
1LLC,A,115,132,PHE,0,AFP
1LLC,A,116,132,ASN,0,AFP
1LLC,A,117,133,LEU,0,AFP
1LLC,A,118,134,ILE,0,AFP
1LLC,A,119,135,PHE,0,AFP
1LLC,A,120,136,LEU,0,AFP
1LLC,A,121,137,VAL,0,AFP
1LLC,A,122,138,ALA,0,AFP
1LLC,A,123,139,ALA,0,AFP
1LLC,A,124,140,ASN,0,AFP
1LLC,A,125,141,PRO,0,AFP
1LLC,A,126,142,VAL,0,AFP
1LLC,A,127,143,ASP,0,AFP
1LLC,A,128,144,ILE,0,AFP
1LLC,A,129,145,LEU,0,AFP
1LLC,A,130,146,THR,0,AFP
1LLC,A,131,147,TYR,0,AFP
1LLC,A,132,148,ALA,0,AFP
1LLC,A,133,149,THR,0,AFP
1LLC,A,134,150,TRP,0,AFP
1LLC,A,135,151,LYS,0,AFP
1LLC,A,136,152,LEU,0,AFP
1LLC,A,137,153,SER,0,AFP
1LLC,A,138,154,GLY,0,AFP
1LLC,A,139,155,PHE,0,AFP
1LLC,A,140,156,PRO,0,AFP
1LLC,A,141,157,LYS,0,AFP
1LLC,A,142,158,ASN,0,AFP
1LLC,A,143,159,ARG,0,AFP
1LLC,A,144,160,VAL,0,AFP
1LLC,A,145,161,VAL,0,AFP
1LLC,A,146,162,GLY,0,AFP
1LLC,A,147,163,SER,0,AFP
1LLC,A,148,164,GLY,0,AFP
1LLC,A,149,165,THR,0,AFP
1LLC,A,150,166,SER,0,AFP
1LLC,A,151,167,LEU,0,AFP
1LLC,A,152,168,ASP,0,AFP
1LLC,A,153,169,THR,1,AFP
1LLC,A,154,170,ALA,1,AFP
1LLC,A,155,171,ARG,0,AFP
1LLC,A,156,172,PHE,0,AFP
1LLC,A,157,173,ARG,1,AFP
1LLC,A,158,174,GLN,0,AFP
1LLC,A,159,175,SER,0,AFP
1LLC,A,160,176,ILE,0,AFP
1LLC,A,161,177,ALA,0,AFP
1LLC,A,162,178,GLU,0,AFP
1LLC,A,163,179,MET,0,AFP
1LLC,A,164,180,VAL,0,AFP
1LLC,A,165,181,ASN,0,AFP
1LLC,A,166,182,VAL,0,AFP
1LLC,A,167,183,ASP,0,AFP
1LLC,A,168,184,ALA,0,AFP
1LLC,A,169,185,ARG,1,AFP
1LLC,A,170,186,SER,0,AFP
1LLC,A,171,187,VAL,1,AFP
1LLC,A,172,188,HIS,1,AFP
1LLC,A,173,189,ALA,1,AFP
1LLC,A,174,190,TYR,1,AFP
1LLC,A,175,191,ILE,0,AFP
1LLC,A,176,192,MET,0,AFP
1LLC,A,177,193,GLY,0,AFP
1LLC,A,178,194,GLU,0,AFP
1LLC,A,179,195,HIS,0,AFP
1LLC,A,180,196,GLY,0,AFP
1LLC,A,181,197,ASP,0,AFP
1LLC,A,182,198,THR,0,AFP
1LLC,A,183,199,GLU,0,AFP
1LLC,A,184,200,PHE,0,AFP
1LLC,A,185,201,PRO,0,AFP
1LLC,A,186,202,VAL,0,AFP
1LLC,A,187,203,TRP,0,AFP
1LLC,A,188,204,SER,0,AFP
1LLC,A,189,205,HIS,1,AFP
1LLC,A,190,206,ALA,0,AFP
1LLC,A,191,207,ASN,0,AFP
1LLC,A,192,208,ILE,0,AFP
1LLC,A,193,209,GLY,0,AFP
1LLC,A,194,209,GLY,0,AFP
1LLC,A,195,209,VAL,0,AFP
1LLC,A,196,209,THR,0,AFP
1LLC,A,197,210,ILE,0,AFP
1LLC,A,198,210,ALA,0,AFP
1LLC,A,199,211,GLU,0,AFP
1LLC,A,200,212,TRP,0,AFP
1LLC,A,201,213,VAL,0,AFP
1LLC,A,202,214,LYS,0,AFP
1LLC,A,203,215,ALA,0,AFP
1LLC,A,204,216,HIS,0,AFP
1LLC,A,205,217,PRO,0,AFP
1LLC,A,206,218,GLU,0,AFP
1LLC,A,207,219,ILE,0,AFP
1LLC,A,208,220,LYS,0,AFP
1LLC,A,209,221,GLU,0,AFP
1LLC,A,210,222,ASP,0,AFP
1LLC,A,211,223,LYS,0,AFP
1LLC,A,212,225,LEU,0,AFP
1LLC,A,213,226,VAL,0,AFP
1LLC,A,214,227,LYS,0,AFP
1LLC,A,215,228,MET,0,AFP
1LLC,A,216,229,PHE,0,AFP
1LLC,A,217,230,GLU,0,AFP
1LLC,A,218,231,ASP,0,AFP
1LLC,A,219,232,VAL,0,AFP
1LLC,A,220,233,ARG,0,AFP
1LLC,A,221,234,ASP,0,AFP
1LLC,A,222,235,ALA,0,AFP
1LLC,A,223,236,ALA,0,AFP
1LLC,A,224,237,TYR,0,AFP
1LLC,A,225,238,GLU,0,AFP
1LLC,A,226,239,ILE,0,AFP
1LLC,A,227,240,ILE,0,AFP
1LLC,A,228,241,LYS,0,AFP
1LLC,A,229,242,LEU,0,AFP
1LLC,A,230,243,LYS,0,AFP
1LLC,A,231,244,GLY,0,AFP
1LLC,A,232,245,ALA,0,AFP
1LLC,A,233,246,THR,0,AFP
1LLC,A,234,247,PHE,0,AFP
1LLC,A,235,248,TYR,0,AFP
1LLC,A,236,249,GLY,0,AFP
1LLC,A,237,250,ILE,0,AFP
1LLC,A,238,251,ALA,0,AFP
1LLC,A,239,252,THR,0,AFP
1LLC,A,240,253,ALA,0,AFP
1LLC,A,241,254,LEU,0,AFP
1LLC,A,242,255,ALA,0,AFP
1LLC,A,243,256,ARG,1,AFP
1LLC,A,244,257,ILE,0,AFP
1LLC,A,245,258,SER,0,AFP
1LLC,A,246,259,LYS,0,AFP
1LLC,A,247,260,ALA,0,AFP
1LLC,A,248,261,ILE,0,AFP
1LLC,A,249,262,LEU,0,AFP
1LLC,A,250,263,ASN,0,AFP
1LLC,A,251,264,ASP,0,AFP
1LLC,A,252,265,GLU,0,AFP
1LLC,A,253,266,ASN,0,AFP
1LLC,A,254,267,ALA,1,AFP
1LLC,A,255,268,VAL,1,AFP
1LLC,A,256,269,LEU,1,AFP
1LLC,A,257,270,PRO,1,AFP
1LLC,A,258,271,LEU,0,AFP
1LLC,A,259,272,SER,0,AFP
1LLC,A,260,273,VAL,0,AFP
1LLC,A,261,274,TYR,0,AFP
1LLC,A,262,275,MET,0,AFP
1LLC,A,263,276,ASP,0,AFP
1LLC,A,264,277,GLY,0,AFP
1LLC,A,265,278,GLN,0,AFP
1LLC,A,266,279,TYR,0,AFP
1LLC,A,267,280,GLY,0,AFP
1LLC,A,268,281,ILE,0,AFP
1LLC,A,269,282,ASN,0,AFP
1LLC,A,270,283,ASP,0,AFP
1LLC,A,271,285,LEU,0,AFP
1LLC,A,272,286,TYR,0,AFP
1LLC,A,273,287,ILE,0,AFP
1LLC,A,274,288,GLY,0,AFP
1LLC,A,275,289,THR,0,AFP
1LLC,A,276,290,PRO,0,AFP
1LLC,A,277,291,ALA,0,AFP
1LLC,A,278,292,VAL,0,AFP
1LLC,A,279,293,ILE,0,AFP
1LLC,A,280,294,ASN,0,AFP
1LLC,A,281,295,ARG,0,AFP
1LLC,A,282,296,ASN,0,AFP
1LLC,A,283,297,GLY,0,AFP
1LLC,A,284,298,ILE,0,AFP
1LLC,A,285,299,GLN,0,AFP
1LLC,A,286,301,ASN,0,AFP
1LLC,A,287,302,ILE,0,AFP
1LLC,A,288,303,LEU,0,AFP
1LLC,A,289,304,GLU,0,AFP
1LLC,A,290,305,ILE,0,AFP
1LLC,A,291,306,PRO,0,AFP
1LLC,A,292,307,LEU,0,AFP
1LLC,A,293,308,THR,0,AFP
1LLC,A,294,309,ASP,0,AFP
1LLC,A,295,310,HIS,0,AFP
1LLC,A,296,311,GLU,0,AFP
1LLC,A,297,312,GLU,0,AFP
1LLC,A,298,313,GLU,0,AFP
1LLC,A,299,314,SER,0,AFP
1LLC,A,300,315,MET,0,AFP
1LLC,A,301,316,GLN,0,AFP
1LLC,A,302,317,LYS,0,AFP
1LLC,A,303,318,SER,0,AFP
1LLC,A,304,319,ALA,0,AFP
1LLC,A,305,320,SER,0,AFP
1LLC,A,306,321,GLN,0,AFP
1LLC,A,307,322,LEU,0,AFP
1LLC,A,308,323,LYS,0,AFP
1LLC,A,309,324,LYS,0,AFP
1LLC,A,310,325,VAL,0,AFP
1LLC,A,311,326,LEU,0,AFP
1LLC,A,312,327,THR,0,AFP
1LLC,A,313,328,ASP,0,AFP
1LLC,A,314,329,ALA,0,AFP
1LLC,A,315,330,PHE,0,AFP
1LLC,A,316,330,ALA,0,AFP
1LLC,A,317,331,LYS,0,AFP
1LLC,A,318,332,ASN,0,AFP
1LLC,A,319,333,ASP,0,AFP
1LLC,A,320,334,ILE,0,AFP
1LTH,R,0,7,PRO,0,FBP
1LTH,R,1,8,THR,0,FBP
1LTH,R,2,9,LYS,0,FBP
1LTH,R,3,10,LEU,0,FBP
1LTH,R,4,11,ALA,0,FBP
1LTH,R,5,12,VAL,0,FBP
1LTH,R,6,13,ILE,0,FBP
1LTH,R,7,14,GLY,0,FBP
1LTH,R,8,15,ALA,0,FBP
1LTH,R,9,16,GLY,0,FBP
1LTH,R,10,17,ALA,0,FBP
1LTH,R,11,18,VAL,0,FBP
1LTH,R,12,19,GLY,0,FBP
1LTH,R,13,20,SER,0,FBP
1LTH,R,14,21,THR,0,FBP
1LTH,R,15,22,LEU,0,FBP
1LTH,R,16,23,ALA,0,FBP
1LTH,R,17,24,PHE,0,FBP
1LTH,R,18,25,ALA,0,FBP
1LTH,R,19,26,ALA,0,FBP
1LTH,R,20,27,ALA,0,FBP
1LTH,R,21,28,GLN,0,FBP
1LTH,R,22,29,ARG,0,FBP
1LTH,R,23,30,GLY,0,FBP
1LTH,R,24,31,ILE,0,FBP
1LTH,R,25,32,ALA,0,FBP
1LTH,R,26,33,ARG,0,FBP
1LTH,R,27,34,GLU,0,FBP
1LTH,R,28,35,ILE,0,FBP
1LTH,R,29,36,VAL,0,FBP
1LTH,R,30,37,LEU,0,FBP
1LTH,R,31,38,GLU,0,FBP
1LTH,R,32,39,ASP,0,FBP
1LTH,R,33,40,ILE,0,FBP
1LTH,R,34,41,ALA,0,FBP
1LTH,R,35,42,LYS,0,FBP
1LTH,R,36,43,GLU,0,FBP
1LTH,R,37,44,ARG,0,FBP
1LTH,R,38,45,VAL,0,FBP
1LTH,R,39,46,GLU,0,FBP
1LTH,R,40,47,ALA,0,FBP
1LTH,R,41,48,GLU,0,FBP
1LTH,R,42,49,VAL,0,FBP
1LTH,R,43,50,LEU,0,FBP
1LTH,R,44,51,ASP,0,FBP
1LTH,R,45,52,MET,0,FBP
1LTH,R,46,53,GLN,0,FBP
1LTH,R,47,54,HIS,0,FBP
1LTH,R,48,55,GLY,0,FBP
1LTH,R,49,56,SER,0,FBP
1LTH,R,50,57,SER,0,FBP
1LTH,R,51,58,PHE,0,FBP
1LTH,R,52,59,TYR,0,FBP
1LTH,R,53,60,PRO,0,FBP
1LTH,R,54,61,THR,0,FBP
1LTH,R,55,62,VAL,0,FBP
1LTH,R,56,63,SER,0,FBP
1LTH,R,57,64,ILE,0,FBP
1LTH,R,58,65,ASP,0,FBP
1LTH,R,59,66,GLY,0,FBP
1LTH,R,60,67,SER,0,FBP
1LTH,R,61,68,ASP,0,FBP
1LTH,R,62,69,ASP,0,FBP
1LTH,R,63,70,PRO,0,FBP
1LTH,R,64,71,GLU,0,FBP
1LTH,R,65,72,ILE,0,FBP
1LTH,R,66,73,CYS,0,FBP
1LTH,R,67,74,ARG,0,FBP
1LTH,R,68,75,ASP,0,FBP
1LTH,R,69,76,ALA,0,FBP
1LTH,R,70,77,ASP,0,FBP
1LTH,R,71,78,MET,0,FBP
1LTH,R,72,79,VAL,0,FBP
1LTH,R,73,80,VAL,0,FBP
1LTH,R,74,81,ILE,0,FBP
1LTH,R,75,82,THR,0,FBP
1LTH,R,76,83,ALA,0,FBP
1LTH,R,77,84,GLY,0,FBP
1LTH,R,78,85,PRO,0,FBP
1LTH,R,79,86,ARG,0,FBP
1LTH,R,80,87,GLN,0,FBP
1LTH,R,81,88,LYS,0,FBP
1LTH,R,82,89,PRO,0,FBP
1LTH,R,83,90,GLY,0,FBP
1LTH,R,84,91,GLN,0,FBP
1LTH,R,85,92,SER,0,FBP
1LTH,R,86,93,ARG,0,FBP
1LTH,R,87,94,LEU,0,FBP
1LTH,R,88,95,GLU,0,FBP
1LTH,R,89,96,LEU,0,FBP
1LTH,R,90,97,VAL,0,FBP
1LTH,R,91,98,GLY,0,FBP
1LTH,R,92,99,ALA,0,FBP
1LTH,R,93,100,THR,0,FBP
1LTH,R,94,101,VAL,0,FBP
1LTH,R,95,102,ASN,0,FBP
1LTH,R,96,103,ILE,0,FBP
1LTH,R,97,104,LEU,0,FBP
1LTH,R,98,105,LYS,0,FBP
1LTH,R,99,106,ALA,0,FBP
1LTH,R,100,107,ILE,0,FBP
1LTH,R,101,108,MET,0,FBP
1LTH,R,102,109,PRO,0,FBP
1LTH,R,103,110,ASN,0,FBP
1LTH,R,104,111,LEU,0,FBP
1LTH,R,105,112,VAL,0,FBP
1LTH,R,106,113,LYS,0,FBP
1LTH,R,107,114,VAL,0,FBP
1LTH,R,108,115,ALA,0,FBP
1LTH,R,109,116,PRO,0,FBP
1LTH,R,110,117,ASN,0,FBP
1LTH,R,111,118,ALA,0,FBP
1LTH,R,112,119,ILE,0,FBP
1LTH,R,113,120,TYR,0,FBP
1LTH,R,114,121,MET,0,FBP
1LTH,R,115,122,LEU,0,FBP
1LTH,R,116,123,ILE,0,FBP
1LTH,R,117,124,THR,0,FBP
1LTH,R,118,125,ASN,0,FBP
1LTH,R,119,126,PRO,0,FBP
1LTH,R,120,127,VAL,0,FBP
1LTH,R,121,128,ASP,0,FBP
1LTH,R,122,129,ILE,0,FBP
1LTH,R,123,130,ALA,0,FBP
1LTH,R,124,131,THR,0,FBP
1LTH,R,125,132,HIS,0,FBP
1LTH,R,126,133,VAL,0,FBP
1LTH,R,127,134,ALA,0,FBP
1LTH,R,128,135,GLN,0,FBP
1LTH,R,129,136,LYS,0,FBP
1LTH,R,130,137,LEU,0,FBP
1LTH,R,131,138,THR,0,FBP
1LTH,R,132,139,GLY,0,FBP
1LTH,R,133,140,LEU,0,FBP
1LTH,R,134,141,PRO,0,FBP
1LTH,R,135,142,GLU,0,FBP
1LTH,R,136,143,ASN,0,FBP
1LTH,R,137,144,GLN,0,FBP
1LTH,R,138,145,ILE,0,FBP
1LTH,R,139,146,PHE,0,FBP
1LTH,R,140,147,GLY,0,FBP
1LTH,R,141,148,SER,0,FBP
1LTH,R,142,149,GLY,0,FBP
1LTH,R,143,150,THR,0,FBP
1LTH,R,144,151,ASN,0,FBP
1LTH,R,145,152,LEU,0,FBP
1LTH,R,146,153,ASP,0,FBP
1LTH,R,147,154,SER,0,FBP
1LTH,R,148,155,ALA,0,FBP
1LTH,R,149,156,ARG,0,FBP
1LTH,R,150,157,LEU,0,FBP
1LTH,R,151,158,ARG,1,FBP
1LTH,R,152,159,PHE,0,FBP
1LTH,R,153,160,LEU,0,FBP
1LTH,R,154,161,ILE,0,FBP
1LTH,R,155,162,ALA,0,FBP
1LTH,R,156,163,GLN,0,FBP
1LTH,R,157,164,GLN,0,FBP
1LTH,R,158,165,THR,0,FBP
1LTH,R,159,166,GLY,0,FBP
1LTH,R,160,167,VAL,0,FBP
1LTH,R,161,168,ASN,0,FBP
1LTH,R,162,169,VAL,0,FBP
1LTH,R,163,170,LYS,1,FBP
1LTH,R,164,171,ASN,1,FBP
1LTH,R,165,172,VAL,1,FBP
1LTH,R,166,173,HIS,1,FBP
1LTH,R,167,174,ALA,0,FBP
1LTH,R,168,175,TYR,1,FBP
1LTH,R,169,176,ILE,0,FBP
1LTH,R,170,177,ALA,0,FBP
1LTH,R,171,178,GLY,0,FBP
1LTH,R,172,179,GLU,0,FBP
1LTH,R,173,180,HIS,0,FBP
1LTH,R,174,181,GLY,0,FBP
1LTH,R,175,182,ASP,0,FBP
1LTH,R,176,183,SER,0,FBP
1LTH,R,177,184,GLU,0,FBP
1LTH,R,178,185,VAL,0,FBP
1LTH,R,179,186,PRO,0,FBP
1LTH,R,180,187,LEU,0,FBP
1LTH,R,181,188,TRP,0,FBP
1LTH,R,182,189,GLU,0,FBP
1LTH,R,183,190,SER,0,FBP
1LTH,R,184,191,ALA,0,FBP
1LTH,R,185,192,THR,0,FBP
1LTH,R,186,193,ILE,0,FBP
1LTH,R,187,194,GLY,0,FBP
1LTH,R,188,195,GLY,0,FBP
1LTH,R,189,196,VAL,0,FBP
1LTH,R,190,197,PRO,0,FBP
1LTH,R,191,198,MET,0,FBP
1LTH,R,192,199,SER,0,FBP
1LTH,R,193,200,ASP,0,FBP
1LTH,R,194,201,TRP,0,FBP
1LTH,R,195,202,THR,0,FBP
1LTH,R,196,203,PRO,0,FBP
1LTH,R,197,204,LEU,0,FBP
1LTH,R,198,205,PRO,0,FBP
1LTH,R,199,206,GLY,0,FBP
1LTH,R,200,207,HIS,0,FBP
1LTH,R,201,208,ASP,0,FBP
1LTH,R,202,209,PRO,0,FBP
1LTH,R,203,210,LEU,0,FBP
1LTH,R,204,211,ASP,0,FBP
1LTH,R,205,212,ALA,0,FBP
1LTH,R,206,213,ASP,0,FBP
1LTH,R,207,214,LYS,0,FBP
1LTH,R,208,215,ARG,0,FBP
1LTH,R,209,216,GLU,0,FBP
1LTH,R,210,217,GLU,0,FBP
1LTH,R,211,218,ILE,0,FBP
1LTH,R,212,219,HIS,0,FBP
1LTH,R,213,220,GLN,0,FBP
1LTH,R,214,221,GLU,0,FBP
1LTH,R,215,222,VAL,0,FBP
1LTH,R,216,223,LYS,0,FBP
1LTH,R,217,224,ASN,0,FBP
1LTH,R,218,225,ALA,0,FBP
1LTH,R,219,226,ALA,0,FBP
1LTH,R,220,227,TYR,0,FBP
1LTH,R,221,228,LYS,0,FBP
1LTH,R,222,229,ILE,0,FBP
1LTH,R,223,230,ILE,0,FBP
1LTH,R,224,231,ASN,0,FBP
1LTH,R,225,232,GLY,0,FBP
1LTH,R,226,233,LYS,0,FBP
1LTH,R,227,234,GLY,0,FBP
1LTH,R,228,235,ALA,0,FBP
1LTH,R,229,236,THR,0,FBP
1LTH,R,230,237,ASN,0,FBP
1LTH,R,231,238,TYR,0,FBP
1LTH,R,232,239,ALA,0,FBP
1LTH,R,233,240,ILE,0,FBP
1LTH,R,234,241,GLY,0,FBP
1LTH,R,235,242,MET,0,FBP
1LTH,R,236,243,SER,0,FBP
1LTH,R,237,244,GLY,0,FBP
1LTH,R,238,245,VAL,0,FBP
1LTH,R,239,246,ASP,0,FBP
1LTH,R,240,247,ILE,0,FBP
1LTH,R,241,248,ILE,0,FBP
1LTH,R,242,249,GLU,0,FBP
1LTH,R,243,250,ALA,0,FBP
1LTH,R,244,251,VAL,0,FBP
1LTH,R,245,252,LEU,0,FBP
1LTH,R,246,253,HIS,0,FBP
1LTH,R,247,254,ASP,0,FBP
1LTH,R,248,255,THR,0,FBP
1LTH,R,249,256,ASN,0,FBP
1LTH,R,250,257,ARG,0,FBP
1LTH,R,251,258,ILE,1,FBP
1LTH,R,252,259,LEU,0,FBP
1LTH,R,253,260,PRO,0,FBP
1LTH,R,254,261,VAL,0,FBP
1LTH,R,255,262,SER,0,FBP
1LTH,R,256,263,SER,0,FBP
1LTH,R,257,264,MET,0,FBP
1LTH,R,258,265,LEU,0,FBP
1LTH,R,259,266,LYS,0,FBP
1LTH,R,260,267,ASP,0,FBP
1LTH,R,261,268,PHE,0,FBP
1LTH,R,262,269,HIS,0,FBP
1LTH,R,263,270,GLY,0,FBP
1LTH,R,264,271,ILE,0,FBP
1LTH,R,265,272,SER,0,FBP
1LTH,R,266,273,ASP,0,FBP
1LTH,R,267,274,ILE,0,FBP
1LTH,R,268,275,CYS,0,FBP
1LTH,R,269,276,MET,0,FBP
1LTH,R,270,277,SER,0,FBP
1LTH,R,271,278,VAL,0,FBP
1LTH,R,272,279,PRO,0,FBP
1LTH,R,273,280,THR,0,FBP
1LTH,R,274,281,LEU,0,FBP
1LTH,R,275,282,LEU,0,FBP
1LTH,R,276,283,ASN,0,FBP
1LTH,R,277,284,ARG,0,FBP
1LTH,R,278,285,GLN,0,FBP
1LTH,R,279,286,GLY,0,FBP
1LTH,R,280,287,VAL,0,FBP
1LTH,R,281,288,ASN,0,FBP
1LTH,R,282,289,ASN,0,FBP
1LTH,R,283,290,THR,0,FBP
1LTH,R,284,291,ILE,0,FBP
1LTH,R,285,292,ASN,0,FBP
1LTH,R,286,293,THR,0,FBP
1LTH,R,287,294,PRO,0,FBP
1LTH,R,288,295,VAL,0,FBP
1LTH,R,289,296,SER,0,FBP
1LTH,R,290,297,ASP,0,FBP
1LTH,R,291,298,LYS,0,FBP
1LTH,R,292,299,GLU,0,FBP
1LTH,R,293,300,LEU,0,FBP
1LTH,R,294,301,ALA,0,FBP
1LTH,R,295,302,ALA,0,FBP
1LTH,R,296,303,LEU,0,FBP
1LTH,R,297,304,LYS,0,FBP
1LTH,R,298,305,ARG,0,FBP
1LTH,R,299,306,SER,0,FBP
1LTH,R,300,307,ALA,0,FBP
1LTH,R,301,308,GLU,0,FBP
1LTH,R,302,309,THR,0,FBP
1LTH,R,303,310,LEU,0,FBP
1LTH,R,304,311,LYS,0,FBP
1LTH,R,305,312,GLU,0,FBP
1LTH,R,306,313,THR,0,FBP
1LTH,R,307,314,ALA,0,FBP
1LTH,R,308,315,ALA,0,FBP
1LTH,R,309,316,GLN,0,FBP
1LTH,R,310,317,PHE,0,FBP
1LTH,R,311,318,GLY,0,FBP
1LTH,R,312,319,PHE,0,FBP
1PZO,A,0,26,HIS,0,CBT
1PZO,A,1,27,PRO,0,CBT
1PZO,A,2,28,GLU,0,CBT
1PZO,A,3,29,THR,0,CBT
1PZO,A,4,30,LEU,0,CBT
1PZO,A,5,31,VAL,0,CBT
1PZO,A,6,32,LYS,0,CBT
1PZO,A,7,33,VAL,0,CBT
1PZO,A,8,34,LYS,0,CBT
1PZO,A,9,35,ASP,0,CBT
1PZO,A,10,36,ALA,0,CBT
1PZO,A,11,37,GLU,0,CBT
1PZO,A,12,38,ASP,0,CBT
1PZO,A,13,39,GLN,0,CBT
1PZO,A,14,40,LEU,0,CBT
1PZO,A,15,41,GLY,0,CBT
1PZO,A,16,42,ALA,0,CBT
1PZO,A,17,43,ARG,0,CBT
1PZO,A,18,44,VAL,0,CBT
1PZO,A,19,45,GLY,0,CBT
1PZO,A,20,46,TYR,0,CBT
1PZO,A,21,47,ILE,0,CBT
1PZO,A,22,48,GLU,0,CBT
1PZO,A,23,49,LEU,0,CBT
1PZO,A,24,50,ASP,0,CBT
1PZO,A,25,51,LEU,0,CBT
1PZO,A,26,52,ASN,0,CBT
1PZO,A,27,53,SER,0,CBT
1PZO,A,28,54,GLY,0,CBT
1PZO,A,29,55,LYS,0,CBT
1PZO,A,30,56,ILE,0,CBT
1PZO,A,31,57,LEU,0,CBT
1PZO,A,32,58,GLU,0,CBT
1PZO,A,33,59,SER,0,CBT
1PZO,A,34,60,PHE,0,CBT
1PZO,A,35,61,ARG,0,CBT
1PZO,A,36,62,PRO,0,CBT
1PZO,A,37,63,GLU,0,CBT
1PZO,A,38,64,GLU,0,CBT
1PZO,A,39,65,ARG,0,CBT
1PZO,A,40,66,PHE,0,CBT
1PZO,A,41,67,PRO,0,CBT
1PZO,A,42,68,MET,0,CBT
1PZO,A,43,69,MET,0,CBT
1PZO,A,44,70,SER,0,CBT
1PZO,A,45,71,THR,0,CBT
1PZO,A,46,72,PHE,0,CBT
1PZO,A,47,73,LYS,0,CBT
1PZO,A,48,74,VAL,0,CBT
1PZO,A,49,75,LEU,0,CBT
1PZO,A,50,76,LEU,0,CBT
1PZO,A,51,77,CYS,0,CBT
1PZO,A,52,78,GLY,0,CBT
1PZO,A,53,79,ALA,0,CBT
1PZO,A,54,80,VAL,0,CBT
1PZO,A,55,81,LEU,0,CBT
1PZO,A,56,82,SER,0,CBT
1PZO,A,57,83,ARG,0,CBT
1PZO,A,58,84,VAL,0,CBT
1PZO,A,59,85,ASP,0,CBT
1PZO,A,60,86,ALA,0,CBT
1PZO,A,61,87,GLY,0,CBT
1PZO,A,62,88,GLN,0,CBT
1PZO,A,63,89,GLU,0,CBT
1PZO,A,64,90,GLN,0,CBT
1PZO,A,65,91,LEU,0,CBT
1PZO,A,66,92,GLY,0,CBT
1PZO,A,67,93,ARG,0,CBT
1PZO,A,68,94,ARG,0,CBT
1PZO,A,69,95,ILE,0,CBT
1PZO,A,70,96,HIS,0,CBT
1PZO,A,71,97,TYR,0,CBT
1PZO,A,72,98,SER,0,CBT
1PZO,A,73,99,GLN,0,CBT
1PZO,A,74,100,ASN,0,CBT
1PZO,A,75,101,ASP,0,CBT
1PZO,A,76,102,LEU,0,CBT
1PZO,A,77,103,VAL,0,CBT
1PZO,A,78,104,GLU,0,CBT
1PZO,A,79,105,TYR,0,CBT
1PZO,A,80,106,SER,0,CBT
1PZO,A,81,107,PRO,0,CBT
1PZO,A,82,108,VAL,0,CBT
1PZO,A,83,109,THR,0,CBT
1PZO,A,84,110,GLU,0,CBT
1PZO,A,85,111,LYS,0,CBT
1PZO,A,86,112,HIS,0,CBT
1PZO,A,87,113,LEU,0,CBT
1PZO,A,88,114,THR,0,CBT
1PZO,A,89,115,ASP,0,CBT
1PZO,A,90,116,GLY,0,CBT
1PZO,A,91,117,MET,0,CBT
1PZO,A,92,118,THR,0,CBT
1PZO,A,93,119,VAL,0,CBT
1PZO,A,94,120,ARG,0,CBT
1PZO,A,95,121,GLU,0,CBT
1PZO,A,96,122,LEU,0,CBT
1PZO,A,97,123,CYS,0,CBT
1PZO,A,98,124,SER,0,CBT
1PZO,A,99,125,ALA,0,CBT
1PZO,A,100,126,ALA,0,CBT
1PZO,A,101,127,ILE,0,CBT
1PZO,A,102,128,THR,0,CBT
1PZO,A,103,129,MET,0,CBT
1PZO,A,104,130,SER,0,CBT
1PZO,A,105,131,ASP,0,CBT
1PZO,A,106,132,ASN,0,CBT
1PZO,A,107,133,THR,0,CBT
1PZO,A,108,134,ALA,0,CBT
1PZO,A,109,135,ALA,0,CBT
1PZO,A,110,136,ASN,0,CBT
1PZO,A,111,137,LEU,0,CBT
1PZO,A,112,138,LEU,0,CBT
1PZO,A,113,139,LEU,0,CBT
1PZO,A,114,140,THR,0,CBT
1PZO,A,115,141,THR,0,CBT
1PZO,A,116,142,ILE,0,CBT
1PZO,A,117,143,GLY,0,CBT
1PZO,A,118,144,GLY,0,CBT
1PZO,A,119,145,PRO,0,CBT
1PZO,A,120,146,LYS,0,CBT
1PZO,A,121,147,GLU,0,CBT
1PZO,A,122,148,LEU,0,CBT
1PZO,A,123,149,THR,0,CBT
1PZO,A,124,150,ALA,0,CBT
1PZO,A,125,151,PHE,0,CBT
1PZO,A,126,152,LEU,0,CBT
1PZO,A,127,153,HIS,0,CBT
1PZO,A,128,154,ASN,0,CBT
1PZO,A,129,155,MET,0,CBT
1PZO,A,130,156,GLY,0,CBT
1PZO,A,131,157,ASP,0,CBT
1PZO,A,132,158,HIS,0,CBT
1PZO,A,133,159,VAL,0,CBT
1PZO,A,134,160,THR,0,CBT
1PZO,A,135,161,ARG,0,CBT
1PZO,A,136,162,LEU,0,CBT
1PZO,A,137,163,ASP,0,CBT
1PZO,A,138,164,ARG,0,CBT
1PZO,A,139,165,TRP,0,CBT
1PZO,A,140,166,GLU,0,CBT
1PZO,A,141,167,PRO,0,CBT
1PZO,A,142,168,GLU,0,CBT
1PZO,A,143,169,LEU,0,CBT
1PZO,A,144,170,ASN,0,CBT
1PZO,A,145,171,GLU,0,CBT
1PZO,A,146,172,ALA,0,CBT
1PZO,A,147,173,ILE,0,CBT
1PZO,A,148,174,PRO,0,CBT
1PZO,A,149,175,ASN,0,CBT
1PZO,A,150,176,ASP,0,CBT
1PZO,A,151,177,GLU,0,CBT
1PZO,A,152,178,ARG,0,CBT
1PZO,A,153,179,ASP,0,CBT
1PZO,A,154,180,THR,0,CBT
1PZO,A,155,181,THR,0,CBT
1PZO,A,156,182,THR,0,CBT
1PZO,A,157,183,PRO,0,CBT
1PZO,A,158,184,ALA,0,CBT
1PZO,A,159,185,ALA,0,CBT
1PZO,A,160,186,MET,0,CBT
1PZO,A,161,187,ALA,0,CBT
1PZO,A,162,188,THR,0,CBT
1PZO,A,163,189,THR,0,CBT
1PZO,A,164,190,LEU,0,CBT
1PZO,A,165,191,ARG,0,CBT
1PZO,A,166,192,LYS,0,CBT
1PZO,A,167,193,LEU,0,CBT
1PZO,A,168,194,LEU,0,CBT
1PZO,A,169,195,THR,0,CBT
1PZO,A,170,196,GLY,0,CBT
1PZO,A,171,197,GLU,0,CBT
1PZO,A,172,198,LEU,0,CBT
1PZO,A,173,199,LEU,0,CBT
1PZO,A,174,200,THR,0,CBT
1PZO,A,175,201,LEU,0,CBT
1PZO,A,176,202,ALA,0,CBT
1PZO,A,177,203,SER,0,CBT
1PZO,A,178,204,ARG,0,CBT
1PZO,A,179,205,GLN,0,CBT
1PZO,A,180,206,GLN,0,CBT
1PZO,A,181,207,LEU,0,CBT
1PZO,A,182,208,ILE,0,CBT
1PZO,A,183,209,ASP,0,CBT
1PZO,A,184,210,TRP,0,CBT
1PZO,A,185,211,MET,0,CBT
1PZO,A,186,212,GLU,0,CBT
1PZO,A,187,213,ALA,0,CBT
1PZO,A,188,214,ASP,0,CBT
1PZO,A,189,215,LYS,0,CBT
1PZO,A,190,216,VAL,0,CBT
1PZO,A,191,217,ALA,1,CBT
1PZO,A,192,218,GLY,0,CBT
1PZO,A,193,219,PRO,0,CBT
1PZO,A,194,220,LEU,1,CBT
1PZO,A,195,221,LEU,1,CBT
1PZO,A,196,222,ARG,0,CBT
1PZO,A,197,223,SER,0,CBT
1PZO,A,198,224,ALA,1,CBT
1PZO,A,199,225,LEU,1,CBT
1PZO,A,200,226,PRO,0,CBT
1PZO,A,201,227,ALA,0,CBT
1PZO,A,202,228,GLY,0,CBT
1PZO,A,203,229,TRP,0,CBT
1PZO,A,204,230,PHE,0,CBT
1PZO,A,205,231,ILE,0,CBT
1PZO,A,206,232,ALA,0,CBT
1PZO,A,207,233,ASP,0,CBT
1PZO,A,208,234,LYS,0,CBT
1PZO,A,209,235,SER,0,CBT
1PZO,A,210,236,GLY,0,CBT
1PZO,A,211,237,ALA,0,CBT
1PZO,A,212,238,GLY,0,CBT
1PZO,A,213,240,GLU,0,CBT
1PZO,A,214,241,ARG,0,CBT
1PZO,A,215,242,GLY,0,CBT
1PZO,A,216,243,SER,0,CBT
1PZO,A,217,244,ARG,1,CBT
1PZO,A,218,245,GLY,0,CBT
1PZO,A,219,246,ILE,0,CBT
1PZO,A,220,247,ILE,0,CBT
1PZO,A,221,248,ALA,0,CBT
1PZO,A,222,249,ALA,0,CBT
1PZO,A,223,250,LEU,1,CBT
1PZO,A,224,251,GLY,0,CBT
1PZO,A,225,252,PRO,0,CBT
1PZO,A,226,254,ASP,0,CBT
1PZO,A,227,255,GLY,0,CBT
1PZO,A,228,256,LYS,0,CBT
1PZO,A,229,257,PRO,0,CBT
1PZO,A,230,258,SER,0,CBT
1PZO,A,231,259,ARG,0,CBT
1PZO,A,232,260,ILE,0,CBT
1PZO,A,233,261,VAL,1,CBT
1PZO,A,234,262,VAL,0,CBT
1PZO,A,235,263,ILE,1,CBT
1PZO,A,236,264,TYR,0,CBT
1PZO,A,237,265,THR,0,CBT
1PZO,A,238,266,THR,0,CBT
1PZO,A,239,267,GLY,0,CBT
1PZO,A,240,268,SER,0,CBT
1PZO,A,241,269,GLN,0,CBT
1PZO,A,242,270,ALA,0,CBT
1PZO,A,243,271,THR,0,CBT
1PZO,A,244,272,MET,0,CBT
1PZO,A,245,273,ASP,0,CBT
1PZO,A,246,274,GLU,0,CBT
1PZO,A,247,275,ARG,0,CBT
1PZO,A,248,276,ASN,1,CBT
1PZO,A,249,277,ARG,0,CBT
1PZO,A,250,278,GLN,0,CBT
1PZO,A,251,279,ILE,1,CBT
1PZO,A,252,280,ALA,1,CBT
1PZO,A,253,281,GLU,0,CBT
1PZO,A,254,282,ILE,0,CBT
1PZO,A,255,283,GLY,1,CBT
1PZO,A,256,284,ALA,1,CBT
1PZO,A,257,285,SER,0,CBT
1PZO,A,258,286,LEU,1,CBT
1PZO,A,259,287,ILE,0,CBT
1PZO,A,260,288,LYS,0,CBT
1PZO,A,261,289,HIS,0,CBT
1PZO,A,262,290,TRP,0,CBT
1PZP,A,0,26,HIS,0,FTA
1PZP,A,1,27,PRO,0,FTA
1PZP,A,2,28,GLU,0,FTA
1PZP,A,3,29,THR,0,FTA
1PZP,A,4,30,LEU,0,FTA
1PZP,A,5,31,VAL,0,FTA
1PZP,A,6,32,LYS,0,FTA
1PZP,A,7,33,VAL,0,FTA
1PZP,A,8,34,LYS,0,FTA
1PZP,A,9,35,ASP,0,FTA
1PZP,A,10,36,ALA,0,FTA
1PZP,A,11,37,GLU,0,FTA
1PZP,A,12,38,ASP,0,FTA
1PZP,A,13,39,GLN,0,FTA
1PZP,A,14,40,LEU,0,FTA
1PZP,A,15,41,GLY,0,FTA
1PZP,A,16,42,ALA,0,FTA
1PZP,A,17,43,ARG,0,FTA
1PZP,A,18,44,VAL,0,FTA
1PZP,A,19,45,GLY,0,FTA
1PZP,A,20,46,TYR,0,FTA
1PZP,A,21,47,ILE,0,FTA
1PZP,A,22,48,GLU,0,FTA
1PZP,A,23,49,LEU,0,FTA
1PZP,A,24,50,ASP,0,FTA
1PZP,A,25,51,LEU,0,FTA
1PZP,A,26,52,ASN,0,FTA
1PZP,A,27,53,SER,0,FTA
1PZP,A,28,54,GLY,0,FTA
1PZP,A,29,55,LYS,0,FTA
1PZP,A,30,56,ILE,0,FTA
1PZP,A,31,57,LEU,0,FTA
1PZP,A,32,58,GLU,0,FTA
1PZP,A,33,59,SER,0,FTA
1PZP,A,34,60,PHE,0,FTA
1PZP,A,35,61,ARG,0,FTA
1PZP,A,36,62,PRO,0,FTA
1PZP,A,37,63,GLU,0,FTA
1PZP,A,38,64,GLU,0,FTA
1PZP,A,39,65,ARG,0,FTA
1PZP,A,40,66,PHE,0,FTA
1PZP,A,41,67,PRO,0,FTA
1PZP,A,42,68,MET,0,FTA
1PZP,A,43,69,MET,0,FTA
1PZP,A,44,70,SER,0,FTA
1PZP,A,45,71,THR,0,FTA
1PZP,A,46,72,PHE,0,FTA
1PZP,A,47,73,LYS,0,FTA
1PZP,A,48,74,VAL,0,FTA
1PZP,A,49,75,LEU,0,FTA
1PZP,A,50,76,LEU,0,FTA
1PZP,A,51,77,CYS,0,FTA
1PZP,A,52,78,GLY,0,FTA
1PZP,A,53,79,ALA,0,FTA
1PZP,A,54,80,VAL,0,FTA
1PZP,A,55,81,LEU,0,FTA
1PZP,A,56,82,SER,0,FTA
1PZP,A,57,83,ARG,0,FTA
1PZP,A,58,84,VAL,0,FTA
1PZP,A,59,85,ASP,0,FTA
1PZP,A,60,86,ALA,0,FTA
1PZP,A,61,87,GLY,0,FTA
1PZP,A,62,88,GLN,0,FTA
1PZP,A,63,89,GLU,0,FTA
1PZP,A,64,90,GLN,0,FTA
1PZP,A,65,91,LEU,0,FTA
1PZP,A,66,92,GLY,0,FTA
1PZP,A,67,93,ARG,0,FTA
1PZP,A,68,94,ARG,0,FTA
1PZP,A,69,95,ILE,0,FTA
1PZP,A,70,96,HIS,0,FTA
1PZP,A,71,97,TYR,0,FTA
1PZP,A,72,98,SER,0,FTA
1PZP,A,73,99,GLN,0,FTA
1PZP,A,74,100,ARG,0,FTA
1PZP,A,75,101,ASP,0,FTA
1PZP,A,76,102,LEU,0,FTA
1PZP,A,77,103,VAL,0,FTA
1PZP,A,78,104,GLU,0,FTA
1PZP,A,79,105,TYR,0,FTA
1PZP,A,80,106,SER,0,FTA
1PZP,A,81,107,PRO,0,FTA
1PZP,A,82,108,VAL,0,FTA
1PZP,A,83,109,THR,0,FTA
1PZP,A,84,110,GLU,0,FTA
1PZP,A,85,111,LYS,0,FTA
1PZP,A,86,112,HIS,0,FTA
1PZP,A,87,113,LEU,0,FTA
1PZP,A,88,114,THR,0,FTA
1PZP,A,89,115,ASP,0,FTA
1PZP,A,90,116,GLY,0,FTA
1PZP,A,91,117,MET,0,FTA
1PZP,A,92,118,THR,0,FTA
1PZP,A,93,119,VAL,0,FTA
1PZP,A,94,120,ARG,0,FTA
1PZP,A,95,121,GLU,0,FTA
1PZP,A,96,122,LEU,0,FTA
1PZP,A,97,123,CYS,0,FTA
1PZP,A,98,124,SER,0,FTA
1PZP,A,99,125,ALA,0,FTA
1PZP,A,100,126,ALA,0,FTA
1PZP,A,101,127,ILE,0,FTA
1PZP,A,102,128,THR,0,FTA
1PZP,A,103,129,MET,0,FTA
1PZP,A,104,130,SER,0,FTA
1PZP,A,105,131,ASP,0,FTA
1PZP,A,106,132,ASN,0,FTA
1PZP,A,107,133,THR,0,FTA
1PZP,A,108,134,ALA,0,FTA
1PZP,A,109,135,ALA,0,FTA
1PZP,A,110,136,ASN,0,FTA
1PZP,A,111,137,LEU,0,FTA
1PZP,A,112,138,LEU,0,FTA
1PZP,A,113,139,LEU,0,FTA
1PZP,A,114,140,THR,0,FTA
1PZP,A,115,141,THR,0,FTA
1PZP,A,116,142,ILE,0,FTA
1PZP,A,117,143,GLY,0,FTA
1PZP,A,118,144,GLY,0,FTA
1PZP,A,119,145,PRO,0,FTA
1PZP,A,120,146,LYS,0,FTA
1PZP,A,121,147,GLU,0,FTA
1PZP,A,122,148,LEU,0,FTA
1PZP,A,123,149,THR,0,FTA
1PZP,A,124,150,ALA,0,FTA
1PZP,A,125,151,PHE,0,FTA
1PZP,A,126,152,LEU,0,FTA
1PZP,A,127,153,HIS,0,FTA
1PZP,A,128,154,ASN,0,FTA
1PZP,A,129,155,MET,0,FTA
1PZP,A,130,156,GLY,0,FTA
1PZP,A,131,157,ASP,0,FTA
1PZP,A,132,158,HIS,0,FTA
1PZP,A,133,159,VAL,0,FTA
1PZP,A,134,160,THR,0,FTA
1PZP,A,135,161,ARG,0,FTA
1PZP,A,136,162,LEU,0,FTA
1PZP,A,137,163,ASP,0,FTA
1PZP,A,138,164,ARG,0,FTA
1PZP,A,139,165,TRP,0,FTA
1PZP,A,140,166,GLU,0,FTA
1PZP,A,141,167,PRO,0,FTA
1PZP,A,142,168,GLU,0,FTA
1PZP,A,143,169,LEU,0,FTA
1PZP,A,144,170,ASN,0,FTA
1PZP,A,145,171,GLU,0,FTA
1PZP,A,146,172,ALA,0,FTA
1PZP,A,147,173,ILE,0,FTA
1PZP,A,148,174,PRO,0,FTA
1PZP,A,149,175,ASN,0,FTA
1PZP,A,150,176,ASP,0,FTA
1PZP,A,151,177,GLU,0,FTA
1PZP,A,152,178,ARG,0,FTA
1PZP,A,153,179,ASP,0,FTA
1PZP,A,154,180,THR,0,FTA
1PZP,A,155,181,THR,0,FTA
1PZP,A,156,182,MET,0,FTA
1PZP,A,157,183,PRO,0,FTA
1PZP,A,158,184,ALA,0,FTA
1PZP,A,159,185,ALA,0,FTA
1PZP,A,160,186,MET,0,FTA
1PZP,A,161,187,ALA,0,FTA
1PZP,A,162,188,THR,0,FTA
1PZP,A,163,189,THR,0,FTA
1PZP,A,164,190,LEU,0,FTA
1PZP,A,165,191,ARG,0,FTA
1PZP,A,166,192,LYS,0,FTA
1PZP,A,167,193,LEU,0,FTA
1PZP,A,168,194,LEU,0,FTA
1PZP,A,169,195,THR,0,FTA
1PZP,A,170,196,GLY,0,FTA
1PZP,A,171,197,GLU,0,FTA
1PZP,A,172,198,LEU,0,FTA
1PZP,A,173,199,LEU,0,FTA
1PZP,A,174,200,THR,0,FTA
1PZP,A,175,201,LEU,0,FTA
1PZP,A,176,202,ALA,0,FTA
1PZP,A,177,203,SER,0,FTA
1PZP,A,178,204,ARG,0,FTA
1PZP,A,179,205,GLN,0,FTA
1PZP,A,180,206,GLN,0,FTA
1PZP,A,181,207,LEU,0,FTA
1PZP,A,182,208,ILE,0,FTA
1PZP,A,183,209,ASP,0,FTA
1PZP,A,184,210,TRP,0,FTA
1PZP,A,185,211,MET,0,FTA
1PZP,A,186,212,GLU,0,FTA
1PZP,A,187,213,ALA,0,FTA
1PZP,A,188,214,ASP,0,FTA
1PZP,A,189,215,LYS,0,FTA
1PZP,A,190,216,VAL,0,FTA
1PZP,A,191,217,ALA,0,FTA
1PZP,A,192,218,GLY,0,FTA
1PZP,A,193,219,PRO,0,FTA
1PZP,A,194,220,LEU,0,FTA
1PZP,A,195,221,LEU,1,FTA
1PZP,A,196,222,ARG,0,FTA
1PZP,A,197,223,SER,0,FTA
1PZP,A,198,224,ALA,1,FTA
1PZP,A,199,225,LEU,1,FTA
1PZP,A,200,226,PRO,0,FTA
1PZP,A,201,227,ALA,0,FTA
1PZP,A,202,228,GLY,0,FTA
1PZP,A,203,229,TRP,0,FTA
1PZP,A,204,230,PHE,0,FTA
1PZP,A,205,231,ILE,1,FTA
1PZP,A,206,232,ALA,0,FTA
1PZP,A,207,233,ASP,0,FTA
1PZP,A,208,234,LYS,0,FTA
1PZP,A,209,235,SER,0,FTA
1PZP,A,210,236,GLY,0,FTA
1PZP,A,211,237,ALA,0,FTA
1PZP,A,212,238,GLY,0,FTA
1PZP,A,213,240,GLU,0,FTA
1PZP,A,214,241,ARG,0,FTA
1PZP,A,215,242,GLY,0,FTA
1PZP,A,216,243,SER,0,FTA
1PZP,A,217,244,ARG,0,FTA
1PZP,A,218,245,GLY,0,FTA
1PZP,A,219,246,ILE,1,FTA
1PZP,A,220,247,ILE,0,FTA
1PZP,A,221,248,ALA,1,FTA
1PZP,A,222,249,ALA,0,FTA
1PZP,A,223,250,LEU,1,FTA
1PZP,A,224,251,GLY,0,FTA
1PZP,A,225,252,PRO,0,FTA
1PZP,A,226,254,ASP,0,FTA
1PZP,A,227,255,GLY,0,FTA
1PZP,A,228,256,LYS,0,FTA
1PZP,A,229,257,PRO,0,FTA
1PZP,A,230,258,SER,0,FTA
1PZP,A,231,259,ARG,0,FTA
1PZP,A,232,260,ILE,0,FTA
1PZP,A,233,261,VAL,1,FTA
1PZP,A,234,262,VAL,0,FTA
1PZP,A,235,263,ILE,1,FTA
1PZP,A,236,264,TYR,0,FTA
1PZP,A,237,265,THR,0,FTA
1PZP,A,238,266,THR,0,FTA
1PZP,A,239,267,GLY,0,FTA
1PZP,A,240,268,SER,0,FTA
1PZP,A,241,269,GLN,0,FTA
1PZP,A,242,270,ALA,0,FTA
1PZP,A,243,271,THR,0,FTA
1PZP,A,244,272,MET,0,FTA
1PZP,A,245,273,ASP,0,FTA
1PZP,A,246,274,GLU,0,FTA
1PZP,A,247,275,ARG,0,FTA
1PZP,A,248,276,ASN,0,FTA
1PZP,A,249,277,ARG,0,FTA
1PZP,A,250,278,GLN,0,FTA
1PZP,A,251,279,ILE,1,FTA
1PZP,A,252,280,ALA,1,FTA
1PZP,A,253,281,GLU,1,FTA
1PZP,A,254,282,ILE,0,FTA
1PZP,A,255,283,GLY,1,FTA
1PZP,A,256,284,ALA,1,FTA
1PZP,A,257,285,SER,0,FTA
1PZP,A,258,286,LEU,1,FTA
1PZP,A,259,287,ILE,1,FTA
1PZP,A,260,288,LYS,0,FTA
1PZP,A,261,289,HIS,0,FTA
1PZP,A,262,290,TRP,0,FTA
1XJF,A,0,1,MET,0,DTP
1XJF,A,1,2,LYS,0,DTP
1XJF,A,2,3,LEU,0,DTP
1XJF,A,3,4,SER,0,DTP
1XJF,A,4,5,ASP,0,DTP
1XJF,A,5,6,LEU,0,DTP
1XJF,A,6,7,ILE,0,DTP
1XJF,A,7,8,SER,0,DTP
1XJF,A,8,9,ARG,0,DTP
1XJF,A,9,10,TRP,0,DTP
1XJF,A,10,11,ILE,0,DTP
1XJF,A,11,12,ASP,0,DTP
1XJF,A,12,13,VAL,0,DTP
1XJF,A,13,14,GLU,0,DTP
1XJF,A,14,15,PRO,0,DTP
1XJF,A,15,16,SER,0,DTP
1XJF,A,16,17,LYS,0,DTP
1XJF,A,17,18,ASN,0,DTP
1XJF,A,18,19,ALA,0,DTP
1XJF,A,19,20,GLN,0,DTP
1XJF,A,20,21,ILE,0,DTP
1XJF,A,21,22,ILE,0,DTP
1XJF,A,22,23,LEU,0,DTP
1XJF,A,23,24,ARG,0,DTP
1XJF,A,24,25,ASP,0,DTP
1XJF,A,25,26,ARG,0,DTP
1XJF,A,26,27,TYR,0,DTP
1XJF,A,27,28,PHE,0,DTP
1XJF,A,28,29,MET,0,DTP
1XJF,A,29,30,LYS,0,DTP
1XJF,A,30,31,ASP,0,DTP
1XJF,A,31,32,LEU,0,DTP
1XJF,A,32,33,ASP,0,DTP
1XJF,A,33,34,GLY,0,DTP
1XJF,A,34,35,ASN,0,DTP
1XJF,A,35,36,TYR,0,DTP
1XJF,A,36,37,LEU,0,DTP
1XJF,A,37,38,GLU,0,DTP
1XJF,A,38,39,THR,0,DTP
1XJF,A,39,40,LYS,0,DTP
1XJF,A,40,41,TRP,0,DTP
1XJF,A,41,42,GLU,0,DTP
1XJF,A,42,43,ASP,0,DTP
1XJF,A,43,44,VAL,0,DTP
1XJF,A,44,45,ALA,0,DTP
1XJF,A,45,46,ARG,0,DTP
1XJF,A,46,47,ARG,0,DTP
1XJF,A,47,48,VAL,0,DTP
1XJF,A,48,49,ALA,0,DTP
1XJF,A,49,50,ARG,0,DTP
1XJF,A,50,51,VAL,0,DTP
1XJF,A,51,52,VAL,0,DTP
1XJF,A,52,53,ALA,0,DTP
1XJF,A,53,54,THR,0,DTP
1XJF,A,54,55,ALA,0,DTP
1XJF,A,55,56,GLU,0,DTP
1XJF,A,56,57,LEU,0,DTP
1XJF,A,57,58,LEU,0,DTP
1XJF,A,58,59,ASN,0,DTP
1XJF,A,59,60,PRO,0,DTP
1XJF,A,60,61,SER,0,DTP
1XJF,A,61,62,TYR,0,DTP
1XJF,A,62,63,LYS,0,DTP
1XJF,A,63,64,LYS,0,DTP
1XJF,A,64,65,ASN,0,DTP
1XJF,A,65,66,GLU,0,DTP
1XJF,A,66,67,LYS,0,DTP
1XJF,A,67,68,LEU,0,DTP
1XJF,A,68,69,ASP,0,DTP
1XJF,A,69,70,ARG,0,DTP
1XJF,A,70,71,ILE,0,DTP
1XJF,A,71,72,LYS,0,DTP
1XJF,A,72,73,GLU,0,DTP
1XJF,A,73,74,TRP,0,DTP
1XJF,A,74,75,GLU,0,DTP
1XJF,A,75,76,ASP,0,DTP
1XJF,A,76,77,ILE,0,DTP
1XJF,A,77,78,PHE,0,DTP
1XJF,A,78,79,PHE,0,DTP
1XJF,A,79,80,ARG,0,DTP
1XJF,A,80,81,VAL,0,DTP
1XJF,A,81,82,LEU,0,DTP
1XJF,A,82,83,LYS,0,DTP
1XJF,A,83,84,ALA,0,DTP
1XJF,A,84,85,ARG,0,DTP
1XJF,A,85,86,LEU,0,DTP
1XJF,A,86,87,PHE,0,DTP
1XJF,A,87,88,ILE,0,DTP
1XJF,A,88,89,PRO,0,DTP
1XJF,A,89,90,ASN,0,DTP
1XJF,A,90,91,SER,0,DTP
1XJF,A,91,92,PRO,0,DTP
1XJF,A,92,93,THR,0,DTP
1XJF,A,93,94,LEU,0,DTP
1XJF,A,94,95,PHE,0,DTP
1XJF,A,95,96,ASN,0,DTP
1XJF,A,96,97,ALA,0,DTP
1XJF,A,97,98,GLY,0,DTP
1XJF,A,98,99,LEU,0,DTP
1XJF,A,99,100,GLY,0,DTP
1XJF,A,100,101,VAL,0,DTP
1XJF,A,101,102,LYS,0,DTP
1XJF,A,102,103,HIS,0,DTP
1XJF,A,103,104,ASP,0,DTP
1XJF,A,104,105,LEU,0,DTP
1XJF,A,105,106,LEU,0,DTP
1XJF,A,106,107,TRP,0,DTP
1XJF,A,107,108,LYS,0,DTP
1XJF,A,108,109,PRO,0,DTP
1XJF,A,109,110,ILE,0,DTP
1XJF,A,110,111,ASP,0,DTP
1XJF,A,111,112,GLN,0,DTP
1XJF,A,112,113,MET,0,DTP
1XJF,A,113,114,THR,0,DTP
1XJF,A,114,115,LEU,0,DTP
1XJF,A,115,116,GLU,0,DTP
1XJF,A,116,117,ASP,0,DTP
1XJF,A,117,118,TYR,0,DTP
1XJF,A,118,119,GLU,0,DTP
1XJF,A,119,120,GLU,0,DTP
1XJF,A,120,121,ILE,0,DTP
1XJF,A,121,122,TYR,0,DTP
1XJF,A,122,123,ARG,0,DTP
1XJF,A,123,124,SER,0,DTP
1XJF,A,124,125,ARG,0,DTP
1XJF,A,125,126,ASN,0,DTP
1XJF,A,126,127,HIS,0,DTP
1XJF,A,127,128,LEU,0,DTP
1XJF,A,128,129,HIS,0,DTP
1XJF,A,129,130,MET,0,DTP
1XJF,A,130,131,LEU,0,DTP
1XJF,A,131,132,SER,0,DTP
1XJF,A,132,133,ALA,0,DTP
1XJF,A,133,134,CYS,0,DTP
1XJF,A,134,135,PHE,0,DTP
1XJF,A,135,136,VAL,0,DTP
1XJF,A,136,137,VAL,0,DTP
1XJF,A,137,138,PRO,0,DTP
1XJF,A,138,139,VAL,0,DTP
1XJF,A,139,140,GLY,0,DTP
1XJF,A,140,141,ASP,1,DTP
1XJF,A,141,142,SER,1,DTP
1XJF,A,142,143,ILE,1,DTP
1XJF,A,143,144,GLU,1,DTP
1XJF,A,144,145,GLU,0,DTP
1XJF,A,145,146,ILE,1,DTP
1XJF,A,146,147,PHE,0,DTP
1XJF,A,147,148,GLU,0,DTP
1XJF,A,148,149,ALA,0,DTP
1XJF,A,149,150,VAL,0,DTP
1XJF,A,150,151,LYS,0,DTP
1XJF,A,151,152,GLU,0,DTP
1XJF,A,152,153,TYR,0,DTP
1XJF,A,153,154,ALA,0,DTP
1XJF,A,154,155,LEU,0,DTP
1XJF,A,155,156,ILE,0,DTP
1XJF,A,156,157,THR,0,DTP
1XJF,A,157,158,LYS,0,DTP
1XJF,A,158,159,VAL,0,DTP
1XJF,A,159,160,GLY,0,DTP
1XJF,A,160,161,GLY,0,DTP
1XJF,A,161,162,GLY,0,DTP
1XJF,A,162,163,VAL,0,DTP
1XJF,A,163,164,GLY,0,DTP
1XJF,A,164,165,SER,0,DTP
1XJF,A,165,166,ASN,0,DTP
1XJF,A,166,167,PHE,0,DTP
1XJF,A,167,168,SER,0,DTP
1XJF,A,168,169,GLU,0,DTP
1XJF,A,169,170,LEU,1,DTP
1XJF,A,170,171,ARG,1,DTP
1XJF,A,171,172,PRO,0,DTP
1XJF,A,172,173,LYS,0,DTP
1XJF,A,173,174,GLY,0,DTP
1XJF,A,174,175,SER,0,DTP
1XJF,A,175,176,PHE,1,DTP
1XJF,A,176,177,VAL,1,DTP
1XJF,A,177,178,ALA,1,DTP
1XJF,A,178,179,GLY,1,DTP
1XJF,A,179,180,THR,1,DTP
1XJF,A,180,181,HIS,0,DTP
1XJF,A,181,182,GLY,1,DTP
1XJF,A,182,183,LYS,1,DTP
1XJF,A,183,184,ALA,1,DTP
1XJF,A,184,185,SER,1,DTP
1XJF,A,185,186,GLY,0,DTP
1XJF,A,186,187,PRO,0,DTP
1XJF,A,187,188,VAL,0,DTP
1XJF,A,188,189,SER,0,DTP
1XJF,A,189,190,PHE,1,DTP
1XJF,A,190,191,MET,0,DTP
1XJF,A,191,192,HIS,0,DTP
1XJF,A,192,193,VAL,0,DTP
1XJF,A,193,194,PHE,0,DTP
1XJF,A,194,195,ASN,0,DTP
1XJF,A,195,196,SER,0,DTP
1XJF,A,196,197,ALA,0,DTP
1XJF,A,197,198,ILE,0,DTP
1XJF,A,198,199,SER,0,DTP
1XJF,A,199,200,VAL,0,DTP
1XJF,A,200,201,VAL,0,DTP
1XJF,A,201,202,LYS,0,DTP
1XJF,A,202,203,GLN,0,DTP
1XJF,A,203,204,GLY,0,DTP
1XJF,A,204,210,ALA,0,DTP
1XJF,A,205,211,LEU,0,DTP
1XJF,A,206,212,MET,0,DTP
1XJF,A,207,213,GLY,0,DTP
1XJF,A,208,214,ILE,0,DTP
1XJF,A,209,215,LEU,0,DTP
1XJF,A,210,216,ASN,0,DTP
1XJF,A,211,217,ILE,0,DTP
1XJF,A,212,218,ASN,0,DTP
1XJF,A,213,219,HIS,0,DTP
1XJF,A,214,220,PRO,0,DTP
1XJF,A,215,221,ASP,0,DTP
1XJF,A,216,222,ILE,0,DTP
1XJF,A,217,223,GLU,0,DTP
1XJF,A,218,224,GLU,0,DTP
1XJF,A,219,225,PHE,0,DTP
1XJF,A,220,226,ILE,0,DTP
1XJF,A,221,227,ASP,0,DTP
1XJF,A,222,228,ALA,0,DTP
1XJF,A,223,229,LYS,0,DTP
1XJF,A,224,230,LYS,0,DTP
1XJF,A,225,231,GLU,0,DTP
1XJF,A,226,237,VAL,0,DTP
1XJF,A,227,238,LEU,0,DTP
1XJF,A,228,239,ASN,0,DTP
1XJF,A,229,240,PHE,0,DTP
1XJF,A,230,241,PHE,0,DTP
1XJF,A,231,242,ASN,0,DTP
1XJF,A,232,243,LEU,0,DTP
1XJF,A,233,244,SER,0,DTP
1XJF,A,234,245,VAL,0,DTP
1XJF,A,235,246,GLY,0,DTP
1XJF,A,236,247,PHE,0,DTP
1XJF,A,237,248,PRO,0,DTP
1XJF,A,238,249,MET,0,DTP
1XJF,A,239,250,ASP,0,DTP
1XJF,A,240,251,LYS,0,DTP
1XJF,A,241,252,LYS,0,DTP
1XJF,A,242,253,GLU,0,DTP
1XJF,A,243,254,ILE,0,DTP
1XJF,A,244,255,LEU,0,DTP
1XJF,A,245,256,LYS,0,DTP
1XJF,A,246,257,LEU,0,DTP
1XJF,A,247,258,TYR,0,DTP
1XJF,A,248,259,GLU,0,DTP
1XJF,A,249,260,GLU,0,DTP
1XJF,A,250,261,ASP,0,DTP
1XJF,A,251,262,GLY,0,DTP
1XJF,A,252,263,GLU,0,DTP
1XJF,A,253,264,LEU,0,DTP
1XJF,A,254,265,GLU,0,DTP
1XJF,A,255,266,LEU,0,DTP
1XJF,A,256,267,SER,0,DTP
1XJF,A,257,268,HIS,0,DTP
1XJF,A,258,269,PRO,0,DTP
1XJF,A,259,270,ARG,0,DTP
1XJF,A,260,271,SER,0,DTP
1XJF,A,261,272,THR,0,DTP
1XJF,A,262,273,ILE,0,DTP
1XJF,A,263,274,ARG,0,DTP
1XJF,A,264,275,LYS,0,DTP
1XJF,A,265,276,LYS,0,DTP
1XJF,A,266,277,VAL,0,DTP
1XJF,A,267,278,LYS,0,DTP
1XJF,A,268,279,ILE,0,DTP
1XJF,A,269,280,ARG,0,DTP
1XJF,A,270,281,GLU,0,DTP
1XJF,A,271,282,LEU,0,DTP
1XJF,A,272,283,PHE,0,DTP
1XJF,A,273,284,ARG,0,DTP
1XJF,A,274,285,LYS,0,DTP
1XJF,A,275,286,ILE,0,DTP
1XJF,A,276,287,ALA,0,DTP
1XJF,A,277,288,THR,0,DTP
1XJF,A,278,289,ASN,0,DTP
1XJF,A,279,290,ALA,0,DTP
1XJF,A,280,291,TRP,0,DTP
1XJF,A,281,292,LYS,0,DTP
1XJF,A,282,293,SER,0,DTP
1XJF,A,283,294,GLY,0,DTP
1XJF,A,284,295,ASP,0,DTP
1XJF,A,285,296,PRO,0,DTP
1XJF,A,286,297,GLY,0,DTP
1XJF,A,287,298,LEU,0,DTP
1XJF,A,288,299,ALA,0,DTP
1XJF,A,289,300,PHE,0,DTP
1XJF,A,290,301,LEU,0,DTP
1XJF,A,291,302,GLY,0,DTP
1XJF,A,292,303,GLU,0,DTP
1XJF,A,293,304,MET,0,DTP
1XJF,A,294,305,ASN,0,DTP
1XJF,A,295,306,LYS,0,DTP
1XJF,A,296,307,TYR,0,DTP
1XJF,A,297,308,TYR,0,DTP
1XJF,A,298,309,PRO,0,DTP
1XJF,A,299,310,LEU,0,DTP
1XJF,A,300,311,TYR,0,DTP
1XJF,A,301,312,PRO,0,DTP
1XJF,A,302,313,HIS,0,DTP
1XJF,A,303,314,ARG,0,DTP
1XJF,A,304,315,LYS,0,DTP
1XJF,A,305,316,ILE,0,DTP
1XJF,A,306,317,ASN,0,DTP
1XJF,A,307,318,SER,0,DTP
1XJF,A,308,319,THR,0,DTP
1XJF,A,309,320,ASN,0,DTP
1XJF,A,310,321,PRO,0,DTP
1XJF,A,311,322,CYS,0,DTP
1XJF,A,312,323,GLY,0,DTP
1XJF,A,313,324,GLU,0,DTP
1XJF,A,314,325,ILE,0,DTP
1XJF,A,315,326,GLY,0,DTP
1XJF,A,316,327,LEU,0,DTP
1XJF,A,317,328,SER,0,DTP
1XJF,A,318,329,ASP,0,DTP
1XJF,A,319,330,TYR,0,DTP
1XJF,A,320,331,GLU,0,DTP
1XJF,A,321,332,ALA,0,DTP
1XJF,A,322,333,CYS,0,DTP
1XJF,A,323,334,ASN,0,DTP
1XJF,A,324,335,LEU,0,DTP
1XJF,A,325,336,GLY,0,DTP
1XJF,A,326,337,SER,0,DTP
1XJF,A,327,338,ILE,0,DTP
1XJF,A,328,339,ASP,0,DTP
1XJF,A,329,340,VAL,0,DTP
1XJF,A,330,341,ALA,0,DTP
1XJF,A,331,342,LYS,0,DTP
1XJF,A,332,343,PHE,0,DTP
1XJF,A,333,344,TYR,0,DTP
1XJF,A,334,345,ASN,0,DTP
1XJF,A,335,346,ASN,0,DTP
1XJF,A,336,347,GLY,0,DTP
1XJF,A,337,348,PHE,0,DTP
1XJF,A,338,349,VAL,0,DTP
1XJF,A,339,350,ASP,0,DTP
1XJF,A,340,351,LEU,0,DTP
1XJF,A,341,352,GLU,0,DTP
1XJF,A,342,353,ALA,0,DTP
1XJF,A,343,354,LEU,0,DTP
1XJF,A,344,355,GLN,0,DTP
1XJF,A,345,356,GLU,0,DTP
1XJF,A,346,357,LEU,0,DTP
1XJF,A,347,358,VAL,0,DTP
1XJF,A,348,359,GLN,0,DTP
1XJF,A,349,360,ILE,0,DTP
1XJF,A,350,361,ALA,0,DTP
1XJF,A,351,362,VAL,0,DTP
1XJF,A,352,363,ARG,0,DTP
1XJF,A,353,364,PHE,0,DTP
1XJF,A,354,365,LEU,0,DTP
1XJF,A,355,366,ASP,0,DTP
1XJF,A,356,367,ASN,0,DTP
1XJF,A,357,368,VAL,0,DTP
1XJF,A,358,369,ILE,0,DTP
1XJF,A,359,370,ASP,0,DTP
1XJF,A,360,371,VAL,0,DTP
1XJF,A,361,372,ASN,0,DTP
1XJF,A,362,373,VAL,0,DTP
1XJF,A,363,374,PHE,0,DTP
1XJF,A,364,375,PRO,0,DTP
1XJF,A,365,376,ILE,0,DTP
1XJF,A,366,377,ASP,0,DTP
1XJF,A,367,378,LYS,0,DTP
1XJF,A,368,379,ILE,0,DTP
1XJF,A,369,380,THR,0,DTP
1XJF,A,370,381,LYS,0,DTP
1XJF,A,371,382,ALA,0,DTP
1XJF,A,372,383,VAL,0,DTP
1XJF,A,373,384,LYS,0,DTP
1XJF,A,374,385,GLU,0,DTP
1XJF,A,375,386,SER,0,DTP
1XJF,A,376,387,ARG,0,DTP
1XJF,A,377,388,ARG,0,DTP
1XJF,A,378,389,LEU,0,DTP
1XJF,A,379,390,GLY,0,DTP
1XJF,A,380,391,LEU,0,DTP
1XJF,A,381,392,GLY,0,DTP
1XJF,A,382,393,ILE,0,DTP
1XJF,A,383,394,MET,0,DTP
1XJF,A,384,395,GLY,0,DTP
1XJF,A,385,396,PHE,0,DTP
1XJF,A,386,397,ALA,0,DTP
1XJF,A,387,398,ASP,0,DTP
1XJF,A,388,399,LEU,0,DTP
1XJF,A,389,400,LEU,0,DTP
1XJF,A,390,401,TYR,0,DTP
1XJF,A,391,402,LYS,0,DTP
1XJF,A,392,403,LEU,0,DTP
1XJF,A,393,404,GLU,0,DTP
1XJF,A,394,405,ILE,0,DTP
1XJF,A,395,406,PRO,0,DTP
1XJF,A,396,407,TYR,0,DTP
1XJF,A,397,408,ASN,0,DTP
1XJF,A,398,409,SER,0,DTP
1XJF,A,399,410,GLN,0,DTP
1XJF,A,400,411,GLU,0,DTP
1XJF,A,401,412,ALA,0,DTP
1XJF,A,402,413,ARG,0,DTP
1XJF,A,403,414,ASP,0,DTP
1XJF,A,404,415,PHE,0,DTP
1XJF,A,405,416,ALA,0,DTP
1XJF,A,406,417,ALA,0,DTP
1XJF,A,407,418,ASN,0,DTP
1XJF,A,408,419,LEU,0,DTP
1XJF,A,409,420,MET,0,DTP
1XJF,A,410,421,ALA,0,DTP
1XJF,A,411,422,PHE,0,DTP
1XJF,A,412,423,ILE,0,DTP
1XJF,A,413,424,ALA,0,DTP
1XJF,A,414,425,LEU,0,DTP
1XJF,A,415,426,HIS,0,DTP
1XJF,A,416,427,ALA,0,DTP
1XJF,A,417,428,HIS,0,DTP
1XJF,A,418,429,ARG,0,DTP
1XJF,A,419,430,THR,0,DTP
1XJF,A,420,431,SER,0,DTP
1XJF,A,421,432,TYR,0,DTP
1XJF,A,422,433,GLU,0,DTP
1XJF,A,423,434,LEU,0,DTP
1XJF,A,424,435,GLY,0,DTP
1XJF,A,425,436,LYS,0,DTP
1XJF,A,426,437,GLU,0,DTP
1XJF,A,427,438,LYS,0,DTP
1XJF,A,428,439,GLY,0,DTP
1XJF,A,429,440,ASN,0,DTP
1XJF,A,430,441,PHE,0,DTP
1XJF,A,431,442,PRO,0,DTP
1XJF,A,432,443,LEU,0,DTP
1XJF,A,433,444,LEU,0,DTP
1XJF,A,434,445,GLU,0,DTP
1XJF,A,435,446,ILE,0,DTP
1XJF,A,436,447,SER,0,DTP
1XJF,A,437,448,ARG,0,DTP
1XJF,A,438,449,TYR,0,DTP
1XJF,A,439,450,ARG,0,DTP
1XJF,A,440,451,THR,0,DTP
1XJF,A,441,452,GLU,0,DTP
1XJF,A,442,453,ASP,0,DTP
1XJF,A,443,454,ASN,0,DTP
1XJF,A,444,455,PHE,0,DTP
1XJF,A,445,456,VAL,0,DTP
1XJF,A,446,457,PRO,0,DTP
1XJF,A,447,458,PHE,0,DTP
1XJF,A,448,459,ALA,0,DTP
1XJF,A,449,460,MET,0,DTP
1XJF,A,450,461,GLY,0,DTP
1XJF,A,451,462,MET,0,DTP
1XJF,A,452,463,SER,0,DTP
1XJF,A,453,464,ASN,0,DTP
1XJF,A,454,465,TYR,0,DTP
1XJF,A,455,466,ASP,0,DTP
1XJF,A,456,467,ASP,0,DTP
1XJF,A,457,468,GLU,0,DTP
1XJF,A,458,469,ILE,0,DTP
1XJF,A,459,470,ARG,0,DTP
1XJF,A,460,471,GLU,0,DTP
1XJF,A,461,472,VAL,0,DTP
1XJF,A,462,473,MET,0,DTP
1XJF,A,463,474,LYS,0,DTP
1XJF,A,464,475,MET,0,DTP
1XJF,A,465,476,THR,0,DTP
1XJF,A,466,477,LYS,0,DTP
1XJF,A,467,478,GLU,0,DTP
1XJF,A,468,479,PHE,0,DTP
1XJF,A,469,480,ARG,0,DTP
1XJF,A,470,481,ARG,0,DTP
1XJF,A,471,482,ASN,0,DTP
1XJF,A,472,483,VAL,0,DTP
1XJF,A,473,484,ALA,0,DTP
1XJF,A,474,485,LEU,0,DTP
1XJF,A,475,486,LEU,0,DTP
1XJF,A,476,487,THR,0,DTP
1XJF,A,477,488,ILE,0,DTP
1XJF,A,478,489,ALA,0,DTP
1XJF,A,479,490,PRO,0,DTP
1XJF,A,480,491,THR,0,DTP
1XJF,A,481,492,GLY,0,DTP
1XJF,A,482,493,SER,0,DTP
1XJF,A,483,494,ILE,0,DTP
1XJF,A,484,495,SER,0,DTP
1XJF,A,485,496,ASN,0,DTP
1XJF,A,486,497,ILE,0,DTP
1XJF,A,487,498,ALA,0,DTP
1XJF,A,488,499,ASP,0,DTP
1XJF,A,489,500,THR,0,DTP
1XJF,A,490,501,SER,0,DTP
1XJF,A,491,502,SER,0,DTP
1XJF,A,492,503,GLY,0,DTP
1XJF,A,493,504,LEU,0,DTP
1XJF,A,494,505,GLU,0,DTP
1XJF,A,495,506,PRO,0,DTP
1XJF,A,496,507,ASN,0,DTP
1XJF,A,497,508,PHE,0,DTP
1XJF,A,498,509,LEU,0,DTP
1XJF,A,499,510,LEU,0,DTP
1XJF,A,500,511,ALA,0,DTP
1XJF,A,501,512,TYR,0,DTP
1XJF,A,502,513,THR,0,DTP
1XJF,A,503,514,ARG,0,DTP
1XJF,A,504,515,PHE,0,DTP
1XJF,A,505,516,VAL,0,DTP
1XJF,A,506,517,THR,0,DTP
1XJF,A,507,518,LYS,0,DTP
1XJF,A,508,519,GLU,0,DTP
1XJF,A,509,523,LYS,0,DTP
1XJF,A,510,524,GLU,0,DTP
1XJF,A,511,525,PRO,0,DTP
1XJF,A,512,526,LEU,0,DTP
1XJF,A,513,527,LEU,0,DTP
1XJF,A,514,528,TYR,0,DTP
1XJF,A,515,529,VAL,0,DTP
1XJF,A,516,530,ASN,0,DTP
1XJF,A,517,531,GLN,0,DTP
1XJF,A,518,532,VAL,0,DTP
1XJF,A,519,533,LEU,0,DTP
1XJF,A,520,534,ARG,0,DTP
1XJF,A,521,535,GLU,0,DTP
1XJF,A,522,536,LYS,0,DTP
1XJF,A,523,537,LEU,0,DTP
1XJF,A,524,538,ASN,0,DTP
1XJF,A,525,539,PRO,0,DTP
1XJF,A,526,540,GLU,0,DTP
1XJF,A,527,541,ILE,0,DTP
1XJF,A,528,542,LEU,0,DTP
1XJF,A,529,543,LYS,0,DTP
1XJF,A,530,544,ARG,0,DTP
1XJF,A,531,545,ILE,0,DTP
1XJF,A,532,546,GLU,0,DTP
1XJF,A,533,547,LYS,0,DTP
1XJF,A,534,548,GLU,0,DTP
1XJF,A,535,549,LEU,0,DTP
1XJF,A,536,550,ILE,0,DTP
1XJF,A,537,551,GLU,0,DTP
1XJF,A,538,552,LYS,0,DTP
1XJF,A,539,553,GLY,0,DTP
1XJF,A,540,554,SER,0,DTP
1XJF,A,541,555,LEU,0,DTP
1XJF,A,542,556,LYS,0,DTP
1XJF,A,543,557,ASP,0,DTP
1XJF,A,544,558,ILE,0,DTP
1XJF,A,545,559,PRO,0,DTP
1XJF,A,546,560,ASP,0,DTP
1XJF,A,547,561,VAL,0,DTP
1XJF,A,548,562,PRO,0,DTP
1XJF,A,549,563,GLU,0,DTP
1XJF,A,550,564,LYS,0,DTP
1XJF,A,551,565,ILE,0,DTP
1XJF,A,552,566,LYS,0,DTP
1XJF,A,553,567,LYS,0,DTP
1XJF,A,554,568,VAL,0,DTP
1XJF,A,555,569,PHE,0,DTP
1XJF,A,556,570,VAL,0,DTP
1XJF,A,557,571,VAL,0,DTP
1XJF,A,558,572,ALA,0,DTP
1XJF,A,559,573,LEU,0,DTP
1XJF,A,560,574,ASP,0,DTP
1XJF,A,561,575,ILE,0,DTP
1XJF,A,562,576,ASP,0,DTP
1XJF,A,563,577,PRO,0,DTP
1XJF,A,564,578,MET,0,DTP
1XJF,A,565,579,ASP,0,DTP
1XJF,A,566,580,HIS,0,DTP
1XJF,A,567,581,LEU,0,DTP
1XJF,A,568,582,LEU,0,DTP
1XJF,A,569,583,MET,0,DTP
1XJF,A,570,584,GLN,0,DTP
1XJF,A,571,585,ASP,0,DTP
1XJF,A,572,586,ALA,0,DTP
1XJF,A,573,587,PHE,0,DTP
1XJF,A,574,588,GLN,0,DTP
1XJF,A,575,589,ARG,0,DTP
1XJF,A,576,590,TYR,0,DTP
1XJF,A,577,591,VAL,0,DTP
1XJF,A,578,592,ASP,0,DTP
1XJF,A,579,593,ASN,0,DTP
1XJF,A,580,594,ASN,0,DTP
1XJF,A,581,595,ILE,0,DTP
1XJF,A,582,596,SER,0,DTP
1XJF,A,583,597,LYS,0,DTP
1XJF,A,584,598,THR,0,DTP
1XJF,A,585,599,ILE,0,DTP
1XJF,A,586,600,ASN,0,DTP
1XJF,A,587,601,MET,0,DTP
1XJF,A,588,602,PRO,0,DTP
1XJF,A,589,603,GLN,0,DTP
1XJF,A,590,604,SER,0,DTP
1XJF,A,591,605,ALA,0,DTP
1XJF,A,592,606,THR,0,DTP
1XJF,A,593,607,VAL,0,DTP
1XJF,A,594,608,ASP,0,DTP
1XJF,A,595,609,ASP,0,DTP
1XJF,A,596,610,VAL,0,DTP
1XJF,A,597,611,LEU,0,DTP
1XJF,A,598,612,ASN,0,DTP
1XJF,A,599,613,VAL,0,DTP
1XJF,A,600,614,TYR,0,DTP
1XJF,A,601,615,LEU,0,DTP
1XJF,A,602,616,GLU,0,DTP
1XJF,A,603,617,ALA,0,DTP
1XJF,A,604,618,LEU,0,DTP
1XJF,A,605,619,ARG,0,DTP
1XJF,A,606,620,THR,0,DTP
1XJF,A,607,621,ASN,0,DTP
1XJF,A,608,622,VAL,0,DTP
1XJF,A,609,623,ARG,0,DTP
1XJF,A,610,624,GLY,0,DTP
1XJF,A,611,625,ILE,0,DTP
1XJF,A,612,626,THR,0,DTP
1XJF,A,613,627,VAL,0,DTP
1XJF,A,614,628,TYR,0,DTP
1XJF,A,615,629,ARG,0,DTP
1XJF,A,616,630,ASP,0,DTP
1XJF,A,617,631,GLY,0,DTP
1XJF,A,618,632,SER,0,DTP
1XJG,A,0,1,MET,0,DTP
1XJG,A,1,2,LYS,0,DTP
1XJG,A,2,3,LEU,0,DTP
1XJG,A,3,4,SER,0,DTP
1XJG,A,4,5,ASP,0,DTP
1XJG,A,5,6,LEU,0,DTP
1XJG,A,6,7,ILE,0,DTP
1XJG,A,7,8,SER,0,DTP
1XJG,A,8,9,ARG,0,DTP
1XJG,A,9,10,TRP,0,DTP
1XJG,A,10,11,ILE,0,DTP
1XJG,A,11,12,ASP,0,DTP
1XJG,A,12,13,VAL,0,DTP
1XJG,A,13,14,GLU,0,DTP
1XJG,A,14,15,PRO,0,DTP
1XJG,A,15,16,SER,0,DTP
1XJG,A,16,17,LYS,0,DTP
1XJG,A,17,18,ASN,0,DTP
1XJG,A,18,19,ALA,0,DTP
1XJG,A,19,20,GLN,0,DTP
1XJG,A,20,21,ILE,0,DTP
1XJG,A,21,22,ILE,0,DTP
1XJG,A,22,23,LEU,0,DTP
1XJG,A,23,24,ARG,0,DTP
1XJG,A,24,25,ASP,0,DTP
1XJG,A,25,26,ARG,0,DTP
1XJG,A,26,27,TYR,0,DTP
1XJG,A,27,28,PHE,0,DTP
1XJG,A,28,29,MET,0,DTP
1XJG,A,29,30,LYS,0,DTP
1XJG,A,30,31,ASP,0,DTP
1XJG,A,31,32,LEU,0,DTP
1XJG,A,32,33,ASP,0,DTP
1XJG,A,33,34,GLY,0,DTP
1XJG,A,34,35,ASN,0,DTP
1XJG,A,35,36,TYR,0,DTP
1XJG,A,36,37,LEU,0,DTP
1XJG,A,37,38,GLU,0,DTP
1XJG,A,38,39,THR,0,DTP
1XJG,A,39,40,LYS,0,DTP
1XJG,A,40,41,TRP,0,DTP
1XJG,A,41,42,GLU,0,DTP
1XJG,A,42,43,ASP,0,DTP
1XJG,A,43,44,VAL,0,DTP
1XJG,A,44,45,ALA,0,DTP
1XJG,A,45,46,ARG,0,DTP
1XJG,A,46,47,ARG,0,DTP
1XJG,A,47,48,VAL,0,DTP
1XJG,A,48,49,ALA,0,DTP
1XJG,A,49,50,ARG,0,DTP
1XJG,A,50,51,VAL,0,DTP
1XJG,A,51,52,VAL,0,DTP
1XJG,A,52,53,ALA,0,DTP
1XJG,A,53,54,THR,0,DTP
1XJG,A,54,55,ALA,0,DTP
1XJG,A,55,56,GLU,0,DTP
1XJG,A,56,57,LEU,0,DTP
1XJG,A,57,58,LEU,0,DTP
1XJG,A,58,59,ASN,0,DTP
1XJG,A,59,60,PRO,0,DTP
1XJG,A,60,61,SER,0,DTP
1XJG,A,61,62,TYR,0,DTP
1XJG,A,62,63,LYS,0,DTP
1XJG,A,63,64,LYS,0,DTP
1XJG,A,64,65,ASN,0,DTP
1XJG,A,65,66,GLU,0,DTP
1XJG,A,66,67,LYS,0,DTP
1XJG,A,67,68,LEU,0,DTP
1XJG,A,68,69,ASP,0,DTP
1XJG,A,69,70,ARG,0,DTP
1XJG,A,70,71,ILE,0,DTP
1XJG,A,71,72,LYS,0,DTP
1XJG,A,72,73,GLU,0,DTP
1XJG,A,73,74,TRP,0,DTP
1XJG,A,74,75,GLU,0,DTP
1XJG,A,75,76,ASP,0,DTP
1XJG,A,76,77,ILE,0,DTP
1XJG,A,77,78,PHE,0,DTP
1XJG,A,78,79,PHE,0,DTP
1XJG,A,79,80,ARG,0,DTP
1XJG,A,80,81,VAL,0,DTP
1XJG,A,81,82,LEU,0,DTP
1XJG,A,82,83,LYS,0,DTP
1XJG,A,83,84,ALA,0,DTP
1XJG,A,84,85,ARG,0,DTP
1XJG,A,85,86,LEU,0,DTP
1XJG,A,86,87,PHE,0,DTP
1XJG,A,87,88,ILE,0,DTP
1XJG,A,88,89,PRO,0,DTP
1XJG,A,89,90,ASN,0,DTP
1XJG,A,90,91,SER,0,DTP
1XJG,A,91,92,PRO,0,DTP
1XJG,A,92,93,THR,0,DTP
1XJG,A,93,94,LEU,0,DTP
1XJG,A,94,95,PHE,0,DTP
1XJG,A,95,96,ASN,0,DTP
1XJG,A,96,97,ALA,0,DTP
1XJG,A,97,98,GLY,0,DTP
1XJG,A,98,99,LEU,0,DTP
1XJG,A,99,100,GLY,0,DTP
1XJG,A,100,101,VAL,0,DTP
1XJG,A,101,102,LYS,0,DTP
1XJG,A,102,103,HIS,0,DTP
1XJG,A,103,104,ASP,0,DTP
1XJG,A,104,105,LEU,0,DTP
1XJG,A,105,106,LEU,0,DTP
1XJG,A,106,107,TRP,0,DTP
1XJG,A,107,108,LYS,0,DTP
1XJG,A,108,109,PRO,0,DTP
1XJG,A,109,110,ILE,0,DTP
1XJG,A,110,111,ASP,0,DTP
1XJG,A,111,112,GLN,0,DTP
1XJG,A,112,113,MET,0,DTP
1XJG,A,113,114,THR,0,DTP
1XJG,A,114,115,LEU,0,DTP
1XJG,A,115,116,GLU,0,DTP
1XJG,A,116,117,ASP,0,DTP
1XJG,A,117,118,TYR,0,DTP
1XJG,A,118,119,GLU,0,DTP
1XJG,A,119,120,GLU,0,DTP
1XJG,A,120,121,ILE,0,DTP
1XJG,A,121,122,TYR,0,DTP
1XJG,A,122,123,ARG,0,DTP
1XJG,A,123,124,SER,0,DTP
1XJG,A,124,125,ARG,0,DTP
1XJG,A,125,126,ASN,0,DTP
1XJG,A,126,127,HIS,0,DTP
1XJG,A,127,128,LEU,0,DTP
1XJG,A,128,129,HIS,0,DTP
1XJG,A,129,130,MET,0,DTP
1XJG,A,130,131,LEU,0,DTP
1XJG,A,131,132,SER,0,DTP
1XJG,A,132,133,ALA,0,DTP
1XJG,A,133,134,CYS,0,DTP
1XJG,A,134,135,PHE,0,DTP
1XJG,A,135,136,VAL,0,DTP
1XJG,A,136,137,VAL,0,DTP
1XJG,A,137,138,PRO,0,DTP
1XJG,A,138,139,VAL,0,DTP
1XJG,A,139,140,GLY,0,DTP
1XJG,A,140,141,ASP,1,DTP
1XJG,A,141,142,SER,1,DTP
1XJG,A,142,143,ILE,1,DTP
1XJG,A,143,144,GLU,0,DTP
1XJG,A,144,145,GLU,0,DTP
1XJG,A,145,146,ILE,1,DTP
1XJG,A,146,147,PHE,0,DTP
1XJG,A,147,148,GLU,0,DTP
1XJG,A,148,149,ALA,0,DTP
1XJG,A,149,150,VAL,0,DTP
1XJG,A,150,151,LYS,0,DTP
1XJG,A,151,152,GLU,0,DTP
1XJG,A,152,153,TYR,0,DTP
1XJG,A,153,154,ALA,0,DTP
1XJG,A,154,155,LEU,0,DTP
1XJG,A,155,156,ILE,0,DTP
1XJG,A,156,157,THR,0,DTP
1XJG,A,157,158,LYS,0,DTP
1XJG,A,158,159,VAL,0,DTP
1XJG,A,159,160,GLY,0,DTP
1XJG,A,160,161,GLY,0,DTP
1XJG,A,161,162,GLY,0,DTP
1XJG,A,162,163,VAL,0,DTP
1XJG,A,163,164,GLY,0,DTP
1XJG,A,164,165,SER,0,DTP
1XJG,A,165,166,ASN,0,DTP
1XJG,A,166,167,PHE,0,DTP
1XJG,A,167,168,SER,0,DTP
1XJG,A,168,169,GLU,0,DTP
1XJG,A,169,170,LEU,1,DTP
1XJG,A,170,171,ARG,1,DTP
1XJG,A,171,172,PRO,0,DTP
1XJG,A,172,173,LYS,0,DTP
1XJG,A,173,174,GLY,0,DTP
1XJG,A,174,175,SER,0,DTP
1XJG,A,175,176,PHE,1,DTP
1XJG,A,176,177,VAL,1,DTP
1XJG,A,177,178,ALA,1,DTP
1XJG,A,178,179,GLY,1,DTP
1XJG,A,179,180,THR,1,DTP
1XJG,A,180,181,HIS,0,DTP
1XJG,A,181,182,GLY,0,DTP
1XJG,A,182,183,LYS,1,DTP
1XJG,A,183,184,ALA,1,DTP
1XJG,A,184,185,SER,1,DTP
1XJG,A,185,186,GLY,0,DTP
1XJG,A,186,187,PRO,0,DTP
1XJG,A,187,188,VAL,0,DTP
1XJG,A,188,189,SER,0,DTP
1XJG,A,189,190,PHE,1,DTP
1XJG,A,190,191,MET,0,DTP
1XJG,A,191,192,HIS,0,DTP
1XJG,A,192,193,VAL,0,DTP
1XJG,A,193,194,PHE,0,DTP
1XJG,A,194,195,ASN,0,DTP
1XJG,A,195,196,SER,0,DTP
1XJG,A,196,197,ALA,0,DTP
1XJG,A,197,198,ILE,0,DTP
1XJG,A,198,199,SER,0,DTP
1XJG,A,199,200,VAL,0,DTP
1XJG,A,200,201,VAL,0,DTP
1XJG,A,201,202,LYS,0,DTP
1XJG,A,202,210,ALA,0,DTP
1XJG,A,203,211,LEU,0,DTP
1XJG,A,204,212,MET,0,DTP
1XJG,A,205,213,GLY,0,DTP
1XJG,A,206,214,ILE,0,DTP
1XJG,A,207,215,LEU,0,DTP
1XJG,A,208,216,ASN,0,DTP
1XJG,A,209,217,ILE,0,DTP
1XJG,A,210,218,ASN,0,DTP
1XJG,A,211,219,HIS,0,DTP
1XJG,A,212,220,PRO,0,DTP
1XJG,A,213,221,ASP,0,DTP
1XJG,A,214,222,ILE,0,DTP
1XJG,A,215,223,GLU,0,DTP
1XJG,A,216,224,GLU,0,DTP
1XJG,A,217,225,PHE,0,DTP
1XJG,A,218,226,ILE,0,DTP
1XJG,A,219,227,ASP,0,DTP
1XJG,A,220,228,ALA,0,DTP
1XJG,A,221,229,LYS,0,DTP
1XJG,A,222,230,LYS,0,DTP
1XJG,A,223,237,VAL,0,DTP
1XJG,A,224,238,LEU,0,DTP
1XJG,A,225,239,ASN,0,DTP
1XJG,A,226,240,PHE,0,DTP
1XJG,A,227,241,PHE,0,DTP
1XJG,A,228,242,ASN,0,DTP
1XJG,A,229,243,LEU,0,DTP
1XJG,A,230,244,SER,0,DTP
1XJG,A,231,245,VAL,0,DTP
1XJG,A,232,246,GLY,0,DTP
1XJG,A,233,247,PHE,0,DTP
1XJG,A,234,248,PRO,0,DTP
1XJG,A,235,249,MET,0,DTP
1XJG,A,236,250,ASP,0,DTP
1XJG,A,237,251,LYS,0,DTP
1XJG,A,238,252,LYS,0,DTP
1XJG,A,239,253,GLU,0,DTP
1XJG,A,240,254,ILE,0,DTP
1XJG,A,241,255,LEU,0,DTP
1XJG,A,242,256,LYS,0,DTP
1XJG,A,243,257,LEU,0,DTP
1XJG,A,244,258,TYR,0,DTP
1XJG,A,245,259,GLU,0,DTP
1XJG,A,246,260,GLU,0,DTP
1XJG,A,247,261,ASP,0,DTP
1XJG,A,248,262,GLY,0,DTP
1XJG,A,249,263,GLU,0,DTP
1XJG,A,250,264,LEU,0,DTP
1XJG,A,251,265,GLU,0,DTP
1XJG,A,252,266,LEU,0,DTP
1XJG,A,253,267,SER,0,DTP
1XJG,A,254,268,HIS,0,DTP
1XJG,A,255,269,PRO,0,DTP
1XJG,A,256,270,ARG,0,DTP
1XJG,A,257,271,SER,0,DTP
1XJG,A,258,272,THR,0,DTP
1XJG,A,259,273,ILE,0,DTP
1XJG,A,260,274,ARG,0,DTP
1XJG,A,261,275,LYS,0,DTP
1XJG,A,262,276,LYS,0,DTP
1XJG,A,263,277,VAL,0,DTP
1XJG,A,264,278,LYS,0,DTP
1XJG,A,265,279,ILE,0,DTP
1XJG,A,266,280,ARG,0,DTP
1XJG,A,267,281,GLU,0,DTP
1XJG,A,268,282,LEU,0,DTP
1XJG,A,269,283,PHE,0,DTP
1XJG,A,270,284,ARG,0,DTP
1XJG,A,271,285,LYS,0,DTP
1XJG,A,272,286,ILE,0,DTP
1XJG,A,273,287,ALA,0,DTP
1XJG,A,274,288,THR,0,DTP
1XJG,A,275,289,ASN,0,DTP
1XJG,A,276,290,ALA,0,DTP
1XJG,A,277,291,TRP,0,DTP
1XJG,A,278,292,LYS,0,DTP
1XJG,A,279,293,SER,0,DTP
1XJG,A,280,294,GLY,0,DTP
1XJG,A,281,295,ASP,0,DTP
1XJG,A,282,296,PRO,0,DTP
1XJG,A,283,297,GLY,0,DTP
1XJG,A,284,298,LEU,0,DTP
1XJG,A,285,299,ALA,0,DTP
1XJG,A,286,300,PHE,0,DTP
1XJG,A,287,301,LEU,0,DTP
1XJG,A,288,302,GLY,0,DTP
1XJG,A,289,303,GLU,0,DTP
1XJG,A,290,304,MET,0,DTP
1XJG,A,291,305,ASN,0,DTP
1XJG,A,292,306,LYS,0,DTP
1XJG,A,293,307,TYR,0,DTP
1XJG,A,294,308,TYR,0,DTP
1XJG,A,295,309,PRO,0,DTP
1XJG,A,296,310,LEU,0,DTP
1XJG,A,297,311,TYR,0,DTP
1XJG,A,298,312,PRO,0,DTP
1XJG,A,299,313,HIS,0,DTP
1XJG,A,300,314,ARG,0,DTP
1XJG,A,301,315,LYS,0,DTP
1XJG,A,302,316,ILE,0,DTP
1XJG,A,303,317,ASN,0,DTP
1XJG,A,304,318,SER,0,DTP
1XJG,A,305,319,THR,0,DTP
1XJG,A,306,320,ASN,0,DTP
1XJG,A,307,321,PRO,0,DTP
1XJG,A,308,322,CYS,0,DTP
1XJG,A,309,323,GLY,0,DTP
1XJG,A,310,324,GLU,0,DTP
1XJG,A,311,325,ILE,0,DTP
1XJG,A,312,326,GLY,0,DTP
1XJG,A,313,327,LEU,0,DTP
1XJG,A,314,328,SER,0,DTP
1XJG,A,315,329,ASP,0,DTP
1XJG,A,316,330,TYR,0,DTP
1XJG,A,317,331,GLU,0,DTP
1XJG,A,318,332,ALA,0,DTP
1XJG,A,319,333,CYS,0,DTP
1XJG,A,320,334,ASN,0,DTP
1XJG,A,321,335,LEU,0,DTP
1XJG,A,322,336,GLY,0,DTP
1XJG,A,323,337,SER,0,DTP
1XJG,A,324,338,ILE,0,DTP
1XJG,A,325,339,ASP,0,DTP
1XJG,A,326,340,VAL,0,DTP
1XJG,A,327,341,ALA,0,DTP
1XJG,A,328,342,LYS,0,DTP
1XJG,A,329,343,PHE,0,DTP
1XJG,A,330,344,TYR,0,DTP
1XJG,A,331,345,ASN,0,DTP
1XJG,A,332,346,ASN,0,DTP
1XJG,A,333,347,GLY,0,DTP
1XJG,A,334,348,PHE,0,DTP
1XJG,A,335,349,VAL,0,DTP
1XJG,A,336,350,ASP,0,DTP
1XJG,A,337,351,LEU,0,DTP
1XJG,A,338,352,GLU,0,DTP
1XJG,A,339,353,ALA,0,DTP
1XJG,A,340,354,LEU,0,DTP
1XJG,A,341,355,GLN,0,DTP
1XJG,A,342,356,GLU,0,DTP
1XJG,A,343,357,LEU,0,DTP
1XJG,A,344,358,VAL,0,DTP
1XJG,A,345,359,GLN,0,DTP
1XJG,A,346,360,ILE,0,DTP
1XJG,A,347,361,ALA,0,DTP
1XJG,A,348,362,VAL,0,DTP
1XJG,A,349,363,ARG,0,DTP
1XJG,A,350,364,PHE,0,DTP
1XJG,A,351,365,LEU,0,DTP
1XJG,A,352,366,ASP,0,DTP
1XJG,A,353,367,ASN,0,DTP
1XJG,A,354,368,VAL,0,DTP
1XJG,A,355,369,ILE,0,DTP
1XJG,A,356,370,ASP,0,DTP
1XJG,A,357,371,VAL,0,DTP
1XJG,A,358,372,ASN,0,DTP
1XJG,A,359,373,VAL,0,DTP
1XJG,A,360,374,PHE,0,DTP
1XJG,A,361,375,PRO,0,DTP
1XJG,A,362,376,ILE,0,DTP
1XJG,A,363,377,ASP,0,DTP
1XJG,A,364,378,LYS,0,DTP
1XJG,A,365,379,ILE,0,DTP
1XJG,A,366,380,THR,0,DTP
1XJG,A,367,381,LYS,0,DTP
1XJG,A,368,382,ALA,0,DTP
1XJG,A,369,383,VAL,0,DTP
1XJG,A,370,384,LYS,0,DTP
1XJG,A,371,385,GLU,0,DTP
1XJG,A,372,386,SER,0,DTP
1XJG,A,373,387,ARG,0,DTP
1XJG,A,374,388,ARG,0,DTP
1XJG,A,375,389,LEU,0,DTP
1XJG,A,376,390,GLY,0,DTP
1XJG,A,377,391,LEU,0,DTP
1XJG,A,378,392,GLY,0,DTP
1XJG,A,379,393,ILE,0,DTP
1XJG,A,380,394,MET,0,DTP
1XJG,A,381,395,GLY,0,DTP
1XJG,A,382,396,PHE,0,DTP
1XJG,A,383,397,ALA,0,DTP
1XJG,A,384,398,ASP,0,DTP
1XJG,A,385,399,LEU,0,DTP
1XJG,A,386,400,LEU,0,DTP
1XJG,A,387,401,TYR,0,DTP
1XJG,A,388,402,LYS,0,DTP
1XJG,A,389,403,LEU,0,DTP
1XJG,A,390,404,GLU,0,DTP
1XJG,A,391,405,ILE,0,DTP
1XJG,A,392,406,PRO,0,DTP
1XJG,A,393,407,TYR,0,DTP
1XJG,A,394,408,ASN,0,DTP
1XJG,A,395,409,SER,0,DTP
1XJG,A,396,410,GLN,0,DTP
1XJG,A,397,411,GLU,0,DTP
1XJG,A,398,412,ALA,0,DTP
1XJG,A,399,413,ARG,0,DTP
1XJG,A,400,414,ASP,0,DTP
1XJG,A,401,415,PHE,0,DTP
1XJG,A,402,416,ALA,0,DTP
1XJG,A,403,417,ALA,0,DTP
1XJG,A,404,418,ASN,0,DTP
1XJG,A,405,419,LEU,0,DTP
1XJG,A,406,420,MET,0,DTP
1XJG,A,407,421,ALA,0,DTP
1XJG,A,408,422,PHE,0,DTP
1XJG,A,409,423,ILE,0,DTP
1XJG,A,410,424,ALA,0,DTP
1XJG,A,411,425,LEU,0,DTP
1XJG,A,412,426,HIS,0,DTP
1XJG,A,413,427,ALA,0,DTP
1XJG,A,414,428,HIS,0,DTP
1XJG,A,415,429,ARG,0,DTP
1XJG,A,416,430,THR,0,DTP
1XJG,A,417,431,SER,0,DTP
1XJG,A,418,432,TYR,0,DTP
1XJG,A,419,433,GLU,0,DTP
1XJG,A,420,434,LEU,0,DTP
1XJG,A,421,435,GLY,0,DTP
1XJG,A,422,436,LYS,0,DTP
1XJG,A,423,437,GLU,0,DTP
1XJG,A,424,438,LYS,0,DTP
1XJG,A,425,439,GLY,0,DTP
1XJG,A,426,440,ASN,0,DTP
1XJG,A,427,441,PHE,0,DTP
1XJG,A,428,442,PRO,0,DTP
1XJG,A,429,443,LEU,0,DTP
1XJG,A,430,444,LEU,0,DTP
1XJG,A,431,445,GLU,0,DTP
1XJG,A,432,446,ILE,0,DTP
1XJG,A,433,447,SER,0,DTP
1XJG,A,434,448,ARG,0,DTP
1XJG,A,435,449,TYR,0,DTP
1XJG,A,436,450,ARG,0,DTP
1XJG,A,437,451,THR,0,DTP
1XJG,A,438,452,GLU,0,DTP
1XJG,A,439,453,ASP,0,DTP
1XJG,A,440,454,ASN,0,DTP
1XJG,A,441,455,PHE,0,DTP
1XJG,A,442,456,VAL,0,DTP
1XJG,A,443,457,PRO,0,DTP
1XJG,A,444,458,PHE,0,DTP
1XJG,A,445,459,ALA,0,DTP
1XJG,A,446,460,MET,0,DTP
1XJG,A,447,461,GLY,0,DTP
1XJG,A,448,462,MET,0,DTP
1XJG,A,449,463,SER,0,DTP
1XJG,A,450,464,ASN,0,DTP
1XJG,A,451,465,TYR,0,DTP
1XJG,A,452,466,ASP,0,DTP
1XJG,A,453,467,ASP,0,DTP
1XJG,A,454,468,GLU,0,DTP
1XJG,A,455,469,ILE,0,DTP
1XJG,A,456,470,ARG,0,DTP
1XJG,A,457,471,GLU,0,DTP
1XJG,A,458,472,VAL,0,DTP
1XJG,A,459,473,MET,0,DTP
1XJG,A,460,474,LYS,0,DTP
1XJG,A,461,475,MET,0,DTP
1XJG,A,462,476,THR,0,DTP
1XJG,A,463,477,LYS,0,DTP
1XJG,A,464,478,GLU,0,DTP
1XJG,A,465,479,PHE,0,DTP
1XJG,A,466,480,ARG,0,DTP
1XJG,A,467,481,ARG,0,DTP
1XJG,A,468,482,ASN,0,DTP
1XJG,A,469,483,VAL,0,DTP
1XJG,A,470,484,ALA,0,DTP
1XJG,A,471,485,LEU,0,DTP
1XJG,A,472,486,LEU,0,DTP
1XJG,A,473,487,THR,0,DTP
1XJG,A,474,488,ILE,0,DTP
1XJG,A,475,489,ALA,0,DTP
1XJG,A,476,490,PRO,0,DTP
1XJG,A,477,491,THR,0,DTP
1XJG,A,478,492,GLY,0,DTP
1XJG,A,479,493,SER,0,DTP
1XJG,A,480,494,ILE,0,DTP
1XJG,A,481,495,SER,0,DTP
1XJG,A,482,496,ASN,0,DTP
1XJG,A,483,497,ILE,0,DTP
1XJG,A,484,498,ALA,0,DTP
1XJG,A,485,499,ASP,0,DTP
1XJG,A,486,500,THR,0,DTP
1XJG,A,487,501,SER,0,DTP
1XJG,A,488,502,SER,0,DTP
1XJG,A,489,503,GLY,0,DTP
1XJG,A,490,504,LEU,0,DTP
1XJG,A,491,505,GLU,0,DTP
1XJG,A,492,506,PRO,0,DTP
1XJG,A,493,507,ASN,0,DTP
1XJG,A,494,508,PHE,0,DTP
1XJG,A,495,509,LEU,0,DTP
1XJG,A,496,510,LEU,0,DTP
1XJG,A,497,511,ALA,0,DTP
1XJG,A,498,512,TYR,0,DTP
1XJG,A,499,513,THR,0,DTP
1XJG,A,500,514,ARG,0,DTP
1XJG,A,501,515,PHE,0,DTP
1XJG,A,502,516,VAL,0,DTP
1XJG,A,503,517,THR,0,DTP
1XJG,A,504,523,LYS,0,DTP
1XJG,A,505,524,GLU,0,DTP
1XJG,A,506,525,PRO,0,DTP
1XJG,A,507,526,LEU,0,DTP
1XJG,A,508,527,LEU,0,DTP
1XJG,A,509,528,TYR,0,DTP
1XJG,A,510,529,VAL,0,DTP
1XJG,A,511,530,ASN,0,DTP
1XJG,A,512,531,GLN,0,DTP
1XJG,A,513,532,VAL,0,DTP
1XJG,A,514,533,LEU,0,DTP
1XJG,A,515,534,ARG,0,DTP
1XJG,A,516,535,GLU,0,DTP
1XJG,A,517,536,LYS,0,DTP
1XJG,A,518,537,LEU,0,DTP
1XJG,A,519,538,ASN,0,DTP
1XJG,A,520,539,PRO,0,DTP
1XJG,A,521,540,GLU,0,DTP
1XJG,A,522,541,ILE,0,DTP
1XJG,A,523,542,LEU,0,DTP
1XJG,A,524,543,LYS,0,DTP
1XJG,A,525,544,ARG,0,DTP
1XJG,A,526,545,ILE,0,DTP
1XJG,A,527,546,GLU,0,DTP
1XJG,A,528,547,LYS,0,DTP
1XJG,A,529,548,GLU,0,DTP
1XJG,A,530,549,LEU,0,DTP
1XJG,A,531,550,ILE,0,DTP
1XJG,A,532,551,GLU,0,DTP
1XJG,A,533,552,LYS,0,DTP
1XJG,A,534,553,GLY,0,DTP
1XJG,A,535,554,SER,0,DTP
1XJG,A,536,555,LEU,0,DTP
1XJG,A,537,556,LYS,0,DTP
1XJG,A,538,557,ASP,0,DTP
1XJG,A,539,558,ILE,0,DTP
1XJG,A,540,559,PRO,0,DTP
1XJG,A,541,560,ASP,0,DTP
1XJG,A,542,561,VAL,0,DTP
1XJG,A,543,562,PRO,0,DTP
1XJG,A,544,563,GLU,0,DTP
1XJG,A,545,564,LYS,0,DTP
1XJG,A,546,565,ILE,0,DTP
1XJG,A,547,566,LYS,0,DTP
1XJG,A,548,567,LYS,0,DTP
1XJG,A,549,568,VAL,0,DTP
1XJG,A,550,569,PHE,0,DTP
1XJG,A,551,570,VAL,0,DTP
1XJG,A,552,571,VAL,0,DTP
1XJG,A,553,572,ALA,0,DTP
1XJG,A,554,573,LEU,0,DTP
1XJG,A,555,574,ASP,0,DTP
1XJG,A,556,575,ILE,0,DTP
1XJG,A,557,576,ASP,0,DTP
1XJG,A,558,577,PRO,0,DTP
1XJG,A,559,578,MET,0,DTP
1XJG,A,560,579,ASP,0,DTP
1XJG,A,561,580,HIS,0,DTP
1XJG,A,562,581,LEU,0,DTP
1XJG,A,563,582,LEU,0,DTP
1XJG,A,564,583,MET,0,DTP
1XJG,A,565,584,GLN,0,DTP
1XJG,A,566,585,ASP,0,DTP
1XJG,A,567,586,ALA,0,DTP
1XJG,A,568,587,PHE,0,DTP
1XJG,A,569,588,GLN,0,DTP
1XJG,A,570,589,ARG,0,DTP
1XJG,A,571,590,TYR,0,DTP
1XJG,A,572,591,VAL,0,DTP
1XJG,A,573,592,ASP,0,DTP
1XJG,A,574,593,ASN,0,DTP
1XJG,A,575,594,ASN,0,DTP
1XJG,A,576,595,ILE,0,DTP
1XJG,A,577,596,SER,0,DTP
1XJG,A,578,597,LYS,0,DTP
1XJG,A,579,598,THR,0,DTP
1XJG,A,580,599,ILE,0,DTP
1XJG,A,581,600,ASN,0,DTP
1XJG,A,582,601,MET,0,DTP
1XJG,A,583,602,PRO,0,DTP
1XJG,A,584,603,GLN,0,DTP
1XJG,A,585,604,SER,0,DTP
1XJG,A,586,605,ALA,0,DTP
1XJG,A,587,606,THR,0,DTP
1XJG,A,588,607,VAL,0,DTP
1XJG,A,589,608,ASP,0,DTP
1XJG,A,590,609,ASP,0,DTP
1XJG,A,591,610,VAL,0,DTP
1XJG,A,592,611,LEU,0,DTP
1XJG,A,593,612,ASN,0,DTP
1XJG,A,594,613,VAL,0,DTP
1XJG,A,595,614,TYR,0,DTP
1XJG,A,596,615,LEU,0,DTP
1XJG,A,597,616,GLU,0,DTP
1XJG,A,598,617,ALA,0,DTP
1XJG,A,599,618,LEU,0,DTP
1XJG,A,600,619,ARG,0,DTP
1XJG,A,601,620,THR,0,DTP
1XJG,A,602,621,ASN,0,DTP
1XJG,A,603,622,VAL,0,DTP
1XJG,A,604,623,ARG,0,DTP
1XJG,A,605,624,GLY,0,DTP
1XJG,A,606,625,ILE,0,DTP
1XJG,A,607,626,THR,0,DTP
1XJG,A,608,627,VAL,0,DTP
1XJG,A,609,628,TYR,0,DTP
1XJG,A,610,629,ARG,0,DTP
1XJG,A,611,630,ASP,0,DTP
1XJG,A,612,631,GLY,0,DTP
1XJG,A,613,632,SER,0,DTP
1XJG,A,614,633,LEU,0,DTP
1XJJ,A,0,1,MET,0,DGT
1XJJ,A,1,2,LYS,0,DGT
1XJJ,A,2,3,LEU,0,DGT
1XJJ,A,3,4,SER,0,DGT
1XJJ,A,4,5,ASP,0,DGT
1XJJ,A,5,6,LEU,0,DGT
1XJJ,A,6,7,ILE,0,DGT
1XJJ,A,7,8,SER,0,DGT
1XJJ,A,8,9,ARG,0,DGT
1XJJ,A,9,10,TRP,0,DGT
1XJJ,A,10,11,ILE,0,DGT
1XJJ,A,11,12,ASP,0,DGT
1XJJ,A,12,13,VAL,0,DGT
1XJJ,A,13,14,GLU,0,DGT
1XJJ,A,14,15,PRO,0,DGT
1XJJ,A,15,16,SER,0,DGT
1XJJ,A,16,17,LYS,0,DGT
1XJJ,A,17,18,ASN,0,DGT
1XJJ,A,18,19,ALA,0,DGT
1XJJ,A,19,20,GLN,0,DGT
1XJJ,A,20,21,ILE,0,DGT
1XJJ,A,21,22,ILE,0,DGT
1XJJ,A,22,23,LEU,0,DGT
1XJJ,A,23,24,ARG,0,DGT
1XJJ,A,24,25,ASP,0,DGT
1XJJ,A,25,26,ARG,1,DGT
1XJJ,A,26,27,TYR,1,DGT
1XJJ,A,27,28,PHE,0,DGT
1XJJ,A,28,29,MET,0,DGT
1XJJ,A,29,30,LYS,0,DGT
1XJJ,A,30,31,ASP,0,DGT
1XJJ,A,31,32,LEU,0,DGT
1XJJ,A,32,33,ASP,0,DGT
1XJJ,A,33,34,GLY,0,DGT
1XJJ,A,34,35,ASN,0,DGT
1XJJ,A,35,36,TYR,0,DGT
1XJJ,A,36,37,LEU,0,DGT
1XJJ,A,37,38,GLU,0,DGT
1XJJ,A,38,39,THR,0,DGT
1XJJ,A,39,40,LYS,0,DGT
1XJJ,A,40,41,TRP,0,DGT
1XJJ,A,41,42,GLU,0,DGT
1XJJ,A,42,43,ASP,0,DGT
1XJJ,A,43,44,VAL,0,DGT
1XJJ,A,44,45,ALA,0,DGT
1XJJ,A,45,46,ARG,0,DGT
1XJJ,A,46,47,ARG,0,DGT
1XJJ,A,47,48,VAL,0,DGT
1XJJ,A,48,49,ALA,0,DGT
1XJJ,A,49,50,ARG,0,DGT
1XJJ,A,50,51,VAL,0,DGT
1XJJ,A,51,52,VAL,0,DGT
1XJJ,A,52,53,ALA,0,DGT
1XJJ,A,53,54,THR,0,DGT
1XJJ,A,54,55,ALA,0,DGT
1XJJ,A,55,56,GLU,0,DGT
1XJJ,A,56,57,LEU,0,DGT
1XJJ,A,57,58,LEU,0,DGT
1XJJ,A,58,59,ASN,0,DGT
1XJJ,A,59,60,PRO,0,DGT
1XJJ,A,60,61,SER,0,DGT
1XJJ,A,61,62,TYR,0,DGT
1XJJ,A,62,63,LYS,0,DGT
1XJJ,A,63,64,LYS,0,DGT
1XJJ,A,64,65,ASN,0,DGT
1XJJ,A,65,66,GLU,0,DGT
1XJJ,A,66,67,LYS,0,DGT
1XJJ,A,67,68,LEU,0,DGT
1XJJ,A,68,69,ASP,0,DGT
1XJJ,A,69,70,ARG,0,DGT
1XJJ,A,70,71,ILE,0,DGT
1XJJ,A,71,72,LYS,0,DGT
1XJJ,A,72,73,GLU,0,DGT
1XJJ,A,73,74,TRP,0,DGT
1XJJ,A,74,75,GLU,0,DGT
1XJJ,A,75,76,ASP,0,DGT
1XJJ,A,76,77,ILE,0,DGT
1XJJ,A,77,78,PHE,0,DGT
1XJJ,A,78,79,PHE,0,DGT
1XJJ,A,79,80,ARG,0,DGT
1XJJ,A,80,81,VAL,0,DGT
1XJJ,A,81,82,LEU,0,DGT
1XJJ,A,82,83,LYS,0,DGT
1XJJ,A,83,84,ALA,0,DGT
1XJJ,A,84,85,ARG,0,DGT
1XJJ,A,85,86,LEU,0,DGT
1XJJ,A,86,87,PHE,0,DGT
1XJJ,A,87,88,ILE,0,DGT
1XJJ,A,88,89,PRO,0,DGT
1XJJ,A,89,90,ASN,1,DGT
1XJJ,A,90,91,SER,1,DGT
1XJJ,A,91,92,PRO,1,DGT
1XJJ,A,92,93,THR,0,DGT
1XJJ,A,93,94,LEU,0,DGT
1XJJ,A,94,95,PHE,0,DGT
1XJJ,A,95,96,ASN,0,DGT
1XJJ,A,96,97,ALA,0,DGT
1XJJ,A,97,98,GLY,0,DGT
1XJJ,A,98,99,LEU,0,DGT
1XJJ,A,99,100,GLY,0,DGT
1XJJ,A,100,101,VAL,0,DGT
1XJJ,A,101,102,LYS,0,DGT
1XJJ,A,102,103,HIS,0,DGT
1XJJ,A,103,104,ASP,0,DGT
1XJJ,A,104,105,LEU,0,DGT
1XJJ,A,105,106,LEU,0,DGT
1XJJ,A,106,107,TRP,0,DGT
1XJJ,A,107,108,LYS,0,DGT
1XJJ,A,108,109,PRO,0,DGT
1XJJ,A,109,110,ILE,0,DGT
1XJJ,A,110,111,ASP,0,DGT
1XJJ,A,111,112,GLN,0,DGT
1XJJ,A,112,113,MET,0,DGT
1XJJ,A,113,114,THR,0,DGT
1XJJ,A,114,115,LEU,0,DGT
1XJJ,A,115,116,GLU,0,DGT
1XJJ,A,116,117,ASP,0,DGT
1XJJ,A,117,118,TYR,0,DGT
1XJJ,A,118,119,GLU,0,DGT
1XJJ,A,119,120,GLU,0,DGT
1XJJ,A,120,121,ILE,0,DGT
1XJJ,A,121,122,TYR,0,DGT
1XJJ,A,122,123,ARG,0,DGT
1XJJ,A,123,124,SER,0,DGT
1XJJ,A,124,125,ARG,0,DGT
1XJJ,A,125,126,ASN,0,DGT
1XJJ,A,126,127,HIS,0,DGT
1XJJ,A,127,128,LEU,0,DGT
1XJJ,A,128,129,HIS,0,DGT
1XJJ,A,129,130,MET,0,DGT
1XJJ,A,130,131,LEU,0,DGT
1XJJ,A,131,132,SER,0,DGT
1XJJ,A,132,133,ALA,1,DGT
1XJJ,A,133,134,CYS,1,DGT
1XJJ,A,134,135,PHE,0,DGT
1XJJ,A,135,136,VAL,0,DGT
1XJJ,A,136,137,VAL,0,DGT
1XJJ,A,137,138,PRO,0,DGT
1XJJ,A,138,139,VAL,0,DGT
1XJJ,A,139,140,GLY,0,DGT
1XJJ,A,140,141,ASP,0,DGT
1XJJ,A,141,142,SER,0,DGT
1XJJ,A,142,143,ILE,0,DGT
1XJJ,A,143,144,GLU,0,DGT
1XJJ,A,144,145,GLU,0,DGT
1XJJ,A,145,146,ILE,0,DGT
1XJJ,A,146,147,PHE,0,DGT
1XJJ,A,147,148,GLU,0,DGT
1XJJ,A,148,149,ALA,0,DGT
1XJJ,A,149,150,VAL,0,DGT
1XJJ,A,150,151,LYS,0,DGT
1XJJ,A,151,152,GLU,0,DGT
1XJJ,A,152,153,TYR,0,DGT
1XJJ,A,153,154,ALA,0,DGT
1XJJ,A,154,155,LEU,0,DGT
1XJJ,A,155,156,ILE,0,DGT
1XJJ,A,156,157,THR,0,DGT
1XJJ,A,157,158,LYS,0,DGT
1XJJ,A,158,159,VAL,0,DGT
1XJJ,A,159,160,GLY,0,DGT
1XJJ,A,160,161,GLY,0,DGT
1XJJ,A,161,162,GLY,0,DGT
1XJJ,A,162,163,VAL,0,DGT
1XJJ,A,163,164,GLY,0,DGT
1XJJ,A,164,165,SER,0,DGT
1XJJ,A,165,166,ASN,0,DGT
1XJJ,A,166,167,PHE,0,DGT
1XJJ,A,167,168,SER,0,DGT
1XJJ,A,168,169,GLU,0,DGT
1XJJ,A,169,170,LEU,0,DGT
1XJJ,A,170,171,ARG,0,DGT
1XJJ,A,171,172,PRO,0,DGT
1XJJ,A,172,173,LYS,0,DGT
1XJJ,A,173,174,GLY,0,DGT
1XJJ,A,174,175,SER,0,DGT
1XJJ,A,175,176,PHE,0,DGT
1XJJ,A,176,177,VAL,0,DGT
1XJJ,A,177,178,ALA,0,DGT
1XJJ,A,178,179,GLY,0,DGT
1XJJ,A,179,180,THR,0,DGT
1XJJ,A,180,181,HIS,0,DGT
1XJJ,A,181,182,GLY,0,DGT
1XJJ,A,182,183,LYS,0,DGT
1XJJ,A,183,184,ALA,0,DGT
1XJJ,A,184,185,SER,0,DGT
1XJJ,A,185,186,GLY,0,DGT
1XJJ,A,186,187,PRO,0,DGT
1XJJ,A,187,188,VAL,0,DGT
1XJJ,A,188,189,SER,0,DGT
1XJJ,A,189,190,PHE,0,DGT
1XJJ,A,190,191,MET,0,DGT
1XJJ,A,191,192,HIS,0,DGT
1XJJ,A,192,193,VAL,0,DGT
1XJJ,A,193,194,PHE,0,DGT
1XJJ,A,194,195,ASN,0,DGT
1XJJ,A,195,196,SER,0,DGT
1XJJ,A,196,197,ALA,0,DGT
1XJJ,A,197,198,ILE,0,DGT
1XJJ,A,198,199,SER,0,DGT
1XJJ,A,199,200,VAL,0,DGT
1XJJ,A,200,201,VAL,0,DGT
1XJJ,A,201,202,LYS,0,DGT
1XJJ,A,202,203,GLN,0,DGT
1XJJ,A,203,210,ALA,0,DGT
1XJJ,A,204,211,LEU,0,DGT
1XJJ,A,205,212,MET,0,DGT
1XJJ,A,206,213,GLY,0,DGT
1XJJ,A,207,214,ILE,0,DGT
1XJJ,A,208,215,LEU,0,DGT
1XJJ,A,209,216,ASN,0,DGT
1XJJ,A,210,217,ILE,0,DGT
1XJJ,A,211,218,ASN,0,DGT
1XJJ,A,212,219,HIS,0,DGT
1XJJ,A,213,220,PRO,0,DGT
1XJJ,A,214,221,ASP,0,DGT
1XJJ,A,215,222,ILE,0,DGT
1XJJ,A,216,223,GLU,0,DGT
1XJJ,A,217,224,GLU,0,DGT
1XJJ,A,218,225,PHE,0,DGT
1XJJ,A,219,226,ILE,0,DGT
1XJJ,A,220,227,ASP,0,DGT
1XJJ,A,221,228,ALA,0,DGT
1XJJ,A,222,229,LYS,0,DGT
1XJJ,A,223,230,LYS,0,DGT
1XJJ,A,224,231,GLU,0,DGT
1XJJ,A,225,232,ASN,0,DGT
1XJJ,A,226,237,VAL,0,DGT
1XJJ,A,227,238,LEU,0,DGT
1XJJ,A,228,239,ASN,0,DGT
1XJJ,A,229,240,PHE,0,DGT
1XJJ,A,230,241,PHE,0,DGT
1XJJ,A,231,242,ASN,0,DGT
1XJJ,A,232,243,LEU,0,DGT
1XJJ,A,233,244,SER,0,DGT
1XJJ,A,234,245,VAL,0,DGT
1XJJ,A,235,246,GLY,0,DGT
1XJJ,A,236,247,PHE,0,DGT
1XJJ,A,237,248,PRO,0,DGT
1XJJ,A,238,249,MET,0,DGT
1XJJ,A,239,250,ASP,0,DGT
1XJJ,A,240,251,LYS,0,DGT
1XJJ,A,241,252,LYS,0,DGT
1XJJ,A,242,253,GLU,0,DGT
1XJJ,A,243,254,ILE,0,DGT
1XJJ,A,244,255,LEU,0,DGT
1XJJ,A,245,256,LYS,0,DGT
1XJJ,A,246,257,LEU,0,DGT
1XJJ,A,247,258,TYR,0,DGT
1XJJ,A,248,259,GLU,0,DGT
1XJJ,A,249,260,GLU,0,DGT
1XJJ,A,250,261,ASP,0,DGT
1XJJ,A,251,262,GLY,0,DGT
1XJJ,A,252,263,GLU,0,DGT
1XJJ,A,253,264,LEU,0,DGT
1XJJ,A,254,265,GLU,0,DGT
1XJJ,A,255,266,LEU,0,DGT
1XJJ,A,256,267,SER,0,DGT
1XJJ,A,257,268,HIS,0,DGT
1XJJ,A,258,269,PRO,0,DGT
1XJJ,A,259,270,ARG,0,DGT
1XJJ,A,260,271,SER,0,DGT
1XJJ,A,261,272,THR,0,DGT
1XJJ,A,262,273,ILE,0,DGT
1XJJ,A,263,274,ARG,0,DGT
1XJJ,A,264,275,LYS,0,DGT
1XJJ,A,265,276,LYS,0,DGT
1XJJ,A,266,277,VAL,0,DGT
1XJJ,A,267,278,LYS,0,DGT
1XJJ,A,268,279,ILE,0,DGT
1XJJ,A,269,280,ARG,0,DGT
1XJJ,A,270,281,GLU,0,DGT
1XJJ,A,271,282,LEU,0,DGT
1XJJ,A,272,283,PHE,0,DGT
1XJJ,A,273,284,ARG,0,DGT
1XJJ,A,274,285,LYS,0,DGT
1XJJ,A,275,286,ILE,0,DGT
1XJJ,A,276,287,ALA,0,DGT
1XJJ,A,277,288,THR,0,DGT
1XJJ,A,278,289,ASN,0,DGT
1XJJ,A,279,290,ALA,0,DGT
1XJJ,A,280,291,TRP,0,DGT
1XJJ,A,281,292,LYS,0,DGT
1XJJ,A,282,293,SER,0,DGT
1XJJ,A,283,294,GLY,0,DGT
1XJJ,A,284,295,ASP,0,DGT
1XJJ,A,285,296,PRO,0,DGT
1XJJ,A,286,297,GLY,0,DGT
1XJJ,A,287,298,LEU,0,DGT
1XJJ,A,288,299,ALA,0,DGT
1XJJ,A,289,300,PHE,0,DGT
1XJJ,A,290,301,LEU,0,DGT
1XJJ,A,291,302,GLY,0,DGT
1XJJ,A,292,303,GLU,0,DGT
1XJJ,A,293,304,MET,0,DGT
1XJJ,A,294,305,ASN,0,DGT
1XJJ,A,295,306,LYS,0,DGT
1XJJ,A,296,307,TYR,0,DGT
1XJJ,A,297,308,TYR,0,DGT
1XJJ,A,298,309,PRO,0,DGT
1XJJ,A,299,310,LEU,0,DGT
1XJJ,A,300,311,TYR,0,DGT
1XJJ,A,301,312,PRO,0,DGT
1XJJ,A,302,313,HIS,0,DGT
1XJJ,A,303,314,ARG,0,DGT
1XJJ,A,304,315,LYS,0,DGT
1XJJ,A,305,316,ILE,0,DGT
1XJJ,A,306,317,ASN,0,DGT
1XJJ,A,307,318,SER,0,DGT
1XJJ,A,308,319,THR,0,DGT
1XJJ,A,309,320,ASN,1,DGT
1XJJ,A,310,321,PRO,0,DGT
1XJJ,A,311,322,CYS,1,DGT
1XJJ,A,312,323,GLY,0,DGT
1XJJ,A,313,324,GLU,1,DGT
1XJJ,A,314,325,ILE,0,DGT
1XJJ,A,315,326,GLY,0,DGT
1XJJ,A,316,327,LEU,0,DGT
1XJJ,A,317,328,SER,0,DGT
1XJJ,A,318,329,ASP,0,DGT
1XJJ,A,319,330,TYR,0,DGT
1XJJ,A,320,331,GLU,0,DGT
1XJJ,A,321,332,ALA,0,DGT
1XJJ,A,322,333,CYS,0,DGT
1XJJ,A,323,334,ASN,0,DGT
1XJJ,A,324,335,LEU,1,DGT
1XJJ,A,325,336,GLY,0,DGT
1XJJ,A,326,337,SER,0,DGT
1XJJ,A,327,338,ILE,0,DGT
1XJJ,A,328,339,ASP,0,DGT
1XJJ,A,329,340,VAL,0,DGT
1XJJ,A,330,341,ALA,0,DGT
1XJJ,A,331,342,LYS,0,DGT
1XJJ,A,332,343,PHE,0,DGT
1XJJ,A,333,344,TYR,0,DGT
1XJJ,A,334,345,ASN,0,DGT
1XJJ,A,335,346,ASN,0,DGT
1XJJ,A,336,347,GLY,0,DGT
1XJJ,A,337,348,PHE,0,DGT
1XJJ,A,338,349,VAL,0,DGT
1XJJ,A,339,350,ASP,0,DGT
1XJJ,A,340,351,LEU,0,DGT
1XJJ,A,341,352,GLU,0,DGT
1XJJ,A,342,353,ALA,0,DGT
1XJJ,A,343,354,LEU,0,DGT
1XJJ,A,344,355,GLN,0,DGT
1XJJ,A,345,356,GLU,0,DGT
1XJJ,A,346,357,LEU,0,DGT
1XJJ,A,347,358,VAL,0,DGT
1XJJ,A,348,359,GLN,0,DGT
1XJJ,A,349,360,ILE,0,DGT
1XJJ,A,350,361,ALA,0,DGT
1XJJ,A,351,362,VAL,0,DGT
1XJJ,A,352,363,ARG,0,DGT
1XJJ,A,353,364,PHE,0,DGT
1XJJ,A,354,365,LEU,0,DGT
1XJJ,A,355,366,ASP,0,DGT
1XJJ,A,356,367,ASN,0,DGT
1XJJ,A,357,368,VAL,0,DGT
1XJJ,A,358,369,ILE,0,DGT
1XJJ,A,359,370,ASP,0,DGT
1XJJ,A,360,371,VAL,0,DGT
1XJJ,A,361,372,ASN,0,DGT
1XJJ,A,362,373,VAL,0,DGT
1XJJ,A,363,374,PHE,0,DGT
1XJJ,A,364,375,PRO,0,DGT
1XJJ,A,365,376,ILE,0,DGT
1XJJ,A,366,377,ASP,0,DGT
1XJJ,A,367,378,LYS,0,DGT
1XJJ,A,368,379,ILE,0,DGT
1XJJ,A,369,380,THR,0,DGT
1XJJ,A,370,381,LYS,0,DGT
1XJJ,A,371,382,ALA,0,DGT
1XJJ,A,372,383,VAL,0,DGT
1XJJ,A,373,384,LYS,0,DGT
1XJJ,A,374,385,GLU,0,DGT
1XJJ,A,375,386,SER,0,DGT
1XJJ,A,376,387,ARG,0,DGT
1XJJ,A,377,388,ARG,0,DGT
1XJJ,A,378,389,LEU,0,DGT
1XJJ,A,379,390,GLY,0,DGT
1XJJ,A,380,391,LEU,0,DGT
1XJJ,A,381,392,GLY,0,DGT
1XJJ,A,382,393,ILE,0,DGT
1XJJ,A,383,394,MET,0,DGT
1XJJ,A,384,395,GLY,0,DGT
1XJJ,A,385,396,PHE,0,DGT
1XJJ,A,386,397,ALA,0,DGT
1XJJ,A,387,398,ASP,0,DGT
1XJJ,A,388,399,LEU,0,DGT
1XJJ,A,389,400,LEU,0,DGT
1XJJ,A,390,401,TYR,0,DGT
1XJJ,A,391,402,LYS,0,DGT
1XJJ,A,392,403,LEU,0,DGT
1XJJ,A,393,404,GLU,0,DGT
1XJJ,A,394,405,ILE,0,DGT
1XJJ,A,395,406,PRO,0,DGT
1XJJ,A,396,407,TYR,0,DGT
1XJJ,A,397,408,ASN,0,DGT
1XJJ,A,398,409,SER,0,DGT
1XJJ,A,399,410,GLN,0,DGT
1XJJ,A,400,411,GLU,0,DGT
1XJJ,A,401,412,ALA,0,DGT
1XJJ,A,402,413,ARG,0,DGT
1XJJ,A,403,414,ASP,0,DGT
1XJJ,A,404,415,PHE,0,DGT
1XJJ,A,405,416,ALA,0,DGT
1XJJ,A,406,417,ALA,0,DGT
1XJJ,A,407,418,ASN,0,DGT
1XJJ,A,408,419,LEU,0,DGT
1XJJ,A,409,420,MET,0,DGT
1XJJ,A,410,421,ALA,0,DGT
1XJJ,A,411,422,PHE,0,DGT
1XJJ,A,412,423,ILE,0,DGT
1XJJ,A,413,424,ALA,0,DGT
1XJJ,A,414,425,LEU,0,DGT
1XJJ,A,415,426,HIS,0,DGT
1XJJ,A,416,427,ALA,0,DGT
1XJJ,A,417,428,HIS,0,DGT
1XJJ,A,418,429,ARG,0,DGT
1XJJ,A,419,430,THR,0,DGT
1XJJ,A,420,431,SER,0,DGT
1XJJ,A,421,432,TYR,0,DGT
1XJJ,A,422,433,GLU,0,DGT
1XJJ,A,423,434,LEU,0,DGT
1XJJ,A,424,435,GLY,0,DGT
1XJJ,A,425,436,LYS,0,DGT
1XJJ,A,426,437,GLU,0,DGT
1XJJ,A,427,438,LYS,0,DGT
1XJJ,A,428,439,GLY,0,DGT
1XJJ,A,429,440,ASN,0,DGT
1XJJ,A,430,441,PHE,0,DGT
1XJJ,A,431,442,PRO,0,DGT
1XJJ,A,432,443,LEU,0,DGT
1XJJ,A,433,444,LEU,0,DGT
1XJJ,A,434,445,GLU,0,DGT
1XJJ,A,435,446,ILE,0,DGT
1XJJ,A,436,447,SER,0,DGT
1XJJ,A,437,448,ARG,0,DGT
1XJJ,A,438,449,TYR,0,DGT
1XJJ,A,439,450,ARG,0,DGT
1XJJ,A,440,451,THR,0,DGT
1XJJ,A,441,452,GLU,0,DGT
1XJJ,A,442,453,ASP,0,DGT
1XJJ,A,443,454,ASN,0,DGT
1XJJ,A,444,455,PHE,0,DGT
1XJJ,A,445,456,VAL,0,DGT
1XJJ,A,446,457,PRO,0,DGT
1XJJ,A,447,458,PHE,0,DGT
1XJJ,A,448,459,ALA,0,DGT
1XJJ,A,449,460,MET,0,DGT
1XJJ,A,450,461,GLY,0,DGT
1XJJ,A,451,462,MET,0,DGT
1XJJ,A,452,463,SER,0,DGT
1XJJ,A,453,464,ASN,0,DGT
1XJJ,A,454,465,TYR,0,DGT
1XJJ,A,455,466,ASP,0,DGT
1XJJ,A,456,467,ASP,0,DGT
1XJJ,A,457,468,GLU,0,DGT
1XJJ,A,458,469,ILE,0,DGT
1XJJ,A,459,470,ARG,0,DGT
1XJJ,A,460,471,GLU,0,DGT
1XJJ,A,461,472,VAL,0,DGT
1XJJ,A,462,473,MET,0,DGT
1XJJ,A,463,474,LYS,0,DGT
1XJJ,A,464,475,MET,0,DGT
1XJJ,A,465,476,THR,0,DGT
1XJJ,A,466,477,LYS,0,DGT
1XJJ,A,467,478,GLU,0,DGT
1XJJ,A,468,479,PHE,0,DGT
1XJJ,A,469,480,ARG,0,DGT
1XJJ,A,470,481,ARG,0,DGT
1XJJ,A,471,482,ASN,0,DGT
1XJJ,A,472,483,VAL,0,DGT
1XJJ,A,473,484,ALA,0,DGT
1XJJ,A,474,485,LEU,0,DGT
1XJJ,A,475,486,LEU,0,DGT
1XJJ,A,476,487,THR,0,DGT
1XJJ,A,477,488,ILE,0,DGT
1XJJ,A,478,489,ALA,1,DGT
1XJJ,A,479,490,PRO,1,DGT
1XJJ,A,480,491,THR,1,DGT
1XJJ,A,481,492,GLY,1,DGT
1XJJ,A,482,493,SER,1,DGT
1XJJ,A,483,494,ILE,1,DGT
1XJJ,A,484,495,SER,0,DGT
1XJJ,A,485,496,ASN,0,DGT
1XJJ,A,486,497,ILE,0,DGT
1XJJ,A,487,498,ALA,0,DGT
1XJJ,A,488,499,ASP,0,DGT
1XJJ,A,489,500,THR,0,DGT
1XJJ,A,490,501,SER,0,DGT
1XJJ,A,491,502,SER,0,DGT
1XJJ,A,492,503,GLY,0,DGT
1XJJ,A,493,504,LEU,0,DGT
1XJJ,A,494,505,GLU,0,DGT
1XJJ,A,495,506,PRO,0,DGT
1XJJ,A,496,507,ASN,0,DGT
1XJJ,A,497,508,PHE,0,DGT
1XJJ,A,498,509,LEU,0,DGT
1XJJ,A,499,510,LEU,0,DGT
1XJJ,A,500,511,ALA,0,DGT
1XJJ,A,501,512,TYR,0,DGT
1XJJ,A,502,513,THR,0,DGT
1XJJ,A,503,514,ARG,0,DGT
1XJJ,A,504,515,PHE,0,DGT
1XJJ,A,505,516,VAL,0,DGT
1XJJ,A,506,517,THR,0,DGT
1XJJ,A,507,518,LYS,0,DGT
1XJJ,A,508,519,GLU,0,DGT
1XJJ,A,509,520,ASP,0,DGT
1XJJ,A,510,521,GLY,0,DGT
1XJJ,A,511,522,THR,0,DGT
1XJJ,A,512,523,LYS,0,DGT
1XJJ,A,513,524,GLU,0,DGT
1XJJ,A,514,525,PRO,0,DGT
1XJJ,A,515,526,LEU,0,DGT
1XJJ,A,516,527,LEU,0,DGT
1XJJ,A,517,528,TYR,0,DGT
1XJJ,A,518,529,VAL,0,DGT
1XJJ,A,519,530,ASN,0,DGT
1XJJ,A,520,531,GLN,0,DGT
1XJJ,A,521,532,VAL,0,DGT
1XJJ,A,522,533,LEU,0,DGT
1XJJ,A,523,534,ARG,0,DGT
1XJJ,A,524,535,GLU,0,DGT
1XJJ,A,525,536,LYS,0,DGT
1XJJ,A,526,537,LEU,0,DGT
1XJJ,A,527,538,ASN,0,DGT
1XJJ,A,528,539,PRO,0,DGT
1XJJ,A,529,540,GLU,0,DGT
1XJJ,A,530,541,ILE,0,DGT
1XJJ,A,531,542,LEU,0,DGT
1XJJ,A,532,543,LYS,0,DGT
1XJJ,A,533,544,ARG,0,DGT
1XJJ,A,534,545,ILE,0,DGT
1XJJ,A,535,546,GLU,0,DGT
1XJJ,A,536,547,LYS,0,DGT
1XJJ,A,537,548,GLU,0,DGT
1XJJ,A,538,549,LEU,0,DGT
1XJJ,A,539,550,ILE,0,DGT
1XJJ,A,540,551,GLU,0,DGT
1XJJ,A,541,552,LYS,0,DGT
1XJJ,A,542,553,GLY,0,DGT
1XJJ,A,543,554,SER,0,DGT
1XJJ,A,544,555,LEU,0,DGT
1XJJ,A,545,556,LYS,0,DGT
1XJJ,A,546,557,ASP,0,DGT
1XJJ,A,547,558,ILE,0,DGT
1XJJ,A,548,559,PRO,0,DGT
1XJJ,A,549,560,ASP,0,DGT
1XJJ,A,550,561,VAL,0,DGT
1XJJ,A,551,562,PRO,0,DGT
1XJJ,A,552,563,GLU,0,DGT
1XJJ,A,553,564,LYS,0,DGT
1XJJ,A,554,565,ILE,0,DGT
1XJJ,A,555,566,LYS,0,DGT
1XJJ,A,556,567,LYS,0,DGT
1XJJ,A,557,568,VAL,0,DGT
1XJJ,A,558,569,PHE,0,DGT
1XJJ,A,559,570,VAL,0,DGT
1XJJ,A,560,571,VAL,0,DGT
1XJJ,A,561,572,ALA,0,DGT
1XJJ,A,562,573,LEU,0,DGT
1XJJ,A,563,574,ASP,0,DGT
1XJJ,A,564,575,ILE,0,DGT
1XJJ,A,565,576,ASP,0,DGT
1XJJ,A,566,577,PRO,0,DGT
1XJJ,A,567,578,MET,0,DGT
1XJJ,A,568,579,ASP,0,DGT
1XJJ,A,569,580,HIS,0,DGT
1XJJ,A,570,581,LEU,0,DGT
1XJJ,A,571,582,LEU,0,DGT
1XJJ,A,572,583,MET,0,DGT
1XJJ,A,573,584,GLN,0,DGT
1XJJ,A,574,585,ASP,0,DGT
1XJJ,A,575,586,ALA,0,DGT
1XJJ,A,576,587,PHE,0,DGT
1XJJ,A,577,588,GLN,0,DGT
1XJJ,A,578,589,ARG,0,DGT
1XJJ,A,579,590,TYR,0,DGT
1XJJ,A,580,591,VAL,0,DGT
1XJJ,A,581,592,ASP,0,DGT
1XJJ,A,582,593,ASN,0,DGT
1XJJ,A,583,594,ASN,0,DGT
1XJJ,A,584,595,ILE,0,DGT
1XJJ,A,585,596,SER,0,DGT
1XJJ,A,586,597,LYS,0,DGT
1XJJ,A,587,598,THR,0,DGT
1XJJ,A,588,599,ILE,0,DGT
1XJJ,A,589,600,ASN,0,DGT
1XJJ,A,590,601,MET,0,DGT
1XJJ,A,591,602,PRO,0,DGT
1XJJ,A,592,603,GLN,0,DGT
1XJJ,A,593,604,SER,0,DGT
1XJJ,A,594,605,ALA,0,DGT
1XJJ,A,595,606,THR,0,DGT
1XJJ,A,596,607,VAL,0,DGT
1XJJ,A,597,608,ASP,0,DGT
1XJJ,A,598,609,ASP,0,DGT
1XJJ,A,599,610,VAL,0,DGT
1XJJ,A,600,611,LEU,0,DGT
1XJJ,A,601,612,ASN,0,DGT
1XJJ,A,602,613,VAL,0,DGT
1XJJ,A,603,614,TYR,0,DGT
1XJJ,A,604,615,LEU,0,DGT
1XJJ,A,605,616,GLU,0,DGT
1XJJ,A,606,617,ALA,0,DGT
1XJJ,A,607,618,LEU,0,DGT
1XJJ,A,608,619,ARG,0,DGT
1XJJ,A,609,620,THR,0,DGT
1XJJ,A,610,621,ASN,0,DGT
1XJJ,A,611,622,VAL,0,DGT
1XJJ,A,612,623,ARG,0,DGT
1XJJ,A,613,624,GLY,0,DGT
1XJJ,A,614,625,ILE,0,DGT
1XJJ,A,615,626,THR,0,DGT
1XJJ,A,616,627,VAL,0,DGT
1XJJ,A,617,628,TYR,0,DGT
1XJJ,A,618,629,ARG,0,DGT
1XJJ,A,619,630,ASP,0,DGT
1XJJ,A,620,631,GLY,0,DGT
1XJJ,A,621,632,SER,0,DGT
1XJJ,A,622,633,LEU,0,DGT
1XJK,A,0,1,MET,0,DGT
1XJK,A,1,2,LYS,0,DGT
1XJK,A,2,3,LEU,0,DGT
1XJK,A,3,4,SER,0,DGT
1XJK,A,4,5,ASP,0,DGT
1XJK,A,5,6,LEU,0,DGT
1XJK,A,6,7,ILE,0,DGT
1XJK,A,7,8,SER,0,DGT
1XJK,A,8,9,ARG,0,DGT
1XJK,A,9,10,TRP,0,DGT
1XJK,A,10,11,ILE,0,DGT
1XJK,A,11,12,ASP,0,DGT
1XJK,A,12,13,VAL,0,DGT
1XJK,A,13,14,GLU,0,DGT
1XJK,A,14,15,PRO,0,DGT
1XJK,A,15,16,SER,0,DGT
1XJK,A,16,17,LYS,0,DGT
1XJK,A,17,18,ASN,0,DGT
1XJK,A,18,19,ALA,0,DGT
1XJK,A,19,20,GLN,0,DGT
1XJK,A,20,21,ILE,0,DGT
1XJK,A,21,22,ILE,0,DGT
1XJK,A,22,23,LEU,0,DGT
1XJK,A,23,24,ARG,0,DGT
1XJK,A,24,25,ASP,0,DGT
1XJK,A,25,26,ARG,0,DGT
1XJK,A,26,27,TYR,0,DGT
1XJK,A,27,28,PHE,0,DGT
1XJK,A,28,29,MET,0,DGT
1XJK,A,29,30,LYS,0,DGT
1XJK,A,30,31,ASP,0,DGT
1XJK,A,31,32,LEU,0,DGT
1XJK,A,32,33,ASP,0,DGT
1XJK,A,33,34,GLY,0,DGT
1XJK,A,34,35,ASN,0,DGT
1XJK,A,35,36,TYR,0,DGT
1XJK,A,36,37,LEU,0,DGT
1XJK,A,37,38,GLU,0,DGT
1XJK,A,38,39,THR,0,DGT
1XJK,A,39,40,LYS,0,DGT
1XJK,A,40,41,TRP,0,DGT
1XJK,A,41,42,GLU,0,DGT
1XJK,A,42,43,ASP,0,DGT
1XJK,A,43,44,VAL,0,DGT
1XJK,A,44,45,ALA,0,DGT
1XJK,A,45,46,ARG,0,DGT
1XJK,A,46,47,ARG,0,DGT
1XJK,A,47,48,VAL,0,DGT
1XJK,A,48,49,ALA,0,DGT
1XJK,A,49,50,ARG,0,DGT
1XJK,A,50,51,VAL,0,DGT
1XJK,A,51,52,VAL,0,DGT
1XJK,A,52,53,ALA,0,DGT
1XJK,A,53,54,THR,0,DGT
1XJK,A,54,55,ALA,0,DGT
1XJK,A,55,56,GLU,0,DGT
1XJK,A,56,57,LEU,0,DGT
1XJK,A,57,58,LEU,0,DGT
1XJK,A,58,59,ASN,0,DGT
1XJK,A,59,60,PRO,0,DGT
1XJK,A,60,61,SER,0,DGT
1XJK,A,61,62,TYR,0,DGT
1XJK,A,62,63,LYS,0,DGT
1XJK,A,63,64,LYS,0,DGT
1XJK,A,64,65,ASN,0,DGT
1XJK,A,65,66,GLU,0,DGT
1XJK,A,66,67,LYS,0,DGT
1XJK,A,67,68,LEU,0,DGT
1XJK,A,68,69,ASP,0,DGT
1XJK,A,69,70,ARG,0,DGT
1XJK,A,70,71,ILE,0,DGT
1XJK,A,71,72,LYS,0,DGT
1XJK,A,72,73,GLU,0,DGT
1XJK,A,73,74,TRP,0,DGT
1XJK,A,74,75,GLU,0,DGT
1XJK,A,75,76,ASP,0,DGT
1XJK,A,76,77,ILE,0,DGT
1XJK,A,77,78,PHE,0,DGT
1XJK,A,78,79,PHE,0,DGT
1XJK,A,79,80,ARG,0,DGT
1XJK,A,80,81,VAL,0,DGT
1XJK,A,81,82,LEU,0,DGT
1XJK,A,82,83,LYS,0,DGT
1XJK,A,83,84,ALA,0,DGT
1XJK,A,84,85,ARG,0,DGT
1XJK,A,85,86,LEU,0,DGT
1XJK,A,86,87,PHE,0,DGT
1XJK,A,87,88,ILE,0,DGT
1XJK,A,88,89,PRO,0,DGT
1XJK,A,89,90,ASN,0,DGT
1XJK,A,90,91,SER,0,DGT
1XJK,A,91,92,PRO,0,DGT
1XJK,A,92,93,THR,0,DGT
1XJK,A,93,94,LEU,0,DGT
1XJK,A,94,95,PHE,0,DGT
1XJK,A,95,96,ASN,0,DGT
1XJK,A,96,97,ALA,0,DGT
1XJK,A,97,98,GLY,0,DGT
1XJK,A,98,99,LEU,0,DGT
1XJK,A,99,100,GLY,0,DGT
1XJK,A,100,101,VAL,0,DGT
1XJK,A,101,102,LYS,0,DGT
1XJK,A,102,103,HIS,0,DGT
1XJK,A,103,104,ASP,0,DGT
1XJK,A,104,105,LEU,0,DGT
1XJK,A,105,106,LEU,0,DGT
1XJK,A,106,107,TRP,0,DGT
1XJK,A,107,108,LYS,0,DGT
1XJK,A,108,109,PRO,0,DGT
1XJK,A,109,110,ILE,0,DGT
1XJK,A,110,111,ASP,0,DGT
1XJK,A,111,112,GLN,0,DGT
1XJK,A,112,113,MET,0,DGT
1XJK,A,113,114,THR,0,DGT
1XJK,A,114,115,LEU,0,DGT
1XJK,A,115,116,GLU,0,DGT
1XJK,A,116,117,ASP,0,DGT
1XJK,A,117,118,TYR,0,DGT
1XJK,A,118,119,GLU,0,DGT
1XJK,A,119,120,GLU,0,DGT
1XJK,A,120,121,ILE,0,DGT
1XJK,A,121,122,TYR,0,DGT
1XJK,A,122,123,ARG,0,DGT
1XJK,A,123,124,SER,0,DGT
1XJK,A,124,125,ARG,0,DGT
1XJK,A,125,126,ASN,0,DGT
1XJK,A,126,127,HIS,0,DGT
1XJK,A,127,128,LEU,0,DGT
1XJK,A,128,129,HIS,0,DGT
1XJK,A,129,130,MET,0,DGT
1XJK,A,130,131,LEU,0,DGT
1XJK,A,131,132,SER,0,DGT
1XJK,A,132,133,ALA,0,DGT
1XJK,A,133,134,CYS,0,DGT
1XJK,A,134,135,PHE,0,DGT
1XJK,A,135,136,VAL,0,DGT
1XJK,A,136,137,VAL,0,DGT
1XJK,A,137,138,PRO,0,DGT
1XJK,A,138,139,VAL,0,DGT
1XJK,A,139,140,GLY,0,DGT
1XJK,A,140,141,ASP,1,DGT
1XJK,A,141,142,SER,1,DGT
1XJK,A,142,143,ILE,1,DGT
1XJK,A,143,144,GLU,1,DGT
1XJK,A,144,145,GLU,0,DGT
1XJK,A,145,146,ILE,1,DGT
1XJK,A,146,147,PHE,0,DGT
1XJK,A,147,148,GLU,0,DGT
1XJK,A,148,149,ALA,0,DGT
1XJK,A,149,150,VAL,0,DGT
1XJK,A,150,151,LYS,0,DGT
1XJK,A,151,152,GLU,0,DGT
1XJK,A,152,153,TYR,0,DGT
1XJK,A,153,154,ALA,0,DGT
1XJK,A,154,155,LEU,0,DGT
1XJK,A,155,156,ILE,0,DGT
1XJK,A,156,157,THR,0,DGT
1XJK,A,157,158,LYS,0,DGT
1XJK,A,158,159,VAL,0,DGT
1XJK,A,159,160,GLY,0,DGT
1XJK,A,160,161,GLY,0,DGT
1XJK,A,161,162,GLY,0,DGT
1XJK,A,162,163,VAL,0,DGT
1XJK,A,163,164,GLY,0,DGT
1XJK,A,164,165,SER,0,DGT
1XJK,A,165,166,ASN,0,DGT
1XJK,A,166,167,PHE,0,DGT
1XJK,A,167,168,SER,0,DGT
1XJK,A,168,169,GLU,0,DGT
1XJK,A,169,170,LEU,1,DGT
1XJK,A,170,171,ARG,1,DGT
1XJK,A,171,172,PRO,0,DGT
1XJK,A,172,173,LYS,0,DGT
1XJK,A,173,174,GLY,0,DGT
1XJK,A,174,175,SER,0,DGT
1XJK,A,175,176,PHE,1,DGT
1XJK,A,176,177,VAL,1,DGT
1XJK,A,177,178,ALA,1,DGT
1XJK,A,178,179,GLY,0,DGT
1XJK,A,179,180,THR,0,DGT
1XJK,A,180,181,HIS,0,DGT
1XJK,A,181,182,GLY,0,DGT
1XJK,A,182,183,LYS,1,DGT
1XJK,A,183,184,ALA,1,DGT
1XJK,A,184,185,SER,1,DGT
1XJK,A,185,186,GLY,0,DGT
1XJK,A,186,187,PRO,0,DGT
1XJK,A,187,188,VAL,0,DGT
1XJK,A,188,189,SER,0,DGT
1XJK,A,189,190,PHE,1,DGT
1XJK,A,190,191,MET,0,DGT
1XJK,A,191,192,HIS,0,DGT
1XJK,A,192,193,VAL,0,DGT
1XJK,A,193,194,PHE,0,DGT
1XJK,A,194,195,ASN,0,DGT
1XJK,A,195,196,SER,0,DGT
1XJK,A,196,197,ALA,0,DGT
1XJK,A,197,198,ILE,0,DGT
1XJK,A,198,199,SER,0,DGT
1XJK,A,199,200,VAL,0,DGT
1XJK,A,200,201,VAL,0,DGT
1XJK,A,201,202,LYS,0,DGT
1XJK,A,202,203,GLN,0,DGT
1XJK,A,203,204,GLY,0,DGT
1XJK,A,204,205,SER,0,DGT
1XJK,A,205,210,ALA,0,DGT
1XJK,A,206,211,LEU,0,DGT
1XJK,A,207,212,MET,0,DGT
1XJK,A,208,213,GLY,0,DGT
1XJK,A,209,214,ILE,0,DGT
1XJK,A,210,215,LEU,0,DGT
1XJK,A,211,216,ASN,0,DGT
1XJK,A,212,217,ILE,0,DGT
1XJK,A,213,218,ASN,0,DGT
1XJK,A,214,219,HIS,0,DGT
1XJK,A,215,220,PRO,0,DGT
1XJK,A,216,221,ASP,0,DGT
1XJK,A,217,222,ILE,0,DGT
1XJK,A,218,223,GLU,0,DGT
1XJK,A,219,224,GLU,0,DGT
1XJK,A,220,225,PHE,0,DGT
1XJK,A,221,226,ILE,0,DGT
1XJK,A,222,227,ASP,0,DGT
1XJK,A,223,228,ALA,0,DGT
1XJK,A,224,229,LYS,0,DGT
1XJK,A,225,230,LYS,0,DGT
1XJK,A,226,231,GLU,0,DGT
1XJK,A,227,237,VAL,0,DGT
1XJK,A,228,238,LEU,0,DGT
1XJK,A,229,239,ASN,0,DGT
1XJK,A,230,240,PHE,0,DGT
1XJK,A,231,241,PHE,0,DGT
1XJK,A,232,242,ASN,0,DGT
1XJK,A,233,243,LEU,0,DGT
1XJK,A,234,244,SER,0,DGT
1XJK,A,235,245,VAL,0,DGT
1XJK,A,236,246,GLY,0,DGT
1XJK,A,237,247,PHE,0,DGT
1XJK,A,238,248,PRO,0,DGT
1XJK,A,239,249,MET,0,DGT
1XJK,A,240,250,ASP,0,DGT
1XJK,A,241,251,LYS,0,DGT
1XJK,A,242,252,LYS,0,DGT
1XJK,A,243,253,GLU,0,DGT
1XJK,A,244,254,ILE,0,DGT
1XJK,A,245,255,LEU,0,DGT
1XJK,A,246,256,LYS,0,DGT
1XJK,A,247,257,LEU,0,DGT
1XJK,A,248,258,TYR,0,DGT
1XJK,A,249,259,GLU,0,DGT
1XJK,A,250,260,GLU,0,DGT
1XJK,A,251,261,ASP,0,DGT
1XJK,A,252,262,GLY,0,DGT
1XJK,A,253,263,GLU,0,DGT
1XJK,A,254,264,LEU,0,DGT
1XJK,A,255,265,GLU,0,DGT
1XJK,A,256,266,LEU,0,DGT
1XJK,A,257,267,SER,0,DGT
1XJK,A,258,268,HIS,0,DGT
1XJK,A,259,269,PRO,0,DGT
1XJK,A,260,270,ARG,0,DGT
1XJK,A,261,271,SER,0,DGT
1XJK,A,262,272,THR,0,DGT
1XJK,A,263,273,ILE,0,DGT
1XJK,A,264,274,ARG,0,DGT
1XJK,A,265,275,LYS,0,DGT
1XJK,A,266,276,LYS,0,DGT
1XJK,A,267,277,VAL,0,DGT
1XJK,A,268,278,LYS,0,DGT
1XJK,A,269,279,ILE,0,DGT
1XJK,A,270,280,ARG,0,DGT
1XJK,A,271,281,GLU,0,DGT
1XJK,A,272,282,LEU,0,DGT
1XJK,A,273,283,PHE,0,DGT
1XJK,A,274,284,ARG,0,DGT
1XJK,A,275,285,LYS,0,DGT
1XJK,A,276,286,ILE,0,DGT
1XJK,A,277,287,ALA,0,DGT
1XJK,A,278,288,THR,0,DGT
1XJK,A,279,289,ASN,0,DGT
1XJK,A,280,290,ALA,0,DGT
1XJK,A,281,291,TRP,0,DGT
1XJK,A,282,292,LYS,0,DGT
1XJK,A,283,293,SER,0,DGT
1XJK,A,284,294,GLY,0,DGT
1XJK,A,285,295,ASP,0,DGT
1XJK,A,286,296,PRO,0,DGT
1XJK,A,287,297,GLY,0,DGT
1XJK,A,288,298,LEU,0,DGT
1XJK,A,289,299,ALA,0,DGT
1XJK,A,290,300,PHE,0,DGT
1XJK,A,291,301,LEU,0,DGT
1XJK,A,292,302,GLY,0,DGT
1XJK,A,293,303,GLU,0,DGT
1XJK,A,294,304,MET,0,DGT
1XJK,A,295,305,ASN,0,DGT
1XJK,A,296,306,LYS,0,DGT
1XJK,A,297,307,TYR,0,DGT
1XJK,A,298,308,TYR,0,DGT
1XJK,A,299,309,PRO,0,DGT
1XJK,A,300,310,LEU,0,DGT
1XJK,A,301,311,TYR,0,DGT
1XJK,A,302,312,PRO,0,DGT
1XJK,A,303,313,HIS,0,DGT
1XJK,A,304,314,ARG,0,DGT
1XJK,A,305,315,LYS,0,DGT
1XJK,A,306,316,ILE,0,DGT
1XJK,A,307,317,ASN,0,DGT
1XJK,A,308,318,SER,0,DGT
1XJK,A,309,319,THR,0,DGT
1XJK,A,310,320,ASN,0,DGT
1XJK,A,311,321,PRO,0,DGT
1XJK,A,312,322,CYS,0,DGT
1XJK,A,313,323,GLY,0,DGT
1XJK,A,314,324,GLU,0,DGT
1XJK,A,315,325,ILE,0,DGT
1XJK,A,316,326,GLY,0,DGT
1XJK,A,317,327,LEU,0,DGT
1XJK,A,318,328,SER,0,DGT
1XJK,A,319,329,ASP,0,DGT
1XJK,A,320,330,TYR,0,DGT
1XJK,A,321,331,GLU,0,DGT
1XJK,A,322,332,ALA,0,DGT
1XJK,A,323,333,CYS,0,DGT
1XJK,A,324,334,ASN,0,DGT
1XJK,A,325,335,LEU,0,DGT
1XJK,A,326,336,GLY,0,DGT
1XJK,A,327,337,SER,0,DGT
1XJK,A,328,338,ILE,0,DGT
1XJK,A,329,339,ASP,0,DGT
1XJK,A,330,340,VAL,0,DGT
1XJK,A,331,341,ALA,0,DGT
1XJK,A,332,342,LYS,0,DGT
1XJK,A,333,343,PHE,0,DGT
1XJK,A,334,344,TYR,0,DGT
1XJK,A,335,345,ASN,0,DGT
1XJK,A,336,346,ASN,0,DGT
1XJK,A,337,347,GLY,0,DGT
1XJK,A,338,348,PHE,0,DGT
1XJK,A,339,349,VAL,0,DGT
1XJK,A,340,350,ASP,0,DGT
1XJK,A,341,351,LEU,0,DGT
1XJK,A,342,352,GLU,0,DGT
1XJK,A,343,353,ALA,0,DGT
1XJK,A,344,354,LEU,0,DGT
1XJK,A,345,355,GLN,0,DGT
1XJK,A,346,356,GLU,0,DGT
1XJK,A,347,357,LEU,0,DGT
1XJK,A,348,358,VAL,0,DGT
1XJK,A,349,359,GLN,0,DGT
1XJK,A,350,360,ILE,0,DGT
1XJK,A,351,361,ALA,0,DGT
1XJK,A,352,362,VAL,0,DGT
1XJK,A,353,363,ARG,0,DGT
1XJK,A,354,364,PHE,0,DGT
1XJK,A,355,365,LEU,0,DGT
1XJK,A,356,366,ASP,0,DGT
1XJK,A,357,367,ASN,0,DGT
1XJK,A,358,368,VAL,0,DGT
1XJK,A,359,369,ILE,0,DGT
1XJK,A,360,370,ASP,0,DGT
1XJK,A,361,371,VAL,0,DGT
1XJK,A,362,372,ASN,0,DGT
1XJK,A,363,373,VAL,0,DGT
1XJK,A,364,374,PHE,0,DGT
1XJK,A,365,375,PRO,0,DGT
1XJK,A,366,376,ILE,0,DGT
1XJK,A,367,377,ASP,0,DGT
1XJK,A,368,378,LYS,0,DGT
1XJK,A,369,379,ILE,0,DGT
1XJK,A,370,380,THR,0,DGT
1XJK,A,371,381,LYS,0,DGT
1XJK,A,372,382,ALA,0,DGT
1XJK,A,373,383,VAL,0,DGT
1XJK,A,374,384,LYS,0,DGT
1XJK,A,375,385,GLU,0,DGT
1XJK,A,376,386,SER,0,DGT
1XJK,A,377,387,ARG,0,DGT
1XJK,A,378,388,ARG,0,DGT
1XJK,A,379,389,LEU,0,DGT
1XJK,A,380,390,GLY,0,DGT
1XJK,A,381,391,LEU,0,DGT
1XJK,A,382,392,GLY,0,DGT
1XJK,A,383,393,ILE,0,DGT
1XJK,A,384,394,MET,0,DGT
1XJK,A,385,395,GLY,0,DGT
1XJK,A,386,396,PHE,0,DGT
1XJK,A,387,397,ALA,0,DGT
1XJK,A,388,398,ASP,0,DGT
1XJK,A,389,399,LEU,0,DGT
1XJK,A,390,400,LEU,0,DGT
1XJK,A,391,401,TYR,0,DGT
1XJK,A,392,402,LYS,0,DGT
1XJK,A,393,403,LEU,0,DGT
1XJK,A,394,404,GLU,0,DGT
1XJK,A,395,405,ILE,0,DGT
1XJK,A,396,406,PRO,0,DGT
1XJK,A,397,407,TYR,0,DGT
1XJK,A,398,408,ASN,0,DGT
1XJK,A,399,409,SER,0,DGT
1XJK,A,400,410,GLN,0,DGT
1XJK,A,401,411,GLU,0,DGT
1XJK,A,402,412,ALA,0,DGT
1XJK,A,403,413,ARG,0,DGT
1XJK,A,404,414,ASP,0,DGT
1XJK,A,405,415,PHE,0,DGT
1XJK,A,406,416,ALA,0,DGT
1XJK,A,407,417,ALA,0,DGT
1XJK,A,408,418,ASN,0,DGT
1XJK,A,409,419,LEU,0,DGT
1XJK,A,410,420,MET,0,DGT
1XJK,A,411,421,ALA,0,DGT
1XJK,A,412,422,PHE,0,DGT
1XJK,A,413,423,ILE,0,DGT
1XJK,A,414,424,ALA,0,DGT
1XJK,A,415,425,LEU,0,DGT
1XJK,A,416,426,HIS,0,DGT
1XJK,A,417,427,ALA,0,DGT
1XJK,A,418,428,HIS,0,DGT
1XJK,A,419,429,ARG,0,DGT
1XJK,A,420,430,THR,0,DGT
1XJK,A,421,431,SER,0,DGT
1XJK,A,422,432,TYR,0,DGT
1XJK,A,423,433,GLU,0,DGT
1XJK,A,424,434,LEU,0,DGT
1XJK,A,425,435,GLY,0,DGT
1XJK,A,426,436,LYS,0,DGT
1XJK,A,427,437,GLU,0,DGT
1XJK,A,428,438,LYS,0,DGT
1XJK,A,429,439,GLY,0,DGT
1XJK,A,430,440,ASN,0,DGT
1XJK,A,431,441,PHE,0,DGT
1XJK,A,432,442,PRO,0,DGT
1XJK,A,433,443,LEU,0,DGT
1XJK,A,434,444,LEU,0,DGT
1XJK,A,435,445,GLU,0,DGT
1XJK,A,436,446,ILE,0,DGT
1XJK,A,437,447,SER,0,DGT
1XJK,A,438,448,ARG,0,DGT
1XJK,A,439,449,TYR,0,DGT
1XJK,A,440,450,ARG,0,DGT
1XJK,A,441,451,THR,0,DGT
1XJK,A,442,452,GLU,0,DGT
1XJK,A,443,453,ASP,0,DGT
1XJK,A,444,454,ASN,0,DGT
1XJK,A,445,455,PHE,0,DGT
1XJK,A,446,456,VAL,0,DGT
1XJK,A,447,457,PRO,0,DGT
1XJK,A,448,458,PHE,0,DGT
1XJK,A,449,459,ALA,0,DGT
1XJK,A,450,460,MET,0,DGT
1XJK,A,451,461,GLY,0,DGT
1XJK,A,452,462,MET,0,DGT
1XJK,A,453,463,SER,0,DGT
1XJK,A,454,464,ASN,0,DGT
1XJK,A,455,465,TYR,0,DGT
1XJK,A,456,466,ASP,0,DGT
1XJK,A,457,467,ASP,0,DGT
1XJK,A,458,468,GLU,0,DGT
1XJK,A,459,469,ILE,0,DGT
1XJK,A,460,470,ARG,0,DGT
1XJK,A,461,471,GLU,0,DGT
1XJK,A,462,472,VAL,0,DGT
1XJK,A,463,473,MET,0,DGT
1XJK,A,464,474,LYS,0,DGT
1XJK,A,465,475,MET,0,DGT
1XJK,A,466,476,THR,0,DGT
1XJK,A,467,477,LYS,0,DGT
1XJK,A,468,478,GLU,0,DGT
1XJK,A,469,479,PHE,0,DGT
1XJK,A,470,480,ARG,0,DGT
1XJK,A,471,481,ARG,0,DGT
1XJK,A,472,482,ASN,0,DGT
1XJK,A,473,483,VAL,0,DGT
1XJK,A,474,484,ALA,0,DGT
1XJK,A,475,485,LEU,0,DGT
1XJK,A,476,486,LEU,0,DGT
1XJK,A,477,487,THR,0,DGT
1XJK,A,478,488,ILE,0,DGT
1XJK,A,479,489,ALA,0,DGT
1XJK,A,480,490,PRO,0,DGT
1XJK,A,481,491,THR,0,DGT
1XJK,A,482,492,GLY,0,DGT
1XJK,A,483,493,SER,0,DGT
1XJK,A,484,494,ILE,0,DGT
1XJK,A,485,495,SER,0,DGT
1XJK,A,486,496,ASN,0,DGT
1XJK,A,487,497,ILE,0,DGT
1XJK,A,488,498,ALA,0,DGT
1XJK,A,489,499,ASP,0,DGT
1XJK,A,490,500,THR,0,DGT
1XJK,A,491,501,SER,0,DGT
1XJK,A,492,502,SER,0,DGT
1XJK,A,493,503,GLY,0,DGT
1XJK,A,494,504,LEU,0,DGT
1XJK,A,495,505,GLU,0,DGT
1XJK,A,496,506,PRO,0,DGT
1XJK,A,497,507,ASN,0,DGT
1XJK,A,498,508,PHE,0,DGT
1XJK,A,499,509,LEU,0,DGT
1XJK,A,500,510,LEU,0,DGT
1XJK,A,501,511,ALA,0,DGT
1XJK,A,502,512,TYR,0,DGT
1XJK,A,503,513,THR,0,DGT
1XJK,A,504,514,ARG,0,DGT
1XJK,A,505,515,PHE,0,DGT
1XJK,A,506,516,VAL,0,DGT
1XJK,A,507,517,THR,0,DGT
1XJK,A,508,518,LYS,0,DGT
1XJK,A,509,519,ASP,0,DGT
1XJK,A,510,520,ASP,0,DGT
1XJK,A,511,521,GLY,0,DGT
1XJK,A,512,522,THR,0,DGT
1XJK,A,513,523,LYS,0,DGT
1XJK,A,514,524,GLU,0,DGT
1XJK,A,515,525,PRO,0,DGT
1XJK,A,516,526,LEU,0,DGT
1XJK,A,517,527,LEU,0,DGT
1XJK,A,518,528,TYR,0,DGT
1XJK,A,519,529,VAL,0,DGT
1XJK,A,520,530,ASN,0,DGT
1XJK,A,521,531,GLN,0,DGT
1XJK,A,522,532,VAL,0,DGT
1XJK,A,523,533,LEU,0,DGT
1XJK,A,524,534,ARG,0,DGT
1XJK,A,525,535,GLU,0,DGT
1XJK,A,526,536,LYS,0,DGT
1XJK,A,527,537,LEU,0,DGT
1XJK,A,528,538,ASN,0,DGT
1XJK,A,529,539,PRO,0,DGT
1XJK,A,530,540,GLU,0,DGT
1XJK,A,531,541,ILE,0,DGT
1XJK,A,532,542,LEU,0,DGT
1XJK,A,533,543,LYS,0,DGT
1XJK,A,534,544,ARG,0,DGT
1XJK,A,535,545,ILE,0,DGT
1XJK,A,536,546,GLU,0,DGT
1XJK,A,537,547,LYS,0,DGT
1XJK,A,538,548,GLU,0,DGT
1XJK,A,539,549,LEU,0,DGT
1XJK,A,540,550,ILE,0,DGT
1XJK,A,541,551,GLU,0,DGT
1XJK,A,542,552,LYS,0,DGT
1XJK,A,543,553,GLY,0,DGT
1XJK,A,544,554,SER,0,DGT
1XJK,A,545,555,LEU,0,DGT
1XJK,A,546,556,LYS,0,DGT
1XJK,A,547,557,ASP,0,DGT
1XJK,A,548,558,ILE,0,DGT
1XJK,A,549,559,PRO,0,DGT
1XJK,A,550,560,ASP,0,DGT
1XJK,A,551,561,VAL,0,DGT
1XJK,A,552,562,PRO,0,DGT
1XJK,A,553,563,GLU,0,DGT
1XJK,A,554,564,LYS,0,DGT
1XJK,A,555,565,ILE,0,DGT
1XJK,A,556,566,LYS,0,DGT
1XJK,A,557,567,LYS,0,DGT
1XJK,A,558,568,VAL,0,DGT
1XJK,A,559,569,PHE,0,DGT
1XJK,A,560,570,VAL,0,DGT
1XJK,A,561,571,VAL,0,DGT
1XJK,A,562,572,ALA,0,DGT
1XJK,A,563,573,LEU,0,DGT
1XJK,A,564,574,ASP,0,DGT
1XJK,A,565,575,ILE,0,DGT
1XJK,A,566,576,ASP,0,DGT
1XJK,A,567,577,PRO,0,DGT
1XJK,A,568,578,MET,0,DGT
1XJK,A,569,579,ASP,0,DGT
1XJK,A,570,580,HIS,0,DGT
1XJK,A,571,581,LEU,0,DGT
1XJK,A,572,582,LEU,0,DGT
1XJK,A,573,583,MET,0,DGT
1XJK,A,574,584,GLN,0,DGT
1XJK,A,575,585,ASP,0,DGT
1XJK,A,576,586,ALA,0,DGT
1XJK,A,577,587,PHE,0,DGT
1XJK,A,578,588,GLN,0,DGT
1XJK,A,579,589,ARG,0,DGT
1XJK,A,580,590,TYR,0,DGT
1XJK,A,581,591,VAL,0,DGT
1XJK,A,582,592,ASP,0,DGT
1XJK,A,583,593,ASN,0,DGT
1XJK,A,584,594,ASN,0,DGT
1XJK,A,585,595,ILE,0,DGT
1XJK,A,586,596,SER,0,DGT
1XJK,A,587,597,LYS,0,DGT
1XJK,A,588,598,THR,0,DGT
1XJK,A,589,599,ILE,0,DGT
1XJK,A,590,600,ASN,0,DGT
1XJK,A,591,601,MET,0,DGT
1XJK,A,592,602,PRO,0,DGT
1XJK,A,593,603,GLN,0,DGT
1XJK,A,594,604,SER,0,DGT
1XJK,A,595,605,ALA,0,DGT
1XJK,A,596,606,THR,0,DGT
1XJK,A,597,607,VAL,0,DGT
1XJK,A,598,608,ASP,0,DGT
1XJK,A,599,609,ASP,0,DGT
1XJK,A,600,610,VAL,0,DGT
1XJK,A,601,611,LEU,0,DGT
1XJK,A,602,612,ASN,0,DGT
1XJK,A,603,613,VAL,0,DGT
1XJK,A,604,614,TYR,0,DGT
1XJK,A,605,615,LEU,0,DGT
1XJK,A,606,616,GLU,0,DGT
1XJK,A,607,617,ALA,0,DGT
1XJK,A,608,618,LEU,0,DGT
1XJK,A,609,619,ARG,0,DGT
1XJK,A,610,620,THR,0,DGT
1XJK,A,611,621,ASN,0,DGT
1XJK,A,612,622,VAL,0,DGT
1XJK,A,613,623,ARG,0,DGT
1XJK,A,614,624,GLY,0,DGT
1XJK,A,615,625,ILE,0,DGT
1XJK,A,616,626,THR,0,DGT
1XJK,A,617,627,VAL,0,DGT
1XJK,A,618,628,TYR,0,DGT
1XJK,A,619,629,ARG,0,DGT
1XJK,A,620,630,ASP,0,DGT
1XJK,A,621,631,GLY,0,DGT
1XJK,A,622,632,SER,0,DGT
1XJK,A,623,633,LEU,0,DGT
1XJM,A,0,1,MET,0,TTP
1XJM,A,1,2,LYS,0,TTP
1XJM,A,2,3,LEU,0,TTP
1XJM,A,3,4,SER,0,TTP
1XJM,A,4,5,ASP,0,TTP
1XJM,A,5,6,LEU,0,TTP
1XJM,A,6,7,ILE,0,TTP
1XJM,A,7,8,SER,0,TTP
1XJM,A,8,9,ARG,0,TTP
1XJM,A,9,10,TRP,0,TTP
1XJM,A,10,11,ILE,0,TTP
1XJM,A,11,12,ASP,0,TTP
1XJM,A,12,13,VAL,0,TTP
1XJM,A,13,14,GLU,0,TTP
1XJM,A,14,15,PRO,0,TTP
1XJM,A,15,16,SER,0,TTP
1XJM,A,16,17,LYS,0,TTP
1XJM,A,17,18,ASN,0,TTP
1XJM,A,18,19,ALA,0,TTP
1XJM,A,19,20,GLN,0,TTP
1XJM,A,20,21,ILE,0,TTP
1XJM,A,21,22,ILE,0,TTP
1XJM,A,22,23,LEU,0,TTP
1XJM,A,23,24,ARG,0,TTP
1XJM,A,24,25,ASP,0,TTP
1XJM,A,25,26,ARG,1,TTP
1XJM,A,26,27,TYR,1,TTP
1XJM,A,27,28,PHE,0,TTP
1XJM,A,28,29,MET,0,TTP
1XJM,A,29,30,LYS,0,TTP
1XJM,A,30,31,ASP,0,TTP
1XJM,A,31,32,LEU,0,TTP
1XJM,A,32,33,ASP,0,TTP
1XJM,A,33,34,GLY,0,TTP
1XJM,A,34,35,ASN,0,TTP
1XJM,A,35,36,TYR,0,TTP
1XJM,A,36,37,LEU,0,TTP
1XJM,A,37,38,GLU,0,TTP
1XJM,A,38,39,THR,0,TTP
1XJM,A,39,40,LYS,0,TTP
1XJM,A,40,41,TRP,0,TTP
1XJM,A,41,42,GLU,0,TTP
1XJM,A,42,43,ASP,0,TTP
1XJM,A,43,44,VAL,0,TTP
1XJM,A,44,45,ALA,0,TTP
1XJM,A,45,46,ARG,0,TTP
1XJM,A,46,47,ARG,0,TTP
1XJM,A,47,48,VAL,0,TTP
1XJM,A,48,49,ALA,0,TTP
1XJM,A,49,50,ARG,0,TTP
1XJM,A,50,51,VAL,0,TTP
1XJM,A,51,52,VAL,0,TTP
1XJM,A,52,53,ALA,0,TTP
1XJM,A,53,54,THR,0,TTP
1XJM,A,54,55,ALA,0,TTP
1XJM,A,55,56,GLU,0,TTP
1XJM,A,56,57,LEU,0,TTP
1XJM,A,57,58,LEU,0,TTP
1XJM,A,58,59,ASN,0,TTP
1XJM,A,59,60,PRO,0,TTP
1XJM,A,60,61,SER,0,TTP
1XJM,A,61,62,TYR,0,TTP
1XJM,A,62,63,LYS,0,TTP
1XJM,A,63,64,LYS,0,TTP
1XJM,A,64,65,ASN,0,TTP
1XJM,A,65,66,GLU,0,TTP
1XJM,A,66,67,LYS,0,TTP
1XJM,A,67,68,LEU,0,TTP
1XJM,A,68,69,ASP,0,TTP
1XJM,A,69,70,ARG,0,TTP
1XJM,A,70,71,ILE,0,TTP
1XJM,A,71,72,LYS,0,TTP
1XJM,A,72,73,GLU,0,TTP
1XJM,A,73,74,TRP,0,TTP
1XJM,A,74,75,GLU,0,TTP
1XJM,A,75,76,ASP,0,TTP
1XJM,A,76,77,ILE,0,TTP
1XJM,A,77,78,PHE,0,TTP
1XJM,A,78,79,PHE,0,TTP
1XJM,A,79,80,ARG,0,TTP
1XJM,A,80,81,VAL,0,TTP
1XJM,A,81,82,LEU,0,TTP
1XJM,A,82,83,LYS,0,TTP
1XJM,A,83,84,ALA,0,TTP
1XJM,A,84,85,ARG,0,TTP
1XJM,A,85,86,LEU,0,TTP
1XJM,A,86,87,PHE,0,TTP
1XJM,A,87,88,ILE,0,TTP
1XJM,A,88,89,PRO,0,TTP
1XJM,A,89,90,ASN,1,TTP
1XJM,A,90,91,SER,1,TTP
1XJM,A,91,92,PRO,1,TTP
1XJM,A,92,93,THR,0,TTP
1XJM,A,93,94,LEU,0,TTP
1XJM,A,94,95,PHE,1,TTP
1XJM,A,95,96,ASN,0,TTP
1XJM,A,96,97,ALA,0,TTP
1XJM,A,97,98,GLY,0,TTP
1XJM,A,98,99,LEU,0,TTP
1XJM,A,99,100,GLY,0,TTP
1XJM,A,100,101,VAL,0,TTP
1XJM,A,101,102,LYS,0,TTP
1XJM,A,102,103,HIS,0,TTP
1XJM,A,103,104,ASP,0,TTP
1XJM,A,104,105,LEU,0,TTP
1XJM,A,105,106,LEU,0,TTP
1XJM,A,106,107,TRP,0,TTP
1XJM,A,107,108,LYS,0,TTP
1XJM,A,108,109,PRO,0,TTP
1XJM,A,109,110,ILE,0,TTP
1XJM,A,110,111,ASP,0,TTP
1XJM,A,111,112,GLN,0,TTP
1XJM,A,112,113,MET,0,TTP
1XJM,A,113,114,THR,0,TTP
1XJM,A,114,115,LEU,0,TTP
1XJM,A,115,116,GLU,0,TTP
1XJM,A,116,117,ASP,0,TTP
1XJM,A,117,118,TYR,0,TTP
1XJM,A,118,119,GLU,0,TTP
1XJM,A,119,120,GLU,0,TTP
1XJM,A,120,121,ILE,0,TTP
1XJM,A,121,122,TYR,0,TTP
1XJM,A,122,123,ARG,0,TTP
1XJM,A,123,124,SER,0,TTP
1XJM,A,124,125,ARG,0,TTP
1XJM,A,125,126,ASN,0,TTP
1XJM,A,126,127,HIS,0,TTP
1XJM,A,127,128,LEU,0,TTP
1XJM,A,128,129,HIS,0,TTP
1XJM,A,129,130,MET,0,TTP
1XJM,A,130,131,LEU,0,TTP
1XJM,A,131,132,SER,0,TTP
1XJM,A,132,133,ALA,1,TTP
1XJM,A,133,134,CYS,1,TTP
1XJM,A,134,135,PHE,0,TTP
1XJM,A,135,136,VAL,0,TTP
1XJM,A,136,137,VAL,0,TTP
1XJM,A,137,138,PRO,0,TTP
1XJM,A,138,139,VAL,0,TTP
1XJM,A,139,140,GLY,0,TTP
1XJM,A,140,141,ASP,0,TTP
1XJM,A,141,142,SER,0,TTP
1XJM,A,142,143,ILE,0,TTP
1XJM,A,143,144,GLU,0,TTP
1XJM,A,144,145,GLU,0,TTP
1XJM,A,145,146,ILE,0,TTP
1XJM,A,146,147,PHE,0,TTP
1XJM,A,147,148,GLU,0,TTP
1XJM,A,148,149,ALA,0,TTP
1XJM,A,149,150,VAL,0,TTP
1XJM,A,150,151,LYS,0,TTP
1XJM,A,151,152,GLU,0,TTP
1XJM,A,152,153,TYR,0,TTP
1XJM,A,153,154,ALA,0,TTP
1XJM,A,154,155,LEU,0,TTP
1XJM,A,155,156,ILE,0,TTP
1XJM,A,156,157,THR,0,TTP
1XJM,A,157,158,LYS,0,TTP
1XJM,A,158,159,VAL,0,TTP
1XJM,A,159,160,GLY,1,TTP
1XJM,A,160,161,GLY,0,TTP
1XJM,A,161,162,GLY,0,TTP
1XJM,A,162,163,VAL,0,TTP
1XJM,A,163,164,GLY,0,TTP
1XJM,A,164,165,SER,0,TTP
1XJM,A,165,166,ASN,0,TTP
1XJM,A,166,167,PHE,0,TTP
1XJM,A,167,168,SER,0,TTP
1XJM,A,168,169,GLU,0,TTP
1XJM,A,169,170,LEU,0,TTP
1XJM,A,170,171,ARG,0,TTP
1XJM,A,171,172,PRO,0,TTP
1XJM,A,172,173,LYS,0,TTP
1XJM,A,173,174,GLY,0,TTP
1XJM,A,174,175,SER,0,TTP
1XJM,A,175,176,PHE,0,TTP
1XJM,A,176,177,VAL,0,TTP
1XJM,A,177,178,ALA,0,TTP
1XJM,A,178,179,GLY,0,TTP
1XJM,A,179,180,THR,0,TTP
1XJM,A,180,181,HIS,0,TTP
1XJM,A,181,182,GLY,0,TTP
1XJM,A,182,183,LYS,0,TTP
1XJM,A,183,184,ALA,0,TTP
1XJM,A,184,185,SER,0,TTP
1XJM,A,185,186,GLY,0,TTP
1XJM,A,186,187,PRO,0,TTP
1XJM,A,187,188,VAL,0,TTP
1XJM,A,188,189,SER,0,TTP
1XJM,A,189,190,PHE,0,TTP
1XJM,A,190,191,MET,0,TTP
1XJM,A,191,192,HIS,0,TTP
1XJM,A,192,193,VAL,0,TTP
1XJM,A,193,194,PHE,0,TTP
1XJM,A,194,195,ASN,0,TTP
1XJM,A,195,196,SER,0,TTP
1XJM,A,196,197,ALA,0,TTP
1XJM,A,197,198,ILE,0,TTP
1XJM,A,198,199,SER,0,TTP
1XJM,A,199,200,VAL,0,TTP
1XJM,A,200,201,VAL,0,TTP
1XJM,A,201,202,LYS,0,TTP
1XJM,A,202,203,GLN,0,TTP
1XJM,A,203,210,ALA,0,TTP
1XJM,A,204,211,LEU,0,TTP
1XJM,A,205,212,MET,0,TTP
1XJM,A,206,213,GLY,0,TTP
1XJM,A,207,214,ILE,0,TTP
1XJM,A,208,215,LEU,0,TTP
1XJM,A,209,216,ASN,0,TTP
1XJM,A,210,217,ILE,0,TTP
1XJM,A,211,218,ASN,0,TTP
1XJM,A,212,219,HIS,0,TTP
1XJM,A,213,220,PRO,0,TTP
1XJM,A,214,221,ASP,0,TTP
1XJM,A,215,222,ILE,0,TTP
1XJM,A,216,223,GLU,0,TTP
1XJM,A,217,224,GLU,0,TTP
1XJM,A,218,225,PHE,0,TTP
1XJM,A,219,226,ILE,0,TTP
1XJM,A,220,227,ASP,0,TTP
1XJM,A,221,228,ALA,0,TTP
1XJM,A,222,229,LYS,0,TTP
1XJM,A,223,230,LYS,0,TTP
1XJM,A,224,231,GLU,0,TTP
1XJM,A,225,236,ALA,0,TTP
1XJM,A,226,237,VAL,0,TTP
1XJM,A,227,238,LEU,0,TTP
1XJM,A,228,239,ASN,0,TTP
1XJM,A,229,240,PHE,0,TTP
1XJM,A,230,241,PHE,0,TTP
1XJM,A,231,242,ASN,0,TTP
1XJM,A,232,243,LEU,0,TTP
1XJM,A,233,244,SER,0,TTP
1XJM,A,234,245,VAL,0,TTP
1XJM,A,235,246,GLY,0,TTP
1XJM,A,236,247,PHE,0,TTP
1XJM,A,237,248,PRO,0,TTP
1XJM,A,238,249,MET,0,TTP
1XJM,A,239,250,ASP,0,TTP
1XJM,A,240,251,LYS,0,TTP
1XJM,A,241,252,LYS,0,TTP
1XJM,A,242,253,GLU,0,TTP
1XJM,A,243,254,ILE,0,TTP
1XJM,A,244,255,LEU,0,TTP
1XJM,A,245,256,LYS,0,TTP
1XJM,A,246,257,LEU,0,TTP
1XJM,A,247,258,TYR,0,TTP
1XJM,A,248,259,GLU,0,TTP
1XJM,A,249,260,GLU,0,TTP
1XJM,A,250,261,ASP,0,TTP
1XJM,A,251,262,GLY,0,TTP
1XJM,A,252,263,GLU,0,TTP
1XJM,A,253,264,LEU,0,TTP
1XJM,A,254,265,GLU,0,TTP
1XJM,A,255,266,LEU,0,TTP
1XJM,A,256,267,SER,0,TTP
1XJM,A,257,268,HIS,0,TTP
1XJM,A,258,269,PRO,0,TTP
1XJM,A,259,270,ARG,0,TTP
1XJM,A,260,271,SER,0,TTP
1XJM,A,261,272,THR,0,TTP
1XJM,A,262,273,ILE,0,TTP
1XJM,A,263,274,ARG,0,TTP
1XJM,A,264,275,LYS,0,TTP
1XJM,A,265,276,LYS,0,TTP
1XJM,A,266,277,VAL,0,TTP
1XJM,A,267,278,LYS,0,TTP
1XJM,A,268,279,ILE,0,TTP
1XJM,A,269,280,ARG,0,TTP
1XJM,A,270,281,GLU,0,TTP
1XJM,A,271,282,LEU,0,TTP
1XJM,A,272,283,PHE,0,TTP
1XJM,A,273,284,ARG,0,TTP
1XJM,A,274,285,LYS,0,TTP
1XJM,A,275,286,ILE,0,TTP
1XJM,A,276,287,ALA,0,TTP
1XJM,A,277,288,THR,0,TTP
1XJM,A,278,289,ASN,0,TTP
1XJM,A,279,290,ALA,0,TTP
1XJM,A,280,291,TRP,0,TTP
1XJM,A,281,292,LYS,0,TTP
1XJM,A,282,293,SER,0,TTP
1XJM,A,283,294,GLY,0,TTP
1XJM,A,284,295,ASP,0,TTP
1XJM,A,285,296,PRO,0,TTP
1XJM,A,286,297,GLY,0,TTP
1XJM,A,287,298,LEU,0,TTP
1XJM,A,288,299,ALA,0,TTP
1XJM,A,289,300,PHE,0,TTP
1XJM,A,290,301,LEU,0,TTP
1XJM,A,291,302,GLY,0,TTP
1XJM,A,292,303,GLU,0,TTP
1XJM,A,293,304,MET,0,TTP
1XJM,A,294,305,ASN,0,TTP
1XJM,A,295,306,LYS,0,TTP
1XJM,A,296,307,TYR,0,TTP
1XJM,A,297,308,TYR,0,TTP
1XJM,A,298,309,PRO,0,TTP
1XJM,A,299,310,LEU,0,TTP
1XJM,A,300,311,TYR,0,TTP
1XJM,A,301,312,PRO,0,TTP
1XJM,A,302,313,HIS,0,TTP
1XJM,A,303,314,ARG,0,TTP
1XJM,A,304,315,LYS,0,TTP
1XJM,A,305,316,ILE,0,TTP
1XJM,A,306,317,ASN,0,TTP
1XJM,A,307,318,SER,0,TTP
1XJM,A,308,319,THR,0,TTP
1XJM,A,309,320,ASN,1,TTP
1XJM,A,310,321,PRO,0,TTP
1XJM,A,311,322,CYS,1,TTP
1XJM,A,312,323,GLY,0,TTP
1XJM,A,313,324,GLU,1,TTP
1XJM,A,314,325,ILE,0,TTP
1XJM,A,315,326,GLY,0,TTP
1XJM,A,316,327,LEU,0,TTP
1XJM,A,317,328,SER,0,TTP
1XJM,A,318,329,ASP,0,TTP
1XJM,A,319,330,TYR,0,TTP
1XJM,A,320,331,GLU,0,TTP
1XJM,A,321,332,ALA,0,TTP
1XJM,A,322,333,CYS,0,TTP
1XJM,A,323,334,ASN,0,TTP
1XJM,A,324,335,LEU,1,TTP
1XJM,A,325,336,GLY,0,TTP
1XJM,A,326,337,SER,0,TTP
1XJM,A,327,338,ILE,0,TTP
1XJM,A,328,339,ASP,0,TTP
1XJM,A,329,340,VAL,0,TTP
1XJM,A,330,341,ALA,0,TTP
1XJM,A,331,342,LYS,0,TTP
1XJM,A,332,343,PHE,0,TTP
1XJM,A,333,344,TYR,0,TTP
1XJM,A,334,345,ASN,0,TTP
1XJM,A,335,346,ASN,0,TTP
1XJM,A,336,347,GLY,0,TTP
1XJM,A,337,348,PHE,0,TTP
1XJM,A,338,349,VAL,0,TTP
1XJM,A,339,350,ASP,0,TTP
1XJM,A,340,351,LEU,0,TTP
1XJM,A,341,352,GLU,0,TTP
1XJM,A,342,353,ALA,0,TTP
1XJM,A,343,354,LEU,0,TTP
1XJM,A,344,355,GLN,0,TTP
1XJM,A,345,356,GLU,0,TTP
1XJM,A,346,357,LEU,0,TTP
1XJM,A,347,358,VAL,0,TTP
1XJM,A,348,359,GLN,0,TTP
1XJM,A,349,360,ILE,0,TTP
1XJM,A,350,361,ALA,0,TTP
1XJM,A,351,362,VAL,0,TTP
1XJM,A,352,363,ARG,0,TTP
1XJM,A,353,364,PHE,0,TTP
1XJM,A,354,365,LEU,0,TTP
1XJM,A,355,366,ASP,0,TTP
1XJM,A,356,367,ASN,0,TTP
1XJM,A,357,368,VAL,0,TTP
1XJM,A,358,369,ILE,0,TTP
1XJM,A,359,370,ASP,0,TTP
1XJM,A,360,371,VAL,0,TTP
1XJM,A,361,372,ASN,0,TTP
1XJM,A,362,373,VAL,0,TTP
1XJM,A,363,374,PHE,0,TTP
1XJM,A,364,375,PRO,0,TTP
1XJM,A,365,376,ILE,0,TTP
1XJM,A,366,377,ASP,0,TTP
1XJM,A,367,378,LYS,0,TTP
1XJM,A,368,379,ILE,0,TTP
1XJM,A,369,380,THR,0,TTP
1XJM,A,370,381,LYS,0,TTP
1XJM,A,371,382,ALA,0,TTP
1XJM,A,372,383,VAL,0,TTP
1XJM,A,373,384,LYS,0,TTP
1XJM,A,374,385,GLU,0,TTP
1XJM,A,375,386,SER,0,TTP
1XJM,A,376,387,ARG,0,TTP
1XJM,A,377,388,ARG,0,TTP
1XJM,A,378,389,LEU,0,TTP
1XJM,A,379,390,GLY,0,TTP
1XJM,A,380,391,LEU,0,TTP
1XJM,A,381,392,GLY,0,TTP
1XJM,A,382,393,ILE,0,TTP
1XJM,A,383,394,MET,0,TTP
1XJM,A,384,395,GLY,0,TTP
1XJM,A,385,396,PHE,0,TTP
1XJM,A,386,397,ALA,0,TTP
1XJM,A,387,398,ASP,0,TTP
1XJM,A,388,399,LEU,0,TTP
1XJM,A,389,400,LEU,0,TTP
1XJM,A,390,401,TYR,0,TTP
1XJM,A,391,402,LYS,0,TTP
1XJM,A,392,403,LEU,0,TTP
1XJM,A,393,404,GLU,0,TTP
1XJM,A,394,405,ILE,0,TTP
1XJM,A,395,406,PRO,0,TTP
1XJM,A,396,407,TYR,0,TTP
1XJM,A,397,408,ASN,0,TTP
1XJM,A,398,409,SER,0,TTP
1XJM,A,399,410,GLN,0,TTP
1XJM,A,400,411,GLU,0,TTP
1XJM,A,401,412,ALA,0,TTP
1XJM,A,402,413,ARG,0,TTP
1XJM,A,403,414,ASP,0,TTP
1XJM,A,404,415,PHE,0,TTP
1XJM,A,405,416,ALA,0,TTP
1XJM,A,406,417,ALA,0,TTP
1XJM,A,407,418,ASN,0,TTP
1XJM,A,408,419,LEU,0,TTP
1XJM,A,409,420,MET,0,TTP
1XJM,A,410,421,ALA,0,TTP
1XJM,A,411,422,PHE,0,TTP
1XJM,A,412,423,ILE,0,TTP
1XJM,A,413,424,ALA,0,TTP
1XJM,A,414,425,LEU,0,TTP
1XJM,A,415,426,HIS,0,TTP
1XJM,A,416,427,ALA,0,TTP
1XJM,A,417,428,HIS,0,TTP
1XJM,A,418,429,ARG,0,TTP
1XJM,A,419,430,THR,0,TTP
1XJM,A,420,431,SER,0,TTP
1XJM,A,421,432,TYR,0,TTP
1XJM,A,422,433,GLU,0,TTP
1XJM,A,423,434,LEU,0,TTP
1XJM,A,424,435,GLY,0,TTP
1XJM,A,425,436,LYS,0,TTP
1XJM,A,426,437,GLU,0,TTP
1XJM,A,427,438,LYS,0,TTP
1XJM,A,428,439,GLY,0,TTP
1XJM,A,429,440,ASN,0,TTP
1XJM,A,430,441,PHE,0,TTP
1XJM,A,431,442,PRO,0,TTP
1XJM,A,432,443,LEU,0,TTP
1XJM,A,433,444,LEU,0,TTP
1XJM,A,434,445,GLU,0,TTP
1XJM,A,435,446,ILE,0,TTP
1XJM,A,436,447,SER,0,TTP
1XJM,A,437,448,ARG,0,TTP
1XJM,A,438,449,TYR,0,TTP
1XJM,A,439,450,ARG,0,TTP
1XJM,A,440,451,THR,0,TTP
1XJM,A,441,452,GLU,0,TTP
1XJM,A,442,453,ASP,0,TTP
1XJM,A,443,454,ASN,0,TTP
1XJM,A,444,455,PHE,0,TTP
1XJM,A,445,456,VAL,0,TTP
1XJM,A,446,457,PRO,0,TTP
1XJM,A,447,458,PHE,0,TTP
1XJM,A,448,459,ALA,0,TTP
1XJM,A,449,460,MET,0,TTP
1XJM,A,450,461,GLY,0,TTP
1XJM,A,451,462,MET,0,TTP
1XJM,A,452,463,SER,0,TTP
1XJM,A,453,464,ASN,0,TTP
1XJM,A,454,465,TYR,0,TTP
1XJM,A,455,466,ASP,0,TTP
1XJM,A,456,467,ASP,0,TTP
1XJM,A,457,468,GLU,0,TTP
1XJM,A,458,469,ILE,0,TTP
1XJM,A,459,470,ARG,0,TTP
1XJM,A,460,471,GLU,0,TTP
1XJM,A,461,472,VAL,0,TTP
1XJM,A,462,473,MET,0,TTP
1XJM,A,463,474,LYS,0,TTP
1XJM,A,464,475,MET,0,TTP
1XJM,A,465,476,THR,0,TTP
1XJM,A,466,477,LYS,0,TTP
1XJM,A,467,478,GLU,0,TTP
1XJM,A,468,479,PHE,0,TTP
1XJM,A,469,480,ARG,0,TTP
1XJM,A,470,481,ARG,0,TTP
1XJM,A,471,482,ASN,0,TTP
1XJM,A,472,483,VAL,0,TTP
1XJM,A,473,484,ALA,0,TTP
1XJM,A,474,485,LEU,0,TTP
1XJM,A,475,486,LEU,0,TTP
1XJM,A,476,487,THR,0,TTP
1XJM,A,477,488,ILE,0,TTP
1XJM,A,478,489,ALA,1,TTP
1XJM,A,479,490,PRO,1,TTP
1XJM,A,480,491,THR,1,TTP
1XJM,A,481,492,GLY,1,TTP
1XJM,A,482,493,SER,1,TTP
1XJM,A,483,494,ILE,1,TTP
1XJM,A,484,495,SER,0,TTP
1XJM,A,485,496,ASN,0,TTP
1XJM,A,486,497,ILE,0,TTP
1XJM,A,487,498,ALA,0,TTP
1XJM,A,488,499,ASP,0,TTP
1XJM,A,489,500,THR,0,TTP
1XJM,A,490,501,SER,0,TTP
1XJM,A,491,502,SER,0,TTP
1XJM,A,492,503,GLY,0,TTP
1XJM,A,493,504,LEU,0,TTP
1XJM,A,494,505,GLU,0,TTP
1XJM,A,495,506,PRO,0,TTP
1XJM,A,496,507,ASN,0,TTP
1XJM,A,497,508,PHE,0,TTP
1XJM,A,498,509,LEU,0,TTP
1XJM,A,499,510,LEU,0,TTP
1XJM,A,500,511,ALA,0,TTP
1XJM,A,501,512,TYR,0,TTP
1XJM,A,502,513,THR,0,TTP
1XJM,A,503,514,ARG,0,TTP
1XJM,A,504,515,PHE,0,TTP
1XJM,A,505,516,VAL,0,TTP
1XJM,A,506,517,THR,0,TTP
1XJM,A,507,518,LYS,0,TTP
1XJM,A,508,519,GLU,0,TTP
1XJM,A,509,520,ASP,0,TTP
1XJM,A,510,521,GLY,0,TTP
1XJM,A,511,522,THR,0,TTP
1XJM,A,512,523,LYS,0,TTP
1XJM,A,513,524,GLU,0,TTP
1XJM,A,514,525,PRO,0,TTP
1XJM,A,515,526,LEU,0,TTP
1XJM,A,516,527,LEU,0,TTP
1XJM,A,517,528,TYR,0,TTP
1XJM,A,518,529,VAL,0,TTP
1XJM,A,519,530,ASN,0,TTP
1XJM,A,520,531,GLN,0,TTP
1XJM,A,521,532,VAL,0,TTP
1XJM,A,522,533,LEU,0,TTP
1XJM,A,523,534,ARG,0,TTP
1XJM,A,524,535,GLU,0,TTP
1XJM,A,525,536,LYS,0,TTP
1XJM,A,526,537,LEU,0,TTP
1XJM,A,527,538,ASN,0,TTP
1XJM,A,528,539,PRO,0,TTP
1XJM,A,529,540,GLU,0,TTP
1XJM,A,530,541,ILE,0,TTP
1XJM,A,531,542,LEU,0,TTP
1XJM,A,532,543,LYS,0,TTP
1XJM,A,533,544,ARG,0,TTP
1XJM,A,534,545,ILE,0,TTP
1XJM,A,535,546,GLU,0,TTP
1XJM,A,536,547,LYS,0,TTP
1XJM,A,537,548,GLU,0,TTP
1XJM,A,538,549,LEU,0,TTP
1XJM,A,539,550,ILE,0,TTP
1XJM,A,540,551,GLU,0,TTP
1XJM,A,541,552,LYS,0,TTP
1XJM,A,542,553,GLY,0,TTP
1XJM,A,543,554,SER,0,TTP
1XJM,A,544,555,LEU,0,TTP
1XJM,A,545,556,LYS,0,TTP
1XJM,A,546,557,ASP,0,TTP
1XJM,A,547,558,ILE,0,TTP
1XJM,A,548,559,PRO,0,TTP
1XJM,A,549,560,ASP,0,TTP
1XJM,A,550,561,VAL,0,TTP
1XJM,A,551,562,PRO,0,TTP
1XJM,A,552,563,GLU,0,TTP
1XJM,A,553,564,LYS,0,TTP
1XJM,A,554,565,ILE,0,TTP
1XJM,A,555,566,LYS,0,TTP
1XJM,A,556,567,LYS,0,TTP
1XJM,A,557,568,VAL,0,TTP
1XJM,A,558,569,PHE,0,TTP
1XJM,A,559,570,VAL,0,TTP
1XJM,A,560,571,VAL,0,TTP
1XJM,A,561,572,ALA,0,TTP
1XJM,A,562,573,LEU,0,TTP
1XJM,A,563,574,ASP,0,TTP
1XJM,A,564,575,ILE,0,TTP
1XJM,A,565,576,ASP,0,TTP
1XJM,A,566,577,PRO,0,TTP
1XJM,A,567,578,MET,0,TTP
1XJM,A,568,579,ASP,0,TTP
1XJM,A,569,580,HIS,0,TTP
1XJM,A,570,581,LEU,0,TTP
1XJM,A,571,582,LEU,0,TTP
1XJM,A,572,583,MET,0,TTP
1XJM,A,573,584,GLN,0,TTP
1XJM,A,574,585,ASP,0,TTP
1XJM,A,575,586,ALA,0,TTP
1XJM,A,576,587,PHE,0,TTP
1XJM,A,577,588,GLN,0,TTP
1XJM,A,578,589,ARG,0,TTP
1XJM,A,579,590,TYR,0,TTP
1XJM,A,580,591,VAL,0,TTP
1XJM,A,581,592,ASP,0,TTP
1XJM,A,582,593,ASN,0,TTP
1XJM,A,583,594,ASN,0,TTP
1XJM,A,584,595,ILE,0,TTP
1XJM,A,585,596,SER,0,TTP
1XJM,A,586,597,LYS,0,TTP
1XJM,A,587,598,THR,0,TTP
1XJM,A,588,599,ILE,0,TTP
1XJM,A,589,600,ASN,0,TTP
1XJM,A,590,601,MET,0,TTP
1XJM,A,591,602,PRO,0,TTP
1XJM,A,592,603,GLN,0,TTP
1XJM,A,593,604,SER,0,TTP
1XJM,A,594,605,ALA,0,TTP
1XJM,A,595,606,THR,0,TTP
1XJM,A,596,607,VAL,0,TTP
1XJM,A,597,608,ASP,0,TTP
1XJM,A,598,609,ASP,0,TTP
1XJM,A,599,610,VAL,0,TTP
1XJM,A,600,611,LEU,0,TTP
1XJM,A,601,612,ASN,0,TTP
1XJM,A,602,613,VAL,0,TTP
1XJM,A,603,614,TYR,0,TTP
1XJM,A,604,615,LEU,0,TTP
1XJM,A,605,616,GLU,0,TTP
1XJM,A,606,617,ALA,0,TTP
1XJM,A,607,618,LEU,0,TTP
1XJM,A,608,619,ARG,0,TTP
1XJM,A,609,620,THR,0,TTP
1XJM,A,610,621,ASN,0,TTP
1XJM,A,611,622,VAL,0,TTP
1XJM,A,612,623,ARG,0,TTP
1XJM,A,613,624,GLY,0,TTP
1XJM,A,614,625,ILE,0,TTP
1XJM,A,615,626,THR,0,TTP
1XJM,A,616,627,VAL,0,TTP
1XJM,A,617,629,ARG,0,TTP
1XJM,A,618,630,ASP,0,TTP
1XJM,A,619,631,GLY,0,TTP
1XJM,A,620,632,SER,0,TTP
1XJM,A,621,633,LEU,0,TTP
1XJN,A,0,1,MET,0,DTP
1XJN,A,1,2,LYS,0,DTP
1XJN,A,2,3,LEU,0,DTP
1XJN,A,3,4,SER,0,DTP
1XJN,A,4,5,ASP,0,DTP
1XJN,A,5,6,LEU,0,DTP
1XJN,A,6,7,ILE,0,DTP
1XJN,A,7,8,SER,0,DTP
1XJN,A,8,9,ARG,0,DTP
1XJN,A,9,10,TRP,0,DTP
1XJN,A,10,11,ILE,0,DTP
1XJN,A,11,12,ASP,0,DTP
1XJN,A,12,13,VAL,0,DTP
1XJN,A,13,14,GLU,0,DTP
1XJN,A,14,15,PRO,0,DTP
1XJN,A,15,16,SER,0,DTP
1XJN,A,16,17,LYS,0,DTP
1XJN,A,17,18,ASN,0,DTP
1XJN,A,18,19,ALA,0,DTP
1XJN,A,19,20,GLN,0,DTP
1XJN,A,20,21,ILE,0,DTP
1XJN,A,21,22,ILE,0,DTP
1XJN,A,22,23,LEU,0,DTP
1XJN,A,23,24,ARG,0,DTP
1XJN,A,24,25,ASP,0,DTP
1XJN,A,25,26,ARG,0,DTP
1XJN,A,26,27,TYR,0,DTP
1XJN,A,27,28,PHE,0,DTP
1XJN,A,28,29,MET,0,DTP
1XJN,A,29,30,LYS,0,DTP
1XJN,A,30,32,LEU,0,DTP
1XJN,A,31,33,ASP,0,DTP
1XJN,A,32,34,GLY,0,DTP
1XJN,A,33,35,ASN,0,DTP
1XJN,A,34,36,TYR,0,DTP
1XJN,A,35,37,LEU,0,DTP
1XJN,A,36,38,GLU,0,DTP
1XJN,A,37,39,THR,0,DTP
1XJN,A,38,40,LYS,0,DTP
1XJN,A,39,41,TRP,0,DTP
1XJN,A,40,42,GLU,0,DTP
1XJN,A,41,43,ASP,0,DTP
1XJN,A,42,44,VAL,0,DTP
1XJN,A,43,45,ALA,0,DTP
1XJN,A,44,46,ARG,0,DTP
1XJN,A,45,47,ARG,0,DTP
1XJN,A,46,48,VAL,0,DTP
1XJN,A,47,49,ALA,0,DTP
1XJN,A,48,50,ARG,0,DTP
1XJN,A,49,51,VAL,0,DTP
1XJN,A,50,52,VAL,0,DTP
1XJN,A,51,53,ALA,0,DTP
1XJN,A,52,54,THR,0,DTP
1XJN,A,53,55,ALA,0,DTP
1XJN,A,54,56,GLU,0,DTP
1XJN,A,55,57,LEU,0,DTP
1XJN,A,56,58,LEU,0,DTP
1XJN,A,57,59,ASN,0,DTP
1XJN,A,58,60,PRO,0,DTP
1XJN,A,59,61,SER,0,DTP
1XJN,A,60,62,TYR,0,DTP
1XJN,A,61,63,LYS,0,DTP
1XJN,A,62,64,LYS,0,DTP
1XJN,A,63,65,ASN,0,DTP
1XJN,A,64,66,GLU,0,DTP
1XJN,A,65,67,LYS,0,DTP
1XJN,A,66,68,LEU,0,DTP
1XJN,A,67,69,ASP,0,DTP
1XJN,A,68,70,ARG,0,DTP
1XJN,A,69,71,ILE,0,DTP
1XJN,A,70,72,LYS,0,DTP
1XJN,A,71,73,GLU,0,DTP
1XJN,A,72,74,TRP,0,DTP
1XJN,A,73,75,GLU,0,DTP
1XJN,A,74,76,ASP,0,DTP
1XJN,A,75,77,ILE,0,DTP
1XJN,A,76,78,PHE,0,DTP
1XJN,A,77,79,PHE,0,DTP
1XJN,A,78,80,ARG,0,DTP
1XJN,A,79,81,VAL,0,DTP
1XJN,A,80,82,LEU,0,DTP
1XJN,A,81,83,LYS,0,DTP
1XJN,A,82,84,ALA,0,DTP
1XJN,A,83,85,ARG,0,DTP
1XJN,A,84,86,LEU,0,DTP
1XJN,A,85,87,PHE,0,DTP
1XJN,A,86,88,ILE,0,DTP
1XJN,A,87,89,PRO,0,DTP
1XJN,A,88,90,ASN,0,DTP
1XJN,A,89,91,SER,0,DTP
1XJN,A,90,92,PRO,0,DTP
1XJN,A,91,93,THR,0,DTP
1XJN,A,92,94,LEU,0,DTP
1XJN,A,93,95,PHE,0,DTP
1XJN,A,94,96,ASN,0,DTP
1XJN,A,95,97,ALA,0,DTP
1XJN,A,96,98,GLY,0,DTP
1XJN,A,97,99,LEU,0,DTP
1XJN,A,98,100,GLY,0,DTP
1XJN,A,99,101,VAL,0,DTP
1XJN,A,100,102,LYS,0,DTP
1XJN,A,101,103,HIS,0,DTP
1XJN,A,102,104,ASP,0,DTP
1XJN,A,103,105,LEU,0,DTP
1XJN,A,104,106,LEU,0,DTP
1XJN,A,105,107,TRP,0,DTP
1XJN,A,106,108,LYS,0,DTP
1XJN,A,107,109,PRO,0,DTP
1XJN,A,108,110,ILE,0,DTP
1XJN,A,109,111,ASP,0,DTP
1XJN,A,110,112,GLN,0,DTP
1XJN,A,111,113,MET,0,DTP
1XJN,A,112,114,THR,0,DTP
1XJN,A,113,115,LEU,0,DTP
1XJN,A,114,116,GLU,0,DTP
1XJN,A,115,117,ASP,0,DTP
1XJN,A,116,118,TYR,0,DTP
1XJN,A,117,119,GLU,0,DTP
1XJN,A,118,120,GLU,0,DTP
1XJN,A,119,121,ILE,0,DTP
1XJN,A,120,122,TYR,0,DTP
1XJN,A,121,123,ARG,0,DTP
1XJN,A,122,124,SER,0,DTP
1XJN,A,123,125,ARG,0,DTP
1XJN,A,124,126,ASN,0,DTP
1XJN,A,125,127,HIS,0,DTP
1XJN,A,126,128,LEU,0,DTP
1XJN,A,127,129,HIS,0,DTP
1XJN,A,128,130,MET,0,DTP
1XJN,A,129,131,LEU,0,DTP
1XJN,A,130,132,SER,0,DTP
1XJN,A,131,133,ALA,0,DTP
1XJN,A,132,134,CYS,0,DTP
1XJN,A,133,135,PHE,0,DTP
1XJN,A,134,136,VAL,0,DTP
1XJN,A,135,137,VAL,0,DTP
1XJN,A,136,138,PRO,0,DTP
1XJN,A,137,139,VAL,0,DTP
1XJN,A,138,140,GLY,0,DTP
1XJN,A,139,141,ASP,1,DTP
1XJN,A,140,142,SER,1,DTP
1XJN,A,141,143,ILE,1,DTP
1XJN,A,142,144,GLU,1,DTP
1XJN,A,143,145,GLU,0,DTP
1XJN,A,144,146,ILE,1,DTP
1XJN,A,145,147,PHE,0,DTP
1XJN,A,146,148,GLU,0,DTP
1XJN,A,147,149,ALA,0,DTP
1XJN,A,148,150,VAL,0,DTP
1XJN,A,149,151,LYS,0,DTP
1XJN,A,150,152,GLU,0,DTP
1XJN,A,151,153,TYR,0,DTP
1XJN,A,152,154,ALA,0,DTP
1XJN,A,153,155,LEU,0,DTP
1XJN,A,154,156,ILE,0,DTP
1XJN,A,155,157,THR,0,DTP
1XJN,A,156,158,LYS,0,DTP
1XJN,A,157,159,VAL,0,DTP
1XJN,A,158,160,GLY,0,DTP
1XJN,A,159,161,GLY,0,DTP
1XJN,A,160,162,GLY,0,DTP
1XJN,A,161,163,VAL,0,DTP
1XJN,A,162,164,GLY,0,DTP
1XJN,A,163,165,SER,0,DTP
1XJN,A,164,166,ASN,0,DTP
1XJN,A,165,167,PHE,0,DTP
1XJN,A,166,168,SER,0,DTP
1XJN,A,167,169,GLU,0,DTP
1XJN,A,168,170,LEU,1,DTP
1XJN,A,169,171,ARG,1,DTP
1XJN,A,170,172,PRO,0,DTP
1XJN,A,171,173,LYS,0,DTP
1XJN,A,172,174,GLY,0,DTP
1XJN,A,173,175,SER,0,DTP
1XJN,A,174,176,PHE,1,DTP
1XJN,A,175,177,VAL,1,DTP
1XJN,A,176,178,ALA,1,DTP
1XJN,A,177,179,GLY,0,DTP
1XJN,A,178,180,THR,1,DTP
1XJN,A,179,182,GLY,0,DTP
1XJN,A,180,183,LYS,1,DTP
1XJN,A,181,184,ALA,1,DTP
1XJN,A,182,185,SER,1,DTP
1XJN,A,183,186,GLY,0,DTP
1XJN,A,184,187,PRO,0,DTP
1XJN,A,185,188,VAL,0,DTP
1XJN,A,186,189,SER,0,DTP
1XJN,A,187,190,PHE,1,DTP
1XJN,A,188,191,MET,0,DTP
1XJN,A,189,192,HIS,0,DTP
1XJN,A,190,193,VAL,0,DTP
1XJN,A,191,194,PHE,0,DTP
1XJN,A,192,195,ASN,0,DTP
1XJN,A,193,196,SER,0,DTP
1XJN,A,194,197,ALA,0,DTP
1XJN,A,195,198,ILE,0,DTP
1XJN,A,196,199,SER,0,DTP
1XJN,A,197,200,VAL,0,DTP
1XJN,A,198,201,VAL,0,DTP
1XJN,A,199,202,LYS,0,DTP
1XJN,A,200,203,GLN,0,DTP
1XJN,A,201,204,GLY,0,DTP
1XJN,A,202,209,GLY,0,DTP
1XJN,A,203,210,ALA,0,DTP
1XJN,A,204,211,LEU,0,DTP
1XJN,A,205,212,MET,0,DTP
1XJN,A,206,213,GLY,0,DTP
1XJN,A,207,214,ILE,0,DTP
1XJN,A,208,215,LEU,0,DTP
1XJN,A,209,216,ASN,0,DTP
1XJN,A,210,217,ILE,0,DTP
1XJN,A,211,218,ASN,0,DTP
1XJN,A,212,219,HIS,0,DTP
1XJN,A,213,220,PRO,0,DTP
1XJN,A,214,221,ASP,0,DTP
1XJN,A,215,222,ILE,0,DTP
1XJN,A,216,223,GLU,0,DTP
1XJN,A,217,224,GLU,0,DTP
1XJN,A,218,225,PHE,0,DTP
1XJN,A,219,226,ILE,0,DTP
1XJN,A,220,227,ASP,0,DTP
1XJN,A,221,228,ALA,0,DTP
1XJN,A,222,229,LYS,0,DTP
1XJN,A,223,230,LYS,0,DTP
1XJN,A,224,237,VAL,0,DTP
1XJN,A,225,238,LEU,0,DTP
1XJN,A,226,239,ASN,0,DTP
1XJN,A,227,240,PHE,0,DTP
1XJN,A,228,241,PHE,0,DTP
1XJN,A,229,242,ASN,0,DTP
1XJN,A,230,243,LEU,0,DTP
1XJN,A,231,244,SER,0,DTP
1XJN,A,232,245,VAL,0,DTP
1XJN,A,233,246,GLY,0,DTP
1XJN,A,234,247,PHE,0,DTP
1XJN,A,235,248,PRO,0,DTP
1XJN,A,236,249,MET,0,DTP
1XJN,A,237,250,ASP,0,DTP
1XJN,A,238,251,LYS,0,DTP
1XJN,A,239,252,LYS,0,DTP
1XJN,A,240,253,GLU,0,DTP
1XJN,A,241,254,ILE,0,DTP
1XJN,A,242,255,LEU,0,DTP
1XJN,A,243,256,LYS,0,DTP
1XJN,A,244,257,LEU,0,DTP
1XJN,A,245,258,TYR,0,DTP
1XJN,A,246,259,GLU,0,DTP
1XJN,A,247,260,GLU,0,DTP
1XJN,A,248,261,ASP,0,DTP
1XJN,A,249,262,GLY,0,DTP
1XJN,A,250,263,GLU,0,DTP
1XJN,A,251,264,LEU,0,DTP
1XJN,A,252,265,GLU,0,DTP
1XJN,A,253,266,LEU,0,DTP
1XJN,A,254,267,SER,0,DTP
1XJN,A,255,268,HIS,0,DTP
1XJN,A,256,269,PRO,0,DTP
1XJN,A,257,270,ARG,0,DTP
1XJN,A,258,271,SER,0,DTP
1XJN,A,259,272,THR,0,DTP
1XJN,A,260,273,ILE,0,DTP
1XJN,A,261,274,ARG,0,DTP
1XJN,A,262,275,LYS,0,DTP
1XJN,A,263,276,LYS,0,DTP
1XJN,A,264,277,VAL,0,DTP
1XJN,A,265,278,LYS,0,DTP
1XJN,A,266,279,ILE,0,DTP
1XJN,A,267,280,ARG,0,DTP
1XJN,A,268,281,GLU,0,DTP
1XJN,A,269,282,LEU,0,DTP
1XJN,A,270,283,PHE,0,DTP
1XJN,A,271,284,ARG,0,DTP
1XJN,A,272,285,LYS,0,DTP
1XJN,A,273,286,ILE,0,DTP
1XJN,A,274,287,ALA,0,DTP
1XJN,A,275,288,THR,0,DTP
1XJN,A,276,289,ASN,0,DTP
1XJN,A,277,290,ALA,0,DTP
1XJN,A,278,291,TRP,0,DTP
1XJN,A,279,292,LYS,0,DTP
1XJN,A,280,293,SER,0,DTP
1XJN,A,281,294,GLY,0,DTP
1XJN,A,282,295,ASP,0,DTP
1XJN,A,283,296,PRO,0,DTP
1XJN,A,284,297,GLY,0,DTP
1XJN,A,285,298,LEU,0,DTP
1XJN,A,286,299,ALA,0,DTP
1XJN,A,287,300,PHE,0,DTP
1XJN,A,288,301,LEU,0,DTP
1XJN,A,289,302,GLY,0,DTP
1XJN,A,290,303,GLU,0,DTP
1XJN,A,291,304,MET,0,DTP
1XJN,A,292,305,ASN,0,DTP
1XJN,A,293,306,LYS,0,DTP
1XJN,A,294,307,TYR,0,DTP
1XJN,A,295,308,TYR,0,DTP
1XJN,A,296,309,PRO,0,DTP
1XJN,A,297,310,LEU,0,DTP
1XJN,A,298,311,TYR,0,DTP
1XJN,A,299,312,PRO,0,DTP
1XJN,A,300,313,HIS,0,DTP
1XJN,A,301,314,ARG,0,DTP
1XJN,A,302,315,LYS,0,DTP
1XJN,A,303,316,ILE,0,DTP
1XJN,A,304,317,ASN,0,DTP
1XJN,A,305,318,SER,0,DTP
1XJN,A,306,319,THR,0,DTP
1XJN,A,307,320,ASN,0,DTP
1XJN,A,308,321,PRO,0,DTP
1XJN,A,309,322,CYS,0,DTP
1XJN,A,310,323,GLY,0,DTP
1XJN,A,311,324,GLU,0,DTP
1XJN,A,312,325,ILE,0,DTP
1XJN,A,313,326,GLY,0,DTP
1XJN,A,314,327,LEU,0,DTP
1XJN,A,315,328,SER,0,DTP
1XJN,A,316,329,ASP,0,DTP
1XJN,A,317,330,TYR,0,DTP
1XJN,A,318,331,GLU,0,DTP
1XJN,A,319,332,ALA,0,DTP
1XJN,A,320,333,CYS,0,DTP
1XJN,A,321,334,ASN,0,DTP
1XJN,A,322,335,LEU,0,DTP
1XJN,A,323,336,GLY,0,DTP
1XJN,A,324,337,SER,0,DTP
1XJN,A,325,338,ILE,0,DTP
1XJN,A,326,339,ASP,0,DTP
1XJN,A,327,340,VAL,0,DTP
1XJN,A,328,341,ALA,0,DTP
1XJN,A,329,342,LYS,0,DTP
1XJN,A,330,343,PHE,0,DTP
1XJN,A,331,344,TYR,0,DTP
1XJN,A,332,345,ASN,0,DTP
1XJN,A,333,346,ASN,0,DTP
1XJN,A,334,347,GLY,0,DTP
1XJN,A,335,348,PHE,0,DTP
1XJN,A,336,349,VAL,0,DTP
1XJN,A,337,350,ASP,0,DTP
1XJN,A,338,351,LEU,0,DTP
1XJN,A,339,352,GLU,0,DTP
1XJN,A,340,353,ALA,0,DTP
1XJN,A,341,354,LEU,0,DTP
1XJN,A,342,355,GLN,0,DTP
1XJN,A,343,356,GLU,0,DTP
1XJN,A,344,357,LEU,0,DTP
1XJN,A,345,358,VAL,0,DTP
1XJN,A,346,359,GLN,0,DTP
1XJN,A,347,360,ILE,0,DTP
1XJN,A,348,361,ALA,0,DTP
1XJN,A,349,362,VAL,0,DTP
1XJN,A,350,363,ARG,0,DTP
1XJN,A,351,364,PHE,0,DTP
1XJN,A,352,365,LEU,0,DTP
1XJN,A,353,366,ASP,0,DTP
1XJN,A,354,367,ASN,0,DTP
1XJN,A,355,368,VAL,0,DTP
1XJN,A,356,369,ILE,0,DTP
1XJN,A,357,370,ASP,0,DTP
1XJN,A,358,371,VAL,0,DTP
1XJN,A,359,372,ASN,0,DTP
1XJN,A,360,373,VAL,0,DTP
1XJN,A,361,374,PHE,0,DTP
1XJN,A,362,375,PRO,0,DTP
1XJN,A,363,376,ILE,0,DTP
1XJN,A,364,377,ASP,0,DTP
1XJN,A,365,378,LYS,0,DTP
1XJN,A,366,379,ILE,0,DTP
1XJN,A,367,380,THR,0,DTP
1XJN,A,368,381,LYS,0,DTP
1XJN,A,369,382,ALA,0,DTP
1XJN,A,370,383,VAL,0,DTP
1XJN,A,371,384,LYS,0,DTP
1XJN,A,372,385,GLU,0,DTP
1XJN,A,373,386,SER,0,DTP
1XJN,A,374,387,ARG,0,DTP
1XJN,A,375,388,ARG,0,DTP
1XJN,A,376,389,LEU,0,DTP
1XJN,A,377,390,GLY,0,DTP
1XJN,A,378,391,LEU,0,DTP
1XJN,A,379,392,GLY,0,DTP
1XJN,A,380,393,ILE,0,DTP
1XJN,A,381,394,MET,0,DTP
1XJN,A,382,395,GLY,0,DTP
1XJN,A,383,396,PHE,0,DTP
1XJN,A,384,397,ALA,0,DTP
1XJN,A,385,398,ASP,0,DTP
1XJN,A,386,399,LEU,0,DTP
1XJN,A,387,400,LEU,0,DTP
1XJN,A,388,401,TYR,0,DTP
1XJN,A,389,402,LYS,0,DTP
1XJN,A,390,403,LEU,0,DTP
1XJN,A,391,404,GLU,0,DTP
1XJN,A,392,405,ILE,0,DTP
1XJN,A,393,406,PRO,0,DTP
1XJN,A,394,407,TYR,0,DTP
1XJN,A,395,408,ASN,0,DTP
1XJN,A,396,409,SER,0,DTP
1XJN,A,397,410,GLN,0,DTP
1XJN,A,398,411,GLU,0,DTP
1XJN,A,399,412,ALA,0,DTP
1XJN,A,400,413,ARG,0,DTP
1XJN,A,401,414,ASP,0,DTP
1XJN,A,402,415,PHE,0,DTP
1XJN,A,403,416,ALA,0,DTP
1XJN,A,404,417,ALA,0,DTP
1XJN,A,405,418,ASN,0,DTP
1XJN,A,406,419,LEU,0,DTP
1XJN,A,407,420,MET,0,DTP
1XJN,A,408,421,ALA,0,DTP
1XJN,A,409,422,PHE,0,DTP
1XJN,A,410,423,ILE,0,DTP
1XJN,A,411,424,ALA,0,DTP
1XJN,A,412,425,LEU,0,DTP
1XJN,A,413,426,HIS,0,DTP
1XJN,A,414,427,ALA,0,DTP
1XJN,A,415,428,HIS,0,DTP
1XJN,A,416,429,ARG,0,DTP
1XJN,A,417,430,THR,0,DTP
1XJN,A,418,431,SER,0,DTP
1XJN,A,419,432,TYR,0,DTP
1XJN,A,420,433,GLU,0,DTP
1XJN,A,421,434,LEU,0,DTP
1XJN,A,422,435,GLY,0,DTP
1XJN,A,423,436,LYS,0,DTP
1XJN,A,424,437,GLU,0,DTP
1XJN,A,425,438,LYS,0,DTP
1XJN,A,426,439,GLY,0,DTP
1XJN,A,427,440,ASN,0,DTP
1XJN,A,428,441,PHE,0,DTP
1XJN,A,429,442,PRO,0,DTP
1XJN,A,430,443,LEU,0,DTP
1XJN,A,431,444,LEU,0,DTP
1XJN,A,432,445,GLU,0,DTP
1XJN,A,433,446,ILE,0,DTP
1XJN,A,434,447,SER,0,DTP
1XJN,A,435,448,ARG,0,DTP
1XJN,A,436,449,TYR,0,DTP
1XJN,A,437,450,ARG,0,DTP
1XJN,A,438,451,THR,0,DTP
1XJN,A,439,452,GLU,0,DTP
1XJN,A,440,453,ASP,0,DTP
1XJN,A,441,454,ASN,0,DTP
1XJN,A,442,455,PHE,0,DTP
1XJN,A,443,456,VAL,0,DTP
1XJN,A,444,457,PRO,0,DTP
1XJN,A,445,458,PHE,0,DTP
1XJN,A,446,459,ALA,0,DTP
1XJN,A,447,460,MET,0,DTP
1XJN,A,448,461,GLY,0,DTP
1XJN,A,449,462,MET,0,DTP
1XJN,A,450,463,SER,0,DTP
1XJN,A,451,464,ASN,0,DTP
1XJN,A,452,465,TYR,0,DTP
1XJN,A,453,466,ASP,0,DTP
1XJN,A,454,467,ASP,0,DTP
1XJN,A,455,468,GLU,0,DTP
1XJN,A,456,469,ILE,0,DTP
1XJN,A,457,470,ARG,0,DTP
1XJN,A,458,471,GLU,0,DTP
1XJN,A,459,472,VAL,0,DTP
1XJN,A,460,473,MET,0,DTP
1XJN,A,461,474,LYS,0,DTP
1XJN,A,462,475,MET,0,DTP
1XJN,A,463,476,THR,0,DTP
1XJN,A,464,477,LYS,0,DTP
1XJN,A,465,478,GLU,0,DTP
1XJN,A,466,479,PHE,0,DTP
1XJN,A,467,480,ARG,0,DTP
1XJN,A,468,481,ARG,0,DTP
1XJN,A,469,482,ASN,0,DTP
1XJN,A,470,483,VAL,0,DTP
1XJN,A,471,484,ALA,0,DTP
1XJN,A,472,485,LEU,0,DTP
1XJN,A,473,486,LEU,0,DTP
1XJN,A,474,487,THR,0,DTP
1XJN,A,475,488,ILE,0,DTP
1XJN,A,476,489,ALA,0,DTP
1XJN,A,477,490,PRO,0,DTP
1XJN,A,478,491,THR,0,DTP
1XJN,A,479,492,GLY,0,DTP
1XJN,A,480,493,SER,0,DTP
1XJN,A,481,494,ILE,0,DTP
1XJN,A,482,495,SER,0,DTP
1XJN,A,483,496,ASN,0,DTP
1XJN,A,484,497,ILE,0,DTP
1XJN,A,485,498,ALA,0,DTP
1XJN,A,486,499,ASP,0,DTP
1XJN,A,487,500,THR,0,DTP
1XJN,A,488,501,SER,0,DTP
1XJN,A,489,502,SER,0,DTP
1XJN,A,490,503,GLY,0,DTP
1XJN,A,491,504,LEU,0,DTP
1XJN,A,492,505,GLU,0,DTP
1XJN,A,493,506,PRO,0,DTP
1XJN,A,494,507,ASN,0,DTP
1XJN,A,495,508,PHE,0,DTP
1XJN,A,496,509,LEU,0,DTP
1XJN,A,497,510,LEU,0,DTP
1XJN,A,498,511,ALA,0,DTP
1XJN,A,499,512,TYR,0,DTP
1XJN,A,500,513,THR,0,DTP
1XJN,A,501,514,ARG,0,DTP
1XJN,A,502,515,PHE,0,DTP
1XJN,A,503,516,VAL,0,DTP
1XJN,A,504,517,THR,0,DTP
1XJN,A,505,518,LYS,0,DTP
1XJN,A,506,519,GLU,0,DTP
1XJN,A,507,520,ASP,0,DTP
1XJN,A,508,524,GLU,0,DTP
1XJN,A,509,525,PRO,0,DTP
1XJN,A,510,526,LEU,0,DTP
1XJN,A,511,527,LEU,0,DTP
1XJN,A,512,528,TYR,0,DTP
1XJN,A,513,529,VAL,0,DTP
1XJN,A,514,530,ASN,0,DTP
1XJN,A,515,531,GLN,0,DTP
1XJN,A,516,532,VAL,0,DTP
1XJN,A,517,533,LEU,0,DTP
1XJN,A,518,534,ARG,0,DTP
1XJN,A,519,535,GLU,0,DTP
1XJN,A,520,536,LYS,0,DTP
1XJN,A,521,537,LEU,0,DTP
1XJN,A,522,538,ASN,0,DTP
1XJN,A,523,539,PRO,0,DTP
1XJN,A,524,540,GLU,0,DTP
1XJN,A,525,541,ILE,0,DTP
1XJN,A,526,542,LEU,0,DTP
1XJN,A,527,543,LYS,0,DTP
1XJN,A,528,544,ARG,0,DTP
1XJN,A,529,545,ILE,0,DTP
1XJN,A,530,546,GLU,0,DTP
1XJN,A,531,547,LYS,0,DTP
1XJN,A,532,548,GLU,0,DTP
1XJN,A,533,549,LEU,0,DTP
1XJN,A,534,550,ILE,0,DTP
1XJN,A,535,551,GLU,0,DTP
1XJN,A,536,552,LYS,0,DTP
1XJN,A,537,553,GLY,0,DTP
1XJN,A,538,554,SER,0,DTP
1XJN,A,539,555,LEU,0,DTP
1XJN,A,540,556,LYS,0,DTP
1XJN,A,541,557,ASP,0,DTP
1XJN,A,542,558,ILE,0,DTP
1XJN,A,543,559,PRO,0,DTP
1XJN,A,544,560,ASP,0,DTP
1XJN,A,545,561,VAL,0,DTP
1XJN,A,546,562,PRO,0,DTP
1XJN,A,547,563,GLU,0,DTP
1XJN,A,548,564,LYS,0,DTP
1XJN,A,549,565,ILE,0,DTP
1XJN,A,550,566,LYS,0,DTP
1XJN,A,551,567,LYS,0,DTP
1XJN,A,552,568,VAL,0,DTP
1XJN,A,553,569,PHE,0,DTP
1XJN,A,554,570,VAL,0,DTP
1XJN,A,555,571,VAL,0,DTP
1XJN,A,556,572,ALA,0,DTP
1XJN,A,557,573,LEU,0,DTP
1XJN,A,558,574,ASP,0,DTP
1XJN,A,559,575,ILE,0,DTP
1XJN,A,560,576,ASP,0,DTP
1XJN,A,561,577,PRO,0,DTP
1XJN,A,562,578,MET,0,DTP
1XJN,A,563,579,ASP,0,DTP
1XJN,A,564,580,HIS,0,DTP
1XJN,A,565,581,LEU,0,DTP
1XJN,A,566,582,LEU,0,DTP
1XJN,A,567,583,MET,0,DTP
1XJN,A,568,584,GLN,0,DTP
1XJN,A,569,585,ASP,0,DTP
1XJN,A,570,586,ALA,0,DTP
1XJN,A,571,587,PHE,0,DTP
1XJN,A,572,588,GLN,0,DTP
1XJN,A,573,589,ARG,0,DTP
1XJN,A,574,590,TYR,0,DTP
1XJN,A,575,591,VAL,0,DTP
1XJN,A,576,592,ASP,0,DTP
1XJN,A,577,593,ASN,0,DTP
1XJN,A,578,594,ASN,0,DTP
1XJN,A,579,595,ILE,0,DTP
1XJN,A,580,596,SER,0,DTP
1XJN,A,581,597,LYS,0,DTP
1XJN,A,582,598,THR,0,DTP
1XJN,A,583,599,ILE,0,DTP
1XJN,A,584,600,ASN,0,DTP
1XJN,A,585,601,MET,0,DTP
1XJN,A,586,602,PRO,0,DTP
1XJN,A,587,603,GLN,0,DTP
1XJN,A,588,604,SER,0,DTP
1XJN,A,589,605,ALA,0,DTP
1XJN,A,590,606,THR,0,DTP
1XJN,A,591,607,VAL,0,DTP
1XJN,A,592,608,ASP,0,DTP
1XJN,A,593,609,ASP,0,DTP
1XJN,A,594,610,VAL,0,DTP
1XJN,A,595,611,LEU,0,DTP
1XJN,A,596,612,ASN,0,DTP
1XJN,A,597,613,VAL,0,DTP
1XJN,A,598,614,TYR,0,DTP
1XJN,A,599,615,LEU,0,DTP
1XJN,A,600,616,GLU,0,DTP
1XJN,A,601,617,ALA,0,DTP
1XJN,A,602,618,LEU,0,DTP
1XJN,A,603,619,ARG,0,DTP
1XJN,A,604,620,THR,0,DTP
1XJN,A,605,621,ASN,0,DTP
1XJN,A,606,622,VAL,0,DTP
1XJN,A,607,623,ARG,0,DTP
1XJN,A,608,624,GLY,0,DTP
1XJN,A,609,625,ILE,0,DTP
1XJN,A,610,626,THR,0,DTP
1XJN,A,611,627,VAL,0,DTP
1XJN,A,612,628,TYR,0,DTP
1XJN,A,613,629,ARG,0,DTP
1XJN,A,614,630,ASP,0,DTP
1XJN,A,615,631,GLY,0,DTP
1XJN,A,616,632,SER,0,DTP
1XJN,A,617,633,LEU,0,DTP
