name,y,pB0,pB1,pB2,pM1,fold
Propanolol,1,0.8895834947725881,0.9679384233253544,1.0,0.9730570093702678,0
Terbutylchlorambucil,1,0.9375339268573368,0.234453103016851,0.0,0.8358010894283775,2
40730,1,0.7608802265894935,0.1992424086266281,0.0,0.033595075041644266,1
24,1,0.9003768381559786,0.9997484250278852,1.0,0.9997305540023915,1
cloxacillin,1,0.5827229200053484,0.0031788321165526334,0.0,0.001532876691648788,3
cefoperazone,1,0.05122484550784742,0.21770953117438374,0.0,0.017292917257537652,2
rolitetracycline,1,0.1542565778379936,0.0026587150152095123,0.0,0.0028342716933080947,1
ondansetron,1,0.9105428536823114,0.9792885382776693,1.0,0.9983895536602215,4
diltiazem,1,0.8687571667953712,0.9373764030983884,1.0,0.9744279144605187,3
Amiloride,1,0.205318693177094,0.9815269224293479,1.0,0.34541716864100624,3
M2L-663581,0,0.5315170143622326,0.9660250717789398,1.0,0.8655268596337864,3
alovudine,1,0.7051140654442006,0.16855647264210222,1.0,0.9962208343163264,4
18,1,0.9542480646143467,0.9928262877994738,1.0,0.9994467139451453,0
24959,1,0.19661035637469032,5.797103493117707e-05,0.0,0.11381073109732161,1
methadone,1,0.9514641833378638,0.7881721982789919,1.0,0.9937592412579065,2
alfentanil,1,0.7319643260069959,0.9990305197696631,1.0,0.9954492342353262,2
BRL53080,1,0.908061027083248,0.9927763109286437,1.0,0.9683226902438538,0
hyoscyamine,1,0.872155780623064,0.8969090511804357,0.0,0.8361244634453843,1
glyburide,1,0.5852451883354042,0.9998011637526124,1.0,0.28577860582325226,0
lamotrigine,1,0.702818078733197,0.9970898780842051,0.0,0.6698886260400571,4
2-Methylpentane,1,0.9557541337477409,0.9496397525252736,1.0,0.9995445759778967,0
Dexamfetamine,1,0.9429093453050611,0.4319736070853374,1.0,0.9996745428845171,2
SKF-93619,0,0.8045938986663643,0.4876472748721554,1.0,0.3404193423409741,0
nadolol,1,0.7426969909757498,0.4590207352311667,0.0,0.07997996586824356,3
sufentanil,1,0.9278543325567528,0.9984953422872765,1.0,0.996833622335937,1
12,0,0.8052967288251686,0.9368772700858804,1.0,0.95102500799185,2
zolpidem,1,0.9212070459684919,0.8770854990349986,1.0,0.9994729552238826,2
clozapine,1,0.9306960950776069,0.9992126576057911,1.0,0.999204520902236,3
Org12692,1,0.9295845214878309,0.9916009518313029,1.0,0.9997862372293947,3
piperacillin,1,0.28567370940475395,0.8407000497089494,0.0,0.015380691703321039,4
Pentobarbital,1,0.7593267951982057,0.027384439078345302,0.0,0.29829225412104926,1
Levofloxacin,1,0.7608802265894935,0.1992424086266281,0.0,0.033595075041644266,1
compound 40,1,0.9096333790064765,0.9998977855856982,1.0,0.9984223133011751,3
RO19-4603,1,0.8300019710589637,0.998411264002459,1.0,0.9983285468553545,3
fentanyl,1,0.9449225074044477,0.7475163464715363,1.0,0.9605100709360599,4
etomidate,1,0.8813090037596102,0.933796350828399,1.0,0.9919676107210755,0
11a,0,0.7174523752102242,0.9409288608992564,0.0,0.10563799220656844,4
prochlorperazine,1,0.9576857147838288,0.9998488398955228,1.0,0.9996219324996236,0
2-(3'-Iodo-4'-aminophenyl)-6-hydroxybenzothiazole,1,0.8677791189052819,0.9987570374174556,1.0,0.8099643501703611,4
compound 34,0,0.5679793893443384,0.9835240932420226,1.0,0.9944934477099286,3
granisetron,1,0.8809718760466969,0.9988142342395463,1.0,0.999115076711091,4
thiamphenicol,1,0.622690088978091,0.31810377861584177,0.0,0.2262930677408758,2
16,1,0.7403613419313377,0.9962193577470755,1.0,0.7625781940865991,3
mexiletine,1,0.9273235259346481,0.23863438435788437,1.0,0.9934476575251077,2
dextropropoxyphene,1,0.9373332843751455,0.950523237614437,1.0,0.7925700022859506,2
Nor-1-chlorpromazine,1,0.9530832728347303,0.9998312731115683,1.0,0.9997402022938997,3
compound 37,1,0.7339385809518292,0.8923659408372722,1.0,0.9525852850172595,3
cefamandole,1,0.3133264649309967,0.0017619573904918719,1.0,0.019556364201304875,4
Y-G 15,1,0.9546731500734004,0.9989043378356132,0.0,0.9632297545561387,2
Org13011,1,0.911521446334311,0.9996017108567017,1.0,0.9994662649430128,4
Quinidine,1,0.9027064011463531,0.9997936103618743,1.0,0.9959828871380889,2
38480,1,0.9723789451434327,0.9982937410042608,1.0,0.9942477642272033,2
17,1,0.5746388591401156,0.9001269542616723,1.0,0.909826858466107,3
vinblastine,1,0.3806210803810649,0.9999612768106286,1.0,0.3707324677277693,0
Bacitracin,1,0.7383802375796229,0.14302198098149596,1.0,0.5018423241896288,2
Nor-2-chlorpromazine,1,0.9292277372132232,0.99668894948487,1.0,0.9997508703670077,3
compound 36,1,0.7334594520520112,0.302102397801778,0.0,0.12202058698761782,1
19,0,0.35750034541211667,0.9478377320053986,1.0,0.8729648117458767,3
Y-G 14,1,0.9427339927188896,0.9963803514869364,1.0,0.9654633545293274,2
sertraline,1,0.9620324617961837,0.9998514315995897,1.0,0.998878914179626,1
vincristine,1,0.2772035708942562,0.9992739847305752,1.0,0.3873652979849995,0
SB-222200,1,0.9111634287755951,0.020640001076512864,0.0,0.48182884673008725,3
SB-656104-A,1,0.8385186155828778,0.273080954839654,1.0,0.6457247775416095,1
compound 38,1,0.732254708083258,0.9492829844782291,1.0,0.9617923169241785,1
maprotiline,1,0.9580209037409025,0.9979304652436771,1.0,0.9996031669255282,4
compound 43,1,0.9212069262334239,0.9921492476545517,1.0,0.9907818476821596,4
MIL-663581,0,0.667310129056483,0.9107824364085294,1.0,0.9916452422762622,3
cefotaxime,1,0.16890966761119638,1.3916387367107688e-05,0.0,0.018298361382136724,0
carbamazepine-10,1,0.8556904380316613,0.9997528546137396,1.0,0.9994167326796101,4
Cyclohexane,1,0.9580631792281641,0.9932566996585043,1.0,0.9996915015155826,3
2,1,0.7924302890299078,0.9451921540967892,1.0,0.892108084397804,2
SKF89124,1,0.8685145799900049,0.9955132130051821,1.0,0.9984754969290667,1
Org5222,1,0.9578290115557748,0.9977149443962038,1.0,0.9996614396669068,4
compound 35,0,0.7430666052359911,0.998357506559954,1.0,0.9826101440796924,4
cefuroxime,1,0.19014724421900195,0.18638463244770312,0.0,0.09679805250049628,4
compound 45,1,0.880646717020995,0.9981997904520076,1.0,0.9988822296340434,0
Org4428,1,0.9251512760338467,0.9997741190218542,1.0,0.9990431742229557,1
compound 32,1,0.7309983765691123,0.1608531818668793,0.0,0.9573451308728035,0
Bretyliumtosilate,1,0.804532646910582,0.9962744662277764,1.0,0.915592583074372,0
Y-G 20,0,0.8778492910349408,0.8075287322624979,1.0,0.9969270113812313,3
ornidazole,1,0.7202417740283571,0.9906602440582121,0.0,0.9394639663420029,1
SKF101468,1,0.9234554488064959,0.9771041189199017,1.0,0.9993954129703725,1
Org30526,1,0.9457263257874401,0.9995995815110273,1.0,0.999597669830699,4
36,1,0.9693770080395105,0.9999452139082462,1.0,0.9998371992259001,2
ceftriaxone,1,0.07646567710389947,0.19480340621766212,0.0,0.017204092019372782,3
compound 42,1,0.9207117902318046,0.9947020056103938,1.0,0.9838135448199931,4
Org32104,1,0.9038726495459953,0.9999469943573487,1.0,0.99790367399613,1
compound 31,1,0.7486326985763684,0.0018263243534003468,0.0,0.8580643041698618,0
SB204457,1,0.7343018990579637,0.9992670157729872,1.0,0.9986500954492578,1
compound 41,1,0.9207026551617593,0.9988839043721971,1.0,0.9990949713951829,1
clomethiazole,1,0.9599030837394469,0.999471233744,1.0,0.997125784387701,2
celiprolol,1,0.7204346622120832,0.08485410474703554,1.0,0.8426250884583254,2
"""1,1,1-Trifluro-2-chloroethane""",1,0.9559782281574974,0.9944780044265767,1.0,0.9994009508426501,0
33,1,0.7801653986055089,0.7257462647651401,1.0,0.9966775120162092,3
cefoxitin,1,0.3163901604809023,0.05348188887404559,0.0,0.017481951833043526,2
Org34167,1,0.8649404396276253,0.9992371034511036,1.0,0.9990464810089785,3
9-OH Risperidone,1,0.7290301302759534,0.9993443314545768,1.0,0.9568201562495122,1
acetaminophen,1,0.8955927723379252,0.18647607868527463,1.0,0.772028097580442,2
acetylsalicylate,0,0.8507956548445689,0.932176445680228,0.0,0.7802112412682254,2
allopurinol,0,0.734043762128728,0.9382982534103277,1.0,0.3881197957602934,3
Alprostadil,0,0.7086419271824974,0.9804211980956405,1.0,0.8277543354306063,4
aminophylline,0,0.7444269484550535,0.973270864353862,1.0,0.9939347182083333,1
Amiodarone,0,0.9383000881800018,0.4453893469563652,1.0,0.7849834795464262,3
amoxicillin,0,0.3978867411617868,0.009458286597938957,0.0,0.005421789528447078,0
ampicillin,0,0.5339632412679772,0.10350876493743624,0.0,0.001862340582991796,0
androsan,0,0.925238799931133,0.8693747938236468,1.0,0.7728797840457343,2
oxaflumazine,1,0.9402359776072805,0.9997456160422296,1.0,0.9971487469670609,0
oxazepam,1,0.8252038591914204,0.6973531158350736,1.0,0.9958841249702455,0
oxiperomide,1,0.8865488397419665,0.9584724414154013,1.0,0.9978308260976538,4
oxycodone,1,0.832452921523851,0.997140988202945,1.0,0.9990595373441512,0
oxymorphone,1,0.7824539055802943,0.9947344130438417,1.0,0.991988299258829,0
pecazine,1,0.9637709297320657,0.9780125621634639,0.0,0.9913416340645039,3
pemoline,1,0.807878134024324,0.6568929342610439,1.0,0.997669519143633,4
pentazocine,1,0.9471415331253737,0.9990404138261455,1.0,0.9993715470554455,2
Ethionamide,1,0.9184077742924472,0.9133469523734372,0.0,0.9945701824492101,2
Etoposide,0,0.28844744661427674,0.9903904591051075,1.0,0.7312142730985455,4
Famotidine,1,0.18149908039786006,0.4230135653344537,1.0,0.8059643334448677,2
Fluconazole,1,0.7148515243689945,0.799085926325581,1.0,0.9433727399347892,1
Foscarnetsodium,1,0.525282835181564,0.998158018317899,1.0,0.7223746744979955,0
Gabapentin,1,0.8006821180945697,0.8681850921677828,1.0,0.919318337808022,3
Nafcillin,0,0.6616297843932365,0.06942667306093153,0.0,0.12799200002930694,4
Nalidixicacid,0,0.7726326884024194,0.3582800741274775,1.0,0.875577508788032,3
Nelfinavir,0,0.7009862564191486,0.6397892487518493,1.0,0.5394698455139162,3
Astemizole,0,0.9107989849962284,0.9979116099156325,1.0,0.9959333795335156,0
atropine,0,0.872155780623064,0.8969090511804357,0.0,0.8361244634453843,1
Auxeomycin,0,0.11900588584237644,0.0037134893422987518,0.0,0.009773673139018444,1
Betamethasone,0,0.6482219949281638,0.9999238245433423,1.0,0.9946261669508156,1
carbenicillin,0,0.4643429432698368,0.01576291075784514,0.0,0.009335331915484812,0
carbidopa,0,0.5570033145239078,0.07580150541323963,1.0,0.4494341319614228,2
carteolol,0,0.8175501947319725,0.8925170987225088,1.0,0.9994011446883612,2
Cefazolin,0,0.24571724405085968,0.10453114955847526,0.0,0.114757969554729,4
cephapirin,0,0.4757393787650107,8.901265728616799e-05,0.0,0.006735617729116435,4
chlorambucil,0,0.9158041616224308,0.018716624163094407,0.0,0.5106897581107664,2
pergolide,1,0.950943443104248,0.8426547018540097,0.0,0.9999127318368076,1
perlapine,1,0.9466114339077112,0.999648015443188,1.0,0.9999670500773811,1
perphenazine-HCl,1,0.9288664124890056,0.9904079975818514,1.0,0.999833285864731,0
pethidine,1,0.9351724832803521,0.9989489585448389,1.0,0.9994810431887398,2
phencyclidine,1,0.9662643536959692,0.9947118872159401,1.0,0.9997635821169343,4
phenelzine sulfate,1,0.7184591205482437,0.8566627651024772,1.0,0.8629301944302179,0
phenobarbital,1,0.7525945852905799,0.979410431415098,1.0,0.981079838859725,1
phenprobamate,1,0.8876481099331204,0.9991465770893774,1.0,0.9961489374089627,2
physostigmine,1,0.8903171445784993,0.9051756531182024,1.0,0.9996696857986274,4
Norepinephrine,0,0.743289201950426,0.7689809365035062,0.0,0.8740654934164711,2
Omeprazole,0,0.7903908169895068,0.9990154815316791,1.0,0.8953377161840719,4
Oxacillin,0,0.5703497770977667,0.001633372547189196,0.0,0.000985617547970405,3
Pentostatin,1,0.5102066926558662,0.6607264639921521,1.0,0.3410667575892165,0
Phenoxymethylpenicillin,0,0.6440755360968485,0.44734839663304743,0.0,0.029771146325166704,2
chloramphenicol,0,0.5739802839903331,0.6814040042382483,0.0,0.6996894890192774,2
chlorothiazide,0,0.48737291642274366,0.023153697956556144,0.0,0.05175782677853667,3
chlorpropamide,0,0.7995412151418007,0.8702091634761232,1.0,0.9682075851841232,2
Chlortetracycline,0,0.11900588584237644,0.0037134893422987518,0.0,0.009773673139018444,1
chlorthalidone,0,0.5328283925141685,0.9338116808581955,0.0,0.3121522226619821,1
clofibrate,0,0.9273216454118038,0.9740156007189104,0.0,0.9936016199361376,2
clofibric acid,0,0.9039599876715695,0.9565626750534191,0.0,0.9514560511698557,2
clotrimazole,0,0.9558130278820469,0.976642542341226,1.0,0.9979494549320697,1
corticosterone,0,0.8023343480186338,0.9821958352902714,1.0,0.9467850840942041,2
Cortisone,0,0.6993039843502344,0.6937856694817992,1.0,0.4515438686857995,3
piflutixol,1,0.9459764018553656,0.9999945300755044,1.0,0.9981465809074049,0
pimozide,1,0.9268418708797571,0.9925049923887487,1.0,0.9940407070981078,4
pinoxepin,1,0.9162047284703193,0.9896241791334836,1.0,0.9996240480502976,0
pipamperone,1,0.8316256058728474,0.9973837772740735,1.0,0.9993786288435426,2
prazepam,1,0.926183152060047,0.9999572874407818,1.0,0.9998426922681255,3
pregnanolone,1,0.9103646992821235,0.8447172313565249,1.0,0.8012394982331711,0
primidone,1,0.821491183730694,0.9435446896752003,1.0,0.9941473202751616,0
procaine,1,0.8750621707152209,0.970739032476392,1.0,0.9913660803017377,2
procyclidine,1,0.9436690087994285,0.9990074222302492,1.0,0.9995035138319353,1
promazine,1,0.9623869459222273,0.9990375804531677,1.0,0.9991005289172034,3
Pindolol,1,0.8522091748055398,0.7798991861088141,1.0,0.2948239915430389,4
Plicamycin,1,0.000747808611818598,0.0287670864382093,0.0,0.006779654426249666,1
Pravastatin,0,0.48831877963997405,0.140542617341279,0.0,0.9038053606780123,0
Praziquantel,1,0.9122940958409117,0.9999859716244854,1.0,0.9993144643611126,2
Trimethoprim,1,0.6293579808892895,0.9990957829484545,0.0,0.9386170104487248,2
Trimetrexate,0,0.5071177051891208,0.9997996762489635,1.0,0.9473086802048537,1
Trometamol,0,0.6383965467353011,0.9705913861408149,0.0,0.7145363150930462,0
Trovafloxacin,1,0.6349848110505658,0.5326704467119258,0.0,0.5519941345496708,0
Urea,1,0.7397116195008294,0.9563076742107509,1.0,0.9501302955532394,0
coumarin,0,0.9186011257694194,0.9995510198535386,1.0,0.9645960710733001,4
dapsone,0,0.6966445407485357,0.9977839231844264,1.0,0.8229258397304354,3
Dehydrocholic acid,0,0.753995498673643,0.9142199833816884,1.0,0.8015286202228152,4
dicumarol,0,0.6640614991450556,0.9468964023501674,0.0,0.740289613204573,4
dicyclomine,0,0.938714410850359,0.997123545232941,1.0,0.9953183233701133,2
Diethylstilbestrol,0,0.9005443820566381,0.962411731706481,1.0,0.47698454792520195,3
Digitoxin,0,0.20799330132621788,0.11094573843100955,0.0,0.06908645048041703,0
Digoxin,0,0.12877016505109173,0.2691073850429456,0.0,0.031860100292701414,0
Domperidone,0,0.7940141373949354,0.9960469610656972,1.0,0.9995918884468665,4
promethazine-HCl,1,0.9623872882712162,0.9999746882269437,1.0,0.9948206898104336,3
propiomazine,1,0.9437495234599308,0.9999433338638134,1.0,0.9981262252568348,3
propofol,1,0.9538248475523768,0.48889121487147624,0.0,0.998657941518737,2
protriptyline,1,0.9579572393595577,0.9980232213241261,1.0,0.9995752258649703,4
pyridazinone,1,0.8647941799101101,0.9940227167220732,1.0,0.7093814828617111,4
quazepam,1,0.9583725192419101,0.9998567055401162,1.0,0.999799720525302,4
rescinnamine,1,0.5936244506687359,0.9022525377101702,1.0,0.977971648145226,0
reserpine,1,0.6102161793413624,0.9906736425676376,1.0,0.9735686369185135,3
secobarbital,1,0.7611304580120175,0.8917167339679485,1.0,0.5573650982993991,1
spiclomazine,1,0.9231093116950931,0.33308939668904985,1.0,0.9994997726902827,0
Atovaquone,0,0.8832833351341289,0.9887852503966067,1.0,0.9595555462350512,1
Azelaicacid,0,0.7497132594097342,0.8231085718579239,1.0,0.7295968011647689,0
Azithromycin,0,0.23727513294389294,9.475831318737721e-05,0.0,0.0025041004540934356,3
Bacitracin,0,2.810986275429224e-05,3.54227107523242e-05,0.0,0.016821271570773646,0
Bethanechol,0,0.835836901968004,0.9921036072108693,1.0,0.9992148993606341,0
Bretyliumtosilate,0,0.8701664432633961,0.9835744961243282,0.0,0.7738974483784793,2
Bromocriptine,0,0.5969975334807565,0.9974437465931271,1.0,0.5304837722672875,4
Buprenorphine,1,0.8474024524492445,0.9941978498070493,1.0,0.929361004596345,1
dopamine,0,0.838480450982919,0.6908311729291426,1.0,0.4985009538187074,2
doxorubicin,0,0.06106190371844573,1.0250496699388115e-05,0.0,0.004342619519401611,1
doxycycline,0,0.11375870427491906,0.4844030474791493,0.0,0.0410248024985173,1
Dyclonine,0,0.9336145424561003,0.9983797260550834,1.0,0.9985982978339819,1
Econazole,0,0.9464633547195611,0.9267258019721885,1.0,0.990945636972762,4
enkephalin,0,0.09776764300921577,0.0014058461896502197,1.0,0.13233611538724063,3
Ephedrine,0,0.9311838393312811,0.9815573788162071,0.0,0.9942354623835328,2
epinephrine,0,0.8096370321136002,0.17981089071842082,0.0,0.5147459581133819,2
erythromycin,0,0.10670339864833911,0.0014615336170707967,0.0,0.0003160717442814879,2
estradiol,0,0.9106592495468456,0.7823454618531128,0.0,0.9394359386071905,4
tacrine,1,0.8957596615171911,0.933361898878422,1.0,0.9982279200326709,3
temazepam,1,0.858792688800968,0.9943438546132615,1.0,0.9977992734930654,0
tetrabenzine,1,0.9108952256923116,0.8058038172460378,0.0,0.9435897661643787,1
thc,1,0.941226582757426,0.9788204273455354,1.0,0.9955706532929571,1
thebaine,1,0.9234581868840902,0.9996326167045037,1.0,0.9998701832016138,1
thiethylperazine,1,0.9591533869504975,0.9990297381787087,1.0,0.9996572888408434,0
thioridazine,1,0.9626287813733493,0.9993106242729394,1.0,0.9994261887597294,0
thiothixene,1,0.8977737415572388,0.9927494831282974,1.0,0.9993167163023507,1
tranylcypromine,1,0.919684194132293,0.996960931188153,1.0,0.9997163818702003,3
trazodone,1,0.9023561896823031,0.9999256724512922,1.0,0.9998588623982221,3
Busulfan,1,0.6772660288035329,0.9745671475690025,1.0,0.9862945445072782,0
Cefradine,0,0.5530100042064844,0.0010896709882987428,0.0,0.00907805536437789,4
Chloroquine,1,0.9394637325461497,0.9839794904440078,1.0,0.9946710506594387,1
Cisapride,1,0.7437886889809663,0.98439161025301,1.0,0.9860594994377985,0
Cladribine,1,0.490935666193751,0.5668917528329418,1.0,0.9625822171721702,4
Clidiniumbromide,0,0.8866999626381156,0.23204411476637582,0.0,0.5866315196496747,1
estrone,0,0.9182352639137643,0.9551071797600347,1.0,0.7521373109491513,4
Ethacrynic acid,0,0.8543108099838592,0.3432389045085346,0.0,0.9419091397903759,2
ethinylestradiol,0,0.911660324420135,0.9809604206434486,0.0,0.9260542056310856,4
fenoterol,0,0.6667070508191919,0.0028726698449379395,0.0,0.024996920682114558,1
floxuridine,0,0.5639670058806877,0.05071970128246087,1.0,0.9721242217726115,4
Flucloxacillin,0,0.5894342118974412,0.0017199892617256617,0.0,0.00144094078194956,3
fluorouracil,0,0.8347155868588976,0.9897398874957201,0.0,0.8134995557917873,2
furosemide,0,0.47543719955920927,0.5881166045319012,0.0,0.12344981988394846,0
ganciclovir,0,0.28590820899202035,0.9146578150287389,1.0,0.9441332986540519,1
glycopyrrolate,0,0.891969546513351,0.9741901437964079,0.0,0.411664729655432,4
trifluperidol,1,0.9186778003130446,0.9998733937264055,1.0,0.9954751662631607,3
triflupromazine,1,0.9658985651670453,0.99974828171155,1.0,0.9993375092260985,3
trifluroperazine,1,0.9592906458070816,0.999930992084221,1.0,0.9996959615576213,0
trihexyphenidyl,1,0.9476528563660616,0.997504122199973,1.0,0.9995256479716246,2
trimetozine,1,0.8358311803807504,0.9957240142149016,1.0,0.9997893912207417,0
trimipramine,1,0.9579551091798458,0.9999179700241041,1.0,0.9989588781365545,0
tybamate,1,0.6786317745101581,0.43421641549793816,1.0,0.8897032752366559,0
uridine,1,0.41082664800701796,0.21784350708236588,1.0,0.914236427076763,4
valproicacid,1,0.8904061551616284,0.9305078711922073,1.0,0.8894728446310967,0
zimelidine,1,0.9530061529929823,0.8465984243006002,1.0,0.9890103798118369,3
Clofazimine,0,0.9316871854866837,0.5263725997481793,1.0,0.8428305053599205,4
Colchicine,0,0.7343018990579637,0.9992670157729872,1.0,0.9986500954492578,1
Cromoglicicacid,0,0.19795662152996651,0.525704278348608,1.0,0.537946459111035,2
Cycloserine,1,0.7810953433868433,0.9811132159430027,1.0,0.9915641336643476,4
Hydroxycarbamide,1,0.7084152754839311,0.9799365443388435,1.0,0.9214211628495622,0
Ipratropiumbromide,0,0.8987095283917131,0.943926157956301,1.0,0.598485014524401,2
guanabenz,0,0.796454738012326,0.997601397928092,1.0,0.9933975458171057,2
guanethidinesulfate,0,0.7962777621362606,0.99310035604468,1.0,0.9124426184186002,4
homatropine,0,0.8721005837397893,0.9975281838553066,0.0,0.9404870457851829,1
hydralazine,0,0.8131165638201995,0.9995618449823672,1.0,0.42978437190888147,4
Hydrochlorothiazide,0,0.5257294332745893,0.15854283022944965,0.0,0.39046326162425454,2
Hydrocortisone,0,0.6900534275430318,0.28395215953125885,1.0,0.1851182644670604,2
hydroflumethiazide,0,0.5247339584800543,0.905609122555943,0.0,0.3643535346942519,2
ibuprofen,0,0.9255713825828308,0.9959994144608012,1.0,0.9894901820508831,2
indomethacin,0,0.8358029979494668,0.5129290997433342,1.0,0.9037227726376785,4
35,0,0.5315170143622326,0.9660250717789398,1.0,0.8655268596337864,3
1-47,0,0.8778492910349408,0.8075287322624979,1.0,0.9969270113812313,3
1-48,1,0.9084760381979852,0.9913870339385923,1.0,0.9947345818505662,0
9-OH-risperidone,1,0.7290301302759534,0.9993443314545768,1.0,0.9568201562495122,1
Alprazolam,1,0.9027679477926669,0.9963587077500395,1.0,0.9984178679844663,1
BCNU,1,0.8093531889161734,0.8851490576463538,1.0,0.9868771777823024,0
Itraconazole,0,0.7167824115017899,0.07817088403233725,0.0,0.1742601708153079,4
Kanamycin,0,0.004317162282168771,0.006075992242907331,0.0,0.002014303944694197,1
Ketoprofen,1,0.8677328490289659,0.4693858424082457,1.0,0.1725024712815703,1
Ketorolac,0,0.8487171055390088,0.9726392511965601,1.0,0.9751623064152543,4
Metaraminol,0,0.8383813180827627,0.9519579303809902,1.0,0.8893948874628383,2
isoniazid,0,0.8283865239058935,0.9834740617440989,1.0,0.9982923694897581,2
Isoproterenol,0,0.8123555170734882,0.07134532885430488,0.0,0.734759415245333,2
Isoquercitrin,0,0.052929055863404274,0.4706003448972003,0.0,0.07723395655851935,1
Ketoconazole,0,0.8188818213390737,0.01081530828191682,0.0,0.8797359849980522,2
labetalol,0,0.6566908389588255,0.14092182601451253,0.0,0.5544461060831963,0
levodopa,0,0.6408814779320947,0.5915058410598306,1.0,0.854417420969062,2
mannitol,0,0.4082434733336943,0.7988861469976,1.0,0.5595154146592003,0
Meclocycline,0,0.1529757763699055,0.0007583152846125824,0.0,0.0030761616634141786,2
Meclofenamate,0,0.8791281006173609,0.9685530888948684,0.0,0.8563096173716431,3
Mefenamic_acid,0,0.870255839181929,0.46683093376498513,0.0,0.9454424878543667,3
Cimetidine,0,0.6708804313391663,0.9898416489052215,1.0,0.8103427035437674,1
Clonidine,1,0.9069823496858548,0.9970363400001125,1.0,0.9918681342355303,3
Didanosine,0,0.6576280458010315,0.006907229825578706,1.0,0.9499922853163293,4
Metoprolol,1,0.8862294675424136,0.23482510277384874,1.0,0.3402576380907261,2
Metronidazole,1,0.7130662377864592,0.9991794744529353,1.0,0.8364262751604689,1
Mifepristone,0,0.9207685888252921,0.8484415593730188,0.0,0.9696869474775435,3
Minocycline,1,0.23866615456049103,0.0036476028140132,0.0,0.005080318101081405,3
Moclobemide,1,0.8927948971419014,0.9938357790852713,1.0,0.9998277256537798,1
Propanthelinebromide,0,0.9253020859266747,0.9840773911026843,1.0,0.8211472898033411,1
Pyrazinamide,1,0.7613367730272741,0.8895069146543029,1.0,0.9007264930183374,3
Pyridostigminebromide,1,0.9095423286046496,0.9811596923547475,1.0,0.9868282441065046,1
Pyrimethamine,1,0.7456426302149597,0.8595975458208218,1.0,0.8974322159365781,3
Quinine,0,0.9027064011463531,0.9997936103618743,1.0,0.9959828871380889,2
melphalan,0,0.8336906686968754,0.41199036094938035,1.0,0.15921577169089388,2
mepenzolatebromide,0,0.8944753460035656,0.9022077888466326,0.0,0.09780543278278038,4
mepiramine,0,0.936521669777301,0.9840973184701998,1.0,0.9830191638173926,2
mequitazine,0,0.9660322837059189,0.999968552738328,1.0,0.999943955780587,1
mestranol,0,0.9343989411097939,0.9790237828933674,0.0,0.8812898958536309,4
methantheline,0,0.9216622308734433,0.9973952077969844,1.0,0.9829227994830927,1
methotrexate,0,0.07901652429429419,8.251455621584902e-05,1.0,0.7064997385707135,0
Methyclothiazide,0,0.585932575073145,0.5699054399170257,0.0,0.4418856663690996,2
methyldopa,0,0.642928034181446,0.7381505593957715,1.0,0.7699357415372525,2
Icotidine,0,0.7153562558710155,0.3167632975339978,0.0,0.1534911861296659,4
L-663581,1,0.7801653986055089,0.7257462647651401,1.0,0.9966775120162092,3
Lupitidine,0,0.5902937266826437,0.050312046144187605,0.0,0.13029939566668283,0
Mianserin,1,0.9625152716303378,0.9997358490195545,1.0,0.9999474495280264,1
Midazolam,1,0.9248502309700718,0.9973650797818374,1.0,0.9832628738653248,0
Ritonavir,0,0.34945104445352304,0.7252023226741648,0.0,0.16049923015509285,2
Saquinavir,0,0.19661035637469032,5.797103493117707e-05,0.0,0.11381073109732161,1
Sevoflurane,1,0.9485810555055033,0.989314654341095,1.0,0.9997820728016553,0
Sodiumamidotrizoate,0,0.6349756968983501,0.8712185195920638,1.0,0.9333467602348844,2
Sotalol,1,0.7809215294098858,0.10242070443590963,0.0,0.8571930982200023,2
Stavudine,1,0.700809570871147,0.12704238948964816,1.0,0.9972332523939804,4
Streptomycin,0,0.0019823983550357324,0.010100201027439755,0.0,0.0060776329155345175,4
Sulfadiazine,1,0.6437966095438612,0.8324288708881603,1.0,0.51390258528423,4
Sulfafurazole,1,0.6233283329187377,0.9975417194113364,1.0,0.9292246119019044,3
Methylprednisolone,0,0.6474509218181805,0.887205771181579,1.0,0.9430790962628763,1
Miconazole,0,0.9492925623370517,0.9601311493301787,1.0,0.9933850099938039,4
nandrolone,0,0.92399770495983,0.9572256616032477,0.0,0.9573114743730032,2
neodicoumarol,0,0.5037495164152936,0.04899276735524035,0.0,0.463408393235625,4
Nicotinyl alcohol,0,0.929686372083941,0.999281168662296,1.0,0.9705018522179195,2
norethindrone,0,0.9229830712741808,0.8149506456068163,0.0,0.8300742970288479,2
norfenefrine,0,0.8371810031138476,0.929788705149295,0.0,0.841100350504,2
nylidrin,0,0.8637910278789063,0.6741030620561742,0.0,0.3277625210874133,0
Oxandrolone,0,0.8829000665412954,0.0031097791833160316,0.0,0.21995193853642026,0
Oxaprozin,0,0.8508056819000391,0.24809297175782175,0.0,0.9925240775692394,4
Mirtazapine,1,0.936670549159111,0.9976485102153151,1.0,0.9974314075582817,0
Nevirapine,1,0.8561835243796083,0.9790061839590539,1.0,0.9952092547547228,4
Org12962,1,0.9295845214878309,0.9916009518313029,1.0,0.9997862372293947,3
Org30526,1,0.9457263257874401,0.9995995815110273,1.0,0.999597669830699,4
Org32104,1,0.9038726495459953,0.9999469943573487,1.0,0.99790367399613,1
Org34167,1,0.8649404396276253,0.9992371034511036,1.0,0.9990464810089785,3
Org4428,1,0.9251512760338467,0.9997741190218542,1.0,0.9990431742229557,1
Org5222,1,0.9578290115557748,0.9977149443962038,1.0,0.9996614396669068,4
Ranitidine,0,0.7405776898150277,0.23501539384730785,1.0,0.8950621155092571,4
Sulfamethoxazole,1,0.6195370702597899,0.9467760058215167,1.0,0.9746094028057067,0
Tamoxifen,1,0.9634661287709858,0.3575593434996991,1.0,0.5695105533001595,4
Ticarcillin,1,0.3372749906082751,0.9462306687092694,0.0,0.007620810444254566,1
Topotecan,1,0.6337978885339394,0.32684528537811997,1.0,0.2633434565047203,3
Zalcitabine,1,0.6594971415817981,0.9818755100701775,0.0,0.98114323186344,3
Zonisamide,1,0.7058837750558163,0.8418701817394832,1.0,0.9620805511491848,4
AmphotericinB,0,0.0032877319331966314,0.8728113924555905,0.0,0.004999777693667966,2
Calcium-folinate,1,0.048643309119571994,0.04785544399512412,1.0,0.11554871657243847,0
oxytetracycline,0,0.06302062319391048,0.08930020634878491,0.0,0.0678732284259585,1
papaverine,0,0.8774587825365576,0.7807038197474983,1.0,0.7842043504089907,0
penicillin G,0,0.7014159557796011,0.014271506258768355,0.0,0.0028730398068841576,0
phenacetin,0,0.9215057152783005,0.5269589749112323,1.0,0.9991506237268554,2
phenazopyridine,0,0.7124641858642805,0.9992451772891727,1.0,0.8493538681114383,4
pheniramine,0,0.9516788492135689,0.964716408766074,1.0,0.9998675897877636,1
Phenolphthalein,0,0.8365380319367123,0.9834209982608995,0.0,0.8483768614792577,4
phenoxybenzamine,0,0.9580410921683205,0.9227691991235077,1.0,0.9861499373678259,4
Phenylbutazone,0,0.9099962447503605,0.9801150118881717,1.0,0.9999073218039022,1
pirbuterol,0,0.7459974343831887,0.9529634987178803,1.0,0.7705768134911651,2
Risperidone,1,0.8330981747601875,0.9980471218201344,1.0,0.9963257797432753,1
Phenserine,1,0.8993702843862117,0.9958836914720898,1.0,0.9986908296302729,3
Temelastine,0,0.7802425245498602,0.08143975776267794,0.0,0.11003265598383488,4
Tibolone,1,0.9147154894575047,0.46984565817754786,0.0,0.9284941137441663,3
Ceftazidime,1,0.1299299334994386,0.003642784455546261,0.0,0.015443491887584626,0
Flucytosine,1,0.8127469648895359,0.9149154954574894,1.0,0.8671645824141342,2
Guanadrel,0,0.7073484594943027,0.5705419559082514,0.0,0.9239475768095077,3
Lomustine,1,0.8220544154355405,0.8646774830024233,1.0,0.9814255347354146,3
Mesna,0,0.8105071439462832,0.33729375277149076,0.0,0.9606109104446495,0
Streptozotocin,0,0.20661535306424428,0.0043738121383202705,0.0,0.06839601753693623,1
Teniposide,1,0.3011105506217849,0.010432819035929334,0.0,0.015547694474096202,0
Thiotepa,1,0.9597541021814219,0.9979433519154393,1.0,0.9943219934646914,2
Vancomycin,0,2.8601428316430435e-05,0.00015477941226390508,0.0,0.0042258790429070955,3
Polythiazide,0,0.5856793860352132,0.05177015989078018,0.0,0.8033652597702015,2
prednisolone,0,0.6439382840732474,0.9006103608474287,1.0,0.383564243707078,1
prednisone,0,0.7085279498098104,0.034732709207337495,0.0,0.26905461086745724,2
probenecid,0,0.8045046015470633,0.24525061091520556,1.0,0.9697733487513793,2
progesterone,0,0.9318127146623575,0.9844953274992824,1.0,0.925071817108605,2
propranolol,0,0.8895834947725881,0.9679384233253544,1.0,0.9730570093702678,0
proscillaridin,0,0.41926923801764,0.018496386271755007,0.0,0.06541457920134226,1
puromycin,0,0.26492200768783863,0.7172241494185552,1.0,0.3909577996336194,3
ribavirin,0,0.33749359209961116,0.9913777577821028,1.0,0.8864617022404901,2
Tiotidine,1,0.3976600520738739,0.09819710055324025,0.0,0.13417011936344073,2
Zolantidine,1,0.9278765184785256,0.9966656588614446,1.0,0.9911078599072524,4
1-hydroxymidazolam,1,0.8746191529261149,0.9974832070650513,1.0,0.9804359841386967,0
111-trichloroethane,1,0.9573113115417814,0.9809564904486475,1.0,0.9994981535859411,0
111-trifluoro-2-chloroethane,1,0.9559782281574974,0.9944780044265767,1.0,0.9994009508426501,0
2-methylpropanol,1,0.9204472806513109,0.9218628214087524,0.0,0.9976782979987459,0
"""2,2-dimethylbutane""",1,0.9557541337477409,0.9987999577922064,1.0,0.9996460444926393,0
Vidarabine,1,0.33319305497026874,0.2669069377067709,1.0,0.4218588863442535,4
Bis-hydroxylated-L-663581,0,0.5369814379868373,0.9142469865959634,1.0,0.8813451968640881,3
Mono-hydroxylated-L-663581,0,0.667310129056483,0.9107824364085294,1.0,0.9916452422762622,3
Thioperamide,1,0.8991827929743359,0.9897136710986578,1.0,0.9756455610465744,4
rifampin,0,0.0989640158934857,0.01753304597350711,0.0,0.005118255404101363,0
salicylic acid,0,0.8723542452145601,0.5538339361096749,0.0,0.4276810167196735,2
scopolamine,0,0.8298114971094495,0.19793813996635398,1.0,0.8985645321202974,4
Spironolactone,0,0.8634308424126109,0.9900721923796925,0.0,0.9474817204096108,3
Stanozolol,0,0.8959729766708622,0.4038186326830448,0.0,0.9757509682208696,4
sulfasalazine,0,0.348669110544344,0.8320362268746978,1.0,0.05052312909891161,1
Terconazole,0,0.8504462029584595,0.15883335357599096,0.0,0.4969058504107512,0
testolactone,0,0.9051868586006542,0.9961159137707252,1.0,0.2312275347003099,4
testosterone,0,0.924620598448907,0.9201310200566865,1.0,0.8899247965702244,2
TetraCycline,0,0.11474296060580372,0.022676319204154867,0.0,0.0754060535541631,1
3-methylhexane,1,0.9567898573225219,0.9767359080413074,1.0,0.9993830283412399,0
3-methylpentane,1,0.9557541337477409,0.9830850441329899,1.0,0.9997946895519862,0
4-hydroxymidazolam,1,0.8757361566920353,0.9939535515926478,1.0,0.9817127900179478,0
Aminopyrine,1,0.9207719264958117,0.9975338548706861,1.0,0.9995743634017619,4
Atenolol,0,0.7462363949888551,0.3561285761129082,1.0,0.27808855621711437,2
Benzene,1,0.9721604301625187,0.9937532713774335,1.0,0.7297207223787842,2
Bretazenil,1,0.8539202361074398,0.9868693004596384,1.0,0.8867787943263056,4
Bromperidol,1,0.9200693805108298,0.9967016925261625,1.0,0.992240737100799,3
Mefloquine,1,0.905841477172031,0.8286295349926264,1.0,0.9987965792712856,2
Ofloxacin,1,0.7608802265894935,0.1992424086266281,0.0,0.033595075041644266,1
Tifluadom,1,0.8997759235299936,0.999872227068333,1.0,0.9998014544893692,1
aldosterone,0,0.7090112285203889,0.9250432788182895,1.0,0.7840101623193946,2
BRL52537,1,0.9450252794336212,0.9787217130987533,1.0,0.9909403796940867,4
BRL52580,1,0.9485380867817839,0.9891573744569645,1.0,0.9951182489243714,4
BRL52656,1,0.9440818903259394,0.8250365809513335,0.0,0.9786983915185592,4
BRL52871,1,0.948869103876483,0.9578954999591377,1.0,0.9962372609450006,4
theophylline,0,0.7444269484550535,0.973270864353862,1.0,0.9939347182083333,1
thioguanine,0,0.7079448105306385,0.8602905293318804,1.0,0.29428357818628265,1
tolazamide,0,0.7483256320954338,0.03472814624049763,0.0,0.6429082555438833,0
tolbutamide,0,0.8004804937135411,0.7361093740895416,0.0,0.9742750538866635,2
Triamcinolone,0,0.4849702915093211,0.9999645843323615,1.0,0.9684349672280158,1
Triamterene,0,0.39310941532705435,0.9955173302121106,1.0,0.8766357261517993,1
Trichlormethiazide,0,0.5262604846363771,0.1779269980386594,0.0,0.30241205513018937,2
valinomycin,0,0.00592093060341001,0.060250188962991155,1.0,0.0023017359362676993,3
verapamil,0,0.8499271996022646,0.9838540303120259,1.0,0.4971920109767334,2
warfarin,0,0.8223641004130563,0.01656071550685159,0.0,0.5362386082863604,1
Butanone,1,0.9272341227987378,0.953559051756769,1.0,0.9992342244774672,0
Cyclopropane,1,0.9522724736850481,0.9896225175884081,1.0,0.9996328860070285,0
Desmethyldesipramine,1,0.919728237882713,0.9983842935447556,1.0,0.9990756082986497,0
Dichloromethane,1,0.9542480646143467,0.9928262877994738,1.0,0.9994467139451453,0
Diethylether,1,0.9406573340722614,0.9854831350101276,1.0,0.9995578718370202,0
Divinylether,1,0.9409273436097456,0.8535621991622667,1.0,0.9991939849999701,0
Enflurane,1,0.9478241550170575,0.3526222472606807,1.0,0.9976161214719794,0
BRL52974,0,0.8747610319894462,0.9772527911042447,1.0,0.9976123246314343,1
BRL53087,1,0.9477141338314325,0.9838268547216067,1.0,0.9963418668250524,4
carebastine,0,0.8553222886913394,0.8794431979501974,0.0,0.04993878895178189,3
cetirizine,0,0.8696629603721141,0.9629342680652503,1.0,0.989268571860663,1
ciprofloxacin,0,0.7872618399618205,0.03179807564409358,0.0,0.04602912691725567,3
cp102,0,0.8091247643056125,0.9421065363016303,1.0,0.7941236455058093,1
cp107,0,0.8169899775013131,0.4757209038049309,1.0,0.8840423542003855,1
yohimbine,0,0.835849704458505,0.9992981583412942,1.0,0.9832684620527067,4
zidovudine,0,0.39872194270729494,0.2509404498785974,1.0,0.9218258694422413,4
acepromazine,1,0.9426828597618452,0.9998446948060234,1.0,0.99966330351471,3
acetophenazine,1,0.8902531070235166,0.9824148230687433,1.0,0.9979587222107977,0
acetozalamide,1,0.48686013849205406,0.9251645091262592,1.0,0.5533385662254655,3
allobarbital,1,0.7505738357332676,0.9801925013546936,1.0,0.8675811586263185,1
amantadine,1,0.9166176696523214,0.9978761932280507,1.0,0.9997896035425878,0
amitriptyline,1,0.9693770080395105,0.9999452139082462,1.0,0.9998371992259001,2
amobarbital,1,0.7593267951982057,0.887173561220815,0.0,0.4653413526116885,1
amphetamine,1,0.9429093453050611,0.4319736070853374,1.0,0.9996745428845171,2
Ethanol,1,0.9171089639538866,0.9764896064342585,0.0,0.9982785557724237,0
Ethylbenzene,1,0.9723789451434327,0.9982937410042608,1.0,0.9942477642272033,2
Flumazenil,1,0.8290611311188303,0.9862940264106589,1.0,0.997269965249454,4
Flunitrazepam,1,0.7669176364934226,0.9954358509578947,1.0,0.9993508396404341,0
Fluroxene,1,0.9442258107825745,0.964919769438281,1.0,0.9997229692130898,0
Halothane,1,0.9596240824084766,0.9689878555463661,1.0,0.9996223845307903,0
Heptane,1,0.9569878350602037,0.9914619961551266,1.0,0.9995787563544575,0
Hexane,1,0.9559566384359641,0.9912887117975856,1.0,0.9996128549533372,0
cp20,1,0.8861134651249277,0.9973500016961628,1.0,0.9380536973035973,1
cp21,1,0.8893673312078386,0.9871755992262617,0.0,0.9685273682304442,1
cp24,1,0.8943577710481201,0.952537053613353,0.0,0.9954873196195771,1
cp25,1,0.8967777927186309,0.9051428478960927,1.0,0.998184906404095,1
cp29,1,0.8967777927186309,0.9051428478960927,1.0,0.998184906404095,1
cp41,0,0.8106551044922953,0.8931881967838337,1.0,0.7896497875234492,1
cp94,1,0.8909257201671935,0.9755070266451499,0.0,0.9963190145017482,1
difloxacin,0,0.8239943300257702,0.10303606444760982,0.0,0.6045233213488482,0
antipyrine,1,0.92514757723679,0.9938305903931637,1.0,0.9993087872261968,4
apomorphine,1,0.8851111178030223,0.9984745980801214,1.0,0.9857939802433963,0
arecoline,1,0.9177956077125583,0.8439984660155377,1.0,0.9975763711137945,1
azaperone,1,0.921856621728867,0.9785293813782789,1.0,0.9996122097901977,2
benactyzine,1,0.8904758798480676,0.9906737172101219,1.0,0.19537326175086034,2
benperidol,1,0.8658086333767426,0.9539853204041181,1.0,0.9990622786338674,3
benzocaine,1,0.887297690973254,0.9529536343471388,1.0,0.9821513953870565,2
benzquinamide,1,0.8128753636846832,0.9997191795662286,1.0,0.998170642662651,0
benztropine,1,0.959452873707866,0.9939695210888415,0.0,0.9949971721913154,1
biperiden,1,0.9416736633577427,0.9909450729145617,1.0,0.9997398731277339,3
Hexobarbital,1,0.8022835257612199,0.9494318198216934,1.0,0.996534809325092,3
Indinavir,1,0.5161015108020485,0.9897207593422647,1.0,0.074864924391973,2
Isoflurane,1,0.9478241550170575,0.8974477141391398,1.0,0.9996672519146512,0
Methohexital,1,0.8025431408104803,0.7801637336084223,1.0,0.9864729002063082,1
Methoxyflurane,1,0.9464641338987226,0.9508717758112327,1.0,0.9991178293710629,0
Methylcyclopentane,1,0.9726716677544361,0.9977316064245666,1.0,0.9997820310178649,2
Nor-1-chlorpromazine,1,0.9530832728347303,0.9998312731115683,1.0,0.9997402022938997,3
Nor-2-chlorpromazine,1,0.9292277372132232,0.99668894948487,1.0,0.9997508703670077,3
doxylamine,1,0.9366388957895998,0.9761780848414479,1.0,0.9981047095442118,1
EMD60400,0,0.8142844535985219,0.03169213258566536,0.0,0.9586175977026928,4
enoxacin,0,0.6781298453236237,0.9721774243817368,0.0,0.05428612524094293,1
fleroxacin,0,0.8070610954387788,0.42638293908598335,0.0,0.032395034126034415,1
GR85571,1,0.91057701594246,0.9573365194854471,1.0,0.9970399529994326,3
GR88377,1,0.9228076992825428,0.9779276204422891,1.0,0.9947970272163331,2
GR89696,1,0.8879956311406751,0.9635960341023777,1.0,0.9903105433985463,3
bromazepam,1,0.8561789003842606,0.980122457363252,1.0,0.9973506084521874,0
buclizine,1,0.9697328223688418,0.9492050476010061,1.0,0.974559483057739,1
bufotenine,1,0.9020403185060729,0.9958470826184185,1.0,0.8926030289601983,4
bupropion,1,0.9390014746425386,0.9980887978084886,1.0,0.9991520740251636,2
buramate,1,0.864257560532878,0.9897195000018953,1.0,0.9651546325458541,2
butabarbital,1,0.7545662156319369,0.11683910161006665,0.0,0.45484257457024,1
caffeine,1,0.7985865852187346,0.9881849475027633,1.0,0.9977257951199632,1
cannabidiol,1,0.9063866761510857,0.9991976351808538,1.0,0.949438164389069,3
capuride,1,0.7577445746892181,0.10272697701601953,1.0,0.9926353010965306,0
carbamazepine,1,0.8793779913746178,0.9837234832043279,1.0,0.9993902057616316,3
Northioridazine,1,0.9590234784814481,0.9999636654083137,1.0,0.9992182596730103,4
Org13011,1,0.911521446334311,0.9996017108567017,1.0,0.9994662649430128,4
Paraxanthine,1,0.7444269484550535,0.9996105211551806,1.0,0.9873191362793224,1
Pentane,1,0.9549018838025817,0.9856123896746707,0.0,0.9997137334150233,0
Propanol,1,0.9189726152674531,0.951155331976574,0.0,0.9982345812404685,0
Propanone,1,0.9255450920067707,0.9885257967306718,1.0,0.9987562955357023,0
GR89696_et,1,0.8899602864344585,0.8602445371296303,1.0,0.9867316381664086,3
GR89696_pr,1,0.8918946808026508,0.9524302988570577,1.0,0.9703346174742656,3
GR91272,1,0.8669346101982234,0.05826899966497449,0.0,0.18293796599401427,2
GR94839,0,0.8520664938133526,0.18165844313455415,0.0,0.7799594607184042,3
GR94839_A,0,0.8521027957579761,0.16749517417402704,1.0,0.9683423596332931,3
GR94839_B,0,0.8479046253392386,0.10873106420843517,0.0,0.8024388023679193,3
GR94839_C,0,0.8461693153278974,0.5058925718385643,0.0,0.9598465410051836,3
GR94839_D,0,0.8057652248373574,0.12489388125394237,0.0,0.9541453101446772,3
GR94839_E,0,0.6080806105275388,0.01397057384940222,0.0,0.843085613240245,3
GR94839_F,0,0.8057652248373574,0.007955757580935788,0.0,0.8051766692862321,3
carphenazine,1,0.8926498849522554,0.8802806523869662,1.0,0.996652874023133,0
cartazolate,1,0.8078157464365853,0.8329274577921192,1.0,0.9957864127756479,1
centazolone,1,0.8131387093027388,0.0033476055771010536,1.0,0.9372581897056323,0
chloralhydrate,1,0.8778471333216562,0.42674096305118764,1.0,0.9616216121861738,0
chlordiazepoxide,1,0.8921320970658396,0.9595521034618528,1.0,0.999325212085222,2
chlorpromazine,1,0.9641791970616763,0.9995860851080928,1.0,0.9991209864360447,3
chlorprothixene,1,0.9671545813975225,0.9996969682417831,1.0,0.9984401635228376,3
chlorzoxazone,1,0.8848016142681682,0.9844208664221118,1.0,0.8039300062328497,1
choline,1,0.9199772973481136,0.9756717184408752,0.0,0.9988444882286043,0
clobazam,1,0.9053756738977451,0.9999729623566258,1.0,0.9996471647525536,3
RO19-4603,1,0.8300019710589637,0.998411264002459,1.0,0.9983285468553545,3
SKF101468,1,0.9234554488064959,0.9771041189199017,1.0,0.9993954129703725,1
SKF89124,1,0.8685145799900049,0.9955132130051821,1.0,0.9984754969290667,1
Salicyluricacid,1,0.7416977240847774,0.837611544232573,1.0,0.88195869241681,2
Sulforidazine,1,0.908615907773106,0.9970223740370476,1.0,0.9997360389525608,0
Teflurane,1,0.9587319464155208,0.9319595020978917,1.0,0.9996692284501163,0
Theobromine,1,0.7444269484550535,0.992771267391864,1.0,0.9888309207942239,1
Thiopental,0,0.8396250025582762,0.9993659283272319,1.0,0.9986815272131637,3
Toluene,1,0.9723025694935417,0.9896131500609495,1.0,0.955667721608839,2
Triazolam,1,0.9063338322568767,0.9990009050367286,1.0,0.999150258755335,1
GR94839_G,0,0.6080806105275388,0.047489272909069916,0.0,0.8953173025914147,3
GR94839_H,0,0.8388282924131818,0.12111540630725703,0.0,0.9130739908878224,3
GR94839_I,0,0.7759309154245728,0.008953238345252823,0.0,0.8356003948391157,3
GR94839_L,0,0.6818122606946354,0.6375024088408243,0.0,0.8712932283598932,3
ICI197067,1,0.9453673465975715,0.9972238354630837,1.0,0.9980820886652964,3
ICI199441,1,0.9484606227293404,0.8496085087699,1.0,0.994760072373341,4
isoxicam,0,0.570559566879263,0.7464033169253137,0.0,0.1068193583034847,4
Levallorphan,1,0.9419782224163155,0.9996214611332729,1.0,0.9999009830467807,4
lomefloxacin,0,0.7668013724689933,0.3981764950583208,0.0,0.028660946263546146,1
loperamide,0,0.908061027083248,0.9927763109286437,1.0,0.9683226902438538,0
clomipramine,1,0.959174854611142,0.999787353408799,1.0,0.9996511676758111,0
clonazepam,1,0.7248491219936778,0.9589897132693852,1.0,0.9930004489129369,0
clopenthixol,1,0.9385707707484481,0.9991889714217039,1.0,0.9997091580058034,1
clopimozide,1,0.93063200269141,0.9329141285558697,1.0,0.9949278940167523,4
cocaine,1,0.8604622750534833,0.985448570554882,1.0,0.966776938234931,3
codeine,1,0.9027691320248385,0.3271058822030511,1.0,0.9987850134813314,3
cyclazocine,1,0.9414025772427915,0.9989848304898766,1.0,0.9997027195230753,1
cyclophenazine,1,0.9659826426908797,0.9997887245633436,1.0,0.9986045377500354,4
deanol,1,0.9118050066656135,0.9356101943533294,1.0,0.9993706974840219,0
demerol,1,0.9351724832803521,0.9989489585448389,1.0,0.9994810431887398,2
Trichloroethylene,1,0.9574124228135312,0.9321815014915906,0.0,0.9986811306452993,0
Trichloromethane,1,0.9562875154738905,0.9909501782643539,1.0,0.9995959185129438,0
Y-G14,1,0.9427339927188896,0.9963803514869364,1.0,0.9654633545293274,2
Y-G15,1,0.9546731500734004,0.9989043378356132,0.0,0.9632297545561387,2
Y-G16,1,0.9180133705460246,0.3582565966109238,0.0,0.9334838918984157,2
Y-G19,0,0.8968581550185056,0.9859719589369639,1.0,0.999161661640968,3
Y-G20,0,0.8778492910349408,0.8075287322624979,1.0,0.9969270113812313,3
m-Xylene,1,0.9724440031588291,0.9862099590122698,1.0,0.9959523406387011,2
loratadine,0,0.9170165413240453,0.9001784582684351,1.0,0.9963332162793994,4
meloxicam,0,0.6220068888563046,0.8113531456396327,0.0,0.11479004066859816,1
Nalorphine,1,0.8720260052226064,0.8708165996743332,1.0,0.9945407558425851,3
naltrexone,1,0.811622514473319,0.999213387213793,1.0,0.9945511116710586,3
norfloxacin,0,0.7609265519131636,0.018537310715045968,0.0,0.08992742318981518,1
pefloxacin,0,0.807094383131783,0.03220177041618316,0.0,0.039225103458836286,1
piroxicam,0,0.6373146890317013,0.006651904526259546,0.0,0.030078304092133357,3
roxindole,1,0.9224062569524782,0.9999363568156036,1.0,0.9935110406610421,4
deserpidine,1,0.662628923839127,0.9578899135580126,1.0,0.964603814008593,3
desipramine,1,0.9449149469657442,0.9998725817426725,1.0,0.9997620990876137,0
diazepam,1,0.9143962259977978,0.999646656739627,1.0,0.9999431241396647,0
dihydrocodeine,1,0.8890774834897729,0.9890443749971065,1.0,0.9993062107791402,0
dihydromorphine,1,0.8529921634097796,0.9799594446730728,1.0,0.9964799039720504,0
diphenhydramine,1,0.9600872196927779,0.9829206813134124,0.0,0.9812825832562638,2
diphenhylhydantoin,1,0.848248289801443,0.999664263623442,1.0,0.9942705202147177,4
dixyrazine,1,0.9108034523081221,0.9996841714138729,1.0,0.9982399772413071,0
DMT,1,0.8839121077888636,0.95785239253329,1.0,0.9662152403156784,2
o-Xylene,1,0.9724440031588291,0.9915654736223588,0.0,0.9943457744638724,2
p-Xylene,1,0.9724440031588291,0.9907118077268936,1.0,0.9923165247674283,2
2-propanol,1,0.9189686471471401,0.9606216884089055,1.0,0.9970681531460629,0
Carbamazepineepoxide,1,0.8556904380316613,0.9997528546137396,1.0,0.9994167326796101,4
SB-222200,1,0.9111634287755951,0.020640001076512864,0.0,0.48182884673008725,3
Tertbutylchlorambucil,1,0.9375339268573368,0.234453103016851,0.0,0.8358010894283775,2
Delavirdine,0,0.5532130668434955,0.9980758671014267,1.0,0.7210397357448151,1
Ebastine,0,0.9444062623544518,0.9530459941110638,1.0,0.8219165951110621,3
Pirenzepine,1,0.7922356750627659,0.6825856613318777,1.0,0.9883926640131978,1
RP60180,1,0.9275241911167946,0.9969899624634775,1.0,0.9987896578206307,3
rufloxacin,0,0.8303238694222342,0.9573010084812161,0.0,0.12237065312396997,2
salbutamol,0,0.8109687182693421,0.2887485169313219,0.0,0.8312789454108895,2
Sankyo,1,0.9417589201697083,0.9950357584696998,1.0,0.9992541720581651,3
SB201708,1,0.9126428795875288,0.7839965533397334,1.0,0.9111934651081474,4
SB204454,0,0.769733160257066,0.9508115676195048,1.0,0.8244133030794428,4
SB204459,0,0.8514603936731676,0.017523230138578563,0.0,0.5257842515000302,4
SB204484,1,0.8812750358658269,0.9983011624993278,1.0,0.9153101887101133,3
SB205563,0,0.8407015317893556,0.27299775017904115,0.0,0.6555710832528924,3
doxepin,1,0.9605665293050101,0.9999829542725471,1.0,0.9997088691915497,2
doxylamine succinate,1,0.9366388957895998,0.9761780848414479,1.0,0.9981047095442118,1
droperidol,1,0.8654994353608756,0.9992829180889143,1.0,0.9991288342918463,3
ectylurea,1,0.748618825631322,0.9982697567394644,1.0,0.992501877332614,0
emylcamate,1,0.8407130587363513,0.9931539964443484,1.0,0.9988134078294726,0
estazolam,1,0.9010060224271549,0.9986650517037876,1.0,0.9978418215100053,1
etaqualone,1,0.9146464904557401,0.9579177283356942,1.0,0.998492177970844,3
etazolate,1,0.7414413868807479,0.7081558988457995,1.0,0.991819414392838,1
ethchlorvynol,1,0.9266867589216693,0.9965066247959408,1.0,0.9990712525968262,0
ethinamate,1,0.8469409665356955,0.9943416997628955,1.0,0.9988377421507485,3
5-66,1,0.9427339927188896,0.9963803514869364,1.0,0.9654633545293274,2
5-67,1,0.9546731500734004,0.9989043378356132,0.0,0.9632297545561387,2
5-68,1,0.9180133705460246,0.3582565966109238,0.0,0.9334838918984157,2
5-69,1,0.8991827929743359,0.9338954860125706,1.0,0.9843441921877673,4
7-K06,1,0.9601578022656461,0.9999542459455085,1.0,0.9997698329050743,1
7-K08,1,0.9160333842674584,0.9998839578249462,1.0,0.99984153240949,4
7-K10,1,0.9482747132707817,0.9998482752688608,1.0,0.999637408952369,1
SB205605,0,0.7837595803804676,0.1177852202141338,1.0,0.075944043828427,1
skb_a,1,0.8498458528929299,0.02027000234289445,0.0,0.061431165153926506,3
skb_c,1,0.8904315655759274,0.03764757436642626,0.0,0.4305512897206344,3
skb-d,0,0.7398355912829809,0.00038394480622641803,0.0,0.030749839395273464,3
skb-e,0,0.7474253241389923,0.00040234985332647435,0.0,0.0464615888381518,3
skb-f,0,0.6005123778376361,0.0005831918736081573,0.0,0.03595971282249702,3
skb-g,0,0.715599965512777,0.8577745367931919,0.0,0.21073009021840355,1
skb-h,0,0.7082139331092441,0.36396148674034384,0.0,0.41481023957398283,1
skb-i,0,0.8702611859290563,0.9504338942203211,1.0,0.9780120256648213,1
sparfloxacin,0,0.6522518608478344,0.4174060093798118,0.0,0.1560656495536082,3
ethosuximide,1,0.8708627096797449,0.9324509415612343,1.0,0.9968484193020664,4
etymemazine,1,0.9645631865589778,0.9999008387914156,1.0,0.9817940894225934,3
flupentixol,1,0.9397388590069117,0.9994534780181733,1.0,0.9997250352041096,1
fluphenazine,1,0.9314862264091154,0.9955984524390359,1.0,0.9998342645664968,0
flurazepam,1,0.9164267378600683,0.9999653114502898,1.0,0.9991648633395623,0
glaziovine,1,0.8677612585308115,0.9542452849980053,1.0,0.9994209043924437,0
glutethimide,1,0.8836778124913071,0.9915273450378421,1.0,0.9994391190830055,4
haloperidol,1,0.9147876363843873,0.9745498284331975,1.0,0.9782178879304847,3
harmalol,1,0.8618160879332982,0.9967149452739803,1.0,0.9300433533779353,0
harman,1,0.940917732098303,0.8646487452570677,1.0,0.965887569447414,2
14,1,0.7496714355812888,0.6528554743880066,1.0,0.8278521656843171,4
15,1,0.7850404367982968,0.9184083169395656,0.0,0.8937023719762442,4
22,1,0.8239180797429115,0.9787679638207639,1.0,0.99306601492384,4
23,1,0.41573333907477317,0.09344233909276814,1.0,0.09007253436739315,1
tamitinol,1,0.904623170603017,0.7144995588460907,1.0,0.989335065286204,2
tenoxicam,0,0.6568525271522979,0.43539587428811255,0.0,0.0519492884150664,4
terfenadine,0,0.9118154125938751,0.9292491852651982,0.0,0.5704996005688656,2
U50488,1,0.9462553188891976,0.9993209529207029,1.0,0.9986352849951926,3
heroin,1,0.8387179216446996,0.9910786001550981,1.0,0.994895882465072,3
hexapropymate,1,0.8495037181337466,0.9514323315545714,1.0,0.998277855806343,3
homophenazine,1,0.9330502299885398,0.999821485511766,1.0,0.999675807630222,0
hydrocodone,1,0.897810107656137,0.9987550487020322,1.0,0.9998330175289726,0
hydroxyphenamate,1,0.8149334366712118,0.9976924628106102,1.0,0.9911639273695533,2
hydroxyzine,1,0.915402835151345,0.9865417582723178,1.0,0.9984916092169841,1
imipramine,1,0.9571433539548693,0.9998227552215307,1.0,0.9995783849530568,0
ketamine,1,0.924408544333903,0.9948268910888789,1.0,0.9989324805089332,3
kynurenic acid,1,0.7680763002825135,0.8408892620013569,1.0,0.31022168335441674,0
24,1,0.9003768381559786,0.9997484250278852,1.0,0.9997305540023915,1
25,1,0.9096333790064765,0.9998977855856982,1.0,0.9984223133011751,3
26,1,0.9207026551617593,0.9988839043721971,1.0,0.9990949713951829,1
27,1,0.9207117902318046,0.9947020056103938,1.0,0.9838135448199931,4
28,1,0.9212069262334239,0.9921492476545517,1.0,0.9907818476821596,4
30,1,0.880646717020995,0.9981997904520076,1.0,0.9988822296340434,0
4,0,0.8045938986663643,0.4876472748721554,1.0,0.3404193423409741,0
8-5,0,0.8418863907032226,0.0001323497947245657,0.0,0.2558850414286318,3
BBcpd10,0,0.6931990281331513,0.08993515553425468,0.0,0.40168135447407133,0
9-C1,1,0.7398996378694797,0.8906954330927048,0.0,0.11054648413238406,0
lenperone,1,0.9135622155568126,0.99802587680577,1.0,0.9964504946474455,0
levorphanol,1,0.9393499559330651,0.9984855840771589,1.0,0.9998990588146422,4
lidocaine,1,0.9319496667740746,0.961772431208213,1.0,0.9998564835622489,2
lorazepam,1,0.8323944101646545,0.9954902570287804,1.0,0.9903049990766221,0
lorcainide,1,0.9478238304259068,0.05523147492834447,1.0,0.9631283579596531,4
meclofenoxate,1,0.9163504375008632,0.9948238123827793,1.0,0.903941217955307,2
mecloqualone,1,0.915391612644175,0.8925537955354135,1.0,0.9979693883947329,3
medazepam,1,0.956804291128844,0.9997427198288019,1.0,0.9999372936242664,2
meprobamate,1,0.5670009976027671,0.8571267192661339,1.0,0.9693027136097271,0
9-C15,1,0.9057329368808321,0.9984639740780039,1.0,0.9979298457437595,3
9-C7,1,0.8795737473319839,0.9995928139951679,1.0,0.9973337842749115,0
Abacavir,1,0.6055157502981764,0.9993206102200487,1.0,0.9521302077374046,3
Acebutolol,1,0.7383802375796229,0.14302198098149596,1.0,0.5018423241896288,2
Aciclovir,1,0.4291790390441597,0.2269158253633218,1.0,0.8473878403985178,1
Albendazole,1,0.804532646910582,0.6968794323400165,0.0,0.915592583074372,0
Amifostine,0,0.616161160396398,0.9683455822908386,1.0,0.7517454748793048,0
mescaline,1,0.8794653959500442,0.9733602596669014,1.0,0.8741505828426008,2
mesoridazine,1,0.9405861056411274,0.9706674256199299,1.0,0.9996037405467935,0
methamphetamine,1,0.9604124543572212,0.9996915422959056,1.0,0.9994305340883581,2
methaqualone,1,0.9130156612890382,0.9972732478095675,1.0,0.9988677791954038,3
methocarbamol,1,0.7154480057787426,0.9931836264399965,1.0,0.9682373585543498,2
methopromazine,1,0.9532585418693338,0.9991043544565047,1.0,0.9988531108237811,3
methotrimeprazine,1,0.954174805955867,0.9997265142097055,1.0,0.9692710546216987,3
methylpentynol,1,0.9222608336841867,0.9672868542696261,1.0,0.997978067879734,0
methylphenidate,1,0.906060084753076,0.9971090190380344,1.0,0.9877181778324204,4
methyprylon,1,0.8722162743583616,0.9739440704640996,1.0,0.998855891330633,3
Amikacin,1,0.0009562768981995891,5.747745525471757e-06,0.0,0.002347606988124601,1
Aminosalicylicacid,0,0.7658326408559643,0.11837532150215625,0.0,0.3520323478337178,2
Cytarabine,1,0.38259593838946715,0.8459928134442987,1.0,0.9395136996646012,3
Dacarbazine,1,0.5994189793489599,0.9932773703129254,1.0,0.7443134053994503,0
Daunorubicin,0,0.11135619331389372,0.0003440680922285646,0.0,0.0038728382946895405,1
Demeclocycline,0,0.11795058972980679,0.006183486156219737,0.0,0.14315615203557466,1
Desmethylclobazam,1,0.8781617158893154,0.9999602362487497,1.0,0.9994085568534785,3
Desmonomethylpromazine,1,0.9507641980833484,0.9996075549365355,1.0,0.9996332693636502,3
Dexrazoxane,0,0.5861439289724264,0.992505245373978,1.0,0.9374876384166798,0
midazolam maleate,1,0.9248502309700718,0.9973650797818374,1.0,0.9832628738653248,0
moperone,1,0.9123963481884225,0.9537184541727804,1.0,0.9841661832584765,3
morphine,1,0.8677313902765598,0.20560612281123627,1.0,0.9917097096047306,3
MPTP,1,0.9598118085562384,0.9860449697361231,1.0,0.9998501531445732,3
naloxone,1,0.7892500631468888,0.9994445799373174,1.0,0.9971134604637077,0
nicotine,1,0.9413607959877951,0.9976511823852288,1.0,0.9994857804942111,3
nitrazepam,1,0.7146264969561875,0.6378645955090693,1.0,0.9962189499219706,0
nordazepam,1,0.8923762173004545,0.9894547345030387,1.0,0.9998502745746379,0
nortriptyline,1,0.9611532742519068,0.9998864761899675,1.0,0.9997967609835874,2
orphenadrine,1,0.9602884820622927,0.9754322204803781,0.0,0.9971520163221083,2
Dextromethorphan,1,0.9553106444742167,0.9995155948239277,1.0,0.9998633003641023,4
Dihydroergotamine,0,0.5718207901283723,0.9834197591506183,1.0,0.18387417319531454,4
Disulfiram,1,0.9573519347558288,0.9393529294171231,1.0,0.9994058352530746,0
Efavirenz,0,0.9126150014553676,0.8742271278151929,1.0,0.9990883689232599,3
Enalapril,0,0.6780234034029049,0.42394135202083827,1.0,0.7593306335673655,3
Ethambutol,0,0.7881906783212425,0.882538769264523,1.0,0.2189009069634475,0
aclarubicin,0,0.053863215248661764,0.3923536366663215,0.0,0.01338330590515203,1
adicillin,0,0.30628075698105045,0.003738858719568856,0.0,0.08401666548625035,2
adrenaline,0,0.8096370321136002,0.17981089071842082,0.0,0.5147459581133819,2
adriamycinol-aglycone,0,0.2453765775917322,0.062417443915551166,0.0,0.4681401543639575,2
almecillin,0,0.7004953134068732,9.039048056365744e-05,0.0,0.0235273287330886,2
amantocillin,0,0.5634262479304535,0.15073150412820926,0.0,0.0013478279634160457,2
amdinocillinpivoxil,0,0.6943806357431861,0.8198029805752466,0.0,0.07369555696594503,1
amicycline,0,0.09869269894944681,0.9286397807973152,0.0,0.6534275099998375,1
amrubicin,0,0.13775023696198707,0.3016312868071896,0.0,0.007219310918764645,1
apalcillin,0,0.27442848625428373,0.0016876507850744403,0.0,0.0018473787618016426,3
apicycline,0,0.04844038628886751,0.0332637841169022,1.0,0.0625968843945637,4
apramycin,0,0.010721852659388352,0.004644121104394798,0.0,0.002452359939354778,3
arbekacin,0,0.0029969995676911334,5.6829676374505253e-05,0.0,0.0023358950516861486,1
aspoxicillin,0,0.12495231445980631,0.0006922810316884702,1.0,0.006243230119032812,0
astromicin,0,0.1042342807589701,0.6269648513805827,0.0,0.003557285243884181,4
aztreonam,0,0.0819104112790034,0.015514286657721135,1.0,0.050463140037853724,4
bacmecillinam,0,0.6352083970475229,0.0012622064311867114,0.0,0.02469435289217697,1
bekanamycin,0,0.003653177689046506,0.0025300621519298073,0.0,0.002014303944694197,1
benserazide,0,0.3219057702134267,0.39404912121933783,1.0,0.19105450355528097,2
bepridil,0,0.9506156800469946,0.31639219203311847,1.0,0.9841038407530647,0
berythromycin,0,0.17883122873844534,0.0227498493611142,0.0,0.0010694750715609168,2
butikacin,0,0.0016151397478202617,0.04082605786163697,0.0,0.002583724299038503,1
carbuterol,0,0.619679217866454,0.15253593708600405,0.0,0.7496999410618543,2
carfecillin,0,0.5889535802306703,0.001903703905153154,0.0,0.00262900197321008,4
carindacillin,0,0.5638482053624121,0.030173904053878528,0.0,0.004285629856650498,2
carubicin,0,0.08236009871482247,0.001758752309990624,0.0,0.0018047153851704339,1
carumonam,0,0.02339102001505284,0.5624961976727307,0.0,0.25630865492354715,4
cefaclor,0,0.5403151874495834,0.08668017346444173,0.0,0.005842217515892116,0
cefadroxil,0,0.3984930784481104,0.010520205813124886,0.0,0.003659948923686611,0
cefalexin,0,0.5345928387889712,0.11391573323740614,0.0,0.00305916793883161,0
cefaloram,0,0.5423752758059298,0.00042226831734765554,0.0,0.0016060761069232677,0
cefaparole,0,0.28695042356234823,4.416822367454862e-05,0.0,0.002216339988393486,4
cefatrizine,0,0.19539339573024544,9.885089539194162e-06,0.0,0.004403906804413176,4
cefazaflur,0,0.41058475737499456,0.13926664973579742,0.0,0.12595825849277356,4
cefazedone,0,0.43984413175960335,0.0003557203998555445,0.0,0.0019762236123127943,0
cefcanel,0,0.451128368568211,9.803904115384492e-06,0.0,0.005683454095060165,4
cefcanel-daloxate,0,0.10264159470565395,5.867476544471006e-05,0.0,0.010239439521314425,2
cefcapene,0,0.1834924079752997,0.03836054292153055,0.0,0.07480898924327387,4
cefdaloxime,0,0.20707948733453901,0.001386835532028686,0.0,0.033473840412891594,0
cefdinir,0,0.25217886158421343,0.0012878850301668778,0.0,0.04740732560921638,0
cefditoren,0,0.27805054133400725,0.10085769229254112,0.0,0.01014448405768603,3
cefedrolor,0,0.4107017479696506,0.1311686246365317,0.0,0.003010114397981822,0
cefetamet,0,0.3134777428114018,0.0008972261196715006,0.0,0.013491803090177681,0
cefetrizole,0,0.471090402019121,0.9517433003320723,0.0,0.019255642356484956,3
cefivitril,0,0.2925729853408319,0.0009703676141538166,0.0,0.002946535330546052,4
cefixime,0,0.14542978832193257,0.0002919705880268647,0.0,0.020740633384413593,0
cefmenoxime,0,0.13632462271486812,0.49875211139148645,0.0,0.02723840848387378,3
cefmetazole,0,0.23946281821523555,0.3067066433977768,0.0,0.029603029007450796,4
cefminox,0,0.09404864131670627,0.23056250188881428,0.0,0.04302367296303582,4
cefodizime,0,0.10294776504409549,0.0028214412605008336,0.0,0.0053341723510970445,2
cefonicid,0,0.09512899089934058,0.0029579780347567808,0.0,0.023855379759511772,4
ceforanide,0,0.12484039212713888,0.06055328394159779,0.0,0.03626432792376958,4
cefotetan,0,0.053133399906439935,0.00015809523061843792,0.0,0.029956142788500607,2
cefotiam,0,0.2175823356341431,0.20768459035350667,0.0,0.01646319917438249,3
cefoxazole,0,0.4229822128942534,0.9853255300833549,0.0,0.3642020291393813,4
cefpiramide,0,0.08540590957028864,0.01056294642351549,1.0,0.02829722993692876,4
cefpodoxime,0,0.24109571116066209,0.004129001779675622,0.0,0.09554578848494633,0
cefprozil,0,0.4082121398149032,0.3164650275299375,0.0,0.004869205592663808,0
cefrotil,0,0.5775793171842583,0.0012414199852555337,0.0,0.002230412469564667,4
cefroxadine,0,0.4844707079433363,0.3473929086306615,0.0,0.0020560223847154286,4
cefsumide,0,0.25569596204915956,0.06351380186570574,0.0,0.03493912727544826,0
cefteram,0,0.1277631400536046,0.03558774057315852,0.0,0.03259333960617826,4
ceftezole,0,0.2710555155757115,0.009560233542983364,0.0,0.006738321877632986,4
ceftibuten,0,0.24341773463065183,0.0005518665296257273,0.0,0.005270743881173817,4
ceftiofur,0,0.18738878221312044,0.0010618780435668696,0.0,0.007949373748202418,0
ceftiolene,0,0.05038636756561214,0.008025184075293929,0.0,0.010616740764346665,3
ceftioxide,0,0.12375161587099756,0.0004815996033974051,0.0,0.004456547201978781,0
ceftizoxime,0,0.30817183836125794,0.0006640237195317572,0.0,0.01988603701013359,0
cefuracetime,0,0.3275471021215708,0.07694796476138589,0.0,0.05412233673422693,4
cefuroxime-axetil,0,0.14237813499642749,0.9989051492408414,0.0,0.2783274075167307,4
cefuroxime-pivoxetil,0,0.12021460849913039,0.919336824641435,0.0,0.35371895607932397,4
cefuzonam,0,0.21062082348151334,0.004516000218000159,0.0,0.005480120169740442,3
cephacetrile,0,0.3561721421091567,0.056817580651473895,0.0,0.0654998799241508,3
cephaloglycin,0,0.36631038350416545,0.0049686124629561195,0.0,0.009752178987872947,0
cephalosporin-c,0,0.1727099992894426,0.0602549323772849,0.0,0.044248481574322034,3
cephalothin,0,0.55755902974328,0.0041275610008873545,0.0,0.0009970977214853213,2
cetocycline,0,0.28397720095858103,0.98342242638135,1.0,0.09697371221520432,4
clarithromycin,0,0.1413244253639479,0.00043550407361403,0.0,0.0005376567902881648,2
clindamycin,0,0.6308709177496651,0.9998606036548684,1.0,0.4801284537439975,4
clindamycin-phosphate,0,0.3382092286365192,0.9999304093968623,1.0,0.11042380399062982,4
clometocillin,0,0.6753986349727212,0.04738548688606725,0.0,0.023950357312571984,0
clomocycline,0,0.09829362355646278,0.003679808007211317,0.0,0.006143447484722415,1
cyclacillin,0,0.5493623936385184,0.011726856019543725,0.0,0.0006596936831712514,3
cyclosporina,0,0.03256910772663024,0.8320502218149514,0.0,0.012115459606356821,3
dactinomycin,0,0.002842551789198826,2.0029002448534814e-06,0.0,0.03192823003028666,0
demecycline,0,0.11372059030435003,0.006918889711444606,0.0,0.10181643173573349,1
detorubicin,0,0.032659443714824835,0.0021645279788429683,0.0,0.016322318441211004,1
dibekacin,0,0.013433662012668759,0.057000087015850666,0.0,0.01882623558508726,1
dicloxacillin,0,0.5949927668855838,0.004454279974597161,0.0,0.0010130402509439254,3
dihydrostreptomycin,0,0.001799828014827778,0.023771478306507807,0.0,0.008088565371669193,4
diosmin,0,0.03278078785227618,0.5360524868095432,0.0,0.018635723322507722,2
dipivefrin,0,0.7551134058681024,0.854063716099778,0.0,0.9824764396332418,2
diproleandomycin,0,0.15413328128173426,0.14871070506293205,0.0,0.0722065950927842,1
dipyridamole,0,0.3218387038969572,0.8820986556570454,1.0,0.14084051244217904,2
dirithromycin,0,0.1567103889771021,0.1207285382264898,0.0,0.007350498553311262,4
docetaxel,0,0.08389755077266574,0.003679031480503507,0.0,0.01889899728533385,4
efrotomycin,0,0.012814125768792059,0.7028192344498677,0.0,0.3169862919198285,4
emetine,0,0.8867633881684208,0.9983880365184947,1.0,0.9834510481246538,0
epicillin,0,0.5513504121688625,0.0006882293406865695,0.0,0.005978574118580731,4
eqvalan,0,0.31480193286764824,4.899373333762566e-05,0.0,0.4894051386985544,4
esorubicin,0,0.11136775536592221,0.00016365630435079864,0.0,0.01756588265726695,1
etamocycline,0,0.00334599155334971,0.5395469507985768,1.0,0.1495686394503245,4
etilefrine,0,0.883995505348779,0.19838357478339885,0.0,0.7940705696833136,2
felodipine,0,0.8420581360053939,0.9981851873844793,1.0,0.959786170711046,3
fenbenicillin,0,0.6940275116693517,0.025879306262756956,0.0,0.003093656332538461,3
fenoxazoline,0,0.9050506084367756,0.9997413422914271,1.0,0.9986905659757115,0
fexofenadine,0,0.7789228212759659,0.9075126056801055,0.0,0.1599011299547481,2
fibracillin,0,0.5352531588133119,0.0008122525931642142,0.0,0.0031537145514067585,4
flomoxef,0,0.19200960144231846,0.003037126541399125,0.0,0.008120398168771194,2
flurithromycin,0,0.10606026482766455,0.0004415838627430703,0.0,0.0004921599416254423,2
fropenem,0,0.7050111032403796,0.2927272544041447,0.0,0.013521744750926995,3
fumoxicillin,0,0.43141225996419563,0.06062976755848565,0.0,0.0021564656967265465,0
furbucillin,0,0.4895204475028407,0.0002336812393938789,0.0,0.007589407035083784,4
fusidic-acid,0,0.6685192314835445,0.029187870024410974,1.0,0.931568270777298,3
gentamicin,0,0.05827385162046287,0.0009535809844048118,0.0,0.0013173785152872243,1
gloximonam,0,0.2039209271864547,0.924158228615013,0.0,0.5439667593895551,4
gramicidin-s-2,0,0.0025172425319520846,0.7494323847568178,0.0,0.007053503080957692,2
grepafloxacin,0,0.7939340647813549,0.5987793683727017,0.0,0.2568631609718263,3
guamecycline,0,0.021399896150372417,0.9440414473393486,1.0,0.15708607684420045,4
hetacillin,0,0.7200052915183461,0.729833277286223,0.0,0.005118553313154046,3
hydroxyamphetamine,0,0.932481796671858,0.9978992893855352,1.0,0.998335433934804,2
hydroxyephedrine,0,0.8839881960839039,0.5308846753339153,0.0,0.3540569618581832,2
hymecromone,0,0.8692069924308637,0.9988657593582098,1.0,0.9422530102864317,4
idarubicin,0,0.1408384792812374,0.002500437831797287,0.0,0.0036219511996430564,1
imipenem,0,0.5121483495591432,0.00025644983391251663,0.0,0.30561111525425244,4
isepamicin,0,0.0027175543281250454,3.032683845613078e-06,0.0,0.0012839462373416437,1
isopropicillin,0,0.6784869228822892,0.3405628828841533,0.0,0.0027585345795535722,2
josamycin,0,0.07140865721551816,0.9518510743310089,0.0,0.05576492972524534,1
lenampicillin,0,0.28602919952384565,4.5637310996230217e-05,0.0,0.017840232570608985,1
lenapenem,0,0.503719124578102,0.015582507234856723,0.0,0.00286115459898941,3
leurubicin,0,0.0280202559015314,2.4421021991942267e-06,0.0,0.0027229500388329664,1
lexithromycin,0,0.15541321839656738,6.173964024363563e-06,0.0,0.0015490522412663125,3
lincomycin,0,0.47627532224503155,0.9998992051842444,1.0,0.18192857158703352,4
loracarbef,0,0.5585080476962094,0.04199382792709302,0.0,0.003640858862136638,4
losartan,0,0.6995127502349615,0.9944015800506383,1.0,0.5568475291212247,1
lymecycline,0,0.11900588584237644,0.0037134893422987518,0.0,0.009773673139018444,1
mecillinam,0,0.7695108260253899,0.7988772244062646,0.0,0.0226055588157029,1
mecloxamine,0,0.960711368384205,0.9968851503493168,1.0,0.9942794185467176,2
medorubicin,0,0.0784033085833932,7.464941974976232e-05,0.0,0.0034870479106739933,1
meropenem,0,0.5851421422087437,0.005050502103500996,0.0,0.004510501752361045,3
metampicillin,0,0.6329551327090625,0.001964861384135459,0.0,0.0007641603668032074,0
methacycline,0,0.15190371716130177,0.006528271290086779,0.0,0.0031563503696226173,2
methoxyphedrine,0,0.9190610513340801,0.7386885481219334,1.0,0.9944238868534166,2
meticillin,0,0.6151561338840998,0.012222598127182797,0.0,0.014470202378463689,4
mezlocillin,0,0.17638678370876765,0.09830144531547162,1.0,0.6439144735015475,2
mibefradil,0,0.8591390138765232,0.9853631795087248,1.0,0.9323813614588886,4
midecamycin,0,0.070397195257351,0.972456047566942,0.0,0.1820121706455142,1
mikamycin,0,0.07065925745112206,0.00023626831955497098,0.0,0.01952609116297722,4
mirincamycin,0,0.5824180122307657,0.9998773546398896,0.0,0.05752670789432047,4
mitomycin,0,0.2452530744929925,0.8744783204100524,1.0,0.4613891433847912,1
moxalactam,0,0.09188156198757493,0.02024562942079751,0.0,0.09758273395649293,3
neamine,0,0.07037604420096484,0.05136384336404325,0.0,0.01020543742287479,4
netilmicin,0,0.08709996088586651,0.008612937455480474,0.0,0.0011389194064905749,2
nicardipine,0,0.6101192942044362,0.7142820820252828,1.0,0.7884966363450128,3
nifedipine,0,0.5846921177377506,0.9963775524412682,1.0,0.9417519074081298,3
nitrendipine,0,0.589517691961938,0.942905582553867,1.0,0.9453383316890959,3
nitrocycline,0,0.06400464027174656,0.8128689620664383,0.0,0.7051763181528156,1
novobiocin,0,0.14089922575475783,0.9965277119602909,1.0,0.003713753357376107,4
oleandomycin,0,0.1861488410999264,0.06076203028255247,0.0,0.04101245447852869,1
oxetacillin,0,0.5853207066200528,0.024799207349375886,0.0,0.010933389371618153,3
oximonam,0,0.2580894684578457,0.0157982400932279,0.0,0.07860517742397986,4
paclitaxel,0,0.0964682262147269,0.8109563771670844,0.0,0.021590829753016245,3
pecocycline,0,0.05733776666471609,0.029151936679659894,0.0,0.004412465930470372,1
penamecillin,0,0.6212591086364265,0.011756913169221775,0.0,0.023570131581984118,0
penicillin,0,0.7014159557796011,0.014271506258768355,0.0,0.0028730398068841576,0
penimocycline,0,0.025783076968541055,0.00013523534217364336,0.0,0.005286806494155038,3
phenethicillin,0,0.6765416379616683,0.023534810978953134,0.0,0.0020256665275374757,2
pipacycline,0,0.12338413486906073,0.698435515175679,1.0,0.2710210124370198,4
pirarubicin,0,0.07012984067522916,9.154958610602638e-06,0.0,0.004877208931690896,1
pirbenicillin,0,0.19998332022942775,0.04430683921709043,0.0,0.009828231578207518,2
piridicillin,0,0.01598142338989577,1.210913569771589e-06,0.0,0.005778494682667679,1
piroxicillin,0,0.021182883136829683,2.936275641135866e-05,0.0,0.008086225245858098,3
pivampicillin,0,0.4616800885354723,0.05153814760400238,0.0,0.012001634149341408,0
pivenfrine,0,0.8654285210262189,0.2973083574214979,0.0,0.8592943406854353,2
prazocillin,0,0.6547715826212336,0.07689136456707313,0.0,0.008812312779894606,4
pristinamycin-ic,0,0.06865766652274033,0.00020170590555977384,0.0,0.011647785801361893,4
propafenone,0,0.8525909604691301,0.4826376934154774,1.0,0.8756171013463924,1
propicillin,0,0.6784869228822892,0.04396082098618868,0.0,0.002751421726942742,2
propikacin,0,0.001573946658056346,0.0011983641605897652,0.0,0.0032414438732311294,1
quinacillin,0,0.2573542548736845,0.010271304795494632,0.0,0.007489768221138628,1
rifabutin,0,0.14363198607252936,0.009426071691941932,0.0,0.0048819492989300405,3
rifametane,0,0.08722898687455163,0.05350674694371232,0.0,0.0013179030798303685,4
rifamexil,0,0.16694913604432768,0.2848284994638939,0.0,0.0016079326952035337,3
rifamide,0,0.13103337429742473,0.0007465026727534869,0.0,0.0020479388378413055,4
rifampin,0,0.058393541078474366,0.008069317622385015,0.0,0.0013589130198050237,2
rifamycin,0,0.15044959534907004,0.004250644027773648,0.0,0.0008348408974231412,4
rifapentine,0,0.11216580981930895,0.028558159377262218,0.0,0.0014933051367903606,3
rifaximin,0,0.16133053573195763,0.05211539955682376,0.0,0.0009749297325136167,0
ritipenem,0,0.37497309493952763,0.07444879665919668,0.0,0.18585650427288758,4
rodorubicin,0,0.05714465160016775,0.000303842379438164,0.0,0.005663314824558113,4
rotamicillin,0,0.42665046160632325,0.008720153575931835,0.0,0.005898866702174796,3
roxithromycin,0,0.10678471607512849,0.004524603557861414,0.0,0.017365841504720477,3
sanfetrinem,0,0.6710548496463278,0.9734456372239999,0.0,0.1276672553996834,4
sarmoxicillin,0,0.6206571073322782,0.05688186032111432,0.0,0.005049214523900776,3
sarpicillin,0,0.7439270049732418,0.4731960329190567,0.0,0.10439795662636461,3
sedecamycin,0,0.4231922008610083,0.013253915211664283,1.0,0.04807411417677365,0
sisomicin,0,0.06048366320745996,0.002257945289926545,0.0,0.0010534004560759282,2
spiramycin,0,0.18604356593681265,3.7422766194998e-05,0.0,0.0027295702101758556,3
sulbenicillin,0,0.3570929047504672,0.012460441545972869,0.0,0.0065254521667723695,0
sulopenem,0,0.6780422363766435,0.11084477945463446,0.0,0.0011768806946893438,2
sultamicillin,0,0.5339632412679772,0.10350876493743624,0.0,0.001862340582991796,0
suncillin,0,0.24344846497975176,0.002971221631005373,0.0,0.10844937249500033,0
tacrolimus,0,0.16096035607876827,0.00016578496914185036,0.0,0.05312593363946265,1
talampicillin,0,0.4681054558572999,0.3618599071302118,0.0,0.018188421437369526,0
tazobactam,0,0.44202616582914384,0.19592931950157763,0.0,0.3418125845733823,0
teicoplanin,0,1.2366743439942068e-06,0.9384617129903006,0.0,0.0378584638926152,0
temocillin,0,0.3565489130501912,0.8313100616984426,0.0,0.036130008637014974,1
theodrenaline,0,0.3931270702243113,0.07539648246183843,1.0,0.2850210651705199,4
thiphencillin,0,0.7286820748064413,2.8104146970358532e-05,0.0,0.001437214276874114,4
tigemonam,0,0.0752762603788898,0.8328885322875447,0.0,0.15783999396693446,4
tobicillin,0,0.6155516672402584,0.061262060581710284,0.0,0.0017998953877857108,1
tobramycin,0,0.007016268706362475,0.023489767416754587,0.0,0.004673679798313116,1
tolcapone,0,0.6257483051410199,0.9888163183636914,0.0,0.5317612096580737,1
troleandomycin,0,0.1308083701146774,0.4765832566921914,0.0,0.12026118771255072,1
trospectomycin,0,0.41209255234078646,0.6947145019698803,1.0,0.1548525277765777,4
tymazoline,0,0.9069285602464763,0.9906713971431212,1.0,0.9991834335963574,0
vindesine,0,0.2951963549819231,0.9996740564985168,1.0,0.25818609152899225,0
virginiamycin-factor-m1,0,0.43373799996596557,0.9981492240686053,1.0,0.3615823043698383,4
xantocillin,0,0.9004853944901033,0.9554469569535164,0.0,0.10901229114156451,2
zorubicin,0,0.0625734243152947,0.05138704353440526,0.0,0.0012549403951392932,1
cryofluorane,1,0.9589398175859815,0.9936915038641072,1.0,0.9997268375946321,0
gacyclidine,1,0.9645241058566832,0.9954549900935453,1.0,0.999580626715885,3
fenetylline,1,0.781766848244655,0.996964864770678,1.0,0.9982827989421803,4
acaprazine,1,0.9222515822293529,0.9985545197828095,1.0,0.9999388835110361,2
acebrochol,1,0.9519195742338274,0.8891605167475497,1.0,0.486347345064079,0
acecarbromal,1,0.7569364570076854,0.9978358052196566,0.0,0.9951380262161179,0
acefurtiamine,1,0.2987366567315912,0.998963796632751,1.0,0.997975027535963,3
aceglutamide,1,0.510054273724829,0.7655145957891347,1.0,0.9254266672239423,0
aceperone,1,0.8952357096969523,0.9992342326703569,1.0,0.9998213786221282,3
acetaminosalol,1,0.8043928080330212,0.895469270304355,1.0,0.3201982314792814,2
acetazolamide,1,0.48686013849205406,0.9251645091262592,1.0,0.5533385662254655,3
acetiamine,1,0.5585282334539055,0.9890577470400915,1.0,0.9973431338563906,4
acetorphan/racecadotril/ecadotril,1,0.8099374737874828,0.9611142497785048,0.0,0.9254820195826137,2
acetorphine,1,0.823728284413479,0.9971364362759219,1.0,0.9996898705509831,2
acetylmethadol/levacetylmethadol/alphacetylmethadol/betacetylmethadol,1,0.9378256695272028,0.9946232126934424,1.0,0.716097418445935,2
acevaltrate,1,0.48102629499851546,0.001008342576718538,0.0,0.7995545234050394,0
acrocinonide,1,0.6952386845610092,0.8459237836520098,0.0,0.9975509448193144,2
acyclovir/aciclovir,1,0.4291790390441597,0.2269158253633218,1.0,0.8473878403985178,1
adafenoxate,1,0.899295930076868,0.9996382109159742,1.0,0.9618446206371029,4
adatanserin,1,0.8531430906534375,0.9986768197668775,1.0,0.9914771766741133,3
alaproclate,1,0.886752905256169,0.9988287513781768,1.0,0.9678397708231018,2
alclometasone-dipropionate,1,0.5962831431468896,0.9999979191079118,1.0,0.9982247458341817,1
alentemol,1,0.9391271143637584,0.9975503085284351,1.0,0.9996759898618528,3
alfadolone,1,0.8000993004544662,0.7597317962070324,1.0,0.7871653378637058,4
alfaxalone/renanolone,1,0.8794313560924649,0.9971868647024139,1.0,0.9534277296573633,4
algestone-acetonide,1,0.8761709667681064,0.9772145294892801,1.0,0.7650942859201507,0
aliflurane,1,0.9467407382855695,0.9932086200595196,1.0,0.9987819821244932,0
alletorphine,1,0.8496606803724611,0.9998209645730659,1.0,0.9998539372818533,2
allomethadione,1,0.8570417835229214,0.9759019974752344,1.0,0.9963866501043692,0
almoxatone,1,0.8837365956660188,0.9711153003376415,1.0,0.9813146307784202,3
alnespirone,1,0.8745448781401386,0.9999986779223202,1.0,0.9955164997409468,4
alonimid,1,0.8186434044755899,0.9948408305725362,1.0,0.9908273105004308,3
aloracetam,1,0.8598718654217364,0.99825769720035,1.0,0.9999399398291371,3
alozafone,1,0.8355269013655308,0.9995159819004227,1.0,0.9467907578744342,1
alphameprodine/betameprodine,1,0.9367826580658538,0.9973783701933512,1.0,0.9993361581500558,2
alphamethadol,1,0.9468017101179538,0.9932150060436582,1.0,0.9952266030906082,2
alpiropride,1,0.5574458638136764,0.9967148639907496,1.0,0.6488954835899744,3
alrestatin,1,0.8026314006486692,0.8788105318694232,1.0,0.6812771140841949,2
amcinafal,1,0.700838396359171,0.960313777138689,1.0,0.9985362538535298,2
amcinafide,1,0.6998594027903365,0.9736267703003635,1.0,0.9977943505522379,2
amcinonide,1,0.6778369939869382,0.9995879244026963,1.0,0.9989555066130757,0
amelometasone,1,0.7020241328621794,0.9999896512920395,1.0,0.9997401404399491,1
ameltolide,1,0.867768669575402,0.9968215246413052,1.0,0.9972546920600346,4
amesergide,1,0.9209277765670377,0.9807536399412821,0.0,0.9971045824743072,1
amfetaminil,1,0.919712270225107,0.762310228965789,1.0,0.9797233940638802,1
amineptine,1,0.8632620562868979,0.9868491773462633,1.0,0.721885073127073,0
amisulpride,1,0.6372589443766798,0.9981069338428216,1.0,0.9430741608574825,3
amitriptylinoxide,1,0.9481171017374734,0.9990366624279056,1.0,0.999554367338599,2
amixetrine,1,0.9582592457249856,0.9998959713742153,1.0,0.9541181333746935,1
amperozide,1,0.9279865129154683,0.969081417521073,1.0,0.9988065246101592,4
amphenidone,1,0.8590850817920983,0.9997812796607645,1.0,0.953748502029416,0
ampyzine,1,0.9120303535959846,0.8316931762055353,0.0,0.9343076191195414,3
amylene-hydrate,1,0.9225818918129494,0.9706602841326861,1.0,0.9988959243828476,0
anileridine,1,0.8590072142177602,0.9985542414572122,1.0,0.9975040294163857,0
aniracetam,1,0.8990748491967537,0.9881463221024408,1.0,0.9997908100706502,2
anseculin,1,0.841560556092724,0.990023180827845,1.0,0.9958236511772101,0
apadoline,1,0.9275241911167946,0.9969899624634775,1.0,0.9987896578206307,3
aprobarbital,1,0.7515944974999023,0.9741443907224626,1.0,0.7337780838465714,1
aripiprazole,1,0.9043137515397869,0.9969764714691214,1.0,0.9960692556052747,1
ascorbic-acid,1,0.5274838694690274,0.5047329291810304,1.0,0.36409502957684503,3
aspirin,1,0.8507956548445689,0.932176445680228,0.0,0.7802112412682254,2
atolide,1,0.864793483942962,0.8210451042576049,1.0,0.99844462910667,4
atromepine,1,0.8732781764841289,0.7948419487545779,0.0,0.8861950034920697,1
atropine-oxide,1,0.8220260082525795,0.5498146472311337,1.0,0.44156872053538165,2
avizafone,1,0.48568638854033375,0.9977056251561248,1.0,0.7246118344466791,1
axamozide,1,0.8646068564770374,0.9885482897508399,0.0,0.9972322654695029,3
azabon,1,0.825899590432173,0.9992616373405276,1.0,0.9253885617272524,3
azabuperone,1,0.9383938901312094,0.9951046741629831,1.0,0.9998155536834251,4
azacyclonol,1,0.913525140234771,0.586617707741311,1.0,0.962954286614464,0
azaloxan,1,0.8549477759095115,0.9999668202538109,1.0,0.995936841198117,1
azaquinzole,1,0.954699344473867,0.9980776181747814,1.0,0.998691646701458,2
azepindole,1,0.9359615755364251,0.9966664798667365,1.0,0.9997727344398808,0
azipramine,1,0.9601899277929371,0.9997344558300669,1.0,0.9957169338523602,0
balaperidone,1,0.8496740095588167,0.9990411809087092,1.0,0.9990133766743667,0
bamifylline,1,0.7252214941652294,0.9954875583323368,1.0,0.9907050487549676,4
barbital,1,0.7468505591639981,0.9213370626118565,1.0,0.836769192352644,1
batelapine,1,0.8861545586228309,0.9999988040346252,1.0,0.9991435478923361,2
beclamide,1,0.9369362040185907,0.985785540544923,1.0,0.9997995878141094,2
beclomethasone/beclometasone,1,0.6519988697973594,0.9999053136783916,1.0,0.9944613004212847,1
befloxatone,1,0.820659422744728,0.990941840886702,1.0,0.9557138073779136,3
bemegride,1,0.8742967603990154,0.9717579474643117,1.0,0.9967639781332898,4
benfotiamine,1,0.3199255384289627,0.9993297473734027,1.0,0.9513663269048578,4
benorilate,1,0.7743253303713102,0.9726585703653196,1.0,0.9783061709903627,2
bentazepam,1,0.9075525903037804,0.9889014295880444,1.0,0.9942847201431522,2
bentiamine,1,0.5813538041937885,0.9946013809042175,1.0,0.9891305227082345,3
benzaprinoxide,1,0.9486432065456802,0.9969712644069871,1.0,0.988573821101153,4
benzindopyrine,1,0.9456055701808056,0.9999819218386715,1.0,0.9667127244863195,0
benzyl-alcohol,1,0.9507724278423547,0.9911077132130908,1.0,0.9800925345287212,2
berupipam,1,0.9284525554103316,0.9018957054336016,1.0,0.998220522786081,1
bervastatin,1,0.8240165639414379,0.9977151772544448,1.0,0.9890934923826776,4
betamethasone-acibutate,1,0.6845522465999019,0.9514125499369878,1.0,0.9965870097606331,3
betamethasone-benzoate,1,0.6339799230951645,0.9999854525050476,1.0,0.9994713590174704,1
binospirone,1,0.8028924719470543,0.9999861545644834,1.0,0.999529894033385,1
biotin,1,0.7525021094280147,0.8867438683355147,0.0,0.8946879240934981,4
bipenamol,1,0.8130421564432775,0.060651568315987836,1.0,0.9941163520119982,0
biriperone,1,0.9164384995760689,0.9855466224650914,1.0,0.9991939012300602,2
bisbentiamine,1,0.11520308879307406,0.9980936581826657,1.0,0.8923236966965001,2
bisorcic,1,0.6150401155409804,0.7801943023839845,1.0,0.8967995595241743,0
blonanserin,1,0.9454913633650003,0.9995468701531531,1.0,0.9996468095432782,0
bremazocine,1,0.8987069620769669,0.9467606835189881,1.0,0.9984298680522946,1
brofoxine,1,0.9128695972421457,0.9913240679161409,1.0,0.9727318838360985,1
bromisoval,1,0.7594239977590875,0.7516713981808727,1.0,0.9954820042739402,0
bromoform,1,0.9613202283695499,0.9779129909563059,1.0,0.9997890480368363,0
brosotamide,1,0.8493566308399716,0.9801357250047112,0.0,0.970329010839168,2
brosuximide,1,0.8987435114363196,0.9999410399957189,1.0,0.9998978811919471,2
brotizolam,1,0.9017539948275092,0.9998784189643349,1.0,0.9977372924900524,0
buciclovir,1,0.3501622873796114,0.9595295572740857,1.0,0.7463329030112711,1
butacetin,1,0.9227790248914199,0.7762870559992332,1.0,0.9996259712768136,2
butaclamol,1,0.9478651007677418,0.9997936634465714,1.0,0.9973513895275395,4
butaperazine,1,0.9366039073174304,0.9973202341582101,1.0,0.9995515067354329,0
butoctamide,1,0.8603995995256059,0.5482232076111497,1.0,0.9953001265027843,0
butorphanol,1,0.9077041076860886,0.9971174035201049,1.0,0.9935522011914453,2
cabergoline,1,0.7951625035003832,0.9996486087168849,0.0,0.9886779231190479,1
cafedrine,1,0.669841486403887,0.3692697537495858,1.0,0.8787909272156317,4
camazepam,1,0.8366551705593569,0.9990452458500065,1.0,0.9934414896181595,0
camphor,1,0.9345885442336767,0.9979181657969587,0.0,0.999149663933123,0
caproxamine,1,0.8153513767646082,0.3296712095613729,0.0,0.8439915006882083,2
captodiame,1,0.9702631870919858,0.9174352434169343,0.0,0.95580382586257,2
carbubarb,1,0.39187864291535734,0.9997264883197009,1.0,0.5894775116171114,1
carburazepam,1,0.8226768358497958,0.9996447616014593,1.0,0.9996339497886538,3
carfimate,1,0.8867403478787689,0.4760601585030027,1.0,0.9939625694254596,2
carmantadine,1,0.8970299614036651,0.989579990917282,1.0,0.8096560373065818,3
caroxazone,1,0.7738525072576004,0.9993483500234894,1.0,0.9984083978384469,4
carperone,1,0.8534334989570159,0.9993777668671533,1.0,0.9967348136447256,1
carphenazine/carfenazine,1,0.8926498849522554,0.8802806523869662,1.0,0.996652874023133,0
carzenide,1,0.6787788090012099,0.9075851660357822,1.0,0.6330058824831682,2
cathinone,1,0.9100718411055865,0.9980302787304325,1.0,0.9985961350366237,2
cebaracetam,1,0.8123572675466686,0.9806177708316176,1.0,0.9843191364402216,3
celucloral,1,0.04654759972730584,0.673249192189814,0.0,0.3791807886716214,4
cerivastatin,1,0.6769623594198121,0.9777773378211646,1.0,0.7835854525226092,3
cetohexazine,1,0.8634164600037549,0.9637328169928884,1.0,0.9977632055863193,3
cetophenicol/cetofenicol,1,0.7356930840689934,0.8756652204376982,0.0,0.6115959814707175,2
cetotiamine,1,0.46061612501514665,0.9786558749179334,1.0,0.9966747415976691,4
chloralose,1,0.6544557275897673,0.9829221321317262,1.0,0.9469899273136534,1
chlorhexadol/chloralodol,1,0.8648257609299088,0.560563909873511,1.0,0.9867304366524319,0
chlormezanone,1,0.8609892782045298,0.9773371715367288,1.0,0.9992654297684845,4
chloroform,1,0.9562875154738905,0.9909501782643539,1.0,0.9995959185129438,0
chromocarb,1,0.7850389393337398,0.344836770600859,0.0,0.3314772580094537,3
ciclesonide,1,0.7092340676134615,0.8031066650549964,1.0,0.9875500718502446,3
ciclotizolam,1,0.9242636365615569,0.9997908879957944,1.0,0.9769351581904117,4
cicortonide,1,0.613080917580259,0.9988653797483802,1.0,0.9925216237133904,3
cilobamine,1,0.9335115604068595,0.9932677039116925,1.0,0.9908656546889034,2
cimemoxin,1,0.8884940765470241,0.9808273115015562,1.0,0.9821268981627175,3
cimepanol,1,0.9334093752179199,0.9763737504771165,1.0,0.9953155650416481,3
cimoxatone,1,0.8011044266142466,0.999386952687579,1.0,0.9849705995958157,3
cinoctramide,1,0.8950805909903256,0.9919559954757368,1.0,0.9980467856592106,4
cinolazepam,1,0.7713259411217138,0.9998392943960144,1.0,0.9937049433601349,0
ciprazafone,1,0.8923553511818951,0.9846812211920836,1.0,0.9996718740363959,3
ciprocinonide,1,0.638565122857848,0.9999345549117933,1.0,0.9994297685438086,1
citatepine,1,0.9360000554021903,0.996351524261073,1.0,0.9974006447337795,3
clebopride,1,0.8282111012394551,0.9957531015716403,1.0,0.9907131462091893,3
clidafidine,1,0.9194877593441325,0.997994655785759,1.0,0.999844100132957,4
clobetasone,1,0.8145475003533749,0.9882445669844664,1.0,0.9985413212521514,2
clobetasone-butyrate,1,0.7912041675834467,0.9999015963070025,1.0,0.9972815643164329,2
clocapramine,1,0.8813382566344012,0.9995834161128084,1.0,0.9980016208290772,1
clocortolone,1,0.7800895828240154,0.9918141476745812,1.0,0.9982411135369602,1
clocortolone-acetate,1,0.7552211652401283,0.9959837765077136,1.0,0.99830865018115,1
clocortolone-pivalate,1,0.7674133372109908,0.9898911003414329,1.0,0.9746512123260065,1
clodazon,1,0.9295371207874313,0.9925692941030366,1.0,0.99973827796894,1
clofenciclan,1,0.9525532327668781,0.9138496737246937,0.0,0.9955110617146917,0
clofluperol,1,0.9223848140707649,0.9946726271280982,1.0,0.9836564236025174,3
clopenthixol/zuclopenthixol,1,0.9385707707484481,0.9991889714217039,1.0,0.9997091580058034,1
cloperidone,1,0.8340891594813251,0.9994337976696775,1.0,0.9986045651648562,1
cloprednol,1,0.6925762441157429,0.9031822357876481,0.0,0.9470730017169144,4
clorethate/cloretate,1,0.912778007016513,0.9347297103752503,0.0,0.9656270185675727,0
clorgiline,1,0.9596497905620176,0.9349906761178292,1.0,0.9985181398832396,2
cloroperone,1,0.9159747480574433,0.9982611149323748,1.0,0.9889867639485527,0
clorotepine,1,0.9650792261347972,0.9998765434247869,1.0,0.9999140560301332,4
clotiazepam,1,0.9255965477745266,0.9997692296669711,1.0,0.9999152958081959,3
cloticasone(cloticasone-propionate),1,0.7680405068812779,0.9995507729634456,1.0,0.9916222869655429,1
clotixamide(clotixamide),1,0.9224391413928764,0.9998531194806698,1.0,0.9998230383163472,1
cogazocine,1,0.9416755619227354,0.999804096557913,1.0,0.9992955994893429,3
conorphone(conorfone),1,0.9182823135472202,0.984110557683768,1.0,0.9954433414406691,3
cormetasone,1,0.650774785844628,0.9913401430050461,1.0,0.9959829146592352,1
cortexolone(cortodoxonecortifen),1,0.8033503900664368,0.24697458661861324,0.0,0.42511094096617236,2
cortisone-acetate,1,0.6740991868279119,0.9968235210823172,1.0,0.9881307843751149,3
cortisuzol,1,0.3564802989131955,0.985784000711589,1.0,0.8794780644817798,3
cortivazol,1,0.6993883452561931,0.9892325482582297,1.0,0.9971961990416415,4
cotinine,1,0.9115397755032058,0.9877736433673291,1.0,0.9995797664390583,4
cotriptyline,1,0.9500048370397759,0.9999786145456703,1.0,0.9995482890755757,2
crilvastatin,1,0.859655690436366,0.9148850599814294,1.0,0.9974112128002129,4
crotetamide,1,0.8848618722532005,0.992748454739019,1.0,0.9993459155906752,0
cyclarbamate,1,0.796513784297165,0.9760616478400239,1.0,0.9985091300812238,1
cyclindole(ciclindole),1,0.945839680202479,0.9999945488137925,1.0,0.9999568140266252,1
cyclobarbital,1,0.757517015362618,0.9988809480722064,1.0,0.9961120425993655,3
cyclobenzaprine,1,0.9672201461443521,0.9959690111118202,1.0,0.9995965743953814,4
cyclopregnol,1,0.9244510431759138,0.8814050340494625,1.0,0.9913746144058894,2
cycotiamine,1,0.6611951518043815,0.9968535524439264,1.0,0.9725444801973957,4
cyheptamide,1,0.8827089150950503,0.9772992882799323,1.0,0.9995262300150592,0
cyprenorphine,1,0.8564158282598298,0.987005052946176,1.0,0.9977361567696429,4
cyprodenate,1,0.9225086730153638,0.9982276627923105,1.0,0.9000191488337989,3
cyprolidol,1,0.917010508918652,0.8572803449673749,1.0,0.7203517095564614,0
cyproximide(ciproximide),1,0.8992080900068058,0.9876416469019315,1.0,0.9982206707105767,2
dacemazine,1,0.9393343904915115,0.9972428844193136,1.0,0.9994025262663642,3
dazadrol,1,0.8390950602714682,0.6937855151699378,1.0,0.9592507025708586,0
decimemide,1,0.8298085701468029,0.995174859713457,1.0,0.9957833897464694,2
delfaprazine,1,0.9520147081426003,0.9990022887034281,1.0,0.9998113523292498,1
demoxepam,1,0.8647785275000776,0.9912330323951831,1.0,0.9997694931160847,4
denbufylline,1,0.7416675328725476,0.9999642624436695,1.0,0.9908102814945353,1
deprodone,1,0.7770223762399736,0.9879054535903132,1.0,0.9749903491278877,1
desciclovir,1,0.6107867948930176,0.9996717092730198,1.0,0.9811137462785012,4
descinolone(descinolone-acetonide),1,0.6446860637798945,0.9999938893697421,1.0,0.9987592298605811,1
desonide,1,0.6985182630943316,0.5371464871980822,0.0,0.9980828877275185,2
desoximetasone,1,0.7784620961729389,0.9022024086248253,1.0,0.9980053199483176,1
detomidine,1,0.9265813645484364,0.8426647263878502,0.0,0.9344375481333747,4
dexamethasone-acefurate,1,0.5029738184037711,0.9999745983538109,1.0,0.9961739815164657,1
dexamisole,1,0.9492031446394851,0.9863914363062316,1.0,0.9999348590305057,1
deximafen(imafen),1,0.9226390986250919,0.9965822123957302,1.0,0.9976173712798864,3
dexoxadrol(dioxadrolandlevoxadrol),1,0.9290885361522929,0.8606643218109103,1.0,0.9935173161875834,3
dichlorisone,1,0.7821023896432261,0.7314989344709835,0.0,0.997684846327974,1
dichlorisone-acetate,1,0.7573908006097148,0.9974577360311682,1.0,0.9997466401851203,1
diclometide,1,0.9118111692266765,0.9989083427203495,1.0,0.9998431932770496,2
didrovaltrate,1,0.6480200922379362,0.9977541456394158,1.0,0.990210776649711,0
difebarbamate,1,0.1392918653642002,0.9996765133514891,1.0,0.6696860470989401,1
difluanine(difluanazine),1,0.9579191621334023,0.9955158726160643,1.0,0.8258307181318972,4
diflucortolone,1,0.7772278944547788,0.8647987772909541,1.0,0.9980399571828,1
diflucortolone-pivalate,1,0.7644365055030343,0.8379132639547914,1.0,0.9776774326597604,1
dimelazine,1,0.9650984619460617,0.9936754363509073,1.0,0.9981628814248635,4
dimethadione,1,0.8192747369221846,0.9847146579636668,1.0,0.9973414740405403,0
dimethazan,1,0.7817867591114941,0.9988266882699829,1.0,0.992294004608549,1
dimethylamphetamine(dimethamphetamine),1,0.9687879245354891,0.9979012222098124,1.0,0.9993377890548889,2
dimiracetam,1,0.8542507801517883,0.9578321382814832,1.0,0.999222254332198,3
dioxamate,1,0.7914756598833996,0.9493480077956171,1.0,0.9838178737091918,0
diphoxazide,1,0.7812123502196416,0.9584413740618595,1.0,0.8111933889820873,2
diprenorphine,1,0.8385210079694492,0.9940410417694122,1.0,0.9894597384041836,1
divaplon,1,0.8573489932415012,0.9906302459219053,1.0,0.9968463599184223,1
dizocilpine(MK-801),1,0.9541132154938562,0.9953579965712985,1.0,0.9997838634371975,4
domoprednate,1,0.7798778630248542,0.9877923981890918,1.0,0.9977651389976931,3
donepezil,1,0.9193261853744297,0.9946079996321762,1.0,0.9989786577449642,2
dopamantine,1,0.8205233756270037,0.9525404887552629,1.0,0.9573933618721407,4
doxapram,1,0.9227017060481201,0.9995482848344787,1.0,0.9998970325759017,1
drotebanol,1,0.8371824553297352,0.9857937021578533,1.0,0.9967179212157308,4
duloxetine,1,0.9438049559005578,0.9997793985099591,1.0,0.9968819077876045,3
duoperone,1,0.9582524702774217,0.9997562796093771,1.0,0.9955592785100786,4
dupracetam,1,0.5977318696455273,0.9965728385443481,1.0,0.5507283186532709,0
eclanamine,1,0.9449940719250797,0.9784461504783447,1.0,0.9979532362430631,4
edaravone,1,0.9183722468233849,0.9998770506100195,1.0,0.9996415981398349,1
efetozole,1,0.9358799068208136,0.9709727413855807,1.0,0.9893975432783911,0
elanzepine,1,0.9584280844460251,0.9998275810411332,1.0,0.9993044453586682,1
elfazepam,1,0.8228862079223789,0.999823250530484,1.0,0.9996755324570122,0
elopiprazole,1,0.9188972126274705,0.9999985461937423,1.0,0.999360301148163,0
eltoprazine,1,0.9010748982613339,0.9993595895316979,1.0,0.9998805529545025,0
embutramide,1,0.8663601982160402,0.9743698783499909,1.0,0.9407711699677884,2
enciprazine,1,0.8198585317789302,0.9805596501415185,1.0,0.9694360023809697,3
encyprate,1,0.9158881490494736,0.9996298997377223,1.0,0.9871961322997929,0
endixaprine,1,0.8848192434078715,0.4031336574877049,1.0,0.9977528369867453,3
endomide,1,0.9119287722517724,0.8645684019957824,1.0,0.9998314321232407,2
endrysone(endrisone),1,0.8709343783275475,0.9786693525797934,1.0,0.9911648382497076,1
enilospirone,1,0.8907446091794612,0.9975031443155822,1.0,0.9989498721851033,4
eptastigmine,1,0.9071490411465278,0.9938588719746125,1.0,0.9994817010782647,4
erizepine,1,0.958198100315713,0.9987097625766943,1.0,0.9998113446076915,0
etacepride,1,0.8501925884728734,0.9999773112605997,1.0,0.9981106984271113,3
etamiphyllin,1,0.7904867733762857,0.9937801282550885,1.0,0.9967160698248582,1
etasuline,1,0.9448769838718575,0.9997273203696158,1.0,0.9988247769218979,4
etazepine,1,0.9204079608061864,0.9974385449401575,1.0,0.9990605436612178,0
ethomoxane,1,0.9032272401810709,0.9995811120980043,1.0,0.9845457118807132,3
ethylene(ethene),1,0.9532325179111831,0.9949774462852095,1.0,0.9993643770714895,0
ethyl-loflazepate,1,0.9511680441892049,0.9898990818175434,1.0,0.998145488839979,0
ethypicone,1,0.8716831799337297,0.9589682800344271,1.0,0.9993265764959403,3
eticyclidine,1,0.9466177705683749,0.9992629950172253,1.0,0.9999220858906905,0
etifoxine,1,0.9213953770653935,0.999695803774339,1.0,0.9997883970337246,3
etiracetam(levetiracetam),1,0.8014543136439933,0.9998423839338725,1.0,0.9969275222951337,3
etisulergine,1,0.798957954919138,0.7177063547991764,1.0,0.9915098271303331,1
etodroxizine,1,0.8919503831882124,0.9939139674728078,1.0,0.9958566949060386,1
etoperidone,1,0.8956273854800763,0.9988427680292675,1.0,0.9997891085516554,4
etorphine,1,0.84850144742961,0.9989787082176533,1.0,0.9998273066530979,2
etoxadrol,1,0.9266333161373543,0.9985314197276366,1.0,0.9986427662956222,4
famciclovir,1,0.48860864437973245,0.979759688458366,1.0,0.9967979458477596,4
fantridone,1,0.9361247583605334,0.9952417369943363,1.0,0.9994619892117345,3
fasiplon,1,0.7686071564386163,0.9896747262833981,1.0,0.9973461123526607,4
fasoracetam,1,0.8614071021133719,0.9998370752741369,1.0,0.9984682926080922,1
febarbamate,1,0.41232965675817806,0.9987226985194747,1.0,0.8021645486917207,1
felbamate,1,0.6390910724002157,0.9906315539651217,1.0,0.987787461596776,2
femoxetine,1,0.9445403036936156,0.1724081221632601,1.0,0.984408878108921,3
fenaperone,1,0.8944853514083095,0.9991836824919358,1.0,0.9973785840268744,4
fenbutrazate,1,0.9179108691899533,0.9999897358480101,1.0,0.9834295537963039,3
fencamfamin,1,0.9513857567480315,0.9986310496357033,1.0,0.9997439676705197,3
fengabine,1,0.9275296105995617,0.9796489789555952,0.0,0.9126607863554265,0
fenharmane,1,0.9293477128047937,0.5038330796049673,1.0,0.9902257436431949,3
fenimide,1,0.9009393740115728,0.8687651963954973,1.0,0.9997008237599865,2
fenmetozole,1,0.9074815338626402,0.9976363268172292,1.0,0.9963807372219915,0
fenmetramide,1,0.9017127540241662,0.8633974573237132,1.0,0.9996026061266703,1
fenobam,1,0.7739462009911972,0.9523011800536293,1.0,0.9957710209882155,3
fenozolone,1,0.8661641123128265,0.9250477192578919,1.0,0.9994705559442219,4
fenpentadiol,1,0.9171795396145772,0.5707042481802557,1.0,0.9915541427128666,2
fepitrizol,1,0.8309625522612043,0.8768422730688611,0.0,0.9772450736352087,4
fipexide,1,0.8849437302190261,0.9971707650027972,1.0,0.9837680520627802,4
flerobuterol,1,0.9320207957826819,0.9922229029860355,1.0,0.9980710711450547,2
florfenicol,1,0.7492837474635204,0.7510063257403984,0.0,0.7749824956679512,2
fluacizine,1,0.9479041624132731,0.9999305432965588,1.0,0.999703521325371,3
fluazacort,1,0.6663212833136815,0.9999370806083455,1.0,0.992006137034338,4
flubanilate,1,0.93031584707324,0.9989224898455038,1.0,0.997564097905337,2
flubepride,1,0.655284156421853,0.9999261869836599,1.0,0.9352526887665258,3
flucloronide(fluclorolone-acetonide),1,0.8050603674266498,0.9998862990789957,1.0,0.9997816729555692,2
fludrocortisone,1,0.6886046227980283,0.5158690544289156,1.0,0.6721330681739431,2
fludrocortisone-acetate,1,0.6520726332456847,0.9968362498156598,1.0,0.9956647357816237,2
flumezapine,1,0.9204958867458699,0.9090253967448187,1.0,0.9998255708508896,1
flumoxonide,1,0.7047152057171204,0.9999849218185972,1.0,0.999256094926284,2
fluocinonide,1,0.6581049851330062,0.9999820300120194,1.0,0.9998358709674356,2
fluocortin,1,0.7610462985409536,0.9969375803581323,1.0,0.9964060149953433,1
fluocortolone-caproate,1,0.770330293795136,0.9301064894748441,1.0,0.9716453348848889,1
fluoresone,1,0.9277655278359684,0.990270514806354,0.0,0.9959843022690489,2
fluorometholone-acetate,1,0.7553955088248072,0.9990075524039348,1.0,0.9986695244808296,1
fluotracen,1,0.964770437968775,0.9982229556416425,1.0,0.997411797332569,0
fluoxetine,1,0.9485198905390912,0.9262705786778637,1.0,0.991770663762695,1
fluphenazine-enanthate,1,0.932244141094893,0.9999846417160979,1.0,0.9955556540425373,0
flupimazine,1,0.9325952395364737,0.997569357182324,1.0,0.9988883665966037,3
fluprazine,1,0.8483070744093507,0.9999258991080626,1.0,0.999499643586927,2
fluspirilene,1,0.9354537132695631,0.9985709890467785,1.0,0.9703036282579452,3
flutazolam,1,0.8825396598525291,0.9981301713718156,1.0,0.9998385776576182,3
flutemazepam,1,0.8611693515430926,0.9998399243904825,1.0,0.9936083018112661,0
fluticasone,1,0.7848795379242558,0.9995448573064717,1.0,0.9993472636895299,1
fluticasone-propionate,1,0.7650692451275201,0.9999443460845303,1.0,0.9923513784322022,1
flutizenol,1,0.9319386215913952,0.9959646559586509,1.0,0.9998077489266833,0
flutomidate,1,0.883358165680338,0.9915842971853398,1.0,0.9968080110804162,0
flutroline,1,0.9380082422807842,0.8577296288727005,1.0,0.9979704878743592,0
fluvastatin,1,0.7602420132149653,0.9997269095074033,1.0,0.8828922800009325,1
fluvoxamine,1,0.8727967275810786,0.9482181821791783,1.0,0.9375437203903899,2
fluzinamide,1,0.9003538338348169,0.9425462058424307,1.0,0.9986973232873844,4
folic-acid,1,0.07753660870015337,0.26121951836444,0.0,0.09757318532203972,4
formocortal,1,0.6607555493273998,0.9999572925581449,1.0,0.9924940147761894,3
fosazepam,1,0.8804388342701075,0.9992467405628915,1.0,0.9998870836641669,0
fosenazide,1,0.7845422058987408,0.9149668919075127,1.0,0.9944121915369255,3
fosfomycin,1,0.7588437134929322,0.9135236622538748,1.0,0.8404107607997863,3
fosphenytoin,1,0.5497759239529405,0.9999403285682249,1.0,0.36397007266567927,4
ftormetazine,1,0.9436658716189651,0.9998944596137535,1.0,0.9994529791473074,4
ftorpropazine,1,0.9045830737864807,0.9988625765998497,1.0,0.9969035836110539,4
furomazine,1,0.8952591688449504,0.9998978828727191,1.0,0.9991850663790981,4
fursultiamine,1,0.6354313462855863,0.19149308564782158,1.0,0.9826390178144884,0
gaboxadol,1,0.818900328021978,0.30361736425893665,1.0,0.9848105957133817,3
ganaxolone,1,0.9123654954428261,0.40584300101961474,1.0,0.8820737460135736,0
gedocarnil,1,0.8122725223849859,0.02962181178330973,1.0,0.1957189951364395,3
gemazocine,1,0.9441930858592682,0.9994188360281896,1.0,0.9995384281392584,1
gepirone,1,0.8175337500328417,0.9934543422972325,1.0,0.9990562687888798,3
gevotroline,1,0.9261346987226337,0.7374720089442319,1.0,0.9989112897647671,3
girisopam,1,0.909575311858747,0.9992067447115307,1.0,0.9917664080973517,4
halcinonide,1,0.8078703487183255,0.9999643338221335,1.0,0.9968469166189261,0
halocortolone,1,0.8715867551526202,0.7828083364402847,1.0,0.9993388512034616,1
halopemide,1,0.8032460907642488,0.9664303480265148,1.0,0.9793786399624504,1
haloperidol-decanoate,1,0.9180089313692147,0.9966887134136199,1.0,0.9574797790021249,3
halopredone(halopredone-acetate),1,0.6517700891889263,0.9991931148464724,1.0,0.9823580090074734,1
haloxazolam,1,0.9131763892828971,0.6150903158885102,1.0,0.9999216095959351,3
hexapradol,1,0.9058264017790683,0.9374343293477904,1.0,0.9499564618947334,2
homopipramol,1,0.9369118481086268,0.8967183262716869,1.0,0.9987425514791053,4
homprenorphine,1,0.8946322248851403,0.9998202222360956,1.0,0.9948794184136962,4
hopantenic-acid,1,0.541636376171269,0.6363637235280886,1.0,0.62996229468315,0
hydrocortamate,1,0.6266742874536942,0.9975536267432783,1.0,0.9090619431352379,2
hydrocortisone-aceponate,1,0.6173674580348536,0.9984891665140104,1.0,0.9961982735578849,2
hydrocortisonecypionate(hydrocortisone-cipionate),1,0.3955908443457106,0.9314247025340736,1.0,0.9399767680090564,2
hydrocortisone-hemisuccinate,1,0.6596281687027097,0.9665970093972561,1.0,0.9837841755401077,2
hydrocortisone-valerate,1,0.6989858686978588,0.9965374015477273,1.0,0.9980517658073818,4
hydromorphinol,1,0.7664280874390289,0.9987015702328184,1.0,0.993311791121163,0
hydroxindasol,1,0.8555473058695577,0.028635474517744612,0.0,0.9222963198548265,4
ibrotamide,1,0.8775542800043491,0.9799121629174162,1.0,0.999649853630154,0
iclazepam,1,0.9070102987312509,0.9999912173777942,1.0,0.9998381307865778,1
ifoxetine,1,0.8941327412835969,0.9951410599608823,1.0,0.9857584448058027,4
ilepcimide,1,0.9069727346107777,0.9985536813135126,1.0,0.9996714640810912,1
iloperidone,1,0.8602692923583408,0.99461799991681,1.0,0.9934655170704415,4
imiclopazine,1,0.9350509076216648,0.9999090263969529,1.0,0.9994069361880558,4
imidoline,1,0.9386895858147298,0.9999124397141431,1.0,0.9999058230596014,2
imipraminoxide,1,0.9293799543759237,0.9994240619876643,1.0,0.9994416389151949,0
indatraline,1,0.9597065889786724,0.9998093812266319,1.0,0.999703082531558,4
indeloxazine,1,0.9204649735447475,0.9489690534912417,1.0,0.9950411433956685,4
indomethacin(indometacin),1,0.8358029979494668,0.5129290997433342,1.0,0.9037227726376785,4
indriline,1,0.965834858241528,0.9992447329949323,1.0,0.999824608899539,4
iproclozide,1,0.8892900885108875,0.9561298737450534,1.0,0.9665087070128808,2
iprozilamine,1,0.9033396099947446,0.5102149125042306,1.0,0.99839112195335,2
ipsapirone,1,0.7155441577034135,0.9798241994632533,1.0,0.9969203576414285,0
isocarboxazid,1,0.789404504458939,0.99918425345795,1.0,0.9933679858670144,0
isoflupredone,1,0.644712825319965,0.9923288605235642,1.0,0.9170052077437084,1
isoflupredone-acetate,1,0.612146891159452,0.9999463246643493,1.0,0.9994912566994331,1
itrocinonide,1,0.5413262353332099,0.9987529387781126,1.0,0.9993265122590527,2
ivoqualine,1,0.9264655400857041,0.9346145235823482,1.0,0.6290000244819991,4
ketazocine,1,0.9036873920459348,0.7680901265131042,1.0,0.9981785509506388,3
ketazolam,1,0.8906326121186277,0.9999927588871358,1.0,0.9948445693311054,4
ketobemidone,1,0.9148657724275147,0.9994396337853956,1.0,0.9980888717395044,2
lesopitron,1,0.8704907963894443,0.9943443622747716,1.0,0.999618173615997,1
levophenacylmorphan,1,0.9126034765516463,0.9992345753884734,1.0,0.9964877713877702,1
linopirdine,1,0.904605157522471,0.9995706726401936,1.0,0.9705536223193367,2
lisuride,1,0.868887104547991,0.999976919203036,1.0,0.9994544771691576,0
litracen,1,0.9617320089949729,0.997298533185709,1.0,0.999808553769599,2
lofendazam,1,0.927824758782562,0.9993505357813699,1.0,0.9998215913549838,4
lofentanil,1,0.8962937274672684,0.9760164117484237,1.0,0.957460285654665,4
lofepramine,1,0.9436666230687282,0.9995534324898117,1.0,0.9899325975519215,0
lometraline,1,0.9525256582270979,0.9974488662944474,1.0,0.9931782831115961,3
lopirazepam,1,0.7955747833323273,0.9898566246465879,1.0,0.9842579625459981,4
loprazolam,1,0.6932225027867304,0.9865719710267555,1.0,0.8719590389854619,0
loratadine,1,0.9170165413240453,0.9001784582684351,1.0,0.9963332162793994,4
lormetazepam,1,0.8648278390597689,0.9999406269308875,1.0,0.9961656288607139,0
lorpiprazole,1,0.9187047569012182,0.9999195541844385,1.0,0.9995287720400774,2
lortalamine,1,0.9091582046930909,0.9999676564140965,1.0,0.9992507540341333,2
lorzafone,1,0.6691211352659845,0.9710765805922574,1.0,0.9814676312378712,1
losigamone,1,0.8512754755927673,0.562794658895427,1.0,0.7534232203001723,3
loteprednol(loteprednol-etabonate),1,0.6506970508373551,0.9978444009467987,1.0,0.9506021768011952,1
loxapine,1,0.9387665270498474,0.9979001911085255,1.0,0.9999055423883406,2
lufuradom,1,0.8543062610450585,0.7899225067822618,1.0,0.9986624460375125,0
mazindol,1,0.9144134423938634,0.9998210284312192,1.0,0.9994309163940468,1
mazipredone,1,0.784120820696463,0.8099552972183557,0.0,0.9294434073126393,3
mebanazine,1,0.9212539778600263,0.9775902810417644,1.0,0.9952876579213684,2
mebutamate,1,0.5718972887035582,0.9998213090337125,1.0,0.9808489146452435,0
meclonazepam,1,0.7297511611321527,0.9662570120677927,1.0,0.9817445337020603,0
mecloralurea,1,0.8092048994872217,0.8434305784839226,1.0,0.9847290518900939,0
meclorisone(meclorisone-dibutyrate),1,0.7847077134484829,0.9963958064906488,1.0,0.9993514834585094,1
medrysone,1,0.8818805096637056,0.9990341999692157,1.0,0.9671003353439193,2
mefexamide,1,0.8848458343824935,0.8702654855820667,1.0,0.8859051688005389,2
melitracen,1,0.9698370719181129,0.9986945357569315,1.0,0.9996854955780321,2
melperone,1,0.9469804772244429,0.9955479263041388,1.0,0.9999304830697104,1
memantine,1,0.92032665684738,0.9998518903062368,0.0,0.9998278067625908,0
mephenoxalone,1,0.8466345188984726,0.9999608731888275,1.0,0.9961570831604003,4
meprotixol,1,0.926703745900527,0.9998422443982229,1.0,0.9863891739604156,3
mequitazine,1,0.9660322837059189,0.999968552738328,1.0,0.999943955780587,1
mesulergine,1,0.8370470563128991,0.9211486716616522,1.0,0.9975916912002011,1
metacetamol,1,0.8955927723379252,0.6783503258025504,0.0,0.9651124473140282,2
metaglycodol,1,0.9165007097256463,0.998314052875727,1.0,0.9967223744129096,2
methapyrilene,1,0.9443572218328403,0.7677216039952067,0.0,0.9957054476652487,3
metharbital,1,0.7950042905035701,0.9872741879638889,1.0,0.9939468614630985,1
methitural,1,0.8489518719858782,0.9997927090585443,1.0,0.998163446602838,3
methyldesorphine,1,0.9128303646261533,0.9998333851029008,1.0,0.9999013196119015,0
methyldihydromorphine,1,0.8902254147623506,0.9519868205622755,1.0,0.9992613640601725,0
methylprednisolone21hemisuccinate(methylprednisolone-hemisuccinate),1,0.5877480203425207,0.999891455167131,1.0,0.9981661438769471,1
metiapine,1,0.9427185970706305,0.9956989193583586,1.0,0.999876301690983,0
metofenazate,1,0.8802928312559938,0.9999424822497587,1.0,0.9738041884181017,4
metopimazine,1,0.7699052580569629,0.9919733314794951,1.0,0.9971272243306974,3
metopon,1,0.8670135686052278,0.8426724558251686,1.0,0.9997402968314985,0
metoserpate,1,0.814801212884164,0.8679702517706928,1.0,0.9990940502560938,4
metoxepin,1,0.9431303612068633,0.9766629980394395,1.0,0.9998232781370854,2
metralindole,1,0.923951838739318,0.9807940064019017,1.0,0.999379084990953,4
mevastatin,1,0.7996525465203266,0.6582473380075599,0.0,0.9627294471718347,0
mexazolam,1,0.9110269669847814,0.2143114131422935,1.0,0.9995107331164982,3
mezilamine,1,0.9017798776699766,0.7419896853063129,1.0,0.9989136490338106,2
miconazole,1,0.9492925623370517,0.9601311493301787,1.0,0.9933850099938039,4
midaflur,1,0.8728162589323704,0.9720278913701142,1.0,0.9955496365445309,0
milacemide,1,0.8233368248366085,0.9640609371423341,1.0,0.9988248748307286,0
milameline,1,0.9296303518184393,0.9801171822628818,1.0,0.9993778713443545,1
minaprine,1,0.8781005810258974,0.9916092379238262,1.0,0.9998007511999282,3
minaxolone,1,0.8844188271119396,0.9809907445162597,1.0,0.9855953057812502,0
mirisetron,1,0.880241608341136,0.9997550274634923,1.0,0.9988563010716481,3
moclobemide,1,0.8927948971419014,0.9938357790852713,1.0,0.9998277256537798,1
modafinil,1,0.8593024335035092,0.7730313720958895,1.0,0.9609247665807329,2
mometasone(mometasone-furoate),1,0.7847077134484829,0.99999513773842,1.0,0.9993495683516069,1
monometacrine,1,0.9464449120744055,0.9995407620904484,1.0,0.9996558807278688,0
morsuximide,1,0.8616593832755435,0.9999026108886384,1.0,0.9999499660871772,0
mosapramine,1,0.9268790547782706,0.9994858223379637,1.0,0.9983837869523977,4
motrazepam,1,0.7196745838682105,0.9865258689111657,1.0,0.9981779445677613,0
moxadolen,1,0.841157123050016,0.9820829317518892,1.0,0.9976717441784559,2
moxiraprine,1,0.8238462129926676,0.9996615953817065,1.0,0.37779386229011375,3
myrophine,1,0.928541251027805,0.998938120138171,1.0,0.9498363953047119,4
nabazenil,1,0.9342404992823576,0.9894006542924639,0.0,0.9113269735034867,3
nabilone,1,0.8971826670256505,0.4673241024091895,1.0,0.9840095796717445,0
nafimidone,1,0.917705491603117,0.8117679852715138,1.0,0.9897255213426954,4
naflocort,1,0.7999316509969299,0.7323212190986409,0.0,0.9937216063625146,2
nalbuphine,1,0.8007250384244975,0.9998797536909588,1.0,0.9936182573688138,2
nalmefene,1,0.876417690085712,0.9994717338386999,1.0,0.9982451505389193,3
nalmexone,1,0.7973721527858162,0.9964803604271513,1.0,0.9979000891424316,0
napactadine,1,0.9135874170608668,0.5512242330055104,1.0,0.9767776875516943,0
napamezole,1,0.9366912435118222,0.9997847966397844,1.0,0.9993533118959478,1
naprodoxime,1,0.7913460836580128,0.5698920441827773,1.0,0.8945224974011664,0
nefazodone,1,0.8629946714885236,0.9996129017001172,1.0,0.9823016823419745,1
nefiracetam,1,0.8921038302474625,0.9960081449437056,1.0,0.9999286271916713,2
neflumozide,1,0.8363801689515287,0.9628793305649991,1.0,0.9904183258653929,2
nialamide,1,0.7165620673228454,0.9601800464030649,1.0,0.9501253908652323,0
niaprazine,1,0.8797558803448754,0.9969633678614981,1.0,0.9991591225033051,1
nicocortonide,1,0.6355870437255268,0.9999766063054691,1.0,0.9775814830826927,4
nicomorphine,1,0.7453816238530406,0.9967067387027614,1.0,0.9362605198789282,3
nicopholine,1,0.8851064687941159,0.9956502535594083,1.0,0.999728743025751,4
nicotinamide,1,0.8736166300163779,0.998809873875915,1.0,0.9972264398437941,2
nikethamide,1,0.9296966824694107,0.9999111822728618,1.0,0.9996389259206844,2
nimetazepam,1,0.7633708201355353,0.9815188145789426,1.0,0.9994567045713536,0
nisobamate,1,0.6775725814678609,0.9999293152001405,1.0,0.9609438200084249,0
nisoxetine,1,0.9297816753819059,0.9883944199582164,1.0,0.9707601126326921,1
nitrafudam,1,0.6426726604720041,0.14020095757087278,0.0,0.7873257088577409,2
nivazol(nivacortol),1,0.926045076043496,0.36693374621863845,0.0,0.9349513113106523,3
nomelidine,1,0.9386693914286542,0.5143058491281084,1.0,0.9938847735163331,3
nomifensine,1,0.9282419078002008,0.9759405064364907,1.0,0.999456148556103,4
nonapyrimine,1,0.8586767427109033,0.9952545269753692,1.0,0.9950148145327926,3
norflurane,1,0.9550093111871765,0.9789096737926306,1.0,0.9996592412519881,0
norlevorphanol,1,0.9223737582431163,0.9963609418430825,1.0,0.9984777229526531,4
normorphine,1,0.8319662594274736,0.4661407384612033,1.0,0.7532846988669417,3
nortetrazepam,1,0.908400153064312,0.987969399524018,1.0,0.9995391789078182,4
noscapine,1,0.7731338604084855,0.9999503389382647,1.0,0.9990864120299213,1
noxiptiline,1,0.9384447264340032,0.9999264502408309,1.0,0.9996372149279894,4
nuclotixene,1,0.9689463305482234,0.9745438303251752,1.0,0.9815400964829553,3
ocaperidone,1,0.85322486007714,0.9995303081265194,1.0,0.9992664622620123,3
ocinaplon,1,0.786082911266856,0.9963543429115312,1.0,0.9723075896961731,3
octamoxin,1,0.886798959392523,0.9995867811725833,1.0,0.9955933285528812,0
octriptyline,1,0.9598718686057014,0.9875668815453961,1.0,0.9997062169462103,1
omiloxetine,1,0.9080463060187384,0.8786779179326761,1.0,0.9881256092018209,3
oxaflozane,1,0.9489800182961892,0.9928984741559986,0.0,0.9997778627279138,0
oxcarbazepine,1,0.8367030567702821,0.999941290323735,1.0,0.9997755410724091,4
oxifentorex,1,0.9373870752312083,0.5375054730838605,1.0,0.9921070963017994,3
oxiracetam,1,0.6869259954702924,0.9935132307594721,1.0,0.9138392113022904,3
oxisopred,1,0.6002897120688576,0.8723846834943801,1.0,0.8897977506935237,1
oxitriptan,1,0.6312975312792617,0.9566651936294542,0.0,0.22087813200038106,4
oxitriptyline,1,0.9210985387035077,0.8963199074843596,1.0,0.9907292308411334,0
pagoclone,1,0.8514955246764441,0.9996317564374996,1.0,0.9939210207502798,3
panadiplon,1,0.7909783291404283,0.7046153353280494,1.0,0.9935899740878551,2
panamesine,1,0.7792039963831489,0.9975207175337139,1.0,0.9895825039996037,4
pancopride,1,0.809438631166906,0.7134504062633645,1.0,0.9890994643507188,0
panuramine,1,0.8623050830040518,0.9958487357746667,1.0,0.9955767429759935,4
paraldehyde,1,0.9160029001710575,0.9889458205519543,1.0,0.9874652758391852,3
paramethasone-acetate,1,0.6132935644515837,0.9997418329478672,1.0,0.9995035516852895,1
pargyline,1,0.9682816853848536,0.9224257209571354,1.0,0.9992040001933893,2
paroxetine,1,0.9161788024191614,0.9998994432727077,1.0,0.9968811418127959,2
pazinaclone,1,0.7727057355955749,0.9999635451734395,1.0,0.9893935901408588,3
penfluridol,1,0.9510685744373722,0.9998026636851192,1.0,0.9959205434470029,0
pentabamate,1,0.5608837005502979,0.9095035745857875,1.0,0.9823448123639553,0
pentamorphone,1,0.8475527653349406,0.9999959289262176,1.0,0.9991599660475297,4
penthrichloral,1,0.8282635409173866,0.9675009967592999,1.0,0.9933511974622274,1
pentiapine,1,0.9127531505195496,0.9999675757074941,1.0,0.9996199256951418,4
perafensine,1,0.9315722131597057,0.9463167686143894,1.0,0.9997369384383835,3
perospirone,1,0.858222239808751,0.9869727953722366,1.0,0.9988392375572335,1
perphenazine,1,0.9288664124890056,0.9904079975818514,1.0,0.999833285864731,0
petrichloral,1,0.6132833932819651,0.9264854472359585,1.0,0.7235635051218412,0
phenacemide,1,0.812814300686613,0.9735443803967507,1.0,0.9982586032721714,2
phenazocine,1,0.9447099332134066,0.9990777791330129,1.0,0.9995235874123904,4
pheneturide,1,0.8166511086997261,0.9997812922145644,1.0,0.998021618517711,2
phenmetrazine,1,0.9271356586959412,0.9970093674385045,1.0,0.9998815530114719,0
phenoxypropazine(fenoxypropazine),1,0.8981346776952241,0.8390452836602044,0.0,0.9421782207723202,2
phensuximide,1,0.9200795996298639,0.9986122385124658,1.0,0.9997809750063559,2
phenyl-salicylate,1,0.8940499219316163,0.9993349531656579,0.0,0.7717001905667108,2
phenytoin,1,0.848248289801443,0.999664263623442,1.0,0.9942705202147177,4
phetharbital,1,0.8205910230766531,0.9799954529322913,1.0,0.9991230847250874,4
piberaline,1,0.9207528364176655,0.8719027992839463,1.0,0.9993591640871698,2
picenadol,1,0.947219765568211,0.9999866398302193,1.0,0.9998200986659401,2
pidolacetamol,1,0.712683508034679,0.9343346426315301,0.0,0.9372303399601747,3
pipequaline,1,0.944684335521046,0.9984928123520372,1.0,0.9225857907327909,4
piperacetazine,1,0.9112478937254614,0.9999562933783397,1.0,0.9966396911200861,3
piperilate(pipethanate),1,0.887401693686795,0.9877723760874443,1.0,0.877517640835658,4
pipofezine,1,0.9020081936175313,0.9994419481310806,1.0,0.999921819682513,2
pipotiazine-palmitate,1,0.880331755036475,0.9996321162550262,1.0,0.98870530505121,3
piquindone,1,0.901174957090122,0.9340160298365318,1.0,0.9998394932112039,0
piracetam,1,0.795041378316671,0.998128386513438,1.0,0.9982738672495927,3
pirandamine,1,0.9538141806708835,0.999975107952398,1.0,0.9998958349067226,3
piriqualone,1,0.9000584563033573,0.9993801383391919,1.0,0.9694886082100173,4
piritramide,1,0.8159519698170098,0.9489940556603637,1.0,0.9437915729613223,3
pirlindole,1,0.9498890752224962,0.9996480267233238,1.0,0.9999114604123749,1
pivagabine,1,0.7844405959056587,0.5324326831468484,1.0,0.7068178987521022,0
pivoxazepam,1,0.819003168158453,0.979248663985354,1.0,0.8539619768407182,0
pramiracetam,1,0.8660178714235758,0.9978927619986455,1.0,0.9950924203657165,3
prazitone,1,0.7083044298575097,0.9643492572976579,1.0,0.9858203471613387,3
prednicarbate,1,0.528619652206012,0.9995122652799516,1.0,0.9970226146779743,1
prednisolamate,1,0.5916260644087526,0.9999239170124514,1.0,0.9952005042668887,1
prednisolone-steaglate,1,0.5178814607297384,0.9993865388448416,1.0,0.9961663552008582,1
prednisolone-tebutate,1,0.6331952939937485,0.9980135758232807,1.0,0.9990829713580511,1
prednylidene,1,0.688207364912532,0.4857723841402973,0.0,0.7256805765109398,2
pregabalin,1,0.7949200876112346,0.8382200174473452,0.0,0.6103869109198706,0
pregnenolone-succinate,1,0.8007315875127206,0.0029213758864444434,0.0,0.9379596216260083,4
pridefine,1,0.9663599158445677,0.9999748602293075,1.0,0.9990333985358385,4
procarbazine,1,0.8796333439485791,0.9959792153649846,1.0,0.9965491902881574,2
procymate,1,0.8498416135518126,0.9931991697914861,1.0,0.9844763128223994,3
proflazepam,1,0.7838491460857466,0.9994013151676768,1.0,0.9672429009684361,0
progabide,1,0.7891556000336161,0.9453403853003665,1.0,0.9459908300801909,0
prolintane,1,0.9669724719484594,0.9990436836921095,0.0,0.9998288104408497,1
promoxolane,1,0.8873893877442003,0.6010666378648013,0.0,0.9844689750708449,0
propacetamol,1,0.8642624913091982,0.9531601306958896,1.0,0.9935225359925048,2
propanidid,1,0.9520819658240768,0.9232507189425554,1.0,0.9986001757357227,0
propizepine,1,0.8830851824112568,0.9999998801695421,1.0,0.999190807462435,3
propofol,1,0.9538248475523768,0.48889121487147624,0.0,0.998657941518737,2
propyperone,1,0.9141336469877972,0.9989610842145107,1.0,0.9964093535638244,2
prothixene,1,0.9655058741504895,0.9989179089678228,1.0,0.9989921146099497,3
proxibarbal,1,0.6134033291544239,0.9701083801598587,1.0,0.36998087046106637,1
proxorphan,1,0.9234129934634837,0.9994245964129344,1.0,0.9962988374603788,4
proxyphylline,1,0.6856794695646893,0.9908535583168768,1.0,0.8343642041630601,1
psilocybine,1,0.7293750396512272,0.920477085235313,1.0,0.43371342797320867,4
pyridarone,1,0.9454871944923808,0.936376597153842,0.0,0.9232714887954165,2
pyritinol,1,0.6272929877259661,0.9998957779867059,1.0,0.04049926340348088,4
quetiapine,1,0.8822118319519918,0.9889313717483686,1.0,0.9995297025141594,0
quilostigmine,1,0.9224475741541069,0.9795750853557256,1.0,0.9994437231405122,2
quinagolide,1,0.8110970631693835,0.9982810839105976,1.0,0.9673168286339467,3
ramciclane,1,0.9520634399630492,0.9017414602500775,1.0,0.998819482667523,0
rasagiline,1,0.9484241394984334,0.9998099567345975,1.0,0.9975465209964787,3
reclazepam,1,0.8660068709194183,0.999943848466286,1.0,0.9996746228060623,0
remacemide,1,0.8764517088624756,0.18377397209377172,1.0,0.9956091644303537,2
remifentanil,1,0.7605069125540443,0.9999434463658753,1.0,0.9934080910980675,1
resocortol,1,0.8047419407614885,0.9637004721788005,1.0,0.9146615277863133,2
retigabine,1,0.8052658105771103,0.9742285428650899,1.0,0.9736273055194109,2
ricasetron,1,0.9098484901190803,0.9616254415546596,1.0,0.9986695959756621,0
rilmazafone,1,0.5219927223933268,0.16667386618003377,1.0,0.713830518132228,3
rimcazole,1,0.9478583395546767,0.9587494933842289,1.0,0.999955132673643,1
rimexolone,1,0.8766409668734843,0.9996414762656043,1.0,0.9932304043770994,1
ripazepam,1,0.86249110840963,0.9880374836219692,1.0,0.9998836710199251,2
rivastigmine,1,0.9310678588973075,0.26334409686853066,1.0,0.9938739210939546,2
robalzotan,1,0.8674238336489606,0.9922582578068504,1.0,0.9970018804856444,4
rociclovir,1,0.6663919478766123,0.9539006151232478,0.0,0.9963926657047076,4
rofelodine,1,0.9142777081904903,0.9986926187096823,1.0,0.9998561534794828,3
rofleponide,1,0.7033711655397957,0.9998400324535823,1.0,0.9985760433047352,0
rolicyprine,1,0.8410601116631095,0.9914797588393301,1.0,0.9989123986557147,4
rolipram,1,0.8983449883763321,0.9993614898321029,1.0,0.9921376408113399,2
romergoline,1,0.8211786661883632,0.9924379504665176,1.0,0.9128414837597632,3
romifidine,1,0.9108502538823977,0.9978133377852281,1.0,0.9959902222198527,3
ropinirole,1,0.9234554488064959,0.9771041189199017,1.0,0.9993954129703725,1
roxoperone,1,0.8634010067178504,0.9998980234220731,1.0,0.999672314091067,2
sabcomeline,1,0.8554936268731905,0.9957531400953878,1.0,0.9335480606784154,0
salicin,1,0.4794244448147144,0.3140421583373595,0.0,0.12020276918427712,3
salicylamide,1,0.8504321739825765,0.9370813715024261,0.0,0.8466829361666806,2
salsalate(salsalic-acid),1,0.7661554961770585,0.900446834069487,0.0,0.29406067430157784,2
sameridine,1,0.9460967194163753,0.999783533624186,1.0,0.9992022220104704,2
saripidem,1,0.9234321306360463,0.31231994217016235,1.0,0.9990803892652389,2
savoxepin,1,0.9229947175538206,0.9973380324417171,1.0,0.9843189798776919,3
selegiline,1,0.9683507610358734,0.9581281294672029,1.0,0.9994434525939568,2
semorphone,1,0.7436097710590679,0.9989197131938576,1.0,0.9926092242535117,0
sertindole,1,0.9132041904906156,0.999875787837815,1.0,0.9908049452913139,1
setiptiline,1,0.9645735112481079,0.9985266174489889,1.0,0.9996930284298046,3
sibopirdine,1,0.889615243842964,0.13323696037965474,0.0,0.734090750325032,4
sibutramine,1,0.9694116977760098,0.9957154924373748,1.0,0.9974754455021431,1
sifaprazine,1,0.9623573201366648,0.9985131949587187,1.0,0.9998778055534718,1
simvastatin,1,0.8067243469680149,0.7154711579160878,0.0,0.860226751863964,0
soretolide,1,0.8635746658837945,0.8246389783794367,1.0,0.9995697268354945,1
spiperone,1,0.8801903440367623,0.9958320949129559,1.0,0.9989048000092735,2
spiradoline,1,0.935944085806863,0.9993945838023222,1.0,0.9972025350940308,3
spiramide,1,0.8923176127167878,0.9987556984285125,1.0,0.9957351503171613,0
spirilene,1,0.9239848401128185,0.9988508329885601,1.0,0.9994630913835809,2
spiroxepin,1,0.9187388674890322,0.9919218707087537,1.0,0.9954059787885856,0
stacofylline,1,0.6557011671046605,0.9931935611041564,1.0,0.9503557224735126,1
stiripentol,1,0.9091239604480318,0.9569466460756121,1.0,0.973768926163772,4
suclofenide,1,0.6754836147553626,0.9821588456194713,1.0,0.9379707142215938,4
sulfamethoxazole(tiabendazole),1,0.6195370702597899,0.9467760058215167,1.0,0.9746094028057067,0
sulfonmethane,1,0.7791497363526783,0.8809445000642454,1.0,0.9264949159104005,0
sulmepride,1,0.6232723078886551,0.9764119286601441,1.0,0.7785741026307318,3
sulthiame(sultiame),1,0.6427796047226099,0.9930056325463265,1.0,0.9236482455483545,4
sultopride,1,0.7876020528833655,0.9969342874763655,1.0,0.9741111431991183,3
sumacetamol,1,0.7514112761481538,0.8003078653906168,1.0,0.9767496416496497,2
sunepitron,1,0.7982879076251777,0.938841397424591,1.0,0.9874775513590782,4
suproclone,1,0.7179508453411427,0.9992990101463082,1.0,0.9240379043215687,4
suriclone,1,0.7948954307238627,0.9992349009326116,1.0,0.9803150781945057,4
suritozole,1,0.9464574932100019,0.7040073087182283,1.0,0.9992133297929127,2
taglutimide(biglumide),1,0.7172190976935747,0.9566970691353835,1.0,0.9473142964658289,4
talopram,1,0.950450291132875,0.9999770802994741,1.0,0.999610523502587,2
talsupram,1,0.9603669840283907,0.8710407474406977,1.0,0.9981987813039347,4
taltrimide,1,0.729472810612068,0.9974985913702272,1.0,0.9956304526455744,3
tameridone,1,0.7311755937127301,0.9283849739068867,1.0,0.9445997450955771,1
tametraline,1,0.958897120640697,0.9990851516128588,1.0,0.9994489078323218,1
tamitinol,1,0.904623170603017,0.7144995588460907,1.0,0.989335065286204,2
tamolarizine,1,0.9095705827929069,0.9323401493179982,1.0,0.7402280351459531,4
tampramine,1,0.9348330375541645,0.9983505716429325,1.0,0.9948586205564959,4
tandamine,1,0.9632338082571463,0.4014259596041603,1.0,0.9999552664896493,1
tandospirone,1,0.7991515848906778,0.9253773394002199,1.0,0.9933163120585466,0
taniplon,1,0.7463318770820728,0.999013559258187,1.0,0.9858364938632477,0
tasosartan,1,0.6813571977381434,0.025611982853893583,0.0,0.9756437481673852,4
tazomeline,1,0.9305215044985252,0.9857935470121876,1.0,0.997780082631677,3
tefludazine,1,0.944719312250572,0.7527997979019814,1.0,0.9998899817758728,3
teflutixol,1,0.948177991193097,0.9913016289244105,1.0,0.9995737223971939,3
tenilsetam,1,0.8768260036867989,0.996548050478133,1.0,0.9996911004469222,0
tepirindole,1,0.9454924997538054,0.9999085931731934,1.0,0.9998977497916893,3
terguride,1,0.8741351309550497,0.9902416599466062,1.0,0.9996662519971887,1
tetrabarbital,1,0.7640239140284619,0.8992531669956659,1.0,0.7566313048431236,1
tetrabenazine(tetrabenzine),1,0.9108952256923116,0.8058038172460378,0.0,0.9435897661643787,1
tetrantoin,1,0.8631228044988508,0.8776697769900826,1.0,0.9959570887595075,2
thalidomide,1,0.7186414732834142,0.9231174511011828,1.0,0.9966688403677485,4
thebacon,1,0.8778169550404297,0.9953549546314976,1.0,0.9998205077087782,0
thialbarbital,1,0.8441949982022644,0.9984131890907453,1.0,0.9983070255425459,3
thiamylal,1,0.8420390648276379,0.9998523142260298,1.0,0.9982269678898006,3
thiazesim(tiazesim),1,0.9428822161017522,0.9993333357131716,1.0,0.9998336705945693,3
thiopropazate,1,0.92110771779592,0.9992305963313771,1.0,0.9980278668908152,0
thioproperazine,1,0.8918811145991359,0.9997152122920331,1.0,0.9997353085436672,0
thozalinone(tozalinone),1,0.8910581107911818,0.8726281161155621,1.0,0.9995609365198156,4
tiagabine,1,0.9144632760740257,0.6857969928050295,1.0,0.9613001370291175,3
tianeptine,1,0.7673277687108885,0.1180502086822476,1.0,0.9005494968295443,4
tienocarbine,1,0.947638320568279,0.9638932300185703,1.0,0.9996952433572027,4
tifemoxone,1,0.9203091784604426,0.9388279684994256,1.0,0.996963430454193,3
tilidine,1,0.9283836907680775,0.9904940336008434,1.0,0.9863455581393645,1
timelotem,1,0.9406528712202741,0.9966152016641115,1.0,0.9998081369867461,0
timiperone,1,0.9155906524811346,0.9675117738579756,1.0,0.9989061856194694,1
timirdine,1,0.8665977653649773,0.9842462027009975,1.0,0.9997514264505375,1
timobesone-acetate,1,0.7583373244164435,0.9996129170332319,1.0,0.9987078061830653,1
tinidazole,1,0.6297441637166001,0.9922248689724683,1.0,0.9514777651259015,1
tiomergine,1,0.9326158276661878,0.9999545240791796,1.0,0.9987627729869488,4
tioperidone,1,0.8654278076180336,0.9997936907476833,1.0,0.9977592213992311,4
tiospirone,1,0.8805217027862976,0.9999265255156121,1.0,0.9995941759197701,3
tipredane,1,0.9234600141561393,0.9996004358832247,1.0,0.930031876443004,1
tisocromide,1,0.6771327939496149,0.9958928529027455,0.0,0.8691606395782869,0
tixadil,1,0.9635460284493568,0.9552545131817284,1.0,0.9954518881023939,1
tixocortol,1,0.7996183458112932,0.815851300147895,1.0,0.7985807189656188,2
tixocortol-pivalate,1,0.7168826871670815,0.8628288553436619,1.0,0.9817988545228394,2
tofenacin,1,0.9497505592875226,0.9829285885386364,1.0,0.9974414299540464,2
tofisopam,1,0.8649446526780049,0.3609883932835528,1.0,0.6888800149401003,4
toloxychlorinol,1,0.8269448827911108,0.9864739569945837,1.0,0.9536927674909714,2
tolpiprazole,1,0.916874688511635,0.999899230759614,1.0,0.9998140367818822,3
tolquinzole,1,0.9293393192571645,0.9961930499719953,1.0,0.99980925943008,0
tolufazepam,1,0.8344816381711643,0.9994892393702303,1.0,0.9664627820776395,1
tonazocine,1,0.9183279518543612,0.9427687131041309,1.0,0.9987230368612207,2
topiramate,1,0.521637730423671,0.7828381679819951,1.0,0.8905329507638707,4
tracazolate,1,0.8108881694877899,0.9905963840820254,1.0,0.9923416595062717,1
tralonide,1,0.8820555682909581,0.9999978225569277,1.0,0.9987621260225311,2
tramadol,1,0.9115317188806558,0.4806654472746505,1.0,0.9994210127031646,0
trebenzomine,1,0.9494892059743701,0.99529046670089,1.0,0.9999100548983222,4
trefentanil,1,0.8121161040992785,0.9946549838130668,1.0,0.9987085122639707,3
triamcinolone-benetonide,1,0.4428499312868996,0.9999999355780546,1.0,0.9888708601559985,1
triamcinolone-furetonide,1,0.6362918677289864,0.9996604837305456,1.0,0.9918981074842533,3
tribromoethanol,1,0.9348078043677664,0.9865684904780161,1.0,0.9995177972712246,0
tricetamide,1,0.7834240570268899,0.9981992204946856,1.0,0.9904314496511494,2
triclodazol,1,0.8699955286328079,0.9982070821054488,1.0,0.9997374690926284,1
triclofos,1,0.7912256550654065,0.9791600689745832,1.0,0.9861876681421684,0
triclonide,1,0.8822692417600807,0.9999984241555743,1.0,0.9985266818145138,2
trimetrexate,1,0.5071177051891208,0.9997996762489635,1.0,0.9473086802048537,1
trizoxime,1,0.6556808887188598,0.9979425366695638,1.0,0.8498061058306885,4
trocimine,1,0.8915018452059752,0.8209629433136388,1.0,0.9993841985478947,4
tryptophan(l-tryptophan),1,0.7489874855232763,0.9860255655794365,0.0,0.8047427015220939,4
uldazepam,1,0.8923528849119888,0.9997891220882567,1.0,0.9991361166612328,0
umespirone,1,0.7214790838769305,0.9999867790360066,1.0,0.9168071689941705,0
urethane,1,0.8270006006565873,0.9981050957182749,1.0,0.9993218675374369,0
valaciclovir,1,0.23481668652948695,0.33668125972385377,1.0,0.40884090901743314,1
valdipromide,1,0.879729327791148,0.988274508897232,1.0,0.9997452672528178,0
valganciclovir(RS790702),1,0.14046304391171519,0.637521925668372,1.0,0.38396919510642946,1
valproatepivoxil,1,0.858787189473624,0.5443073036092859,0.0,0.9687667575575278,0
valtrate,1,0.6470264077593612,0.009160837714532825,0.0,0.9836071223860371,0
velnacrine,1,0.8289352418867815,0.49897616007337925,1.0,0.9806463650426874,3
venlafaxine,1,0.9234848725522984,0.7553870651307776,1.0,0.9544523899889219,1
veralipride,1,0.5780064477919752,0.9999180710268527,1.0,0.7234977933805464,3
vigabatrin,1,0.7867917850379438,0.8220024612739918,1.0,0.47996748210608225,0
viloxazine,1,0.8986209399102822,0.9970017410671327,1.0,0.9943426443224294,1
vinyl-ether,1,0.9409273436097456,0.8535621991622667,1.0,0.9991939849999701,0
vitamine(alpha-tocopherol),1,0.9533580726560344,0.873747347742168,1.0,0.8015849926691762,4
xaliproden,1,0.9717522666275464,0.9999378601431922,1.0,0.9990273359292992,4
xanthiol,1,0.9452150701552919,0.9028888265222713,1.0,0.9998017955857049,3
xorphanol,1,0.9473062486615693,0.9989749050430946,1.0,0.9980069106156096,2
xylazine,1,0.9317836820735784,0.9973995678018229,1.0,0.9998288722392196,3
zafuleptine,1,0.8983441328096076,0.8980536565203603,0.0,0.47073994389009144,2
zalospirone,1,0.8155680536457117,0.9112337120522684,1.0,0.9969938636557608,4
zetidoline,1,0.9337436804617563,0.9985141687862709,1.0,0.9997241888056011,1
ziprasidone,1,0.9002698692327356,0.9850813777159481,1.0,0.9994707954087331,3
zolazepam,1,0.8756903293970015,0.999916335300602,1.0,0.9999369507315345,3
zoloperone,1,0.8561609655819612,0.9965188402284939,1.0,0.999579837982362,4
zoniclezole,1,0.9110502111981406,0.9203373802069138,0.0,0.9945324279300545,2
zopiclone,1,0.7023737785217038,0.9974687067420995,1.0,0.9818835400895523,2
zotepine,1,0.9534148477358028,0.99602147524899,1.0,0.9704001543322561,0
zylofuramine,1,0.941631740626905,0.9370972106022608,1.0,0.9987072370379986,1
aceprometazine,1,0.94268337077365,0.9999959186615335,1.0,0.9980597747638054,3
adinazolam,1,0.8918501140012169,0.998807754033655,1.0,0.9991189423424162,1
albutoin,1,0.9291247061259199,0.9736943719342951,1.0,0.9430595281744734,2
alclometasone,1,0.6496076531223718,0.9999516125449878,1.0,0.9945974951701037,1
aletamine(alfetamine),1,0.9433943821102112,0.9765651241749298,1.0,0.9996594324064757,2
algestone,1,0.8033391301242853,0.9035253360521054,1.0,0.8265754567743634,2
alimemazine,1,0.9631311885348824,0.9997061110920872,1.0,0.9884604351795814,3
alpertine,1,0.8449986180791115,0.9997662436564843,1.0,0.973955120518552,4
alphaprodine(betaprodine),1,0.9362533362933253,0.999724308148069,1.0,0.9994817735448799,2
alpidem,1,0.9241796755120426,0.9676421156851512,1.0,0.9980496799926224,2
amebucort,1,0.6200539146764886,0.9998109848216289,1.0,0.9937539595891344,2
amedalin,1,0.9236478816779827,0.9999433870243698,1.0,0.9996800225938806,3
amfonelic-acid,1,0.7912925068593208,0.01720359894465341,0.0,0.2079867520583487,1
amiflamine,1,0.4560163129398028,0.96953984613105,0.0,0.6886755862638868,0
aminoglutethimide,1,0.7871990746885046,0.9462340023597502,1.0,0.990974299737457,4
aminopromazine,1,0.9614577174391807,0.9964801453606152,1.0,0.9951588747016593,3
amiperone,1,0.9211133265801754,0.9993289882986439,1.0,0.9988792217164016,3
amoxapine,1,0.9229755838018029,0.9858449354413557,1.0,0.9998083510184632,2
anisopirol,1,0.9179465149428266,0.9984903684864022,1.0,0.9990415413463382,1
aptazapine,1,0.9551075350800339,0.998750604633476,1.0,0.9998157493769058,3
arfendazam,1,0.8958180446773137,0.8383033223506342,1.0,0.9996044043465315,4
asimadoline,1,0.9115844426060858,0.27544645784199573,0.0,0.6956889285026793,4
atibeprone,1,0.8486604513224905,0.9643267830988151,0.0,0.6879681704400884,2
atropine(hyoscyamine),1,0.872155780623064,0.8969090511804357,0.0,0.8361244634453843,1
bazinaprine,1,0.7837273273378655,0.9493133504277323,1.0,0.99034880010588,3
beclomethasonedipropionate(beclometasone-dipropionate),1,0.5988135283149705,0.9999959278546823,1.0,0.9994486094977713,1
befuraline,1,0.91641699008179,0.9997642375931216,1.0,0.9995642919421581,1
beloxepin,1,0.9251512760338467,0.9997741190218542,1.0,0.9990431742229557,1
benmoxin,1,0.9151491459098152,0.9914160788067246,1.0,0.9965186110865552,2
benzobarbital,1,0.7399251999043057,0.9996366738252762,1.0,0.9980040123262489,3
benzoclidine,1,0.9144217126333908,0.20817461201249432,1.0,0.9913312382612814,0
benzoctamine,1,0.9554649819904285,0.9914216880716897,1.0,0.9995691004400364,4
benzphetamine(benzfetamine),1,0.9674356078569473,0.9840437556390019,1.0,0.9965759128548151,1
besipirdine,1,0.9467332331615723,0.808203858240502,1.0,0.9985289100953975,1
betamethadol,1,0.9468017101179538,0.9932150060436582,1.0,0.9952266030906082,2
betamethasone-acetate(dexamethasone-acetate),1,0.592279715578447,0.999988264666811,1.0,0.9981755278026672,1
betamethasone-dipropionate(dexamethasone-dipropionate),1,0.6157860276348617,0.9999923987396404,1.0,0.999726833482943,1
betamethasone-valerate,1,0.5948181425379038,0.9999967240037592,1.0,0.9994802836422838,1
bifemelane,1,0.9500582432617185,0.9956174638642451,1.0,0.946772950895694,2
binedaline,1,0.9579211326977257,0.8951187368800662,1.0,0.9998376903710757,1
brallobarbital,1,0.7576369960766451,0.9713285881597316,1.0,0.9466634497373879,1
brifentanil,1,0.7280235024831588,0.7864600827049574,1.0,0.9854178664970686,2
brofaromine,1,0.922898517629056,0.9996787703297406,1.0,0.9811628073696415,1
bromamid,1,0.929818343970639,0.9990374126275806,1.0,0.9998135980947661,2
bromodiphenhydramine(bromazine),1,0.9595590852966913,0.9972318846556235,1.0,0.9978197762483467,2
bromopride,1,0.8275914782965138,0.9963820719117035,1.0,0.9996698931883055,2
bromperidol-decanoate,1,0.9231077921845218,0.9995791825789472,1.0,0.9700902696483791,3
budesonide,1,0.7003899166235982,0.6118280055343746,1.0,0.9972857490588535,2
budipine,1,0.9696153658853321,0.9971030386121299,1.0,0.9994139554123682,1
bufenadrine,1,0.9609931541476724,0.8327120000896712,1.0,0.9963439430092204,2
buspirone,1,0.8155982768197426,0.9999738779199739,1.0,0.9998627520412597,2
butalbital,1,0.7563941098707428,0.96652393009867,1.0,0.5498046758125605,1
butamoxane,1,0.9198649059045632,0.9997916978330906,1.0,0.9989516960010837,3
butriptyline,1,0.9618283088067132,0.9995253668775431,1.0,0.9977092477332066,0
carbenzide,1,0.8923975527937509,0.9508703759032544,1.0,0.9847478543851276,2
carbocloral,1,0.8265459811434241,0.9149125163807742,1.0,0.9849704041984758,0
carbromal,1,0.7647847088428221,0.9993348318072377,1.0,0.9968194158140818,0
carfentanil,1,0.8942213592380504,0.9988739415752409,1.0,0.9724526974047484,4
carpipramine,1,0.8769499798573686,0.999549441256837,1.0,0.9997961452693053,1
carvotroline,1,0.9272348631476629,0.997095392144163,1.0,0.9995774897575769,4
cericlamine,1,0.9455154062234034,0.9917062729910225,1.0,0.9984440162931885,2
chlorcyclizine,1,0.9638106271128644,0.9981498806891156,1.0,0.9997276909955369,1
chlorobutanol,1,0.9242100906490504,0.9599894638103097,1.0,0.9985769016645836,0
chloroprednisone,1,0.6707711866616983,0.9997386675849336,1.0,0.9993554226129028,2
chloroserpidine,1,0.6738641817386598,0.9385348377692894,1.0,0.9563662904216134,3
chlorphenesin-carbamate,1,0.768465014334386,0.9888390931518123,1.0,0.9686744835017947,2
chlorphenoxamine,1,0.960376639761193,0.9990453028378616,1.0,0.9975964729633074,2
chlorthenoxazine,1,0.9034256196405708,0.9673113449537416,1.0,0.9997804887868759,4
cianopramine,1,0.9221097634036299,0.9997428402528493,1.0,0.9986457102796225,0
ciclazindol,1,0.9167273537668118,0.9999481553097641,1.0,0.9998620623875412,3
ciclopramine,1,0.9523783367151978,0.9877370997208131,1.0,0.999719129645924,4
cidoxepin,1,0.9605665293050101,0.9999829542725471,1.0,0.9997088691915497,2
ciladopa,1,0.8500338452972903,0.9175182584711273,1.0,0.9765926461113646,3
cinfenine,1,0.9612625781016444,0.9636518442987151,1.0,0.7562365185257827,2
cinitapride,1,0.599320759295319,0.6009458347477707,1.0,0.9802168903921308,2
cinperene,1,0.8827080335079572,0.9999309223660442,1.0,0.9903755950935719,0
cinromide,1,0.9366750930876714,0.9994347998952253,1.0,0.9999546377338953,2
cintriamide(cintramide),1,0.8184990370121772,0.9708727179578445,1.0,0.9997033581496465,2
cinuperone,1,0.9233651379066872,0.9997847293892518,1.0,0.999597739384229,2
citalopram,1,0.9248761933218786,0.9999161941263288,1.0,0.9998126016515392,2
citenamide,1,0.898612587736589,0.9971855547803272,1.0,0.9995993095901367,4
clazolam,1,0.9447762846491362,0.9996501686877194,1.0,0.9999528084507668,2
clemeprol,1,0.9459070540717169,0.9968874821017634,1.0,0.9980301108408056,2
climazolam,1,0.9269728943127562,0.9990211670124056,1.0,0.9799483543959586,0
clobetasol,1,0.7818893185014938,0.9999966218704581,1.0,0.9995318165414104,1
clobetasol-propionate,1,0.7618871968299614,0.9999977817892227,1.0,0.9976390112716214,1
clofexamide,1,0.9102599165417906,0.9700611586485517,1.0,0.9099029912765657,2
clomacran,1,0.9486169224266764,0.9999165991180115,1.0,0.9979388222526633,0
clopipazan,1,0.9527996022256844,0.9995987441059923,1.0,0.9995386060059777,0
clothiapine(clotiapine),1,0.944245342853843,0.9990417229726555,1.0,0.9998753256913276,0
clovoxamine,1,0.8732392799310208,0.8772740253088412,1.0,0.9420782449665128,2
cloxazolam,1,0.9093993672873063,0.19901370621863668,1.0,0.9998073212914811,3
cloxypendyl,1,0.9135439773675003,0.9845963710755639,1.0,0.999828607242991,3
cormethasoneacetate(cormetasone-acetate),1,0.6184356458024237,0.9991291358543349,1.0,0.9991451636769898,1
cropropamide,1,0.8873614944132958,0.9877936222366286,0.0,0.9978496163685533,0
cyamemazine,1,0.9306146387318399,0.9994631191599516,1.0,0.9977403097154225,3
cyclazodone,1,0.8678669745167237,0.7940265560882717,1.0,0.9991706350735812,4
cypenamine,1,0.9181810472414148,0.9853021476421888,1.0,0.9995826060809105,0
cyprazepam,1,0.8896953233891156,0.9373592037028892,1.0,0.998683245062623,4
dabelotine,1,0.9178766902938871,0.9952157926956938,1.0,0.9967005748163246,3
daledalin,1,0.9464822068426383,0.9873265988440549,1.0,0.9998916260885647,0
damotepine,1,0.9607018636697203,0.9925100172313502,1.0,0.9992194943361931,0
danitracen,1,0.9400207453476457,0.9959316384328041,1.0,0.9996647990442878,3
dapoxetine,1,0.9597941548526926,0.782246566027205,1.0,0.9802502492994641,4
darvon(dextropropoxypheneandlevopropoxyphene),1,0.9373332843751455,0.950523237614437,1.0,0.7925700022859506,2
dazepinil,1,0.9444923631371265,0.9993545472951038,1.0,0.9999091385184973,0
declenperone,1,0.8689499206311936,0.9993718522291658,1.0,0.9997448016610685,4
deflazacort,1,0.6630399612551013,0.9998997323081248,1.0,0.9933462550229186,4
delergotrile,1,0.9006310082081671,0.9611934708235502,0.0,0.9997874998373352,1
delorazepam,1,0.8971479220277682,0.9990384326173046,1.0,0.999686458426597,0
demexiptiline,1,0.9216423523418095,0.9382009570198576,1.0,0.9795980465810048,1
denzimol,1,0.9214892353760081,0.5988226151754136,0.0,0.8220074690496899,2
depramine,1,0.9620356817559793,0.9989342558600273,1.0,0.9996186957470109,3
desflurane,1,0.9466857762398367,0.7879857911226403,1.0,0.9997339047101839,0
desomorphine,1,0.911579674446943,0.9946304068447164,1.0,0.9985209036088328,0
dexclamol,1,0.9463174400101134,0.9998310068408109,1.0,0.9970978299824736,4
dextromoramide(levomoramideandracemoramide),1,0.9300111215542565,0.9963260516277866,1.0,0.9684585226546856,4
dextrorphan,1,0.9393499559330651,0.9984855840771589,1.0,0.9998990588146422,4
dezinamide,1,0.858254961093565,0.9591431826461271,1.0,0.9977736945556683,4
dezocine,1,0.8929909224602752,0.9849545441494607,1.0,0.9986761668414,4
diacetylnalorphine,1,0.8437849736223324,0.9996661985229796,1.0,0.9940163877618191,3
dibenzepin,1,0.9348335248048847,0.9998926135720185,1.0,0.9999189321075833,4
dicarbine,1,0.9468563852808398,0.9990641141224091,1.0,0.9996320780655137,4
dichlormezanone,1,0.8677040885216013,0.9887467797451649,1.0,0.9993999247774312,4
diclofensine,1,0.9593382022524406,0.9996689367861229,1.0,0.9971403584641874,4
diethazine,1,0.9631009345866207,0.9991084420276072,1.0,0.9862756575344697,3
difencloxazine,1,0.9462440837715926,0.9946294177604387,1.0,0.995922239336338,4
diflorasone-diacetate,1,0.5805483073317225,0.9999940653056852,1.0,0.9987859074642689,1
difluprednate,1,0.5893848800454433,0.9999954150755499,1.0,0.9998362547820886,1
dimemorfan,1,0.9651559492992219,0.9976282130228391,1.0,0.9999209480520599,4
dimeprozan,1,0.9471212828893794,0.9934973890239622,1.0,0.9977055410875735,1
dimesone,1,0.7828925380382484,0.9999307323521059,1.0,0.9986766463945406,1
dimetacrine,1,0.9583486498234907,0.9993612613971382,1.0,0.9994601088248043,0
dinazafone,1,0.8856474919619515,0.9981689552994498,1.0,0.9933837330431556,1
doliracetam,1,0.8467620409771816,0.9835775125981113,1.0,0.9974076952950639,2
dosulepin,1,0.969722158818197,0.9999328859675437,1.0,0.9996928388521912,2
doxefazepam,1,0.7816054607514836,0.9977039362655377,1.0,0.668071618279398,0
doxenitoin,1,0.8959321149127366,0.9946063904476629,1.0,0.9989034428311543,1
doxibetasol,1,0.7802513676842773,0.9999945155066358,1.0,0.9993975444705872,1
drocinonide,1,0.6994306771881226,0.6780827931550321,1.0,0.9827784507114565,2
dulozafone,1,0.7388730672495283,0.999291615688993,1.0,0.896046571213387,1
enpiprazole,1,0.940219043562442,0.9922369010287265,1.0,0.9998783550970076,3
enprazepine,1,0.963501113126647,0.9995551036000144,1.0,0.9999386037105067,4
eprobemide,1,0.9089510411258587,0.9987352995442933,1.0,0.9998600312184825,2
eptazocine,1,0.9457845378703563,0.863247799790967,1.0,0.9998155706061794,2
eterobarb,1,0.7534631158750997,0.9977523105452396,1.0,0.9995890741538335,1
ethotoin,1,0.8649017354421589,0.9982667639130237,1.0,0.9992150832462457,3
ethyl-chloride,1,0.8135173872260598,0.9585450123836732,1.0,0.9426769047378306,0
etizolam,1,0.8972940546109185,0.9999279222362057,1.0,0.9991593020751772,0
etrabamine,1,0.9182304450844007,0.8939366120755904,1.0,0.9996315405211037,0
etryptamine,1,0.8976975598017596,0.9856494301186448,1.0,0.9806368469295822,4
fenaclon,1,0.9365462561341322,0.9251993605030636,1.0,0.9991185866251582,2
fenadiazole,1,0.8578754236902943,0.9708313646468526,1.0,0.9978321117230312,4
fezolamine,1,0.9392106261873852,0.9987534754628701,1.0,0.9838779052815156,0
fletazepam,1,0.9566299416941788,0.9999622566090072,1.0,0.9994310707118109,2
fluanisone,1,0.9290376896608552,0.9991237847324161,1.0,0.9996850208075966,4
flucindol,1,0.9465333376735063,0.9999901083466578,1.0,0.9999438527554017,1
fluciprazine,1,0.9238818459386956,0.7087779654468407,1.0,0.9988229008307814,3
fludiazepam,1,0.9159286409651207,0.9999139346658189,1.0,0.9999025288282367,0
flumethasone(flumetasoneanddiflorasone),1,0.6465916194895919,0.9998901394392303,1.0,0.9946045425855149,1
flumethasone21pivalate(flumetasone-pivalate),1,0.6298713064428365,0.9999705153482861,1.0,0.9988968579538584,1
flunisolide,1,0.69573453893734,0.9949618135697621,1.0,0.999790492420672,2
flunisolide-acetate,1,0.6596255571326659,0.9999024957233944,1.0,0.9998711338349638,2
fluocinolone,1,0.4831865310963818,0.9999489224559692,1.0,0.9633502806353852,1
fluocinolone-acetonide,1,0.6943005273791442,0.9990677072193599,1.0,0.9998163525704479,2
fluocortin-butyl,1,0.7610462985409536,0.9969375803581323,1.0,0.9964060149953433,1
fluocortolone,1,0.7766421568490692,0.568915157574267,1.0,0.9899396364790107,1
fluorometholone,1,0.7802513676842773,0.9872863525769965,1.0,0.9994573424145293,1
fluperlapine,1,0.9469546371868345,0.9999860504315391,1.0,0.9999661242733541,1
fluperolone(fluperolone-acetate),1,0.6182448509614931,0.7435900576935102,1.0,0.9969776568656336,1
fluprednidene,1,0.6867538468473189,0.8493571397533262,0.0,0.6917716014218328,2
fluprednisolone,1,0.6422990087481403,0.8656177439482569,1.0,0.9799179287415789,1
fluprednisolone-valerate,1,0.6279547699898962,0.9991191123387709,1.0,0.9998366730967347,1
fluradoline,1,0.9506725530859271,0.9974186928376457,1.0,0.9996824559377312,2
flurandrenolide(fludroxycortide),1,0.6943341252792962,0.9991765067370076,1.0,0.9972412604564058,0
fluspiperone,1,0.8796968236914435,0.99296338274584,1.0,0.9987831885061819,2
flutoprazepam,1,0.9280524308684187,0.9999701533998849,1.0,0.9998440766912183,3
furfenorex,1,0.9494569306898476,0.9998078344995971,1.0,0.9985042092396053,4
galantamine,1,0.8883249688073283,0.9451292099824213,1.0,0.9992937607617084,0
gamfexine,1,0.9686489697156017,0.9697590189870281,1.0,0.9997009918250785,1
guanoxyfen,1,0.8192275262014569,0.9973602015854295,1.0,0.9432846369395038,2
halazepam,1,0.921048902513489,0.9985358109959911,1.0,0.9998771449503958,0
halometasone,1,0.6545388622047944,0.9999156289769965,1.0,0.994445128059388,1
heptabarb,1,0.7645336179788886,0.9936782722194258,1.0,0.9886236878004432,1
hepzidine,1,0.957598684900832,0.9995138846529035,1.0,0.9986880052748334,4
homochlorcyclizine,1,0.9639981761120859,0.9925051112683444,1.0,0.9995300694482834,4
homofenazine(homophenazine),1,0.9330502299885398,0.9983878549531594,1.0,0.999675807630222,0
hydrocortisone-acetate,1,0.6536059122101965,0.991544021744569,1.0,0.9870742280921984,2
hydrocortisone-buteprate,1,0.62156498256519,0.9992673958700679,1.0,0.9961445331536657,2
hydrocortisone-butyrate,1,0.657626357863667,0.9791140131792129,1.0,0.9828583610928647,2
hydromorphone,1,0.8641315326080522,0.9964246111208449,1.0,0.9996118919498025,0
hydroxypethidine,1,0.8903903543424441,0.9967690169803222,1.0,0.9872058801551802,2
icometasone-enbutate,1,0.5988135283149705,0.9999980200892075,1.0,0.9994733433053824,1
iminophenimide,1,0.835978085726299,0.9975517446601329,1.0,0.9968245980201602,4
indalpine,1,0.9259297710721976,0.9993909656356392,1.0,0.9987778724987587,3
intriptyline,1,0.9666278332189028,0.9967354061432365,1.0,0.9995462782481469,4
iprindole,1,0.9622335016202008,0.9989718197263673,1.0,0.9997609433359007,4
iproniazid,1,0.878306406241996,0.9933117438755691,1.0,0.9958394588957052,2
isomethadone,1,0.95117020299546,0.9987433544440135,1.0,0.9925589768011288,2
isoprednidene,1,0.6664992360948675,0.990868495991914,1.0,0.961727324216337,0
isothamine(profenamine),1,0.9638022114231106,0.999493655221173,1.0,0.9752274088715533,3
ketipramine(ketimipramine),1,0.9417591781564202,0.9995552295297027,1.0,0.9999124426940378,4
ketorfanol,1,0.9071805057713028,0.9995172866206917,1.0,0.9909140684081041,3
levodopa,1,0.6408814779320947,0.5915058410598306,1.0,0.854417420969062,2
levomepromazine,1,0.954174805955867,0.9997265142097055,1.0,0.9692710546216987,3
levoprotiline(oxaprotiline),1,0.9260445204355882,0.9747570334597391,1.0,0.970913258956051,4
lirequinil,1,0.8980091629909649,0.9834351029473329,1.0,0.9862687745308504,4
litoxetine,1,0.9423102612568187,0.9746075232624194,1.0,0.9980106383562825,4
lobeline,1,0.91611651105945,0.9152385355062085,0.0,0.4892425776050794,4
lodaxaprine,1,0.8795523338928293,0.554782736358753,1.0,0.9984714879731176,3
lorcinadol,1,0.9300590397826703,0.9990335450157979,1.0,0.9999279178601497,2
loreclezole,1,0.9247731240796168,0.9897629062030745,0.0,0.9919357304982606,3
losindole,1,0.9664237755958854,0.9809057458505399,1.0,0.9989543835957035,3
maroxepin,1,0.9580756369911305,0.9973719438865295,1.0,0.9998504278899303,4
mazapertine,1,0.9220303043546954,0.9991883658761678,1.0,0.9791208027076885,1
medifoxamine,1,0.948493679071318,0.934778557206766,0.0,0.955406802786552,2
mefeclorazine,1,0.943619048858917,0.9914822497536956,1.0,0.9984177272957426,3
menitrazepam,1,0.7918906339857412,0.9422344793457725,1.0,0.9991213260281024,4
mephenytoin,1,0.8673578448978838,0.9989998935150679,1.0,0.99995293718641,3
mephobarbital(methylphenobarbital),1,0.7999483675634443,0.9945757956770667,1.0,0.9996947959735483,1
mepiprazole,1,0.9191545648149708,0.9998764706065105,1.0,0.9998718726736058,3
meprednisone,1,0.7090407486698487,0.008147843818007289,0.0,0.6472832868488388,2
metaclazepam,1,0.9430314200827674,0.9997199192894649,1.0,0.9999377399505733,2
metamfepramone,1,0.9500467390307152,0.9984438025797083,1.0,0.9978999655303175,2
metapramine,1,0.9432108885430969,0.990113581036645,1.0,0.9996965081172395,0
metaxalone,1,0.8801085251380404,0.9998395451744855,1.0,0.9928477003725067,4
metazocine,1,0.945780883084138,0.995822514275319,1.0,0.9998477842162442,2
metetoin,1,0.8673578448978838,0.9956562731963383,1.0,0.9998473927929118,3
methadone(levomethadone),1,0.9514641833378638,0.7881721982789919,1.0,0.9937592412579065,2
methastyridone,1,0.9056651492150005,0.999395071034718,1.0,0.999556051079181,1
methiomeprazine(levometiomeprazine),1,0.9654953886143485,0.9997649272311095,1.0,0.9854648173073213,3
methsuximide(mesuximide),1,0.9200267549140888,0.9998199528432566,1.0,0.9999545369695332,2
methylprednisolone,1,0.6474509218181805,0.887205771181579,1.0,0.9430790962628763,1
methylprednisolone-aceponate,1,0.6149860821123482,0.999117990782002,1.0,0.9989872892955209,1
methylprednisolone-acetate,1,0.3499390551437076,0.9994259490306369,1.0,0.9329870645071717,1
metitepine(methiothepin),1,0.9654171336287937,0.9993293319339075,1.0,0.9998921099676674,4
metomidate,1,0.878693427503754,0.8706798411814686,1.0,0.9952885187502932,0
mezepine,1,0.950658040566035,0.99987473745992,1.0,0.9998660370637307,3
midazolam(midazolammaleate),1,0.9248502309700718,0.9973650797818374,1.0,0.9832628738653248,0
milenperone,1,0.8753358746841071,0.9940503269703248,1.0,0.9997031028293321,4
milipertine,1,0.8957282438695393,0.9998007083821566,1.0,0.9963160468838621,4
milnacipran,1,0.8820579908208612,0.9991530539671188,1.0,0.9999357296885999,3
mindoperone,1,0.9074593993441106,0.9993606607327451,1.0,0.9948359806006749,1
mirfentanil,1,0.8516012513233504,0.9964574222831005,1.0,0.9975098018354928,2
modaline,1,0.9181184063728766,0.9621385414248114,0.0,0.9940431806927443,3
mofegiline,1,0.9432752175205577,0.9940648288762793,1.0,0.9996639786910259,2
molindone,1,0.9011313353598264,0.9662755138759477,1.0,0.998369903509658,2
nafenodone(dexnafenodone),1,0.9506989662324553,0.9999053307593996,1.0,0.9996529549086651,2
napitane,1,0.9480041731786623,0.46457640952709095,1.0,0.9729752654940614,4
naranol,1,0.9220473894477963,0.9722700227077289,1.0,0.993138223911462,3
nealbarbital,1,0.7611304580120175,0.9967255058044088,1.0,0.8156329795594537,1
nebracetam,1,0.8987118173841186,0.9989864552936173,1.0,0.9998640528976531,2
nefopam,1,0.9545355314940934,0.9981025952365328,1.0,0.9998072114981525,4
nemonapride,1,0.8845683971086019,0.9999490445333957,1.0,0.9992875302956123,4
nerisopam,1,0.8222369962347206,0.9957068563622106,1.0,0.9885704145818948,4
nicodicodine,1,0.8582147786091581,0.999092116693311,1.0,0.9951028573757783,4
nonaperone,1,0.9448446723977196,0.9966180882507217,1.0,0.997815382722921,3
norcodeine,1,0.8751145888618906,0.6292830401898187,1.0,0.9857483927773183,3
normethadone,1,0.951054685767954,0.9754354875690349,1.0,0.9955278440826751,2
ocfentanil,1,0.9290748330796681,0.2110024717022183,1.0,0.9940331010575729,4
odapipam,1,0.9256802660986477,0.9669425762966006,1.0,0.9988846397030469,1
olanzapine,1,0.9199959578766744,0.5838508338602498,1.0,0.9996941550162342,1
opipramol,1,0.9251382260806864,0.9741229919299649,1.0,0.999816010712031,0
oxanamide,1,0.8505716490357492,0.9923311720331974,1.0,0.9991306790252655,1
oxazolam,1,0.9068322835987277,0.24965221377200042,1.0,0.9992291078615623,3
oxilorphan,1,0.9017189101115166,0.9996476398055604,1.0,0.9982976989480669,4
oxomemazine,1,0.9058744581965981,0.9955162904136596,1.0,0.9992049564391082,1
oxypertine,1,0.9155863352264476,0.9994579419379231,1.0,0.9989678555966717,4
oxyridazine,1,0.9506763209533026,0.9975641234738628,1.0,0.9993274718847404,0
paracetamol(acetaminophen),1,0.8955927723379252,0.18647607868527463,1.0,0.772028097580442,2
paramethadione,1,0.8581595500681148,0.9967795856864422,1.0,0.9995633365953036,0
paramethasone,1,0.6458189230527194,0.9974186335044227,1.0,0.9732403428525822,1
parapropamol,1,0.8964223685668692,0.6490634594474864,0.0,0.7169561516585881,2
paraxazone,1,0.7645782980446705,0.9999213596617298,1.0,0.9994621897013267,3
penciclovir,1,0.3536908417875407,0.9888170860336459,1.0,0.8388971999942958,1
pentamoxane,1,0.9213817930693003,0.9998994436849615,1.0,0.9899258602918369,3
pentylenetetrazole(pentetrazol),1,0.906435799801485,0.9974533037722129,1.0,0.9849804816369839,2
periciazine,1,0.8873139499861311,0.9763631512318056,1.0,0.9987417584863068,3
perimetazine,1,0.9258206736852147,0.9974264899374309,1.0,0.9799097172418815,3
perisoxal,1,0.8841430982107245,0.9814378861828689,1.0,0.9995933398216273,4
phacetoperane,1,0.9078487117484374,0.9981864665415108,1.0,0.984542210801703,4
phenaglycodol,1,0.9165007097256463,0.9969581704608926,1.0,0.9929388687015511,2
phendimetrazine,1,0.9430731405342799,0.9939136898940288,1.0,0.9999131238905357,0
phenelzine,1,0.9195620278822448,0.9382899404535163,0.0,0.963932211994083,2
pheniprazine,1,0.9202129030860977,0.9881508004087419,1.0,0.9968551968997597,2
phenomorphan,1,0.9470517716965713,0.9976008025099525,1.0,0.9982819090461468,4
pimethixene,1,0.9677470059847659,0.9995821010478432,1.0,0.9997668769515283,4
piminodine,1,0.9113405070745353,0.9981669271807294,1.0,0.9962078535365804,3
pinazepam,1,0.915970625303296,0.9977859144838934,1.0,0.999926929018865,0
pipotiazine,1,0.8622476239161335,0.9998955031290879,1.0,0.990325116624735,3
pipradrol,1,0.9209883269751002,0.9696226171778619,1.0,0.9863679031562655,3
piribedil,1,0.8733836731169307,0.9983660109109681,1.0,0.993098112007739,4
pizotifen,1,0.9662689449586587,0.9990707129137434,1.0,0.9997560412599239,3
prazepine,1,0.9571433539548693,0.9998227552215307,1.0,0.9995783849530568,0
prednisolone-acetate,1,0.611344154630715,0.9992342882228811,1.0,0.9981848998568725,1
prednisolone-hemisuccinate,1,0.30729962450954335,0.9998290305611192,1.0,0.9870832424656377,1
prednival,1,0.6296218765690732,0.9993736464398737,1.0,0.9984786635009303,1
premazepam,1,0.8871047339409663,0.9774304680483749,1.0,0.9998218676165542,4
prideperone,1,0.751484450381201,0.9999626322069302,1.0,0.9928317081400703,0
procinonide,1,0.6601054447954194,0.9999916774526724,1.0,0.9998494760435566,2
profexalone,1,0.831782726356896,0.9999840136679121,1.0,0.9987264213790379,0
promethazine,1,0.9623872882712162,0.9999746882269437,1.0,0.9948206898104336,3
propoxate,1,0.8838756367782115,0.9788684717253372,1.0,0.9925936529378773,0
prosulpride,1,0.6325737228137192,0.9992532917729101,1.0,0.9083148239792997,3
prothipendyl,1,0.9477827353202687,0.9931515146759526,1.0,0.9988606589704407,4
pyrithyldione,1,0.869440068537893,0.9994786369073897,1.0,0.9985942875998746,3
pyrovalerone,1,0.9448657816547645,0.9676548097681146,1.0,0.999436624166891,4
quinupramine,1,0.964645559867779,0.9995931103438145,1.0,0.9998419056460284,1
ralitoline,1,0.8842382113073857,0.9933558697610426,1.0,0.999847926416321,4
razobazam,1,0.7945465446325936,0.9999216582144104,1.0,0.9991611073168165,1
reboxetine,1,0.9084614493842844,0.9934180568861684,1.0,0.9815489267535307,1
remoxipride,1,0.8881184387662412,0.9893154634216138,1.0,0.9996028291163909,3
revospirone,1,0.7238005564757203,0.9900682361087569,1.0,0.9930111822862789,4
rilapine,1,0.9362699958606078,0.9258328901849239,1.0,0.9995358385230954,4
riluzole,1,0.8848076035707002,0.9713467885858034,1.0,0.9806689838484486,1
roflurane,1,0.9474554210456999,0.8817791044880675,1.0,0.9993478358063266,0
roletamide,1,0.8836522269782411,0.9997188377740748,1.0,0.9982813920473186,3
rolziracetam,1,0.8942976493110315,0.9983935994324811,1.0,0.9965571557854395,4
ropizine,1,0.9326800581680581,0.9963986852688017,1.0,0.984791531715625,3
rufinamide,1,0.7542776601025788,0.9945896460765988,1.0,0.9919820042037628,0
sabeluzole,1,0.8866078612948661,0.9608839554518913,1.0,0.9954886949472803,0
seproxetine,1,0.9239763409034538,0.588410297058364,1.0,0.9460749553641751,1
setoperone,1,0.8708462819883374,0.9997757419403347,1.0,0.9987756155415979,2
sipatrigine,1,0.863789219880232,0.8928114978100257,1.0,0.9962326318333127,3
spiclamine,1,0.943261131645168,0.9998228297637269,1.0,0.9924747201513622,4
spiroxatrine,1,0.862111233917572,0.9997081416014599,1.0,0.9960506507257213,0
sulazepam,1,0.9538058262714952,0.9993465831196812,1.0,0.9999463301257572,4
sulfonethylmethane,1,0.7833825231149025,0.757531778727691,1.0,0.9406712773557964,0
sulpiride,1,0.6279348647568133,0.9987976986915338,1.0,0.9142758065955946,3
supidimide,1,0.7470669166316426,0.983014007144756,1.0,0.9888302819334056,2
taclamine,1,0.9672594500459716,0.99987915882113,1.0,0.9997736264491899,4
talbutal,1,0.7563941098707428,0.9748077101217361,1.0,0.6176535178660075,1
tenilapine,1,0.9096146414015573,0.9860573494367065,1.0,0.9998998093090123,2
teniloxazine,1,0.9271783423787782,0.997264205939091,1.0,0.9984775067690642,4
tetrazepam,1,0.9268916053646523,0.996385541209511,1.0,0.9999176354651684,4
thiotetrabarbital,1,0.8422874371675143,0.9981798855357671,1.0,0.9985371911262727,3
tiapride,1,0.7883360927458976,0.977698670475232,1.0,0.9880378270184288,2
ticabesone(ticabesone-propionate),1,0.7617539366583648,0.9998051720531096,1.0,0.9923417496583297,1
tienopramine,1,0.9578856166868638,0.9998157730330484,1.0,0.9997302356127328,0
tiflucarbine,1,0.9499921636221093,0.9977563314551336,1.0,0.9996879393202217,4
tiletamine,1,0.9167882980075444,0.9779978457754916,1.0,0.9996211296952179,0
timobesone,1,0.7829801308677301,0.9996139079489237,1.0,0.9992102934908283,1
tolboxane,1,0.9442576535163058,0.9896316739434268,1.0,0.9993275977303319,4
toloxatone,1,0.864196085969406,0.9982195228204317,1.0,0.9991962757296002,3
tomoxetine,1,0.9464383157329922,0.996989008502824,1.0,0.9990721710169707,1
toprilidine,1,0.932328778840411,0.9990973173059158,1.0,0.9996811911676694,4
trepipam(trimopam),1,0.9438639483094752,0.9836878982960879,1.0,0.9996813320732466,1
triamcinolone-acetonide,1,0.697091658203776,0.8450413966740393,1.0,0.9981913360351256,2
triamcinolone-diacetate,1,0.4160031038094693,0.9999790672223263,1.0,0.9961716943686567,1
triamcinolone-hexacetonide,1,0.6675754714390173,0.9983490245386352,1.0,0.9993719371133318,2
triclacetamol,1,0.8953797969104133,0.472813720096139,0.0,0.9224960213956465,2
triflubazam,1,0.9096530816344115,0.9999835598153263,1.0,0.9996077284816678,3
trifluomeprazine,1,0.9665757388068335,0.9999231720977904,1.0,0.9899232688406588,3
trifluoperazine,1,0.9592906458070816,0.999930992084221,1.0,0.9996959615576213,0
trimethadione,1,0.8551176971532655,0.9989813755159191,1.0,0.999462816727276,0
tropapride,1,0.8774276689867091,0.999962286575445,1.0,0.9995067198629236,0
tuclazepam,1,0.9244349828566321,0.999383328513825,1.0,0.9998474628333841,2
ulobetasol,1,0.7806688299828993,0.9999951278906577,1.0,0.9994623382105122,1
valdetamide,1,0.8733796350337648,0.9896826302087337,1.0,0.9997917765631594,0
valnoctamide,1,0.8711046099368629,0.4358736770069415,1.0,0.9995732262140722,0
valperinol,1,0.8812577551947115,0.9698710256168827,0.0,0.9753898271412068,2
valpromide,1,0.871642508056946,0.03180267642170674,1.0,0.9993247656202005,0
vinbarbital,1,0.7583276914999958,0.007575361510738259,1.0,0.8805458688176188,1
vinylbital,1,0.7563941098707428,0.9826676608357346,1.0,0.5856405788517757,1
viqualine,1,0.9264655400857041,0.9346145235823482,1.0,0.6290000244819991,4
xanomeline,1,0.9088101330955026,0.6460097079483927,1.0,0.9951371459120923,3
zaleplon,1,0.7968925324241614,0.744577149494367,1.0,0.9644999572991818,4
zimeldine,1,0.9530061529929823,0.8465984243006002,1.0,0.9890103798118369,3
zomebazam,1,0.8627861117335409,0.9965554869568098,1.0,0.9998639821137689,2
zometapine,1,0.9145017083935613,0.9973378220579919,1.0,0.9997794964686154,2
nitrous-oxide,1,0.81555460145597,0.9824545883205894,1.0,0.9821732439047907,0
licostinel,1,0.5505124251313995,0.9997317319056789,1.0,0.15745990345318994,3
ademetionine(adenosyl-methionine),1,0.12524884444530424,0.002769353676440807,0.0,0.3589916759132803,4
mesocarb,1,0.7928428822379956,0.10439925122470967,0.0,0.9236036411315441,3
tofisoline,1,0.8412941067794002,0.99911596524035,1.0,0.9688274603469814,1
azidamfenicol,1,0.26187077534743186,0.02965062275651169,0.0,0.22716555706123187,2
