identifier,canonical,ambiguous
MONDO:MONDO:0012063,,True
Orphanet:137902,,True
OMIM:617306,,True
MedGen:C0018051,,True
OMIM:254800,,True
MedGen:C3805604,,True
MedGen:C3502353,,True
MedGen:C1969052,,True
OMIM:228900,,True
MONDO:MONDO:0009655,,True
OMIM:253550,,True
OMIM:605375,,True
Orphanet:37553,,True
MedGen:C3887506,,True
Orphanet:289539,,True
MONDO:MONDO:0004450,,True
OMIM:615952,,True
OMIM:614849,,True
OMIM:618348,,True
OMIM:618400,,True
MONDO:MONDO:0013052,,True
OMIM:616325,,True
OMIM:266140,,True
OMIM:613830,,True
MedGen:C1970686,,True
MedGen:C3809356,,True
MedGen:C1840069,,True
MONDO:MONDO:0012683,,True
Orphanet:79238,,True
OMIM:608647,,True
OMIM:608389,,True
MedGen:C4024927,,True
Orphanet:228346,,True
Orphanet:610,,True
Orphanet:231662,,True
MONDO:MONDO:0011585,,True
Orphanet:2789,,True
OMIM:155100,,True
MedGen:C1857853,,True
MONDO:MONDO:0013917,,True
Orphanet:93268,,True
MedGen:C0741494,,True
Orphanet:90025,,True
OMIM:227645,,True
Orphanet:2177,,True
MONDO:MONDO:0014612,,True
OMIM:613862,,True
MedGen:C0432283,,True
Orphanet:2076,,True
MONDO:MONDO:0008927,,True
MedGen:C2674705,,True
MedGen:C1866495,,True
MedGen:C2986382,,True
MedGen:C4049796,,True
MedGen:C3538951,,True
MONDO:MONDO:0010522,,True
OMIM:600059,,True
OMIM:616651,,True
MedGen:C3714927,,True
Orphanet:70594,,True
OMIM:602540,,True
MedGen:C1863051,,True
OMIM:117360,,True
OMIM:266280,,True
MONDO:MONDO:0009653,,True
MedGen:C2673874,,True
OMIM:134610,,True
MedGen:C0023798,,True
MONDO:MONDO:0005044,,True
Orphanet:140997,,True
OMIM:300004,,True
OMIM:613684,,True
MONDO:MONDO:0013385,,True
OMIM:615829,,True
MedGen:C2673431,,True
OMIM:613550,,True
MONDO:MONDO:0054680,,True
MONDO:MONDO:0019336,,True
MedGen:C0271844,,True
OMIM:616654,,True
MONDO:MONDO:0007893,,True
MONDO:MONDO:0014954,,True
Orphanet:324708,,True
MedGen:C0030421,,True
MONDO:MONDO:0016333,,True
OMIM:618587,,True
MedGen:C4014962,,True
MedGen:C3808899,,True
MedGen:C0740394,,True
MONDO:MONDO:0012450,,True
MONDO:MONDO:0012834,,True
MedGen:C0007959,,True
MONDO:MONDO:0008955,,True
MONDO:MONDO:0011756,,True
Orphanet:352737,,True
MONDO:MONDO:0012106,,True
OMIM:123320,,True
OMIM:160150,,True
MedGen:C4693860,,True
MedGen:C0403553,,True
Orphanet:51208,,True
MedGen:C2748610,,True
MedGen:C4014681,,True
MedGen:C1842028,,True
MedGen:C1863012,,True
Orphanet:284417,,True
OMIM:611498,,True
OMIM:617394,,True
OMIM:267010,,True
Orphanet:134,,True
MedGen:C1846009,,True
Orphanet:98823,,True
OMIM:617140,,True
MedGen:C1856115,,True
MedGen:C1969053,,True
OMIM:308300,,True
MONDO:MONDO:0005106,,True
OMIM:137600,,True
Orphanet:100,,True
MedGen:C3280660,,True
OMIM:609286,,True
OMIM:601071,,True
MONDO:MONDO:0008087,,True
MedGen:C3280120,,True
MedGen:C4012454,,True
MONDO:MONDO:0014699,,True
MedGen:C1858673,,True
MedGen:C3151295,,True
Orphanet:739,,True
MONDO:MONDO:0018872,,True
OMIM:613071,,True
Orphanet:3421,,True
MedGen:C2828721,,True
Orphanet:886,,True
MONDO:MONDO:0020766,,True
MONDO:MONDO:0008672,,True
MONDO:MONDO:0001734,,True
OMIM:615481,,True
MedGen:C0396023,,True
MONDO:MONDO:0013869,,True
Orphanet:369837,,True
MedGen:C1860488,,True
MedGen:C2697932,,True
MedGen:C0011813,,True
MONDO:MONDO:0011873,,True
Orphanet:93581,,True
OMIM:616411,,True
MONDO:MONDO:0008746,,True
MONDO:MONDO:0011920,,True
MONDO:MONDO:0013500,,True
MedGen:C1846460,,True
MedGen:C3888007,,True
MONDO:MONDO:0009889,,True
MONDO:MONDO:0008266,,True
MedGen:C3150987,,True
Orphanet:220493,,True
MedGen:C1833382,,True
OMIM:615544,,True
MedGen:C5231417,,True
MedGen:C0684249,,True
MONDO:MONDO:0011338,,True
OMIM:602342,,True
MedGen:C0012634,,True
MedGen:C4024790,,True
MedGen:C0162283,,True
Orphanet:199315,,True
MONDO:MONDO:0008964,,True
MedGen:C4024726,,True
MONDO:MONDO:0011510,,True
OMIM:132800,,True
OMIM:612924,,True
MedGen:C4016055,,True
MONDO:MONDO:0015353,,True
Orphanet:593,,True
Orphanet:2950,,True
MedGen:C4017784,,True
MedGen:C4024923,,True
MedGen:C4015671,,True
OMIM:611090,,True
MedGen:C1835928,,True
MedGen:C0268338,,True
OMIM:612923,,True
MedGen:C1836448,,True
MedGen:C1854467,,True
MedGen:C2751593,,True
MedGen:C1836081,,True
OMIM:231300,,True
MedGen:C2750720,,True
MONDO:MONDO:0012743,,True
MONDO:MONDO:0008922,,True
MedGen:C1864996,,True
MONDO:MONDO:0013323,,True
OMIM:613769,,True
OMIM:145400,,True
MONDO:MONDO:0013281,,True
MedGen:C4282400,,True
OMIM:160800,,True
MedGen:C0162834,,True
MedGen:C1835054,,True
MONDO:MONDO:0019530,,True
MONDO:MONDO:0007493,,True
MedGen:C1856974,,True
OMIM:222765,,True
MONDO:MONDO:0011156,,True
MONDO:MONDO:0010373,,True
OMIM:229100,,True
MedGen:C3808953,,True
MedGen:C4283893,,True
OMIM:613712,,True
MONDO:MONDO:0013390,,True
OMIM:314580,,True
OMIM:112200,,True
MedGen:C4022839,,True
Orphanet:71277,,True
MONDO:MONDO:0012676,,True
OMIM:184840,,True
MedGen:C4284414,,True
MedGen:C1858916,,True
MedGen:C4025616,,True
MedGen:C4016099,,True
OMIM:240500,,True
MedGen:C0268353,,True
MONDO:MONDO:0007163,,True
MONDO:MONDO:0010912,,True
OMIM:618447,,True
MONDO:MONDO:0044302,,True
MONDO:MONDO:0018770,,True
MONDO:MONDO:0014711,,True
MONDO:MONDO:0008055,,True
MedGen:C3665342,,True
OMIM:119540,,True
OMIM:311300,,True
MedGen:C0265223,,True
MedGen:C1611706,,True
MONDO:MONDO:0010537,,True
MONDO:MONDO:0013277,,True
MedGen:C1969621,,True
MedGen:C0948368,,True
MedGen:C1837857,,True
MedGen:C1842180,,True
MedGen:C0221356,,True
OMIM:616279,,True
Orphanet:3440,,True
MedGen:C0025210,,True
MONDO:MONDO:0011054,,True
MedGen:C2750234,,True
OMIM:616307,,True
MONDO:MONDO:0013114,,True
OMIM:613954,,True
OMIM:500000,,True
OMIM:156250,,True
OMIM:255100,,True
MedGen:C0152264,,True
MedGen:C0024814,,True
OMIM:153800,,True
MONDO:MONDO:0007903,,True
MONDO:MONDO:0010135,,True
Orphanet:79502,,True
OMIM:166900,,True
Orphanet:1172,,True
OMIM:614456,,True
OMIM:618862,,True
Orphanet:29,,True
MedGen:C1861923,,True
MONDO:MONDO:0009376,,True
MONDO:MONDO:0010635,,True
OMIM:305400,,True
MONDO:MONDO:0011743,,True
MONDO:MONDO:0013788,,True
Orphanet:363654,,True
MONDO:MONDO:0014869,,True
MedGen:C0007137,,True
MONDO:MONDO:0012276,,True
OMIM:300755,,True
OMIM:170500,,True
MONDO:MONDO:0011226,,True
OMIM:614504,,True
MONDO:MONDO:0014436,,True
MedGen:C1838703,,True
MONDO:MONDO:0013519,,True
MONDO:MONDO:0032684,,True
MedGen:C5231464,,True
MONDO:MONDO:0015411,,True
OMIM:611521,,True
MedGen:C0221629,,True
OMIM:615248,,True
MedGen:C3809710,,True
Orphanet:1496,,True
MONDO:MONDO:0014693,,True
OMIM:153630,,True
OMIM:300497,,True
OMIM:271980,,True
MONDO:MONDO:0011966,,True
MedGen:C3151970,,True
MONDO:MONDO:0009287,,True
MONDO:MONDO:0004763,,True
OMIM:601583,,True
MedGen:C1865572,,True
OMIM:162900,,True
MedGen:C2678473,,True
MedGen:C1835897,,True
MedGen:C0151529,,True
MedGen:C0011854,,True
Orphanet:207085,,True
MONDO:MONDO:0010238,,True
Orphanet:276435,,True
Orphanet:88673,,True
MedGen:C4016349,,True
OMIM:207500,,True
Orphanet:199306,,True
MONDO:MONDO:0012431,,True
MONDO:MONDO:0012299,,True
MONDO:MONDO:0009968,,True
MONDO:MONDO:0013558,,True
OMIM:230500,,True
MedGen:C0746674,,True
MedGen:C4023070,,True
OMIM:614200,,True
OMIM:155720,,True
MedGen:C1832322,,True
Orphanet:347,,True
MONDO:MONDO:0012432,,True
Orphanet:819,,True
MONDO:MONDO:0012200,,True
OMIM:168500,,True
MONDO:MONDO:0012136,,True
MedGen:C0017551,,True
MedGen:C4748135,,True
OMIM:614300,,True
OMIM:618108,,True
MedGen:C0234166,,True
OMIM:226730,,True
MedGen:C3150700,,True
OMIM:300539,,True
MedGen:C3808184,,True
MedGen:C0240231,,True
MONDO:MONDO:0015925,,True
MedGen:C0268596,,True
MedGen:C1837355,,True
OMIM:612286,,True
OMIM:613850,,True
MONDO:MONDO:0010026,,True
MedGen:C0151611,,True
MedGen:C0022716,,True
MONDO:MONDO:0008561,,True
OMIM:300489,,True
Orphanet:758,,True
MedGen:C0559758,,True
OMIM:230900,,True
MedGen:C1854107,,True
OMIM:605820,,True
MONDO:MONDO:0008082,,True
MONDO:MONDO:0007483,,True
OMIM:108770,,True
MedGen:C3151268,,True
Orphanet:391411,,True
MedGen:C4025877,,True
OMIM:612925,,True
OMIM:617330,,True
MedGen:C4274391,,True
OMIM:600882,,True
MONDO:MONDO:0018135,,True
OMIM:151210,,True
MedGen:C0039070,,True
Orphanet:1429,,True
OMIM:608323,,True
OMIM:614432,,True
MedGen:C1846175,,True
OMIM:617882,,True
MedGen:C0008780,,True
MedGen:C3280977,,True
MONDO:MONDO:0014287,,True
MedGen:C0240701,,True
MedGen:C3496337,,True
MONDO:MONDO:0010477,,True
Orphanet:2473,,True
MONDO:MONDO:0011717,,True
MedGen:C3164445,,True
MedGen:C2676788,,True
MedGen:C4539985,,True
OMIM:155600,,True
OMIM:617168,,True
MedGen:C0234162,,True
Orphanet:2131,,True
Orphanet:404454,,True
OMIM:603552,,True
OMIM:158901,,True
OMIM:110100,,True
MedGen:C4281785,,True
OMIM:613873,,True
MONDO:MONDO:0009741,,True
MONDO:MONDO:0012097,,True
OMIM:609579,,True
MONDO:MONDO:0013384,,True
Orphanet:79264,,True
MONDO:MONDO:0013726,,True
MONDO:MONDO:0007361,,True
MONDO:MONDO:0014321,,True
MONDO:MONDO:0007400,,True
OMIM:609152,,True
MONDO:MONDO:0010077,,True
MedGen:C0340493,,True
MedGen:C0024117,,True
MONDO:MONDO:0008170,,True
OMIM:611938,,True
OMIM:618721,,True
OMIM:102200,,True
OMIM:219700,,True
MONDO:MONDO:0007665,,True
MONDO:MONDO:0032629,,True
MedGen:C1833508,,True
MedGen:C4225399,,True
Orphanet:475,,True
MedGen:C3279791,,True
MedGen:C2931052,,True
MONDO:MONDO:0013698,,True
MedGen:C3553449,,True
MONDO:MONDO:0012714,,True
MONDO:MONDO:0000598,,True
MONDO:MONDO:0013823,,True
MONDO:MONDO:0008535,,True
Orphanet:137634,,True
MedGen:C4748785,,True
MedGen:C1970197,,True
MONDO:MONDO:0014516,,True
Orphanet:528084,,True
Orphanet:166073,,True
MONDO:MONDO:0011086,,True
MedGen:C3554225,,True
MONDO:MONDO:0010035,,True
MONDO:MONDO:0011001,,True
MONDO:MONDO:0009439,,True
MedGen:C1836150,,True
MedGen:C3810289,,True
MedGen:C2751083,,True
Orphanet:2823,,True
OMIM:618908,,True
OMIM:241200,,True
MONDO:MONDO:0007767,,True
MONDO:MONDO:0008243,,True
OMIM:609734,,True
MONDO:MONDO:0017847,,True
MedGen:C4023485,,True
Orphanet:363649,,True
Orphanet:1293,,True
OMIM:612965,,True
MONDO:MONDO:0008919,,True
MedGen:C1867469,,True
MedGen:C0346647,,True
MONDO:MONDO:0007798,,True
Orphanet:40,,True
OMIM:614564,,True
OMIM:617752,,True
MedGen:C0549118,,True
OMIM:617021,,True
MedGen:C1868019,,True
MONDO:MONDO:0010965,,True
MONDO:MONDO:0011708,,True
OMIM:104300,,True
Orphanet:894,,True
MedGen:C1836916,,True
OMIM:116920,,True
MONDO:MONDO:0007979,,True
MONDO:MONDO:0008152,,True
MONDO:MONDO:0013065,,True
Orphanet:140957,,True
MedGen:C0751778,,True
Orphanet:254875,,True
OMIM:618225,,True
MONDO:MONDO:0013942,,True
MedGen:C4540493,,True
MedGen:C0406612,,True
MedGen:C4539783,,True
OMIM:614415,,True
MONDO:MONDO:0054669,,True
MONDO:MONDO:0011480,,True
MONDO:MONDO:0044328,,True
MedGen:C3280479,,True
MONDO:MONDO:0005011,,True
MONDO:MONDO:0007935,,True
MedGen:C1858477,,True
MONDO:MONDO:0017309,,True
MedGen:C0878676,,True
OMIM:615441,,True
MONDO:MONDO:0014328,,True
MedGen:C3810400,,True
MedGen:C0423109,,True
OMIM:303350,,True
MONDO:MONDO:0016168,,True
MONDO:MONDO:0032822,,True
OMIM:615780,,True
MONDO:MONDO:0013904,,True
MedGen:C1838571,,True
MONDO:MONDO:0013736,,True
MedGen:C0342881,,True
Orphanet:972,,True
MONDO:MONDO:0012198,,True
OMIM:600858,,True
MedGen:C0796070,,True
MONDO:MONDO:0012924,,True
Orphanet:100998,,True
MedGen:C1861678,,True
MONDO:MONDO:0007895,,True
MedGen:C0796081,,True
MedGen:C3151057,,True
MONDO:MONDO:0008373,,True
MONDO:MONDO:0012612,,True
MedGen:C1969783,,True
MONDO:MONDO:0007367,,True
Orphanet:1431,,True
MedGen:C4022018,,True
Orphanet:35698,,True
OMIM:614186,,True
MONDO:MONDO:0010420,,True
MedGen:C4310737,,True
MONDO:MONDO:0013745,,True
Orphanet:98863,,True
MedGen:C1855114,,True
MedGen:C1839546,,True
MedGen:C0950123,,True
MONDO:MONDO:0013677,,True
MedGen:C4023577,,True
MONDO:MONDO:0011170,,True
Orphanet:2202,,True
MedGen:C0549473,,True
MedGen:C1857811,,True
OMIM:300555,,True
MONDO:MONDO:0012085,,True
MedGen:C1861348,,True
Orphanet:36383,,True
MONDO:MONDO:0010266,,True
MedGen:C0751039,,True
MedGen:C1854158,,True
OMIM:116300,,True
MONDO:MONDO:0008397,,True
OMIM:614455,,True
Orphanet:93356,,True
Orphanet:2524,,True
OMIM:603553,,True
OMIM:617075,,True
MedGen:C0853697,,True
MedGen:C3276241,,True
MONDO:MONDO:0013644,,True
MONDO:MONDO:0003009,,True
OMIM:222900,,True
OMIM:607039,,True
OMIM:607459,,True
Orphanet:464,,True
MONDO:MONDO:0009427,,True
MONDO:MONDO:0012004,,True
OMIM:182410,,True
OMIM:616871,,True
MedGen:C2242577,,True
MedGen:C1845343,,True
MONDO:MONDO:0010343,,True
MedGen:C0156312,,True
MedGen:C4225340,,True
MONDO:MONDO:0014010,,True
MedGen:C4693523,,True
MedGen:C1855648,,True
MONDO:MONDO:0013699,,True
MedGen:C0575059,,True
MedGen:C0238246,,True
MONDO:MONDO:0020735,,True
MedGen:C3150412,,True
MedGen:C1721007,,True
MedGen:C0542514,,True
MedGen:C4748408,,True
MONDO:MONDO:0010193,,True
MedGen:C4225376,,True
MedGen:C4317224,,True
Orphanet:98811,,True
MONDO:MONDO:0009890,,True
MedGen:C4082168,,True
OMIM:617217,,True
OMIM:613819,,True
MedGen:C0034050,,True
MedGen:C1868097,,True
MedGen:C0086795,,True
OMIM:610927,,True
MONDO:MONDO:0011296,,True
MONDO:MONDO:0014764,,True
Orphanet:1475,,True
OMIM:618279,,True
MedGen:C4022892,,True
OMIM:613960,,True
OMIM:614473,,True
Orphanet:3319,,True
OMIM:616355,,True
MedGen:C0040822,,True
MONDO:MONDO:0009416,,True
MedGen:C4014516,,True
MedGen:C3809634,,True
OMIM:615530,,True
MedGen:C1860707,,True
Orphanet:79410,,True
MedGen:C4551776,,True
MedGen:C4073099,,True
MedGen:C3150692,,True
MedGen:C3809352,,True
MedGen:C4539873,,True
OMIM:617116,,True
OMIM:168300,,True
OMIM:145410,,True
MedGen:C4225422,,True
OMIM:614867,,True
OMIM:601977,,True
MedGen:C1835933,,True
MedGen:C1960561,,True
MONDO:MONDO:0012691,,True
MedGen:C0270850,,True
OMIM:614879,,True
OMIM:618226,,True
OMIM:614465,,True
OMIM:615630,,True
MONDO:MONDO:0010047,,True
MONDO:MONDO:0009571,,True
MedGen:C1847650,,True
OMIM:218040,,True
OMIM:300896,,True
MedGen:C3553816,,True
OMIM:613676,,True
MedGen:C4225153,,True
OMIM:260500,,True
MONDO:MONDO:0010788,,True
MedGen:C0019214,,True
MedGen:C0685838,,True
Orphanet:85443,,True
MONDO:MONDO:0011091,,True
Orphanet:137888,,True
MONDO:MONDO:0024545,,True
MedGen:C0022578,,True
OMIM:611560,,True
OMIM:215700,,True
MedGen:C0271650,,True
MedGen:C0158981,,True
OMIM:615547,,True
MedGen:C0080174,,True
OMIM:616505,,True
MONDO:MONDO:0020632,,True
MONDO:MONDO:0010268,,True
MedGen:C3553886,,True
OMIM:611465,,True
MedGen:C0205713,,True
OMIM:610600,,True
MONDO:MONDO:0019600,,True
OMIM:604536,,True
Orphanet:52503,,True
MONDO:MONDO:0012481,,True
OMIM:614830,,True
MedGen:C0154850,,True
MONDO:MONDO:0014486,,True
MedGen:C4015943,,True
MONDO:MONDO:0005520,,True
MedGen:C0239998,,True
MedGen:C4022699,,True
Orphanet:3163,,True
MONDO:MONDO:0013447,,True
Orphanet:3088,,True
MedGen:C1838568,,True
OMIM:613581,,True
Orphanet:79305,,True
MONDO:MONDO:0000313,,True
MedGen:C4225268,,True
OMIM:130080,,True
MedGen:C2751084,,True
OMIM:312080,,True
OMIM:300114,,True
MONDO:MONDO:0007664,,True
MONDO:MONDO:0013897,,True
MedGen:C3275508,,True
Orphanet:478049,,True
MONDO:MONDO:0007422,,True
OMIM:227240,,True
OMIM:616346,,True
MONDO:MONDO:0014975,,True
OMIM:607485,,True
MONDO:MONDO:0011240,,True
MONDO:MONDO:0007648,,True
MedGen:C1849157,,True
MedGen:C4016957,,True
Orphanet:718,,True
MONDO:MONDO:0015285,,True
Orphanet:2590,,True
MONDO:MONDO:0016584,,True
MONDO:MONDO:0009923,,True
MedGen:C1855465,,True
MedGen:C0917713,,True
OMIM:616511,,True
OMIM:607602,,True
OMIM:615294,,True
MedGen:C4225217,,True
MedGen:C1833372,,True
MONDO:MONDO:0005147,,True
OMIM:248340,,True
MONDO:MONDO:0015074,,True
MONDO:MONDO:0014785,,True
OMIM:245348,,True
MONDO:MONDO:0013913,,True
MedGen:C0231712,,True
MedGen:C4012790,,True
OMIM:606574,,True
MONDO:MONDO:0011361,,True
MedGen:C0162666,,True
MONDO:MONDO:0013491,,True
MedGen:C0265210,,True
MedGen:C1853926,,True
MONDO:MONDO:0013947,,True
MONDO:MONDO:0010414,,True
OMIM:614944,,True
Orphanet:457260,,True
OMIM:614561,,True
Orphanet:75496,,True
MedGen:C0152115,,True
MedGen:C4225201,,True
MedGen:C0349653,,True
OMIM:615122,,True
OMIM:601709,,True
MedGen:C1327916,,True
MONDO:MONDO:0008814,,True
MedGen:C1864716,,True
MedGen:C1835854,,True
Orphanet:230839,,True
MONDO:MONDO:0019311,,True
MONDO:MONDO:0013452,,True
MONDO:MONDO:0010588,,True
MONDO:MONDO:0011382,,True
MONDO:MONDO:0007478,,True
OMIM:300894,,True
Orphanet:1427,,True
OMIM:616366,,True
MedGen:C4023450,,True
OMIM:300000,,True
OMIM:112310,,True
MedGen:C4225179,,True
MedGen:C3713421,,True
MONDO:MONDO:0014376,,True
Orphanet:352403,,True
MONDO:MONDO:0005059,,True
OMIM:602473,,True
OMIM:277470,,True
MONDO:MONDO:0100038,,True
MONDO:MONDO:0017475,,True
OMIM:230600,,True
MONDO:MONDO:0032937,,True
MONDO:MONDO:0008592,,True
MedGen:C4014283,,True
OMIM:605909,,True
Orphanet:36387,,True
OMIM:613783,,True
MedGen:C0524582,,True
OMIM:233650,,True
MONDO:MONDO:0011823,,True
MONDO:MONDO:0012156,,True
MedGen:C1846839,,True
MedGen:C3554415,,True
MONDO:MONDO:0011541,,True
MONDO:MONDO:0016142,,True
MedGen:C1865313,,True
MedGen:C1848395,,True
Orphanet:1991,,True
Orphanet:72,,True
MedGen:C3279793,,True
OMIM:613255,,True
OMIM:606785,,True
OMIM:277450,,True
MedGen:C0268595,,True
MONDO:MONDO:0007818,,True
MedGen:C1853623,,True
OMIM:616784,,True
OMIM:606408,,True
MedGen:C0344963,,True
MedGen:C2677589,,True
MedGen:C0432211,,True
OMIM:615816,,True
MedGen:C4551493,,True
OMIM:300911,,True
OMIM:212550,,True
MedGen:C4225243,,True
MedGen:C1864975,,True
MONDO:MONDO:0013002,,True
MedGen:C4016345,,True
MedGen:C3281044,,True
Orphanet:101050,,True
MONDO:MONDO:0017195,,True
MedGen:C4023011,,True
Orphanet:93269,,True
MedGen:C1536451,,True
MedGen:C0020630,,True
OMIM:606854,,True
OMIM:616817,,True
OMIM:617666,,True
MedGen:C2750471,,True
OMIM:618195,,True
MedGen:C2676243,,True
MedGen:C1423873,,True
MedGen:C1850794,,True
MedGen:C1856457,,True
MONDO:MONDO:0014766,,True
Orphanet:93974,,True
MONDO:MONDO:0009798,,True
MedGen:C0342749,,True
OMIM:189500,,True
MONDO:MONDO:0014224,,True
Orphanet:90340,,True
MedGen:C3714844,,True
MONDO:MONDO:0054832,,True
MedGen:C3553450,,True
OMIM:616963,,True
MedGen:C4015495,,True
MedGen:C0221209,,True
MedGen:C1619700,,True
OMIM:613101,,True
Orphanet:892,,True
Orphanet:420584,,True
Orphanet:3222,,True
Orphanet:2065,,True
MedGen:C1970239,,True
OMIM:616040,,True
MONDO:MONDO:0009140,,True
OMIM:612004,,True
MedGen:C4015904,,True
MedGen:C3152204,,True
MedGen:C2751536,,True
OMIM:616286,,True
Orphanet:423,,True
MedGen:C3810380,,True
OMIM:614822,,True
MedGen:C1851124,,True
OMIM:607628,,True
MONDO:MONDO:0014639,,True
MedGen:C1260926,,True
OMIM:617506,,True
MedGen:C0268242,,True
OMIM:609016,,True
OMIM:202370,,True
MedGen:C4310729,,True
Orphanet:178509,,True
MONDO:MONDO:0007750,,True
Orphanet:93406,,True
OMIM:604563,,True
MedGen:C1854442,,True
OMIM:613625,,True
MONDO:MONDO:0010684,,True
MONDO:MONDO:0014745,,True
Orphanet:79201,,True
MONDO:MONDO:0011450,,True
MedGen:C2607947,,True
MedGen:C0020620,,True
MONDO:MONDO:0007182,,True
MONDO:MONDO:0018614,,True
OMIM:601042,,True
MedGen:C4316787,,True
MedGen:C3280586,,True
MedGen:C1862886,,True
MONDO:MONDO:0013339,,True
MedGen:C4013648,,True
MedGen:C3150736,,True
OMIM:616330,,True
MONDO:MONDO:0020858,,True
MedGen:C2931196,,True
MedGen:C1266184,,True
MedGen:C1849173,,True
OMIM:118100,,True
MONDO:MONDO:0012169,,True
OMIM:311070,,True
MedGen:C2675730,,True
MedGen:C0220659,,True
MedGen:C4310757,,True
MedGen:C1859998,,True
OMIM:615066,,True
OMIM:600175,,True
MedGen:C3160736,,True
OMIM:217990,,True
MONDO:MONDO:0011408,,True
MedGen:C0268193,,True
OMIM:616544,,True
MedGen:C3854181,,True
OMIM:603596,,True
MONDO:MONDO:0014666,,True
MedGen:C2732979,,True
OMIM:616910,,True
Orphanet:1059,,True
OMIM:605275,,True
OMIM:217000,,True
MedGen:C0027859,,True
OMIM:609048,,True
OMIM:610359,,True
MONDO:MONDO:0013550,,True
MedGen:C1970269,,True
MONDO:MONDO:0010899,,True
MONDO:MONDO:0054729,,True
MedGen:C2675473,,True
MedGen:C4225259,,True
MONDO:MONDO:0011152,,True
MONDO:MONDO:0003783,,True
MedGen:C0003850,,True
MONDO:MONDO:0021042,,True
OMIM:612561,,True
MedGen:C4014294,,True
MedGen:C3553831,,True
Orphanet:950,,True
MedGen:C4016993,,True
MedGen:C2678477,,True
MONDO:MONDO:0012789,,True
MedGen:C0001627,,True
MONDO:MONDO:0012938,,True
MedGen:C0022346,,True
OMIM:617171,,True
MONDO:MONDO:0013204,,True
MedGen:C4551996,,True
MedGen:C2676021,,True
MONDO:MONDO:0005140,,True
MONDO:MONDO:0011909,,True
MONDO:MONDO:0007609,,True
MONDO:MONDO:0010496,,True
OMIM:613885,,True
OMIM:603720,,True
MONDO:MONDO:0009166,,True
OMIM:125000,,True
MedGen:C2936423,,True
MONDO:MONDO:0000908,,True
MedGen:C1411876,,True
Orphanet:137678,,True
OMIM:606798,,True
MONDO:MONDO:0008393,,True
MedGen:C3278923,,True
OMIM:603165,,True
MedGen:C1837007,,True
OMIM:239510,,True
Orphanet:324604,,True
MedGen:C1863634,,True
MedGen:C0175707,,True
OMIM:310700,,True
MedGen:C1832977,,True
MONDO:MONDO:0060489,,True
MONDO:MONDO:0019269,,True
OMIM:259050,,True
OMIM:616812,,True
Orphanet:425,,True
MedGen:C0344232,,True
Orphanet:487825,,True
Orphanet:284984,,True
Orphanet:88630,,True
MONDO:MONDO:0009940,,True
MONDO:MONDO:0012801,,True
MedGen:C0162309,,True
MONDO:MONDO:0007105,,True
OMIM:612126,,True
Orphanet:68364,,True
MedGen:C2748518,,True
MONDO:MONDO:0002251,,True
MONDO:MONDO:0008855,,True
MONDO:MONDO:0008961,,True
MedGen:C3150667,,True
OMIM:262500,,True
OMIM:268000,,True
Orphanet:528091,,True
MedGen:C3149136,,True
Orphanet:314632,,True
MedGen:C0239842,,True
MONDO:MONDO:0013032,,True
MedGen:C5193050,,True
MedGen:C1842408,,True
MedGen:C0027809,,True
OMIM:616684,,True
MedGen:C3281289,,True
Orphanet:488333,,True
MedGen:C1846135,,True
OMIM:607278,,True
MedGen:C1854260,,True
OMIM:274300,,True
OMIM:108010,,True
MedGen:C1266158,,True
Orphanet:1824,,True
MONDO:MONDO:0032675,,True
MedGen:C0162678,,True
MedGen:C0023015,,True
MONDO:MONDO:0008407,,True
MONDO:MONDO:0014621,,True
OMIM:616395,,True
Orphanet:142,,True
MONDO:MONDO:0007318,,True
MONDO:MONDO:0010451,,True
MONDO:MONDO:0015446,,True
MONDO:MONDO:0017182,,True
MedGen:C1833236,,True
MONDO:MONDO:0010533,,True
MedGen:C0585216,,True
MedGen:C4539772,,True
Orphanet:68381,,True
MedGen:C1291230,,True
MedGen:C4225267,,True
MONDO:MONDO:0000009,,True
MedGen:C1857809,,True
MedGen:C0027672,,True
MedGen:C4016368,,True
MedGen:C0043094,,True
MONDO:MONDO:0032807,,True
MedGen:C0424711,,True
OMIM:618496,,True
OMIM:614134,,True
MONDO:MONDO:0009892,,True
MONDO:MONDO:0017454,,True
OMIM:304400,,True
MONDO:MONDO:0014357,,True
MedGen:C0085786,,True
MedGen:C4551572,,True
MedGen:C1842342,,True
Orphanet:391392,,True
MedGen:C4310730,,True
MedGen:C1843792,,True
OMIM:617004,,True
MONDO:MONDO:0013476,,True
OMIM:616298,,True
OMIM:602849,,True
MedGen:C3280845,,True
MedGen:C0265308,,True
MONDO:MONDO:0060664,,True
OMIM:600501,,True
MONDO:MONDO:0011593,,True
Orphanet:313884,,True
MONDO:MONDO:0009656,,True
MedGen:C0345905,,True
MedGen:C1837229,,True
MONDO:MONDO:0012890,,True
MedGen:C3280127,,True
MedGen:C0270959,,True
MedGen:C2749872,,True
MONDO:MONDO:0008285,,True
Orphanet:447760,,True
OMIM:612291,,True
MedGen:C1832587,,True
MedGen:C1854059,,True
MedGen:C3715164,,True
MedGen:C1839364,,True
MONDO:MONDO:0018544,,True
MedGen:C0020497,,True
MONDO:MONDO:0013293,,True
MONDO:MONDO:0011558,,True
MedGen:C4084822,,True
MONDO:MONDO:0024563,,True
OMIM:125851,,True
MedGen:C0272080,,True
MedGen:C3809160,,True
MedGen:C4014745,,True
MedGen:C3150731,,True
OMIM:614293,,True
OMIM:609508,,True
Orphanet:442,,True
Orphanet:466026,,True
OMIM:617519,,True
MedGen:C4016633,,True
Orphanet:440,,True
MONDO:MONDO:0005372,,True
MedGen:C2676137,,True
MedGen:C4015444,,True
MONDO:MONDO:0016349,,True
Orphanet:85276,,True
MONDO:MONDO:0018998,,True
MONDO:MONDO:0014627,,True
MedGen:C1841984,,True
MedGen:C3151218,,True
MONDO:MONDO:0009365,,True
Orphanet:157941,,True
Orphanet:33364,,True
MONDO:MONDO:0007930,,True
MedGen:C4016749,,True
MONDO:MONDO:0003220,,True
OMIM:609638,,True
OMIM:606545,,True
MedGen:C0156394,,True
MedGen:C3469528,,True
MedGen:C0542223,,True
MONDO:MONDO:0010407,,True
MedGen:C0262630,,True
OMIM:615548,,True
Orphanet:140976,,True
MedGen:C1862389,,True
Orphanet:845,,True
MedGen:C3552852,,True
MONDO:MONDO:0014905,,True
Orphanet:247585,,True
OMIM:604498,,True
Orphanet:2255,,True
Orphanet:295047,,True
MONDO:MONDO:0012939,,True
MONDO:MONDO:0011350,,True
MedGen:C1096063,,True
MONDO:MONDO:0009658,,True
MedGen:C0154835,,True
Orphanet:268,,True
MONDO:MONDO:0011940,,True
MedGen:C1839264,,True
OMIM:270100,,True
Orphanet:88919,,True
OMIM:614082,,True
MONDO:MONDO:0013865,,True
OMIM:615511,,True
OMIM:609909,,True
Orphanet:828,,True
MedGen:C1853371,,True
OMIM:236670,,True
MONDO:MONDO:0019941,,True
MedGen:C4310683,,True
MONDO:MONDO:0010213,,True
OMIM:259710,,True
Orphanet:746,,True
OMIM:612520,,True
Orphanet:468717,,True
MedGen:C3151187,,True
MedGen:C0016751,,True
MONDO:MONDO:0012208,,True
MedGen:C3279792,,True
MONDO:MONDO:0014719,,True
OMIM:616461,,True
MONDO:MONDO:0032714,,True
MONDO:MONDO:0018214,,True
OMIM:601634,,True
MONDO:MONDO:0007848,,True
MONDO:MONDO:0032662,,True
MONDO:MONDO:0014672,,True
MONDO:MONDO:0013128,,True
MedGen:C4025164,,True
OMIM:604145,,True
OMIM:608980,,True
OMIM:616228,,True
MedGen:C4274078,,True
MONDO:MONDO:0010660,,True
MONDO:MONDO:0004675,,True
MONDO:MONDO:0014422,,True
OMIM:618443,,True
OMIM:203800,,True
OMIM:615271,,True
MedGen:C0240896,,True
OMIM:251300,,True
MedGen:C0392525,,True
Orphanet:284169,,True
MedGen:C3711645,,True
MedGen:C4013950,,True
MedGen:C0457013,,True
MedGen:C5231393,,True
MedGen:C1834674,,True
Orphanet:309020,,True
MedGen:C1263858,,True
MONDO:MONDO:0020747,,True
Orphanet:1541,,True
MedGen:C0027877,,True
MedGen:C0338480,,True
MedGen:C2674219,,True
MONDO:MONDO:0012514,,True
Orphanet:177,,True
OMIM:613156,,True
OMIM:168605,,True
MedGen:C0238111,,True
MedGen:C4225406,,True
Orphanet:225,,True
MedGen:C0028754,,True
OMIM:253400,,True
MedGen:C0039292,,True
MONDO:MONDO:0014583,,True
MedGen:C4021806,,True
MedGen:C0221358,,True
MONDO:MONDO:0013638,,True
OMIM:615871,,True
MONDO:MONDO:0032872,,True
MONDO:MONDO:0044301,,True
MONDO:MONDO:0002771,,True
OMIM:204100,,True
MedGen:C2677132,,True
MONDO:MONDO:0024507,,True
MONDO:MONDO:0002177,,True
MedGen:C1857278,,True
MedGen:C1706004,,True
MONDO:MONDO:0033373,,True
OMIM:277900,,True
MedGen:C1719788,,True
MONDO:MONDO:0014443,,True
MONDO:MONDO:0007306,,True
MedGen:C1851883,,True
MedGen:C4539767,,True
MedGen:C2021655,,True
MONDO:MONDO:0006231,,True
OMIM:614492,,True
MedGen:C1837873,,True
MONDO:MONDO:0012613,,True
Orphanet:79452,,True
MONDO:MONDO:0017445,,True
MedGen:C3151087,,True
MedGen:C0154723,,True
MONDO:MONDO:0014829,,True
MedGen:C4016612,,True
Orphanet:445018,,True
MedGen:C2931246,,True
MedGen:C0677865,,True
MedGen:C3150898,,True
MedGen:C2751294,,True
MONDO:MONDO:0019806,,True
Orphanet:309789,,True
Orphanet:90117,,True
MONDO:MONDO:0013377,,True
MONDO:MONDO:0008278,,True
MedGen:C0852413,,True
MONDO:MONDO:0001982,,True
MedGen:C0813217,,True
Orphanet:1190,,True
MedGen:C3148823,,True
MedGen:C1866070,,True
MONDO:MONDO:0013848,,True
MONDO:MONDO:0014770,,True
MedGen:C4017252,,True
Orphanet:209981,,True
MedGen:C4017626,,True
MedGen:C3809691,,True
OMIM:226900,,True
MONDO:MONDO:0013457,,True
OMIM:178500,,True
Orphanet:2089,,True
MedGen:C0268503,,True
MedGen:C4310739,,True
OMIM:275210,,True
MedGen:C1834751,,True
MedGen:C4540521,,True
MedGen:C3151039,,True
MONDO:MONDO:0010511,,True
MedGen:C1851710,,True
MONDO:MONDO:0004901,,True
MedGen:C3554321,,True
MedGen:C1969106,,True
MedGen:C4025836,,True
OMIM:618624,,True
Orphanet:168572,,True
MONDO:MONDO:0013380,,True
MONDO:MONDO:0005045,,True
MONDO:MONDO:0001919,,True
OMIM:601680,,True
MONDO:MONDO:0012117,,True
MONDO:MONDO:0024464,,True
MONDO:MONDO:0021055,,True
MONDO:MONDO:0009397,,True
MONDO:MONDO:0008708,,True
MedGen:C4551480,,True
MedGen:C4016615,,True
MedGen:C3151975,,True
Orphanet:79230,,True
OMIM:300835,,True
Orphanet:79270,,True
MedGen:C0233565,,True
MedGen:C1836080,,True
MedGen:C0025269,,True
MedGen:C1846357,,True
Orphanet:93324,,True
MONDO:MONDO:0032699,,True
OMIM:301040,,True
OMIM:182230,,True
OMIM:612474,,True
MedGen:C4014864,,True
OMIM:604218,,True
MedGen:C1856448,,True
MedGen:C4540404,,True
MedGen:C4540029,,True
OMIM:615024,,True
MONDO:MONDO:0013264,,True
MedGen:C1836724,,True
Orphanet:168778,,True
OMIM:220200,,True
MedGen:C3150803,,True
Orphanet:1457,,True
MedGen:C0687150,,True
OMIM:248200,,True
OMIM:616052,,True
MedGen:C1960469,,True
Orphanet:98992,,True
MedGen:C5231463,,True
MedGen:C1855433,,True
MedGen:C0020757,,True
OMIM:613757,,True
OMIM:600974,,True
MedGen:C0750927,,True
OMIM:614075,,True
MedGen:C4014656,,True
MedGen:C1292778,,True
MedGen:C3715082,,True
MedGen:C0399376,,True
MedGen:C1335178,,True
MedGen:C0270736,,True
MONDO:MONDO:0016764,,True
MONDO:MONDO:0019188,,True
MONDO:MONDO:0015022,,True
MedGen:C3150546,,True
MedGen:C1840253,,True
MedGen:C4225230,,True
OMIM:618728,,True
MONDO:MONDO:0008785,,True
MedGen:C4016626,,True
MedGen:C3550875,,True
MONDO:MONDO:0014017,,True
OMIM:270500,,True
MedGen:C2315229,,True
MedGen:C1858091,,True
MedGen:C4310634,,True
OMIM:610444,,True
MONDO:MONDO:0018881,,True
MONDO:MONDO:0014142,,True
MONDO:MONDO:0012014,,True
Orphanet:1369,,True
MedGen:C1785148,,True
MedGen:C4748295,,True
MONDO:MONDO:0009677,,True
Orphanet:139589,,True
MedGen:C1845902,,True
OMIM:613123,,True
OMIM:614731,,True
OMIM:102500,,True
MedGen:C4023434,,True
MedGen:C1842552,,True
OMIM:616570,,True
MedGen:C2746083,,True
MedGen:C3714994,,True
MedGen:C3697119,,True
Orphanet:101016,,True
MedGen:C0023931,,True
MedGen:C4310707,,True
OMIM:616053,,True
MONDO:MONDO:0016227,,True
MONDO:MONDO:0010117,,True
Orphanet:2762,,True
Orphanet:200,,True
OMIM:300100,,True
OMIM:301590,,True
MedGen:C0410203,,True
MedGen:C1842876,,True
MedGen:C2750771,,True
MedGen:C0151313,,True
MONDO:MONDO:0007791,,True
MONDO:MONDO:0014917,,True
OMIM:612643,,True
MONDO:MONDO:0007576,,True
MONDO:MONDO:0014712,,True
MedGen:C0002452,,True
MedGen:C1868114,,True
OMIM:615489,,True
OMIM:254300,,True
MedGen:C3806712,,True
MONDO:MONDO:0007656,,True
OMIM:616777,,True
OMIM:610532,,True
Orphanet:3226,,True
MedGen:C0079301,,True
Orphanet:56970,,True
MONDO:MONDO:0014820,,True
MONDO:MONDO:0009067,,True
MedGen:C0020725,,True
MedGen:C1510455,,True
OMIM:613810,,True
MedGen:C1840391,,True
Orphanet:319462,,True
OMIM:602875,,True
OMIM:602152,,True
MONDO:MONDO:0014887,,True
MedGen:C1852700,,True
MONDO:MONDO:0008745,,True
Orphanet:247685,,True
MONDO:MONDO:0014263,,True
OMIM:618688,,True
Orphanet:355,,True
MONDO:MONDO:0010337,,True
MedGen:C1378703,,True
OMIM:616946,,True
MONDO:MONDO:0013418,,True
OMIM:117000,,True
MedGen:C2750285,,True
MONDO:MONDO:0006947,,True
MONDO:MONDO:0009154,,True
MedGen:C1398312,,True
MONDO:MONDO:0007841,,True
MONDO:MONDO:0009867,,True
MedGen:C4722305,,True
Orphanet:391665,,True
MedGen:C1868598,,True
OMIM:616004,,True
MONDO:MONDO:0014858,,True
MedGen:C0410174,,True
MedGen:C3809526,,True
MedGen:C3280428,,True
Orphanet:53583,,True
MONDO:MONDO:0013829,,True
MONDO:MONDO:0019123,,True
Orphanet:53696,,True
MedGen:C0149781,,True
MONDO:MONDO:0013671,,True
OMIM:206900,,True
MedGen:C2750895,,True
MedGen:C4225291,,True
MONDO:MONDO:0010393,,True
OMIM:152700,,True
OMIM:613970,,True
MONDO:MONDO:0010134,,True
MedGen:C3150682,,True
Orphanet:1171,,True
OMIM:615937,,True
MedGen:C1838612,,True
MONDO:MONDO:0013967,,True
OMIM:618839,,True
Orphanet:2312,,True
OMIM:227600,,True
Orphanet:2248,,True
MONDO:MONDO:0014093,,True
Orphanet:77258,,True
MedGen:C0796218,,True
Orphanet:369873,,True
MedGen:C1279481,,True
Orphanet:655,,True
MedGen:C1415817,,True
MedGen:C1848599,,True
MedGen:C4748741,,True
MedGen:C4225281,,True
Orphanet:2457,,True
Orphanet:918,,True
MedGen:C0265783,,True
MONDO:MONDO:0014381,,True
MONDO:MONDO:0010512,,True
MONDO:MONDO:0014903,,True
OMIM:606688,,True
MONDO:MONDO:0021193,,True
MONDO:MONDO:0013635,,True
Orphanet:79443,,True
MedGen:C3279899,,True
OMIM:176670,,True
MedGen:C1837315,,True
OMIM:600638,,True
MONDO:MONDO:0015459,,True
MedGen:C0749379,,True
Orphanet:301,,True
MedGen:C1858990,,True
OMIM:221900,,True
MedGen:C3554105,,True
MedGen:C2673700,,True
MedGen:C1843896,,True
MedGen:C3276611,,True
MedGen:C0340643,,True
Orphanet:94083,,True
MONDO:MONDO:0009756,,True
Orphanet:250923,,True
MedGen:C3810278,,True
MedGen:C1866552,,True
Orphanet:1194,,True
Orphanet:65285,,True
OMIM:615541,,True
MedGen:C4310714,,True
MONDO:MONDO:0007311,,True
MONDO:MONDO:0006373,,True
MedGen:C1859598,,True
OMIM:614852,,True
Orphanet:251627,,True
MONDO:MONDO:0044204,,True
OMIM:607921,,True
MONDO:MONDO:0014432,,True
MONDO:MONDO:0009704,,True
MedGen:C1838954,,True
MedGen:C3469606,,True
MedGen:C3280133,,True
Orphanet:3280,,True
OMIM:125853,,True
MONDO:MONDO:0014646,,True
MedGen:C1843323,,True
MONDO:MONDO:0015452,,True
OMIM:125852,,True
OMIM:277580,,True
MONDO:MONDO:0013761,,True
OMIM:600224,,True
MedGen:C4014954,,True
MONDO:MONDO:0014029,,True
MONDO:MONDO:0013118,,True
MONDO:MONDO:0033364,,True
MONDO:MONDO:0010335,,True
OMIM:607554,,True
OMIM:500008,,True
Orphanet:573,,True
MONDO:MONDO:0014430,,True
MONDO:MONDO:0011364,,True
Orphanet:79311,,True
MedGen:C4016981,,True
OMIM:617017,,True
Orphanet:75563,,True
MONDO:MONDO:0014728,,True
MONDO:MONDO:0004970,,True
Orphanet:439854,,True
OMIM:300068,,True
Orphanet:754,,True
MONDO:MONDO:0010375,,True
MedGen:C3554446,,True
MedGen:C0037052,,True
MedGen:C3808964,,True
OMIM:616503,,True
MONDO:MONDO:0032878,,True
MedGen:C1845892,,True
MONDO:MONDO:0014868,,True
Orphanet:269,,True
MONDO:MONDO:0011600,,True
MedGen:C4551979,,True
OMIM:152950,,True
MedGen:C3809803,,True
MedGen:C1838601,,True
MONDO:MONDO:0012897,,True
MONDO:MONDO:0032783,,True
MedGen:C3553959,,True
OMIM:618792,,True
MedGen:C3890167,,True
MedGen:C1843139,,True
OMIM:613224,,True
Orphanet:753,,True
MedGen:C1842983,,True
MedGen:C1851443,,True
OMIM:618397,,True
MedGen:C0162154,,True
MedGen:C0268250,,True
MedGen:C2678065,,True
MedGen:C1838244,,True
MedGen:C0281267,,True
MedGen:C4073057,,True
MedGen:C3808802,,True
MedGen:C2751629,,True
MONDO:MONDO:0010807,,True
Orphanet:353284,,True
OMIM:613077,,True
Orphanet:99803,,True
MONDO:MONDO:0012625,,True
OMIM:617319,,True
Orphanet:752,,True
MONDO:MONDO:0054844,,True
MedGen:C3888093,,True
Orphanet:2616,,True
OMIM:210710,,True
MedGen:C1845146,,True
MedGen:C0340429,,True
MedGen:C4024817,,True
MedGen:C4225310,,True
OMIM:202400,,True
MONDO:MONDO:0011136,,True
MedGen:C3553762,,True
MedGen:C1842197,,True
OMIM:605751,,True
MONDO:MONDO:0014943,,True
MedGen:C1849236,,True
OMIM:607482,,True
MedGen:C4748152,,True
MONDO:MONDO:0013237,,True
MONDO:MONDO:0012500,,True
MedGen:C1832828,,True
MedGen:C0270911,,True
MONDO:MONDO:0013923,,True
MONDO:MONDO:0000476,,True
MedGen:C0428851,,True
OMIM:229600,,True
OMIM:610125,,True
Orphanet:266,,True
Orphanet:97120,,True
OMIM:218700,,True
Orphanet:100050,,True
OMIM:610212,,True
MONDO:MONDO:0018634,,True
OMIM:208085,,True
MedGen:C0018553,,True
MedGen:C1864839,,True
Orphanet:1941,,True
MONDO:MONDO:0014154,,True
MedGen:C1969653,,True
MedGen:C0018995,,True
Orphanet:79234,,True
MedGen:C3809877,,True
Orphanet:210144,,True
MONDO:MONDO:0014801,,True
Orphanet:140471,,True
MedGen:C2584774,,True
MONDO:MONDO:0010028,,True
MONDO:MONDO:0017700,,True
Orphanet:3455,,True
MedGen:C3890591,,True
MedGen:C4015420,,True
MedGen:C1833030,,True
OMIM:618872,,True
MedGen:C0002895,,True
MONDO:MONDO:0005101,,True
MONDO:MONDO:0011268,,True
MedGen:C3468561,,True
MedGen:C1860335,,True
OMIM:604377,,True
MONDO:MONDO:0013702,,True
MedGen:C0078917,,True
MedGen:C3807306,,True
MedGen:C3711387,,True
OMIM:253250,,True
OMIM:145650,,True
OMIM:615935,,True
MedGen:C4023760,,True
MedGen:C3809004,,True
MedGen:C1858674,,True
OMIM:618437,,True
MedGen:C0019158,,True
Orphanet:34533,,True
MedGen:C4082171,,True
MONDO:MONDO:0014807,,True
Orphanet:423275,,True
MedGen:C1840390,,True
Orphanet:99843,,True
OMIM:163500,,True
MONDO:MONDO:0005393,,True
MONDO:MONDO:0009509,,True
MedGen:C0005689,,True
Orphanet:280763,,True
MedGen:C4225300,,True
MedGen:C1832432,,True
Orphanet:93930,,True
OMIM:277700,,True
MedGen:C4551683,,True
OMIM:616152,,True
MONDO:MONDO:0011864,,True
MedGen:C0349788,,True
MedGen:C3278401,,True
MONDO:MONDO:0032910,,True
Orphanet:1947,,True
OMIM:190350,,True
MedGen:C0014850,,True
MedGen:C5231418,,True
OMIM:608456,,True
MedGen:C0021655,,True
OMIM:187600,,True
MONDO:MONDO:0011935,,True
OMIM:606943,,True
MONDO:MONDO:0014371,,True
MedGen:C4273748,,True
MedGen:C1867563,,True
OMIM:615483,,True
Orphanet:640,,True
MedGen:C1865018,,True
MONDO:MONDO:0032871,,True
MedGen:C4016445,,True
MedGen:C1858054,,True
MONDO:MONDO:0011601,,True
MONDO:MONDO:0005075,,True
Orphanet:364,,True
MONDO:MONDO:0009554,,True
MONDO:MONDO:0013605,,True
Orphanet:247598,,True
MONDO:MONDO:0000108,,True
MONDO:MONDO:0014431,,True
MedGen:C5193123,,True
OMIM:619108,,True
MONDO:MONDO:0012480,,True
MONDO:MONDO:0010286,,True
OMIM:154700,,True
Orphanet:263463,,True
OMIM:614499,,True
OMIM:615107,,True
MONDO:MONDO:0018943,,True
MedGen:C0268164,,True
OMIM:300909,,True
MedGen:C0751434,,True
MedGen:C2700553,,True
MedGen:C4310699,,True
MONDO:MONDO:0020478,,True
OMIM:618004,,True
Orphanet:2311,,True
Orphanet:247623,,True
MONDO:MONDO:0011532,,True
MedGen:C1510489,,True
OMIM:300261,,True
MONDO:MONDO:0014931,,True
Orphanet:168984,,True
OMIM:617626,,True
Orphanet:319552,,True
OMIM:603284,,True
OMIM:256600,,True
OMIM:160500,,True
MedGen:C4748988,,True
OMIM:256300,,True
MONDO:MONDO:0013725,,True
MedGen:C1846385,,True
OMIM:300209,,True
Orphanet:1762,,True
OMIM:614618,,True
Orphanet:189,,True
MONDO:MONDO:0011684,,True
OMIM:277300,,True
OMIM:601287,,True
MedGen:C0796225,,True
OMIM:616322,,True
MONDO:MONDO:0014003,,True
OMIM:616331,,True
Orphanet:404560,,True
MONDO:MONDO:0012456,,True
OMIM:618165,,True
Orphanet:2301,,True
Orphanet:79212,,True
OMIM:601419,,True
MedGen:C1865060,,True
OMIM:614050,,True
OMIM:610204,,True
MONDO:MONDO:0014794,,True
MedGen:C4024989,,True
MONDO:MONDO:0010880,,True
OMIM:615386,,True
MedGen:C0344299,,True
MONDO:MONDO:0008327,,True
Orphanet:60033,,True
MedGen:C0426421,,True
MedGen:C4693567,,True
Orphanet:1652,,True
Orphanet:99361,,True
MedGen:C2674727,,True
OMIM:606069,,True
MedGen:C1845102,,True
MedGen:C2608083,,True
MedGen:C0432242,,True
OMIM:300850,,True
OMIM:610954,,True
MedGen:C4016652,,True
MedGen:C1843183,,True
MedGen:C3809243,,True
MedGen:C0017921,,True
Orphanet:93329,,True
MONDO:MONDO:0014556,,True
OMIM:151400,,True
MedGen:C0236124,,True
MONDO:MONDO:0033091,,True
Orphanet:1412,,True
MONDO:MONDO:0011076,,True
MedGen:C0238062,,True
OMIM:604320,,True
MONDO:MONDO:0001749,,True
OMIM:245400,,True
MedGen:C0079583,,True
Orphanet:79473,,True
OMIM:610618,,True
MedGen:C1853833,,True
MONDO:MONDO:0018908,,True
MedGen:C1838492,,True
MedGen:C3280215,,True
Orphanet:352577,,True
MedGen:C1836482,,True
MedGen:C1835044,,True
MedGen:C1134719,,True
MedGen:C1839163,,True
MedGen:C4024926,,True
MedGen:C0264886,,True
MONDO:MONDO:0016581,,True
MedGen:C0795949,,True
MONDO:MONDO:0014558,,True
MedGen:C1859077,,True
MONDO:MONDO:0044751,,True
Orphanet:497764,,True
MONDO:MONDO:0017092,,True
MONDO:MONDO:0010269,,True
MONDO:MONDO:0013824,,True
MONDO:MONDO:0011391,,True
MedGen:C1563715,,True
MONDO:MONDO:0014006,,True
MONDO:MONDO:0006993,,True
MedGen:C5231470,,True
OMIM:116800,,True
MedGen:C0026850,,True
MedGen:C0265573,,True
MedGen:C3150419,,True
MedGen:C1857277,,True
MONDO:MONDO:0013184,,True
MedGen:C0392475,,True
MedGen:C3150596,,True
MedGen:C1856476,,True
MONDO:MONDO:0005477,,True
MONDO:MONDO:0014112,,True
OMIM:614483,,True
OMIM:618890,,True
MedGen:C2673477,,True
OMIM:612304,,True
MONDO:MONDO:0010915,,True
Orphanet:99015,,True
MedGen:C3541853,,True
MONDO:MONDO:0013429,,True
OMIM:616683,,True
Orphanet:254913,,True
MedGen:C3809005,,True
OMIM:613390,,True
MedGen:C0862030,,True
MONDO:MONDO:0032899,,True
OMIM:618652,,True
MedGen:C0393588,,True
MONDO:MONDO:0005041,,True
MedGen:C0024440,,True
Orphanet:436,,True
MedGen:C0424605,,True
MedGen:C4015779,,True
OMIM:175780,,True
MedGen:C1834433,,True
OMIM:615476,,True
MedGen:C0008370,,True
OMIM:609597,,True
Orphanet:1561,,True
MONDO:MONDO:0010949,,True
Orphanet:812,,True
Orphanet:1168,,True
MedGen:C2678497,,True
OMIM:613490,,True
MedGen:C0030193,,True
OMIM:270970,,True
OMIM:607060,,True
Orphanet:615,,True
MONDO:MONDO:0019287,,True
Orphanet:646,,True
MONDO:MONDO:0009047,,True
MONDO:MONDO:0019771,,True
Orphanet:488168,,True
MedGen:C3540450,,True
OMIM:613153,,True
Orphanet:3237,,True
Orphanet:231512,,True
MONDO:MONDO:0012943,,True
MedGen:C4016425,,True
MedGen:C0150993,,True
Orphanet:77260,,True
OMIM:614437,,True
MONDO:MONDO:0009550,,True
MedGen:C1866550,,True
OMIM:617270,,True
MedGen:C0020621,,True
MONDO:MONDO:0013240,,True
Orphanet:401777,,True
MedGen:C3150958,,True
MONDO:MONDO:0008722,,True
MONDO:MONDO:0008995,,True
MedGen:C2749604,,True
OMIM:189960,,True
MONDO:MONDO:0003901,,True
MedGen:C1864869,,True
MedGen:C0751783,,True
Orphanet:88637,,True
MedGen:C1838332,,True
MedGen:C4225333,,True
MedGen:C1834405,,True
OMIM:607636,,True
OMIM:601277,,True
OMIM:600376,,True
OMIM:617836,,True
MedGen:C0018989,,True
MedGen:C0020615,,True
MedGen:C1271100,,True
OMIM:258870,,True
MONDO:MONDO:0019263,,True
OMIM:614882,,True
Orphanet:2032,,True
MONDO:MONDO:0021106,,True
OMIM:613154,,True
MedGen:C3150877,,True
OMIM:600116,,True
MONDO:MONDO:0013653,,True
OMIM:618180,,True
OMIM:615190,,True
MedGen:C1969057,,True
MONDO:MONDO:0021392,,True
Orphanet:172,,True
Orphanet:469,,True
MedGen:C4016436,,True
MONDO:MONDO:0004770,,True
MONDO:MONDO:0026733,,True
MedGen:C3543825,,True
MedGen:C0241237,,True
MedGen:C0042063,,True
MONDO:MONDO:0013777,,True
Orphanet:230851,,True
MONDO:MONDO:0013485,,True
OMIM:618729,,True
OMIM:255310,,True
MedGen:C2678485,,True
MedGen:C3807295,,True
MONDO:MONDO:0013179,,True
OMIM:131800,,True
MONDO:MONDO:0014524,,True
OMIM:616625,,True
MedGen:C0041657,,True
OMIM:613493,,True
Orphanet:88939,,True
MONDO:MONDO:0007375,,True
OMIM:613796,,True
OMIM:300852,,True
Orphanet:86908,,True
MONDO:MONDO:0012670,,True
MONDO:MONDO:0007089,,True
MedGen:C1568248,,True
MedGen:C4225222,,True
MONDO:MONDO:0010964,,True
MONDO:MONDO:0018612,,True
MONDO:MONDO:0015629,,True
MedGen:C1857719,,True
MONDO:MONDO:0002601,,True
MONDO:MONDO:0044306,,True
OMIM:300633,,True
OMIM:615356,,True
MONDO:MONDO:0012186,,True
MONDO:MONDO:0007035,,True
OMIM:614706,,True
OMIM:208150,,True
OMIM:610478,,True
OMIM:610154,,True
MedGen:C2673922,,True
MONDO:MONDO:0007154,,True
MedGen:C1843244,,True
MedGen:C0036996,,True
MedGen:C0266491,,True
MedGen:C3888355,,True
MedGen:C4015119,,True
MedGen:C0018780,,True
MedGen:C2750076,,True
OMIM:609260,,True
MONDO:MONDO:0010774,,True
MedGen:C3151617,,True
MedGen:C5231479,,True
MedGen:C4014414,,True
Orphanet:423461,,True
MedGen:C3805411,,True
MONDO:MONDO:0016828,,True
MedGen:C1852504,,True
OMIM:300799,,True
MONDO:MONDO:0060712,,True
OMIM:615376,,True
MedGen:C0002994,,True
MedGen:C0856761,,True
MONDO:MONDO:0009757,,True
MedGen:C4015781,,True
MONDO:MONDO:0013872,,True
MedGen:C1863728,,True
OMIM:162091,,True
OMIM:618228,,True
MONDO:MONDO:0014109,,True
MedGen:C4551958,,True
MedGen:C4015283,,True
Orphanet:98878,,True
Orphanet:1899,,True
OMIM:115310,,True
Orphanet:204,,True
MedGen:C1860711,,True
MONDO:MONDO:0054835,,True
Orphanet:263501,,True
MedGen:C5193131,,True
MONDO:MONDO:0012626,,True
OMIM:137760,,True
OMIM:301900,,True
MedGen:C1321551,,True
MedGen:C3150693,,True
Orphanet:280633,,True
OMIM:615706,,True
OMIM:500015,,True
MONDO:MONDO:0024535,,True
MONDO:MONDO:0014890,,True
MONDO:MONDO:0032611,,True
OMIM:618067,,True
MONDO:MONDO:0008276,,True
MedGen:C1833590,,True
Orphanet:231178,,True
MONDO:MONDO:0010308,,True
MedGen:C4225214,,True
OMIM:601539,,True
MedGen:C2931002,,True
MedGen:C0403810,,True
Orphanet:103918,,True
OMIM:616680,,True
MedGen:C3152097,,True
Orphanet:263524,,True
MedGen:C1332517,,True
OMIM:201450,,True
OMIM:204000,,True
MedGen:C0268363,,True
Orphanet:100051,,True
MedGen:C4017091,,True
MONDO:MONDO:0012092,,True
OMIM:613697,,True
OMIM:615182,,True
Orphanet:281190,,True
OMIM:616875,,True
MedGen:C2750460,,True
OMIM:132000,,True
OMIM:617088,,True
MedGen:C0271567,,True
Orphanet:309297,,True
MONDO:MONDO:0012724,,True
MedGen:C3178805,,True
MedGen:C1861324,,True
MedGen:C4225261,,True
MONDO:MONDO:0014019,,True
OMIM:300849,,True
MONDO:MONDO:0014777,,True
MedGen:C1970198,,True
MedGen:C0268448,,True
OMIM:312612,,True
MONDO:MONDO:0010320,,True
OMIM:614350,,True
Orphanet:221061,,True
Orphanet:100054,,True
MedGen:C0576093,,True
OMIM:614820,,True
MedGen:C3715156,,True
OMIM:214200,,True
OMIM:613068,,True
MedGen:C1859014,,True
Orphanet:125,,True
MedGen:C1858562,,True
OMIM:614614,,True
MedGen:C4225367,,True
MedGen:C1842816,,True
MONDO:MONDO:0014054,,True
MONDO:MONDO:0013518,,True
Orphanet:140963,,True
MONDO:MONDO:0011660,,True
MONDO:MONDO:0012994,,True
MONDO:MONDO:0018877,,True
OMIM:618619,,True
Orphanet:443197,,True
OMIM:603218,,True
MedGen:C1868071,,True
MedGen:C4225279,,True
OMIM:617159,,True
MedGen:C0752197,,True
MedGen:C0431401,,True
MedGen:C1864826,,True
MedGen:C3484357,,True
OMIM:310490,,True
MedGen:C1864850,,True
Orphanet:1020,,True
MedGen:C0342289,,True
OMIM:617119,,True
MedGen:C1833144,,True
OMIM:604928,,True
OMIM:300600,,True
MONDO:MONDO:0013790,,True
MONDO:MONDO:0011889,,True
Orphanet:2021,,True
MedGen:C0858252,,True
MONDO:MONDO:0019601,,True
MedGen:C2750074,,True
MedGen:C4048809,,True
MedGen:C0342841,,True
Orphanet:79157,,True
MONDO:MONDO:0012216,,True
Orphanet:1880,,True
OMIM:613707,,True
MONDO:MONDO:0013342,,True
OMIM:615219,,True
MedGen:C1856059,,True
Orphanet:319524,,True
MedGen:C0005745,,True
OMIM:615863,,True
OMIM:615885,,True
OMIM:181350,,True
OMIM:194071,,True
MONDO:MONDO:0023113,,True
OMIM:600268,,True
OMIM:608097,,True
MONDO:MONDO:0014649,,True
MONDO:MONDO:0011738,,True
MONDO:MONDO:0020480,,True
Orphanet:71529,,True
MedGen:C0546264,,True
Orphanet:238722,,True
MedGen:C1832661,,True
MedGen:C1970160,,True
OMIM:182900,,True
MedGen:C2673535,,True
MedGen:C0023522,,True
MedGen:C4225386,,True
OMIM:238600,,True
MedGen:C0340279,,True
MONDO:MONDO:0032597,,True
OMIM:202700,,True
OMIM:613582,,True
Orphanet:139455,,True
MedGen:C4022832,,True
MONDO:MONDO:0014223,,True
OMIM:616892,,True
OMIM:611284,,True
MONDO:MONDO:0033005,,True
MedGen:C3554381,,True
MedGen:C1862322,,True
MedGen:C1864648,,True
Orphanet:101082,,True
OMIM:616202,,True
MONDO:MONDO:0010884,,True
MedGen:C0151636,,True
MedGen:C4015141,,True
OMIM:256100,,True
MedGen:C0152025,,True
MONDO:MONDO:0032617,,True
Orphanet:56304,,True
MedGen:C0265660,,True
MedGen:C0687751,,True
MedGen:C0432215,,True
MedGen:C0391826,,True
Orphanet:289290,,True
MedGen:C4017114,,True
MedGen:C5231443,,True
OMIM:603041,,True
OMIM:133700,,True
OMIM:615072,,True
MedGen:C0220722,,True
MedGen:C1832529,,True
Orphanet:178464,,True
OMIM:160980,,True
Orphanet:2443,,True
MedGen:C0007193,,True
MONDO:MONDO:0008965,,True
OMIM:615415,,True
Orphanet:544458,,True
MONDO:MONDO:0012301,,True
Orphanet:194,,True
OMIM:614495,,True
OMIM:615995,,True
OMIM:618666,,True
OMIM:613679,,True
MedGen:C0265336,,True
Orphanet:255229,,True
OMIM:616439,,True
MONDO:MONDO:0011919,,True
OMIM:613095,,True
MedGen:C0271683,,True
MedGen:C2677097,,True
OMIM:614418,,True
OMIM:617055,,True
MONDO:MONDO:0015054,,True
MedGen:C0342278,,True
MONDO:MONDO:0013938,,True
MedGen:C4305467,,True
MedGen:C3809311,,True
MONDO:MONDO:0011095,,True
Orphanet:90795,,True
MedGen:C4021663,,True
OMIM:162350,,True
OMIM:617864,,True
MedGen:C0751291,,True
Orphanet:98977,,True
MONDO:MONDO:0000488,,True
MONDO:MONDO:0012562,,True
OMIM:603563,,True
MedGen:C0543541,,True
MONDO:MONDO:0013534,,True
MONDO:MONDO:0012088,,True
MedGen:C0152458,,True
MONDO:MONDO:0011459,,True
Orphanet:88,,True
MedGen:C3280939,,True
OMIM:115000,,True
OMIM:119300,,True
Orphanet:137681,,True
OMIM:613092,,True
MedGen:C4479235,,True
OMIM:188100,,True
MONDO:MONDO:0019072,,True
OMIM:617126,,True
MedGen:C3469524,,True
Orphanet:309015,,True
Orphanet:404553,,True
Orphanet:98434,,True
MONDO:MONDO:0013692,,True
Orphanet:449,,True
MedGen:C0346300,,True
MONDO:MONDO:0008000,,True
MedGen:C1853965,,True
OMIM:613376,,True
MONDO:MONDO:0008289,,True
OMIM:611263,,True
OMIM:606215,,True
OMIM:616834,,True
MedGen:C1840375,,True
MedGen:C1333944,,True
MedGen:C3496228,,True
MONDO:MONDO:0012721,,True
OMIM:608940,,True
MedGen:C3809454,,True
MONDO:MONDO:0000158,,True
MedGen:C4476942,,True
MedGen:C0423113,,True
MONDO:MONDO:0013419,,True
OMIM:609923,,True
Orphanet:108997,,True
MedGen:C3279627,,True
MONDO:MONDO:0013711,,True
MedGen:C0344452,,True
OMIM:614889,,True
MONDO:MONDO:0014767,,True
Orphanet:327,,True
OMIM:606763,,True
MedGen:C0040015,,True
MedGen:C1850395,,True
MedGen:C0341024,,True
MedGen:C0338656,,True
OMIM:300049,,True
Orphanet:240085,,True
MedGen:C3495427,,True
MONDO:MONDO:0018114,,True
MedGen:C1847584,,True
MedGen:C4319932,,True
MedGen:C1852127,,True
MedGen:C0010691,,True
MONDO:MONDO:0007220,,True
MONDO:MONDO:0013318,,True
MedGen:C1334655,,True
MONDO:MONDO:0002909,,True
MedGen:C0030554,,True
OMIM:617935,,True
MONDO:MONDO:0032935,,True
MONDO:MONDO:0007780,,True
MONDO:MONDO:0010726,,True
Orphanet:171863,,True
OMIM:141500,,True
MedGen:C1849779,,True
MedGen:C4225288,,True
MedGen:C4747737,,True
MedGen:C1860823,,True
OMIM:310400,,True
OMIM:239711,,True
MedGen:C1835697,,True
OMIM:613926,,True
OMIM:612073,,True
MedGen:C3150208,,True
MONDO:MONDO:0017698,,True
MedGen:C0266295,,True
OMIM:617642,,True
MedGen:C4022878,,True
MedGen:C1857355,,True
MONDO:MONDO:0012960,,True
MONDO:MONDO:0012614,,True
MedGen:C0238190,,True
OMIM:614201,,True
OMIM:600334,,True
MedGen:C0432292,,True
MedGen:C0030305,,True
MONDO:MONDO:0007298,,True
MONDO:MONDO:0011837,,True
MedGen:C4749019,,True
MedGen:C2348819,,True
MedGen:C0265261,,True
MedGen:C4540251,,True
OMIM:162400,,True
OMIM:610297,,True
MONDO:MONDO:0023644,,True
MedGen:C4016601,,True
Orphanet:137831,,True
OMIM:217300,,True
MedGen:C4692625,,True
MONDO:MONDO:0008251,,True
MedGen:C0426811,,True
MedGen:C0853087,,True
MedGen:C0342287,,True
MedGen:C0428974,,True
MedGen:C4551559,,True
Orphanet:915,,True
OMIM:126550,,True
Orphanet:550,,True
MedGen:C1848795,,True
OMIM:613038,,True
MONDO:MONDO:0008675,,True
OMIM:615528,,True
MedGen:C2750892,,True
Orphanet:399808,,True
MedGen:C3469605,,True
Orphanet:52530,,True
MONDO:MONDO:0013225,,True
MONDO:MONDO:0013478,,True
MONDO:MONDO:0012066,,True
OMIM:613463,,True
MONDO:MONDO:0015626,,True
OMIM:617014,,True
MedGen:C1858556,,True
MONDO:MONDO:0010334,,True
MedGen:C0949658,,True
Orphanet:352596,,True
MedGen:C3150943,,True
OMIM:608233,,True
Orphanet:231108,,True
MedGen:C1866119,,True
Orphanet:328,,True
MONDO:MONDO:0020733,,True
OMIM:607831,,True
MedGen:C1956125,,True
Orphanet:79278,,True
MONDO:MONDO:0013783,,True
MedGen:C4551988,,True
OMIM:180200,,True
OMIM:614678,,True
MONDO:MONDO:0013715,,True
MedGen:C0036069,,True
OMIM:610265,,True
MONDO:MONDO:0014593,,True
MONDO:MONDO:0032893,,True
Orphanet:98723,,True
OMIM:618529,,True
MONDO:MONDO:0021944,,True
OMIM:175900,,True
MedGen:C1838049,,True
OMIM:208400,,True
MONDO:MONDO:0014893,,True
Orphanet:93396,,True
OMIM:112410,,True
MedGen:C0268362,,True
MONDO:MONDO:0014040,,True
MedGen:C0342195,,True
MedGen:C0024305,,True
OMIM:186570,,True
MONDO:MONDO:0012746,,True
OMIM:610199,,True
MedGen:C3888125,,True
MedGen:C4748940,,True
MedGen:C4025832,,True
Orphanet:139525,,True
MedGen:C3277700,,True
Orphanet:428,,True
OMIM:617113,,True
MedGen:C4025172,,True
MedGen:C1384670,,True
MedGen:C0029131,,True
MedGen:C1854466,,True
MedGen:C4023491,,True
MedGen:C1858991,,True
OMIM:226670,,True
MedGen:C1970291,,True
OMIM:182212,,True
MedGen:C3809853,,True
MONDO:MONDO:0012177,,True
OMIM:607015,,True
MedGen:C1842774,,True
MONDO:MONDO:0100082,,True
Orphanet:1945,,True
Orphanet:314918,,True
OMIM:613287,,True
OMIM:613849,,True
MONDO:MONDO:0012146,,True
MedGen:C4748737,,True
MONDO:MONDO:0010429,,True
MedGen:C3150928,,True
Orphanet:28378,,True
MONDO:MONDO:0012165,,True
MedGen:C1853230,,True
MedGen:C4022167,,True
Orphanet:438216,,True
Orphanet:3077,,True
MedGen:C3532243,,True
MONDO:MONDO:0019391,,True
Orphanet:85283,,True
OMIM:258150,,True
MONDO:MONDO:0021320,,True
OMIM:604004,,True
Orphanet:791,,True
MONDO:MONDO:0013460,,True
MedGen:C4022792,,True
MedGen:C3809706,,True
MONDO:MONDO:0010464,,True
Orphanet:1934,,True
MedGen:C1867440,,True
MONDO:MONDO:0011472,,True
OMIM:613989,,True
Orphanet:353298,,True
MedGen:C0265268,,True
MedGen:C0663995,,True
MedGen:C4310794,,True
MedGen:C0240635,,True
Orphanet:3097,,True
MONDO:MONDO:0009673,,True
MedGen:C1848070,,True
MedGen:C0574080,,True
MONDO:MONDO:0010171,,True
MONDO:MONDO:0024567,,True
Orphanet:969,,True
Orphanet:565,,True
Orphanet:67042,,True
OMIM:266510,,True
OMIM:309530,,True
MONDO:MONDO:0014427,,True
OMIM:611105,,True
MONDO:MONDO:0010520,,True
MedGen:C3554330,,True
Orphanet:994,,True
MONDO:MONDO:0030916,,True
MedGen:C2750473,,True
OMIM:613265,,True
Orphanet:508498,,True
OMIM:300914,,True
MedGen:C4225263,,True
OMIM:612528,,True
Orphanet:2314,,True
MedGen:C1291611,,True
Orphanet:309256,,True
OMIM:116400,,True
OMIM:309350,,True
Orphanet:99735,,True
MedGen:C0010606,,True
MedGen:C1834690,,True
OMIM:155310,,True
OMIM:615972,,True
OMIM:613925,,True
MedGen:C4225183,,True
MedGen:C1969024,,True
OMIM:613794,,True
MONDO:MONDO:0032885,,True
MedGen:C4016963,,True
Orphanet:800,,True
MedGen:C1859178,,True
OMIM:614613,,True
OMIM:613404,,True
MedGen:C0240310,,True
OMIM:231550,,True
MONDO:MONDO:0014771,,True
MONDO:MONDO:0011982,,True
MedGen:C3809523,,True
MedGen:C2677087,,True
OMIM:300968,,True
MONDO:MONDO:0013312,,True
MONDO:MONDO:0007552,,True
MedGen:C4085252,,True
MedGen:C1835492,,True
OMIM:608840,,True
OMIM:614254,,True
MedGen:C0878683,,True
MedGen:C4225220,,True
OMIM:612389,,True
OMIM:227646,,True
MedGen:C0149630,,True
Orphanet:79318,,True
MONDO:MONDO:0013376,,True
MONDO:MONDO:0012235,,True
MONDO:MONDO:0001475,,True
OMIM:231530,,True
MedGen:C4024881,,True
MedGen:C4015513,,True
MONDO:MONDO:0014482,,True
MONDO:MONDO:0011491,,True
MedGen:C1838916,,True
MONDO:MONDO:0019468,,True
MONDO:MONDO:0001271,,True
MONDO:MONDO:0014466,,True
MedGen:C4551624,,True
MONDO:MONDO:0014934,,True
MONDO:MONDO:0007125,,True
Orphanet:90635,,True
MedGen:C0011436,,True
MONDO:MONDO:0013375,,True
MedGen:C3151433,,True
Orphanet:93972,,True
OMIM:612877,,True
MedGen:C0026267,,True
OMIM:120435,,True
MedGen:C0040479,,True
Orphanet:85163,,True
Orphanet:716,,True
MedGen:C1336078,,True
MedGen:C1855457,,True
OMIM:615985,,True
MedGen:C1837640,,True
MedGen:C2750509,,True
MedGen:C4014641,,True
MedGen:C3151070,,True
OMIM:617577,,True
MedGen:C1865020,,True
MedGen:C2748910,,True
MedGen:C3148959,,True
MONDO:MONDO:0008760,,True
MedGen:C1832600,,True
MedGen:C3489532,,True
MONDO:MONDO:0008213,,True
MONDO:MONDO:0015628,,True
MedGen:C1970028,,True
OMIM:601472,,True
OMIM:612953,,True
MedGen:C3150690,,True
MONDO:MONDO:0014515,,True
MONDO:MONDO:0012540,,True
OMIM:208900,,True
Orphanet:213504,,True
MONDO:MONDO:0011719,,True
OMIM:158000,,True
OMIM:271700,,True
Orphanet:3449,,True
Orphanet:98895,,True
MONDO:MONDO:0013883,,True
MONDO:MONDO:0020164,,True
MedGen:C1845095,,True
Orphanet:77292,,True
MedGen:C1970712,,True
MedGen:C4551985,,True
OMIM:614074,,True
MedGen:C5193025,,True
MONDO:MONDO:0008944,,True
Orphanet:562,,True
MedGen:C3553830,,True
MedGen:C2751825,,True
MONDO:MONDO:0012118,,True
OMIM:616760,,True
MedGen:C4024962,,True
MedGen:C1859568,,True
Orphanet:1154,,True
MedGen:C4084843,,True
MedGen:C0265529,,True
MedGen:C0271185,,True
OMIM:615807,,True
MedGen:C1852406,,True
MONDO:MONDO:0014941,,True
MedGen:C1846896,,True
MONDO:MONDO:0009622,,True
MONDO:MONDO:0007098,,True
MedGen:C1837713,,True
Orphanet:1766,,True
MedGen:C2931822,,True
MONDO:MONDO:0008869,,True
OMIM:610489,,True
OMIM:130070,,True
Orphanet:312,,True
MedGen:C1832702,,True
MONDO:MONDO:0008148,,True
MONDO:MONDO:0007399,,True
MONDO:MONDO:0011670,,True
MedGen:C3150974,,True
MONDO:MONDO:0060758,,True
MONDO:MONDO:0010215,,True
OMIM:618603,,True
MONDO:MONDO:0016830,,True
MONDO:MONDO:0008061,,True
Orphanet:181396,,True
OMIM:210370,,True
MONDO:MONDO:0014438,,True
MedGen:C1837615,,True
MedGen:C1833503,,True
OMIM:263520,,True
OMIM:612075,,True
MedGen:C0271578,,True
MedGen:C4013473,,True
MedGen:C4225397,,True
MedGen:C4746745,,True
MONDO:MONDO:0044203,,True
MedGen:C0018552,,True
MedGen:C4310734,,True
OMIM:203300,,True
Orphanet:2445,,True
MONDO:MONDO:0014750,,True
MONDO:MONDO:0007574,,True
OMIM:610069,,True
MedGen:C3540453,,True
MedGen:C3277679,,True
MedGen:C4073081,,True
MedGen:C1842675,,True
MedGen:C2673375,,True
MedGen:C1849937,,True
Orphanet:93925,,True
MedGen:C1835826,,True
OMIM:618484,,True
MedGen:C1846632,,True
OMIM:600131,,True
MedGen:C4693367,,True
OMIM:108120,,True
MONDO:MONDO:0013522,,True
Orphanet:228302,,True
Orphanet:181387,,True
OMIM:192500,,True
MedGen:C1853482,,True
MedGen:C1862939,,True
OMIM:606394,,True
MedGen:C4016663,,True
MONDO:MONDO:0012437,,True
OMIM:306400,,True
OMIM:618859,,True
Orphanet:98886,,True
OMIM:613804,,True
MedGen:C3150954,,True
OMIM:155601,,True
MedGen:C0015523,,True
MedGen:C3469542,,True
OMIM:615374,,True
MedGen:C0152018,,True
MedGen:C0268412,,True
MedGen:C4024701,,True
OMIM:616564,,True
MONDO:MONDO:0014971,,True
OMIM:616032,,True
MedGen:C3150127,,True
OMIM:613986,,True
OMIM:180920,,True
Orphanet:98274,,True
Orphanet:268950,,True
MONDO:MONDO:0029145,,True
MONDO:MONDO:0014956,,True
MedGen:C4017084,,True
OMIM:617664,,True
OMIM:614116,,True
Orphanet:447896,,True
OMIM:129400,,True
MedGen:C0751885,,True
OMIM:614557,,True
MedGen:C2931072,,True
OMIM:194070,,True
OMIM:603902,,True
MedGen:C0855740,,True
MONDO:MONDO:0008234,,True
MedGen:C0002768,,True
Orphanet:456312,,True
MedGen:C4479319,,True
MedGen:C0272199,,True
MedGen:C0020461,,True
MedGen:C1845336,,True
MONDO:MONDO:0011068,,True
OMIM:610329,,True
OMIM:613011,,True
Orphanet:93111,,True
MONDO:MONDO:0010389,,True
MedGen:C3550921,,True
MedGen:C4721889,,True
OMIM:610427,,True
MONDO:MONDO:0012790,,True
MedGen:C0035300,,True
Orphanet:799,,True
MONDO:MONDO:0010015,,True
MedGen:C1859896,,True
Orphanet:319182,,True
MONDO:MONDO:0011104,,True
Orphanet:85146,,True
OMIM:600462,,True
OMIM:610185,,True
Orphanet:3157,,True
OMIM:305390,,True
OMIM:618285,,True
Orphanet:422526,,True
MONDO:MONDO:0013188,,True
MedGen:C0578878,,True
MedGen:C4225377,,True
MedGen:C0342738,,True
OMIM:618707,,True
MedGen:C0004509,,True
MedGen:C1449842,,True
Orphanet:79102,,True
MONDO:MONDO:0016033,,True
Orphanet:66628,,True
OMIM:604379,,True
OMIM:607941,,True
OMIM:601675,,True
OMIM:615688,,True
MONDO:MONDO:0010693,,True
MedGen:C4540327,,True
MONDO:MONDO:0014532,,True
MONDO:MONDO:0003304,,True
OMIM:180860,,True
OMIM:604307,,True
Orphanet:101046,,True
Orphanet:756,,True
OMIM:608013,,True
MedGen:C1852282,,True
OMIM:300367,,True
MedGen:C0005859,,True
MedGen:C0001193,,True
MedGen:C1969084,,True
Orphanet:3057,,True
Orphanet:58,,True
MedGen:C4225413,,True
OMIM:615980,,True
MONDO:MONDO:0018458,,True
Orphanet:636,,True
MONDO:MONDO:0016471,,True
OMIM:613856,,True
MedGen:C1970021,,True
MedGen:C1837750,,True
MedGen:C1853193,,True
MedGen:C4016097,,True
Orphanet:251909,,True
MedGen:C1843028,,True
MONDO:MONDO:0004139,,True
OMIM:602080,,True
Orphanet:306597,,True
MedGen:C3280777,,True
MedGen:C3888002,,True
MONDO:MONDO:0014354,,True
Orphanet:2246,,True
MedGen:C1842930,,True
OMIM:616277,,True
OMIM:613148,,True
OMIM:610543,,True
MedGen:C1854058,,True
MONDO:MONDO:0009379,,True
MedGen:C0425492,,True
MONDO:MONDO:0009610,,True
MONDO:MONDO:0013423,,True
Orphanet:706,,True
MedGen:C4721531,,True
OMIM:617020,,True
MedGen:C4225313,,True
Orphanet:85212,,True
Orphanet:251877,,True
OMIM:608627,,True
Orphanet:100008,,True
MedGen:C3554306,,True
MONDO:MONDO:0000440,,True
OMIM:580000,,True
MONDO:MONDO:0008747,,True
Orphanet:111,,True
MedGen:C1866504,,True
MONDO:MONDO:0011908,,True
OMIM:277600,,True
MedGen:C4551998,,True
MedGen:C4721806,,True
MedGen:C2673885,,True
MedGen:C0426874,,True
OMIM:613070,,True
MONDO:MONDO:0010306,,True
Orphanet:206549,,True
MONDO:MONDO:0010823,,True
MedGen:C1857744,,True
MedGen:C4310676,,True
Orphanet:659,,True
OMIM:614227,,True
OMIM:618821,,True
MONDO:MONDO:0012471,,True
OMIM:605803,,True
MedGen:C4284093,,True
Orphanet:141,,True
MedGen:C3554689,,True
MedGen:C4015214,,True
MedGen:C1857821,,True
Orphanet:238475,,True
MedGen:C2751682,,True
MONDO:MONDO:0010714,,True
MONDO:MONDO:0007201,,True
MONDO:MONDO:0011475,,True
Orphanet:83420,,True
Orphanet:352709,,True
OMIM:613319,,True
MONDO:MONDO:0009910,,True
OMIM:612591,,True
Orphanet:69663,,True
MONDO:MONDO:0018096,,True
OMIM:614837,,True
MedGen:C4022012,,True
MONDO:MONDO:0020506,,True
Orphanet:369939,,True
OMIM:610357,,True
Orphanet:122,,True
MONDO:MONDO:0014946,,True
MedGen:C5193108,,True
MedGen:C3275899,,True
OMIM:238320,,True
MONDO:MONDO:0012586,,True
OMIM:616255,,True
Orphanet:300525,,True
MedGen:C1858535,,True
OMIM:102700,,True
MONDO:MONDO:0032850,,True
MONDO:MONDO:0012762,,True
Orphanet:2241,,True
MONDO:MONDO:0014724,,True
OMIM:300260,,True
MONDO:MONDO:0019249,,True
MedGen:C2700617,,True
Orphanet:182095,,True
MedGen:C4303479,,True
MedGen:C0878684,,True
OMIM:608390,,True
MONDO:MONDO:0010370,,True
MONDO:MONDO:0009990,,True
MedGen:C3836884,,True
MedGen:C4017106,,True
Orphanet:223735,,True
MedGen:C0344722,,True
MONDO:MONDO:0009295,,True
Orphanet:303,,True
MedGen:C4021813,,True
MedGen:C1864446,,True
MedGen:C1866008,,True
MONDO:MONDO:0012925,,True
MedGen:C0265313,,True
Orphanet:309803,,True
OMIM:618697,,True
MONDO:MONDO:0011705,,True
MONDO:MONDO:0004951,,True
MedGen:C1314665,,True
MedGen:C3809965,,True
OMIM:166300,,True
Orphanet:123,,True
Orphanet:284282,,True
MedGen:C0018523,,True
MONDO:MONDO:0008516,,True
MONDO:MONDO:0016535,,True
MedGen:C4021790,,True
MedGen:C1847823,,True
MedGen:C4479313,,True
MedGen:C2733158,,True
MedGen:C4551602,,True
MedGen:C4310712,,True
MONDO:MONDO:0054801,,True
MedGen:C1866174,,True
OMIM:617268,,True
MONDO:MONDO:0011074,,True
Orphanet:79101,,True
OMIM:617802,,True
Orphanet:93921,,True
OMIM:600204,,True
MONDO:MONDO:0014110,,True
Orphanet:329211,,True
MedGen:C4551984,,True
OMIM:133540,,True
MONDO:MONDO:0011752,,True
MONDO:MONDO:0013690,,True
MONDO:MONDO:0015522,,True
MONDO:MONDO:0012745,,True
Orphanet:102,,True
Orphanet:459056,,True
MedGen:C0452138,,True
MedGen:C0029396,,True
Orphanet:171848,,True
MONDO:MONDO:0009623,,True
MedGen:C2675867,,True
MedGen:C2749016,,True
Orphanet:157980,,True
OMIM:608068,,True
Orphanet:90673,,True
OMIM:604625,,True
MedGen:C4014831,,True
MedGen:C1859236,,True
MedGen:C4025804,,True
OMIM:616806,,True
Orphanet:137667,,True
OMIM:201000,,True
MONDO:MONDO:0016983,,True
MedGen:C2699746,,True
MedGen:C2751807,,True
MONDO:MONDO:0014456,,True
MedGen:C4551504,,True
OMIM:613658,,True
MONDO:MONDO:0009843,,True
MedGen:C3554496,,True
MONDO:MONDO:0007037,,True
MedGen:C1861922,,True
MedGen:C0011168,,True
OMIM:214150,,True
MONDO:MONDO:0009107,,True
MONDO:MONDO:0001210,,True
MedGen:C1847425,,True
MONDO:MONDO:0009711,,True
MedGen:C1860121,,True
MedGen:C1840529,,True
Orphanet:352,,True
OMIM:607259,,True
MONDO:MONDO:0019257,,True
MONDO:MONDO:0013005,,True
Orphanet:909,,True
OMIM:614844,,True
MONDO:MONDO:0007768,,True
MedGen:C1135191,,True
MONDO:MONDO:0014368,,True
MedGen:C1842109,,True
Orphanet:247525,,True
Orphanet:182040,,True
MedGen:C0009375,,True
MedGen:C4024297,,True
MedGen:C3280214,,True
MedGen:C2112129,,True
MedGen:C0018790,,True
MedGen:C2698312,,True
MONDO:MONDO:0008479,,True
MONDO:MONDO:0007293,,True
OMIM:618003,,True
MedGen:C3277940,,True
OMIM:608105,,True
MONDO:MONDO:0009708,,True
MedGen:C3711389,,True
MedGen:C4310623,,True
MONDO:MONDO:0014193,,True
OMIM:131500,,True
MedGen:C0343068,,True
MedGen:C4016248,,True
Orphanet:98885,,True
Orphanet:53691,,True
MedGen:C1527349,,True
MONDO:MONDO:0014459,,True
MedGen:C2678061,,True
MedGen:C4551570,,True
OMIM:603554,,True
MedGen:C1855115,,True
OMIM:600001,,True
MONDO:MONDO:0014035,,True
OMIM:249900,,True
MONDO:MONDO:0013219,,True
MONDO:MONDO:0010745,,True
MONDO:MONDO:0020128,,True
Orphanet:211067,,True
OMIM:167000,,True
MedGen:C4538355,,True
MedGen:C1868684,,True
MedGen:C2675722,,True
OMIM:614609,,True
OMIM:614322,,True
Orphanet:91385,,True
MedGen:C0700078,,True
MedGen:C4310733,,True
MedGen:C0282529,,True
MedGen:C4229399,,True
MedGen:C0279663,,True
MedGen:C0153368,,True
MONDO:MONDO:0014738,,True
MONDO:MONDO:0020775,,True
MONDO:MONDO:0014854,,True
Orphanet:73220,,True
MedGen:C1848410,,True
Orphanet:101997,,True
MedGen:C0342770,,True
MONDO:MONDO:0012080,,True
MONDO:MONDO:0032909,,True
Orphanet:411641,,True
Orphanet:101011,,True
Orphanet:280110,,True
MedGen:C3550789,,True
MONDO:MONDO:0013521,,True
MedGen:C1836672,,True
MedGen:C1390474,,True
MedGen:C5193124,,True
MedGen:C1838457,,True
MONDO:MONDO:0019200,,True
OMIM:600977,,True
Orphanet:86812,,True
OMIM:609322,,True
MONDO:MONDO:0011821,,True
OMIM:609889,,True
MedGen:C0085758,,True
MONDO:MONDO:0007514,,True
MedGen:C3715049,,True
OMIM:616217,,True
OMIM:180104,,True
OMIM:122200,,True
MedGen:C4016973,,True
MedGen:C3809543,,True
Orphanet:508093,,True
MONDO:MONDO:0012818,,True
MedGen:C0311394,,True
MONDO:MONDO:0009352,,True
OMIM:232240,,True
MedGen:C4017260,,True
MedGen:C3494506,,True
OMIM:614381,,True
Orphanet:168609,,True
OMIM:616854,,True
OMIM:601098,,True
Orphanet:776,,True
MedGen:C1846790,,True
MedGen:C0265273,,True
MedGen:C4225174,,True
Orphanet:199354,,True
Orphanet:93346,,True
OMIM:614369,,True
MONDO:MONDO:0001913,,True
MONDO:MONDO:0032816,,True
MedGen:C0403397,,True
MedGen:C0013377,,True
OMIM:613951,,True
OMIM:615577,,True
Orphanet:90321,,True
MONDO:MONDO:0007405,,True
MedGen:C0158646,,True
MedGen:C2265792,,True
MedGen:C0423421,,True
MedGen:C1861863,,True
OMIM:615145,,True
MONDO:MONDO:0060713,,True
OMIM:112050,,True
MONDO:MONDO:0008437,,True
MONDO:MONDO:0010486,,True
Orphanet:99013,,True
MedGen:C0032290,,True
MedGen:C4479619,,True
OMIM:618880,,True
MedGen:C4082304,,True
MedGen:C4225285,,True
OMIM:215470,,True
MedGen:C3554519,,True
MONDO:MONDO:0016596,,True
MONDO:MONDO:0060551,,True
MONDO:MONDO:0010771,,True
MONDO:MONDO:0008223,,True
MedGen:C2020284,,True
MedGen:C0152237,,True
MONDO:MONDO:0012196,,True
OMIM:147950,,True
MedGen:C4225396,,True
MedGen:C4225165,,True
OMIM:601868,,True
OMIM:617027,,True
MONDO:MONDO:0010385,,True
MedGen:C1860819,,True
MONDO:MONDO:0018940,,True
MONDO:MONDO:0018954,,True
OMIM:255700,,True
MONDO:MONDO:0011640,,True
MedGen:C4025576,,True
MedGen:C1835398,,True
MedGen:C3888385,,True
Orphanet:99408,,True
MedGen:C0020502,,True
Orphanet:495274,,True
MedGen:C1852091,,True
MONDO:MONDO:0008047,,True
MedGen:C3554004,,True
OMIM:609812,,True
MONDO:MONDO:0014857,,True
MONDO:MONDO:0014239,,True
MONDO:MONDO:0019947,,True
MONDO:MONDO:0014493,,True
MedGen:C4025183,,True
MONDO:MONDO:0009073,,True
MedGen:C1827970,,True
MedGen:C1332969,,True
MONDO:MONDO:0013593,,True
MedGen:C0085271,,True
OMIM:616059,,True
MONDO:MONDO:0016148,,True
OMIM:614493,,True
MONDO:MONDO:0005010,,True
MedGen:C3280492,,True
MedGen:C3809592,,True
Orphanet:182090,,True
MedGen:C3892039,,True
MedGen:C3151140,,True
MedGen:C0393525,,True
Orphanet:216675,,True
Orphanet:520,,True
MONDO:MONDO:0013806,,True
OMIM:209950,,True
OMIM:616896,,True
OMIM:252900,,True
MedGen:C3553230,,True
MONDO:MONDO:0010604,,True
MONDO:MONDO:0009823,,True
MONDO:MONDO:0007223,,True
OMIM:601414,,True
MedGen:C4707155,,True
MedGen:C4310716,,True
MedGen:C0268262,,True
MedGen:C1836940,,True
MONDO:MONDO:0020607,,True
MONDO:MONDO:0002404,,True
MONDO:MONDO:0010397,,True
MedGen:C1833661,,True
MedGen:C0221353,,True
Orphanet:166024,,True
MONDO:MONDO:0005258,,True
MONDO:MONDO:0013282,,True
MONDO:MONDO:0014136,,True
MedGen:C4225309,,True
MedGen:C4016264,,True
OMIM:608224,,True
MedGen:C0151942,,True
Orphanet:82,,True
OMIM:610313,,True
OMIM:153880,,True
MedGen:C1837014,,True
MedGen:C0423110,,True
MONDO:MONDO:0011852,,True
MedGen:C0558845,,True
MedGen:C2749982,,True
OMIM:614980,,True
MONDO:MONDO:0013197,,True
OMIM:618027,,True
OMIM:258860,,True
OMIM:618449,,True
MONDO:MONDO:0010078,,True
OMIM:618168,,True
MedGen:C4024710,,True
MedGen:C2675508,,True
OMIM:308240,,True
OMIM:205400,,True
Orphanet:422,,True
MedGen:C1861481,,True
MedGen:C4023353,,True
MedGen:C4310797,,True
MedGen:C1838818,,True
MedGen:C4479088,,True
Orphanet:497188,,True
MONDO:MONDO:0013034,,True
OMIM:256370,,True
Orphanet:98818,,True
OMIM:300882,,True
MONDO:MONDO:0014566,,True
OMIM:610978,,True
MONDO:MONDO:0012463,,True
MONDO:MONDO:0017146,,True
Orphanet:300496,,True
MedGen:C1563705,,True
MedGen:C1843075,,True
OMIM:614065,,True
MONDO:MONDO:0013547,,True
MedGen:C0004775,,True
Orphanet:98292,,True
Orphanet:99001,,True
OMIM:615974,,True
OMIM:194080,,True
OMIM:613706,,True
MedGen:C0079352,,True
OMIM:300868,,True
MedGen:C1852581,,True
MedGen:C0752123,,True
MedGen:C1264039,,True
OMIM:224700,,True
MedGen:C4310680,,True
MedGen:C1832476,,True
Orphanet:227535,,True
OMIM:615573,,True
MONDO:MONDO:0032918,,True
MedGen:C4014605,,True
OMIM:602485,,True
MONDO:MONDO:0012996,,True
OMIM:604321,,True
MedGen:C0030297,,True
MedGen:C1854335,,True
MedGen:C0265319,,True
Orphanet:118,,True
OMIM:264600,,True
MedGen:C3280797,,True
OMIM:616737,,True
Orphanet:91495,,True
OMIM:609129,,True
MONDO:MONDO:0054780,,True
Orphanet:216820,,True
OMIM:203750,,True
MedGen:C2750887,,True
Orphanet:261494,,True
MedGen:C2674665,,True
MedGen:C1866423,,True
MedGen:C4539976,,True
Orphanet:183757,,True
MedGen:C4693546,,True
MedGen:C1609528,,True
Orphanet:308400,,True
MedGen:C1866095,,True
MONDO:MONDO:0014687,,True
MONDO:MONDO:0010555,,True
Orphanet:790,,True
OMIM:169300,,True
OMIM:601228,,True
OMIM:145260,,True
MedGen:C1389280,,True
MedGen:C1848805,,True
Orphanet:98868,,True
Orphanet:100991,,True
MONDO:MONDO:0010354,,True
MONDO:MONDO:0012621,,True
MedGen:C0391816,,True
OMIM:606068,,True
Orphanet:85138,,True
MONDO:MONDO:0013234,,True
MedGen:C1858968,,True
MONDO:MONDO:0013687,,True
MedGen:C3150821,,True
MedGen:C3554409,,True
OMIM:614870,,True
MONDO:MONDO:0017579,,True
MONDO:MONDO:0012593,,True
Orphanet:3303,,True
MONDO:MONDO:0015358,,True
MONDO:MONDO:0019005,,True
MedGen:C4748608,,True
MedGen:C0039075,,True
MONDO:MONDO:0015019,,True
OMIM:611705,,True
MONDO:MONDO:0011936,,True
MedGen:C0206660,,True
MONDO:MONDO:0014319,,True
Orphanet:166093,,True
MONDO:MONDO:0009738,,True
OMIM:255200,,True
MedGen:C4016104,,True
MedGen:C0007787,,True
MONDO:MONDO:0013727,,True
MedGen:C1859726,,True
MedGen:C0009081,,True
MedGen:C2749659,,True
MedGen:C1860518,,True
OMIM:608594,,True
MONDO:MONDO:0009816,,True
MedGen:C0022541,,True
Orphanet:2903,,True
Orphanet:15,,True
Orphanet:228340,,True
MedGen:C0034069,,True
OMIM:614436,,True
MedGen:C1836308,,True
MONDO:MONDO:0009026,,True
MONDO:MONDO:0014817,,True
MONDO:MONDO:0004971,,True
OMIM:616603,,True
MONDO:MONDO:0012116,,True
OMIM:256840,,True
OMIM:216340,,True
Orphanet:87884,,True
MONDO:MONDO:0007933,,True
MONDO:MONDO:0012635,,True
OMIM:609452,,True
MedGen:C1856128,,True
OMIM:615399,,True
MONDO:MONDO:0018171,,True
OMIM:616586,,True
MedGen:C4748162,,True
MedGen:C0265253,,True
MedGen:C0278804,,True
MedGen:C1867450,,True
Orphanet:523,,True
MONDO:MONDO:0013110,,True
Orphanet:206973,,True
MONDO:MONDO:0013717,,True
OMIM:616188,,True
Orphanet:1052,,True
MedGen:C0015672,,True
MONDO:MONDO:0010995,,True
OMIM:608930,,True
MedGen:C1866182,,True
MedGen:C0393551,,True
MONDO:MONDO:0010212,,True
MedGen:C1852093,,True
MedGen:C3150705,,True
MedGen:C0175694,,True
Orphanet:740,,True
MedGen:C1834846,,True
Orphanet:77298,,True
MONDO:MONDO:0008123,,True
MedGen:C4310791,,True
OMIM:614897,,True
Orphanet:780,,True
OMIM:105400,,True
MONDO:MONDO:0009482,,True
MedGen:C1096367,,True
MONDO:MONDO:0013099,,True
Orphanet:213528,,True
Orphanet:2149,,True
MedGen:C0546966,,True
Orphanet:158687,,True
OMIM:212350,,True
Orphanet:99941,,True
Orphanet:627,,True
MONDO:MONDO:0011468,,True
MedGen:C0796147,,True
MedGen:C3554168,,True
MedGen:C0431363,,True
OMIM:235730,,True
Orphanet:404437,,True
Orphanet:98912,,True
Orphanet:100006,,True
OMIM:616851,,True
OMIM:614332,,True
MONDO:MONDO:0012703,,True
Orphanet:166087,,True
OMIM:614740,,True
MedGen:C1848526,,True
MONDO:MONDO:0011830,,True
MedGen:C3150740,,True
MedGen:C3280352,,True
OMIM:109650,,True
MONDO:MONDO:0011518,,True
MONDO:MONDO:0004555,,True
MedGen:C0035579,,True
Orphanet:263,,True
Orphanet:71291,,True
MONDO:MONDO:0019023,,True
MedGen:C1865349,,True
OMIM:608553,,True
MONDO:MONDO:0009398,,True
MedGen:C0024899,,True
MedGen:C0025284,,True
MedGen:C0206624,,True
MedGen:C1853124,,True
OMIM:306900,,True
Orphanet:267,,True
MONDO:MONDO:0013920,,True
Orphanet:88940,,True
Orphanet:411709,,True
MONDO:MONDO:0002462,,True
MONDO:MONDO:0019248,,True
MedGen:C0338484,,True
MedGen:C0013421,,True
MedGen:C0175699,,True
OMIM:157300,,True
MedGen:C3553844,,True
MedGen:C3280785,,True
MONDO:MONDO:0014668,,True
OMIM:610168,,True
MedGen:C0399368,,True
OMIM:122000,,True
OMIM:300905,,True
Orphanet:64720,,True
MedGen:C4748732,,True
MedGen:C3278811,,True
Orphanet:44,,True
MedGen:C1970506,,True
MONDO:MONDO:0012512,,True
OMIM:302350,,True
MONDO:MONDO:0008780,,True
MONDO:MONDO:0026729,,True
Orphanet:97244,,True
OMIM:610708,,True
OMIM:256700,,True
Orphanet:2348,,True
MedGen:C4225326,,True
MONDO:MONDO:0007851,,True
OMIM:253600,,True
OMIM:157170,,True
MONDO:MONDO:0013948,,True
Orphanet:98768,,True
Orphanet:231237,,True
OMIM:246450,,True
OMIM:145000,,True
MedGen:C0158252,,True
MONDO:MONDO:0014757,,True
OMIM:223900,,True
MONDO:MONDO:0018938,,True
MONDO:MONDO:0012475,,True
OMIM:615440,,True
MONDO:MONDO:0014730,,True
MONDO:MONDO:0013515,,True
Orphanet:139578,,True
Orphanet:1225,,True
MONDO:MONDO:0013464,,True
MedGen:C0080218,,True
MONDO:MONDO:0013977,,True
Orphanet:79445,,True
OMIM:300436,,True
MedGen:C4748769,,True
MedGen:C1845847,,True
MONDO:MONDO:0011284,,True
OMIM:612551,,True
MedGen:C4225424,,True
MONDO:MONDO:0013168,,True
MONDO:MONDO:0000914,,True
Orphanet:209370,,True
OMIM:617082,,True
MedGen:C3151066,,True
MedGen:C3150878,,True
OMIM:607631,,True
MedGen:C0242292,,True
MedGen:C2675185,,True
MedGen:C1857728,,True
MONDO:MONDO:0011998,,True
MONDO:MONDO:0014108,,True
OMIM:115430,,True
MedGen:C0795910,,True
MedGen:C1970822,,True
MONDO:MONDO:0014691,,True
MONDO:MONDO:0008865,,True
MONDO:MONDO:0009469,,True
OMIM:300673,,True
Orphanet:313838,,True
MedGen:C1280798,,True
Orphanet:485382,,True
OMIM:171400,,True
MONDO:MONDO:0017892,,True
MedGen:C0018920,,True
MONDO:MONDO:0013370,,True
MedGen:C3151470,,True
MedGen:C1855923,,True
Orphanet:3242,,True
MONDO:MONDO:0013041,,True
MedGen:C4021082,,True
MedGen:C3278211,,True
OMIM:601728,,True
OMIM:300476,,True
OMIM:615828,,True
MedGen:C0035305,,True
MedGen:C1836797,,True
MONDO:MONDO:0004822,,True
OMIM:188055,,True
MedGen:C4018871,,True
MedGen:C4023017,,True
MONDO:MONDO:0014409,,True
MedGen:C3806917,,True
MONDO:MONDO:0032680,,True
MedGen:C2750069,,True
Orphanet:329457,,True
Orphanet:1134,,True
Orphanet:99081,,True
Orphanet:98920,,True
MedGen:C4016314,,True
MedGen:C1405854,,True
OMIM:256810,,True
MedGen:C4747769,,True
MedGen:C0431664,,True
Orphanet:99942,,True
MONDO:MONDO:0013061,,True
MedGen:C4016602,,True
MedGen:C2829265,,True
MedGen:C1721006,,True
MedGen:C3278148,,True
OMIM:204500,,True
Orphanet:64,,True
MONDO:MONDO:0013943,,True
MedGen:C1563706,,True
MedGen:C0406727,,True
Orphanet:501,,True
MedGen:C0220697,,True
MedGen:C0205768,,True
MedGen:C1848172,,True
MedGen:C2752072,,True
OMIM:611038,,True
MedGen:C0021847,,True
OMIM:607426,,True
MONDO:MONDO:0014114,,True
MedGen:C3150714,,True
MedGen:C4760599,,True
Orphanet:420485,,True
OMIM:618500,,True
OMIM:300963,,True
Orphanet:84081,,True
Orphanet:91414,,True
MedGen:C0410530,,True
MONDO:MONDO:0011160,,True
MONDO:MONDO:0019507,,True
MedGen:C1281931,,True
MONDO:MONDO:0011546,,True
Orphanet:65282,,True
MONDO:MONDO:0014240,,True
MONDO:MONDO:0011264,,True
MedGen:C1842475,,True
MedGen:C2751803,,True
MedGen:C1858172,,True
Orphanet:251899,,True
OMIM:618223,,True
MedGen:C3714899,,True
OMIM:609053,,True
MONDO:MONDO:0010785,,True
MedGen:C4479333,,True
OMIM:613151,,True
MedGen:C0015644,,True
OMIM:137215,,True
MONDO:MONDO:0010702,,True
OMIM:120430,,True
MedGen:C1836450,,True
MONDO:MONDO:0008375,,True
MONDO:MONDO:0004730,,True
MedGen:C0266463,,True
MONDO:MONDO:0007129,,True
Orphanet:494344,,True
MedGen:C4025357,,True
MONDO:MONDO:0014953,,True
MedGen:C4310682,,True
OMIM:205100,,True
MONDO:MONDO:0008763,,True
MedGen:C4310617,,True
MedGen:C3151193,,True
MONDO:MONDO:0013543,,True
Orphanet:252206,,True
MedGen:C3151059,,True
MONDO:MONDO:0009728,,True
MONDO:MONDO:0009136,,True
OMIM:265800,,True
MedGen:C4748195,,True
MONDO:MONDO:0006181,,True
MedGen:C3276276,,True
OMIM:613820,,True
MedGen:C0677628,,True
Orphanet:420566,,True
MONDO:MONDO:0012602,,True
OMIM:616657,,True
MONDO:MONDO:0012212,,True
OMIM:616051,,True
OMIM:104500,,True
MedGen:C5193014,,True
OMIM:169150,,True
MedGen:C4022568,,True
Orphanet:3220,,True
MONDO:MONDO:0013362,,True
MedGen:C0700501,,True
Orphanet:60030,,True
OMIM:224410,,True
MONDO:MONDO:0013983,,True
Orphanet:1900,,True
Orphanet:280293,,True
MONDO:MONDO:0003664,,True
MedGen:C0019061,,True
MONDO:MONDO:0013109,,True
MONDO:MONDO:0020119,,True
Orphanet:199348,,True
MedGen:C4017096,,True
MedGen:C4225306,,True
MedGen:C4748341,,True
MONDO:MONDO:0015801,,True
MedGen:C3714581,,True
MedGen:C4748484,,True
MONDO:MONDO:0007366,,True
MONDO:MONDO:0013242,,True
MONDO:MONDO:0010936,,True
Orphanet:52183,,True
MONDO:MONDO:0007888,,True
MedGen:C0268371,,True
OMIM:166220,,True
MONDO:MONDO:0011365,,True
MONDO:MONDO:0010478,,True
MedGen:C4023342,,True
MedGen:C2677099,,True
MedGen:C0265215,,True
MONDO:MONDO:0014360,,True
MedGen:C4015124,,True
MedGen:C0152415,,True
MedGen:C3278404,,True
OMIM:205950,,True
MedGen:C3151445,,True
MONDO:MONDO:0009032,,True
MedGen:C4024700,,True
MedGen:C3150969,,True
MedGen:C4225166,,True
Orphanet:99900,,True
MedGen:C1832378,,True
MedGen:C1859979,,True
MONDO:MONDO:0007550,,True
OMIM:601869,,True
MedGen:C0342898,,True
OMIM:615398,,True
OMIM:613435,,True
MedGen:C1843808,,True
Orphanet:251287,,True
MONDO:MONDO:0007557,,True
OMIM:617729,,True
MedGen:C0020474,,True
MedGen:C2936791,,True
MedGen:C4016266,,True
MedGen:C3278138,,True
MedGen:C1863561,,True
MedGen:C1846013,,True
MedGen:C1868616,,True
MONDO:MONDO:0010452,,True
Orphanet:3332,,True
MONDO:MONDO:0011017,,True
MONDO:MONDO:0012977,,True
MedGen:C0020501,,True
MONDO:MONDO:0007043,,True
MONDO:MONDO:0001166,,True
OMIM:102370,,True
MedGen:C1844713,,True
MONDO:MONDO:0008702,,True
OMIM:193530,,True
MONDO:MONDO:0000087,,True
MedGen:C0036857,,True
MedGen:C0856863,,True
MedGen:C4015388,,True
MedGen:C2751053,,True
Orphanet:3107,,True
MedGen:C2751641,,True
MONDO:MONDO:0014190,,True
MONDO:MONDO:0014702,,True
OMIM:601360,,True
MONDO:MONDO:0012430,,True
OMIM:601154,,True
MONDO:MONDO:0014544,,True
MedGen:C0334463,,True
OMIM:615418,,True
Orphanet:88632,,True
MONDO:MONDO:0010400,,True
MedGen:C0035304,,True
OMIM:607136,,True
MedGen:C4225189,,True
Orphanet:98915,,True
Orphanet:2133,,True
MedGen:C3668935,,True
OMIM:600363,,True
MONDO:MONDO:0001746,,True
OMIM:616227,,True
OMIM:231200,,True
MedGen:C0410189,,True
MedGen:C4016625,,True
MedGen:C2752073,,True
MedGen:C1851577,,True
OMIM:608653,,True
Orphanet:447997,,True
MedGen:C4015525,,True
MedGen:C0042571,,True
MONDO:MONDO:0001020,,True
MONDO:MONDO:0011335,,True
Orphanet:444072,,True
MONDO:MONDO:0009659,,True
MedGen:C4551675,,True
OMIM:177735,,True
OMIM:132900,,True
MedGen:C4707848,,True
MedGen:C0003504,,True
MONDO:MONDO:0008083,,True
Orphanet:3103,,True
MONDO:MONDO:0012173,,True
MedGen:C1865872,,True
OMIM:612199,,True
MedGen:C1865322,,True
OMIM:193200,,True
OMIM:220111,,True
OMIM:274500,,True
OMIM:613985,,True
MedGen:C4016285,,True
OMIM:617866,,True
MedGen:C0221055,,True
Orphanet:3366,,True
MedGen:C1835905,,True
Orphanet:289365,,True
MONDO:MONDO:0014244,,True
MONDO:MONDO:0009697,,True
OMIM:608567,,True
MedGen:C0406810,,True
MONDO:MONDO:0014565,,True
Orphanet:319595,,True
MedGen:C1864723,,True
OMIM:613150,,True
Orphanet:357064,,True
OMIM:615352,,True
MONDO:MONDO:0014899,,True
MONDO:MONDO:0010632,,True
MedGen:C0235782,,True
MedGen:C4025809,,True
MONDO:MONDO:0014904,,True
MONDO:MONDO:0013142,,True
OMIM:613489,,True
MedGen:C0080024,,True
MONDO:MONDO:0001150,,True
OMIM:614833,,True
MedGen:C0233763,,True
MedGen:C4023628,,True
MedGen:C2751582,,True
MONDO:MONDO:0032702,,True
OMIM:606232,,True
OMIM:616887,,True
MedGen:C4017062,,True
MONDO:MONDO:0012688,,True
MedGen:C1864851,,True
MedGen:C0013274,,True
OMIM:123700,,True
OMIM:615760,,True
MedGen:C5193018,,True
MONDO:MONDO:0024570,,True
Orphanet:352675,,True
MedGen:C3150852,,True
OMIM:608970,,True
MedGen:C1832216,,True
MedGen:C0813230,,True
Orphanet:447893,,True
MONDO:MONDO:0013916,,True
MedGen:C1963282,,True
MedGen:C4316903,,True
MedGen:C2936786,,True
MONDO:MONDO:0003155,,True
MedGen:C4310725,,True
MedGen:C1839531,,True
Orphanet:93315,,True
MedGen:C0013902,,True
MedGen:C4479569,,True
MedGen:C2751829,,True
MONDO:MONDO:0007885,,True
MedGen:C1846059,,True
MONDO:MONDO:0019471,,True
MONDO:MONDO:0033366,,True
MedGen:C4016868,,True
Orphanet:1486,,True
MedGen:C4053736,,True
MedGen:C1306587,,True
OMIM:613159,,True
MedGen:C4746984,,True
MedGen:C0029121,,True
MONDO:MONDO:0011570,,True
Orphanet:98496,,True
OMIM:618492,,True
Orphanet:24,,True
Orphanet:98756,,True
Orphanet:436182,,True
MedGen:C0268358,,True
MedGen:C0234182,,True
MONDO:MONDO:0013465,,True
MONDO:MONDO:0013435,,True
MONDO:MONDO:0012744,,True
OMIM:613876,,True
OMIM:231005,,True
OMIM:612577,,True
MedGen:C0033975,,True
OMIM:612852,,True
MedGen:C3554460,,True
OMIM:617068,,True
MedGen:C5231394,,True
MedGen:C0026034,,True
MedGen:C0010346,,True
MONDO:MONDO:0014120,,True
OMIM:278760,,True
Orphanet:216812,,True
MedGen:C0241908,,True
MONDO:MONDO:0008146,,True
MedGen:C1835923,,True
MedGen:C0024591,,True
MONDO:MONDO:0015280,,True
MONDO:MONDO:0021011,,True
OMIM:614847,,True
MedGen:C1720037,,True
MedGen:C1859535,,True
MONDO:MONDO:0013961,,True
MedGen:C4022762,,True
MedGen:C0555198,,True
MedGen:C1846343,,True
MONDO:MONDO:0017398,,True
OMIM:610187,,True
OMIM:613823,,True
MedGen:C3463916,,True
Orphanet:183713,,True
MedGen:C4015597,,True
MedGen:C4225323,,True
Orphanet:2591,,True
OMIM:611771,,True
Orphanet:276152,,True
OMIM:603513,,True
MedGen:C2609268,,True
MedGen:C2751322,,True
MedGen:C4073073,,True
MONDO:MONDO:0013193,,True
MedGen:C2748507,,True
MedGen:C0424230,,True
MedGen:C1855483,,True
Orphanet:1041,,True
MedGen:C3151441,,True
MONDO:MONDO:0008641,,True
MedGen:C0033687,,True
MedGen:C1836439,,True
MedGen:C0272317,,True
Orphanet:67037,,True
MedGen:C2675210,,True
MONDO:MONDO:0014408,,True
Orphanet:2623,,True
OMIM:612164,,True
Orphanet:85293,,True
MedGen:C1800706,,True
OMIM:144700,,True
OMIM:601198,,True
MedGen:C1844678,,True
OMIM:614742,,True
MONDO:MONDO:0014159,,True
Orphanet:3095,,True
OMIM:618373,,True
OMIM:604287,,True
MedGen:C3888338,,True
Orphanet:2924,,True
MedGen:C4025360,,True
MedGen:C1846389,,True
Orphanet:254864,,True
OMIM:614732,,True
OMIM:308990,,True
MedGen:C0432228,,True
MONDO:MONDO:0009773,,True
Orphanet:2771,,True
MONDO:MONDO:0007709,,True
MONDO:MONDO:0032778,,True
MedGen:C3151443,,True
Orphanet:183660,,True
MONDO:MONDO:0017265,,True
MedGen:C4693420,,True
Orphanet:213,,True
MedGen:C3151513,,True
MedGen:C1836230,,True
MedGen:C0085207,,True
MONDO:MONDO:0008024,,True
MedGen:C1862839,,True
MedGen:C1956261,,True
MedGen:C3550234,,True
MedGen:C3554687,,True
MedGen:C4517996,,True
MedGen:C0239105,,True
MedGen:C3150418,,True
OMIM:224230,,True
MedGen:C1855553,,True
MONDO:MONDO:0016293,,True
Orphanet:363409,,True
MedGen:C0240543,,True
MedGen:C0003079,,True
MedGen:C1859565,,True
OMIM:128235,,True
OMIM:616749,,True
MONDO:MONDO:0013861,,True
MONDO:MONDO:0011456,,True
MedGen:C3280358,,True
MONDO:MONDO:0017385,,True
OMIM:615293,,True
MedGen:C4225327,,True
MONDO:MONDO:0017774,,True
MONDO:MONDO:0016244,,True
Orphanet:725,,True
MONDO:MONDO:0014042,,True
Orphanet:457050,,True
MedGen:C1847593,,True
Orphanet:3269,,True
MONDO:MONDO:0012860,,True
MedGen:C0018991,,True
MONDO:MONDO:0017319,,True
MedGen:C0266313,,True
MedGen:C4748826,,True
MONDO:MONDO:0020493,,True
OMIM:614962,,True
MedGen:C1857699,,True
MedGen:C1858539,,True
MedGen:C0018099,,True
MedGen:C1276035,,True
MONDO:MONDO:0012252,,True
Orphanet:53697,,True
MedGen:C0334083,,True
OMIM:300908,,True
OMIM:613251,,True
OMIM:300918,,True
OMIM:142623,,True
MedGen:C2752042,,True
MedGen:C4072828,,True
OMIM:142340,,True
MedGen:C0023903,,True
MONDO:MONDO:0011485,,True
OMIM:613087,,True
OMIM:617903,,True
MedGen:C1856439,,True
MedGen:C0410264,,True
MedGen:C4693325,,True
OMIM:601559,,True
MedGen:C1854150,,True
Orphanet:231222,,True
MedGen:C0796275,,True
MedGen:C0037268,,True
MedGen:C1854990,,True
MedGen:C1846151,,True
MONDO:MONDO:0012864,,True
MONDO:MONDO:0007352,,True
MONDO:MONDO:0010156,,True
OMIM:144750,,True
Orphanet:1497,,True
OMIM:608161,,True
Orphanet:98956,,True
MedGen:C0019562,,True
MedGen:C1847532,,True
MONDO:MONDO:0012891,,True
MedGen:C1839606,,True
OMIM:608236,,True
OMIM:113970,,True
OMIM:607685,,True
MedGen:C0019069,,True
MONDO:MONDO:0018975,,True
MedGen:C1291299,,True
OMIM:603278,,True
MedGen:C3553264,,True
MONDO:MONDO:0012127,,True
Orphanet:231226,,True
Orphanet:75497,,True
Orphanet:391,,True
Orphanet:2635,,True
OMIM:613325,,True
MedGen:C0079541,,True
MONDO:MONDO:0014028,,True
MedGen:C4225203,,True
Orphanet:313892,,True
Orphanet:86875,,True
Orphanet:101084,,True
Orphanet:79333,,True
Orphanet:79289,,True
Orphanet:888,,True
MONDO:MONDO:0009310,,True
OMIM:610188,,True
Orphanet:363972,,True
MedGen:C4552000,,True
MedGen:C3150730,,True
OMIM:615035,,True
MONDO:MONDO:0013098,,True
MedGen:C1963101,,True
OMIM:103050,,True
MONDO:MONDO:0013710,,True
MedGen:C0376358,,True
MONDO:MONDO:0009612,,True
MedGen:C5231483,,True
Orphanet:140944,,True
OMIM:614841,,True
OMIM:614096,,True
MONDO:MONDO:0024537,,True
OMIM:615419,,True
OMIM:119570,,True
MedGen:C1861065,,True
MedGen:C4551475,,True
OMIM:617205,,True
MedGen:C1969623,,True
MedGen:C3277074,,True
MedGen:C3671878,,True
MedGen:C1384666,,True
OMIM:602433,,True
MedGen:C1832215,,True
MONDO:MONDO:0012183,,True
MedGen:C0023418,,True
MedGen:C3888307,,True
MONDO:MONDO:0013468,,True
OMIM:616835,,True
Orphanet:165994,,True
MONDO:MONDO:0014000,,True
MONDO:MONDO:0032939,,True
MedGen:C1968556,,True
MedGen:C0270968,,True
MedGen:C0282528,,True
MONDO:MONDO:0013964,,True
MedGen:C0035410,,True
MedGen:C3806634,,True
MedGen:C3151185,,True
MedGen:C4747961,,True
OMIM:300590,,True
MedGen:C4225408,,True
MedGen:C0220754,,True
MedGen:C2678474,,True
Orphanet:363958,,True
MONDO:MONDO:0008887,,True
Orphanet:3027,,True
Orphanet:822,,True
Orphanet:581,,True
MONDO:MONDO:0009863,,True
MONDO:MONDO:0008494,,True
OMIM:618343,,True
OMIM:617761,,True
MONDO:MONDO:0013305,,True
Orphanet:251282,,True
OMIM:613616,,True
MedGen:C0442880,,True
Orphanet:293864,,True
MedGen:C1868633,,True
OMIM:614932,,True
MedGen:C3540764,,True
MONDO:MONDO:0014585,,True
MONDO:MONDO:0014434,,True
MedGen:C0238461,,True
MONDO:MONDO:0003073,,True
MedGen:C3806737,,True
MedGen:C1533041,,True
MedGen:C3552821,,True
MedGen:C1847730,,True
OMIM:616685,,True
MedGen:C4025070,,True
MedGen:C0398777,,True
OMIM:615181,,True
Orphanet:254871,,True
Orphanet:247834,,True
MONDO:MONDO:0019181,,True
MONDO:MONDO:0010472,,True
MedGen:C1845861,,True
MONDO:MONDO:0007092,,True
OMIM:610733,,True
MedGen:C1845862,,True
MedGen:C0432208,,True
OMIM:612247,,True
MedGen:C1834692,,True
MedGen:C4721886,,True
MedGen:C0950122,,True
MONDO:MONDO:0013266,,True
MedGen:C1864669,,True
MONDO:MONDO:0010056,,True
MedGen:C1861864,,True
MedGen:C3151077,,True
OMIM:137800,,True
OMIM:616449,,True
OMIM:617691,,True
OMIM:609135,,True
OMIM:606705,,True
OMIM:612938,,True
MedGen:C4293708,,True
MedGen:C0003811,,True
MedGen:C1959582,,True
OMIM:618947,,True
MedGen:C3553951,,True
MedGen:C3888417,,True
MONDO:MONDO:0011244,,True
MONDO:MONDO:0011112,,True
Orphanet:217074,,True
MedGen:C2675767,,True
MONDO:MONDO:0008016,,True
Orphanet:33108,,True
Orphanet:308410,,True
MedGen:C3542025,,True
OMIM:249000,,True
Orphanet:772,,True
MedGen:C2931013,,True
MedGen:C1843181,,True
MedGen:C2911643,,True
MedGen:C4225311,,True
MONDO:MONDO:0014876,,True
OMIM:613308,,True
MedGen:C5231429,,True
MedGen:C4225172,,True
MedGen:C1968949,,True
MedGen:C0007286,,True
MedGen:C4551486,,True
MONDO:MONDO:0011912,,True
OMIM:618242,,True
MONDO:MONDO:0013778,,True
OMIM:188400,,True
MedGen:C0020599,,True
OMIM:307200,,True
MedGen:C0432321,,True
MedGen:C4015436,,True
MONDO:MONDO:0009649,,True
Orphanet:231568,,True
MONDO:MONDO:0013724,,True
MONDO:MONDO:0008673,,True
MONDO:MONDO:0011127,,True
OMIM:606719,,True
MedGen:C3539013,,True
MONDO:MONDO:0032860,,True
MONDO:MONDO:0014819,,True
OMIM:300867,,True
MedGen:C0240421,,True
MedGen:C1844806,,True
MedGen:C1845202,,True
MedGen:C0085132,,True
Orphanet:480851,,True
OMIM:300643,,True
MedGen:C0042514,,True
MONDO:MONDO:0010208,,True
MedGen:C0008031,,True
Orphanet:319303,,True
MONDO:MONDO:0018328,,True
MedGen:C1865616,,True
OMIM:614390,,True
OMIM:154780,,True
OMIM:616901,,True
OMIM:301200,,True
MedGen:C1844820,,True
MedGen:C4748184,,True
OMIM:614819,,True
OMIM:194072,,True
MONDO:MONDO:0007390,,True
MedGen:C4551478,,True
MedGen:C4748701,,True
MONDO:MONDO:0011577,,True
MONDO:MONDO:0009669,,True
Orphanet:2884,,True
MedGen:C0011269,,True
MONDO:MONDO:0012911,,True
MONDO:MONDO:0013616,,True
OMIM:216550,,True
MedGen:C0016788,,True
OMIM:613563,,True
MONDO:MONDO:0016607,,True
MONDO:MONDO:0012476,,True
MedGen:C4021760,,True
OMIM:604317,,True
MONDO:MONDO:0010024,,True
MONDO:MONDO:0011676,,True
OMIM:178110,,True
OMIM:615954,,True
OMIM:614152,,True
MONDO:MONDO:0011449,,True
Orphanet:435845,,True
Orphanet:64749,,True
Orphanet:373,,True
MedGen:C3553793,,True
MedGen:C4748792,,True
MedGen:C4015728,,True
MedGen:C0917798,,True
OMIM:123150,,True
MONDO:MONDO:0032673,,True
MONDO:MONDO:0032826,,True
MONDO:MONDO:0012850,,True
MONDO:MONDO:0011113,,True
MedGen:C1855840,,True
MedGen:C2750451,,True
OMIM:174900,,True
MedGen:C0028738,,True
MedGen:C0151564,,True
OMIM:617954,,True
MONDO:MONDO:0005835,,True
MONDO:MONDO:0014213,,True
MONDO:MONDO:0014686,,True
OMIM:601887,,True
Orphanet:98249,,True
MedGen:C1866176,,True
Orphanet:166282,,True
MedGen:C0270960,,True
MedGen:C0455792,,True
MedGen:C0015503,,True
MONDO:MONDO:0012025,,True
MONDO:MONDO:0011416,,True
MedGen:C3554195,,True
MedGen:C1852555,,True
MedGen:C0473237,,True
MONDO:MONDO:0016743,,True
MONDO:MONDO:0013893,,True
OMIM:254780,,True
OMIM:300802,,True
MedGen:C4014239,,True
MONDO:MONDO:0013556,,True
MONDO:MONDO:0010566,,True
MONDO:MONDO:0011951,,True
MONDO:MONDO:0008477,,True
MedGen:C0240063,,True
MONDO:MONDO:0005081,,True
MedGen:C1850569,,True
MONDO:MONDO:0032888,,True
OMIM:614871,,True
MONDO:MONDO:0011359,,True
MONDO:MONDO:0018868,,True
OMIM:232800,,True
MedGen:C1857144,,True
MedGen:C1854336,,True
MONDO:MONDO:0010787,,True
MedGen:C4748786,,True
MedGen:C4687396,,True
MONDO:MONDO:0018307,,True
MONDO:MONDO:0014361,,True
MedGen:C0796232,,True
MedGen:C0003862,,True
MedGen:C3149706,,True
MedGen:C0266617,,True
Orphanet:465508,,True
MONDO:MONDO:0010926,,True
OMIM:608804,,True
MONDO:MONDO:0013141,,True
MedGen:C0578477,,True
MONDO:MONDO:0007345,,True
MONDO:MONDO:0013986,,True
Orphanet:231169,,True
MedGen:C2698309,,True
MONDO:MONDO:0017219,,True
MedGen:C4024818,,True
MONDO:MONDO:0000153,,True
MedGen:C1848634,,True
MedGen:C1300285,,True
MedGen:C4225364,,True
OMIM:601072,,True
MedGen:C4022908,,True
MONDO:MONDO:0007586,,True
MedGen:C1840347,,True
MONDO:MONDO:0014134,,True
OMIM:607822,,True
OMIM:213002,,True
MedGen:C4551966,,True
MedGen:C0013592,,True
Orphanet:208513,,True
MONDO:MONDO:0013413,,True
MONDO:MONDO:0012407,,True
OMIM:617992,,True
MedGen:C2825161,,True
OMIM:604219,,True
MONDO:MONDO:0044339,,True
MedGen:C4015729,,True
Orphanet:2250,,True
Orphanet:50944,,True
MONDO:MONDO:0015674,,True
Orphanet:2721,,True
OMIM:608629,,True
MedGen:C1857747,,True
MONDO:MONDO:0020692,,True
MedGen:C3810407,,True
MedGen:C3892049,,True
Orphanet:294983,,True
MONDO:MONDO:0013265,,True
Orphanet:314667,,True
Orphanet:774,,True
MONDO:MONDO:0008952,,True
Orphanet:626,,True
Orphanet:2781,,True
MONDO:MONDO:0044696,,True
MedGen:C2748884,,True
MedGen:C0342384,,True
Orphanet:2380,,True
MedGen:C3696898,,True
OMIM:300659,,True
MedGen:C1849700,,True
MONDO:MONDO:0013984,,True
OMIM:308960,,True
OMIM:115197,,True
Orphanet:98784,,True
OMIM:615510,,True
OMIM:135900,,True
MONDO:MONDO:0013224,,True
MedGen:C1264195,,True
MONDO:MONDO:0008293,,True
OMIM:188580,,True
OMIM:105830,,True
OMIM:611451,,True
MedGen:C4021846,,True
MONDO:MONDO:0014366,,True
MONDO:MONDO:0010924,,True
Orphanet:163696,,True
MedGen:C1866806,,True
MONDO:MONDO:0008738,,True
MedGen:C0002881,,True
MedGen:C0265554,,True
OMIM:601847,,True
MedGen:C1853153,,True
Orphanet:768,,True
MONDO:MONDO:0018875,,True
MONDO:MONDO:0019569,,True
Orphanet:99960,,True
MedGen:C1845076,,True
MONDO:MONDO:0012720,,True
MONDO:MONDO:0009747,,True
MedGen:C4255043,,True
MONDO:MONDO:0010172,,True
Orphanet:319612,,True
MedGen:C4024864,,True
MedGen:C4479186,,True
MONDO:MONDO:0014677,,True
MONDO:MONDO:0011547,,True
MedGen:C4022684,,True
Orphanet:254361,,True
MONDO:MONDO:0014838,,True
MedGen:C1850168,,True
MONDO:MONDO:0011502,,True
MONDO:MONDO:0012919,,True
MedGen:C0085548,,True
MedGen:C0022680,,True
OMIM:187800,,True
MONDO:MONDO:0013489,,True
MedGen:C0020225,,True
MONDO:MONDO:0010674,,True
MONDO:MONDO:0016146,,True
MedGen:C4551990,,True
OMIM:618855,,True
OMIM:618106,,True
MedGen:C1854408,,True
OMIM:249300,,True
OMIM:270300,,True
OMIM:611819,,True
MONDO:MONDO:0044320,,True
MONDO:MONDO:0013839,,True
MedGen:C4310747,,True
MedGen:C4225368,,True
MONDO:MONDO:0014058,,True
MedGen:C0042798,,True
MONDO:MONDO:0001741,,True
MedGen:C0853068,,True
Orphanet:300570,,True
MedGen:C2677299,,True
OMIM:611942,,True
MONDO:MONDO:0013135,,True
MedGen:C3280415,,True
Orphanet:79329,,True
MONDO:MONDO:0009779,,True
MedGen:C0036572,,True
MedGen:C1858380,,True
MONDO:MONDO:0032877,,True
Orphanet:294060,,True
MedGen:C1848916,,True
Orphanet:83472,,True
OMIM:617821,,True
OMIM:245660,,True
MedGen:C0206655,,True
MedGen:C3714958,,True
MONDO:MONDO:0016027,,True
MedGen:C4021107,,True
MedGen:C1302401,,True
MONDO:MONDO:0011272,,True
MedGen:C1859970,,True
OMIM:614922,,True
MedGen:C0728895,,True
MedGen:C1858085,,True
OMIM:613347,,True
MONDO:MONDO:0005364,,True
OMIM:613657,,True
MedGen:C0152191,,True
OMIM:229050,,True
MedGen:C4020800,,True
MedGen:C3550904,,True
Orphanet:93325,,True
OMIM:615135,,True
Orphanet:397715,,True
MONDO:MONDO:0011728,,True
MedGen:C3279664,,True
MedGen:C0497327,,True
MedGen:C3810200,,True
MONDO:MONDO:0013417,,True
MONDO:MONDO:0014915,,True
MONDO:MONDO:0006584,,True
OMIM:612290,,True
MONDO:MONDO:0010297,,True
Orphanet:2102,,True
MedGen:C2930990,,True
Orphanet:279934,,True
MONDO:MONDO:0008827,,True
OMIM:617184,,True
OMIM:257920,,True
MedGen:C0268626,,True
MedGen:C0751396,,True
MONDO:MONDO:0009927,,True
Orphanet:352712,,True
MedGen:C2700405,,True
OMIM:264800,,True
Orphanet:978,,True
MedGen:C0175701,,True
MedGen:C4225405,,True
MONDO:MONDO:0009276,,True
Orphanet:254685,,True
OMIM:612518,,True
OMIM:600721,,True
MedGen:C1706595,,True
MedGen:C4310722,,True
OMIM:275355,,True
MedGen:C0553723,,True
Orphanet:2968,,True
MedGen:C1858965,,True
MONDO:MONDO:0014867,,True
MedGen:C0020555,,True
MedGen:C1857662,,True
OMIM:608354,,True
MedGen:C1866141,,True
MedGen:C1832399,,True
Orphanet:314051,,True
MedGen:C0342194,,True
MedGen:C0860204,,True
MONDO:MONDO:0010079,,True
MONDO:MONDO:0014395,,True
MONDO:MONDO:0014338,,True
Orphanet:207078,,True
MedGen:C4015936,,True
Orphanet:272,,True
OMIM:617137,,True
OMIM:141200,,True
MedGen:C5231465,,True
MedGen:C0522153,,True
OMIM:603830,,True
MedGen:C0236038,,True
OMIM:617051,,True
Orphanet:166096,,True
MONDO:MONDO:0012979,,True
MedGen:C0036690,,True
MedGen:C4225369,,True
OMIM:613708,,True
MedGen:C1847800,,True
MONDO:MONDO:0009022,,True
OMIM:615120,,True
OMIM:191100,,True
MedGen:C3553869,,True
MedGen:C4012968,,True
MedGen:C4693389,,True
MedGen:C1843247,,True
MedGen:C0041341,,True
OMIM:210250,,True
MedGen:C1850830,,True
MONDO:MONDO:0009876,,True
Orphanet:506,,True
Orphanet:356978,,True
MedGen:C3808935,,True
MedGen:C0034888,,True
OMIM:615005,,True
MedGen:C4479566,,True
OMIM:615942,,True
MONDO:MONDO:0019019,,True
MedGen:C1835887,,True
OMIM:607364,,True
MONDO:MONDO:0014030,,True
OMIM:616647,,True
MedGen:C0234518,,True
MedGen:C2931187,,True
MONDO:MONDO:0013015,,True
Orphanet:2710,,True
MedGen:C0020305,,True
MedGen:C4225256,,True
Orphanet:276,,True
MONDO:MONDO:0016718,,True
OMIM:125250,,True
MedGen:C1865370,,True
MedGen:C3542026,,True
MedGen:C1845366,,True
Orphanet:2382,,True
OMIM:616371,,True
MedGen:C2931826,,True
OMIM:607523,,True
Orphanet:1159,,True
MONDO:MONDO:0005514,,True
MedGen:C0043207,,True
OMIM:607721,,True
MONDO:MONDO:0010848,,True
MedGen:C3150986,,True
MONDO:MONDO:0013606,,True
MedGen:C4748924,,True
MONDO:MONDO:0010183,,True
MONDO:MONDO:0008682,,True
Orphanet:643,,True
Orphanet:1331,,True
MONDO:MONDO:0010780,,True
MONDO:MONDO:0007287,,True
MONDO:MONDO:0018874,,True
MONDO:MONDO:0011006,,True
OMIM:618120,,True
Orphanet:305,,True
MedGen:C3281160,,True
MedGen:C1838027,,True
MedGen:C1849140,,True
MedGen:C2674218,,True
MedGen:C3280647,,True
OMIM:300322,,True
OMIM:613722,,True
OMIM:210720,,True
MedGen:C0751951,,True
MONDO:MONDO:0012659,,True
MedGen:C1851828,,True
OMIM:612555,,True
MedGen:C0268292,,True
MONDO:MONDO:0007453,,True
OMIM:617052,,True
Orphanet:559,,True
MedGen:C0151779,,True
Orphanet:447974,,True
MedGen:C3553842,,True
MedGen:C0268505,,True
MONDO:MONDO:0044632,,True
OMIM:600316,,True
Orphanet:443162,,True
Orphanet:79376,,True
OMIM:618856,,True
MONDO:MONDO:0009144,,True
MedGen:C0043119,,True
MONDO:MONDO:0019349,,True
Orphanet:210141,,True
MedGen:C1847762,,True
MONDO:MONDO:0008018,,True
MONDO:MONDO:0011892,,True
MedGen:C1861984,,True
Orphanet:1569,,True
Orphanet:360,,True
MedGen:C0086651,,True
OMIM:613765,,True
Orphanet:99944,,True
OMIM:122600,,True
MONDO:MONDO:0033362,,True
OMIM:613307,,True
MedGen:C0001079,,True
MedGen:C0340375,,True
MONDO:MONDO:0012044,,True
MONDO:MONDO:0010094,,True
MedGen:C4025208,,True
MedGen:C0027651,,True
Orphanet:314404,,True
MONDO:MONDO:0013924,,True
MONDO:MONDO:0012596,,True
MONDO:MONDO:0013067,,True
MedGen:C0878660,,True
MedGen:C4540024,,True
MONDO:MONDO:0011101,,True
MedGen:C1858160,,True
Orphanet:3454,,True
Orphanet:497757,,True
OMIM:616221,,True
MedGen:C2673761,,True
MONDO:MONDO:0012518,,True
Orphanet:1946,,True
Orphanet:300385,,True
MONDO:MONDO:0004896,,True
MedGen:C0020443,,True
Orphanet:93605,,True
MONDO:MONDO:0013173,,True
OMIM:233690,,True
MONDO:MONDO:0032890,,True
OMIM:613711,,True
MedGen:C0265269,,True
MedGen:C4310669,,True
MONDO:MONDO:0011163,,True
MedGen:C4082172,,True
MedGen:C1510586,,True
MedGen:C0149721,,True
OMIM:614470,,True
Orphanet:1359,,True
MedGen:C3554398,,True
MONDO:MONDO:0008104,,True
MedGen:C4015512,,True
OMIM:613694,,True
MONDO:MONDO:0017658,,True
MONDO:MONDO:0010495,,True
MedGen:C0342474,,True
Orphanet:454700,,True
MedGen:C1704328,,True
OMIM:612437,,True
OMIM:613266,,True
OMIM:612703,,True
MedGen:C5193016,,True
MedGen:C1961117,,True
MedGen:C1867327,,True
MedGen:C0027889,,True
MedGen:C1864041,,True
OMIM:613436,,True
MedGen:C1844887,,True
MONDO:MONDO:0014329,,True
Orphanet:329481,,True
MedGen:C0002170,,True
MedGen:C4478716,,True
MONDO:MONDO:0014135,,True
MONDO:MONDO:0008671,,True
MedGen:C0265843,,True
MONDO:MONDO:0011643,,True
MONDO:MONDO:0013469,,True
MONDO:MONDO:0009448,,True
MedGen:C1867234,,True
OMIM:216360,,True
MedGen:C0271568,,True
MedGen:C4225315,,True
MedGen:C4693694,,True
Orphanet:98523,,True
MONDO:MONDO:0008490,,True
MONDO:MONDO:0002070,,True
MONDO:MONDO:0010836,,True
MONDO:MONDO:0014853,,True
MONDO:MONDO:0002049,,True
Orphanet:1545,,True
MONDO:MONDO:0010461,,True
OMIM:300066,,True
MONDO:MONDO:0012444,,True
Orphanet:217034,,True
OMIM:219100,,True
MedGen:C1849075,,True
OMIM:167800,,True
MedGen:C3810225,,True
MedGen:C2752089,,True
OMIM:607785,,True
MONDO:MONDO:0014204,,True
OMIM:500010,,True
MedGen:C0014591,,True
Orphanet:238666,,True
MONDO:MONDO:0008006,,True
OMIM:618135,,True
MedGen:C0427064,,True
MedGen:C4551492,,True
MONDO:MONDO:0008972,,True
OMIM:278750,,True
Orphanet:306511,,True
OMIM:604121,,True
OMIM:603649,,True
OMIM:600416,,True
MedGen:C0403720,,True
MedGen:C4016960,,True
MedGen:C2936862,,True
OMIM:530000,,True
MONDO:MONDO:0011506,,True
MedGen:C4225270,,True
MONDO:MONDO:0012519,,True
Orphanet:3369,,True
OMIM:300910,,True
MedGen:C3887485,,True
OMIM:148350,,True
MedGen:C2677794,,True
MedGen:C3151056,,True
MedGen:C0265216,,True
MedGen:C0085261,,True
MedGen:C1723387,,True
Orphanet:2337,,True
OMIM:615558,,True
MedGen:C3151434,,True
OMIM:617967,,True
OMIM:159900,,True
Orphanet:280200,,True
OMIM:616080,,True
Orphanet:35704,,True
OMIM:614615,,True
Orphanet:388,,True
OMIM:214110,,True
OMIM:300695,,True
OMIM:136680,,True
MedGen:C0850703,,True
MedGen:C1842444,,True
MedGen:C4016054,,True
Orphanet:144,,True
MedGen:C2678478,,True
MONDO:MONDO:0018005,,True
Orphanet:2140,,True
MedGen:C4551564,,True
MedGen:C0023449,,True
MedGen:C2750732,,True
MedGen:C3150417,,True
MONDO:MONDO:0014165,,True
Orphanet:622,,True
OMIM:615436,,True
MONDO:MONDO:0014198,,True
OMIM:613424,,True
MedGen:C0032227,,True
OMIM:604250,,True
MedGen:C0003467,,True
Orphanet:101109,,True
Orphanet:293822,,True
OMIM:617675,,True
MedGen:C4022738,,True
MedGen:C4693472,,True
MedGen:C4747621,,True
Orphanet:424,,True
Orphanet:109,,True
OMIM:606519,,True
MedGen:C4021133,,True
MedGen:C0268355,,True
Orphanet:209,,True
MONDO:MONDO:0043209,,True
OMIM:251750,,True
Orphanet:79325,,True
OMIM:300758,,True
MONDO:MONDO:0016709,,True
MedGen:C4016992,,True
MONDO:MONDO:0004843,,True
MedGen:C0431370,,True
MONDO:MONDO:0003634,,True
OMIM:616415,,True
Orphanet:99807,,True
OMIM:613838,,True
MedGen:C4014454,,True
Orphanet:170,,True
MONDO:MONDO:0008818,,True
MedGen:C0031117,,True
OMIM:600118,,True
MedGen:C4552029,,True
MONDO:MONDO:0009079,,True
Orphanet:3416,,True
MedGen:C1866010,,True
OMIM:615777,,True
MONDO:MONDO:0009861,,True
MedGen:C0024141,,True
Orphanet:519302,,True
MONDO:MONDO:0000819,,True
Orphanet:75374,,True
OMIM:106260,,True
OMIM:614521,,True
OMIM:614291,,True
MedGen:C0016049,,True
OMIM:176000,,True
MedGen:C4551552,,True
MONDO:MONDO:0008662,,True
MedGen:C1845987,,True
Orphanet:281139,,True
MONDO:MONDO:0012172,,True
OMIM:269500,,True
Orphanet:402075,,True
OMIM:177850,,True
MedGen:C4540324,,True
MedGen:C4551483,,True
Orphanet:1864,,True
MedGen:C0027092,,True
OMIM:242840,,True
OMIM:603689,,True
OMIM:607086,,True
MedGen:C1273070,,True
Orphanet:93114,,True
MedGen:C1846055,,True
OMIM:613718,,True
OMIM:608812,,True
MONDO:MONDO:0005072,,True
MedGen:C0678202,,True
MedGen:C1862394,,True
MedGen:C1848745,,True
MedGen:C1855128,,True
MONDO:MONDO:0054654,,True
OMIM:613980,,True
OMIM:614887,,True
MONDO:MONDO:0009393,,True
Orphanet:423384,,True
OMIM:613158,,True
Orphanet:37042,,True
Orphanet:363444,,True
MONDO:MONDO:0015237,,True
MONDO:MONDO:0003005,,True
Orphanet:98810,,True
OMIM:114290,,True
Orphanet:2576,,True
Orphanet:547,,True
MONDO:MONDO:0013891,,True
MedGen:C4479344,,True
OMIM:613861,,True
OMIM:605387,,True
MedGen:C1865285,,True
MONDO:MONDO:0002473,,True
MONDO:MONDO:0011857,,True
MONDO:MONDO:0012180,,True
Orphanet:251380,,True
OMIM:607678,,True
MONDO:MONDO:0013758,,True
MONDO:MONDO:0000466,,True
OMIM:602111,,True
MedGen:C3160718,,True
MONDO:MONDO:0003008,,True
MONDO:MONDO:0033007,,True
MedGen:C4225195,,True
OMIM:150600,,True
MONDO:MONDO:0010299,,True
MedGen:C0033999,,True
OMIM:617201,,True
MONDO:MONDO:0014091,,True
MONDO:MONDO:0010519,,True
MONDO:MONDO:0015661,,True
MONDO:MONDO:0012923,,True
OMIM:603546,,True
MONDO:MONDO:0000060,,True
Orphanet:500159,,True
MedGen:C0424296,,True
Orphanet:363727,,True
Orphanet:1320,,True
MedGen:C0406740,,True
MONDO:MONDO:0032841,,True
OMIM:162200,,True
MedGen:C0575158,,True
OMIM:600634,,True
MONDO:MONDO:0011918,,True
OMIM:600901,,True
OMIM:232600,,True
Orphanet:294965,,True
OMIM:613098,,True
MedGen:C1855843,,True
MedGen:C0023138,,True
Orphanet:955,,True
MedGen:C1847874,,True
OMIM:605809,,True
MONDO:MONDO:0024564,,True
Orphanet:2162,,True
MedGen:C1863534,,True
OMIM:312750,,True
MedGen:C3554316,,True
MedGen:C4310670,,True
MedGen:C0796028,,True
Orphanet:307,,True
MONDO:MONDO:0010100,,True
MedGen:C1858712,,True
OMIM:613402,,True
MONDO:MONDO:0005155,,True
MONDO:MONDO:0009862,,True
Orphanet:47,,True
MedGen:C0153594,,True
MedGen:C0015519,,True
MONDO:MONDO:0026730,,True
MONDO:MONDO:0008638,,True
MONDO:MONDO:0013801,,True
OMIM:610599,,True
MedGen:C2674723,,True
MedGen:C3149117,,True
OMIM:613375,,True
MedGen:C4225176,,True
MedGen:C1862102,,True
MedGen:C5193036,,True
MedGen:C0013069,,True
MONDO:MONDO:0005217,,True
OMIM:271640,,True
MONDO:MONDO:0032565,,True
MedGen:C1968958,,True
MedGen:C1862596,,True
Orphanet:1334,,True
Orphanet:90,,True
MedGen:C1847319,,True
MONDO:MONDO:0008222,,True
MedGen:C4016838,,True
MONDO:MONDO:0010542,,True
OMIM:617070,,True
MedGen:C0221060,,True
MedGen:C0022596,,True
OMIM:615085,,True
OMIM:608898,,True
MedGen:C2750452,,True
OMIM:610374,,True
MONDO:MONDO:0008275,,True
OMIM:617925,,True
OMIM:113300,,True
MedGen:C0028326,,True
MedGen:C1866293,,True
Orphanet:369913,,True
OMIM:610698,,True
OMIM:613943,,True
MONDO:MONDO:0009575,,True
OMIM:614782,,True
MONDO:MONDO:0014084,,True
Orphanet:99956,,True
MONDO:MONDO:0008464,,True
MONDO:MONDO:0012477,,True
Orphanet:99954,,True
MedGen:C1857697,,True
MONDO:MONDO:0013357,,True
Orphanet:314485,,True
OMIM:615023,,True
MedGen:C3553937,,True
OMIM:615989,,True
MONDO:MONDO:0011191,,True
MONDO:MONDO:0007772,,True
MedGen:C0020580,,True
MONDO:MONDO:0032601,,True
OMIM:614496,,True
MONDO:MONDO:0013611,,True
MedGen:C0220994,,True
OMIM:192200,,True
MONDO:MONDO:0014355,,True
MedGen:C4748768,,True
MONDO:MONDO:0013557,,True
OMIM:610424,,True
OMIM:616402,,True
MONDO:MONDO:0010133,,True
Orphanet:497906,,True
MONDO:MONDO:0017629,,True
Orphanet:190,,True
OMIM:617721,,True
MedGen:C2751938,,True
MedGen:C3151088,,True
OMIM:271665,,True
MONDO:MONDO:0013425,,True
MONDO:MONDO:0032610,,True
MONDO:MONDO:0020300,,True
MONDO:MONDO:0044843,,True
MedGen:C0042963,,True
MedGen:C4693524,,True
MONDO:MONDO:0013021,,True
MedGen:C0747251,,True
MedGen:C3551381,,True
MedGen:C0268060,,True
MedGen:C1864900,,True
MONDO:MONDO:0016817,,True
MONDO:MONDO:0014501,,True
MedGen:C1839909,,True
MedGen:C1863342,,True
MONDO:MONDO:0002125,,True
Orphanet:100985,,True
Orphanet:54260,,True
MedGen:C3809470,,True
MedGen:C0265677,,True
Orphanet:181,,True
MedGen:C1854838,,True
MedGen:C0018965,,True
MONDO:MONDO:0007829,,True
MedGen:C4225372,,True
OMIM:300299,,True
MedGen:C4310735,,True
OMIM:618229,,True
Orphanet:1865,,True
MONDO:MONDO:0002321,,True
MONDO:MONDO:0010256,,True
MONDO:MONDO:0018907,,True
OMIM:613988,,True
MedGen:C0026703,,True
Orphanet:85173,,True
OMIM:613829,,True
MedGen:C3280113,,True
MONDO:MONDO:0032940,,True
MedGen:C3150939,,True
MedGen:C1837073,,True
Orphanet:90050,,True
MedGen:C4540266,,True
MONDO:MONDO:0018666,,True
MONDO:MONDO:0012472,,True
MedGen:C0017152,,True
MONDO:MONDO:0007790,,True
MONDO:MONDO:0020103,,True
MedGen:C1846722,,True
MedGen:C0699885,,True
MONDO:MONDO:0013994,,True
OMIM:612020,,True
MedGen:C3808844,,True
MONDO:MONDO:0008332,,True
OMIM:615034,,True
MedGen:C1621895,,True
OMIM:619000,,True
MedGen:C1835047,,True
MONDO:MONDO:0013867,,True
Orphanet:2901,,True
MONDO:MONDO:0013307,,True
MedGen:C1708349,,True
MONDO:MONDO:0014325,,True
MONDO:MONDO:0020201,,True
OMIM:617480,,True
MedGen:C0220666,,True
MedGen:C1843315,,True
OMIM:143465,,True
Orphanet:319569,,True
MedGen:C0013575,,True
MedGen:C2750180,,True
MedGen:C1720779,,True
OMIM:300424,,True
MedGen:C1859309,,True
MedGen:C0432225,,True
Orphanet:228363,,True
MedGen:C2673198,,True
MedGen:C1522133,,True
Orphanet:3426,,True
MONDO:MONDO:0008737,,True
OMIM:614180,,True
Orphanet:586,,True
OMIM:617347,,True
MedGen:C4023073,,True
MONDO:MONDO:0009114,,True
MedGen:C1848862,,True
MONDO:MONDO:0009341,,True
OMIM:601382,,True
Orphanet:404,,True
MONDO:MONDO:0018702,,True
MONDO:MONDO:0007041,,True
Orphanet:171876,,True
MedGen:C3553940,,True
MedGen:C2677608,,True
MedGen:C0241181,,True
MedGen:C3714933,,True
MedGen:C1861195,,True
Orphanet:468678,,True
MedGen:C0019043,,True
Orphanet:1509,,True
Orphanet:99946,,True
MONDO:MONDO:0014706,,True
MedGen:C3806722,,True
MONDO:MONDO:0012363,,True
MedGen:C0023493,,True
MedGen:C3532257,,True
MedGen:C1853377,,True
MONDO:MONDO:0014871,,True
MedGen:C2676766,,True
MedGen:C4021883,,True
MedGen:C0431380,,True
OMIM:617830,,True
OMIM:188050,,True
MONDO:MONDO:0010916,,True
MedGen:C0033788,,True
MONDO:MONDO:0009715,,True
MedGen:C0234708,,True
Orphanet:63454,,True
OMIM:617831,,True
MedGen:C0795864,,True
MedGen:C0033835,,True
MedGen:C0017638,,True
OMIM:618150,,True
Orphanet:580,,True
MONDO:MONDO:0010190,,True
MONDO:MONDO:0019171,,True
MONDO:MONDO:0014063,,True
MONDO:MONDO:0018163,,True
OMIM:301500,,True
MedGen:C0268425,,True
OMIM:602501,,True
OMIM:600121,,True
MONDO:MONDO:0010328,,True
MedGen:C1864715,,True
MedGen:C1861828,,True
OMIM:613601,,True
MONDO:MONDO:0011151,,True
MedGen:C1838391,,True
MedGen:C0014067,,True
OMIM:254210,,True
MedGen:C1865295,,True
MedGen:C4024961,,True
MedGen:C0234133,,True
MedGen:C0018609,,True
MedGen:C0544857,,True
MedGen:C3468114,,True
MedGen:C3694531,,True
Orphanet:35981,,True
MedGen:C1864689,,True
MONDO:MONDO:0010089,,True
MedGen:C3808977,,True
MONDO:MONDO:0009960,,True
MONDO:MONDO:0011531,,True
MedGen:C0023473,,True
OMIM:601321,,True
Orphanet:79126,,True
MONDO:MONDO:0006354,,True
Orphanet:3051,,True
Orphanet:391389,,True
Orphanet:263548,,True
MONDO:MONDO:0020660,,True
MedGen:C1842531,,True
OMIM:618012,,True
OMIM:615637,,True
OMIM:208920,,True
MONDO:MONDO:0014886,,True
MedGen:C1838502,,True
MONDO:MONDO:0009440,,True
MedGen:C1855903,,True
MedGen:C0085413,,True
MONDO:MONDO:0013950,,True
OMIM:612124,,True
MONDO:MONDO:0009959,,True
Orphanet:536391,,True
MONDO:MONDO:0007158,,True
OMIM:615583,,True
MedGen:C4017152,,True
MONDO:MONDO:0010933,,True
MONDO:MONDO:0011162,,True
MONDO:MONDO:0019169,,True
OMIM:618006,,True
OMIM:103470,,True
MedGen:C3275406,,True
MedGen:C0010308,,True
MedGen:C1861305,,True
MedGen:C0232208,,True
OMIM:612798,,True
Orphanet:2053,,True
MedGen:C3714756,,True
OMIM:253290,,True
OMIM:615833,,True
Orphanet:3042,,True
MONDO:MONDO:0033123,,True
MONDO:MONDO:0002447,,True
OMIM:184500,,True
Orphanet:839,,True
OMIM:610024,,True
MONDO:MONDO:0000507,,True
Orphanet:377788,,True
OMIM:613566,,True
MedGen:C5231533,,True
OMIM:608175,,True
Orphanet:488627,,True
OMIM:113900,,True
MedGen:C0344976,,True
MedGen:C3150802,,True
MedGen:C1720860,,True
OMIM:614883,,True
OMIM:300009,,True
Orphanet:34515,,True
MedGen:C0018801,,True
MedGen:C3711374,,True
MONDO:MONDO:0008723,,True
OMIM:300978,,True
MedGen:C4721769,,True
MONDO:MONDO:0016022,,True
Orphanet:209932,,True
MONDO:MONDO:0013901,,True
OMIM:614809,,True
MONDO:MONDO:0012141,,True
OMIM:130000,,True
MONDO:MONDO:0014929,,True
MONDO:MONDO:0014358,,True
MONDO:MONDO:0011706,,True
OMIM:220290,,True
MedGen:C2750065,,True
MedGen:C4073101,,True
Orphanet:247676,,True
MedGen:C0206686,,True
MedGen:C1840284,,True
OMIM:609533,,True
Orphanet:137639,,True
MedGen:C3280160,,True
MONDO:MONDO:0014884,,True
MedGen:C3541517,,True
OMIM:608971,,True
OMIM:616517,,True
MedGen:C0206728,,True
MONDO:MONDO:0008280,,True
MONDO:MONDO:0000550,,True
MONDO:MONDO:0009603,,True
MONDO:MONDO:0060763,,True
MedGen:C0887850,,True
MedGen:C0220641,,True
MedGen:C4225337,,True
MONDO:MONDO:0007500,,True
MedGen:C4540036,,True
OMIM:611544,,True
MONDO:MONDO:0011913,,True
Orphanet:436151,,True
OMIM:158580,,True
MONDO:MONDO:0015000,,True
Orphanet:710,,True
Orphanet:97275,,True
MedGen:C1843865,,True
Orphanet:217569,,True
Orphanet:3388,,True
MONDO:MONDO:0010877,,True
Orphanet:34526,,True
Orphanet:1027,,True
OMIM:212065,,True
OMIM:601678,,True
MedGen:C3276074,,True
MedGen:C2750733,,True
OMIM:616394,,True
OMIM:618468,,True
MedGen:C1853235,,True
MedGen:C1860991,,True
Orphanet:319340,,True
MedGen:C3150910,,True
MedGen:C1968740,,True
OMIM:616326,,True
OMIM:256000,,True
MONDO:MONDO:0011535,,True
MedGen:C2936904,,True
MedGen:C1839413,,True
MedGen:C0025267,,True
OMIM:613693,,True
Orphanet:163956,,True
MedGen:C3554042,,True
MedGen:C1321489,,True
Orphanet:457279,,True
MedGen:C4024753,,True
Orphanet:1827,,True
MONDO:MONDO:0013945,,True
MedGen:C1837658,,True
OMIM:257220,,True
MedGen:C0079295,,True
MedGen:C4310798,,True
MONDO:MONDO:0023692,,True
MedGen:C3809309,,True
MONDO:MONDO:0014444,,True
MedGen:C3806174,,True
OMIM:618233,,True
MONDO:MONDO:0007068,,True
MedGen:C4017656,,True
OMIM:606995,,True
OMIM:121200,,True
MONDO:MONDO:0019501,,True
Orphanet:79401,,True
Orphanet:1826,,True
MONDO:MONDO:0013741,,True
MedGen:C0040028,,True
OMIM:225753,,True
OMIM:611884,,True
MedGen:C3278155,,True
MONDO:MONDO:0011125,,True
MedGen:C0020224,,True
MedGen:C2931135,,True
OMIM:618138,,True
MedGen:C3809221,,True
OMIM:130650,,True
MedGen:C0265259,,True
MedGen:C0241397,,True
MONDO:MONDO:0006499,,True
MONDO:MONDO:0020439,,True
OMIM:200610,,True
MedGen:C3147083,,True
MedGen:C3539120,,True
MedGen:C1839022,,True
MedGen:C3489793,,True
Orphanet:275752,,True
MONDO:MONDO:0014394,,True
MedGen:C3279550,,True
MONDO:MONDO:0014020,,True
OMIM:611134,,True
MONDO:MONDO:0033045,,True
OMIM:609054,,True
MedGen:C1832812,,True
MedGen:C0311468,,True
MedGen:C3888124,,True
MedGen:C1857704,,True
Orphanet:664,,True
MONDO:MONDO:0015131,,True
MedGen:C1853297,,True
Orphanet:228349,,True
MONDO:MONDO:0012391,,True
OMIM:615981,,True
MONDO:MONDO:0013970,,True
OMIM:124480,,True
OMIM:605407,,True
MONDO:MONDO:0013064,,True
MedGen:C1298820,,True
MONDO:MONDO:0010499,,True
MONDO:MONDO:0012883,,True
MONDO:MONDO:0009349,,True
OMIM:616230,,True
OMIM:608864,,True
MONDO:MONDO:0005885,,True
MedGen:C3553330,,True
OMIM:601885,,True
OMIM:615665,,True
MONDO:MONDO:0009529,,True
MedGen:C3554224,,True
OMIM:200110,,True
OMIM:616617,,True
Orphanet:220386,,True
MONDO:MONDO:0009925,,True
MONDO:MONDO:0013573,,True
OMIM:617755,,True
Orphanet:79271,,True
OMIM:610947,,True
Orphanet:480483,,True
OMIM:616502,,True
MedGen:C4310738,,True
OMIM:614892,,True
OMIM:618907,,True
MONDO:MONDO:0013144,,True
MedGen:C0079474,,True
MedGen:C1842462,,True
MedGen:C4551983,,True
MedGen:C2673266,,True
OMIM:602772,,True
MONDO:MONDO:0002855,,True
MONDO:MONDO:0007510,,True
OMIM:133190,,True
Orphanet:464288,,True
Orphanet:494424,,True
MedGen:C3810401,,True
MONDO:MONDO:0012225,,True
OMIM:240600,,True
OMIM:618056,,True
MedGen:C2677349,,True
MedGen:C1850056,,True
MedGen:C1850555,,True
OMIM:615859,,True
OMIM:607361,,True
MedGen:C3469526,,True
OMIM:261800,,True
MedGen:C4310740,,True
MONDO:MONDO:0011390,,True
MONDO:MONDO:0008297,,True
MONDO:MONDO:0013199,,True
MONDO:MONDO:0014156,,True
Orphanet:1332,,True
MONDO:MONDO:0015515,,True
MedGen:C1849265,,True
MedGen:C0241868,,True
MONDO:MONDO:0015631,,True
OMIM:607596,,True
Orphanet:1163,,True
OMIM:300749,,True
MedGen:C0013903,,True
OMIM:603903,,True
MONDO:MONDO:0014280,,True
MedGen:C1112429,,True
MedGen:C0678230,,True
MONDO:MONDO:0010444,,True
MONDO:MONDO:0032621,,True
OMIM:219000,,True
Orphanet:209867,,True
MONDO:MONDO:0014286,,True
MONDO:MONDO:0009806,,True
OMIM:614565,,True
MedGen:C4748058,,True
MedGen:C1836632,,True
Orphanet:654,,True
OMIM:604271,,True
MedGen:C0036601,,True
MedGen:C0431693,,True
MONDO:MONDO:0008988,,True
MedGen:C1851504,,True
MedGen:C3277184,,True
Orphanet:224,,True
MedGen:C3809893,,True
MedGen:C1835895,,True
MedGen:C1840379,,True
MedGen:C0554970,,True
MONDO:MONDO:0009145,,True
OMIM:615193,,True
MONDO:MONDO:0013628,,True
Orphanet:2461,,True
OMIM:611722,,True
MedGen:C2673677,,True
MedGen:C2751309,,True
MedGen:C0239941,,True
Orphanet:73271,,True
MONDO:MONDO:0008596,,True
MedGen:C1852373,,True
MedGen:C3887875,,True
Orphanet:64751,,True
MONDO:MONDO:0011428,,True
MONDO:MONDO:0014393,,True
OMIM:300857,,True
MedGen:C4024853,,True
OMIM:613818,,True
MedGen:C1856738,,True
MONDO:MONDO:0008679,,True
Orphanet:59,,True
OMIM:618167,,True
Orphanet:99646,,True
Orphanet:180824,,True
Orphanet:435387,,True
MONDO:MONDO:0006515,,True
OMIM:614284,,True
MONDO:MONDO:0008480,,True
OMIM:203290,,True
MedGen:C0549463,,True
OMIM:615214,,True
MONDO:MONDO:0019953,,True
MONDO:MONDO:0014247,,True
MONDO:MONDO:0020311,,True
MedGen:C0238286,,True
MONDO:MONDO:0100135,,True
MedGen:C0206115,,True
MONDO:MONDO:0012731,,True
MedGen:C1863557,,True
Orphanet:3071,,True
MedGen:C3541474,,True
MedGen:C0265280,,True
MONDO:MONDO:0016140,,True
MONDO:MONDO:0008542,,True
OMIM:614457,,True
MedGen:C1837493,,True
MedGen:C3553571,,True
MedGen:C4014476,,True
MONDO:MONDO:0007758,,True
MedGen:C1836602,,True
MedGen:C1835865,,True
OMIM:616973,,True
MONDO:MONDO:0019628,,True
Orphanet:353,,True
OMIM:600666,,True
MONDO:MONDO:0020734,,True
MedGen:C0153574,,True
Orphanet:79083,,True
MONDO:MONDO:0015630,,True
MONDO:MONDO:0007784,,True
Orphanet:45448,,True
OMIM:613270,,True
MedGen:C1858672,,True
MedGen:C0796121,,True
MedGen:C2751822,,True
MONDO:MONDO:0014542,,True
OMIM:614863,,True
MedGen:C1832992,,True
MedGen:C2673630,,True
OMIM:617917,,True
MedGen:C4748934,,True
MedGen:C0432233,,True
OMIM:247640,,True
OMIM:614972,,True
Orphanet:98873,,True
MedGen:C0549399,,True
MedGen:C3550704,,True
MedGen:C4749003,,True
MedGen:C2981140,,True
MONDO:MONDO:0013331,,True
MedGen:C3888026,,True
MONDO:MONDO:0009736,,True
Orphanet:79022,,True
MedGen:C3809272,,True
OMIM:618096,,True
OMIM:614325,,True
OMIM:615513,,True
MedGen:C5193066,,True
MedGen:C4225257,,True
MedGen:C3809858,,True
MedGen:C1970820,,True
MedGen:C1834931,,True
Orphanet:90114,,True
MedGen:C0266432,,True
MedGen:C3554576,,True
MONDO:MONDO:0009227,,True
MONDO:MONDO:0007451,,True
OMIM:615217,,True
MONDO:MONDO:0012527,,True
MedGen:C0029454,,True
MedGen:C3150901,,True
MedGen:C1832394,,True
OMIM:607473,,True
MedGen:C1838701,,True
OMIM:601455,,True
OMIM:610992,,True
OMIM:600231,,True
OMIM:607197,,True
OMIM:617102,,True
MedGen:C0020459,,True
MedGen:C2676770,,True
OMIM:614170,,True
OMIM:614498,,True
MONDO:MONDO:0000451,,True
Orphanet:1387,,True
MONDO:MONDO:0010168,,True
OMIM:617065,,True
MONDO:MONDO:0011094,,True
MedGen:C1850442,,True
MedGen:C1832560,,True
MedGen:C4021533,,True
MONDO:MONDO:0032616,,True
Orphanet:63,,True
MONDO:MONDO:0014353,,True
MedGen:C4225271,,True
Orphanet:93328,,True
Orphanet:801,,True
OMIM:614475,,True
OMIM:108300,,True
Orphanet:320370,,True
MedGen:C0007965,,True
OMIM:618999,,True
MONDO:MONDO:0010992,,True
MedGen:C1847352,,True
OMIM:617183,,True
MedGen:C1838951,,True
Orphanet:968,,True
MONDO:MONDO:0013753,,True
Orphanet:313850,,True
MedGen:C1868672,,True
MONDO:MONDO:0008224,,True
OMIM:614072,,True
OMIM:300143,,True
MONDO:MONDO:0010802,,True
MedGen:C4011974,,True
MONDO:MONDO:0014216,,True
MONDO:MONDO:0013381,,True
Orphanet:143,,True
OMIM:605231,,True
OMIM:617767,,True
MONDO:MONDO:0004648,,True
OMIM:610127,,True
MedGen:C4012054,,True
Orphanet:254886,,True
Orphanet:275543,,True
Orphanet:100045,,True
MONDO:MONDO:0007740,,True
Orphanet:261,,True
MedGen:C1854380,,True
MedGen:C1394891,,True
OMIM:210600,,True
MedGen:C4225182,,True
OMIM:616894,,True
OMIM:188550,,True
MedGen:C0265908,,True
MedGen:C3151467,,True
MedGen:C4225157,,True
MedGen:C2750459,,True
MedGen:C3552335,,True
MedGen:C3554129,,True
Orphanet:231671,,True
MedGen:C0338106,,True
MONDO:MONDO:0015004,,True
Orphanet:331187,,True
MedGen:C1184923,,True
Orphanet:79096,,True
Orphanet:2822,,True
Orphanet:263413,,True
MedGen:C2931008,,True
OMIM:228550,,True
MONDO:MONDO:0002905,,True
MedGen:C3806579,,True
MONDO:MONDO:0014555,,True
MONDO:MONDO:0011740,,True
MONDO:MONDO:0008387,,True
MONDO:MONDO:0019638,,True
OMIM:614066,,True
MedGen:C0028860,,True
MONDO:MONDO:0014107,,True
OMIM:611603,,True
OMIM:608133,,True
MedGen:C1969651,,True
OMIM:271900,,True
MedGen:C0040264,,True
MONDO:MONDO:0007110,,True
Orphanet:98905,,True
Orphanet:1377,,True
MONDO:MONDO:0000456,,True
MedGen:C0270912,,True
Orphanet:85164,,True
OMIM:188740,,True
Orphanet:2506,,True
MONDO:MONDO:0008002,,True
Orphanet:206966,,True
MONDO:MONDO:0012467,,True
MONDO:MONDO:0009563,,True
MONDO:MONDO:0010139,,True
OMIM:618805,,True
Orphanet:477831,,True
MedGen:C0751964,,True
MedGen:C4551968,,True
MONDO:MONDO:0004993,,True
MedGen:C0085637,,True
MedGen:C1856245,,True
MedGen:C2751842,,True
OMIM:300514,,True
MONDO:MONDO:0010544,,True
MedGen:C0085298,,True
MedGen:C0027746,,True
MedGen:C1842161,,True
MedGen:C3279992,,True
Orphanet:276161,,True
MONDO:MONDO:0014407,,True
MedGen:C1846979,,True
MONDO:MONDO:0020513,,True
MedGen:C1857779,,True
OMIM:241520,,True
MedGen:C3668940,,True
MedGen:C4310768,,True
Orphanet:101010,,True
MONDO:MONDO:0013450,,True
MedGen:C0423318,,True
MedGen:C1264000,,True
OMIM:602092,,True
MONDO:MONDO:0005328,,True
MedGen:C0241657,,True
Orphanet:136,,True
OMIM:127700,,True
MedGen:C3540850,,True
OMIM:138800,,True
OMIM:185800,,True
MedGen:C1863659,,True
MONDO:MONDO:0013440,,True
Orphanet:476394,,True
MedGen:C1835817,,True
OMIM:617174,,True
OMIM:615896,,True
MONDO:MONDO:0001909,,True
MONDO:MONDO:0017593,,True
Orphanet:320375,,True
MONDO:MONDO:0013643,,True
MedGen:C3275959,,True
MONDO:MONDO:0013680,,True
MONDO:MONDO:0012398,,True
MedGen:C1846057,,True
MONDO:MONDO:0012490,,True
OMIM:600082,,True
MedGen:C0011615,,True
OMIM:277590,,True
MedGen:C1857780,,True
MedGen:C0026654,,True
MedGen:C0268276,,True
OMIM:142335,,True
OMIM:618008,,True
MedGen:C0858867,,True
MONDO:MONDO:0007606,,True
Orphanet:434179,,True
MedGen:C2936331,,True
MONDO:MONDO:0026720,,True
MedGen:C1842979,,True
MONDO:MONDO:0005154,,True
MONDO:MONDO:0014882,,True
OMIM:606170,,True
MedGen:C4293686,,True
Orphanet:870,,True
OMIM:616357,,True
OMIM:616340,,True
MedGen:C5193103,,True
MedGen:C0751815,,True
MedGen:C0262436,,True
OMIM:610968,,True
MONDO:MONDO:0014617,,True
MONDO:MONDO:0007326,,True
MedGen:C3887658,,True
OMIM:262650,,True
MedGen:C1851402,,True
MedGen:C0020312,,True
MONDO:MONDO:0014749,,True
MONDO:MONDO:0010010,,True
Orphanet:570,,True
MONDO:MONDO:0013537,,True
OMIM:606176,,True
MONDO:MONDO:0009966,,True
Orphanet:2152,,True
Orphanet:79404,,True
Orphanet:442835,,True
MONDO:MONDO:0014323,,True
MedGen:C0342637,,True
MONDO:MONDO:0014462,,True
OMIM:618221,,True
MedGen:C3550903,,True
MedGen:C4275179,,True
MedGen:C1838625,,True
MONDO:MONDO:0009652,,True
OMIM:203655,,True
Orphanet:251855,,True
MedGen:C3279756,,True
MedGen:C0239937,,True
MONDO:MONDO:0032631,,True
Orphanet:166063,,True
MedGen:C0015469,,True
MedGen:C4085248,,True
MONDO:MONDO:0013863,,True
MedGen:C4225361,,True
OMIM:616944,,True
OMIM:140500,,True
MedGen:C1855081,,True
MONDO:MONDO:0014902,,True
Orphanet:370933,,True
MedGen:C2674321,,True
OMIM:271245,,True
Orphanet:178338,,True
Orphanet:1980,,True
MedGen:C4016396,,True
MedGen:C4748251,,True
OMIM:611554,,True
OMIM:615314,,True
MedGen:C1842031,,True
Orphanet:769,,True
MONDO:MONDO:0014143,,True
MedGen:C3808971,,True
OMIM:615009,,True
Orphanet:500,,True
Orphanet:68380,,True
MedGen:C0007789,,True
OMIM:611584,,True
OMIM:617087,,True
MedGen:C3887523,,True
MedGen:C0080333,,True
MONDO:MONDO:0017080,,True
MedGen:C0339985,,True
MedGen:C3539495,,True
MONDO:MONDO:0012665,,True
MedGen:C3280203,,True
Orphanet:206559,,True
MedGen:C4015519,,True
Orphanet:1454,,True
MedGen:C4022748,,True
Orphanet:319574,,True
MedGen:C0018916,,True
Orphanet:231249,,True
MONDO:MONDO:0009340,,True
MedGen:C4748993,,True
MONDO:MONDO:0006186,,True
Orphanet:235936,,True
MedGen:C3553622,,True
MedGen:C1837501,,True
Orphanet:3197,,True
MedGen:C1857790,,True
OMIM:615503,,True
MedGen:C1838333,,True
Orphanet:98760,,True
MedGen:C4016599,,True
MONDO:MONDO:0009683,,True
OMIM:277400,,True
MONDO:MONDO:0000208,,True
MONDO:MONDO:0032823,,True
MedGen:C1846171,,True
MONDO:MONDO:0010149,,True
OMIM:612908,,True
OMIM:600775,,True
MedGen:C4017209,,True
MedGen:C2751092,,True
MONDO:MONDO:0005068,,True
OMIM:163200,,True
MONDO:MONDO:0013714,,True
OMIM:615434,,True
MedGen:C0008297,,True
MedGen:C1840402,,True
MONDO:MONDO:0032613,,True
MedGen:C1848533,,True
MedGen:C0026826,,True
MedGen:C2919796,,True
MedGen:C4022039,,True
MedGen:C0729582,,True
MedGen:C0259810,,True
MedGen:C0270851,,True
MedGen:C0796244,,True
MedGen:C1850719,,True
OMIM:615502,,True
MedGen:C0265740,,True
MedGen:C1968550,,True
MedGen:C1853761,,True
MONDO:MONDO:0009231,,True
OMIM:207750,,True
OMIM:601317,,True
MedGen:C0344760,,True
MedGen:C1868599,,True
MedGen:C3151206,,True
OMIM:606766,,True
Orphanet:210571,,True
MONDO:MONDO:0014587,,True
OMIM:613808,,True
MedGen:C4540481,,True
OMIM:617008,,True
MedGen:C0221032,,True
Orphanet:2639,,True
Orphanet:231401,,True
Orphanet:168972,,True
MedGen:C4225671,,True
Orphanet:158038,,True
Orphanet:88918,,True
MedGen:C0796250,,True
MedGen:C3887499,,True
Orphanet:910,,True
OMIM:270400,,True
MedGen:C1332900,,True
OMIM:606856,,True
MONDO:MONDO:0009855,,True
OMIM:606579,,True
Orphanet:363999,,True
OMIM:251255,,True
Orphanet:1896,,True
MONDO:MONDO:0010810,,True
MedGen:C1867362,,True
MONDO:MONDO:0012037,,True
OMIM:604273,,True
Orphanet:35909,,True
MONDO:MONDO:0012274,,True
MedGen:C2750475,,True
Orphanet:79444,,True
OMIM:613345,,True
MedGen:C4305438,,True
MedGen:C1833662,,True
MONDO:MONDO:0011066,,True
Orphanet:83330,,True
MONDO:MONDO:0009229,,True
MedGen:C3279775,,True
MONDO:MONDO:0020147,,True
MedGen:C4552003,,True
Orphanet:397735,,True
MedGen:C3279222,,True
MONDO:MONDO:0010557,,True
MONDO:MONDO:0014350,,True
OMIM:274600,,True
OMIM:616220,,True
MedGen:C1842704,,True
OMIM:613720,,True
MedGen:C5193129,,True
MONDO:MONDO:0007534,,True
MONDO:MONDO:0007628,,True
MONDO:MONDO:0012405,,True
MedGen:C0005818,,True
Orphanet:79431,,True
MONDO:MONDO:0000001,,True
Orphanet:906,,True
MONDO:MONDO:0009291,,True
OMIM:614320,,True
MONDO:MONDO:0020240,,True
MONDO:MONDO:0014228,,True
OMIM:613640,,True
Orphanet:79124,,True
OMIM:607572,,True
OMIM:617062,,True
MedGen:C0344787,,True
OMIM:182250,,True
MedGen:C1838647,,True
MedGen:C3279774,,True
MedGen:C5193040,,True
MONDO:MONDO:0000447,,True
MedGen:C0009404,,True
MONDO:MONDO:0013718,,True
MONDO:MONDO:0013876,,True
MONDO:MONDO:0013454,,True
MONDO:MONDO:0010216,,True
MedGen:C1836032,,True
Orphanet:363611,,True
OMIM:253000,,True
OMIM:603285,,True
MONDO:MONDO:0013178,,True
OMIM:210000,,True
OMIM:310500,,True
Orphanet:169157,,True
Orphanet:320396,,True
Orphanet:41751,,True
OMIM:618149,,True
MedGen:C1846672,,True
MedGen:C0085636,,True
Orphanet:98867,,True
MONDO:MONDO:0016809,,True
MONDO:MONDO:0016121,,True
MedGen:C2677506,,True
MedGen:C1720189,,True
MONDO:MONDO:0007549,,True
MONDO:MONDO:0011326,,True
MedGen:C1846331,,True
MONDO:MONDO:0008453,,True
Orphanet:284232,,True
MedGen:C0345397,,True
MONDO:MONDO:0011519,,True
Orphanet:294986,,True
MedGen:C3715165,,True
OMIM:180295,,True
MONDO:MONDO:0005395,,True
MedGen:C3501265,,True
OMIM:611022,,True
Orphanet:258,,True
MONDO:MONDO:0012206,,True
Orphanet:314697,,True
MedGen:C3150703,,True
OMIM:133020,,True
MedGen:C3151192,,True
OMIM:172800,,True
MedGen:C2749861,,True
Orphanet:642,,True
Orphanet:140922,,True
Orphanet:84064,,True
OMIM:258315,,True
MONDO:MONDO:0054550,,True
OMIM:615582,,True
OMIM:251230,,True
Orphanet:3260,,True
OMIM:180050,,True
Orphanet:166084,,True
MedGen:C1865409,,True
MONDO:MONDO:0007862,,True
Orphanet:676,,True
MedGen:C1867564,,True
MedGen:C0018203,,True
MedGen:C4014848,,True
MONDO:MONDO:0014478,,True
OMIM:605039,,True
MedGen:C1838429,,True
OMIM:614524,,True
MedGen:C3809950,,True
MedGen:C0346072,,True
MONDO:MONDO:0014083,,True
OMIM:312170,,True
MONDO:MONDO:0008025,,True
MedGen:C1845243,,True
MONDO:MONDO:0000465,,True
Orphanet:82004,,True
MedGen:C4551859,,True
MONDO:MONDO:0002752,,True
MedGen:C0265226,,True
OMIM:314400,,True
Orphanet:2072,,True
MedGen:C3532239,,True
OMIM:300607,,True
MedGen:C3151264,,True
Orphanet:35807,,True
OMIM:616339,,True
OMIM:209920,,True
MedGen:C4551863,,True
MedGen:C0030044,,True
MedGen:C0023882,,True
OMIM:616268,,True
Orphanet:228360,,True
OMIM:613987,,True
MedGen:C0339352,,True
MONDO:MONDO:0013985,,True
OMIM:275350,,True
MONDO:MONDO:0009486,,True
MONDO:MONDO:0010200,,True
Orphanet:3135,,True
MONDO:MONDO:0006684,,True
Orphanet:140162,,True
MedGen:C0014130,,True
Orphanet:419,,True
Orphanet:75326,,True
OMIM:244450,,True
MONDO:MONDO:0011556,,True
MONDO:MONDO:0014921,,True
MedGen:C0033375,,True
MedGen:C4310784,,True
MedGen:C0796208,,True
MONDO:MONDO:0060760,,True
OMIM:181440,,True
MONDO:MONDO:0017152,,True
MONDO:MONDO:0008799,,True
MONDO:MONDO:0012237,,True
MONDO:MONDO:0014196,,True
OMIM:613119,,True
MedGen:C1837148,,True
MedGen:C2676786,,True
MedGen:C1856694,,True
MedGen:C0018022,,True
MedGen:C0033804,,True
MedGen:C1838547,,True
OMIM:278700,,True
MONDO:MONDO:0014619,,True
MedGen:C2931498,,True
OMIM:309510,,True
OMIM:150800,,True
MONDO:MONDO:0011150,,True
MedGen:C4015286,,True
MedGen:C4540395,,True
MONDO:MONDO:0011533,,True
OMIM:300807,,True
MedGen:C3554235,,True
MedGen:C0431111,,True
Orphanet:567,,True
MONDO:MONDO:0014458,,True
MONDO:MONDO:0015249,,True
Orphanet:3063,,True
MONDO:MONDO:0014517,,True
MedGen:C4310822,,True
MedGen:C1858301,,True
Orphanet:79189,,True
MedGen:C0266484,,True
MedGen:C2677879,,True
MedGen:C0751057,,True
OMIM:618357,,True
MONDO:MONDO:0032622,,True
MONDO:MONDO:0013278,,True
MedGen:C0836924,,True
Orphanet:99756,,True
MONDO:MONDO:0010150,,True
Orphanet:454840,,True
MONDO:MONDO:0018116,,True
MONDO:MONDO:0008693,,True
MONDO:MONDO:0017919,,True
OMIM:601001,,True
MONDO:MONDO:0032677,,True
MedGen:C1850554,,True
MONDO:MONDO:0012900,,True
MONDO:MONDO:0014966,,True
MONDO:MONDO:0012466,,True
Orphanet:244305,,True
OMIM:252500,,True
MONDO:MONDO:0010250,,True
MedGen:C3552227,,True
MedGen:C0431447,,True
MedGen:C1860450,,True
OMIM:132600,,True
MONDO:MONDO:0018213,,True
MedGen:C0152013,,True
OMIM:252605,,True
MONDO:MONDO:0009268,,True
Orphanet:60,,True
MONDO:MONDO:0008840,,True
MedGen:C0742028,,True
OMIM:605899,,True
OMIM:183900,,True
Orphanet:48652,,True
OMIM:614203,,True
MONDO:MONDO:0014086,,True
MONDO:MONDO:0011369,,True
OMIM:143095,,True
Orphanet:609,,True
MedGen:C3542922,,True
OMIM:615506,,True
MedGen:C4225398,,True
OMIM:613812,,True
MedGen:C2931004,,True
MedGen:C4540199,,True
Orphanet:251863,,True
OMIM:302060,,True
MedGen:C1834329,,True
MedGen:C3280678,,True
MedGen:C4540164,,True
OMIM:212720,,True
Orphanet:31150,,True
MONDO:MONDO:0018838,,True
Orphanet:178461,,True
MedGen:C3810023,,True
MedGen:C4014925,,True
MONDO:MONDO:0010372,,True
MedGen:C3888309,,True
MedGen:C1856301,,True
MONDO:MONDO:0008076,,True
OMIM:225400,,True
MedGen:C3280342,,True
Orphanet:171445,,True
Orphanet:228343,,True
MedGen:C4023583,,True
MedGen:C4016438,,True
MedGen:C1851936,,True
OMIM:616580,,True
Orphanet:98427,,True
MONDO:MONDO:0013453,,True
Orphanet:264,,True
OMIM:248600,,True
MedGen:C3463917,,True
MONDO:MONDO:0013785,,True
MedGen:C3553404,,True
MedGen:C3810170,,True
Orphanet:199351,,True
MedGen:C1275114,,True
Orphanet:744,,True
MedGen:C1851347,,True
Orphanet:905,,True
OMIM:610951,,True
MedGen:C0020676,,True
MedGen:C1842563,,True
MONDO:MONDO:0011026,,True
MONDO:MONDO:0007471,,True
Orphanet:101070,,True
OMIM:608810,,True
MedGen:C1858106,,True
MONDO:MONDO:0014892,,True
MedGen:C2673195,,True
Orphanet:404473,,True
MONDO:MONDO:0054743,,True
MONDO:MONDO:0013805,,True
OMIM:300310,,True
Orphanet:1209,,True
MONDO:MONDO:0007299,,True
MedGen:C0025202,,True
MONDO:MONDO:0007281,,True
MedGen:C1843057,,True
MedGen:C1863878,,True
Orphanet:73273,,True
MedGen:C1282971,,True
MONDO:MONDO:0014598,,True
MedGen:C3806670,,True
OMIM:614028,,True
MedGen:C3836857,,True
MedGen:C0221354,,True
MedGen:C1839125,,True
MONDO:MONDO:0006829,,True
MONDO:MONDO:0017949,,True
OMIM:615550,,True
Orphanet:139471,,True
MedGen:C1842371,,True
MONDO:MONDO:0012990,,True
Orphanet:436159,,True
Orphanet:228423,,True
Orphanet:98464,,True
MONDO:MONDO:0013444,,True
MONDO:MONDO:0018921,,True
MedGen:C3809548,,True
OMIM:613310,,True
Orphanet:92050,,True
OMIM:614875,,True
OMIM:616724,,True
MONDO:MONDO:0016296,,True
MedGen:C2750080,,True
MedGen:C1860224,,True
MedGen:C1610065,,True
OMIM:609033,,True
OMIM:607475,,True
MONDO:MONDO:0013737,,True
OMIM:256050,,True
Orphanet:93304,,True
MedGen:C0265281,,True
MONDO:MONDO:0010796,,True
MedGen:C0376480,,True
OMIM:615524,,True
Orphanet:2253,,True
Orphanet:90654,,True
MedGen:C2751492,,True
MedGen:C0265886,,True
MedGen:C4225384,,True
OMIM:616155,,True
Orphanet:280270,,True
OMIM:245570,,True
MedGen:C3469522,,True
Orphanet:1300,,True
MedGen:C2745997,,True
MONDO:MONDO:0012192,,True
OMIM:614222,,True
Orphanet:1955,,True
MONDO:MONDO:0014473,,True
Orphanet:2481,,True
MedGen:C4693810,,True
MONDO:MONDO:0014673,,True
MedGen:C4021215,,True
Orphanet:2588,,True
Orphanet:904,,True
OMIM:618198,,True
MONDO:MONDO:0013125,,True
MONDO:MONDO:0011882,,True
MONDO:MONDO:0012851,,True
OMIM:614052,,True
Orphanet:101075,,True
OMIM:227220,,True
OMIM:601457,,True
MONDO:MONDO:0010704,,True
OMIM:606054,,True
MedGen:C3554638,,True
MONDO:MONDO:0009744,,True
MONDO:MONDO:0013585,,True
MedGen:C2063326,,True
MONDO:MONDO:0007838,,True
OMIM:618557,,True
MedGen:C3280168,,True
OMIM:604116,,True
OMIM:617948,,True
MedGen:C3539888,,True
MedGen:C3809006,,True
MedGen:C0432221,,True
OMIM:618578,,True
Orphanet:97548,,True
OMIM:605192,,True
MedGen:C1837091,,True
OMIM:176430,,True
Orphanet:216694,,True
MONDO:MONDO:0007525,,True
MONDO:MONDO:0009897,,True
MedGen:C1836033,,True
MedGen:C1834752,,True
MONDO:MONDO:0009580,,True
MedGen:C1833921,,True
MONDO:MONDO:0019567,,True
MONDO:MONDO:0008996,,True
MONDO:MONDO:0014377,,True
MedGen:C4310770,,True
OMIM:617182,,True
Orphanet:220,,True
MedGen:C1849766,,True
Orphanet:1466,,True
OMIM:617047,,True
MedGen:C4225161,,True
MONDO:MONDO:0010581,,True
MONDO:MONDO:0030921,,True
OMIM:619061,,True
MONDO:MONDO:0014187,,True
OMIM:601780,,True
OMIM:615368,,True
MONDO:MONDO:0002412,,True
MedGen:C4303860,,True
MedGen:C4015395,,True
MONDO:MONDO:0009413,,True
MONDO:MONDO:0010958,,True
OMIM:616592,,True
MedGen:C3280781,,True
MONDO:MONDO:0018542,,True
Orphanet:231679,,True
MedGen:C0339573,,True
MedGen:C4693391,,True
MONDO:MONDO:0014205,,True
MedGen:C2973725,,True
OMIM:618440,,True
OMIM:604370,,True
Orphanet:94064,,True
Orphanet:579,,True
Orphanet:2309,,True
OMIM:612416,,True
Orphanet:99948,,True
MedGen:C4025692,,True
MedGen:C0344724,,True
MONDO:MONDO:0013430,,True
MedGen:C4017254,,True
Orphanet:480,,True
MONDO:MONDO:0012753,,True
OMIM:616005,,True
OMIM:614643,,True
MONDO:MONDO:0014759,,True
MedGen:C3809684,,True
MONDO:MONDO:0014288,,True
OMIM:603737,,True
MONDO:MONDO:0014300,,True
OMIM:612633,,True
MedGen:C0162534,,True
OMIM:617247,,True
MONDO:MONDO:0018849,,True
MedGen:C1863236,,True
MONDO:MONDO:0019609,,True
MedGen:C1860339,,True
MedGen:C0271789,,True
OMIM:609637,,True
Orphanet:79403,,True
Orphanet:93298,,True
MedGen:C1848411,,True
OMIM:616900,,True
Orphanet:597,,True
MedGen:C1849340,,True
MedGen:C1970187,,True
MONDO:MONDO:0013655,,True
MONDO:MONDO:0014378,,True
MONDO:MONDO:0009260,,True
MONDO:MONDO:0032681,,True
MONDO:MONDO:0011431,,True
MONDO:MONDO:0000453,,True
MedGen:C4225378,,True
OMIM:243300,,True
MedGen:C4225254,,True
OMIM:607906,,True
OMIM:180800,,True
MONDO:MONDO:0019342,,True
MedGen:C1833104,,True
MONDO:MONDO:0005628,,True
OMIM:129500,,True
MONDO:MONDO:0033485,,True
OMIM:615517,,True
MONDO:MONDO:0014703,,True
MedGen:C1320657,,True
MedGen:C4049004,,True
MedGen:C0023501,,True
MedGen:C0393814,,True
MedGen:C0024312,,True
OMIM:203780,,True
MedGen:C4721438,,True
MONDO:MONDO:0013439,,True
MedGen:C1862112,,True
MONDO:MONDO:0018973,,True
OMIM:268300,,True
MedGen:C3808667,,True
MONDO:MONDO:0014860,,True
MONDO:MONDO:0018919,,True
Orphanet:324535,,True
MONDO:MONDO:0013982,,True
Orphanet:480536,,True
Orphanet:481,,True
MedGen:C2752062,,True
MedGen:C2931276,,True
MONDO:MONDO:0014716,,True
OMIM:234580,,True
Orphanet:2962,,True
Orphanet:466950,,True
MONDO:MONDO:0032787,,True
OMIM:613835,,True
Orphanet:85110,,True
MedGen:C0020597,,True
Orphanet:1146,,True
Orphanet:79499,,True
Orphanet:210548,,True
MedGen:C0521694,,True
MedGen:C0344482,,True
MedGen:C4551959,,True
MONDO:MONDO:0009383,,True
OMIM:607791,,True
MedGen:C0456070,,True
MONDO:MONDO:0014140,,True
MedGen:C4551637,,True
Orphanet:268943,,True
MedGen:C0020458,,True
MedGen:C1848604,,True
MONDO:MONDO:0014793,,True
OMIM:613508,,True
OMIM:616726,,True
MONDO:MONDO:0014021,,True
OMIM:618086,,True
MedGen:C3150989,,True
Orphanet:217390,,True
MedGen:C4016341,,True
OMIM:148820,,True
OMIM:309520,,True
MONDO:MONDO:0017575,,True
MONDO:MONDO:0003582,,True
MedGen:C0334082,,True
OMIM:615006,,True
Orphanet:2499,,True
Orphanet:2745,,True
MONDO:MONDO:0019313,,True
OMIM:314390,,True
MedGen:C0265333,,True
MedGen:C0009376,,True
MedGen:C4014393,,True
Orphanet:251393,,True
MedGen:C1847627,,True
MedGen:C0007097,,True
OMIM:614500,,True
MONDO:MONDO:0012605,,True
MONDO:MONDO:0009749,,True
MedGen:C0349535,,True
MONDO:MONDO:0032780,,True
MONDO:MONDO:0032612,,True
MedGen:C2675235,,True
MedGen:C0032461,,True
OMIM:615992,,True
MedGen:C0007847,,True
OMIM:231670,,True
MedGen:C1704981,,True
Orphanet:97,,True
OMIM:612900,,True
MedGen:C0268497,,True
MedGen:C0268450,,True
MedGen:C3841475,,True
OMIM:605376,,True
MedGen:C2675383,,True
OMIM:613916,,True
MedGen:C4225304,,True
OMIM:602271,,True
MedGen:C2751324,,True
Orphanet:313772,,True
Orphanet:660,,True
OMIM:618323,,True
MedGen:C3469186,,True
MedGen:C1832525,,True
MedGen:C3150968,,True
OMIM:600802,,True
MedGen:C3888031,,True
MONDO:MONDO:0000911,,True
OMIM:616632,,True
Orphanet:397946,,True
MedGen:C1856877,,True
Orphanet:93100,,True
MedGen:C1861028,,True
MedGen:C0022387,,True
MONDO:MONDO:0011877,,True
MONDO:MONDO:0012926,,True
MedGen:C4014371,,True
OMIM:613675,,True
MONDO:MONDO:0013591,,True
OMIM:616730,,True
Orphanet:377,,True
MedGen:C2675187,,True
OMIM:216820,,True
OMIM:618569,,True
Orphanet:254881,,True
MONDO:MONDO:0010310,,True
Orphanet:52,,True
MedGen:C3150597,,True
MONDO:MONDO:0011448,,True
Orphanet:2677,,True
Orphanet:250984,,True
MedGen:C4024918,,True
MONDO:MONDO:0044202,,True
MONDO:MONDO:0014442,,True
OMIM:613370,,True
MedGen:C4551864,,True
Orphanet:98503,,True
OMIM:605282,,True
MedGen:C3714796,,True
MedGen:C1849412,,True
Orphanet:431166,,True
MONDO:MONDO:0012816,,True
Orphanet:263458,,True
MONDO:MONDO:0014654,,True
MONDO:MONDO:0008929,,True
MONDO:MONDO:0014289,,True
MedGen:C4016609,,True
OMIM:237450,,True
MedGen:C0344329,,True
MONDO:MONDO:0009727,,True
Orphanet:2896,,True
MedGen:C4310809,,True
MONDO:MONDO:0006890,,True
MONDO:MONDO:0024526,,True
MONDO:MONDO:0009267,,True
OMIM:182170,,True
MONDO:MONDO:0010967,,True
MONDO:MONDO:0019942,,True
Orphanet:100988,,True
MedGen:C2751544,,True
MedGen:C0271972,,True
MONDO:MONDO:0015271,,True
MedGen:C0023787,,True
MONDO:MONDO:0012698,,True
Orphanet:324422,,True
MedGen:C0423431,,True
OMIM:267300,,True
OMIM:605670,,True
MedGen:C0007134,,True
Orphanet:231500,,True
MedGen:C0878682,,True
MedGen:C4014738,,True
OMIM:607847,,True
Orphanet:90653,,True
MedGen:C3809872,,True
OMIM:618184,,True
MONDO:MONDO:0010384,,True
MedGen:C4225425,,True
OMIM:613677,,True
MONDO:MONDO:0032564,,True
OMIM:119800,,True
Orphanet:98908,,True
OMIM:260370,,True
MedGen:C4693934,,True
MedGen:C0019024,,True
Orphanet:99953,,True
OMIM:125310,,True
OMIM:310370,,True
MONDO:MONDO:0012869,,True
MedGen:C1865017,,True
Orphanet:329475,,True
MedGen:C0020758,,True
Orphanet:68367,,True
OMIM:278720,,True
MedGen:C3809753,,True
MedGen:C1857743,,True
OMIM:245600,,True
OMIM:204650,,True
Orphanet:140481,,True
Orphanet:898,,True
MedGen:C2713442,,True
OMIM:616878,,True
MONDO:MONDO:0013255,,True
MedGen:C1969652,,True
OMIM:603457,,True
MedGen:C0014038,,True
MedGen:C3554478,,True
MedGen:C4288927,,True
OMIM:122880,,True
OMIM:616638,,True
MONDO:MONDO:0013952,,True
MedGen:C0220769,,True
MONDO:MONDO:0014725,,True
MONDO:MONDO:0019004,,True
OMIM:114480,,True
Orphanet:99949,,True
MONDO:MONDO:0013113,,True
MedGen:C1866134,,True
OMIM:615527,,True
MedGen:C0085390,,True
MedGen:C1847827,,True
MedGen:C4015316,,True
MONDO:MONDO:0008644,,True
Orphanet:88628,,True
Orphanet:86788,,True
MONDO:MONDO:0014606,,True
OMIM:228600,,True
OMIM:619052,,True
OMIM:249270,,True
OMIM:213300,,True
MedGen:C0006413,,True
MedGen:C4016033,,True
MedGen:C0344307,,True
MedGen:C0015708,,True
MedGen:C0751435,,True
MedGen:C4016689,,True
Orphanet:2510,,True
MedGen:C1850318,,True
Orphanet:1666,,True
MedGen:C4310814,,True
OMIM:614576,,True
OMIM:619046,,True
MedGen:C2698311,,True
OMIM:616171,,True
MedGen:C0220991,,True
MedGen:C1833021,,True
MedGen:C4073136,,True
MedGen:C2676254,,True
MONDO:MONDO:0012969,,True
OMIM:175020,,True
MONDO:MONDO:0010241,,True
MONDO:MONDO:0010038,,True
MedGen:C0271694,,True
MedGen:C2677338,,True
MedGen:C3280906,,True
MedGen:C4225389,,True
MedGen:C1863960,,True
MedGen:C1449843,,True
MedGen:C0020534,,True
MedGen:C4479526,,True
MONDO:MONDO:0012561,,True
MONDO:MONDO:0010279,,True
Orphanet:2024,,True
MedGen:C2675780,,True
Orphanet:352654,,True
OMIM:600803,,True
OMIM:616187,,True
Orphanet:217656,,True
OMIM:610353,,True
Orphanet:198,,True
MONDO:MONDO:0007269,,True
MedGen:C4014970,,True
MedGen:C0521579,,True
OMIM:603956,,True
MedGen:C3554021,,True
MedGen:C0019209,,True
MONDO:MONDO:0018964,,True
MONDO:MONDO:0008559,,True
Orphanet:289157,,True
MedGen:C3809007,,True
MedGen:C3554448,,True
MONDO:MONDO:0045045,,True
OMIM:135500,,True
OMIM:114550,,True
MONDO:MONDO:0012914,,True
MedGen:C3695063,,True
MedGen:C4551560,,True
MedGen:C4049066,,True
MedGen:C1832884,,True
MONDO:MONDO:0009794,,True
MedGen:C0270724,,True
OMIM:613309,,True
OMIM:605309,,True
MedGen:C4017116,,True
MedGen:C4022727,,True
MONDO:MONDO:0009478,,True
Orphanet:1425,,True
MedGen:C3151138,,True
MONDO:MONDO:0007342,,True
Orphanet:83418,,True
OMIM:108600,,True
MedGen:C4017377,,True
MedGen:C4024608,,True
MedGen:C3150972,,True
MONDO:MONDO:0000573,,True
MedGen:C4017056,,True
MedGen:C3149074,,True
MONDO:MONDO:0011274,,True
MedGen:C3275750,,True
MedGen:C4693583,,True
MedGen:C0031046,,True
OMIM:182920,,True
MedGen:C5193102,,True
OMIM:225100,,True
MONDO:MONDO:0015229,,True
Orphanet:392,,True
MONDO:MONDO:0054750,,True
MONDO:MONDO:0014740,,True
MONDO:MONDO:0018507,,True
Orphanet:314629,,True
MedGen:C1866994,,True
MedGen:C0426790,,True
MONDO:MONDO:0013160,,True
MedGen:C2751532,,True
MONDO:MONDO:0015021,,True
MedGen:C1855677,,True
MONDO:MONDO:0014832,,True
OMIM:616373,,True
OMIM:300751,,True
MedGen:C0268743,,True
MONDO:MONDO:0007537,,True
Orphanet:250989,,True
MONDO:MONDO:0016147,,True
MedGen:C1835437,,True
MONDO:MONDO:0011236,,True
MONDO:MONDO:0010137,,True
MONDO:MONDO:0008176,,True
MedGen:C4014780,,True
OMIM:615731,,True
MONDO:MONDO:0032768,,True
MedGen:C3280283,,True
OMIM:108800,,True
MedGen:C3809882,,True
Orphanet:154,,True
Orphanet:282166,,True
MONDO:MONDO:0013770,,True
Orphanet:88616,,True
MedGen:C3810147,,True
MONDO:MONDO:0012317,,True
MedGen:C0040336,,True
MONDO:MONDO:0010515,,True
MedGen:C3274516,,True
MedGen:C4021818,,True
MedGen:C1849185,,True
MONDO:MONDO:0014837,,True
MedGen:C2931355,,True
OMIM:617091,,True
OMIM:615109,,True
MedGen:C4551957,,True
Orphanet:217266,,True
MONDO:MONDO:0012543,,True
Orphanet:53689,,True
OMIM:613157,,True
Orphanet:290849,,True
MedGen:C0015967,,True
OMIM:268220,,True
Orphanet:79137,,True
OMIM:613067,,True
MONDO:MONDO:0011933,,True
MedGen:C2237142,,True
MedGen:C1112256,,True
MedGen:C1855861,,True
MONDO:MONDO:0014830,,True
OMIM:312700,,True
MedGen:C1833154,,True
MedGen:C1851967,,True
OMIM:613827,,True
OMIM:236700,,True
MedGen:C3279743,,True
Orphanet:139441,,True
MedGen:C1852092,,True
OMIM:601954,,True
MedGen:C1970308,,True
OMIM:610542,,True
MedGen:C1846176,,True
MedGen:C2752039,,True
MedGen:C1277241,,True
MONDO:MONDO:0015307,,True
MONDO:MONDO:0007723,,True
OMIM:614205,,True
MedGen:C3810194,,True
MedGen:C1855008,,True
MedGen:C1833202,,True
MedGen:C0026351,,True
Orphanet:432,,True
MedGen:C1519709,,True
MONDO:MONDO:0011067,,True
OMIM:616975,,True
OMIM:617540,,True
MONDO:MONDO:0016202,,True
MedGen:C4023749,,True
Orphanet:99943,,True
Orphanet:207070,,True
MedGen:C0268374,,True
OMIM:173100,,True
MONDO:MONDO:0013584,,True
MONDO:MONDO:0007216,,True
MedGen:C4310689,,True
MONDO:MONDO:0009191,,True
MedGen:C4022592,,True
OMIM:617073,,True
MONDO:MONDO:0011539,,True
MedGen:C0013132,,True
OMIM:610379,,True
Orphanet:88639,,True
MedGen:C1849792,,True
MedGen:C1282975,,True
MedGen:C4225412,,True
MedGen:C3150941,,True
MedGen:C1328349,,True
MedGen:C4225373,,True
OMIM:611816,,True
Orphanet:1297,,True
OMIM:615947,,True
OMIM:131750,,True
OMIM:610829,,True
OMIM:616708,,True
OMIM:263800,,True
MONDO:MONDO:0013912,,True
MedGen:C4014690,,True
MONDO:MONDO:0032836,,True
MedGen:C4310719,,True
Orphanet:139411,,True
Orphanet:137675,,True
MONDO:MONDO:0014180,,True
MONDO:MONDO:0011739,,True
MedGen:C1853710,,True
OMIM:252600,,True
OMIM:614135,,True
MedGen:C0013404,,True
MedGen:C0265625,,True
OMIM:616487,,True
MedGen:C1282968,,True
MedGen:C1834570,,True
MedGen:C1846006,,True
OMIM:175700,,True
MedGen:C1861063,,True
MONDO:MONDO:0054732,,True
MONDO:MONDO:0030907,,True
MedGen:C1865373,,True
OMIM:607014,,True
Orphanet:102011,,True
MedGen:C0432268,,True
MONDO:MONDO:0009520,,True
MedGen:C4014934,,True
OMIM:614934,,True
MONDO:MONDO:0054862,,True
MONDO:MONDO:0017987,,True
OMIM:614861,,True
MedGen:C3551915,,True
OMIM:263300,,True
MONDO:MONDO:0013302,,True
OMIM:615377,,True
MedGen:C4016614,,True
MONDO:MONDO:0010644,,True
MedGen:C1832998,,True
MedGen:C0008733,,True
MONDO:MONDO:0010878,,True
Orphanet:83461,,True
Orphanet:44890,,True
MedGen:C0005129,,True
MONDO:MONDO:0014445,,True
MedGen:C0023976,,True
MONDO:MONDO:0014567,,True
MONDO:MONDO:0005249,,True
MedGen:C3809084,,True
MedGen:C4531288,,True
MONDO:MONDO:0001273,,True
MONDO:MONDO:0012052,,True
OMIM:123790,,True
MedGen:C5192681,,True
MedGen:C4025573,,True
Orphanet:411602,,True
MONDO:MONDO:0013885,,True
Orphanet:67046,,True
MONDO:MONDO:0013995,,True
MONDO:MONDO:0012738,,True
Orphanet:893,,True
MedGen:C0231678,,True
OMIM:606703,,True
MONDO:MONDO:0021211,,True
MedGen:C0039231,,True
MONDO:MONDO:0009254,,True
MedGen:C1864002,,True
Orphanet:276575,,True
OMIM:618548,,True
MONDO:MONDO:0013782,,True
MedGen:C0021843,,True
OMIM:617798,,True
Orphanet:99802,,True
MedGen:C1851959,,True
Orphanet:90026,,True
OMIM:614225,,True
MedGen:C3553719,,True
MedGen:C0271829,,True
Orphanet:139552,,True
Orphanet:476126,,True
Orphanet:673,,True
MONDO:MONDO:0014153,,True
OMIM:600105,,True
MedGen:C4479603,,True
MedGen:C2676759,,True
OMIM:601518,,True
OMIM:618825,,True
MedGen:C1867982,,True
MedGen:C0016663,,True
Orphanet:140917,,True
OMIM:602088,,True
OMIM:613705,,True
MONDO:MONDO:0011922,,True
MedGen:C1845526,,True
Orphanet:284963,,True
OMIM:227400,,True
OMIM:305620,,True
MedGen:C4016298,,True
MedGen:C4025797,,True
MONDO:MONDO:0019623,,True
OMIM:606071,,True
MONDO:MONDO:0008368,,True
MedGen:C4539729,,True
MedGen:C3279675,,True
MedGen:C3280220,,True
MedGen:C1970456,,True
OMIM:176410,,True
Orphanet:77293,,True
OMIM:610475,,True
MedGen:C0020538,,True
OMIM:263570,,True
MedGen:C3554163,,True
MedGen:C1836996,,True
MedGen:C0043459,,True
MONDO:MONDO:0040500,,True
Orphanet:3473,,True
Orphanet:206701,,True
MONDO:MONDO:0012239,,True
MedGen:C2750027,,True
MedGen:C4012727,,True
MedGen:C1864840,,True
Orphanet:782,,True
MedGen:C3714506,,True
MedGen:C4748320,,True
MedGen:C0020437,,True
OMIM:616413,,True
Orphanet:166078,,True
MedGen:C4041558,,True
Orphanet:41,,True
MedGen:C3151417,,True
MONDO:MONDO:0016315,,True
MedGen:C1969807,,True
Orphanet:98820,,True
MedGen:C1837218,,True
MedGen:C1260899,,True
MedGen:C1836027,,True
MedGen:C0234629,,True
MONDO:MONDO:0008752,,True
OMIM:616636,,True
OMIM:308350,,True
Orphanet:31837,,True
MedGen:C3150956,,True
MONDO:MONDO:0011190,,True
MedGen:C1864148,,True
MedGen:C3495438,,True
MedGen:C0265339,,True
OMIM:601214,,True
MedGen:C4084708,,True
MedGen:C0266013,,True
MedGen:C4084842,,True
MONDO:MONDO:0012504,,True
MedGen:C1843832,,True
MONDO:MONDO:0007699,,True
MONDO:MONDO:0014297,,True
MONDO:MONDO:0012913,,True
OMIM:615993,,True
MedGen:C0017924,,True
MONDO:MONDO:0009068,,True
OMIM:113500,,True
Orphanet:3451,,True
MedGen:C1861866,,True
OMIM:226650,,True
MedGen:C3160733,,True
MedGen:C1857762,,True
MONDO:MONDO:0012137,,True
MedGen:C0432363,,True
OMIM:136880,,True
MedGen:C0022821,,True
MONDO:MONDO:0060641,,True
MedGen:C0238033,,True
MedGen:C1843632,,True
MedGen:C4225420,,True
Orphanet:656,,True
MONDO:MONDO:0015486,,True
MONDO:MONDO:0016006,,True
Orphanet:206976,,True
OMIM:610725,,True
Orphanet:324442,,True
MONDO:MONDO:0014613,,True
MONDO:MONDO:0014600,,True
Orphanet:35737,,True
MedGen:C0431663,,True
OMIM:616532,,True
MONDO:MONDO:0014335,,True
OMIM:607745,,True
Orphanet:577,,True
MedGen:C1275282,,True
Orphanet:36386,,True
MONDO:MONDO:0013039,,True
MedGen:C0431718,,True
Orphanet:79326,,True
MedGen:C3809216,,True
OMIM:175860,,True
MedGen:C4310721,,True
MedGen:C0751352,,True
OMIM:604360,,True
MONDO:MONDO:0008908,,True
MONDO:MONDO:0011121,,True
MONDO:MONDO:0007167,,True
Orphanet:157949,,True
MONDO:MONDO:0009511,,True
MedGen:C4748327,,True
MONDO:MONDO:0011997,,True
OMIM:118800,,True
MONDO:MONDO:0008471,,True
OMIM:263210,,True
MedGen:C2673193,,True
MONDO:MONDO:0009955,,True
MedGen:C1832931,,True
Orphanet:217604,,True
MedGen:C0027662,,True
MedGen:C4310762,,True
MedGen:C3279392,,True
MedGen:C1997910,,True
MedGen:C1858915,,True
MedGen:C5193099,,True
MedGen:C0342907,,True
MedGen:C3809738,,True
MedGen:C3151897,,True
OMIM:615872,,True
OMIM:609310,,True
OMIM:300491,,True
MONDO:MONDO:0060496,,True
MedGen:C1864389,,True
MONDO:MONDO:0016642,,True
MONDO:MONDO:0007270,,True
MONDO:MONDO:0022236,,True
OMIM:601820,,True
MONDO:MONDO:0007585,,True
MedGen:C3279191,,True
OMIM:234750,,True
OMIM:131760,,True
MONDO:MONDO:0011724,,True
OMIM:615523,,True
MONDO:MONDO:0010494,,True
MedGen:C3891301,,True
MedGen:C1843885,,True
MedGen:C2931482,,True
OMIM:183086,,True
MONDO:MONDO:0012138,,True
MONDO:MONDO:0012335,,True
OMIM:303600,,True
MedGen:C3808115,,True
Orphanet:97245,,True
OMIM:614885,,True
OMIM:600740,,True
MedGen:C2751681,,True
Orphanet:464440,,True
MONDO:MONDO:0013231,,True
OMIM:602771,,True
MONDO:MONDO:0011192,,True
OMIM:312870,,True
MedGen:C2748552,,True
OMIM:615119,,True
MedGen:C4692546,,True
MONDO:MONDO:0010527,,True
MONDO:MONDO:0012417,,True
OMIM:606690,,True
OMIM:309801,,True
MedGen:C4021584,,True
MONDO:MONDO:0013529,,True
MedGen:C1869117,,True
MedGen:C1858679,,True
MONDO:MONDO:0040502,,True
MONDO:MONDO:0011402,,True
Orphanet:101006,,True
OMIM:616969,,True
Orphanet:2834,,True
MedGen:C0432284,,True
OMIM:609165,,True
OMIM:612469,,True
MedGen:C0235752,,True
MedGen:C3714995,,True
MedGen:C1834481,,True
MedGen:C1858392,,True
MONDO:MONDO:0013284,,True
MedGen:C4310803,,True
MedGen:C3151610,,True
MONDO:MONDO:0013634,,True
MedGen:C0231687,,True
MedGen:C0268601,,True
MONDO:MONDO:0008246,,True
MedGen:C0009207,,True
MedGen:C3809320,,True
OMIM:615725,,True
MONDO:MONDO:0007426,,True
MONDO:MONDO:0014437,,True
MedGen:C1828210,,True
Orphanet:316240,,True
OMIM:300860,,True
Orphanet:726,,True
OMIM:614607,,True
OMIM:101600,,True
MedGen:C4017378,,True
OMIM:615761,,True
MedGen:C5231481,,True
MedGen:C0021359,,True
MONDO:MONDO:0006500,,True
MedGen:C0026697,,True
MedGen:C3280114,,True
MONDO:MONDO:0007538,,True
MONDO:MONDO:0011663,,True
Orphanet:85195,,True
OMIM:613192,,True
OMIM:249400,,True
MONDO:MONDO:0013513,,True
MONDO:MONDO:0013722,,True
Orphanet:98258,,True
Orphanet:309334,,True
MONDO:MONDO:0014230,,True
OMIM:614376,,True
MedGen:C1859523,,True
MedGen:C2678311,,True
MONDO:MONDO:0013767,,True
MedGen:C1842839,,True
MONDO:MONDO:0013218,,True
MedGen:C3553249,,True
MONDO:MONDO:0014499,,True
MedGen:C0001807,,True
MedGen:C0543888,,True
Orphanet:52688,,True
OMIM:219050,,True
MedGen:C0029453,,True
MedGen:C3553358,,True
MONDO:MONDO:0020631,,True
MONDO:MONDO:0013111,,True
MedGen:C0017923,,True
MedGen:C1865044,,True
Orphanet:417,,True
OMIM:615184,,True
MedGen:C4082299,,True
MONDO:MONDO:0013327,,True
MedGen:C1283620,,True
MedGen:C1865276,,True
MONDO:MONDO:0006507,,True
MedGen:C3150796,,True
MedGen:C3281201,,True
MedGen:C3715216,,True
OMIM:614228,,True
MedGen:C0038220,,True
Orphanet:85201,,True
Orphanet:2022,,True
OMIM:610333,,True
Orphanet:263534,,True
MedGen:C4022486,,True
MONDO:MONDO:0019485,,True
Orphanet:91492,,True
MedGen:C2675520,,True
MedGen:C4479577,,True
OMIM:184450,,True
OMIM:601815,,True
MedGen:C4016366,,True
OMIM:236270,,True
MedGen:C0220701,,True
MedGen:C1858391,,True
MedGen:C0022797,,True
OMIM:613865,,True
Orphanet:2697,,True
MedGen:C0020074,,True
Orphanet:171629,,True
OMIM:230350,,True
MONDO:MONDO:0012077,,True
Orphanet:404463,,True
MedGen:C0730290,,True
MedGen:C0334586,,True
MedGen:C0152459,,True
MedGen:C0239234,,True
OMIM:618922,,True
MONDO:MONDO:0008504,,True
MedGen:C4017528,,True
Orphanet:365,,True
MedGen:C2750035,,True
MedGen:C2677491,,True
Orphanet:306674,,True
OMIM:229200,,True
MedGen:C0796032,,True
OMIM:616138,,True
MONDO:MONDO:0014199,,True
OMIM:617054,,True
MONDO:MONDO:0016690,,True
MedGen:C0013595,,True
MedGen:C3280452,,True
MONDO:MONDO:0013387,,True
MONDO:MONDO:0011581,,True
MedGen:C3714992,,True
MedGen:C1858361,,True
MedGen:C0023465,,True
MONDO:MONDO:0002135,,True
OMIM:100600,,True
OMIM:241510,,True
MONDO:MONDO:0017746,,True
MedGen:C0432122,,True
MedGen:C3275459,,True
MedGen:C3280721,,True
Orphanet:261629,,True
MedGen:C0027830,,True
OMIM:605635,,True
MedGen:C0520679,,True
MedGen:C3809192,,True
Orphanet:1667,,True
MONDO:MONDO:0012312,,True
Orphanet:79262,,True
Orphanet:708,,True
Orphanet:3208,,True
MedGen:C0016045,,True
MedGen:C0004943,,True
MONDO:MONDO:0006047,,True
MONDO:MONDO:0008233,,True
Orphanet:219,,True
MedGen:C0280788,,True
Orphanet:53271,,True
Orphanet:240760,,True
OMIM:613453,,True
OMIM:137550,,True
MedGen:C0268152,,True
MedGen:C3495488,,True
MONDO:MONDO:0014045,,True
MONDO:MONDO:0013674,,True
MedGen:C4510897,,True
MedGen:C1959620,,True
MONDO:MONDO:0000090,,True
MONDO:MONDO:0032606,,True
MONDO:MONDO:0009733,,True
MedGen:C1847200,,True
OMIM:600791,,True
MedGen:C0039240,,True
MONDO:MONDO:0014628,,True
MONDO:MONDO:0014057,,True
OMIM:128101,,True
MedGen:C0340970,,True
MedGen:C0162671,,True
Orphanet:331226,,True
MedGen:C4551982,,True
MONDO:MONDO:0009324,,True
MedGen:C0678222,,True
OMIM:616399,,True
MedGen:C2752015,,True
Orphanet:2322,,True
MONDO:MONDO:0019675,,True
MONDO:MONDO:0014729,,True
MedGen:C0004239,,True
MedGen:C0241442,,True
MedGen:C4551499,,True
OMIM:614226,,True
OMIM:617507,,True
MedGen:C3150819,,True
MedGen:C4539843,,True
OMIM:603896,,True
MedGen:C2750472,,True
MedGen:C1850191,,True
MedGen:C2675646,,True
MedGen:C0553580,,True
MONDO:MONDO:0012442,,True
MedGen:C4225356,,True
OMIM:168000,,True
MONDO:MONDO:0017623,,True
MedGen:C3495589,,True
OMIM:181450,,True
MedGen:C0268583,,True
MONDO:MONDO:0008221,,True
OMIM:614171,,True
MedGen:C3807907,,True
MONDO:MONDO:0010233,,True
MONDO:MONDO:0014862,,True
MONDO:MONDO:0007080,,True
OMIM:613382,,True
OMIM:613086,,True
OMIM:600975,,True
MedGen:C2939465,,True
MedGen:C4721610,,True
MONDO:MONDO:0011417,,True
MedGen:C3554690,,True
Orphanet:568,,True
MONDO:MONDO:0007868,,True
MedGen:C2675860,,True
MONDO:MONDO:0014126,,True
OMIM:300495,,True
MedGen:C0162323,,True
MONDO:MONDO:0011836,,True
Orphanet:1531,,True
MedGen:C0279763,,True
MedGen:C0011053,,True
MONDO:MONDO:0014406,,True
MONDO:MONDO:0014475,,True
MedGen:C1969419,,True
MedGen:C4015371,,True
MedGen:C1836336,,True
MedGen:C3277701,,True
MONDO:MONDO:0043195,,True
MONDO:MONDO:0010027,,True
MONDO:MONDO:0008863,,True
MedGen:C4025603,,True
MONDO:MONDO:0012145,,True
MONDO:MONDO:0017288,,True
OMIM:216900,,True
MedGen:C4021582,,True
MedGen:C3805618,,True
MONDO:MONDO:0012394,,True
OMIM:255300,,True
Orphanet:51,,True
MedGen:C1860834,,True
MONDO:MONDO:0011193,,True
OMIM:209500,,True
Orphanet:464443,,True
MedGen:C4225360,,True
MONDO:MONDO:0018151,,True
MONDO:MONDO:0015262,,True
MedGen:C4025731,,True
Orphanet:324588,,True
OMIM:616321,,True
OMIM:612313,,True
MONDO:MONDO:0010911,,True
Orphanet:2554,,True
MedGen:C4025284,,True
MedGen:C0205711,,True
MONDO:MONDO:0013838,,True
MedGen:C3150912,,True
MONDO:MONDO:0016391,,True
MONDO:MONDO:0032755,,True
OMIM:612292,,True
MedGen:C1836264,,True
OMIM:181430,,True
OMIM:608808,,True
Orphanet:519,,True
MONDO:MONDO:0011925,,True
Orphanet:93271,,True
Orphanet:1810,,True
MONDO:MONDO:0060532,,True
Orphanet:95432,,True
MONDO:MONDO:0012615,,True
MedGen:C0025268,,True
MedGen:C0700635,,True
MONDO:MONDO:0012434,,True
OMIM:142330,,True
OMIM:614701,,True
MedGen:C1398522,,True
MedGen:C0149925,,True
MedGen:C3280054,,True
Orphanet:99772,,True
MedGen:C1868682,,True
MONDO:MONDO:0032584,,True
MedGen:C0234379,,True
MedGen:C0206711,,True
MedGen:C0017920,,True
MedGen:C1864690,,True
OMIM:613312,,True
MedGen:C4552002,,True
MedGen:C1837839,,True
OMIM:300496,,True
OMIM:613014,,True
MedGen:C0030443,,True
MedGen:C1568249,,True
Orphanet:87876,,True
OMIM:600881,,True
MedGen:C0342783,,True
MONDO:MONDO:0005516,,True
OMIM:301032,,True
OMIM:125850,,True
MONDO:MONDO:0012382,,True
MONDO:MONDO:0014386,,True
MedGen:C1838979,,True
MedGen:C1849334,,True
MedGen:C0042025,,True
OMIM:535000,,True
MONDO:MONDO:0008378,,True
OMIM:618826,,True
MONDO:MONDO:0015017,,True
MONDO:MONDO:0020756,,True
MedGen:C1535926,,True
MONDO:MONDO:0007827,,True
MONDO:MONDO:0009104,,True
OMIM:607084,,True
OMIM:170390,,True
MedGen:C1838993,,True
OMIM:618317,,True
Orphanet:64748,,True
MedGen:C1848947,,True
MONDO:MONDO:0013361,,True
MedGen:C4551976,,True
MONDO:MONDO:0014472,,True
MONDO:MONDO:0019736,,True
OMIM:617049,,True
MedGen:C0427086,,True
MONDO:MONDO:0009748,,True
MONDO:MONDO:0013754,,True
Orphanet:101097,,True
OMIM:617719,,True
MONDO:MONDO:0014642,,True
MONDO:MONDO:0033367,,True
OMIM:614335,,True
MONDO:MONDO:0003900,,True
Orphanet:306,,True
MedGen:C4225352,,True
MedGen:C1970470,,True
MedGen:C0424503,,True
Orphanet:412,,True
MedGen:C0541767,,True
MedGen:C1850309,,True
MedGen:C0152217,,True
MedGen:C0019829,,True
MedGen:C3280970,,True
MONDO:MONDO:0015426,,True
MedGen:C0015300,,True
Orphanet:2637,,True
MONDO:MONDO:0007849,,True
OMIM:615249,,True
MONDO:MONDO:0010870,,True
MedGen:C1708350,,True
Orphanet:215,,True
Orphanet:1480,,True
MONDO:MONDO:0019003,,True
Orphanet:2645,,True
MedGen:C0235095,,True
MedGen:C1862511,,True
Orphanet:629,,True
MedGen:C2239351,,True
MONDO:MONDO:0014696,,True
Orphanet:337,,True
MedGen:C4330531,,True
OMIM:611638,,True
Orphanet:424027,,True
MONDO:MONDO:0014652,,True
OMIM:608885,,True
MedGen:C1848453,,True
MONDO:MONDO:0007232,,True
MONDO:MONDO:0010984,,True
MedGen:C1855311,,True
MONDO:MONDO:0013366,,True
Orphanet:91378,,True
OMIM:224690,,True
OMIM:617452,,True
OMIM:613211,,True
Orphanet:100032,,True
OMIM:109400,,True
MONDO:MONDO:0010827,,True
MedGen:C0020717,,True
Orphanet:217071,,True
MONDO:MONDO:0013350,,True
MedGen:C0024299,,True
MedGen:C3806746,,True
MedGen:C4016032,,True
OMIM:614099,,True
MONDO:MONDO:0014505,,True
Orphanet:3231,,True
MedGen:C4310618,,True
MedGen:C0271385,,True
Orphanet:98880,,True
MedGen:C4022891,,True
OMIM:612390,,True
MedGen:C4014958,,True
MONDO:MONDO:0014105,,True
MedGen:C0376545,,True
MONDO:MONDO:0014582,,True
Orphanet:83419,,True
OMIM:614859,,True
Orphanet:2807,,True
OMIM:304800,,True
MedGen:C4022745,,True
Orphanet:35099,,True
MedGen:C2986662,,True
MedGen:C0038379,,True
MedGen:C0877024,,True
Orphanet:548,,True
MONDO:MONDO:0010016,,True
MedGen:C1720861,,True
MedGen:C4016260,,True
MedGen:C2363129,,True
MedGen:C0035344,,True
Orphanet:476084,,True
MedGen:C3489529,,True
OMIM:613243,,True
MedGen:C4310693,,True
MONDO:MONDO:0009428,,True
MedGen:C3150808,,True
MONDO:MONDO:0011481,,True
MedGen:C1837549,,True
MedGen:C4280740,,True
MONDO:MONDO:0014099,,True
MedGen:C0027697,,True
OMIM:612775,,True
OMIM:608908,,True
Orphanet:684,,True
OMIM:231090,,True
OMIM:612219,,True
MONDO:MONDO:0001595,,True
Orphanet:395,,True
OMIM:108900,,True
OMIM:312863,,True
MedGen:C3277900,,True
MONDO:MONDO:0014557,,True
MedGen:C3715128,,True
MedGen:C0009363,,True
MONDO:MONDO:0012525,,True
OMIM:617781,,True
OMIM:208500,,True
MONDO:MONDO:0019086,,True
MedGen:C1862190,,True
MedGen:C3714757,,True
OMIM:612287,,True
OMIM:234050,,True
MedGen:C0008533,,True
MedGen:C3808397,,True
MONDO:MONDO:0014100,,True
OMIM:615834,,True
MedGen:C4084840,,True
MONDO:MONDO:0010457,,True
OMIM:153670,,True
OMIM:618950,,True
Orphanet:180257,,True
Orphanet:98962,,True
OMIM:617123,,True
OMIM:615633,,True
MONDO:MONDO:0011544,,True
OMIM:313900,,True
OMIM:613060,,True
Orphanet:1456,,True
MONDO:MONDO:0013810,,True
MONDO:MONDO:0016355,,True
MedGen:C4551904,,True
MedGen:C1845168,,True
OMIM:608874,,True
MONDO:MONDO:0014400,,True
Orphanet:31709,,True
MedGen:C4016452,,True
OMIM:616421,,True
MONDO:MONDO:0020716,,True
MONDO:MONDO:0013728,,True
Orphanet:2299,,True
MedGen:C1299884,,True
MONDO:MONDO:0014238,,True
MedGen:C3151063,,True
MONDO:MONDO:0001566,,True
OMIM:616705,,True
MedGen:C4021570,,True
MedGen:C4551509,,True
OMIM:617276,,True
OMIM:614838,,True
OMIM:186500,,True
Orphanet:356961,,True
MedGen:C0393929,,True
MedGen:C0270855,,True
OMIM:214400,,True
MedGen:C3553936,,True
Orphanet:172976,,True
MONDO:MONDO:0011871,,True
MONDO:MONDO:0022397,,True
OMIM:222448,,True
OMIM:617576,,True
MONDO:MONDO:0001836,,True
MONDO:MONDO:0032632,,True
MONDO:MONDO:0011829,,True
MONDO:MONDO:0009192,,True
Orphanet:46724,,True
MedGen:C1832932,,True
MedGen:C0239340,,True
MONDO:MONDO:0013306,,True
MedGen:C0079683,,True
Orphanet:209341,,True
MONDO:MONDO:0007846,,True
MedGen:C1512419,,True
MedGen:C1842160,,True
Orphanet:397612,,True
OMIM:201300,,True
MONDO:MONDO:0007265,,True
Orphanet:85172,,True
OMIM:617874,,True
MedGen:C3809928,,True
Orphanet:1871,,True
Orphanet:357329,,True
MONDO:MONDO:0013955,,True
OMIM:156200,,True
MedGen:C5191050,,True
Orphanet:2556,,True
OMIM:615710,,True
MedGen:C2749685,,True
MONDO:MONDO:0014540,,True
Orphanet:79432,,True
MONDO:MONDO:0013449,,True
MONDO:MONDO:0006987,,True
MedGen:C3553887,,True
MONDO:MONDO:0009364,,True
MedGen:C1857255,,True
MedGen:C1846058,,True
MedGen:C3281001,,True
MedGen:C0271985,,True
MONDO:MONDO:0008448,,True
Orphanet:182050,,True
OMIM:600101,,True
Orphanet:363454,,True
MONDO:MONDO:0012016,,True
MedGen:C1848580,,True
MedGen:C0751674,,True
MONDO:MONDO:0010338,,True
MedGen:C4552070,,True
MedGen:C0266249,,True
MedGen:C0013080,,True
OMIM:105150,,True
MedGen:C3554605,,True
Orphanet:276234,,True
MONDO:MONDO:0012856,,True
OMIM:200990,,True
MONDO:MONDO:0011489,,True
MedGen:C1865644,,True
MedGen:C0456909,,True
MedGen:C4551953,,True
MONDO:MONDO:0000557,,True
MedGen:C0578038,,True
OMIM:613670,,True
MONDO:MONDO:0013401,,True
MedGen:C1801950,,True
OMIM:615425,,True
Orphanet:322,,True
OMIM:192315,,True
MONDO:MONDO:0012408,,True
OMIM:193300,,True
MedGen:C4016662,,True
Orphanet:107,,True
Orphanet:2573,,True
OMIM:610140,,True
MedGen:C1837029,,True
OMIM:613877,,True
MONDO:MONDO:0007236,,True
MedGen:C4551804,,True
MedGen:C5139058,,True
MedGen:C0154832,,True
MONDO:MONDO:0008858,,True
MedGen:C4085590,,True
MedGen:C2678098,,True
MONDO:MONDO:0008199,,True
MedGen:C3553948,,True
OMIM:614091,,True
OMIM:609270,,True
MONDO:MONDO:0018911,,True
OMIM:614435,,True
MedGen:C3276096,,True
MONDO:MONDO:0012725,,True
MONDO:MONDO:0020521,,True
OMIM:605583,,True
MONDO:MONDO:0010906,,True
MONDO:MONDO:0019797,,True
MedGen:C0026707,,True
OMIM:613763,,True
OMIM:617599,,True
MedGen:C3281066,,True
MONDO:MONDO:0014715,,True
MONDO:MONDO:0013131,,True
MONDO:MONDO:0000486,,True
MONDO:MONDO:0008832,,True
OMIM:203700,,True
MONDO:MONDO:0001586,,True
MONDO:MONDO:0012792,,True
MedGen:C0087012,,True
MONDO:MONDO:0013642,,True
MONDO:MONDO:0012657,,True
OMIM:186300,,True
MedGen:C4083048,,True
OMIM:209900,,True
OMIM:616270,,True
MONDO:MONDO:0007055,,True
OMIM:158810,,True
MedGen:C0432252,,True
OMIM:601410,,True
MONDO:MONDO:0012791,,True
MONDO:MONDO:0009414,,True
MedGen:C0751122,,True
OMIM:239850,,True
MedGen:C1836121,,True
OMIM:613227,,True
MONDO:MONDO:0054637,,True
Orphanet:223,,True
MedGen:C0149978,,True
OMIM:604229,,True
MedGen:C3809288,,True
MedGen:C4016431,,True
MONDO:MONDO:0013060,,True
MedGen:C3553250,,True
MedGen:C0031039,,True
MedGen:C4014588,,True
MONDO:MONDO:0007222,,True
MONDO:MONDO:0014133,,True
MedGen:C4225278,,True
MedGen:C4017065,,True
MedGen:C0043194,,True
OMIM:300614,,True
OMIM:604352,,True
MONDO:MONDO:0014292,,True
MedGen:C0428908,,True
MedGen:C1854106,,True
MedGen:C3887526,,True
OMIM:616455,,True
OMIM:253700,,True
MONDO:MONDO:0013059,,True
MONDO:MONDO:0013641,,True
MONDO:MONDO:0015075,,True
MedGen:C1857690,,True
MONDO:MONDO:0011370,,True
OMIM:609308,,True
MONDO:MONDO:0013040,,True
OMIM:267750,,True
OMIM:610758,,True
MedGen:C3150899,,True
MONDO:MONDO:0005508,,True
OMIM:609311,,True
Orphanet:2783,,True
Orphanet:79306,,True
MedGen:C1866039,,True
MONDO:MONDO:0009183,,True
Orphanet:98993,,True
Orphanet:157,,True
MedGen:C3280587,,True
Orphanet:275555,,True
MedGen:C0282513,,True
OMIM:132450,,True
MONDO:MONDO:0015356,,True
MONDO:MONDO:0060622,,True
MedGen:C5231476,,True
MONDO:MONDO:0000190,,True
MedGen:C3150967,,True
MedGen:C1850959,,True
Orphanet:420702,,True
MedGen:C4540059,,True
MONDO:MONDO:0010775,,True
OMIM:606996,,True
MONDO:MONDO:0012563,,True
MONDO:MONDO:0007034,,True
Orphanet:51188,,True
Orphanet:370109,,True
Orphanet:543,,True
MONDO:MONDO:0014709,,True
MedGen:C0010068,,True
MONDO:MONDO:0010265,,True
MedGen:C3266898,,True
MedGen:C1853441,,True
Orphanet:93296,,True
MONDO:MONDO:0009319,,True
OMIM:612702,,True
MedGen:C3151085,,True
OMIM:618230,,True
MONDO:MONDO:0019565,,True
MONDO:MONDO:0007093,,True
MedGen:C3463824,,True
MONDO:MONDO:0010772,,True
OMIM:607346,,True
MedGen:C0344539,,True
MONDO:MONDO:0017366,,True
Orphanet:99,,True
Orphanet:2965,,True
MONDO:MONDO:0009938,,True
OMIM:600138,,True
OMIM:606693,,True
Orphanet:140908,,True
MONDO:MONDO:0010650,,True
Orphanet:391351,,True
OMIM:606812,,True
OMIM:613065,,True
OMIM:118220,,True
MONDO:MONDO:0010278,,True
MedGen:C3806565,,True
Orphanet:49827,,True
Orphanet:86834,,True
OMIM:613881,,True
MONDO:MONDO:0013530,,True
MONDO:MONDO:0014428,,True
MedGen:C4551961,,True
MONDO:MONDO:0012931,,True
Orphanet:326,,True
OMIM:131850,,True
MONDO:MONDO:0023691,,True
MedGen:C4084841,,True
MONDO:MONDO:0007377,,True
MedGen:C5231498,,True
MedGen:C0162672,,True
MedGen:C0220721,,True
MONDO:MONDO:0011894,,True
MedGen:C0162670,,True
MONDO:MONDO:0033311,,True
MONDO:MONDO:0010526,,True
Orphanet:667,,True
OMIM:310980,,True
OMIM:122470,,True
MONDO:MONDO:0012414,,True
Orphanet:263662,,True
OMIM:617571,,True
MedGen:C1857453,,True
MONDO:MONDO:0012983,,True
MedGen:C4016738,,True
OMIM:264350,,True
MedGen:C0233514,,True
MONDO:MONDO:0014284,,True
OMIM:608340,,True
OMIM:182290,,True
MedGen:C1832730,,True
MedGen:C5193075,,True
MedGen:C0577063,,True
Orphanet:43,,True
MedGen:C1366911,,True
Orphanet:2598,,True
MONDO:MONDO:0011469,,True
OMIM:614700,,True
MedGen:C1843816,,True
OMIM:617244,,True
MedGen:C0423224,,True
Orphanet:1186,,True
Orphanet:637,,True
OMIM:618404,,True
MONDO:MONDO:0005580,,True
Orphanet:101150,,True
OMIM:614672,,True
MONDO:MONDO:0016523,,True
OMIM:613848,,True
MedGen:C3280670,,True
OMIM:146000,,True
OMIM:617343,,True
Orphanet:276399,,True
OMIM:268130,,True
MedGen:C0221026,,True
Orphanet:171714,,True
MONDO:MONDO:0005192,,True
OMIM:301835,,True
MONDO:MONDO:0011875,,True
MedGen:C0023786,,True
Orphanet:457240,,True
MedGen:C4693899,,True
MONDO:MONDO:0032757,,True
MedGen:C4693822,,True
OMIM:606595,,True
MedGen:C2930980,,True
OMIM:256520,,True
MedGen:C4014538,,True
MedGen:C0265220,,True
Orphanet:79095,,True
MONDO:MONDO:0014367,,True
MedGen:C0265251,,True
MONDO:MONDO:0011631,,True
MedGen:C0037822,,True
MedGen:C1864948,,True
MedGen:C4551474,,True
OMIM:605067,,True
MONDO:MONDO:0015263,,True
MedGen:C1864651,,True
OMIM:226000,,True
MedGen:C2673218,,True
OMIM:275200,,True
MONDO:MONDO:0044319,,True
OMIM:609006,,True
OMIM:609220,,True
OMIM:300088,,True
Orphanet:411629,,True
MONDO:MONDO:0014326,,True
MONDO:MONDO:0016755,,True
OMIM:616469,,True
OMIM:212500,,True
OMIM:618396,,True
OMIM:611597,,True
OMIM:618406,,True
MONDO:MONDO:0013480,,True
OMIM:601626,,True
OMIM:617339,,True
OMIM:151623,,True
MedGen:C3151201,,True
MedGen:C4693376,,True
MedGen:C3280371,,True
OMIM:300985,,True
Orphanet:466926,,True
Orphanet:2744,,True
OMIM:212780,,True
Orphanet:50816,,True
MONDO:MONDO:0001549,,True
MedGen:C1848137,,True
Orphanet:77261,,True
OMIM:206700,,True
MONDO:MONDO:0017136,,True
OMIM:613094,,True
OMIM:102000,,True
Orphanet:93665,,True
MedGen:C3151265,,True
MedGen:C4016634,,True
OMIM:613162,,True
OMIM:617133,,True
MedGen:C1857750,,True
MedGen:C0541764,,True
OMIM:609755,,True
MedGen:C2673520,,True
MedGen:C0205770,,True
MedGen:C1859728,,True
MONDO:MONDO:0014694,,True
OMIM:618857,,True
MedGen:C4310755,,True
MONDO:MONDO:0012436,,True
MedGen:C2751811,,True
OMIM:116700,,True
MONDO:MONDO:0014333,,True
MedGen:C5193033,,True
OMIM:115150,,True
MONDO:MONDO:0007429,,True
MedGen:C0752202,,True
MONDO:MONDO:0036483,,True
MedGen:C2749345,,True
Orphanet:85278,,True
MedGen:C4017522,,True
MONDO:MONDO:0003252,,True
MedGen:C1858108,,True
OMIM:610217,,True
MONDO:MONDO:0009078,,True
MONDO:MONDO:0054763,,True
MONDO:MONDO:0017312,,True
MONDO:MONDO:0010664,,True
MONDO:MONDO:0015988,,True
MedGen:C1858695,,True
MONDO:MONDO:0013072,,True
Orphanet:69077,,True
Orphanet:98758,,True
MedGen:C0032897,,True
MONDO:MONDO:0017426,,True
MedGen:C1848552,,True
MedGen:C0027341,,True
MONDO:MONDO:0010447,,True
MONDO:MONDO:0006033,,True
MONDO:MONDO:0011211,,True
MONDO:MONDO:0033013,,True
MONDO:MONDO:0009668,,True
MedGen:C3151411,,True
MedGen:C4748418,,True
OMIM:613353,,True
OMIM:614491,,True
MONDO:MONDO:0013884,,True
MONDO:MONDO:0014075,,True
OMIM:181500,,True
MONDO:MONDO:0010860,,True
OMIM:147920,,True
MONDO:MONDO:0011904,,True
MONDO:MONDO:0011759,,True
MedGen:C4476590,,True
Orphanet:542310,,True
MONDO:MONDO:0014924,,True
MedGen:C1832425,,True
Orphanet:166081,,True
Orphanet:616,,True
OMIM:608758,,True
MONDO:MONDO:0013345,,True
MONDO:MONDO:0033368,,True
MedGen:C1853249,,True
MedGen:C3281297,,True
MedGen:C2673377,,True
MONDO:MONDO:0013849,,True
Orphanet:284324,,True
Orphanet:2394,,True
MONDO:MONDO:0020342,,True
MedGen:C4014737,,True
MONDO:MONDO:0013752,,True
MONDO:MONDO:0009157,,True
MONDO:MONDO:0008555,,True
OMIM:123500,,True
OMIM:300864,,True
Orphanet:90349,,True
MONDO:MONDO:0008533,,True
Orphanet:308698,,True
OMIM:246200,,True
OMIM:603829,,True
MONDO:MONDO:0008681,,True
MONDO:MONDO:0008433,,True
MONDO:MONDO:0024517,,True
MedGen:C2936664,,True
MONDO:MONDO:0009097,,True
MedGen:C3280974,,True
Orphanet:436166,,True
MedGen:C4721436,,True
MONDO:MONDO:0009181,,True
MedGen:C3281089,,True
Orphanet:171871,,True
OMIM:602629,,True
MONDO:MONDO:0013769,,True
MedGen:C3553517,,True
Orphanet:357008,,True
MedGen:C1840457,,True
Orphanet:99125,,True
MedGen:C4760576,,True
Orphanet:316226,,True
MedGen:C1847392,,True
MONDO:MONDO:0004754,,True
OMIM:306955,,True
MedGen:C0546837,,True
OMIM:618823,,True
Orphanet:99734,,True
Orphanet:2453,,True
MedGen:C0001122,,True
OMIM:123400,,True
MONDO:MONDO:0018971,,True
MONDO:MONDO:0009459,,True
OMIM:602347,,True
Orphanet:93600,,True
MONDO:MONDO:0015231,,True
MedGen:C0003886,,True
MedGen:C4551520,,True
MONDO:MONDO:0044206,,True
MedGen:C1096099,,True
OMIM:618114,,True
MedGen:C0392514,,True
OMIM:237300,,True
MedGen:C4225199,,True
MedGen:C0241688,,True
OMIM:100300,,True
MedGen:C3278154,,True
MONDO:MONDO:0013367,,True
MedGen:C4225319,,True
Orphanet:91024,,True
MedGen:C1865695,,True
OMIM:616707,,True
MedGen:C0264789,,True
MedGen:C1834750,,True
MONDO:MONDO:0012018,,True
MedGen:C4225350,,True
MedGen:C5193076,,True
MONDO:MONDO:0014533,,True
OMIM:607417,,True
MedGen:C3891452,,True
MedGen:C1321308,,True
Orphanet:251274,,True
MedGen:C2931132,,True
MedGen:C2674737,,True
MedGen:C0042974,,True
MedGen:C2675866,,True
MedGen:C1863655,,True
MONDO:MONDO:0010184,,True
OMIM:613674,,True
Orphanet:289494,,True
MedGen:C0037317,,True
Orphanet:36,,True
MedGen:C4023512,,True
MedGen:C4014492,,True
MONDO:MONDO:0013795,,True
MedGen:C0149782,,True
MONDO:MONDO:0013835,,True
MedGen:C4540321,,True
MedGen:C1846821,,True
MedGen:C1860816,,True
OMIM:607694,,True
MedGen:C4025572,,True
Orphanet:2052,,True
OMIM:609056,,True
Orphanet:369897,,True
OMIM:616116,,True
MONDO:MONDO:0014440,,True
MONDO:MONDO:0011576,,True
MONDO:MONDO:0013791,,True
MONDO:MONDO:0007793,,True
MONDO:MONDO:0012905,,True
MedGen:C1865794,,True
OMIM:300844,,True
MONDO:MONDO:0020748,,True
MedGen:C1389018,,True
MedGen:C2673642,,True
MONDO:MONDO:0011102,,True
Orphanet:85451,,True
MONDO:MONDO:0011890,,True
Orphanet:86309,,True
Orphanet:99936,,True
MedGen:C3280402,,True
OMIM:616229,,True
MONDO:MONDO:0100101,,True
MedGen:C0948008,,True
MedGen:C0151544,,True
MedGen:C1843292,,True
MedGen:C0018536,,True
Orphanet:352333,,True
Orphanet:255138,,True
MedGen:C3160732,,True
MedGen:C1853251,,True
MONDO:MONDO:0007239,,True
MedGen:C0003090,,True
Orphanet:47045,,True
MedGen:C3280042,,True
MedGen:C3280146,,True
MONDO:MONDO:0014957,,True
Orphanet:100993,,True
MONDO:MONDO:0008392,,True
MONDO:MONDO:0012539,,True
MedGen:C2750078,,True
MONDO:MONDO:0007395,,True
MedGen:C1840646,,True
MONDO:MONDO:0013937,,True
MedGen:C4748840,,True
MedGen:C1856972,,True
MONDO:MONDO:0008380,,True
MONDO:MONDO:0014776,,True
Orphanet:2940,,True
MONDO:MONDO:0012906,,True
Orphanet:94,,True
MedGen:C4225335,,True
MONDO:MONDO:0014760,,True
MedGen:C4016398,,True
OMIM:180849,,True
MONDO:MONDO:0013921,,True
MONDO:MONDO:0032814,,True
MedGen:C0751093,,True
MedGen:C2675440,,True
Orphanet:166108,,True
MONDO:MONDO:0032762,,True
MedGen:C0393584,,True
MedGen:C1859973,,True
OMIM:615272,,True
Orphanet:342,,True
OMIM:268400,,True
MedGen:C4476684,,True
MedGen:C1837396,,True
MONDO:MONDO:0018045,,True
MedGen:C3553960,,True
Orphanet:2752,,True
MONDO:MONDO:0011462,,True
MedGen:C1849011,,True
OMIM:605472,,True
OMIM:276300,,True
OMIM:614165,,True
OMIM:615561,,True
MONDO:MONDO:0007555,,True
MONDO:MONDO:0013261,,True
MONDO:MONDO:0009513,,True
OMIM:159950,,True
MONDO:MONDO:0013501,,True
MONDO:MONDO:0009559,,True
MedGen:C0878575,,True
MedGen:C1860896,,True
MONDO:MONDO:0011721,,True
MedGen:C4015276,,True
MedGen:C0265343,,True
MONDO:MONDO:0007621,,True
MedGen:C1836118,,True
OMIM:600850,,True
OMIM:120330,,True
OMIM:605637,,True
MedGen:C3150413,,True
MedGen:C0393541,,True
MedGen:C2751584,,True
OMIM:604290,,True
MedGen:C2673536,,True
Orphanet:805,,True
OMIM:610356,,True
MONDO:MONDO:0012309,,True
Orphanet:106,,True
MedGen:C3489726,,True
MONDO:MONDO:0011234,,True
OMIM:264300,,True
OMIM:616756,,True
Orphanet:416,,True
Orphanet:300576,,True
MONDO:MONDO:0014047,,True
MONDO:MONDO:0008457,,True
MedGen:C1859722,,True
MedGen:C0014170,,True
MONDO:MONDO:0017333,,True
OMIM:602483,,True
OMIM:608681,,True
OMIM:618501,,True
MedGen:C0262444,,True
MONDO:MONDO:0032839,,True
OMIM:142500,,True
MONDO:MONDO:0012854,,True
MedGen:C1854594,,True
MedGen:C1858438,,True
MONDO:MONDO:0012742,,True
MONDO:MONDO:0042486,,True
MedGen:C1865571,,True
MedGen:C4016301,,True
Orphanet:319332,,True
MedGen:C0079661,,True
Orphanet:1775,,True
MedGen:C5231401,,True
MONDO:MONDO:0014412,,True
OMIM:614018,,True
MedGen:C1836876,,True
OMIM:618232,,True
Orphanet:17,,True
MedGen:C0029401,,True
MedGen:C0338462,,True
OMIM:616803,,True
MedGen:C3280795,,True
OMIM:177650,,True
MONDO:MONDO:0008292,,True
MedGen:C1843463,,True
MONDO:MONDO:0012513,,True
MONDO:MONDO:0010120,,True
MONDO:MONDO:0007412,,True
MedGen:C4310796,,True
MONDO:MONDO:0012333,,True
MedGen:C1861185,,True
OMIM:618249,,True
MONDO:MONDO:0014660,,True
Orphanet:308,,True
MedGen:C3809289,,True
MedGen:C2826048,,True
MONDO:MONDO:0014802,,True
MedGen:C3553291,,True
OMIM:614213,,True
MedGen:C3275487,,True
OMIM:610090,,True
MONDO:MONDO:0011184,,True
OMIM:600155,,True
MONDO:MONDO:0012928,,True
MedGen:C0432322,,True
OMIM:258450,,True
MedGen:C3151227,,True
MONDO:MONDO:0014076,,True
MedGen:C0024205,,True
OMIM:601316,,True
MedGen:C0152200,,True
Orphanet:807,,True
MedGen:C2937288,,True
MedGen:C3888212,,True
MONDO:MONDO:0013051,,True
MONDO:MONDO:0007966,,True
OMIM:104290,,True
MONDO:MONDO:0008940,,True
MedGen:C2748572,,True
Orphanet:231537,,True
MedGen:C1864621,,True
MedGen:C4020731,,True
OMIM:612269,,True
Orphanet:280282,,True
Orphanet:277,,True
MedGen:C4021076,,True
OMIM:611092,,True
MedGen:C3552136,,True
OMIM:615905,,True
OMIM:601631,,True
MONDO:MONDO:0017169,,True
OMIM:155755,,True
MONDO:MONDO:0019648,,True
MONDO:MONDO:0012549,,True
MedGen:C0401151,,True
Orphanet:468631,,True
OMIM:614921,,True
MedGen:C0745109,,True
MONDO:MONDO:0012130,,True
Orphanet:244,,True
MONDO:MONDO:0016364,,True
MedGen:C1843330,,True
Orphanet:139480,,True
OMIM:266100,,True
MONDO:MONDO:0014231,,True
OMIM:615767,,True
MONDO:MONDO:0012071,,True
MedGen:C4016628,,True
MONDO:MONDO:0012529,,True
MedGen:C4017048,,True
OMIM:616668,,True
MedGen:C0259771,,True
MONDO:MONDO:0018394,,True
Orphanet:71290,,True
MedGen:C0086649,,True
MONDO:MONDO:0019502,,True
Orphanet:79263,,True
OMIM:236100,,True
MedGen:C3550856,,True
MedGen:C2684859,,True
MedGen:C0017601,,True
MedGen:C0037889,,True
OMIM:608030,,True
OMIM:208530,,True
OMIM:617180,,True
MONDO:MONDO:0010194,,True
Orphanet:46,,True
MONDO:MONDO:0008377,,True
Orphanet:276525,,True
MedGen:C1839736,,True
OMIM:600669,,True
OMIM:615994,,True
OMIM:616672,,True
Orphanet:418,,True
MedGen:C1859567,,True
Orphanet:138,,True
Orphanet:90342,,True
MedGen:C1864436,,True
MedGen:C2750079,,True
MedGen:C0031069,,True
MONDO:MONDO:0016175,,True
MONDO:MONDO:0014718,,True
OMIM:274270,,True
Orphanet:324718,,True
MedGen:C4225330,,True
MedGen:C1834870,,True
MedGen:C4021561,,True
MONDO:MONDO:0009003,,True
MONDO:MONDO:0042981,,True
Orphanet:55654,,True
MONDO:MONDO:0009134,,True
Orphanet:99732,,True
OMIM:614816,,True
Orphanet:98301,,True
MedGen:C1838103,,True
OMIM:176860,,True
MedGen:C3278636,,True
MedGen:C1853445,,True
OMIM:615360,,True
Orphanet:899,,True
MONDO:MONDO:0016695,,True
OMIM:615987,,True
MedGen:C0005586,,True
MONDO:MONDO:0008701,,True
MedGen:C3281235,,True
Orphanet:238583,,True
MONDO:MONDO:0054740,,True
Orphanet:1997,,True
MedGen:C2678051,,True
MedGen:C3151202,,True
MedGen:C1096610,,True
MONDO:MONDO:0014591,,True
MONDO:MONDO:0014379,,True
MedGen:C2608045,,True
MONDO:MONDO:0014714,,True
MONDO:MONDO:0009958,,True
MedGen:C4015424,,True
MONDO:MONDO:0005167,,True
Orphanet:1037,,True
MONDO:MONDO:0000355,,True
OMIM:614947,,True
MedGen:C1843851,,True
OMIM:615879,,True
OMIM:213600,,True
MedGen:C0040457,,True
MedGen:C4551721,,True
MedGen:C0020608,,True
Orphanet:313795,,True
MedGen:C0085084,,True
MONDO:MONDO:0020849,,True
Orphanet:53540,,True
MedGen:C0268495,,True
MONDO:MONDO:0008178,,True
MONDO:MONDO:0013580,,True
MedGen:C0494261,,True
Orphanet:79272,,True
MedGen:C2675859,,True
MONDO:MONDO:0013062,,True
MedGen:C4022986,,True
OMIM:614640,,True
OMIM:616324,,True
MONDO:MONDO:0011787,,True
MONDO:MONDO:0012775,,True
MedGen:C3149075,,True
MedGen:C4310677,,True
Orphanet:3022,,True
Orphanet:621,,True
Orphanet:228390,,True
OMIM:248250,,True
MONDO:MONDO:0007803,,True
MONDO:MONDO:0011173,,True
MONDO:MONDO:0005406,,True
MedGen:C0263498,,True
MedGen:C0009806,,True
MedGen:C4085251,,True
MedGen:C0575897,,True
OMIM:115700,,True
Orphanet:402082,,True
OMIM:108720,,True
OMIM:617663,,True
MedGen:C2751260,,True
MedGen:C0033774,,True
OMIM:609273,,True
MedGen:C4551485,,True
MedGen:C1842124,,True
OMIM:613267,,True
Orphanet:3000,,True
OMIM:611302,,True
MONDO:MONDO:0013651,,True
Orphanet:268322,,True
MONDO:MONDO:0006456,,True
OMIM:603776,,True
Orphanet:329971,,True
MedGen:C2676244,,True
OMIM:163800,,True
MedGen:C4476540,,True
MedGen:C3809665,,True
MONDO:MONDO:0011828,,True
MedGen:C4017372,,True
OMIM:500006,,True
OMIM:213200,,True
Orphanet:79408,,True
MedGen:C0011253,,True
Orphanet:833,,True
Orphanet:67038,,True
MedGen:C0265211,,True
MedGen:C2216155,,True
MedGen:C0265245,,True
OMIM:615362,,True
MONDO:MONDO:0018493,,True
Orphanet:848,,True
MONDO:MONDO:0003537,,True
OMIM:617681,,True
Orphanet:93622,,True
MedGen:C3809173,,True
MONDO:MONDO:0001384,,True
MedGen:C1837203,,True
OMIM:300419,,True
MedGen:C2673873,,True
Orphanet:157850,,True
MedGen:C2751308,,True
MedGen:C3532240,,True
MONDO:MONDO:0011693,,True
MedGen:C3151038,,True
OMIM:241410,,True
Orphanet:100984,,True
MedGen:C4023000,,True
MONDO:MONDO:0011424,,True
MedGen:C0917804,,True
Orphanet:168577,,True
MedGen:C2750450,,True
OMIM:603034,,True
MedGen:C0431478,,True
Orphanet:98673,,True
OMIM:167030,,True
Orphanet:293633,,True
OMIM:251100,,True
OMIM:113800,,True
OMIM:615917,,True
MONDO:MONDO:0012918,,True
MedGen:C0234376,,True
OMIM:162100,,True
OMIM:615617,,True
MONDO:MONDO:0014909,,True
MedGen:C0023434,,True
MONDO:MONDO:0009315,,True
MedGen:C1855860,,True
OMIM:220500,,True
MONDO:MONDO:0020076,,True
MONDO:MONDO:0032886,,True
OMIM:616038,,True
Orphanet:251589,,True
MedGen:C2750788,,True
Orphanet:293825,,True
MedGen:C1853438,,True
MedGen:C4225251,,True
MedGen:C3810354,,True
MONDO:MONDO:0008447,,True
OMIM:618918,,True
MedGen:C3150715,,True
MedGen:C1849115,,True
MedGen:C0403554,,True
MedGen:C1970483,,True
OMIM:614104,,True
MONDO:MONDO:0013270,,True
MONDO:MONDO:0011831,,True
Orphanet:110,,True
MedGen:C0345093,,True
Orphanet:331223,,True
MONDO:MONDO:0020678,,True
MedGen:C4551955,,True
MedGen:C4024202,,True
MONDO:MONDO:0011683,,True
MedGen:C1275081,,True
OMIM:269700,,True
MONDO:MONDO:0000909,,True
MedGen:C2678503,,True
Orphanet:75249,,True
MONDO:MONDO:0007572,,True
MedGen:C3279990,,True
MONDO:MONDO:0018479,,True
OMIM:617904,,True
OMIM:118700,,True
MedGen:C0019880,,True
OMIM:610713,,True
MedGen:C4310637,,True
MONDO:MONDO:0019053,,True
MedGen:C0423112,,True
MONDO:MONDO:0010351,,True
OMIM:614198,,True
MedGen:C2675552,,True
MedGen:C0554980,,True
MedGen:C3714945,,True
MedGen:C0265695,,True
OMIM:164750,,True
MONDO:MONDO:0014641,,True
Orphanet:309271,,True
OMIM:265500,,True
MONDO:MONDO:0013802,,True
MedGen:C4025870,,True
MONDO:MONDO:0012307,,True
MedGen:C3489627,,True
MedGen:C1847465,,True
MedGen:C0339539,,True
MONDO:MONDO:0100083,,True
Orphanet:404476,,True
OMIM:607432,,True
MedGen:C3714941,,True
OMIM:611228,,True
MONDO:MONDO:0009008,,True
MedGen:C0031900,,True
MedGen:C1856251,,True
MedGen:C0016689,,True
OMIM:262190,,True
MedGen:C0008707,,True
MedGen:C0006281,,True
MONDO:MONDO:0013283,,True
OMIM:617284,,True
MedGen:C0740340,,True
MONDO:MONDO:0011514,,True
MONDO:MONDO:0017607,,True
MedGen:C3553637,,True
MONDO:MONDO:0017815,,True
OMIM:608931,,True
MedGen:C2936781,,True
MONDO:MONDO:0044299,,True
MedGen:C0239548,,True
MedGen:C0587248,,True
MedGen:C0029410,,True
MedGen:C0039538,,True
OMIM:614696,,True
OMIM:610717,,True
MedGen:C1969785,,True
OMIM:309000,,True
OMIM:613105,,True
Orphanet:98909,,True
Orphanet:100986,,True
MedGen:C2931746,,True
MONDO:MONDO:0014586,,True
OMIM:613908,,True
MedGen:C2675228,,True
MedGen:C1858583,,True
MedGen:C0206724,,True
MedGen:C4539798,,True
MedGen:C4479208,,True
Orphanet:99715,,True
MONDO:MONDO:0010178,,True
OMIM:612716,,True
OMIM:300400,,True
MONDO:MONDO:0011718,,True
OMIM:615501,,True
MedGen:C0035828,,True
MedGen:C4016620,,True
OMIM:617481,,True
MedGen:C4022169,,True
OMIM:611378,,True
MedGen:C4225338,,True
OMIM:611561,,True
MedGen:C3808046,,True
MONDO:MONDO:0033308,,True
Orphanet:647,,True
MedGen:C3552343,,True
MONDO:MONDO:0011308,,True
MedGen:C0023480,,True
MONDO:MONDO:0010482,,True
MONDO:MONDO:0014082,,True
OMIM:615911,,True
MONDO:MONDO:0019828,,True
OMIM:613216,,True
MONDO:MONDO:0012640,,True
MedGen:C0266526,,True
MedGen:C2677065,,True
MedGen:C0745103,,True
OMIM:262300,,True
OMIM:262600,,True
MedGen:C4021726,,True
MONDO:MONDO:0009820,,True
MONDO:MONDO:0054665,,True
OMIM:613803,,True
MONDO:MONDO:0014182,,True
MedGen:C1866257,,True
MONDO:MONDO:0010844,,True
MONDO:MONDO:0009452,,True
MedGen:C1839436,,True
OMIM:128230,,True
MedGen:C3279470,,True
MONDO:MONDO:0013459,,True
OMIM:618512,,True
MONDO:MONDO:0019180,,True
MedGen:C0010324,,True
MONDO:MONDO:0013568,,True
MONDO:MONDO:0005279,,True
MONDO:MONDO:0013998,,True
MedGen:C1847604,,True
MedGen:C3554241,,True
MONDO:MONDO:0018177,,True
MedGen:C2751295,,True
OMIM:200700,,True
MONDO:MONDO:0009665,,True
OMIM:133780,,True
MedGen:C1970757,,True
MONDO:MONDO:0012509,,True
MedGen:C4225280,,True
OMIM:613013,,True
OMIM:618476,,True
MONDO:MONDO:0032730,,True
MONDO:MONDO:0010938,,True
MedGen:C1836892,,True
MONDO:MONDO:0011010,,True
OMIM:602459,,True
MONDO:MONDO:0013222,,True
MedGen:C0023234,,True
MedGen:C1969443,,True
MedGen:C1853171,,True
MedGen:C4022952,,True
MONDO:MONDO:0010518,,True
MedGen:C3276549,,True
MONDO:MONDO:0012728,,True
MedGen:C0235480,,True
MONDO:MONDO:0008310,,True
OMIM:270450,,True
MONDO:MONDO:0007778,,True
OMIM:114900,,True
OMIM:609529,,True
MedGen:C0026884,,True
MedGen:C0338451,,True
MedGen:C0032027,,True
MedGen:C3809369,,True
OMIM:603932,,True
MedGen:C1336538,,True
MedGen:C2750747,,True
Orphanet:60015,,True
MedGen:C0428977,,True
MONDO:MONDO:0011023,,True
MedGen:C1854885,,True
OMIM:613313,,True
MedGen:C4021626,,True
MedGen:C1691215,,True
OMIM:255600,,True
Orphanet:85191,,True
MedGen:C2675858,,True
MONDO:MONDO:0009719,,True
MONDO:MONDO:0019079,,True
MedGen:C1849367,,True
MedGen:C1833245,,True
Orphanet:89840,,True
MedGen:C1837991,,True
MedGen:C0026708,,True
MedGen:C1849186,,True
Orphanet:353277,,True
MedGen:C1969562,,True
OMIM:105550,,True
MONDO:MONDO:0011755,,True
MONDO:MONDO:0012717,,True
MedGen:C5193029,,True
MedGen:C0234132,,True
MedGen:C3281203,,True
OMIM:618286,,True
OMIM:611880,,True
OMIM:610003,,True
OMIM:116600,,True
OMIM:270550,,True
MONDO:MONDO:0019441,,True
OMIM:606762,,True
MedGen:C2751319,,True
Orphanet:247790,,True
MONDO:MONDO:0010355,,True
OMIM:312920,,True
MONDO:MONDO:0014841,,True
MedGen:C4551630,,True
MedGen:C3554517,,True
MONDO:MONDO:0007610,,True
MedGen:C0699743,,True
OMIM:607834,,True
OMIM:618241,,True
Orphanet:1885,,True
MONDO:MONDO:0024307,,True
MONDO:MONDO:0005336,,True
Orphanet:51083,,True
MONDO:MONDO:0007208,,True
MedGen:C0267375,,True
MONDO:MONDO:0021024,,True
MedGen:C4073079,,True
MedGen:C4310788,,True
OMIM:613496,,True
OMIM:616937,,True
OMIM:135290,,True
OMIM:227650,,True
OMIM:616913,,True
MedGen:C0002886,,True
OMIM:154800,,True
MONDO:MONDO:0011661,,True
MedGen:C4721887,,True
OMIM:601813,,True
OMIM:309400,,True
MedGen:C4016724,,True
MONDO:MONDO:0013696,,True
Orphanet:289499,,True
MedGen:C4225321,,True
OMIM:616468,,True
MONDO:MONDO:0007817,,True
OMIM:618389,,True
OMIM:612527,,True
OMIM:610938,,True
OMIM:617572,,True
MONDO:MONDO:0010569,,True
OMIM:614077,,True
Orphanet:587,,True
MONDO:MONDO:0013410,,True
MONDO:MONDO:0014733,,True
MedGen:C0265101,,True
OMIM:119500,,True
Orphanet:79255,,True
MedGen:C3280898,,True
MedGen:C0268251,,True
Orphanet:65283,,True
MedGen:C4225428,,True
Orphanet:192,,True
MedGen:C2675237,,True
OMIM:606721,,True
MedGen:C1847089,,True
Orphanet:729,,True
MONDO:MONDO:0014657,,True
OMIM:600971,,True
Orphanet:64752,,True
MONDO:MONDO:0011879,,True
MedGen:C0268120,,True
Orphanet:397596,,True
MedGen:C0034885,,True
Orphanet:269546,,True
OMIM:172870,,True
Orphanet:206554,,True
MONDO:MONDO:0013879,,True
Orphanet:63273,,True
MedGen:C1843496,,True
OMIM:145750,,True
Orphanet:2869,,True
MONDO:MONDO:0014318,,True
MONDO:MONDO:0032791,,True
MedGen:C3279807,,True
OMIM:613426,,True
MedGen:C3150672,,True
MedGen:C3807567,,True
OMIM:266500,,True
OMIM:300422,,True
MONDO:MONDO:0005510,,True
OMIM:233700,,True
MedGen:C0342418,,True
Orphanet:2268,,True
Orphanet:363417,,True
MONDO:MONDO:0019306,,True
OMIM:606072,,True
MONDO:MONDO:0024566,,True
OMIM:609195,,True
MedGen:C1858677,,True
OMIM:618238,,True
Orphanet:668,,True
MedGen:C0268494,,True
MedGen:C4225354,,True
MedGen:C1858338,,True
Orphanet:36899,,True
OMIM:300696,,True
MedGen:C4225296,,True
MONDO:MONDO:0016733,,True
OMIM:276600,,True
MONDO:MONDO:0013274,,True
MONDO:MONDO:0008196,,True
OMIM:175050,,True
OMIM:613956,,True
OMIM:248700,,True
MONDO:MONDO:0012553,,True
OMIM:615860,,True
OMIM:189600,,True
Orphanet:199340,,True
MONDO:MONDO:0010611,,True
MONDO:MONDO:0014471,,True
MONDO:MONDO:0008379,,True
Orphanet:93623,,True
MONDO:MONDO:0014446,,True
MedGen:C1858656,,True
MedGen:C3278664,,True
OMIM:608266,,True
MedGen:C4763519,,True
OMIM:614173,,True
Orphanet:480864,,True
MedGen:C3150914,,True
Orphanet:314637,,True
OMIM:609265,,True
MedGen:C3150618,,True
MONDO:MONDO:0010131,,True
MedGen:C5193098,,True
MONDO:MONDO:0010152,,True
MedGen:C0265275,,True
MedGen:C3553758,,True
MedGen:C4706556,,True
MedGen:C4016028,,True
OMIM:615157,,True
OMIM:220400,,True
OMIM:168600,,True
OMIM:603174,,True
MONDO:MONDO:0010789,,True
MONDO:MONDO:0017140,,True
MONDO:MONDO:0012460,,True
MedGen:C4551992,,True
MedGen:C0024507,,True
Orphanet:183625,,True
Orphanet:93,,True
OMIM:607903,,True
MedGen:C4016424,,True
OMIM:605289,,True
OMIM:611721,,True
MONDO:MONDO:0017939,,True
MedGen:C0016506,,True
MONDO:MONDO:0010480,,True
Orphanet:871,,True
MedGen:C1861098,,True
MedGen:C3714948,,True
MedGen:C3668942,,True
MedGen:C3279693,,True
OMIM:616739,,True
MedGen:C4021575,,True
OMIM:269920,,True
Orphanet:98805,,True
MedGen:C1832783,,True
MONDO:MONDO:0016736,,True
MedGen:C3809715,,True
MedGen:C0795841,,True
MONDO:MONDO:0009257,,True
MedGen:C1834207,,True
MedGen:C0265201,,True
MONDO:MONDO:0015967,,True
Orphanet:584,,True
MedGen:C1867971,,True
OMIM:250950,,True
MedGen:C0265306,,True
MedGen:C1334970,,True
OMIM:306700,,True
Orphanet:309246,,True
MedGen:C2720289,,True
MedGen:C3807521,,True
MedGen:C1853566,,True
OMIM:616507,,True
MedGen:C3809653,,True
MONDO:MONDO:0014233,,True
OMIM:615342,,True
MONDO:MONDO:0014439,,True
OMIM:614559,,True
MONDO:MONDO:0007732,,True
MedGen:C0010668,,True
MONDO:MONDO:0044327,,True
MedGen:C1335929,,True
MONDO:MONDO:0000079,,True
MedGen:C1836824,,True
MONDO:MONDO:0010818,,True
MedGen:C2237347,,True
Orphanet:2788,,True
OMIM:613341,,True
MONDO:MONDO:0010443,,True
OMIM:300676,,True
MedGen:C1449563,,True
MedGen:C0265334,,True
OMIM:614815,,True
MONDO:MONDO:0008244,,True
MONDO:MONDO:0019719,,True
MedGen:C0002418,,True
MedGen:C3276539,,True
OMIM:619092,,True
Orphanet:90045,,True
MONDO:MONDO:0029136,,True
MedGen:C3150617,,True
OMIM:612095,,True
MedGen:C0019569,,True
Orphanet:79302,,True
MedGen:C1863616,,True
MedGen:C2674432,,True
OMIM:146700,,True
MONDO:MONDO:0011232,,True
Orphanet:367,,True
MedGen:C1858517,,True
MedGen:C3888102,,True
MONDO:MONDO:0014987,,True
MedGen:C1836050,,True
MONDO:MONDO:0013567,,True
MedGen:C4310789,,True
OMIM:137440,,True
OMIM:614945,,True
MedGen:C2931228,,True
MedGen:C0039445,,True
OMIM:619097,,True
MONDO:MONDO:0008485,,True
MedGen:C4225235,,True
MONDO:MONDO:0017610,,True
MONDO:MONDO:0018800,,True
OMIM:617771,,True
Orphanet:423894,,True
MedGen:C1854416,,True
MONDO:MONDO:0060585,,True
Orphanet:289380,,True
Orphanet:251612,,True
MedGen:C1868675,,True
MONDO:MONDO:0014158,,True
MedGen:C3279738,,True
OMIM:616145,,True
MedGen:C0152101,,True
MedGen:C2931299,,True
OMIM:601777,,True
OMIM:601152,,True
MONDO:MONDO:0012123,,True
MedGen:C0086647,,True
Orphanet:216804,,True
MONDO:MONDO:0009732,,True
MONDO:MONDO:0009725,,True
Orphanet:31043,,True
MONDO:MONDO:0013112,,True
MONDO:MONDO:0011553,,True
MedGen:C1836173,,True
MONDO:MONDO:0014536,,True
OMIM:149730,,True
MONDO:MONDO:0014336,,True
MedGen:C0268135,,True
MedGen:C0265344,,True
Orphanet:477,,True
MONDO:MONDO:0014692,,True
MONDO:MONDO:0009644,,True
MedGen:C0026106,,True
MONDO:MONDO:0010966,,True
MedGen:C1853202,,True
OMIM:612539,,True
MedGen:C0036310,,True
MedGen:C1853247,,True
MedGen:C4017253,,True
MONDO:MONDO:0004967,,True
OMIM:610921,,True
OMIM:608565,,True
MedGen:C3809536,,True
MedGen:C0027888,,True
OMIM:601543,,True
Orphanet:147,,True
Orphanet:171433,,True
MedGen:C0085639,,True
OMIM:617916,,True
OMIM:136520,,True
MedGen:C3809641,,True
MedGen:C0014553,,True
MedGen:C3805839,,True
OMIM:614409,,True
MedGen:C0005283,,True
MedGen:C0079153,,True
MedGen:C1835819,,True
OMIM:610476,,True
MONDO:MONDO:0032797,,True
MedGen:C0432253,,True
MedGen:C0027051,,True
Orphanet:99880,,True
OMIM:144010,,True
Orphanet:65288,,True
MedGen:C3151267,,True
Orphanet:394,,True
OMIM:616329,,True
MedGen:C1865916,,True
MONDO:MONDO:0008147,,True
OMIM:188570,,True
Orphanet:99966,,True
OMIM:300718,,True
MONDO:MONDO:0010160,,True
Orphanet:79269,,True
MedGen:C1522135,,True
OMIM:274900,,True
Orphanet:93336,,True
MONDO:MONDO:0011596,,True
OMIM:239500,,True
MedGen:C0457334,,True
MONDO:MONDO:0014387,,True
MedGen:C4304725,,True
OMIM:619095,,True
OMIM:264090,,True
MedGen:C1858806,,True
OMIM:614831,,True
MONDO:MONDO:0010970,,True
MedGen:C4540052,,True
MONDO:MONDO:0019952,,True
MedGen:C4225418,,True
MedGen:C3280856,,True
MONDO:MONDO:0002281,,True
MONDO:MONDO:0032726,,True
MONDO:MONDO:0010379,,True
MedGen:C4024800,,True
MedGen:C0020428,,True
MONDO:MONDO:0024555,,True
MONDO:MONDO:0007187,,True
Orphanet:34217,,True
OMIM:616265,,True
OMIM:617018,,True
MedGen:C1866855,,True
MONDO:MONDO:0013807,,True
MedGen:C0796237,,True
MedGen:C0037287,,True
MedGen:C0085615,,True
Orphanet:85447,,True
MedGen:C0002171,,True
OMIM:616389,,True
Orphanet:493,,True
MONDO:MONDO:0011032,,True
MONDO:MONDO:0012701,,True
MONDO:MONDO:0013441,,True
MONDO:MONDO:0019664,,True
MONDO:MONDO:0009101,,True
MedGen:C0003492,,True
MedGen:C0265235,,True
MONDO:MONDO:0015461,,True
OMIM:615722,,True
MedGen:C3150933,,True
MedGen:C5231486,,True
MedGen:C1837397,,True
MedGen:C2678338,,True
OMIM:602588,,True
MedGen:C0547030,,True
OMIM:214100,,True
MedGen:C3279695,,True
MedGen:C2750061,,True
MONDO:MONDO:0013864,,True
MedGen:C0339527,,True
MONDO:MONDO:0009282,,True
MedGen:C0751651,,True
MONDO:MONDO:0008537,,True
OMIM:606369,,True
MedGen:C2698317,,True
MedGen:C3551954,,True
MedGen:C4551952,,True
MedGen:C4531138,,True
Orphanet:293168,,True
Orphanet:207090,,True
MONDO:MONDO:0016239,,True
OMIM:256731,,True
OMIM:613750,,True
Orphanet:214,,True
Orphanet:397937,,True
MedGen:C2678046,,True
MedGen:C3495426,,True
OMIM:617237,,True
MedGen:C0003803,,True
Orphanet:53698,,True
MedGen:C0086431,,True
Orphanet:429,,True
MedGen:C3150927,,True
Orphanet:140969,,True
MedGen:C0206731,,True
MONDO:MONDO:0010854,,True
MedGen:C1836860,,True
Orphanet:22,,True
MONDO:MONDO:0054737,,True
MedGen:C0398625,,True
MONDO:MONDO:0017304,,True
MedGen:C3160738,,True
OMIM:604416,,True
MONDO:MONDO:0014689,,True
OMIM:613761,,True
MONDO:MONDO:0014078,,True
MedGen:C4540232,,True
MedGen:C1853354,,True
Orphanet:268129,,True
MedGen:C1866810,,True
OMIM:600274,,True
MedGen:C0265221,,True
Orphanet:324713,,True
OMIM:613795,,True
Orphanet:477661,,True
OMIM:609040,,True
MONDO:MONDO:0014418,,True
Orphanet:245,,True
OMIM:615207,,True
MedGen:C3809327,,True
MONDO:MONDO:0010296,,True
Orphanet:68356,,True
OMIM:165500,,True
Orphanet:3286,,True
MedGen:C1844853,,True
Orphanet:79244,,True
MedGen:C4551715,,True
MedGen:C0751915,,True
OMIM:147480,,True
Orphanet:439218,,True
MONDO:MONDO:0018276,,True
Orphanet:481662,,True
Orphanet:3032,,True
MONDO:MONDO:0011866,,True
MedGen:C1836646,,True
MedGen:C4310774,,True
MedGen:C1845672,,True
MONDO:MONDO:0004580,,True
MedGen:C3266076,,True
MedGen:C0007279,,True
Orphanet:329224,,True
MedGen:C4750718,,True
OMIM:130050,,True
MONDO:MONDO:0013235,,True
OMIM:309500,,True
Orphanet:139583,,True
MedGen:C1843761,,True
MONDO:MONDO:0010466,,True
MedGen:C4015019,,True
MedGen:C3714897,,True
Orphanet:79256,,True
Orphanet:435660,,True
MedGen:C1274743,,True
MONDO:MONDO:0009353,,True
MONDO:MONDO:0008270,,True
MONDO:MONDO:0012694,,True
Orphanet:440402,,True
OMIM:616977,,True
OMIM:184255,,True
Orphanet:352490,,True
MedGen:C0334579,,True
MedGen:C0011981,,True
MedGen:C1861732,,True
MedGen:C0017926,,True
OMIM:101400,,True
Orphanet:1149,,True
Orphanet:98048,,True
MONDO:MONDO:0032691,,True
MONDO:MONDO:0008086,,True
MONDO:MONDO:0001627,,True
MedGen:C0423820,,True
MedGen:C1855739,,True
OMIM:201910,,True
Orphanet:946,,True
OMIM:172700,,True
Orphanet:93971,,True
MONDO:MONDO:0024543,,True
OMIM:613723,,True
OMIM:130020,,True
MedGen:C3179508,,True
MONDO:MONDO:0010986,,True
OMIM:604805,,True
MedGen:C0003962,,True
MedGen:C1864663,,True
MedGen:C1969081,,True
MedGen:C3554349,,True
MONDO:MONDO:0014602,,True
MONDO:MONDO:0011421,,True
Orphanet:293165,,True
MONDO:MONDO:0013405,,True
MedGen:C1096903,,True
MedGen:C0033847,,True
OMIM:609136,,True
MedGen:C0085612,,True
MONDO:MONDO:0007288,,True
MedGen:C4016718,,True
OMIM:617991,,True
Orphanet:68402,,True
MedGen:C2749625,,True
MedGen:C2675236,,True
OMIM:612526,,True
OMIM:608654,,True
MedGen:C1859133,,True
MONDO:MONDO:0009712,,True
Orphanet:319547,,True
Orphanet:247871,,True
MedGen:C1838527,,True
OMIM:182601,,True
Orphanet:93314,,True
MONDO:MONDO:0021020,,True
MONDO:MONDO:0011400,,True
MedGen:C0684219,,True
MedGen:C4017301,,True
MONDO:MONDO:0013123,,True
Orphanet:90794,,True
MONDO:MONDO:0013186,,True
OMIM:141749,,True
OMIM:616943,,True
MONDO:MONDO:0013203,,True
MedGen:C1837404,,True
MONDO:MONDO:0014145,,True
MONDO:MONDO:0012199,,True
MedGen:C2931136,,True
MONDO:MONDO:0010687,,True
MedGen:C4531140,,True
Orphanet:150,,True
MedGen:C4281559,,True
MedGen:C4017660,,True
Orphanet:2363,,True
MONDO:MONDO:0007551,,True
MONDO:MONDO:0024551,,True
OMIM:153700,,True
MedGen:C4020740,,True
MedGen:C1846837,,True
MedGen:C3808988,,True
OMIM:217085,,True
MONDO:MONDO:0013630,,True
MedGen:C4539942,,True
MONDO:MONDO:0054601,,True
MONDO:MONDO:0008197,,True
MedGen:C4225426,,True
MONDO:MONDO:0014883,,True
OMIM:606053,,True
OMIM:175510,,True
MONDO:MONDO:0010099,,True
OMIM:608091,,True
OMIM:144110,,True
OMIM:614617,,True
MedGen:C0010200,,True
MedGen:C4084709,,True
MedGen:C3275408,,True
MedGen:C4748517,,True
OMIM:602390,,True
MedGen:C4011403,,True
MONDO:MONDO:0010281,,True
OMIM:605074,,True
OMIM:616212,,True
MedGen:C3150942,,True
OMIM:612968,,True
MedGen:C0231528,,True
MedGen:C0010674,,True
MONDO:MONDO:0011707,,True
MONDO:MONDO:0020745,,True
MONDO:MONDO:0013216,,True
MONDO:MONDO:0010454,,True
OMIM:176200,,True
MedGen:C0346064,,True
MedGen:C4021789,,True
MedGen:C0014547,,True
MedGen:C4025719,,True
Orphanet:100093,,True
OMIM:608634,,True
MedGen:C1854630,,True
MedGen:C2673612,,True
MONDO:MONDO:0007677,,True
OMIM:131705,,True
MONDO:MONDO:0004907,,True
OMIM:613115,,True
OMIM:608404,,True
OMIM:615381,,True
MONDO:MONDO:0011843,,True
OMIM:609583,,True
OMIM:605362,,True
Orphanet:251347,,True
MONDO:MONDO:0009696,,True
OMIM:614519,,True
Orphanet:54272,,True
Orphanet:141229,,True
MONDO:MONDO:0011229,,True
OMIM:615058,,True
OMIM:305450,,True
OMIM:232400,,True
MONDO:MONDO:0014345,,True
MONDO:MONDO:0015742,,True
OMIM:615108,,True
OMIM:618975,,True
MedGen:C4016406,,True
MedGen:C1864852,,True
OMIM:614207,,True
MedGen:C3810138,,True
MedGen:C4225303,,True
MedGen:C0342683,,True
MONDO:MONDO:0009039,,True
MONDO:MONDO:0010395,,True
MedGen:C1832175,,True
MONDO:MONDO:0013781,,True
MedGen:C1832388,,True
Orphanet:35125,,True
Orphanet:502,,True
MONDO:MONDO:0014791,,True
Orphanet:777,,True
Orphanet:33402,,True
MONDO:MONDO:0010506,,True
MedGen:C0342782,,True
MONDO:MONDO:0044903,,True
OMIM:615382,,True
Orphanet:229,,True
MedGen:C2720293,,True
MONDO:MONDO:0014465,,True
Orphanet:238613,,True
OMIM:243000,,True
MedGen:C2826055,,True
Orphanet:314811,,True
MONDO:MONDO:0012807,,True
MedGen:C3151784,,True
MedGen:C1832916,,True
MONDO:MONDO:0010041,,True
MONDO:MONDO:0000358,,True
MedGen:C3887743,,True
OMIM:300952,,True
MedGen:C2673196,,True
MONDO:MONDO:0013509,,True
OMIM:275100,,True
MONDO:MONDO:0008570,,True
OMIM:616559,,True
MONDO:MONDO:0015140,,True
MedGen:C1857276,,True
MONDO:MONDO:0014895,,True
MedGen:C3493776,,True
MedGen:C1858680,,True
MedGen:C1845053,,True
Orphanet:3412,,True
MedGen:C3809137,,True
Orphanet:1215,,True
Orphanet:352687,,True
Orphanet:500144,,True
MONDO:MONDO:0012439,,True
MedGen:C4310744,,True
OMIM:305100,,True
MONDO:MONDO:0009676,,True
MONDO:MONDO:0013607,,True
MedGen:C0406709,,True
MedGen:C2750785,,True
OMIM:613686,,True
MedGen:C4317107,,True
MONDO:MONDO:0010983,,True
MONDO:MONDO:0013217,,True
MedGen:C4014386,,True
MedGen:C3889979,,True
MedGen:C1863551,,True
MONDO:MONDO:0008608,,True
OMIM:162800,,True
OMIM:615542,,True
MedGen:C0750937,,True
OMIM:180700,,True
MONDO:MONDO:0019341,,True
MONDO:MONDO:0013936,,True
Orphanet:510,,True
MedGen:C1832648,,True
MedGen:C4017280,,True
MONDO:MONDO:0020845,,True
OMIM:236000,,True
MedGen:C3150315,,True
MONDO:MONDO:0005082,,True
MedGen:C0265283,,True
Orphanet:382,,True
MedGen:C1854301,,True
Orphanet:93262,,True
MedGen:C4748927,,True
MedGen:C4014430,,True
OMIM:616697,,True
MedGen:C0730303,,True
MedGen:C3151147,,True
OMIM:616809,,True
MedGen:C2751067,,True
MedGen:C0855329,,True
Orphanet:98473,,True
MedGen:C3554374,,True
MedGen:C0427065,,True
MedGen:C0033578,,True
Orphanet:168796,,True
Orphanet:257,,True
MedGen:C1848519,,True
OMIM:251880,,True
Orphanet:2717,,True
OMIM:615221,,True
MONDO:MONDO:0014306,,True
Orphanet:90154,,True
MONDO:MONDO:0013119,,True
MedGen:C4225164,,True
OMIM:618362,,True
Orphanet:98964,,True
OMIM:615373,,True
Orphanet:1873,,True
MedGen:C0016842,,True
MONDO:MONDO:0010483,,True
Orphanet:86871,,True
MONDO:MONDO:0010020,,True
MedGen:C3809198,,True
OMIM:613090,,True
MedGen:C4540342,,True
MedGen:C3469521,,True
OMIM:611820,,True
Orphanet:320380,,True
OMIM:600962,,True
MONDO:MONDO:0010206,,True
OMIM:617825,,True
Orphanet:98861,,True
OMIM:612964,,True
MedGen:C1848525,,True
OMIM:610913,,True
OMIM:614019,,True
MedGen:C3150654,,True
MedGen:C0038450,,True
MedGen:C4016056,,True
OMIM:117550,,True
Orphanet:2020,,True
MedGen:C1846647,,True
MedGen:C0272375,,True
MedGen:C1333990,,True
MONDO:MONDO:0010356,,True
Orphanet:2026,,True
MedGen:C0175695,,True
MedGen:C1997217,,True
MedGen:C0003578,,True
MedGen:C4023013,,True
MONDO:MONDO:0009650,,True
MedGen:C1868433,,True
MONDO:MONDO:0005003,,True
MedGen:C0238358,,True
MONDO:MONDO:0011603,,True
OMIM:204700,,True
MONDO:MONDO:0007571,,True
Orphanet:99429,,True
MedGen:C0796215,,True
Orphanet:69739,,True
MedGen:C1843140,,True
MedGen:C4225240,,True
MedGen:C2749864,,True
OMIM:612260,,True
MedGen:C2750355,,True
Orphanet:254902,,True
MedGen:C0086652,,True
Orphanet:932,,True
MedGen:C4013947,,True
OMIM:603813,,True
Orphanet:638,,True
MedGen:C1836609,,True
MedGen:C1839161,,True
MONDO:MONDO:0013553,,True
MedGen:C0268389,,True
MedGen:C1384514,,True
MONDO:MONDO:0007168,,True
OMIM:617563,,True
Orphanet:282,,True
OMIM:607341,,True
MedGen:C0078918,,True
MedGen:C0878681,,True
MONDO:MONDO:0014384,,True
MedGen:C3887939,,True
MedGen:C3553788,,True
MedGen:C3150983,,True
MedGen:C3892048,,True
MedGen:C1845407,,True
MedGen:C0079504,,True
MedGen:C4551877,,True
MONDO:MONDO:0017990,,True
OMIM:218340,,True
MedGen:C4540293,,True
MedGen:C3279211,,True
MedGen:C0406726,,True
Orphanet:1942,,True
OMIM:617080,,True
Orphanet:166272,,True
MedGen:C4748760,,True
MONDO:MONDO:0015375,,True
MONDO:MONDO:0029133,,True
MONDO:MONDO:0033092,,True
MedGen:C3151460,,True
MONDO:MONDO:0009475,,True
MedGen:C4225371,,True
OMIM:123570,,True
Orphanet:306498,,True
Orphanet:820,,True
MONDO:MONDO:0024540,,True
MedGen:C0220662,,True
MedGen:C0022336,,True
MedGen:C1854465,,True
MONDO:MONDO:0011932,,True
MONDO:MONDO:0013818,,True
MedGen:C4310636,,True
MedGen:C1854469,,True
MedGen:C4330920,,True
OMIM:167250,,True
Orphanet:1147,,True
OMIM:615414,,True
MedGen:C3552634,,True
MONDO:MONDO:0008717,,True
OMIM:614044,,True
MONDO:MONDO:0014124,,True
OMIM:615429,,True
Orphanet:79327,,True
MONDO:MONDO:0013470,,True
OMIM:133239,,True
MedGen:C0041834,,True
MedGen:C2678479,,True
Orphanet:860,,True
MedGen:C1275078,,True
MedGen:C0017922,,True
MONDO:MONDO:0016344,,True
Orphanet:383,,True
MedGen:C3151228,,True
MedGen:C0265964,,True
OMIM:613855,,True
MONDO:MONDO:0009758,,True
MedGen:C1838644,,True
MONDO:MONDO:0010143,,True
MONDO:MONDO:0012937,,True
MONDO:MONDO:0012989,,True
OMIM:150400,,True
Orphanet:86819,,True
Orphanet:206564,,True
MedGen:C1148551,,True
MedGen:C2675481,,True
MedGen:C0333751,,True
OMIM:610984,,True
OMIM:608415,,True
MedGen:C4225344,,True
MedGen:C2675212,,True
Orphanet:69,,True
OMIM:615244,,True
MONDO:MONDO:0014577,,True
OMIM:180550,,True
MedGen:C0730295,,True
MedGen:C4693466,,True
OMIM:610474,,True
MONDO:MONDO:0010782,,True
MONDO:MONDO:0012859,,True
MedGen:C0042781,,True
MONDO:MONDO:0011214,,True
MONDO:MONDO:0024532,,True
OMIM:310300,,True
MedGen:C0795690,,True
MONDO:MONDO:0014217,,True
OMIM:610246,,True
MedGen:C4521680,,True
MedGen:C1867005,,True
MONDO:MONDO:0016342,,True
MedGen:C0268542,,True
OMIM:600132,,True
OMIM:135400,,True
MedGen:C3554373,,True
Orphanet:217382,,True
OMIM:126700,,True
MedGen:C4015945,,True
MONDO:MONDO:0016396,,True
MedGen:C1855255,,True
OMIM:603629,,True
MONDO:MONDO:0009266,,True
MONDO:MONDO:0010659,,True
MedGen:C3805349,,True
OMIM:178600,,True
MedGen:C0037771,,True
OMIM:614372,,True
MedGen:C1853932,,True
MedGen:C0234632,,True
OMIM:121820,,True
MONDO:MONDO:0021569,,True
OMIM:614808,,True
MONDO:MONDO:0011720,,True
MONDO:MONDO:0013174,,True
MedGen:C3805373,,True
OMIM:313200,,True
Orphanet:313855,,True
OMIM:614959,,True
MedGen:C3810212,,True
MONDO:MONDO:0017314,,True
OMIM:610381,,True
MONDO:MONDO:0011461,,True
MedGen:C1864849,,True
OMIM:604559,,True
Orphanet:182067,,True
MedGen:C0432243,,True
OMIM:615505,,True
MONDO:MONDO:0014374,,True
OMIM:610878,,True
MedGen:C0268350,,True
MONDO:MONDO:0009240,,True
Orphanet:79435,,True
Orphanet:155,,True
OMIM:612462,,True
MedGen:C3280031,,True
OMIM:264700,,True
Orphanet:508488,,True
MONDO:MONDO:0014484,,True
Orphanet:330050,,True
MONDO:MONDO:0019187,,True
Orphanet:2774,,True
OMIM:137200,,True
OMIM:614185,,True
Orphanet:853,,True
OMIM:608779,,True
Orphanet:247,,True
OMIM:602081,,True
MONDO:MONDO:0012448,,True
MedGen:C2316810,,True
OMIM:219080,,True
MedGen:C0001418,,True
Orphanet:35878,,True
OMIM:233400,,True
MONDO:MONDO:0010401,,True
MedGen:C0010417,,True
MONDO:MONDO:0014661,,True
Orphanet:500150,,True
MedGen:C3151086,,True
MONDO:MONDO:0015776,,True
Orphanet:93548,,True
MedGen:C0017658,,True
MONDO:MONDO:0014389,,True
MedGen:C4084712,,True
OMIM:206200,,True
MONDO:MONDO:0014976,,True
MONDO:MONDO:0001370,,True
OMIM:300534,,True
Orphanet:480556,,True
MONDO:MONDO:0019956,,True
MedGen:C3550478,,True
OMIM:604717,,True
MONDO:MONDO:0014207,,True
Orphanet:411634,,True
Orphanet:158684,,True
MedGen:C1969639,,True
MONDO:MONDO:0012806,,True
OMIM:618155,,True
MedGen:C1832680,,True
MedGen:C0014474,,True
MedGen:C3554055,,True
Orphanet:280356,,True
MONDO:MONDO:0012445,,True
MedGen:C4310704,,True
OMIM:613485,,True
OMIM:605259,,True
MedGen:C0011581,,True
MONDO:MONDO:0018592,,True
MedGen:C2674574,,True
MedGen:C0085623,,True
MONDO:MONDO:0014861,,True
Orphanet:1310,,True
MedGen:C3714932,,True
MONDO:MONDO:0011120,,True
OMIM:615444,,True
MedGen:C0029124,,True
OMIM:182980,,True
MONDO:MONDO:0011767,,True
MedGen:C1853238,,True
MedGen:C5193092,,True
OMIM:605822,,True
MedGen:C0220756,,True
OMIM:251450,,True
OMIM:190440,,True
Orphanet:366,,True
MONDO:MONDO:0005051,,True
OMIM:615349,,True
OMIM:161200,,True
MONDO:MONDO:0007688,,True
MONDO:MONDO:0008547,,True
MONDO:MONDO:0009564,,True
OMIM:612379,,True
OMIM:212140,,True
MedGen:C3275684,,True
MedGen:C0432291,,True
MONDO:MONDO:0012517,,True
MedGen:C0729264,,True
OMIM:614305,,True
OMIM:609629,,True
MONDO:MONDO:0014590,,True
MONDO:MONDO:0014548,,True
MedGen:C4310763,,True
MedGen:C1835677,,True
MedGen:C0279626,,True
OMIM:610759,,True
MONDO:MONDO:0014101,,True
Orphanet:100046,,True
MONDO:MONDO:0019118,,True
OMIM:617757,,True
OMIM:605726,,True
MONDO:MONDO:0011938,,True
MONDO:MONDO:0013914,,True
MedGen:C0432273,,True
OMIM:107650,,True
Orphanet:157973,,True
MONDO:MONDO:0014575,,True
OMIM:605479,,True
Orphanet:178330,,True
MedGen:C3152078,,True
Orphanet:480898,,True
OMIM:192600,,True
OMIM:106700,,True
MedGen:C1857574,,True
OMIM:615074,,True
MONDO:MONDO:0011488,,True
OMIM:612780,,True
MedGen:C5193074,,True
MedGen:C4014616,,True
Orphanet:42,,True
MedGen:C0432246,,True
Orphanet:29073,,True
MedGen:C1850451,,True
MONDO:MONDO:0014638,,True
MONDO:MONDO:0008174,,True
OMIM:274800,,True
OMIM:614652,,True
MONDO:MONDO:0013075,,True
MedGen:C0023461,,True
MONDO:MONDO:0009044,,True
MONDO:MONDO:0013416,,True
OMIM:300216,,True
Orphanet:178396,,True
MedGen:C1858154,,True
MONDO:MONDO:0010577,,True
OMIM:619101,,True
MedGen:C4285231,,True
OMIM:300752,,True
Orphanet:3459,,True
MONDO:MONDO:0012160,,True
OMIM:243500,,True
MONDO:MONDO:0012652,,True
OMIM:300244,,True
Orphanet:85193,,True
MedGen:C1843921,,True
MONDO:MONDO:0013747,,True
OMIM:106100,,True
MONDO:MONDO:0014073,,True
Orphanet:2334,,True
Orphanet:380,,True
MONDO:MONDO:0007289,,True
OMIM:253601,,True
MONDO:MONDO:0008304,,True
Orphanet:353327,,True
MedGen:C2931875,,True
MedGen:C1858133,,True
MONDO:MONDO:0014011,,True
MONDO:MONDO:0016225,,True
MedGen:C1301359,,True
OMIM:614249,,True
MedGen:C4022623,,True
MedGen:C0796004,,True
OMIM:606952,,True
MONDO:MONDO:0010653,,True
Orphanet:98757,,True
MedGen:C1386048,,True
OMIM:191830,,True
MedGen:C1853099,,True
MONDO:MONDO:0007244,,True
Orphanet:93545,,True
MONDO:MONDO:0008725,,True
MedGen:C0796160,,True
Orphanet:457185,,True
MONDO:MONDO:0006256,,True
MedGen:C3888123,,True
MedGen:C3149378,,True
OMIM:213000,,True
OMIM:151660,,True
Orphanet:333,,True
MONDO:MONDO:0009265,,True
MONDO:MONDO:0011137,,True
Orphanet:49382,,True
OMIM:260600,,True
OMIM:618564,,True
MedGen:C0029464,,True
OMIM:209880,,True
MONDO:MONDO:0010311,,True
Orphanet:98974,,True
MedGen:C3151431,,True
OMIM:615482,,True
MONDO:MONDO:0033481,,True
MONDO:MONDO:0020495,,True
MedGen:C4479517,,True
Orphanet:841,,True
MONDO:MONDO:0008958,,True
MedGen:C0349588,,True
MedGen:C0243002,,True
MONDO:MONDO:0012608,,True
MONDO:MONDO:0009182,,True
Orphanet:466806,,True
MONDO:MONDO:0018937,,True
MONDO:MONDO:0011223,,True
OMIM:612422,,True
MONDO:MONDO:0011686,,True
OMIM:610756,,True
OMIM:616002,,True
OMIM:616280,,True
MedGen:C1832200,,True
MedGen:C3151111,,True
MONDO:MONDO:0016054,,True
MONDO:MONDO:0013751,,True
Orphanet:102369,,True
MedGen:C1864498,,True
MONDO:MONDO:0013992,,True
MedGen:C0020075,,True
Orphanet:401768,,True
MedGen:C4310767,,True
Orphanet:166011,,True
OMIM:168400,,True
MONDO:MONDO:0005401,,True
MedGen:C1852020,,True
MONDO:MONDO:0018580,,True
OMIM:618828,,True
OMIM:600965,,True
MedGen:C1845543,,True
OMIM:616789,,True
Orphanet:464282,,True
OMIM:600987,,True
MedGen:C4721890,,True
MedGen:C4025871,,True
MedGen:C3151409,,True
MedGen:C4288013,,True
OMIM:616192,,True
MedGen:C0002874,,True
MONDO:MONDO:0013161,,True
MedGen:C0154980,,True
MONDO:MONDO:0005021,,True
MONDO:MONDO:0013941,,True
Orphanet:494541,,True
OMIM:300423,,True
MONDO:MONDO:0010488,,True
Orphanet:275803,,True
MONDO:MONDO:0012741,,True
OMIM:257850,,True
OMIM:607101,,True
Orphanet:398069,,True
Orphanet:289,,True
MONDO:MONDO:0033374,,True
MONDO:MONDO:0013146,,True
MONDO:MONDO:0014782,,True
OMIM:615925,,True
Orphanet:2678,,True
OMIM:207410,,True
MONDO:MONDO:0008420,,True
MONDO:MONDO:0008383,,True
MONDO:MONDO:0013011,,True
MedGen:C1306837,,True
MONDO:MONDO:0010953,,True
Orphanet:26792,,True
OMIM:607483,,True
OMIM:300354,,True
MedGen:C2751831,,True
MedGen:C4551951,,True
MedGen:C4016988,,True
MONDO:MONDO:0020759,,True
MONDO:MONDO:0014117,,True
MONDO:MONDO:0033372,,True
MedGen:C1867861,,True
OMIM:170400,,True
OMIM:177200,,True
OMIM:618972,,True
MedGen:C4021152,,True
OMIM:613268,,True
MedGen:C1863340,,True
MedGen:C3494422,,True
MedGen:C1854896,,True
Orphanet:75840,,True
MedGen:C0014457,,True
OMIM:114030,,True
MONDO:MONDO:0015364,,True
MONDO:MONDO:0013308,,True
MedGen:C0796279,,True
OMIM:613464,,True
OMIM:193500,,True
OMIM:614111,,True
MedGen:C0271183,,True
MONDO:MONDO:0011484,,True
MONDO:MONDO:0021093,,True
MedGen:C1527338,,True
MONDO:MONDO:0012554,,True
Orphanet:391408,,True
MedGen:C3276419,,True
MedGen:C0085077,,True
Orphanet:34587,,True
OMIM:612431,,True
MedGen:C2931010,,True
MedGen:C4025575,,True
MONDO:MONDO:0010402,,True
OMIM:602481,,True
MedGen:C1970879,,True
MONDO:MONDO:0010945,,True
MedGen:C2678484,,True
MONDO:MONDO:0054748,,True
OMIM:613027,,True
MONDO:MONDO:0014128,,True
MedGen:C1837249,,True
OMIM:616028,,True
MONDO:MONDO:0013552,,True
Orphanet:376,,True
OMIM:617336,,True
MONDO:MONDO:0008765,,True
OMIM:612674,,True
MedGen:C0268247,,True
Orphanet:217632,,True
Orphanet:588,,True
MedGen:C3839822,,True
MONDO:MONDO:0010283,,True
Orphanet:69063,,True
MedGen:C1970841,,True
MONDO:MONDO:0009143,,True
MedGen:C1853396,,True
MedGen:C4023792,,True
MedGen:C1275089,,True
Orphanet:99812,,True
MedGen:C0398739,,True
Orphanet:265,,True
MedGen:C0472813,,True
MedGen:C0001125,,True
MedGen:C4024216,,True
MedGen:C2749560,,True
MONDO:MONDO:0012978,,True
Orphanet:391397,,True
OMIM:274400,,True
MedGen:C0427063,,True
MedGen:C1866120,,True
MONDO:MONDO:0013371,,True
MedGen:C0282193,,True
MedGen:C1846142,,True
MedGen:C0018932,,True
MedGen:C3551587,,True
OMIM:219200,,True
MedGen:C4747885,,True
MONDO:MONDO:0007164,,True
MedGen:C1861861,,True
MedGen:C1835867,,True
Orphanet:93606,,True
MedGen:C0751785,,True
Orphanet:319504,,True
OMIM:610755,,True
Orphanet:79118,,True
MONDO:MONDO:0014025,,True
MedGen:C4025003,,True
MedGen:C1846017,,True
MONDO:MONDO:0100102,,True
MONDO:MONDO:0012695,,True
MONDO:MONDO:0005096,,True
MONDO:MONDO:0019779,,True
MONDO:MONDO:0001824,,True
MedGen:C3150926,,True
MedGen:C4225213,,True
MONDO:MONDO:0013896,,True
OMIM:500007,,True
MedGen:C0033300,,True
MONDO:MONDO:0011939,,True
MONDO:MONDO:0013963,,True
OMIM:615887,,True
MedGen:C1842036,,True
OMIM:607734,,True
MONDO:MONDO:0032829,,True
MedGen:C0423757,,True
Orphanet:478,,True
OMIM:231680,,True
Orphanet:217330,,True
OMIM:146300,,True
Orphanet:79364,,True
Orphanet:98575,,True
MedGen:C1837728,,True
MedGen:C4310633,,True
MedGen:C0043202,,True
MONDO:MONDO:0010778,,True
MedGen:C1969040,,True
MedGen:C3150704,,True
MONDO:MONDO:0014996,,True
OMIM:606164,,True
MONDO:MONDO:0014211,,True
Orphanet:447753,,True
MedGen:C0239935,,True
MedGen:C1854063,,True
MedGen:C0427480,,True
OMIM:614017,,True
MedGen:C3887929,,True
MONDO:MONDO:0032902,,True
Orphanet:488232,,True
Orphanet:91387,,True
MedGen:C2931441,,True
MedGen:C1704272,,True
Orphanet:87,,True
MedGen:C3151136,,True
MedGen:C3280443,,True
Orphanet:658,,True
MONDO:MONDO:0007540,,True
MONDO:MONDO:0014401,,True
MedGen:C1851943,,True
Orphanet:560,,True
MONDO:MONDO:0007967,,True
Orphanet:431329,,True
MONDO:MONDO:0008842,,True
MONDO:MONDO:0032633,,True
MedGen:C3553288,,True
MedGen:C0345049,,True
OMIM:614438,,True
OMIM:615032,,True
MONDO:MONDO:0011974,,True
MONDO:MONDO:0008090,,True
OMIM:220110,,True
MONDO:MONDO:0013895,,True
MONDO:MONDO:0032604,,True
MONDO:MONDO:0021063,,True
MONDO:MONDO:0009338,,True
OMIM:614022,,True
MedGen:C0018923,,True
Orphanet:1578,,True
MONDO:MONDO:0008769,,True
MONDO:MONDO:0016988,,True
Orphanet:98851,,True
MONDO:MONDO:0018889,,True
OMIM:254110,,True
OMIM:609524,,True
MedGen:C1836447,,True
MONDO:MONDO:0008730,,True
MONDO:MONDO:0003145,,True
MONDO:MONDO:0012627,,True
MedGen:C1859877,,True
MONDO:MONDO:0014734,,True
OMIM:240800,,True
MONDO:MONDO:0014219,,True
MONDO:MONDO:0020602,,True
OMIM:613950,,True
MedGen:C4551563,,True
MedGen:C0086437,,True
OMIM:616393,,True
MedGen:C0751276,,True
MONDO:MONDO:0002457,,True
OMIM:218000,,True
OMIM:612838,,True
OMIM:609741,,True
MedGen:C4310661,,True
Orphanet:319581,,True
OMIM:616538,,True
MONDO:MONDO:0013610,,True
MedGen:C4551584,,True
MONDO:MONDO:0011765,,True
MONDO:MONDO:0013803,,True
MedGen:C0026764,,True
Orphanet:83,,True
OMIM:612657,,True
OMIM:192350,,True
OMIM:222300,,True
MedGen:C0349506,,True
MedGen:C0342196,,True
OMIM:608265,,True
MONDO:MONDO:0007564,,True
MedGen:C1865643,,True
OMIM:601650,,True
OMIM:604369,,True
MONDO:MONDO:0010627,,True
MONDO:MONDO:0013815,,True
MONDO:MONDO:0054845,,True
OMIM:618154,,True
Orphanet:431272,,True
MedGen:C1969697,,True
MedGen:C1837342,,True
MONDO:MONDO:0008347,,True
OMIM:612954,,True
OMIM:138000,,True
MedGen:C0152423,,True
MONDO:MONDO:0008386,,True
MONDO:MONDO:0009745,,True
MedGen:C0035412,,True
MONDO:MONDO:0011523,,True
Orphanet:3403,,True
OMIM:618577,,True
MONDO:MONDO:0009815,,True
MedGen:C1866129,,True
MedGen:C3888097,,True
MONDO:MONDO:0011770,,True
MONDO:MONDO:0009759,,True
MONDO:MONDO:0008948,,True
MedGen:C1845837,,True
MONDO:MONDO:0010733,,True
Orphanet:287,,True
MONDO:MONDO:0014697,,True
Orphanet:896,,True
OMIM:129490,,True
MedGen:C4551768,,True
MedGen:C1853276,,True
MedGen:C3279690,,True
Orphanet:35098,,True
Orphanet:100049,,True
Orphanet:2357,,True
OMIM:203400,,True
Orphanet:2512,,True
MedGen:C0345893,,True
MONDO:MONDO:0013991,,True
OMIM:241550,,True
MedGen:C4310668,,True
Orphanet:89843,,True
Orphanet:1398,,True
MedGen:C0687120,,True
MedGen:C0206663,,True
OMIM:616831,,True
MedGen:C0796179,,True
Orphanet:2750,,True
OMIM:269400,,True
MedGen:C0029134,,True
MedGen:C3714580,,True
MedGen:C3554159,,True
Orphanet:209335,,True
Orphanet:564,,True
MedGen:C4274118,,True
MONDO:MONDO:0012723,,True
MedGen:C1809471,,True
MedGen:C1859844,,True
OMIM:603688,,True
MONDO:MONDO:0012684,,True
MedGen:C2363142,,True
MONDO:MONDO:0024554,,True
MONDO:MONDO:0009499,,True
Orphanet:578,,True
MONDO:MONDO:0013794,,True
Orphanet:95712,,True
MedGen:C4225391,,True
Orphanet:309324,,True
MedGen:C1405984,,True
MedGen:C1856305,,True
MONDO:MONDO:0012985,,True
OMIM:602723,,True
MedGen:C0235946,,True
Orphanet:379,,True
MONDO:MONDO:0012669,,True
MedGen:C2749477,,True
MedGen:C4014863,,True
OMIM:618912,,True
MedGen:C4225287,,True
OMIM:614935,,True
MONDO:MONDO:0009994,,True
MedGen:C0494475,,True
Orphanet:255249,,True
MONDO:MONDO:0011774,,True
MONDO:MONDO:0012128,,True
MONDO:MONDO:0001464,,True
MedGen:C4540299,,True
OMIM:614378,,True
MedGen:C0040034,,True
MedGen:C4016379,,True
MONDO:MONDO:0008852,,True
Orphanet:308386,,True
MedGen:C3809624,,True
OMIM:618273,,True
Orphanet:99950,,True
OMIM:612794,,True
MedGen:C0018777,,True
MONDO:MONDO:0011764,,True
Orphanet:93973,,True
OMIM:608807,,True
OMIM:618347,,True
OMIM:612999,,True
MedGen:C4551899,,True
MONDO:MONDO:0019052,,True
MedGen:C1842914,,True
OMIM:133100,,True
MedGen:C3808494,,True
Orphanet:1493,,True
Orphanet:181408,,True
MedGen:C0017668,,True
OMIM:601547,,True
MONDO:MONDO:0013156,,True
MONDO:MONDO:0013304,,True
MedGen:C4021808,,True
OMIM:113200,,True
MONDO:MONDO:0009562,,True
Orphanet:765,,True
Orphanet:298,,True
Orphanet:508,,True
MedGen:C0008372,,True
OMIM:128600,,True
OMIM:618371,,True
OMIM:606658,,True
OMIM:608978,,True
MedGen:C1847836,,True
MONDO:MONDO:0017276,,True
MONDO:MONDO:0054615,,True
MedGen:C2919945,,True
MONDO:MONDO:0012024,,True
MONDO:MONDO:0009698,,True
OMIM:618948,,True
Orphanet:79258,,True
Orphanet:576,,True
Orphanet:652,,True
MedGen:C5231453,,True
Orphanet:2790,,True
Orphanet:79396,,True
MONDO:MONDO:0013442,,True
MedGen:C1866078,,True
OMIM:616890,,True
MONDO:MONDO:0013555,,True
Orphanet:352731,,True
Orphanet:98944,,True
MedGen:C3714772,,True
MONDO:MONDO:0013443,,True
OMIM:601338,,True
OMIM:618276,,True
MONDO:MONDO:0012575,,True
MONDO:MONDO:0006543,,True
MONDO:MONDO:0010741,,True
MONDO:MONDO:0014851,,True
OMIM:617668,,True
MONDO:MONDO:0013428,,True
Orphanet:1451,,True
MedGen:C0917796,,True
MONDO:MONDO:0008612,,True
OMIM:610623,,True
MedGen:C1832244,,True
Orphanet:256,,True
MedGen:C1858726,,True
MedGen:C4023165,,True
MedGen:C1850792,,True
OMIM:614424,,True
Orphanet:902,,True
OMIM:607832,,True
MedGen:C0241240,,True
OMIM:300352,,True
MedGen:C3553932,,True
Orphanet:260305,,True
MedGen:C4693479,,True
OMIM:612281,,True
MedGen:C0151526,,True
Orphanet:68373,,True
MedGen:C0006325,,True
OMIM:203100,,True
MONDO:MONDO:0016489,,True
OMIM:261515,,True
MedGen:C4048306,,True
MONDO:MONDO:0009999,,True
MONDO:MONDO:0013211,,True
MedGen:C3151126,,True
MedGen:C3553676,,True
MONDO:MONDO:0018982,,True
MedGen:C1858763,,True
MedGen:C1970416,,True
MONDO:MONDO:0009053,,True
MedGen:C4023410,,True
Orphanet:90641,,True
MedGen:C1850126,,True
MedGen:C0034067,,True
MedGen:C1833518,,True
MONDO:MONDO:0007562,,True
MedGen:C0948163,,True
MONDO:MONDO:0013979,,True
OMIM:175100,,True
MONDO:MONDO:0008394,,True
MedGen:C3538946,,True
MedGen:C3277190,,True
Orphanet:319605,,True
Orphanet:669,,True
OMIM:615848,,True
Orphanet:1388,,True
MedGen:C4721916,,True
MedGen:C0751900,,True
MedGen:C4014700,,True
MedGen:C0242855,,True
MONDO:MONDO:0010398,,True
Orphanet:496751,,True
MONDO:MONDO:0013910,,True
MONDO:MONDO:0015057,,True
OMIM:272800,,True
MedGen:C2750824,,True
MedGen:C4015884,,True
OMIM:606324,,True
OMIM:309800,,True
MONDO:MONDO:0014589,,True
Orphanet:2670,,True
OMIM:611755,,True
MONDO:MONDO:0018772,,True
OMIM:615473,,True
OMIM:254130,,True
OMIM:184260,,True
MONDO:MONDO:0013042,,True
MONDO:MONDO:0009770,,True
OMIM:106210,,True
MedGen:C2748545,,True
MedGen:C4310764,,True
MONDO:MONDO:0010730,,True
OMIM:300210,,True
OMIM:614331,,True
MedGen:C1857854,,True
OMIM:613610,,True
Orphanet:137898,,True
Orphanet:42738,,True
OMIM:618416,,True
MedGen:C0241961,,True
MedGen:C3554518,,True
Orphanet:325,,True
MedGen:C0026827,,True
MedGen:C4225282,,True
MedGen:C0026837,,True
MedGen:C1842898,,True
MONDO:MONDO:0005130,,True
Orphanet:363981,,True
Orphanet:811,,True
OMIM:273750,,True
MedGen:C3280094,,True
Orphanet:130,,True
OMIM:300263,,True
MedGen:C1846862,,True
MedGen:C1844376,,True
MONDO:MONDO:0006055,,True
Orphanet:64742,,True
MedGen:C4225272,,True
OMIM:617349,,True
Orphanet:557,,True
OMIM:176270,,True
MedGen:C1856409,,True
OMIM:244200,,True
MedGen:C4023125,,True
Orphanet:52416,,True
OMIM:607748,,True
MedGen:C1839580,,True
MONDO:MONDO:0007548,,True
MedGen:C4225286,,True
Orphanet:247709,,True
MONDO:MONDO:0014780,,True
MedGen:C1835931,,True
MONDO:MONDO:0013352,,True
OMIM:143880,,True
MONDO:MONDO:0021068,,True
MedGen:C4021734,,True
MedGen:C0034345,,True
MedGen:C1835927,,True
MONDO:MONDO:0012233,,True
Orphanet:191,,True
MONDO:MONDO:0014192,,True
MONDO:MONDO:0014539,,True
OMIM:616849,,True
OMIM:304020,,True
Orphanet:731,,True
MONDO:MONDO:0008484,,True
OMIM:300376,,True
OMIM:225200,,True
MONDO:MONDO:0012828,,True
MedGen:C1854520,,True
OMIM:614120,,True
MedGen:C1698196,,True
MONDO:MONDO:0032931,,True
MedGen:C1854988,,True
MedGen:C3151867,,True
MONDO:MONDO:0009926,,True
MONDO:MONDO:0054577,,True
MedGen:C2608084,,True
OMIM:618094,,True
Orphanet:228012,,True
OMIM:610282,,True
MedGen:C0035372,,True
MONDO:MONDO:0020417,,True
MONDO:MONDO:0013436,,True
OMIM:608641,,True
MedGen:C1850709,,True
MedGen:C3281247,,True
MedGen:C1301509,,True
OMIM:145290,,True
OMIM:611377,,True
MONDO:MONDO:0007843,,True
MedGen:C1837008,,True
MedGen:C0035334,,True
MONDO:MONDO:0010210,,True
OMIM:202110,,True
OMIM:252920,,True
Orphanet:672,,True
OMIM:301031,,True
Orphanet:401810,,True
MedGen:C1096086,,True
MONDO:MONDO:0013878,,True
Orphanet:551,,True
MONDO:MONDO:0012293,,True
MedGen:C1567741,,True
MONDO:MONDO:0013551,,True
OMIM:616720,,True
OMIM:301700,,True
Orphanet:99810,,True
MedGen:C4015342,,True
MedGen:C4225241,,True
OMIM:615723,,True
MedGen:C1837245,,True
MedGen:C4551693,,True
MedGen:C2711227,,True
MONDO:MONDO:0014640,,True
MedGen:C1142166,,True
MedGen:C1970253,,True
Orphanet:70,,True
MONDO:MONDO:0013927,,True
OMIM:500009,,True
MONDO:MONDO:0008316,,True
MedGen:C1836076,,True
MONDO:MONDO:0011299,,True
MedGen:C1863704,,True
OMIM:615237,,True
MedGen:C0175693,,True
Orphanet:2297,,True
OMIM:608393,,True
MedGen:C4225245,,True
MedGen:C0014175,,True
MONDO:MONDO:0008670,,True
OMIM:108145,,True
MedGen:C1867146,,True
Orphanet:2929,,True
Orphanet:324703,,True
MONDO:MONDO:0016649,,True
MONDO:MONDO:0029147,,True
MedGen:C0744356,,True
Orphanet:600,,True
OMIM:612529,,True
MedGen:C3280598,,True
MedGen:C4014435,,True
Orphanet:98806,,True
MedGen:C1858379,,True
MONDO:MONDO:0009214,,True
Orphanet:97229,,True
Orphanet:97295,,True
MedGen:C4310726,,True
OMIM:617143,,True
MedGen:C2750082,,True
MONDO:MONDO:0010342,,True
Orphanet:286,,True
Orphanet:306507,,True
MedGen:C0221757,,True
MedGen:C1864827,,True
OMIM:613811,,True
MONDO:MONDO:0014675,,True
OMIM:618737,,True
MedGen:C0342345,,True
MedGen:C3862275,,True
MONDO:MONDO:0011053,,True
OMIM:615504,,True
MONDO:MONDO:0007788,,True
OMIM:613554,,True
MedGen:C4275067,,True
MedGen:C2674636,,True
OMIM:220210,,True
Orphanet:98770,,True
MONDO:MONDO:0060621,,True
MONDO:MONDO:0011630,,True
MONDO:MONDO:0010396,,True
MedGen:C1857627,,True
MedGen:C1838578,,True
Orphanet:521,,True
MedGen:C1843570,,True
MONDO:MONDO:0013911,,True
MedGen:C1857451,,True
MONDO:MONDO:0007251,,True
Orphanet:228305,,True
MedGen:C0152439,,True
OMIM:300989,,True
Orphanet:228179,,True
MONDO:MONDO:0012326,,True
MONDO:MONDO:0014833,,True
MedGen:C4310688,,True
MedGen:C4693893,,True
OMIM:617976,,True
OMIM:619096,,True
MedGen:C1862151,,True
MedGen:C3809768,,True
Orphanet:314777,,True
OMIM:300887,,True
MedGen:C3150343,,True
MedGen:C2874270,,True
MedGen:C4540470,,True
Orphanet:276432,,True
OMIM:615745,,True
MONDO:MONDO:0007919,,True
MedGen:C1866282,,True
OMIM:188000,,True
Orphanet:281122,,True
MedGen:C2932716,,True
OMIM:615565,,True
MONDO:MONDO:0016369,,True
MONDO:MONDO:0010388,,True
OMIM:615559,,True
OMIM:615426,,True
OMIM:166350,,True
MedGen:C0268731,,True
Orphanet:90647,,True
MedGen:C0521723,,True
OMIM:142900,,True
Orphanet:2754,,True
MONDO:MONDO:0013755,,True
MedGen:C2750466,,True
OMIM:116100,,True
MONDO:MONDO:0014331,,True
MedGen:C0751337,,True
MedGen:C1848435,,True
MedGen:C4017275,,True
OMIM:601859,,True
OMIM:245800,,True
OMIM:614751,,True
Orphanet:649,,True
MedGen:C1844020,,True
MONDO:MONDO:0007286,,True
OMIM:162300,,True
MONDO:MONDO:0013619,,True
MedGen:C2931134,,True
OMIM:600151,,True
MedGen:C4014648,,True
OMIM:616007,,True
MedGen:C0265331,,True
MONDO:MONDO:0016044,,True
OMIM:617744,,True
MedGen:C4538407,,True
MedGen:C3554540,,True
OMIM:613152,,True
OMIM:614485,,True
MedGen:C0239676,,True
MONDO:MONDO:0000032,,True
MedGen:C3468041,,True
MONDO:MONDO:0013434,,True
MedGen:C1850109,,True
OMIM:602535,,True
MedGen:C0747085,,True
Orphanet:783,,True
MedGen:C3151351,,True
MONDO:MONDO:0032916,,True
Orphanet:2701,,True
MedGen:C0034088,,True
MedGen:C1862475,,True
MedGen:C1840235,,True
MedGen:C0030354,,True
MONDO:MONDO:0014928,,True
OMIM:616470,,True
MedGen:C1845539,,True
OMIM:617228,,True
MedGen:C3280672,,True
Orphanet:145,,True
OMIM:617686,,True
MONDO:MONDO:0010142,,True
MONDO:MONDO:0013854,,True
Orphanet:505652,,True
MONDO:MONDO:0020291,,True
OMIM:615439,,True
MedGen:C0557874,,True
MedGen:C2748801,,True
MedGen:C0024748,,True
Orphanet:670,,True
Orphanet:217635,,True
OMIM:613737,,True
MONDO:MONDO:0014919,,True
MedGen:C3280271,,True
OMIM:300997,,True
MONDO:MONDO:0010474,,True
MedGen:C0795833,,True
MedGen:C4540411,,True
MONDO:MONDO:0009007,,True
MONDO:MONDO:0008333,,True
Orphanet:1199,,True
OMIM:611890,,True
Orphanet:466791,,True
Orphanet:300605,,True
MONDO:MONDO:0001898,,True
MedGen:C0011195,,True
MONDO:MONDO:0012273,,True
MedGen:C1328355,,True
MedGen:C0265594,,True
MONDO:MONDO:0013404,,True
MedGen:C4479229,,True
MONDO:MONDO:0011473,,True
OMIM:616249,,True
MONDO:MONDO:0013087,,True
MedGen:C2675760,,True
MedGen:C3149111,,True
MONDO:MONDO:0054817,,True
MedGen:C4748684,,True
MedGen:C0454644,,True
MedGen:C3550693,,True
OMIM:616409,,True
Orphanet:317,,True
MONDO:MONDO:0014595,,True
OMIM:617118,,True
OMIM:614886,,True
Orphanet:99865,,True
MedGen:C4016764,,True
Orphanet:85279,,True
Orphanet:443811,,True
MedGen:C4693587,,True
MedGen:C1859298,,True
MONDO:MONDO:0014113,,True
Orphanet:98640,,True
OMIM:300855,,True
MedGen:C0018681,,True
MONDO:MONDO:0018123,,True
MedGen:C2673946,,True
MedGen:C4749652,,True
MedGen:C1855722,,True
Orphanet:824,,True
MedGen:C1533847,,True
MedGen:C4017156,,True
MONDO:MONDO:0018244,,True
Orphanet:364055,,True
MedGen:C4015888,,True
MedGen:C1865290,,True
MONDO:MONDO:0011159,,True
MedGen:C0375206,,True
MedGen:C0431399,,True
MONDO:MONDO:0011474,,True
MedGen:C1860788,,True
OMIM:618547,,True
Orphanet:903,,True
OMIM:612301,,True
MedGen:C0334634,,True
MedGen:C4014814,,True
MedGen:C4225305,,True
OMIM:275400,,True
MONDO:MONDO:0014981,,True
MONDO:MONDO:0007415,,True
MedGen:C4748658,,True
Orphanet:420561,,True
OMIM:618709,,True
Orphanet:99951,,True
OMIM:612874,,True
OMIM:273800,,True
MedGen:C4023010,,True
MONDO:MONDO:0013562,,True
MedGen:C1865926,,True
Orphanet:1519,,True
Orphanet:827,,True
MONDO:MONDO:0018149,,True
OMIM:609069,,True
MedGen:C1868681,,True
MedGen:C3539507,,True
MedGen:C4540355,,True
MedGen:C1832466,,True
OMIM:300373,,True
MONDO:MONDO:0032736,,True
MONDO:MONDO:0008201,,True
MedGen:C1849193,,True
MONDO:MONDO:0008458,,True
MONDO:MONDO:0014765,,True
OMIM:300166,,True
OMIM:614020,,True
MedGen:C0022738,,True
MedGen:C5190631,,True
MONDO:MONDO:0009281,,True
MONDO:MONDO:0009155,,True
OMIM:609015,,True
OMIM:614877,,True
OMIM:614464,,True
MONDO:MONDO:0009614,,True
MedGen:C0238159,,True
MedGen:C1837210,,True
MONDO:MONDO:0014007,,True
MedGen:C0020255,,True
MedGen:C4693741,,True
OMIM:616170,,True
OMIM:228000,,True
MedGen:C1858278,,True
Orphanet:52056,,True
Orphanet:220460,,True
Orphanet:405,,True
MedGen:C4551861,,True
MedGen:C2678468,,True
MedGen:C2608055,,True
OMIM:300986,,True
OMIM:607487,,True
Orphanet:26106,,True
OMIM:617315,,True
MONDO:MONDO:0011031,,True
MedGen:C0004135,,True
Orphanet:86851,,True
OMIM:614302,,True
MedGen:C5231558,,True
MedGen:C0152203,,True
MedGen:C3809824,,True
OMIM:607932,,True
MONDO:MONDO:0008294,,True
MONDO:MONDO:0010088,,True
MONDO:MONDO:0003785,,True
MedGen:C0878672,,True
MedGen:C5193083,,True
MedGen:C2751604,,True
MONDO:MONDO:0012170,,True
MedGen:C4225357,,True
Orphanet:79276,,True
MedGen:C3281128,,True
MONDO:MONDO:0009875,,True
MONDO:MONDO:0060550,,True
MONDO:MONDO:0032615,,True
OMIM:611788,,True
MedGen:C4025173,,True
OMIM:606963,,True
MONDO:MONDO:0011099,,True
MedGen:C3272797,,True
MedGen:C3279093,,True
MedGen:C0232989,,True
OMIM:618291,,True
MedGen:C1833247,,True
Orphanet:99927,,True
MedGen:C3150970,,True
Orphanet:84,,True
MONDO:MONDO:0009517,,True
OMIM:219750,,True
MONDO:MONDO:0014257,,True
MONDO:MONDO:0013315,,True
OMIM:242900,,True
MedGen:C0238044,,True
MedGen:C0265213,,True
MONDO:MONDO:0013379,,True
MONDO:MONDO:0002933,,True
MedGen:C4025704,,True
MedGen:C2678483,,True
MedGen:C1848213,,True
Orphanet:2323,,True
MedGen:C1414017,,True
MedGen:C1857041,,True
MONDO:MONDO:0012868,,True
MONDO:MONDO:0009069,,True
Orphanet:205,,True
MONDO:MONDO:0018876,,True
MONDO:MONDO:0019571,,True
MedGen:C0342381,,True
OMIM:127400,,True
MONDO:MONDO:0009064,,True
MedGen:C4016241,,True
MedGen:C1853100,,True
MONDO:MONDO:0012597,,True
MONDO:MONDO:0019757,,True
MONDO:MONDO:0010820,,True
MedGen:C0158667,,True
MONDO:MONDO:0010963,,True
Orphanet:363400,,True
MedGen:C4013764,,True
MONDO:MONDO:0009878,,True
MONDO:MONDO:0009561,,True
MONDO:MONDO:0008569,,True
MedGen:C3553414,,True
MedGen:C0037315,,True
MONDO:MONDO:0009660,,True
OMIM:128200,,True
MedGen:C2677092,,True
Orphanet:229717,,True
MONDO:MONDO:0018997,,True
Orphanet:101000,,True
MedGen:C1834934,,True
MONDO:MONDO:0014106,,True
OMIM:618924,,True
MedGen:C3280790,,True
OMIM:112600,,True
Orphanet:67044,,True
MONDO:MONDO:0014670,,True
MONDO:MONDO:0014831,,True
MedGen:C3553656,,True
MedGen:C1857586,,True
MONDO:MONDO:0013139,,True
MONDO:MONDO:0020780,,True
MONDO:MONDO:0010188,,True
MedGen:C0002395,,True
Orphanet:98976,,True
MedGen:C0268312,,True
MONDO:MONDO:0014927,,True
MedGen:C0265202,,True
MONDO:MONDO:0009288,,True
MedGen:C0013481,,True
OMIM:617406,,True
MONDO:MONDO:0007356,,True
Orphanet:306577,,True
Orphanet:255182,,True
MedGen:C1867299,,True
MedGen:C3808800,,True
MONDO:MONDO:0008980,,True
OMIM:611895,,True
MedGen:C1333600,,True
MedGen:C4722277,,True
MONDO:MONDO:0001170,,True
OMIM:193700,,True
Orphanet:90348,,True
MedGen:C4024929,,True
MONDO:MONDO:0011839,,True
OMIM:614862,,True
MONDO:MONDO:0012531,,True
Orphanet:69665,,True
MONDO:MONDO:0010743,,True
MONDO:MONDO:0029137,,True
MedGen:C4011949,,True
MedGen:C4024664,,True
MONDO:MONDO:0019586,,True
OMIM:615923,,True
MONDO:MONDO:0014522,,True
MONDO:MONDO:0014072,,True
MONDO:MONDO:0014504,,True
OMIM:614321,,True
MedGen:C0752124,,True
MONDO:MONDO:0044326,,True
MedGen:C2677650,,True
MONDO:MONDO:0009066,,True
MedGen:C1854678,,True
MONDO:MONDO:0018100,,True
MONDO:MONDO:0008892,,True
MedGen:C1861825,,True
Orphanet:220436,,True
MONDO:MONDO:0005571,,True
MedGen:C4023691,,True
MedGen:C3810265,,True
OMIM:612621,,True
Orphanet:2028,,True
MONDO:MONDO:0019065,,True
Orphanet:210115,,True
Orphanet:95494,,True
MONDO:MONDO:0024288,,True
Orphanet:228384,,True
MedGen:C4551477,,True
MedGen:C3280112,,True
Orphanet:2833,,True
Orphanet:52427,,True
MedGen:C3272802,,True
MedGen:C3553248,,True
Orphanet:98881,,True
MONDO:MONDO:0013378,,True
OMIM:604765,,True
MONDO:MONDO:0010521,,True
Orphanet:90625,,True
OMIM:617321,,True
OMIM:600969,,True
OMIM:615113,,True
OMIM:277410,,True
MedGen:C4551851,,True
Orphanet:2508,,True
MedGen:C1853147,,True
MedGen:C4048196,,True
MedGen:C0221260,,True
MedGen:C3279948,,True
MedGen:C0751161,,True
MONDO:MONDO:0008872,,True
MONDO:MONDO:0011702,,True
MedGen:C1969342,,True
OMIM:611818,,True
MONDO:MONDO:0010549,,True
MedGen:C1827841,,True
OMIM:610997,,True
MedGen:C1970479,,True
OMIM:601186,,True
Orphanet:861,,True
MONDO:MONDO:0008876,,True
MedGen:C0013264,,True
MedGen:C4024877,,True
MONDO:MONDO:0012322,,True
OMIM:130010,,True
MONDO:MONDO:0010948,,True
MONDO:MONDO:0016243,,True
OMIM:618725,,True
MedGen:C4014343,,True
MedGen:C4551510,,True
MONDO:MONDO:0011420,,True
MONDO:MONDO:0009637,,True
MedGen:C0220726,,True
OMIM:249100,,True
MedGen:C2677190,,True
Orphanet:595,,True
Orphanet:157794,,True
MedGen:C0431527,,True
MedGen:C1861689,,True
MONDO:MONDO:0014155,,True
OMIM:124900,,True
MedGen:C1838570,,True
MONDO:MONDO:0009837,,True
MedGen:C4225284,,True
MedGen:C1848561,,True
OMIM:611809,,True
OMIM:613002,,True
OMIM:118450,,True
MedGen:C3280943,,True
MedGen:C0158731,,True
MedGen:C1857949,,True
OMIM:235700,,True
OMIM:614954,,True
Orphanet:35612,,True
MONDO:MONDO:0010833,,True
MedGen:C2751826,,True
MONDO:MONDO:0009662,,True
MedGen:C2677326,,True
MONDO:MONDO:0011860,,True
MedGen:C3160720,,True
MONDO:MONDO:0002598,,True
MONDO:MONDO:0019290,,True
MedGen:C0268609,,True
MONDO:MONDO:0054764,,True
OMIM:614869,,True
MedGen:C1857512,,True
OMIM:106240,,True
OMIM:155350,,True
MONDO:MONDO:0012506,,True
MONDO:MONDO:0010222,,True
MedGen:C3553538,,True
MedGen:C0423776,,True
MONDO:MONDO:0033310,,True
Orphanet:821,,True
Orphanet:488632,,True
MedGen:C1865070,,True
OMIM:614880,,True
MedGen:C1853767,,True
MedGen:C3150653,,True
OMIM:310468,,True
OMIM:274700,,True
MedGen:C5201146,,True
Orphanet:35664,,True
OMIM:240900,,True
Orphanet:213569,,True
OMIM:607641,,True
MedGen:C1968959,,True
MONDO:MONDO:0060533,,True
MedGen:C4073102,,True
MONDO:MONDO:0005090,,True
OMIM:154500,,True
MedGen:C0406586,,True
MedGen:C1969086,,True
MedGen:C3279439,,True
OMIM:612781,,True
MONDO:MONDO:0018939,,True
MONDO:MONDO:0023693,,True
MONDO:MONDO:0013525,,True
MONDO:MONDO:0002407,,True
OMIM:618098,,True
MedGen:C0268337,,True
MONDO:MONDO:0019289,,True
MONDO:MONDO:0010176,,True
MONDO:MONDO:0013185,,True
OMIM:612098,,True
MONDO:MONDO:0009993,,True
MedGen:C1835434,,True
OMIM:613135,,True
OMIM:614340,,True
MONDO:MONDO:0008519,,True
MONDO:MONDO:0012349,,True
Orphanet:168491,,True
OMIM:103580,,True
OMIM:613244,,True
MONDO:MONDO:0013364,,True
Orphanet:65753,,True
MONDO:MONDO:0011758,,True
MONDO:MONDO:0014396,,True
MedGen:C0038002,,True
Orphanet:99876,,True
MedGen:C0220743,,True
MONDO:MONDO:0009168,,True
OMIM:225500,,True
MedGen:C3151229,,True
OMIM:617460,,True
MONDO:MONDO:0000594,,True
MedGen:C1846174,,True
MedGen:C1850625,,True
Orphanet:238557,,True
MONDO:MONDO:0012528,,True
OMIM:614707,,True
OMIM:300271,,True
MedGen:C3553868,,True
MedGen:C2826318,,True
Orphanet:309252,,True
OMIM:618292,,True
MedGen:C4551722,,True
Orphanet:309263,,True
MONDO:MONDO:0014615,,True
MedGen:C0344432,,True
MONDO:MONDO:0044970,,True
OMIM:615862,,True
OMIM:242100,,True
MONDO:MONDO:0009424,,True
MedGen:C0085649,,True
OMIM:619091,,True
MedGen:C4023591,,True
MedGen:C1832187,,True
MedGen:C1853116,,True
Orphanet:228174,,True
MedGen:C0423798,,True
MedGen:C4749014,,True
MONDO:MONDO:0011760,,True
OMIM:614255,,True
MONDO:MONDO:0021053,,True
MedGen:C1851878,,True
MedGen:C4023252,,True
MedGen:C1866656,,True
MedGen:C0268465,,True
MedGen:C4022983,,True
Orphanet:443073,,True
OMIM:615663,,True
MONDO:MONDO:0016700,,True
MONDO:MONDO:0013679,,True
OMIM:615083,,True
MONDO:MONDO:0008668,,True
MONDO:MONDO:0007308,,True
MONDO:MONDO:0008560,,True
OMIM:614702,,True
OMIM:300928,,True
Orphanet:79310,,True
MONDO:MONDO:0010224,,True
MedGen:C3150691,,True
OMIM:614899,,True
MONDO:MONDO:0004375,,True
MedGen:C1563720,,True
OMIM:162210,,True
MONDO:MONDO:0019490,,True
MONDO:MONDO:0013669,,True
MedGen:C4014339,,True
MONDO:MONDO:0005062,,True
MedGen:C4722327,,True
MONDO:MONDO:0003343,,True
MONDO:MONDO:0008151,,True
Orphanet:101049,,True
MONDO:MONDO:0009793,,True
MONDO:MONDO:0032648,,True
MedGen:C4068740,,True
Orphanet:808,,True
MedGen:C1854275,,True
Orphanet:169189,,True
Orphanet:168549,,True
Orphanet:439729,,True
MONDO:MONDO:0013048,,True
Orphanet:71862,,True
MedGen:C2678194,,True
MedGen:C1858386,,True
MedGen:C0339540,,True
MONDO:MONDO:0004982,,True
MedGen:C0877165,,True
Orphanet:251975,,True
Orphanet:456318,,True
MedGen:C2936863,,True
MedGen:C3151061,,True
MedGen:C0234985,,True
MedGen:C4551856,,True
MedGen:C0344490,,True
MedGen:C1851481,,True
OMIM:130060,,True
MedGen:C3554663,,True
MONDO:MONDO:0004986,,True
MONDO:MONDO:0016491,,True
Orphanet:178389,,True
MedGen:C0268654,,True
MedGen:C4760583,,True
MedGen:C0004158,,True
MONDO:MONDO:0008428,,True
MONDO:MONDO:0014246,,True
MONDO:MONDO:0009605,,True
MONDO:MONDO:0013427,,True
MedGen:C2677793,,True
MedGen:C4014545,,True
MONDO:MONDO:0007819,,True
MONDO:MONDO:0014623,,True
OMIM:109150,,True
MedGen:C4693912,,True
MedGen:C3714998,,True
Orphanet:357502,,True
Orphanet:280663,,True
OMIM:300280,,True
MedGen:C4014869,,True
MedGen:C1840389,,True
OMIM:617006,,True
MONDO:MONDO:0012902,,True
MONDO:MONDO:0015974,,True
MedGen:C0398691,,True
MONDO:MONDO:0014604,,True
MedGen:C0034902,,True
MedGen:C1840427,,True
MONDO:MONDO:0010083,,True
MONDO:MONDO:0000863,,True
MedGen:C4016851,,True
MedGen:C0027022,,True
OMIM:618731,,True
OMIM:608232,,True
OMIM:300321,,True
Orphanet:211062,,True
MedGen:C0332615,,True
MedGen:C0685894,,True
OMIM:275000,,True
MONDO:MONDO:0007872,,True
OMIM:122700,,True
Orphanet:414,,True
Orphanet:100088,,True
MONDO:MONDO:0009185,,True
MedGen:C0238052,,True
MONDO:MONDO:0015052,,True
OMIM:611804,,True
Orphanet:42665,,True
Orphanet:3322,,True
MONDO:MONDO:0019548,,True
MONDO:MONDO:0016722,,True
Orphanet:97685,,True
MedGen:C4551980,,True
MONDO:MONDO:0009606,,True
Orphanet:93101,,True
MedGen:C4539937,,True
MedGen:C4310705,,True
MONDO:MONDO:0006239,,True
Orphanet:319514,,True
OMIM:609254,,True
MedGen:C0544755,,True
OMIM:618331,,True
Orphanet:98856,,True
MedGen:C0268307,,True
OMIM:616795,,True
MedGen:C1836706,,True
OMIM:607681,,True
Orphanet:572,,True
MedGen:C0014117,,True
MedGen:C4225163,,True
OMIM:615990,,True
MedGen:C3495498,,True
MONDO:MONDO:0024573,,True
Orphanet:534,,True
MedGen:C0403814,,True
MedGen:C3810406,,True
Orphanet:284804,,True
MONDO:MONDO:0040503,,True
MedGen:C1848201,,True
Orphanet:79282,,True
MedGen:C4016716,,True
MONDO:MONDO:0008287,,True
MedGen:C2746066,,True
OMIM:245349,,True
OMIM:615909,,True
MONDO:MONDO:0014457,,True
MONDO:MONDO:0014944,,True
MONDO:MONDO:0015253,,True
OMIM:121201,,True
OMIM:255995,,True
MONDO:MONDO:0007171,,True
MedGen:C0342870,,True
Orphanet:156168,,True
MONDO:MONDO:0014038,,True
MedGen:C4310696,,True
MedGen:C0037299,,True
MONDO:MONDO:0015003,,True
MedGen:C4017538,,True
MedGen:C3151190,,True
MedGen:C2751898,,True
MONDO:MONDO:0020246,,True
MedGen:C1855710,,True
OMIM:610017,,True
MedGen:C1856096,,True
MedGen:C1834297,,True
OMIM:616566,,True
MedGen:C1838564,,True
MONDO:MONDO:0011959,,True
Orphanet:79259,,True
OMIM:608612,,True
MONDO:MONDO:0010631,,True
MedGen:C5231390,,True
MedGen:C0472769,,True
MedGen:C4280760,,True
MedGen:C2930970,,True
Orphanet:500545,,True
MONDO:MONDO:0029141,,True
MedGen:C1857977,,True
Orphanet:354,,True
MedGen:C1843920,,True
Orphanet:399058,,True
Orphanet:582,,True
MONDO:MONDO:0032573,,True
OMIM:617799,,True
MedGen:C1856113,,True
MONDO:MONDO:0013821,,True
MONDO:MONDO:0018053,,True
OMIM:244460,,True
OMIM:614699,,True
MedGen:C4479246,,True
MedGen:C1263857,,True
OMIM:618787,,True
OMIM:617391,,True
MedGen:C3553843,,True
MedGen:C1854372,,True
MedGen:C3887892,,True
MedGen:C1842073,,True
OMIM:222600,,True
MedGen:C3280265,,True
MedGen:C1838577,,True
MONDO:MONDO:0000437,,True
MedGen:C1847572,,True
OMIM:268310,,True
OMIM:614307,,True
Orphanet:42775,,True
Orphanet:3006,,True
MedGen:C1859093,,True
MONDO:MONDO:0019415,,True
MONDO:MONDO:0011303,,True
OMIM:604308,,True
MedGen:C3160739,,True
OMIM:276950,,True
OMIM:618205,,True
OMIM:615973,,True
OMIM:616763,,True
MedGen:C4016834,,True
Orphanet:3115,,True
MONDO:MONDO:0027068,,True
MONDO:MONDO:0018993,,True
MedGen:C3469527,,True
MedGen:C3151476,,True
MedGen:C3714949,,True
Orphanet:90031,,True
Orphanet:300530,,True
OMIM:614594,,True
MONDO:MONDO:0054739,,True
OMIM:217095,,True
OMIM:607174,,True
MedGen:C3806402,,True
Orphanet:2023,,True
MedGen:C0008525,,True
Orphanet:1515,,True
MONDO:MONDO:0004588,,True
Orphanet:70595,,True
MedGen:C2675512,,True
OMIM:615983,,True
MONDO:MONDO:0033309,,True
MedGen:C1859592,,True
MedGen:C0346180,,True
Orphanet:371364,,True
MONDO:MONDO:0007754,,True
MedGen:C1859335,,True
MedGen:C1845123,,True
Orphanet:503,,True
MONDO:MONDO:0018816,,True
MedGen:C1836373,,True
MedGen:C4017305,,True
Orphanet:1263,,True
MONDO:MONDO:0019460,,True
MedGen:C4225171,,True
MedGen:C0796221,,True
MONDO:MONDO:0014026,,True
OMIM:115195,,True
MedGen:C0079584,,True
MONDO:MONDO:0007986,,True
OMIM:614832,,True
OMIM:612563,,True
MedGen:C2698259,,True
MONDO:MONDO:0012662,,True
MedGen:C3809991,,True
MONDO:MONDO:0008582,,True
MedGen:C1260903,,True
OMIM:616740,,True
MedGen:C2678055,,True
MedGen:C0158551,,True
MedGen:C3150833,,True
OMIM:608895,,True
MedGen:C2750791,,True
MedGen:C4016442,,True
MedGen:C1859252,,True
OMIM:613089,,True
Orphanet:3463,,True
MONDO:MONDO:0000902,,True
MONDO:MONDO:0005061,,True
MONDO:MONDO:0011337,,True
MedGen:C3809278,,True
Orphanet:70482,,True
MONDO:MONDO:0015286,,True
MedGen:C1868594,,True
MedGen:C0264611,,True
OMIM:126600,,True
MONDO:MONDO:0014312,,True
OMIM:617915,,True
MedGen:C0150055,,True
Orphanet:251646,,True
OMIM:609528,,True
Orphanet:263355,,True
MONDO:MONDO:0010315,,True
MedGen:C2675718,,True
MONDO:MONDO:0009874,,True
MedGen:C3697680,,True
MedGen:C3554001,,True
MONDO:MONDO:0008473,,True
MONDO:MONDO:0010489,,True
MedGen:C3540845,,True
OMIM:607625,,True
Orphanet:93958,,True
Orphanet:398088,,True
MONDO:MONDO:0005099,,True
Orphanet:98555,,True
MONDO:MONDO:0009403,,True
OMIM:301039,,True
MedGen:C1970119,,True
OMIM:615575,,True
MedGen:C0270962,,True
MedGen:C4225211,,True
MedGen:C0339512,,True
MedGen:C1858725,,True
MedGen:C1866077,,True
MedGen:C4023154,,True
MONDO:MONDO:0000727,,True
OMIM:616050,,True
MedGen:C3277849,,True
MONDO:MONDO:0009152,,True
MONDO:MONDO:0014664,,True
MONDO:MONDO:0007487,,True
OMIM:613982,,True
MedGen:C0032285,,True
MedGen:C3805239,,True
MedGen:C1836472,,True
OMIM:248390,,True
MONDO:MONDO:0008078,,True
MedGen:C4024949,,True
MONDO:MONDO:0011329,,True
MedGen:C0271695,,True
MedGen:C2676840,,True
OMIM:612336,,True
MedGen:C3277671,,True
MedGen:C0878677,,True
MedGen:C1842577,,True
MONDO:MONDO:0012231,,True
OMIM:612444,,True
MedGen:C0151786,,True
MedGen:C2751987,,True
MedGen:C0020256,,True
MedGen:C3275495,,True
MONDO:MONDO:0007470,,True
Orphanet:513436,,True
OMIM:614327,,True
OMIM:248400,,True
Orphanet:2913,,True
OMIM:613717,,True
MedGen:C0002871,,True
MedGen:C3714873,,True
Orphanet:284289,,True
MONDO:MONDO:0032625,,True
MONDO:MONDO:0014469,,True
MONDO:MONDO:0008633,,True
OMIM:188890,,True
MONDO:MONDO:0014212,,True
MONDO:MONDO:0005058,,True
OMIM:124500,,True
MedGen:C1853755,,True
OMIM:609049,,True
MONDO:MONDO:0032788,,True
MONDO:MONDO:0020066,,True
Orphanet:83473,,True
MedGen:C0751383,,True
MONDO:MONDO:0019234,,True
MedGen:C1836767,,True
Orphanet:139474,,True
MedGen:C0878544,,True
MedGen:C0341703,,True
MONDO:MONDO:0012991,,True
MedGen:C0263523,,True
MedGen:C1839888,,True
MedGen:C0795905,,True
MedGen:C1854023,,True
MedGen:C0011860,,True
MedGen:C1859049,,True
MedGen:C3280096,,True
MONDO:MONDO:0017569,,True
OMIM:184250,,True
MedGen:C3810283,,True
MedGen:C3150659,,True
MedGen:C4310811,,True
MONDO:MONDO:0012355,,True
MONDO:MONDO:0005299,,True
OMIM:616263,,True
MedGen:C0006285,,True
OMIM:162500,,True
Orphanet:2998,,True
Orphanet:34521,,True
MONDO:MONDO:0007284,,True
MONDO:MONDO:0013656,,True
OMIM:253310,,True
MONDO:MONDO:0007738,,True
MedGen:C1857845,,True
MedGen:C0431352,,True
OMIM:180750,,True
OMIM:137920,,True
MONDO:MONDO:0010829,,True
OMIM:607476,,True
Orphanet:426,,True
MedGen:C1836683,,True
OMIM:615041,,True
Orphanet:363543,,True
MedGen:C2677903,,True
MedGen:C1857640,,True
MONDO:MONDO:0011714,,True
MONDO:MONDO:0012523,,True
MONDO:MONDO:0011398,,True
MedGen:C4225415,,True
MedGen:C4551954,,True
MONDO:MONDO:0008514,,True
OMIM:613112,,True
MedGen:C0406775,,True
Orphanet:139485,,True
MedGen:C4014419,,True
OMIM:309549,,True
MedGen:C0752121,,True
MONDO:MONDO:0012524,,True
MedGen:C1836047,,True
OMIM:183090,,True
MedGen:C0020545,,True
MedGen:C4310679,,True
OMIM:611588,,True
MedGen:C1833736,,True
OMIM:602089,,True
MONDO:MONDO:0020071,,True
MONDO:MONDO:0036484,,True
MONDO:MONDO:0007949,,True
MedGen:C0730292,,True
MedGen:C0232488,,True
MONDO:MONDO:0016638,,True
MedGen:C1850055,,True
MONDO:MONDO:0008817,,True
MedGen:C4520847,,True
OMIM:606764,,True
MedGen:C0040147,,True
MedGen:C4310232,,True
OMIM:113650,,True
MedGen:C2676723,,True
OMIM:300803,,True
MedGen:C3280345,,True
MedGen:C4016443,,True
MONDO:MONDO:0005363,,True
Orphanet:85128,,True
MedGen:C1836830,,True
MedGen:C3809104,,True
MedGen:C3151078,,True
MedGen:C2675179,,True
MedGen:C1846868,,True
MONDO:MONDO:0017078,,True
MONDO:MONDO:0018959,,True
MedGen:C3554067,,True
MONDO:MONDO:0016660,,True
MONDO:MONDO:0009670,,True
OMIM:302045,,True
MONDO:MONDO:0012588,,True
MONDO:MONDO:0002996,,True
MONDO:MONDO:0014603,,True
Orphanet:391384,,True
MONDO:MONDO:0010484,,True
OMIM:617913,,True
Orphanet:453504,,True
MONDO:MONDO:0016144,,True
OMIM:300717,,True
Orphanet:96210,,True
MedGen:C0019572,,True
MedGen:C1859452,,True
Orphanet:803,,True
OMIM:614076,,True
Orphanet:217055,,True
MONDO:MONDO:0011028,,True
MONDO:MONDO:0012526,,True
Orphanet:140874,,True
MedGen:C4310718,,True
MedGen:C2675496,,True
MedGen:C3892050,,True
OMIM:614049,,True
OMIM:614035,,True
MedGen:C3151403,,True
MONDO:MONDO:0100062,,True
OMIM:105200,,True
MONDO:MONDO:0010572,,True
Orphanet:99098,,True
MedGen:C4017627,,True
MedGen:C3151463,,True
MedGen:C3541518,,True
OMIM:606353,,True
Orphanet:397618,,True
Orphanet:457193,,True
MedGen:C4025614,,True
OMIM:606713,,True
Orphanet:353281,,True
MONDO:MONDO:0010584,,True
MONDO:MONDO:0008999,,True
MedGen:C1845333,,True
MONDO:MONDO:0005484,,True
MONDO:MONDO:0017123,,True
MONDO:MONDO:0013316,,True
MedGen:C2750246,,True
MONDO:MONDO:0008729,,True
Orphanet:167848,,True
MedGen:C3554772,,True
MedGen:C0268351,,True
OMIM:300554,,True
Orphanet:213610,,True
MedGen:C3275444,,True
MONDO:MONDO:0014152,,True
MONDO:MONDO:0000115,,True
OMIM:601369,,True
MedGen:C4225345,,True
MedGen:C4014803,,True
OMIM:612736,,True
MONDO:MONDO:0001967,,True
Orphanet:85328,,True
MONDO:MONDO:0014429,,True
MONDO:MONDO:0012733,,True
OMIM:612158,,True
OMIM:618065,,True
MONDO:MONDO:0007568,,True
MedGen:C3887873,,True
OMIM:617574,,True
Orphanet:93338,,True
MONDO:MONDO:0016487,,True
MONDO:MONDO:0014015,,True
Orphanet:90153,,True
OMIM:614602,,True
Orphanet:79375,,True
MONDO:MONDO:0012429,,True
OMIM:608716,,True
OMIM:618087,,True
MedGen:C1844696,,True
OMIM:606002,,True
MedGen:C4016624,,True
MedGen:C3495537,,True
OMIM:167200,,True
MedGen:C0037772,,True
OMIM:614963,,True
OMIM:222100,,True
MedGen:C0270853,,True
MedGen:C1842778,,True
Orphanet:585,,True
MedGen:C2748536,,True
Orphanet:116,,True
MedGen:C1961099,,True
MONDO:MONDO:0010691,,True
MONDO:MONDO:0007087,,True
MedGen:C4746992,,True
MedGen:C1854488,,True
MedGen:C2675470,,True
OMIM:616471,,True
MedGen:C3278322,,True
OMIM:615338,,True
MONDO:MONDO:0018089,,True
MONDO:MONDO:0003240,,True
MedGen:C1838659,,True
MONDO:MONDO:0012371,,True
MONDO:MONDO:0012031,,True
MedGen:C0268390,,True
MedGen:C0282577,,True
MONDO:MONDO:0054831,,True
MedGen:C1833477,,True
OMIM:175200,,True
OMIM:613642,,True
Orphanet:98733,,True
MONDO:MONDO:0013627,,True
MONDO:MONDO:0016486,,True
MedGen:C0020302,,True
MedGen:C1864871,,True
OMIM:613399,,True
OMIM:166780,,True
MedGen:C0022603,,True
MONDO:MONDO:0009293,,True
MedGen:C3715199,,True
MedGen:C1850889,,True
Orphanet:90039,,True
MedGen:C2676079,,True
MONDO:MONDO:0014726,,True
MedGen:C1861975,,True
MedGen:C1837618,,True
MedGen:C1838163,,True
MedGen:C4014425,,True
MONDO:MONDO:0018931,,True
MONDO:MONDO:0007496,,True
MedGen:C1857242,,True
MedGen:C1959626,,True
OMIM:616541,,True
MedGen:C4551632,,True
MONDO:MONDO:0012345,,True
MedGen:C4552100,,True
OMIM:615924,,True
MedGen:C4551898,,True
MONDO:MONDO:0014908,,True
MONDO:MONDO:0008783,,True
MedGen:C4082197,,True
Orphanet:1851,,True
MedGen:C2752038,,True
MONDO:MONDO:0014874,,True
MedGen:C1510460,,True
MedGen:C0009319,,True
MONDO:MONDO:0010475,,True
Orphanet:75392,,True
OMIM:609560,,True
MONDO:MONDO:0017121,,True
OMIM:259500,,True
OMIM:609285,,True
OMIM:616428,,True
MONDO:MONDO:0013499,,True
OMIM:601596,,True
MedGen:C1832475,,True
MedGen:C5231404,,True
OMIM:269880,,True
MONDO:MONDO:0020364,,True
OMIM:611490,,True
Orphanet:79233,,True
MedGen:C0031575,,True
MedGen:C1853136,,True
OMIM:616546,,True
OMIM:616486,,True
MedGen:C3275558,,True
OMIM:613073,,True
MedGen:C1963250,,True
MedGen:C0151747,,True
MedGen:C4022818,,True
MONDO:MONDO:0008552,,True
Orphanet:79213,,True
MedGen:C3553947,,True
MedGen:C1845359,,True
MedGen:C2675432,,True
MONDO:MONDO:0005904,,True
Orphanet:263347,,True
MONDO:MONDO:0009165,,True
MONDO:MONDO:0004891,,True
Orphanet:363665,,True
MedGen:C0235081,,True
MONDO:MONDO:0011819,,True
MONDO:MONDO:0013686,,True
MedGen:C0796124,,True
MedGen:C0003126,,True
MONDO:MONDO:0013133,,True
MedGen:C1850386,,True
MedGen:C1839832,,True
MedGen:C1866048,,True
MONDO:MONDO:0011776,,True
MedGen:C4015016,,True
MedGen:C4478379,,True
MedGen:C1096902,,True
MedGen:C3280526,,True
Orphanet:101078,,True
MONDO:MONDO:0037748,,True
MedGen:C2676191,,True
MONDO:MONDO:0012078,,True
MedGen:C4015465,,True
MONDO:MONDO:0008830,,True
Orphanet:1276,,True
MONDO:MONDO:0017173,,True
OMIM:614850,,True
MedGen:C0345050,,True
MedGen:C4554406,,True
OMIM:176620,,True
MONDO:MONDO:0011559,,True
OMIM:614673,,True
MONDO:MONDO:0018852,,True
MONDO:MONDO:0009441,,True
MedGen:C2937220,,True
OMIM:251260,,True
OMIM:300958,,True
Orphanet:85186,,True
MONDO:MONDO:0011584,,True
MONDO:MONDO:0032742,,True
OMIM:612921,,True
Orphanet:3106,,True
MedGen:C1845167,,True
MONDO:MONDO:0032624,,True
MedGen:C2750090,,True
MedGen:C5193089,,True
MedGen:C4748791,,True
Orphanet:505237,,True
OMIM:618797,,True
MedGen:C0006118,,True
OMIM:615092,,True
OMIM:608571,,True
OMIM:266300,,True
Orphanet:321,,True
Orphanet:221150,,True
MONDO:MONDO:0012667,,True
Orphanet:73229,,True
OMIM:608104,,True
MONDO:MONDO:0010943,,True
MedGen:C1279412,,True
OMIM:300834,,True
MONDO:MONDO:0007235,,True
MONDO:MONDO:0009002,,True
MedGen:C4015038,,True
MONDO:MONDO:0018054,,True
Orphanet:281097,,True
MedGen:C0685409,,True
MedGen:C5231493,,True
MedGen:C0266294,,True
Orphanet:69737,,True
OMIM:309580,,True
MedGen:C0342276,,True
OMIM:605280,,True
OMIM:225250,,True
OMIM:613704,,True
OMIM:242500,,True
MONDO:MONDO:0012308,,True
MedGen:C0410528,,True
MedGen:C4225423,,True
OMIM:614842,,True
MONDO:MONDO:0009308,,True
MedGen:C0235833,,True
MedGen:C1720824,,True
OMIM:615842,,True
MONDO:MONDO:0013859,,True
OMIM:300895,,True
OMIM:607634,,True
MedGen:C2677504,,True
MedGen:C1837028,,True
MedGen:C1168401,,True
MedGen:C2751830,,True
MedGen:C3714753,,True
OMIM:616390,,True
MONDO:MONDO:0012489,,True
MedGen:C3553841,,True
Orphanet:79304,,True
Orphanet:459061,,True
Orphanet:90674,,True
MONDO:MONDO:0018570,,True
MedGen:C0268119,,True
MedGen:C3279790,,True
MONDO:MONDO:0013608,,True
MedGen:C0151718,,True
MedGen:C3276228,,True
MONDO:MONDO:0012485,,True
MedGen:C1969029,,True
MedGen:C0423250,,True
OMIM:616781,,True
OMIM:110800,,True
MedGen:C0677607,,True
Orphanet:85294,,True
MONDO:MONDO:0010469,,True
MONDO:MONDO:0010419,,True
OMIM:611868,,True
MedGen:C4551562,,True
Orphanet:385,,True
OMIM:615518,,True
OMIM:187500,,True
MedGen:C0475737,,True
MedGen:C1847013,,True
Orphanet:98894,,True
MONDO:MONDO:0024456,,True
MedGen:C0268342,,True
MONDO:MONDO:0011186,,True
OMIM:241800,,True
MedGen:C0242422,,True
MONDO:MONDO:0012658,,True
MONDO:MONDO:0032927,,True
OMIM:615907,,True
MedGen:C4017308,,True
MedGen:C1857069,,True
MONDO:MONDO:0021056,,True
MedGen:C0151889,,True
OMIM:605676,,True
OMIM:614175,,True
MONDO:MONDO:0014018,,True
MONDO:MONDO:0007783,,True
OMIM:617768,,True
Orphanet:404448,,True
Orphanet:458803,,True
OMIM:151100,,True
MONDO:MONDO:0019046,,True
MedGen:C1838099,,True
MedGen:C4085238,,True
MedGen:C0266544,,True
MedGen:C0342288,,True
OMIM:610153,,True
MedGen:C3553944,,True
MedGen:C1842127,,True
Orphanet:3444,,True
MedGen:C0011644,,True
MONDO:MONDO:0012287,,True
MONDO:MONDO:0012474,,True
MONDO:MONDO:0014935,,True
MedGen:C4310694,,True
OMIM:611928,,True
OMIM:602450,,True
OMIM:616139,,True
MedGen:C0014544,,True
MedGen:C1842939,,True
OMIM:146110,,True
MONDO:MONDO:0019154,,True
MONDO:MONDO:0012522,,True
MedGen:C1854065,,True
OMIM:225790,,True
OMIM:610551,,True
MONDO:MONDO:0011014,,True
MedGen:C3541471,,True
OMIM:112500,,True
MedGen:C3278156,,True
Orphanet:225123,,True
MONDO:MONDO:0009675,,True
MedGen:C1854128,,True
OMIM:616515,,True
MONDO:MONDO:0032880,,True
OMIM:616629,,True
MedGen:C0549448,,True
MedGen:C0006114,,True
Orphanet:368,,True
MedGen:C3887524,,True
MedGen:C2677682,,True
Orphanet:869,,True
MONDO:MONDO:0012787,,True
MONDO:MONDO:0010580,,True
MedGen:C0730345,,True
MedGen:C5193101,,True
OMIM:608751,,True
OMIM:614172,,True
OMIM:618239,,True
Orphanet:280553,,True
Orphanet:319640,,True
MONDO:MONDO:0003874,,True
OMIM:607948,,True
MedGen:C0003119,,True
MedGen:C1855340,,True
OMIM:610092,,True
MONDO:MONDO:0013763,,True
MONDO:MONDO:0020429,,True
OMIM:181400,,True
OMIM:619087,,True
MONDO:MONDO:0013624,,True
MONDO:MONDO:0040653,,True
MedGen:C4225325,,True
Orphanet:62,,True
OMIM:277380,,True
OMIM:613837,,True
MedGen:C1845105,,True
Orphanet:362,,True
MedGen:C0085131,,True
MONDO:MONDO:0007792,,True
Orphanet:93372,,True
MedGen:C1969038,,True
Orphanet:324,,True
MedGen:C0796154,,True
Orphanet:3250,,True
MONDO:MONDO:0019002,,True
MedGen:C0432197,,True
Orphanet:280651,,True
MONDO:MONDO:0007307,,True
OMIM:618141,,True
MedGen:C3554182,,True
MONDO:MONDO:0020121,,True
MedGen:C4281993,,True
OMIM:109730,,True
Orphanet:93311,,True
MONDO:MONDO:0011242,,True
OMIM:613327,,True
MedGen:C3150889,,True
MONDO:MONDO:0014104,,True
MedGen:C1844776,,True
MedGen:C4016951,,True
MedGen:C0175754,,True
OMIM:616974,,True
MedGen:C1865864,,True
OMIM:613647,,True
MedGen:C1414216,,True
MedGen:C3540844,,True
OMIM:300946,,True
MedGen:C4016925,,True
OMIM:300966,,True
OMIM:147421,,True
Orphanet:100057,,True
MONDO:MONDO:0011730,,True
OMIM:618140,,True
MedGen:C0524528,,True
Orphanet:1333,,True
MedGen:C0795998,,True
Orphanet:168624,,True
MONDO:MONDO:0011527,,True
MedGen:C4310749,,True
OMIM:136140,,True
MONDO:MONDO:0007881,,True
MONDO:MONDO:0008438,,True
MedGen:C0409338,,True
Orphanet:90307,,True
OMIM:613972,,True
OMIM:617873,,True
MedGen:C1868072,,True
MONDO:MONDO:0012546,,True
Orphanet:251279,,True
MedGen:C3714976,,True
OMIM:124000,,True
MONDO:MONDO:0012682,,True
MONDO:MONDO:0012285,,True
MedGen:C0857379,,True
MedGen:C1956257,,True
MedGen:C1527405,,True
MONDO:MONDO:0012604,,True
OMIM:611363,,True
MedGen:C2931258,,True
MONDO:MONDO:0014085,,True
MONDO:MONDO:0008680,,True
MedGen:C0004352,,True
MONDO:MONDO:0012805,,True
MedGen:C4310625,,True
MONDO:MONDO:0011414,,True
MedGen:C1565489,,True
OMIM:617667,,True
MedGen:C0282527,,True
OMIM:605373,,True
OMIM:278740,,True
MedGen:C1708371,,True
OMIM:618763,,True
Orphanet:89838,,True
OMIM:120000,,True
OMIM:610283,,True
MONDO:MONDO:0008318,,True
OMIM:617120,,True
Orphanet:101083,,True
MONDO:MONDO:0013196,,True
MONDO:MONDO:0008045,,True
MONDO:MONDO:0032793,,True
Orphanet:319623,,True
MedGen:C0085577,,True
MedGen:C0741796,,True
OMIM:616516,,True
Orphanet:99749,,True
Orphanet:369962,,True
MONDO:MONDO:0009627,,True
MedGen:C0206743,,True
MONDO:MONDO:0011038,,True
OMIM:614881,,True
OMIM:610205,,True
MedGen:C3280798,,True
OMIM:611067,,True
MedGen:C3553029,,True
Orphanet:98808,,True
OMIM:276904,,True
OMIM:615658,,True
MONDO:MONDO:0032594,,True
OMIM:145680,,True
Orphanet:169154,,True
MedGen:C4540040,,True
MedGen:C0265965,,True
MedGen:C3539123,,True
Orphanet:79172,,True
OMIM:605588,,True
OMIM:252160,,True
Orphanet:247604,,True
MONDO:MONDO:0002442,,True
MONDO:MONDO:0010438,,True
MedGen:C1843013,,True
MONDO:MONDO:0019808,,True
OMIM:232500,,True
OMIM:612718,,True
MedGen:C1836192,,True
MedGen:C1854989,,True
MONDO:MONDO:0013286,,True
MONDO:MONDO:0010326,,True
MedGen:C2717906,,True
OMIM:174810,,True
MONDO:MONDO:0010987,,True
MedGen:C0342282,,True
Orphanet:85450,,True
MONDO:MONDO:0009977,,True
MedGen:C4552122,,True
MONDO:MONDO:0002043,,True
OMIM:165550,,True
MedGen:C0041206,,True
OMIM:311250,,True
MONDO:MONDO:0013395,,True
MedGen:C1847024,,True
MONDO:MONDO:0010465,,True
MedGen:C1861443,,True
MONDO:MONDO:0018473,,True
MONDO:MONDO:0014455,,True
MedGen:C4225247,,True
MONDO:MONDO:0019516,,True
MedGen:C3151753,,True
MedGen:C3280897,,True
Orphanet:912,,True
MONDO:MONDO:0013388,,True
Orphanet:65759,,True
MONDO:MONDO:0017728,,True
MedGen:C2677567,,True
MedGen:C3714980,,True
MedGen:C0019294,,True
MedGen:C0028064,,True
MONDO:MONDO:0009238,,True
MedGen:C1846129,,True
Orphanet:33,,True
MONDO:MONDO:0010799,,True
Orphanet:93387,,True
MedGen:C0751278,,True
MONDO:MONDO:0007380,,True
MONDO:MONDO:0013495,,True
OMIM:614653,,True
MedGen:C4310761,,True
OMIM:136800,,True
MONDO:MONDO:0013566,,True
OMIM:608189,,True
MedGen:C3809092,,True
MONDO:MONDO:0010607,,True
MedGen:C3808739,,True
OMIM:600994,,True
OMIM:618220,,True
MONDO:MONDO:0009269,,True
MONDO:MONDO:0018851,,True
MedGen:C1864987,,True
OMIM:615355,,True
MedGen:C4693362,,True
OMIM:618246,,True
MedGen:C0162359,,True
Orphanet:370997,,True
MONDO:MONDO:0011351,,True
MONDO:MONDO:0008953,,True
MONDO:MONDO:0010859,,True
MedGen:C2751088,,True
MONDO:MONDO:0019056,,True
MedGen:C4476627,,True
MedGen:C0003499,,True
MedGen:C1854182,,True
MedGen:C1641846,,True
MONDO:MONDO:0010651,,True
OMIM:174500,,True
MONDO:MONDO:0015517,,True
OMIM:215150,,True
OMIM:193510,,True
MedGen:C0342549,,True
OMIM:615048,,True
Orphanet:526,,True
MONDO:MONDO:0017279,,True
MONDO:MONDO:0016691,,True
Orphanet:33069,,True
MedGen:C4015780,,True
MONDO:MONDO:0014046,,True
MONDO:MONDO:0011143,,True
MONDO:MONDO:0014534,,True
MedGen:C1857618,,True
MedGen:C3888153,,True
MedGen:C0026987,,True
OMIM:614209,,True
MedGen:C1846131,,True
MedGen:C0426501,,True
MedGen:C1861456,,True
MedGen:C4021213,,True
OMIM:607155,,True
MedGen:C4016760,,True
MedGen:C0266449,,True
OMIM:613758,,True
MONDO:MONDO:0009443,,True
OMIM:610549,,True
MONDO:MONDO:0012735,,True
OMIM:610852,,True
MONDO:MONDO:0012843,,True
Orphanet:99961,,True
MedGen:C1839368,,True
MedGen:C1848638,,True
MedGen:C1836031,,True
MONDO:MONDO:0008075,,True
MedGen:C3279699,,True
Orphanet:99000,,True
MedGen:C3810175,,True
MedGen:C0034194,,True
MONDO:MONDO:0014262,,True
MONDO:MONDO:0033004,,True
MONDO:MONDO:0004348,,True
MONDO:MONDO:0007044,,True
OMIM:179800,,True
MedGen:C0085614,,True
OMIM:180300,,True
MONDO:MONDO:0011899,,True
MedGen:C4017220,,True
MONDO:MONDO:0012763,,True
MONDO:MONDO:0013212,,True
MedGen:C1969056,,True
MONDO:MONDO:0013074,,True
MedGen:C0401149,,True
MONDO:MONDO:0013412,,True
MedGen:C4024896,,True
MedGen:C0751036,,True
OMIM:615500,,True
MedGen:C0042133,,True
MedGen:C0013364,,True
OMIM:609975,,True
OMIM:611553,,True
OMIM:616521,,True
MONDO:MONDO:0019636,,True
Orphanet:631,,True
MedGen:C0037769,,True
MedGen:C4016231,,True
MONDO:MONDO:0013403,,True
Orphanet:227796,,True
MONDO:MONDO:0054785,,True
MedGen:C2751316,,True
Orphanet:352479,,True
OMIM:240200,,True
MedGen:C4016508,,True
OMIM:255160,,True
Orphanet:324723,,True
OMIM:602099,,True
MedGen:C0149516,,True
Orphanet:280133,,True
MedGen:C3280062,,True
Orphanet:798,,True
OMIM:269000,,True
MONDO:MONDO:0006246,,True
OMIM:614458,,True
MedGen:C0795934,,True
MedGen:C0004134,,True
OMIM:616688,,True
OMIM:600165,,True
Orphanet:420728,,True
MedGen:C3281192,,True
Orphanet:100996,,True
MedGen:C0263625,,True
MedGen:C1835672,,True
MONDO:MONDO:0033371,,True
OMIM:301000,,True
MedGen:C5193060,,True
MONDO:MONDO:0009061,,True
MONDO:MONDO:0022723,,True
MONDO:MONDO:0008093,,True
MedGen:C1264041,,True
MedGen:C4748117,,True
OMIM:603786,,True
OMIM:610189,,True
MedGen:C1855079,,True
MONDO:MONDO:0013786,,True
OMIM:618031,,True
Orphanet:2199,,True
OMIM:121900,,True
MONDO:MONDO:0014453,,True
Orphanet:226,,True
OMIM:607115,,True
Orphanet:228000,,True
MedGen:C4014997,,True
MedGen:C0241654,,True
MedGen:C4225186,,True
MedGen:C1843392,,True
Orphanet:98668,,True
Orphanet:1572,,True
Orphanet:34527,,True
MedGen:C4225427,,True
MedGen:C4016949,,True
MONDO:MONDO:0008195,,True
MedGen:C0268417,,True
OMIM:166210,,True
MedGen:C0751173,,True
OMIM:600496,,True
OMIM:609439,,True
MedGen:C1833275,,True
OMIM:616981,,True
MONDO:MONDO:0011579,,True
MONDO:MONDO:0013685,,True
OMIM:609814,,True
Orphanet:99718,,True
MedGen:C0025322,,True
MONDO:MONDO:0011569,,True
OMIM:608768,,True
MedGen:C1527344,,True
MedGen:C1856934,,True
MedGen:C1843815,,True
MedGen:C1846784,,True
MedGen:C4013102,,True
MONDO:MONDO:0013244,,True
MedGen:C4024175,,True
MedGen:C1864399,,True
MONDO:MONDO:0010284,,True
MedGen:C4551775,,True
MedGen:C4521563,,True
OMIM:255320,,True
MONDO:MONDO:0019407,,True
MedGen:C1868720,,True
OMIM:615043,,True
MONDO:MONDO:0010895,,True
MedGen:C4551623,,True
OMIM:612376,,True
Orphanet:538,,True
Orphanet:308655,,True
MONDO:MONDO:0013822,,True
MedGen:C4021759,,True
MONDO:MONDO:0014560,,True
MONDO:MONDO:0017436,,True
MedGen:C3280616,,True
MONDO:MONDO:0014050,,True
MONDO:MONDO:0011994,,True
OMIM:612132,,True
MONDO:MONDO:0020135,,True
Orphanet:137605,,True
MONDO:MONDO:0000127,,True
MONDO:MONDO:0004988,,True
MedGen:C0079218,,True
Orphanet:3047,,True
MedGen:C0002453,,True
Orphanet:712,,True
MedGen:C4551999,,True
MedGen:C0026847,,True
MedGen:C0266362,,True
MONDO:MONDO:0007637,,True
MedGen:C1303073,,True
MONDO:MONDO:0033361,,True
MONDO:MONDO:0009290,,True
MONDO:MONDO:0004989,,True
MedGen:C1861848,,True
MedGen:C5193039,,True
Orphanet:79143,,True
MedGen:C1864040,,True
MedGen:C1847351,,True
MedGen:C1842357,,True
MedGen:C4551511,,True
MONDO:MONDO:0009872,,True
MedGen:C1858493,,True
MONDO:MONDO:0013633,,True
MedGen:C1864720,,True
MedGen:C3809443,,True
MedGen:C3809299,,True
MedGen:C3553084,,True
MedGen:C1846265,,True
MedGen:C3810127,,True
Orphanet:438159,,True
Orphanet:352530,,True
MedGen:C3149841,,True
MedGen:C0158683,,True
MedGen:C0013604,,True
OMIM:617063,,True
Orphanet:2671,,True
MONDO:MONDO:0013827,,True
Orphanet:1338,,True
MONDO:MONDO:0014856,,True
MONDO:MONDO:0020434,,True
MedGen:C3887489,,True
Orphanet:324737,,True
MedGen:C4015307,,True
MedGen:C1842083,,True
MONDO:MONDO:0013498,,True
MONDO:MONDO:0007646,,True
MedGen:C4022720,,True
MedGen:C1850049,,True
OMIM:618457,,True
MONDO:MONDO:0013431,,True
OMIM:611523,,True
OMIM:248500,,True
OMIM:612016,,True
MedGen:C3463992,,True
MONDO:MONDO:0014166,,True
MedGen:C0153436,,True
MONDO:MONDO:0013946,,True
MONDO:MONDO:0009426,,True
MONDO:MONDO:0013254,,True
MedGen:C3805727,,True
OMIM:611391,,True
MedGen:C3151211,,True
OMIM:613348,,True
MedGen:C4016346,,True
MedGen:C0018818,,True
MedGen:C1843807,,True
MedGen:C0221170,,True
MONDO:MONDO:0008939,,True
MedGen:C0751279,,True
MONDO:MONDO:0011614,,True
MONDO:MONDO:0007256,,True
Orphanet:99945,,True
MedGen:C1860238,,True
MedGen:C2749485,,True
MedGen:C1836727,,True
MedGen:C5191419,,True
MedGen:C4518774,,True
OMIM:270700,,True
MONDO:MONDO:0013779,,True
OMIM:250620,,True
MedGen:C0241074,,True
OMIM:617145,,True
MedGen:C1863061,,True
Orphanet:3156,,True
MedGen:C0240735,,True
Orphanet:628,,True
MONDO:MONDO:0012392,,True
MedGen:C1850674,,True
MONDO:MONDO:0012341,,True
OMIM:614970,,True
MONDO:MONDO:0010427,,True
Orphanet:813,,True
MedGen:C0677776,,True
MONDO:MONDO:0044308,,True
MedGen:C4551902,,True
Orphanet:2604,,True
MedGen:C0206669,,True
MedGen:C3887494,,True
OMIM:614199,,True
OMIM:253010,,True
OMIM:610539,,True
OMIM:615290,,True
MedGen:C4748830,,True
Orphanet:2182,,True
OMIM:600419,,True
MedGen:C3890737,,True
MedGen:C0151699,,True
OMIM:118200,,True
Orphanet:251636,,True
OMIM:142680,,True
Orphanet:907,,True
OMIM:615067,,True
MONDO:MONDO:0005233,,True
MedGen:C3889475,,True
MedGen:C2267233,,True
OMIM:619042,,True
OMIM:304100,,True
MedGen:C3151139,,True
MedGen:C1853118,,True
OMIM:602482,,True
OMIM:615471,,True
MONDO:MONDO:0007508,,True
Orphanet:329931,,True
MONDO:MONDO:0004920,,True
MONDO:MONDO:0006536,,True
MONDO:MONDO:0014926,,True
MONDO:MONDO:0032751,,True
OMIM:600996,,True
MedGen:C1840322,,True
MONDO:MONDO:0020334,,True
MedGen:C4025860,,True
OMIM:605543,,True
Orphanet:276603,,True
Orphanet:3447,,True
OMIM:615615,,True
MONDO:MONDO:0000188,,True
MedGen:C4540135,,True
MONDO:MONDO:0013989,,True
MedGen:C4025790,,True
Orphanet:178333,,True
MedGen:C1832334,,True
MedGen:C0023212,,True
Orphanet:93476,,True
MedGen:C3553958,,True
OMIM:616193,,True
MedGen:C0268272,,True
MONDO:MONDO:0012029,,True
MedGen:C0917801,,True
MONDO:MONDO:0014363,,True
MedGen:C1868569,,True
MedGen:C2675305,,True
MedGen:C4552001,,True
MONDO:MONDO:0033260,,True
Orphanet:1933,,True
MONDO:MONDO:0013472,,True
OMIM:256550,,True
OMIM:605589,,True
MedGen:C4225343,,True
OMIM:191900,,True
MedGen:C2674608,,True
Orphanet:228366,,True
MedGen:C0796021,,True
MONDO:MONDO:0014569,,True
Orphanet:349,,True
MedGen:C0445118,,True
MedGen:C1855672,,True
MedGen:C3554534,,True
MedGen:C0270914,,True
MONDO:MONDO:0003004,,True
OMIM:166600,,True
MedGen:C0271714,,True
MedGen:C2746068,,True
MONDO:MONDO:0010225,,True
MONDO:MONDO:0013372,,True
MedGen:C0796063,,True
Orphanet:213524,,True
MedGen:C4693765,,True
MedGen:C2243051,,True
MedGen:C3279725,,True
OMIM:301050,,True
OMIM:300067,,True
MONDO:MONDO:0024550,,True
MONDO:MONDO:0017946,,True
MONDO:MONDO:0009401,,True
MONDO:MONDO:0020630,,True
MONDO:MONDO:0010292,,True
OMIM:116860,,True
OMIM:173600,,True
MedGen:C1854368,,True
Orphanet:683,,True
OMIM:613680,,True
MONDO:MONDO:0030920,,True
MedGen:C4748334,,True
MONDO:MONDO:0002032,,True
MedGen:C3549447,,True
MONDO:MONDO:0009776,,True
OMIM:616490,,True
OMIM:606889,,True
MedGen:C4024957,,True
MedGen:C0334517,,True
Orphanet:26,,True
MedGen:C1837341,,True
MONDO:MONDO:0033493,,True
MONDO:MONDO:0013507,,True
OMIM:618493,,True
MedGen:C4015542,,True
OMIM:607944,,True
MedGen:C4225316,,True
OMIM:235200,,True
MedGen:C0472777,,True
MedGen:C0027125,,True
MedGen:C2751052,,True
MedGen:C0020445,,True
MONDO:MONDO:0011377,,True
MedGen:C3549703,,True
MedGen:C0270612,,True
OMIM:302200,,True
OMIM:208050,,True
OMIM:184095,,True
MedGen:C3279841,,True
OMIM:131950,,True
MONDO:MONDO:0013392,,True
MedGen:C1836791,,True
MONDO:MONDO:0010805,,True
MONDO:MONDO:0013063,,True
MONDO:MONDO:0007191,,True
MedGen:C0032463,,True
OMIM:614373,,True
OMIM:612463,,True
MedGen:C0426816,,True
OMIM:615008,,True
MedGen:C3179239,,True
MONDO:MONDO:0009768,,True
MedGen:C1834877,,True
MedGen:C0751779,,True
MedGen:C1836780,,True
MONDO:MONDO:0009502,,True
MONDO:MONDO:0007243,,True
MedGen:C5193132,,True
OMIM:618336,,True
MedGen:C0265354,,True
MONDO:MONDO:0014027,,True
MONDO:MONDO:0016982,,True
OMIM:615750,,True
OMIM:604484,,True
MONDO:MONDO:0009567,,True
OMIM:614900,,True
OMIM:615988,,True
Orphanet:93598,,True
MONDO:MONDO:0015279,,True
MedGen:C4015610,,True
MedGen:C1843852,,True
MONDO:MONDO:0014402,,True
MedGen:C4551527,,True
MedGen:C3553328,,True
MedGen:C3891448,,True
MONDO:MONDO:0019340,,True
MONDO:MONDO:0044318,,True
OMIM:610256,,True
MONDO:MONDO:0004323,,True
MONDO:MONDO:0011687,,True
MONDO:MONDO:0013398,,True
OMIM:225320,,True
Orphanet:85289,,True
MONDO:MONDO:0008436,,True
MedGen:C0027832,,True
MedGen:C0024433,,True
MedGen:C0332878,,True
MedGen:C0235259,,True
MedGen:C3279839,,True
OMIM:612067,,True
OMIM:618580,,True
MONDO:MONDO:0011725,,True
MedGen:C1419610,,True
OMIM:611528,,True
MedGen:C0268146,,True
MedGen:C4310620,,True
MedGen:C1859050,,True
MedGen:C1838569,,True
MedGen:C1868674,,True
MONDO:MONDO:0014925,,True
OMIM:202550,,True
Orphanet:276580,,True
MedGen:C3888271,,True
MONDO:MONDO:0011703,,True
OMIM:614039,,True
OMIM:615744,,True
MONDO:MONDO:0014470,,True
MedGen:C1851705,,True
MONDO:MONDO:0002546,,True
MedGen:C0575157,,True
MedGen:C3809888,,True
Orphanet:93358,,True
MedGen:C2698310,,True
MONDO:MONDO:0010501,,True
MedGen:C0282492,,True
MONDO:MONDO:0008210,,True
MONDO:MONDO:0015909,,True
MedGen:C4310792,,True
OMIM:601462,,True
MONDO:MONDO:0009841,,True
MONDO:MONDO:0013154,,True
MedGen:C0023520,,True
OMIM:155240,,True
MONDO:MONDO:0012056,,True
MedGen:C1834062,,True
OMIM:154400,,True
MONDO:MONDO:0013929,,True
MONDO:MONDO:0002316,,True
MedGen:C4540496,,True
OMIM:615033,,True
Orphanet:79414,,True
Orphanet:3472,,True
OMIM:153840,,True
MedGen:C2751307,,True
MedGen:C0032914,,True
OMIM:618733,,True
OMIM:254500,,True
MONDO:MONDO:0018866,,True
MONDO:MONDO:0014823,,True
OMIM:614866,,True
MONDO:MONDO:0014337,,True
MedGen:C0233844,,True
MedGen:C0040136,,True
Orphanet:251510,,True
OMIM:615298,,True
MedGen:C0086543,,True
OMIM:614212,,True
OMIM:200600,,True
MedGen:C4551596,,True
OMIM:219900,,True
OMIM:608089,,True
MedGen:C4016908,,True
Orphanet:51608,,True
MedGen:C0410529,,True
OMIM:188470,,True
MONDO:MONDO:0010781,,True
MedGen:C3150741,,True
OMIM:611590,,True
Orphanet:300,,True
MedGen:C0751436,,True
MedGen:C1859341,,True
MedGen:C1869123,,True
MedGen:C2750894,,True
MONDO:MONDO:0012855,,True
MedGen:C1863239,,True
Orphanet:88642,,True
MedGen:C3807541,,True
MedGen:C3489789,,True
MONDO:MONDO:0012988,,True
Orphanet:77295,,True
MedGen:C1854882,,True
Orphanet:1830,,True
MedGen:C1858479,,True
OMIM:157600,,True
OMIM:617892,,True
MONDO:MONDO:0012817,,True
MedGen:C0406585,,True
OMIM:613805,,True
MedGen:C0340978,,True
MONDO:MONDO:0015277,,True
OMIM:615300,,True
OMIM:613443,,True
MedGen:C0559260,,True
OMIM:617026,,True
OMIM:605389,,True
OMIM:613688,,True
OMIM:606657,,True
OMIM:616151,,True
MedGen:C4310745,,True
OMIM:606768,,True
OMIM:600072,,True
Orphanet:157820,,True
Orphanet:329,,True
MONDO:MONDO:0010246,,True
Orphanet:319705,,True
MONDO:MONDO:0007309,,True
OMIM:613078,,True
MedGen:C1266165,,True
OMIM:615849,,True
OMIM:610582,,True
OMIM:615328,,True
OMIM:619074,,True
MedGen:C1832243,,True
OMIM:300615,,True
OMIM:614286,,True
OMIM:613882,,True
MONDO:MONDO:0010371,,True
MONDO:MONDO:0011963,,True
OMIM:120790,,True
MedGen:C0000772,,True
MedGen:C4017072,,True
MONDO:MONDO:0013337,,True
MedGen:C1846689,,True
MedGen:C4748070,,True
MedGen:C4551484,,True
MedGen:C4022906,,True
OMIM:616500,,True
Orphanet:607,,True
OMIM:163950,,True
MedGen:C4551646,,True
MedGen:C2676771,,True
MedGen:C4017494,,True
Orphanet:94068,,True
Orphanet:93307,,True
MONDO:MONDO:0012164,,True
MedGen:C4017093,,True
OMIM:270685,,True
Orphanet:93383,,True
OMIM:307000,,True
MONDO:MONDO:0008847,,True
MONDO:MONDO:0014385,,True
OMIM:129600,,True
MONDO:MONDO:0032752,,True
Orphanet:139536,,True
OMIM:614691,,True
OMIM:614433,,True
MONDO:MONDO:0060491,,True
MONDO:MONDO:0008710,,True
MedGen:C3887654,,True
OMIM:614873,,True
MedGen:C3179455,,True
MedGen:C0079298,,True
Orphanet:93388,,True
MedGen:C4225274,,True
MONDO:MONDO:0019353,,True
Orphanet:543470,,True
OMIM:614839,,True
OMIM:225750,,True
MONDO:MONDO:0018901,,True
MedGen:C1853137,,True
MONDO:MONDO:0011108,,True
MONDO:MONDO:0007072,,True
OMIM:615235,,True
MONDO:MONDO:0020739,,True
Orphanet:99757,,True
MedGen:C3151442,,True
MONDO:MONDO:0018961,,True
MedGen:C1840555,,True
MedGen:C0751335,,True
MedGen:C0234146,,True
OMIM:254900,,True
MONDO:MONDO:0014299,,True
MedGen:C5231405,,True
MedGen:C1838100,,True
Orphanet:28,,True
MONDO:MONDO:0007113,,True
MONDO:MONDO:0018926,,True
OMIM:602522,,True
MONDO:MONDO:0009292,,True
MedGen:C0025149,,True
MedGen:C0677886,,True
MedGen:C1858084,,True
OMIM:614976,,True
MedGen:C4014563,,True
MedGen:C3275464,,True
MedGen:C4288261,,True
MedGen:C1854114,,True
MedGen:C3151153,,True
OMIM:179300,,True
Orphanet:228308,,True
OMIM:300387,,True
MedGen:C4015950,,True
MedGen:C2751494,,True
MedGen:C4015067,,True
Orphanet:100990,,True
MedGen:C0078981,,True
OMIM:615922,,True
Orphanet:98947,,True
MONDO:MONDO:0010699,,True
MedGen:C4023681,,True
MONDO:MONDO:0011339,,True
Orphanet:457,,True
MedGen:C1864818,,True
MONDO:MONDO:0060583,,True
MedGen:C2752008,,True
Orphanet:99886,,True
MedGen:C2698314,,True
Orphanet:324262,,True
MedGen:C0432226,,True
OMIM:183600,,True
Orphanet:60040,,True
MedGen:C1858025,,True
MedGen:C4476925,,True
MONDO:MONDO:0014898,,True
MONDO:MONDO:0010894,,True
MedGen:C1850456,,True
MONDO:MONDO:0010415,,True
Orphanet:99798,,True
OMIM:609141,,True
MedGen:C1867904,,True
OMIM:608890,,True
MedGen:C1865866,,True
MedGen:C1838263,,True
MedGen:C4225277,,True
MedGen:C2749020,,True
Orphanet:335,,True
MedGen:C0917715,,True
MedGen:C4747646,,True
MedGen:C3715192,,True
MONDO:MONDO:0001751,,True
MONDO:MONDO:0011688,,True
MONDO:MONDO:0013236,,True
MONDO:MONDO:0009849,,True
MedGen:C4016617,,True
Orphanet:178506,,True
MedGen:C1854664,,True
MedGen:C3151058,,True
MedGen:C0162429,,True
OMIM:209850,,True
MONDO:MONDO:0018150,,True
MedGen:C2931213,,True
OMIM:604393,,True
Orphanet:313,,True
MedGen:C4551691,,True
MedGen:C1864730,,True
MedGen:C4021218,,True
MedGen:C4017190,,True
OMIM:607507,,True
MedGen:C1834653,,True
OMIM:270800,,True
MONDO:MONDO:0013764,,True
MedGen:C0268354,,True
Orphanet:300319,,True
MONDO:MONDO:0008597,,True
OMIM:180105,,True
MONDO:MONDO:0011305,,True
MedGen:C0265325,,True
MedGen:C3280794,,True
OMIM:232300,,True
MONDO:MONDO:0013570,,True
MedGen:C3151236,,True
OMIM:127000,,True
MedGen:C4023321,,True
Orphanet:163961,,True
OMIM:258660,,True
MedGen:C4015619,,True
MONDO:MONDO:0019661,,True
MedGen:C2608087,,True
MedGen:C4540096,,True
MedGen:C2937358,,True
MedGen:C3665704,,True
OMIM:312600,,True
MONDO:MONDO:0013148,,True
MONDO:MONDO:0000487,,True
OMIM:615895,,True
MedGen:C2675080,,True
MedGen:C0339534,,True
MONDO:MONDO:0008345,,True
OMIM:607078,,True
Orphanet:329303,,True
MedGen:C4552004,,True
MedGen:C0342842,,True
MONDO:MONDO:0008810,,True
MedGen:C1858565,,True
MedGen:C0270790,,True
MedGen:C1824925,,True
OMIM:612240,,True
OMIM:600361,,True
Orphanet:180,,True
MedGen:C1868690,,True
MedGen:C1866636,,True
OMIM:610006,,True
MedGen:C1865870,,True
OMIM:300498,,True
Orphanet:68341,,True
MedGen:C1408258,,True
OMIM:613953,,True
MONDO:MONDO:0005292,,True
OMIM:142945,,True
MedGen:C0035313,,True
MONDO:MONDO:0008721,,True
MONDO:MONDO:0013546,,True
Orphanet:217371,,True
Orphanet:231531,,True
MONDO:MONDO:0013092,,True
MONDO:MONDO:0024498,,True
MedGen:C1861791,,True
MedGen:C1850127,,True
MONDO:MONDO:0021001,,True
Orphanet:248,,True
MONDO:MONDO:0011803,,True
OMIM:612918,,True
MedGen:C1859863,,True
MONDO:MONDO:0013202,,True
Orphanet:1878,,True
MONDO:MONDO:0009189,,True
MONDO:MONDO:0014554,,True
MedGen:C3888239,,True
Orphanet:1713,,True
MedGen:C0339510,,True
MedGen:C0233794,,True
MONDO:MONDO:0005420,,True
OMIM:252930,,True
MedGen:C3281092,,True
MedGen:C1834235,,True
MONDO:MONDO:0013870,,True
MedGen:C4014479,,True
OMIM:615075,,True
MedGen:C3551173,,True
MedGen:C1847725,,True
MONDO:MONDO:0011103,,True
OMIM:614162,,True
MONDO:MONDO:0012277,,True
OMIM:603358,,True
Orphanet:289176,,True
MONDO:MONDO:0008661,,True
MedGen:C3542024,,True
MedGen:C1844677,,True
OMIM:614895,,True
MedGen:C3554449,,True
MedGen:C0158761,,True
MedGen:C1858516,,True
MedGen:C0751360,,True
OMIM:612284,,True
OMIM:614856,,True
MedGen:C0795889,,True
OMIM:612337,,True
Orphanet:742,,True
MONDO:MONDO:0010361,,True
MONDO:MONDO:0012812,,True
OMIM:618430,,True
MedGen:C0541794,,True
OMIM:130900,,True
MONDO:MONDO:0008822,,True
OMIM:610448,,True
MedGen:C0338474,,True
MONDO:MONDO:0012249,,True
OMIM:613108,,True
Orphanet:98809,,True
Orphanet:88661,,True
Orphanet:320401,,True
OMIM:176920,,True
MedGen:C0410180,,True
MedGen:C2678475,,True
MedGen:C1864721,,True
MedGen:C3151068,,True
MONDO:MONDO:0009617,,True
MedGen:C3151120,,True
OMIM:615996,,True
OMIM:254450,,True
MedGen:C2931104,,True
OMIM:611875,,True
OMIM:613780,,True
MONDO:MONDO:0014390,,True
OMIM:300055,,True
OMIM:259900,,True
MONDO:MONDO:0007906,,True
Orphanet:304,,True
OMIM:613690,,True
OMIM:615378,,True
MedGen:C1845667,,True
MedGen:C4479520,,True
OMIM:187100,,True
OMIM:309590,,True
Orphanet:216796,,True
MedGen:C3280030,,True
OMIM:616172,,True
MedGen:C1857775,,True
MedGen:C1568247,,True
MedGen:C0003706,,True
MONDO:MONDO:0010655,,True
MONDO:MONDO:0014731,,True
OMIM:613021,,True
MONDO:MONDO:0020765,,True
MONDO:MONDO:0014397,,True
OMIM:242860,,True
OMIM:602093,,True
MedGen:C0268155,,True
OMIM:613477,,True
Orphanet:319,,True
Orphanet:178400,,True
MedGen:C0795950,,True
OMIM:250100,,True
MedGen:C0270685,,True
OMIM:615268,,True
OMIM:617829,,True
MedGen:C3541462,,True
MONDO:MONDO:0017571,,True
OMIM:616353,,True
MONDO:MONDO:0011917,,True
MedGen:C4013699,,True
OMIM:193520,,True
Orphanet:763,,True
Orphanet:268817,,True
OMIM:150699,,True
Orphanet:247651,,True
MONDO:MONDO:0015612,,True
MedGen:C1856953,,True
OMIM:612251,,True
MedGen:C4748560,,True
MedGen:C1876175,,True
MedGen:C0085583,,True
OMIM:617157,,True
MedGen:C4551583,,True
OMIM:607371,,True
MONDO:MONDO:0010341,,True
MONDO:MONDO:0014303,,True
MedGen:C0264162,,True
MedGen:C4310728,,True
MedGen:C0263505,,True
Orphanet:79365,,True
MedGen:C0333068,,True
Orphanet:90636,,True
MONDO:MONDO:0005575,,True
MedGen:C3150739,,True
OMIM:616920,,True
MONDO:MONDO:0015148,,True
OMIM:617450,,True
MedGen:C1141890,,True
MONDO:MONDO:0029135,,True
MedGen:C0027127,,True
OMIM:615351,,True
OMIM:609621,,True
OMIM:617883,,True
OMIM:613076,,True
MedGen:C1969232,,True
OMIM:616362,,True
MONDO:MONDO:0001115,,True
OMIM:618089,,True
MONDO:MONDO:0024528,,True
MONDO:MONDO:0002271,,True
MONDO:MONDO:0007733,,True
MedGen:C1867155,,True
OMIM:614874,,True
OMIM:609706,,True
MedGen:C4083047,,True
MONDO:MONDO:0024552,,True
MONDO:MONDO:0012644,,True
OMIM:138500,,True
MedGen:C3280216,,True
MONDO:MONDO:0011395,,True
MONDO:MONDO:0019503,,True
MedGen:C0079294,,True
OMIM:230200,,True
OMIM:308700,,True
MedGen:C0432072,,True
MONDO:MONDO:0015469,,True
MedGen:C1860191,,True
MedGen:C4073082,,True
MONDO:MONDO:0030913,,True
MedGen:C2676772,,True
MONDO:MONDO:0010358,,True
Orphanet:1555,,True
MONDO:MONDO:0009261,,True
OMIM:615873,,True
OMIM:615007,,True
MedGen:C0311338,,True
MedGen:C3890168,,True
OMIM:600110,,True
MedGen:C1848670,,True
MedGen:C0034935,,True
MedGen:C4016956,,True
MONDO:MONDO:0009033,,True
MONDO:MONDO:0007103,,True
MedGen:C0006142,,True
MedGen:C2675719,,True
OMIM:613800,,True
MedGen:C3809233,,True
OMIM:150230,,True
MONDO:MONDO:0014778,,True
MedGen:C1849437,,True
Orphanet:42062,,True
MedGen:C0265227,,True
MONDO:MONDO:0007718,,True
MedGen:C4225388,,True
MedGen:C3279941,,True
MONDO:MONDO:0012003,,True
MONDO:MONDO:0009558,,True
MONDO:MONDO:0017979,,True
MedGen:C3150733,,True
OMIM:304500,,True
MedGen:C1458140,,True
MedGen:C1843942,,True
MedGen:C0751748,,True
Orphanet:1478,,True
MONDO:MONDO:0014671,,True
Orphanet:330,,True
MedGen:C0020492,,True
MedGen:C1970180,,True
MedGen:C1850764,,True
MONDO:MONDO:0014588,,True
Orphanet:466934,,True
Orphanet:3450,,True
MedGen:C3151609,,True
MONDO:MONDO:0005244,,True
Orphanet:369840,,True
OMIM:617711,,True
MedGen:C1879286,,True
MONDO:MONDO:0012953,,True
MONDO:MONDO:0001529,,True
MONDO:MONDO:0009746,,True
MedGen:C5193127,,True
MONDO:MONDO:0011898,,True
MONDO:MONDO:0013933,,True
Orphanet:280333,,True
Orphanet:99937,,True
MONDO:MONDO:0009485,,True
MedGen:C1836517,,True
OMIM:614337,,True
MONDO:MONDO:0004565,,True
MedGen:C4748827,,True
MONDO:MONDO:0013750,,True
MedGen:C0574083,,True
Orphanet:540,,True
MONDO:MONDO:0012871,,True
MedGen:C1866730,,True
OMIM:609465,,True
MONDO:MONDO:0054701,,True
Orphanet:438213,,True
MedGen:C2931787,,True
MONDO:MONDO:0014562,,True
MONDO:MONDO:0005377,,True
Orphanet:35701,,True
Orphanet:200037,,True
MedGen:C1866560,,True
MedGen:C1969810,,True
MONDO:MONDO:0013887,,True
MedGen:C0018802,,True
MedGen:C1856963,,True
OMIM:618295,,True
MONDO:MONDO:0008907,,True
OMIM:608644,,True
MedGen:C1867468,,True
MedGen:C2673229,,True
Orphanet:2228,,True
MedGen:C4751168,,True
MedGen:C1858186,,True
OMIM:248450,,True
Orphanet:542306,,True
MONDO:MONDO:0005212,,True
MONDO:MONDO:0008483,,True
Orphanet:47044,,True
MedGen:C2750063,,True
MONDO:MONDO:0011841,,True
MedGen:C4225404,,True
Orphanet:391372,,True
MedGen:C2931019,,True
OMIM:618270,,True
MedGen:C0575081,,True
OMIM:617121,,True
MedGen:C0751837,,True
MONDO:MONDO:0010305,,True
MONDO:MONDO:0012880,,True
MONDO:MONDO:0010235,,True
OMIM:616304,,True
MedGen:C3806688,,True
OMIM:615465,,True
MONDO:MONDO:0100151,,True
OMIM:235550,,True
OMIM:260565,,True
MONDO:MONDO:0011632,,True
MedGen:C2676790,,True
MONDO:MONDO:0014413,,True
MedGen:C3553929,,True
MedGen:C1837830,,True
MedGen:C1835564,,True
MONDO:MONDO:0011658,,True
MedGen:C0238463,,True
Orphanet:93403,,True
OMIM:600794,,True
Orphanet:2614,,True
MedGen:C0342788,,True
OMIM:615350,,True
Orphanet:2733,,True
MedGen:C1857829,,True
Orphanet:183763,,True
MedGen:C1848934,,True
MONDO:MONDO:0002474,,True
MONDO:MONDO:0011667,,True
OMIM:613807,,True
MONDO:MONDO:0012651,,True
MedGen:C1849923,,True
OMIM:145420,,True
MONDO:MONDO:0007420,,True
MedGen:C1847759,,True
MedGen:C1858262,,True
MedGen:C0221406,,True
MONDO:MONDO:0014511,,True
MONDO:MONDO:0014369,,True
MedGen:C0034960,,True
MedGen:C3501854,,True
MedGen:C1836451,,True
MedGen:C1851573,,True
MONDO:MONDO:0005089,,True
MedGen:C0751663,,True
Orphanet:207063,,True
MONDO:MONDO:0011534,,True
OMIM:615269,,True
MedGen:C0265252,,True
MONDO:MONDO:0013588,,True
MONDO:MONDO:0017446,,True
MedGen:C0175702,,True
MedGen:C0018798,,True
MedGen:C0236048,,True
OMIM:108500,,True
OMIM:600852,,True
MONDO:MONDO:0013602,,True
MedGen:C2749240,,True
MedGen:C3280799,,True
MONDO:MONDO:0013919,,True
OMIM:615010,,True
MedGen:C3887964,,True
MedGen:C3809650,,True
MedGen:C1845903,,True
MONDO:MONDO:0032572,,True
OMIM:616435,,True
MONDO:MONDO:0009010,,True
MONDO:MONDO:0007886,,True
MedGen:C3152055,,True
MONDO:MONDO:0011668,,True
MedGen:C4759928,,True
OMIM:174050,,True
MedGen:C0376524,,True
MedGen:C3810332,,True
MONDO:MONDO:0032785,,True
MedGen:C5231497,,True
Orphanet:3021,,True
MedGen:C4016507,,True
MedGen:C4225246,,True
OMIM:618632,,True
OMIM:300475,,True
Orphanet:466,,True
MedGen:C0457756,,True
Orphanet:2170,,True
OMIM:615552,,True
MONDO:MONDO:0012847,,True
MONDO:MONDO:0007722,,True
MONDO:MONDO:0007947,,True
MedGen:C3279905,,True
Orphanet:544469,,True
MONDO:MONDO:0020088,,True
MedGen:C0008767,,True
Orphanet:268936,,True
MONDO:MONDO:0011781,,True
MedGen:C1970107,,True
MONDO:MONDO:0021060,,True
MedGen:C1832845,,True
OMIM:607453,,True
OMIM:614608,,True
MedGen:C0431904,,True
MedGen:C4310662,,True
MONDO:MONDO:0012730,,True
MONDO:MONDO:0013490,,True
MedGen:C4310799,,True
MedGen:C0750384,,True
MedGen:C0042109,,True
OMIM:264070,,True
MedGen:C2930989,,True
Orphanet:35122,,True
OMIM:255960,,True
MONDO:MONDO:0010289,,True
Orphanet:100994,,True
Orphanet:93360,,True
OMIM:619055,,True
MONDO:MONDO:0011435,,True
Orphanet:140927,,True
MedGen:C1858430,,True
Orphanet:849,,True
MONDO:MONDO:0000448,,True
MONDO:MONDO:0014907,,True
MedGen:C3810359,,True
MedGen:C0016522,,True
MONDO:MONDO:0014690,,True
MONDO:MONDO:0012060,,True
OMIM:186100,,True
MONDO:MONDO:0010968,,True
Orphanet:437572,,True
MedGen:C2751805,,True
Orphanet:228337,,True
MedGen:C1556381,,True
Orphanet:2484,,True
MedGen:C0009402,,True
MONDO:MONDO:0013389,,True
MONDO:MONDO:0018072,,True
MONDO:MONDO:0003235,,True
MedGen:C0031511,,True
MONDO:MONDO:0015759,,True
MedGen:C3502809,,True
MedGen:C3151898,,True
MONDO:MONDO:0011529,,True
MedGen:C4520679,,True
MONDO:MONDO:0013959,,True
Orphanet:183678,,True
Orphanet:743,,True
MONDO:MONDO:0007804,,True
MedGen:C4310651,,True
MONDO:MONDO:0016684,,True
OMIM:614417,,True
MedGen:C0008489,,True
MedGen:C2931418,,True
MedGen:C2675192,,True
Orphanet:75377,,True
MedGen:C1846038,,True
MedGen:C0015625,,True
MedGen:C1302645,,True
MONDO:MONDO:0012555,,True
MONDO:MONDO:0013739,,True
Orphanet:2725,,True
MedGen:C4017203,,True
MedGen:C0472767,,True
MONDO:MONDO:0005180,,True
MedGen:C3151107,,True
MedGen:C0267662,,True
Orphanet:329195,,True
OMIM:616549,,True
Orphanet:85192,,True
MONDO:MONDO:0015270,,True
MONDO:MONDO:0011325,,True
OMIM:139210,,True
MedGen:C3809798,,True
MedGen:C1845070,,True
MedGen:C4225248,,True
MONDO:MONDO:0010819,,True
Orphanet:2501,,True
MedGen:C1858302,,True
MONDO:MONDO:0011196,,True
Orphanet:263482,,True
OMIM:300971,,True
OMIM:265000,,True
MONDO:MONDO:0006588,,True
Orphanet:247798,,True
Orphanet:98938,,True
OMIM:612649,,True
Orphanet:319276,,True
Orphanet:2442,,True
OMIM:150250,,True
OMIM:156530,,True
MedGen:C0010276,,True
MedGen:C1853223,,True
MedGen:C3281105,,True
MedGen:C3150411,,True
OMIM:609284,,True
MedGen:C0153439,,True
MedGen:C0152164,,True
MedGen:C1850362,,True
OMIM:261640,,True
MedGen:C2677106,,True
MedGen:C4016983,,True
OMIM:614940,,True
OMIM:613731,,True
MedGen:C1854449,,True
MedGen:C4748767,,True
Orphanet:263455,,True
OMIM:616267,,True
MONDO:MONDO:0013620,,True
MedGen:C1839566,,True
Orphanet:93975,,True
MONDO:MONDO:0008833,,True
OMIM:609942,,True
MONDO:MONDO:0014181,,True
OMIM:612899,,True
MedGen:C4017330,,True
Orphanet:1949,,True
OMIM:608837,,True
MONDO:MONDO:0014034,,True
MONDO:MONDO:0013158,,True
MONDO:MONDO:0013215,,True
MedGen:C1843164,,True
Orphanet:3166,,True
MONDO:MONDO:0003608,,True
MONDO:MONDO:0002142,,True
MedGen:C3888244,,True
MedGen:C1836653,,True
MONDO:MONDO:0015014,,True
OMIM:113000,,True
MedGen:C1857761,,True
MedGen:C3280041,,True
Orphanet:26791,,True
MONDO:MONDO:0011652,,True
MedGen:C1847835,,True
MONDO:MONDO:0013129,,True
MedGen:C1849762,,True
MONDO:MONDO:0008315,,True
MedGen:C1864908,,True
MedGen:C3809001,,True
MONDO:MONDO:0002185,,True
OMIM:226960,,True
Orphanet:217607,,True
MONDO:MONDO:0011797,,True
OMIM:218800,,True
MedGen:C0266292,,True
OMIM:611093,,True
Orphanet:445110,,True
MedGen:C3809042,,True
MONDO:MONDO:0013776,,True
MedGen:C4310678,,True
MONDO:MONDO:0009367,,True
MedGen:C1335996,,True
MedGen:C0024421,,True
MedGen:C2931005,,True
OMIM:147891,,True
OMIM:616026,,True
MedGen:C3150416,,True
MONDO:MONDO:0011628,,True
MedGen:C4476710,,True
MedGen:C2750467,,True
OMIM:190351,,True
MONDO:MONDO:0007523,,True
MedGen:C2752037,,True
OMIM:618436,,True
MONDO:MONDO:0014722,,True
MONDO:MONDO:0011784,,True
MONDO:MONDO:0016971,,True
Orphanet:98363,,True
OMIM:194300,,True
OMIM:617393,,True
OMIM:615139,,True
MedGen:C3151356,,True
MedGen:C2930900,,True
Orphanet:399096,,True
Orphanet:39041,,True
Orphanet:166100,,True
Orphanet:2763,,True
MONDO:MONDO:0011613,,True
MedGen:C1858279,,True
OMIM:167400,,True
MONDO:MONDO:0003291,,True
MedGen:C3891817,,True
MedGen:C3808414,,True
MedGen:C1837026,,True
MedGen:C1839040,,True
MedGen:C4016403,,True
MedGen:C4692845,,True
MedGen:C4316870,,True
MONDO:MONDO:0013695,,True
Orphanet:369867,,True
MedGen:C4225253,,True
MedGen:C1851741,,True
MONDO:MONDO:0010503,,True
MedGen:C0339284,,True
MedGen:C3552553,,True
Orphanet:2897,,True
MONDO:MONDO:0010779,,True
Orphanet:39044,,True
MedGen:C3150755,,True
OMIM:616779,,True
OMIM:121210,,True
MedGen:C2239176,,True
OMIM:610419,,True
MedGen:C0432198,,True
MedGen:C1849943,,True
MedGen:C3279722,,True
OMIM:300804,,True
OMIM:617718,,True
MedGen:C0013362,,True
Orphanet:1170,,True
Orphanet:90322,,True
MedGen:C4476886,,True
OMIM:614383,,True
MONDO:MONDO:0010493,,True
MedGen:C4551824,,True
OMIM:607200,,True
MONDO:MONDO:0009503,,True
OMIM:147250,,True
OMIM:618858,,True
MedGen:C4015782,,True
MedGen:C4015167,,True
MONDO:MONDO:0013355,,True
Orphanet:79284,,True
MedGen:C0023521,,True
MedGen:C4021254,,True
MONDO:MONDO:0044714,,True
MedGen:C4225314,,True
MedGen:C4025019,,True
MedGen:C4539754,,True
MONDO:MONDO:0010976,,True
MedGen:C1832669,,True
MONDO:MONDO:0011202,,True
Orphanet:52428,,True
MedGen:C0268243,,True
MONDO:MONDO:0013249,,True
Orphanet:661,,True
MONDO:MONDO:0014752,,True
MedGen:C1847967,,True
MONDO:MONDO:0032574,,True
Orphanet:53739,,True
Orphanet:93299,,True
MedGen:C3276706,,True
MONDO:MONDO:0010689,,True
MONDO:MONDO:0014537,,True
OMIM:614487,,True
MedGen:C4085582,,True
Orphanet:1216,,True
MedGen:C1838702,,True
OMIM:615916,,True
MedGen:C4016286,,True
MONDO:MONDO:0012142,,True
Orphanet:480880,,True
MedGen:C4015555,,True
MedGen:C1836696,,True
MedGen:C1863732,,True
OMIM:606685,,True
MedGen:C1855119,,True
MONDO:MONDO:0014818,,True
MedGen:C4024799,,True
OMIM:258100,,True
MedGen:C0040038,,True
MONDO:MONDO:0012433,,True
MONDO:MONDO:0013612,,True
OMIM:616118,,True
OMIM:614750,,True
MONDO:MONDO:0013461,,True
MONDO:MONDO:0008156,,True
MedGen:C2751986,,True
Orphanet:127,,True
MONDO:MONDO:0007844,,True
MONDO:MONDO:0007172,,True
Orphanet:65284,,True
OMIM:614814,,True
MedGen:C3554079,,True
OMIM:249500,,True
Orphanet:308393,,True
MedGen:C3553728,,True
MedGen:C1846288,,True
MedGen:C1863599,,True
MedGen:C2675750,,True
MedGen:C0007194,,True
MONDO:MONDO:0008748,,True
Orphanet:65743,,True
MedGen:C0041207,,True
OMIM:617108,,True
MONDO:MONDO:0020667,,True
MONDO:MONDO:0014095,,True
Orphanet:254688,,True
MONDO:MONDO:0032908,,True
OMIM:611762,,True
OMIM:174200,,True
MONDO:MONDO:0009783,,True
MedGen:C0035615,,True
Orphanet:52429,,True
OMIM:615837,,True
MONDO:MONDO:0013559,,True
OMIM:614021,,True
OMIM:600143,,True
Orphanet:263516,,True
MONDO:MONDO:0009514,,True
MONDO:MONDO:0006573,,True
MedGen:C4017102,,True
OMIM:613643,,True
MedGen:C2750737,,True
MONDO:MONDO:0012427,,True
OMIM:613703,,True
OMIM:615228,,True
OMIM:605130,,True
MONDO:MONDO:0020841,,True
MONDO:MONDO:0013269,,True
Orphanet:369942,,True
MedGen:C1969796,,True
OMIM:615287,,True
MedGen:C4540389,,True
MedGen:C2673257,,True
MONDO:MONDO:0011477,,True
MedGen:C1855116,,True
OMIM:101200,,True
MONDO:MONDO:0013145,,True
MedGen:C2676676,,True
MONDO:MONDO:0013426,,True
MONDO:MONDO:0010317,,True
MedGen:C1833229,,True
OMIM:612562,,True
MONDO:MONDO:0015765,,True
OMIM:617875,,True
OMIM:604777,,True
Orphanet:343,,True
MONDO:MONDO:0010119,,True
MedGen:C0343190,,True
MONDO:MONDO:0016021,,True
MONDO:MONDO:0012421,,True
MONDO:MONDO:0010918,,True
MedGen:C0206718,,True
OMIM:251200,,True
MedGen:C1856304,,True
OMIM:253200,,True
OMIM:201710,,True
MedGen:C1845334,,True
MedGen:C2931850,,True
MONDO:MONDO:0005138,,True
MedGen:C0268344,,True
MedGen:C4225416,,True
OMIM:602361,,True
Orphanet:444116,,True
MedGen:C1840376,,True
MedGen:C1860752,,True
MedGen:C1865366,,True
MedGen:C1846529,,True
Orphanet:3189,,True
Orphanet:93213,,True
MedGen:C3809087,,True
MedGen:C1857663,,True
OMIM:104200,,True
Orphanet:369894,,True
MONDO:MONDO:0013122,,True
MedGen:C0043116,,True
OMIM:182940,,True
Orphanet:415,,True
MedGen:C3698541,,True
MONDO:MONDO:0006046,,True
MONDO:MONDO:0000913,,True
MONDO:MONDO:0011504,,True
MedGen:C0426428,,True
MONDO:MONDO:0014226,,True
MONDO:MONDO:0014498,,True
MONDO:MONDO:0013590,,True
MedGen:C1968739,,True
MONDO:MONDO:0009717,,True
MedGen:C4748754,,True
Orphanet:26793,,True
OMIM:618810,,True
OMIM:155255,,True
MedGen:C0344697,,True
MedGen:C3151462,,True
OMIM:276901,,True
MedGen:C4551647,,True
MedGen:C0749424,,True
MedGen:C0027726,,True
MONDO:MONDO:0010559,,True
MONDO:MONDO:0005586,,True
OMIM:616914,,True
MedGen:C1842836,,True
MONDO:MONDO:0014174,,True
OMIM:616266,,True
OMIM:617772,,True
Orphanet:293707,,True
OMIM:618005,,True
OMIM:177820,,True
MedGen:C4551906,,True
OMIM:133200,,True
OMIM:611878,,True
MONDO:MONDO:0009609,,True
Orphanet:2836,,True
MedGen:C4053775,,True
Orphanet:132,,True
OMIM:612653,,True
MedGen:C4693616,,True
MedGen:C1866785,,True
MONDO:MONDO:0010794,,True
Orphanet:104,,True
Orphanet:284979,,True
Orphanet:552,,True
MedGen:C2751318,,True
MedGen:C2752040,,True
MONDO:MONDO:0011969,,True
MedGen:C3554279,,True
OMIM:266265,,True
MedGen:C1858593,,True
OMIM:259450,,True
OMIM:257300,,True
MedGen:C0035335,,True
Orphanet:96253,,True
MedGen:C4748725,,True
MedGen:C1854310,,True
MedGen:C0021051,,True
MONDO:MONDO:0010703,,True
MONDO:MONDO:0014278,,True
MedGen:C4748708,,True
MedGen:C4225411,,True
MONDO:MONDO:0010430,,True
OMIM:615491,,True
MONDO:MONDO:0014059,,True
OMIM:618718,,True
OMIM:613217,,True
Orphanet:970,,True
MedGen:C3805410,,True
MONDO:MONDO:0014447,,True
OMIM:617960,,True
MedGen:C0684276,,True
MedGen:C1833797,,True
MedGen:C0265264,,True
Orphanet:1540,,True
MedGen:C1865234,,True
MONDO:MONDO:0013940,,True
OMIM:615889,,True
OMIM:615279,,True
MedGen:C0393818,,True
MedGen:C1864567,,True
MONDO:MONDO:0013181,,True
MONDO:MONDO:0020491,,True
Orphanet:98366,,True
MedGen:C3279660,,True
MedGen:C1864233,,True
MONDO:MONDO:0000483,,True
Orphanet:100044,,True
OMIM:614429,,True
OMIM:607087,,True
Orphanet:3342,,True
MONDO:MONDO:0021259,,True
OMIM:608358,,True
MONDO:MONDO:0000508,,True
MedGen:C3808983,,True
MONDO:MONDO:0060666,,True
MedGen:C1833429,,True
MedGen:C3151405,,True
MONDO:MONDO:0015470,,True
MONDO:MONDO:0009953,,True
MedGen:C0206656,,True
OMIM:613411,,True
OMIM:157640,,True
MedGen:C2677180,,True
MedGen:C0346010,,True
MONDO:MONDO:0012737,,True
MedGen:C0220981,,True
MedGen:C4225419,,True
Orphanet:98505,,True
MONDO:MONDO:0011945,,True
OMIM:135150,,True
OMIM:615771,,True
MedGen:C5231409,,True
MedGen:C4225365,,True
OMIM:230400,,True
Orphanet:99014,,True
Orphanet:1340,,True
OMIM:236250,,True
OMIM:149400,,True
MedGen:C1865832,,True
Orphanet:139515,,True
MONDO:MONDO:0010437,,True
Orphanet:206580,,True
MedGen:C1837471,,True
MedGen:C1846829,,True
MONDO:MONDO:0012336,,True
MedGen:C0560046,,True
OMIM:614474,,True
MONDO:MONDO:0008751,,True
MedGen:C3806711,,True
MedGen:C4225244,,True
MONDO:MONDO:0006468,,True
MONDO:MONDO:0030922,,True
Orphanet:477673,,True
MedGen:C4310743,,True
Orphanet:93592,,True
MedGen:C0151723,,True
Orphanet:2143,,True
OMIM:300818,,True
OMIM:610883,,True
MedGen:C0271097,,True
OMIM:615540,,True
OMIM:617604,,True
Orphanet:101995,,True
OMIM:612624,,True
MONDO:MONDO:0013116,,True
MedGen:C1832950,,True
OMIM:615728,,True
MedGen:C3553660,,True
MedGen:C2676465,,True
OMIM:613617,,True
OMIM:146500,,True
MONDO:MONDO:0008338,,True
MedGen:C3888631,,True
MedGen:C3554343,,True
MONDO:MONDO:0009945,,True
MONDO:MONDO:0020740,,True
MedGen:C1837915,,True
Orphanet:75381,,True
OMIM:619007,,True
OMIM:617938,,True
MONDO:MONDO:0011426,,True
MedGen:C1845051,,True
MONDO:MONDO:0014551,,True
Orphanet:480476,,True
MedGen:C1846707,,True
OMIM:211500,,True
MONDO:MONDO:0014994,,True
MONDO:MONDO:0016710,,True
MedGen:C0587246,,True
MedGen:C1837657,,True
MONDO:MONDO:0012544,,True
MedGen:C5203411,,True
MedGen:C1851413,,True
MONDO:MONDO:0013411,,True
MedGen:C2673186,,True
OMIM:600142,,True
MedGen:C2931107,,True
MedGen:C1458155,,True
OMIM:617225,,True
MedGen:C2673759,,True
MONDO:MONDO:0007601,,True
MedGen:C5190706,,True
MedGen:C3553247,,True
MedGen:C4551558,,True
MedGen:C0028960,,True
MONDO:MONDO:0010075,,True
MONDO:MONDO:0009591,,True
MedGen:C4693371,,True
MedGen:C3554247,,True
Orphanet:99977,,True
Orphanet:98902,,True
OMIM:302800,,True
OMIM:614296,,True
OMIM:300215,,True
MedGen:C3809971,,True
MedGen:C0152271,,True
OMIM:615979,,True
MedGen:C0751003,,True
Orphanet:252164,,True
MONDO:MONDO:0054742,,True
OMIM:613029,,True
MONDO:MONDO:0007672,,True
MedGen:C1836006,,True
MedGen:C3150547,,True
MedGen:C3151071,,True
MedGen:C0035229,,True
OMIM:618774,,True
MedGen:C4023800,,True
MedGen:C4706555,,True
MedGen:C1864623,,True
OMIM:312300,,True
Orphanet:35078,,True
OMIM:615284,,True
Orphanet:329242,,True
OMIM:615188,,True
MedGen:C0431391,,True
OMIM:103500,,True
MedGen:C0270913,,True
MedGen:C2745948,,True
MedGen:C5193095,,True
OMIM:615396,,True
MedGen:C1863844,,True
MedGen:C1840061,,True
OMIM:232200,,True
Orphanet:275864,,True
MONDO:MONDO:0018995,,True
MONDO:MONDO:0007411,,True
MONDO:MONDO:0012157,,True
MedGen:C5193005,,True
MedGen:C4025276,,True
MONDO:MONDO:0011832,,True
MONDO:MONDO:0007963,,True
MedGen:C0039144,,True
MedGen:C4759774,,True
OMIM:617061,,True
OMIM:300048,,True
MedGen:C1836861,,True
MONDO:MONDO:0007959,,True
Orphanet:99885,,True
MedGen:C0018671,,True
OMIM:610508,,True
MONDO:MONDO:0012289,,True
MONDO:MONDO:0014296,,True
MedGen:C0751617,,True
OMIM:147791,,True
MedGen:C4225237,,True
Orphanet:238455,,True
Orphanet:1394,,True
MedGen:C1853733,,True
MONDO:MONDO:0014843,,True
MedGen:C0241816,,True
MONDO:MONDO:0014123,,True
MedGen:C1857641,,True
MONDO:MONDO:0014392,,True
MONDO:MONDO:0024519,,True
MONDO:MONDO:0009856,,True
MONDO:MONDO:0008048,,True
MedGen:C1865014,,True
MONDO:MONDO:0014773,,True
MedGen:C0340427,,True
MONDO:MONDO:0003778,,True
MONDO:MONDO:0004849,,True
MONDO:MONDO:0005439,,True
MONDO:MONDO:0020854,,True
Orphanet:2526,,True
Orphanet:99940,,True
MONDO:MONDO:0007173,,True
OMIM:300291,,True
MedGen:C3554656,,True
Orphanet:293978,,True
OMIM:613779,,True
OMIM:500001,,True
MedGen:C1832386,,True
MedGen:C0152457,,True
Orphanet:231393,,True
MedGen:C4310805,,True
Orphanet:98984,,True
MONDO:MONDO:0013882,,True
MONDO:MONDO:0007639,,True
OMIM:300448,,True
MONDO:MONDO:0054738,,True
MONDO:MONDO:0009557,,True
MONDO:MONDO:0014382,,True
MONDO:MONDO:0014815,,True
MedGen:C4225346,,True
OMIM:607682,,True
OMIM:617260,,True
MedGen:C4017094,,True
OMIM:616158,,True
MedGen:C5231416,,True
MedGen:C0751587,,True
OMIM:257270,,True
MedGen:C4284790,,True
OMIM:226750,,True
OMIM:228520,,True
MONDO:MONDO:0014433,,True
MedGen:C3550273,,True
MONDO:MONDO:0012012,,True
Orphanet:75382,,True
Orphanet:275872,,True
MedGen:C1970441,,True
OMIM:612138,,True
Orphanet:98661,,True
Orphanet:3138,,True
MedGen:C4016839,,True
MONDO:MONDO:0010777,,True
MedGen:C0017205,,True
MONDO:MONDO:0010808,,True
MONDO:MONDO:0024506,,True
MONDO:MONDO:0008795,,True
MONDO:MONDO:0007472,,True
MONDO:MONDO:0018170,,True
Orphanet:157769,,True
Orphanet:2134,,True
MedGen:C5193043,,True
MONDO:MONDO:0012132,,True
Orphanet:306773,,True
MedGen:C0152419,,True
MedGen:C4310641,,True
MedGen:C1846980,,True
OMIM:601200,,True
Orphanet:98904,,True
OMIM:606392,,True
MedGen:C2751643,,True
MedGen:C2752001,,True
OMIM:615866,,True
MONDO:MONDO:0007850,,True
Orphanet:140465,,True
OMIM:616022,,True
OMIM:607464,,True
MedGen:C4310727,,True
MedGen:C1863727,,True
MONDO:MONDO:0016553,,True
OMIM:601067,,True
MedGen:C0271623,,True
OMIM:614920,,True
MedGen:C4014993,,True
MONDO:MONDO:0014002,,True
OMIM:611102,,True
MONDO:MONDO:0010826,,True
MONDO:MONDO:0032779,,True
MONDO:MONDO:0011896,,True
MedGen:C1835896,,True
MedGen:C1849722,,True
MONDO:MONDO:0013828,,True
OMIM:123100,,True
Orphanet:633,,True
MedGen:C1970211,,True
Orphanet:681,,True
MONDO:MONDO:0007943,,True
MONDO:MONDO:0003432,,True
OMIM:615632,,True
MedGen:C1838579,,True
MONDO:MONDO:0013082,,True
MedGen:C1841721,,True
Orphanet:488650,,True
MedGen:C0023530,,True
MedGen:C0796012,,True
MedGen:C1706416,,True
MONDO:MONDO:0019568,,True
MedGen:C4014578,,True
MedGen:C5192594,,True
MedGen:C4310769,,True
MedGen:C4225380,,True
MONDO:MONDO:0014614,,True
MedGen:C0685787,,True
Orphanet:79091,,True
MONDO:MONDO:0014209,,True
MONDO:MONDO:0013681,,True
MedGen:C0279702,,True
OMIM:227300,,True
MedGen:C0279606,,True
OMIM:601544,,True
MONDO:MONDO:0005347,,True
OMIM:610805,,True
MedGen:C4022625,,True
MedGen:C0431384,,True
MedGen:C0266166,,True
MONDO:MONDO:0014451,,True
MONDO:MONDO:0014545,,True
OMIM:500011,,True
MONDO:MONDO:0016249,,True
MONDO:MONDO:0019064,,True
MedGen:C5193051,,True
OMIM:616067,,True
OMIM:615233,,True
MedGen:C0221061,,True
MedGen:C1858664,,True
Orphanet:52430,,True
MedGen:C1859486,,True
Orphanet:635,,True
MedGen:C0027831,,True
MONDO:MONDO:0014739,,True
Orphanet:512,,True
MedGen:C0268271,,True
MedGen:C4225417,,True
MedGen:C3280556,,True
Orphanet:2238,,True
Orphanet:685,,True
OMIM:603671,,True
MedGen:C4025846,,True
MONDO:MONDO:0008554,,True
MONDO:MONDO:0011457,,True
MedGen:C1849453,,True
Orphanet:79299,,True
MONDO:MONDO:0013939,,True
MedGen:C1865143,,True
OMIM:148210,,True
MedGen:C1867864,,True
MONDO:MONDO:0014032,,True
MONDO:MONDO:0011225,,True
MedGen:C4748395,,True
OMIM:611718,,True
MONDO:MONDO:0014704,,True
OMIM:614619,,True
MONDO:MONDO:0005399,,True
OMIM:238970,,True
MONDO:MONDO:0054708,,True
MONDO:MONDO:0013972,,True
MedGen:C2673923,,True
MedGen:C0262587,,True
MedGen:C3151204,,True
OMIM:250790,,True
OMIM:158320,,True
MedGen:C1850053,,True
OMIM:114300,,True
MONDO:MONDO:0011842,,True
OMIM:617236,,True
MONDO:MONDO:0044792,,True
MedGen:C0346326,,True
OMIM:613673,,True
OMIM:300645,,True
OMIM:611879,,True
MedGen:C4310772,,True
MedGen:C1837974,,True
Orphanet:79486,,True
MONDO:MONDO:0005267,,True
MedGen:C1970237,,True
Orphanet:423470,,True
MedGen:C3809606,,True
MedGen:C2675113,,True
MedGen:C0011991,,True
MedGen:C4016627,,True
Orphanet:538963,,True
MedGen:C3550963,,True
Orphanet:2478,,True
MedGen:C3887608,,True
MONDO:MONDO:0000133,,True
OMIM:600060,,True
OMIM:246300,,True
Orphanet:1856,,True
MedGen:C3159322,,True
MedGen:C0010495,,True
MONDO:MONDO:0009539,,True
MedGen:C2751313,,True
MedGen:C0553681,,True
MedGen:C0268140,,True
MedGen:C3150738,,True
Orphanet:411986,,True
OMIM:607706,,True
MedGen:C0340477,,True
MONDO:MONDO:0013259,,True
MedGen:C0268077,,True
Orphanet:135,,True
MedGen:C1837388,,True
OMIM:604168,,True
MedGen:C0205700,,True
MedGen:C1862170,,True
OMIM:614053,,True
MedGen:C0398738,,True
OMIM:107970,,True
Orphanet:363686,,True
OMIM:613194,,True
OMIM:604091,,True
MedGen:C0342573,,True
MedGen:C0039373,,True
OMIM:256030,,True
MONDO:MONDO:0016387,,True
OMIM:609218,,True
OMIM:613517,,True
MedGen:C0009024,,True
MONDO:MONDO:0012400,,True
MONDO:MONDO:0011792,,True
MedGen:C4024201,,True
MedGen:C1842763,,True
OMIM:144200,,True
MONDO:MONDO:0011957,,True
MONDO:MONDO:0008926,,True
Orphanet:920,,True
OMIM:617537,,True
MONDO:MONDO:0013013,,True
OMIM:604403,,True
Orphanet:35,,True
MONDO:MONDO:0008521,,True
MONDO:MONDO:0019354,,True
MONDO:MONDO:0007160,,True
MedGen:C3280026,,True
Orphanet:79430,,True
OMIM:613752,,True
OMIM:615361,,True
Orphanet:602,,True
OMIM:613767,,True
MONDO:MONDO:0014258,,True
MONDO:MONDO:0012362,,True
Orphanet:558,,True
OMIM:606612,,True
MONDO:MONDO:0008772,,True
MONDO:MONDO:0013932,,True
OMIM:616094,,True
MONDO:MONDO:0018132,,True
MedGen:C2931067,,True
MONDO:MONDO:0009277,,True
MONDO:MONDO:0011412,,True
Orphanet:137,,True
MedGen:C0162532,,True
Orphanet:79354,,True
MedGen:C3808981,,True
OMIM:605714,,True
MedGen:C4014767,,True
OMIM:616716,,True
MedGen:C0029128,,True
MedGen:C4022990,,True
MONDO:MONDO:0008173,,True
OMIM:158350,,True
Orphanet:2117,,True
MONDO:MONDO:0011674,,True
Orphanet:79433,,True
OMIM:602066,,True
MONDO:MONDO:0012250,,True
MedGen:C2751642,,True
MedGen:C4540265,,True
OMIM:616481,,True
MedGen:C3553494,,True
MONDO:MONDO:0013157,,True
MedGen:C4015557,,True
OMIM:600081,,True
Orphanet:247691,,True
OMIM:616911,,True
MONDO:MONDO:0013599,,True
MedGen:C1866934,,True
MedGen:C1851562,,True
MONDO:MONDO:0007727,,True
MedGen:C1847132,,True
MedGen:C0013423,,True
MONDO:MONDO:0014894,,True
MedGen:C0206733,,True
MedGen:C3808145,,True
OMIM:208540,,True
Orphanet:171881,,True
MONDO:MONDO:0024541,,True
MedGen:C1857025,,True
OMIM:193400,,True
MedGen:C3806745,,True
MONDO:MONDO:0012815,,True
MedGen:C3554002,,True
Orphanet:99736,,True
MONDO:MONDO:0011269,,True
Orphanet:85167,,True
OMIM:266600,,True
MedGen:C3151464,,True
MedGen:C2751320,,True
MedGen:C5193078,,True
OMIM:259700,,True
MONDO:MONDO:0009693,,True
MedGen:C1848554,,True
MONDO:MONDO:0020560,,True
OMIM:601104,,True
OMIM:600309,,True
MONDO:MONDO:0012750,,True
OMIM:164745,,True
MedGen:C1839259,,True
OMIM:269921,,True
MONDO:MONDO:0012248,,True
MedGen:C4707243,,True
OMIM:611773,,True
MONDO:MONDO:0018902,,True
OMIM:101000,,True
OMIM:300943,,True
MONDO:MONDO:0009703,,True
Orphanet:3193,,True
MedGen:C0553720,,True
MedGen:C4025749,,True
Orphanet:412181,,True
Orphanet:88938,,True
MedGen:C3809312,,True
MedGen:C2675047,,True
MONDO:MONDO:0007495,,True
MedGen:C3807873,,True
MONDO:MONDO:0017112,,True
MedGen:C0542519,,True
MONDO:MONDO:0032800,,True
OMIM:257980,,True
Orphanet:3261,,True
MedGen:C4014742,,True
OMIM:145600,,True
OMIM:304790,,True
MedGen:C3280182,,True
MedGen:C0032000,,True
MONDO:MONDO:0014347,,True
MONDO:MONDO:0016602,,True
Orphanet:280288,,True
MedGen:C4274322,,True
Orphanet:93437,,True
MedGen:C0015499,,True
MedGen:C0018817,,True
Orphanet:705,,True
Orphanet:119,,True
MedGen:C0026709,,True
Orphanet:200418,,True
Orphanet:238763,,True
MedGen:C0410192,,True
OMIM:159001,,True
Orphanet:2440,,True
Orphanet:2148,,True
Orphanet:5,,True
Orphanet:314381,,True
MONDO:MONDO:0033201,,True
OMIM:220100,,True
MedGen:C0236642,,True
MedGen:C3151440,,True
MedGen:C3806604,,True
MONDO:MONDO:0020783,,True
MONDO:MONDO:0008546,,True
MedGen:C4551482,,True
MedGen:C3280036,,True
MONDO:MONDO:0007152,,True
MONDO:MONDO:0014579,,True
MedGen:C0221263,,True
MedGen:C1867981,,True
Orphanet:79107,,True
OMIM:614181,,True
MONDO:MONDO:0013853,,True
MedGen:C0085215,,True
MONDO:MONDO:0013043,,True
MedGen:C2936864,,True
OMIM:618330,,True
MONDO:MONDO:0007363,,True
MedGen:C0342860,,True
Orphanet:541507,,True
OMIM:252010,,True
MedGen:C4025342,,True
MedGen:C3502110,,True
MONDO:MONDO:0017985,,True
MONDO:MONDO:0013159,,True
OMIM:103285,,True
MedGen:C3150874,,True
MedGen:C4017067,,True
MedGen:C0271980,,True
OMIM:300967,,True
Orphanet:251019,,True
OMIM:604169,,True
MONDO:MONDO:0014203,,True
MedGen:C4024220,,True
OMIM:613286,,True
MedGen:C4025279,,True
MONDO:MONDO:0007042,,True
OMIM:613205,,True
MONDO:MONDO:0011389,,True
MedGen:C3149287,,True
Orphanet:85458,,True
MONDO:MONDO:0032876,,True
Orphanet:330054,,True
Orphanet:100087,,True
Orphanet:189439,,True
Orphanet:268114,,True
OMIM:269840,,True
MedGen:C2931006,,True
OMIM:130600,,True
Orphanet:79239,,True
MedGen:C0007112,,True
MONDO:MONDO:0014563,,True
MedGen:C2711754,,True
OMIM:231050,,True
OMIM:214800,,True
Orphanet:228429,,True
MedGen:C4310692,,True
MedGen:C0032326,,True
Orphanet:199,,True
MedGen:C4024963,,True
MedGen:C3281034,,True
MONDO:MONDO:0018831,,True
MedGen:C3809431,,True
Orphanet:83463,,True
MONDO:MONDO:0014906,,True
Orphanet:208650,,True
Orphanet:701,,True
Orphanet:2805,,True
MedGen:C0521525,,True
OMIM:616553,,True
MONDO:MONDO:0010169,,True
MedGen:C3543826,,True
MedGen:C0086650,,True
MedGen:C1868193,,True
MedGen:C1843225,,True
MedGen:C2681923,,True
MedGen:C3809434,,True
OMIM:608673,,True
MONDO:MONDO:0008943,,True
MedGen:C0085576,,True
OMIM:613834,,True
MONDO:MONDO:0014965,,True
MedGen:C1843895,,True
Orphanet:56305,,True
OMIM:606593,,True
OMIM:612997,,True
Orphanet:139406,,True
OMIM:600625,,True
MONDO:MONDO:0032745,,True
MedGen:C1866241,,True
MONDO:MONDO:0005086,,True
MONDO:MONDO:0014295,,True
MedGen:C1527249,,True
Orphanet:79283,,True
MedGen:C3553813,,True
OMIM:614743,,True
MedGen:C4540192,,True
MONDO:MONDO:0010459,,True
MedGen:C1842402,,True
OMIM:601088,,True
MedGen:C0021361,,True
MedGen:C2745959,,True
MedGen:C0271093,,True
MedGen:C0020598,,True
OMIM:145900,,True
MONDO:MONDO:0012808,,True
OMIM:607131,,True
Orphanet:478042,,True
MedGen:C3150354,,True
MedGen:C3713420,,True
MONDO:MONDO:0013542,,True
MedGen:C1865019,,True
OMIM:608569,,True
MedGen:C0034065,,True
MONDO:MONDO:0019280,,True
MONDO:MONDO:0010211,,True
MedGen:C4225167,,True
MONDO:MONDO:0032646,,True
Orphanet:431255,,True
Orphanet:79434,,True
MONDO:MONDO:0008963,,True
Orphanet:71517,,True
OMIM:609549,,True
MONDO:MONDO:0010471,,True
Orphanet:459353,,True
MedGen:C5193027,,True
MedGen:C0265318,,True
Orphanet:289560,,True
MONDO:MONDO:0014550,,True
MedGen:C0856750,,True
OMIM:617173,,True
MONDO:MONDO:0014243,,True
MONDO:MONDO:0010679,,True
OMIM:235400,,True
MedGen:C0406587,,True
Orphanet:488647,,True
OMIM:227810,,True
MedGen:C0024437,,True
OMIM:608996,,True
MONDO:MONDO:0009300,,True
MedGen:C0158768,,True
OMIM:610743,,True
OMIM:612922,,True
MONDO:MONDO:0013862,,True
MedGen:C1849097,,True
OMIM:612400,,True
MedGen:C2364082,,True
OMIM:610738,,True
OMIM:190320,,True
MONDO:MONDO:0013314,,True
OMIM:219090,,True
MedGen:C4016752,,True
MONDO:MONDO:0009629,,True
MONDO:MONDO:0008567,,True
OMIM:618152,,True
Orphanet:65748,,True
MedGen:C1740801,,True
MedGen:C1840364,,True
OMIM:167320,,True
OMIM:277170,,True
MedGen:C4310644,,True
MONDO:MONDO:0008667,,True
MONDO:MONDO:0009924,,True
Orphanet:457077,,True
MedGen:C0476403,,True
MedGen:C4225294,,True
MedGen:C0206157,,True
MedGen:C0796016,,True
MedGen:C2748541,,True
OMIM:613615,,True
MedGen:C1834460,,True
MONDO:MONDO:0013103,,True
MedGen:C0023269,,True
MedGen:C3715155,,True
OMIM:231000,,True
MONDO:MONDO:0032921,,True
MedGen:C0023374,,True
MedGen:C0151891,,True
MONDO:MONDO:0008192,,True
MedGen:C1848578,,True
Orphanet:2636,,True
Orphanet:139491,,True
Orphanet:420179,,True
MONDO:MONDO:0007779,,True
OMIM:618877,,True
OMIM:610377,,True
Orphanet:1040,,True
Orphanet:179494,,True
MedGen:C0242852,,True
MONDO:MONDO:0018097,,True
MedGen:C4757950,,True
MONDO:MONDO:0032728,,True
MONDO:MONDO:0032812,,True
OMIM:309548,,True
OMIM:616418,,True
MedGen:C1260959,,True
MONDO:MONDO:0013328,,True
MONDO:MONDO:0009613,,True
MedGen:C0009324,,True
MONDO:MONDO:0012162,,True
MedGen:C0162361,,True
MONDO:MONDO:0014414,,True
MedGen:C4551506,,True
Orphanet:730,,True
MONDO:MONDO:0008250,,True
OMIM:614753,,True
OMIM:604292,,True
MedGen:C3151221,,True
MONDO:MONDO:0014653,,True
OMIM:256730,,True
MONDO:MONDO:0015890,,True
OMIM:615059,,True
MONDO:MONDO:0011680,,True
MedGen:C1842534,,True
OMIM:618524,,True
MONDO:MONDO:0033363,,True
MedGen:C1832274,,True
MONDO:MONDO:0044323,,True
OMIM:604757,,True
MONDO:MONDO:0013463,,True
OMIM:153100,,True
MONDO:MONDO:0014667,,True
MedGen:C4024223,,True
OMIM:611376,,True
MedGen:C1832940,,True
MedGen:C0158118,,True
MedGen:C1835223,,True
Orphanet:319646,,True
MONDO:MONDO:0015884,,True
OMIM:607594,,True
MedGen:C0023529,,True
MedGen:C0399526,,True
OMIM:616491,,True
OMIM:128950,,True
MONDO:MONDO:0012999,,True
MONDO:MONDO:0008031,,True
OMIM:261600,,True
MONDO:MONDO:0007290,,True
OMIM:614916,,True
Orphanet:488635,,True
MONDO:MONDO:0019751,,True
MONDO:MONDO:0010528,,True
MedGen:C0035309,,True
MedGen:C0018784,,True
MedGen:C0743924,,True
OMIM:616209,,True
MedGen:C0235974,,True
MONDO:MONDO:0014403,,True
Orphanet:167,,True
MONDO:MONDO:0042979,,True
OMIM:104510,,True
MedGen:C3553764,,True
MedGen:C0206042,,True
MedGen:C4021546,,True
MedGen:C1853198,,True
MedGen:C0238357,,True
OMIM:601495,,True
MedGen:C0410179,,True
MedGen:C0018425,,True
Orphanet:95716,,True
OMIM:256800,,True
OMIM:187300,,True
Orphanet:280620,,True
OMIM:609620,,True
Orphanet:486,,True
MONDO:MONDO:0014229,,True
MONDO:MONDO:0008703,,True
Orphanet:2044,,True
MONDO:MONDO:0014936,,True
Orphanet:99947,,True
MedGen:C3151230,,True
MONDO:MONDO:0007402,,True
MedGen:C4023523,,True
OMIM:618092,,True
OMIM:250400,,True
OMIM:614845,,True
MedGen:C4225260,,True
MONDO:MONDO:0007452,,True
MONDO:MONDO:0009387,,True
MedGen:C3280100,,True
OMIM:613093,,True
Orphanet:2088,,True
MedGen:C3276240,,True
MedGen:C0034012,,True
MedGen:C4014621,,True
MedGen:C1970250,,True
MONDO:MONDO:0020531,,True
MONDO:MONDO:0054588,,True
OMIM:145981,,True
MONDO:MONDO:0016575,,True
MedGen:C4551515,,True
MedGen:C1855663,,True
MONDO:MONDO:0011058,,True
OMIM:609622,,True
MedGen:C0266589,,True
OMIM:619081,,True
MONDO:MONDO:0008300,,True
MONDO:MONDO:0011798,,True
MedGen:C0424551,,True
OMIM:120970,,True
MedGen:C0270972,,True
Orphanet:79383,,True
MONDO:MONDO:0004933,,True
MedGen:C4310783,,True
MONDO:MONDO:0015369,,True
OMIM:206800,,True
OMIM:614388,,True
MONDO:MONDO:0005478,,True
MedGen:C1858028,,True
MedGen:C2751603,,True
MONDO:MONDO:0007751,,True
Orphanet:71212,,True
OMIM:616033,,True
Orphanet:773,,True
MedGen:C1852577,,True
MONDO:MONDO:0014955,,True
OMIM:615721,,True
Orphanet:285,,True
OMIM:614924,,True
MedGen:C0752166,,True
MONDO:MONDO:0012758,,True
OMIM:610965,,True
MedGen:C0238705,,True
MONDO:MONDO:0015027,,True
Orphanet:1243,,True
MedGen:C4748806,,True
MedGen:C0175709,,True
MONDO:MONDO:0005129,,True
MONDO:MONDO:0010086,,True
MedGen:C1833219,,True
OMIM:604232,,True
MedGen:C4023701,,True
MedGen:C1846267,,True
OMIM:617804,,True
MedGen:C4321245,,True
MONDO:MONDO:0011035,,True
MONDO:MONDO:0014435,,True
MedGen:C3810384,,True
Orphanet:85277,,True
Orphanet:834,,True
Orphanet:596,,True
MONDO:MONDO:0020643,,True
MedGen:C4693509,,True
MedGen:C0948896,,True
MONDO:MONDO:0014655,,True
MONDO:MONDO:0014480,,True
MedGen:C4084821,,True
OMIM:613028,,True
MedGen:C0014548,,True
MedGen:C0206062,,True
OMIM:207800,,True
Orphanet:284385,,True
Orphanet:459033,,True
OMIM:115200,,True
Orphanet:445062,,True
MONDO:MONDO:0012203,,True
MONDO:MONDO:0010914,,True
MedGen:C3280442,,True
MedGen:C4015695,,True
MedGen:C0343284,,True
MedGen:C4225228,,True
MONDO:MONDO:0016580,,True
MedGen:C0332563,,True
OMIM:605253,,True
Orphanet:2444,,True
MedGen:C2677481,,True
MedGen:C4023022,,True
OMIM:158590,,True
MedGen:C1855772,,True
Orphanet:466722,,True
MedGen:C3279674,,True
MONDO:MONDO:0014375,,True
OMIM:612713,,True
MONDO:MONDO:0016377,,True
MONDO:MONDO:0008831,,True
MONDO:MONDO:0018963,,True
Orphanet:75564,,True
MedGen:C0268117,,True
MedGen:C0220711,,True
OMIM:300872,,True
OMIM:616224,,True
OMIM:611182,,True
OMIM:612233,,True
OMIM:606348,,True
MONDO:MONDO:0032688,,True
MONDO:MONDO:0010749,,True
MedGen:C4225180,,True
MedGen:C0009691,,True
MedGen:C5201048,,True
Orphanet:391376,,True
MONDO:MONDO:0013949,,True
MedGen:C0271742,,True
MONDO:MONDO:0004994,,True
MedGen:C0238339,,True
MedGen:C0036439,,True
MedGen:C0542518,,True
MedGen:C4016871,,True
OMIM:614946,,True
MedGen:C3278147,,True
OMIM:615726,,True
Orphanet:412069,,True
OMIM:310600,,True
Orphanet:99750,,True
MedGen:C0001916,,True
MedGen:C2673648,,True
MedGen:C1853139,,True
MedGen:C5231413,,True
MedGen:C4014312,,True
OMIM:120100,,True
OMIM:618250,,True
MedGen:C3808107,,True
MedGen:C2673635,,True
Orphanet:524,,True
MONDO:MONDO:0013438,,True
MedGen:C3151137,,True
MedGen:C0002875,,True
Orphanet:1505,,True
MONDO:MONDO:0009279,,True
MedGen:C0344530,,True
MONDO:MONDO:0007130,,True
Orphanet:166090,,True
Orphanet:95496,,True
MedGen:C4310759,,True
OMIM:615065,,True
Orphanet:101039,,True
Orphanet:248408,,True
MONDO:MONDO:0011415,,True
MONDO:MONDO:0014889,,True
MONDO:MONDO:0012904,,True
Orphanet:66646,,True
MONDO:MONDO:0010476,,True
MedGen:C0029463,,True
MONDO:MONDO:0016484,,True
OMIM:615938,,True
MedGen:C0344887,,True
MONDO:MONDO:0013383,,True
MONDO:MONDO:0008303,,True
MedGen:C0432317,,True
Orphanet:61,,True
Orphanet:79235,,True
MONDO:MONDO:0010487,,True
OMIM:277480,,True
MedGen:C2750850,,True
MedGen:C1300257,,True
MONDO:MONDO:0007454,,True
OMIM:615551,,True
Orphanet:314597,,True
MedGen:C3280730,,True
OMIM:612572,,True
MONDO:MONDO:0013613,,True
MONDO:MONDO:0013346,,True
MedGen:C4274077,,True
MedGen:C0599035,,True
MedGen:C4310700,,True
MONDO:MONDO:0010043,,True
MedGen:C0015526,,True
OMIM:500004,,True
Orphanet:207073,,True
OMIM:614385,,True
MedGen:C1853490,,True
MedGen:C4310833,,True
Orphanet:2185,,True
Orphanet:100989,,True
Orphanet:137908,,True
MedGen:C0012236,,True
Orphanet:575,,True
Orphanet:792,,True
MedGen:C5193113,,True
Orphanet:733,,True
MONDO:MONDO:0010214,,True
MONDO:MONDO:0017574,,True
MONDO:MONDO:0007774,,True
OMIM:306000,,True
MONDO:MONDO:0009824,,True
MedGen:C1969115,,True
MedGen:C1850671,,True
MedGen:C3280282,,True
OMIM:239300,,True
MedGen:C0234533,,True
MONDO:MONDO:0024562,,True
Orphanet:598,,True
Orphanet:314802,,True
OMIM:605724,,True
MedGen:C1846564,,True
MedGen:C1837206,,True
MedGen:C0025160,,True
OMIM:556500,,True
OMIM:617643,,True
MedGen:C2751310,,True
MONDO:MONDO:0011551,,True
MONDO:MONDO:0021085,,True
MedGen:C1856058,,True
Orphanet:391311,,True
MedGen:C1842026,,True
Orphanet:288,,True
MONDO:MONDO:0000746,,True
MedGen:C3887709,,True
OMIM:611040,,True
MONDO:MONDO:0011304,,True
MedGen:C0268121,,True
OMIM:604400,,True
MedGen:C0155299,,True
OMIM:608776,,True
Orphanet:2151,,True
Orphanet:79373,,True
MONDO:MONDO:0014468,,True
MONDO:MONDO:0005518,,True
MONDO:MONDO:0019950,,True
OMIM:613751,,True
MONDO:MONDO:0012507,,True
Orphanet:320391,,True
MONDO:MONDO:0013774,,True
MedGen:C0030196,,True
MONDO:MONDO:0027353,,True
MedGen:C3809811,,True
MedGen:C3809701,,True
MONDO:MONDO:0024559,,True
MedGen:C4477055,,True
MONDO:MONDO:0013243,,True
OMIM:166200,,True
MedGen:C1851897,,True
MONDO:MONDO:0010386,,True
MedGen:C4693699,,True
MedGen:C3808022,,True
MedGen:C0424295,,True
MONDO:MONDO:0003996,,True
OMIM:610629,,True
MONDO:MONDO:0014630,,True
MONDO:MONDO:0009661,,True
MedGen:C1261175,,True
OMIM:300029,,True
OMIM:615297,,True
MONDO:MONDO:0024539,,True
MONDO:MONDO:0012438,,True
MedGen:C0238402,,True
Orphanet:444490,,True
MedGen:C0281361,,True
MONDO:MONDO:0005105,,True
Orphanet:794,,True
MedGen:C4310815,,True
OMIM:186000,,True
OMIM:608471,,True
MedGen:C1848029,,True
MONDO:MONDO:0010811,,True
OMIM:171300,,True
MedGen:C1849128,,True
Orphanet:859,,True
OMIM:613809,,True
MedGen:C3495591,,True
MedGen:C3279843,,True
OMIM:201250,,True
Orphanet:217085,,True
Orphanet:99952,,True
MedGen:C0796135,,True
OMIM:617101,,True
MedGen:C2931687,,True
MedGen:C0265287,,True
MONDO:MONDO:0009169,,True
MedGen:C0394006,,True
MONDO:MONDO:0008871,,True
Orphanet:65,,True
MONDO:MONDO:0012189,,True
MONDO:MONDO:0009133,,True
MedGen:C1835265,,True
OMIM:260000,,True
MedGen:C4225202,,True
MedGen:C4225302,,True
MedGen:C2931117,,True
OMIM:148190,,True
MONDO:MONDO:0010196,,True
MONDO:MONDO:0018137,,True
OMIM:617100,,True
MedGen:C1332655,,True
MedGen:C1876182,,True
MedGen:C3501848,,True
OMIM:617602,,True
MedGen:C0020072,,True
MedGen:C0393591,,True
MedGen:C3888025,,True
MONDO:MONDO:0005396,,True
MedGen:C1859774,,True
OMIM:262000,,True
MedGen:C0349705,,True
MONDO:MONDO:0009760,,True
MONDO:MONDO:0010806,,True
MedGen:C0427144,,True
Orphanet:98991,,True
MedGen:C4310750,,True
MedGen:C3554634,,True
MONDO:MONDO:0013248,,True
MONDO:MONDO:0018206,,True
MONDO:MONDO:0003982,,True
OMIM:613254,,True
MedGen:C3280538,,True
OMIM:600795,,True
MONDO:MONDO:0015137,,True
Orphanet:1479,,True
OMIM:613695,,True
OMIM:234500,,True
MONDO:MONDO:0014474,,True
MedGen:C0206620,,True
Orphanet:300382,,True
Orphanet:251295,,True
MONDO:MONDO:0013407,,True
Orphanet:519388,,True
MedGen:C3150644,,True
Orphanet:238468,,True
OMIM:613778,,True
OMIM:607151,,True
MedGen:C0268165,,True
MONDO:MONDO:0012184,,True
Orphanet:140,,True
MedGen:C3151064,,True
OMIM:300816,,True
MONDO:MONDO:0012912,,True
MedGen:C3554355,,True
MedGen:C3809236,,True
MedGen:C0027066,,True
OMIM:616276,,True
OMIM:616341,,True
MONDO:MONDO:0013070,,True
MedGen:C5193054,,True
OMIM:618665,,True
OMIM:230800,,True
MedGen:C1855565,,True
MedGen:C2315100,,True
MedGen:C0038454,,True
OMIM:604537,,True
MONDO:MONDO:0014859,,True
MedGen:C0424731,,True
Orphanet:93474,,True
Orphanet:86815,,True
OMIM:246900,,True
Orphanet:3111,,True
MedGen:C4225212,,True
OMIM:604772,,True
MedGen:C1839615,,True
MedGen:C1832615,,True
OMIM:310200,,True
Orphanet:363523,,True
MedGen:C5231478,,True
MedGen:C3151184,,True
MedGen:C1858127,,True
MONDO:MONDO:0014508,,True
MONDO:MONDO:0013609,,True
OMIM:606864,,True
Orphanet:745,,True
MONDO:MONDO:0020763,,True
MONDO:MONDO:0013966,,True
OMIM:203200,,True
MedGen:C1832099,,True
MedGen:C0008519,,True
OMIM:614514,,True
MedGen:C0024236,,True
MedGen:C4310724,,True
MONDO:MONDO:0010663,,True
MedGen:C3502105,,True
Orphanet:90318,,True
OMIM:301044,,True
MONDO:MONDO:0008422,,True
OMIM:605285,,True
MONDO:MONDO:0018088,,True
MONDO:MONDO:0019625,,True
OMIM:303100,,True
OMIM:115196,,True
MedGen:C0040485,,True
Orphanet:97297,,True
MedGen:C3151568,,True
MONDO:MONDO:0014605,,True
MedGen:C4747715,,True
MedGen:C1970236,,True
MedGen:C1865871,,True
MedGen:C1835820,,True
MONDO:MONDO:0014798,,True
OMIM:617092,,True
MONDO:MONDO:0011748,,True
OMIM:300558,,True
MedGen:C1969665,,True
MONDO:MONDO:0005009,,True
MedGen:C0339525,,True
OMIM:618695,,True
Orphanet:2646,,True
MedGen:C1836735,,True
MedGen:C2673760,,True
MedGen:C2751259,,True
OMIM:605814,,True
MedGen:C0039585,,True
Orphanet:2753,,True
OMIM:618358,,True
OMIM:236600,,True
MedGen:C0271388,,True
Orphanet:254905,,True
MONDO:MONDO:0009643,,True
MONDO:MONDO:0011905,,True
Orphanet:97286,,True
OMIM:118300,,True
Orphanet:2828,,True
Orphanet:485421,,True
OMIM:612690,,True
MONDO:MONDO:0013432,,True
OMIM:111150,,True
OMIM:614069,,True
OMIM:615369,,True
MONDO:MONDO:0004126,,True
OMIM:610250,,True
MONDO:MONDO:0012976,,True
OMIM:609968,,True
OMIM:615371,,True
MONDO:MONDO:0013140,,True
MONDO:MONDO:0019312,,True
MedGen:C1845055,,True
Orphanet:653,,True
OMIM:615278,,True
MONDO:MONDO:0032609,,True
MONDO:MONDO:0017094,,True
Orphanet:403,,True
MedGen:C2677565,,True
MedGen:C4016597,,True
OMIM:607677,,True
Orphanet:34514,,True
MedGen:C3887898,,True
OMIM:608540,,True
MedGen:C1861366,,True
MedGen:C3810403,,True
MedGen:C0856747,,True
MedGen:C0796037,,True
MedGen:C1858854,,True
MedGen:C1832978,,True
MedGen:C4021792,,True
MONDO:MONDO:0010717,,True
MONDO:MONDO:0012348,,True
MedGen:C4748269,,True
MONDO:MONDO:0013621,,True
Orphanet:614,,True
MedGen:C1445953,,True
OMIM:616568,,True
OMIM:300071,,True
OMIM:607016,,True
OMIM:214500,,True
MONDO:MONDO:0014952,,True
MedGen:C3553617,,True
MedGen:C1968668,,True
OMIM:614872,,True
OMIM:140600,,True
MedGen:C0240997,,True
MedGen:C1836156,,True
Orphanet:254930,,True
OMIM:612644,,True
MONDO:MONDO:0001833,,True
OMIM:602722,,True
MONDO:MONDO:0012483,,True
OMIM:613091,,True
MedGen:C1847626,,True
MedGen:C1969758,,True
MedGen:C1136179,,True
OMIM:174800,,True
MONDO:MONDO:0060591,,True
MedGen:C1266042,,True
MedGen:C0036346,,True
MedGen:C5193121,,True
MedGen:C1843687,,True
MONDO:MONDO:0008925,,True
Orphanet:3377,,True
OMIM:615040,,True
OMIM:600630,,True
MONDO:MONDO:0012187,,True
OMIM:243700,,True
MedGen:C0025990,,True
MONDO:MONDO:0013768,,True
OMIM:225280,,True
OMIM:259770,,True
Orphanet:823,,True
OMIM:617669,,True
MedGen:C1835042,,True
MedGen:C3554194,,True
OMIM:185020,,True
MedGen:C2675904,,True
OMIM:616917,,True
MONDO:MONDO:0008434,,True
MedGen:C0029434,,True
Orphanet:309796,,True
OMIM:216400,,True
OMIM:600995,,True
MedGen:C3277619,,True
MONDO:MONDO:0012453,,True
Orphanet:221016,,True
Orphanet:209905,,True
MONDO:MONDO:0013163,,True
MedGen:C0409818,,True
Orphanet:2909,,True
MONDO:MONDO:0012320,,True
MedGen:C1836296,,True
MONDO:MONDO:0007211,,True
MedGen:C0398788,,True
MedGen:C0344905,,True
MONDO:MONDO:0013589,,True
MedGen:C4225351,,True
OMIM:613470,,True
MONDO:MONDO:0010929,,True
Orphanet:3243,,True
MedGen:C1852759,,True
OMIM:160750,,True
MedGen:C0023462,,True
OMIM:244400,,True
Orphanet:228140,,True
MedGen:C0042510,,True
OMIM:614679,,True
OMIM:614389,,True
MedGen:C0750901,,True
MedGen:C0265004,,True
MedGen:C0334041,,True
MedGen:C4693550,,True
MONDO:MONDO:0013930,,True
Orphanet:53693,,True
Orphanet:293964,,True
MedGen:C2677434,,True
MONDO:MONDO:0013749,,True
MedGen:C4017847,,True
Orphanet:247582,,True
MedGen:C1858120,,True
OMIM:613587,,True
OMIM:616509,,True
MedGen:C1837407,,True
MONDO:MONDO:0017778,,True
Orphanet:2116,,True
MONDO:MONDO:0014324,,True
OMIM:614592,,True
MedGen:C4048268,,True
Orphanet:454887,,True
MedGen:C1853120,,True
MedGen:C4017510,,True
OMIM:146510,,True
MedGen:C4016746,,True
Orphanet:112,,True
MedGen:C1263846,,True
OMIM:612319,,True
MONDO:MONDO:0012981,,True
Orphanet:88644,,True
MONDO:MONDO:0012718,,True
MONDO:MONDO:0014256,,True
MedGen:C4225208,,True
MedGen:C0268255,,True
MedGen:C0003076,,True
MONDO:MONDO:0014967,,True
MedGen:C3279397,,True
Orphanet:171676,,True
MONDO:MONDO:0011088,,True
Orphanet:189427,,True
MedGen:C4014534,,True
OMIM:300923,,True
MedGen:C4024644,,True
MedGen:C0431375,,True
MedGen:C2132198,,True
MONDO:MONDO:0014910,,True
MedGen:C0795953,,True
MedGen:C0004114,,True
MedGen:C3553977,,True
MedGen:C0152109,,True
OMIM:610181,,True
MONDO:MONDO:0019551,,True
MedGen:C1848736,,True
MedGen:C0003537,,True
MedGen:C0454641,,True
MedGen:C3808377,,True
OMIM:194050,,True
OMIM:248510,,True
MONDO:MONDO:0009597,,True
MONDO:MONDO:0005036,,True
OMIM:613874,,True
MedGen:C1849172,,True
OMIM:611136,,True
MONDO:MONDO:0017998,,True
MedGen:C1858592,,True
MONDO:MONDO:0014607,,True
MedGen:C4310771,,True
OMIM:252350,,True
Orphanet:98973,,True
MedGen:C0016202,,True
MedGen:C1867771,,True
MedGen:C0268225,,True
MONDO:MONDO:0014809,,True
MedGen:C3552574,,True
MONDO:MONDO:0012359,,True
MedGen:C1834703,,True
Orphanet:252025,,True
Orphanet:391487,,True
MedGen:C1843156,,True
OMIM:182000,,True
MedGen:C0026848,,True
OMIM:300635,,True
OMIM:603387,,True
MedGen:C3808991,,True
MedGen:C3281045,,True
Orphanet:450,,True
MONDO:MONDO:0014139,,True
OMIM:615683,,True
OMIM:612998,,True
OMIM:251900,,True
MedGen:C2981150,,True
OMIM:614434,,True
OMIM:115080,,True
MONDO:MONDO:0009354,,True
MONDO:MONDO:0014150,,True
MedGen:C0853945,,True
Orphanet:126,,True
MedGen:C1859773,,True
OMIM:252940,,True
Orphanet:528,,True
MedGen:C1306589,,True
OMIM:605428,,True
MONDO:MONDO:0011964,,True
OMIM:604286,,True
MONDO:MONDO:0011443,,True
OMIM:611131,,True
MONDO:MONDO:0011153,,True
MONDO:MONDO:0014202,,True
OMIM:612650,,True
Orphanet:69126,,True
MONDO:MONDO:0008021,,True
MONDO:MONDO:0014875,,True
MedGen:C0231686,,True
OMIM:614042,,True
MONDO:MONDO:0010432,,True
MONDO:MONDO:0013130,,True
MedGen:C0268273,,True
Orphanet:358,,True
Orphanet:334,,True
MONDO:MONDO:0014625,,True
MONDO:MONDO:0009050,,True
OMIM:611407,,True
OMIM:616682,,True
OMIM:273300,,True
MedGen:C0235991,,True
MedGen:C1865371,,True
MedGen:C3281191,,True
MONDO:MONDO:0006952,,True
OMIM:614749,,True
MONDO:MONDO:0010645,,True
OMIM:131100,,True
MONDO:MONDO:0014022,,True
OMIM:107250,,True
MONDO:MONDO:0013147,,True
MONDO:MONDO:0011013,,True
OMIM:612712,,True
OMIM:615986,,True
OMIM:611431,,True
OMIM:604387,,True
MedGen:C5231411,,True
MONDO:MONDO:0032756,,True
MedGen:C0085110,,True
MedGen:C1853942,,True
MedGen:C4310820,,True
MedGen:C4082169,,True
MedGen:C0036341,,True
MedGen:C1837454,,True
MedGen:C1864923,,True
OMIM:604129,,True
MONDO:MONDO:0011987,,True
MONDO:MONDO:0013326,,True
MedGen:C0280630,,True
MONDO:MONDO:0009470,,True
MedGen:C4015349,,True
MedGen:C2750448,,True
MedGen:C0151861,,True
MedGen:C4015160,,True
OMIM:617854,,True
MedGen:C1865318,,True
OMIM:603965,,True
MedGen:C3554574,,True
MedGen:C4225318,,True
MONDO:MONDO:0001071,,True
MedGen:C4021030,,True
MedGen:C4073195,,True
MONDO:MONDO:0033010,,True
OMIM:106600,,True
MedGen:C0220685,,True
MONDO:MONDO:0007338,,True
MedGen:C1849394,,True
OMIM:166260,,True
MedGen:C1837770,,True
OMIM:607655,,True
MedGen:C0151811,,True
OMIM:614219,,True
MedGen:C3278123,,True
Orphanet:63261,,True
Orphanet:49042,,True
MedGen:C0751157,,True
MONDO:MONDO:0012784,,True
MONDO:MONDO:0001187,,True
MONDO:MONDO:0040501,,True
MedGen:C3469529,,True
OMIM:608615,,True
OMIM:608583,,True
MedGen:C0349639,,True
MedGen:C0011849,,True
OMIM:612201,,True
OMIM:608099,,True
MONDO:MONDO:0019078,,True
MONDO:MONDO:0014024,,True
MedGen:C4015357,,True
Orphanet:93260,,True
OMIM:222470,,True
MONDO:MONDO:0014940,,True
MedGen:C0158733,,True
MONDO:MONDO:0013560,,True
MONDO:MONDO:0032883,,True
MedGen:C4013949,,True
MONDO:MONDO:0007509,,True
MedGen:C0268413,,True
MONDO:MONDO:0011374,,True
Orphanet:1344,,True
OMIM:618929,,True
Orphanet:88991,,True
OMIM:314320,,True
MedGen:C3151001,,True
MONDO:MONDO:0011397,,True
Orphanet:101085,,True
MONDO:MONDO:0014507,,True
OMIM:604213,,True
MONDO:MONDO:0013348,,True
OMIM:208230,,True
MONDO:MONDO:0010492,,True
MONDO:MONDO:0011355,,True
MedGen:C1867300,,True
Orphanet:538934,,True
MONDO:MONDO:0010839,,True
MedGen:C1837845,,True
MedGen:C0040100,,True
MONDO:MONDO:0012700,,True
Orphanet:530983,,True
MONDO:MONDO:0005307,,True
MedGen:C5231452,,True
MedGen:C3275443,,True
MedGen:C4014501,,True
MedGen:C4014584,,True
MedGen:C0023487,,True
Orphanet:3086,,True
MONDO:MONDO:0008647,,True
MONDO:MONDO:0009699,,True
Orphanet:2855,,True
MONDO:MONDO:0019015,,True
MedGen:C0403399,,True
MONDO:MONDO:0008029,,True
Orphanet:536467,,True
Orphanet:757,,True
MONDO:MONDO:0013760,,True
MedGen:C0428465,,True
MedGen:C0432227,,True
MONDO:MONDO:0010979,,True
Orphanet:280598,,True
MedGen:C4022790,,True
OMIM:208000,,True
MONDO:MONDO:0019696,,True
MedGen:C0431350,,True
MONDO:MONDO:0012592,,True
MedGen:C1864880,,True
MedGen:C3280155,,True
MedGen:C0003507,,True
Orphanet:2688,,True
OMIM:135100,,True
MONDO:MONDO:0013873,,True
OMIM:617156,,True
MONDO:MONDO:0013812,,True
MONDO:MONDO:0014695,,True
MONDO:MONDO:0012933,,True
MONDO:MONDO:0011216,,True
MedGen:C4017117,,True
Orphanet:1517,,True
OMIM:612956,,True
MONDO:MONDO:0007794,,True
Orphanet:59135,,True
Orphanet:91483,,True
Orphanet:228329,,True
Orphanet:319519,,True
MONDO:MONDO:0013201,,True
OMIM:253800,,True
MONDO:MONDO:0004975,,True
MedGen:C1838603,,True
OMIM:234000,,True
MedGen:C1866245,,True
MedGen:C4310709,,True
Orphanet:357043,,True
Orphanet:457284,,True
Orphanet:79322,,True
OMIM:614563,,True
Orphanet:163727,,True
MedGen:C4479637,,True
MONDO:MONDO:0018466,,True
MONDO:MONDO:0010421,,True
MedGen:C2676235,,True
MedGen:C5231469,,True
MONDO:MONDO:0013446,,True
MedGen:C0239882,,True
MedGen:C3279708,,True
MedGen:C4748488,,True
OMIM:601388,,True
MONDO:MONDO:0020927,,True
Orphanet:911,,True
MONDO:MONDO:0010973,,True
MONDO:MONDO:0010339,,True
MedGen:C3151097,,True
MONDO:MONDO:0014252,,True
MedGen:C3281027,,True
OMIM:615515,,True
MONDO:MONDO:0011178,,True
MONDO:MONDO:0012552,,True
MONDO:MONDO:0012548,,True
Orphanet:363677,,True
MedGen:C0028077,,True
OMIM:614073,,True
MedGen:C0334583,,True
MONDO:MONDO:0008057,,True
OMIM:605462,,True
MedGen:C2675229,,True
MONDO:MONDO:0007964,,True
MONDO:MONDO:0013093,,True
MONDO:MONDO:0008678,,True
MedGen:C0455988,,True
MedGen:C1858328,,True
MedGen:C3553720,,True
Orphanet:96169,,True
OMIM:245200,,True
MONDO:MONDO:0011639,,True
MedGen:C2931907,,True
MedGen:C1866558,,True
MedGen:C0206307,,True
Orphanet:2332,,True
MONDO:MONDO:0007157,,True
MedGen:C4016608,,True
Orphanet:391307,,True
OMIM:613193,,True
MedGen:C0812437,,True
MONDO:MONDO:0014950,,True
MedGen:C1841621,,True
Orphanet:99955,,True
OMIM:265050,,True
MedGen:C3888099,,True
MedGen:C0030252,,True
MedGen:C0947912,,True
MONDO:MONDO:0013565,,True
MedGen:C0019045,,True
MONDO:MONDO:0009681,,True
MedGen:C3472624,,True
Orphanet:300751,,True
OMIM:616436,,True
MONDO:MONDO:0013834,,True
Orphanet:482072,,True
MONDO:MONDO:0005611,,True
MedGen:C5190799,,True
Orphanet:90650,,True
OMIM:613391,,True
OMIM:609060,,True
OMIM:611162,,True
Orphanet:97360,,True
MedGen:C4310622,,True
Orphanet:411590,,True
Orphanet:86820,,True
Orphanet:268823,,True
MONDO:MONDO:0013183,,True
MONDO:MONDO:0010790,,True
Orphanet:2712,,True
Orphanet:231214,,True
MedGen:C1864912,,True
MONDO:MONDO:0011075,,True
MONDO:MONDO:0012083,,True
MedGen:C4021503,,True
OMIM:601494,,True
MedGen:C5231423,,True
Orphanet:513,,True
MedGen:C2751329,,True
MedGen:C4225370,,True
MedGen:C1838141,,True
OMIM:617936,,True
MedGen:C2752061,,True
OMIM:140300,,True
OMIM:617980,,True
MONDO:MONDO:0012213,,True
OMIM:612840,,True
OMIM:613428,,True
MONDO:MONDO:0012885,,True
MedGen:C2825149,,True
Orphanet:146,,True
OMIM:612285,,True
OMIM:618786,,True
MONDO:MONDO:0013520,,True
MedGen:C3280644,,True
MedGen:C1834696,,True
MONDO:MONDO:0017948,,True
MONDO:MONDO:0013220,,True
MONDO:MONDO:0020356,,True
MedGen:C4024946,,True
MONDO:MONDO:0013906,,True
Orphanet:98892,,True
OMIM:184252,,True
MONDO:MONDO:0012545,,True
MedGen:C1644196,,True
MONDO:MONDO:0010571,,True
MedGen:C1846843,,True
OMIM:600512,,True
MONDO:MONDO:0014201,,True
MedGen:C0085632,,True
OMIM:167210,,True
OMIM:613728,,True
OMIM:613107,,True
Orphanet:95448,,True
MONDO:MONDO:0006037,,True
MONDO:MONDO:0008391,,True
MONDO:MONDO:0014125,,True
MedGen:C3280734,,True
MONDO:MONDO:0014816,,True
MONDO:MONDO:0013905,,True
MONDO:MONDO:0010822,,True
Orphanet:100070,,True
MedGen:C0009952,,True
MONDO:MONDO:0033479,,True
OMIM:520000,,True
OMIM:614558,,True
MedGen:C4225249,,True
OMIM:601718,,True
MONDO:MONDO:0002911,,True
MONDO:MONDO:0007077,,True
MedGen:C0205898,,True
MONDO:MONDO:0007203,,True
MedGen:C0432217,,True
Orphanet:352740,,True
MedGen:C4310723,,True
MedGen:C1858424,,True
Orphanet:85166,,True
MedGen:C0017919,,True
Orphanet:2377,,True
MedGen:C4225215,,True
MONDO:MONDO:0013988,,True
MedGen:C4012409,,True
Orphanet:2308,,True
MedGen:C1832550,,True
MedGen:C0220704,,True
OMIM:233710,,True
Orphanet:90658,,True
MedGen:C1864952,,True
MONDO:MONDO:0008685,,True
Orphanet:79409,,True
Orphanet:466943,,True
Orphanet:263553,,True
OMIM:300888,,True
MedGen:C0476408,,True
OMIM:143890,,True
MONDO:MONDO:0054860,,True
MONDO:MONDO:0004737,,True
Orphanet:2686,,True
MedGen:C2748542,,True
MONDO:MONDO:0007064,,True
MONDO:MONDO:0005027,,True
OMIM:614196,,True
MedGen:C1835698,,True
MONDO:MONDO:0013071,,True
OMIM:614079,,True
Orphanet:27,,True
Orphanet:329903,,True
MedGen:C0553586,,True
Orphanet:193,,True
OMIM:618213,,True
MedGen:C4225392,,True
OMIM:613223,,True
OMIM:613118,,True
MedGen:C5193117,,True
OMIM:116200,,True
Orphanet:778,,True
MedGen:C4016616,,True
MedGen:C0025286,,True
MedGen:C0476089,,True
Orphanet:238505,,True
MedGen:C0026706,,True
MONDO:MONDO:0020717,,True
MedGen:C0038273,,True
MedGen:C1868111,,True
MedGen:C3149711,,True
MedGen:C1849508,,True
MONDO:MONDO:0017842,,True
OMIM:143500,,True
MedGen:C1832942,,True
OMIM:609646,,True
MedGen:C0016512,,True
MedGen:C1847902,,True
MedGen:C4025901,,True
OMIM:617770,,True
MedGen:C0023467,,True
Orphanet:468620,,True
MedGen:C4329374,,True
MONDO:MONDO:0013279,,True
MONDO:MONDO:0016512,,True
OMIM:261740,,True
MedGen:C0021171,,True
OMIM:614190,,True
Orphanet:254818,,True
OMIM:613120,,True
MedGen:C0426886,,True
OMIM:176807,,True
MedGen:C1838192,,True
OMIM:105210,,True
OMIM:309300,,True
MedGen:C1842982,,True
MONDO:MONDO:0012582,,True
MONDO:MONDO:0007999,,True
MedGen:C4225275,,True
MedGen:C3489724,,True
OMIM:300243,,True
MONDO:MONDO:0034092,,True
MedGen:C3889588,,True
MedGen:C0342701,,True
MedGen:C1802395,,True
MedGen:C0038644,,True
MedGen:C2751756,,True
MedGen:C4310773,,True
OMIM:300912,,True
MONDO:MONDO:0024542,,True
MONDO:MONDO:0013578,,True
OMIM:618144,,True
MedGen:C3809899,,True
MONDO:MONDO:0009006,,True
MONDO:MONDO:0018470,,True
MedGen:C3281202,,True
MedGen:C2675204,,True
MedGen:C1737329,,True
Orphanet:329173,,True
OMIM:113620,,True
MedGen:C1852453,,True
MONDO:MONDO:0017730,,True
MONDO:MONDO:0013528,,True
MedGen:C3275410,,True
MedGen:C0023264,,True
MONDO:MONDO:0010690,,True
Orphanet:90354,,True
MONDO:MONDO:0018888,,True
MedGen:C0751038,,True
Orphanet:115,,True
MONDO:MONDO:0010543,,True
OMIM:600263,,True
MONDO:MONDO:0013826,,True
OMIM:607616,,True
OMIM:613035,,True
MedGen:C0020490,,True
OMIM:614823,,True
MONDO:MONDO:0005201,,True
MedGen:C2749757,,True
MedGen:C4025138,,True
OMIM:601005,,True
MONDO:MONDO:0013262,,True
Orphanet:536,,True
MedGen:C4551964,,True
Orphanet:209908,,True
OMIM:203450,,True
Orphanet:98293,,True
MONDO:MONDO:0010060,,True
Orphanet:93608,,True
MONDO:MONDO:0014141,,True
Orphanet:1662,,True
OMIM:607736,,True
MedGen:C3165160,,True
OMIM:607688,,True
MONDO:MONDO:0032600,,True
Orphanet:79500,,True
OMIM:613558,,True
MedGen:C2749665,,True
MedGen:C0010964,,True
OMIM:610443,,True
Orphanet:85287,,True
MONDO:MONDO:0011215,,True
MONDO:MONDO:0017570,,True
Orphanet:498474,,True
MedGen:C3809513,,True
MedGen:C1832174,,True
OMIM:616364,,True
MedGen:C4310656,,True
MedGen:C2751089,,True
MedGen:C0241005,,True
MedGen:C1851120,,True
MONDO:MONDO:0009891,,True
MedGen:C1864746,,True
Orphanet:293843,,True
MedGen:C3889474,,True
MONDO:MONDO:0013971,,True
MedGen:C3280866,,True
MedGen:C1563719,,True
MONDO:MONDO:0018956,,True
MONDO:MONDO:0018094,,True
MONDO:MONDO:0032650,,True
MONDO:MONDO:0014214,,True
MONDO:MONDO:0060490,,True
MedGen:C0013384,,True
MedGen:C4551895,,True
MONDO:MONDO:0007378,,True
MedGen:C0268540,,True
MedGen:C3806932,,True
MONDO:MONDO:0009560,,True
MedGen:C0031269,,True
MedGen:C4048273,,True
MedGen:C0205710,,True
MedGen:C2316212,,True
MedGen:C1835916,,True
OMIM:613155,,True
OMIM:103900,,True
MedGen:C3714934,,True
MONDO:MONDO:0009734,,True
MONDO:MONDO:0007252,,True
OMIM:615984,,True
Orphanet:466775,,True
MedGen:C2751506,,True
MedGen:C4021768,,True
OMIM:236750,,True
OMIM:277180,,True
OMIM:272120,,True
MONDO:MONDO:0013541,,True
OMIM:614840,,True
MONDO:MONDO:0018630,,True
OMIM:257320,,True
MedGen:C0265624,,True
MedGen:C2750893,,True
MONDO:MONDO:0010232,,True
MedGen:C4016920,,True
OMIM:100800,,True
Orphanet:2655,,True
OMIM:300636,,True
OMIM:616801,,True
OMIM:604233,,True
MedGen:C1843366,,True
MedGen:C0021846,,True
OMIM:617360,,True
MONDO:MONDO:0009685,,True
Orphanet:452,,True
MONDO:MONDO:0004946,,True
MedGen:C4310643,,True
OMIM:616840,,True
Orphanet:99853,,True
Orphanet:263543,,True
MONDO:MONDO:0019637,,True
MedGen:C5193032,,True
MedGen:C3150619,,True
MONDO:MONDO:0014164,,True
MedGen:C0014065,,True
OMIM:615266,,True
OMIM:615516,,True
MONDO:MONDO:0014680,,True
MONDO:MONDO:0013437,,True
MedGen:C2750789,,True
MedGen:C1856895,,True
Orphanet:7,,True
MedGen:C1969144,,True
MedGen:C0338488,,True
MedGen:C4540522,,True
OMIM:606744,,True
MedGen:C3275998,,True
MedGen:C4025609,,True
OMIM:613854,,True
MedGen:C1850808,,True
MONDO:MONDO:0007086,,True
MONDO:MONDO:0007039,,True
MONDO:MONDO:0032707,,True
MedGen:C0796176,,True
MedGen:C1847640,,True
MedGen:C0026650,,True
MedGen:C0019202,,True
OMIM:253260,,True
MONDO:MONDO:0011903,,True
MedGen:C0271051,,True
MedGen:C0268631,,True
Orphanet:276598,,True
MedGen:C3554524,,True
OMIM:304120,,True
OMIM:301201,,True
MONDO:MONDO:0009723,,True
OMIM:261000,,True
Orphanet:131,,True
MONDO:MONDO:0015780,,True
OMIM:254090,,True
MONDO:MONDO:0010585,,True
MONDO:MONDO:0011213,,True
MONDO:MONDO:0013625,,True
MedGen:C0007131,,True
OMIM:600972,,True
MONDO:MONDO:0010657,,True
OMIM:614876,,True
MONDO:MONDO:0014669,,True
OMIM:612955,,True
OMIM:272750,,True
MedGen:C4025596,,True
OMIM:180500,,True
MedGen:C0265274,,True
OMIM:610244,,True
MedGen:C1275808,,True
MONDO:MONDO:0013931,,True
MedGen:C1839874,,True
MONDO:MONDO:0010975,,True
MedGen:C0730291,,True
MedGen:C0038356,,True
MedGen:C4016435,,True
MedGen:C4225219,,True
MedGen:C1720416,,True
MONDO:MONDO:0010417,,True
OMIM:613001,,True
MedGen:C0162292,,True
Orphanet:1083,,True
MedGen:C3277076,,True
MONDO:MONDO:0012590,,True
MONDO:MONDO:0016034,,True
MONDO:MONDO:0014416,,True
Orphanet:247698,,True
OMIM:236680,,True
MedGen:C3554428,,True
MedGen:C0406735,,True
MedGen:C0265326,,True
MONDO:MONDO:0009309,,True
MONDO:MONDO:0008409,,True
MedGen:C2748571,,True
Orphanet:293955,,True
Orphanet:84271,,True
MedGen:C1848954,,True
OMIM:616208,,True
MedGen:C1852022,,True
OMIM:616044,,True
Orphanet:818,,True
MONDO:MONDO:0020787,,True
OMIM:610832,,True
MONDO:MONDO:0019796,,True
MONDO:MONDO:0007387,,True
MedGen:C2607929,,True
OMIM:610093,,True
MedGen:C4540439,,True
MONDO:MONDO:0012357,,True
Orphanet:264580,,True
MONDO:MONDO:0011128,,True
MedGen:C0221023,,True
OMIM:300661,,True
MONDO:MONDO:0013406,,True
OMIM:114000,,True
MedGen:C0149871,,True
OMIM:613122,,True
MONDO:MONDO:0007365,,True
MONDO:MONDO:0009641,,True
MedGen:C4317146,,True
OMIM:618332,,True
OMIM:305000,,True
MedGen:C0016037,,True
MedGen:C2609071,,True
OMIM:600145,,True
MedGen:C3272841,,True
MedGen:C0339535,,True
OMIM:600919,,True
MedGen:C1849452,,True
MONDO:MONDO:0013402,,True
Orphanet:3384,,True
MedGen:C2751306,,True
OMIM:144250,,True
OMIM:615982,,True
MedGen:C0342727,,True
MedGen:C3554399,,True
MedGen:C4021780,,True
Orphanet:494526,,True
MedGen:C0024776,,True
OMIM:211400,,True
OMIM:119580,,True
MONDO:MONDO:0032748,,True
Orphanet:2470,,True
MedGen:C1856447,,True
Orphanet:2345,,True
MONDO:MONDO:0032772,,True
MedGen:C0004138,,True
MONDO:MONDO:0003210,,True
MONDO:MONDO:0011612,,True
Orphanet:75376,,True
MedGen:C3539878,,True
OMIM:618426,,True
MedGen:C0339526,,True
OMIM:617333,,True
MedGen:C3665333,,True
Orphanet:98766,,True
Orphanet:93610,,True
OMIM:301800,,True
MONDO:MONDO:0007852,,True
MedGen:C4017537,,True
MedGen:C4023343,,True
MedGen:C4014528,,True
MONDO:MONDO:0008642,,True
OMIM:618838,,True
MedGen:C0086648,,True
MONDO:MONDO:0013137,,True
OMIM:615344,,True
MedGen:C4022683,,True
Orphanet:90790,,True
MedGen:C4748170,,True
MONDO:MONDO:0010909,,True
Orphanet:294963,,True
MedGen:C3152137,,True
OMIM:617146,,True
Orphanet:98772,,True
MONDO:MONDO:0012726,,True
Orphanet:2098,,True
MONDO:MONDO:0016980,,True
MONDO:MONDO:0007099,,True
MedGen:C0162872,,True
MedGen:C4748496,,True
MedGen:C0023806,,True
MONDO:MONDO:0009657,,True
MedGen:C0520863,,True
MedGen:C1865885,,True
MedGen:C4310706,,True
MedGen:C0271902,,True
MONDO:MONDO:0002012,,True
MedGen:C0003855,,True
MedGen:C1868678,,True
Orphanet:54595,,True
MedGen:C4014531,,True
OMIM:616645,,True
OMIM:600057,,True
OMIM:300919,,True
MONDO:MONDO:0015993,,True
MedGen:C0973461,,True
MedGen:C0079154,,True
MONDO:MONDO:0032661,,True
OMIM:121050,,True
OMIM:605021,,True
MONDO:MONDO:0008967,,True
OMIM:212066,,True
Orphanet:99939,,True
MONDO:MONDO:0001119,,True
MedGen:C1866173,,True
MedGen:C1859538,,True
MedGen:C3151186,,True
MONDO:MONDO:0009218,,True
Orphanet:93970,,True
MONDO:MONDO:0012144,,True
MedGen:C0005697,,True
MedGen:C2677109,,True
MedGen:C4706677,,True
MONDO:MONDO:0011549,,True
MedGen:C0015306,,True
MedGen:C1838657,,True
MONDO:MONDO:0013900,,True
OMIM:614202,,True
OMIM:313500,,True
MONDO:MONDO:0032820,,True
OMIM:618752,,True
MedGen:C2751288,,True
MedGen:C1836542,,True
Orphanet:2649,,True
OMIM:617046,,True
MONDO:MONDO:0009904,,True
MedGen:C4225231,,True
MONDO:MONDO:0007974,,True
MedGen:C4551772,,True
MedGen:C1327915,,True
MONDO:MONDO:0012420,,True
MONDO:MONDO:0014768,,True
MedGen:C3280011,,True
OMIM:242150,,True
MedGen:C0007570,,True
MedGen:C1861453,,True
MedGen:C0452136,,True
MedGen:C0457133,,True
OMIM:614083,,True
Orphanet:407,,True
MONDO:MONDO:0014111,,True
MONDO:MONDO:0009962,,True
OMIM:615574,,True
MONDO:MONDO:0014477,,True
OMIM:127550,,True
MONDO:MONDO:0009789,,True
Orphanet:96,,True
MedGen:C4479552,,True
OMIM:250940,,True
MONDO:MONDO:0011762,,True
OMIM:551500,,True
Orphanet:590,,True
MedGen:C1136033,,True
MedGen:C0037221,,True
MedGen:C0272187,,True
MedGen:C4025857,,True
MedGen:C4282398,,True
MedGen:C0265338,,True
MedGen:C2675525,,True
MedGen:C3806730,,True
MONDO:MONDO:0001835,,True
MONDO:MONDO:0011452,,True
MONDO:MONDO:0009672,,True
Orphanet:561,,True
MONDO:MONDO:0009879,,True
MedGen:C1859564,,True
MedGen:C0268126,,True
MONDO:MONDO:0013340,,True
OMIM:615948,,True
MedGen:C0266464,,True
MedGen:C0014805,,True
MedGen:C1859209,,True
MONDO:MONDO:0008150,,True
OMIM:616247,,True
OMIM:310440,,True
OMIM:300957,,True
OMIM:603622,,True
OMIM:615636,,True
Orphanet:35656,,True
MedGen:C0796033,,True
MedGen:C0270210,,True
MedGen:C4025723,,True
MedGen:C0393559,,True
Orphanet:85194,,True
OMIM:145980,,True
MONDO:MONDO:0014933,,True
MONDO:MONDO:0014131,,True
MedGen:C4283894,,True
MedGen:C4551557,,True
MedGen:C0740279,,True
OMIM:611615,,True
MedGen:C4225159,,True
Orphanet:101063,,True
MONDO:MONDO:0012464,,True
MedGen:C4014660,,True
OMIM:606777,,True
Orphanet:163985,,True
MONDO:MONDO:0013582,,True
MedGen:C3553529,,True
Orphanet:329191,,True
Orphanet:8378,,True
OMIM:128100,,True
OMIM:617194,,True
Orphanet:611,,True
MONDO:MONDO:0011838,,True
MONDO:MONDO:0012584,,True
Orphanet:2346,,True
MedGen:C0268297,,True
OMIM:606346,,True
OMIM:253300,,True
OMIM:613074,,True
MedGen:C3888198,,True
MedGen:C4025896,,True
Orphanet:70472,,True
MONDO:MONDO:0009262,,True
Orphanet:70573,,True
MedGen:C0027708,,True
OMIM:615846,,True
MONDO:MONDO:0014633,,True
MedGen:C1832976,,True
MedGen:C3280766,,True
OMIM:601399,,True
MedGen:C0014877,,True
MedGen:C3279092,,True
OMIM:613756,,True
OMIM:309585,,True
MONDO:MONDO:0006031,,True
MedGen:C3277090,,True
MONDO:MONDO:0012075,,True
MedGen:C4225374,,True
MedGen:C0240595,,True
MedGen:C3280646,,True
Orphanet:163937,,True
OMIM:614067,,True
MedGen:C0796089,,True
Orphanet:2978,,True
MedGen:C0270834,,True
MONDO:MONDO:0013268,,True
MedGen:C1704417,,True
MONDO:MONDO:0019588,,True
MONDO:MONDO:0010654,,True
OMIM:617175,,True
Orphanet:976,,True
MedGen:C3810285,,True
MONDO:MONDO:0012849,,True
MONDO:MONDO:0003441,,True
MedGen:C4024968,,True
MONDO:MONDO:0013358,,True
MONDO:MONDO:0009249,,True
OMIM:610628,,True
MONDO:MONDO:0018102,,True
MedGen:C1855285,,True
Orphanet:618,,True
MedGen:C0020479,,True
MedGen:C0007102,,True
MONDO:MONDO:0009689,,True
Orphanet:538931,,True
MONDO:MONDO:0008764,,True
MONDO:MONDO:0014939,,True
MONDO:MONDO:0000141,,True
OMIM:604367,,True
MONDO:MONDO:0012736,,True
Orphanet:1187,,True
MedGen:C1854311,,True
OMIM:607313,,True
Orphanet:952,,True
OMIM:614941,,True
MONDO:MONDO:0014441,,True
Orphanet:2333,,True
OMIM:277460,,True
MedGen:C4016440,,True
MedGen:C0220664,,True
MedGen:C0268136,,True
MedGen:C3809645,,True
OMIM:609470,,True
MedGen:C0016059,,True
MedGen:C0018799,,True
MedGen:C4022685,,True
MedGen:C0027709,,True
OMIM:616968,,True
MedGen:C1969379,,True
MONDO:MONDO:0060659,,True
MedGen:C1283400,,True
MedGen:C1970199,,True
MedGen:C3150169,,True
MONDO:MONDO:0007915,,True
OMIM:614858,,True
MONDO:MONDO:0012824,,True
Orphanet:873,,True
Orphanet:20,,True
Orphanet:371,,True
MedGen:C4225188,,True
MONDO:MONDO:0009619,,True
MONDO:MONDO:0018055,,True
MONDO:MONDO:0003002,,True
MedGen:C1864846,,True
MONDO:MONDO:0013081,,True
MedGen:C2751290,,True
MedGen:C0345240,,True
MONDO:MONDO:0008329,,True
MONDO:MONDO:0011283,,True
MONDO:MONDO:0007662,,True
MONDO:MONDO:0017831,,True
MedGen:C1869118,,True
MedGen:C3808012,,True
OMIM:610828,,True
MONDO:MONDO:0029138,,True
MONDO:MONDO:0000389,,True
MedGen:C4310793,,True
MedGen:C4746547,,True
OMIM:614090,,True
MedGen:C4012146,,True
MONDO:MONDO:0012290,,True
OMIM:613660,,True
MONDO:MONDO:0018947,,True
OMIM:614129,,True
OMIM:204200,,True
MedGen:C3553859,,True
MONDO:MONDO:0007100,,True
MedGen:C3150275,,True
MONDO:MONDO:0011493,,True
OMIM:214700,,True
MedGen:C1864497,,True
OMIM:272200,,True
MONDO:MONDO:0019042,,True
OMIM:612936,,True
MedGen:C1970431,,True
MedGen:C0175704,,True
OMIM:616562,,True
Orphanet:1872,,True
MONDO:MONDO:0014122,,True
MedGen:C3888065,,True
Orphanet:158,,True
MedGen:C2674422,,True
MedGen:C0342853,,True
MedGen:C0023316,,True
MedGen:C0029422,,True
MONDO:MONDO:0007705,,True
MONDO:MONDO:0005392,,True
MedGen:C1837098,,True
MONDO:MONDO:0014543,,True
OMIM:201475,,True
MONDO:MONDO:0011423,,True
MedGen:C0265293,,True
MONDO:MONDO:0007944,,True
MONDO:MONDO:0012565,,True
MedGen:C4021784,,True
MONDO:MONDO:0011098,,True
MedGen:C0029294,,True
MedGen:C4015537,,True
MONDO:MONDO:0016698,,True
MONDO:MONDO:0005085,,True
OMIM:618388,,True
OMIM:600880,,True
OMIM:614131,,True
MedGen:C3151619,,True
Orphanet:31154,,True
OMIM:613100,,True
OMIM:616083,,True
MedGen:C1859520,,True
MedGen:C1838604,,True
OMIM:608051,,True
OMIM:309583,,True
MedGen:C0279565,,True
MedGen:C4015050,,True
MONDO:MONDO:0014901,,True
MONDO:MONDO:0012217,,True
OMIM:105650,,True
MedGen:C0162565,,True
MedGen:C2751296,,True
OMIM:604841,,True
OMIM:615978,,True
MedGen:C1857587,,True
MedGen:C3806616,,True
MedGen:C2675528,,True
MONDO:MONDO:0008411,,True
MONDO:MONDO:0014678,,True
OMIM:258850,,True
OMIM:603471,,True
OMIM:607450,,True
MedGen:C1834569,,True
OMIM:219800,,True
OMIM:618272,,True
OMIM:614377,,True
MONDO:MONDO:0020757,,True
MedGen:C1970200,,True
MONDO:MONDO:0010239,,True
MedGen:C4225250,,True
Orphanet:98995,,True
MedGen:C2751315,,True
MedGen:C3150801,,True
MedGen:C2936783,,True
MedGen:C1838329,,True
MedGen:C1844579,,True
MedGen:C4518336,,True
MedGen:C4520981,,True
OMIM:601412,,True
MedGen:C0268529,,True
MONDO:MONDO:0012709,,True
MONDO:MONDO:0013285,,True
MONDO:MONDO:0011778,,True
MedGen:C0220663,,True
MONDO:MONDO:0012074,,True
MedGen:C4016059,,True
Orphanet:404440,,True
MedGen:C4025260,,True
Orphanet:435438,,True
MedGen:C4479236,,True
MedGen:C2678486,,True
OMIM:115210,,True
MONDO:MONDO:0015193,,True
MONDO:MONDO:0016058,,True
OMIM:617820,,True
MedGen:C0220668,,True
MedGen:C0265224,,True
MONDO:MONDO:0014191,,True
Orphanet:363540,,True
Orphanet:457375,,True
Orphanet:1135,,True
Orphanet:251607,,True
MedGen:C3489733,,True
Orphanet:487796,,True
Orphanet:247262,,True
Orphanet:93932,,True
OMIM:618186,,True
MedGen:C3279190,,True
MedGen:C2750790,,True
MedGen:C1846582,,True
Orphanet:268994,,True
MedGen:C1832370,,True
MedGen:C0752210,,True
MONDO:MONDO:0012505,,True
MedGen:C0410173,,True
MedGen:C0220710,,True
MedGen:C1858080,,True
MONDO:MONDO:0012413,,True
MONDO:MONDO:0000910,,True
MONDO:MONDO:0009917,,True
MedGen:C1860130,,True
MONDO:MONDO:0007147,,True
OMIM:611777,,True
MONDO:MONDO:0004948,,True
MedGen:C0013720,,True
Orphanet:171915,,True
OMIM:618325,,True
OMIM:615651,,True
MedGen:C1848207,,True
MedGen:C0796093,,True
OMIM:158300,,True
MedGen:C3501643,,True
MONDO:MONDO:0009226,,True
OMIM:608443,,True
MedGen:C3810367,,True
MONDO:MONDO:0012719,,True
MedGen:C0600104,,True
MedGen:C0919267,,True
MONDO:MONDO:0013540,,True
Orphanet:2495,,True
MONDO:MONDO:0009255,,True
MedGen:C4329384,,True
Orphanet:79237,,True
MONDO:MONDO:0013951,,True
Orphanet:1860,,True
OMIM:613791,,True
MedGen:C1845292,,True
MedGen:C2986658,,True
MedGen:C1852795,,True
OMIM:615959,,True
Orphanet:3206,,True
OMIM:615134,,True
MONDO:MONDO:0015541,,True
Orphanet:71526,,True
Orphanet:391330,,True
MONDO:MONDO:0013359,,True
MedGen:C0268151,,True
MedGen:C0232466,,True
MedGen:C4748032,,True
MONDO:MONDO:0014762,,True
MedGen:C0005754,,True
OMIM:618506,,True
MedGen:C0016952,,True
MedGen:C3549845,,True
Orphanet:207052,,True
OMIM:607836,,True
MedGen:C2750604,,True
Orphanet:852,,True
MONDO:MONDO:0009484,,True
MedGen:C2676271,,True
MONDO:MONDO:0009014,,True
OMIM:233910,,True
Orphanet:1675,,True
OMIM:603467,,True
MedGen:C1968782,,True
MONDO:MONDO:0005365,,True
MONDO:MONDO:0054776,,True
MONDO:MONDO:0005340,,True
OMIM:611091,,True
Orphanet:2396,,True
MedGen:C4016820,,True
OMIM:614508,,True
MedGen:C1852271,,True
MONDO:MONDO:0012154,,True
MedGen:C1857781,,True
Orphanet:79345,,True
OMIM:616314,,True
OMIM:606070,,True
MedGen:C0035934,,True
MedGen:C4015129,,True
Orphanet:53,,True
Orphanet:93409,,True
OMIM:540000,,True
MONDO:MONDO:0011627,,True
MedGen:C4016791,,True
OMIM:609140,,True
MedGen:C0429908,,True
MedGen:C3150805,,True
Orphanet:157798,,True
MedGen:C2750091,,True
Orphanet:2609,,True
OMIM:201470,,True
MONDO:MONDO:0011376,,True
MedGen:C1832855,,True
OMIM:607208,,True
OMIM:190685,,True
MedGen:C5231432,,True
MONDO:MONDO:0006664,,True
MONDO:MONDO:0000075,,True
MedGen:C1863600,,True
MONDO:MONDO:0013206,,True
MONDO:MONDO:0014163,,True
MONDO:MONDO:0009578,,True
MedGen:C3554592,,True
MedGen:C4225394,,True
MedGen:C4748921,,True
MONDO:MONDO:0013544,,True
MONDO:MONDO:0014521,,True
MONDO:MONDO:0018266,,True
OMIM:615629,,True
Orphanet:518,,True
MONDO:MONDO:0020492,,True
OMIM:311200,,True
OMIM:601162,,True
MedGen:C1864870,,True
MedGen:C3888001,,True
OMIM:613983,,True
MedGen:C0302592,,True
Orphanet:3363,,True
MedGen:C0006625,,True
MedGen:C1856016,,True
MedGen:C1859807,,True
MedGen:C0546275,,True
MedGen:C3148872,,True
MONDO:MONDO:0012796,,True
MedGen:C3152144,,True
MedGen:C0027439,,True
MONDO:MONDO:0012975,,True
MONDO:MONDO:0018158,,True
MedGen:C3810405,,True
MedGen:C1847711,,True
OMIM:617816,,True
MedGen:C0950121,,True
MedGen:C1970011,,True
OMIM:618222,,True
MONDO:MONDO:0009504,,True
OMIM:161800,,True
MONDO:MONDO:0021067,,True
MedGen:C0032339,,True
Orphanet:93274,,True
OMIM:301020,,True
MedGen:C0410190,,True
MedGen:C4015343,,True
Orphanet:64280,,True
MONDO:MONDO:0016295,,True
MedGen:C1866094,,True
MedGen:C1856408,,True
MedGen:C0241355,,True
MONDO:MONDO:0000455,,True
Orphanet:66631,,True
MedGen:C0043346,,True
MONDO:MONDO:0024264,,True
MedGen:C3553409,,True
MedGen:C3542550,,True
OMIM:615397,,True
Orphanet:2407,,True
Orphanet:457485,,True
MONDO:MONDO:0007122,,True
OMIM:145001,,True
Orphanet:99867,,True
MONDO:MONDO:0011198,,True
MedGen:C1855849,,True
MedGen:C1561643,,True
MedGen:C3276161,,True
MONDO:MONDO:0012848,,True
Orphanet:79315,,True
MedGen:C0004779,,True
MedGen:C4310785,,True
MedGen:C4721541,,True
MONDO:MONDO:0024304,,True
MedGen:C1970005,,True
OMIM:608380,,True
MONDO:MONDO:0014914,,True
MedGen:C1956346,,True
OMIM:180100,,True
OMIM:613099,,True
OMIM:615789,,True
MedGen:C2675861,,True
MONDO:MONDO:0012941,,True
MONDO:MONDO:0012395,,True
OMIM:617443,,True
Orphanet:300547,,True
MedGen:C3891828,,True
MedGen:C0020456,,True
OMIM:224900,,True
MedGen:C4024921,,True
Orphanet:252202,,True
MONDO:MONDO:0007268,,True
MedGen:C0017636,,True
MONDO:MONDO:0011436,,True
MONDO:MONDO:0014052,,True
MedGen:C0917800,,True
MedGen:C0476273,,True
Orphanet:91481,,True
MONDO:MONDO:0013162,,True
OMIM:616687,,True
OMIM:618498,,True
Orphanet:2169,,True
OMIM:130720,,True
OMIM:613801,,True
MedGen:C1839630,,True
MONDO:MONDO:0005492,,True
MedGen:C4551854,,True
MedGen:C3553512,,True
MONDO:MONDO:0005462,,True
MedGen:C1848702,,True
MONDO:MONDO:0013155,,True
MONDO:MONDO:0013165,,True
Orphanet:682,,True
Orphanet:251858,,True
MONDO:MONDO:0014051,,True
MedGen:C1864112,,True
MedGen:C3887548,,True
MONDO:MONDO:0008111,,True
MedGen:C2745945,,True
MONDO:MONDO:0014004,,True
MONDO:MONDO:0014255,,True
MedGen:C2674620,,True
OMIM:215100,,True
OMIM:607684,,True
OMIM:607107,,True
Orphanet:171439,,True
MONDO:MONDO:0011568,,True
MedGen:C0024408,,True
MONDO:MONDO:0014995,,True
MedGen:C0267834,,True
Orphanet:63440,,True
MedGen:C1837317,,True
OMIM:619036,,True
MONDO:MONDO:0010832,,True
OMIM:614497,,True
MedGen:C0002940,,True
MONDO:MONDO:0010053,,True
MedGen:C1970827,,True
MedGen:C4023305,,True
Orphanet:79257,,True
OMIM:609887,,True
MedGen:C3501611,,True
OMIM:605355,,True
MONDO:MONDO:0014253,,True
MONDO:MONDO:0060629,,True
MONDO:MONDO:0014157,,True
MONDO:MONDO:0006272,,True
MedGen:C4310690,,True
Orphanet:2318,,True
MONDO:MONDO:0009690,,True
OMIM:213980,,True
MONDO:MONDO:0014348,,True
MedGen:C4748212,,True
MONDO:MONDO:0024547,,True
MONDO:MONDO:0011482,,True
MedGen:C0039685,,True
OMIM:617525,,True
MedGen:C0268141,,True
MONDO:MONDO:0013356,,True
OMIM:224100,,True
OMIM:164200,,True
MONDO:MONDO:0013845,,True
MONDO:MONDO:0014237,,True
MedGen:C0266006,,True
Orphanet:199633,,True
MONDO:MONDO:0012699,,True
MONDO:MONDO:0012680,,True
Orphanet:97239,,True
MedGen:C1631597,,True
MONDO:MONDO:0012748,,True
OMIM:309541,,True
MedGen:C2931257,,True
MONDO:MONDO:0002169,,True
Orphanet:401945,,True
MedGen:C2677821,,True
OMIM:260540,,True
MedGen:C0853879,,True
OMIM:613559,,True
MedGen:C0272087,,True
Orphanet:79400,,True
MONDO:MONDO:0032821,,True
Orphanet:79243,,True
MedGen:C1859198,,True
MedGen:C2986691,,True
OMIM:147050,,True
OMIM:617746,,True
MedGen:C4015635,,True
OMIM:607225,,True
MONDO:MONDO:0005775,,True
MONDO:MONDO:0009433,,True
MONDO:MONDO:0027407,,True
OMIM:272300,,True
MedGen:C0027819,,True
MedGen:C0027868,,True
OMIM:618248,,True
MONDO:MONDO:0013191,,True
MedGen:C4015184,,True
MedGen:C4016053,,True
Orphanet:238569,,True
OMIM:224050,,True
OMIM:609796,,True
OMIM:615280,,True
MedGen:C0268237,,True
MedGen:C1832885,,True
MedGen:C1850343,,True
MedGen:C3539506,,True
Orphanet:207,,True
MedGen:C3665386,,True
MedGen:C5203410,,True
MedGen:C0032580,,True
MONDO:MONDO:0032660,,True
MONDO:MONDO:0012654,,True
MedGen:C0796137,,True
MONDO:MONDO:0012704,,True
Orphanet:447,,True
MedGen:C2748440,,True
MONDO:MONDO:0000050,,True
MedGen:C1720863,,True
MedGen:C0338508,,True
OMIM:614080,,True
MedGen:C3554575,,True
MONDO:MONDO:0014674,,True
MedGen:C3151444,,True
MedGen:C0268532,,True
OMIM:278250,,True
OMIM:616921,,True
OMIM:616281,,True
MedGen:C1841962,,True
MONDO:MONDO:0014189,,True
MedGen:C1859301,,True
MedGen:C1858891,,True
Orphanet:37612,,True
OMIM:242600,,True
MedGen:C2750081,,True
MedGen:C0085682,,True
OMIM:256450,,True
MedGen:C4085873,,True
MONDO:MONDO:0013935,,True
Orphanet:535458,,True
MedGen:C4016803,,True
MedGen:C1837174,,True
MONDO:MONDO:0001076,,True
MedGen:C3554691,,True
OMIM:300523,,True
MONDO:MONDO:0014283,,True
MedGen:C0004106,,True
MedGen:C1850406,,True
MONDO:MONDO:0014635,,True
MedGen:C3495587,,True
MONDO:MONDO:0013030,,True
Orphanet:511,,True
Orphanet:32960,,True
MedGen:C5191055,,True
OMIM:615830,,True
MONDO:MONDO:0008758,,True
MedGen:C3281215,,True
MedGen:C0268285,,True
MONDO:MONDO:0014489,,True
OMIM:600649,,True
MedGen:C1837213,,True
MedGen:C4016618,,True
MONDO:MONDO:0100103,,True
MedGen:C1859966,,True
MONDO:MONDO:0015016,,True
Orphanet:2189,,True
OMIM:604804,,True
Orphanet:99879,,True
MedGen:C1419614,,True
MONDO:MONDO:0013134,,True
MedGen:C0220658,,True
MedGen:C1832827,,True
MedGen:C2931268,,True
OMIM:617787,,True
OMIM:187950,,True
MedGen:C4025337,,True
OMIM:603964,,True
MedGen:C0239067,,True
OMIM:182600,,True
MedGen:C1328840,,True
MedGen:C3278153,,True
Orphanet:1239,,True
MONDO:MONDO:0012314,,True
Orphanet:2542,,True
Orphanet:89844,,True
MONDO:MONDO:0024309,,True
Orphanet:583,,True
MONDO:MONDO:0019350,,True
MedGen:C1838867,,True
OMIM:618234,,True
MONDO:MONDO:0013175,,True
MedGen:C1275126,,True
OMIM:614779,,True
OMIM:192430,,True
MedGen:C0000889,,True
OMIM:614727,,True
Orphanet:3275,,True
MONDO:MONDO:0013373,,True
OMIM:600513,,True
OMIM:609446,,True
OMIM:184460,,True
MedGen:C2677294,,True
OMIM:610425,,True
MedGen:C1836474,,True
MedGen:C0042580,,True
MONDO:MONDO:0011071,,True
MedGen:C4024762,,True
MONDO:MONDO:0014531,,True
MedGen:C4693824,,True
OMIM:612961,,True
OMIM:606482,,True
MedGen:C0162835,,True
MedGen:C0700225,,True
Orphanet:157855,,True
MedGen:C1849813,,True
MedGen:C0278701,,True
MedGen:C2752041,,True
OMIM:615821,,True
OMIM:617751,,True
OMIM:178370,,True
Orphanet:35069,,True
MedGen:C3149750,,True
MedGen:C3809210,,True
MedGen:C4551702,,True
MedGen:C3888018,,True
Orphanet:183518,,True
MedGen:C1851712,,True
OMIM:610202,,True
OMIM:618129,,True
MONDO:MONDO:0002238,,True
MONDO:MONDO:0010318,,True
Orphanet:201,,True
MedGen:C1955934,,True
MedGen:C1865639,,True
MedGen:C4023014,,True
MONDO:MONDO:0012963,,True
MedGen:C4024993,,True
MedGen:C4540127,,True
MedGen:C0221357,,True
Orphanet:2995,,True
MedGen:C1833929,,True
MedGen:C1851945,,True
Orphanet:158668,,True
MedGen:C0025237,,True
MONDO:MONDO:0009948,,True
MedGen:C4331262,,True
MedGen:C3553748,,True
MedGen:C4225421,,True
MedGen:C0175778,,True
MedGen:C0497202,,True
MedGen:C1860493,,True
OMIM:616437,,True
OMIM:604391,,True
MONDO:MONDO:0010723,,True
MONDO:MONDO:0013275,,True
OMIM:613561,,True
Orphanet:1065,,True
MedGen:C1527366,,True
MedGen:C1970455,,True
OMIM:616858,,True
MedGen:C4310801,,True
Orphanet:332,,True
MedGen:C0949059,,True
MONDO:MONDO:0032657,,True
Orphanet:93611,,True
Orphanet:612,,True
Orphanet:1205,,True
Orphanet:974,,True
Orphanet:79411,,True
MedGen:C2348199,,True
MONDO:MONDO:0009549,,True
MedGen:C4017127,,True
MedGen:C4225324,,True
MONDO:MONDO:0009722,,True
MONDO:MONDO:0012984,,True
OMIM:251110,,True
Orphanet:228402,,True
MedGen:C2751729,,True
MedGen:C5231473,,True
MedGen:C2678476,,True
OMIM:607821,,True
OMIM:612370,,True
MedGen:C3150896,,True
OMIM:253220,,True
OMIM:617282,,True
MedGen:C4082176,,True
MedGen:C0002736,,True
MONDO:MONDO:0013902,,True
OMIM:610019,,True
MONDO:MONDO:0009454,,True
MedGen:C1832903,,True
OMIM:300604,,True
MedGen:C0030283,,True
MedGen:C3810363,,True
OMIM:218600,,True
OMIM:545000,,True
MedGen:C0006845,,True
MONDO:MONDO:0007932,,True
MedGen:C0221262,,True
MedGen:C0266210,,True
MedGen:C3806702,,True
MedGen:C0427149,,True
MONDO:MONDO:0007362,,True
OMIM:255800,,True
Orphanet:217622,,True
MedGen:C0022340,,True
MONDO:MONDO:0013479,,True
Orphanet:99796,,True
MedGen:C0338585,,True
Orphanet:166,,True
OMIM:224750,,True
MedGen:C0151878,,True
MedGen:C3809181,,True
MONDO:MONDO:0004981,,True
Orphanet:276193,,True
OMIM:612438,,True
MedGen:C4021217,,True
MONDO:MONDO:0007763,,True
MedGen:C0796173,,True
Orphanet:436174,,True
MONDO:MONDO:0019587,,True
MedGen:C1865614,,True
MONDO:MONDO:0008854,,True
MedGen:C2750784,,True
MedGen:C4551502,,True
MONDO:MONDO:0007874,,True
MONDO:MONDO:0009415,,True
OMIM:613000,,True
MedGen:C3539195,,True
OMIM:609192,,True
MedGen:C0040961,,True
OMIM:614038,,True
MedGen:C0085280,,True
MONDO:MONDO:0019150,,True
MedGen:C1861172,,True
Orphanet:29072,,True
MedGen:C0241013,,True
MedGen:C0393538,,True
MedGen:C3161330,,True
OMIM:252150,,True
MedGen:C0235942,,True
Orphanet:178364,,True
MedGen:C4310681,,True
MedGen:C4017059,,True
Orphanet:90652,,True
Orphanet:91396,,True
Orphanet:464738,,True
MedGen:C1834304,,True
MONDO:MONDO:0011840,,True
MedGen:C1859062,,True
OMIM:101800,,True
MONDO:MONDO:0012409,,True
MedGen:C4022737,,True
MedGen:C4225299,,True
MONDO:MONDO:0011968,,True
MedGen:C0033893,,True
MedGen:C4017118,,True
MedGen:C1840077,,True
MONDO:MONDO:0032658,,True
MONDO:MONDO:0009327,,True
MedGen:C0021364,,True
MONDO:MONDO:0014865,,True
MedGen:C0432098,,True
MedGen:C3810012,,True
MONDO:MONDO:0014485,,True
MONDO:MONDO:0004721,,True
MedGen:C4721429,,True
MONDO:MONDO:0018948,,True
OMIM:226700,,True
MONDO:MONDO:0009153,,True
OMIM:612069,,True
MONDO:MONDO:0008050,,True
MedGen:C3280153,,True
MONDO:MONDO:0017885,,True
Orphanet:447964,,True
MedGen:C0268487,,True
MedGen:C1853863,,True
MedGen:C1855425,,True
MedGen:C4014258,,True
Orphanet:887,,True
OMIM:615670,,True
MONDO:MONDO:0012367,,True
Orphanet:98896,,True
OMIM:618342,,True
MedGen:C4024942,,True
Orphanet:274,,True
MONDO:MONDO:0013033,,True
OMIM:278780,,True
MedGen:C3550973,,True
Orphanet:88917,,True
MedGen:C4017161,,True
OMIM:614891,,True
MedGen:C4024876,,True
MONDO:MONDO:0020341,,True
Orphanet:97242,,True
MONDO:MONDO:0019075,,True
MONDO:MONDO:0014688,,True
MedGen:C1842237,,True
MONDO:MONDO:0011362,,True
MedGen:C0006267,,True
Orphanet:666,,True
MONDO:MONDO:0014736,,True
MedGen:C1845546,,True
Orphanet:3258,,True
Orphanet:217,,True
OMIM:615220,,True
MONDO:MONDO:0013746,,True
OMIM:603194,,True
MONDO:MONDO:0017612,,True
MedGen:C1859317,,True
MedGen:C0432201,,True
MONDO:MONDO:0007785,,True
MedGen:C0030521,,True
MedGen:C1838854,,True
MedGen:C0344893,,True
OMIM:615616,,True
MONDO:MONDO:0010159,,True
MedGen:C3806482,,True
OMIM:237900,,True
OMIM:613863,,True
Orphanet:404443,,True
MONDO:MONDO:0018965,,True
OMIM:604364,,True
MedGen:C0854723,,True
MONDO:MONDO:0011996,,True
MedGen:C4551884,,True
MONDO:MONDO:0021100,,True
MedGen:C1838023,,True
MONDO:MONDO:0060707,,True
MedGen:C4017171,,True
MONDO:MONDO:0012241,,True
MedGen:C1863204,,True
MedGen:C0005684,,True
MedGen:C2750995,,True
MONDO:MONDO:0005097,,True
Orphanet:284139,,True
Orphanet:435930,,True
MONDO:MONDO:0008099,,True
MedGen:C3809954,,True
MONDO:MONDO:0011085,,True
MedGen:C0152427,,True
OMIM:500014,,True
MedGen:C0221352,,True
Orphanet:2612,,True
MedGen:C2674259,,True
MedGen:C0238198,,True
MedGen:C4748364,,True
MedGen:C5193114,,True
OMIM:241500,,True
OMIM:616922,,True
MedGen:C4017089,,True
Orphanet:93359,,True
MONDO:MONDO:0012041,,True
MedGen:C3275447,,True
MedGen:C1854154,,True
MedGen:C4025008,,True
MONDO:MONDO:0013526,,True
OMIM:104310,,True
MedGen:C0393807,,True
OMIM:193235,,True
OMIM:210900,,True
MONDO:MONDO:0024533,,True
MedGen:C0268467,,True
Orphanet:100973,,True
OMIM:252011,,True
MedGen:C2675664,,True
MedGen:C4310473,,True
MONDO:MONDO:0009916,,True
MedGen:C4083045,,True
MONDO:MONDO:0012282,,True
Orphanet:98759,,True
MedGen:C4531287,,True
MONDO:MONDO:0018305,,True
OMIM:604827,,True
OMIM:266920,,True
MedGen:C0238462,,True
Orphanet:293181,,True
Orphanet:55,,True
MedGen:C0020071,,True
MedGen:C0751495,,True
OMIM:617028,,True
Orphanet:284343,,True
OMIM:615878,,True
OMIM:217080,,True
MedGen:C1848534,,True
OMIM:148050,,True
MedGen:C3151113,,True
MedGen:C0019243,,True
OMIM:605911,,True
MONDO:MONDO:0009072,,True
OMIM:618433,,True
MONDO:MONDO:0032808,,True
OMIM:613237,,True
MedGen:C2748618,,True
Orphanet:64753,,True
OMIM:615451,,True
MedGen:C3150678,,True
MedGen:C1298695,,True
MONDO:MONDO:0032687,,True
OMIM:259420,,True
OMIM:616893,,True
MedGen:C4023143,,True
MONDO:MONDO:0013016,,True
MedGen:C3151293,,True
MedGen:C0395837,,True
MedGen:C0149521,,True
Orphanet:101081,,True
OMIM:608805,,True
OMIM:617493,,True
Orphanet:228354,,True
MedGen:C1855304,,True
MedGen:C0020640,,True
MONDO:MONDO:0009258,,True
MONDO:MONDO:0001476,,True
MedGen:C0338503,,True
MONDO:MONDO:0011712,,True
OMIM:615277,,True
MedGen:C0796085,,True
MONDO:MONDO:0012497,,True
OMIM:278730,,True
MedGen:C1846367,,True
MONDO:MONDO:0013038,,True
MedGen:C4015080,,True
MedGen:C1970163,,True
OMIM:137750,,True
MONDO:MONDO:0010319,,True
MedGen:C3715051,,True
MedGen:C0010036,,True
MedGen:C3553999,,True
MedGen:C3151461,,True
OMIM:616649,,True
MedGen:C4479515,,True
MONDO:MONDO:0016383,,True
MONDO:MONDO:0005559,,True
MedGen:C0796200,,True
MedGen:C0020476,,True
MedGen:C4021727,,True
MONDO:MONDO:0001328,,True
MedGen:C4022631,,True
OMIM:300672,,True
MONDO:MONDO:0007294,,True
MONDO:MONDO:0014581,,True
Orphanet:117,,True
MedGen:C1859570,,True
MedGen:C1843504,,True
MONDO:MONDO:0014320,,True
MONDO:MONDO:0016485,,True
OMIM:610505,,True
OMIM:263400,,True
MedGen:C2748941,,True
MONDO:MONDO:0010431,,True
MedGen:C3806403,,True
MONDO:MONDO:0008171,,True
Orphanet:648,,True
Orphanet:502423,,True
MedGen:C3276815,,True
MedGen:C0004238,,True
Orphanet:247868,,True
OMIM:609823,,True
OMIM:615963,,True
Orphanet:97252,,True
MedGen:C3888209,,True
Orphanet:1071,,True
MONDO:MONDO:0010344,,True
MedGen:C4692584,,True
OMIM:617132,,True
MedGen:C1970298,,True
MONDO:MONDO:0010849,,True
OMIM:104530,,True
Orphanet:306588,,True
OMIM:614923,,True
MONDO:MONDO:0015204,,True
MedGen:C1855371,,True
MedGen:C1140680,,True
MedGen:C0079924,,True
OMIM:618594,,True
OMIM:616042,,True
Orphanet:464306,,True
MONDO:MONDO:0011835,,True
MedGen:C4024577,,True
MedGen:C0002878,,True
Orphanet:269218,,True
OMIM:608093,,True
MedGen:C1708353,,True
MedGen:C3888004,,True
MONDO:MONDO:0000745,,True
OMIM:262400,,True
MedGen:C1868623,,True
MONDO:MONDO:0032725,,True
MONDO:MONDO:0018827,,True
OMIM:117100,,True
MONDO:MONDO:0007918,,True
MONDO:MONDO:0009112,,True
MONDO:MONDO:0013759,,True
MedGen:C1859569,,True
Orphanet:93404,,True
OMIM:616460,,True
Orphanet:329235,,True
Orphanet:93591,,True
MedGen:C3151471,,True
MONDO:MONDO:0033261,,True
MedGen:C4025759,,True
MedGen:C0272350,,True
MedGen:C0268548,,True
MONDO:MONDO:0014523,,True
MONDO:MONDO:0016587,,True
MONDO:MONDO:0009678,,True
MONDO:MONDO:0018910,,True
MedGen:C1864722,,True
MedGen:C4551479,,True
OMIM:248370,,True
MedGen:C3151060,,True
MedGen:C4551714,,True
OMIM:616313,,True
MedGen:C1846010,,True
OMIM:265450,,True
MONDO:MONDO:0018958,,True
MedGen:C1856897,,True
MedGen:C3697248,,True
MedGen:C3463897,,True
MONDO:MONDO:0013545,,True
MedGen:C0796126,,True
MONDO:MONDO:0005049,,True
MedGen:C0345030,,True
MedGen:C0349636,,True
MedGen:C0476397,,True
MedGen:C4225301,,True
Orphanet:216,,True
OMIM:261540,,True
MONDO:MONDO:0013482,,True
MONDO:MONDO:0020074,,True
MedGen:C0220633,,True
MedGen:C0037286,,True
OMIM:614114,,True
OMIM:260400,,True
MedGen:C4023138,,True
MedGen:C0011071,,True
MedGen:C0279680,,True
MedGen:C0751202,,True
MONDO:MONDO:0012971,,True
MONDO:MONDO:0008179,,True
MedGen:C3281046,,True
OMIM:616300,,True
OMIM:616361,,True
MONDO:MONDO:0008185,,True
OMIM:618164,,True
OMIM:607236,,True
OMIM:612691,,True
Orphanet:46348,,True
Orphanet:100034,,True
MedGen:C0796022,,True
MedGen:C0338502,,True
MedGen:C4225298,,True
OMIM:616323,,True
MedGen:C0206716,,True
MONDO:MONDO:0018342,,True
MONDO:MONDO:0011545,,True
Orphanet:139557,,True
MedGen:C0426817,,True
MONDO:MONDO:0011411,,True
Orphanet:163681,,True
MedGen:C2752147,,True
MONDO:MONDO:0013819,,True
Orphanet:79394,,True
Orphanet:247667,,True
MedGen:C2673584,,True
MedGen:C0007196,,True
MedGen:C1956147,,True
OMIM:616025,,True
MedGen:C0238304,,True
OMIM:601812,,True
MedGen:C4225154,,True
OMIM:615888,,True
MedGen:C4707885,,True
MONDO:MONDO:0008492,,True
Orphanet:891,,True
Orphanet:255241,,True
MedGen:C1306710,,True
MedGen:C1690006,,True
MONDO:MONDO:0002529,,True
MedGen:C4015095,,True
MedGen:C2750433,,True
MedGen:C1578482,,True
OMIM:608836,,True
OMIM:202010,,True
OMIM:500003,,True
MedGen:C3150415,,True
MedGen:C1840374,,True
MedGen:C1832392,,True
MedGen:C1836199,,True
MONDO:MONDO:0020575,,True
MedGen:C2677586,,True
Orphanet:644,,True
MONDO:MONDO:0014146,,True
OMIM:269860,,True
MedGen:C1853102,,True
MedGen:C0003873,,True
MONDO:MONDO:0014372,,True
MONDO:MONDO:0013414,,True
MONDO:MONDO:0024280,,True
MedGen:C0686353,,True
MedGen:C4310702,,True
OMIM:300699,,True
MONDO:MONDO:0012589,,True
MONDO:MONDO:0008102,,True
OMIM:616037,,True
OMIM:300884,,True
MedGen:C4025762,,True
MONDO:MONDO:0007124,,True
MONDO:MONDO:0010590,,True
OMIM:225300,,True
MedGen:C1301357,,True
OMIM:135300,,True
MedGen:C5231471,,True
MedGen:C0152424,,True
MONDO:MONDO:0008328,,True
MedGen:C1266144,,True
OMIM:616579,,True
MONDO:MONDO:0011562,,True
Orphanet:48818,,True
MONDO:MONDO:0014643,,True
Orphanet:220497,,True
MedGen:C0431109,,True
MedGen:C0042024,,True
MedGen:C0745730,,True
OMIM:177700,,True
OMIM:106280,,True
MONDO:MONDO:0013409,,True
MONDO:MONDO:0008263,,True
OMIM:193220,,True
MONDO:MONDO:0060562,,True
MedGen:C4310742,,True
MedGen:C3150414,,True
MedGen:C0268301,,True
OMIM:613990,,True
MedGen:C0001126,,True
MONDO:MONDO:0013866,,True
OMIM:615486,,True
Orphanet:99842,,True
MedGen:C1833511,,True
MONDO:MONDO:0010023,,True
Orphanet:709,,True
MONDO:MONDO:0021637,,True
OMIM:109800,,True
OMIM:260920,,True
OMIM:267430,,True
OMIM:613575,,True
OMIM:173200,,True
MedGen:C1855102,,True
MONDO:MONDO:0016542,,True
MedGen:C3281200,,True
MONDO:MONDO:0012240,,True
MedGen:C1840528,,True
MedGen:C0268263,,True
OMIM:615763,,True
OMIM:232220,,True
MedGen:C2931788,,True
OMIM:261630,,True
OMIM:118210,,True
MONDO:MONDO:0009213,,True
MONDO:MONDO:0013198,,True
MedGen:C3553298,,True
MONDO:MONDO:0010044,,True
MedGen:C4539685,,True
Orphanet:98879,,True
OMIM:227500,,True
OMIM:157900,,True
OMIM:616867,,True
MONDO:MONDO:0010969,,True
MedGen:C2677889,,True
OMIM:603736,,True
MedGen:C0017097,,True
MedGen:C0344542,,True
MONDO:MONDO:0013622,,True
Orphanet:85275,,True
MedGen:C4551495,,True
Orphanet:65682,,True
OMIM:616501,,True
MedGen:C0002949,,True
MedGen:C2676466,,True
MONDO:MONDO:0008153,,True
MedGen:C1852510,,True
Orphanet:474,,True
MONDO:MONDO:0012573,,True
MedGen:C0004245,,True
MONDO:MONDO:0012381,,True
MedGen:C1862877,,True
MedGen:C3151355,,True
MONDO:MONDO:0005382,,True
MONDO:MONDO:0010600,,True
OMIM:616216,,True
Orphanet:93599,,True
OMIM:615716,,True
MONDO:MONDO:0007589,,True
MedGen:C1861171,,True
MedGen:C0342790,,True
MedGen:C0024796,,True
Orphanet:1897,,True
MONDO:MONDO:0014743,,True
MedGen:C0234853,,True
MedGen:C0026838,,True
OMIM:613843,,True
Orphanet:79402,,True
Orphanet:443090,,True
MedGen:C2675511,,True
OMIM:614298,,True
Orphanet:171680,,True
Orphanet:363447,,True
MONDO:MONDO:0011445,,True
MedGen:C0016655,,True
MedGen:C3150879,,True
MONDO:MONDO:0013800,,True
MONDO:MONDO:0010561,,True
MONDO:MONDO:0013263,,True
OMIM:147060,,True
MedGen:C4016610,,True
MONDO:MONDO:0009664,,True
MedGen:C1836743,,True
MedGen:C5193143,,True
OMIM:158600,,True
Orphanet:252183,,True
OMIM:614430,,True
MedGen:C1855330,,True
MedGen:C0042345,,True
MONDO:MONDO:0013516,,True
MONDO:MONDO:0012945,,True
OMIM:616100,,True
Orphanet:99861,,True
Orphanet:163746,,True
MedGen:C4551981,,True
MedGen:C2677637,,True
MedGen:C3888087,,True
MedGen:C1866422,,True
Orphanet:95430,,True
Orphanet:289377,,True
MedGen:C0206715,,True
MONDO:MONDO:0015025,,True
MONDO:MONDO:0015427,,True
Orphanet:99875,,True
Orphanet:477774,,True
MedGen:C1842362,,True
OMIM:608799,,True
MedGen:C0025521,,True
MedGen:C3554000,,True
MedGen:C0700299,,True
OMIM:616078,,True
OMIM:614306,,True
MONDO:MONDO:0015362,,True
MedGen:C1257877,,True
OMIM:263200,,True
MONDO:MONDO:0020847,,True
OMIM:613451,,True
MedGen:C0010278,,True
MedGen:C2931833,,True
OMIM:211600,,True
MONDO:MONDO:0030919,,True
MONDO:MONDO:0012833,,True
OMIM:148300,,True
MONDO:MONDO:0007931,,True
MONDO:MONDO:0011403,,True
OMIM:600652,,True
MedGen:C0265341,,True
Orphanet:26349,,True
OMIM:226600,,True
Orphanet:3152,,True
OMIM:617895,,True
MONDO:MONDO:0014056,,True
MONDO:MONDO:0000359,,True
Orphanet:13,,True
MONDO:MONDO:0007734,,True
MONDO:MONDO:0010423,,True
OMIM:250800,,True
OMIM:618381,,True
MedGen:C1855767,,True
MedGen:C0266470,,True
Orphanet:453499,,True
MONDO:MONDO:0009076,,True
OMIM:611726,,True
OMIM:613172,,True
MedGen:C0271092,,True
OMIM:610896,,True
OMIM:611876,,True
Orphanet:329284,,True
MONDO:MONDO:0032917,,True
OMIM:211530,,True
MONDO:MONDO:0002363,,True
MedGen:C4310697,,True
MedGen:C1853995,,True
MONDO:MONDO:0011604,,True
OMIM:257200,,True
Orphanet:99938,,True
MedGen:C3150971,,True
MONDO:MONDO:0014665,,True
MedGen:C1861832,,True
MedGen:C3150757,,True
MedGen:C4225336,,True
MedGen:C0030567,,True
MedGen:C0206061,,True
MedGen:C0232939,,True
OMIM:613744,,True
MedGen:C4225342,,True
MONDO:MONDO:0018696,,True
MONDO:MONDO:0010643,,True
OMIM:174700,,True
Orphanet:79351,,True
MedGen:C1333991,,True
OMIM:272430,,True
MedGen:C4540484,,True
MedGen:C1861862,,True
MONDO:MONDO:0009131,,True
MedGen:C1969657,,True
MedGen:C3276239,,True
MedGen:C1837142,,True
MedGen:C0017495,,True
MedGen:C0026705,,True
OMIM:615343,,True
OMIM:618977,,True
OMIM:601816,,True
MONDO:MONDO:0007635,,True
OMIM:300257,,True
MedGen:C4024988,,True
OMIM:613495,,True
MONDO:MONDO:0012986,,True
MONDO:MONDO:0013899,,True
MONDO:MONDO:0011336,,True
OMIM:108721,,True
MedGen:C0339541,,True
MONDO:MONDO:0011437,,True
MONDO:MONDO:0014147,,True
OMIM:256850,,True
MONDO:MONDO:0013117,,True
OMIM:214950,,True
MedGen:C0266573,,True
MedGen:C1720771,,True
MONDO:MONDO:0011822,,True
MONDO:MONDO:0013623,,True
MONDO:MONDO:0015001,,True
MONDO:MONDO:0011380,,True
OMIM:606966,,True
MONDO:MONDO:0011245,,True
OMIM:618253,,True
MONDO:MONDO:0032575,,True
MedGen:C1833308,,True
Orphanet:494,,True
MedGen:C0268296,,True
MedGen:C0344453,,True
MedGen:C1389118,,True
MONDO:MONDO:0012574,,True
MedGen:C2678416,,True
MedGen:C0009782,,True
Orphanet:2014,,True
MONDO:MONDO:0008770,,True
MedGen:C0410916,,True
MedGen:C4225353,,True
OMIM:603047,,True
MedGen:C4310775,,True
OMIM:614926,,True
Orphanet:1764,,True
MONDO:MONDO:0013386,,True
MedGen:C2680446,,True
MedGen:C2751608,,True
MONDO:MONDO:0013503,,True
MedGen:C4303789,,True
Orphanet:208441,,True
OMIM:608194,,True
MONDO:MONDO:0010758,,True
MedGen:C0239830,,True
Orphanet:98813,,True
Orphanet:48431,,True
MONDO:MONDO:0007607,,True
OMIM:618776,,True
Orphanet:90793,,True
MONDO:MONDO:0010545,,True
MedGen:C1848336,,True
OMIM:617069,,True
MONDO:MONDO:0007240,,True
OMIM:614193,,True
Orphanet:255235,,True
MedGen:C4747394,,True
Orphanet:2254,,True
MONDO:MONDO:0014986,,True
Orphanet:308670,,True
MedGen:C0020295,,True
MedGen:C1837835,,True
MONDO:MONDO:0012498,,True
MedGen:C2675491,,True
MedGen:C0162635,,True
Orphanet:251949,,True
MedGen:C0002726,,True
MedGen:C4225363,,True
OMIM:226980,,True
OMIM:153870,,True
OMIM:236200,,True
OMIM:125800,,True
MedGen:C0037763,,True
MedGen:C4015596,,True
OMIM:239200,,True
OMIM:610220,,True
Orphanet:232,,True
MedGen:C1536500,,True
OMIM:614810,,True
MONDO:MONDO:0016340,,True
OMIM:616681,,True
MedGen:C0027121,,True
MONDO:MONDO:0004496,,True
Orphanet:99103,,True
MedGen:C1282974,,True
MONDO:MONDO:0010313,,True
MONDO:MONDO:0060578,,True
MedGen:C1842364,,True
MONDO:MONDO:0014578,,True
MedGen:C4014856,,True
MONDO:MONDO:0010817,,True
MONDO:MONDO:0009590,,True
MedGen:C4225168,,True
MedGen:C3807131,,True
MedGen:C1834671,,True
Orphanet:897,,True
OMIM:609162,,True
MedGen:C1856057,,True
MedGen:C1866398,,True
OMIM:610193,,True
OMIM:251000,,True
MONDO:MONDO:0024530,,True
Orphanet:427,,True
MONDO:MONDO:0011818,,True
MedGen:C1833683,,True
MONDO:MONDO:0014618,,True
Orphanet:397744,,True
MedGen:C4551974,,True
OMIM:607841,,True
MedGen:C0339528,,True
OMIM:617622,,True
OMIM:271150,,True
MONDO:MONDO:0032942,,True
OMIM:613079,,True
MedGen:C1961835,,True
MONDO:MONDO:0060596,,True
MedGen:C1840169,,True
OMIM:614251,,True
MedGen:C1865270,,True
Orphanet:1777,,True
MedGen:C4748766,,True
MONDO:MONDO:0033352,,True
MONDO:MONDO:0013978,,True
MedGen:C1292231,,True
Orphanet:847,,True
MONDO:MONDO:0007273,,True
MONDO:MONDO:0011870,,True
MONDO:MONDO:0005035,,True
MedGen:C3151520,,True
Orphanet:495,,True
MedGen:C1857777,,True
MedGen:C4020908,,True
MedGen:C1859566,,True
OMIM:615817,,True
MedGen:C1970859,,True
Orphanet:1507,,True
MONDO:MONDO:0013083,,True
OMIM:300323,,True
Orphanet:95428,,True
MONDO:MONDO:0010479,,True
OMIM:269150,,True
MONDO:MONDO:0008728,,True
MONDO:MONDO:0005558,,True
MedGen:C2931835,,True
OMIM:234200,,True
Orphanet:79665,,True
MONDO:MONDO:0009640,,True
MedGen:C0751882,,True
OMIM:268100,,True
OMIM:610253,,True
MedGen:C0007758,,True
MONDO:MONDO:0019157,,True
OMIM:616081,,True
MONDO:MONDO:0008931,,True
MedGen:C1844948,,True
MedGen:C4310665,,True
MONDO:MONDO:0016419,,True
MedGen:C3809105,,True
Orphanet:1180,,True
OMIM:213700,,True
MedGen:C0410204,,True
MedGen:C0002986,,True
MedGen:C4552049,,True
MedGen:C1720862,,True
MedGen:C3539920,,True
OMIM:181405,,True
MedGen:C3539071,,True
OMIM:616289,,True
MedGen:C1866053,,True
MedGen:C1261473,,True
MedGen:C3280612,,True
MedGen:C0023890,,True
OMIM:230650,,True
MedGen:C0009405,,True
MedGen:C0728829,,True
Orphanet:569,,True
OMIM:618775,,True
MedGen:C0268689,,True
Orphanet:3352,,True
MedGen:C4225297,,True
MONDO:MONDO:0010091,,True
OMIM:615273,,True
MedGen:C4023137,,True
MedGen:C0268275,,True
OMIM:615752,,True
MONDO:MONDO:0010885,,True
MONDO:MONDO:0005475,,True
MedGen:C0699791,,True
MONDO:MONDO:0012839,,True
MedGen:C2751293,,True
MedGen:C1833296,,True
MONDO:MONDO:0019011,,True
MONDO:MONDO:0013471,,True
OMIM:617280,,True
MedGen:C3553785,,True
MedGen:C0027059,,True
OMIM:612567,,True
MedGen:C0020625,,True
MONDO:MONDO:0001567,,True
MONDO:MONDO:0011986,,True
MONDO:MONDO:0018996,,True
Orphanet:275,,True
MedGen:C1853743,,True
MedGen:C0023003,,True
MONDO:MONDO:0013510,,True
MedGen:C4014942,,True
Orphanet:2707,,True
MedGen:C4476554,,True
Orphanet:370953,,True
MedGen:C1260386,,True
OMIM:601536,,True
Orphanet:99741,,True
MedGen:C0026010,,True
OMIM:601800,,True
Orphanet:356,,True
OMIM:617695,,True
MedGen:C1837756,,True
MONDO:MONDO:0012313,,True
MONDO:MONDO:0021094,,True
MedGen:C3808986,,True
OMIM:272460,,True
Orphanet:369891,,True
MONDO:MONDO:0011144,,True
OMIM:605013,,True
OMIM:185500,,True
MedGen:C4310708,,True
MONDO:MONDO:0012291,,True
MedGen:C1851920,,True
MedGen:C0001815,,True
Orphanet:90038,,True
Orphanet:443950,,True
OMIM:616056,,True
MONDO:MONDO:0011458,,True
Orphanet:2466,,True
OMIM:166250,,True
Orphanet:88618,,True
MedGen:C0343114,,True
OMIM:616494,,True
OMIM:610651,,True
MedGen:C0221166,,True
MedGen:C0268575,,True
Orphanet:363623,,True
MONDO:MONDO:0012033,,True
OMIM:248800,,True
OMIM:615030,,True
MedGen:C0265260,,True
OMIM:255110,,True
OMIM:252650,,True
OMIM:613869,,True
MONDO:MONDO:0011383,,True
MONDO:MONDO:0009105,,True
MedGen:C3554047,,True
Orphanet:168566,,True
OMIM:604187,,True
MedGen:C2676782,,True
Orphanet:1207,,True
MedGen:C1866777,,True
OMIM:613239,,True
MedGen:C2751778,,True
MedGen:C2676739,,True
Orphanet:79241,,True
OMIM:182280,,True
OMIM:276900,,True
OMIM:613494,,True
MONDO:MONDO:0010683,,True
MedGen:C0796227,,True
OMIM:187601,,True
MedGen:C3809686,,True
MONDO:MONDO:0014215,,True
MONDO:MONDO:0011633,,True
MedGen:C0085610,,True
MedGen:C1332852,,True
MedGen:C1844706,,True
MONDO:MONDO:0011902,,True
MONDO:MONDO:0010830,,True
MedGen:C4477100,,True
OMIM:616211,,True
OMIM:275900,,True
MedGen:C4746986,,True
OMIM:148200,,True
Orphanet:83454,,True
OMIM:304150,,True
MedGen:C3279885,,True
OMIM:610612,,True
MONDO:MONDO:0008603,,True
OMIM:614669,,True
MedGen:C0525043,,True
MONDO:MONDO:0014650,,True
MedGen:C1836440,,True
OMIM:278800,,True
MedGen:C1853738,,True
MONDO:MONDO:0019804,,True
MedGen:C2936858,,True
OMIM:611383,,True
MedGen:C0398791,,True
OMIM:615274,,True
MONDO:MONDO:0013773,,True
MedGen:C4021085,,True
OMIM:114500,,True
MedGen:C1970161,,True
MedGen:C5193044,,True
MONDO:MONDO:0016145,,True
MedGen:C1858433,,True
MONDO:MONDO:0017715,,True
OMIM:215500,,True
MedGen:C1867873,,True
MONDO:MONDO:0014735,,True
MedGen:C1847554,,True
MONDO:MONDO:0009369,,True
MedGen:C2751666,,True
MONDO:MONDO:0014799,,True
MedGen:C1855472,,True
MONDO:MONDO:0013784,,True
MedGen:C1862472,,True
OMIM:610504,,True
Orphanet:352582,,True
OMIM:617086,,True
MedGen:C0268468,,True
OMIM:230000,,True
MONDO:MONDO:0004579,,True
MedGen:C1847555,,True
MONDO:MONDO:0014121,,True
MONDO:MONDO:0014173,,True
MedGen:C1970440,,True
MedGen:C0452168,,True
OMIM:173900,,True
MONDO:MONDO:0013666,,True
OMIM:133701,,True
MONDO:MONDO:0008026,,True
Orphanet:77259,,True
MedGen:C0004903,,True
OMIM:610042,,True
MedGen:C3150953,,True
OMIM:609913,,True
MedGen:C1838230,,True
MedGen:C1969092,,True
MedGen:C0206368,,True
MedGen:C0598226,,True
MedGen:C0003486,,True
MONDO:MONDO:0005012,,True
MedGen:C1847667,,True
OMIM:613721,,True
MedGen:C1842090,,True
OMIM:613252,,True
MedGen:C1848204,,True
MONDO:MONDO:0013915,,True
MONDO:MONDO:0007049,,True
MedGen:C3281125,,True
Orphanet:963,,True
MedGen:C5193138,,True
MONDO:MONDO:0019497,,True
MONDO:MONDO:0000561,,True
OMIM:613662,,True
MedGen:C4316899,,True
OMIM:142946,,True
MONDO:MONDO:0009215,,True
Orphanet:25980,,True
MONDO:MONDO:0014959,,True
MedGen:C0393808,,True
MedGen:C0206141,,True
Orphanet:48471,,True
MONDO:MONDO:0014824,,True
Orphanet:25,,True
MedGen:C0238093,,True
MONDO:MONDO:0010136,,True
OMIM:615802,,True
OMIM:609441,,True
Orphanet:2882,,True
OMIM:612100,,True
MONDO:MONDO:0012622,,True
MedGen:C0023817,,True
MedGen:C2675186,,True
MedGen:C1843738,,True
MONDO:MONDO:0008009,,True
MONDO:MONDO:0001516,,True
MedGen:C0001080,,True
MedGen:C1836327,,True
OMIM:614089,,True
MedGen:C1285291,,True
OMIM:611307,,True
MedGen:C2750457,,True
MedGen:C3554649,,True
MedGen:C1840365,,True
MONDO:MONDO:0009216,,True
MONDO:MONDO:0006123,,True
MedGen:C0038525,,True
MedGen:C0342705,,True
OMIM:614583,,True
MONDO:MONDO:0019537,,True
OMIM:601386,,True
OMIM:300486,,True
OMIM:616589,,True
MedGen:C1843153,,True
MONDO:MONDO:0014676,,True
MedGen:C3552528,,True
MedGen:C1855109,,True
MONDO:MONDO:0011715,,True
MedGen:C1842581,,True
MONDO:MONDO:0014341,,True
MONDO:MONDO:0017582,,True
OMIM:612943,,True
MedGen:C4554120,,True
OMIM:187350,,True
MONDO:MONDO:0032636,,True
MedGen:C0544862,,True
MedGen:C4225400,,True
MONDO:MONDO:0007349,,True
MedGen:C2931832,,True
MedGen:C1264040,,True
MedGen:C1860334,,True
MedGen:C4539857,,True
Orphanet:95232,,True
MedGen:C4021866,,True
MONDO:MONDO:0010187,,True
MONDO:MONDO:0027069,,True
MONDO:MONDO:0013527,,True
MedGen:C4225239,,True
Orphanet:240071,,True
MONDO:MONDO:0012571,,True
MedGen:C4748120,,True
OMIM:218330,,True
OMIM:314050,,True
Orphanet:199343,,True
OMIM:609813,,True
MedGen:C0005744,,True
MONDO:MONDO:0014594,,True
OMIM:613206,,True
MedGen:C4024960,,True
MONDO:MONDO:0009518,,True
MedGen:C1840452,,True
MedGen:C1864356,,True
MONDO:MONDO:0020485,,True
Orphanet:231154,,True
MONDO:MONDO:0014102,,True
MedGen:C0751706,,True
MedGen:C4552072,,True
OMIM:611493,,True
MONDO:MONDO:0004691,,True
MedGen:C4022749,,True
Orphanet:211047,,True
Orphanet:101101,,True
MedGen:C0270726,,True
MedGen:C1876161,,True
MONDO:MONDO:0020722,,True
Orphanet:466768,,True
OMIM:260350,,True
Orphanet:98994,,True
OMIM:617090,,True
OMIM:194200,,True
Orphanet:64746,,True
MONDO:MONDO:0013150,,True
MedGen:C4759781,,True
OMIM:613762,,True
MedGen:C3553606,,True
MONDO:MONDO:0006497,,True
MedGen:C1847501,,True
MedGen:C4748753,,True
MedGen:C1832379,,True
MedGen:C1863512,,True
MONDO:MONDO:0009804,,True
MedGen:C4014795,,True
MedGen:C5193034,,True
MONDO:MONDO:0012062,,True
OMIM:610445,,True
MedGen:C2677516,,True
Orphanet:313846,,True
OMIM:610688,,True
Orphanet:2780,,True
MONDO:MONDO:0013719,,True
MedGen:C1857100,,True
MedGen:C1837552,,True
Orphanet:2990,,True
MONDO:MONDO:0043606,,True
MONDO:MONDO:0013210,,True
Orphanet:300179,,True
OMIM:612635,,True
MedGen:C0003857,,True
MONDO:MONDO:0006040,,True
Orphanet:309310,,True
MONDO:MONDO:0016063,,True
MedGen:C1835912,,True
OMIM:603909,,True
MONDO:MONDO:0009314,,True
MONDO:MONDO:0013050,,True
MedGen:C0796059,,True
OMIM:618469,,True
MedGen:C1834144,,True
Orphanet:169186,,True
MONDO:MONDO:0015177,,True
MONDO:MONDO:0020310,,True
MedGen:C3551007,,True
Orphanet:329314,,True
MONDO:MONDO:0010725,,True
MedGen:C3279748,,True
OMIM:617982,,True
MedGen:C4748759,,True
MONDO:MONDO:0011827,,True
OMIM:617389,,True
MedGen:C1832708,,True
MONDO:MONDO:0013926,,True
MONDO:MONDO:0032605,,True
MedGen:C4693578,,True
MedGen:C0424688,,True
Orphanet:331206,,True
Orphanet:263417,,True
OMIM:143200,,True
OMIM:243310,,True
MedGen:C5231434,,True
MONDO:MONDO:0009400,,True
MONDO:MONDO:0013253,,True
Orphanet:702,,True
MedGen:C2745953,,True
MONDO:MONDO:0012096,,True
OMIM:615270,,True
MedGen:C0268138,,True
OMIM:269160,,True
MedGen:C0948216,,True
OMIM:609200,,True
MONDO:MONDO:0012677,,True
OMIM:140700,,True
Orphanet:48,,True
Orphanet:309239,,True
MedGen:C3150909,,True
MONDO:MONDO:0010359,,True
MedGen:C4274968,,True
MedGen:C4017105,,True
OMIM:612952,,True
MedGen:C1852516,,True
MedGen:C1838359,,True
MONDO:MONDO:0033204,,True
MedGen:C1704423,,True
MONDO:MONDO:0014149,,True
MedGen:C3805412,,True
OMIM:615673,,True
OMIM:616445,,True
OMIM:613285,,True
MedGen:C1853214,,True
MedGen:C3489796,,True
MedGen:C1332865,,True
MedGen:C4225347,,True
OMIM:309900,,True
MedGen:C0030312,,True
Orphanet:137867,,True
MedGen:C4551568,,True
MedGen:C0520806,,True
MedGen:C4022648,,True
MONDO:MONDO:0008343,,True
MONDO:MONDO:0011537,,True
MedGen:C2673410,,True
OMIM:184900,,True
MedGen:C1851536,,True
Orphanet:98306,,True
OMIM:204300,,True
MedGen:C1393871,,True
OMIM:612645,,True
OMIM:613702,,True
OMIM:616938,,True
MedGen:C3151380,,True
Orphanet:99844,,True
MedGen:C4551773,,True
OMIM:617710,,True
OMIM:613480,,True
Orphanet:487,,True
Orphanet:1529,,True
MedGen:C0152021,,True
MONDO:MONDO:0008762,,True
Orphanet:221126,,True
MONDO:MONDO:0014796,,True
MedGen:C1853296,,True
OMIM:614723,,True
OMIM:601493,,True
OMIM:613826,,True
OMIM:612225,,True
OMIM:617023,,True
MedGen:C1842366,,True
MedGen:C0342336,,True
MedGen:C2749019,,True
OMIM:242300,,True
MONDO:MONDO:0011789,,True
MONDO:MONDO:0033135,,True
MedGen:C0948187,,True
MONDO:MONDO:0007533,,True
MedGen:C1868310,,True
MedGen:C0026266,,True
MedGen:C1849096,,True
Orphanet:2969,,True
Orphanet:90042,,True
OMIM:601665,,True
MONDO:MONDO:0016064,,True
OMIM:612940,,True
Orphanet:166068,,True
MedGen:C3281029,,True
MedGen:C0220687,,True
OMIM:615485,,True
MedGen:C0221002,,True
MedGen:C0162809,,True
MONDO:MONDO:0010217,,True
MedGen:C0334618,,True
MedGen:C0024145,,True
MedGen:C2675897,,True
MedGen:C3279564,,True
MONDO:MONDO:0011073,,True
MedGen:C4016581,,True
MedGen:C4024172,,True
MedGen:C3150975,,True
MONDO:MONDO:0000107,,True
MONDO:MONDO:0019346,,True
MONDO:MONDO:0014359,,True
MedGen:C0001339,,True
OMIM:614087,,True
MONDO:MONDO:0008165,,True
Orphanet:3339,,True
MedGen:C1851152,,True
MedGen:C2936332,,True
MONDO:MONDO:0010828,,True
MONDO:MONDO:0014426,,True
OMIM:601144,,True
MedGen:C4225205,,True
MONDO:MONDO:0007958,,True
OMIM:266900,,True
Orphanet:1571,,True
MONDO:MONDO:0012585,,True
OMIM:601367,,True
MedGen:C0520739,,True
MONDO:MONDO:0014828,,True
MedGen:C4022713,,True
MedGen:C3150681,,True
MedGen:C4016270,,True
MONDO:MONDO:0032692,,True
MedGen:C1836906,,True
OMIM:302950,,True
Orphanet:93952,,True
MONDO:MONDO:0014245,,True
MedGen:C4310756,,True
OMIM:611719,,True
MONDO:MONDO:0001415,,True
MONDO:MONDO:0014509,,True
MedGen:C1848701,,True
MONDO:MONDO:0032607,,True
MONDO:MONDO:0014584,,True
OMIM:278150,,True
MONDO:MONDO:0009360,,True
MONDO:MONDO:0010853,,True
MONDO:MONDO:0009458,,True
MONDO:MONDO:0000390,,True
MedGen:C3508773,,True
MedGen:C0000737,,True
MONDO:MONDO:0013888,,True
MONDO:MONDO:0005252,,True
OMIM:614621,,True
Orphanet:1930,,True
MONDO:MONDO:0018445,,True
MedGen:C0346629,,True
OMIM:618835,,True
MONDO:MONDO:0008954,,True
MONDO:MONDO:0008410,,True
MONDO:MONDO:0009162,,True
MONDO:MONDO:0060592,,True
MedGen:C4024276,,True
Orphanet:124,,True
MedGen:C1850077,,True
OMIM:617106,,True
MONDO:MONDO:0011451,,True
MedGen:C4551995,,True
MONDO:MONDO:0011275,,True
Orphanet:2462,,True
OMIM:160120,,True
OMIM:219150,,True
MedGen:C0013581,,True
MONDO:MONDO:0007485,,True
MedGen:C4225265,,True
Orphanet:79405,,True
MONDO:MONDO:0017729,,True
MONDO:MONDO:0014071,,True
OMIM:616576,,True
MedGen:C3539003,,True
MedGen:C2931384,,True
Orphanet:223713,,True
OMIM:606391,,True
MONDO:MONDO:0011233,,True
MedGen:C3553060,,True
MedGen:C2829267,,True
MONDO:MONDO:0054794,,True
MedGen:C1837608,,True
OMIM:617350,,True
MedGen:C1865869,,True
MONDO:MONDO:0009406,,True
MONDO:MONDO:0012511,,True
MONDO:MONDO:0014048,,True
OMIM:613454,,True
OMIM:214300,,True
MONDO:MONDO:0011970,,True
MedGen:C0037773,,True
OMIM:300953,,True
MONDO:MONDO:0011313,,True
OMIM:609634,,True
OMIM:180000,,True
OMIM:613824,,True
OMIM:602083,,True
MedGen:C3554078,,True
OMIM:607855,,True
Orphanet:477814,,True
OMIM:273900,,True
Orphanet:309127,,True
MedGen:C3553645,,True
OMIM:612347,,True
MedGen:C3553989,,True
MedGen:C2748662,,True
MedGen:C0398686,,True
MONDO:MONDO:0010294,,True
MONDO:MONDO:0032873,,True
MONDO:MONDO:0011183,,True
MedGen:C0158734,,True
Orphanet:90797,,True
MedGen:C3151188,,True
MedGen:C0856975,,True
Orphanet:1465,,True
MedGen:C3150998,,True
MedGen:C0242387,,True
MedGen:C3809514,,True
MedGen:C0342800,,True
MedGen:C4747954,,True
Orphanet:320411,,True
MONDO:MONDO:0012323,,True
MedGen:C4693925,,True
MONDO:MONDO:0013968,,True
MONDO:MONDO:0009709,,True
MedGen:C4015156,,True
MONDO:MONDO:0014779,,True
MedGen:C0003466,,True
Orphanet:476113,,True
MedGen:C0040761,,True
MONDO:MONDO:0020778,,True
MONDO:MONDO:0014732,,True
MONDO:MONDO:0016605,,True
Orphanet:79328,,True
OMIM:177000,,True
MedGen:C0150080,,True
OMIM:601358,,True
MONDO:MONDO:0020772,,True
MedGen:C3150988,,True
OMIM:609423,,True
MONDO:MONDO:0012690,,True
MedGen:C3549870,,True
MedGen:C0020480,,True
MedGen:C0432235,,True
Orphanet:98,,True
Orphanet:99898,,True
OMIM:615991,,True
MedGen:C1840307,,True
Orphanet:238329,,True
Orphanet:45,,True
MedGen:C0026985,,True
MedGen:C0398776,,True
MedGen:C1856255,,True
MedGen:C1968843,,True
OMIM:186580,,True
MONDO:MONDO:0013820,,True
OMIM:170100,,True
OMIM:616115,,True
MedGen:C0155017,MONDO:MONDO:0008610,False
Orphanet:88629,MONDO:MONDO:0008610,False
MONDO:MONDO:0008610,MONDO:MONDO:0008610,False
OMIM:190900,MONDO:MONDO:0008610,False
OMIM:176100,,True
MONDO:MONDO:0019799,,True
MedGen:C0268323,,True
MedGen:C0162569,,True
Orphanet:443057,,True
Orphanet:443062,,True
MedGen:C0162566,,True
MONDO:MONDO:0008295,,True
OMIM:176090,,True
Orphanet:101330,,True
MedGen:C1867968,,True
Orphanet:95159,,True
MONDO:MONDO:0008296,,True
Orphanet:275761,,True
MedGen:C0008384,,True
MedGen:C0043208,,True
Orphanet:75234,,True
MONDO:MONDO:0019149,,True
OMIM:278000,,True
MONDO:MONDO:0010204,,True
Orphanet:75233,,True
MONDO:MONDO:0009368,,True
OMIM:615112,,True
MONDO:MONDO:0014049,,True
Orphanet:2704,,True
MedGen:C3554520,,True
OMIM:236730,,True
MedGen:C3150680,MedGen:C3150680,False
OMIM:613418,MedGen:C3150680,False
Orphanet:281201,MONDO:MONDO:0011169,False
MONDO:MONDO:0011169,MONDO:MONDO:0011169,False
OMIM:601952,MONDO:MONDO:0011169,False
MedGen:C1866029,MONDO:MONDO:0011169,False
MONDO:MONDO:0009111,MONDO:MONDO:0009111,False
OMIM:222748,MONDO:MONDO:0009111,False
MedGen:C0342803,MONDO:MONDO:0009111,False
Orphanet:38874,MONDO:MONDO:0009111,False
MedGen:C1855305,,True
MONDO:MONDO:0009579,,True
OMIM:249420,,True
Orphanet:1266,,True
MONDO:MONDO:0022018,,True
Orphanet:137834,,True
MedGen:C1859406,,True
MONDO:MONDO:0011405,MONDO:MONDO:0011405,False
MedGen:C1858723,MONDO:MONDO:0011405,False
OMIM:604173,MONDO:MONDO:0011405,False
Orphanet:221046,MONDO:MONDO:0011405,False
MedGen:C2752081,MONDO:MONDO:0009883,False
OMIM:262850,MONDO:MONDO:0009883,False
MONDO:MONDO:0009883,MONDO:MONDO:0009883,False
Orphanet:79,MONDO:MONDO:0009883,False
OMIM:256540,,True
MedGen:C4017294,,True
Orphanet:351,,True
MedGen:C4017293,,True
MedGen:C0268233,,True
MedGen:C4017292,,True
MONDO:MONDO:0009737,,True
MONDO:MONDO:0012423,MONDO:MONDO:0012423,False
Orphanet:75858,MONDO:MONDO:0012423,False
MedGen:C1857802,MONDO:MONDO:0012423,False
OMIM:610156,MONDO:MONDO:0012423,False
Orphanet:210128,MONDO:MONDO:0010167,False
MONDO:MONDO:0010167,MONDO:MONDO:0010167,False
OMIM:276880,MONDO:MONDO:0010167,False
MedGen:C0268514,MONDO:MONDO:0010167,False
MONDO:MONDO:0007739,,True
MedGen:C0020179,,True
OMIM:143100,,True
Orphanet:248111,,True
Orphanet:399,,True
Orphanet:98676,,True
OMIM:612989,,True
Orphanet:227976,,True
MONDO:MONDO:0013069,,True
MedGen:C2751812,,True
OMIM:612951,MONDO:MONDO:0013058,False
MONDO:MONDO:0013058,MONDO:MONDO:0013058,False
Orphanet:85136,MONDO:MONDO:0013058,False
MedGen:C2751843,MONDO:MONDO:0013058,False
Orphanet:97234,MONDO:MONDO:0009865,False
MONDO:MONDO:0009865,MONDO:MONDO:0009865,False
MedGen:C0268149,MONDO:MONDO:0009865,False
OMIM:261670,MONDO:MONDO:0009865,False
OMIM:618240,MONDO:MONDO:0032623,False
MedGen:C4748790,MONDO:MONDO:0032623,False
MONDO:MONDO:0032623,MONDO:MONDO:0032623,False
MedGen:C3552236,MONDO:MONDO:0012399,False
MONDO:MONDO:0012399,MONDO:MONDO:0012399,False
OMIM:610031,MONDO:MONDO:0012399,False
Orphanet:300573,MONDO:MONDO:0012399,False
Orphanet:319678,MONDO:MONDO:0013840,False
OMIM:614654,MONDO:MONDO:0013840,False
MONDO:MONDO:0013840,MONDO:MONDO:0013840,False
MedGen:C3553374,MONDO:MONDO:0013840,False
MONDO:MONDO:0011070,,True
MONDO:MONDO:0014454,,True
MedGen:C4012050,,True
MedGen:C4014939,,True
MedGen:C4551950,,True
MedGen:C3809875,,True
OMIM:616006,,True
MONDO:MONDO:0009337,,True
Orphanet:2136,,True
OMIM:601390,,True
MONDO:MONDO:0014242,,True
OMIM:615546,,True
MONDO:MONDO:0017813,,True
OMIM:235510,,True
Orphanet:314679,,True
MedGen:C0342859,MedGen:C0342859,False
OMIM:618892,MedGen:C0342859,False
OMIM:121300,,True
MedGen:C0342856,,True
Orphanet:79273,,True
MedGen:C0162531,,True
MONDO:MONDO:0007369,,True
OMIM:611943,MONDO:MONDO:0012764,False
Orphanet:420741,MONDO:MONDO:0012764,False
MONDO:MONDO:0012764,MONDO:MONDO:0012764,False
MedGen:C2677792,MONDO:MONDO:0012764,False
Orphanet:3464,MONDO:MONDO:0009419,False
OMIM:241080,MONDO:MONDO:0009419,False
MONDO:MONDO:0009419,MONDO:MONDO:0009419,False
MedGen:C0342286,MONDO:MONDO:0009419,False
MedGen:C1864445,MONDO:MONDO:0011273,False
OMIM:602782,MONDO:MONDO:0011273,False
Orphanet:168569,MONDO:MONDO:0011273,False
MONDO:MONDO:0011273,MONDO:MONDO:0011273,False
OMIM:228960,MedGen:C0272340,False
MedGen:C0272340,MedGen:C0272340,False
Orphanet:483,MedGen:C0272340,False
Orphanet:199332,MONDO:MONDO:0012980,False
OMIM:612651,MONDO:MONDO:0012980,False
MedGen:C2675227,MONDO:MONDO:0012980,False
MONDO:MONDO:0012980,MONDO:MONDO:0012980,False
OMIM:243400,MONDO:MONDO:0009472,False
MedGen:C0878587,MONDO:MONDO:0009472,False
MONDO:MONDO:0009472,MONDO:MONDO:0009472,False
OMIM:612267,MedGen:C2677088,False
MedGen:C2677088,MedGen:C2677088,False
OMIM:615159,MONDO:MONDO:0014065,False
MONDO:MONDO:0014065,MONDO:MONDO:0014065,False
MedGen:C3554607,MONDO:MONDO:0014065,False
MONDO:MONDO:0012794,MONDO:MONDO:0012794,False
Orphanet:157954,MONDO:MONDO:0012794,False
MedGen:C2677535,MONDO:MONDO:0012794,False
OMIM:612079,MONDO:MONDO:0012794,False
MONDO:MONDO:0007296,MONDO:MONDO:0007296,False
OMIM:117210,MONDO:MONDO:0007296,False
MedGen:C1861736,MONDO:MONDO:0007296,False
Orphanet:217012,MONDO:MONDO:0007296,False
OMIM:612042,MedGen:C2677576,False
MedGen:C2677576,MedGen:C2677576,False
MedGen:C1850718,MONDO:MONDO:0009706,False
OMIM:255125,MONDO:MONDO:0009706,False
Orphanet:43115,MONDO:MONDO:0009706,False
MONDO:MONDO:0009706,MONDO:MONDO:0009706,False
Orphanet:247794,MONDO:MONDO:0012786,False
MedGen:C4310806,MONDO:MONDO:0012786,False
OMIM:612018,MONDO:MONDO:0012786,False
MONDO:MONDO:0012786,MONDO:MONDO:0012786,False
Orphanet:244310,MONDO:MONDO:0012783,False
MONDO:MONDO:0012783,MONDO:MONDO:0012783,False
MedGen:C2677590,MONDO:MONDO:0012783,False
OMIM:612015,MONDO:MONDO:0012783,False
Orphanet:535453,MONDO:MONDO:0009527,False
MONDO:MONDO:0009527,MONDO:MONDO:0009527,False
OMIM:246650,MONDO:MONDO:0009527,False
MedGen:C1855498,MONDO:MONDO:0009527,False
MONDO:MONDO:0011464,MONDO:MONDO:0011464,False
OMIM:604432,MONDO:MONDO:0011464,False
MedGen:C1858351,MONDO:MONDO:0011464,False
Orphanet:98767,MONDO:MONDO:0011464,False
Orphanet:98967,MONDO:MONDO:0007374,False
OMIM:121800,MONDO:MONDO:0007374,False
MONDO:MONDO:0007374,MONDO:MONDO:0007374,False
MedGen:C0271287,MONDO:MONDO:0007374,False
MedGen:C0016756,MONDO:MONDO:0009251,False
Orphanet:348,MONDO:MONDO:0009251,False
OMIM:229700,MONDO:MONDO:0009251,False
MONDO:MONDO:0009251,MONDO:MONDO:0009251,False
MedGen:C1836721,MONDO:MONDO:0012202,False
MONDO:MONDO:0012202,MONDO:MONDO:0012202,False
OMIM:609148,MONDO:MONDO:0012202,False
MedGen:C1859405,MONDO:MONDO:0008879,False
MONDO:MONDO:0008879,MONDO:MONDO:0008879,False
OMIM:211180,MONDO:MONDO:0008879,False
Orphanet:1270,MONDO:MONDO:0008879,False
MedGen:C0345407,MONDO:MONDO:0009818,False
Orphanet:2785,MONDO:MONDO:0009818,False
MONDO:MONDO:0009818,MONDO:MONDO:0009818,False
OMIM:259730,MONDO:MONDO:0009818,False
Orphanet:210110,MONDO:MONDO:0012679,False
MedGen:C1969093,MONDO:MONDO:0012679,False
OMIM:611497,MONDO:MONDO:0012679,False
MONDO:MONDO:0012679,MONDO:MONDO:0012679,False
MedGen:C3542549,,True
OMIM:136630,,True
MedGen:C1969893,,True
MONDO:MONDO:0007634,,True
MONDO:MONDO:0014016,,True
Orphanet:320385,,True
OMIM:615031,,True
Orphanet:169079,MONDO:MONDO:0012650,False
MedGen:C1969799,MONDO:MONDO:0012650,False
OMIM:611291,MONDO:MONDO:0012650,False
MONDO:MONDO:0012650,MONDO:MONDO:0012650,False
MONDO:MONDO:0011330,MONDO:MONDO:0011330,False
OMIM:603516,MONDO:MONDO:0011330,False
MedGen:C1963674,MONDO:MONDO:0011330,False
Orphanet:98761,MONDO:MONDO:0011330,False
MedGen:C4747517,MONDO:MONDO:0012624,False
MONDO:MONDO:0012624,MONDO:MONDO:0012624,False
OMIM:611126,MONDO:MONDO:0012624,False
Orphanet:99901,MONDO:MONDO:0012624,False
Orphanet:1832,MONDO:MONDO:0009821,False
MedGen:C1850106,MONDO:MONDO:0009821,False
MONDO:MONDO:0009821,MONDO:MONDO:0009821,False
OMIM:259775,MONDO:MONDO:0009821,False
MedGen:C2675526,MONDO:MONDO:0012930,False
Orphanet:331176,MONDO:MONDO:0012930,False
OMIM:612541,MONDO:MONDO:0012930,False
MONDO:MONDO:0012930,MONDO:MONDO:0012930,False
MONDO:MONDO:0014520,,True
OMIM:300624,,True
MedGen:C0016667,,True
Orphanet:908,,True
OMIM:300623,,True
MedGen:C4552079,,True
Orphanet:449291,,True
MONDO:MONDO:0010706,,True
MONDO:MONDO:0012689,,True
Orphanet:444048,,True
MONDO:MONDO:0010383,,True
MedGen:C4015409,,True
MedGen:C1839780,,True
MedGen:C1969060,,True
OMIM:616185,,True
MONDO:MONDO:0010382,,True
OMIM:311360,,True
Orphanet:93256,,True
OMIM:611548,,True
OMIM:269250,MONDO:MONDO:0010013,False
MedGen:C0432194,MONDO:MONDO:0010013,False
MONDO:MONDO:0010013,MONDO:MONDO:0010013,False
Orphanet:3144,MONDO:MONDO:0010013,False
Orphanet:91131,MONDO:MONDO:0012556,False
OMIM:610768,MONDO:MONDO:0012556,False
MONDO:MONDO:0012556,MONDO:MONDO:0012556,False
MedGen:C1835849,MONDO:MONDO:0012556,False
MedGen:C0268621,MedGen:C0268621,False
OMIM:250850,MedGen:C0268621,False
Orphanet:168598,MedGen:C0268621,False
MedGen:C1864100,MONDO:MONDO:0011301,False
Orphanet:94089,MONDO:MONDO:0011301,False
MONDO:MONDO:0011301,MONDO:MONDO:0011301,False
OMIM:603233,MONDO:MONDO:0011301,False
OMIM:615602,MedGen:C3810089,False
MedGen:C3810089,MedGen:C3810089,False
Orphanet:50814,MONDO:MONDO:0011911,False
MONDO:MONDO:0011911,MONDO:MONDO:0011911,False
MedGen:C1843042,MONDO:MONDO:0011911,False
OMIM:607812,MONDO:MONDO:0011911,False
Orphanet:89937,,True
MedGen:C4284088,,True
OMIM:617053,,True
MedGen:C1876187,,True
OMIM:211900,,True
MedGen:C0342642,,True
MONDO:MONDO:0012502,,True
Orphanet:306661,,True
MONDO:MONDO:0060715,,True
MONDO:MONDO:0060714,,True
MedGen:C1864861,,True
MONDO:MONDO:0008660,,True
OMIM:193100,,True
Orphanet:306658,,True
MONDO:MONDO:0014888,,True
OMIM:610455,,True
MedGen:C4693863,,True
MedGen:C4692564,,True
Orphanet:494433,,True
OMIM:617993,,True
Orphanet:53715,,True
OMIM:617994,,True
MedGen:C4693864,,True
MedGen:C1835829,MONDO:MONDO:0012559,False
OMIM:610798,MONDO:MONDO:0012559,False
Orphanet:90023,MONDO:MONDO:0012559,False
MONDO:MONDO:0012559,MONDO:MONDO:0012559,False
MONDO:MONDO:0012581,MONDO:MONDO:0012581,False
OMIM:610915,MONDO:MONDO:0012581,False
MedGen:C1970458,MONDO:MONDO:0012581,False
Orphanet:317428,,True
MedGen:C1861451,,True
MONDO:MONDO:0013007,,True
MedGen:C0410207,,True
OMIM:615883,,True
MedGen:C4011726,,True
MedGen:C2748568,,True
MedGen:C4014557,,True
MedGen:C2748557,,True
Orphanet:2593,,True
Orphanet:3204,,True
Orphanet:317430,,True
MONDO:MONDO:0024531,,True
MONDO:MONDO:0008497,,True
MONDO:MONDO:0014383,,True
OMIM:612783,,True
MONDO:MONDO:0013008,,True
OMIM:185070,,True
OMIM:160565,,True
OMIM:612782,,True
Orphanet:169090,,True
MONDO:MONDO:0008051,,True
Orphanet:83639,MONDO:MONDO:0012465,False
MedGen:C5201145,MONDO:MONDO:0012465,False
MONDO:MONDO:0012465,MONDO:MONDO:0012465,False
OMIM:610293,MONDO:MONDO:0012465,False
Orphanet:168606,MONDO:MONDO:0012446,False
MedGen:C1853258,MONDO:MONDO:0012446,False
MONDO:MONDO:0012446,MONDO:MONDO:0012446,False
OMIM:610227,MONDO:MONDO:0012446,False
MedGen:C2751321,MONDO:MONDO:0013115,False
OMIM:613075,MONDO:MONDO:0013115,False
Orphanet:217335,MONDO:MONDO:0013115,False
MONDO:MONDO:0013115,MONDO:MONDO:0013115,False
MONDO:MONDO:0009019,MONDO:MONDO:0009019,False
MedGen:C1857569,MONDO:MONDO:0009019,False
OMIM:217700,MONDO:MONDO:0009019,False
Orphanet:293603,MONDO:MONDO:0009019,False
OMIM:217400,MONDO:MONDO:0009015,False
MedGen:C1857572,MONDO:MONDO:0009015,False
MONDO:MONDO:0009015,MONDO:MONDO:0009015,False
Orphanet:1490,MONDO:MONDO:0009015,False
MONDO:MONDO:0013303,MONDO:MONDO:0013303,False
MedGen:C3150797,MONDO:MONDO:0013303,False
OMIM:613551,MONDO:MONDO:0013303,False
MedGen:C4721891,MONDO:MONDO:0009548,False
OMIM:248190,MONDO:MONDO:0009548,False
MONDO:MONDO:0009548,MONDO:MONDO:0009548,False
Orphanet:2196,MONDO:MONDO:0009548,False
MONDO:MONDO:0007060,,True
OMIM:102530,,True
Orphanet:171709,,True
MedGen:C3151407,,True
OMIM:613958,,True
MONDO:MONDO:0013505,,True
MedGen:C0403825,,True
MedGen:C2673866,MedGen:C2673866,False
OMIM:210750,MedGen:C2673866,False
MedGen:C1853271,MONDO:MONDO:0009431,False
OMIM:241530,MONDO:MONDO:0009431,False
Orphanet:157215,MONDO:MONDO:0009431,False
MONDO:MONDO:0009431,MONDO:MONDO:0009431,False
Orphanet:370097,,True
OMIM:113750,,True
MedGen:C3805375,,True
MedGen:C3695272,,True
MONDO:MONDO:0009919,MONDO:MONDO:0009919,False
MedGen:C1849678,MONDO:MONDO:0009919,False
Orphanet:2971,MONDO:MONDO:0009919,False
OMIM:264470,MONDO:MONDO:0009919,False
OMIM:102900,,True
MedGen:C1863224,,True
MONDO:MONDO:0007067,,True
MedGen:C0340968,,True
OMIM:266200,,True
MONDO:MONDO:0009950,,True
Orphanet:766,,True
Orphanet:882,,True
MONDO:MONDO:0010162,,True
Orphanet:2118,,True
MedGen:C4017342,,True
MedGen:C0268490,,True
MedGen:C1879362,,True
Orphanet:69723,,True
MedGen:C0268623,,True
MONDO:MONDO:0007700,,True
MONDO:MONDO:0010161,,True
OMIM:140350,,True
OMIM:276700,,True
OMIM:276710,,True
MedGen:C2931042,,True
MedGen:C0040953,,True
MONDO:MONDO:0013189,,True
MedGen:C0040517,,True
OMIM:613229,,True
OMIM:137580,,True
MONDO:MONDO:0007661,,True
MONDO:MONDO:0024565,MONDO:MONDO:0024565,False
OMIM:613573,MONDO:MONDO:0024565,False
Orphanet:247820,MONDO:MONDO:0024565,False
MedGen:C3150807,MONDO:MONDO:0024565,False
OMIM:610644,MONDO:MONDO:0012530,False
MedGen:C3149931,MONDO:MONDO:0012530,False
Orphanet:85112,MONDO:MONDO:0012530,False
MONDO:MONDO:0012530,MONDO:MONDO:0012530,False
MedGen:C4225155,MONDO:MONDO:0014804,False
Orphanet:255132,MONDO:MONDO:0014804,False
OMIM:616860,MONDO:MONDO:0014804,False
MONDO:MONDO:0014804,MONDO:MONDO:0014804,False
Orphanet:79314,MONDO:MONDO:0009370,False
MONDO:MONDO:0009370,MONDO:MONDO:0009370,False
OMIM:236792,MONDO:MONDO:0009370,False
MedGen:C1855995,MONDO:MONDO:0009370,False
OMIM:270200,MONDO:MONDO:0010031,False
MedGen:C0037231,MONDO:MONDO:0010031,False
MONDO:MONDO:0010031,MONDO:MONDO:0010031,False
Orphanet:816,MONDO:MONDO:0010031,False
MONDO:MONDO:0009345,,True
Orphanet:2157,,True
MedGen:C0220992,,True
MedGen:C1291163,,True
OMIM:235800,,True
MONDO:MONDO:0007376,MONDO:MONDO:0007376,False
MedGen:C1562113,MONDO:MONDO:0007376,False
Orphanet:98970,MONDO:MONDO:0007376,False
OMIM:121850,MONDO:MONDO:0007376,False
MONDO:MONDO:0012266,MONDO:MONDO:0012266,False
OMIM:609404,MONDO:MONDO:0012266,False
MedGen:C1836255,MONDO:MONDO:0012266,False
OMIM:223360,MONDO:MONDO:0009123,False
MONDO:MONDO:0009123,MONDO:MONDO:0009123,False
MedGen:C4746777,MONDO:MONDO:0009123,False
Orphanet:230,MONDO:MONDO:0009123,False
OMIM:610498,MONDO:MONDO:0012510,False
MONDO:MONDO:0012510,MONDO:MONDO:0012510,False
MedGen:C1864843,MONDO:MONDO:0012510,False
Orphanet:254920,MONDO:MONDO:0012510,False
MedGen:C4049714,,True
MedGen:C4049650,,True
OMIM:202200,,True
MedGen:C1955741,,True
OMIM:614736,,True
OMIM:607398,,True
MONDO:MONDO:0024536,,True
MONDO:MONDO:0011826,,True
MONDO:MONDO:0013874,,True
MedGen:C3553587,,True
Orphanet:361,,True
MedGen:C0342873,MONDO:MONDO:0009283,False
MONDO:MONDO:0009283,MONDO:MONDO:0009283,False
OMIM:231690,MONDO:MONDO:0009283,False
Orphanet:35706,MONDO:MONDO:0009283,False
Orphanet:79242,MONDO:MONDO:0009666,False
MedGen:C0268581,MONDO:MONDO:0009666,False
MONDO:MONDO:0009666,MONDO:MONDO:0009666,False
OMIM:253270,MONDO:MONDO:0009666,False
MedGen:C1862204,MedGen:C1862204,False
OMIM:111620,MedGen:C1862204,False
OMIM:111750,MedGen:C1292292,False
MedGen:C1292292,MedGen:C1292292,False
MedGen:C1859499,,True
OMIM:210210,,True
OMIM:210200,,True
MONDO:MONDO:0008861,,True
MONDO:MONDO:0008862,,True
Orphanet:6,,True
MedGen:C4551505,,True
MedGen:C1857776,MONDO:MONDO:0012435,False
Orphanet:66634,MONDO:MONDO:0012435,False
MONDO:MONDO:0012435,MONDO:MONDO:0012435,False
OMIM:610198,MONDO:MONDO:0012435,False
OMIM:608765,MONDO:MONDO:0012115,False
MONDO:MONDO:0012115,MONDO:MONDO:0012115,False
MedGen:C1837461,MONDO:MONDO:0012115,False
OMIM:600320,MONDO:MONDO:0010863,False
MONDO:MONDO:0010863,MONDO:MONDO:0010863,False
MedGen:C1838260,MONDO:MONDO:0010863,False
MedGen:C0034341,MONDO:MONDO:0009949,False
Orphanet:3008,MONDO:MONDO:0009949,False
MONDO:MONDO:0009949,MONDO:MONDO:0009949,False
OMIM:266150,MONDO:MONDO:0009949,False
OMIM:601110,MONDO:MONDO:0010998,False
Orphanet:79321,MONDO:MONDO:0010998,False
MedGen:C1832736,MONDO:MONDO:0010998,False
MONDO:MONDO:0010998,MONDO:MONDO:0010998,False
OMIM:612350,MONDO:MONDO:0012873,False
Orphanet:157965,MONDO:MONDO:0012873,False
MONDO:MONDO:0012873,MONDO:MONDO:0012873,False
MedGen:C2676510,MONDO:MONDO:0012873,False
MedGen:C2676742,MONDO:MONDO:0012861,False
OMIM:612310,MONDO:MONDO:0012861,False
MONDO:MONDO:0012861,MONDO:MONDO:0012861,False
MedGen:C1970203,MONDO:MONDO:0012611,False
Orphanet:500533,MONDO:MONDO:0012611,False
MONDO:MONDO:0012611,MONDO:MONDO:0012611,False
OMIM:611087,MONDO:MONDO:0012611,False
OMIM:608584,MONDO:MONDO:0012067,False
MONDO:MONDO:0012067,MONDO:MONDO:0012067,False
MedGen:C1837811,MONDO:MONDO:0012067,False
OMIM:603075,MONDO:MONDO:0011285,False
MedGen:C1864205,MONDO:MONDO:0011285,False
MONDO:MONDO:0011285,MONDO:MONDO:0011285,False
MONDO:MONDO:0014236,,True
MedGen:C3809845,,True
MedGen:C1866294,,True
Orphanet:2953,,True
OMIM:601776,,True
OMIM:615539,,True
Orphanet:308425,MONDO:MONDO:0009615,False
OMIM:251120,MONDO:MONDO:0009615,False
MedGen:C1855100,MONDO:MONDO:0009615,False
MONDO:MONDO:0009615,MONDO:MONDO:0009615,False
MedGen:C3150677,MONDO:MONDO:0013258,False
MONDO:MONDO:0013258,MONDO:MONDO:0013258,False
OMIM:613410,MONDO:MONDO:0013258,False
OMIM:613506,MONDO:MONDO:0013290,False
MONDO:MONDO:0013290,MONDO:MONDO:0013290,False
MedGen:C3150753,MONDO:MONDO:0013290,False
Orphanet:23,MONDO:MONDO:0008815,False
OMIM:207900,MONDO:MONDO:0008815,False
MONDO:MONDO:0008815,MONDO:MONDO:0008815,False
MedGen:C0268547,MONDO:MONDO:0008815,False
MONDO:MONDO:0009377,MONDO:MONDO:0009377,False
OMIM:237310,MONDO:MONDO:0009377,False
MedGen:C0268543,MONDO:MONDO:0009377,False
Orphanet:927,MONDO:MONDO:0009377,False
MedGen:C1851102,,True
MedGen:C2751105,,True
MONDO:MONDO:0021083,,True
OMIM:135700,,True
OMIM:248900,MONDO:MONDO:0009568,False
MedGen:C1855346,MONDO:MONDO:0009568,False
MONDO:MONDO:0009568,MONDO:MONDO:0009568,False
Orphanet:101001,MONDO:MONDO:0009568,False
MONDO:MONDO:0011025,MONDO:MONDO:0011025,False
OMIM:601238,MONDO:MONDO:0011025,False
Orphanet:94122,MONDO:MONDO:0011025,False
MedGen:C1832585,MONDO:MONDO:0011025,False
OMIM:215300,MONDO:MONDO:0008977,False
Orphanet:55880,MONDO:MONDO:0008977,False
MONDO:MONDO:0008977,MONDO:MONDO:0008977,False
MedGen:C0008479,MONDO:MONDO:0008977,False
OMIM:607850,,True
MedGen:C2675609,,True
MONDO:MONDO:0011923,,True
MedGen:C2675551,,True
MONDO:MONDO:0009271,MONDO:MONDO:0009271,False
MedGen:C0432255,MONDO:MONDO:0009271,False
Orphanet:2078,MONDO:MONDO:0009271,False
OMIM:231070,MONDO:MONDO:0009271,False
MedGen:C2675184,MONDO:MONDO:0012992,False
MONDO:MONDO:0012992,MONDO:MONDO:0012992,False
Orphanet:199337,MONDO:MONDO:0012992,False
OMIM:612714,MONDO:MONDO:0012992,False
MedGen:C3549485,MedGen:C3549485,False
OMIM:111400,MedGen:C3549485,False
Orphanet:2908,,True
Orphanet:306539,,True
OMIM:173650,,True
MONDO:MONDO:0008260,,True
MedGen:C0406557,,True
MedGen:C0265514,,True
OMIM:166700,,True
MedGen:C0029455,,True
Orphanet:1306,,True
MONDO:MONDO:0008157,,True
MONDO:MONDO:0015995,,True
MedGen:C3149695,,True
MedGen:C3149399,,True
Orphanet:1879,,True
OMIM:605990,MONDO:MONDO:0011622,False
MONDO:MONDO:0011622,MONDO:MONDO:0011622,False
MedGen:C2700426,MONDO:MONDO:0011622,False
MONDO:MONDO:0011906,MONDO:MONDO:0011906,False
OMIM:607765,MONDO:MONDO:0011906,False
Orphanet:79301,MONDO:MONDO:0011906,False
MedGen:C1843116,MONDO:MONDO:0011906,False
OMIM:612581,MONDO:MONDO:0012947,False
MedGen:C2675487,MONDO:MONDO:0012947,False
MONDO:MONDO:0012947,MONDO:MONDO:0012947,False
Orphanet:171706,MONDO:MONDO:0012332,False
MedGen:C1864761,MONDO:MONDO:0012332,False
OMIM:609698,MONDO:MONDO:0012332,False
MONDO:MONDO:0012332,MONDO:MONDO:0012332,False
Orphanet:71,MONDO:MONDO:0009528,False
MedGen:C0795956,MONDO:MONDO:0009528,False
MONDO:MONDO:0009528,MONDO:MONDO:0009528,False
OMIM:246700,MONDO:MONDO:0009528,False
MedGen:C0220993,,True
Orphanet:212,,True
MedGen:C4017108,,True
MONDO:MONDO:0009058,,True
OMIM:219500,,True
Orphanet:85179,MONDO:MONDO:0009817,False
OMIM:259720,MONDO:MONDO:0009817,False
MedGen:C1968603,MONDO:MONDO:0009817,False
MONDO:MONDO:0009817,MONDO:MONDO:0009817,False
OMIM:164500,MedGen:C0752125,False
Orphanet:94147,MedGen:C0752125,False
MedGen:C0752125,MedGen:C0752125,False
OMIM:278300,,True
MONDO:MONDO:0011346,,True
Orphanet:93602,,True
OMIM:603592,,True
MedGen:C1863688,,True
MONDO:MONDO:0010209,,True
Orphanet:93601,,True
MedGen:C0268118,,True
Orphanet:3467,,True
MedGen:C4017658,,True
MedGen:C4017090,,True
MedGen:C2750787,MONDO:MONDO:0013176,False
OMIM:613195,MONDO:MONDO:0013176,False
Orphanet:363992,MONDO:MONDO:0013176,False
MONDO:MONDO:0013176,MONDO:MONDO:0013176,False
OMIM:613003,MONDO:MONDO:0013076,False
MONDO:MONDO:0013076,MONDO:MONDO:0013076,False
MedGen:C2751802,MONDO:MONDO:0013076,False
OMIM:203500,MONDO:MONDO:0008753,False
MedGen:C0002066,MONDO:MONDO:0008753,False
Orphanet:56,MONDO:MONDO:0008753,False
MONDO:MONDO:0008753,MONDO:MONDO:0008753,False
OMIM:224120,,True
OMIM:615631,,True
MedGen:C3810185,,True
Orphanet:98869,,True
MedGen:C0271933,,True
MONDO:MONDO:0014285,,True
MedGen:C3888088,,True
MedGen:C1846431,,True
Orphanet:178355,,True
MedGen:C0265286,,True
OMIM:607326,,True
MONDO:MONDO:0015799,,True
MONDO:MONDO:0011814,,True
OMIM:223800,,True
Orphanet:239,,True
MONDO:MONDO:0009130,,True
MONDO:MONDO:0011497,MONDO:MONDO:0011497,False
Orphanet:168583,MONDO:MONDO:0011497,False
MedGen:C1858051,MONDO:MONDO:0011497,False
OMIM:604901,MONDO:MONDO:0011497,False
MONDO:MONDO:0013837,MONDO:MONDO:0013837,False
MedGen:C3553354,MONDO:MONDO:0013837,False
Orphanet:254898,MONDO:MONDO:0013837,False
OMIM:614651,MONDO:MONDO:0013837,False
MedGen:C0085859,,True
MONDO:MONDO:0001220,,True
MedGen:C0001623,,True
MedGen:C2749602,,True
Orphanet:3453,,True
MedGen:C0020626,,True
OMIM:240300,,True
MONDO:MONDO:0009411,,True
Orphanet:959,,True
MedGen:C1623209,,True
OMIM:607323,,True
Orphanet:93293,,True
MONDO:MONDO:0007836,MONDO:MONDO:0007836,False
Orphanet:2307,MONDO:MONDO:0007836,False
MedGen:C1327918,MONDO:MONDO:0007836,False
OMIM:147750,MONDO:MONDO:0007836,False
MedGen:C1859353,MONDO:MONDO:0008905,False
OMIM:212050,MONDO:MONDO:0008905,False
Orphanet:457088,MONDO:MONDO:0008905,False
MONDO:MONDO:0008905,MONDO:MONDO:0008905,False
MedGen:C4759870,MONDO:MONDO:0011801,False
OMIM:607250,MONDO:MONDO:0011801,False
MONDO:MONDO:0011801,MONDO:MONDO:0011801,False
MedGen:C1853508,,True
OMIM:606217,,True
MONDO:MONDO:0011650,,True
MedGen:C1853509,,True
MONDO:MONDO:0011783,MONDO:MONDO:0011783,False
OMIM:607143,MONDO:MONDO:0011783,False
MedGen:C2931001,MONDO:MONDO:0011783,False
Orphanet:79324,MONDO:MONDO:0011783,False
Orphanet:50251,,True
MedGen:C0242647,,True
MedGen:C3276200,,True
MedGen:C0025500,,True
MONDO:MONDO:0005065,,True
MONDO:MONDO:0020728,,True
MedGen:C0473219,,True
Orphanet:94088,,True
OMIM:220150,,True
MONDO:MONDO:0009071,,True
MONDO:MONDO:0011093,MONDO:MONDO:0011093,False
MedGen:C1291490,MONDO:MONDO:0011093,False
OMIM:601492,MONDO:MONDO:0011093,False
Orphanet:67041,MONDO:MONDO:0011093,False
OMIM:201100,MONDO:MONDO:0008713,False
MedGen:C0221036,MONDO:MONDO:0008713,False
MONDO:MONDO:0008713,MONDO:MONDO:0008713,False
Orphanet:37,MONDO:MONDO:0008713,False
MedGen:C1861696,,True
MedGen:C3149148,,True
MedGen:C3149149,,True
OMIM:117800,,True
OMIM:602014,MONDO:MONDO:0011176,False
Orphanet:30924,MONDO:MONDO:0011176,False
MONDO:MONDO:0011176,MONDO:MONDO:0011176,False
MedGen:C1865974,MONDO:MONDO:0011176,False
MONDO:MONDO:0009694,MONDO:MONDO:0009694,False
MedGen:C0398595,MONDO:MONDO:0009694,False
Orphanet:2587,MONDO:MONDO:0009694,False
OMIM:254600,MONDO:MONDO:0009694,False
MedGen:C2931011,MONDO:MONDO:0012637,False
Orphanet:263508,MONDO:MONDO:0012637,False
MONDO:MONDO:0012637,MONDO:MONDO:0012637,False
OMIM:611209,MONDO:MONDO:0012637,False
MedGen:C0342895,,True
Orphanet:79292,,True
OMIM:245900,,True
Orphanet:79293,,True
Orphanet:650,,True
MONDO:MONDO:0007620,,True
OMIM:136120,,True
MedGen:C0023195,,True
OMIM:263700,MONDO:MONDO:0009902,False
Orphanet:79277,MONDO:MONDO:0009902,False
MedGen:C0162530,MONDO:MONDO:0009902,False
MONDO:MONDO:0009902,MONDO:MONDO:0009902,False
Orphanet:70592,,True
MONDO:MONDO:0011888,,True
MedGen:C1843256,,True
MONDO:MONDO:0012560,,True
OMIM:607676,,True
OMIM:610799,,True
MedGen:C1835828,,True
OMIM:268800,,True
MedGen:C1849322,,True
MedGen:C1849321,,True
MedGen:C0036161,,True
MedGen:C0751490,,True
MedGen:C1849320,,True
Orphanet:796,,True
MONDO:MONDO:0010006,,True
Orphanet:33574,MONDO:MONDO:0009259,False
MedGen:C1856603,MONDO:MONDO:0009259,False
OMIM:230450,MONDO:MONDO:0009259,False
MONDO:MONDO:0009259,MONDO:MONDO:0009259,False
OMIM:229300,,True
Orphanet:95,,True
MedGen:C1856689,,True
MedGen:C0016719,,True
MedGen:C1847416,,True
MONDO:MONDO:0013325,MONDO:MONDO:0013325,False
MedGen:C3150876,MONDO:MONDO:0013325,False
OMIM:613612,MONDO:MONDO:0013325,False
Orphanet:263487,MONDO:MONDO:0013325,False
MONDO:MONDO:0011218,MONDO:MONDO:0011218,False
OMIM:602400,MONDO:MONDO:0011218,False
MedGen:C1835851,MONDO:MONDO:0011218,False
Orphanet:91132,MONDO:MONDO:0011218,False
Orphanet:943,MONDO:MONDO:0009556,False
MedGen:C0342793,MONDO:MONDO:0009556,False
OMIM:248360,MONDO:MONDO:0009556,False
MONDO:MONDO:0009556,MONDO:MONDO:0009556,False
MONDO:MONDO:0013164,MONDO:MONDO:0013164,False
OMIM:613161,MONDO:MONDO:0013164,False
MedGen:C1291512,MONDO:MONDO:0013164,False
Orphanet:65287,MONDO:MONDO:0013164,False
MONDO:MONDO:0009173,MONDO:MONDO:0009173,False
OMIM:226200,MONDO:MONDO:0009173,False
Orphanet:168601,MONDO:MONDO:0009173,False
MedGen:C0268416,MONDO:MONDO:0009173,False
OMIM:606664,MONDO:MONDO:0011698,False
MONDO:MONDO:0011698,MONDO:MONDO:0011698,False
MedGen:C1847720,MONDO:MONDO:0011698,False
Orphanet:289891,MONDO:MONDO:0011698,False
MONDO:MONDO:0008133,,True
OMIM:165300,,True
MONDO:MONDO:0009787,,True
Orphanet:67036,,True
MedGen:C1833809,,True
MedGen:C0574084,,True
OMIM:258501,,True
Orphanet:67047,,True
Orphanet:2290,MedGen:C0341306,False
MedGen:C0341306,MedGen:C0341306,False
OMIM:251850,MedGen:C0341306,False
MedGen:C1869116,MONDO:MONDO:0010940,False
MONDO:MONDO:0010940,MONDO:MONDO:0010940,False
OMIM:600807,MONDO:MONDO:0010940,False
MedGen:C1836573,,True
MONDO:MONDO:0012220,,True
MedGen:C1859194,,True
MedGen:C1868679,,True
OMIM:214450,,True
Orphanet:79478,,True
OMIM:607624,,True
MONDO:MONDO:0008962,,True
MONDO:MONDO:0011872,,True
Orphanet:79477,,True
Orphanet:381,,True
OMIM:609227,,True
Orphanet:79476,,True
MONDO:MONDO:0018306,,True
MedGen:C1846648,,True
Orphanet:99742,,True
MONDO:MONDO:0011790,,True
MedGen:C3150973,,True
OMIM:607196,,True
MONDO:MONDO:0013382,,True
Orphanet:217396,,True
OMIM:613710,,True
OMIM:609820,,True
MONDO:MONDO:0012729,,True
MedGen:C1836778,,True
MONDO:MONDO:0012353,,True
OMIM:611783,,True
MedGen:C1853286,,True
Orphanet:247511,,True
MedGen:C2673187,,True
OMIM:609070,,True
OMIM:602398,MONDO:MONDO:0011217,False
MONDO:MONDO:0011217,MONDO:MONDO:0011217,False
Orphanet:35107,MONDO:MONDO:0011217,False
MedGen:C1865596,MONDO:MONDO:0011217,False
MONDO:MONDO:0013245,MONDO:MONDO:0013245,False
MedGen:C3150649,MONDO:MONDO:0013245,False
Orphanet:228426,MONDO:MONDO:0013245,False
OMIM:613385,MONDO:MONDO:0013245,False
MedGen:C0020481,MONDO:MONDO:0007762,False
OMIM:144650,MONDO:MONDO:0007762,False
Orphanet:530849,MONDO:MONDO:0007762,False
MONDO:MONDO:0007762,MONDO:MONDO:0007762,False
OMIM:266120,MONDO:MONDO:0009946,False
MedGen:C1849507,MONDO:MONDO:0009946,False
MONDO:MONDO:0009946,MONDO:MONDO:0009946,False
Orphanet:35120,MONDO:MONDO:0009946,False
OMIM:612975,MedGen:C5200932,False
MedGen:C5200932,MedGen:C5200932,False
MONDO:MONDO:0012793,MONDO:MONDO:0012793,False
OMIM:612076,MONDO:MONDO:0012793,False
MedGen:C2677549,MONDO:MONDO:0012793,False
MONDO:MONDO:0009552,MONDO:MONDO:0009552,False
OMIM:248300,MONDO:MONDO:0009552,False
MedGen:C0025221,MONDO:MONDO:0009552,False
Orphanet:87503,MONDO:MONDO:0009552,False
Orphanet:137783,MONDO:MONDO:0012656,False
MONDO:MONDO:0012656,MONDO:MONDO:0012656,False
OMIM:611369,MONDO:MONDO:0012656,False
MedGen:C1969655,MONDO:MONDO:0012656,False
MONDO:MONDO:0008893,MONDO:MONDO:0008893,False
Orphanet:1308,MONDO:MONDO:0008893,False
OMIM:211750,MONDO:MONDO:0008893,False
MedGen:C0796095,MONDO:MONDO:0008893,False
Orphanet:391474,MedGen:C1876203,False
OMIM:136760,MedGen:C1876203,False
MedGen:C1876203,MedGen:C1876203,False
OMIM:181000,,True
MONDO:MONDO:0012888,,True
MedGen:C2676468,,True
MedGen:C2697310,,True
MONDO:MONDO:0008399,,True
Orphanet:797,,True
OMIM:612387,,True
Orphanet:79246,MONDO:MONDO:0012120,False
MONDO:MONDO:0012120,MONDO:MONDO:0012120,False
MedGen:C1837429,MONDO:MONDO:0012120,False
OMIM:608782,MONDO:MONDO:0012120,False
MedGen:C0175692,MONDO:MONDO:0009479,False
Orphanet:2315,MONDO:MONDO:0009479,False
OMIM:243800,MONDO:MONDO:0009479,False
MONDO:MONDO:0009479,MONDO:MONDO:0009479,False
OMIM:200150,MONDO:MONDO:0008695,False
MONDO:MONDO:0008695,MONDO:MONDO:0008695,False
MedGen:C0393576,MONDO:MONDO:0008695,False
Orphanet:2388,MONDO:MONDO:0008695,False
MONDO:MONDO:0013049,,True
MedGen:C2752007,,True
Orphanet:263494,,True
OMIM:612937,,True
OMIM:618992,,True
OMIM:615881,MedGen:C4014553,False
MedGen:C4014553,MedGen:C4014553,False
Orphanet:243343,MONDO:MONDO:0011610,False
MedGen:C1853892,MONDO:MONDO:0011610,False
MONDO:MONDO:0011610,MONDO:MONDO:0011610,False
OMIM:605850,MONDO:MONDO:0011610,False
OMIM:618231,MONDO:MONDO:0032614,False
MONDO:MONDO:0032614,MONDO:MONDO:0032614,False
MedGen:C4722258,MONDO:MONDO:0032614,False
OMIM:226400,,True
Orphanet:302,,True
MedGen:C4722564,,True
MedGen:C0014522,,True
MedGen:C0795996,MedGen:C0795996,False
OMIM:271930,MedGen:C0795996,False
Orphanet:1576,MedGen:C0795996,False
MedGen:C4016948,,True
MONDO:MONDO:0009853,,True
MedGen:C4016819,,True
OMIM:618884,,True
OMIM:261100,,True
OMIM:618882,,True
MedGen:C4551825,,True
Orphanet:35858,,True
Orphanet:199285,MONDO:MONDO:0007272,False
MONDO:MONDO:0007272,MONDO:MONDO:0007272,False
OMIM:115300,MONDO:MONDO:0007272,False
MedGen:C2676023,MONDO:MONDO:0007272,False
MedGen:C2750798,MONDO:MONDO:0013172,False
OMIM:613180,MONDO:MONDO:0013172,False
MONDO:MONDO:0013172,MONDO:MONDO:0013172,False
Orphanet:250972,MONDO:MONDO:0013172,False
OMIM:260300,MONDO:MONDO:0009830,False
MedGen:C1850100,MONDO:MONDO:0009830,False
Orphanet:171695,MONDO:MONDO:0009830,False
MONDO:MONDO:0009830,MONDO:MONDO:0009830,False
Orphanet:931,MONDO:MONDO:0008700,False
OMIM:200500,MONDO:MONDO:0008700,False
MONDO:MONDO:0008700,MONDO:MONDO:0008700,False
MedGen:C0265559,MONDO:MONDO:0008700,False
MONDO:MONDO:0008515,MONDO:MONDO:0008515,False
OMIM:186200,MONDO:MONDO:0008515,False
Orphanet:93405,MONDO:MONDO:0008515,False
MedGen:C1861355,MONDO:MONDO:0008515,False
MedGen:C0033860,,True
MONDO:MONDO:0005083,,True
Orphanet:77297,,True
OMIM:609628,,True
MedGen:C1864997,,True
MONDO:MONDO:0012316,,True
MONDO:MONDO:0010791,,True
OMIM:268200,,True
OMIM:550500,,True
MONDO:MONDO:0009992,,True
MedGen:C1838877,,True
MedGen:C1849386,,True
Orphanet:99845,,True
MONDO:MONDO:0012536,MONDO:MONDO:0012536,False
MedGen:C1853162,MONDO:MONDO:0012536,False
OMIM:610682,MONDO:MONDO:0012536,False
OMIM:617524,MONDO:MONDO:0033012,False
MONDO:MONDO:0033012,MONDO:MONDO:0033012,False
MedGen:C4479618,MONDO:MONDO:0033012,False
MONDO:MONDO:0011766,MONDO:MONDO:0011766,False
Orphanet:168563,MONDO:MONDO:0011766,False
MedGen:C2751325,MONDO:MONDO:0011766,False
OMIM:607080,MONDO:MONDO:0011766,False
MONDO:MONDO:0013120,,True
MedGen:C1856273,,True
Orphanet:242,,True
OMIM:233420,,True
OMIM:400045,,True
MONDO:MONDO:0009301,,True
MedGen:C2748897,,True
MedGen:C2748896,,True
MONDO:MONDO:0020712,,True
OMIM:400044,,True
MONDO:MONDO:0016281,,True
Orphanet:2138,,True
OMIM:613080,,True
OMIM:278850,,True
MONDO:MONDO:0010218,,True
Orphanet:393,,True
MedGen:C2749215,,True
MedGen:C2751317,,True
MedGen:C4016928,,True
MedGen:C2748895,,True
MedGen:C0151468,MONDO:MONDO:0002454,False
MONDO:MONDO:0002454,MONDO:MONDO:0002454,False
Orphanet:273,MONDO:MONDO:0008056,False
OMIM:160900,MONDO:MONDO:0008056,False
MONDO:MONDO:0008056,MONDO:MONDO:0008056,False
MedGen:C3250443,MONDO:MONDO:0008056,False
MONDO:MONDO:0005150,,True
MedGen:C1969906,,True
MedGen:C0242383,,True
OMIM:600430,MONDO:MONDO:0010886,False
MONDO:MONDO:0010886,MONDO:MONDO:0010886,False
Orphanet:1001,MONDO:MONDO:0010886,False
MedGen:C1838126,MONDO:MONDO:0010886,False
MedGen:C1636149,,True
MONDO:MONDO:0009020,,True
MedGen:C1691013,,True
Orphanet:98969,,True
OMIM:217800,,True
MONDO:MONDO:0011671,MONDO:MONDO:0011671,False
Orphanet:98934,MONDO:MONDO:0011671,False
OMIM:606438,MONDO:MONDO:0011671,False
MedGen:C1847987,MONDO:MONDO:0011671,False
MedGen:C1720956,MONDO:MONDO:0011528,False
MONDO:MONDO:0011528,MONDO:MONDO:0011528,False
Orphanet:101089,MONDO:MONDO:0011528,False
OMIM:605258,MONDO:MONDO:0011528,False
MedGen:C0856830,,True
OMIM:118600,,True
MedGen:C0265292,,True
Orphanet:1416,,True
Orphanet:85184,,True
MedGen:C0553730,,True
MONDO:MONDO:0007397,,True
MedGen:C1852502,,True
OMIM:218400,,True
MONDO:MONDO:0007319,,True
OMIM:123000,,True
Orphanet:1522,,True
OMIM:269300,,True
MONDO:MONDO:0001314,,True
MONDO:MONDO:0009035,,True
MedGen:C2931244,,True
Orphanet:2203,,True
Orphanet:3124,,True
MedGen:C0268556,,True
MedGen:C0543533,,True
MONDO:MONDO:0010005,,True
OMIM:238700,,True
MONDO:MONDO:0009388,,True
OMIM:268700,,True
OMIM:618193,,True
MONDO:MONDO:0020749,,True
Orphanet:2770,,True
OMIM:221770,,True
MedGen:C4748657,,True
MedGen:C4721893,,True
MONDO:MONDO:0020750,,True
OMIM:165720,MedGen:C3887876,False
MedGen:C3887876,MedGen:C3887876,False
MedGen:C3280099,MONDO:MONDO:0013618,False
OMIM:614195,MONDO:MONDO:0013618,False
MONDO:MONDO:0013618,MONDO:MONDO:0013618,False
Orphanet:79493,,True
MedGen:C1275122,,True
OMIM:605041,,True
Orphanet:867,,True
OMIM:132700,,True
OMIM:612099,,True
MedGen:C1857941,,True
Orphanet:211,,True
MONDO:MONDO:0011512,,True
MONDO:MONDO:0042977,,True
MedGen:C1851526,,True
MedGen:C2677505,,True
MONDO:MONDO:0012800,,True
OMIM:601606,,True
MONDO:MONDO:0007565,,True
MedGen:C0011606,,True
OMIM:256500,,True
MedGen:C1839165,,True
Orphanet:634,,True
MedGen:C0265962,,True
OMIM:610131,MONDO:MONDO:0012415,False
MedGen:C1864668,MONDO:MONDO:0012415,False
MONDO:MONDO:0012415,MONDO:MONDO:0012415,False
MedGen:C3151226,MONDO:MONDO:0013467,False
MONDO:MONDO:0013467,MONDO:MONDO:0013467,False
OMIM:613860,MONDO:MONDO:0013467,False
Orphanet:331190,MONDO:MONDO:0013467,False
MedGen:C1876174,,True
MedGen:C1858067,,True
MedGen:C1835888,MONDO:MONDO:0012479,False
Orphanet:83620,MONDO:MONDO:0012479,False
MONDO:MONDO:0012479,MONDO:MONDO:0012479,False
OMIM:610370,MONDO:MONDO:0012479,False
OMIM:617956,MedGen:C4693750,False
MedGen:C4693750,MedGen:C4693750,False
OMIM:613393,MONDO:MONDO:0013251,False
MONDO:MONDO:0013251,MONDO:MONDO:0013251,False
MedGen:C3150657,MONDO:MONDO:0013251,False
MedGen:C0268238,MedGen:C0268238,False
OMIM:275630,MedGen:C0268238,False
Orphanet:98907,MedGen:C0268238,False
MONDO:MONDO:0012648,MONDO:MONDO:0012648,False
OMIM:611283,MONDO:MONDO:0012648,False
Orphanet:79159,MONDO:MONDO:0012648,False
MedGen:C1969809,MONDO:MONDO:0012648,False
MONDO:MONDO:0010052,MONDO:MONDO:0010052,False
OMIM:270960,MONDO:MONDO:0010052,False
MedGen:C0232981,MONDO:MONDO:0010052,False
OMIM:235555,MONDO:MONDO:0009339,False
MedGen:C1856127,MONDO:MONDO:0009339,False
Orphanet:79303,MONDO:MONDO:0009339,False
MONDO:MONDO:0009339,MONDO:MONDO:0009339,False
Orphanet:168593,MONDO:MONDO:0012124,False
MedGen:C1837371,MONDO:MONDO:0012124,False
MONDO:MONDO:0012124,MONDO:MONDO:0012124,False
OMIM:608800,MONDO:MONDO:0012124,False
OMIM:613177,MONDO:MONDO:0013170,False
Orphanet:221145,MONDO:MONDO:0013170,False
MedGen:C2750804,MONDO:MONDO:0013170,False
MONDO:MONDO:0013170,MONDO:MONDO:0013170,False
OMIM:607277,MONDO:MONDO:0011805,False
MedGen:C1846534,MONDO:MONDO:0011805,False
MONDO:MONDO:0011805,MONDO:MONDO:0011805,False
MONDO:MONDO:0008720,MONDO:MONDO:0008720,False
OMIM:201400,MONDO:MONDO:0008720,False
MedGen:C0271583,MONDO:MONDO:0008720,False
Orphanet:199296,MONDO:MONDO:0008720,False
OMIM:608901,MONDO:MONDO:0012147,False
MedGen:C1837173,MONDO:MONDO:0012147,False
MONDO:MONDO:0012147,MONDO:MONDO:0012147,False
MedGen:C2930997,MONDO:MONDO:0011291,False
Orphanet:79320,MONDO:MONDO:0011291,False
OMIM:603147,MONDO:MONDO:0011291,False
MONDO:MONDO:0011291,MONDO:MONDO:0011291,False
OMIM:225410,MONDO:MONDO:0009161,False
MedGen:C2700425,MONDO:MONDO:0009161,False
Orphanet:1901,MONDO:MONDO:0009161,False
MONDO:MONDO:0009161,MONDO:MONDO:0009161,False
MedGen:C3150752,MONDO:MONDO:0013289,False
OMIM:613502,MONDO:MONDO:0013289,False
MONDO:MONDO:0013289,MONDO:MONDO:0013289,False
OMIM:611064,MONDO:MONDO:0012607,False
MedGen:C1970224,MONDO:MONDO:0012607,False
MONDO:MONDO:0012607,MONDO:MONDO:0012607,False
MedGen:C2751764,,True
MedGen:C2751763,,True
MONDO:MONDO:0008218,MONDO:MONDO:0008218,False
MedGen:C0085106,MONDO:MONDO:0008218,False
Orphanet:2841,MONDO:MONDO:0008218,False
OMIM:169600,MONDO:MONDO:0008218,False
MedGen:C1858501,MONDO:MONDO:0011439,False
MONDO:MONDO:0011439,MONDO:MONDO:0011439,False
Orphanet:98762,MONDO:MONDO:0011439,False
OMIM:604326,MONDO:MONDO:0011439,False
MONDO:MONDO:0012767,MONDO:MONDO:0012767,False
OMIM:611953,MONDO:MONDO:0012767,False
MedGen:C2677774,MONDO:MONDO:0012767,False
OMIM:208250,MONDO:MONDO:0008828,False
MONDO:MONDO:0008828,MONDO:MONDO:0008828,False
Orphanet:2848,MONDO:MONDO:0008828,False
MedGen:C1859690,MONDO:MONDO:0008828,False
OMIM:618985,,True
OMIM:245590,,True
MedGen:C1855548,,True
Orphanet:220465,,True
MONDO:MONDO:0009510,,True
MedGen:C0155912,MONDO:MONDO:0009928,False
Orphanet:60025,MONDO:MONDO:0009928,False
OMIM:265100,MONDO:MONDO:0009928,False
MONDO:MONDO:0009928,MONDO:MONDO:0009928,False
MONDO:MONDO:0012089,MONDO:MONDO:0012089,False
OMIM:608649,MONDO:MONDO:0012089,False
MedGen:C1837610,MONDO:MONDO:0012089,False
Orphanet:88621,MONDO:MONDO:0012089,False
OMIM:176400,,True
MedGen:C3809199,,True
MONDO:MONDO:0008302,,True
Orphanet:759,,True
MONDO:MONDO:0014137,,True
OMIM:615346,,True
MedGen:C3805879,,True
Orphanet:93583,,True
MedGen:C1268935,,True
OMIM:274150,,True
MedGen:C0034155,,True
Orphanet:54057,,True
MedGen:C3272265,,True
MONDO:MONDO:0010122,,True
MONDO:MONDO:0018896,,True
Orphanet:93333,MONDO:MONDO:0009845,False
MONDO:MONDO:0009845,MONDO:MONDO:0009845,False
OMIM:260660,MONDO:MONDO:0009845,False
MedGen:C1850040,MONDO:MONDO:0009845,False
MedGen:C1836669,MONDO:MONDO:0012211,False
OMIM:609180,MONDO:MONDO:0012211,False
MONDO:MONDO:0012211,MONDO:MONDO:0012211,False
Orphanet:79323,MONDO:MONDO:0012211,False
OMIM:608622,MedGen:C1837739,False
MedGen:C1837739,MedGen:C1837739,False
OMIM:616199,,True
MedGen:C3150754,,True
MONDO:MONDO:0013291,,True
MONDO:MONDO:0014526,,True
Orphanet:456369,,True
Orphanet:263297,,True
OMIM:613507,,True
MedGen:C4015452,,True
MONDO:MONDO:0008306,,True
Orphanet:97345,,True
MedGen:C1861735,,True
MedGen:C1867773,,True
OMIM:176500,,True
Orphanet:97346,,True
OMIM:117300,,True
Orphanet:439254,,True
MONDO:MONDO:0007297,,True
OMIM:607864,MedGen:C1842884,False
Orphanet:1756,MedGen:C1842884,False
MedGen:C1842884,MedGen:C1842884,False
OMIM:607626,MONDO:MONDO:0011874,False
MedGen:C1843355,MONDO:MONDO:0011874,False
MONDO:MONDO:0011874,MONDO:MONDO:0011874,False
Orphanet:59303,MONDO:MONDO:0011874,False
Orphanet:353217,MONDO:MONDO:0013056,False
MedGen:C2751855,MONDO:MONDO:0013056,False
OMIM:612949,MONDO:MONDO:0013056,False
MONDO:MONDO:0013056,MONDO:MONDO:0013056,False
Orphanet:470,MONDO:MONDO:0009109,False
MONDO:MONDO:0009109,MONDO:MONDO:0009109,False
OMIM:222700,MONDO:MONDO:0009109,False
MedGen:C0268647,MONDO:MONDO:0009109,False
MedGen:C0024301,MONDO:MONDO:0018906,False
MONDO:MONDO:0018906,MONDO:MONDO:0018906,False
Orphanet:545,MONDO:MONDO:0018906,False
Orphanet:3162,MONDO:MONDO:0017844,False
MONDO:MONDO:0017844,MONDO:MONDO:0017844,False
MedGen:C0036920,MONDO:MONDO:0017844,False
Orphanet:137893,MONDO:MONDO:0009461,False
MedGen:C0403812,MONDO:MONDO:0009461,False
OMIM:243060,MONDO:MONDO:0009461,False
MONDO:MONDO:0009461,MONDO:MONDO:0009461,False
Orphanet:247775,,True
Orphanet:139466,,True
MONDO:MONDO:0024520,,True
MedGen:C4540497,,True
OMIM:611812,,True
MONDO:MONDO:0012734,,True
OMIM:277000,,True
MONDO:MONDO:0008019,,True
Orphanet:247768,,True
OMIM:617805,,True
OMIM:158330,,True
MedGen:C2675014,,True
Orphanet:3109,,True
MedGen:C2678492,,True
MedGen:C1698581,,True
MedGen:C4225169,,True
MONDO:MONDO:0014088,,True
OMIM:604348,,True
OMIM:616882,,True
MedGen:C3807327,,True
MONDO:MONDO:0011442,,True
OMIM:615224,,True
MedGen:C3808874,,True
MONDO:MONDO:0014814,,True
Orphanet:164736,,True
Orphanet:228169,MONDO:MONDO:0012205,False
MedGen:C4310808,MONDO:MONDO:0012205,False
OMIM:609161,MONDO:MONDO:0012205,False
MONDO:MONDO:0012205,MONDO:MONDO:0012205,False
MedGen:C1863959,MONDO:MONDO:0011309,False
OMIM:603373,MONDO:MONDO:0011309,False
Orphanet:99819,MONDO:MONDO:0011309,False
MONDO:MONDO:0011309,MONDO:MONDO:0011309,False
MedGen:C1970309,MONDO:MONDO:0011422,False
Orphanet:93607,MONDO:MONDO:0011422,False
OMIM:604278,MONDO:MONDO:0011422,False
MONDO:MONDO:0011422,MONDO:MONDO:0011422,False
MedGen:C1863753,MONDO:MONDO:0011334,False
MONDO:MONDO:0011334,MONDO:MONDO:0011334,False
OMIM:603543,MONDO:MONDO:0011334,False
Orphanet:69085,MONDO:MONDO:0011334,False
OMIM:193230,MONDO:MONDO:0008663,False
Orphanet:91496,MONDO:MONDO:0008663,False
MONDO:MONDO:0008663,MONDO:MONDO:0008663,False
MedGen:C1860405,MONDO:MONDO:0008663,False
MedGen:C0268179,,True
Orphanet:53690,,True
OMIM:223000,,True
MedGen:C0022951,,True
MONDO:MONDO:0009115,,True
MONDO:MONDO:0013579,MONDO:MONDO:0013579,False
MedGen:C3279840,MONDO:MONDO:0013579,False
Orphanet:289307,MONDO:MONDO:0013579,False
OMIM:614105,MONDO:MONDO:0013579,False
OMIM:613611,MONDO:MONDO:0013324,False
Orphanet:99141,MONDO:MONDO:0013324,False
MONDO:MONDO:0013324,MONDO:MONDO:0013324,False
MedGen:C3150875,MONDO:MONDO:0013324,False
MONDO:MONDO:0008910,MONDO:MONDO:0008910,False
OMIM:212070,MONDO:MONDO:0008910,False
MedGen:C0398782,MONDO:MONDO:0008910,False
MONDO:MONDO:0012892,MONDO:MONDO:0012892,False
OMIM:612394,MONDO:MONDO:0012892,False
MedGen:C2676285,MONDO:MONDO:0012892,False
Orphanet:300284,MONDO:MONDO:0012892,False
MedGen:C1837872,,True
MedGen:C1864265,,True
OMIM:608556,,True
MedGen:C3715193,,True
OMIM:612847,MONDO:MONDO:0019666,False
MONDO:MONDO:0019666,MONDO:MONDO:0019666,False
MedGen:C2748515,MONDO:MONDO:0019666,False
Orphanet:93282,MONDO:MONDO:0019666,False
MONDO:MONDO:0013748,MONDO:MONDO:0013748,False
OMIM:614431,MONDO:MONDO:0013748,False
MedGen:C3280783,MONDO:MONDO:0013748,False
OMIM:612229,MONDO:MONDO:0012820,False
MedGen:C2677123,MONDO:MONDO:0012820,False
MONDO:MONDO:0012820,MONDO:MONDO:0012820,False
MedGen:C3280715,MedGen:C3280715,False
OMIM:614411,MedGen:C3280715,False
OMIM:251290,MedGen:C4552078,False
Orphanet:1229,MedGen:C4552078,False
MedGen:C4552078,MedGen:C4552078,False
MedGen:C1865951,,True
Orphanet:69084,,True
OMIM:614931,,True
MONDO:MONDO:0013976,,True
MONDO:MONDO:0013975,,True
MedGen:C3554117,,True
OMIM:602032,,True
MedGen:C3554127,,True
OMIM:614929,,True
MONDO:MONDO:0011181,MONDO:MONDO:0011181,False
MedGen:C1865915,MONDO:MONDO:0011181,False
OMIM:602078,MONDO:MONDO:0011181,False
MedGen:C3807150,,True
MedGen:C3807151,,True
MONDO:MONDO:0009394,MONDO:MONDO:0009394,False
MedGen:C0268414,MONDO:MONDO:0009394,False
OMIM:239000,MONDO:MONDO:0009394,False
Orphanet:2801,MONDO:MONDO:0009394,False
MedGen:C4225293,,True
MedGen:C1855794,,True
MONDO:MONDO:0014681,,True
MONDO:MONDO:0009437,,True
OMIM:241850,,True
Orphanet:1226,,True
OMIM:616534,,True
OMIM:608446,MedGen:C1832662,False
MedGen:C1832662,MedGen:C1832662,False
OMIM:146520,,True
OMIM:613981,,True
MONDO:MONDO:0013514,,True
MedGen:C3151432,,True
Orphanet:90368,,True
MedGen:C1840299,,True
MONDO:MONDO:0007488,,True
MedGen:C1868595,,True
OMIM:168601,,True
OMIM:127750,,True
MedGen:C0752347,,True
MONDO:MONDO:0008200,,True
MedGen:C3150834,MedGen:C3150834,False
OMIM:613589,MedGen:C3150834,False
Orphanet:33001,MONDO:MONDO:0007922,False
MONDO:MONDO:0007922,MONDO:MONDO:0007922,False
MedGen:C0265345,MONDO:MONDO:0007922,False
OMIM:153400,MONDO:MONDO:0007922,False
MONDO:MONDO:0012534,MONDO:MONDO:0012534,False
OMIM:610678,MONDO:MONDO:0012534,False
MedGen:C1857682,MONDO:MONDO:0012534,False
Orphanet:254925,MONDO:MONDO:0012534,False
OMIM:245010,,True
MONDO:MONDO:0009490,,True
OMIM:170650,,True
MONDO:MONDO:0009491,,True
MedGen:C1855627,,True
Orphanet:678,,True
Orphanet:2342,,True
MedGen:C4551681,,True
MedGen:C0030360,,True
OMIM:245000,,True
MONDO:MONDO:0008226,,True
MedGen:C1834372,,True
OMIM:161400,,True
Orphanet:2073,,True
MedGen:C0751362,,True
MedGen:C3280266,,True
OMIM:614250,,True
MONDO:MONDO:0013652,,True
MONDO:MONDO:0008062,,True
MedGen:C4016782,,True
MedGen:C0039870,,True
OMIM:146550,,True
OMIM:612841,,True
MedGen:C2748535,,True
MONDO:MONDO:0013017,,True
Orphanet:444,,True
MedGen:C2750815,,True
Orphanet:46059,MONDO:MONDO:0011816,False
OMIM:607330,MONDO:MONDO:0011816,False
MONDO:MONDO:0011816,MONDO:MONDO:0011816,False
MedGen:C1846421,MONDO:MONDO:0011816,False
MedGen:C0270952,MONDO:MONDO:0008116,False
OMIM:164300,MONDO:MONDO:0008116,False
Orphanet:270,MONDO:MONDO:0008116,False
MONDO:MONDO:0008116,MONDO:MONDO:0008116,False
Orphanet:300333,MONDO:MONDO:0012190,False
OMIM:609057,MONDO:MONDO:0012190,False
MONDO:MONDO:0012190,MONDO:MONDO:0012190,False
MedGen:C1836823,MONDO:MONDO:0012190,False
MONDO:MONDO:0007142,,True
MONDO:MONDO:0054581,,True
Orphanet:857,,True
OMIM:107480,,True
MedGen:C4551481,,True
MedGen:C0265246,,True
MedGen:C1862683,,True
OMIM:247100,MONDO:MONDO:0009530,False
MONDO:MONDO:0009530,MONDO:MONDO:0009530,False
Orphanet:530,MONDO:MONDO:0009530,False
MedGen:C0023795,MONDO:MONDO:0009530,False
MONDO:MONDO:0012419,,True
OMIM:610149,,True
MedGen:C1857814,,True
MedGen:C1857813,,True
MedGen:C2750066,MONDO:MONDO:0013228,False
OMIM:613330,MONDO:MONDO:0013228,False
Orphanet:228387,MONDO:MONDO:0013228,False
MONDO:MONDO:0013228,MONDO:MONDO:0013228,False
Orphanet:85442,MONDO:MONDO:0009880,False
MONDO:MONDO:0009880,MONDO:MONDO:0009880,False
MedGen:C2678408,MONDO:MONDO:0009880,False
OMIM:262700,MONDO:MONDO:0009880,False
OMIM:618235,MONDO:MONDO:0032618,False
MONDO:MONDO:0032618,MONDO:MONDO:0032618,False
MedGen:C4748770,MONDO:MONDO:0032618,False
MONDO:MONDO:0012339,MONDO:MONDO:0012339,False
MedGen:C1857847,MONDO:MONDO:0012339,False
OMIM:609753,MONDO:MONDO:0012339,False
OMIM:608728,MONDO:MONDO:0012108,False
Orphanet:156728,MONDO:MONDO:0012108,False
MONDO:MONDO:0012108,MONDO:MONDO:0012108,False
MedGen:C1837481,MONDO:MONDO:0012108,False
OMIM:118400,MONDO:MONDO:0007315,False
MedGen:C0008029,MONDO:MONDO:0007315,False
MONDO:MONDO:0007315,MONDO:MONDO:0007315,False
Orphanet:184,MONDO:MONDO:0007315,False
MONDO:MONDO:0054722,,True
Orphanet:2899,,True
MONDO:MONDO:0011018,,True
MedGen:C4540511,,True
MedGen:C1832594,,True
OMIM:601216,,True
OMIM:617809,,True
MedGen:C1291329,MONDO:MONDO:0011624,False
MONDO:MONDO:0011624,MONDO:MONDO:0011624,False
Orphanet:101028,MONDO:MONDO:0011624,False
OMIM:606003,MONDO:MONDO:0011624,False
MedGen:C1842398,,True
MONDO:MONDO:0011988,,True
Orphanet:183707,,True
OMIM:618986,,True
OMIM:608203,,True
MONDO:MONDO:0005139,MONDO:MONDO:0005139,False
MedGen:C0028756,MONDO:MONDO:0005139,False
MedGen:C1858266,,True
Orphanet:34592,,True
MONDO:MONDO:0011476,,True
MedGen:C4016311,,True
OMIM:604571,,True
MedGen:C2675513,MedGen:C2675513,False
OMIM:612560,MedGen:C2675513,False
OMIM:618224,MONDO:MONDO:0032608,False
MONDO:MONDO:0032608,MONDO:MONDO:0032608,False
MedGen:C4748752,MONDO:MONDO:0032608,False
MedGen:C1835171,MONDO:MONDO:0007937,False
Orphanet:34528,MONDO:MONDO:0007937,False
MONDO:MONDO:0007937,MONDO:MONDO:0007937,False
OMIM:154020,MONDO:MONDO:0007937,False
MedGen:C0236033,,True
OMIM:614160,,True
MedGen:C2931112,,True
Orphanet:275534,,True
MedGen:C0342646,MedGen:C0342646,False
Orphanet:93160,MedGen:C0342646,False
OMIM:277440,MedGen:C0342646,False
OMIM:607271,,True
MONDO:MONDO:0011804,,True
Orphanet:275517,,True
MedGen:C1846545,,True
MedGen:C4016759,,True
MONDO:MONDO:0013502,,True
MedGen:C3151404,,True
OMIM:613955,,True
Orphanet:353220,,True
OMIM:105250,,True
MONDO:MONDO:0024522,,True
MedGen:C4551501,,True
MedGen:C1837530,MONDO:MONDO:0012099,False
MONDO:MONDO:0012099,MONDO:MONDO:0012099,False
OMIM:608688,MONDO:MONDO:0012099,False
Orphanet:250977,MONDO:MONDO:0012099,False
OMIM:145500,MedGen:C0085580,False
MedGen:C0085580,MedGen:C0085580,False
OMIM:607447,MedGen:C1843898,False
MedGen:C1843898,MedGen:C1843898,False
OMIM:617193,,True
Orphanet:98960,,True
MONDO:MONDO:0014964,,True
Orphanet:496641,,True
MONDO:MONDO:0011185,,True
MedGen:C1562894,,True
MedGen:C4310671,,True
OMIM:602082,,True
OMIM:607541,,True
MedGen:C1275685,,True
MedGen:C0339278,,True
MONDO:MONDO:0012043,,True
MONDO:MONDO:0011855,,True
Orphanet:98963,,True
Orphanet:98961,,True
OMIM:608470,,True
OMIM:614278,MONDO:MONDO:0013663,False
MONDO:MONDO:0013663,MONDO:MONDO:0013663,False
MedGen:C3280315,MONDO:MONDO:0013663,False
OMIM:119900,,True
OMIM:614441,,True
OMIM:259100,,True
MONDO:MONDO:0013756,,True
MedGen:C4551679,,True
MONDO:MONDO:0024546,,True
Orphanet:217059,,True
Orphanet:1525,,True
MedGen:C0345408,,True
Orphanet:2796,,True
MedGen:C2678439,,True
MedGen:C3280800,,True
MONDO:MONDO:0007343,,True
Orphanet:98954,MedGen:C5231499,False
MedGen:C5231499,MedGen:C5231499,False
OMIM:122100,MedGen:C5231499,False
MedGen:C1843004,,True
OMIM:137940,,True
Orphanet:69735,,True
OMIM:607823,,True
MedGen:C4317151,,True
MONDO:MONDO:0011914,,True
MONDO:MONDO:0014878,,True
OMIM:617035,,True
Orphanet:46627,,True
MedGen:C1868570,,True
MONDO:MONDO:0008209,,True
OMIM:169100,,True
MedGen:C4284595,,True
OMIM:276820,MONDO:MONDO:0010164,False
Orphanet:2879,MONDO:MONDO:0010164,False
MedGen:C1848651,MONDO:MONDO:0010164,False
MONDO:MONDO:0010164,MONDO:MONDO:0010164,False
MedGen:C1856728,MONDO:MONDO:0009232,False
MONDO:MONDO:0009232,MONDO:MONDO:0009232,False
Orphanet:2854,MONDO:MONDO:0009232,False
OMIM:228930,MONDO:MONDO:0009232,False
Orphanet:98755,MONDO:MONDO:0008119,False
MONDO:MONDO:0008119,MONDO:MONDO:0008119,False
MedGen:C0752120,MONDO:MONDO:0008119,False
OMIM:164400,MONDO:MONDO:0008119,False
Orphanet:306542,MONDO:MONDO:0013271,False
MedGen:C3150706,MONDO:MONDO:0013271,False
MONDO:MONDO:0013271,MONDO:MONDO:0013271,False
OMIM:613456,MONDO:MONDO:0013271,False
MONDO:MONDO:0012771,MONDO:MONDO:0012771,False
OMIM:611960,MONDO:MONDO:0012771,False
MedGen:C2677770,MONDO:MONDO:0012771,False
MedGen:C1836383,MONDO:MONDO:0012247,False
OMIM:609307,MONDO:MONDO:0012247,False
MONDO:MONDO:0012247,MONDO:MONDO:0012247,False
Orphanet:98764,MONDO:MONDO:0012247,False
OMIM:615961,MONDO:MONDO:0014420,False
MedGen:C3900122,MONDO:MONDO:0014420,False
Orphanet:140941,MONDO:MONDO:0014420,False
MONDO:MONDO:0014420,MONDO:MONDO:0014420,False
OMIM:610687,MONDO:MONDO:0012538,False
Orphanet:171436,MONDO:MONDO:0012538,False
MedGen:C1853154,MONDO:MONDO:0012538,False
MONDO:MONDO:0012538,MONDO:MONDO:0012538,False
Orphanet:832,MONDO:MONDO:0009492,False
OMIM:245050,MONDO:MONDO:0009492,False
MONDO:MONDO:0009492,MONDO:MONDO:0009492,False
MedGen:C0342792,MONDO:MONDO:0009492,False
Orphanet:254334,MONDO:MONDO:0013338,False
MedGen:C3150897,MONDO:MONDO:0013338,False
MONDO:MONDO:0013338,MONDO:MONDO:0013338,False
OMIM:613641,MONDO:MONDO:0013338,False
OMIM:606056,MONDO:MONDO:0011629,False
MedGen:C1853736,MONDO:MONDO:0011629,False
Orphanet:79330,MONDO:MONDO:0011629,False
MONDO:MONDO:0011629,MONDO:MONDO:0011629,False
Orphanet:79076,MONDO:MONDO:0019190,False
MONDO:MONDO:0019190,MONDO:MONDO:0019190,False
MedGen:C2750087,MONDO:MONDO:0013214,False
MONDO:MONDO:0013214,MONDO:MONDO:0013214,False
OMIM:613291,MONDO:MONDO:0013214,False
MONDO:MONDO:0011953,MONDO:MONDO:0011953,False
Orphanet:88619,MONDO:MONDO:0011953,False
MedGen:C2675556,MONDO:MONDO:0011953,False
OMIM:608033,MONDO:MONDO:0011953,False
OMIM:613398,MONDO:MONDO:0013252,False
MedGen:C3150658,MONDO:MONDO:0013252,False
Orphanet:280558,MONDO:MONDO:0013252,False
MONDO:MONDO:0013252,MONDO:MONDO:0013252,False
MONDO:MONDO:0007221,MONDO:MONDO:0007221,False
OMIM:113100,MONDO:MONDO:0007221,False
Orphanet:93384,MONDO:MONDO:0007221,False
MedGen:C1862103,MONDO:MONDO:0007221,False
OMIM:618018,MedGen:C4693948,False
MedGen:C4693948,MedGen:C4693948,False
Orphanet:529828,MedGen:C4693948,False
MedGen:C0022350,MONDO:MONDO:0009380,False
OMIM:237500,MONDO:MONDO:0009380,False
Orphanet:234,MONDO:MONDO:0009380,False
MONDO:MONDO:0009380,MONDO:MONDO:0009380,False
MONDO:MONDO:0022430,MONDO:MONDO:0022430,False
OMIM:265380,MONDO:MONDO:0022430,False
MedGen:C0031190,MONDO:MONDO:0022430,False
Orphanet:210122,MONDO:MONDO:0022430,False
Orphanet:289846,,True
Orphanet:289849,,True
Orphanet:32,,True
MedGen:C0398746,,True
MONDO:MONDO:0009284,,True
OMIM:231900,,True
OMIM:266130,,True
MedGen:C1856399,,True
OMIM:614163,MedGen:C3279991,False
MedGen:C3279991,MedGen:C3279991,False
MedGen:C4016701,,True
MedGen:C4017629,,True
OMIM:609821,,True
Orphanet:36355,,True
MedGen:C1853278,,True
MONDO:MONDO:0012354,,True
MedGen:C4025282,,True
OMIM:242700,,True
Orphanet:169095,,True
Orphanet:83471,,True
OMIM:601705,,True
MONDO:MONDO:0011132,,True
MONDO:MONDO:0032928,,True
MedGen:C1866426,,True
MONDO:MONDO:0009451,,True
OMIM:618806,,True
MedGen:C2752083,,True
MONDO:MONDO:0044208,,True
Orphanet:169142,,True
MONDO:MONDO:0044207,,True
Orphanet:439849,,True
OMIM:617475,,True
MedGen:C4551556,,True
OMIM:245480,,True
MedGen:C0398593,,True
MONDO:MONDO:0009506,,True
MONDO:MONDO:0028226,,True
MedGen:C4479548,,True
OMIM:607778,MONDO:MONDO:0011907,False
Orphanet:63446,MONDO:MONDO:0011907,False
MedGen:C1843096,MONDO:MONDO:0011907,False
MONDO:MONDO:0011907,MONDO:MONDO:0011907,False
OMIM:618435,MONDO:MONDO:0032750,False
MONDO:MONDO:0032750,MONDO:MONDO:0032750,False
MedGen:C5193097,MONDO:MONDO:0032750,False
Orphanet:171690,MONDO:MONDO:0009501,False
OMIM:245340,MONDO:MONDO:0009501,False
MedGen:C1855577,MONDO:MONDO:0009501,False
MONDO:MONDO:0009501,MONDO:MONDO:0009501,False
MONDO:MONDO:0012396,,True
MONDO:MONDO:0014490,,True
MedGen:C1864902,,True
MedGen:C4015186,,True
OMIM:610021,,True
Orphanet:165991,,True
Orphanet:438075,,True
OMIM:616095,,True
MedGen:C4016683,,True
OMIM:613630,MONDO:MONDO:0013334,False
MedGen:C3150891,MONDO:MONDO:0013334,False
MONDO:MONDO:0013334,MONDO:MONDO:0013334,False
Orphanet:465824,MONDO:MONDO:0013334,False
MedGen:C1842247,MONDO:MONDO:0012011,False
MONDO:MONDO:0012011,MONDO:MONDO:0012011,False
OMIM:608320,MONDO:MONDO:0012011,False
MedGen:C2931488,,True
OMIM:225060,,True
Orphanet:3253,,True
MONDO:MONDO:0017911,,True
Orphanet:320317,,True
MedGen:C1833538,,True
MONDO:MONDO:0009091,MONDO:MONDO:0009091,False
OMIM:221750,MONDO:MONDO:0009091,False
Orphanet:231720,MONDO:MONDO:0009091,False
MedGen:C3489787,MONDO:MONDO:0009091,False
MONDO:MONDO:0013177,MONDO:MONDO:0013177,False
OMIM:613204,MONDO:MONDO:0013177,False
MedGen:C2750786,MONDO:MONDO:0013177,False
Orphanet:34520,MONDO:MONDO:0013177,False
MedGen:C0342789,,True
MONDO:MONDO:0009705,,True
Orphanet:156,,True
MedGen:C1829703,,True
OMIM:255120,,True
OMIM:206100,MONDO:MONDO:0008787,False
MONDO:MONDO:0008787,MONDO:MONDO:0008787,False
MedGen:C3806153,MONDO:MONDO:0008787,False
Orphanet:83642,MONDO:MONDO:0008787,False
MedGen:C3888207,MedGen:C3888207,False
OMIM:618372,MedGen:C3888207,False
OMIM:613886,MONDO:MONDO:0013483,False
MedGen:C3151303,MONDO:MONDO:0013483,False
MONDO:MONDO:0013483,MONDO:MONDO:0013483,False
MedGen:C3151237,MONDO:MONDO:0013473,False
MONDO:MONDO:0013473,MONDO:MONDO:0013473,False
OMIM:613870,MONDO:MONDO:0013473,False
OMIM:610773,MONDO:MONDO:0012557,False
MONDO:MONDO:0012557,MONDO:MONDO:0012557,False
MedGen:C1835845,MONDO:MONDO:0012557,False
Orphanet:91130,MONDO:MONDO:0012557,False
MedGen:C1838280,,True
MONDO:MONDO:0008322,,True
OMIM:132400,,True
Orphanet:93308,,True
MedGen:C0410538,,True
MONDO:MONDO:0007561,,True
OMIM:177170,,True
Orphanet:750,,True
MedGen:C2751292,MONDO:MONDO:0013136,False
Orphanet:217407,MONDO:MONDO:0013136,False
OMIM:613102,MONDO:MONDO:0013136,False
MONDO:MONDO:0013136,MONDO:MONDO:0013136,False
MONDO:MONDO:0012499,MONDO:MONDO:0012499,False
OMIM:610446,MONDO:MONDO:0012499,False
MedGen:C1864868,MONDO:MONDO:0012499,False
Orphanet:2451,MONDO:MONDO:0010842,False
OMIM:600195,MONDO:MONDO:0010842,False
MedGen:C1838437,MONDO:MONDO:0010842,False
MONDO:MONDO:0010842,MONDO:MONDO:0010842,False
OMIM:119600,,True
Orphanet:1452,,True
MedGen:C3549874,,True
MedGen:C0008928,,True
MONDO:MONDO:0007340,,True
MONDO:MONDO:0007984,,True
OMIM:156510,,True
MedGen:C1838416,,True
Orphanet:2504,,True
MedGen:C2673200,MedGen:C2673200,False
OMIM:611742,MedGen:C2673200,False
Orphanet:289586,,True
MONDO:MONDO:0007813,,True
MedGen:C4225407,,True
Orphanet:455,,True
MedGen:C1838440,,True
OMIM:607936,,True
OMIM:146800,,True
MedGen:C0432306,,True
MONDO:MONDO:0017339,,True
MONDO:MONDO:0011937,,True
OMIM:607457,MedGen:C1843889,False
MedGen:C1843889,MedGen:C1843889,False
OMIM:612656,MONDO:MONDO:0012982,False
Orphanet:209967,MONDO:MONDO:0012982,False
MedGen:C2675211,MONDO:MONDO:0012982,False
MONDO:MONDO:0012982,MONDO:MONDO:0012982,False
OMIM:614122,MONDO:MONDO:0013586,False
MedGen:C3279902,MONDO:MONDO:0013586,False
MONDO:MONDO:0013586,MONDO:MONDO:0013586,False
MedGen:C0030779,,True
MONDO:MONDO:0008214,,True
OMIM:215140,,True
MONDO:MONDO:0018663,,True
Orphanet:779,,True
MedGen:C4747922,,True
OMIM:613471,,True
OMIM:618019,,True
MONDO:MONDO:0008974,,True
MedGen:C2931048,,True
OMIM:169400,,True
Orphanet:1426,,True
Orphanet:448267,,True
MedGen:C0748397,,True
MONDO:MONDO:0013276,,True
MONDO:MONDO:0012402,MONDO:MONDO:0012402,False
MedGen:C1864733,MONDO:MONDO:0012402,False
OMIM:610064,MONDO:MONDO:0012402,False
OMIM:612540,MONDO:MONDO:0012929,False
MedGen:C2675527,MONDO:MONDO:0012929,False
Orphanet:210163,MONDO:MONDO:0012929,False
MONDO:MONDO:0012929,MONDO:MONDO:0012929,False
MONDO:MONDO:0010776,MONDO:MONDO:0010776,False
MedGen:C1839021,MONDO:MONDO:0010776,False
OMIM:500005,MONDO:MONDO:0010776,False
MONDO:MONDO:0010767,MONDO:MONDO:0010767,False
MedGen:C1839071,MONDO:MONDO:0010767,False
Orphanet:1646,MONDO:MONDO:0010767,False
OMIM:415000,MONDO:MONDO:0010767,False
OMIM:300842,MONDO:MONDO:0018945,False
Orphanet:59306,MONDO:MONDO:0018945,False
MONDO:MONDO:0018945,MONDO:MONDO:0018945,False
MedGen:C0398568,MONDO:MONDO:0018945,False
MedGen:C1848138,MedGen:C1848138,False
OMIM:300087,MedGen:C1848138,False
MedGen:C1844934,MONDO:MONDO:0010532,False
Orphanet:1145,MONDO:MONDO:0010532,False
MONDO:MONDO:0010532,MONDO:MONDO:0010532,False
OMIM:301830,MONDO:MONDO:0010532,False
OMIM:300932,MedGen:C4310821,False
MedGen:C4310821,MedGen:C4310821,False
MONDO:MONDO:0010747,MONDO:MONDO:0010747,False
Orphanet:53351,MONDO:MONDO:0010747,False
OMIM:314250,MONDO:MONDO:0010747,False
MedGen:C1839130,MONDO:MONDO:0010747,False
Orphanet:67045,MONDO:MONDO:0019032,False
MONDO:MONDO:0019032,MONDO:MONDO:0019032,False
MedGen:C1848068,MONDO:MONDO:0019032,False
MONDO:MONDO:0010712,MONDO:MONDO:0010712,False
OMIM:312000,MONDO:MONDO:0010712,False
MedGen:C0342376,MONDO:MONDO:0010712,False
MONDO:MONDO:0007481,,True
Orphanet:240,,True
Orphanet:2632,,True
OMIM:300582,,True
OMIM:249700,,True
MedGen:C0265309,,True
MedGen:C1845118,,True
MONDO:MONDO:0009588,,True
MedGen:C0432230,,True
OMIM:127300,,True
Orphanet:314795,,True
OMIM:300455,MONDO:MONDO:0010330,False
MONDO:MONDO:0010330,MONDO:MONDO:0010330,False
MedGen:C2749137,MONDO:MONDO:0010330,False
Orphanet:247522,MONDO:MONDO:0010330,False
MONDO:MONDO:0010362,MONDO:MONDO:0010362,False
MedGen:C1845151,MONDO:MONDO:0010362,False
OMIM:300559,MONDO:MONDO:0010362,False
Orphanet:715,MONDO:MONDO:0010362,False
Orphanet:713,MONDO:MONDO:0010392,False
MedGen:C1970848,MONDO:MONDO:0010392,False
MONDO:MONDO:0010392,MONDO:MONDO:0010392,False
OMIM:300653,MONDO:MONDO:0010392,False
OMIM:614370,,True
Orphanet:264675,,True
MedGen:C2677877,,True
MONDO:MONDO:0013712,,True
MedGen:C3280574,,True
OMIM:300770,,True
MONDO:MONDO:0010424,,True
MONDO:MONDO:0010563,,True
OMIM:303700,,True
Orphanet:16,,True
OMIM:303800,,True
MedGen:C0339537,,True
MedGen:C4551635,,True
MedGen:C4551767,MONDO:MONDO:0010565,False
MONDO:MONDO:0010565,MONDO:MONDO:0010565,False
OMIM:303900,MONDO:MONDO:0010565,False
Orphanet:54,MONDO:MONDO:0021019,False
OMIM:300500,MONDO:MONDO:0021019,False
MedGen:C0342684,MONDO:MONDO:0021019,False
MONDO:MONDO:0021019,MONDO:MONDO:0021019,False
MONDO:MONDO:0010435,MONDO:MONDO:0010435,False
MedGen:C3151752,MONDO:MONDO:0010435,False
OMIM:300814,MONDO:MONDO:0010435,False
Orphanet:281210,MedGen:C0079588,False
MedGen:C0079588,MedGen:C0079588,False
OMIM:308100,MedGen:C0079588,False
MedGen:C2678045,MONDO:MONDO:0010408,False
MONDO:MONDO:0010408,MONDO:MONDO:0010408,False
OMIM:300707,MONDO:MONDO:0010408,False
Orphanet:140952,MONDO:MONDO:0010408,False
OMIM:305600,MONDO:MONDO:0010592,False
MONDO:MONDO:0010592,MONDO:MONDO:0010592,False
MedGen:C0016395,MONDO:MONDO:0010592,False
Orphanet:2092,MONDO:MONDO:0010592,False
MedGen:C0796254,,True
Orphanet:1568,,True
MONDO:MONDO:0010574,,True
OMIM:304340,,True
Orphanet:85335,,True
OMIM:300622,MONDO:MONDO:0010381,False
MedGen:C0272137,MONDO:MONDO:0010381,False
MONDO:MONDO:0010381,MONDO:MONDO:0010381,False
MedGen:C1845530,MONDO:MONDO:0010325,False
MONDO:MONDO:0010325,MONDO:MONDO:0010325,False
OMIM:300434,MONDO:MONDO:0010325,False
Orphanet:85288,MONDO:MONDO:0010325,False
MONDO:MONDO:0010619,MONDO:MONDO:0010619,False
MedGen:C0733682,MONDO:MONDO:0010619,False
Orphanet:89936,MONDO:MONDO:0010619,False
OMIM:307800,MONDO:MONDO:0010619,False
Orphanet:408,MONDO:MONDO:0010613,False
MONDO:MONDO:0010613,MONDO:MONDO:0010613,False
OMIM:307030,MONDO:MONDO:0010613,False
MedGen:C0268418,MONDO:MONDO:0010613,False
MONDO:MONDO:0010226,,True
MONDO:MONDO:0010264,,True
Orphanet:95702,,True
MedGen:C0342482,,True
MedGen:C1848296,,True
OMIM:300018,,True
OMIM:300200,,True
Orphanet:101088,,True
MONDO:MONDO:0010626,,True
MONDO:MONDO:0003947,,True
MedGen:C0398689,,True
MedGen:C0272236,,True
OMIM:308230,,True
OMIM:312060,MedGen:C1839454,False
MedGen:C1839454,MedGen:C1839454,False
MONDO:MONDO:0010578,MONDO:MONDO:0010578,False
MedGen:C0796074,MONDO:MONDO:0010578,False
Orphanet:52368,MONDO:MONDO:0010578,False
OMIM:304700,MONDO:MONDO:0010578,False
MedGen:C1845341,,True
MedGen:C1845540,,True
MONDO:MONDO:0010321,,True
MONDO:MONDO:0010340,,True
OMIM:300494,,True
OMIM:300425,,True
MedGen:C1844830,MedGen:C1844830,False
Orphanet:324601,MedGen:C1844830,False
OMIM:303400,MedGen:C1844830,False
MONDO:MONDO:0008017,,True
MedGen:C1839988,,True
OMIM:158310,,True
OMIM:308205,,True
MedGen:C1274795,,True
Orphanet:1839,,True
Orphanet:2273,,True
Orphanet:85284,,True
OMIM:619016,,True
OMIM:308050,MONDO:MONDO:0010621,False
MONDO:MONDO:0010621,MONDO:MONDO:0010621,False
MedGen:C0265267,MONDO:MONDO:0010621,False
Orphanet:139,MONDO:MONDO:0010621,False
Orphanet:391417,MedGen:C3266731,False
OMIM:300438,MedGen:C3266731,False
MedGen:C3266731,MedGen:C3266731,False
OMIM:300584,MONDO:MONDO:0010368,False
MONDO:MONDO:0010368,MONDO:MONDO:0010368,False
MedGen:C1845117,MONDO:MONDO:0010368,False
MONDO:MONDO:0010387,MONDO:MONDO:0010387,False
MedGen:C1845073,MONDO:MONDO:0010387,False
OMIM:300640,MONDO:MONDO:0010387,False
MedGen:C4748263,,True
MONDO:MONDO:0020857,,True
MedGen:C0685837,,True
Orphanet:64739,,True
MedGen:C0085083,,True
MedGen:C0949595,,True
MONDO:MONDO:0013689,,True
MONDO:MONDO:0011972,,True
MONDO:MONDO:0009299,,True
MONDO:MONDO:0010349,,True
MONDO:MONDO:0024463,,True
OMIM:618117,,True
MedGen:C1845294,,True
OMIM:614324,,True
MedGen:C3280471,,True
OMIM:233300,,True
MedGen:C0342510,,True
MedGen:C1848715,,True
Orphanet:243,,True
OMIM:300510,,True
MedGen:C1845295,,True
OMIM:608115,,True
Orphanet:35173,,True
OMIM:302960,,True
MONDO:MONDO:0020603,,True
OMIM:300960,,True
MONDO:MONDO:0010498,,True
Orphanet:401973,,True
MedGen:C0282102,,True
MedGen:C4085243,,True
MedGen:C3541456,MedGen:C3541456,False
OMIM:313400,MedGen:C3541456,False
Orphanet:93284,MedGen:C3541456,False
OMIM:300472,MONDO:MONDO:0010333,False
MedGen:C1845446,MONDO:MONDO:0010333,False
MONDO:MONDO:0010333,MONDO:MONDO:0010333,False
Orphanet:52055,MONDO:MONDO:0010333,False
OMIM:301310,MONDO:MONDO:0010524,False
Orphanet:2802,MONDO:MONDO:0010524,False
MONDO:MONDO:0010524,MONDO:MONDO:0010524,False
MedGen:C1845028,MONDO:MONDO:0010524,False
MONDO:MONDO:0010350,MONDO:MONDO:0010350,False
OMIM:300511,MONDO:MONDO:0010350,False
MedGen:C1845293,MONDO:MONDO:0010350,False
MedGen:C1839463,MONDO:MONDO:0010711,False
MONDO:MONDO:0010711,MONDO:MONDO:0010711,False
OMIM:311900,MONDO:MONDO:0010711,False
Orphanet:2886,MONDO:MONDO:0010711,False
Orphanet:1520,MONDO:MONDO:0010570,False
MedGen:C0220767,MONDO:MONDO:0010570,False
MONDO:MONDO:0010570,MONDO:MONDO:0010570,False
OMIM:304110,MONDO:MONDO:0010570,False
Orphanet:364541,MONDO:MONDO:0018233,False
MONDO:MONDO:0018233,MONDO:MONDO:0018233,False
MedGen:C2748918,MONDO:MONDO:0018233,False
MONDO:MONDO:0009797,,True
MedGen:C0268128,,True
OMIM:258900,,True
Orphanet:30,,True
MedGen:C0268130,,True
OMIM:232700,MONDO:MONDO:0009294,False
MedGen:C0017925,MONDO:MONDO:0009294,False
MONDO:MONDO:0009294,MONDO:MONDO:0009294,False
Orphanet:369,MONDO:MONDO:0009294,False
MONDO:MONDO:0009252,MONDO:MONDO:0009252,False
Orphanet:2056,MONDO:MONDO:0009252,False
OMIM:229800,MONDO:MONDO:0009252,False
MedGen:C0268160,MONDO:MONDO:0009252,False
OMIM:612423,MedGen:C0272339,False
MedGen:C0272339,MedGen:C0272339,False
Orphanet:749,MedGen:C0272339,False
OMIM:222800,MONDO:MONDO:0009113,False
Orphanet:714,MONDO:MONDO:0009113,False
MedGen:C1291620,MONDO:MONDO:0009113,False
MONDO:MONDO:0009113,MONDO:MONDO:0009113,False
MedGen:C3887949,,True
MONDO:MONDO:0009025,,True
OMIM:218030,,True
MedGen:C4017360,,True
Orphanet:320,,True
OMIM:610102,,True
MedGen:C4017564,,True
MONDO:MONDO:0012412,,True
MedGen:C1864694,,True
MedGen:C3151080,,True
MONDO:MONDO:0015700,,True
MedGen:C2676232,,True
OMIM:613789,,True
Orphanet:169150,,True
OMIM:612446,,True
MONDO:MONDO:0013421,,True
MONDO:MONDO:0012908,,True
MONDO:MONDO:0008918,MONDO:MONDO:0008918,False
MedGen:C0342791,MONDO:MONDO:0008918,False
OMIM:212138,MONDO:MONDO:0008918,False
Orphanet:159,MONDO:MONDO:0008918,False
OMIM:616754,MONDO:MONDO:0014763,False
MONDO:MONDO:0014763,MONDO:MONDO:0014763,False
MedGen:C1859408,MONDO:MONDO:0014763,False
MedGen:C0342471,MONDO:MONDO:0008727,False
MONDO:MONDO:0008727,MONDO:MONDO:0008727,False
Orphanet:90791,MONDO:MONDO:0008727,False
OMIM:201810,MONDO:MONDO:0008727,False
OMIM:125700,,True
Orphanet:178029,,True
Orphanet:30925,,True
MONDO:MONDO:0015790,,True
MedGen:C0687720,,True
OMIM:603933,MONDO:MONDO:0011386,False
MONDO:MONDO:0011386,MONDO:MONDO:0011386,False
MedGen:C2676832,MONDO:MONDO:0011386,False
Orphanet:34149,,True
OMIM:609886,,True
Orphanet:88950,,True
MONDO:MONDO:0012356,,True
MedGen:C1859040,,True
MONDO:MONDO:0020726,,True
MONDO:MONDO:0019511,,True
MedGen:C1835934,,True
MedGen:C1868139,,True
OMIM:174000,,True
Orphanet:209886,,True
OMIM:603860,,True
OMIM:162000,,True
MedGen:C4551496,,True
OMIM:608106,MONDO:MONDO:0011971,False
MedGen:C1720958,MONDO:MONDO:0011971,False
MONDO:MONDO:0011971,MONDO:MONDO:0011971,False
Orphanet:101092,MONDO:MONDO:0011971,False
MONDO:MONDO:0014221,MONDO:MONDO:0014221,False
OMIM:615512,MONDO:MONDO:0014221,False
Orphanet:868,MONDO:MONDO:0014221,False
MedGen:C1860808,MONDO:MONDO:0014221,False
OMIM:131300,MONDO:MONDO:0007542,False
Orphanet:1328,MONDO:MONDO:0007542,False
MONDO:MONDO:0007542,MONDO:MONDO:0007542,False
MedGen:C0011989,MONDO:MONDO:0007542,False
MONDO:MONDO:0011868,MONDO:MONDO:0011868,False
OMIM:607598,MONDO:MONDO:0011868,False
MedGen:C1843478,MONDO:MONDO:0011868,False
Orphanet:137776,MONDO:MONDO:0011868,False
MedGen:C3693482,MONDO:MONDO:0011934,False
Orphanet:31112,MONDO:MONDO:0011934,False
OMIM:607907,MONDO:MONDO:0011934,False
MONDO:MONDO:0011934,MONDO:MONDO:0011934,False
MedGen:C0162316,,True
MONDO:MONDO:0001356,,True
Orphanet:1195,,True
MONDO:MONDO:0008846,,True
OMIM:209300,,True
MedGen:C0521802,,True
MONDO:MONDO:0007176,MONDO:MONDO:0007176,False
Orphanet:86813,MONDO:MONDO:0007176,False
OMIM:108985,MONDO:MONDO:0007176,False
MedGen:C1862382,MONDO:MONDO:0007176,False
MedGen:C1850938,,True
OMIM:136900,,True
OMIM:264420,,True
MONDO:MONDO:0009918,,True
MONDO:MONDO:0007640,,True
Orphanet:59181,,True
MedGen:C1849694,,True
MONDO:MONDO:0032819,MONDO:MONDO:0032819,False
OMIM:618573,MONDO:MONDO:0032819,False
MedGen:C3279614,MONDO:MONDO:0013524,False
OMIM:614009,MONDO:MONDO:0013524,False
MONDO:MONDO:0013524,MONDO:MONDO:0013524,False
Orphanet:220443,MONDO:MONDO:0013524,False
MONDO:MONDO:0013775,,True
MedGen:C2752036,,True
Orphanet:436169,,True
MedGen:C3280976,,True
OMIM:614486,,True
MONDO:MONDO:0013044,,True
OMIM:612926,,True
MedGen:C0342801,MONDO:MONDO:0012503,False
OMIM:610460,MONDO:MONDO:0012503,False
MONDO:MONDO:0012503,MONDO:MONDO:0012503,False
MedGen:C1837065,MONDO:MONDO:0012161,False
OMIM:608957,MONDO:MONDO:0012161,False
Orphanet:169085,MONDO:MONDO:0012161,False
MONDO:MONDO:0012161,MONDO:MONDO:0012161,False
OMIM:610163,MONDO:MONDO:0012426,False
MedGen:C1857798,MONDO:MONDO:0012426,False
MONDO:MONDO:0012426,MONDO:MONDO:0012426,False
MONDO:MONDO:0014276,MONDO:MONDO:0014276,False
Orphanet:169082,MONDO:MONDO:0014276,False
MedGen:C3810107,MONDO:MONDO:0014276,False
OMIM:615607,MONDO:MONDO:0014276,False
MedGen:C3280913,MONDO:MONDO:0013765,False
MONDO:MONDO:0013765,MONDO:MONDO:0013765,False
OMIM:614466,MONDO:MONDO:0013765,False
MedGen:C3150990,MONDO:MONDO:0013391,False
MONDO:MONDO:0013391,MONDO:MONDO:0013391,False
Orphanet:163684,MONDO:MONDO:0013391,False
OMIM:613724,MONDO:MONDO:0013391,False
MedGen:C2674081,MedGen:C2674081,False
OMIM:611664,MedGen:C2674081,False
Orphanet:79146,,True
MedGen:C1840392,,True
Orphanet:280628,,True
OMIM:145250,,True
OMIM:233100,MONDO:MONDO:0009297,False
Orphanet:69076,MONDO:MONDO:0009297,False
MONDO:MONDO:0009297,MONDO:MONDO:0009297,False
MedGen:C0017980,MONDO:MONDO:0009297,False
Orphanet:35710,MONDO:MONDO:0011731,False
MONDO:MONDO:0011731,MONDO:MONDO:0011731,False
MedGen:C0268186,MONDO:MONDO:0011731,False
OMIM:606824,MONDO:MONDO:0011731,False
MedGen:C3150652,MONDO:MONDO:0013247,False
OMIM:613388,MONDO:MONDO:0013247,False
MONDO:MONDO:0013247,MONDO:MONDO:0013247,False
OMIM:612542,MedGen:C2674252,False
MedGen:C2674252,MedGen:C2674252,False
MedGen:C1291609,MONDO:MONDO:0012073,False
Orphanet:440706,MONDO:MONDO:0012073,False
MONDO:MONDO:0012073,MONDO:MONDO:0012073,False
OMIM:608611,MONDO:MONDO:0012073,False
OMIM:268150,MedGen:C1849387,False
MedGen:C1849387,MedGen:C1849387,False
Orphanet:352718,MONDO:MONDO:0014060,False
MedGen:C3554593,MONDO:MONDO:0014060,False
OMIM:615147,MONDO:MONDO:0014060,False
MONDO:MONDO:0014060,MONDO:MONDO:0014060,False
Orphanet:217563,MONDO:MONDO:0009929,False
MONDO:MONDO:0009929,MONDO:MONDO:0009929,False
MedGen:C1968602,MONDO:MONDO:0009929,False
OMIM:265120,MONDO:MONDO:0009929,False
OMIM:605361,MONDO:MONDO:0011540,False
MedGen:C1854369,MONDO:MONDO:0011540,False
MONDO:MONDO:0011540,MONDO:MONDO:0011540,False
Orphanet:98763,MONDO:MONDO:0011540,False
MedGen:C2676231,MONDO:MONDO:0012909,False
MONDO:MONDO:0012909,MONDO:MONDO:0012909,False
OMIM:612447,MONDO:MONDO:0012909,False
MedGen:C0342283,MONDO:MONDO:0014535,False
OMIM:616214,MONDO:MONDO:0014535,False
MONDO:MONDO:0014535,MONDO:MONDO:0014535,False
MONDO:MONDO:0013227,MONDO:MONDO:0013227,False
Orphanet:465,MONDO:MONDO:0013227,False
MedGen:C2750067,MONDO:MONDO:0013227,False
OMIM:613329,MONDO:MONDO:0013227,False
MedGen:C0029882,,True
Orphanet:722,,True
OMIM:217090,,True
MONDO:MONDO:0005441,,True
MedGen:C1968804,,True
MedGen:C1833692,,True
OMIM:166760,,True
MONDO:MONDO:0008162,,True
MONDO:MONDO:0009868,,True
Orphanet:79240,,True
MedGen:C1859516,,True
MedGen:C5139063,,True
Orphanet:370,,True
OMIM:261750,,True
MONDO:MONDO:0018251,,True
MedGen:C0543514,,True
MedGen:C0268147,,True
OMIM:614023,MONDO:MONDO:0013531,False
MedGen:C1291463,MONDO:MONDO:0013531,False
MONDO:MONDO:0013531,MONDO:MONDO:0013531,False
Orphanet:79350,MONDO:MONDO:0013531,False
OMIM:120080,MedGen:C1861502,False
MedGen:C1861502,MedGen:C1861502,False
OMIM:215045,,True
MONDO:MONDO:0007982,,True
Orphanet:50945,,True
Orphanet:33067,,True
MONDO:MONDO:0008970,,True
MedGen:C1859148,,True
MedGen:C0265295,,True
OMIM:156400,,True
Orphanet:79106,MONDO:MONDO:0010803,False
MONDO:MONDO:0010803,MONDO:MONDO:0010803,False
OMIM:600002,MONDO:MONDO:0010803,False
MedGen:C1838779,MONDO:MONDO:0010803,False
Orphanet:412206,MONDO:MONDO:0007434,False
OMIM:125350,MONDO:MONDO:0007434,False
MedGen:C1852222,MONDO:MONDO:0007434,False
MONDO:MONDO:0007434,MONDO:MONDO:0007434,False
MONDO:MONDO:0060764,MONDO:MONDO:0060764,False
OMIM:273395,MONDO:MONDO:0060764,False
MedGen:C4012268,MONDO:MONDO:0060764,False
Orphanet:3301,MONDO:MONDO:0060764,False
Orphanet:93335,MONDO:MONDO:0019674,False
MONDO:MONDO:0019674,MONDO:MONDO:0019674,False
MedGen:C1868120,MONDO:MONDO:0019674,False
OMIM:610706,MONDO:MONDO:0012541,False
MedGen:C1853144,MONDO:MONDO:0012541,False
Orphanet:90024,MONDO:MONDO:0012541,False
MONDO:MONDO:0012541,MONDO:MONDO:0012541,False
OMIM:611015,MONDO:MONDO:0012600,False
MONDO:MONDO:0012600,MONDO:MONDO:0012600,False
MedGen:C1970243,MONDO:MONDO:0012600,False
MedGen:C3280489,,True
MedGen:C4551774,,True
OMIM:164280,,True
MONDO:MONDO:0008115,,True
Orphanet:391641,,True
Orphanet:1305,,True
OMIM:614326,,True
MONDO:MONDO:0013691,,True
Orphanet:391646,,True
MONDO:MONDO:0013733,MONDO:MONDO:0013733,False
OMIM:614401,MONDO:MONDO:0013733,False
MedGen:C3280690,MONDO:MONDO:0013733,False
OMIM:613179,MONDO:MONDO:0013171,False
Orphanet:760,MONDO:MONDO:0013171,False
MedGen:C0268125,MONDO:MONDO:0013171,False
MONDO:MONDO:0013171,MONDO:MONDO:0013171,False
Orphanet:443236,MONDO:MONDO:0001315,False
OMIM:604715,MONDO:MONDO:0001315,False
MONDO:MONDO:0001315,MONDO:MONDO:0001315,False
MedGen:C1535893,MONDO:MONDO:0001315,False
MONDO:MONDO:0008355,MONDO:MONDO:0008355,False
OMIM:179010,MONDO:MONDO:0008355,False
MedGen:C1867403,MONDO:MONDO:0008355,False
MedGen:C1834153,,True
MedGen:C1834154,,True
MedGen:C1834155,,True
MedGen:C3149657,,True
OMIM:193670,,True
MONDO:MONDO:0008674,,True
Orphanet:51636,,True
MedGen:C0472817,,True
MedGen:C1834176,,True
MONDO:MONDO:0010961,MONDO:MONDO:0010961,False
OMIM:600955,MONDO:MONDO:0010961,False
MedGen:C1833053,MONDO:MONDO:0010961,False
Orphanet:71528,MONDO:MONDO:0010961,False
OMIM:612362,MedGen:C2676498,False
MedGen:C2676498,MedGen:C2676498,False
MedGen:C4013948,MONDO:MONDO:0013954,False
OMIM:614890,MONDO:MONDO:0013954,False
MONDO:MONDO:0013954,MONDO:MONDO:0013954,False
Orphanet:319558,MONDO:MONDO:0013954,False
MedGen:C1846796,,True
MedGen:C0220748,,True
MONDO:MONDO:0009601,,True
OMIM:250250,,True
MONDO:MONDO:0054560,,True
OMIM:607095,,True
MONDO:MONDO:0009595,,True
Orphanet:1838,,True
MONDO:MONDO:0011773,,True
Orphanet:93347,,True
Orphanet:175,,True
MedGen:C4551965,,True
MedGen:C1834821,,True
OMIM:250460,,True
MedGen:C0000744,,True
Orphanet:14,,True
OMIM:200100,,True
MedGen:C1970051,,True
MONDO:MONDO:0008692,,True
MedGen:C3665488,,True
Orphanet:251262,,True
OMIM:165800,,True
MONDO:MONDO:0012019,,True
MedGen:C1842149,,True
Orphanet:93283,,True
MONDO:MONDO:0017178,,True
OMIM:608361,,True
Orphanet:171866,MONDO:MONDO:0013014,False
MedGen:C2748544,MONDO:MONDO:0013014,False
OMIM:612813,MONDO:MONDO:0013014,False
MONDO:MONDO:0013014,MONDO:MONDO:0013014,False
MedGen:C2677162,MedGen:C2677162,False
OMIM:602025,MedGen:C2677162,False
Orphanet:217031,MedGen:C2677162,False
MONDO:MONDO:0009495,MONDO:MONDO:0009495,False
OMIM:245150,MONDO:MONDO:0009495,False
Orphanet:85202,MONDO:MONDO:0009495,False
MedGen:C1855607,MONDO:MONDO:0009495,False
MedGen:C1865145,MONDO:MONDO:0011257,False
OMIM:602579,MONDO:MONDO:0011257,False
Orphanet:79319,MONDO:MONDO:0011257,False
MONDO:MONDO:0011257,MONDO:MONDO:0011257,False
OMIM:228300,MedGen:C0271582,False
MedGen:C0271582,MedGen:C0271582,False
Orphanet:79395,MONDO:MONDO:0011396,False
OMIM:604117,MONDO:MONDO:0011396,False
MONDO:MONDO:0011396,MONDO:MONDO:0011396,False
MedGen:C1858805,MONDO:MONDO:0011396,False
MedGen:C1833270,,True
MedGen:C1851473,,True
MONDO:MONDO:0013533,MONDO:MONDO:0013533,False
Orphanet:140905,MONDO:MONDO:0013533,False
MedGen:C3151466,MONDO:MONDO:0013533,False
OMIM:614025,MONDO:MONDO:0013533,False
MedGen:C2675071,MedGen:C2675071,False
OMIM:612797,MedGen:C2675071,False
MONDO:MONDO:0005265,,True
MedGen:C0021390,,True
Orphanet:104012,,True
MedGen:C0267809,,True
OMIM:609532,,True
MedGen:C1835713,,True
MedGen:C1835407,,True
Orphanet:457265,,True
MedGen:C0220989,,True
OMIM:616540,,True
MONDO:MONDO:0014685,,True
OMIM:608709,,True
MedGen:C3887501,,True
MONDO:MONDO:0012104,,True
Orphanet:79087,,True
MedGen:C4225289,,True
MONDO:MONDO:0008215,MONDO:MONDO:0008215,False
Orphanet:99027,MONDO:MONDO:0008215,False
MedGen:C1868512,MONDO:MONDO:0008215,False
OMIM:169500,MONDO:MONDO:0008215,False
Orphanet:2229,MONDO:MONDO:0008915,False
MONDO:MONDO:0008915,MONDO:MONDO:0008915,False
OMIM:212112,MONDO:MONDO:0008915,False
MedGen:C0796031,MONDO:MONDO:0008915,False
MedGen:C3279904,MedGen:C3279904,False
OMIM:614128,MedGen:C3279904,False
Orphanet:284435,MedGen:C3279904,False
Orphanet:284426,,True
OMIM:612933,,True
MedGen:C2752022,,True
MedGen:C2931743,,True
MONDO:MONDO:0013047,,True
MedGen:C4310631,,True
MONDO:MONDO:0015006,,True
Orphanet:508529,,True
MedGen:C0079299,,True
OMIM:617294,,True
OMIM:131900,,True
Orphanet:79399,,True
MONDO:MONDO:0007554,,True
Orphanet:86920,MONDO:MONDO:0007445,False
MONDO:MONDO:0007445,MONDO:MONDO:0007445,False
MedGen:C0406778,MONDO:MONDO:0007445,False
OMIM:125595,MONDO:MONDO:0007445,False
MedGen:C4014321,MONDO:MONDO:0014346,False
MONDO:MONDO:0014346,MONDO:MONDO:0014346,False
OMIM:615785,MONDO:MONDO:0014346,False
MedGen:C5231495,MONDO:MONDO:0032904,False
OMIM:618767,MONDO:MONDO:0032904,False
MONDO:MONDO:0032904,MONDO:MONDO:0032904,False
OMIM:179850,,True
MONDO:MONDO:0014130,,True
MONDO:MONDO:0024534,,True
MedGen:C4552092,,True
Orphanet:79145,,True
OMIM:615696,,True
MedGen:C3809147,,True
OMIM:615327,,True
MONDO:MONDO:0014307,,True
MedGen:C3810313,,True
Orphanet:79397,MONDO:MONDO:0007556,False
MONDO:MONDO:0007556,MONDO:MONDO:0007556,False
OMIM:131960,MONDO:MONDO:0007556,False
MedGen:C0432316,MONDO:MONDO:0007556,False
OMIM:609352,MONDO:MONDO:0012258,False
MedGen:C1836284,MONDO:MONDO:0012258,False
MONDO:MONDO:0012258,MONDO:MONDO:0012258,False
Orphanet:158681,MONDO:MONDO:0012258,False
MONDO:MONDO:0014415,MONDO:MONDO:0014415,False
MedGen:C1835808,MONDO:MONDO:0014415,False
OMIM:615953,MONDO:MONDO:0014415,False
MedGen:C3553493,,True
OMIM:614689,,True
OMIM:614752,,True
MedGen:C3540094,,True
MedGen:C1840084,,True
MedGen:C4016232,,True
OMIM:606367,,True
MONDO:MONDO:0011168,,True
MedGen:C1853392,,True
OMIM:601942,,True
MedGen:C1866040,,True
MONDO:MONDO:0011664,,True
Orphanet:169100,,True
MONDO:MONDO:0012966,MONDO:MONDO:0012966,False
MedGen:C2675112,MONDO:MONDO:0012966,False
OMIM:612628,MONDO:MONDO:0012966,False
OMIM:148000,MedGen:C3538945,False
MedGen:C3538945,MedGen:C3538945,False
Orphanet:33276,MedGen:C3538945,False
OMIM:612634,MONDO:MONDO:0012970,False
MONDO:MONDO:0012970,MONDO:MONDO:0012970,False
MedGen:C2675128,MONDO:MONDO:0012970,False
MedGen:C1837475,MONDO:MONDO:0012110,False
MONDO:MONDO:0012110,MONDO:MONDO:0012110,False
OMIM:608747,MONDO:MONDO:0012110,False
Orphanet:73272,MONDO:MONDO:0012110,False
OMIM:612692,MONDO:MONDO:0012987,False
MedGen:C3150207,MONDO:MONDO:0012987,False
MONDO:MONDO:0012987,MONDO:MONDO:0012987,False
OMIM:613500,MONDO:MONDO:0013287,False
MedGen:C3150750,MONDO:MONDO:0013287,False
MONDO:MONDO:0013287,MONDO:MONDO:0013287,False
MedGen:C3810342,MONDO:MONDO:0014313,False
OMIM:615707,MONDO:MONDO:0014313,False
MONDO:MONDO:0014313,MONDO:MONDO:0014313,False
Orphanet:437552,MONDO:MONDO:0014313,False
OMIM:617995,MedGen:C3888196,False
MedGen:C3888196,MedGen:C3888196,False
OMIM:176450,MONDO:MONDO:0008305,False
Orphanet:1552,MONDO:MONDO:0008305,False
MedGen:C1531773,MONDO:MONDO:0008305,False
MONDO:MONDO:0008305,MONDO:MONDO:0008305,False
OMIM:612109,MONDO:MONDO:0012802,False
MedGen:C2677500,MONDO:MONDO:0012802,False
Orphanet:157962,MONDO:MONDO:0012802,False
MONDO:MONDO:0012802,MONDO:MONDO:0012802,False
Orphanet:178382,MedGen:C0240912,False
MedGen:C0240912,MedGen:C0240912,False
OMIM:192950,MedGen:C0240912,False
MedGen:C1841679,MONDO:MONDO:0007698,False
Orphanet:2438,MONDO:MONDO:0007698,False
MONDO:MONDO:0007698,MONDO:MONDO:0007698,False
OMIM:140000,MONDO:MONDO:0007698,False
Orphanet:2957,MONDO:MONDO:0008301,False
OMIM:176305,MONDO:MONDO:0008301,False
MedGen:C1867801,MONDO:MONDO:0008301,False
MONDO:MONDO:0008301,MONDO:MONDO:0008301,False
MedGen:C4551975,,True
MONDO:MONDO:0014758,,True
Orphanet:71289,,True
OMIM:616738,,True
OMIM:605432,,True
MONDO:MONDO:0024558,,True
MedGen:C4225221,,True
OMIM:177900,MONDO:MONDO:0008334,False
MONDO:MONDO:0008334,MONDO:MONDO:0008334,False
MedGen:C1867449,MONDO:MONDO:0008334,False
MedGen:C1862852,,True
OMIM:106300,,True
Orphanet:825,,True
MedGen:C1969756,,True
MedGen:C0014518,,True
MONDO:MONDO:0044719,,True
OMIM:608579,,True
MedGen:C3241919,,True
Orphanet:502499,,True
Orphanet:36426,,True
MedGen:C1840548,,True
Orphanet:95455,,True
MONDO:MONDO:0013143,MONDO:MONDO:0013143,False
Orphanet:217467,MONDO:MONDO:0013143,False
MedGen:C2751090,MONDO:MONDO:0013143,False
OMIM:613116,MONDO:MONDO:0013143,False
MedGen:C0398626,MONDO:MONDO:0012876,False
MONDO:MONDO:0012876,MONDO:MONDO:0012876,False
OMIM:612356,MONDO:MONDO:0012876,False
MedGen:C3151421,MONDO:MONDO:0013511,False
MONDO:MONDO:0013511,MONDO:MONDO:0013511,False
Orphanet:280615,MONDO:MONDO:0013511,False
OMIM:613977,MONDO:MONDO:0013511,False
MedGen:C1840779,MedGen:C1840779,False
OMIM:617971,MedGen:C1840779,False
MedGen:C0164294,,True
MedGen:C0002312,,True
OMIM:604131,,True
MedGen:C3891114,,True
Orphanet:846,,True
MONDO:MONDO:0017144,,True
Orphanet:275745,,True
MONDO:MONDO:0011399,,True
MONDO:MONDO:0054802,MONDO:MONDO:0054802,False
MedGen:C4693823,MONDO:MONDO:0054802,False
OMIM:617981,MONDO:MONDO:0054802,False
MONDO:MONDO:0013536,MONDO:MONDO:0013536,False
MedGen:C1841651,MONDO:MONDO:0013536,False
Orphanet:562509,MONDO:MONDO:0013536,False
OMIM:614034,MONDO:MONDO:0013536,False
OMIM:614081,,True
MedGen:C3279786,,True
MedGen:C3279787,,True
MONDO:MONDO:0013564,,True
MedGen:C4016392,,True
MedGen:C2750844,,True
MedGen:C1370419,,True
MONDO:MONDO:0023283,,True
MedGen:C2931123,MONDO:MONDO:0011881,False
OMIM:607654,MONDO:MONDO:0011881,False
MONDO:MONDO:0011881,MONDO:MONDO:0011881,False
MONDO:MONDO:0032567,MONDO:MONDO:0032567,False
OMIM:618157,MONDO:MONDO:0032567,False
MedGen:C4722273,MONDO:MONDO:0032567,False
MONDO:MONDO:0008092,MONDO:MONDO:0008092,False
MedGen:C0543669,MONDO:MONDO:0008092,False
OMIM:162830,MONDO:MONDO:0008092,False
Orphanet:279943,MONDO:MONDO:0008092,False
OMIM:611556,,True
MedGen:C1833213,,True
MedGen:C1969054,,True
Orphanet:137625,,True
MONDO:MONDO:0010952,,True
OMIM:606159,,True
Orphanet:157846,,True
MONDO:MONDO:0011638,,True
Orphanet:163,,True
OMIM:600886,,True
MedGen:C1853578,,True
MONDO:MONDO:0012693,,True
MedGen:C1864910,MONDO:MONDO:0012393,False
OMIM:610015,MONDO:MONDO:0012393,False
Orphanet:71278,MONDO:MONDO:0012393,False
MONDO:MONDO:0012393,MONDO:MONDO:0012393,False
MONDO:MONDO:0011503,,True
OMIM:604931,,True
Orphanet:168588,,True
MedGen:C3553382,,True
MedGen:C3551716,,True
MONDO:MONDO:0013842,,True
OMIM:614662,,True
MedGen:C4016115,,True
MedGen:C1841972,,True
MONDO:MONDO:0014421,,True
OMIM:615962,,True
Orphanet:786,,True
OMIM:105120,MONDO:MONDO:0007097,False
Orphanet:85448,MONDO:MONDO:0007097,False
MONDO:MONDO:0007097,MONDO:MONDO:0007097,False
MedGen:C1622345,MONDO:MONDO:0007097,False
Orphanet:98957,MONDO:MONDO:0008777,False
MONDO:MONDO:0008777,MONDO:MONDO:0008777,False
OMIM:204870,MONDO:MONDO:0008777,False
MedGen:C0339273,MONDO:MONDO:0008777,False
MedGen:C1835813,MONDO:MONDO:0012570,False
OMIM:610842,MONDO:MONDO:0012570,False
MONDO:MONDO:0012570,MONDO:MONDO:0012570,False
Orphanet:91135,MONDO:MONDO:0012570,False
Orphanet:2066,MONDO:MONDO:0013166,False
MONDO:MONDO:0013166,MONDO:MONDO:0013166,False
MedGen:C0342708,MONDO:MONDO:0013166,False
OMIM:613163,MONDO:MONDO:0013166,False
MONDO:MONDO:0011772,MONDO:MONDO:0011772,False
MedGen:C2931009,MONDO:MONDO:0011772,False
OMIM:607091,MONDO:MONDO:0011772,False
Orphanet:79332,MONDO:MONDO:0011772,False
MedGen:C3151219,MONDO:MONDO:0013462,False
OMIM:613852,MONDO:MONDO:0013462,False
MONDO:MONDO:0013462,MONDO:MONDO:0013462,False
OMIM:229070,MONDO:MONDO:0009239,False
MONDO:MONDO:0009239,MONDO:MONDO:0009239,False
MedGen:C1856716,MONDO:MONDO:0009239,False
Orphanet:52901,MONDO:MONDO:0009239,False
MONDO:MONDO:0011182,MONDO:MONDO:0011182,False
OMIM:602079,MONDO:MONDO:0011182,False
MedGen:C0342739,MONDO:MONDO:0011182,False
OMIM:614101,,True
MedGen:C1866075,,True
MONDO:MONDO:0013575,,True
OMIM:601894,,True
MONDO:MONDO:0011165,,True
MedGen:C2675436,,True
Orphanet:84090,,True
Orphanet:2084,MONDO:MONDO:0012013,False
MedGen:C1869115,MONDO:MONDO:0012013,False
MONDO:MONDO:0012013,MONDO:MONDO:0012013,False
OMIM:608328,MONDO:MONDO:0012013,False
MedGen:C2750481,,True
MedGen:C2751120,,True
MONDO:MONDO:0013190,,True
Orphanet:331,,True
MedGen:C3277063,,True
OMIM:613235,,True
MedGen:C4016042,,True
OMIM:613225,,True
MedGen:C2750514,,True
MedGen:C0015530,,True
Orphanet:169467,MONDO:MONDO:0013487,False
OMIM:613912,MONDO:MONDO:0013487,False
MedGen:C0398764,MONDO:MONDO:0013487,False
MONDO:MONDO:0013487,MONDO:MONDO:0013487,False
Orphanet:785,MONDO:MONDO:0014148,False
MedGen:C3809250,MONDO:MONDO:0014148,False
OMIM:615363,MONDO:MONDO:0014148,False
MONDO:MONDO:0014148,MONDO:MONDO:0014148,False
OMIM:612623,MONDO:MONDO:0012962,False
MONDO:MONDO:0012962,MONDO:MONDO:0012962,False
MedGen:C2675471,MONDO:MONDO:0012962,False
OMIM:261500,MONDO:MONDO:0043364,False
MedGen:C1850000,MONDO:MONDO:0043364,False
MONDO:MONDO:0043364,MONDO:MONDO:0043364,False
OMIM:612932,MONDO:MONDO:0013046,False
MedGen:C2752027,MONDO:MONDO:0013046,False
MONDO:MONDO:0013046,MONDO:MONDO:0013046,False
Orphanet:99849,MONDO:MONDO:0013046,False
OMIM:146255,MONDO:MONDO:0007797,False
MONDO:MONDO:0007797,MONDO:MONDO:0007797,False
Orphanet:2237,MONDO:MONDO:0007797,False
MedGen:C1840333,MONDO:MONDO:0007797,False
MedGen:C1970242,MONDO:MONDO:0012601,False
MONDO:MONDO:0012601,MONDO:MONDO:0012601,False
OMIM:611016,MONDO:MONDO:0012601,False
OMIM:618979,MedGen:C3888126,False
MedGen:C3888126,MedGen:C3888126,False
MedGen:C0280089,MONDO:MONDO:0006041,False
MONDO:MONDO:0006041,MONDO:MONDO:0006041,False
OMIM:190300,MONDO:MONDO:0008590,False
MONDO:MONDO:0008590,MONDO:MONDO:0008590,False
MedGen:C1860861,MONDO:MONDO:0008590,False
Orphanet:246,MONDO:MONDO:0009903,False
MedGen:C0265257,MONDO:MONDO:0009903,False
MONDO:MONDO:0009903,MONDO:MONDO:0009903,False
OMIM:263750,MONDO:MONDO:0009903,False
Orphanet:370002,,True
MONDO:MONDO:0007859,,True
Orphanet:369999,,True
OMIM:148700,,True
MedGen:C2931122,,True
MONDO:MONDO:0007441,,True
Orphanet:166260,,True
OMIM:125490,,True
Orphanet:166265,,True
OMIM:605594,,True
MONDO:MONDO:0011571,,True
MedGen:C0399378,,True
OMIM:125500,,True
MedGen:C1854146,,True
MedGen:C2973527,,True
MONDO:MONDO:0007442,,True
MedGen:C4016014,,True
Orphanet:1653,,True
OMIM:125420,,True
Orphanet:99791,,True
MedGen:C0399380,,True
MONDO:MONDO:0007437,,True
Orphanet:100924,MedGen:C0268328,False
MedGen:C0268328,MedGen:C0268328,False
OMIM:612740,MedGen:C0268328,False
MONDO:MONDO:0012401,MONDO:MONDO:0012401,False
MedGen:C1864738,MONDO:MONDO:0012401,False
Orphanet:101068,MONDO:MONDO:0012401,False
OMIM:610048,MONDO:MONDO:0012401,False
MedGen:C1292305,MedGen:C1292305,False
OMIM:613793,MedGen:C1292305,False
MedGen:C1836026,,True
MedGen:C2674941,,True
MedGen:C1836024,,True
Orphanet:63269,,True
OMIM:201750,,True
OMIM:613571,,True
Orphanet:95699,,True
MONDO:MONDO:0013310,,True
MedGen:C2673964,,True
MedGen:C3150099,,True
MONDO:MONDO:0008726,,True
MedGen:C4011926,MONDO:MONDO:0008676,False
MONDO:MONDO:0008676,MONDO:MONDO:0008676,False
OMIM:193900,MONDO:MONDO:0008676,False
OMIM:259440,MONDO:MONDO:0009805,False
MedGen:C1850169,MONDO:MONDO:0009805,False
MONDO:MONDO:0009805,MONDO:MONDO:0009805,False
Orphanet:251290,MONDO:MONDO:0008198,False
MONDO:MONDO:0008198,MONDO:MONDO:0008198,False
OMIM:168550,MONDO:MONDO:0008198,False
MedGen:C1868597,MONDO:MONDO:0008198,False
MONDO:MONDO:0012675,MONDO:MONDO:0012675,False
MedGen:C1852529,MONDO:MONDO:0012675,False
OMIM:611489,MONDO:MONDO:0012675,False
Orphanet:199247,MONDO:MONDO:0012675,False
MedGen:C0266004,MONDO:MONDO:0007866,False
OMIM:149200,MONDO:MONDO:0007866,False
MONDO:MONDO:0007866,MONDO:MONDO:0007866,False
Orphanet:2698,MONDO:MONDO:0007866,False
MedGen:C3151189,MONDO:MONDO:0013445,False
MONDO:MONDO:0013445,MONDO:MONDO:0013445,False
OMIM:613825,MONDO:MONDO:0013445,False
MedGen:C0343047,MedGen:C0343047,False
Orphanet:314,MedGen:C0343047,False
OMIM:609536,MedGen:C0343047,False
OMIM:613652,MONDO:MONDO:0013343,False
MONDO:MONDO:0013343,MONDO:MONDO:0013343,False
MedGen:C3150902,MONDO:MONDO:0013343,False
OMIM:259600,,True
MedGen:C0432289,,True
MONDO:MONDO:0010201,,True
Orphanet:3460,,True
Orphanet:371428,,True
MedGen:C1850155,,True
OMIM:277950,,True
MedGen:C0029458,MONDO:MONDO:0008159,False
MONDO:MONDO:0008159,MONDO:MONDO:0008159,False
OMIM:166710,MONDO:MONDO:0008159,False
MedGen:C0542428,MONDO:MONDO:0019669,False
MONDO:MONDO:0019669,MONDO:MONDO:0019669,False
Orphanet:93297,MONDO:MONDO:0019669,False
Orphanet:93279,MONDO:MONDO:0011496,False
OMIM:604864,MONDO:MONDO:0011496,False
MONDO:MONDO:0011496,MONDO:MONDO:0011496,False
MedGen:C1858079,MONDO:MONDO:0011496,False
MONDO:MONDO:0007987,MONDO:MONDO:0007987,False
MedGen:C0265279,MONDO:MONDO:0007987,False
OMIM:156550,MONDO:MONDO:0007987,False
Orphanet:485,MONDO:MONDO:0007987,False
MedGen:C2673611,,True
MedGen:C1853063,,True
OMIM:156500,MONDO:MONDO:0007983,False
Orphanet:174,MONDO:MONDO:0007983,False
MedGen:C0265289,MONDO:MONDO:0007983,False
MONDO:MONDO:0007983,MONDO:MONDO:0007983,False
MedGen:C3150168,,True
OMIM:612052,,True
MedGen:C2677571,,True
OMIM:613743,MONDO:MONDO:0013400,False
MedGen:C3151055,MONDO:MONDO:0013400,False
MONDO:MONDO:0013400,MONDO:MONDO:0013400,False
Orphanet:168558,MONDO:MONDO:0013400,False
MedGen:C3149463,,True
OMIM:143470,,True
MedGen:C3149462,,True
MedGen:C4015552,,True
MONDO:MONDO:0024265,,True
Orphanet:233,,True
Orphanet:529574,,True
MONDO:MONDO:0011444,,True
OMIM:604356,,True
MONDO:MONDO:0007473,,True
OMIM:616219,,True
MedGen:C4310752,,True
Orphanet:91411,,True
MONDO:MONDO:0014538,,True
MONDO:MONDO:0014880,,True
OMIM:617041,,True
MedGen:C0751083,,True
MedGen:C0013261,,True
MedGen:C0994516,,True
OMIM:126800,,True
MedGen:C2931689,MONDO:MONDO:0011266,False
Orphanet:606,MONDO:MONDO:0011266,False
MONDO:MONDO:0011266,MONDO:MONDO:0011266,False
OMIM:602668,MONDO:MONDO:0011266,False
MedGen:C4748035,MedGen:C4748035,False
OMIM:618057,MedGen:C4748035,False
Orphanet:1573,MONDO:MONDO:0011107,False
OMIM:601553,MONDO:MONDO:0011107,False
MedGen:C1832162,MONDO:MONDO:0011107,False
MONDO:MONDO:0011107,MONDO:MONDO:0011107,False
MedGen:C2675488,MONDO:MONDO:0012946,False
OMIM:612580,MONDO:MONDO:0012946,False
MONDO:MONDO:0012946,MONDO:MONDO:0012946,False
MONDO:MONDO:0013288,MONDO:MONDO:0013288,False
OMIM:613501,MONDO:MONDO:0013288,False
MedGen:C3150751,MONDO:MONDO:0013288,False
MedGen:C4693796,MedGen:C4693796,False
OMIM:617970,MedGen:C4693796,False
OMIM:111250,MedGen:C3887952,False
MedGen:C3887952,MedGen:C3887952,False
OMIM:616089,MedGen:C1292300,False
MedGen:C1292300,MedGen:C1292300,False
MedGen:C1292294,MedGen:C1292294,False
OMIM:616060,MedGen:C1292294,False
OMIM:616093,MedGen:C0000778,False
MedGen:C0000778,MedGen:C0000778,False
OMIM:241600,MONDO:MONDO:0009434,False
MONDO:MONDO:0009434,MONDO:MONDO:0009434,False
MedGen:C1855796,MONDO:MONDO:0009434,False
OMIM:607276,MedGen:C1821417,False
MedGen:C1821417,MedGen:C1821417,False
MedGen:C1720957,MONDO:MONDO:0011735,False
Orphanet:101090,MONDO:MONDO:0011735,False
OMIM:606843,MONDO:MONDO:0011735,False
MONDO:MONDO:0011735,MONDO:MONDO:0011735,False
MedGen:C1862209,MedGen:C1862209,False
OMIM:111380,MedGen:C1862209,False
MedGen:C1862191,MedGen:C1862191,False
OMIM:112010,MedGen:C1862191,False
OMIM:601551,MedGen:C1832168,False
MedGen:C1832168,MedGen:C1832168,False
OMIM:124200,MONDO:MONDO:0007417,False
MedGen:C0022595,MONDO:MONDO:0007417,False
MONDO:MONDO:0007417,MONDO:MONDO:0007417,False
Orphanet:218,MONDO:MONDO:0007417,False
MONDO:MONDO:0007048,MONDO:MONDO:0007048,False
Orphanet:79151,MONDO:MONDO:0007048,False
MedGen:C0265971,MONDO:MONDO:0007048,False
OMIM:101900,MONDO:MONDO:0007048,False
MONDO:MONDO:0010977,MONDO:MONDO:0010977,False
MedGen:C1832918,MONDO:MONDO:0010977,False
OMIM:601003,MONDO:MONDO:0010977,False
Orphanet:53347,MONDO:MONDO:0010977,False
OMIM:608643,MONDO:MONDO:0012084,False
MONDO:MONDO:0012084,MONDO:MONDO:0012084,False
MedGen:C1291564,MONDO:MONDO:0012084,False
Orphanet:35708,MONDO:MONDO:0012084,False
MedGen:C1960539,MONDO:MONDO:0013301,False
MONDO:MONDO:0013301,MONDO:MONDO:0013301,False
Orphanet:91,MONDO:MONDO:0013301,False
OMIM:613546,MONDO:MONDO:0013301,False
MONDO:MONDO:0007690,MONDO:MONDO:0007690,False
OMIM:139300,MONDO:MONDO:0007690,False
Orphanet:178345,MONDO:MONDO:0007690,False
MedGen:C1970109,MONDO:MONDO:0007690,False
OMIM:618463,MONDO:MONDO:0032766,False
MONDO:MONDO:0032766,MONDO:MONDO:0032766,False
MONDO:MONDO:0011726,MONDO:MONDO:0011726,False
MedGen:C1847493,MONDO:MONDO:0011726,False
OMIM:606787,MONDO:MONDO:0011726,False
MONDO:MONDO:0012858,MONDO:MONDO:0012858,False
Orphanet:169464,MONDO:MONDO:0012858,False
MedGen:C2676767,MONDO:MONDO:0012858,False
OMIM:612300,MONDO:MONDO:0012858,False
MONDO:MONDO:0017947,MONDO:MONDO:0017947,False
MedGen:C3888308,MONDO:MONDO:0017947,False
MedGen:C1835922,MONDO:MONDO:0012368,False
OMIM:609924,MONDO:MONDO:0012368,False
MONDO:MONDO:0012368,MONDO:MONDO:0012368,False
Orphanet:137754,MONDO:MONDO:0012368,False
Orphanet:79279,,True
OMIM:609241,,True
MONDO:MONDO:0017779,,True
MONDO:MONDO:0012222,,True
Orphanet:79281,,True
Orphanet:79280,,True
MedGen:C1836544,,True
MONDO:MONDO:0012221,,True
Orphanet:3137,,True
OMIM:609242,,True
MedGen:C1836522,,True
MedGen:C1863080,MONDO:MONDO:0014425,False
MONDO:MONDO:0014425,MONDO:MONDO:0014425,False
Orphanet:168615,MONDO:MONDO:0014425,False
OMIM:615970,MONDO:MONDO:0014425,False
OMIM:615969,MONDO:MONDO:0014424,False
Orphanet:168612,MONDO:MONDO:0014424,False
MedGen:C1863081,MONDO:MONDO:0014424,False
MONDO:MONDO:0014424,MONDO:MONDO:0014424,False
OMIM:611881,MONDO:MONDO:0012747,False
MONDO:MONDO:0012747,MONDO:MONDO:0012747,False
Orphanet:57,MONDO:MONDO:0012747,False
MedGen:C0272066,MONDO:MONDO:0012747,False
MedGen:C3149226,,True
MedGen:C0001973,,True
MONDO:MONDO:0012454,,True
OMIM:610251,,True
MedGen:C3887915,,True
MONDO:MONDO:0007079,,True
OMIM:103780,,True
MedGen:C2674838,,True
MedGen:C2676227,,True
MedGen:C2608086,,True
OMIM:615999,MONDO:MONDO:0014448,False
MONDO:MONDO:0014448,MONDO:MONDO:0014448,False
MedGen:C0342185,MONDO:MONDO:0014448,False
Orphanet:86816,MedGen:C0878666,False
OMIM:616000,MedGen:C0878666,False
MedGen:C0878666,MedGen:C0878666,False
MONDO:MONDO:0012238,MONDO:MONDO:0012238,False
OMIM:609283,MONDO:MONDO:0012238,False
MedGen:C1836460,MONDO:MONDO:0012238,False
Orphanet:33355,MONDO:MONDO:0009973,False
MedGen:C0272167,MONDO:MONDO:0009973,False
MONDO:MONDO:0009973,MONDO:MONDO:0009973,False
OMIM:267500,MONDO:MONDO:0009973,False
MedGen:C2675459,MONDO:MONDO:0012967,False
OMIM:612631,MONDO:MONDO:0012967,False
Orphanet:86817,MONDO:MONDO:0012967,False
MONDO:MONDO:0012967,MONDO:MONDO:0012967,False
MedGen:C2319308,,True
MONDO:MONDO:0060593,,True
MedGen:C3888204,,True
OMIM:617749,,True
OMIM:613672,MedGen:C3150925,False
Orphanet:254343,MedGen:C3150925,False
MedGen:C3150925,MedGen:C3150925,False
MedGen:C3150924,MONDO:MONDO:0013353,False
MONDO:MONDO:0013353,MONDO:MONDO:0013353,False
OMIM:613671,MONDO:MONDO:0013353,False
OMIM:613661,MONDO:MONDO:0013349,False
MONDO:MONDO:0013349,MONDO:MONDO:0013349,False
MedGen:C3150913,MONDO:MONDO:0013349,False
Orphanet:280071,MONDO:MONDO:0013349,False
OMIM:611862,,True
MedGen:C1970105,,True
MedGen:C2676078,,True
MONDO:MONDO:0013344,MONDO:MONDO:0013344,False
MedGen:C3150908,MONDO:MONDO:0013344,False
OMIM:613656,MONDO:MONDO:0013344,False
MedGen:C1857970,MONDO:MONDO:0011505,False
OMIM:605019,MONDO:MONDO:0011505,False
MONDO:MONDO:0011505,MONDO:MONDO:0011505,False
MedGen:C3150921,MONDO:MONDO:0013351,False
MONDO:MONDO:0013351,MONDO:MONDO:0013351,False
OMIM:613668,MONDO:MONDO:0013351,False
Orphanet:402364,MONDO:MONDO:0013351,False
OMIM:143860,MONDO:MONDO:0007747,False
Orphanet:542657,MONDO:MONDO:0007747,False
MONDO:MONDO:0007747,MONDO:MONDO:0007747,False
MedGen:C1840437,MONDO:MONDO:0007747,False
MONDO:MONDO:0012449,MONDO:MONDO:0012449,False
OMIM:610245,MONDO:MONDO:0012449,False
MedGen:C1853250,MONDO:MONDO:0012449,False
Orphanet:101108,MONDO:MONDO:0012449,False
MONDO:MONDO:0012774,MONDO:MONDO:0012774,False
OMIM:612001,MONDO:MONDO:0012774,False
Orphanet:199318,MONDO:MONDO:0012774,False
MedGen:C2677613,MONDO:MONDO:0012774,False
MedGen:C3151781,MONDO:MONDO:0010441,False
Orphanet:251383,MONDO:MONDO:0010441,False
OMIM:300831,MONDO:MONDO:0010441,False
MONDO:MONDO:0010441,MONDO:MONDO:0010441,False
MONDO:MONDO:0010121,MONDO:MONDO:0010121,False
MedGen:C0175703,MONDO:MONDO:0010121,False
Orphanet:3320,MONDO:MONDO:0010121,False
OMIM:274000,MONDO:MONDO:0010121,False
Orphanet:276405,MONDO:MONDO:0013595,False
OMIM:614156,MONDO:MONDO:0013595,False
MONDO:MONDO:0013595,MONDO:MONDO:0013595,False
MedGen:C3279964,MONDO:MONDO:0013595,False
OMIM:614097,MONDO:MONDO:0013571,False
Orphanet:926,MONDO:MONDO:0013571,False
MONDO:MONDO:0013571,MONDO:MONDO:0013571,False
MedGen:C0268419,MONDO:MONDO:0013571,False
OMIM:618719,,True
OMIM:100100,,True
MedGen:C5231472,,True
MONDO:MONDO:0007032,,True
MedGen:C0033770,,True
MONDO:MONDO:0032879,,True
Orphanet:2970,,True
OMIM:613790,MONDO:MONDO:0013422,False
MedGen:C3151081,MONDO:MONDO:0013422,False
MONDO:MONDO:0013422,MONDO:MONDO:0013422,False
MedGen:C3281153,MONDO:MONDO:0013799,False
OMIM:614546,MONDO:MONDO:0013799,False
MONDO:MONDO:0013799,MONDO:MONDO:0013799,False
Orphanet:319651,MONDO:MONDO:0013456,False
OMIM:613839,MONDO:MONDO:0013456,False
MONDO:MONDO:0013456,MONDO:MONDO:0013456,False
MedGen:C3151205,MONDO:MONDO:0013456,False
MedGen:C1859372,MONDO:MONDO:0008895,False
MONDO:MONDO:0008895,MONDO:MONDO:0008895,False
OMIM:211800,MONDO:MONDO:0008895,False
Orphanet:289601,MONDO:MONDO:0008895,False
OMIM:614391,MONDO:MONDO:0013729,False
MONDO:MONDO:0013729,MONDO:MONDO:0013729,False
MedGen:C3280674,MONDO:MONDO:0013729,False
OMIM:614419,MedGen:C3280741,False
MedGen:C3280741,MedGen:C3280741,False
MedGen:C3280953,MONDO:MONDO:0013771,False
OMIM:614480,MONDO:MONDO:0013771,False
Orphanet:300293,MONDO:MONDO:0013771,False
MONDO:MONDO:0013771,MONDO:MONDO:0013771,False
MONDO:MONDO:0013576,MONDO:MONDO:0013576,False
Orphanet:183675,MONDO:MONDO:0013576,False
MedGen:C3279824,MONDO:MONDO:0013576,False
OMIM:614102,MONDO:MONDO:0013576,False
MedGen:C1862177,MONDO:MONDO:0007205,False
OMIM:112250,MONDO:MONDO:0007205,False
Orphanet:85182,MONDO:MONDO:0007205,False
MONDO:MONDO:0007205,MONDO:MONDO:0007205,False
MONDO:MONDO:0009096,MONDO:MONDO:0009096,False
OMIM:221820,MONDO:MONDO:0009096,False
Orphanet:313808,MONDO:MONDO:0009096,False
MedGen:C3711381,MONDO:MONDO:0009096,False
MONDO:MONDO:0008740,MONDO:MONDO:0008740,False
Orphanet:990,MONDO:MONDO:0008740,False
OMIM:202650,MONDO:MONDO:0008740,False
MedGen:C0265242,MONDO:MONDO:0008740,False
MONDO:MONDO:0013532,MONDO:MONDO:0013532,False
MedGen:C3151465,MONDO:MONDO:0013532,False
OMIM:614024,MONDO:MONDO:0013532,False
OMIM:256040,,True
Orphanet:324977,,True
Orphanet:325004,,True
Orphanet:2615,,True
Orphanet:324999,,True
MedGen:C4746851,,True
OMIM:613957,MONDO:MONDO:0013504,False
MedGen:C3151406,MONDO:MONDO:0013504,False
MONDO:MONDO:0013504,MONDO:MONDO:0013504,False
MedGen:C3151379,MONDO:MONDO:0013497,False
OMIM:613949,MONDO:MONDO:0013497,False
MONDO:MONDO:0013497,MONDO:MONDO:0013497,False
OMIM:614450,MONDO:MONDO:0013757,False
MONDO:MONDO:0013757,MONDO:MONDO:0013757,False
Orphanet:97927,MONDO:MONDO:0013757,False
MedGen:C3280817,MONDO:MONDO:0013757,False
MONDO:MONDO:0010637,MONDO:MONDO:0010637,False
MedGen:C3887525,MONDO:MONDO:0010637,False
OMIM:308800,MONDO:MONDO:0010637,False
Orphanet:2340,MONDO:MONDO:0010637,False
MedGen:C3275445,MONDO:MONDO:0010455,False
Orphanet:317476,MONDO:MONDO:0010455,False
OMIM:300853,MONDO:MONDO:0010455,False
MONDO:MONDO:0010455,MONDO:MONDO:0010455,False
MONDO:MONDO:0010449,MONDO:MONDO:0010449,False
OMIM:300847,MONDO:MONDO:0010449,False
MedGen:C3275438,MONDO:MONDO:0010449,False
MONDO:MONDO:0001085,MONDO:MONDO:0001085,False
MedGen:C0041349,MONDO:MONDO:0001085,False
OMIM:220600,MONDO:MONDO:0009080,False
Orphanet:71271,MONDO:MONDO:0009080,False
MONDO:MONDO:0009080,MONDO:MONDO:0009080,False
MedGen:C1857344,MONDO:MONDO:0009080,False
Orphanet:300359,,True
MONDO:MONDO:0013944,,True
OMIM:614878,,True
MONDO:MONDO:0013766,,True
Orphanet:324530,,True
MedGen:C3280914,,True
MedGen:C3553961,,True
OMIM:614468,,True
MONDO:MONDO:0013664,MONDO:MONDO:0013664,False
MedGen:C1839840,MONDO:MONDO:0013664,False
Orphanet:443087,MONDO:MONDO:0013664,False
OMIM:614279,MONDO:MONDO:0013664,False
MONDO:MONDO:0013615,MONDO:MONDO:0013615,False
Orphanet:284149,MONDO:MONDO:0013615,False
MedGen:C3280073,MONDO:MONDO:0013615,False
OMIM:614188,MONDO:MONDO:0013615,False
OMIM:610762,MedGen:C1853096,False
MedGen:C1853096,MedGen:C1853096,False
Orphanet:363989,MONDO:MONDO:0009235,False
MedGen:C1856718,MONDO:MONDO:0009235,False
MONDO:MONDO:0009235,MONDO:MONDO:0009235,False
OMIM:228980,MONDO:MONDO:0009235,False
OMIM:614616,,True
Orphanet:314373,,True
Orphanet:314376,,True
MedGen:C2939175,,True
MedGen:C3553270,,True
OMIM:614665,,True
MONDO:MONDO:0013825,,True
OMIM:151600,MedGen:C0544855,False
MedGen:C0544855,MedGen:C0544855,False
MONDO:MONDO:0013789,MONDO:MONDO:0013789,False
MedGen:C3281084,MONDO:MONDO:0013789,False
Orphanet:300536,MONDO:MONDO:0013789,False
OMIM:614507,MONDO:MONDO:0013789,False
MONDO:MONDO:0013743,MONDO:MONDO:0013743,False
Orphanet:300345,MONDO:MONDO:0013743,False
MedGen:C3280742,MONDO:MONDO:0013743,False
OMIM:614420,MONDO:MONDO:0013743,False
MONDO:MONDO:0013658,MONDO:MONDO:0013658,False
OMIM:614257,MONDO:MONDO:0013658,False
MedGen:C3280285,MONDO:MONDO:0013658,False
MONDO:MONDO:0013657,MONDO:MONDO:0013657,False
OMIM:614256,MONDO:MONDO:0013657,False
MedGen:C3280284,MONDO:MONDO:0013657,False
MONDO:MONDO:0002884,,True
MedGen:C0406443,,True
Orphanet:280654,,True
MedGen:C0027339,,True
OMIM:161050,,True
Orphanet:79153,,True
OMIM:614328,,True
OMIM:616069,,True
MONDO:MONDO:0013693,,True
MedGen:C4015130,,True
Orphanet:294023,,True
MedGen:C3280501,,True
MONDO:MONDO:0014481,,True
OMIM:614482,MONDO:MONDO:0013772,False
Orphanet:300313,MONDO:MONDO:0013772,False
MedGen:C3280965,MONDO:MONDO:0013772,False
MONDO:MONDO:0013772,MONDO:MONDO:0013772,False
MedGen:C3280986,,True
OMIM:614490,,True
MedGen:C1841837,,True
OMIM:138900,,True
OMIM:614008,MONDO:MONDO:0013523,False
MedGen:C3151446,MONDO:MONDO:0013523,False
MONDO:MONDO:0013523,MONDO:MONDO:0013523,False
Orphanet:280576,MONDO:MONDO:0013523,False
OMIM:618247,MONDO:MONDO:0032630,False
MedGen:C4748809,MONDO:MONDO:0032630,False
MONDO:MONDO:0032630,MONDO:MONDO:0032630,False
OMIM:618243,MONDO:MONDO:0032626,False
MONDO:MONDO:0032626,MONDO:MONDO:0032626,False
MedGen:C4748796,MONDO:MONDO:0032626,False
MedGen:C1864652,MONDO:MONDO:0012516,False
OMIM:610536,MONDO:MONDO:0012516,False
Orphanet:79113,MONDO:MONDO:0012516,False
MONDO:MONDO:0012516,MONDO:MONDO:0012516,False
MedGen:C3279875,MONDO:MONDO:0013583,False
OMIM:614115,MONDO:MONDO:0013583,False
Orphanet:280640,MONDO:MONDO:0013583,False
MONDO:MONDO:0013583,MONDO:MONDO:0013583,False
MONDO:MONDO:0005181,MONDO:MONDO:0005181,False
Orphanet:520820,MONDO:MONDO:0005181,False
MedGen:C0162674,MONDO:MONDO:0005181,False
MedGen:C3280729,MONDO:MONDO:0013740,False
OMIM:614416,MONDO:MONDO:0013740,False
Orphanet:293925,MONDO:MONDO:0013740,False
MONDO:MONDO:0013740,MONDO:MONDO:0013740,False
MedGen:C3281288,MONDO:MONDO:0013817,False
OMIM:614595,MONDO:MONDO:0013817,False
MONDO:MONDO:0013817,MONDO:MONDO:0013817,False
MedGen:C4551962,MONDO:MONDO:0007728,False
MONDO:MONDO:0007728,MONDO:MONDO:0007728,False
OMIM:142690,MONDO:MONDO:0007728,False
OMIM:111600,MedGen:C3276339,False
MedGen:C3276339,MedGen:C3276339,False
MedGen:C4015235,,True
MONDO:MONDO:0014494,,True
OMIM:614204,,True
Orphanet:247353,,True
OMIM:616106,,True
MedGen:C0343055,,True
Orphanet:1234,,True
OMIM:214350,,True
OMIM:263650,,True
MONDO:MONDO:0009901,,True
MONDO:MONDO:0008959,,True
MedGen:C1849718,,True
Orphanet:1401,,True
MedGen:C0406733,,True
OMIM:280000,MONDO:MONDO:0010221,False
MONDO:MONDO:0010221,MONDO:MONDO:0010221,False
Orphanet:3474,MONDO:MONDO:0010221,False
MedGen:C1848392,MONDO:MONDO:0010221,False
OMIM:613730,MONDO:MONDO:0013394,False
MedGen:C3151000,MONDO:MONDO:0013394,False
MONDO:MONDO:0013394,MONDO:MONDO:0013394,False
Orphanet:306547,MONDO:MONDO:0013394,False
MedGen:C3280887,MONDO:MONDO:0013762,False
MONDO:MONDO:0013762,MONDO:MONDO:0013762,False
OMIM:614462,MONDO:MONDO:0013762,False
Orphanet:401859,MONDO:MONDO:0013762,False
OMIM:614070,MONDO:MONDO:0013554,False
MedGen:C3279754,MONDO:MONDO:0013554,False
MONDO:MONDO:0013554,MONDO:MONDO:0013554,False
Orphanet:319509,MONDO:MONDO:0013811,False
MONDO:MONDO:0013811,MONDO:MONDO:0013811,False
OMIM:614582,MONDO:MONDO:0013811,False
MedGen:C3281234,MONDO:MONDO:0013811,False
MedGen:C3554246,,True
OMIM:227260,,True
MedGen:C1744559,,True
MONDO:MONDO:0009203,,True
OMIM:614974,,True
Orphanet:1807,,True
Orphanet:398166,,True
MONDO:MONDO:0013997,,True
Orphanet:398189,,True
MedGen:C3151037,MONDO:MONDO:0013397,False
OMIM:613736,MONDO:MONDO:0013397,False
MONDO:MONDO:0013397,MONDO:MONDO:0013397,False
MedGen:C1836484,MONDO:MONDO:0012232,False
OMIM:609261,MONDO:MONDO:0012232,False
MONDO:MONDO:0012232,MONDO:MONDO:0012232,False
MONDO:MONDO:0011582,MONDO:MONDO:0011582,False
Orphanet:401869,MONDO:MONDO:0011582,False
OMIM:605711,MONDO:MONDO:0011582,False
MedGen:C3276432,MONDO:MONDO:0011582,False
MONDO:MONDO:0012845,MONDO:MONDO:0012845,False
OMIM:612278,MONDO:MONDO:0012845,False
MedGen:C2677079,MONDO:MONDO:0012845,False
MedGen:C3281055,MONDO:MONDO:0013787,False
MONDO:MONDO:0013787,MONDO:MONDO:0013787,False
OMIM:614501,MONDO:MONDO:0013787,False
MedGen:C0599973,MONDO:MONDO:0008800,False
OMIM:206920,MONDO:MONDO:0008800,False
Orphanet:1106,MONDO:MONDO:0008800,False
MONDO:MONDO:0008800,MONDO:MONDO:0008800,False
Orphanet:806,MONDO:MONDO:0009885,False
MedGen:C0796149,MONDO:MONDO:0009885,False
MONDO:MONDO:0009885,MONDO:MONDO:0009885,False
OMIM:262890,MONDO:MONDO:0009885,False
MedGen:C1842691,MONDO:MONDO:0011946,False
OMIM:608022,MONDO:MONDO:0011946,False
MONDO:MONDO:0011946,MONDO:MONDO:0011946,False
Orphanet:66637,MONDO:MONDO:0011946,False
MedGen:C2675659,MedGen:C2675659,False
OMIM:607514,MedGen:C2675659,False
OMIM:614231,MONDO:MONDO:0013647,False
MONDO:MONDO:0013647,MONDO:MONDO:0013647,False
MedGen:C3280240,MONDO:MONDO:0013647,False
Orphanet:306558,MONDO:MONDO:0013647,False
OMIM:251270,MONDO:MONDO:0009624,False
MedGen:C3278481,MONDO:MONDO:0009624,False
MONDO:MONDO:0009624,MONDO:MONDO:0009624,False
MedGen:C3280346,MONDO:MONDO:0013670,False
OMIM:614292,MONDO:MONDO:0013670,False
MONDO:MONDO:0013670,MONDO:MONDO:0013670,False
OMIM:220120,,True
MedGen:C0342765,,True
MedGen:C1291386,,True
Orphanet:941,,True
MONDO:MONDO:0013549,MONDO:MONDO:0013549,False
MedGen:C3279716,MONDO:MONDO:0013549,False
OMIM:614063,MONDO:MONDO:0013549,False
OMIM:614229,MONDO:MONDO:0013645,False
Orphanet:284271,MONDO:MONDO:0013645,False
MONDO:MONDO:0013645,MONDO:MONDO:0013645,False
MedGen:C3280226,MONDO:MONDO:0013645,False
Orphanet:171836,,True
MedGen:C2931783,,True
Orphanet:1031,,True
MONDO:MONDO:0008771,,True
OMIM:204690,,True
OMIM:613280,MedGen:C2750442,False
Orphanet:309854,MedGen:C2750442,False
MedGen:C2750442,MedGen:C2750442,False
MedGen:C3280899,,True
MedGen:C3277723,,True
MONDO:MONDO:0013484,MONDO:MONDO:0013484,False
OMIM:613887,MONDO:MONDO:0013484,False
MedGen:C3151304,MONDO:MONDO:0013484,False
OMIM:603511,MedGen:C4721885,False
MedGen:C4721885,MedGen:C4721885,False
Orphanet:34516,MedGen:C4721885,False
Orphanet:280384,,True
OMIM:611225,,True
MedGen:C2749936,,True
Orphanet:209951,,True
MONDO:MONDO:0011246,MONDO:MONDO:0011246,False
Orphanet:280671,MONDO:MONDO:0011246,False
MedGen:C1865233,MONDO:MONDO:0011246,False
OMIM:602541,MONDO:MONDO:0011246,False
MONDO:MONDO:0013731,,True
OMIM:614399,,True
MedGen:C3280679,,True
MedGen:C3541476,,True
Orphanet:439212,,True
MONDO:MONDO:0008416,,True
MONDO:MONDO:0007507,,True
OMIM:181600,,True
Orphanet:1658,,True
MedGen:C0406707,,True
MedGen:C1852150,,True
Orphanet:289465,,True
Orphanet:384,,True
OMIM:136000,,True
OMIM:129200,,True
MONDO:MONDO:0007619,,True
MedGen:C0406767,,True
MedGen:C3151209,MedGen:C3151209,False
Orphanet:363694,MedGen:C3151209,False
OMIM:613845,MedGen:C3151209,False
MONDO:MONDO:0013678,MONDO:MONDO:0013678,False
Orphanet:293936,MONDO:MONDO:0013678,False
OMIM:614303,MONDO:MONDO:0013678,False
MedGen:C3280392,MONDO:MONDO:0013678,False
OMIM:614299,MONDO:MONDO:0013675,False
MedGen:C3280378,MONDO:MONDO:0013675,False
MONDO:MONDO:0013675,MONDO:MONDO:0013675,False
Orphanet:401874,MONDO:MONDO:0013675,False
OMIM:600920,MONDO:MONDO:0010959,False
MONDO:MONDO:0010959,MONDO:MONDO:0010959,False
Orphanet:2460,MONDO:MONDO:0010959,False
MedGen:C1833136,MONDO:MONDO:0010959,False
Orphanet:280586,MONDO:MONDO:0013561,False
OMIM:614078,MONDO:MONDO:0013561,False
MedGen:C3279757,MONDO:MONDO:0013561,False
MONDO:MONDO:0013561,MONDO:MONDO:0013561,False
OMIM:600251,,True
MONDO:MONDO:0015824,,True
Orphanet:1794,,True
MedGen:C1838348,,True
Orphanet:141258,,True
MedGen:C3472711,MONDO:MONDO:0013594,False
MONDO:MONDO:0013594,MONDO:MONDO:0013594,False
Orphanet:276198,MONDO:MONDO:0013594,False
OMIM:614153,MONDO:MONDO:0013594,False
MONDO:MONDO:0013604,MONDO:MONDO:0013604,False
MedGen:C3279997,MONDO:MONDO:0013604,False
OMIM:614167,MONDO:MONDO:0013604,False
Orphanet:721,,True
MedGen:C1861194,,True
OMIM:187900,,True
OMIM:139090,,True
MONDO:MONDO:0008553,,True
MONDO:MONDO:0007686,,True
MedGen:C0272302,,True
Orphanet:2849,MONDO:MONDO:0009965,False
OMIM:267000,MONDO:MONDO:0009965,False
MedGen:C0796113,MONDO:MONDO:0009965,False
MONDO:MONDO:0009965,MONDO:MONDO:0009965,False
MedGen:C0268525,MONDO:MONDO:0009825,False
OMIM:260005,MONDO:MONDO:0009825,False
MONDO:MONDO:0009825,MONDO:MONDO:0009825,False
Orphanet:33572,MONDO:MONDO:0009825,False
MONDO:MONDO:0013661,MONDO:MONDO:0013661,False
Orphanet:289504,MONDO:MONDO:0013661,False
MedGen:C3280314,MONDO:MONDO:0013661,False
OMIM:614265,MONDO:MONDO:0013661,False
MedGen:C3280689,MONDO:MONDO:0013732,False
OMIM:614400,MONDO:MONDO:0013732,False
MONDO:MONDO:0013732,MONDO:MONDO:0013732,False
MedGen:C3275898,MONDO:MONDO:0011037,False
MONDO:MONDO:0011037,MONDO:MONDO:0011037,False
OMIM:601331,MONDO:MONDO:0011037,False
MONDO:MONDO:0007856,MONDO:MONDO:0007856,False
MedGen:C1835664,MONDO:MONDO:0007856,False
Orphanet:2198,MONDO:MONDO:0007856,False
OMIM:148500,MONDO:MONDO:0007856,False
OMIM:607842,MONDO:MONDO:0011921,False
MONDO:MONDO:0011921,MONDO:MONDO:0011921,False
MedGen:C1842937,MONDO:MONDO:0011921,False
OMIM:618244,MONDO:MONDO:0032627,False
MedGen:C4748799,MONDO:MONDO:0032627,False
MONDO:MONDO:0032627,MONDO:MONDO:0032627,False
OMIM:614680,MedGen:C3553462,False
MedGen:C3553462,MedGen:C3553462,False
MONDO:MONDO:0012166,MONDO:MONDO:0012166,False
MedGen:C1837015,MONDO:MONDO:0012166,False
OMIM:608984,MONDO:MONDO:0012166,False
MedGen:C2675746,MONDO:MONDO:0021021,False
OMIM:122860,MONDO:MONDO:0021021,False
MONDO:MONDO:0021021,MONDO:MONDO:0021021,False
Orphanet:1513,MONDO:MONDO:0021021,False
MedGen:C3553349,MONDO:MONDO:0013836,False
MONDO:MONDO:0013836,MONDO:MONDO:0013836,False
Orphanet:280406,MONDO:MONDO:0013836,False
OMIM:614650,MONDO:MONDO:0013836,False
MedGen:C2677086,MedGen:C2677086,False
OMIM:612271,MedGen:C2677086,False
MedGen:C3553418,MedGen:C3553418,False
OMIM:614674,MedGen:C3553418,False
MONDO:MONDO:0013851,MONDO:MONDO:0013851,False
Orphanet:314399,MONDO:MONDO:0013851,False
MedGen:C3808553,MONDO:MONDO:0013851,False
OMIM:614675,MONDO:MONDO:0013851,False
MedGen:C1970027,MONDO:MONDO:0012634,False
MONDO:MONDO:0012634,MONDO:MONDO:0012634,False
OMIM:611174,MONDO:MONDO:0012634,False
Orphanet:314555,MONDO:MONDO:0012634,False
OMIM:612253,MONDO:MONDO:0012835,False
MedGen:C2677096,MONDO:MONDO:0012835,False
MONDO:MONDO:0012835,MONDO:MONDO:0012835,False
MONDO:MONDO:0011732,MONDO:MONDO:0011732,False
Orphanet:85169,MONDO:MONDO:0011732,False
MedGen:C1847406,MONDO:MONDO:0011732,False
OMIM:606835,MONDO:MONDO:0011732,False
MedGen:C3553582,MONDO:MONDO:0013871,False
OMIM:614728,MONDO:MONDO:0013871,False
MONDO:MONDO:0013871,MONDO:MONDO:0013871,False
Orphanet:352328,MONDO:MONDO:0013875,False
OMIM:614739,MONDO:MONDO:0013875,False
MedGen:C3553597,MONDO:MONDO:0013875,False
MONDO:MONDO:0013875,MONDO:MONDO:0013875,False
Orphanet:447784,MONDO:MONDO:0013877,False
OMIM:614741,MONDO:MONDO:0013877,False
MONDO:MONDO:0013877,MONDO:MONDO:0013877,False
MedGen:C3553607,MONDO:MONDO:0013877,False
MONDO:MONDO:0013880,MONDO:MONDO:0013880,False
OMIM:614744,MONDO:MONDO:0013880,False
Orphanet:306530,MONDO:MONDO:0013880,False
MedGen:C3553625,MONDO:MONDO:0013880,False
MedGen:C3553636,MONDO:MONDO:0013881,False
MONDO:MONDO:0013881,MONDO:MONDO:0013881,False
OMIM:614748,MONDO:MONDO:0013881,False
Orphanet:306504,MONDO:MONDO:0013881,False
MedGen:C3553633,MedGen:C3553633,False
OMIM:614745,MedGen:C3553633,False
MONDO:MONDO:0013734,MONDO:MONDO:0013734,False
MedGen:C3553077,MONDO:MONDO:0013734,False
OMIM:614402,MONDO:MONDO:0013734,False
MedGen:C2675207,MedGen:C2675207,False
OMIM:612671,MedGen:C2675207,False
OMIM:614756,MONDO:MONDO:0013886,False
MONDO:MONDO:0013886,MONDO:MONDO:0013886,False
MedGen:C3553661,MONDO:MONDO:0013886,False
Orphanet:314647,MONDO:MONDO:0013886,False
Orphanet:85321,MONDO:MONDO:0010353,False
MedGen:C1845285,MONDO:MONDO:0010353,False
MONDO:MONDO:0010353,MONDO:MONDO:0010353,False
OMIM:300519,MONDO:MONDO:0010353,False
OMIM:125370,MONDO:MONDO:0007435,False
MONDO:MONDO:0007435,MONDO:MONDO:0007435,False
MedGen:C0751781,MONDO:MONDO:0007435,False
Orphanet:101,MONDO:MONDO:0007435,False
OMIM:614800,,True
MedGen:C3541319,,True
OMIM:616483,,True
MONDO:MONDO:0014206,,True
Orphanet:440427,,True
MONDO:MONDO:0013889,,True
Orphanet:391677,,True
MedGen:C3809651,,True
OMIM:614813,MONDO:MONDO:0013894,False
MedGen:C3542022,MONDO:MONDO:0013894,False
Orphanet:314394,MONDO:MONDO:0013894,False
MONDO:MONDO:0013894,MONDO:MONDO:0013894,False
OMIM:614807,MONDO:MONDO:0013890,False
MedGen:C3553709,MONDO:MONDO:0013890,False
MONDO:MONDO:0013890,MONDO:MONDO:0013890,False
Orphanet:319160,MONDO:MONDO:0013890,False
OMIM:614817,MONDO:MONDO:0013898,False
MONDO:MONDO:0013898,MONDO:MONDO:0013898,False
MedGen:C3553774,MONDO:MONDO:0013898,False
Orphanet:401996,MONDO:MONDO:0013898,False
Orphanet:216828,MONDO:MONDO:0012591,False
OMIM:610967,MONDO:MONDO:0012591,False
MedGen:C2931093,MONDO:MONDO:0012591,False
MONDO:MONDO:0012591,MONDO:MONDO:0012591,False
Orphanet:75391,MONDO:MONDO:0012383,False
OMIM:609981,MONDO:MONDO:0012383,False
MedGen:C1864947,MONDO:MONDO:0012383,False
MONDO:MONDO:0012383,MONDO:MONDO:0012383,False
Orphanet:319675,MONDO:MONDO:0013922,False
MONDO:MONDO:0013922,MONDO:MONDO:0013922,False
OMIM:614851,MONDO:MONDO:0013922,False
MedGen:C3553870,MONDO:MONDO:0013922,False
Orphanet:369955,MONDO:MONDO:0013925,False
MONDO:MONDO:0013925,MONDO:MONDO:0013925,False
MedGen:C3553915,MONDO:MONDO:0013925,False
OMIM:614857,MONDO:MONDO:0013925,False
Orphanet:314689,MONDO:MONDO:0013934,False
MONDO:MONDO:0013934,MONDO:MONDO:0013934,False
OMIM:614868,MONDO:MONDO:0013934,False
MedGen:C3553943,MONDO:MONDO:0013934,False
Orphanet:101351,MONDO:MONDO:0010066,False
OMIM:271400,MONDO:MONDO:0010066,False
MedGen:C0685889,MONDO:MONDO:0010066,False
MONDO:MONDO:0010066,MONDO:MONDO:0010066,False
MONDO:MONDO:0014023,MONDO:MONDO:0014023,False
OMIM:615042,MONDO:MONDO:0014023,False
MedGen:C3554385,MONDO:MONDO:0014023,False
Orphanet:329178,MONDO:MONDO:0014023,False
MedGen:C0268563,MONDO:MONDO:0010008,False
OMIM:268900,MONDO:MONDO:0010008,False
Orphanet:3129,MONDO:MONDO:0010008,False
MONDO:MONDO:0010008,MONDO:MONDO:0010008,False
OMIM:615028,MONDO:MONDO:0014014,False
Orphanet:412189,MONDO:MONDO:0014014,False
MONDO:MONDO:0014014,MONDO:MONDO:0014014,False
MedGen:C3554367,MONDO:MONDO:0014014,False
Orphanet:2746,MONDO:MONDO:0009785,False
MONDO:MONDO:0009785,MONDO:MONDO:0009785,False
MedGen:C0432219,MONDO:MONDO:0009785,False
OMIM:258480,MONDO:MONDO:0009785,False
MedGen:C1842486,MONDO:MONDO:0011973,False
MONDO:MONDO:0011973,MONDO:MONDO:0011973,False
OMIM:608118,MONDO:MONDO:0011973,False
MedGen:C1859817,,True
MedGen:C3554366,,True
Orphanet:79154,,True
OMIM:615025,,True
OMIM:204750,,True
MONDO:MONDO:0014012,,True
Orphanet:329258,,True
MONDO:MONDO:0008774,,True
MedGen:C3554344,MONDO:MONDO:0014008,False
MONDO:MONDO:0014008,MONDO:MONDO:0014008,False
OMIM:615011,MONDO:MONDO:0014008,False
OMIM:615026,MONDO:MONDO:0014013,False
MONDO:MONDO:0014013,MONDO:MONDO:0014013,False
Orphanet:411712,MONDO:MONDO:0014013,False
MedGen:C0035528,MONDO:MONDO:0014013,False
OMIM:615071,MONDO:MONDO:0014031,False
Orphanet:319671,MONDO:MONDO:0014031,False
MONDO:MONDO:0014031,MONDO:MONDO:0014031,False
MedGen:C3554439,MONDO:MONDO:0014031,False
MONDO:MONDO:0012256,MONDO:MONDO:0012256,False
Orphanet:101008,MONDO:MONDO:0012256,False
OMIM:609340,MONDO:MONDO:0012256,False
MedGen:C1836295,MONDO:MONDO:0012256,False
OMIM:615474,,True
MedGen:C3809609,,True
Orphanet:324321,,True
MedGen:C3554018,,True
Orphanet:369929,,True
MONDO:MONDO:0014200,,True
MONDO:MONDO:0013960,,True
OMIM:614896,,True
Orphanet:79501,MedGen:C1835662,False
MedGen:C1835662,MedGen:C1835662,False
OMIM:148600,MedGen:C1835662,False
MedGen:C1719404,,True
OMIM:614898,,True
MedGen:C3539494,,True
MONDO:MONDO:0013962,,True
Orphanet:319199,,True
OMIM:614915,MONDO:MONDO:0013965,False
MedGen:C3554046,MONDO:MONDO:0013965,False
MONDO:MONDO:0013965,MONDO:MONDO:0013965,False
OMIM:614937,MONDO:MONDO:0100093,False
MedGen:C3539916,MONDO:MONDO:0100093,False
MONDO:MONDO:0100093,MONDO:MONDO:0100093,False
OMIM:300886,MONDO:MONDO:0010473,False
MedGen:C3550913,MONDO:MONDO:0010473,False
MONDO:MONDO:0010473,MONDO:MONDO:0010473,False
Orphanet:324410,MONDO:MONDO:0010473,False
MONDO:MONDO:0013990,MONDO:MONDO:0013990,False
MedGen:C3554209,MONDO:MONDO:0013990,False
OMIM:614961,MONDO:MONDO:0013990,False
Orphanet:324569,MONDO:MONDO:0013990,False
OMIM:302500,MONDO:MONDO:0010547,False
MedGen:C0796205,MONDO:MONDO:0010547,False
Orphanet:1175,MONDO:MONDO:0010547,False
MONDO:MONDO:0010547,MONDO:MONDO:0010547,False
OMIM:609313,MedGen:C1836330,False
MedGen:C1836330,MedGen:C1836330,False
Orphanet:171851,MedGen:C1836330,False
MONDO:MONDO:0014033,MONDO:MONDO:0014033,False
Orphanet:329466,MONDO:MONDO:0014033,False
OMIM:615073,MONDO:MONDO:0014033,False
MedGen:C3554447,MONDO:MONDO:0014033,False
OMIM:615081,MONDO:MONDO:0014037,False
MedGen:C3554453,MONDO:MONDO:0014037,False
MONDO:MONDO:0014037,MONDO:MONDO:0014037,False
MedGen:C3554456,MedGen:C3554456,False
OMIM:615082,MedGen:C3554456,False
OMIM:615084,MONDO:MONDO:0014039,False
MedGen:C3554462,MONDO:MONDO:0014039,False
Orphanet:352447,MONDO:MONDO:0014039,False
MONDO:MONDO:0014039,MONDO:MONDO:0014039,False
MedGen:C3554495,MONDO:MONDO:0014041,False
MONDO:MONDO:0014041,MONDO:MONDO:0014041,False
OMIM:615091,MONDO:MONDO:0014041,False
MONDO:MONDO:0014043,MONDO:MONDO:0014043,False
MedGen:C3554499,MONDO:MONDO:0014043,False
OMIM:615095,MONDO:MONDO:0014043,False
Orphanet:329228,MONDO:MONDO:0014043,False
MedGen:C3809383,MONDO:MONDO:0014168,False
Orphanet:228003,MONDO:MONDO:0014168,False
OMIM:615401,MONDO:MONDO:0014168,False
MONDO:MONDO:0014168,MONDO:MONDO:0014168,False
MONDO:MONDO:0012756,MONDO:MONDO:0012756,False
Orphanet:261197,MONDO:MONDO:0012756,False
MedGen:C3150154,MONDO:MONDO:0012756,False
OMIM:611913,MONDO:MONDO:0012756,False
OMIM:615156,MONDO:MONDO:0014062,False
MONDO:MONDO:0014062,MONDO:MONDO:0014062,False
MedGen:C3554599,MONDO:MONDO:0014062,False
Orphanet:352470,MONDO:MONDO:0014062,False
OMIM:604454,MONDO:MONDO:0011466,False
Orphanet:603,MONDO:MONDO:0011466,False
MedGen:C0221054,MONDO:MONDO:0011466,False
MONDO:MONDO:0011466,MONDO:MONDO:0011466,False
MONDO:MONDO:0014066,MONDO:MONDO:0014066,False
OMIM:615160,MONDO:MONDO:0014066,False
MedGen:C3554608,MONDO:MONDO:0014066,False
Orphanet:352745,MONDO:MONDO:0014070,False
MONDO:MONDO:0014070,MONDO:MONDO:0014070,False
OMIM:615179,MONDO:MONDO:0014070,False
MedGen:C3808786,MONDO:MONDO:0014070,False
Orphanet:352670,MONDO:MONDO:0014074,False
OMIM:615185,MONDO:MONDO:0014074,False
MedGen:C3554654,MONDO:MONDO:0014074,False
MONDO:MONDO:0014074,MONDO:MONDO:0014074,False
Orphanet:352682,MONDO:MONDO:0014077,False
MONDO:MONDO:0014077,MONDO:MONDO:0014077,False
OMIM:615191,MONDO:MONDO:0014077,False
MedGen:C3554657,MONDO:MONDO:0014077,False
Orphanet:357237,,True
OMIM:615206,,True
MedGen:C4539957,,True
MONDO:MONDO:0014081,,True
Orphanet:464336,,True
MONDO:MONDO:0014645,,True
MONDO:MONDO:0054697,,True
MedGen:C4551967,,True
MedGen:C3554686,,True
OMIM:617638,,True
OMIM:616452,,True
OMIM:615222,MONDO:MONDO:0014087,False
MedGen:C3714896,MONDO:MONDO:0014087,False
MONDO:MONDO:0014087,MONDO:MONDO:0014087,False
MedGen:C3808889,MONDO:MONDO:0014090,False
OMIM:615226,MONDO:MONDO:0014090,False
MONDO:MONDO:0014090,MONDO:MONDO:0014090,False
MedGen:C1844862,MONDO:MONDO:0010554,False
MONDO:MONDO:0010554,MONDO:MONDO:0010554,False
OMIM:302905,MONDO:MONDO:0010554,False
Orphanet:921,MONDO:MONDO:0010554,False
MedGen:C3808876,MedGen:C3808876,False
OMIM:615225,MedGen:C3808876,False
Orphanet:352662,MedGen:C3808876,False
OMIM:615232,,True
MONDO:MONDO:0009110,,True
MedGen:C3808913,,True
Orphanet:2195,,True
OMIM:222730,,True
MONDO:MONDO:0014092,,True
MedGen:C1857253,,True
MedGen:C3808920,MONDO:MONDO:0014094,False
OMIM:615234,MONDO:MONDO:0014094,False
MONDO:MONDO:0014094,MONDO:MONDO:0014094,False
Orphanet:300298,MONDO:MONDO:0014094,False
MONDO:MONDO:0014098,MONDO:MONDO:0014098,False
MedGen:C3808940,MONDO:MONDO:0014098,False
OMIM:615238,MONDO:MONDO:0014098,False
Orphanet:435651,MONDO:MONDO:0014098,False
Orphanet:436252,,True
MONDO:MONDO:0009465,,True
Orphanet:2300,,True
OMIM:243150,,True
MedGen:C0220744,,True
Orphanet:294016,MONDO:MONDO:0013659,False
MONDO:MONDO:0013659,MONDO:MONDO:0013659,False
OMIM:614261,MONDO:MONDO:0013659,False
MedGen:C3280296,MONDO:MONDO:0013659,False
MedGen:C2745907,MedGen:C2745907,False
OMIM:615264,MedGen:C2745907,False
Orphanet:3205,,True
MONDO:MONDO:0016231,,True
MONDO:MONDO:0008501,,True
OMIM:185300,,True
Orphanet:624,,True
Orphanet:211247,,True
OMIM:163000,,True
MedGen:C0038505,,True
MedGen:C0340803,,True
MedGen:C0406723,MONDO:MONDO:0009263,False
MONDO:MONDO:0009263,MONDO:MONDO:0009263,False
OMIM:230740,MONDO:MONDO:0009263,False
Orphanet:2067,MONDO:MONDO:0009263,False
MONDO:MONDO:0008935,MONDO:MONDO:0008935,False
Orphanet:1173,MONDO:MONDO:0008935,False
MedGen:C1859305,MONDO:MONDO:0008935,False
OMIM:212840,MONDO:MONDO:0008935,False
MedGen:C1863926,MONDO:MONDO:0011311,False
MONDO:MONDO:0011311,MONDO:MONDO:0011311,False
OMIM:603383,MONDO:MONDO:0011311,False
MONDO:MONDO:0014115,MONDO:MONDO:0014115,False
Orphanet:363412,MONDO:MONDO:0014115,False
MedGen:C3809008,MONDO:MONDO:0014115,False
OMIM:615281,MONDO:MONDO:0014115,False
OMIM:194380,,True
Orphanet:3202,,True
OMIM:616689,,True
MedGen:C4225242,,True
MedGen:C4225184,,True
MONDO:MONDO:0014737,,True
MONDO:MONDO:0014797,,True
MedGen:C4551512,,True
OMIM:616843,,True
Orphanet:2036,MONDO:MONDO:0008404,False
MONDO:MONDO:0008404,MONDO:MONDO:0008404,False
MedGen:C1867020,MONDO:MONDO:0008404,False
OMIM:181270,MONDO:MONDO:0008404,False
OMIM:615285,MONDO:MONDO:0014118,False
MONDO:MONDO:0014118,MONDO:MONDO:0014118,False
MedGen:C3809031,MONDO:MONDO:0014118,False
Orphanet:369852,MONDO:MONDO:0014118,False
MedGen:C3714987,MedGen:C3714987,False
OMIM:615311,MedGen:C3714987,False
Orphanet:363424,,True
OMIM:615330,,True
Orphanet:468661,,True
OMIM:616451,,True
MONDO:MONDO:0014644,,True
MONDO:MONDO:0014132,,True
MedGen:C3809165,,True
MedGen:C4225322,,True
Orphanet:319600,,True
OMIM:226990,,True
MedGen:C3808589,,True
MedGen:C4016741,,True
MONDO:MONDO:0013957,,True
OMIM:614893,,True
OMIM:615348,MONDO:MONDO:0014138,False
Orphanet:171430,MONDO:MONDO:0014138,False
MONDO:MONDO:0014138,MONDO:MONDO:0014138,False
MedGen:C3809209,MONDO:MONDO:0014138,False
Orphanet:397959,MONDO:MONDO:0014160,False
MedGen:C3809332,MONDO:MONDO:0014160,False
OMIM:615387,MONDO:MONDO:0014160,False
MONDO:MONDO:0014160,MONDO:MONDO:0014160,False
OMIM:615400,,True
OMIM:601068,,True
MedGen:C3150860,,True
MedGen:C1832841,,True
MONDO:MONDO:0014055,,True
OMIM:615127,,True
MONDO:MONDO:0013322,,True
MedGen:C3554560,,True
OMIM:613608,,True
MedGen:C3809374,,True
MONDO:MONDO:0014167,,True
MedGen:C1842852,,True
MONDO:MONDO:0010985,,True
Orphanet:86814,,True
OMIM:607876,,True
MONDO:MONDO:0011930,,True
OMIM:615395,MONDO:MONDO:0014162,False
MONDO:MONDO:0014162,MONDO:MONDO:0014162,False
Orphanet:352563,MONDO:MONDO:0014162,False
MedGen:C3809339,MONDO:MONDO:0014162,False
MedGen:C3809394,MONDO:MONDO:0014169,False
MONDO:MONDO:0014169,MONDO:MONDO:0014169,False
OMIM:615402,MONDO:MONDO:0014169,False
OMIM:300863,MONDO:MONDO:0010463,False
MedGen:C3275476,MONDO:MONDO:0010463,False
MONDO:MONDO:0010463,MONDO:MONDO:0010463,False
Orphanet:163966,MONDO:MONDO:0010463,False
MONDO:MONDO:0014172,MONDO:MONDO:0014172,False
OMIM:615413,MONDO:MONDO:0014172,False
MedGen:C3809427,MONDO:MONDO:0014172,False
MONDO:MONDO:0014171,MONDO:MONDO:0014171,False
OMIM:615412,MONDO:MONDO:0014171,False
MedGen:C3809420,MONDO:MONDO:0014171,False
MONDO:MONDO:0014170,MONDO:MONDO:0014170,False
OMIM:615411,MONDO:MONDO:0014170,False
MedGen:C3809414,MONDO:MONDO:0014170,False
OMIM:615282,MONDO:MONDO:0014116,False
MedGen:C3809013,MONDO:MONDO:0014116,False
MONDO:MONDO:0014116,MONDO:MONDO:0014116,False
OMIM:615420,MONDO:MONDO:0014177,False
MONDO:MONDO:0014177,MONDO:MONDO:0014177,False
MedGen:C3809464,MONDO:MONDO:0014177,False
MedGen:C3809469,MONDO:MONDO:0014179,False
OMIM:615424,MONDO:MONDO:0014179,False
MONDO:MONDO:0014179,MONDO:MONDO:0014179,False
MedGen:C3809468,MONDO:MONDO:0014178,False
OMIM:615422,MONDO:MONDO:0014178,False
MONDO:MONDO:0014178,MONDO:MONDO:0014178,False
OMIM:618245,MONDO:MONDO:0032628,False
MONDO:MONDO:0032628,MONDO:MONDO:0032628,False
MedGen:C4748803,MONDO:MONDO:0032628,False
OMIM:615431,MONDO:MONDO:0014183,False
MONDO:MONDO:0014183,MONDO:MONDO:0014183,False
MedGen:C3809482,MONDO:MONDO:0014183,False
MONDO:MONDO:0024568,MONDO:MONDO:0024568,False
MedGen:C3809522,MONDO:MONDO:0024568,False
Orphanet:370088,MONDO:MONDO:0024568,False
OMIM:615438,MONDO:MONDO:0024568,False
OMIM:615453,MONDO:MONDO:0014194,False
MONDO:MONDO:0014194,MONDO:MONDO:0014194,False
MedGen:C3809553,MONDO:MONDO:0014194,False
OMIM:615457,MedGen:C3714940,False
MedGen:C3714940,MedGen:C3714940,False
OMIM:615458,MONDO:MONDO:0014195,False
MedGen:C3809567,MONDO:MONDO:0014195,False
Orphanet:369970,MONDO:MONDO:0014195,False
MONDO:MONDO:0014195,MONDO:MONDO:0014195,False
MONDO:MONDO:0010669,MONDO:MONDO:0010669,False
Orphanet:2498,MONDO:MONDO:0010669,False
OMIM:309630,MONDO:MONDO:0010669,False
MedGen:C1839728,MONDO:MONDO:0010669,False
MONDO:MONDO:0012246,MONDO:MONDO:0012246,False
Orphanet:101112,MONDO:MONDO:0012246,False
MedGen:C1836395,MONDO:MONDO:0012246,False
OMIM:609306,MONDO:MONDO:0012246,False
Orphanet:397964,MONDO:MONDO:0014197,False
MedGen:C3809583,MONDO:MONDO:0014197,False
OMIM:615468,MONDO:MONDO:0014197,False
MONDO:MONDO:0014197,MONDO:MONDO:0014197,False
MONDO:MONDO:0008059,MONDO:MONDO:0008059,False
MedGen:C0343111,MONDO:MONDO:0008059,False
OMIM:161000,MONDO:MONDO:0008059,False
Orphanet:69087,MONDO:MONDO:0008059,False
MONDO:MONDO:0005066,MONDO:MONDO:0005066,False
MedGen:C0025517,MONDO:MONDO:0005066,False
MONDO:MONDO:0032697,MONDO:MONDO:0032697,False
OMIM:618354,MONDO:MONDO:0032697,False
MedGen:C5193048,MONDO:MONDO:0032697,False
MONDO:MONDO:0014698,MONDO:MONDO:0014698,False
Orphanet:457351,MONDO:MONDO:0014698,False
MedGen:C4225276,MONDO:MONDO:0014698,False
OMIM:616577,MONDO:MONDO:0014698,False
MedGen:C1849814,,True
OMIM:261680,,True
Orphanet:2880,,True
MONDO:MONDO:0009864,,True
OMIM:261650,,True
MedGen:C1849821,,True
MONDO:MONDO:0017320,,True
MONDO:MONDO:0009866,,True
MedGen:C0268194,,True
OMIM:615490,MedGen:C3809655,False
Orphanet:397968,MedGen:C3809655,False
MedGen:C3809655,MedGen:C3809655,False
OMIM:608516,MedGen:C1269683,False
MedGen:C1269683,MedGen:C1269683,False
OMIM:615493,MONDO:MONDO:0014210,False
MedGen:C3809672,MONDO:MONDO:0014210,False
MONDO:MONDO:0014210,MONDO:MONDO:0014210,False
Orphanet:356996,MONDO:MONDO:0014210,False
Orphanet:2919,MONDO:MONDO:0008267,False
MONDO:MONDO:0008267,MONDO:MONDO:0008267,False
OMIM:174300,MONDO:MONDO:0008267,False
MedGen:C1868118,MONDO:MONDO:0008267,False
MedGen:C3809719,MONDO:MONDO:0014218,False
OMIM:615508,MONDO:MONDO:0014218,False
MONDO:MONDO:0014218,MONDO:MONDO:0014218,False
Orphanet:369992,MONDO:MONDO:0014218,False
Orphanet:324561,MONDO:MONDO:0014227,False
MONDO:MONDO:0014227,MONDO:MONDO:0014227,False
OMIM:615522,MONDO:MONDO:0014227,False
MedGen:C3809781,MONDO:MONDO:0014227,False
MedGen:C0406811,MedGen:C0406811,False
OMIM:615537,MedGen:C0406811,False
Orphanet:178307,MedGen:C0406811,False
Orphanet:35093,MONDO:MONDO:0014232,False
OMIM:615529,MONDO:MONDO:0014232,False
MedGen:C3809819,MONDO:MONDO:0014232,False
MONDO:MONDO:0014232,MONDO:MONDO:0014232,False
MedGen:C3806275,MONDO:MONDO:0009082,False
MONDO:MONDO:0009082,MONDO:MONDO:0009082,False
Orphanet:363396,MONDO:MONDO:0009082,False
OMIM:221200,MONDO:MONDO:0009082,False
Orphanet:99860,MedGen:C3809874,False
MedGen:C3809874,MedGen:C3809874,False
OMIM:615545,MedGen:C3809874,False
MONDO:MONDO:0014249,MONDO:MONDO:0014249,False
MedGen:C3809918,MONDO:MONDO:0014249,False
OMIM:615554,MONDO:MONDO:0014249,False
Orphanet:50920,MONDO:MONDO:0014249,False
OMIM:615560,MONDO:MONDO:0014254,False
MONDO:MONDO:0014254,MONDO:MONDO:0014254,False
MedGen:C3714942,MONDO:MONDO:0014254,False
MedGen:C0020514,MedGen:C0020514,False
OMIM:615555,MedGen:C0020514,False
Orphanet:397685,MedGen:C0020514,False
Orphanet:370943,MONDO:MONDO:0014248,False
OMIM:615553,MONDO:MONDO:0014248,False
MONDO:MONDO:0014248,MONDO:MONDO:0014248,False
MedGen:C3809910,MONDO:MONDO:0014248,False
MONDO:MONDO:0009544,MONDO:MONDO:0009544,False
OMIM:248000,MONDO:MONDO:0009544,False
MedGen:C3806412,MONDO:MONDO:0009544,False
OMIM:616622,MONDO:MONDO:0014710,False
MONDO:MONDO:0014710,MONDO:MONDO:0014710,False
Orphanet:477857,MONDO:MONDO:0014710,False
MedGen:C4225266,MONDO:MONDO:0014710,False
MedGen:C0796204,MONDO:MONDO:0008503,False
MONDO:MONDO:0008503,MONDO:MONDO:0008503,False
Orphanet:3465,MONDO:MONDO:0008503,False
OMIM:185480,MONDO:MONDO:0008503,False
MONDO:MONDO:0014261,MONDO:MONDO:0014261,False
MedGen:C3810001,MONDO:MONDO:0014261,False
OMIM:615578,MONDO:MONDO:0014261,False
Orphanet:391348,MONDO:MONDO:0014261,False
MONDO:MONDO:0014266,MONDO:MONDO:0014266,False
MedGen:C3810042,MONDO:MONDO:0014266,False
OMIM:615591,MONDO:MONDO:0014266,False
MONDO:MONDO:0026727,MONDO:MONDO:0026727,False
MedGen:C5193146,MONDO:MONDO:0026727,False
OMIM:301029,MONDO:MONDO:0026727,False
OMIM:618124,MONDO:MONDO:0029131,False
MONDO:MONDO:0029131,MONDO:MONDO:0029131,False
MedGen:C4748283,MONDO:MONDO:0029131,False
OMIM:615590,MONDO:MONDO:0014265,False
MedGen:C3810041,MONDO:MONDO:0014265,False
MONDO:MONDO:0014265,MONDO:MONDO:0014265,False
MONDO:MONDO:0014273,MONDO:MONDO:0014273,False
OMIM:615599,MONDO:MONDO:0014273,False
Orphanet:397951,MONDO:MONDO:0014273,False
MedGen:C3810080,MONDO:MONDO:0014273,False
MedGen:C2678223,MONDO:MONDO:0010252,False
OMIM:300123,MONDO:MONDO:0010252,False
MONDO:MONDO:0010252,MONDO:MONDO:0010252,False
OMIM:603585,MONDO:MONDO:0011342,False
MedGen:C1970344,MONDO:MONDO:0011342,False
Orphanet:238459,MONDO:MONDO:0011342,False
MONDO:MONDO:0011342,MONDO:MONDO:0011342,False
MedGen:C3810090,MONDO:MONDO:0014274,False
OMIM:615604,MONDO:MONDO:0014274,False
Orphanet:440731,MONDO:MONDO:0014274,False
MONDO:MONDO:0014274,MONDO:MONDO:0014274,False
OMIM:615593,MONDO:MONDO:0014268,False
MONDO:MONDO:0014268,MONDO:MONDO:0014268,False
MedGen:C3810053,MONDO:MONDO:0014268,False
Orphanet:431149,MONDO:MONDO:0014268,False
MONDO:MONDO:0014275,MONDO:MONDO:0014275,False
OMIM:615605,MONDO:MONDO:0014275,False
MedGen:C3810100,MONDO:MONDO:0014275,False
MONDO:MONDO:0014282,MONDO:MONDO:0014282,False
Orphanet:401849,MONDO:MONDO:0014282,False
OMIM:615625,MONDO:MONDO:0014282,False
MedGen:C3810160,MONDO:MONDO:0014282,False
Orphanet:2658,MONDO:MONDO:0007892,False
OMIM:151050,MONDO:MONDO:0007892,False
MedGen:C0432269,MONDO:MONDO:0007892,False
MONDO:MONDO:0007892,MONDO:MONDO:0007892,False
Orphanet:199241,MedGen:C0340848,False
OMIM:234810,MedGen:C0340848,False
MedGen:C0340848,MedGen:C0340848,False
Orphanet:314603,MedGen:C1969645,False
MedGen:C1969645,MedGen:C1969645,False
OMIM:611390,MedGen:C1969645,False
OMIM:615643,MONDO:MONDO:0014290,False
Orphanet:397725,MONDO:MONDO:0014290,False
MedGen:C3810230,MONDO:MONDO:0014290,False
MONDO:MONDO:0014290,MONDO:MONDO:0014290,False
MedGen:C0268162,MONDO:MONDO:0009846,False
Orphanet:2843,MONDO:MONDO:0009846,False
OMIM:260800,MONDO:MONDO:0009846,False
MONDO:MONDO:0009846,MONDO:MONDO:0009846,False
Orphanet:369920,,True
OMIM:615809,,True
MONDO:MONDO:0014305,,True
MONDO:MONDO:0014351,,True
Orphanet:401805,,True
MedGen:C3810295,,True
OMIM:615686,,True
MedGen:C4014354,,True
OMIM:615685,MONDO:MONDO:0014304,False
Orphanet:401780,MONDO:MONDO:0014304,False
MedGen:C3810294,MONDO:MONDO:0014304,False
MONDO:MONDO:0014304,MONDO:MONDO:0014304,False
Orphanet:3102,MONDO:MONDO:0009998,False
MedGen:C1849348,MONDO:MONDO:0009998,False
OMIM:268305,MONDO:MONDO:0009998,False
MONDO:MONDO:0009998,MONDO:MONDO:0009998,False
MONDO:MONDO:0014270,MONDO:MONDO:0014270,False
Orphanet:370921,MONDO:MONDO:0014270,False
MedGen:C3810062,MONDO:MONDO:0014270,False
OMIM:615596,MONDO:MONDO:0014270,False
MedGen:C4747743,MONDO:MONDO:0014267,False
MONDO:MONDO:0014267,MONDO:MONDO:0014267,False
Orphanet:397787,MONDO:MONDO:0014267,False
OMIM:615592,MONDO:MONDO:0014267,False
MONDO:MONDO:0014272,MONDO:MONDO:0014272,False
MedGen:C3810072,MONDO:MONDO:0014272,False
OMIM:615598,MONDO:MONDO:0014272,False
Orphanet:140966,MONDO:MONDO:0014272,False
OMIM:615597,MONDO:MONDO:0014271,False
MONDO:MONDO:0014271,MONDO:MONDO:0014271,False
Orphanet:370924,MONDO:MONDO:0014271,False
MedGen:C2931007,MONDO:MONDO:0014271,False
OMIM:615595,MONDO:MONDO:0014269,False
MONDO:MONDO:0014269,MONDO:MONDO:0014269,False
MedGen:C3810055,MONDO:MONDO:0014269,False
Orphanet:397593,MONDO:MONDO:0014269,False
MONDO:MONDO:0012009,MONDO:MONDO:0012009,False
OMIM:608316,MONDO:MONDO:0012009,False
MedGen:C1842260,MONDO:MONDO:0012009,False
MedGen:C3810324,MONDO:MONDO:0014309,False
Orphanet:397615,MONDO:MONDO:0014309,False
MONDO:MONDO:0014309,MONDO:MONDO:0014309,False
OMIM:615703,MONDO:MONDO:0014309,False
Orphanet:404499,MONDO:MONDO:0014311,False
MONDO:MONDO:0014311,MONDO:MONDO:0014311,False
MedGen:C3810326,MONDO:MONDO:0014311,False
OMIM:615705,MONDO:MONDO:0014311,False
Orphanet:221043,MONDO:MONDO:0014310,False
MONDO:MONDO:0014310,MONDO:MONDO:0014310,False
MedGen:C3810325,MONDO:MONDO:0014310,False
OMIM:615704,MONDO:MONDO:0014310,False
OMIM:615711,MONDO:MONDO:0014316,False
MedGen:C3810349,MONDO:MONDO:0014316,False
MONDO:MONDO:0014316,MONDO:MONDO:0014316,False
OMIM:120433,MONDO:MONDO:0007355,False
MONDO:MONDO:0007355,MONDO:MONDO:0007355,False
MedGen:C3805432,MONDO:MONDO:0007355,False
Orphanet:1473,MONDO:MONDO:0007355,False
Orphanet:401764,MONDO:MONDO:0014317,False
OMIM:615715,MONDO:MONDO:0014317,False
MedGen:C3810350,MONDO:MONDO:0014317,False
MONDO:MONDO:0014317,MONDO:MONDO:0014317,False
MedGen:C3810376,MONDO:MONDO:0014322,False
MONDO:MONDO:0014322,MONDO:MONDO:0014322,False
OMIM:615724,MONDO:MONDO:0014322,False
OMIM:269600,MONDO:MONDO:0010017,False
Orphanet:158029,MONDO:MONDO:0010017,False
MONDO:MONDO:0010017,MONDO:MONDO:0010017,False
MedGen:C0036489,MONDO:MONDO:0010017,False
Orphanet:397623,MONDO:MONDO:0011227,False
MedGen:C1865361,MONDO:MONDO:0011227,False
OMIM:602471,MONDO:MONDO:0011227,False
MONDO:MONDO:0011227,MONDO:MONDO:0011227,False
OMIM:615735,MONDO:MONDO:0014327,False
MONDO:MONDO:0014327,MONDO:MONDO:0014327,False
Orphanet:402003,MONDO:MONDO:0014327,False
MedGen:C3810394,MONDO:MONDO:0014327,False
OMIM:615709,MONDO:MONDO:0014314,False
Orphanet:397927,MONDO:MONDO:0014314,False
MedGen:C3810343,MONDO:MONDO:0014314,False
MONDO:MONDO:0014314,MONDO:MONDO:0014314,False
MedGen:C3810402,MedGen:C3810402,False
OMIM:615749,MedGen:C3810402,False
MedGen:C3810404,MONDO:MONDO:0014332,False
MONDO:MONDO:0014332,MONDO:MONDO:0014332,False
OMIM:615751,MONDO:MONDO:0014332,False
Orphanet:401948,MONDO:MONDO:0014332,False
Orphanet:280142,MONDO:MONDO:0014334,False
MONDO:MONDO:0014334,MONDO:MONDO:0014334,False
OMIM:615758,MONDO:MONDO:0014334,False
MedGen:C4014233,MONDO:MONDO:0014334,False
MONDO:MONDO:0014340,MONDO:MONDO:0014340,False
OMIM:615770,MONDO:MONDO:0014340,False
MedGen:C4014269,MONDO:MONDO:0014340,False
MedGen:C4014261,MONDO:MONDO:0014339,False
Orphanet:412057,MONDO:MONDO:0014339,False
OMIM:615768,MONDO:MONDO:0014339,False
MONDO:MONDO:0014339,MONDO:MONDO:0014339,False
MONDO:MONDO:0014342,MONDO:MONDO:0014342,False
MedGen:C4014291,MONDO:MONDO:0014342,False
OMIM:615774,MONDO:MONDO:0014342,False
Orphanet:404466,MONDO:MONDO:0014342,False
OMIM:615779,,True
OMIM:618901,,True
MONDO:MONDO:0014344,,True
MedGen:C4014310,,True
Orphanet:453521,MONDO:MONDO:0014503,False
MedGen:C4015301,MONDO:MONDO:0014503,False
OMIM:616127,MONDO:MONDO:0014503,False
MONDO:MONDO:0014503,MONDO:MONDO:0014503,False
MONDO:MONDO:0014352,MONDO:MONDO:0014352,False
MedGen:C4014361,MONDO:MONDO:0014352,False
OMIM:615812,MONDO:MONDO:0014352,False
MedGen:C0263429,,True
Orphanet:3406,,True
MONDO:MONDO:0021036,,True
OMIM:209700,,True
Orphanet:79100,,True
MONDO:MONDO:0008849,,True
MedGen:C0263383,,True
OMIM:604093,,True
MONDO:MONDO:0012922,MONDO:MONDO:0012922,False
OMIM:612525,MONDO:MONDO:0012922,False
MedGen:C2675862,MONDO:MONDO:0012922,False
MedGen:C4014408,MONDO:MONDO:0014356,False
MONDO:MONDO:0014356,MONDO:MONDO:0014356,False
OMIM:615824,MONDO:MONDO:0014356,False
MONDO:MONDO:0012411,MONDO:MONDO:0012411,False
OMIM:610100,MONDO:MONDO:0012411,False
Orphanet:401964,MONDO:MONDO:0012411,False
MedGen:C4013360,MONDO:MONDO:0012411,False
MONDO:MONDO:0033492,MONDO:MONDO:0033492,False
OMIM:617808,MONDO:MONDO:0033492,False
MedGen:C4540499,MONDO:MONDO:0033492,False
MONDO:MONDO:0011134,MONDO:MONDO:0011134,False
MedGen:C0795915,MONDO:MONDO:0011134,False
OMIM:601707,MONDO:MONDO:0011134,False
Orphanet:1553,MONDO:MONDO:0011134,False
MedGen:C4225218,MONDO:MONDO:0014761,False
MONDO:MONDO:0014761,MONDO:MONDO:0014761,False
Orphanet:476102,MONDO:MONDO:0014761,False
OMIM:616744,MONDO:MONDO:0014761,False
MedGen:C0751967,MONDO:MONDO:0005314,False
MONDO:MONDO:0005314,MONDO:MONDO:0005314,False
MONDO:MONDO:0005284,MONDO:MONDO:0005284,False
MedGen:C0393665,MONDO:MONDO:0005284,False
MedGen:C1866933,,True
MedGen:C0521654,,True
MedGen:C4014449,MONDO:MONDO:0014365,False
OMIM:615841,MONDO:MONDO:0014365,False
MONDO:MONDO:0014365,MONDO:MONDO:0014365,False
Orphanet:55595,MONDO:MONDO:0012034,False
OMIM:608423,MONDO:MONDO:0012034,False
MedGen:C1842062,MONDO:MONDO:0012034,False
MONDO:MONDO:0012034,MONDO:MONDO:0012034,False
MedGen:C4014440,MONDO:MONDO:0014364,False
MONDO:MONDO:0014364,MONDO:MONDO:0014364,False
OMIM:615838,MONDO:MONDO:0014364,False
MedGen:C1832167,MONDO:MONDO:0011106,False
OMIM:601552,MONDO:MONDO:0011106,False
MONDO:MONDO:0011106,MONDO:MONDO:0011106,False
Orphanet:412022,MONDO:MONDO:0011106,False
OMIM:615851,MedGen:C4014488,False
Orphanet:247198,MedGen:C4014488,False
MedGen:C4014488,MedGen:C4014488,False
Orphanet:69061,MedGen:C4014507,False
OMIM:615861,MedGen:C4014507,False
MedGen:C4014507,MedGen:C4014507,False
MedGen:C4014540,MONDO:MONDO:0014380,False
OMIM:615877,MONDO:MONDO:0014380,False
Orphanet:424099,MONDO:MONDO:0014380,False
MONDO:MONDO:0014380,MONDO:MONDO:0014380,False
MedGen:C4014617,MONDO:MONDO:0014391,False
MONDO:MONDO:0014391,MONDO:MONDO:0014391,False
OMIM:615897,MONDO:MONDO:0014391,False
Orphanet:420573,MONDO:MONDO:0014391,False
MedGen:C3806742,MONDO:MONDO:0010485,False
MONDO:MONDO:0010485,MONDO:MONDO:0010485,False
Orphanet:431140,MONDO:MONDO:0010485,False
OMIM:300915,MONDO:MONDO:0010485,False
MONDO:MONDO:0007972,MONDO:MONDO:0007972,False
MedGen:C0025281,MONDO:MONDO:0007972,False
OMIM:156000,MONDO:MONDO:0007972,False
MONDO:MONDO:0009593,MONDO:MONDO:0009593,False
OMIM:250220,MONDO:MONDO:0009593,False
Orphanet:93317,MONDO:MONDO:0009593,False
MedGen:C1855229,MONDO:MONDO:0009593,False
MedGen:C0854699,MONDO:MONDO:0008593,False
MONDO:MONDO:0008593,MONDO:MONDO:0008593,False
OMIM:190330,MONDO:MONDO:0008593,False
OMIM:615919,MONDO:MONDO:0014399,False
MedGen:C4014676,MONDO:MONDO:0014399,False
Orphanet:438134,MONDO:MONDO:0014399,False
MONDO:MONDO:0014399,MONDO:MONDO:0014399,False
MONDO:MONDO:0014398,MONDO:MONDO:0014398,False
MedGen:C4014668,MONDO:MONDO:0014398,False
OMIM:615918,MONDO:MONDO:0014398,False
Orphanet:420733,MONDO:MONDO:0014398,False
MONDO:MONDO:0014061,MONDO:MONDO:0014061,False
MedGen:C3554594,MONDO:MONDO:0014061,False
OMIM:615155,MONDO:MONDO:0014061,False
Orphanet:438117,MONDO:MONDO:0014061,False
MedGen:C4760579,MONDO:MONDO:0032776,False
OMIM:618481,MONDO:MONDO:0032776,False
MONDO:MONDO:0032776,MONDO:MONDO:0032776,False
MONDO:MONDO:0014405,MONDO:MONDO:0014405,False
MedGen:C4014722,MONDO:MONDO:0014405,False
OMIM:615934,MONDO:MONDO:0014405,False
Orphanet:425120,MONDO:MONDO:0014405,False
MONDO:MONDO:0014527,MONDO:MONDO:0014527,False
Orphanet:435953,MONDO:MONDO:0014527,False
OMIM:616200,MONDO:MONDO:0014527,False
MedGen:C4015461,MONDO:MONDO:0014527,False
MONDO:MONDO:0014349,MONDO:MONDO:0014349,False
MedGen:C4014347,MONDO:MONDO:0014349,False
OMIM:615803,MONDO:MONDO:0014349,False
Orphanet:411493,MONDO:MONDO:0014349,False
MONDO:MONDO:0014411,MONDO:MONDO:0014411,False
OMIM:615946,MONDO:MONDO:0014411,False
MedGen:C4014762,MONDO:MONDO:0014411,False
MedGen:C1836765,MONDO:MONDO:0012193,False
MONDO:MONDO:0012193,MONDO:MONDO:0012193,False
Orphanet:55596,MONDO:MONDO:0012193,False
OMIM:609115,MONDO:MONDO:0012193,False
MONDO:MONDO:0014417,MONDO:MONDO:0014417,False
Orphanet:423296,MONDO:MONDO:0014417,False
OMIM:615957,MONDO:MONDO:0014417,False
MedGen:C4518337,MONDO:MONDO:0014417,False
MedGen:C4014821,MONDO:MONDO:0014419,False
OMIM:615960,MONDO:MONDO:0014419,False
Orphanet:370022,MONDO:MONDO:0014419,False
MONDO:MONDO:0014419,MONDO:MONDO:0014419,False
OMIM:615966,MONDO:MONDO:0014423,False
MONDO:MONDO:0014423,MONDO:MONDO:0014423,False
Orphanet:317425,MONDO:MONDO:0014423,False
MedGen:C4014833,MONDO:MONDO:0014423,False
MONDO:MONDO:0014450,MONDO:MONDO:0014450,False
MedGen:C4014918,MONDO:MONDO:0014450,False
OMIM:616001,MONDO:MONDO:0014450,False
Orphanet:1114,MONDO:MONDO:0007145,False
MONDO:MONDO:0007145,MONDO:MONDO:0007145,False
MedGen:C0282160,MONDO:MONDO:0007145,False
OMIM:107600,MONDO:MONDO:0007145,False
Orphanet:423454,MONDO:MONDO:0014460,False
MedGen:C4014987,MONDO:MONDO:0014460,False
MONDO:MONDO:0014460,MONDO:MONDO:0014460,False
OMIM:616029,MONDO:MONDO:0014460,False
Orphanet:431361,MONDO:MONDO:0014464,False
MedGen:C1857252,MONDO:MONDO:0014464,False
MONDO:MONDO:0014464,MONDO:MONDO:0014464,False
OMIM:616034,MONDO:MONDO:0014464,False
Orphanet:435998,MONDO:MONDO:0014467,False
MONDO:MONDO:0014467,MONDO:MONDO:0014467,False
OMIM:616039,MONDO:MONDO:0014467,False
MedGen:C4015029,MONDO:MONDO:0014467,False
OMIM:616045,MONDO:MONDO:0020727,False
MedGen:C4015062,MONDO:MONDO:0020727,False
MONDO:MONDO:0020727,MONDO:MONDO:0020727,False
MONDO:MONDO:0010709,MONDO:MONDO:0010709,False
Orphanet:2379,MONDO:MONDO:0010709,False
OMIM:311510,MONDO:MONDO:0010709,False
MedGen:C0796195,MONDO:MONDO:0010709,False
MONDO:MONDO:0014479,,True
OMIM:616063,,True
Orphanet:79152,,True
MedGen:C4225262,,True
MedGen:C3553549,,True
MONDO:MONDO:0014713,,True
OMIM:614714,,True
MONDO:MONDO:0013868,,True
OMIM:616631,,True
MedGen:C4015128,,True
Orphanet:877,MONDO:MONDO:0019496,False
MONDO:MONDO:0019496,MONDO:MONDO:0019496,False
MedGen:C0206754,MONDO:MONDO:0019496,False
MONDO:MONDO:0007615,MONDO:MONDO:0007615,False
MedGen:C1851100,MONDO:MONDO:0007615,False
OMIM:135750,MONDO:MONDO:0007615,False
Orphanet:2378,MONDO:MONDO:0007615,False
MONDO:MONDO:0030909,MONDO:MONDO:0030909,False
MedGen:C4538788,MONDO:MONDO:0030909,False
OMIM:301008,MONDO:MONDO:0030909,False
MONDO:MONDO:0014483,MONDO:MONDO:0014483,False
Orphanet:397758,MONDO:MONDO:0014483,False
OMIM:616079,MONDO:MONDO:0014483,False
MedGen:C4015146,MONDO:MONDO:0014483,False
OMIM:616084,,True
MedGen:C4015172,,True
Orphanet:369861,,True
MONDO:MONDO:0014487,,True
OMIM:616959,,True
MONDO:MONDO:0014850,,True
MedGen:C4310776,,True
OMIM:616099,MONDO:MONDO:0014492,False
Orphanet:420686,MONDO:MONDO:0014492,False
MedGen:C4015202,MONDO:MONDO:0014492,False
MONDO:MONDO:0014492,MONDO:MONDO:0014492,False
OMIM:609460,MONDO:MONDO:0012280,False
Orphanet:66629,MONDO:MONDO:0012280,False
MONDO:MONDO:0012280,MONDO:MONDO:0012280,False
MedGen:C1836123,MONDO:MONDO:0012280,False
MedGen:C2673265,MedGen:C2673265,False
OMIM:611724,MedGen:C2673265,False
MedGen:C4015195,MONDO:MONDO:0014491,False
OMIM:616098,MONDO:MONDO:0014491,False
MONDO:MONDO:0014491,MONDO:MONDO:0014491,False
MedGen:C0268474,MONDO:MONDO:0009372,False
Orphanet:79155,MONDO:MONDO:0009372,False
MONDO:MONDO:0009372,MONDO:MONDO:0009372,False
OMIM:236800,MONDO:MONDO:0009372,False
MedGen:C4015242,MONDO:MONDO:0014495,False
Orphanet:436245,MONDO:MONDO:0014495,False
MONDO:MONDO:0014495,MONDO:MONDO:0014495,False
OMIM:616108,MONDO:MONDO:0014495,False
MedGen:C4015253,MONDO:MONDO:0014496,False
MONDO:MONDO:0014496,MONDO:MONDO:0014496,False
OMIM:616111,MONDO:MONDO:0014496,False
OMIM:612885,MONDO:MONDO:0044776,False
MONDO:MONDO:0044776,MONDO:MONDO:0044776,False
MedGen:C4225402,MONDO:MONDO:0044776,False
MedGen:C1843891,MONDO:MONDO:0011833,False
Orphanet:98773,MONDO:MONDO:0011833,False
OMIM:607454,MONDO:MONDO:0011833,False
MONDO:MONDO:0011833,MONDO:MONDO:0011833,False
OMIM:616113,MONDO:MONDO:0014497,False
MedGen:C4015261,MONDO:MONDO:0014497,False
Orphanet:453533,MONDO:MONDO:0014497,False
MONDO:MONDO:0014497,MONDO:MONDO:0014497,False
MedGen:C4015285,MONDO:MONDO:0014500,False
Orphanet:436242,MONDO:MONDO:0014500,False
MONDO:MONDO:0014500,MONDO:MONDO:0014500,False
OMIM:616117,MONDO:MONDO:0014500,False
Orphanet:319563,MONDO:MONDO:0014502,False
OMIM:616126,MONDO:MONDO:0014502,False
MedGen:C4015293,MONDO:MONDO:0014502,False
MONDO:MONDO:0014502,MONDO:MONDO:0014502,False
Orphanet:254519,,True
OMIM:608149,,True
Orphanet:96334,,True
MedGen:C1842466,,True
MONDO:MONDO:0011975,,True
OMIM:609432,MONDO:MONDO:0012271,False
Orphanet:157801,MONDO:MONDO:0012271,False
MONDO:MONDO:0012271,MONDO:MONDO:0012271,False
MedGen:C1836206,MONDO:MONDO:0012271,False
OMIM:616140,MONDO:MONDO:0014506,False
Orphanet:438114,MONDO:MONDO:0014506,False
MONDO:MONDO:0014506,MONDO:MONDO:0014506,False
MedGen:C4015323,MONDO:MONDO:0014506,False
OMIM:616166,MONDO:MONDO:0014514,False
MONDO:MONDO:0014514,MONDO:MONDO:0014514,False
MedGen:C4015368,MONDO:MONDO:0014514,False
MedGen:C1837822,,True
Orphanet:1200,,True
MONDO:MONDO:0014651,,True
MedGen:C4225317,,True
MONDO:MONDO:0012064,,True
OMIM:608572,,True
OMIM:616462,,True
OMIM:616154,MONDO:MONDO:0014510,False
MONDO:MONDO:0014510,MONDO:MONDO:0014510,False
MedGen:C4015344,MONDO:MONDO:0014510,False
Orphanet:438178,MONDO:MONDO:0014510,False
OMIM:616165,MONDO:MONDO:0014513,False
MedGen:C4015360,MONDO:MONDO:0014513,False
MONDO:MONDO:0014513,MONDO:MONDO:0014513,False
OMIM:272440,MedGen:C0795940,False
MedGen:C0795940,MedGen:C0795940,False
Orphanet:3255,MedGen:C0795940,False
Orphanet:438207,MONDO:MONDO:0014518,False
MONDO:MONDO:0014518,MONDO:MONDO:0014518,False
OMIM:616176,MONDO:MONDO:0014518,False
MedGen:C4015405,MONDO:MONDO:0014518,False
MedGen:C1706762,MONDO:MONDO:0016505,False
MONDO:MONDO:0016505,MONDO:MONDO:0016505,False
Orphanet:231625,MONDO:MONDO:0016505,False
Orphanet:451612,MONDO:MONDO:0007871,False
MedGen:C1835612,MONDO:MONDO:0007871,False
OMIM:149700,MONDO:MONDO:0007871,False
MONDO:MONDO:0007871,MONDO:MONDO:0007871,False
OMIM:616201,MONDO:MONDO:0014528,False
MedGen:C4015474,MONDO:MONDO:0014528,False
Orphanet:435988,MONDO:MONDO:0014528,False
MONDO:MONDO:0014528,MONDO:MONDO:0014528,False
MONDO:MONDO:0012831,MONDO:MONDO:0012831,False
OMIM:612244,MONDO:MONDO:0012831,False
MedGen:C2677101,MONDO:MONDO:0012831,False
MONDO:MONDO:0010440,MONDO:MONDO:0010440,False
OMIM:300830,MONDO:MONDO:0010440,False
MedGen:C0795888,MONDO:MONDO:0010440,False
MedGen:C4015505,MONDO:MONDO:0014530,False
Orphanet:363432,MONDO:MONDO:0014530,False
OMIM:616204,MONDO:MONDO:0014530,False
MONDO:MONDO:0014530,MONDO:MONDO:0014530,False
MONDO:MONDO:0024521,MONDO:MONDO:0024521,False
OMIM:100070,MONDO:MONDO:0024521,False
MedGen:C1853365,MONDO:MONDO:0024521,False
MONDO:MONDO:0021016,MONDO:MONDO:0021016,False
MedGen:C1720983,MONDO:MONDO:0021016,False
MedGen:C4015447,MONDO:MONDO:0014525,False
Orphanet:444013,MONDO:MONDO:0014525,False
MONDO:MONDO:0014525,MONDO:MONDO:0014525,False
OMIM:616198,MONDO:MONDO:0014525,False
MONDO:MONDO:0010879,MONDO:MONDO:0010879,False
Orphanet:1458,MONDO:MONDO:0010879,False
MedGen:C1838180,MONDO:MONDO:0010879,False
OMIM:600373,MONDO:MONDO:0010879,False
MONDO:MONDO:0032920,MONDO:MONDO:0032920,False
OMIM:618795,MONDO:MONDO:0032920,False
MedGen:C3495559,MONDO:MONDO:0032920,False
MONDO:MONDO:0009063,MONDO:MONDO:0009063,False
Orphanet:443988,MONDO:MONDO:0009063,False
MedGen:C1857423,MONDO:MONDO:0009063,False
OMIM:219730,MONDO:MONDO:0009063,False
OMIM:611543,MONDO:MONDO:0012687,False
Orphanet:464760,MONDO:MONDO:0012687,False
MONDO:MONDO:0012687,MONDO:MONDO:0012687,False
MedGen:C1969063,MONDO:MONDO:0012687,False
Orphanet:88635,MONDO:MONDO:0014546,False
MONDO:MONDO:0014546,MONDO:MONDO:0014546,False
OMIM:616231,MONDO:MONDO:0014546,False
MedGen:C4015624,MONDO:MONDO:0014546,False
OMIM:616239,,True
MONDO:MONDO:0032749,,True
Orphanet:444458,,True
OMIM:618434,,True
MedGen:C5193096,,True
MONDO:MONDO:0014547,,True
MedGen:C4015643,,True
MedGen:C4015686,MONDO:MONDO:0014549,False
MONDO:MONDO:0014549,MONDO:MONDO:0014549,False
OMIM:616248,MONDO:MONDO:0014549,False
MedGen:C4693347,MONDO:MONDO:0060631,False
OMIM:617822,MONDO:MONDO:0060631,False
MONDO:MONDO:0060631,MONDO:MONDO:0060631,False
MONDO:MONDO:0033282,,True
Orphanet:457406,,True
MedGen:C3502075,,True
MONDO:MONDO:0014611,,True
MONDO:MONDO:0017338,,True
Orphanet:289573,,True
OMIM:616370,,True
OMIM:617613,,True
MedGen:C4225348,,True
MedGen:C4539919,,True
MONDO:MONDO:0014119,MONDO:MONDO:0014119,False
OMIM:615286,MONDO:MONDO:0014119,False
Orphanet:363528,MONDO:MONDO:0014119,False
MedGen:C3809039,MONDO:MONDO:0014119,False
Orphanet:439897,MONDO:MONDO:0014552,False
MONDO:MONDO:0014552,MONDO:MONDO:0014552,False
MedGen:C4015701,MONDO:MONDO:0014552,False
OMIM:616258,MONDO:MONDO:0014552,False
MONDO:MONDO:0015159,MONDO:MONDO:0015159,False
Orphanet:102283,MONDO:MONDO:0015159,False
MONDO:MONDO:0014553,MONDO:MONDO:0014553,False
OMIM:616260,MONDO:MONDO:0014553,False
MedGen:C4015710,MONDO:MONDO:0014553,False
MedGen:C0265342,MONDO:MONDO:0007301,False
OMIM:117650,MONDO:MONDO:0007301,False
Orphanet:1393,MONDO:MONDO:0007301,False
MONDO:MONDO:0007301,MONDO:MONDO:0007301,False
MedGen:C1609538,MONDO:MONDO:0040753,False
MONDO:MONDO:0040753,MONDO:MONDO:0040753,False
MONDO:MONDO:0014559,MONDO:MONDO:0014559,False
Orphanet:457212,MONDO:MONDO:0014559,False
OMIM:616269,MONDO:MONDO:0014559,False
MedGen:C4225395,MONDO:MONDO:0014559,False
Orphanet:445038,MONDO:MONDO:0014561,False
MONDO:MONDO:0014561,MONDO:MONDO:0014561,False
MedGen:C4225393,MONDO:MONDO:0014561,False
OMIM:616271,MONDO:MONDO:0014561,False
Orphanet:401979,MONDO:MONDO:0013223,False
MedGen:C2750075,MONDO:MONDO:0013223,False
MONDO:MONDO:0013223,MONDO:MONDO:0013223,False
OMIM:613320,MONDO:MONDO:0013223,False
MedGen:C4225390,MONDO:MONDO:0014564,False
MONDO:MONDO:0014564,MONDO:MONDO:0014564,False
OMIM:616278,MONDO:MONDO:0014564,False
OMIM:617011,MedGen:C4310766,False
Orphanet:457359,MedGen:C4310766,False
MedGen:C4310766,MedGen:C4310766,False
MONDO:MONDO:0013928,MONDO:MONDO:0013928,False
Orphanet:420492,MONDO:MONDO:0013928,False
OMIM:614860,MONDO:MONDO:0013928,False
MedGen:C3538999,MONDO:MONDO:0013928,False
MedGen:C4225387,MONDO:MONDO:0014568,False
Orphanet:444099,MONDO:MONDO:0014568,False
MONDO:MONDO:0014568,MONDO:MONDO:0014568,False
OMIM:616282,MONDO:MONDO:0014568,False
MONDO:MONDO:0013572,MONDO:MONDO:0013572,False
MedGen:C3279800,MONDO:MONDO:0013572,False
Orphanet:435628,MONDO:MONDO:0013572,False
OMIM:614098,MONDO:MONDO:0013572,False
MONDO:MONDO:0014570,MONDO:MONDO:0014570,False
MedGen:C4225385,MONDO:MONDO:0014570,False
OMIM:616287,MONDO:MONDO:0014570,False
MedGen:C4225383,MONDO:MONDO:0014572,False
OMIM:616291,MONDO:MONDO:0014572,False
Orphanet:448251,MONDO:MONDO:0014572,False
MONDO:MONDO:0014572,MONDO:MONDO:0014572,False
OMIM:106190,MONDO:MONDO:0007118,False
MONDO:MONDO:0007118,MONDO:MONDO:0007118,False
Orphanet:468666,MONDO:MONDO:0007118,False
MedGen:C1862871,MONDO:MONDO:0007118,False
MedGen:C4225381,MONDO:MONDO:0014574,False
Orphanet:444138,MONDO:MONDO:0014574,False
OMIM:616295,MONDO:MONDO:0014574,False
MONDO:MONDO:0014574,MONDO:MONDO:0014574,False
MONDO:MONDO:0016085,,True
MONDO:MONDO:0014573,,True
Orphanet:2050,,True
MedGen:C4317154,,True
OMIM:112240,,True
MedGen:C1862178,,True
MedGen:C4225382,,True
MONDO:MONDO:0007204,,True
OMIM:616294,,True
MONDO:MONDO:0014918,MONDO:MONDO:0014918,False
MedGen:C4310715,MONDO:MONDO:0014918,False
OMIM:617107,MONDO:MONDO:0014918,False
Orphanet:500095,MONDO:MONDO:0014918,False
OMIM:616311,MONDO:MONDO:0014580,False
MONDO:MONDO:0014580,MONDO:MONDO:0014580,False
MedGen:C4225375,MONDO:MONDO:0014580,False
MONDO:MONDO:0014576,MONDO:MONDO:0014576,False
Orphanet:401862,MONDO:MONDO:0014576,False
MedGen:C4225379,MONDO:MONDO:0014576,False
OMIM:616299,MONDO:MONDO:0014576,False
MedGen:C4225359,MONDO:MONDO:0014596,False
MONDO:MONDO:0014596,MONDO:MONDO:0014596,False
OMIM:616342,MONDO:MONDO:0014596,False
MedGen:C1857093,MONDO:MONDO:0009141,False
OMIM:224500,MONDO:MONDO:0009141,False
MONDO:MONDO:0009141,MONDO:MONDO:0009141,False
Orphanet:99657,MONDO:MONDO:0009141,False
MedGen:C3502492,,True
OMIM:616335,,True
MedGen:C4225362,,True
Orphanet:2518,,True
MONDO:MONDO:0014592,,True
MONDO:MONDO:0016825,MONDO:MONDO:0016825,False
MedGen:C1855033,MONDO:MONDO:0016825,False
OMIM:251950,MONDO:MONDO:0016825,False
Orphanet:2597,MONDO:MONDO:0016825,False
MedGen:C4225358,MONDO:MONDO:0014597,False
MONDO:MONDO:0014597,MONDO:MONDO:0014597,False
OMIM:616345,MONDO:MONDO:0014597,False
OMIM:616351,MONDO:MONDO:0014599,False
MedGen:C4225156,MONDO:MONDO:0014599,False
MONDO:MONDO:0014599,MONDO:MONDO:0014599,False
MedGen:C4225355,MONDO:MONDO:0014601,False
OMIM:616354,MONDO:MONDO:0014601,False
MONDO:MONDO:0014601,MONDO:MONDO:0014601,False
Orphanet:397709,MONDO:MONDO:0014601,False
MONDO:MONDO:0014608,MONDO:MONDO:0014608,False
Orphanet:443995,MONDO:MONDO:0014608,False
OMIM:616367,MONDO:MONDO:0014608,False
MedGen:C4225349,MONDO:MONDO:0014608,False
Orphanet:444077,MONDO:MONDO:0014609,False
MONDO:MONDO:0014609,MONDO:MONDO:0014609,False
MedGen:C4085597,MONDO:MONDO:0014609,False
OMIM:616368,MONDO:MONDO:0014609,False
MONDO:MONDO:0009477,,True
Orphanet:444069,,True
MedGen:C1855705,,True
Orphanet:506307,,True
OMIM:243605,,True
MedGen:C1836777,MedGen:C1836777,False
OMIM:609113,MedGen:C1836777,False
OMIM:617977,MONDO:MONDO:0060704,False
MONDO:MONDO:0060704,MONDO:MONDO:0060704,False
MedGen:C4693816,MONDO:MONDO:0060704,False
MONDO:MONDO:0032781,MONDO:MONDO:0032781,False
MedGen:C5193125,MONDO:MONDO:0032781,False
OMIM:618494,MONDO:MONDO:0032781,False
OMIM:616398,MONDO:MONDO:0014620,False
MedGen:C4225341,MONDO:MONDO:0014620,False
MONDO:MONDO:0014620,MONDO:MONDO:0014620,False
MONDO:MONDO:0014622,MONDO:MONDO:0014622,False
MedGen:C4225339,MONDO:MONDO:0014622,False
OMIM:616400,MONDO:MONDO:0014622,False
Orphanet:448264,MONDO:MONDO:0014622,False
Orphanet:458798,MONDO:MONDO:0014626,False
MONDO:MONDO:0014626,MONDO:MONDO:0014626,False
MedGen:C4225158,MONDO:MONDO:0014626,False
OMIM:616410,MONDO:MONDO:0014626,False
MedGen:C1839841,MONDO:MONDO:0010647,False
MONDO:MONDO:0010647,MONDO:MONDO:0010647,False
OMIM:309120,MONDO:MONDO:0010647,False
MONDO:MONDO:0014634,MONDO:MONDO:0014634,False
MedGen:C4225331,MONDO:MONDO:0014634,False
OMIM:616425,MONDO:MONDO:0014634,False
OMIM:616420,MedGen:C4225332,False
MedGen:C4225332,MedGen:C4225332,False
Orphanet:97249,MONDO:MONDO:0011948,False
OMIM:608027,MONDO:MONDO:0011948,False
MedGen:C1842687,MONDO:MONDO:0011948,False
MONDO:MONDO:0011948,MONDO:MONDO:0011948,False
MedGen:C4225329,MONDO:MONDO:0014636,False
MONDO:MONDO:0014636,MONDO:MONDO:0014636,False
OMIM:616430,MONDO:MONDO:0014636,False
Orphanet:447954,MONDO:MONDO:0014636,False
MedGen:C1838652,MONDO:MONDO:0009525,False
Orphanet:1307,MONDO:MONDO:0009525,False
MONDO:MONDO:0009525,MONDO:MONDO:0009525,False
OMIM:246560,MONDO:MONDO:0009525,False
OMIM:601884,MedGen:C1866079,False
MedGen:C1866079,MedGen:C1866079,False
Orphanet:85,MONDO:MONDO:0019403,False
MedGen:C0002876,MONDO:MONDO:0019403,False
MONDO:MONDO:0019403,MONDO:MONDO:0019403,False
OMIM:617877,MONDO:MONDO:0060649,False
MONDO:MONDO:0060649,MONDO:MONDO:0060649,False
MedGen:C4693481,MONDO:MONDO:0060649,False
Orphanet:444092,MONDO:MONDO:0014629,False
MedGen:C4225334,MONDO:MONDO:0014629,False
OMIM:616414,MONDO:MONDO:0014629,False
MONDO:MONDO:0014629,MONDO:MONDO:0014629,False
MedGen:C4225328,MONDO:MONDO:0014637,False
OMIM:616433,MONDO:MONDO:0014637,False
Orphanet:447737,MONDO:MONDO:0014637,False
MONDO:MONDO:0014637,MONDO:MONDO:0014637,False
MedGen:C3698348,,True
MedGen:C0158962,,True
OMIM:616457,MONDO:MONDO:0014647,False
MONDO:MONDO:0014647,MONDO:MONDO:0014647,False
Orphanet:448010,MONDO:MONDO:0014647,False
MedGen:C4225320,MONDO:MONDO:0014647,False
OMIM:104100,MedGen:C3151468,False
Orphanet:1010,MedGen:C3151468,False
MedGen:C3151468,MedGen:C3151468,False
MONDO:MONDO:0013341,MONDO:MONDO:0013341,False
MedGen:C3150900,MONDO:MONDO:0013341,False
Orphanet:280183,MONDO:MONDO:0013341,False
OMIM:613646,MONDO:MONDO:0013341,False
MONDO:MONDO:0014663,MONDO:MONDO:0014663,False
OMIM:616489,MONDO:MONDO:0014663,False
MedGen:C4225307,MONDO:MONDO:0014663,False
Orphanet:2114,,True
OMIM:617974,,True
MedGen:C1840572,,True
MONDO:MONDO:0060702,,True
OMIM:142669,,True
MedGen:C4693799,,True
MONDO:MONDO:0007726,,True
MONDO:MONDO:0000030,MONDO:MONDO:0000030,False
MedGen:C4313718,MONDO:MONDO:0000030,False
Orphanet:1231,MONDO:MONDO:0008853,False
MONDO:MONDO:0008853,MONDO:MONDO:0008853,False
OMIM:209885,MONDO:MONDO:0008853,False
MedGen:C1319466,MONDO:MONDO:0008853,False
OMIM:617780,MONDO:MONDO:0060611,False
MedGen:C4540434,MONDO:MONDO:0060611,False
MONDO:MONDO:0060611,MONDO:MONDO:0060611,False
MedGen:C4225295,MONDO:MONDO:0014679,False
MONDO:MONDO:0014679,MONDO:MONDO:0014679,False
OMIM:616531,MONDO:MONDO:0014679,False
MedGen:C1840451,MONDO:MONDO:0027676,False
Orphanet:2190,MONDO:MONDO:0027676,False
OMIM:143400,MONDO:MONDO:0027676,False
MONDO:MONDO:0027676,MONDO:MONDO:0027676,False
MONDO:MONDO:0007381,MONDO:MONDO:0007381,False
Orphanet:293381,MONDO:MONDO:0007381,False
OMIM:122400,MONDO:MONDO:0007381,False
MedGen:C1852551,MONDO:MONDO:0007381,False
Orphanet:370927,MONDO:MONDO:0010490,False
MedGen:C4012395,MONDO:MONDO:0010490,False
OMIM:300934,MONDO:MONDO:0010490,False
MONDO:MONDO:0010490,MONDO:MONDO:0010490,False
OMIM:614527,MONDO:MONDO:0013797,False
Orphanet:261265,MONDO:MONDO:0013797,False
MedGen:C3281138,MONDO:MONDO:0013797,False
MONDO:MONDO:0013797,MONDO:MONDO:0013797,False
MONDO:MONDO:0009667,MONDO:MONDO:0009667,False
MedGen:C3151519,MONDO:MONDO:0009667,False
OMIM:253280,MONDO:MONDO:0009667,False
Orphanet:324290,MONDO:MONDO:0014717,False
OMIM:616640,MONDO:MONDO:0014717,False
MONDO:MONDO:0014717,MONDO:MONDO:0014717,False
MedGen:C4225258,MONDO:MONDO:0014717,False
MedGen:C1843003,MONDO:MONDO:0011915,False
OMIM:607829,MONDO:MONDO:0011915,False
MONDO:MONDO:0011915,MONDO:MONDO:0011915,False
OMIM:616669,MONDO:MONDO:0014727,False
MONDO:MONDO:0014727,MONDO:MONDO:0014727,False
MedGen:C4225252,MONDO:MONDO:0014727,False
OMIM:609153,MONDO:MONDO:0012204,False
MONDO:MONDO:0012204,MONDO:MONDO:0012204,False
MedGen:C1836705,MONDO:MONDO:0012204,False
Orphanet:90044,MONDO:MONDO:0012204,False
OMIM:185000,MONDO:MONDO:0008493,False
MONDO:MONDO:0008493,MONDO:MONDO:0008493,False
MedGen:C1861455,MONDO:MONDO:0008493,False
Orphanet:3203,MONDO:MONDO:0008493,False
MedGen:C4225233,MONDO:MONDO:0014747,False
OMIM:616722,MONDO:MONDO:0014747,False
MONDO:MONDO:0014747,MONDO:MONDO:0014747,False
Orphanet:488197,MONDO:MONDO:0014747,False
OMIM:616710,MONDO:MONDO:0014742,False
MedGen:C4225238,MONDO:MONDO:0014742,False
MONDO:MONDO:0014742,MONDO:MONDO:0014742,False
OMIM:616723,MONDO:MONDO:0014748,False
MedGen:C4225232,MONDO:MONDO:0014748,False
MONDO:MONDO:0014748,MONDO:MONDO:0014748,False
Orphanet:457395,MONDO:MONDO:0014748,False
OMIM:616721,MONDO:MONDO:0014746,False
Orphanet:468699,MONDO:MONDO:0014746,False
MedGen:C4225234,MONDO:MONDO:0014746,False
MONDO:MONDO:0014746,MONDO:MONDO:0014746,False
MONDO:MONDO:0054666,MONDO:MONDO:0054666,False
OMIM:617690,MONDO:MONDO:0054666,False
MedGen:C4540141,MONDO:MONDO:0054666,False
Orphanet:477993,MONDO:MONDO:0014751,False
OMIM:616728,MONDO:MONDO:0014751,False
MedGen:C4225229,MONDO:MONDO:0014751,False
MONDO:MONDO:0014751,MONDO:MONDO:0014751,False
MONDO:MONDO:0020738,MONDO:MONDO:0020738,False
MedGen:C4551592,MONDO:MONDO:0020738,False
OMIM:156610,MONDO:MONDO:0020738,False
MONDO:MONDO:0014755,MONDO:MONDO:0014755,False
MedGen:C4225225,MONDO:MONDO:0014755,False
OMIM:616734,MONDO:MONDO:0014755,False
MONDO:MONDO:0020737,MONDO:MONDO:0020737,False
MedGen:C4225227,MONDO:MONDO:0020737,False
OMIM:616732,MONDO:MONDO:0020737,False
MedGen:C4225191,MONDO:MONDO:0014789,False
OMIM:616828,MONDO:MONDO:0014789,False
Orphanet:468684,MONDO:MONDO:0014789,False
MONDO:MONDO:0014789,MONDO:MONDO:0014789,False
OMIM:616829,MONDO:MONDO:0014790,False
Orphanet:466703,MONDO:MONDO:0014790,False
MONDO:MONDO:0014790,MONDO:MONDO:0014790,False
MedGen:C4225190,MONDO:MONDO:0014790,False
OMIM:616733,MONDO:MONDO:0014754,False
MONDO:MONDO:0014754,MONDO:MONDO:0014754,False
MedGen:C4225226,MONDO:MONDO:0014754,False
OMIM:616736,MONDO:MONDO:0014756,False
MedGen:C4225223,MONDO:MONDO:0014756,False
MONDO:MONDO:0014756,MONDO:MONDO:0014756,False
OMIM:616780,MONDO:MONDO:0021573,False
MONDO:MONDO:0021573,MONDO:MONDO:0021573,False
MedGen:C4225210,MONDO:MONDO:0021573,False
OMIM:616788,MONDO:MONDO:0014772,False
MedGen:C4225209,MONDO:MONDO:0014772,False
MONDO:MONDO:0014772,MONDO:MONDO:0014772,False
MedGen:C0157743,MedGen:C0157743,False
OMIM:125630,MedGen:C0157743,False
Orphanet:493342,MedGen:C0157743,False
OMIM:616794,MONDO:MONDO:0014775,False
MONDO:MONDO:0014775,MONDO:MONDO:0014775,False
MedGen:C4225206,MONDO:MONDO:0014775,False
Orphanet:466784,MONDO:MONDO:0014775,False
OMIM:616811,MedGen:C4225200,False
MedGen:C4225200,MedGen:C4225200,False
MONDO:MONDO:0014783,MONDO:MONDO:0014783,False
OMIM:616814,MONDO:MONDO:0014783,False
MedGen:C4225197,MONDO:MONDO:0014783,False
OMIM:609541,MONDO:MONDO:0012297,False
MedGen:C1836010,MONDO:MONDO:0012297,False
Orphanet:320406,MONDO:MONDO:0012297,False
MONDO:MONDO:0012297,MONDO:MONDO:0012297,False
MONDO:MONDO:0014786,MONDO:MONDO:0014786,False
OMIM:616818,MONDO:MONDO:0014786,False
MedGen:C4225194,MONDO:MONDO:0014786,False
MedGen:C4225193,MONDO:MONDO:0014787,False
OMIM:616819,MONDO:MONDO:0014787,False
Orphanet:466688,MONDO:MONDO:0014787,False
MONDO:MONDO:0014787,MONDO:MONDO:0014787,False
MONDO:MONDO:0014784,MONDO:MONDO:0014784,False
MedGen:C4225196,MONDO:MONDO:0014784,False
Orphanet:467176,MONDO:MONDO:0014784,False
OMIM:616816,MONDO:MONDO:0014784,False
MedGen:C4225192,MONDO:MONDO:0014788,False
OMIM:616827,MONDO:MONDO:0014788,False
Orphanet:466801,MONDO:MONDO:0014788,False
MONDO:MONDO:0014788,MONDO:MONDO:0014788,False
MONDO:MONDO:0014792,MONDO:MONDO:0014792,False
OMIM:616833,MONDO:MONDO:0014792,False
MedGen:C4085250,MONDO:MONDO:0014792,False
MedGen:C1291328,MONDO:MONDO:0014881,False
MONDO:MONDO:0014881,MONDO:MONDO:0014881,False
OMIM:617044,MONDO:MONDO:0014881,False
Orphanet:488618,MONDO:MONDO:0014881,False
OMIM:616839,MONDO:MONDO:0014795,False
MONDO:MONDO:0014795,MONDO:MONDO:0014795,False
MedGen:C4225187,MONDO:MONDO:0014795,False
OMIM:614526,MONDO:MONDO:0013796,False
Orphanet:261272,MONDO:MONDO:0013796,False
MedGen:C3281137,MONDO:MONDO:0013796,False
MONDO:MONDO:0013796,MONDO:MONDO:0013796,False
MedGen:C4225181,MONDO:MONDO:0014800,False
OMIM:616852,MONDO:MONDO:0014800,False
Orphanet:447977,MONDO:MONDO:0014800,False
MONDO:MONDO:0014800,MONDO:MONDO:0014800,False
MedGen:C4225178,MONDO:MONDO:0014803,False
Orphanet:401866,MONDO:MONDO:0014803,False
MONDO:MONDO:0014803,MONDO:MONDO:0014803,False
OMIM:616859,MONDO:MONDO:0014803,False
OMIM:616868,MONDO:MONDO:0014808,False
Orphanet:103908,MONDO:MONDO:0014808,False
MONDO:MONDO:0014808,MONDO:MONDO:0014808,False
OMIM:616866,MedGen:C4225177,False
MedGen:C4225177,MedGen:C4225177,False
Orphanet:500055,MONDO:MONDO:0014805,False
MedGen:C4225667,MONDO:MONDO:0014805,False
OMIM:616863,MONDO:MONDO:0014805,False
MONDO:MONDO:0014805,MONDO:MONDO:0014805,False
MedGen:C1510502,MONDO:MONDO:0003424,False
OMIM:553000,MONDO:MONDO:0003424,False
MONDO:MONDO:0003424,MONDO:MONDO:0003424,False
Orphanet:317473,MONDO:MONDO:0014810,False
OMIM:616873,MONDO:MONDO:0014810,False
MONDO:MONDO:0014810,MONDO:MONDO:0014810,False
MedGen:C4225173,MONDO:MONDO:0014810,False
OMIM:618793,MONDO:MONDO:0032919,False
MONDO:MONDO:0032919,MONDO:MONDO:0032919,False
MONDO:MONDO:0013415,MONDO:MONDO:0013415,False
OMIM:613776,MONDO:MONDO:0013415,False
MedGen:C3151069,MONDO:MONDO:0013415,False
MedGen:C3891556,,True
Orphanet:448372,,True
OMIM:300942,,True
MONDO:MONDO:0010491,,True
Orphanet:300373,,True
Orphanet:459051,MONDO:MONDO:0014701,False
MedGen:C4225273,MONDO:MONDO:0014701,False
MONDO:MONDO:0014701,MONDO:MONDO:0014701,False
OMIM:616583,MONDO:MONDO:0014701,False
Orphanet:495844,MedGen:C4225170,False
OMIM:616881,MedGen:C4225170,False
MedGen:C4225170,MedGen:C4225170,False
MONDO:MONDO:0014821,MONDO:MONDO:0014821,False
Orphanet:457378,MONDO:MONDO:0014821,False
OMIM:616897,MONDO:MONDO:0014821,False
MedGen:C4225162,MONDO:MONDO:0014821,False
OMIM:301220,MONDO:MONDO:0010523,False
MONDO:MONDO:0010523,MONDO:MONDO:0010523,False
Orphanet:85453,MONDO:MONDO:0010523,False
MedGen:C1845050,MONDO:MONDO:0010523,False
MONDO:MONDO:0014826,MONDO:MONDO:0014826,False
MedGen:C4225160,MONDO:MONDO:0014826,False
OMIM:616903,MONDO:MONDO:0014826,False
OMIM:612475,MONDO:MONDO:0012915,False
Orphanet:250994,MONDO:MONDO:0012915,False
MedGen:C2675891,MONDO:MONDO:0012915,False
MONDO:MONDO:0012915,MONDO:MONDO:0012915,False
MONDO:MONDO:0054573,MONDO:MONDO:0054573,False
OMIM:617435,MONDO:MONDO:0054573,False
MedGen:C4479491,MONDO:MONDO:0054573,False
OMIM:608907,MONDO:MONDO:0012153,False
MONDO:MONDO:0012153,MONDO:MONDO:0012153,False
MedGen:C4282179,MONDO:MONDO:0012153,False
MedGen:C4310790,MONDO:MONDO:0014836,False
OMIM:616924,MONDO:MONDO:0014836,False
MONDO:MONDO:0014836,MONDO:MONDO:0014836,False
OMIM:616907,MONDO:MONDO:0014827,False
MedGen:C4310800,MONDO:MONDO:0014827,False
MONDO:MONDO:0014827,MONDO:MONDO:0014827,False
Orphanet:488594,MONDO:MONDO:0014827,False
MONDO:MONDO:0014839,MONDO:MONDO:0014839,False
OMIM:616939,MONDO:MONDO:0014839,False
MedGen:C4310787,MONDO:MONDO:0014839,False
MedGen:C4310786,MONDO:MONDO:0014840,False
MONDO:MONDO:0014840,MONDO:MONDO:0014840,False
OMIM:616941,MONDO:MONDO:0014840,False
MONDO:MONDO:0014844,MONDO:MONDO:0014844,False
OMIM:616947,MONDO:MONDO:0014844,False
MedGen:C4310782,MONDO:MONDO:0014844,False
MONDO:MONDO:0005301,MONDO:MONDO:0005301,False
Orphanet:802,MONDO:MONDO:0005301,False
MedGen:C0026769,MONDO:MONDO:0005301,False
OMIM:616950,MONDO:MONDO:0014847,False
MONDO:MONDO:0014847,MONDO:MONDO:0014847,False
MedGen:C4310779,MONDO:MONDO:0014847,False
OMIM:616949,MONDO:MONDO:0014846,False
Orphanet:404493,MONDO:MONDO:0014846,False
MONDO:MONDO:0014846,MONDO:MONDO:0014846,False
MedGen:C4310780,MONDO:MONDO:0014846,False
MedGen:C4284588,MONDO:MONDO:0014302,False
MONDO:MONDO:0014302,MONDO:MONDO:0014302,False
OMIM:615681,MONDO:MONDO:0014302,False
Orphanet:401785,MONDO:MONDO:0014302,False
OMIM:616948,MONDO:MONDO:0014845,False
MONDO:MONDO:0014845,MONDO:MONDO:0014845,False
MedGen:C4310781,MONDO:MONDO:0014845,False
MedGen:C0431362,MONDO:MONDO:0019756,False
MONDO:MONDO:0019756,MONDO:MONDO:0019756,False
Orphanet:93924,MONDO:MONDO:0019756,False
OMIM:612556,MedGen:C2675517,False
MedGen:C2675517,MedGen:C2675517,False
MedGen:C5231450,MONDO:MONDO:0032858,False
OMIM:618663,MONDO:MONDO:0032858,False
MONDO:MONDO:0032858,MONDO:MONDO:0032858,False
Orphanet:168454,MONDO:MONDO:0012495,False
MedGen:C1864872,MONDO:MONDO:0012495,False
OMIM:610442,MONDO:MONDO:0012495,False
MONDO:MONDO:0012495,MONDO:MONDO:0012495,False
MedGen:C4310778,MONDO:MONDO:0014848,False
Orphanet:488642,MONDO:MONDO:0014848,False
OMIM:616954,MONDO:MONDO:0014848,False
MONDO:MONDO:0014848,MONDO:MONDO:0014848,False
MedGen:C4310819,MONDO:MONDO:0010504,False
OMIM:300972,MONDO:MONDO:0010504,False
MONDO:MONDO:0010504,MONDO:MONDO:0010504,False
OMIM:608636,MONDO:MONDO:0012081,False
MedGen:C2675336,MONDO:MONDO:0012081,False
MONDO:MONDO:0012081,MONDO:MONDO:0012081,False
Orphanet:238446,MONDO:MONDO:0012081,False
MONDO:MONDO:0018930,MONDO:MONDO:0018930,False
Orphanet:574,MONDO:MONDO:0018930,False
MedGen:C0795875,MONDO:MONDO:0018930,False
MedGen:C1327919,MONDO:MONDO:0008038,False
MONDO:MONDO:0008038,MONDO:MONDO:0008038,False
OMIM:159550,MONDO:MONDO:0008038,False
Orphanet:2585,MONDO:MONDO:0008038,False
Orphanet:521406,MONDO:MONDO:0014864,False
MedGen:C4310765,MONDO:MONDO:0014864,False
OMIM:617013,MONDO:MONDO:0014864,False
MONDO:MONDO:0014864,MONDO:MONDO:0014864,False
MedGen:C4310760,MONDO:MONDO:0014870,False
Orphanet:464366,MONDO:MONDO:0014870,False
OMIM:617022,MONDO:MONDO:0014870,False
MONDO:MONDO:0014870,MONDO:MONDO:0014870,False
OMIM:614262,MONDO:MONDO:0013660,False
MedGen:C3280309,MONDO:MONDO:0013660,False
MONDO:MONDO:0013660,MONDO:MONDO:0013660,False
MONDO:MONDO:0014872,MONDO:MONDO:0014872,False
MedGen:C4310758,MONDO:MONDO:0014872,False
OMIM:617024,MONDO:MONDO:0014872,False
MONDO:MONDO:0014873,MONDO:MONDO:0014873,False
OMIM:617025,MONDO:MONDO:0014873,False
MedGen:C0265987,MONDO:MONDO:0014873,False
Orphanet:64754,MONDO:MONDO:0014873,False
MedGen:C0265294,MONDO:MONDO:0009943,False
MONDO:MONDO:0009943,MONDO:MONDO:0009943,False
Orphanet:3005,MONDO:MONDO:0009943,False
OMIM:265900,MONDO:MONDO:0009943,False
MedGen:C4310754,MedGen:C4310754,False
OMIM:617030,MedGen:C4310754,False
MONDO:MONDO:0024266,MONDO:MONDO:0024266,False
OMIM:617039,MONDO:MONDO:0024266,False
MedGen:C4310753,MONDO:MONDO:0024266,False
MONDO:MONDO:0014184,MONDO:MONDO:0014184,False
MedGen:C3809483,MONDO:MONDO:0014184,False
OMIM:615432,MONDO:MONDO:0014184,False
Orphanet:93349,MONDO:MONDO:0010248,False
MedGen:C1848097,MONDO:MONDO:0010248,False
MONDO:MONDO:0010248,MONDO:MONDO:0010248,False
OMIM:300106,MONDO:MONDO:0010248,False
MONDO:MONDO:0018638,MONDO:MONDO:0018638,False
MedGen:C0033805,MONDO:MONDO:0018638,False
Orphanet:444916,MONDO:MONDO:0018638,False
MedGen:C4539848,,True
MONDO:MONDO:0030910,,True
MedGen:C4509932,,True
MONDO:MONDO:0016996,,True
Orphanet:263665,,True
OMIM:617600,,True
OMIM:618528,,True
MONDO:MONDO:0019542,,True
MONDO:MONDO:0032799,,True
MedGen:C5193142,,True
Orphanet:90062,,True
MedGen:C0162557,,True
OMIM:175800,MedGen:C0949506,False
MedGen:C0949506,MedGen:C0949506,False
Orphanet:735,MedGen:C0949506,False
MedGen:C4310731,MONDO:MONDO:0014900,False
OMIM:617072,MONDO:MONDO:0014900,False
MONDO:MONDO:0014900,MONDO:MONDO:0014900,False
Orphanet:424261,MONDO:MONDO:0014900,False
MedGen:C0221005,MONDO:MONDO:0022435,False
MONDO:MONDO:0022435,MONDO:MONDO:0022435,False
Orphanet:94065,,True
OMIM:613406,,True
MONDO:MONDO:0044700,,True
Orphanet:500166,,True
MedGen:C4310804,,True
MedGen:C4310736,MONDO:MONDO:0014896,False
OMIM:617066,MONDO:MONDO:0014896,False
Orphanet:486815,MONDO:MONDO:0014896,False
MONDO:MONDO:0014896,MONDO:MONDO:0014896,False
OMIM:616488,MONDO:MONDO:0014662,False
MONDO:MONDO:0014662,MONDO:MONDO:0014662,False
MedGen:C4225308,MONDO:MONDO:0014662,False
Orphanet:478664,MONDO:MONDO:0014662,False
MedGen:C4310746,MONDO:MONDO:0014885,False
MONDO:MONDO:0014885,MONDO:MONDO:0014885,False
OMIM:617050,MONDO:MONDO:0014885,False
MONDO:MONDO:0014891,MONDO:MONDO:0014891,False
OMIM:617056,MONDO:MONDO:0014891,False
MedGen:C4310741,MONDO:MONDO:0014891,False
OMIM:607539,MONDO:MONDO:0011853,False
MedGen:C1843758,MONDO:MONDO:0011853,False
MONDO:MONDO:0011853,MONDO:MONDO:0011853,False
Orphanet:2399,MONDO:MONDO:0008182,False
MedGen:C1868660,MONDO:MONDO:0008182,False
OMIM:167730,MONDO:MONDO:0008182,False
MONDO:MONDO:0008182,MONDO:MONDO:0008182,False
MedGen:C4746575,MedGen:C4746575,False
Orphanet:318,MedGen:C4746575,False
OMIM:133180,MedGen:C4746575,False
MONDO:MONDO:0014911,MONDO:MONDO:0014911,False
OMIM:617093,MONDO:MONDO:0014911,False
MedGen:C4310720,MONDO:MONDO:0014911,False
Orphanet:541423,MONDO:MONDO:0014911,False
OMIM:617099,MONDO:MONDO:0014912,False
Orphanet:500062,MONDO:MONDO:0014912,False
MedGen:C4310614,MONDO:MONDO:0014912,False
MONDO:MONDO:0014912,MONDO:MONDO:0014912,False
OMIM:617111,MONDO:MONDO:0014920,False
MedGen:C4310713,MONDO:MONDO:0014920,False
MONDO:MONDO:0014920,MONDO:MONDO:0014920,False
Orphanet:466718,MONDO:MONDO:0014920,False
Orphanet:496686,MedGen:C4310711,False
MedGen:C4310711,MedGen:C4310711,False
OMIM:617114,MedGen:C4310711,False
MedGen:C1847197,MONDO:MONDO:0011744,False
OMIM:606893,MONDO:MONDO:0011744,False
Orphanet:140436,MONDO:MONDO:0011744,False
MONDO:MONDO:0011744,MONDO:MONDO:0011744,False
OMIM:617115,MONDO:MONDO:0014923,False
MedGen:C4310710,MONDO:MONDO:0014923,False
MONDO:MONDO:0014923,MONDO:MONDO:0014923,False
MedGen:C4284594,MONDO:MONDO:0010873,False
MONDO:MONDO:0010873,MONDO:MONDO:0010873,False
OMIM:600348,MONDO:MONDO:0010873,False
OMIM:617105,MONDO:MONDO:0014916,False
MedGen:C4310717,MONDO:MONDO:0014916,False
MONDO:MONDO:0014916,MONDO:MONDO:0014916,False
MedGen:C4310703,MONDO:MONDO:0014930,False
MONDO:MONDO:0014930,MONDO:MONDO:0014930,False
OMIM:617125,MONDO:MONDO:0014930,False
MONDO:MONDO:0010508,MONDO:MONDO:0010508,False
OMIM:300982,MONDO:MONDO:0010508,False
MedGen:C4310818,MONDO:MONDO:0010508,False
MONDO:MONDO:0014932,MONDO:MONDO:0014932,False
OMIM:617127,MONDO:MONDO:0014932,False
MedGen:C4310701,MONDO:MONDO:0014932,False
OMIM:300983,MONDO:MONDO:0010509,False
MedGen:C4310817,MONDO:MONDO:0010509,False
MONDO:MONDO:0010509,MONDO:MONDO:0010509,False
MedGen:C4310816,MONDO:MONDO:0010510,False
OMIM:300984,MONDO:MONDO:0010510,False
MONDO:MONDO:0010510,MONDO:MONDO:0010510,False
OMIM:157800,MONDO:MONDO:0008005,False
MedGen:C2931461,MONDO:MONDO:0008005,False
MONDO:MONDO:0008005,MONDO:MONDO:0008005,False
Orphanet:3238,MONDO:MONDO:0008005,False
MONDO:MONDO:0014938,MONDO:MONDO:0014938,False
MedGen:C4310695,MONDO:MONDO:0014938,False
OMIM:617142,MONDO:MONDO:0014938,False
MedGen:C1846278,MedGen:C1846278,False
Orphanet:85282,MedGen:C1846278,False
OMIM:300148,MedGen:C1846278,False
MONDO:MONDO:0014942,MONDO:MONDO:0014942,False
MedGen:C4310691,MONDO:MONDO:0014942,False
OMIM:617153,MONDO:MONDO:0014942,False
MedGen:C4310685,MONDO:MONDO:0014949,False
MONDO:MONDO:0014949,MONDO:MONDO:0014949,False
OMIM:617166,MONDO:MONDO:0014949,False
MONDO:MONDO:0029134,,True
Orphanet:101972,,True
OMIM:618131,,True
Orphanet:542301,,True
MedGen:C4748304,,True
MedGen:C4310686,MONDO:MONDO:0014948,False
MONDO:MONDO:0014948,MONDO:MONDO:0014948,False
OMIM:617164,MONDO:MONDO:0014948,False
MedGen:C4310687,MONDO:MONDO:0014947,False
OMIM:617162,MONDO:MONDO:0014947,False
MONDO:MONDO:0014947,MONDO:MONDO:0014947,False
MONDO:MONDO:0014951,MONDO:MONDO:0014951,False
OMIM:617169,MONDO:MONDO:0014951,False
MedGen:C4310684,MONDO:MONDO:0014951,False
OMIM:609425,MONDO:MONDO:0012269,False
MONDO:MONDO:0012269,MONDO:MONDO:0012269,False
Orphanet:65286,MONDO:MONDO:0012269,False
MedGen:C2674949,MONDO:MONDO:0012269,False
MedGen:C4304594,MONDO:MONDO:0016838,False
Orphanet:261250,MONDO:MONDO:0016838,False
MONDO:MONDO:0016838,MONDO:MONDO:0016838,False
MedGen:C4310653,MONDO:MONDO:0014984,False
MONDO:MONDO:0014984,MONDO:MONDO:0014984,False
OMIM:617241,MONDO:MONDO:0014984,False
MONDO:MONDO:0002305,MONDO:MONDO:0002305,False
MedGen:C0398623,MONDO:MONDO:0002305,False
MedGen:C0028949,,True
MedGen:C4023911,,True
MedGen:C4310674,MONDO:MONDO:0014961,False
Orphanet:529970,MONDO:MONDO:0014961,False
MONDO:MONDO:0014961,MONDO:MONDO:0014961,False
OMIM:617187,MONDO:MONDO:0014961,False
MedGen:C4310673,MONDO:MONDO:0014962,False
OMIM:617188,MONDO:MONDO:0014962,False
MONDO:MONDO:0014962,MONDO:MONDO:0014962,False
Orphanet:555407,MONDO:MONDO:0020781,False
OMIM:617186,MONDO:MONDO:0020781,False
MONDO:MONDO:0020781,MONDO:MONDO:0020781,False
MedGen:C4310675,MONDO:MONDO:0020781,False
OMIM:617190,MONDO:MONDO:0014963,False
MedGen:C4310672,MONDO:MONDO:0014963,False
MONDO:MONDO:0014963,MONDO:MONDO:0014963,False
OMIM:617214,MONDO:MONDO:0014970,False
MONDO:MONDO:0014970,MONDO:MONDO:0014970,False
MedGen:C4310666,MONDO:MONDO:0014970,False
MedGen:C4072899,,True
MedGen:C4023438,,True
MedGen:C0268528,MONDO:MONDO:0023419,False
MONDO:MONDO:0023419,MONDO:MONDO:0023419,False
MONDO:MONDO:0000721,MONDO:MONDO:0000721,False
MedGen:C0220988,MONDO:MONDO:0000721,False
MONDO:MONDO:0008684,MONDO:MONDO:0008684,False
OMIM:194190,MONDO:MONDO:0008684,False
Orphanet:280,MONDO:MONDO:0008684,False
MedGen:C1956097,MONDO:MONDO:0008684,False
MONDO:MONDO:0018949,MONDO:MONDO:0018949,False
MedGen:C0751336,MONDO:MONDO:0018949,False
Orphanet:599,MONDO:MONDO:0018949,False
MONDO:MONDO:0016537,MONDO:MONDO:0016537,False
Orphanet:238510,MONDO:MONDO:0016537,False
Orphanet:324764,MONDO:MONDO:0017951,False
MedGen:C0265255,MONDO:MONDO:0017951,False
MONDO:MONDO:0017951,MONDO:MONDO:0017951,False
OMIM:608096,MONDO:MONDO:0011965,False
Orphanet:98819,MONDO:MONDO:0011965,False
MONDO:MONDO:0011965,MONDO:MONDO:0011965,False
MedGen:C4759869,MONDO:MONDO:0011965,False
MONDO:MONDO:0020696,,True
MONDO:MONDO:0001700,,True
MedGen:C0002888,,True
MedGen:C0042847,,True
MedGen:C0221468,MONDO:MONDO:0024299,False
MONDO:MONDO:0024299,MONDO:MONDO:0024299,False
OMIM:613282,MONDO:MONDO:0021105,False
MONDO:MONDO:0021105,MONDO:MONDO:0021105,False
MedGen:C2750440,MONDO:MONDO:0021105,False
MONDO:MONDO:0019703,MONDO:MONDO:0019703,False
Orphanet:93444,MONDO:MONDO:0019703,False
MONDO:MONDO:0000351,MONDO:MONDO:0000351,False
MedGen:C4048705,MONDO:MONDO:0000351,False
MedGen:C2676780,MONDO:MONDO:0009304,False
OMIM:612289,MONDO:MONDO:0009304,False
MONDO:MONDO:0009304,MONDO:MONDO:0009304,False
Orphanet:2095,MONDO:MONDO:0009304,False
MONDO:MONDO:0019860,MONDO:MONDO:0019860,False
MedGen:C4023190,MONDO:MONDO:0019860,False
Orphanet:95719,MONDO:MONDO:0019860,False
MONDO:MONDO:0009931,MONDO:MONDO:0009931,False
Orphanet:1208,MONDO:MONDO:0009931,False
MedGen:C0344975,MONDO:MONDO:0009931,False
OMIM:265150,MONDO:MONDO:0009931,False
MedGen:C1846145,MONDO:MONDO:0010277,False
OMIM:300238,MONDO:MONDO:0010277,False
MONDO:MONDO:0010277,MONDO:MONDO:0010277,False
Orphanet:85286,MONDO:MONDO:0010277,False
MONDO:MONDO:0026721,MONDO:MONDO:0026721,False
MedGen:C4746985,MONDO:MONDO:0026721,False
OMIM:301021,MONDO:MONDO:0026721,False
Orphanet:504530,MONDO:MONDO:0010514,False
OMIM:300988,MONDO:MONDO:0010514,False
MedGen:C4310812,MONDO:MONDO:0010514,False
MONDO:MONDO:0010514,MONDO:MONDO:0010514,False
MedGen:C4310654,MONDO:MONDO:0014983,False
MONDO:MONDO:0014983,MONDO:MONDO:0014983,False
OMIM:617239,MONDO:MONDO:0014983,False
OMIM:618736,MONDO:MONDO:0032892,False
MedGen:C5231485,MONDO:MONDO:0032892,False
MONDO:MONDO:0032892,MONDO:MONDO:0032892,False
MONDO:MONDO:0014705,MONDO:MONDO:0014705,False
MedGen:C4225269,MONDO:MONDO:0014705,False
OMIM:616602,MONDO:MONDO:0014705,False
MONDO:MONDO:0014982,MONDO:MONDO:0014982,False
MedGen:C4310655,MONDO:MONDO:0014982,False
OMIM:617238,MONDO:MONDO:0014982,False
MedGen:C4310658,MONDO:MONDO:0014979,False
OMIM:617235,MONDO:MONDO:0014979,False
MONDO:MONDO:0014979,MONDO:MONDO:0014979,False
MONDO:MONDO:0014985,MONDO:MONDO:0014985,False
MedGen:C4310652,MONDO:MONDO:0014985,False
OMIM:617243,MONDO:MONDO:0014985,False
MONDO:MONDO:0014656,MONDO:MONDO:0014656,False
MedGen:C4225312,MONDO:MONDO:0014656,False
Orphanet:329336,MONDO:MONDO:0014656,False
OMIM:616479,MONDO:MONDO:0014656,False
MedGen:C4310667,MedGen:C4310667,False
OMIM:617207,MedGen:C4310667,False
OMIM:617213,MONDO:MONDO:0014969,False
MONDO:MONDO:0014969,MONDO:MONDO:0014969,False
Orphanet:440713,MONDO:MONDO:0014969,False
MedGen:C1291373,MONDO:MONDO:0014969,False
OMIM:617248,MedGen:C4310650,False
MedGen:C4310650,MedGen:C4310650,False
MONDO:MONDO:0014974,,True
OMIM:617223,,True
OMIM:617222,,True
MedGen:C4310663,,True
MONDO:MONDO:0014973,,True
MedGen:C4310664,,True
OMIM:617234,MONDO:MONDO:0014978,False
MONDO:MONDO:0014978,MONDO:MONDO:0014978,False
MedGen:C4310659,MONDO:MONDO:0014978,False
OMIM:616459,MONDO:MONDO:0014648,False
MONDO:MONDO:0014648,MONDO:MONDO:0014648,False
MedGen:C4085595,MONDO:MONDO:0014648,False
Orphanet:477684,MONDO:MONDO:0014684,False
MONDO:MONDO:0014684,MONDO:MONDO:0014684,False
OMIM:616539,MONDO:MONDO:0014684,False
MedGen:C4225290,MONDO:MONDO:0014684,False
OMIM:617232,MONDO:MONDO:0014977,False
MONDO:MONDO:0014977,MONDO:MONDO:0014977,False
Orphanet:480682,MONDO:MONDO:0014977,False
MedGen:C4310660,MONDO:MONDO:0014977,False
MONDO:MONDO:0014992,MONDO:MONDO:0014992,False
MedGen:C4310646,MONDO:MONDO:0014992,False
OMIM:617255,MONDO:MONDO:0014992,False
MONDO:MONDO:0014993,MONDO:MONDO:0014993,False
OMIM:617258,MONDO:MONDO:0014993,False
MedGen:C4310645,MONDO:MONDO:0014993,False
MONDO:MONDO:0014991,MONDO:MONDO:0014991,False
OMIM:617253,MONDO:MONDO:0014991,False
MedGen:C4310647,MONDO:MONDO:0014991,False
MONDO:MONDO:0032653,MONDO:MONDO:0032653,False
OMIM:618280,MONDO:MONDO:0032653,False
MedGen:C4748946,MONDO:MONDO:0032653,False
MONDO:MONDO:0032805,MONDO:MONDO:0032805,False
OMIM:618541,MONDO:MONDO:0032805,False
MedGen:C5203300,MONDO:MONDO:0032805,False
MONDO:MONDO:0060507,MONDO:MONDO:0060507,False
MedGen:C4479651,MONDO:MONDO:0060507,False
OMIM:617547,MONDO:MONDO:0060507,False
MedGen:C1862304,,True
MedGen:C4021963,,True
MONDO:MONDO:0024292,,True
MedGen:C1844606,,True
MedGen:C1257915,,True
Orphanet:437,,True
MedGen:C1704375,,True
MedGen:C0023222,,True
OMIM:618060,MONDO:MONDO:0060745,False
MONDO:MONDO:0060745,MONDO:MONDO:0060745,False
MedGen:C4748041,MONDO:MONDO:0060745,False
OMIM:617252,MONDO:MONDO:0014990,False
MedGen:C4310648,MONDO:MONDO:0014990,False
MONDO:MONDO:0014990,MONDO:MONDO:0014990,False
OMIM:617300,MONDO:MONDO:0015009,False
MedGen:C4310629,MONDO:MONDO:0015009,False
MONDO:MONDO:0015009,MONDO:MONDO:0015009,False
OMIM:617272,MONDO:MONDO:0014998,False
MONDO:MONDO:0014998,MONDO:MONDO:0014998,False
MedGen:C4310639,MONDO:MONDO:0014998,False
OMIM:617251,MONDO:MONDO:0014989,False
MONDO:MONDO:0014989,MONDO:MONDO:0014989,False
MedGen:C4310649,MONDO:MONDO:0014989,False
OMIM:617290,MONDO:MONDO:0015005,False
MONDO:MONDO:0015005,MONDO:MONDO:0015005,False
MedGen:C4310632,MONDO:MONDO:0015005,False
OMIM:617297,MONDO:MONDO:0015008,False
MONDO:MONDO:0015008,MONDO:MONDO:0015008,False
MedGen:C4310630,MONDO:MONDO:0015008,False
MedGen:C4551573,MedGen:C4551573,False
Orphanet:1410,MedGen:C4551573,False
OMIM:191480,MedGen:C4551573,False
MedGen:C4310638,MONDO:MONDO:0014999,False
OMIM:617275,MONDO:MONDO:0014999,False
MONDO:MONDO:0014999,MONDO:MONDO:0014999,False
Orphanet:521390,MONDO:MONDO:0015007,False
OMIM:617296,MONDO:MONDO:0015007,False
MONDO:MONDO:0015007,MONDO:MONDO:0015007,False
MedGen:C4284592,MONDO:MONDO:0015007,False
OMIM:617271,MONDO:MONDO:0014997,False
MedGen:C4310640,MONDO:MONDO:0014997,False
MONDO:MONDO:0014997,MONDO:MONDO:0014997,False
MONDO:MONDO:0015002,MONDO:MONDO:0015002,False
MedGen:C4310635,MONDO:MONDO:0015002,False
OMIM:617281,MONDO:MONDO:0015002,False
OMIM:617302,MONDO:MONDO:0015011,False
MONDO:MONDO:0015011,MONDO:MONDO:0015011,False
MedGen:C4310628,MONDO:MONDO:0015011,False
Orphanet:505248,MONDO:MONDO:0015012,False
MedGen:C4310627,MONDO:MONDO:0015012,False
MONDO:MONDO:0015012,MONDO:MONDO:0015012,False
OMIM:617303,MONDO:MONDO:0015012,False
OMIM:617301,MONDO:MONDO:0015010,False
MedGen:C4310943,MONDO:MONDO:0015010,False
Orphanet:289863,MONDO:MONDO:0015010,False
MONDO:MONDO:0015010,MONDO:MONDO:0015010,False
OMIM:617304,MONDO:MONDO:0015013,False
MedGen:C4310626,MONDO:MONDO:0015013,False
MONDO:MONDO:0015013,MONDO:MONDO:0015013,False
MONDO:MONDO:0015015,MONDO:MONDO:0015015,False
MedGen:C4310624,MONDO:MONDO:0015015,False
OMIM:617308,MONDO:MONDO:0015015,False
OMIM:300990,MONDO:MONDO:0010516,False
MONDO:MONDO:0010516,MONDO:MONDO:0010516,False
MedGen:C4310810,MONDO:MONDO:0010516,False
MONDO:MONDO:0015018,MONDO:MONDO:0015018,False
MedGen:C4310621,MONDO:MONDO:0015018,False
OMIM:617320,MONDO:MONDO:0015018,False
OMIM:223400,,True
MONDO:MONDO:0009126,,True
MedGen:C4021591,,True
MedGen:C0600031,,True
Orphanet:1203,,True
MedGen:C4021086,,True
MedGen:C0266174,,True
MedGen:C4310619,MONDO:MONDO:0015020,False
MONDO:MONDO:0015020,MONDO:MONDO:0015020,False
OMIM:617323,MONDO:MONDO:0015020,False
MONDO:MONDO:0008283,MONDO:MONDO:0008283,False
OMIM:175500,MONDO:MONDO:0008283,False
MedGen:C0282207,MONDO:MONDO:0008283,False
Orphanet:2930,MONDO:MONDO:0008283,False
OMIM:617337,MONDO:MONDO:0015024,False
MedGen:C4310616,MONDO:MONDO:0015024,False
MONDO:MONDO:0015024,MONDO:MONDO:0015024,False
OMIM:300991,MONDO:MONDO:0010517,False
MONDO:MONDO:0010517,MONDO:MONDO:0010517,False
MedGen:C4478372,MONDO:MONDO:0010517,False
MedGen:C4479220,MONDO:MONDO:0015026,False
MONDO:MONDO:0015026,MONDO:MONDO:0015026,False
OMIM:617341,MONDO:MONDO:0015026,False
MONDO:MONDO:0011243,MONDO:MONDO:0011243,False
OMIM:602531,MONDO:MONDO:0011243,False
MedGen:C1865267,MONDO:MONDO:0011243,False
Orphanet:79094,MONDO:MONDO:0011243,False
MONDO:MONDO:0044313,MONDO:MONDO:0044313,False
OMIM:617432,MONDO:MONDO:0044313,False
MedGen:C4479476,MONDO:MONDO:0044313,False
MONDO:MONDO:0044303,MONDO:MONDO:0044303,False
OMIM:617364,MONDO:MONDO:0044303,False
MedGen:C4479250,MONDO:MONDO:0044303,False
MedGen:C0018206,MONDO:MONDO:0006036,False
MONDO:MONDO:0006036,MONDO:MONDO:0006036,False
MedGen:C0302182,MONDO:MONDO:0002822,False
MONDO:MONDO:0002822,MONDO:MONDO:0002822,False
MONDO:MONDO:0015977,MONDO:MONDO:0015977,False
MedGen:C0001768,MONDO:MONDO:0015977,False
Orphanet:183669,MONDO:MONDO:0015977,False
MedGen:C4748778,MONDO:MONDO:0032620,False
OMIM:618237,MONDO:MONDO:0032620,False
MONDO:MONDO:0032620,MONDO:MONDO:0032620,False
MONDO:MONDO:0032894,,True
OMIM:618741,,True
OMIM:617527,,True
Orphanet:521426,,True
MONDO:MONDO:0060502,,True
MedGen:C4479631,,True
MONDO:MONDO:0009857,MONDO:MONDO:0009857,False
Orphanet:2856,MONDO:MONDO:0009857,False
OMIM:261550,MONDO:MONDO:0009857,False
MedGen:C1849930,MONDO:MONDO:0009857,False
OMIM:617370,MONDO:MONDO:0054549,False
MONDO:MONDO:0054549,MONDO:MONDO:0054549,False
MedGen:C4479254,MONDO:MONDO:0054549,False
Orphanet:508523,MONDO:MONDO:0044304,False
OMIM:617384,MONDO:MONDO:0044304,False
MedGen:C4479270,MONDO:MONDO:0044304,False
MONDO:MONDO:0044304,MONDO:MONDO:0044304,False
MedGen:C4479278,MONDO:MONDO:0060457,False
OMIM:617388,MONDO:MONDO:0060457,False
MONDO:MONDO:0060457,MONDO:MONDO:0060457,False
MedGen:C2752149,MONDO:MONDO:0007938,False
OMIM:154230,MONDO:MONDO:0007938,False
MONDO:MONDO:0007938,MONDO:MONDO:0007938,False
OMIM:617392,MONDO:MONDO:0044305,False
MONDO:MONDO:0044305,MONDO:MONDO:0044305,False
MedGen:C4479322,MONDO:MONDO:0044305,False
MONDO:MONDO:0054561,MONDO:MONDO:0054561,False
OMIM:617396,MONDO:MONDO:0054561,False
MedGen:C4479357,MONDO:MONDO:0054561,False
MedGen:C2675369,,True
MedGen:C0265493,,True
MONDO:MONDO:0007276,,True
Orphanet:1727,,True
OMIM:608363,,True
MONDO:MONDO:0012020,,True
Orphanet:195,,True
OMIM:115470,,True
MONDO:MONDO:0000726,MONDO:MONDO:0000726,False
MedGen:C0595995,MONDO:MONDO:0000726,False
MedGen:C4540014,MONDO:MONDO:0060555,False
OMIM:617661,MONDO:MONDO:0060555,False
MONDO:MONDO:0060555,MONDO:MONDO:0060555,False
OMIM:617660,MONDO:MONDO:0060554,False
MONDO:MONDO:0060554,MONDO:MONDO:0060554,False
MedGen:C4540004,MONDO:MONDO:0060554,False
Orphanet:284339,MONDO:MONDO:0013993,False
MONDO:MONDO:0013993,MONDO:MONDO:0013993,False
OMIM:614969,MONDO:MONDO:0013993,False
MedGen:C3554226,MONDO:MONDO:0013993,False
OMIM:617433,MONDO:MONDO:0044314,False
MedGen:C4479481,MONDO:MONDO:0044314,False
MONDO:MONDO:0044314,MONDO:MONDO:0044314,False
MONDO:MONDO:0027462,MONDO:MONDO:0027462,False
OMIM:617402,MONDO:MONDO:0027462,False
MedGen:C4479387,MONDO:MONDO:0027462,False
MONDO:MONDO:0044311,MONDO:MONDO:0044311,False
OMIM:617412,MONDO:MONDO:0044311,False
MedGen:C4479431,MONDO:MONDO:0044311,False
MONDO:MONDO:0044310,MONDO:MONDO:0044310,False
MedGen:C4479428,MONDO:MONDO:0044310,False
OMIM:617409,MONDO:MONDO:0044310,False
MedGen:C4479353,MedGen:C4479353,False
OMIM:617395,MedGen:C4479353,False
Orphanet:435934,MedGen:C4479353,False
MedGen:C4479409,MONDO:MONDO:0027451,False
MONDO:MONDO:0027451,MONDO:MONDO:0027451,False
OMIM:617403,MONDO:MONDO:0027451,False
MedGen:C4479376,MONDO:MONDO:0018828,False
MONDO:MONDO:0018828,MONDO:MONDO:0018828,False
Orphanet:481665,MONDO:MONDO:0018828,False
OMIM:617397,MONDO:MONDO:0018828,False
MONDO:MONDO:0044309,MONDO:MONDO:0044309,False
OMIM:617408,MONDO:MONDO:0044309,False
MedGen:C4479424,MONDO:MONDO:0044309,False
MONDO:MONDO:0024607,MONDO:MONDO:0024607,False
MedGen:C4479410,MONDO:MONDO:0024607,False
OMIM:617404,MONDO:MONDO:0024607,False
MONDO:MONDO:0010046,MONDO:MONDO:0010046,False
Orphanet:101003,MONDO:MONDO:0010046,False
OMIM:270750,MONDO:MONDO:0010046,False
MedGen:C0796019,MONDO:MONDO:0010046,False
OMIM:617405,MONDO:MONDO:0054565,False
MedGen:C4479416,MONDO:MONDO:0054565,False
MONDO:MONDO:0054565,MONDO:MONDO:0054565,False
OMIM:617425,MONDO:MONDO:0044312,False
MedGen:C4479452,MONDO:MONDO:0044312,False
MONDO:MONDO:0044312,MONDO:MONDO:0044312,False
MONDO:MONDO:0007847,MONDO:MONDO:0007847,False
OMIM:148100,MONDO:MONDO:0007847,False
MedGen:C3149494,MONDO:MONDO:0007847,False
Orphanet:401986,MONDO:MONDO:0013396,False
MedGen:C4478940,MONDO:MONDO:0013396,False
MONDO:MONDO:0013396,MONDO:MONDO:0013396,False
OMIM:613735,MONDO:MONDO:0013396,False
OMIM:617442,MONDO:MONDO:0044317,False
MedGen:C4479510,MONDO:MONDO:0044317,False
MONDO:MONDO:0044317,MONDO:MONDO:0044317,False
MONDO:MONDO:0044316,MONDO:MONDO:0044316,False
MedGen:C4479504,MONDO:MONDO:0044316,False
OMIM:617441,MONDO:MONDO:0044316,False
MedGen:C3711380,MONDO:MONDO:0015548,False
Orphanet:158266,MONDO:MONDO:0015548,False
MONDO:MONDO:0015548,MONDO:MONDO:0015548,False
MedGen:C4540131,MONDO:MONDO:0060568,False
Orphanet:529965,MONDO:MONDO:0060568,False
MONDO:MONDO:0060568,MONDO:MONDO:0060568,False
OMIM:617682,MONDO:MONDO:0060568,False
MONDO:MONDO:0054582,MONDO:MONDO:0054582,False
OMIM:617466,MONDO:MONDO:0054582,False
MedGen:C4479534,MONDO:MONDO:0054582,False
OMIM:617468,MONDO:MONDO:0060486,False
MedGen:C4479539,MONDO:MONDO:0060486,False
MONDO:MONDO:0060486,MONDO:MONDO:0060486,False
OMIM:618161,MONDO:MONDO:0032570,False
MedGen:C4748442,MONDO:MONDO:0032570,False
MONDO:MONDO:0032570,MONDO:MONDO:0032570,False
MedGen:C5193031,MONDO:MONDO:0032679,False
OMIM:618329,MONDO:MONDO:0032679,False
MONDO:MONDO:0032679,MONDO:MONDO:0032679,False
Orphanet:166035,MONDO:MONDO:0009598,False
OMIM:250410,MONDO:MONDO:0009598,False
MONDO:MONDO:0009598,MONDO:MONDO:0009598,False
MedGen:C1855188,MONDO:MONDO:0009598,False
OMIM:617478,MONDO:MONDO:0044321,False
MedGen:C4479549,MONDO:MONDO:0044321,False
MONDO:MONDO:0044321,MONDO:MONDO:0044321,False
MONDO:MONDO:0008913,MONDO:MONDO:0008913,False
OMIM:212093,MONDO:MONDO:0008913,False
MedGen:C1859330,MONDO:MONDO:0008913,False
MedGen:C3280527,MedGen:C3280527,False
Orphanet:309111,MedGen:C3280527,False
OMIM:614338,MedGen:C3280527,False
OMIM:210100,MONDO:MONDO:0008860,False
MedGen:C1859518,MONDO:MONDO:0008860,False
MONDO:MONDO:0008860,MONDO:MONDO:0008860,False
MedGen:C2700406,MONDO:MONDO:0008419,False
OMIM:181800,MONDO:MONDO:0008419,False
MONDO:MONDO:0008419,MONDO:MONDO:0008419,False
Orphanet:96069,MONDO:MONDO:0019870,False
MedGen:C4707665,MONDO:MONDO:0019870,False
MONDO:MONDO:0019870,MONDO:MONDO:0019870,False
MONDO:MONDO:0044315,MONDO:MONDO:0044315,False
MedGen:C4479496,MONDO:MONDO:0044315,False
OMIM:617439,MONDO:MONDO:0044315,False
MedGen:C4479588,MONDO:MONDO:0044721,False
MONDO:MONDO:0044721,MONDO:MONDO:0044721,False
Orphanet:504523,MONDO:MONDO:0044721,False
OMIM:617514,MONDO:MONDO:0044721,False
Orphanet:98834,MONDO:MONDO:0020320,False
MONDO:MONDO:0020320,MONDO:MONDO:0020320,False
MedGen:C1879321,MONDO:MONDO:0020320,False
MONDO:MONDO:0054591,MONDO:MONDO:0054591,False
MedGen:C4479599,MONDO:MONDO:0054591,False
OMIM:617516,MONDO:MONDO:0054591,False
MONDO:MONDO:0033014,MONDO:MONDO:0033014,False
OMIM:617526,MONDO:MONDO:0033014,False
MedGen:C4479620,MONDO:MONDO:0033014,False
MedGen:C4479613,MONDO:MONDO:0056797,False
MONDO:MONDO:0056797,MONDO:MONDO:0056797,False
OMIM:617523,MONDO:MONDO:0056797,False
MONDO:MONDO:0009174,MONDO:MONDO:0009174,False
OMIM:226300,MONDO:MONDO:0009174,False
MedGen:C4538570,MONDO:MONDO:0009174,False
MedGen:C4479636,MONDO:MONDO:0044322,False
OMIM:617532,MONDO:MONDO:0044322,False
MONDO:MONDO:0044322,MONDO:MONDO:0044322,False
OMIM:618251,MONDO:MONDO:0032634,False
MedGen:C4748838,MONDO:MONDO:0032634,False
MONDO:MONDO:0032634,MONDO:MONDO:0032634,False
MedGen:C0268226,MONDO:MONDO:0017734,False
MONDO:MONDO:0017734,MONDO:MONDO:0017734,False
Orphanet:309294,MONDO:MONDO:0017734,False
MedGen:C1868705,MONDO:MONDO:0020404,False
MONDO:MONDO:0020404,MONDO:MONDO:0020404,False
Orphanet:99063,MONDO:MONDO:0020404,False
MONDO:MONDO:0054602,MONDO:MONDO:0054602,False
OMIM:617542,MONDO:MONDO:0054602,False
MedGen:C4479640,MONDO:MONDO:0054602,False
Orphanet:459070,,True
MedGen:C4478383,,True
OMIM:300998,,True
Orphanet:435938,,True
MedGen:C4479652,MONDO:MONDO:0044738,False
OMIM:617557,MONDO:MONDO:0044738,False
MONDO:MONDO:0044738,MONDO:MONDO:0044738,False
Orphanet:506358,MONDO:MONDO:0044738,False
OMIM:617560,MONDO:MONDO:0033043,False
MedGen:C4479653,MONDO:MONDO:0033043,False
MONDO:MONDO:0033043,MONDO:MONDO:0033043,False
Orphanet:527497,MONDO:MONDO:0033043,False
MedGen:C4479655,MONDO:MONDO:0033046,False
MONDO:MONDO:0033046,MONDO:MONDO:0033046,False
OMIM:617564,MONDO:MONDO:0033046,False
MONDO:MONDO:0033047,MONDO:MONDO:0033047,False
MedGen:C4479656,MONDO:MONDO:0033047,False
OMIM:617565,MONDO:MONDO:0033047,False
OMIM:617561,MONDO:MONDO:0060510,False
MedGen:C4479654,MONDO:MONDO:0060510,False
MONDO:MONDO:0060510,MONDO:MONDO:0060510,False
MONDO:MONDO:0014410,MONDO:MONDO:0014410,False
Orphanet:363710,MONDO:MONDO:0014410,False
OMIM:615945,MONDO:MONDO:0014410,False
MedGen:C3889636,MONDO:MONDO:0014410,False
OMIM:617562,MONDO:MONDO:0033044,False
MedGen:C4539714,MONDO:MONDO:0033044,False
MONDO:MONDO:0033044,MONDO:MONDO:0033044,False
OMIM:618732,MONDO:MONDO:0032889,False
MONDO:MONDO:0032889,MONDO:MONDO:0032889,False
MedGen:C5231482,MONDO:MONDO:0032889,False
OMIM:618470,MONDO:MONDO:0032770,False
MONDO:MONDO:0032770,MONDO:MONDO:0032770,False
MedGen:C5193115,MONDO:MONDO:0032770,False
MedGen:C1850746,MONDO:MONDO:0009700,False
OMIM:254940,MONDO:MONDO:0009700,False
Orphanet:1358,MONDO:MONDO:0009700,False
MONDO:MONDO:0009700,MONDO:MONDO:0009700,False
OMIM:617575,MONDO:MONDO:0033203,False
Orphanet:506334,MONDO:MONDO:0033203,False
MedGen:C4540559,MONDO:MONDO:0033203,False
MONDO:MONDO:0033203,MONDO:MONDO:0033203,False
MedGen:C4539811,MONDO:MONDO:0054696,False
OMIM:617585,MONDO:MONDO:0054696,False
MONDO:MONDO:0054696,MONDO:MONDO:0054696,False
MONDO:MONDO:0033115,MONDO:MONDO:0033115,False
OMIM:617584,MONDO:MONDO:0033115,False
MedGen:C4539808,MONDO:MONDO:0033115,False
MedGen:C4539818,MONDO:MONDO:0054723,False
OMIM:617592,MONDO:MONDO:0054723,False
MONDO:MONDO:0054723,MONDO:MONDO:0054723,False
MedGen:C4539824,MONDO:MONDO:0054724,False
OMIM:617593,MONDO:MONDO:0054724,False
MONDO:MONDO:0054724,MONDO:MONDO:0054724,False
MedGen:C1291607,MONDO:MONDO:0060527,False
MONDO:MONDO:0060527,MONDO:MONDO:0060527,False
OMIM:617596,MONDO:MONDO:0060527,False
OMIM:617598,MONDO:MONDO:0054736,False
MONDO:MONDO:0054736,MONDO:MONDO:0054736,False
MedGen:C4539839,MONDO:MONDO:0054736,False
MedGen:C4539828,MONDO:MONDO:0044726,False
Orphanet:505242,MONDO:MONDO:0044726,False
MONDO:MONDO:0044726,MONDO:MONDO:0044726,False
OMIM:617595,MONDO:MONDO:0044726,False
OMIM:206500,MONDO:MONDO:0008791,False
MONDO:MONDO:0008791,MONDO:MONDO:0008791,False
Orphanet:1048,MONDO:MONDO:0008791,False
MedGen:C0002902,MONDO:MONDO:0008791,False
MedGen:C3281223,MedGen:C3281223,False
OMIM:614575,MedGen:C3281223,False
OMIM:617601,MONDO:MONDO:0030911,False
MedGen:C4539851,MONDO:MONDO:0030911,False
MONDO:MONDO:0030911,MONDO:MONDO:0030911,False
MONDO:MONDO:0021547,MONDO:MONDO:0021547,False
OMIM:617607,MONDO:MONDO:0021547,False
MedGen:C4539891,MONDO:MONDO:0021547,False
MONDO:MONDO:0033259,MONDO:MONDO:0033259,False
OMIM:617606,MONDO:MONDO:0033259,False
MedGen:C4539886,MONDO:MONDO:0033259,False
MedGen:C4539881,MONDO:MONDO:0033258,False
OMIM:617605,MONDO:MONDO:0033258,False
MONDO:MONDO:0033258,MONDO:MONDO:0033258,False
OMIM:617610,MONDO:MONDO:0033281,False
MedGen:C4539903,MONDO:MONDO:0033281,False
MONDO:MONDO:0033281,MONDO:MONDO:0033281,False
OMIM:618218,MONDO:MONDO:0033864,False
MedGen:C4748715,MONDO:MONDO:0033864,False
Orphanet:522077,MONDO:MONDO:0033864,False
MONDO:MONDO:0033864,MONDO:MONDO:0033864,False
MONDO:MONDO:0033262,MONDO:MONDO:0033262,False
MedGen:C4539896,MONDO:MONDO:0033262,False
OMIM:617609,MONDO:MONDO:0033262,False
MONDO:MONDO:0060642,MONDO:MONDO:0060642,False
MedGen:C4693405,MONDO:MONDO:0060642,False
OMIM:617865,MONDO:MONDO:0060642,False
MedGen:C4539927,MONDO:MONDO:0054636,False
MONDO:MONDO:0054636,MONDO:MONDO:0054636,False
Orphanet:513456,MONDO:MONDO:0054636,False
OMIM:617616,MONDO:MONDO:0054636,False
MedGen:C4539944,MONDO:MONDO:0033312,False
OMIM:617629,MONDO:MONDO:0033312,False
MONDO:MONDO:0033312,MONDO:MONDO:0033312,False
OMIM:617637,MONDO:MONDO:0033198,False
MedGen:C4539954,MONDO:MONDO:0033198,False
MONDO:MONDO:0033198,MONDO:MONDO:0033198,False
OMIM:617633,MONDO:MONDO:0033116,False
MedGen:C4539948,MONDO:MONDO:0033116,False
MONDO:MONDO:0033116,MONDO:MONDO:0033116,False
MONDO:MONDO:0033199,MONDO:MONDO:0033199,False
OMIM:617639,MONDO:MONDO:0033199,False
MedGen:C4539964,MONDO:MONDO:0033199,False
MedGen:C4539968,MONDO:MONDO:0060549,False
MONDO:MONDO:0060549,MONDO:MONDO:0060549,False
OMIM:617641,MONDO:MONDO:0060549,False
MONDO:MONDO:0054725,MONDO:MONDO:0054725,False
MedGen:C4539991,MONDO:MONDO:0054725,False
OMIM:617644,MONDO:MONDO:0054725,False
MONDO:MONDO:0009359,MONDO:MONDO:0009359,False
OMIM:236500,MONDO:MONDO:0009359,False
MedGen:C1856053,MONDO:MONDO:0009359,False
Orphanet:500135,MONDO:MONDO:0009359,False
MedGen:C4539997,MONDO:MONDO:0033200,False
MONDO:MONDO:0033200,MONDO:MONDO:0033200,False
OMIM:617654,MONDO:MONDO:0033200,False
MedGen:C4539951,MONDO:MONDO:0030912,False
OMIM:617635,MONDO:MONDO:0030912,False
Orphanet:502434,MONDO:MONDO:0030912,False
MONDO:MONDO:0030912,MONDO:MONDO:0030912,False
Orphanet:500180,MONDO:MONDO:0044701,False
MONDO:MONDO:0044701,MONDO:MONDO:0044701,False
MedGen:C4540086,MONDO:MONDO:0044701,False
OMIM:617672,MONDO:MONDO:0044701,False
MedGen:C4540205,,True
MedGen:C1328577,,True
MONDO:MONDO:0021574,,True
OMIM:617712,,True
MONDO:MONDO:0060556,MONDO:MONDO:0060556,False
Orphanet:527450,MONDO:MONDO:0060556,False
OMIM:617662,MONDO:MONDO:0060556,False
MedGen:C4540020,MONDO:MONDO:0060556,False
MedGen:C5193070,MONDO:MONDO:0020770,False
MONDO:MONDO:0020770,MONDO:MONDO:0020770,False
OMIM:618387,MONDO:MONDO:0020770,False
MedGen:C4522164,MedGen:C4522164,False
OMIM:617671,MedGen:C4522164,False
Orphanet:528105,MedGen:C4522164,False
MONDO:MONDO:0019373,MONDO:MONDO:0019373,False
Orphanet:83469,MONDO:MONDO:0019373,False
MedGen:C0281508,MONDO:MONDO:0019373,False
MONDO:MONDO:0033365,MONDO:MONDO:0033365,False
OMIM:617665,MONDO:MONDO:0033365,False
MedGen:C4540034,MONDO:MONDO:0033365,False
MONDO:MONDO:0044324,MONDO:MONDO:0044324,False
OMIM:617694,MONDO:MONDO:0044324,False
MedGen:C4540156,MONDO:MONDO:0044324,False
MedGen:C4540185,MONDO:MONDO:0054727,False
MONDO:MONDO:0054727,MONDO:MONDO:0054727,False
OMIM:617707,MONDO:MONDO:0054727,False
OMIM:617706,MONDO:MONDO:0054726,False
MONDO:MONDO:0054726,MONDO:MONDO:0054726,False
MedGen:C4540179,MONDO:MONDO:0054726,False
MONDO:MONDO:0044724,MONDO:MONDO:0044724,False
MedGen:C4540171,MONDO:MONDO:0044724,False
Orphanet:505216,MONDO:MONDO:0044724,False
OMIM:617698,MONDO:MONDO:0044724,False
OMIM:600627,MONDO:MONDO:0010907,False
MONDO:MONDO:0010907,MONDO:MONDO:0010907,False
Orphanet:2224,MONDO:MONDO:0010907,False
MedGen:C2931837,MONDO:MONDO:0010907,False
MONDO:MONDO:0033211,,True
OMIM:251280,,True
MONDO:MONDO:0009625,,True
MedGen:C4707858,,True
MedGen:C4538630,,True
Orphanet:319192,,True
MONDO:MONDO:0017868,,True
OMIM:617709,MONDO:MONDO:0060577,False
MONDO:MONDO:0060577,MONDO:MONDO:0060577,False
MedGen:C4540188,MONDO:MONDO:0060577,False
MONDO:MONDO:0032923,MONDO:MONDO:0032923,False
OMIM:618800,MONDO:MONDO:0032923,False
OMIM:612242,MONDO:MONDO:0012830,False
MedGen:C4225669,MONDO:MONDO:0012830,False
Orphanet:276413,MONDO:MONDO:0012830,False
MONDO:MONDO:0012830,MONDO:MONDO:0012830,False
MONDO:MONDO:0060582,MONDO:MONDO:0060582,False
MedGen:C4521678,MONDO:MONDO:0060582,False
Orphanet:542585,MONDO:MONDO:0060582,False
OMIM:617717,MONDO:MONDO:0060582,False
OMIM:617713,MONDO:MONDO:0054677,False
MONDO:MONDO:0054677,MONDO:MONDO:0054677,False
MedGen:C4540209,MONDO:MONDO:0054677,False
MedGen:C0278996,MONDO:MONDO:0005627,False
MONDO:MONDO:0005627,MONDO:MONDO:0005627,False
MedGen:C4540284,MONDO:MONDO:0021575,False
MONDO:MONDO:0021575,MONDO:MONDO:0021575,False
OMIM:617743,MONDO:MONDO:0021575,False
MONDO:MONDO:0033006,MONDO:MONDO:0033006,False
MedGen:C4538784,MONDO:MONDO:0033006,False
OMIM:301006,MONDO:MONDO:0033006,False
MedGen:C4540270,MONDO:MONDO:0033008,False
MONDO:MONDO:0033008,MONDO:MONDO:0033008,False
OMIM:617730,MONDO:MONDO:0033008,False
OMIM:617731,MONDO:MONDO:0033009,False
MONDO:MONDO:0033009,MONDO:MONDO:0033009,False
MedGen:C4540274,MONDO:MONDO:0033009,False
MONDO:MONDO:0060589,MONDO:MONDO:0060589,False
OMIM:617732,MONDO:MONDO:0060589,False
MedGen:C4540277,MONDO:MONDO:0060589,False
OMIM:617756,MONDO:MONDO:0033015,False
MONDO:MONDO:0033015,MONDO:MONDO:0033015,False
MedGen:C4540331,MONDO:MONDO:0033015,False
MONDO:MONDO:0054695,MONDO:MONDO:0054695,False
OMIM:617760,MONDO:MONDO:0054695,False
MedGen:C4540345,MONDO:MONDO:0054695,False
MONDO:MONDO:0044634,MONDO:MONDO:0044634,False
MedGen:C4540367,MONDO:MONDO:0044634,False
Orphanet:494439,MONDO:MONDO:0044634,False
OMIM:617763,MONDO:MONDO:0044634,False
OMIM:617762,MONDO:MONDO:0044718,False
MedGen:C4540358,MONDO:MONDO:0044718,False
MONDO:MONDO:0044718,MONDO:MONDO:0044718,False
Orphanet:502444,MONDO:MONDO:0044718,False
OMIM:617765,MONDO:MONDO:0054691,False
MONDO:MONDO:0054691,MONDO:MONDO:0054691,False
MedGen:C4540380,MONDO:MONDO:0054691,False
MONDO:MONDO:0054593,MONDO:MONDO:0054593,False
MedGen:C4479608,MONDO:MONDO:0054593,False
OMIM:617520,MONDO:MONDO:0054593,False
Orphanet:75373,,True
OMIM:600790,,True
Orphanet:75327,,True
MedGen:C1833321,,True
OMIM:136550,,True
MedGen:C0730294,,True
MONDO:MONDO:0007630,,True
MONDO:MONDO:0010932,,True
OMIM:617769,MONDO:MONDO:0033480,False
MONDO:MONDO:0033480,MONDO:MONDO:0033480,False
MedGen:C4540400,MONDO:MONDO:0033480,False
OMIM:616719,,True
MedGen:C4225236,,True
Orphanet:466794,,True
MONDO:MONDO:0014744,,True
MedGen:C5204605,,True
MedGen:C4540424,MONDO:MONDO:0030915,False
OMIM:617773,MONDO:MONDO:0030915,False
MONDO:MONDO:0030915,MONDO:MONDO:0030915,False
OMIM:617783,MONDO:MONDO:0033280,False
MedGen:C4540453,MONDO:MONDO:0033280,False
MONDO:MONDO:0033280,MONDO:MONDO:0033280,False
MedGen:C4521564,MONDO:MONDO:0044325,False
MONDO:MONDO:0044325,MONDO:MONDO:0044325,False
OMIM:617784,MONDO:MONDO:0044325,False
MONDO:MONDO:0030918,MONDO:MONDO:0030918,False
MedGen:C4540478,MONDO:MONDO:0030918,False
OMIM:617796,MONDO:MONDO:0030918,False
MONDO:MONDO:0030917,MONDO:MONDO:0030917,False
MedGen:C4540474,MONDO:MONDO:0030917,False
OMIM:617788,MONDO:MONDO:0030917,False
MONDO:MONDO:0054716,MONDO:MONDO:0054716,False
OMIM:617800,MONDO:MONDO:0054716,False
MedGen:C4540488,MONDO:MONDO:0054716,False
OMIM:618236,MONDO:MONDO:0032619,False
MONDO:MONDO:0032619,MONDO:MONDO:0032619,False
MedGen:C4748777,MONDO:MONDO:0032619,False
MONDO:MONDO:0060627,MONDO:MONDO:0060627,False
Orphanet:529665,MONDO:MONDO:0060627,False
OMIM:617810,MONDO:MONDO:0060627,False
MedGen:C4540520,MONDO:MONDO:0060627,False
OMIM:617807,MONDO:MONDO:0060624,False
MedGen:C4540498,MONDO:MONDO:0060624,False
MONDO:MONDO:0060624,MONDO:MONDO:0060624,False
Orphanet:324294,MONDO:MONDO:0017925,False
MONDO:MONDO:0017925,MONDO:MONDO:0017925,False
MedGen:C4749500,MONDO:MONDO:0017925,False
MONDO:MONDO:0008759,MONDO:MONDO:0008759,False
MedGen:C2752074,MONDO:MONDO:0008759,False
OMIM:203740,MONDO:MONDO:0008759,False
Orphanet:31,MONDO:MONDO:0008759,False
OMIM:613759,MONDO:MONDO:0013408,False
MedGen:C3151062,MONDO:MONDO:0013408,False
MONDO:MONDO:0013408,MONDO:MONDO:0013408,False
Orphanet:306550,MONDO:MONDO:0013408,False
Orphanet:2967,MONDO:MONDO:0008659,False
OMIM:193090,MONDO:MONDO:0008659,False
MedGen:C0342700,MONDO:MONDO:0008659,False
MONDO:MONDO:0008659,MONDO:MONDO:0008659,False
Orphanet:447731,MONDO:MONDO:0018642,False
MONDO:MONDO:0018642,MONDO:MONDO:0018642,False
MONDO:MONDO:0049221,MONDO:MONDO:0049221,False
OMIM:301010,MONDO:MONDO:0049221,False
MedGen:C4538795,MONDO:MONDO:0049221,False
MONDO:MONDO:0032855,MONDO:MONDO:0032855,False
OMIM:618659,MONDO:MONDO:0032855,False
MedGen:C5231448,MONDO:MONDO:0032855,False
MedGen:C4693356,MONDO:MONDO:0044725,False
OMIM:617827,MONDO:MONDO:0044725,False
Orphanet:505227,MONDO:MONDO:0044725,False
MONDO:MONDO:0044725,MONDO:MONDO:0044725,False
Orphanet:93352,MONDO:MONDO:0011252,False
MONDO:MONDO:0011252,MONDO:MONDO:0011252,False
MedGen:C1865185,MONDO:MONDO:0011252,False
OMIM:602557,MONDO:MONDO:0011252,False
MONDO:MONDO:0007828,MONDO:MONDO:0007828,False
MedGen:C4538468,MONDO:MONDO:0007828,False
OMIM:147430,MONDO:MONDO:0007828,False
MedGen:C1859878,MONDO:MONDO:0021035,False
MONDO:MONDO:0021035,MONDO:MONDO:0021035,False
OMIM:203650,MONDO:MONDO:0021035,False
Orphanet:103909,MONDO:MONDO:0012803,False
MedGen:C0268187,MONDO:MONDO:0012803,False
MONDO:MONDO:0012803,MONDO:MONDO:0012803,False
OMIM:612119,MONDO:MONDO:0012803,False
MedGen:C4693381,MONDO:MONDO:0027694,False
MONDO:MONDO:0027694,MONDO:MONDO:0027694,False
OMIM:617839,MONDO:MONDO:0027694,False
MedGen:C4693390,MONDO:MONDO:0060640,False
OMIM:617862,MONDO:MONDO:0060640,False
MONDO:MONDO:0060640,MONDO:MONDO:0060640,False
MONDO:MONDO:0054838,MONDO:MONDO:0054838,False
OMIM:618052,MONDO:MONDO:0054838,False
MedGen:C4748014,MONDO:MONDO:0054838,False
MedGen:C4748003,MONDO:MONDO:0054837,False
MONDO:MONDO:0054837,MONDO:MONDO:0054837,False
OMIM:618050,MONDO:MONDO:0054837,False
OMIM:617871,MONDO:MONDO:0036482,False
MedGen:C4693443,MONDO:MONDO:0036482,False
MONDO:MONDO:0036482,MONDO:MONDO:0036482,False
OMIM:617872,MedGen:C4693450,False
Orphanet:457223,MedGen:C4693450,False
MedGen:C4693450,MedGen:C4693450,False
MedGen:C4693498,MONDO:MONDO:0060650,False
MONDO:MONDO:0060650,MONDO:MONDO:0060650,False
OMIM:617879,MONDO:MONDO:0060650,False
OMIM:617885,MedGen:C4693522,False
MedGen:C4693522,MedGen:C4693522,False
OMIM:617898,MONDO:MONDO:0054752,False
MONDO:MONDO:0054752,MONDO:MONDO:0054752,False
MedGen:C4693531,MONDO:MONDO:0054752,False
OMIM:617899,MONDO:MONDO:0033486,False
MedGen:C4693535,MONDO:MONDO:0033486,False
MONDO:MONDO:0033486,MONDO:MONDO:0033486,False
OMIM:617900,MONDO:MONDO:0054754,False
MONDO:MONDO:0054754,MONDO:MONDO:0054754,False
MedGen:C4693542,MONDO:MONDO:0054754,False
MedGen:C4693552,MONDO:MONDO:0033483,False
MONDO:MONDO:0033483,MONDO:MONDO:0033483,False
OMIM:617907,MONDO:MONDO:0033483,False
MedGen:C4693556,MONDO:MONDO:0060662,False
OMIM:617911,MONDO:MONDO:0060662,False
MONDO:MONDO:0060662,MONDO:MONDO:0060662,False
OMIM:617912,MONDO:MONDO:0060663,False
MedGen:C4693563,MONDO:MONDO:0060663,False
MONDO:MONDO:0060663,MONDO:MONDO:0060663,False
OMIM:147630,MONDO:MONDO:0007834,False
MedGen:C1578917,MONDO:MONDO:0007834,False
MONDO:MONDO:0007834,MONDO:MONDO:0007834,False
MONDO:MONDO:0016107,MONDO:MONDO:0016107,False
MedGen:C0027126,MONDO:MONDO:0016107,False
Orphanet:206647,MONDO:MONDO:0016107,False
MedGen:C1969649,MONDO:MONDO:0012660,False
MONDO:MONDO:0012660,MONDO:MONDO:0012660,False
OMIM:611381,MONDO:MONDO:0012660,False
OMIM:231095,,True
MONDO:MONDO:0013597,,True
Orphanet:1802,,True
MONDO:MONDO:0009274,,True
MedGen:C0398635,,True
OMIM:614158,,True
MedGen:C1856465,,True
MedGen:C0272324,MONDO:MONDO:0015721,False
Orphanet:169808,MONDO:MONDO:0015721,False
MONDO:MONDO:0015721,MONDO:MONDO:0015721,False
OMIM:617920,MONDO:MONDO:0054765,False
MONDO:MONDO:0054765,MONDO:MONDO:0054765,False
MedGen:C4554421,MONDO:MONDO:0054765,False
OMIM:617914,MONDO:MONDO:0054761,False
MedGen:C4693572,MONDO:MONDO:0054761,False
MONDO:MONDO:0054761,MONDO:MONDO:0054761,False
MedGen:C4693609,MONDO:MONDO:0060670,False
OMIM:617921,MONDO:MONDO:0060670,False
MONDO:MONDO:0060670,MONDO:MONDO:0060670,False
MedGen:C0026327,MedGen:C0026327,False
OMIM:111300,MedGen:C0026327,False
MedGen:C0026363,,True
OMIM:617926,,True
MONDO:MONDO:0033375,,True
OMIM:252100,,True
Orphanet:2751,,True
MedGen:C4693640,,True
MONDO:MONDO:0009642,,True
MedGen:C4751232,MedGen:C4751232,False
Orphanet:98619,MedGen:C4751232,False
MONDO:MONDO:0054770,MONDO:MONDO:0054770,False
Orphanet:508501,MONDO:MONDO:0054770,False
OMIM:617927,MONDO:MONDO:0054770,False
MedGen:C4693651,MONDO:MONDO:0054770,False
OMIM:617928,MONDO:MONDO:0054771,False
MedGen:C4693660,MONDO:MONDO:0054771,False
MONDO:MONDO:0054771,MONDO:MONDO:0054771,False
MONDO:MONDO:0060671,MONDO:MONDO:0060671,False
OMIM:617924,MONDO:MONDO:0060671,False
MedGen:C4693613,MONDO:MONDO:0060671,False
MONDO:MONDO:0033369,MONDO:MONDO:0033369,False
MedGen:C4693663,MONDO:MONDO:0033369,False
OMIM:617929,MONDO:MONDO:0033369,False
MONDO:MONDO:0033370,MONDO:MONDO:0033370,False
OMIM:617933,MONDO:MONDO:0033370,False
MedGen:C4693688,MONDO:MONDO:0033370,False
OMIM:617941,MONDO:MONDO:0044205,False
MONDO:MONDO:0044205,MONDO:MONDO:0044205,False
MedGen:C4693704,MONDO:MONDO:0044205,False
MONDO:MONDO:0014080,MONDO:MONDO:0014080,False
OMIM:615198,MONDO:MONDO:0014080,False
MedGen:C3554665,MONDO:MONDO:0014080,False
Orphanet:500548,MONDO:MONDO:0014080,False
MedGen:C4747989,MONDO:MONDO:0054700,False
MONDO:MONDO:0054700,MONDO:MONDO:0054700,False
OMIM:618048,MONDO:MONDO:0054700,False
MedGen:C5193057,MONDO:MONDO:0032705,False
MONDO:MONDO:0032705,MONDO:MONDO:0032705,False
OMIM:618367,MONDO:MONDO:0032705,False
MedGen:C4303593,MONDO:MONDO:0019207,False
MONDO:MONDO:0019207,MONDO:MONDO:0019207,False
Orphanet:79134,MONDO:MONDO:0019207,False
MedGen:C4304411,MONDO:MONDO:0016354,False
Orphanet:220295,MONDO:MONDO:0016354,False
MONDO:MONDO:0016354,MONDO:MONDO:0016354,False
MONDO:MONDO:0010797,MONDO:MONDO:0010797,False
OMIM:557000,MONDO:MONDO:0010797,False
MedGen:C0342784,MONDO:MONDO:0010797,False
Orphanet:699,MONDO:MONDO:0010797,False
MONDO:MONDO:0049222,MONDO:MONDO:0049222,False
MedGen:C4692652,MONDO:MONDO:0049222,False
OMIM:301013,MONDO:MONDO:0049222,False
MedGen:C1859721,MONDO:MONDO:0008823,False
Orphanet:1143,MONDO:MONDO:0008823,False
MONDO:MONDO:0008823,MONDO:MONDO:0008823,False
OMIM:208100,MONDO:MONDO:0008823,False
Orphanet:157788,,True
Orphanet:1299,,True
MedGen:C0809936,,True
OMIM:211380,,True
MedGen:C4693736,MONDO:MONDO:0044329,False
OMIM:617952,MONDO:MONDO:0044329,False
MONDO:MONDO:0044329,MONDO:MONDO:0044329,False
OMIM:617931,MONDO:MONDO:0033482,False
MONDO:MONDO:0033482,MONDO:MONDO:0033482,False
MedGen:C4693672,MONDO:MONDO:0033482,False
MedGen:C4693733,MONDO:MONDO:0054782,False
MONDO:MONDO:0054782,MONDO:MONDO:0054782,False
OMIM:617951,MONDO:MONDO:0054782,False
MONDO:MONDO:0007765,MONDO:MONDO:0007765,False
Orphanet:443098,MONDO:MONDO:0007765,False
MedGen:C1840404,MONDO:MONDO:0007765,False
OMIM:144755,MONDO:MONDO:0007765,False
MONDO:MONDO:0026722,,True
OMIM:301043,,True
MedGen:C5193008,,True
OMIM:301022,,True
MONDO:MONDO:0054781,MONDO:MONDO:0054781,False
OMIM:617950,MONDO:MONDO:0054781,False
MedGen:C4693722,MONDO:MONDO:0054781,False
MedGen:C4693751,MONDO:MONDO:0054728,False
MONDO:MONDO:0054728,MONDO:MONDO:0054728,False
OMIM:617959,MONDO:MONDO:0054728,False
MedGen:C4693773,MONDO:MONDO:0054730,False
OMIM:617961,MONDO:MONDO:0054730,False
MONDO:MONDO:0054730,MONDO:MONDO:0054730,False
MedGen:C4693779,MONDO:MONDO:0054791,False
OMIM:617964,MONDO:MONDO:0054791,False
MONDO:MONDO:0054791,MONDO:MONDO:0054791,False
MedGen:C0042384,MONDO:MONDO:0018882,False
MONDO:MONDO:0018882,MONDO:MONDO:0018882,False
Orphanet:52759,MONDO:MONDO:0018882,False
MedGen:C0001118,,True
MedGen:C3279336,,True
MedGen:C1848178,,True
MedGen:C0425913,,True
MedGen:C4024632,,True
MedGen:C1859392,,True
MedGen:C1841990,,True
MedGen:C0266368,,True
MedGen:C1859391,,True
MedGen:C4693795,MedGen:C4693795,False
OMIM:617966,MedGen:C4693795,False
MONDO:MONDO:0054731,MONDO:MONDO:0054731,False
OMIM:617965,MONDO:MONDO:0054731,False
MedGen:C4693784,MONDO:MONDO:0054731,False
MONDO:MONDO:0019733,MONDO:MONDO:0019733,False
Orphanet:93562,MONDO:MONDO:0019733,False
MONDO:MONDO:0018733,MONDO:MONDO:0018733,False
Orphanet:464311,MONDO:MONDO:0018733,False
MONDO:MONDO:0054806,MONDO:MONDO:0054806,False
MedGen:C4693843,MONDO:MONDO:0054806,False
OMIM:617985,MONDO:MONDO:0054806,False
MONDO:MONDO:0054805,MONDO:MONDO:0054805,False
OMIM:617984,MONDO:MONDO:0054805,False
MedGen:C4693834,MONDO:MONDO:0054805,False
MONDO:MONDO:0054804,MONDO:MONDO:0054804,False
OMIM:617983,MONDO:MONDO:0054804,False
MedGen:C4693831,MONDO:MONDO:0054804,False
Orphanet:320346,MONDO:MONDO:0017915,False
MONDO:MONDO:0017915,MONDO:MONDO:0017915,False
MedGen:C0403823,,True
MedGen:C0403824,,True
MONDO:MONDO:0005196,,True
MONDO:MONDO:0060711,MONDO:MONDO:0060711,False
MedGen:C4693848,MONDO:MONDO:0060711,False
OMIM:617988,MONDO:MONDO:0060711,False
Orphanet:536532,MONDO:MONDO:0054813,False
MedGen:C4693870,MONDO:MONDO:0054813,False
MONDO:MONDO:0054813,MONDO:MONDO:0054813,False
OMIM:618000,MONDO:MONDO:0054813,False
OMIM:613884,MedGen:C3151302,False
MedGen:C3151302,MedGen:C3151302,False
OMIM:617996,MONDO:MONDO:0020837,False
MONDO:MONDO:0020837,MONDO:MONDO:0020837,False
OMIM:618011,MONDO:MONDO:0044330,False
MedGen:C4693933,MONDO:MONDO:0044330,False
MONDO:MONDO:0044330,MONDO:MONDO:0044330,False
MONDO:MONDO:0019284,MONDO:MONDO:0019284,False
Orphanet:79369,MONDO:MONDO:0019284,False
MONDO:MONDO:0044777,MONDO:MONDO:0044777,False
MedGen:C4693941,MONDO:MONDO:0044777,False
OMIM:618014,MONDO:MONDO:0044777,False
OMIM:618013,MONDO:MONDO:0033202,False
MONDO:MONDO:0033202,MONDO:MONDO:0033202,False
MedGen:C4693935,MONDO:MONDO:0033202,False
MedGen:C0268524,MONDO:MONDO:0009285,False
MONDO:MONDO:0009285,MONDO:MONDO:0009285,False
OMIM:231950,MONDO:MONDO:0009285,False
Orphanet:33573,MONDO:MONDO:0009285,False
OMIM:618015,MONDO:MONDO:0060729,False
MedGen:C4693947,MONDO:MONDO:0060729,False
MONDO:MONDO:0060729,MONDO:MONDO:0060729,False
MONDO:MONDO:0060724,MONDO:MONDO:0060724,False
MedGen:C4747891,MONDO:MONDO:0060724,False
OMIM:618010,MONDO:MONDO:0060724,False
MedGen:C4747923,MONDO:MONDO:0060732,False
MONDO:MONDO:0060732,MONDO:MONDO:0060732,False
OMIM:618021,MONDO:MONDO:0060732,False
MONDO:MONDO:0060733,MONDO:MONDO:0060733,False
OMIM:618022,MONDO:MONDO:0060733,False
MedGen:C4747940,MONDO:MONDO:0060733,False
Orphanet:895,MONDO:MONDO:0019517,False
MedGen:C2700265,MONDO:MONDO:0019517,False
MONDO:MONDO:0019517,MONDO:MONDO:0019517,False
Orphanet:521414,MONDO:MONDO:0054833,False
OMIM:618036,MONDO:MONDO:0054833,False
MedGen:C4747974,MONDO:MONDO:0054833,False
MONDO:MONDO:0054833,MONDO:MONDO:0054833,False
OMIM:301026,MONDO:MONDO:0009720,False
MONDO:MONDO:0009720,MONDO:MONDO:0009720,False
Orphanet:2662,MONDO:MONDO:0009720,False
MedGen:C1850627,MONDO:MONDO:0009720,False
MONDO:MONDO:0032844,MONDO:MONDO:0032844,False
OMIM:618641,MONDO:MONDO:0032844,False
MedGen:C5231437,MONDO:MONDO:0032844,False
MONDO:MONDO:0054836,MONDO:MONDO:0054836,False
OMIM:618049,MONDO:MONDO:0054836,False
MedGen:C4747991,MONDO:MONDO:0054836,False
OMIM:618252,MONDO:MONDO:0032635,False
MONDO:MONDO:0032635,MONDO:MONDO:0032635,False
MedGen:C4748839,MONDO:MONDO:0032635,False
OMIM:612108,MedGen:C2677501,False
MedGen:C2677501,MedGen:C2677501,False
MedGen:C4551503,MONDO:MONDO:0024525,False
OMIM:134600,MONDO:MONDO:0024525,False
MONDO:MONDO:0024525,MONDO:MONDO:0024525,False
MedGen:C0342735,MONDO:MONDO:0013548,False
OMIM:614055,MONDO:MONDO:0013548,False
MONDO:MONDO:0013548,MONDO:MONDO:0013548,False
MONDO:MONDO:0016236,MONDO:MONDO:0016236,False
MedGen:C1367420,MONDO:MONDO:0016236,False
Orphanet:2122,MONDO:MONDO:0016236,False
OMIM:301024,MONDO:MONDO:0026723,False
MONDO:MONDO:0026723,MONDO:MONDO:0026723,False
MedGen:C5193009,MONDO:MONDO:0026723,False
MedGen:C3887942,MONDO:MONDO:0011704,False
OMIM:606689,MONDO:MONDO:0011704,False
MONDO:MONDO:0011704,MONDO:MONDO:0011704,False
OMIM:617591,MONDO:MONDO:0054699,False
MONDO:MONDO:0054699,MONDO:MONDO:0054699,False
MedGen:C4747850,MONDO:MONDO:0054699,False
OMIM:618148,MedGen:C4748387,False
MedGen:C4748387,MedGen:C4748387,False
OMIM:182970,MONDO:MONDO:0008452,False
MedGen:C1866783,MONDO:MONDO:0008452,False
MONDO:MONDO:0008452,MONDO:MONDO:0008452,False
Orphanet:140468,MONDO:MONDO:0015363,False
MONDO:MONDO:0015363,MONDO:MONDO:0015363,False
MedGen:C4748044,MONDO:MONDO:0054842,False
MONDO:MONDO:0054842,MONDO:MONDO:0054842,False
OMIM:618061,MONDO:MONDO:0054842,False
MONDO:MONDO:0054843,MONDO:MONDO:0054843,False
OMIM:618063,MONDO:MONDO:0054843,False
MedGen:C4748052,MONDO:MONDO:0054843,False
OMIM:301014,MONDO:MONDO:0049223,False
MedGen:C4746956,MONDO:MONDO:0049223,False
MONDO:MONDO:0049223,MONDO:MONDO:0049223,False
MONDO:MONDO:0054847,MONDO:MONDO:0054847,False
MedGen:C4748080,MONDO:MONDO:0054847,False
OMIM:618075,MONDO:MONDO:0054847,False
OMIM:618074,MONDO:MONDO:0054846,False
MONDO:MONDO:0054846,MONDO:MONDO:0054846,False
MedGen:C4748079,MONDO:MONDO:0054846,False
MedGen:C4748081,MONDO:MONDO:0060752,False
MONDO:MONDO:0060752,MONDO:MONDO:0060752,False
OMIM:618076,MONDO:MONDO:0060752,False
MedGen:C4748083,MONDO:MONDO:0054849,False
MONDO:MONDO:0054849,MONDO:MONDO:0054849,False
OMIM:618077,MONDO:MONDO:0054849,False
MONDO:MONDO:0054850,MONDO:MONDO:0054850,False
OMIM:618078,MONDO:MONDO:0054850,False
MedGen:C4748084,MONDO:MONDO:0054850,False
MedGen:C4748092,MedGen:C4748092,False
OMIM:618079,MedGen:C4748092,False
MedGen:C4748093,MONDO:MONDO:0054852,False
MONDO:MONDO:0054852,MONDO:MONDO:0054852,False
OMIM:618084,MONDO:MONDO:0054852,False
OMIM:618090,MONDO:MONDO:0060761,False
MONDO:MONDO:0060761,MONDO:MONDO:0060761,False
MedGen:C4748137,MONDO:MONDO:0060761,False
OMIM:618088,MONDO:MONDO:0060759,False
MedGen:C4748127,MONDO:MONDO:0060759,False
MONDO:MONDO:0060759,MONDO:MONDO:0060759,False
MedGen:C4748142,MONDO:MONDO:0054733,False
MONDO:MONDO:0054733,MONDO:MONDO:0054733,False
OMIM:618091,MONDO:MONDO:0054733,False
MedGen:C0206702,MONDO:MONDO:0003345,False
MONDO:MONDO:0003345,MONDO:MONDO:0003345,False
Orphanet:99978,MONDO:MONDO:0003345,False
MONDO:MONDO:0060455,MONDO:MONDO:0060455,False
MedGen:C4746970,MONDO:MONDO:0060455,False
OMIM:301015,MONDO:MONDO:0060455,False
OMIM:618095,MONDO:MONDO:0054861,False
MedGen:C4748167,MONDO:MONDO:0054861,False
MONDO:MONDO:0054861,MONDO:MONDO:0054861,False
MedGen:C4748192,MONDO:MONDO:0020846,False
MONDO:MONDO:0020846,MONDO:MONDO:0020846,False
OMIM:618103,MONDO:MONDO:0020846,False
MONDO:MONDO:0032775,MONDO:MONDO:0032775,False
OMIM:618480,MONDO:MONDO:0032775,False
MedGen:C5193119,MONDO:MONDO:0032775,False
OMIM:618097,MedGen:C4748176,False
Orphanet:508512,MedGen:C4748176,False
MedGen:C4748176,MedGen:C4748176,False
OMIM:605429,MONDO:MONDO:0011554,False
MedGen:C1854274,MONDO:MONDO:0011554,False
MONDO:MONDO:0011554,MONDO:MONDO:0011554,False
OMIM:618107,MONDO:MONDO:0020848,False
MONDO:MONDO:0020848,MONDO:MONDO:0020848,False
MedGen:C4748197,MONDO:MONDO:0020848,False
MONDO:MONDO:0020851,MONDO:MONDO:0020851,False
OMIM:618110,MONDO:MONDO:0020851,False
MedGen:C4748224,MONDO:MONDO:0020851,False
MONDO:MONDO:0020852,MONDO:MONDO:0020852,False
OMIM:618112,MONDO:MONDO:0020852,False
MedGen:C4748234,MONDO:MONDO:0020852,False
OMIM:618109,MONDO:MONDO:0020850,False
MedGen:C4748219,MONDO:MONDO:0020850,False
MONDO:MONDO:0020850,MONDO:MONDO:0020850,False
OMIM:618113,MONDO:MONDO:0020853,False
MedGen:C4722446,MONDO:MONDO:0020853,False
MONDO:MONDO:0020853,MONDO:MONDO:0020853,False
MedGen:C3553794,,True
OMIM:618115,,True
MedGen:C4748253,,True
MONDO:MONDO:0020855,,True
MedGen:C4748257,MONDO:MONDO:0020856,False
MONDO:MONDO:0020856,MONDO:MONDO:0020856,False
OMIM:618116,MONDO:MONDO:0020856,False
MONDO:MONDO:0011811,MONDO:MONDO:0011811,False
OMIM:607317,MONDO:MONDO:0011811,False
Orphanet:95434,MONDO:MONDO:0011811,False
MedGen:C1846492,MONDO:MONDO:0011811,False
MONDO:MONDO:0029130,MONDO:MONDO:0029130,False
MedGen:C4748277,MONDO:MONDO:0029130,False
OMIM:618123,MONDO:MONDO:0029130,False
MONDO:MONDO:0029132,MONDO:MONDO:0029132,False
MedGen:C4748292,MONDO:MONDO:0029132,False
OMIM:618126,MONDO:MONDO:0029132,False
MedGen:C4748898,MONDO:MONDO:0032645,False
MONDO:MONDO:0032645,MONDO:MONDO:0032645,False
OMIM:618268,MONDO:MONDO:0032645,False
MedGen:C4748348,MONDO:MONDO:0020647,False
MONDO:MONDO:0020647,MONDO:MONDO:0020647,False
OMIM:618142,MONDO:MONDO:0020647,False
MONDO:MONDO:0029140,MONDO:MONDO:0029140,False
MedGen:C4748357,MONDO:MONDO:0029140,False
OMIM:618143,MONDO:MONDO:0029140,False
MedGen:C4748374,MONDO:MONDO:0029142,False
MONDO:MONDO:0029142,MONDO:MONDO:0029142,False
OMIM:618145,MONDO:MONDO:0029142,False
MONDO:MONDO:0008495,MONDO:MONDO:0008495,False
MedGen:C0032197,MONDO:MONDO:0008495,False
OMIM:185050,MONDO:MONDO:0008495,False
Orphanet:734,MONDO:MONDO:0008495,False
Orphanet:98914,MONDO:MONDO:0020345,False
MONDO:MONDO:0020345,MONDO:MONDO:0020345,False
MONDO:MONDO:0029143,MONDO:MONDO:0029143,False
MedGen:C4748381,MONDO:MONDO:0029143,False
OMIM:618147,MONDO:MONDO:0029143,False
MONDO:MONDO:0002927,MONDO:MONDO:0002927,False
MedGen:C0205945,MONDO:MONDO:0002927,False
MedGen:C5193006,,True
OMIM:245450,,True
MedGen:C4073168,,True
MONDO:MONDO:0009505,,True
MedGen:C4748403,MONDO:MONDO:0029148,False
OMIM:618153,MONDO:MONDO:0029148,False
MONDO:MONDO:0029148,MONDO:MONDO:0029148,False
MONDO:MONDO:0032579,MONDO:MONDO:0032579,False
OMIM:618175,MONDO:MONDO:0032579,False
MedGen:C5193019,MONDO:MONDO:0032579,False
OMIM:618156,MONDO:MONDO:0032566,False
MONDO:MONDO:0032566,MONDO:MONDO:0032566,False
MedGen:C4748427,MONDO:MONDO:0032566,False
OMIM:618162,MONDO:MONDO:0032571,False
MedGen:C4748455,MONDO:MONDO:0032571,False
MONDO:MONDO:0032571,MONDO:MONDO:0032571,False
MedGen:C4748435,MONDO:MONDO:0032569,False
MONDO:MONDO:0032569,MONDO:MONDO:0032569,False
OMIM:618160,MONDO:MONDO:0032569,False
MONDO:MONDO:0032568,MONDO:MONDO:0032568,False
OMIM:618158,MONDO:MONDO:0032568,False
MedGen:C4748428,MONDO:MONDO:0032568,False
MedGen:C0268181,MedGen:C0268181,False
OMIM:223100,MedGen:C0268181,False
MONDO:MONDO:0017359,MONDO:MONDO:0017359,False
MedGen:C3696376,MONDO:MONDO:0017359,False
Orphanet:289902,MONDO:MONDO:0017359,False
OMIM:618173,MONDO:MONDO:0032577,False
MedGen:C4748536,MONDO:MONDO:0032577,False
MONDO:MONDO:0032577,MONDO:MONDO:0032577,False
OMIM:618174,MONDO:MONDO:0032578,False
MONDO:MONDO:0032578,MONDO:MONDO:0032578,False
MedGen:C4748540,MONDO:MONDO:0032578,False
Orphanet:98824,MONDO:MONDO:0020312,False
MONDO:MONDO:0020312,MONDO:MONDO:0020312,False
MONDO:MONDO:0032526,MONDO:MONDO:0032526,False
OMIM:618093,MONDO:MONDO:0032526,False
MedGen:C4748158,MONDO:MONDO:0032526,False
MONDO:MONDO:0100095,MONDO:MONDO:0100095,False
MedGen:C4748527,MONDO:MONDO:0100095,False
OMIM:618170,MONDO:MONDO:0100095,False
MedGen:C4748545,MONDO:MONDO:0032580,False
MONDO:MONDO:0032580,MONDO:MONDO:0032580,False
OMIM:618176,MONDO:MONDO:0032580,False
OMIM:618177,MONDO:MONDO:0032581,False
MONDO:MONDO:0032581,MONDO:MONDO:0032581,False
MedGen:C4748549,MONDO:MONDO:0032581,False
MedGen:C4748552,MONDO:MONDO:0032582,False
MONDO:MONDO:0032582,MONDO:MONDO:0032582,False
OMIM:618178,MONDO:MONDO:0032582,False
MedGen:C4748579,MONDO:MONDO:0032586,False
OMIM:618183,MONDO:MONDO:0032586,False
MONDO:MONDO:0032586,MONDO:MONDO:0032586,False
OMIM:618179,MONDO:MONDO:0032583,False
MONDO:MONDO:0032583,MONDO:MONDO:0032583,False
MedGen:C4748555,MONDO:MONDO:0032583,False
OMIM:618185,MONDO:MONDO:0032588,False
MedGen:C4748602,MONDO:MONDO:0032588,False
MONDO:MONDO:0032588,MONDO:MONDO:0032588,False
MONDO:MONDO:0020751,MONDO:MONDO:0020751,False
OMIM:618182,MONDO:MONDO:0020751,False
MedGen:C4748569,MONDO:MONDO:0020751,False
MedGen:C1300287,MONDO:MONDO:0032591,False
OMIM:618188,MONDO:MONDO:0032591,False
MONDO:MONDO:0032591,MONDO:MONDO:0032591,False
OMIM:301018,MONDO:MONDO:0044702,False
MedGen:C4746975,MONDO:MONDO:0044702,False
MONDO:MONDO:0044702,MONDO:MONDO:0044702,False
Orphanet:500188,MONDO:MONDO:0044702,False
OMIM:618189,MONDO:MONDO:0032592,False
MedGen:C4748647,MONDO:MONDO:0032592,False
MONDO:MONDO:0032592,MONDO:MONDO:0032592,False
MONDO:MONDO:0032590,MONDO:MONDO:0032590,False
MedGen:C4748626,MONDO:MONDO:0032590,False
OMIM:618187,MONDO:MONDO:0032590,False
OMIM:618196,MONDO:MONDO:0020785,False
MONDO:MONDO:0020785,MONDO:MONDO:0020785,False
MedGen:C4748670,MONDO:MONDO:0020785,False
MedGen:C4748678,MONDO:MONDO:0032596,False
OMIM:618197,MONDO:MONDO:0032596,False
MONDO:MONDO:0032596,MONDO:MONDO:0032596,False
MONDO:MONDO:0032599,MONDO:MONDO:0032599,False
MedGen:C4748694,MONDO:MONDO:0032599,False
OMIM:618204,MONDO:MONDO:0032599,False
MedGen:C4748688,MONDO:MONDO:0032598,False
MONDO:MONDO:0032598,MONDO:MONDO:0032598,False
OMIM:618201,MONDO:MONDO:0032598,False
Orphanet:93334,,True
MedGen:C4748721,,True
MONDO:MONDO:0019673,,True
OMIM:618219,,True
MedGen:C3887487,,True
MONDO:MONDO:0032603,,True
MedGen:C5193024,MONDO:MONDO:0032672,False
OMIM:618316,MONDO:MONDO:0032672,False
MONDO:MONDO:0032672,MONDO:MONDO:0032672,False
OMIM:300232,,True
Orphanet:168448,,True
MedGen:C1846148,,True
Orphanet:83629,,True
MedGen:C4748855,MONDO:MONDO:0032639,False
MONDO:MONDO:0032639,MONDO:MONDO:0032639,False
OMIM:618257,MONDO:MONDO:0032639,False
MONDO:MONDO:0013182,MONDO:MONDO:0013182,False
OMIM:613215,MONDO:MONDO:0013182,False
Orphanet:217385,MONDO:MONDO:0013182,False
MedGen:C3808300,MONDO:MONDO:0013182,False
MedGen:C2678480,MONDO:MONDO:0012740,False
Orphanet:261330,MONDO:MONDO:0012740,False
OMIM:611867,MONDO:MONDO:0012740,False
MONDO:MONDO:0012740,MONDO:MONDO:0012740,False
OMIM:618352,MONDO:MONDO:0022113,False
MedGen:C1274708,MONDO:MONDO:0022113,False
MONDO:MONDO:0022113,MONDO:MONDO:0022113,False
MedGen:C1856263,MONDO:MONDO:0009305,False
OMIM:233600,MONDO:MONDO:0009305,False
MONDO:MONDO:0009305,MONDO:MONDO:0009305,False
OMIM:618254,MONDO:MONDO:0032637,False
MedGen:C4748841,MONDO:MONDO:0032637,False
MONDO:MONDO:0032637,MONDO:MONDO:0032637,False
MONDO:MONDO:0009795,MONDO:MONDO:0009795,False
OMIM:258865,MONDO:MONDO:0009795,False
MedGen:C0796102,MONDO:MONDO:0009795,False
Orphanet:141007,MONDO:MONDO:0009795,False
OMIM:618265,MONDO:MONDO:0032642,False
MedGen:C4748872,MONDO:MONDO:0032642,False
MONDO:MONDO:0032642,MONDO:MONDO:0032642,False
OMIM:618267,MONDO:MONDO:0032644,False
MedGen:C4748876,MONDO:MONDO:0032644,False
MONDO:MONDO:0032644,MONDO:MONDO:0032644,False
MedGen:C0159970,,True
MedGen:C1840068,,True
MedGen:C1968606,,True
MedGen:C4748930,MONDO:MONDO:0032649,False
OMIM:618275,MONDO:MONDO:0032649,False
MONDO:MONDO:0032649,MONDO:MONDO:0032649,False
MONDO:MONDO:0032641,MONDO:MONDO:0032641,False
OMIM:618264,MONDO:MONDO:0032641,False
MedGen:C4748869,MONDO:MONDO:0032641,False
Orphanet:538958,MONDO:MONDO:0034054,False
OMIM:618261,MONDO:MONDO:0034054,False
MedGen:C4748863,MONDO:MONDO:0034054,False
MONDO:MONDO:0034054,MONDO:MONDO:0034054,False
MedGen:C4748873,MONDO:MONDO:0032643,False
OMIM:618266,MONDO:MONDO:0032643,False
MONDO:MONDO:0032643,MONDO:MONDO:0032643,False
MONDO:MONDO:0032833,MONDO:MONDO:0032833,False
MedGen:C5231427,MONDO:MONDO:0032833,False
OMIM:618612,MONDO:MONDO:0032833,False
MONDO:MONDO:0032651,MONDO:MONDO:0032651,False
OMIM:618278,MONDO:MONDO:0032651,False
MedGen:C4748939,MONDO:MONDO:0032651,False
OMIM:618284,MONDO:MONDO:0032656,False
MedGen:C4748984,MONDO:MONDO:0032656,False
MONDO:MONDO:0032656,MONDO:MONDO:0032656,False
MONDO:MONDO:0032655,MONDO:MONDO:0032655,False
MedGen:C4748978,MONDO:MONDO:0032655,False
OMIM:618283,MONDO:MONDO:0032655,False
MedGen:C4748969,MONDO:MONDO:0032654,False
MONDO:MONDO:0032654,MONDO:MONDO:0032654,False
OMIM:618282,MONDO:MONDO:0032654,False
MONDO:MONDO:0004557,MONDO:MONDO:0004557,False
MedGen:C0334459,MONDO:MONDO:0004557,False
MedGen:C4748997,MONDO:MONDO:0032659,False
MONDO:MONDO:0032659,MONDO:MONDO:0032659,False
OMIM:618287,MONDO:MONDO:0032659,False
OMIM:618298,MONDO:MONDO:0032663,False
MONDO:MONDO:0032663,MONDO:MONDO:0032663,False
MedGen:C4749023,MONDO:MONDO:0032663,False
OMIM:618300,MONDO:MONDO:0032664,False
MedGen:C4749028,MONDO:MONDO:0032664,False
MONDO:MONDO:0032664,MONDO:MONDO:0032664,False
MedGen:C1443228,MONDO:MONDO:0011642,False
OMIM:606175,MONDO:MONDO:0011642,False
MONDO:MONDO:0011642,MONDO:MONDO:0011642,False
MONDO:MONDO:0032665,MONDO:MONDO:0032665,False
MedGen:C4749033,MONDO:MONDO:0032665,False
OMIM:618302,MONDO:MONDO:0032665,False
MONDO:MONDO:0032666,MONDO:MONDO:0032666,False
OMIM:618307,MONDO:MONDO:0032666,False
MedGen:C4749042,MONDO:MONDO:0032666,False
MONDO:MONDO:0020788,MONDO:MONDO:0020788,False
OMIM:618314,MONDO:MONDO:0020788,False
MedGen:C5193023,MONDO:MONDO:0020788,False
MONDO:MONDO:0032670,MONDO:MONDO:0032670,False
MedGen:C5193022,MONDO:MONDO:0032670,False
OMIM:618313,MONDO:MONDO:0032670,False
OMIM:618310,MONDO:MONDO:0032668,False
MedGen:C5193020,MONDO:MONDO:0032668,False
MONDO:MONDO:0032668,MONDO:MONDO:0032668,False
OMIM:618312,MONDO:MONDO:0032669,False
MONDO:MONDO:0032669,MONDO:MONDO:0032669,False
MedGen:C5193021,MONDO:MONDO:0032669,False
MONDO:MONDO:0034121,MONDO:MONDO:0034121,False
OMIM:618321,MONDO:MONDO:0034121,False
Orphanet:555402,MONDO:MONDO:0034121,False
MedGen:C5193026,MONDO:MONDO:0034121,False
MONDO:MONDO:0032678,MONDO:MONDO:0032678,False
OMIM:618328,MONDO:MONDO:0032678,False
MedGen:C5193030,MONDO:MONDO:0032678,False
OMIM:614979,MONDO:MONDO:0013999,False
Orphanet:313800,MONDO:MONDO:0013999,False
MONDO:MONDO:0013999,MONDO:MONDO:0013999,False
MedGen:C3554278,MONDO:MONDO:0013999,False
MONDO:MONDO:0020777,MONDO:MONDO:0020777,False
MedGen:C5193028,MONDO:MONDO:0020777,False
OMIM:618324,MONDO:MONDO:0020777,False
OMIM:618333,MONDO:MONDO:0020769,False
MONDO:MONDO:0020769,MONDO:MONDO:0020769,False
MedGen:C5193035,MONDO:MONDO:0020769,False
OMIM:618339,MONDO:MONDO:0032685,False
MedGen:C5193037,MONDO:MONDO:0032685,False
MONDO:MONDO:0032685,MONDO:MONDO:0032685,False
OMIM:618341,MONDO:MONDO:0032686,False
MedGen:C5193038,MONDO:MONDO:0032686,False
MONDO:MONDO:0032686,MONDO:MONDO:0032686,False
Orphanet:168811,MONDO:MONDO:0005512,False
MedGen:C0346109,MONDO:MONDO:0005512,False
MONDO:MONDO:0005512,MONDO:MONDO:0005512,False
OMIM:618345,MONDO:MONDO:0032689,False
MONDO:MONDO:0032689,MONDO:MONDO:0032689,False
MedGen:C5193041,MONDO:MONDO:0032689,False
MONDO:MONDO:0032694,MONDO:MONDO:0032694,False
MedGen:C5193046,MONDO:MONDO:0032694,False
OMIM:618351,MONDO:MONDO:0032694,False
MedGen:C5193047,MONDO:MONDO:0032696,False
OMIM:618353,MONDO:MONDO:0032696,False
MONDO:MONDO:0032696,MONDO:MONDO:0032696,False
MONDO:MONDO:0032690,MONDO:MONDO:0032690,False
OMIM:618346,MONDO:MONDO:0032690,False
MedGen:C5193042,MONDO:MONDO:0032690,False
MedGen:C5193045,MONDO:MONDO:0032693,False
OMIM:618349,MONDO:MONDO:0032693,False
MONDO:MONDO:0032693,MONDO:MONDO:0032693,False
OMIM:618356,MONDO:MONDO:0032698,False
MONDO:MONDO:0032698,MONDO:MONDO:0032698,False
MedGen:C5193049,MONDO:MONDO:0032698,False
MONDO:MONDO:0032703,MONDO:MONDO:0032703,False
MedGen:C5193055,MONDO:MONDO:0032703,False
OMIM:618363,MONDO:MONDO:0032703,False
MONDO:MONDO:0032790,MONDO:MONDO:0032790,False
OMIM:618505,MONDO:MONDO:0032790,False
MedGen:C5193134,MONDO:MONDO:0032790,False
OMIM:618364,MONDO:MONDO:0100092,False
MONDO:MONDO:0100092,MONDO:MONDO:0100092,False
MedGen:C5193056,MONDO:MONDO:0100092,False
MONDO:MONDO:0100105,MONDO:MONDO:0100105,False
OMIM:618360,MONDO:MONDO:0100105,False
MedGen:C5193053,MONDO:MONDO:0100105,False
MONDO:MONDO:0032828,MONDO:MONDO:0032828,False
MedGen:C5231422,MONDO:MONDO:0032828,False
OMIM:618598,MONDO:MONDO:0032828,False
MONDO:MONDO:0008834,MONDO:MONDO:0008834,False
MedGen:C1859648,MONDO:MONDO:0008834,False
OMIM:208550,MONDO:MONDO:0008834,False
MONDO:MONDO:0032706,MONDO:MONDO:0032706,False
MedGen:C5193058,MONDO:MONDO:0032706,False
OMIM:618369,MONDO:MONDO:0032706,False
OMIM:127500,MONDO:MONDO:0024524,False
MedGen:C2675711,MONDO:MONDO:0024524,False
MONDO:MONDO:0024524,MONDO:MONDO:0024524,False
MONDO:MONDO:0032710,MONDO:MONDO:0032710,False
MedGen:C5193063,MONDO:MONDO:0032710,False
OMIM:618374,MONDO:MONDO:0032710,False
MedGen:C5193065,MONDO:MONDO:0034106,False
Orphanet:544503,MONDO:MONDO:0034106,False
MONDO:MONDO:0034106,MONDO:MONDO:0034106,False
OMIM:618379,MONDO:MONDO:0034106,False
MONDO:MONDO:0032712,MONDO:MONDO:0032712,False
OMIM:618378,MONDO:MONDO:0032712,False
MedGen:C5193064,MONDO:MONDO:0032712,False
MONDO:MONDO:0032715,MONDO:MONDO:0032715,False
MedGen:C5193067,MONDO:MONDO:0032715,False
OMIM:618383,MONDO:MONDO:0032715,False
Orphanet:98343,MONDO:MONDO:0020091,False
MONDO:MONDO:0020091,MONDO:MONDO:0020091,False
MedGen:C5193069,MONDO:MONDO:0032717,False
MONDO:MONDO:0032717,MONDO:MONDO:0032717,False
OMIM:618386,MONDO:MONDO:0032717,False
OMIM:606220,MONDO:MONDO:0011651,False
MedGen:C1853507,MONDO:MONDO:0011651,False
MONDO:MONDO:0011651,MONDO:MONDO:0011651,False
MedGen:C5193068,MONDO:MONDO:0032716,False
MONDO:MONDO:0032716,MONDO:MONDO:0032716,False
OMIM:618384,MONDO:MONDO:0032716,False
MedGen:C5193071,MONDO:MONDO:0032721,False
OMIM:618392,MONDO:MONDO:0032721,False
MONDO:MONDO:0032721,MONDO:MONDO:0032721,False
MONDO:MONDO:0027048,MONDO:MONDO:0027048,False
MedGen:C5193013,MONDO:MONDO:0027048,False
OMIM:400047,MONDO:MONDO:0027048,False
MedGen:C4760578,MONDO:MONDO:0100104,False
MONDO:MONDO:0100104,MONDO:MONDO:0100104,False
OMIM:618393,MONDO:MONDO:0100104,False
MedGen:C2674937,MONDO:MONDO:0012315,False
Orphanet:96148,MONDO:MONDO:0012315,False
MONDO:MONDO:0012315,MONDO:MONDO:0012315,False
OMIM:609625,MONDO:MONDO:0012315,False
OMIM:136570,MONDO:MONDO:0007631,False
MedGen:C3149276,MONDO:MONDO:0007631,False
MONDO:MONDO:0007631,MONDO:MONDO:0007631,False
OMIM:612576,MONDO:MONDO:0012944,False
Orphanet:3329,MONDO:MONDO:0012944,False
MONDO:MONDO:0012944,MONDO:MONDO:0012944,False
MedGen:C2675492,MONDO:MONDO:0012944,False
OMIM:613444,MONDO:MONDO:0013267,False
MONDO:MONDO:0013267,MONDO:MONDO:0013267,False
MedGen:C3150701,MONDO:MONDO:0013267,False
Orphanet:261222,MONDO:MONDO:0013267,False
Orphanet:370079,MONDO:MONDO:0013847,False
OMIM:614671,MONDO:MONDO:0013847,False
MedGen:C3553407,MONDO:MONDO:0013847,False
MONDO:MONDO:0013847,MONDO:MONDO:0013847,False
MONDO:MONDO:0010448,MONDO:MONDO:0010448,False
OMIM:300845,MONDO:MONDO:0010448,False
MedGen:C3151857,MONDO:MONDO:0010448,False
Orphanet:280679,MONDO:MONDO:0010448,False
MedGen:C0010314,MONDO:MONDO:0007404,False
Orphanet:281,MONDO:MONDO:0007404,False
OMIM:123450,MONDO:MONDO:0007404,False
MONDO:MONDO:0007404,MONDO:MONDO:0007404,False
OMIM:613458,MONDO:MONDO:0013273,False
MedGen:C3150708,MONDO:MONDO:0013273,False
Orphanet:96078,MONDO:MONDO:0013273,False
MONDO:MONDO:0013273,MONDO:MONDO:0013273,False
MONDO:MONDO:0011929,MONDO:MONDO:0011929,False
OMIM:607872,MONDO:MONDO:0011929,False
Orphanet:1606,MONDO:MONDO:0011929,False
MedGen:C1842870,MONDO:MONDO:0011929,False
OMIM:300577,MONDO:MONDO:0010363,False
MONDO:MONDO:0010363,MONDO:MONDO:0010363,False
MedGen:C1845142,MONDO:MONDO:0010363,False
OMIM:618394,MONDO:MONDO:0032723,False
MONDO:MONDO:0032723,MONDO:MONDO:0032723,False
MedGen:C5193072,MONDO:MONDO:0032723,False
OMIM:618395,MONDO:MONDO:0032724,False
MONDO:MONDO:0032724,MONDO:MONDO:0032724,False
MedGen:C5193073,MONDO:MONDO:0032724,False
MedGen:C0522624,MONDO:MONDO:0019475,False
MONDO:MONDO:0019475,MONDO:MONDO:0019475,False
Orphanet:86884,MONDO:MONDO:0019475,False
OMIM:618398,MONDO:MONDO:0019475,False
MedGen:C5193077,MONDO:MONDO:0032729,False
OMIM:618402,MONDO:MONDO:0032729,False
MONDO:MONDO:0032729,MONDO:MONDO:0032729,False
MONDO:MONDO:0011147,MONDO:MONDO:0011147,False
MedGen:C0432443,MONDO:MONDO:0011147,False
OMIM:601808,MONDO:MONDO:0011147,False
Orphanet:1600,MONDO:MONDO:0011147,False
OMIM:618410,MONDO:MONDO:0032732,False
MONDO:MONDO:0032732,MONDO:MONDO:0032732,False
MedGen:C5193079,MONDO:MONDO:0032732,False
MedGen:C5193080,MONDO:MONDO:0032733,False
OMIM:618412,MONDO:MONDO:0032733,False
MONDO:MONDO:0032733,MONDO:MONDO:0032733,False
MedGen:C1868116,MONDO:MONDO:0008269,False
OMIM:174400,MONDO:MONDO:0008269,False
Orphanet:93339,MONDO:MONDO:0008269,False
MONDO:MONDO:0008269,MONDO:MONDO:0008269,False
MONDO:MONDO:0032735,MONDO:MONDO:0032735,False
OMIM:618415,MONDO:MONDO:0032735,False
MedGen:C5193082,MONDO:MONDO:0032735,False
Orphanet:544602,MONDO:MONDO:0034109,False
OMIM:618414,MONDO:MONDO:0034109,False
MedGen:C5193081,MONDO:MONDO:0034109,False
MONDO:MONDO:0034109,MONDO:MONDO:0034109,False
MedGen:C5193086,,True
MONDO:MONDO:0032738,,True
OMIM:618420,,True
MedGen:C5193085,,True
MONDO:MONDO:0032739,,True
OMIM:618419,,True
OMIM:618422,MONDO:MONDO:0032740,False
MedGen:C5193087,MONDO:MONDO:0032740,False
MONDO:MONDO:0032740,MONDO:MONDO:0032740,False
MedGen:C5193088,MONDO:MONDO:0032741,False
OMIM:618425,MONDO:MONDO:0032741,False
MONDO:MONDO:0032741,MONDO:MONDO:0032741,False
OMIM:618418,MONDO:MONDO:0032737,False
MONDO:MONDO:0032737,MONDO:MONDO:0032737,False
MedGen:C5193084,MONDO:MONDO:0032737,False
MONDO:MONDO:0032744,MONDO:MONDO:0032744,False
OMIM:618429,MONDO:MONDO:0032744,False
MedGen:C5193091,MONDO:MONDO:0032744,False
MedGen:C5193093,MONDO:MONDO:0032746,False
OMIM:618431,MONDO:MONDO:0032746,False
MONDO:MONDO:0032746,MONDO:MONDO:0032746,False
MONDO:MONDO:0032747,MONDO:MONDO:0032747,False
OMIM:618432,MONDO:MONDO:0032747,False
MedGen:C5193094,MONDO:MONDO:0032747,False
MedGen:C5193012,,True
MONDO:MONDO:0015601,,True
MedGen:C4305072,,True
Orphanet:163976,,True
OMIM:301030,,True
MONDO:MONDO:0032753,MONDO:MONDO:0032753,False
OMIM:618438,MONDO:MONDO:0032753,False
MedGen:C5193100,MONDO:MONDO:0032753,False
OMIM:618451,MONDO:MONDO:0032758,False
MONDO:MONDO:0032758,MONDO:MONDO:0032758,False
MedGen:C5193104,MONDO:MONDO:0032758,False
OMIM:618453,MONDO:MONDO:0032759,False
MedGen:C5193105,MONDO:MONDO:0032759,False
MONDO:MONDO:0032759,MONDO:MONDO:0032759,False
MONDO:MONDO:0032761,MONDO:MONDO:0032761,False
OMIM:618456,MONDO:MONDO:0032761,False
MedGen:C5193107,MONDO:MONDO:0032761,False
OMIM:618459,MONDO:MONDO:0032763,False
MedGen:C5193109,MONDO:MONDO:0032763,False
MONDO:MONDO:0032763,MONDO:MONDO:0032763,False
MONDO:MONDO:0026724,MONDO:MONDO:0026724,False
OMIM:301025,MONDO:MONDO:0026724,False
MedGen:C5193010,MONDO:MONDO:0026724,False
OMIM:618460,MONDO:MONDO:0032764,False
MONDO:MONDO:0032764,MONDO:MONDO:0032764,False
MedGen:C5193110,MONDO:MONDO:0032764,False
OMIM:618462,MONDO:MONDO:0032765,False
MONDO:MONDO:0032765,MONDO:MONDO:0032765,False
MedGen:C5193111,MONDO:MONDO:0032765,False
MedGen:C5193106,MONDO:MONDO:0032760,False
MONDO:MONDO:0032760,MONDO:MONDO:0032760,False
OMIM:618454,MONDO:MONDO:0032760,False
OMIM:618477,MONDO:MONDO:0032773,False
MONDO:MONDO:0032773,MONDO:MONDO:0032773,False
MedGen:C4760647,MONDO:MONDO:0032773,False
MedGen:C0151517,MONDO:MONDO:0000468,False
MONDO:MONDO:0000468,MONDO:MONDO:0000468,False
MONDO:MONDO:0032774,MONDO:MONDO:0032774,False
MedGen:C5193118,MONDO:MONDO:0032774,False
OMIM:618479,MONDO:MONDO:0032774,False
MONDO:MONDO:0032767,MONDO:MONDO:0032767,False
OMIM:618464,MONDO:MONDO:0032767,False
MedGen:C5193112,MONDO:MONDO:0032767,False
OMIM:618475,MONDO:MONDO:0032771,False
MedGen:C5193116,MONDO:MONDO:0032771,False
MONDO:MONDO:0032771,MONDO:MONDO:0032771,False
MedGen:C0334590,MedGen:C0334590,False
Orphanet:251630,MedGen:C0334590,False
MONDO:MONDO:0004361,MONDO:MONDO:0004361,False
MedGen:C1332215,MONDO:MONDO:0004361,False
MONDO:MONDO:0008978,MONDO:MONDO:0008978,False
Orphanet:178,MONDO:MONDO:0008978,False
MedGen:C0008487,MONDO:MONDO:0008978,False
OMIM:215400,MONDO:MONDO:0008978,False
OMIM:618482,MONDO:MONDO:0032777,False
MONDO:MONDO:0032777,MONDO:MONDO:0032777,False
MedGen:C5193120,MONDO:MONDO:0032777,False
Orphanet:2891,MONDO:MONDO:0009871,False
MONDO:MONDO:0009871,MONDO:MONDO:0009871,False
OMIM:261990,MONDO:MONDO:0009871,False
MedGen:C1849811,MONDO:MONDO:0009871,False
OMIM:301028,MONDO:MONDO:0026726,False
MONDO:MONDO:0026726,MONDO:MONDO:0026726,False
MedGen:C5193011,MONDO:MONDO:0026726,False
MedGen:C5193130,MONDO:MONDO:0032786,False
OMIM:618499,MONDO:MONDO:0032786,False
MONDO:MONDO:0032786,MONDO:MONDO:0032786,False
MedGen:C5193126,MONDO:MONDO:0032782,False
MONDO:MONDO:0032782,MONDO:MONDO:0032782,False
OMIM:618495,MONDO:MONDO:0032782,False
OMIM:618497,MONDO:MONDO:0032784,False
MONDO:MONDO:0032784,MONDO:MONDO:0032784,False
MedGen:C5193128,MONDO:MONDO:0032784,False
OMIM:618511,MONDO:MONDO:0032792,False
MONDO:MONDO:0032792,MONDO:MONDO:0032792,False
MedGen:C5193137,MONDO:MONDO:0032792,False
MONDO:MONDO:0032789,MONDO:MONDO:0032789,False
OMIM:618504,MONDO:MONDO:0032789,False
MedGen:C5193133,MONDO:MONDO:0032789,False
Orphanet:70567,MONDO:MONDO:0019087,False
MONDO:MONDO:0019087,MONDO:MONDO:0019087,False
MedGen:C0206698,MONDO:MONDO:0019087,False
Orphanet:93357,MONDO:MONDO:0010068,False
MedGen:C1300260,MONDO:MONDO:0010068,False
MONDO:MONDO:0010068,MONDO:MONDO:0010068,False
OMIM:271510,MONDO:MONDO:0010068,False
OMIM:618513,MONDO:MONDO:0032794,False
MONDO:MONDO:0032794,MONDO:MONDO:0032794,False
MedGen:C5193139,MONDO:MONDO:0032794,False
MONDO:MONDO:0004979,MONDO:MONDO:0004979,False
MedGen:C0004096,MONDO:MONDO:0004979,False
MedGen:C5193141,MONDO:MONDO:0032796,False
MONDO:MONDO:0032796,MONDO:MONDO:0032796,False
OMIM:618523,MONDO:MONDO:0032796,False
OMIM:618531,MONDO:MONDO:0032801,False
MedGen:C5193144,MONDO:MONDO:0032801,False
MONDO:MONDO:0032801,MONDO:MONDO:0032801,False
MONDO:MONDO:0032798,MONDO:MONDO:0032798,False
OMIM:618527,MONDO:MONDO:0032798,False
MedGen:C5193147,MONDO:MONDO:0032798,False
MedGen:C4760307,MONDO:MONDO:0032802,False
OMIM:618533,MONDO:MONDO:0032802,False
MONDO:MONDO:0032802,MONDO:MONDO:0032802,False
MedGen:C5193145,MONDO:MONDO:0032804,False
OMIM:618535,MONDO:MONDO:0032804,False
MONDO:MONDO:0032804,MONDO:MONDO:0032804,False
MONDO:MONDO:0032900,MONDO:MONDO:0032900,False
MedGen:C5231491,MONDO:MONDO:0032900,False
OMIM:618760,MONDO:MONDO:0032900,False
OMIM:618534,MONDO:MONDO:0032803,False
MONDO:MONDO:0032803,MONDO:MONDO:0032803,False
MedGen:C5231402,MONDO:MONDO:0032803,False
MONDO:MONDO:0018130,MONDO:MONDO:0018130,False
Orphanet:352649,MONDO:MONDO:0018130,False
MedGen:C4303546,MONDO:MONDO:0018130,False
OMIM:151200,MONDO:MONDO:0007894,False
Orphanet:2900,MONDO:MONDO:0007894,False
MedGen:C1835450,MONDO:MONDO:0007894,False
MONDO:MONDO:0007894,MONDO:MONDO:0007894,False
Orphanet:261183,MONDO:MONDO:0014294,False
OMIM:615656,MONDO:MONDO:0014294,False
MedGen:C3180937,MONDO:MONDO:0014294,False
MONDO:MONDO:0014294,MONDO:MONDO:0014294,False
MONDO:MONDO:0016761,MONDO:MONDO:0016761,False
Orphanet:253,MONDO:MONDO:0016761,False
Orphanet:261652,MONDO:MONDO:0016865,False
MONDO:MONDO:0016865,MONDO:MONDO:0016865,False
Orphanet:1035,MONDO:MONDO:0009585,False
MedGen:C0796055,MONDO:MONDO:0009585,False
MONDO:MONDO:0009585,MONDO:MONDO:0009585,False
OMIM:249650,MONDO:MONDO:0009585,False
MedGen:C0795887,MONDO:MONDO:0010399,False
Orphanet:261476,MONDO:MONDO:0010399,False
OMIM:300679,MONDO:MONDO:0010399,False
MONDO:MONDO:0010399,MONDO:MONDO:0010399,False
Orphanet:3268,MONDO:MONDO:0011320,False
OMIM:603438,MONDO:MONDO:0011320,False
MedGen:C1863881,MONDO:MONDO:0011320,False
MONDO:MONDO:0011320,MONDO:MONDO:0011320,False
MedGen:C5231410,MONDO:MONDO:0032813,False
MONDO:MONDO:0032813,MONDO:MONDO:0032813,False
OMIM:618559,MONDO:MONDO:0032813,False
OMIM:618567,MONDO:MONDO:0032815,False
MedGen:C5231412,MONDO:MONDO:0032815,False
MONDO:MONDO:0032815,MONDO:MONDO:0032815,False
MONDO:MONDO:0032806,MONDO:MONDO:0032806,False
MedGen:C5231403,MONDO:MONDO:0032806,False
OMIM:618546,MONDO:MONDO:0032806,False
OMIM:618549,MONDO:MONDO:0032809,False
MONDO:MONDO:0032809,MONDO:MONDO:0032809,False
MedGen:C5231406,MONDO:MONDO:0032809,False
MedGen:C5231407,MONDO:MONDO:0032810,False
MONDO:MONDO:0032810,MONDO:MONDO:0032810,False
OMIM:618550,MONDO:MONDO:0032810,False
OMIM:618571,MONDO:MONDO:0032817,False
MedGen:C5231414,MONDO:MONDO:0032817,False
MONDO:MONDO:0032817,MONDO:MONDO:0032817,False
MedGen:C5231415,MONDO:MONDO:0032818,False
OMIM:618572,MONDO:MONDO:0032818,False
MONDO:MONDO:0032818,MONDO:MONDO:0032818,False
OMIM:618590,MONDO:MONDO:0032824,False
MedGen:C5231419,MONDO:MONDO:0032824,False
MONDO:MONDO:0032824,MONDO:MONDO:0032824,False
MedGen:C5231420,MedGen:C5231420,False
OMIM:618591,MedGen:C5231420,False
MedGen:C5231395,MONDO:MONDO:0026731,False
OMIM:301033,MONDO:MONDO:0026731,False
MONDO:MONDO:0026731,MONDO:MONDO:0026731,False
MONDO:MONDO:0026732,MONDO:MONDO:0026732,False
OMIM:301035,MONDO:MONDO:0026732,False
MedGen:C5231396,MONDO:MONDO:0026732,False
OMIM:618604,MONDO:MONDO:0032830,False
MONDO:MONDO:0032830,MONDO:MONDO:0032830,False
MedGen:C5231424,MONDO:MONDO:0032830,False
MedGen:C5231425,MONDO:MONDO:0032831,False
MONDO:MONDO:0032831,MONDO:MONDO:0032831,False
OMIM:618606,MONDO:MONDO:0032831,False
Orphanet:168953,MONDO:MONDO:0013296,False
MONDO:MONDO:0013296,MONDO:MONDO:0013296,False
MedGen:C3150773,MONDO:MONDO:0013296,False
OMIM:613523,MONDO:MONDO:0013296,False
MedGen:C5231428,MONDO:MONDO:0032834,False
MONDO:MONDO:0032834,MONDO:MONDO:0032834,False
OMIM:618613,MONDO:MONDO:0032834,False
MedGen:C5231426,MONDO:MONDO:0032832,False
OMIM:618608,MONDO:MONDO:0032832,False
MONDO:MONDO:0032832,MONDO:MONDO:0032832,False
MedGen:C4305147,MONDO:MONDO:0032835,False
MONDO:MONDO:0032835,MONDO:MONDO:0032835,False
OMIM:618618,MONDO:MONDO:0032835,False
MONDO:MONDO:0011327,,True
MedGen:C1863843,,True
Orphanet:2289,,True
OMIM:603472,,True
OMIM:618866,,True
MONDO:MONDO:0032838,MONDO:MONDO:0032838,False
MedGen:C5231431,MONDO:MONDO:0032838,False
OMIM:618622,MONDO:MONDO:0032838,False
MONDO:MONDO:0016368,MONDO:MONDO:0016368,False
Orphanet:221008,MONDO:MONDO:0016368,False
MedGen:C5231433,MONDO:MONDO:0016368,False
OMIM:618625,MONDO:MONDO:0016368,False
MedGen:C5231436,MONDO:MONDO:0032843,False
MONDO:MONDO:0032843,MONDO:MONDO:0032843,False
OMIM:618637,MONDO:MONDO:0032843,False
MedGen:C5231435,MONDO:MONDO:0032842,False
OMIM:618635,MONDO:MONDO:0032842,False
MONDO:MONDO:0032842,MONDO:MONDO:0032842,False
MONDO:MONDO:0008117,MONDO:MONDO:0008117,False
OMIM:164310,MONDO:MONDO:0008117,False
MedGen:C5231388,MONDO:MONDO:0008117,False
Orphanet:98897,MONDO:MONDO:0008117,False
MONDO:MONDO:0032846,MONDO:MONDO:0032846,False
MedGen:C5231439,MONDO:MONDO:0032846,False
OMIM:618644,MONDO:MONDO:0032846,False
MONDO:MONDO:0032845,MONDO:MONDO:0032845,False
MedGen:C5231438,MONDO:MONDO:0032845,False
OMIM:618643,MONDO:MONDO:0032845,False
OMIM:160700,MONDO:MONDO:0008053,False
MedGen:C1834531,MONDO:MONDO:0008053,False
MONDO:MONDO:0008053,MONDO:MONDO:0008053,False
MONDO:MONDO:0032848,MONDO:MONDO:0032848,False
OMIM:618648,MONDO:MONDO:0032848,False
MedGen:C5231441,MONDO:MONDO:0032848,False
MedGen:C5231440,MONDO:MONDO:0020762,False
OMIM:618646,MONDO:MONDO:0020762,False
MONDO:MONDO:0020762,MONDO:MONDO:0020762,False
MONDO:MONDO:0032667,MONDO:MONDO:0032667,False
MedGen:C4749043,MONDO:MONDO:0032667,False
OMIM:618309,MONDO:MONDO:0032667,False
MedGen:C5231442,MONDO:MONDO:0032849,False
OMIM:618651,MONDO:MONDO:0032849,False
MONDO:MONDO:0032849,MONDO:MONDO:0032849,False
OMIM:618654,MONDO:MONDO:0032852,False
MONDO:MONDO:0032852,MONDO:MONDO:0032852,False
MedGen:C5231445,MONDO:MONDO:0032852,False
MedGen:C5203349,MONDO:MONDO:0032853,False
MONDO:MONDO:0032853,MONDO:MONDO:0032853,False
OMIM:618655,MONDO:MONDO:0032853,False
MONDO:MONDO:0032851,MONDO:MONDO:0032851,False
MedGen:C5231444,MONDO:MONDO:0032851,False
OMIM:618653,MONDO:MONDO:0032851,False
MONDO:MONDO:0032857,MONDO:MONDO:0032857,False
OMIM:618662,MONDO:MONDO:0032857,False
MedGen:C5231449,MONDO:MONDO:0032857,False
OMIM:618664,MONDO:MONDO:0032859,False
MONDO:MONDO:0032859,MONDO:MONDO:0032859,False
MedGen:C5231451,MONDO:MONDO:0032859,False
MedGen:C5231455,MONDO:MONDO:0032863,False
OMIM:618670,MONDO:MONDO:0032863,False
MONDO:MONDO:0032863,MONDO:MONDO:0032863,False
MedGen:C5231454,MONDO:MONDO:0032862,False
OMIM:618667,MONDO:MONDO:0032862,False
MONDO:MONDO:0032862,MONDO:MONDO:0032862,False
MedGen:C5231458,MONDO:MONDO:0032866,False
MONDO:MONDO:0032866,MONDO:MONDO:0032866,False
OMIM:618677,MONDO:MONDO:0032866,False
MedGen:C5231513,MONDO:MONDO:0019531,False
Orphanet:90030,MONDO:MONDO:0019531,False
OMIM:618660,MONDO:MONDO:0019531,False
MONDO:MONDO:0019531,MONDO:MONDO:0019531,False
MONDO:MONDO:0032868,MONDO:MONDO:0032868,False
OMIM:618681,MONDO:MONDO:0032868,False
MedGen:C5231460,MONDO:MONDO:0032868,False
OMIM:618680,MONDO:MONDO:0032867,False
MedGen:C5231459,MONDO:MONDO:0032867,False
MONDO:MONDO:0032867,MONDO:MONDO:0032867,False
MONDO:MONDO:0032864,MONDO:MONDO:0032864,False
OMIM:618672,MONDO:MONDO:0032864,False
MedGen:C5231456,MONDO:MONDO:0032864,False
OMIM:618674,MONDO:MONDO:0032865,False
MONDO:MONDO:0032865,MONDO:MONDO:0032865,False
MedGen:C5231457,MONDO:MONDO:0032865,False
MedGen:C4476549,,True
MedGen:C4025037,,True
OMIM:618683,MONDO:MONDO:0032869,False
MedGen:C5231461,MONDO:MONDO:0032869,False
MONDO:MONDO:0032869,MONDO:MONDO:0032869,False
OMIM:618687,MONDO:MONDO:0032870,False
MedGen:C5231462,MONDO:MONDO:0032870,False
MONDO:MONDO:0032870,MONDO:MONDO:0032870,False
OMIM:618699,MONDO:MONDO:0032874,False
MONDO:MONDO:0032874,MONDO:MONDO:0032874,False
MedGen:C5231466,MONDO:MONDO:0032874,False
MedGen:C0456891,MedGen:C0456891,False
OMIM:265430,MedGen:C0456891,False
MedGen:C5231467,MONDO:MONDO:0032875,False
OMIM:618702,MONDO:MONDO:0032875,False
MONDO:MONDO:0032875,MONDO:MONDO:0032875,False
MedGen:C5231474,MONDO:MONDO:0032881,False
MONDO:MONDO:0032881,MONDO:MONDO:0032881,False
OMIM:618723,MONDO:MONDO:0032881,False
MONDO:MONDO:0032882,MONDO:MONDO:0032882,False
OMIM:618724,MONDO:MONDO:0032882,False
MedGen:C5231475,MONDO:MONDO:0032882,False
MONDO:MONDO:0014404,MONDO:MONDO:0014404,False
MedGen:C4014708,MONDO:MONDO:0014404,False
Orphanet:370006,MONDO:MONDO:0014404,False
OMIM:615926,MONDO:MONDO:0014404,False
OMIM:618658,MONDO:MONDO:0032854,False
MedGen:C5231447,MONDO:MONDO:0032854,False
MONDO:MONDO:0032854,MONDO:MONDO:0032854,False
MedGen:C5231484,MONDO:MONDO:0032891,False
OMIM:618734,MONDO:MONDO:0032891,False
MONDO:MONDO:0032891,MONDO:MONDO:0032891,False
OMIM:618730,MONDO:MONDO:0032887,False
MedGen:C5231480,MONDO:MONDO:0032887,False
MONDO:MONDO:0032887,MONDO:MONDO:0032887,False
MONDO:MONDO:0008630,MONDO:MONDO:0008630,False
OMIM:191800,MONDO:MONDO:0008630,False
MedGen:C5231389,MONDO:MONDO:0008630,False
Orphanet:1596,MONDO:MONDO:0012964,False
MONDO:MONDO:0012964,MONDO:MONDO:0012964,False
OMIM:612626,MONDO:MONDO:0012964,False
MedGen:C2675463,MONDO:MONDO:0012964,False
MONDO:MONDO:0032896,MONDO:MONDO:0032896,False
MedGen:C5231488,MONDO:MONDO:0032896,False
OMIM:618745,MONDO:MONDO:0032896,False
OMIM:618744,MONDO:MONDO:0032895,False
MONDO:MONDO:0032895,MONDO:MONDO:0032895,False
MedGen:C5231487,MONDO:MONDO:0032895,False
MONDO:MONDO:0032897,MONDO:MONDO:0032897,False
OMIM:618748,MONDO:MONDO:0032897,False
MedGen:C5231489,MONDO:MONDO:0032897,False
OMIM:618751,MONDO:MONDO:0032898,False
MONDO:MONDO:0032898,MONDO:MONDO:0032898,False
MedGen:C5231490,MONDO:MONDO:0032898,False
OMIM:236690,MONDO:MONDO:0009366,False
Orphanet:314928,MONDO:MONDO:0009366,False
MedGen:C0020258,MONDO:MONDO:0009366,False
MONDO:MONDO:0009366,MONDO:MONDO:0009366,False
MONDO:MONDO:0032926,MONDO:MONDO:0032926,False
OMIM:618804,MONDO:MONDO:0032926,False
OMIM:618761,MONDO:MONDO:0032901,False
MedGen:C5231492,MONDO:MONDO:0032901,False
MONDO:MONDO:0032901,MONDO:MONDO:0032901,False
MedGen:C1292773,MedGen:C1292773,False
Orphanet:86845,MedGen:C1292773,False
MedGen:C5231400,MONDO:MONDO:0032485,False
OMIM:618009,MONDO:MONDO:0032485,False
MONDO:MONDO:0032485,MONDO:MONDO:0032485,False
OMIM:618766,MONDO:MONDO:0032903,False
MONDO:MONDO:0032903,MONDO:MONDO:0032903,False
MedGen:C5231494,MONDO:MONDO:0032903,False
MedGen:C3554606,MONDO:MONDO:0014064,False
OMIM:615158,MONDO:MONDO:0014064,False
MONDO:MONDO:0014064,MONDO:MONDO:0014064,False
OMIM:613933,MONDO:MONDO:0013493,False
MONDO:MONDO:0013493,MONDO:MONDO:0013493,False
MedGen:C0268603,MONDO:MONDO:0013493,False
MedGen:C2700438,MONDO:MONDO:0012881,False
OMIM:612371,MONDO:MONDO:0012881,False
MONDO:MONDO:0012881,MONDO:MONDO:0012881,False
MedGen:C0024138,MONDO:MONDO:0019558,False
Orphanet:90281,MONDO:MONDO:0019558,False
MONDO:MONDO:0019558,MONDO:MONDO:0019558,False
MONDO:MONDO:0032907,MONDO:MONDO:0032907,False
MedGen:C5231496,MONDO:MONDO:0032907,False
OMIM:618773,MONDO:MONDO:0032907,False
MedGen:C0037205,MONDO:MONDO:0017850,False
MONDO:MONDO:0017850,MONDO:MONDO:0017850,False
Orphanet:3169,MONDO:MONDO:0017850,False
MONDO:MONDO:0032906,MONDO:MONDO:0032906,False
OMIM:618770,MONDO:MONDO:0032906,False
OMIM:618768,MONDO:MONDO:0032905,False
MONDO:MONDO:0032905,MONDO:MONDO:0032905,False
OMIM:618780,MONDO:MONDO:0032913,False
MONDO:MONDO:0032913,MONDO:MONDO:0032913,False
OMIM:618778,MONDO:MONDO:0032911,False
MONDO:MONDO:0032911,MONDO:MONDO:0032911,False
OMIM:618782,MONDO:MONDO:0032915,False
MONDO:MONDO:0032915,MONDO:MONDO:0032915,False
MONDO:MONDO:0032912,MONDO:MONDO:0032912,False
OMIM:618779,MONDO:MONDO:0032912,False
OMIM:276400,MedGen:C0220761,False
MedGen:C0220761,MedGen:C0220761,False
MedGen:C4022885,,True
MedGen:C4021839,,True
Orphanet:54370,MONDO:MONDO:0018904,False
MONDO:MONDO:0018904,MONDO:MONDO:0018904,False
MedGen:C0017662,MONDO:MONDO:0018904,False
OMIM:188025,MONDO:MONDO:0008557,False
MedGen:C1956093,MONDO:MONDO:0008557,False
Orphanet:851,MONDO:MONDO:0008557,False
MONDO:MONDO:0008557,MONDO:MONDO:0008557,False
OMIM:618781,MONDO:MONDO:0032914,False
MONDO:MONDO:0032914,MONDO:MONDO:0032914,False
OMIM:618798,MONDO:MONDO:0032922,False
MONDO:MONDO:0032922,MONDO:MONDO:0032922,False
OMIM:618801,MONDO:MONDO:0032924,False
MONDO:MONDO:0032924,MONDO:MONDO:0032924,False
OMIM:613792,MONDO:MONDO:0013424,False
Orphanet:1620,MONDO:MONDO:0013424,False
MedGen:C2931337,MONDO:MONDO:0013424,False
MONDO:MONDO:0013424,MONDO:MONDO:0013424,False
OMIM:618803,MONDO:MONDO:0032925,False
MONDO:MONDO:0032925,MONDO:MONDO:0032925,False
MONDO:MONDO:0033947,MONDO:MONDO:0033947,False
Orphanet:528647,MONDO:MONDO:0033947,False
MONDO:MONDO:0032932,MONDO:MONDO:0032932,False
OMIM:618811,MONDO:MONDO:0032932,False
MONDO:MONDO:0032934,MONDO:MONDO:0032934,False
OMIM:618820,MONDO:MONDO:0032934,False
OMIM:618822,MONDO:MONDO:0032936,False
MONDO:MONDO:0032936,MONDO:MONDO:0032936,False
OMIM:618808,MONDO:MONDO:0032930,False
MONDO:MONDO:0032930,MONDO:MONDO:0032930,False
MONDO:MONDO:0032941,MONDO:MONDO:0032941,False
OMIM:618827,MONDO:MONDO:0032941,False
MONDO:MONDO:0032938,MONDO:MONDO:0032938,False
OMIM:618824,MONDO:MONDO:0032938,False
MedGen:C4304526,MedGen:C4304526,False
Orphanet:228415,MedGen:C4304526,False
OMIM:613509,MONDO:MONDO:0013292,False
MONDO:MONDO:0013292,MONDO:MONDO:0013292,False
MedGen:C3150756,MONDO:MONDO:0013292,False
Orphanet:238750,MONDO:MONDO:0013292,False
MONDO:MONDO:0032943,MONDO:MONDO:0032943,False
OMIM:618829,MONDO:MONDO:0032943,False
MedGen:C2609059,MONDO:MONDO:0019344,False
Orphanet:81,MONDO:MONDO:0019344,False
MONDO:MONDO:0019344,MONDO:MONDO:0019344,False
MONDO:MONDO:0100058,MONDO:MONDO:0100058,False
OMIM:618850,MONDO:MONDO:0100058,False
MedGen:C0266427,MONDO:MONDO:0010107,False
Orphanet:983,MONDO:MONDO:0010107,False
OMIM:273250,MONDO:MONDO:0010107,False
MONDO:MONDO:0010107,MONDO:MONDO:0010107,False
MONDO:MONDO:0003620,MONDO:MONDO:0003620,False
MedGen:C4025831,MONDO:MONDO:0003620,False
MedGen:C5192593,MONDO:MONDO:0016845,False
Orphanet:261323,MONDO:MONDO:0016845,False
MONDO:MONDO:0016845,MONDO:MONDO:0016845,False
MONDO:MONDO:0007104,MONDO:MONDO:0007104,False
Orphanet:90020,MONDO:MONDO:0007104,False
OMIM:105500,MONDO:MONDO:0007104,False
MedGen:C0543859,MONDO:MONDO:0007104,False
MONDO:MONDO:0017119,MONDO:MONDO:0017119,False
Orphanet:269528,MONDO:MONDO:0017119,False
MedGen:C0795830,MONDO:MONDO:0008013,False
MONDO:MONDO:0008013,MONDO:MONDO:0008013,False
Orphanet:261112,MONDO:MONDO:0008013,False
OMIM:158170,MONDO:MONDO:0008013,False
MedGen:C0265428,MONDO:MONDO:0016526,False
MONDO:MONDO:0016526,MONDO:MONDO:0016526,False
Orphanet:236,MONDO:MONDO:0016526,False
MedGen:C1856732,,True
MedGen:C4025663,,True
MedGen:C1835228,,True
MedGen:C0240278,,True
MedGen:C4024665,,True
MONDO:MONDO:0020368,,True
MONDO:MONDO:0007515,,True
MedGen:C0271135,,True
Orphanet:98978,,True
OMIM:129750,,True
MedGen:C0266548,,True
MedGen:C0018794,MONDO:MONDO:0020755,False
MONDO:MONDO:0020755,MONDO:MONDO:0020755,False
MedGen:C1856275,MONDO:MONDO:0009296,False
MONDO:MONDO:0009296,MONDO:MONDO:0009296,False
OMIM:232900,MONDO:MONDO:0009296,False
MedGen:C2931797,MONDO:MONDO:0019885,False
Orphanet:96103,MONDO:MONDO:0019885,False
MONDO:MONDO:0019885,MONDO:MONDO:0019885,False
Orphanet:767,MONDO:MONDO:0019170,False
MedGen:C0031036,MONDO:MONDO:0019170,False
MONDO:MONDO:0019170,MONDO:MONDO:0019170,False
MedGen:C0041408,MONDO:MONDO:0019499,False
Orphanet:881,MONDO:MONDO:0019499,False
MONDO:MONDO:0019499,MONDO:MONDO:0019499,False
OMIM:259680,MONDO:MONDO:0009813,False
MedGen:C0410422,MONDO:MONDO:0009813,False
MONDO:MONDO:0009813,MONDO:MONDO:0009813,False
Orphanet:324964,MONDO:MONDO:0009813,False
OMIM:150550,MONDO:MONDO:0007883,False
MedGen:C0272174,MONDO:MONDO:0007883,False
MONDO:MONDO:0007883,MONDO:MONDO:0007883,False
MONDO:MONDO:0021163,MONDO:MONDO:0021163,False
MedGen:C0022665,MONDO:MONDO:0021163,False
Orphanet:502430,MONDO:MONDO:0044715,False
MONDO:MONDO:0044715,MONDO:MONDO:0044715,False
Orphanet:3002,,True
Orphanet:98375,,True
OMIM:188030,,True
OMIM:205700,,True
MedGen:C0398650,,True
MedGen:C0002880,,True
MONDO:MONDO:0020108,,True
MedGen:C0432304,MONDO:MONDO:0007812,False
OMIM:146750,MONDO:MONDO:0007812,False
MONDO:MONDO:0007812,MONDO:MONDO:0007812,False
MONDO:MONDO:0008135,MONDO:MONDO:0008135,False
MedGen:C1833799,MONDO:MONDO:0008135,False
OMIM:165510,MONDO:MONDO:0008135,False
Orphanet:217346,MONDO:MONDO:0013090,False
OMIM:613026,MONDO:MONDO:0013090,False
MONDO:MONDO:0013090,MONDO:MONDO:0013090,False
MedGen:C4311048,MONDO:MONDO:0013090,False
MedGen:C2931456,MONDO:MONDO:0023122,False
MONDO:MONDO:0023122,MONDO:MONDO:0023122,False
Orphanet:261257,MONDO:MONDO:0016839,False
MedGen:C4707092,MONDO:MONDO:0016839,False
MONDO:MONDO:0016839,MONDO:MONDO:0016839,False
Orphanet:1617,MONDO:MONDO:0015566,False
MONDO:MONDO:0015566,MONDO:MONDO:0015566,False
MONDO:MONDO:0017950,MONDO:MONDO:0017950,False
Orphanet:324761,MONDO:MONDO:0017950,False
OMIM:618596,MONDO:MONDO:0032827,False
MedGen:C5231421,MONDO:MONDO:0032827,False
MONDO:MONDO:0032827,MONDO:MONDO:0032827,False
MedGen:C1861449,MONDO:MONDO:0008498,False
MONDO:MONDO:0008498,MONDO:MONDO:0008498,False
OMIM:185100,MONDO:MONDO:0008498,False
Orphanet:93441,MONDO:MONDO:0019700,False
MONDO:MONDO:0019700,MONDO:MONDO:0019700,False
OMIM:610840,MONDO:MONDO:0012569,False
MONDO:MONDO:0012569,MONDO:MONDO:0012569,False
MedGen:C1835814,MONDO:MONDO:0012569,False
MedGen:C4545231,MONDO:MONDO:0017636,False
MONDO:MONDO:0017636,MONDO:MONDO:0017636,False
Orphanet:306669,MONDO:MONDO:0017636,False
