y,pIC50,pB0,pB1,pM1,p_transfer,sRidge,sGBM,fold
1,9.1549015,0.3736957416973436,0.4802896252326508,0.9393339517938383,0.9805328391098622,6.357956409454346,7.7912623984942355,0
1,8.8538723,0.663640496042246,0.9872480985524491,0.986566740116093,0.34916862935854037,6.999953269958496,8.093159483370167,1
1,8.6989698,0.5983592818622,0.9997729402248623,0.9981411463925653,0.1285026577166857,7.034697532653809,8.02415038806309,3
1,8.6989698,0.5972790382586888,0.9663212899918487,0.5636423717697734,0.06836010435204502,7.278818607330322,6.606029414192586,1
1,8.6989698,0.6319308640581246,0.9999375551469635,0.9989059513506665,0.22589258526629127,7.524284839630127,8.080694924804668,3
1,8.6989698,0.5787113249881506,0.06654264099893845,0.7212967093071545,0.09358079690169546,7.713281631469727,6.874620552337617,1
1,8.6989698,0.6663379155443933,0.1055803062668494,0.9687407313558479,0.27064380761429885,6.526069641113281,7.743768896153486,1
1,8.6126099,0.5077269233178655,0.9999595733846793,0.9970733865993263,0.7908842108448476,6.918187141418457,8.595475168091623,2
1,8.6020603,0.5372837343499949,0.9965772469151428,0.9446696726732174,0.23267768364513872,7.568330764770508,7.518632407232094,0
1,8.6020603,0.5618968110520893,0.9648390058728543,0.835835309932937,0.20700387168358764,6.755582332611084,7.291635475294619,1
1,8.5228786,0.6276814315459323,0.9724752026383362,0.9665514986237856,0.4360917340022514,6.959136009216309,8.475028581046265,2
1,8.5228786,0.6261536238769945,0.9936524960893,0.9526160533074116,0.06445572796627366,7.140935897827148,8.124663741164811,3
1,8.5228786,0.6444246897440498,0.9599771739684936,0.9768987239873823,0.20382082189111358,7.176888465881348,8.133791492949195,2
1,8.5228786,0.6621228710727638,0.9860612789736196,0.9713431647103103,0.10286182056267618,6.890169620513916,7.975162283475568,4
1,8.3979397,0.5470805461185343,0.08078567617225481,0.23952717866764903,0.13489940237102682,7.1076579093933105,6.50455890947338,1
1,8.3979397,0.5751093882116709,0.9204078909319846,0.9624707927776271,0.4142256941434897,6.534518718719482,7.6437529817534315,4
1,8.3010302,0.604608585954326,0.6253380956187018,0.9950009291026405,0.44966885037905613,6.919421672821045,8.644929168222207,4
1,8.3010302,0.6781728645216818,0.9207911548669439,0.9669341407253585,0.5671667999507038,7.589260578155518,7.889541163421415,4
1,8.3010302,0.6027964343661213,0.998236087101332,0.9095202040394279,0.10924124191104329,7.044325351715088,8.09250033008752,0
1,8.3010302,0.6664992159701073,0.8908359639432828,0.9595889826131896,0.5628089516738306,7.468826770782471,8.235201411057922,1
1,8.3010302,0.45753766390126616,0.8714603686026965,0.7562354054694096,0.8654379509360063,6.3246026039123535,6.376916173996757,3
1,8.3010302,0.6561553282238962,0.9955205606746703,0.9114492114022903,0.07571820742821543,6.684464454650879,7.940227930482869,1
1,8.2596369,0.5837593965960121,0.9995040719584518,0.9984953010685741,0.17830005546716804,7.241518974304199,7.819190045066904,0
1,8.1804562,0.8344669670605597,0.6543581142738871,0.4702294135136397,0.09905324396446875,8.26693344116211,8.117948811963531,4
1,8.1549015,0.5507626415246063,0.1262216518212446,0.9061641428896207,0.3852654292539054,6.531301498413086,7.608507329260737,3
1,8.0969095,0.668351386191594,0.15736180780165035,0.2736785166798937,0.5285327444158106,7.078640460968018,7.189279684696945,4
1,8.0969095,0.489733707830444,0.009905949520270697,0.008653599991140463,0.70180804157019,6.647588729858398,6.484771498594816,2
1,8.0969095,0.38691945355428903,0.00048133067391312737,0.017808752991412456,0.8159838737068769,6.392754554748535,5.879213794302654,1
1,8.0969095,0.6675730023299565,0.050141856342316264,0.8865718456669482,0.6974810020373626,7.421865463256836,7.674115048309693,1
1,8.0705814,0.4230452700108102,0.09541718809837278,0.016692757084166423,0.9441343343666402,6.096186637878418,6.145641300524052,3
1,8.0,0.7114639240646088,0.9998177639260176,0.9429541047785865,0.20607811001675644,6.518799304962158,7.553864336272583,4
1,7.9586072,0.48932828777623855,0.8534147929080546,0.10508393606126433,0.7393244535198187,6.042847156524658,6.109874801549843,0
1,7.9586072,0.620516906990763,0.9988259221225553,0.9810236197147234,0.1118742784394797,6.52569580078125,7.337549798079975,4
1,7.9586072,0.3659677777308101,0.00960093095561324,0.9136617091589547,0.9279346770954885,5.760616302490234,7.2800257795636645,3
1,7.9208188,0.5810293924779317,0.8716906653092009,0.00946028848980173,0.2884803461553198,6.962775707244873,6.117280299414367,1
1,7.9208188,0.3666481161389139,0.22268465959474099,0.5058426102196057,0.8020755893870369,6.025750160217285,6.252298896141924,2
1,7.9208188,0.49331991867968045,0.8888668479964102,0.9815439717143912,0.7557477465224742,6.370491027832031,7.538784137330488,3
1,7.9208188,0.39048296368904045,0.7679606173083325,0.9176343981941174,0.7604211197005059,6.749612331390381,7.373801584873665,4
1,7.8860564,0.5621181373341712,0.6076612667969242,0.37482745385428945,0.2718080115610735,6.398618698120117,7.238801440653684,0
1,7.8860564,0.4114661410305204,0.2368647098913108,0.8926800367779061,0.6030732723175614,6.940665245056152,7.153649028986866,4
1,7.8538718,0.5731046167041887,0.7142663858246107,0.6279266044313431,0.6352822728892406,6.815095901489258,7.727165448932825,3
1,7.8538718,0.37791335133928466,0.9999954649741171,0.9910402517124861,0.9730811155552175,6.499995708465576,7.750504633136305,0
1,7.8239088,0.5867780708395066,0.020511438134652712,0.5735803880075858,0.042391980573138865,6.555423736572266,7.362789551855342,4
1,7.8239088,0.6148067312863267,0.46650221397842323,0.06545118411593731,0.11054929183598312,6.843951225280762,5.809687891750301,4
1,7.7746906,0.5508169365331105,0.944647490672103,0.9963061028438873,0.07200198187037087,6.953266620635986,7.993488131370399,4
1,7.7695513,0.5525651597176645,0.995906398860237,0.9896965432570323,0.4122784862278296,7.270236492156982,7.918394404479787,0
1,7.7695513,0.4472952021880703,0.9969349567269354,0.9810555539318,0.7149038440160383,6.911525726318359,7.44487635785301,0
1,7.7447276,0.6472493994904782,0.9489858093051164,0.9888549099180969,0.20697149222697772,7.154325485229492,7.610782664579932,1
1,7.7212462,0.41145838625618447,0.000328589871099508,0.9125867562177995,0.7291771452218079,6.815455913543701,7.308841685017009,4
1,7.7212462,0.5820573297777244,0.027485797626191286,0.9159068489493607,0.22927422155966176,6.730738162994385,7.7684216549075344,1
1,7.6989698,0.4077712633745732,0.5462926856191176,0.1408834551086608,0.7929577937633175,7.007205963134766,6.65012356123486,3
1,7.6989698,0.31979445083167796,0.7559590019405483,0.9041195471667959,0.985448364559353,6.187524795532227,7.162110137099289,0
1,7.6382723,0.5559617235955807,0.7867902101650808,0.619234877895187,0.7396071559544082,6.809132099151611,6.771478587154191,1
1,7.6382723,0.35773496324614873,0.7904152134322799,0.8494422686068697,0.8529228823194388,6.416379928588867,7.349355811416173,4
1,7.6197886,0.33428713823693734,0.004224502747042047,0.37936695832352557,0.9985478987277056,6.602667331695557,7.139429983685531,2
1,7.5850267,0.6676903293014635,0.6359735009102876,0.9989392741815621,0.2533515169523617,7.457852840423584,8.00085969452207,2
1,7.5686364,0.47818985702585043,0.00015678654381176232,0.07532039617830018,0.6134793844227878,6.419643878936768,5.416015736375263,3
1,7.5686364,0.510305010227512,0.000170187727750914,0.011447403970418261,0.02310103334218795,7.7090654373168945,5.732518673083138,4
1,7.5686364,0.5289602815729877,0.023011834789428896,0.003417801871741782,0.4470795212072747,6.938055515289307,5.402356141726013,2
1,7.5686364,0.44932807259250185,0.9617422967009746,0.053013688212516834,0.2557127460510366,6.793865203857422,6.937355763775275,0
1,7.5528421,0.3394839646366535,0.25728539463233796,0.7871639209036249,0.7971120881668088,6.2166337966918945,7.27684642513076,4
1,7.5228786,0.3601743450189595,0.9664281546243352,0.9520735320308862,0.9614362112975997,6.13110876083374,7.220500105700827,3
1,7.4814858,0.5403217129421723,0.9977480245658167,0.9884850959962013,0.47840515002455597,6.03754186630249,6.825875337074399,1
1,7.4436975,0.5090141719781439,0.9863762448642662,0.9918253350991925,0.6683773284549547,7.082244873046875,7.871528266107621,2
1,7.4317985,0.8618253453804635,0.9999854108959598,0.5691840023208575,0.045960954628335424,9.0729398727417,7.283475980983312,3
1,7.4089355,0.7061739465399484,0.999189821587749,0.9828323864177917,0.05042902261957537,6.046142578125,8.328843881737814,4
1,7.3979402,0.5915923970052537,0.9309032963816514,0.919932305818883,0.6165591660718799,6.670711994171143,6.894236210892905,2
1,7.3979402,0.34129821151974593,0.7745957372588913,0.6274933895728239,0.9830169756599128,6.203895568847656,6.942301599565634,3
1,7.3979402,0.4114661410305204,0.2368647098913108,0.8926800367779061,0.6030732723175614,6.940665245056152,7.153649028986866,4
1,7.3899999,0.4096216371908062,0.824071436603737,0.8914656094656556,0.8379174435979998,6.791297435760498,6.876114956968959,0
1,7.3565474,0.39680983757145166,0.025130846356327785,0.01188112391652347,0.9387248030239116,5.853375434875488,6.879614167252359,1
1,7.3565474,0.37390537885052283,0.9245402147166565,0.5296263504412506,0.7599576435065439,6.392965316772461,6.375844013254869,2
1,7.3279023,0.48491086793791827,0.5874416252822483,0.042074651761799274,0.980891730272484,6.38261079788208,6.493148607923841,2
1,7.318759,0.2967643900211427,0.9398178884259867,0.3272241459053402,0.9972274867777301,6.094911575317383,6.939538323201645,3
1,7.3115802,0.917402585223313,0.022200658170410874,0.1088050765630383,0.06018632720303207,9.340572357177734,7.217305188556418,3
1,7.309804,0.5375242960024559,0.7250803928698345,0.31322149717997116,0.02067018950699819,7.086948871612549,7.062286567120395,1
1,7.309804,0.3780423326092017,0.6664249584206322,0.9135198842061851,0.9298220693523459,6.484510898590088,7.491025541461561,4
1,7.2923999,0.32017460247503104,0.9820099674151216,0.5759834612247572,0.7934306479896945,6.0204691886901855,7.0756424301487675,4
1,7.2757239,0.5403273024851427,0.0037591934579865047,0.27002424163178324,0.2817691277101496,5.491798400878906,5.573693169591998,0
1,7.2676063,0.35773496324614873,0.19151081851041962,0.9561032817308552,0.896995896604987,6.291147232055664,7.571355092229912,4
1,7.2596374,0.5495126243307594,0.25965752027741795,0.8327046997929037,0.08919453843198803,6.302616119384766,6.960360043925418,4
1,7.2596374,0.5190991191582242,0.005374795733485325,0.7843542624275012,0.10365484005464687,6.736015319824219,6.939649856854575,2
1,7.2426038,0.933415695754486,0.9856182833852383,0.8077724451037677,0.014963212804891305,9.999411582946777,6.992115688190105,0
1,7.2291479,0.4468328441704368,0.0010896389173023538,0.004536663186914899,0.9622063465657381,6.154372215270996,6.120453462593041,1
1,7.221849,0.2960163212297239,0.3002227491687836,0.6794094316379098,0.971546355845883,5.810548782348633,6.797217307870379,1
1,7.221849,0.3073770454791059,0.8292795978470826,0.6186223528249123,0.993705580510051,5.97495174407959,6.843362184428639,4
1,7.1487417,0.6817935649653332,0.15451321467128984,0.9733432527685993,0.1608425111471125,7.703477382659912,7.174502901419734,2
1,7.1366773,0.8659976586824084,0.02497778494066104,0.38567129742336426,0.04142736473334489,7.948049545288086,7.776463662940991,3
1,7.1307683,0.3376874711733647,0.9990399197040306,0.9880577981497627,0.9787740905866251,5.931457042694092,6.7970016485954154,4
1,7.1191864,0.6125578445585679,0.873296569192244,0.948498198255131,0.53903984700623,7.297966480255127,7.670215834514749,4
1,7.1135092,0.3593349675377395,0.002818774517653305,0.8995862692208153,0.919405207555708,6.286099910736084,7.458970634111952,4
1,7.1100001,0.5229454085672414,0.9974620455286846,0.9619724683483595,0.8747663656181398,7.168334484100342,7.309763395165544,2
1,7.1079054,0.5495339294349428,0.0034498514327532814,0.5549818096993484,0.01681167191767725,7.1009321212768555,7.2697563053066,0
1,7.1023731,0.25920183357325405,0.9889371492592836,0.26789775937846705,0.895725716009814,5.706459999084473,6.106635851572791,1
1,7.09691,0.31805918723653576,0.5113165968864943,0.8796283035169344,0.9831571265026287,5.899113178253174,7.1458711706923905,2
1,7.0268722,0.3023082743534624,0.25284817425290074,0.29983651675425427,0.9833441858762592,6.506280899047852,7.04367073980811,2
1,7.0268722,0.6219906476644014,0.7227942657588147,0.9459359346068922,0.20957533419277433,6.519784927368164,6.734265291140464,1
1,7.0177288,0.3579936008258138,0.287698502865786,0.825655585083869,0.9514694986540647,6.023221015930176,6.7455487938945975,2
1,7.0087738,0.5392266078956964,0.1635661046081608,0.23009827628659132,0.14709492401787388,6.485537052154541,7.469579065554683,3
1,7.0,0.5233468966763792,0.03901692779116777,0.11113697192873631,0.7895205235640547,7.0959978103637695,5.460520312381466,2
1,7.0,0.38134957134312797,0.001078556004832859,0.002370428543876869,0.7480405733663945,6.147984981536865,6.242342736124598,3
0,6.9507818,0.6806944977742354,0.9968227909915562,0.893012127257586,0.09289660717873781,6.624583721160889,6.964692003386163,4
0,6.9208188,0.6017676949748993,0.9855359992473403,0.6092982585879245,0.5523164641852837,6.908627986907959,7.730635493608964,0
0,6.8927898,0.9509112229365875,1.800591407089312e-05,0.485536490058439,0.027244690914100467,9.784442901611328,7.144258940941965,1
0,6.8538718,0.6026854121458155,0.01952043197958362,0.7764221514633046,0.11698118934974015,7.761842727661133,7.755034596216212,2
0,6.8239088,0.38452355852428693,0.006961181666220905,0.04066091203203327,0.9645709832340502,6.888239860534668,6.718996664431597,0
0,6.8239088,0.5416666027289481,0.004037562090436916,0.6744041686640904,0.020765296115712022,6.8271074295043945,7.244932708881362,3
0,6.8068752,0.6944640722725114,0.005203381273127453,0.18094318127040565,0.07667331534673874,7.7588090896606445,7.002339622282809,4
0,6.7695513,0.3067053450966909,0.01200484108334952,0.005985695400344328,0.9989647725367765,6.205904960632324,6.517177415692775,0
0,6.7695513,0.4168148846089494,0.003796327764075236,0.012698100383794314,0.7750745693495695,6.59377908706665,5.9965934306529824,0
0,6.7447276,0.4704892126888113,0.2877833203735382,0.4735638269986677,0.6052785832792975,6.077521800994873,6.69883281252264,1
0,6.7351823,0.3744824678334969,0.984672295087976,0.9837136032798734,0.909472628757009,6.343835353851318,7.546073915653024,4
0,6.7235384,0.8773836058276946,0.9914600593386369,0.9325394702967471,0.03499649291541448,8.742353439331055,7.379061522473183,2
0,6.7212462,0.5310757555378625,0.00014096287247069742,0.19173239633058678,0.013858119132496223,7.130775451660156,5.841506992626838,3
0,6.7212462,0.5186127615373629,0.487879402797151,0.30101969447187327,0.3273114723139186,6.007901191711426,6.225010295569128,4
0,6.7212462,0.7716351167894918,0.9999797016663564,0.7012203702948793,0.1376703219228883,6.687901496887207,7.888001149140768,4
0,6.7033348,0.4245866763368252,0.0012789657977495881,0.6172027276110627,0.741234595370362,6.965398788452148,6.568801087789959,1
0,6.6989698,0.3154155017224896,0.22554049043538324,0.2676425690323445,0.9983022848216183,5.8709869384765625,6.922961541454468,2
0,6.6989698,0.5628328038075572,0.05949188545745514,0.026746168706654676,0.407622341857882,6.788221836090088,5.387328991907294,4
0,6.6777806,0.5932470604079272,0.9963334127086576,0.9169586908040052,0.6092467771622782,7.266111373901367,7.29216508953185,0
0,6.5528421,0.3489710159314402,0.6139698480924322,0.06081481484254225,0.9479084991511832,6.76995849609375,6.321713112584242,3
0,6.5086384,0.43504155099151354,0.010638580285090014,0.007229162960575796,0.852505501366079,6.867673873901367,6.240580223596068,3
0,6.4894552,0.3072019416014266,0.47156767562040575,0.07233949980862552,0.9591116960420611,6.044035911560059,5.913757362826751,1
0,6.4202166,0.2823151027139856,0.9720575570719047,0.12829540713915097,0.9993213620268435,5.827159881591797,6.410743985204846,4
0,6.3979402,0.6635097711791365,0.9649763816580048,0.6773602291259212,0.016386592105339194,7.975520133972168,7.922031388847967,0
0,6.3767509,0.36723536051676353,0.021863275064092882,0.046806300361480015,0.5133588199780359,5.867624282836914,6.139827095191958,3
0,6.3615108,0.3394839646366535,0.25728539463233796,0.7871639209036249,0.7971120881668088,6.2166337966918945,7.27684642513076,4
0,6.3467875,0.4441862774240951,0.0017797242919877522,0.0212129856090066,0.7364704872836006,6.255309581756592,6.495514528256826,2
0,6.3279023,0.40851285087791117,0.029664858440506526,0.010466300440313867,0.719206260340022,6.375410079956055,6.766125027984657,3
0,6.3279023,0.39940923663962824,0.00046109918911301347,0.002146802712610829,0.977131298938059,5.941501617431641,6.398947522077023,0
0,6.2291479,0.4567121918623971,0.002362778682982186,0.0943831385002531,0.41121428818834066,5.133388519287109,5.635388363798205,0
0,6.2291479,0.3957191369348531,0.2588565199105715,0.10482139069738569,0.8038447537999974,5.935609817504883,6.208595616743071,4
0,6.2291479,0.40076877055798743,6.854905615012441e-05,0.002337677757762909,0.018942456136574585,6.098663806915283,5.6934786723179,0
0,6.221849,0.5167045771602895,0.0049858698697976996,0.24761471416915803,0.41696557774167037,6.888438701629639,6.217914255082426,1
0,6.2182446,0.5777871269560007,0.1533740095772393,0.5151870054238843,0.4818310945820624,6.540128231048584,6.9876178059388785,0
0,6.2182446,0.27220154919592665,0.12207789675498106,0.030554248588522445,0.9847208305881658,5.64591646194458,4.6859101864579795,2
0,6.2146702,0.38707288622262465,0.004560567967286104,0.009691269579432314,0.9528144872945997,6.12978458404541,6.399652770230029,3
0,6.2006593,0.3876290504620195,0.01342596267746392,0.04853649064695296,0.7445390136986861,6.231236934661865,6.225214352654398,3
0,6.154902,0.4662594114058765,2.280123801251439e-05,0.02554699691290549,0.4373015780100057,6.463486194610596,6.968301314117236,4
0,6.124939,0.3494055792712162,0.0001538369603150345,0.0052194392020228,0.9706390376443871,6.069239616394043,6.264929552645659,0
0,6.1101384,0.39048296368904045,0.7679606173083325,0.9176343981941174,0.7604211197005059,6.749612331390381,7.373801584873665,4
0,6.0222764,0.4369738980308006,0.21236495776310363,0.0029620517996847054,0.043173386805833366,6.589353084564209,5.391158638517834,1
0,5.9956784,0.37296635421012003,0.005074332114279005,0.015112392623372778,0.8859822202616872,6.288829326629639,6.096404515442464,2
0,5.939302,0.6246282221007041,0.9548360437559219,0.8433050384149441,0.7629306760459639,7.269501209259033,6.695602768730122,3
0,5.8632793,0.4910239091387401,0.08069993954867856,0.1581555822317035,0.19646108444621282,7.093479156494141,6.349607580674388,1
0,5.8538718,0.5738798333221593,0.1965568936682652,0.05009685280033669,0.24482181400304032,6.442331314086914,4.976288181465675,4
0,5.8153086,0.26118362011682517,0.0018056023200391132,0.0029669989807956996,0.9995644073692374,5.837759494781494,6.056112627830415,0
0,5.7447276,0.4273481202293129,0.9998642385884065,0.22752671551274548,0.22768411910908118,7.24949312210083,6.931694910623015,0
0,5.7447276,0.5854311553468093,0.2737029232021735,0.0046193070942070966,0.14211607678945895,6.281857967376709,5.810922045339756,1
0,5.6197886,0.5253975023746275,0.0034739968228047822,0.008915732603608263,0.9604192650839816,7.115334510803223,4.962507091551377,2
0,5.5528421,0.5050728848692224,0.00028168579538382185,0.011601443304507512,0.797413274659959,7.069937705993652,5.839412700580374,2
0,5.545155,0.31228293081964165,0.015430385203275889,0.04711687501352949,0.929504068454569,5.947721004486084,6.03118079490955,3
0,5.4948502,0.34503340484554745,0.0637556510702848,0.07833647192278992,0.9419931665866235,5.749836444854736,5.728714792700697,3
0,5.4948502,0.38798141781619533,0.0027325337017228466,0.3065185011396792,0.6062490760769785,5.702366352081299,6.47290196062696,1
0,5.4317985,0.4665495427348658,0.008850984507837086,0.008249917961937542,0.09714040984483306,5.963619232177734,5.431447249333493,2
0,5.4317985,0.28764925852020157,3.4074421545232206e-05,0.021413175529188883,0.754330882864843,5.081347465515137,4.798763420006645,4
0,5.3979402,0.4696366009937556,0.003275950899828246,0.025429030840802187,0.2632281325159137,7.510594367980957,5.276026313755387,0
0,5.3767509,0.4300123334561474,8.721059033443585e-05,0.3323330926421996,0.5040310104323813,5.815927028656006,6.832995401303873,1
0,5.3665314,0.5751093882116709,0.9204078909319846,0.9624707927776271,0.4142256941434897,6.534518718719482,7.6437529817534315,4
0,5.3372421,0.29712695099005065,0.008656249945331936,0.01612312793451887,0.9962331184855816,5.488743305206299,4.809386872802523,3
0,5.2034259,0.40261557096923356,7.10933444814817e-06,0.10093565712484265,0.5127100423617121,6.703854560852051,5.634665268703965,4
0,5.2006593,0.3010532146879451,0.0789373179437848,0.01663171418183701,0.9976296287947213,5.523945331573486,4.594349770047254,2
0,5.154902,0.3829011274395516,0.0002901573990763771,0.01987196807225806,0.764735912538818,6.061831951141357,5.1631707966146285,3
0,5.154902,0.31614494492599127,0.005523980349182431,0.005977513506802479,0.9965841190195428,5.645510673522949,3.935084882702804,4
0,5.1023731,0.3099144917416489,0.5920794655158741,0.0963858322099789,0.9653916524148136,5.544610023498535,5.599057369599799,4
0,5.0506101,0.33959857949263067,0.000125532727431559,0.0006401166719821684,0.997836394550348,6.049010276794434,4.317750777408872,0
0,5.0409584,0.2883170091903978,0.00286975135861995,0.013031116002997604,0.7250857851562902,5.062941551208496,5.044436756810136,1
0,4.9281178,0.2628872545995006,0.00649364966954322,0.002642792968130338,0.9995583649610518,5.813817501068115,4.62224150265444,0
0,4.91364,0.3190935807482505,1.15034853847304e-05,0.06711373122708776,0.7874829691109305,5.899775505065918,4.8721429393980165,4
0,4.767004,0.285817549370532,0.00019811461189888968,0.0010927511977863722,0.9987984821903789,5.6453022956848145,4.108030197551095,4
0,4.7447276,0.23725254252813724,4.9095474696132415e-05,0.00736528432544356,0.999629729857944,5.277056694030762,3.9821899834707395,2
0,4.6458917,0.4364738812449438,0.019654542673625385,0.020380648584939633,0.6923595586045843,7.266716480255127,5.361706442888139,3
0,4.6197886,0.3120050179412783,0.05797561530584341,0.011882601642773296,0.8672433392520611,5.566861629486084,5.2198924332323875,4
0,4.6020598,0.2373316829442592,0.005547057396960573,0.00705370604826603,0.9507654606367119,4.994072914123535,5.062724880361782,0
0,4.5951662,0.2856635575617246,0.0004486458502864227,0.007892320455684772,0.7687046904403759,6.045440196990967,3.9470856979063775,1
0,4.5850267,0.3040712689820212,0.00041418021979248596,0.001120995182711725,0.9989990337682655,5.757115840911865,3.7820087738094057,2
0,4.5654311,0.31337928725227726,0.004832841263326838,0.020019130647190686,0.7157872011086964,5.49707555770874,4.468304366659113,3
0,4.4337983,0.27437439798529917,0.3684741036346002,0.004001867493448361,0.9966876399340547,6.522514343261719,5.457767417401339,1
0,4.4202166,0.31202482797314246,0.006303956381698843,0.04214095986463936,0.9933386321801219,5.539218902587891,4.588479776844871,2
0,4.3979402,0.24711485822025367,0.5506121030914403,0.2334764589345862,0.7603633458599102,4.8438615798950195,5.196974661278944,2
0,4.3851027,0.2050497245895064,0.0021669690595633602,0.0061343799012531395,0.9881055796980998,5.185547351837158,4.527729774296489,4
0,4.3829994,0.21887860289407868,0.0013633401877655303,0.006048217852759166,0.9993146062362038,5.12917947769165,4.523684361918928,3
0,4.1079054,0.3620385095112822,0.00029743103915212774,0.004390857886082442,0.8999824649989417,5.499624252319336,5.211865665534408,1
0,4.067019,0.2901428646927426,4.976215848603304e-05,0.002492580783211771,0.9078987687829427,5.608574390411377,4.0254439523356735,4
0,4.0268722,0.18726064957586724,0.001148212193748926,0.0007864306665466234,0.9768573100717202,4.350772857666016,3.6972685080822663,0
0,4.0030508,0.24499248914254754,0.0009400969518136743,0.0020343995171128817,0.9991705324074309,5.477578163146973,4.351886653648301,1
0,4.0,0.3162488251000601,0.23560823819667168,0.013159202176469433,0.8465309066935233,5.493984222412109,5.7079990524145465,2
0,4.0,0.22401008255474333,0.12127714272866448,0.009843440240666069,0.8945849362362963,4.575618743896484,4.428025048774116,2
0,3.9430952,0.3039919819143168,0.0014781602735179356,0.004997460440358504,0.9148867820626586,5.943983554840088,4.102354563190749,3
0,3.8860567,0.22614365531990396,0.0019295907133360158,0.030590420813886063,0.8478209141704857,4.482745170593262,3.704039773181215,4
0,3.6777806,0.21595252488529038,0.232713170933938,0.004894662403729247,0.7441918210286668,4.831212043762207,4.037735696446846,1
0,3.6020601,0.2614598158788708,0.3050386450287037,0.01972615936069329,0.9554165545062308,4.799537181854248,4.141994430149942,0
0,3.5086384,0.16559504825432672,0.0003105033226055178,0.000424895052982669,0.6629954077516176,4.138796806335449,3.516967581572811,1
0,3.3010299,0.24258454090988582,0.011345478064744265,0.003123848830966274,0.991263236915825,5.445999622344971,5.074568966594975,1
0,3.3010299,0.22497580240592313,2.2585749570098304e-05,0.23468598160769916,0.9957878610185644,4.666257858276367,2.8843905051041014,2
0,3.2083094,0.21269459449566733,7.954504822677319e-05,0.0022149784069717994,0.9991607526704065,4.895858287811279,3.7000311094916496,4
0,3.154902,0.19908443175853635,0.015040608003797896,0.0011524313837250099,0.9990653693742124,5.3277082443237305,5.0856652474238695,1
0,3.1135092,0.2007339359628864,0.0014936538658797676,0.002022767499130689,0.9910766170108896,4.433775424957275,2.8212922069123367,3
0,3.0604808,0.1911554169131555,0.6119967342566496,0.004973687770450227,0.9983993390975673,4.652187824249268,3.6525840775904426,3
0,3.0,0.19902097444481118,0.07493975258774513,0.004816178086127637,0.742522388899568,4.690455913543701,3.3201427753900337,4
0,3.0,0.12677278873670933,0.017524016460646823,0.005196180878208237,0.5938159552441862,3.898667573928833,2.999573315225362,0
0,3.0,0.12601228888458066,0.9534759618460652,0.03798171802893673,0.5840407843504758,3.926865339279175,3.0751581070715615,1
0,2.6989701,0.3067845352255073,0.3231981760682352,0.34771671909260177,0.7006815709977395,5.025317192077637,3.1138105519500674,2
0,2.6989701,0.15725132462986705,0.008243946774404072,0.2118010367167136,0.9559347740102182,3.758561611175537,3.7290050172278266,3
1,10.522879,0.988278759793401,0.9998715185351373,0.8627744880270832,0.1219828350924346,8.847940444946289,8.179263888232645,4
1,9.5228786,0.6957880099651663,0.0005439401681097549,0.069439267083516,0.04760641784939578,6.81436824798584,6.971611776368796,0
1,9.5228786,0.9109552402305472,0.21330246235237224,0.9669351700059297,0.07893749643709097,6.755131721496582,8.335402458006257,1
1,9.1549015,0.6015073954051879,0.9974531246831313,0.913785056370228,0.3462092635840492,7.280526161193848,7.901453922919961,1
1,9.0,0.738552369254862,0.9601256999430399,0.9599762154197892,0.14500635502633216,8.228673934936523,7.533694163757713,2
1,9.0,0.8483283605030532,0.7663394537467124,0.23968060638295383,0.14870059464662688,8.545318603515625,6.647006065026993,0
1,9.0,0.8945212959531316,0.19762772620626656,0.9460226361561731,0.06899901695271873,6.526496887207031,8.102995348752446,1
1,9.0,0.42076337260925367,0.9965666641022634,0.9637754058431582,0.9064895438513851,7.08486795425415,7.948973870488365,2
1,8.9586077,0.6994660826426223,0.9448643848699233,0.8606419305815127,0.04020947101577488,7.2748823165893555,7.541864162748578,3
1,8.7695513,0.3393476945635619,0.7639642414487792,0.98974428189767,0.9809789957271231,6.30397367477417,7.474809417532928,4
1,8.7447271,0.6737687226322036,0.9717248456054154,0.8701753710310467,0.040049824534030505,7.195187568664551,7.5311266025398185,0
1,8.5228786,0.4385379143757435,0.8474057220655703,0.9845443836658898,0.9586279346410285,7.202821254730225,7.575463517602312,1
1,8.5228786,0.42076337260925367,0.9991394685444145,0.9713637113692182,0.7027408158366609,7.08486795425415,7.79476844463571,2
1,8.5086384,0.8754891153746475,0.967336841114663,0.25373241401987634,0.1340327250163375,8.632234573364258,6.4879193422062125,0
1,8.2676058,0.29229630978363985,0.967612320568011,0.9875772703314678,0.9712088634983025,5.703725337982178,6.889498296423635,0
1,8.2218485,0.39173423875431307,0.9999593432826336,0.991927040860657,0.8460784789935815,7.143510818481445,7.90363609466175,2
1,7.9586072,0.42757928446658333,0.9994913881683894,0.007798833908818928,0.9905694058361343,6.376356601715088,5.19082474700324,2
1,7.8860564,0.5578222189468438,0.9991828483451165,0.8934472926050816,0.03243397524087732,6.890291690826416,8.156816258908467,1
1,7.6989698,0.40840123152121316,0.19603345902617111,0.257616935912827,0.6488524549225512,6.626650333404541,6.879995327530658,2
1,7.6020598,0.686996283730421,0.17654464520746468,0.811472995017856,0.09453457494747317,6.903132915496826,8.000937827070706,4
1,7.6003261,0.7377099742648159,0.0008489519587644856,0.6353361608824845,0.03014901733715554,7.874410629272461,7.668425122170942,3
1,7.5850267,0.5484579639778248,0.27235155722486976,0.08335489191374362,0.93136754570311,6.422685146331787,5.00511186110697,4
1,7.5833597,0.38384769691814863,0.9865355529226891,0.4401753631011676,0.8209235829564171,6.3647871017456055,6.60712437254576,1
1,7.3979402,0.38096840530920256,0.3103484361005985,0.16934412370326254,0.6482613695474284,6.507838726043701,6.570190201269432,2
1,7.251812,0.26949617756797395,0.8540279425923005,0.7866195627429163,0.9987342766961635,5.8476080894470215,6.789061669046605,0
1,7.2291479,0.2877787101061624,0.23902592223506072,0.9139101797848592,0.9694671254733211,5.639255523681641,6.365446047701699,0
1,7.0457573,0.4190476395661293,0.04810649838998685,0.6041233573265468,0.9544967868096481,7.1289567947387695,7.31091024192981,1
1,6.7212462,0.38096605158332275,0.9963083057902619,0.37887887297465994,0.9874105901281817,5.9210944175720215,6.712338827407413,2
1,6.5686364,0.2823151027139856,0.9720575570719047,0.12829540713915097,0.9993213620268435,5.827159881591797,6.410743985204846,4
1,6.3477535,0.556853678280637,0.46115246321411524,0.493483495062909,0.10184546341050103,6.392928123474121,6.013279657366968,3
1,6.2757239,0.3092762452938099,0.9987408534335497,0.8764440239506089,0.9683959479775031,5.646632194519043,6.710628243057656,4
1,6.0457573,0.45839739100810933,0.0006247356633332645,0.6027275957765827,0.89973068863427,6.805206298828125,6.858300543348517,0
1,5.4436975,0.18878848785842928,0.3478144189047568,0.024663171566834268,0.995895151687971,5.039620399475098,5.301431427751643,1
1,5.3009434,0.657279517985828,0.9853388465602156,0.7404964839398175,0.08357528068763266,6.7008819580078125,7.11049673109956,2
1,5.2146702,0.23710116186125624,0.33007116494886196,0.17387175120707865,0.9819745447049559,5.402517795562744,4.869749132920625,3
1,4.8477116,0.2591099252047883,0.852827304218175,0.23178814983897966,0.9951788901159038,5.019060134887695,4.530166072510259,3
1,4.415669,0.26671465601897076,0.8745331657896925,0.9061411525003413,0.9991369977222394,5.530546188354492,4.738408493826317,4
1,4.4111681,0.17447944690522646,0.5195383928256013,0.011095560634756226,0.9717839720823909,4.66275691986084,4.490077341205965,0
1,4.1307683,0.5433128491977395,0.014316449961048387,0.6657239277723057,0.19882499053173913,6.886256694793701,6.690509110005389,3
1,3.769551,0.5299515440107291,0.008283098869414944,0.1915525529003073,0.3511866910526551,6.773806571960449,6.0947313313401015,3
1,3.6575773,0.17592374380390235,0.0010695182406069799,0.0012522680866301021,0.7742309855337436,4.456225395202637,3.731386471022615,1
1,3.1804562,0.1321568937731857,0.003551651290963684,0.0002949556673660111,0.623115306114376,3.8051700592041016,3.228578912575833,1
1,3.09691,0.12407777876325408,0.00012153693082218201,0.0005030056283030925,0.15267993946029043,3.7978241443634033,3.144602859291465,1
1,2.6989701,0.11484196558245943,0.00010794364780644124,0.0003107083664045692,0.20526767191409329,3.640336513519287,3.2545612462140507,1
1,9.1870871,0.33168898877637687,0.9633442154630895,0.9299369464710829,0.9694943408074249,5.660824298858643,8.122210042160148,3
1,9.0506096,0.6091663456131398,0.9995982086819127,0.9940893581793595,0.28614028672695063,6.82573127746582,7.691503501168209,1
1,9.004365,0.4709022482091177,0.948829483012821,0.870394740746156,0.5323387542699805,6.449347496032715,7.265425972867,3
1,9.0,0.45753766390126616,0.9966951704571714,0.695829291452234,0.8866660673524542,6.3246026039123535,6.558002681031298,3
1,9.0,0.6429360164486183,0.8953872507703028,0.9794234845117121,0.2292769103851991,6.91259241104126,7.563066376203404,4
1,9.0,0.6313367774834695,0.9771991187276349,0.9844242787851162,0.14761343266588375,7.564274787902832,8.403423541410346,3
1,9.0,0.6297177204695983,0.24439096993114734,0.9526973286077964,0.7089613401933612,7.889257907867432,7.619204278555994,2
1,8.8538723,0.7210450003253673,0.9990900027652705,0.9974448308188112,0.27611207681947714,7.51385498046875,8.734908325377221,3
1,8.8239088,0.7205547750404453,0.9943343565317286,0.9942516545781726,0.2727290994952017,7.482900142669678,8.399290933430576,4
1,8.7212467,0.589385222979945,0.9949901923248281,0.9967134818845711,0.5188825367841452,7.28843879699707,7.939809413588913,0
1,8.7212467,0.5301956848860929,0.9926633661188901,0.9907583797897164,0.6833467123078311,6.77897310256958,7.964876898649705,3
1,8.6989698,0.47835318019867673,0.984466400507493,0.958533935069879,0.5267749023872992,6.522223472595215,7.191151591447396,3
1,8.6989698,0.6139553890975729,0.9813403338430575,0.9605681875586016,0.11122720915423792,6.556173324584961,7.631745299980689,4
1,8.6989698,0.6676901640470823,0.9990169894502547,0.9832127675401362,0.24532111501195195,7.985966205596924,8.592169429965574,0
1,8.6989698,0.6070164229967706,0.9201842025026636,0.6304484108834495,0.09758289312388901,7.863224029541016,7.217330953882501,1
1,8.6989698,0.5759536731349607,0.934268469454601,0.48448304740790527,0.058594852006332826,7.2585248947143555,6.5349532198464235,1
1,8.6989698,0.6112811439204888,0.993082437202324,0.9396234952120834,0.015223067343754537,7.616868495941162,7.3664461449041925,1
1,8.6989698,0.6261093104582242,0.32502724000779876,0.8697178427909648,0.013251531381165256,7.6032867431640625,7.072706893141686,1
1,8.6777811,0.5496897866401005,0.6003436545044666,0.9770431317158328,0.4101026115265747,7.112916946411133,7.710093108177565,3
1,8.6197891,0.508477945810639,0.9889213767311597,0.8072983039064364,0.7286987859118117,6.82958984375,7.084078965477052,3
1,8.6197891,0.4869475248918988,0.9990341129171271,0.9836502558990022,0.131514474080384,6.642045497894287,7.458025549839447,3
1,8.6038008,0.4454993708452116,0.4232274238103081,0.7584840792504739,0.5145074547017348,6.85589075088501,7.229593108278864,0
1,8.6020603,0.3435159389770422,0.8736197232309759,0.890169446417037,0.9698826400087907,5.775310039520264,7.393904509412942,3
1,8.6020603,0.6322994088199916,0.9998666284507564,0.9888399858668468,0.28995946518239346,8.087298393249512,8.271942746667207,1
1,8.5867004,0.46222109252856575,0.999989795761423,0.9955971873300969,0.926387300743472,7.2771430015563965,8.280395165187857,4
1,8.5850267,0.663640496042246,0.998913720550319,0.9883281965305806,0.3890322900400329,6.999953269958496,8.069829265178292,1
1,8.5850267,0.7350768779689496,0.9997410696041478,0.9933242647686814,0.20995615469632892,7.567784309387207,8.66267854875934,2
1,8.5850267,0.7080919663483761,0.999961937436024,0.9905705853127361,0.2686756360674105,7.518884181976318,8.558814318256838,3
1,8.5686359,0.7750603202030831,0.999963857323693,0.9810987389956247,0.28704965190401355,8.330620765686035,8.633773218606278,0
1,8.5686359,0.5833342804124751,0.9998922489836076,0.999267169813128,0.05636251684988744,7.7559051513671875,7.968557612204407,4
1,8.5376024,0.5301956848860929,0.998041746357393,0.9919329041148902,0.4723713997970234,6.77897310256958,7.762306121969165,3
1,8.5228786,0.629671484449566,0.9817767863114037,0.9844491446547031,0.16967907254798698,6.725793838500977,7.692753015144189,4
1,8.5228786,0.5681387171827962,0.9994221001134455,0.99849861457207,0.44251208651011076,6.989877700805664,8.081659520125566,4
1,8.5228786,0.6554264196930428,0.9976187426111711,0.9138094662340288,0.1056079726031197,7.421356201171875,8.349130836450106,0
1,8.5228786,0.7462990577501761,0.9999177861845189,0.9889703195447958,0.20013777926732143,7.86947774887085,8.248886688969103,0
1,8.5228786,0.5412988402611566,0.9947742147975844,0.7987323212211802,0.08009714142023977,7.2475080490112305,7.434796194707016,1
1,8.5086384,0.8348350597756552,0.9652246790531612,0.8687647985602357,0.10263861988323134,8.481992721557617,7.394903680324067,0
1,8.4948502,0.5733713753223652,0.9979336900988844,0.9968863195879092,0.1520121309658949,7.09346342086792,7.563730415609538,0
1,8.4948502,0.6635097711791365,0.9649763816580048,0.6773602291259212,0.016386592105339194,7.975520133972168,7.922031388847967,0
1,8.4685211,0.5093268478856127,0.9684608350173994,0.9710856594716828,0.43528795016647637,6.584671497344971,6.875965423733642,3
1,8.4436979,0.45753766390126616,0.9985214936795336,0.7645826504457363,0.7255904978320334,6.3246026039123535,6.274627131208195,3
1,8.4436979,0.49391449736511095,0.9811934983630672,0.9819754353245039,0.4705545152866063,6.548485279083252,7.6109011827949375,3
1,8.4436979,0.8100787771194286,0.40730920144333504,0.26791834041396706,0.059645221680759516,7.893931865692139,8.171437547745318,4
1,8.431798,0.5301956848860929,0.9925017023407553,0.9941232801963815,0.37084442031102294,6.77897310256958,7.5811261140412585,3
1,8.431798,0.5273131311770818,0.9966527850365626,0.9991494757809742,0.670889306205328,7.0072174072265625,7.886145957352762,0
1,8.3979397,0.4709022482091177,0.9600608779129565,0.9561268672004842,0.5197536883975382,6.449347496032715,7.299800521925253,3
1,8.3979397,0.6105027136104236,0.9140664061836626,0.9642247356177829,0.21086090579831787,6.716608047485352,7.234819915843194,4
1,8.3979397,0.6743838585946926,0.9985982124408611,0.949901639083704,0.3008623941907206,7.788086414337158,8.046883804985583,0
1,8.3979397,0.6305908746003449,0.7399366985558039,0.47671679637500375,0.08767027055120483,7.288181304931641,6.648066942772883,1
1,8.3872166,0.5684421360685564,0.9994388451034797,0.9985352586530963,0.2781633873778421,7.088332176208496,8.121770072622459,0
1,8.3767509,0.7037931301223971,0.8666872389017701,0.7984402158661702,0.36219611771092314,7.6037750244140625,7.47112139368778,1
1,8.3467875,0.49391449736511095,0.9969523720385651,0.9852372091359646,0.4705545152866063,6.548485279083252,7.6187145447754405,3
1,8.3279018,0.6120982720654008,0.9936092415745149,0.9653066100261057,0.0735096488669267,6.5641937255859375,7.709100515926832,1
1,8.3010302,0.5315729171488819,0.9981708775943214,0.9966257536674137,0.12931209262502033,6.839710235595703,8.016484635325146,1
1,8.3010302,0.5497917691476019,0.9366469462500043,0.8739088935076602,0.3882627930699203,6.9156494140625,6.650793374321051,1
1,8.3010302,0.5953385668578599,0.9999933254608081,0.9992575332708906,0.38721460381716516,6.905668258666992,7.994867690115659,4
1,8.3010302,0.6065314783461893,0.9996040060630422,0.9983757751794856,0.183628902894892,7.103092670440674,8.067404241095767,2
1,8.3010302,0.6476647275839285,0.9996279724811807,0.9649630786311647,0.1994567260484604,7.505862236022949,8.234796382577315,0
1,8.3010302,0.4248407601694494,0.7806968791617092,0.5062178164796769,0.7283549366787345,5.870344161987305,5.992830625777966,3
1,8.2839966,0.6447965673145344,0.9920056780737052,0.994347010920207,0.03782593246671044,6.648477554321289,8.232345594772013,1
1,8.2839966,0.5845580913146301,0.9990986646473058,0.9992377365433069,0.1364780571837556,6.984030246734619,8.352616877224785,2
1,8.2676058,0.5360453410245954,0.9866626807197171,0.9961557764972696,0.09570870677215486,6.808816909790039,7.994591923677268,4
1,8.2441254,0.5902694786433828,0.9978440119777742,0.9343814253817595,0.05434666072974734,6.676319122314453,7.742079930524951,1
1,8.2441254,0.5840561012819645,0.9900610364723582,0.9990464913560122,0.19213956664010365,7.241358757019043,8.292694537861065,0
1,8.2441254,0.5837534666182441,0.9990679935052489,0.9988224549824615,0.20724717267957435,7.103215217590332,8.006813730901376,0
1,8.2365723,0.43686938917923857,0.9025928232624899,0.3701241435708165,0.7647854598268591,6.125678539276123,5.9257577998744795,3
1,8.2291479,0.7080919663483761,0.9995772085524388,0.9920428405598773,0.2942561091680009,7.518884181976318,8.664891544442904,3
1,8.2291479,0.6333015945535729,0.9978477334807281,0.9851263279868806,0.04576900787614745,8.066929817199707,8.1298004123168,4
1,8.2218485,0.7178963230689451,0.9935345735027921,0.9937815226230606,0.2041367490202926,7.642123699188232,8.013226607368304,0
1,8.2218485,0.668283349385146,0.2862980532324344,0.9888028357945843,0.20458219997167915,7.445792198181152,8.334796684791892,2
1,8.2218485,0.7014831705191494,0.9968580724136555,0.9726790475234715,0.31134400069947527,7.976839542388916,8.40524983023589,0
1,8.2218485,0.4948976322698297,0.9987531709315403,0.8444340371375005,0.06569396832606851,6.733944892883301,6.737653342887623,1
1,8.2218485,0.5194231842280104,0.45958078099427424,0.597340022551423,0.0969446668247728,7.090281963348389,7.190893970306832,1
1,8.2218485,0.6214145473528303,0.032203058901316736,0.8681630225087454,0.045552582997438716,7.990375518798828,7.210819143484145,1
1,8.2218485,0.41464957377615946,0.21113087426721525,0.9757053296713796,0.8913688214762289,6.751925468444824,7.702862936988791,1
1,8.2160969,0.40787208083665044,0.9997640909128147,0.25586657696923626,0.9947365840017911,6.765136241912842,6.798882614374796,2
1,8.2146702,0.6941648884881559,0.9980705079011246,0.989015388631321,0.21228905120259123,7.0866780281066895,8.165382423743258,1
1,8.2146702,0.589385222979945,0.9994807599023662,0.9987362583698027,0.27937171818717926,7.28843879699707,8.08099609389121,0
1,8.2006598,0.6023264397929197,0.9998082963860131,0.997308345419941,0.18620544405196604,7.401254653930664,8.10767094646852,4
1,8.1877556,0.4569344355393252,0.9999890096115639,0.8941075695350928,0.5854385062083927,7.153123378753662,7.5945032656090214,1
1,8.1870871,0.47835318019867673,0.9615339392580231,0.9357857296971249,0.8352000431359352,6.522223472595215,7.183677874713371,3
1,8.1611509,0.47835318019867673,0.9661440916101669,0.9406832903276445,0.8773931834251532,6.522223472595215,7.354733157347693,3
1,8.1611509,0.5655404673479738,0.98338887712507,0.9982512244023124,0.18505375144137376,6.900179386138916,8.04985779864181,3
1,8.1549015,0.5681387171827962,0.9999138512147514,0.9992318925255479,0.3932039611784162,6.989877700805664,7.973822831455736,4
1,8.1549015,0.5565347618731052,0.9502321043754595,0.985252832186334,0.4016699226548653,7.007280349731445,7.801035195047263,0
1,8.1549015,0.5417170289862586,0.4292635733243606,0.7076965218729204,0.28657774004103126,7.02629280090332,6.876231419197443,4
1,8.1549015,0.6112673255634801,0.9960477145640949,0.9719870256320032,0.03252289640448228,7.822591304779053,7.935937920175794,0
1,8.1549015,0.5322161124998932,0.08503644555334822,0.5286000681676817,0.025729817423674608,6.976679801940918,7.174584032466233,1
1,8.1426678,0.5837593965960121,0.9995040719584518,0.9984953010685741,0.17830005546716804,7.241518974304199,7.819190045066904,0
1,8.1307678,0.6005108004147388,0.8541562039237918,0.9965251695607578,0.4385593443595558,6.865458965301514,7.557999930306431,1
1,8.124939,0.5986634617980708,0.025220941424367167,0.2745055174778696,0.03712408529356184,7.548012733459473,7.1899835375481205,4
1,8.0969105,0.6261080357709123,0.5840724479746305,0.5614938786915327,0.17993571636503988,7.472970008850098,7.846752083596956,1
1,8.0969105,0.5065282761189754,0.998504576808629,0.9922634713492307,0.2069312970363696,6.414700508117676,7.548460227422812,4
1,8.0969105,0.6042097929455041,0.589323143880597,0.9979561651751947,0.17277736638637156,6.948575496673584,8.288317164586296,2
1,8.0969105,0.6466423694085758,0.5853306136813297,0.19258282492925827,0.20745291970908272,7.109973907470703,6.626428777086701,4
1,8.0969105,0.4830340365182898,0.0083781021295918,0.5225232776459876,0.061298331851233845,6.777477264404297,6.883036757042498,1
1,8.0969105,0.49684211299245246,0.9533419830828876,0.9948722491626879,0.43066477856143437,6.742745876312256,8.17954196638804,4
1,8.0969095,0.34039795628144903,0.992296662338603,0.9380182686480211,0.9589819037836488,5.91762638092041,7.1926091005834705,2
1,8.0969095,0.4397478026131115,0.015921893677061694,0.00853660909413514,0.3952582083907694,6.530344486236572,6.384188658525903,2
1,8.0969095,0.49010862369283115,0.005230858976604214,0.7757582561989207,0.09053207756044448,6.936159610748291,6.815354358874583,1
1,8.0830202,0.43208027528922294,0.9989284178784135,0.9942924095761535,0.8978235312040751,6.926833152770996,8.192874379657836,4
1,8.0809221,0.4710420836325027,0.9843766386701964,0.5803583941123641,0.5809090347748866,6.469903945922852,6.349940182194826,3
1,8.0655012,0.5809584123170846,0.9885617692781505,0.7152199897111208,0.425497952686557,6.8361406326293945,7.425556347075176,0
1,8.0555172,0.4741366749834413,0.2912703408076339,0.8843141311633279,0.7303719239835413,6.520680904388428,7.5253092527979355,3
1,8.0457573,0.7240357835308097,0.964632928185986,0.6767356440476106,0.20809235459765046,7.537631034851074,7.21767705219367,1
1,8.0457573,0.6810693066372984,0.9985138062312158,0.9875532435905505,0.21047246484688356,7.471396446228027,7.73092670577219,0
1,8.0457573,0.5053485939829669,0.8658704417945121,0.9342631033301771,0.19314944127215045,6.516607284545898,7.631014009509529,4
1,8.0457573,0.5410095143472693,0.9487845984350232,0.9860554979813475,0.2873093875748133,6.993278980255127,7.512588161949265,0
1,8.0457573,0.5823903711876344,0.9987323472415734,0.9784297200658568,0.45801858936881656,7.335476875305176,7.67225292104761,2
1,8.036212,0.6023264397929197,0.9998082963860131,0.997308345419941,0.18620544405196604,7.401254653930664,8.10767094646852,4
1,8.031517,0.5614203061350755,0.9995698528392947,0.9976684202435246,0.18878454820110432,6.981527805328369,7.861668702980207,0
1,8.0222759,0.589385222979945,0.9990667475123893,0.9979594688976181,0.31576506762221035,7.28843879699707,7.983992158101431,0
1,8.0177288,0.5807378558358921,0.999953822548984,0.9992702237089841,0.15259450393288163,6.719625949859619,8.140040843196095,1
1,8.0132284,0.6147454600463786,0.9988000221408554,0.9992594796886183,0.036614624460304966,7.928781986236572,8.560956633853781,2
1,8.0087738,0.6073908656054263,0.9980481844838439,0.9965011182878744,0.12956541688014855,7.307265281677246,7.461784888945256,0
1,8.0,0.6686210764920565,0.22654143742185073,0.9367302311034551,0.21330483381225854,6.958092212677002,7.392560820469968,4
1,8.0,0.6164120385413067,0.9604312935776129,0.9823148823663677,0.16228678252807738,6.423411846160889,7.833222373588039,4
1,8.0,0.6918205950260625,0.9959606669027896,0.9714598411381536,0.2057148042027834,7.616347312927246,7.903971487142596,0
1,8.0,0.6422154394032822,0.9350326605127338,0.9774933464883622,0.6017010672178579,6.910585880279541,7.397921615289715,3
1,8.0,0.6750047260309094,0.986241207932793,0.9881497798230975,0.4150330838900212,7.132946014404297,7.391573393463396,3
1,8.0,0.5214005800634275,0.9996105830436721,0.9911140092360212,0.3254844287397966,6.559278964996338,7.510863255059755,4
1,8.0,0.3798279769378157,0.9151103043659108,0.9431024491211751,0.9813189025951051,6.647992134094238,7.038440574520647,3
1,8.0,0.8348350597756552,0.9652246790531612,0.8687647985602357,0.10263861988323134,8.481992721557617,7.394903680324067,0
1,8.0,0.3871669001172163,0.8794157869880863,0.7914549821510025,0.9882723473634034,6.361572742462158,7.223115058494905,1
1,8.0,0.6501701882998612,0.43404541658520196,0.06640190018660361,0.10935790429785357,7.202157497406006,6.59287004128647,4
1,8.0,0.38262320061764776,0.9392918989254937,0.9808427413040761,0.8924553566453605,6.616144180297852,7.550972531130596,3
1,8.0,0.3296547595007861,0.8430888921451314,0.9913579645466444,0.996989824350883,6.276864051818848,7.3275800065409795,0
1,8.0,0.34365597316004876,0.9937762828700839,0.9926190274026402,0.9947273407003498,6.286979675292969,7.65716074091756,0
1,8.0,0.35152800515779054,0.9668786876371114,0.9835287884067778,0.8819521647401244,6.157787322998047,7.332391069324834,0
1,8.0,0.38061853605897267,0.9998316644501458,0.9837257238333594,0.9135553158867042,6.179375648498535,7.219954716367523,0
1,8.0,0.37316488645011325,0.9997854245874551,0.9119890667552356,0.9879669740216946,6.144031047821045,7.177675532285265,0
1,8.0,0.37260679821428944,0.9539803538128093,0.6905671565880896,0.9929018468526692,6.144344806671143,6.942512013985845,0
1,8.0,0.6292756107709095,0.981827105173153,0.9358590039040128,0.12569380431391192,7.293386459350586,7.110232825777927,3
1,8.0,0.3594024820403963,0.9193154169409129,0.8829255505344683,0.9820503974158173,5.919631004333496,7.231547144056131,3
1,8.0,0.7321927259607806,0.9996007046423182,0.9754126188599513,0.36205931741088493,7.784483909606934,8.334785383318133,0
1,8.0,0.343131894856632,0.9800011968860723,0.9801272445545052,0.9835401969254419,6.1126861572265625,7.452986779571133,3
1,8.0,0.3655725775376806,0.9994481086674893,0.9795014785023742,0.9749991980596726,6.062524318695068,7.501901918095162,3
1,8.0,0.38662714568599754,0.9863984161419952,0.9639609331098125,0.928804068911643,6.555415630340576,7.636388502273264,4
1,8.0,0.31984236782485986,0.9973910132506161,0.8860020304026609,0.9978875730997809,6.531996726989746,7.403120240290103,0
1,8.0,0.571794432860938,0.6050821260641165,0.07899963825995034,0.12459408659491747,7.281271934509277,6.128402503614223,1
1,8.0,0.5684695531574818,0.8092544109979349,0.2538231281258527,0.14997102118411595,7.309406280517578,6.405739201741227,1
1,7.9586072,0.5293494411832927,0.21201594719127284,0.9626585445364055,0.4776322307401596,7.023890972137451,7.478093350122007,3
1,7.9586072,0.6070359126988135,0.7960353934897263,0.9410102445568079,0.32392891870597706,7.053828716278076,7.32538611578325,0
1,7.9586072,0.7146098609200467,0.5280322984942519,0.996171111254931,0.20558668014283296,7.518826961517334,7.7057020692344125,4
1,7.9586072,0.5055777530488775,0.9977818991523411,0.9875694714597533,0.27050488882757656,6.534298419952393,7.634377185308239,4
1,7.9586072,0.6495311236086534,0.6327508989731767,0.05176544099437209,0.08243112635894466,7.040754318237305,6.164075267090205,4
1,7.9586072,0.683955951227237,0.8910494745289228,0.700722470816325,0.1546486901944733,7.559847831726074,7.736067563436925,4
1,7.9586072,0.3803605631227549,0.9984279398242153,0.9626309877022419,0.8856523789863032,6.197801113128662,7.747082491297394,4
1,7.9586072,0.652232218436357,0.9979400580791441,0.8339645136839794,0.1615945557604338,6.697446346282959,7.887395216650048,4
1,7.9586072,0.48103596063823756,0.97554357789016,0.9961307930993986,0.12338611748331628,6.814619064331055,7.755764296643777,0
1,7.9586072,0.5301956848860929,0.947133548446307,0.9931045888555956,0.45360629238375744,6.77897310256958,7.581332123139217,3
1,7.9586072,0.5429103100167061,0.9986411174776235,0.9988631873076953,0.5884468382480147,7.022556304931641,7.960428417211325,0
1,7.9208188,0.7944609417466771,0.9984672704298715,0.9356825651681677,0.20758762403869735,8.07632827758789,7.771289172269773,1
1,7.9208188,0.7440823043650135,0.7890542894719293,0.9712979199197646,0.1811059284875126,7.7156267166137695,7.456511310847493,4
1,7.9208188,0.36667675589013576,0.9997530475116805,0.9830513437580141,0.9818782487613542,6.494057655334473,7.381850655507379,0
1,7.9208188,0.6406451906295545,0.9973641691276789,0.9735517907077449,0.14763181849006043,7.2763190269470215,7.493836533538028,3
1,7.9208188,0.3311710415244246,0.979622547999546,0.9576833525212972,0.9545830383950787,6.247776985168457,6.854131612574335,2
1,7.9208188,0.56700825859917,0.003657411899101209,0.47299908757807146,0.034897421729108466,6.849501132965088,6.301245758570124,1
1,7.8894105,0.4190758160656631,0.9359638998553649,0.9613842111999913,0.9577549177589768,6.840825080871582,8.072069408583213,4
1,7.8860564,0.6678233226554244,0.8842640409394626,0.997150364370103,0.223788259073151,7.251753330230713,7.772093803445857,0
1,7.8860564,0.5632150973183461,0.9999758460711594,0.9926613294373687,0.2969738763426787,7.126639366149902,8.15422318411548,3
1,7.8860564,0.6852325864248834,0.9968249621775034,0.9533449401547636,0.15673195228541698,7.74251651763916,7.72045949606918,4
1,7.8860564,0.38164976099120984,0.9998236078762912,0.9959188473492405,0.980026095109382,6.642119407653809,7.9078665365201095,0
1,7.8860564,0.6211240126685823,0.16984047584178597,0.9874034195687286,0.4246197902426553,7.07405948638916,7.1702808867156875,1
1,7.8860564,0.393473902261556,0.00320010491452942,0.6486608333330395,0.9083965904098786,6.615051746368408,7.1923543930222,1
1,7.8860564,0.5515150874799519,0.5225292625547655,0.4264214449541901,0.02559650126278029,6.859116554260254,6.389186044580088,1
1,7.8600001,0.4599242751996829,0.9690266155807893,0.9882740153803474,0.7783730107466638,7.231076717376709,7.535414845871574,0
1,7.8538718,0.5289175743689982,0.7889794850273211,0.8104698208633243,0.46997492292132276,6.919558048248291,6.820132072091852,3
1,7.8538718,0.5799238387038911,0.9710148825003796,0.8293206328448944,0.07154494435469343,6.787972927093506,7.073009873211989,3
1,7.8538718,0.5364411519021992,0.3888400919562933,0.8868523231601607,0.7432326669361601,6.753538131713867,7.283535939010805,1
1,7.8538718,0.7158255870056879,0.8882322519686812,0.922178028941817,0.13256471418561155,7.949945449829102,7.921915241075803,0
1,7.8538718,0.5853229998043057,0.01396241550625885,0.1689932324932461,0.03936365253473647,7.239114761352539,7.189366545341366,4
1,7.8538718,0.32250473972136484,0.3466160353565706,0.9173453681811639,0.9375202214751759,6.142822742462158,7.284409373063293,0
1,7.8239088,0.5943948529535077,0.999796413011288,0.9979053059493385,0.15801680593101794,7.0970139503479,7.8831317964273735,2
1,7.8239088,0.4767912442361154,0.9989186522059083,0.9857274141503455,0.21683243529634386,6.376438140869141,7.39973944955618,4
1,7.8239088,0.6293691243113494,0.2799184209966557,0.05234625964875646,0.08615161007944867,7.180952072143555,5.92649221940035,1
1,7.8239088,0.36266130324450313,0.9991644820865433,0.8723473019815,0.9658835418886134,5.925042152404785,7.253745437925061,3
1,7.8239088,0.34972708717994383,0.31958441312639396,0.6622590472728698,0.9387937201759381,6.311720371246338,7.191235267709153,2
1,7.8239088,0.5215783588584508,0.9999007911799709,0.9076384477975934,0.4346318236963292,6.704079627990723,6.849914704154185,3
1,7.8239088,0.6007269543171756,0.12601627572625196,0.27764654259207094,0.04299312764078075,7.5018839836120605,7.002257607116621,4
1,7.8239088,0.3131207551045835,0.7070460478055087,0.040386782653089294,0.9863517920601678,6.209726333618164,6.3488549533307195,2
1,7.8096681,0.4035316257018599,0.99864360903535,0.9802031878476485,0.947191514376991,6.548590183258057,7.871633825727345,2
1,7.7958798,0.6303892501522051,0.7190451062714428,0.9844131609038567,0.12710274120742862,6.567191123962402,7.715953672857518,4
1,7.7958798,0.3546618362314442,0.05839609447607163,0.8350686640615356,0.970973632279226,5.767797946929932,7.239987824803399,3
1,7.7958798,0.3591397684235762,0.9984321100548659,0.9932931245295616,0.9211778389222566,5.9777374267578125,8.449846810323733,4
1,7.7958798,0.5548755930922113,0.9979867098824311,0.9892263225832204,0.03805558567203824,6.38730525970459,7.729049415783257,1
1,7.7958798,0.37896499071480905,0.9990687206623985,0.9634661334742833,0.9797014095160549,6.18002986907959,7.543083845351288,3
1,7.7958798,0.5989106664822706,0.9996194953845583,0.9983874798269228,0.2882407811191437,7.256349086761475,7.824650185427722,0
1,7.7958798,0.5898177402142297,0.9567901119343816,0.8950998412474422,0.06927258959249455,7.370528221130371,7.670558019513962,3
1,7.7958798,0.34664974538972476,0.00996548210906234,0.0036733756849694037,0.9604875365612306,6.172186851501465,6.00648193668759,1
1,7.7695513,0.6598128464111301,0.9316016462789553,0.9823741309313923,0.2913531855828033,7.400204658508301,8.1068288190015,0
1,7.7695513,0.5465407348826735,0.9952882116778704,0.9884421704093093,0.563919144332956,7.253175735473633,7.947431201011127,2
1,7.7695513,0.7391081500164278,0.8752571800377449,0.7559981141803169,0.559241860255378,7.649608135223389,7.58367919815435,1
1,7.7695513,0.3755238634310848,0.8735995229702663,0.9732565279700814,0.9472355312365532,6.634639739990234,6.964059296552645,4
1,7.7447276,0.6732694425918708,0.12393209352599435,0.996281738317391,0.25765263194365823,7.373389720916748,8.261811974780317,2
1,7.7447276,0.6091358870248866,0.9986233787512694,0.9900631201793145,0.09623517175502663,7.05152702331543,7.961729911048481,3
1,7.7447276,0.47259053239743565,0.824865941290991,0.34362095929219844,0.7653992382066558,6.327576160430908,6.731759386885662,4
1,7.7447276,0.6495311236086534,0.3330202030771798,0.2141198102277418,0.1329573386021866,7.040754318237305,6.856127298527258,4
1,7.7447276,0.5992254632612166,0.8440058536562232,0.8649504006559966,0.05990406302191851,7.487192630767822,7.3303459050110265,0
1,7.7447276,0.317636113607355,0.9981590889820725,0.9212920772342924,0.9987456073631286,6.438246726989746,7.108723234068279,4
1,7.7447276,0.5290970945726616,0.13212093003344133,0.41398458569327595,0.12328357205035997,6.828948974609375,5.66960005153182,1
1,7.7399287,0.5094876499866362,0.9538686459013339,0.9839244430082594,0.44616448755600574,6.57540225982666,7.625267419679143,3
1,7.7212462,0.5978750673477824,0.7503342757876291,0.80508722065082,0.6691192438053122,7.092538833618164,7.2263171961570105,1
1,7.7212462,0.6286498365196224,0.0647021093584677,0.8972355258759067,0.31617695348324104,7.340693950653076,7.9024947163205566,1
1,7.7212462,0.5052116925878397,0.894418612897947,0.6117963051300429,0.7747198520006161,6.251706600189209,7.119185089957589,2
1,7.7212462,0.5826685948816728,0.8947192283661781,0.774487990156433,0.4389468314831461,7.367565631866455,6.8326376509138935,2
1,7.7212462,0.5927831643904491,0.9941185621345247,0.9439129407907324,0.09495583290131378,6.5500969886779785,7.589924744747465,1
1,7.7212462,0.31508857175287275,0.8007678326226123,0.8263274066947907,0.998090702466876,6.469743251800537,7.030348515663402,0
1,7.7212462,0.39330112989354504,0.9999373759566635,0.960820437414095,0.9461138351059183,6.830427169799805,7.576549723338343,2
1,7.7212462,0.5675343681825159,0.9382066432622428,0.9769407389058633,0.08055418898750451,7.001585960388184,8.037578998151059,3
1,7.6989698,0.5751093882116709,0.9204078909319846,0.9624707927776271,0.4142256941434897,6.534518718719482,7.6437529817534315,4
1,7.6989698,0.6600201741973419,0.9240837898358515,0.9727790752455264,0.12196578859305884,6.849766254425049,7.257766976645916,4
1,7.6989698,0.5335413684301137,0.9982668363926774,0.9928480117000719,0.37418705362867916,6.654199123382568,7.548495905444158,4
1,7.6989698,0.4940749023149336,0.973734141698689,0.9206796075025979,0.2111740841181062,6.536462783813477,7.436199200237353,0
1,7.6989698,0.5097491323298351,0.9744954516148415,0.9538274144711184,0.2748355423238791,6.5503973960876465,7.347302235119257,0
1,7.6989698,0.41895377836756614,0.23921969722325903,0.48061819810358103,0.7615113140092935,7.056892395019531,6.85218660954445,1
1,7.6989698,0.3674411279042399,0.9260934264413184,0.9422789003165408,0.9227417534289437,6.471539497375488,7.305664939444152,3
1,7.6989698,0.36033826428311894,0.9195181360420631,0.8968071042796754,0.9881195887869917,6.427496910095215,7.409532099298359,3
1,7.6989698,0.535623439789695,0.032994837156395215,0.12264350654988065,0.21584360707356795,7.019844055175781,6.713559085987518,4
1,7.6989698,0.6842754610217977,0.024039456479145477,0.03478826250665727,0.10915807273848738,7.5568342208862305,6.650084205139183,4
1,7.6989698,0.3646844324052168,0.23659734485109227,0.9612448410442115,0.9874964669781737,6.504745960235596,7.069123951314775,3
1,7.6989698,0.3469097007713205,0.9962470640737021,0.7886817900063522,0.9962385613080977,6.037221908569336,6.979865974704292,0
1,7.6989698,0.36124883555320375,0.9899415333057355,0.5744620563955722,0.9964067313227029,6.047819137573242,6.759681043670085,0
1,7.6989698,0.31033291184112,0.9819886901066008,0.9911854333156892,0.9959665641127003,6.072559833526611,7.171288074177673,0
1,7.6989698,0.33828189325625646,0.8510013649626621,0.9913264689732632,0.9911394876617524,6.371184349060059,7.397973556292122,0
1,7.6989698,0.3429493210284311,0.18625742987673274,0.9838370848067416,0.9907010069135102,6.595432281494141,7.592120941210784,1
1,7.6989698,0.3469604633656339,0.997167784070797,0.9906630237164838,0.9927218826221006,6.29095983505249,7.4335847001693045,0
1,7.6989698,0.3613005354605773,0.9911144731412973,0.9885529664430777,0.9960044025767116,6.301557540893555,7.309390726236361,0
1,7.6989698,0.3515335673167534,0.9501163087576039,0.9821179053144619,0.787678978338951,6.296091079711914,7.3594940525478645,0
1,7.6989698,0.3464634412188778,0.9694936231788936,0.8089073086669077,0.991635311241893,6.003558158874512,6.829907043067253,0
1,7.6989698,0.3627494523200762,0.45661987077759775,0.9861353794061039,0.981321994366668,6.810181140899658,7.595090856877113,1
1,7.6989698,0.3819236258876404,0.9651510312333003,0.9974127753959622,0.9791292271437975,6.948612213134766,7.610964246481231,1
1,7.6989698,0.3635771249206376,0.9885715818289226,0.9941861853560621,0.9942162859825218,6.628220558166504,7.699002658807772,0
1,7.6989698,0.3940770855964363,0.9420125401811006,0.9577918893467348,0.9226577213419563,5.994851112365723,7.6292856834184475,1
1,7.6989698,0.6236765694400283,0.9964014894134946,0.9848006751867631,0.058467293185484145,6.755232334136963,7.708129700986187,1
1,7.6989698,0.366896022207702,0.9499515151832156,0.902736832048715,0.9796631123325517,6.331787109375,7.176568253374156,2
1,7.6989698,0.3936104676538584,0.9160376980672784,0.9390205133065364,0.9742542123343864,6.470921516418457,7.473929184264424,2
1,7.6989698,0.36749025613426534,0.9930717306624327,0.971516372650183,0.9704125236797648,6.201201915740967,7.364672473146193,3
1,7.6989698,0.3905767763183567,0.9912970263685126,0.9437942705594833,0.9590909301436453,6.4269490242004395,7.427540165123557,3
1,7.6989698,0.3905767763183567,0.9993648324618033,0.9748051639280544,0.9823260721892381,6.160902976989746,7.754713053071007,3
1,7.6989698,0.3756244401277462,0.995747123531442,0.9686859942162026,0.9787939014590645,6.423094272613525,7.367570815614521,3
1,7.6903696,0.5643237645437615,0.998443186687443,0.9905698169489049,0.06307016212746804,7.199702262878418,8.246900858550182,4
1,7.6777806,0.6113191107237647,0.9888953970208254,0.9594412632354681,0.12355609693613266,7.215357780456543,7.365290006808449,0
1,7.6777806,0.5688408857289647,0.22940798363060552,0.8218352456431411,0.10584453081850145,6.652990818023682,7.35570490388572,1
1,7.6777806,0.5513597464290502,0.2165816259868397,0.30475952592207123,0.08794086154427523,6.851134777069092,6.4146377581000165,1
1,7.6575775,0.6611920042732179,0.8303411264129686,0.9595984353345846,0.7023473777722871,7.109789848327637,7.256363819578039,3
1,7.6575775,0.5214005800634275,0.9999345072452536,0.994498606171872,0.29349133289086937,6.559278964996338,7.45299318366861,4
1,7.6575775,0.361670901418253,0.8829538480638639,0.9890094874376185,0.9966941953524752,6.735894680023193,7.65868574792359,1
1,7.6575775,0.3508186679387506,0.9993294090914587,0.9899172922259899,0.9977490738583986,6.778443813323975,7.487534270590666,2
1,7.6500001,0.40799278969511366,0.9894807688660577,0.34307774982936246,0.7828895819880837,7.065851211547852,6.404955007826384,3
1,7.642065,0.5134551003818184,0.9929235381438403,0.9979067294328229,0.5905667732760621,6.882657051086426,8.400327242755202,4
1,7.6382723,0.4916523769282338,0.9983117999433475,0.9781070103368513,0.3468166479177445,6.3954758644104,7.559435892537788,4
1,7.6382723,0.6578193616223532,0.9745473428238082,0.9888419666816389,0.2513866415735452,7.313602924346924,8.357648480754321,2
1,7.6382723,0.5940666874611453,0.7680860420075659,0.9762212014672593,0.7613563362614998,7.135251045227051,7.332628435560314,1
1,7.6382723,0.5948043415231694,0.9757176507099815,0.9963578230111366,0.5034643505461999,6.782313823699951,8.106409043908759,2
1,7.6382723,0.6185768160579096,0.9958265334359248,0.9942488514321329,0.1477201061595624,7.2386884689331055,7.772387519255881,2
1,7.6382723,0.6034750472663837,0.9695678202073467,0.9719701295973658,0.42797589500004735,7.188192367553711,7.59141576373929,0
1,7.6382723,0.5988410873360254,0.8143453122004443,0.023744252859882322,0.2834367400312499,7.11983585357666,5.248846327350461,0
1,7.6382723,0.5627244994067916,0.23203795038199787,0.7366227457396721,0.05193303362637532,6.492122173309326,7.137582018577981,1
1,7.6382723,0.34795142124443496,0.9863390172390014,0.9069512439485049,0.9982265370255115,6.923254013061523,7.0994394140161745,3
1,7.6382723,0.32366404124997705,0.9134623394127014,0.9338396468030961,0.9343351487331085,6.142125606536865,7.4155159646882245,0
1,7.6300001,0.4419862646079274,0.8824856408384423,0.9690466823171527,0.9159830060019387,7.079956531524658,7.482700862879281,4
1,7.6197886,0.5016940820029733,0.7007275338915827,0.7908387324287186,0.8939187627766846,6.390958309173584,7.166935231857099,2
1,7.6197886,0.550412634293213,0.4492467695500301,0.12325414950817924,0.9550793675386892,6.780930519104004,6.2599819193921205,2
1,7.6197886,0.4996289216466786,0.9992994626277008,0.9766259296922043,0.8020180947720094,7.900130748748779,7.267413787764684,1
1,7.6197886,0.4522748302375094,0.8446843772773353,0.49694815856948443,0.09467687907239686,6.460920810699463,7.129759736241943,1
1,7.6197886,0.33947561191831255,0.9983420021159279,0.9659572319816988,0.9987340452158847,6.717436790466309,7.2183118679989855,4
1,7.6020598,0.6928725652067795,0.6992069370513145,0.9844485843849481,0.21816064830648974,7.552248001098633,7.936115501647688,2
1,7.6020598,0.5683306125534494,0.9792249162260783,0.9835454562298639,0.26759856154200645,6.655417442321777,8.36668341080986,2
1,7.6020598,0.6087419455328591,0.8308115159220841,0.7026681604338193,0.15214458980590861,7.15498161315918,6.725967412715729,3
1,7.6020598,0.5348763126795685,0.9981478122209704,0.9703192877261851,0.05516120544382563,6.370983600616455,7.251308425821723,1
1,7.6020598,0.5008375256616188,0.9982783677057012,0.9883351819359278,0.016767371096539686,6.8127851486206055,7.486153494943656,4
1,7.6020598,0.4555663084766586,0.003673922491334357,0.6568692272291559,0.8205670930441217,7.056900501251221,7.319788846038013,1
1,7.5850267,0.5802687943820058,0.747315498711492,0.9931087829459059,0.6551868045906298,6.981667518615723,7.806066970589583,0
1,7.5850267,0.66353908703101,0.28017495274713144,0.5818870318505055,0.043863257349199596,7.901647090911865,6.398998352495417,0
1,7.5850267,0.5424965907399544,0.004284884060357967,0.18721981422989115,0.3538493143353395,6.697230815887451,6.981229809182587,1
1,7.5850267,0.6186717796012471,0.8889354075819588,0.4769449795125427,0.13105783941203278,7.339991092681885,6.851793742669984,0
1,7.5850267,0.6711663327779369,0.9962068165232808,0.9877530781504952,0.1458001388533987,7.397265434265137,7.840167309095325,1
1,7.5850267,0.362460699681394,0.988052099710886,0.9811508616475356,0.9019197735079469,6.580408573150635,8.091760950922726,3
1,7.5850267,0.36129819446246575,0.9507013187450011,0.9678598990402469,0.9419348992747282,6.499386310577393,7.29574784558841,4
1,7.5850267,0.3971128628698136,0.916651440825435,0.9787421816621655,0.9152131417872292,6.865349769592285,7.199462137072166,4
1,7.5833597,0.5704953713301267,0.9969040015853264,0.9974649514131402,0.11546405190402512,7.189694881439209,8.039787224262728,4
1,7.5686364,0.7165880524812064,0.72222122336421,0.9669546114611899,0.2443775072420213,7.639379024505615,8.207206549870875,0
1,7.5686364,0.7023819029932453,0.9509035781373726,0.985531768234454,0.2190698014995584,7.470114707946777,7.530872836785548,0
1,7.5686364,0.5098259097460747,0.7657837193150062,0.9808242448738079,0.4500845513195668,6.7950968742370605,7.061116595024448,2
1,7.5686364,0.3678863308370241,0.01592660764454609,0.8915048284108572,0.8933201692170276,5.899293899536133,7.296557945905595,3
1,7.5686364,0.3692637658039676,0.0122990562301353,0.7958123004503928,0.7849956217811891,6.408997535705566,7.028488401058335,1
1,7.5686364,0.33137836830095907,0.7095505453433605,0.9758673581724199,0.9525353966854977,6.303038597106934,7.055937857754958,3
1,7.5528421,0.5919468087269157,0.5603277755016798,0.9946109021928586,0.6489916558789801,7.091533660888672,7.672816823500885,4
1,7.5528421,0.5676357552244253,0.1914673195718696,0.31667413577380193,0.11141437002012998,7.018153190612793,6.226884125999562,0
1,7.5528421,0.6042467697326874,0.6862577685217042,0.29527612601679526,0.21516928263726556,7.0416975021362305,6.918037088243138,0
1,7.5528421,0.49628372972602913,0.9965856324899007,0.6056124543646957,0.025657367696154208,6.581114768981934,7.142121229522437,1
1,7.5528421,0.36972774330970204,0.15801697874509277,0.7555501700291372,0.9945969832331986,6.975127220153809,7.410045471561955,2
1,7.5528421,0.36717907808902955,0.06562843839922318,0.8248152320822697,0.9938752799444137,6.729027271270752,7.176691123252368,2
1,7.54,0.4386783874216521,0.49456781236631414,0.9641597185483531,0.7923198689248051,7.028864860534668,6.9968562861629655,2
1,7.5391021,0.5335125042697392,0.997552456059851,0.9948493590982223,0.3599936243113138,6.947661876678467,7.965136080464386,4
1,7.5376019,0.673868857381232,0.9999913525830907,0.9941005708208194,0.25773260289099964,7.705214500427246,8.109192675453862,2
1,7.5376019,0.45171214477189786,0.9998213939542138,0.287530475242659,0.8380399693819928,7.123487949371338,7.20190581124351,3
1,7.5376019,0.5845580913146301,0.9987756854660059,0.9991223640975403,0.22740470375213814,6.984030246734619,7.847381824492744,2
1,7.5228786,0.4304105325906239,0.009492358629135712,0.7089315328333234,0.8148771561948402,7.365685939788818,6.975896109608295,3
1,7.5228786,0.34823008255251237,0.8828038597548913,0.8455464548600451,0.9516629593232319,6.24793815612793,7.130148514188052,3
1,7.5228786,0.3351014236202254,0.8491489633215866,0.9517846012237624,0.9749410796876831,6.029995441436768,7.160405632642689,3
1,7.5228786,0.31728865602972656,0.49193897375708634,0.8533613181616576,0.9891754935883443,5.9970784187316895,7.012664504492808,0
1,7.5228786,0.3144033785270696,0.4659856409764383,0.6169291055209624,0.9850326513048575,6.052338123321533,7.002724896921798,1
1,7.5228786,0.3480474194354197,0.9545058708102663,0.8232294846000865,0.9508775825383313,6.317415237426758,7.243749001603687,3
1,7.5228786,0.38128476435879993,0.13909886353081763,0.7496586430473489,0.9715418934752252,6.386177062988281,7.276138602547904,3
1,7.5228786,0.3262954271413444,0.4568570609158851,0.46150667851506116,0.9867711643025053,5.817237377166748,6.787321884955441,0
1,7.5228786,0.36268533057832825,0.9674799563128847,0.5566308999448222,0.9945179908226333,6.2366533279418945,7.0338067369760235,0
1,7.5228786,0.3377901622503191,0.9998322115536387,0.9901934698940436,0.99157353747926,6.233166217803955,7.605930483743224,0
1,7.5228786,0.35806958475925305,0.9854398444104049,0.8061789363398886,0.993906079463701,6.13453483581543,7.054449651088522,0
1,7.5228786,0.40511519802595547,0.9998996635732382,0.9164185048178303,0.9611258815874357,6.507461071014404,7.1858149813731105,0
1,7.5228786,0.3845871577516436,0.9992896327740985,0.7662001441625225,0.9895159299048664,6.305657386779785,7.034601451226785,0
1,7.5228786,0.3720850065680603,0.9999895761517246,0.9931967449689408,0.9811715763697788,6.585398197174072,8.010794448943612,0
1,7.5228786,0.6514703911041774,0.9818106890392925,0.9794108600000191,0.1498841911563674,7.3751935958862305,7.752985940480873,1
1,7.5228786,0.6460210019347434,0.3846152248261814,0.9466166004645468,0.3605620116454956,7.273853302001953,7.445905391756365,1
1,7.5228786,0.34372452967782935,0.9570812832854572,0.9103171096056294,0.9687634652440065,6.052788257598877,7.18004096849368,2
1,7.5228786,0.355225407672581,0.9960771227806199,0.969725132282259,0.9715817911129022,6.062852382659912,7.38051340142127,2
1,7.5228786,0.36221795309901683,0.9875650011481107,0.8929392291641685,0.925117015611155,6.336860179901123,7.15737067762324,3
1,7.5228786,0.39994725901673106,0.08193768260181693,0.4475586615497094,0.9808157222387849,6.770871639251709,7.274659942619966,3
1,7.5228786,0.344047143937878,0.607200099000729,0.8056790108841894,0.9947608060114276,6.392570972442627,6.986514578188847,4
1,7.5228786,0.31145302210791537,0.9852028022126471,0.4221984122053842,0.9984631569168085,6.351183891296387,6.822824142513362,4
1,7.5228786,0.32636751829318283,0.9984293709940011,0.9777508432352642,0.9989873952121636,6.5196967124938965,7.376216262244153,4
1,7.52,0.4415114092194769,0.9432125592976323,0.9785931922333981,0.5287715958867051,7.2146806716918945,7.549299238731073,0
1,7.5086384,0.5601043837113021,0.7998021706922435,0.7135048577714614,0.5829240014363027,6.391540050506592,7.428565510730105,4
1,7.5086384,0.7285817644559682,0.9660751304124492,0.825475720507428,0.17853994963862968,7.9283342361450195,7.2669298782906875,4
1,7.5086384,0.35892820480768345,0.4488740119346641,0.9918137974377047,0.9520154576893504,6.01310920715332,7.49297775665522,0
1,7.5086384,0.5619868492227211,0.933823656064221,0.2633222644505267,0.1180887157457589,6.561770915985107,6.571061850535121,2
1,7.5086384,0.31009251891343176,0.636527378690569,0.5782136983009571,0.9097871922116784,5.992456912994385,6.923383573025523,0
1,7.5086384,0.36653666200253865,0.8973793072256823,0.9828349023658282,0.9555511125223807,6.46637487411499,7.066919423193711,1
1,7.4948502,0.6087407032664989,0.99999711048592,0.9982163300942795,0.4896900474316899,7.368460655212402,7.902512262416771,4
1,7.4948502,0.5651011960929528,0.9659511083348824,0.8343340986152177,0.32603591941190524,6.306656360626221,7.310046407678945,2
1,7.4948502,0.6037211536890549,0.4885011941331118,0.29770349239610766,0.17596143182906385,6.903679370880127,7.183159750517165,0
1,7.4948502,0.5968434994325208,0.1313750016678125,0.9140131171496839,0.07749607153080461,6.576549530029297,7.458155952795377,1
1,7.4948502,0.5972790382586888,0.9663212899918487,0.5636423717697734,0.06836010435204502,7.278818607330322,6.606029414192586,1
1,7.4948502,0.35290308594307496,0.8346258731415191,0.8144154859616635,0.9464041190892336,6.422061443328857,7.283908841491438,4
1,7.4948502,0.33497818924154965,0.33438286667672756,0.00895367620294732,0.9552234630952134,6.026223182678223,5.248020294233888,3
1,7.4814858,0.573948279518274,0.2577627573801904,0.7546301043435414,0.9408409755588902,7.1296491622924805,6.768469033965278,2
1,7.4814858,0.5886267173359859,0.9508026714468772,0.3238669913221607,0.1814236601467646,6.8898844718933105,6.98849462661625,0
1,7.4814858,0.5678706405161592,0.9950291167526807,0.9971250063785675,0.16067788913910183,6.918161869049072,7.605587934957139,4
1,7.4814858,0.4020952731035389,0.049396362066288946,0.5211693940253194,0.13894059487589744,6.278847694396973,6.711248553180616,1
1,7.4788618,0.5908360563049356,0.9896574036293763,0.9960906664483853,0.09815749043637313,7.379940509796143,7.761195003759957,4
1,7.4685211,0.5926310765481506,0.9897192070293285,0.9813488304299368,0.48154606121622345,7.16562557220459,7.6239051666292585,0
1,7.4685211,0.4157251769908988,0.4901649253830262,0.2687820589069732,0.9559422513474928,6.818763256072998,6.666040612122433,0
1,7.4685211,0.3307091575524573,0.37993188259817884,0.8386100991388574,0.9842664237980525,5.644548416137695,6.990836577671087,3
1,7.4685211,0.6038460143332893,0.976862102440947,0.9839990108809084,0.3135715148296928,6.7131428718566895,7.225782945861107,1
1,7.4559321,0.5523989153933047,0.9234593552392026,0.6359273228748018,0.0372967609232219,6.472507953643799,6.636221451659558,2
1,7.4546928,0.3952879404444315,0.6462091665039424,0.933908817287597,0.862601383943761,6.784955978393555,7.347301184521177,0
1,7.4534574,0.5833069414691165,0.9999400340414544,0.9673599940817632,0.39945663826977773,7.056488990783691,7.722113576251436,3
1,7.4436975,0.36046759676684625,0.8850090815121149,0.48682939279281984,0.9720092667394565,6.462716579437256,6.725048071083011,3
1,7.4436975,0.43096025569282487,0.9987115294564728,0.33075013726457153,0.806426378626603,6.908657550811768,6.832528281328492,3
1,7.4436975,0.4977509953710009,0.005696363008490576,0.07581092985856212,0.0668156851023457,6.885277271270752,6.510001426390601,1
1,7.4436975,0.6111318583879659,0.973165680076136,0.7241666387219606,0.06066106545527441,7.600351333618164,7.280066751413818,1
1,7.4436975,0.35734174872723007,0.026276631476333908,0.3566914075548751,0.9956333153038944,6.820461273193359,7.179090051076659,2
1,7.4436975,0.3568803555929,0.9984762031771559,0.44427658901611766,0.9914912384828025,6.464483737945557,6.407280525005568,2
1,7.4412913,0.4160010566898223,0.04584920377220079,0.9661974615428841,0.8745663106698351,6.99384880065918,7.021290369268038,0
1,7.4299998,0.4162619835416133,0.8022977263332832,0.9127052796807678,0.860576950252644,7.09494161605835,7.419595644599302,0
1,7.4202166,0.6370011015766418,0.9443689494253642,0.9786073954329748,0.1419821297575235,7.32264518737793,7.760960497735502,2
1,7.4202166,0.5179885546669174,0.13475429502293407,0.471839841210854,0.9090490346677668,6.40384578704834,6.953719485967516,2
1,7.4202166,0.626115117620741,0.990293453578034,0.996856043689182,0.09847590803644095,6.629010200500488,7.578795323024573,1
1,7.4089355,0.35734174872723007,0.12169244882087298,0.7131479063325068,0.9975352218832376,6.820461273193359,7.3255240451798915,2
1,7.4089355,0.35772079620736646,0.9937571096066116,0.9804461005889615,0.9357578072378078,6.469438552856445,7.432059768612463,4
1,7.3979402,0.5134839972515822,0.9997592614254892,0.9674176315506672,0.325008773027276,6.460101127624512,7.647662191666869,4
1,7.3979402,0.5930295084858144,0.5290722750201396,0.9965583239031487,0.7177907667317589,7.265507698059082,7.7379873912447525,0
1,7.3979402,0.5611951630253764,0.7847789245435884,0.991631322162818,0.23094935614067005,6.683107376098633,7.824550189523749,2
1,7.3979402,0.38006327737809287,0.11240511428049654,0.012371192270336232,0.974652684389715,6.384092807769775,6.137101734719912,1
1,7.3979402,0.39568939606357234,0.8311957432531287,0.07953042484359678,0.9510861103008446,6.854172706604004,6.534676184958512,3
1,7.3979402,0.3170311532064311,0.8938683442392397,0.8150376768921374,0.935353073237662,6.072375774383545,7.1167355220220765,0
1,7.3979402,0.31979445083167796,0.8296484744546775,0.9235727344565319,0.9820715808150402,6.187524795532227,7.171412700953069,0
1,7.3979402,0.4594250916617586,0.002625334868137662,0.005334891883502058,0.6301339119105054,6.4285430908203125,5.78865852698397,3
1,7.3979402,0.3436054405815277,0.9980660133351639,0.7402697787800373,0.996976503870043,6.033241271972656,7.135787994381232,0
1,7.3979402,0.36589908391768283,0.8511129722846226,0.564202967969577,0.9238495999963087,5.914646625518799,6.966404976708832,0
1,7.3979402,0.3239100155687453,0.33751989313330694,0.9917354900778463,0.996659199643773,6.221817493438721,7.465312594590776,0
1,7.3979402,0.37246924377961654,0.9999114205948447,0.9853865812534679,0.9876300142244191,6.308568000793457,7.571030707381599,0
1,7.3979402,0.5152346569393399,0.8275272300705286,0.29903325856344454,0.03388979936775952,6.128612041473389,6.355988774098477,2
1,7.3979402,0.3405671230016311,0.7211703969159544,0.8056769519350833,0.9819668704192718,6.126812934875488,7.33513348927579,2
1,7.3979402,0.37133576580201233,0.9941258507421491,0.929823895106414,0.9329135674204192,6.433382034301758,7.127081216691411,3
1,7.3979402,0.3254448341024607,0.9474591339820191,0.9668192218603708,0.9974027449586398,6.184942722320557,6.92730349684751,4
1,7.3979402,0.3400672469533986,0.9807090618051086,0.9469197579672886,0.9985814935412701,6.194116115570068,7.165980489182972,4
1,7.3979402,0.3582256047475984,0.9685463666611351,0.7289434447910595,0.8815971292265569,6.385616302490234,7.269779629835323,4
1,7.3872161,0.32901646773742915,0.9944640364621558,0.9921866948062517,0.990372997938365,6.2772440910339355,7.419158044816407,0
1,7.3798637,0.38340952665776595,0.009196282545747236,0.5393291419538344,0.9263158782058306,6.687733173370361,6.7752629213162185,2
1,7.3767509,0.4948057496165892,0.828010247427366,0.9619274213613074,0.400629918041302,6.926667213439941,7.30732344743806,3
1,7.3767509,0.4540129035632007,0.9329003330922543,0.9566466589149146,0.6690880078378321,6.9962263107299805,7.5525166118210825,4
1,7.3665314,0.6410405826213526,0.7665228089823752,0.9848851000708063,0.1430454759130794,7.166089057922363,7.944609983367146,2
1,7.3665314,0.6023457171504275,0.9855185611111604,0.9287269115734628,0.09584744726023253,6.716663837432861,7.3336492852204245,4
1,7.3665314,0.4704253810324274,0.8477652296055387,0.4153667962183171,0.10956739904384791,6.514657974243164,6.99296467529312,1
1,7.3665314,0.47411240727953646,0.8100788416343163,0.8121387374376828,0.0737416228749727,6.621994495391846,7.039721015959251,1
1,7.3565474,0.5293494411832927,0.9918645275658708,0.9555365555700733,0.4776322307401596,7.023890972137451,7.458069171132583,3
1,7.3565474,0.46189878614458785,0.2761814193186687,0.02236931480060072,0.9554475598614295,6.2889580726623535,6.533719310680627,3
1,7.3565474,0.6374821665247986,0.6991911209291919,0.7928756759463164,0.045368438501075095,8.092177391052246,6.983146885280733,1
1,7.3565474,0.4420976551101559,0.8675599370113908,0.7299250587006928,0.5799320112903018,6.391440391540527,6.470042138407014,4
1,7.3467875,0.6618304513184905,0.8974750243075327,0.9897718623511873,0.3518029070238826,6.933681964874268,7.565227696897816,1
1,7.3467875,0.45257905916586566,0.060196078512609885,0.12027013811880119,0.055309765284254526,6.276253700256348,6.236936002086282,1
1,7.3467875,0.3450051637601857,0.9769768787844093,0.976825309925158,0.9178991568518433,6.376036167144775,7.315784674932664,0
1,7.3372421,0.5103891896460006,0.24639135163284212,0.04104906972138549,0.9631291725172741,6.587526798248291,6.851269451420016,2
1,7.3372421,0.5976628279730621,0.9014542124008474,0.6505398932107863,0.13025839021140476,6.600621700286865,7.195701557207133,4
1,7.3372421,0.32366404124997705,0.22549124047703725,0.958266559953637,0.9605102742976407,6.142125606536865,7.35975874065972,0
1,7.3279023,0.44726040276559054,0.8184497519842023,0.6665782872717854,0.7349495596770728,6.380550384521484,7.319840151323917,1
1,7.3279023,0.46676827165055323,0.7197996545001729,0.0054678041754855355,0.9652453027559045,6.107132911682129,6.307781879570537,2
1,7.3279023,0.5093268478856127,0.9875502298730567,0.9737348760633072,0.3442401837005336,6.584671497344971,6.712036119983766,3
1,7.3279023,0.32485415393323497,0.9839887773253341,0.9951284365067298,0.997604325536203,6.691679954528809,7.629827835436999,3
1,7.318759,0.4916523769282338,0.9997157686761051,0.9852004899458988,0.35090261305735615,6.3954758644104,7.435376229748009,4
1,7.318759,0.5000430026260752,0.09092501838885754,0.2228370030717899,0.9726985819492268,6.572134971618652,7.520339627646546,2
1,7.318759,0.3125514470770468,0.7778307800610266,0.17652869343356364,0.9950830366096313,6.401109218597412,6.709351282312542,3
1,7.3151546,0.5908360563049356,0.9871129051300306,0.9971503077093093,0.11452862850931854,7.379940509796143,7.89604830308602,4
1,7.309804,0.5012496027355074,0.0804123383716225,0.18885692768407186,0.9726405554822612,6.525865077972412,6.786141941874571,2
1,7.3010302,0.5134839972515822,0.9999595172173922,0.979392584579634,0.33785745920069365,6.460101127624512,7.524622707195182,4
1,7.3010302,0.5488587989189424,0.7516495478727776,0.9969889187542206,0.3802157745310782,7.135926246643066,7.6956853916588175,3
1,7.3010302,0.6055640037741332,0.9930777190341463,0.773941161207219,0.4580996479275417,7.71617317199707,6.947304049752589,4
1,7.3010302,0.37372259126175483,0.7539339819294001,0.571834139879096,0.8474905121412942,6.306544780731201,6.845077456648373,3
1,7.3010302,0.3852733967946735,0.8400377248486104,0.4881662385393771,0.8817903363783655,6.284977912902832,6.779217089507411,3
1,7.3010302,0.39695492663058835,0.910270250844382,0.7166477246158878,0.8277920675674297,6.265199661254883,6.879729661109533,3
1,7.3010302,0.3480474194354197,0.9418650527127731,0.41050094887816463,0.9717327332933468,6.317415237426758,6.743561109680476,3
1,7.3010302,0.3013993441579541,0.7904074697078378,0.9237817312953095,0.9942738896482857,5.9767866134643555,7.093826555177419,0
1,7.3010302,0.3477582261033968,0.9309203725460543,0.5603145388930713,0.9482617624793479,5.963258743286133,7.193105196662988,0
1,7.3010302,0.375839589166447,0.9634330720215255,0.6341209876632294,0.992915041423272,6.058810710906982,6.887147774624553,0
1,7.3010302,0.3514769339051086,0.9229632524060938,0.6940787945748672,0.9320325126456575,5.904048919677734,6.851517304448804,0
1,7.3010302,0.8078635018730747,1.7351208190919998e-06,0.07071531809959108,0.00634642128254409,8.950699806213379,6.235413388673807,0
1,7.3010302,0.4016550394236537,0.9549655990789366,0.9175935415804131,0.9146723244716686,5.91904354095459,7.328652678837105,1
1,7.3010302,0.36473084500420744,0.9130563236730674,0.9367789530462098,0.9776328448210548,6.211272716522217,7.426752001660168,3
1,7.2924299,0.3606503488078441,0.9860900228122546,0.9380398725562709,0.8914063121505355,6.331240653991699,7.3954486086596,4
1,7.2839966,0.6709311854968002,0.8580891555727479,0.9591289108225283,0.21947344588154105,7.5462846755981445,7.76783741898426,2
1,7.2839966,0.5009107645006268,0.4358846030098429,0.16598428944098176,0.0079826612557233,6.697432994842529,6.627132316408344,1
1,7.2676063,0.6750047260309094,0.8798827314180302,0.9821931567519729,0.6148978950198212,7.132946014404297,7.142642941850978,3
1,7.2676063,0.6675730023299565,0.4151352012810131,0.931358246334299,0.7424471988143118,7.421865463256836,7.873512661163877,1
1,7.2596374,0.6834210901112369,0.06743461446777209,0.6161979908585536,0.4203673475359493,7.089254856109619,6.71814647259111,4
1,7.2596374,0.46139273875849124,0.08984714897197182,0.01125740895542888,0.019879177168314072,6.909164905548096,5.952091977725412,1
1,7.2596374,0.4859336798313489,0.10047258656372492,0.20401277828088937,0.1866954408107324,7.092057228088379,6.779091271590531,1
1,7.251812,0.474141208771517,0.9168974630661858,0.6099077047593502,0.10348706947099898,6.483932018280029,7.035424849703148,1
1,7.25,0.4362313424433053,0.9712767207431299,0.9707692699026236,0.9374916172707778,7.225506782531738,7.323531222247526,1
1,7.2441254,0.41791151738983784,0.9307171226960151,0.9188687959266321,0.8574119377809168,6.9229607582092285,7.464326548119022,4
1,7.2441254,0.4420976551101559,0.02394048434414558,0.7402517014104696,0.5799320112903018,6.391440391540527,6.461129593055206,4
1,7.23,0.46050017127831655,0.9465843031111165,0.9461947516261884,0.9441646879686646,7.306731224060059,7.346990996665858,1
1,7.2291479,0.6589066872062161,0.8128562238849453,0.9036346332457739,0.27533599639490164,7.108880519866943,8.055751486201336,4
1,7.221849,0.6316750317807768,0.9239356715086153,0.9231758543821814,0.17746069103088155,7.076129913330078,7.541377518835988,4
1,7.221849,0.5571286472542625,0.03233320416995756,0.9837636338801602,0.42086382190891497,6.872897148132324,7.820809404912547,2
1,7.221849,0.41895377836756614,0.23921969722325903,0.48061819810358103,0.7615113140092935,7.056892395019531,6.85218660954445,1
1,7.221849,0.523823316144704,0.9772579098973597,0.9913599833465445,0.31371384358510607,6.891505718231201,7.398541872781593,3
1,7.221849,0.3852951136371108,0.9850739685643087,0.43697852337746373,0.7382751111283745,6.418063640594482,6.7854883581814125,3
1,7.221849,0.40038225029534313,0.523319852292559,0.14709455258631857,0.899349586875761,6.960644245147705,6.813539660866032,3
1,7.221849,0.31979445083167796,0.6368435000029935,0.9441502302133029,0.9898335710559408,6.187524795532227,7.405722730605357,0
1,7.221849,0.40038225029534313,0.523319852292559,0.14709455258631857,0.899349586875761,6.960644245147705,6.813539660866032,3
1,7.221849,0.38482540035693324,0.7598890206692608,0.5940079187779964,0.9299174945709657,6.426853656768799,6.9318590988488635,0
1,7.221849,0.5236405438849552,0.06353536521641621,0.10677909738644252,0.009080435716586583,7.150468826293945,5.862302538510621,1
1,7.221849,0.5675719617934954,0.44481304838977437,0.6021402427073778,0.07371812403070066,6.317339897155762,6.7711329418474335,2
1,7.221849,0.35114620396584295,0.044251799438671274,0.36664573378015536,0.9900316721469318,6.657618999481201,6.900090766595656,2
1,7.2160964,0.3936860528473582,0.9999434927492367,0.7729729356733892,0.9281513911511518,6.537754058837891,7.298738107804374,2
1,7.2146702,0.4524543344741744,0.03425217388456391,0.2116165115021268,0.9676486801471712,6.291514873504639,6.480086159945911,3
1,7.2146702,0.4609435010033518,0.9585384723533092,0.09305972172584938,0.004024877231268164,6.534151077270508,6.099802439462722,1
1,7.2146702,0.30323079238351996,0.07899361977959693,0.23396626117324343,0.8906895709477478,5.923398017883301,6.833221702354415,4
1,7.2146702,0.35114620396584295,0.30612542274900173,0.45614654432996327,0.9920927528755222,6.657618999481201,7.002693663406519,2
1,7.2146702,0.3666913247286053,0.05011604548076439,0.09374513118152984,0.9437539304896204,6.441453456878662,6.882308061774607,4
1,7.2006593,0.6057596160814794,0.9563534190725111,0.9350296134260155,0.6638319967884304,6.8082075119018555,6.824081066950184,2
1,7.2006593,0.35028298416560566,0.9892674188782268,0.6231571065333117,0.9983242356367662,6.8533525466918945,6.812867326803627,0
1,7.19382,0.5692817993298891,0.9993603415721977,0.9993752290476946,0.11158084429440238,7.005713939666748,7.904399331822224,0
1,7.1804562,0.6211240126685823,0.9680474641891929,0.9945290689793593,0.43013725533772734,7.07405948638916,7.222647861353289,1
1,7.1804562,0.345606388694037,0.9434949337363095,0.956511709455784,0.9744731208256395,6.330873012542725,7.068770158925277,4
1,7.1739254,0.752424388192628,0.997882932786444,0.9983164248755091,0.16068098076299592,7.424825668334961,8.10052199965588,1
1,7.1739254,0.6202621179314005,0.960048465115584,0.8916830440568683,0.4580996479275417,7.754153251647949,7.113835786476342,1
1,7.1739254,0.34243830801844954,0.5964010052745551,0.9726052373223012,0.9455666965907918,6.520275115966797,7.591653819464505,2
1,7.167491,0.5839725778758844,0.725301217428108,0.9842355746747625,0.020799921018370443,6.322037220001221,7.174702648964608,2
1,7.167491,0.6016054020662865,0.49638729768068235,0.9001182473363959,0.036427598087595346,7.902688980102539,7.69709428980683,0
1,7.167491,0.3282871734514335,0.02525925298505518,0.23716022251352317,0.9958868826382903,6.442069053649902,6.8521324764096025,2
1,7.154902,0.3494675498612542,0.5346602801960095,0.8497253002638652,0.8152326450260582,6.350878715515137,6.694156152101829,1
1,7.154902,0.2932780554035772,0.0047488437974274956,0.002245084900720169,0.9963887986613049,6.054998397827148,6.196640054200213,0
1,7.154902,0.4097046443149179,0.8867880867723048,0.5565522426417717,0.8105560982130288,6.635463714599609,6.97675589584044,3
1,7.154902,0.3439047248045855,0.9719053255839718,0.9566742614185596,0.9489348625164303,6.134948253631592,7.129142488891843,3
1,7.154902,0.3119389342236467,0.33635187929604254,0.8567228651545505,0.9015356246187214,5.892049312591553,6.843858478773913,4
1,7.154902,0.4572239044611224,0.003473388183697496,0.006958209109132443,0.4778541171712694,6.324339389801025,5.875696599242727,3
1,7.154902,0.378051704275731,0.9842229095439736,0.840846262915523,0.9826836128716855,6.337632179260254,7.195533307725453,0
1,7.154902,0.3932008188021273,0.9779616510070192,0.9670220806691631,0.9725464736000892,6.4849066734313965,7.30804503659815,0
1,7.154902,0.6558502608660108,0.047004809583694754,0.6457028520984548,0.2152169489222541,7.094394207000732,6.973129774126782,1
1,7.154902,0.565309236083211,0.8842846357834344,0.8774444686715159,0.0398261145188351,6.335443496704102,6.622731582202285,2
1,7.154902,0.3570679951596172,0.9557476653790301,0.9521071585287922,0.9726524544087207,6.3057050704956055,7.347044985213537,0
1,7.154902,0.30960543963691256,0.9763614561920488,0.9768675611217039,0.9913085243994846,5.941776275634766,7.133820342561993,2
1,7.154902,0.47604801300595473,0.022147501546588195,0.17777824115842947,0.8431783985152226,7.744635581970215,6.743921513391672,0
1,7.154902,0.33953877103726066,0.0047680299131596954,0.44296267264348893,0.9887558401658526,6.447422027587891,7.341058192684837,2
1,7.1487417,0.589385222979945,0.9996746256701232,0.9974213371462344,0.3598382588918059,7.28843879699707,7.834056162150442,0
1,7.1366773,0.5055777530488775,0.9996263877837791,0.9926428707718172,0.2852726960786467,6.534298419952393,7.5372047443841685,4
1,7.1366773,0.5701497184960603,0.8337495569459946,0.34681871888933347,0.8703706008300862,6.9197235107421875,6.455861131225462,1
1,7.1366773,0.5984526829141292,0.6438606428687587,0.472257424422759,0.2452189809471169,6.942883491516113,6.552024716054675,0
1,7.1307683,0.608868128480485,0.3346530166689862,0.9352855909621777,0.3392909645390801,7.032131195068359,7.4159819815526165,2
1,7.1307683,0.37528463691297326,0.010658006048630384,0.575284518645771,0.9983150375272131,7.002482891082764,6.823912867378136,2
1,7.124939,0.5480673314559,0.9266440170210944,0.9370511718799808,0.34426895864059737,6.553430080413818,7.163839890640736,4
1,7.124939,0.5413275217618636,0.4155894399133463,0.4355928570880662,0.1104432870462901,7.109445095062256,6.82855290795489,1
1,7.1249385,0.6028194904149977,0.15118016458852998,0.8544080969347133,0.12447898892549848,6.731746673583984,7.175178533607798,1
1,7.1191864,0.6182405614480997,0.9870897561573286,0.9699693145176127,0.1477457089878974,6.891033172607422,7.454457633624878,4
1,7.1157713,0.5976123872255545,0.9938151818421833,0.9616269916510272,0.40969303831430826,7.379026889801025,7.531536435259224,2
1,7.1135092,0.51699696299963,0.027665130598407184,0.22317413219859294,0.9103591570189822,6.583896160125732,6.663353769857937,2
1,7.1079054,0.5523619229745402,0.968542820633984,0.3390290476743334,0.08047441555373722,7.217926979064941,7.13359523850943,1
1,7.1051302,0.38671958647972104,0.01469504225812594,0.8891345706050625,0.839122487814352,6.530300140380859,6.889000856612328,3
1,7.1023731,0.553482899532462,0.999460426968691,0.995836925938424,0.37960507689783,6.9728288650512695,7.98094584286885,4
1,7.1023731,0.48542954963761115,0.0057225972947587585,0.07869372107994756,0.09472938575144123,6.783982753753662,6.9378501831772,4
1,7.1023731,0.4984896736293126,0.9984004819431743,0.8213986680013845,0.8137213294332707,6.914370536804199,6.613795568181407,4
1,7.09691,0.4311230724803283,0.24199704041780265,0.25058866949821423,0.9381713688141979,6.588290691375732,7.086871205268526,1
1,7.09691,0.39770764439773953,0.2429633370701748,0.30047711620837436,0.7286551484599632,6.90898323059082,6.537620123778641,1
1,7.09691,0.4440818817214681,0.03410120845973965,0.15161847945260276,0.752682285081466,7.148102283477783,7.005614025060445,0
1,7.09691,0.3225541996338805,0.9567421764478452,0.6519680554116876,0.9516338260762414,6.048765182495117,6.784590987293787,3
1,7.09691,0.3688139081361361,0.9126298736315624,0.5380456151436195,0.9853263732201543,6.071691513061523,6.932952394220445,0
1,7.09691,0.3646443141586203,0.9999641595080104,0.5747668498384152,0.9769585864175435,6.086156845092773,6.979620352447056,0
1,7.09691,0.285942429578701,0.6053549363249996,0.8016443957505183,0.9986938743187784,5.7806220054626465,6.588271134371139,0
1,7.09691,0.3480308306578503,0.9885268438394765,0.9467568166277649,0.9684021152815303,6.255173206329346,7.295880057283932,2
1,7.09691,0.33660966125316516,0.727196261079696,0.9394111317441644,0.989009654490476,6.098406791687012,7.349857642141785,2
1,7.09691,0.343780621352951,0.5648762958802626,0.9295409105142564,0.9765356302008815,6.330879211425781,7.283506577094643,2
1,7.09691,0.5498419547859049,0.003515545785362786,0.12711894266187698,0.04868010739358667,6.856212139129639,6.003208674063206,1
1,7.0915151,0.6368463897933814,0.2389678815379216,0.889463091864006,0.6552765202565775,7.077548980712891,7.539516073754374,1
1,7.0809221,0.5046204412144148,0.9613048596053817,0.974213459973063,0.4388677484204789,7.041592597961426,7.3330255572838245,3
1,7.070581,0.5848564008093439,0.034869508025658774,0.8945351683451664,0.928182448416222,6.879376411437988,7.042547627346505,2
1,7.0655017,0.5656495375217211,0.07277508927450911,0.5143263647711361,0.1686459212985117,6.919538497924805,7.043811707796129,3
1,7.0634861,0.37915609463758904,0.18031294688199773,0.17437757167633788,0.8649096104748925,6.4661407470703125,7.221002179850234,4
1,7.0604806,0.5795146847402353,0.41634431147231377,0.9942532054518991,0.6364862591221429,7.153582572937012,7.687130222962001,0
1,7.0604806,0.5487414238129689,0.7790233114298414,0.5724969658535278,0.06037449228724492,6.337346076965332,6.530112606659385,2
1,7.0604806,0.34055640423371725,0.368949543611886,0.9313802220219753,0.9215472131814946,6.268676280975342,7.121099585918588,4
1,7.0555172,0.44764905670943905,0.01212844070277423,0.00238512765908682,0.9802696137378324,6.355368614196777,6.492656333453913,1
1,7.0555172,0.34677017732925497,0.9736824489017928,0.9547045112831173,0.920690565981939,5.768435001373291,7.582260209233106,2
1,7.0506101,0.5711960976518033,0.8022034122347566,0.8278448727659992,0.04757836083745805,6.4525017738342285,6.965957736803712,2
1,7.0500002,0.3884606223845014,0.41559979719098045,0.9696812677552391,0.9514472025959594,6.590087890625,7.025205169763798,2
1,7.0457573,0.6396142991951722,0.20473750165130222,0.9650647974073641,0.24896375611578914,7.347794055938721,7.907477953295509,2
1,7.0457573,0.3623140112156025,0.542625156187549,0.45235285208807624,0.8287016485203118,6.330212116241455,6.7497950361628565,3
1,7.0457573,0.36320071116607006,0.5650479625986233,0.11185922752082111,0.888725090794103,6.585636615753174,6.9225223654821155,3
1,7.0457573,0.3126645985016039,0.9071253109644218,0.650319341779371,0.9891224839620979,5.804590702056885,6.862178895344406,0
1,7.0457573,0.34022637702680664,0.6316240523488796,0.3782724222436998,0.9534759307182277,5.830128192901611,6.856135933395849,0
1,7.0457573,0.34759086146053997,0.8756705012241395,0.8289116326232508,0.9922455457827275,6.303394794464111,7.108338909149573,3
1,7.0457573,0.3254448341024607,0.9376173445006215,0.9142903923333897,0.9958990843952104,6.184942722320557,6.732605027367111,4
1,7.0457573,0.31262209215255327,0.6443743210829511,0.9545654265276223,0.9817401701786774,5.982739448547363,6.966574647965174,4
1,7.0409584,0.5413057489588825,0.23238118941627023,0.04314573847910517,0.0617674550016098,6.612067699432373,6.915237271324065,0
1,7.0409584,0.4910463089186779,0.16120904674136935,0.935107022708829,0.2668454396275248,6.335432529449463,7.326562434524873,2
1,7.0409584,0.39907948946340677,0.8658424658722934,0.3590818405036953,0.8224148167797284,5.755073547363281,5.703755944648748,3
1,7.04,0.34065669020039496,0.5609461224781792,0.6247701211909639,0.8891585518251269,6.324158668518066,6.658042421966555,0
1,7.031517,0.5206498882848184,0.3254005838909511,0.32454598427531095,0.8591744106657169,6.852987289428711,7.07200123775236,1
1,7.031517,0.5700294340029346,0.1387607578395765,0.43309717248764373,0.5652312650101857,6.907450199127197,7.038671375063411,2
1,7.0268722,0.44682459050146756,0.9110956436379232,0.3483464205791531,0.09162685488554437,6.550117492675781,7.16953869185055,1
1,7.0177288,0.49845163545840243,0.6888055006612471,0.17311869109897596,0.03623995141209816,6.128965854644775,6.152615663193349,2
1,7.0177288,0.3151401812600333,0.9971551117263772,0.8605152554288735,0.9622088236773292,6.13496208190918,6.832560908390567,2
1,7.0132284,0.3796988610310424,0.9965517434841318,0.9782096358354501,0.7062854568281989,6.04192590713501,7.478145767517106,4
1,7.0132284,0.3186075709597829,0.13723755618482772,0.3247891805546074,0.9684833140602186,6.026669025421143,6.644333435271837,3
1,7.004365,0.3224809380773659,0.09496001308707944,0.35760892987427423,0.9989738308438307,6.448001384735107,6.899951688652941,2
1,7.0,0.35642417948937005,0.6200056656768943,0.43248720850244377,0.9304330080814477,6.198479175567627,6.514616069284505,0
1,7.0,0.5426152120292549,0.4722641039108685,0.7432387207565231,0.7027939746969463,6.479079246520996,6.911450586317716,2
1,7.0,0.3609279541794119,0.008562060229786943,0.002743254821818433,0.9838381559491136,6.23862886428833,5.644408476805932,1
1,7.0,0.31339785322999286,0.7881239565520265,0.6248081255374905,0.9840126410056264,5.960094928741455,6.855554242321498,1
1,7.0,0.46583259444448216,0.3752342287995866,0.003465214925135522,0.9909417745510211,6.158607482910156,6.091045721107946,2
1,7.0,0.3879446135792648,0.998815555156668,0.9216718762465606,0.9730890889789214,6.154412269592285,7.058022754737625,0
1,7.0,0.3092178692718774,0.9954867837341417,0.8854903504140368,0.98626494477904,5.8949103355407715,7.034512173684858,2
1,7.0,0.4027767490910136,0.9090463117006404,0.9515846493324649,0.9561174672214249,6.804083347320557,7.133785876587797,4
1,7.0,0.48728482922932204,0.8251097391127331,0.7544638566075537,0.04891900299301712,6.479218006134033,6.8246507794763644,1
0,6.9829664,0.4447439288456912,0.006761084986262798,0.4416173786740148,0.9642553504522154,6.460809230804443,6.956575136753449,1
0,6.9746943,0.4984896736293126,0.27693746983295425,0.8275282771256187,0.8058500974852723,6.914370536804199,6.61922679752415,4
0,6.9706163,0.3287719303226442,0.0012947800284262491,0.012871654429794795,0.9105891060752146,6.207240104675293,6.0832201794003415,1
0,6.9699998,0.3698566491729235,0.8817072485184501,0.6442742537737886,0.9765824534796786,6.673605918884277,6.913743246158409,3
0,6.9665761,0.43416260382773647,0.9574861063064533,0.9536398188348711,0.8952340324574238,6.927237033843994,7.57070252913834,4
0,6.9586072,0.6222104415967661,0.8666148245363025,0.988777913260295,0.6177784444129596,6.869604110717773,7.322313723668305,2
0,6.9586072,0.43989466557842066,0.011597503243976298,0.017079288732958702,0.48375607790741015,5.897960662841797,5.3971135797327445,3
0,6.9586072,0.4752046163908293,0.7010270383022269,0.1010310568895193,0.9335810859696734,6.4295334815979,6.65674351575046,4
0,6.9586072,0.4550821330547482,0.7560449083600332,0.04974323482630975,0.8201951077124896,6.2533392906188965,6.5677416527421855,0
0,6.9586072,0.34071983075880974,0.38192379063235776,0.7640772739812864,0.986165497334627,5.968146324157715,6.831025525412457,0
0,6.9546771,0.6949868750501288,0.20621675425865393,0.9641559560913605,0.20967513763303472,7.5949177742004395,7.493324716385199,2
0,6.9469213,0.28190037611634383,0.6468143688805023,0.0581223275995726,0.9957808459067273,6.086163520812988,5.881215796036612,0
0,6.9208188,0.4726365983693631,0.9526625661902869,0.8318565020307039,0.09016576069636814,6.053534984588623,6.871696073078508,1
0,6.9208188,0.49863545832449985,0.7288395195623961,0.8664432281764733,0.9540686127424683,6.573489665985107,7.5681883965466925,2
0,6.9208188,0.38711604859828785,0.6710352357494855,0.9055509606509132,0.8945792203501131,6.518532752990723,6.863783046628813,3
0,6.9208188,0.34715213722412525,0.9948765204507932,0.9348146821887973,0.9884129117543371,6.341588020324707,7.196457529761397,4
0,6.9208188,0.4696855776902126,0.0033625369285561696,0.09022950477853514,0.14254169504070538,5.224094390869141,5.18899997531755,0
0,6.9208188,0.4392693354439375,0.02378443948392046,0.05101980276940557,0.9158255735717376,6.215191841125488,6.260766142375189,0
0,6.9208188,0.35861834516712265,0.996913605577335,0.945570980844332,0.9949121600285621,6.134221076965332,7.123218558056457,0
0,6.9208188,0.6472493994904782,0.9992356534535214,0.9942312643919091,0.2046611185366025,7.154325485229492,7.683413662541676,1
0,6.9208188,0.4090756716698766,0.9883232499001766,0.9647759676513618,0.9809666476221578,6.788808822631836,7.357961239201306,2
0,6.9208188,0.5404498553674556,0.0026433128969728433,0.3633121196315751,0.09456615834125688,7.0670857429504395,6.753893926850348,2
0,6.9208188,0.42215566291682427,0.9005478878665459,0.37586821473115806,0.0190018213073254,6.336331367492676,6.728494358657061,1
0,6.9208188,0.3969956141423599,0.9794836095418374,0.8353099939996581,0.8944334536429467,6.706707954406738,7.290108365008343,1
0,6.9100947,0.6185771735248413,0.8854167014507549,0.9873481214618457,0.13040602033803067,6.503199100494385,7.78264420157832,4
0,6.9065785,0.598857041442541,0.9378710587637318,0.986001400737144,0.21805053525722604,6.880186080932617,7.673849504461649,4
0,6.9065785,0.3226731620144776,0.09613386484283458,0.16011684463930426,0.8893642740660594,6.131951808929443,6.61201038394998,0
0,6.8996296,0.6495311236086534,0.3743859208181314,0.12285533279216998,0.14018336709064574,7.040754318237305,6.146938305638976,4
0,6.8860569,0.2827217847193411,0.23641449580538507,0.9795146740034422,0.9000659319140654,5.89452600479126,6.8654299891436255,2
0,6.8860569,0.29961584788096857,0.7749418354992333,0.6775307307280733,0.9961195822388113,6.29282283782959,6.598813716364275,0
0,6.8860564,0.4755423994597532,0.935347493192143,0.8995002944086595,0.7589224572354385,7.362160682678223,7.026332189520911,3
0,6.8860564,0.35347993296888414,0.6088384043503563,0.41376272552129706,0.9723964660417562,6.3195624351501465,7.3997982843243415,3
0,6.8860564,0.28362115790827563,0.11313171564772977,0.5433368328652859,0.9894477801637718,5.764651775360107,6.177185947752934,0
0,6.8860564,0.4975543154222075,0.4321026116183967,0.039550167626050806,0.9824101349038072,6.2614312171936035,6.467695658244282,2
0,6.8860564,0.4820435031923769,0.04255507021277473,0.09479560160111422,0.06071930304311492,6.895002365112305,6.498422659633,1
0,6.8860564,0.4502913368611278,0.6834196640195151,0.3883515104643224,0.13898605168664802,6.437404632568359,6.727406386924806,1
0,6.8860564,0.5174234282915985,0.6099359057567422,0.13002142068592665,0.14294716303233532,7.066765785217285,6.767163411850054,1
0,6.8860564,0.33022156224953236,0.45500757744869774,0.012134469517136728,0.9476687332563148,6.542918682098389,6.009712996408468,3
0,6.8827286,0.46477790702247157,0.005689777702413409,0.06004969470964837,0.9602148335700147,6.478021621704102,6.363697749934427,1
0,6.8728952,0.3751509281478781,0.00572164811280001,0.3129837741672921,0.9120699956534205,6.713233947753906,6.657329644904416,0
0,6.8696661,0.36770547323346725,0.6498436290773466,0.10626016830995025,0.7552386307922102,6.254292964935303,6.486212918860857,2
0,6.8632793,0.36451505755648506,0.0016759085953702688,0.025891398251778684,0.8856630493421127,6.369142055511475,6.781587063155386,1
0,6.8632793,0.3235521815300808,0.9964301525584419,0.9642610522420662,0.9393173835442666,6.100317478179932,7.0282216593145845,4
0,6.8569851,0.4658793050656148,0.062091577153531356,0.0417594573124443,0.8626207862487311,6.261932849884033,6.776196543751334,2
0,6.8538718,0.5268173793869895,0.42680976587093267,0.3717276093391507,0.9591727820719387,6.599579334259033,6.938704300482778,2
0,6.8538718,0.7772868333991673,0.01016123389117613,0.020649213549671246,0.29338569775880546,8.07526969909668,5.580518161231219,0
0,6.8538718,0.3344065553870511,0.7299458957975093,0.8247577612303045,0.9559526459448395,6.160881996154785,6.790841103823805,3
0,6.8538718,0.39948030671332685,0.07579321317837714,0.04349276344388349,0.9908399780931172,5.7998809814453125,6.6367541142431605,3
0,6.8538718,0.3223497628818515,0.273740989601437,0.9358449153528199,0.985688784956421,6.083205699920654,7.326951774376066,2
0,6.8538718,0.7037931301223971,0.8666872389017701,0.7984402158661702,0.36219611771092314,7.6037750244140625,7.47112139368778,1
0,6.8538718,0.46430875508660135,0.0008011539781483186,0.016900960467957988,0.07546215137481461,6.879339218139648,6.08397211488903,1
0,6.8416376,0.527289991270381,0.9873129599291405,0.9953406632165099,0.29628455991038105,6.905345916748047,8.054990779703491,4
0,6.8386321,0.29961584788096857,0.5620419087172291,0.6281194190692437,0.9983335758484001,6.29282283782959,6.457506998072577,0
0,6.8239088,0.4951778627731013,0.022859005213066268,0.038743642862165306,0.15322495940842504,6.211960315704346,6.994660025993469,4
0,6.8239088,0.35589789030408686,0.7332207909381212,0.8463551242655591,0.7586494328767133,6.439827919006348,6.939771019574697,3
0,6.8239088,0.3471785514843571,0.9754132986127676,0.7728041997930597,0.9761622382099723,6.144859313964844,6.958601585977861,3
0,6.8239088,0.5653322698919515,0.9793942162784889,0.9512734855943592,0.19675750365101347,6.537614822387695,7.664623129462929,2
0,6.8239088,0.4298762175641719,0.06462113704006883,0.04829000083618815,0.011049367384505985,5.9995832443237305,5.5202846752216965,1
0,6.8239088,0.4762862694956679,0.8001253215479078,0.978995746703745,0.07819573310893425,6.84748649597168,7.209592248841517,0
0,6.821023,0.6577389186755638,0.2936189343669638,0.7524934393785082,0.22614010533270648,7.123955726623535,7.715632210811197,4
0,6.821023,0.29161889795958806,0.48409468355554686,0.07757580656372942,0.9803172749313636,6.122012138366699,6.087526794263738,1
0,6.821023,0.3594278886932646,0.9999883139209489,0.8931447881300657,0.9856737116708723,6.559004783630371,7.242740154576049,2
0,6.7958798,0.4160511132932767,0.4454544273915428,0.8556799040717469,0.9658354891841764,6.889248847961426,6.9037142036092405,3
0,6.7958798,0.5176822856106026,0.05162299931282713,0.09352310882575238,0.939251983266756,6.704764366149902,6.53073495861447,2
0,6.7958798,0.6837363281190226,0.6645783062134021,0.9709870213058555,0.34998469237427854,7.662656307220459,7.194713483956027,1
0,6.7958798,0.5398592420893171,0.888878117941364,0.5075510129953782,0.04656738421593615,6.469875335693359,6.520360729740765,2
0,6.779892,0.47371608602078036,0.0911314911909598,0.04682549422715384,0.9416272014098976,6.37045955657959,6.640775808484615,2
0,6.7695513,0.4377113337838759,0.013006437767108692,0.016724220377844653,0.35578561364310485,5.79375696182251,5.601125589798545,3
0,6.7695513,0.4828575633988609,0.12122378559957195,0.1226513957036069,0.8744046627564179,6.360924243927002,6.713035100444453,2
0,6.7695513,0.27306610355666494,0.34957358273537376,0.28816550703724064,0.9963807985432918,5.631107330322266,6.035212253052723,0
0,6.7695513,0.5587624516718557,0.7289201264044447,0.6507629525853745,0.09287120790061479,6.448408126831055,6.18918176522126,2
0,6.7695513,0.30263330213109824,0.0067120057305185025,0.004285160246113598,0.9438607093281316,5.845465183258057,6.369176282070555,2
0,6.7695513,0.40547160733521875,0.00011736222893029596,0.021383029162484742,0.7691200531675808,6.563750267028809,5.882241957899483,3
0,6.7619538,0.6727870994761588,0.09307039842271601,0.17024686152940227,0.4450344832870963,7.248809337615967,7.000350314538659,4
0,6.7594509,0.5917095192265137,0.16973634203609173,0.11230800536590091,0.9372605978653434,7.212330341339111,6.5369639582973305,2
0,6.7520266,0.5721283522281874,0.9225157092377564,0.9840473835106619,0.3113353534375215,7.342013359069824,7.660381736494881,3
0,6.7447276,0.6312330283672809,0.00286300780218292,0.023165739417955824,0.16587233801745802,6.854841709136963,5.576814238291024,4
0,6.7447276,0.4442632465174771,0.011194641544959109,0.25849860879261916,0.9795390590803106,6.322356224060059,6.443473724076644,0
0,6.7447276,0.4996488959485169,0.026883315595572,0.05751224520871513,0.9552587429497307,6.523313522338867,6.657145595691116,2
0,6.7447276,0.34990219896488034,0.9180776430869181,0.9356392690384826,0.9845390338601198,6.241229057312012,7.51923821630057,2
0,6.7447276,0.5923617136911288,0.8149152785753517,0.9850350403630846,0.05401399821606972,7.4528703689575195,8.030121577921989,1
0,6.7212462,0.5704065889888676,0.954030159971515,0.9848104002625351,0.0831746651539233,6.776691436767578,7.471155487266014,2
0,6.7212462,0.4329004172478068,0.8853085382075204,0.8788942047744205,0.9553077762305685,7.011785507202148,7.208244811447689,3
0,6.7212462,0.4404762941542266,0.44329522676741534,0.7855762719217125,0.6542844590081166,7.206976413726807,7.024951930016076,1
0,6.7212462,0.6466423694085758,0.07431445568935814,0.04321430915474919,0.13388809662292475,7.109973907470703,6.050922920838059,4
0,6.7212462,0.5892328174669644,0.21400682185159425,0.823306479402594,0.41317271479218215,6.625003337860107,7.459207836208654,1
0,6.7212462,0.4084655642058762,0.019220343800802696,0.008365061392719303,0.009586558567303744,5.9733734130859375,5.414471578510506,1
0,6.6989698,0.3980020481500082,0.23313109236381352,0.03639492257357291,0.9875734195231511,5.922379016876221,6.37386119006486,4
0,6.6989698,0.39232871390659696,0.9903548191375895,0.7176284464994782,0.9821059797538918,6.485387802124023,6.679582243329359,0
0,6.6989698,0.34259384520862163,0.8595897661651438,0.8944807663538314,0.9954512186031786,6.12612771987915,7.041016505035008,0
0,6.6989698,0.46733997411991485,0.06595607093652117,0.11445935267984228,0.08250549895356789,6.443441390991211,6.5401001966755405,2
0,6.6777806,0.4116592488333026,0.011035944987555005,0.006481034915419063,0.9072186684521212,6.534575462341309,5.721478826744827,4
0,6.6777806,0.5756697700742894,0.7463558009431097,0.907096426764071,0.8820598864529613,7.0924859046936035,6.719041082511816,2
0,6.6777806,0.5360514007835585,0.881327410735964,0.25456990516830963,0.7881311393150491,6.444802761077881,6.774412725623128,2
0,6.6777806,0.3120757676764517,0.4555748252584487,0.053243340580367435,0.922284635730398,5.985456466674805,5.940613070530266,2
0,6.6777806,0.6113191107237647,0.9944683590413405,0.9312678096672302,0.1451957074720445,7.215357780456543,7.146247091444705,0
0,6.6777806,0.43759212988463325,0.0019469019939971962,0.00933385934403075,0.92313773271103,6.185774803161621,6.28693319034409,0
0,6.6777806,0.6370458482870726,0.8228915631519024,0.9975875472402619,0.12932926274609458,6.953341960906982,8.053791978057598,1
0,6.6736641,0.5789699577120619,0.02511162976809126,0.2003443208898024,0.03515239613580804,7.330968856811523,5.953559568896421,1
0,6.6575775,0.47228675704716405,0.5795982261139316,0.00850129050942425,0.9893519863254805,6.24523401260376,6.388623847662641,2
0,6.6575775,0.44981934159169584,0.029708984304312912,0.014922785604694927,0.5889843310822197,5.7835845947265625,5.77333015494782,3
0,6.6575775,0.4633232504312452,0.006512213671667336,0.5441634127820087,0.04601103602033965,6.3675103187561035,6.954437006240476,1
0,6.6516953,0.666151248131903,0.6909089947096142,0.2217177164494672,0.9500608334408116,7.720596790313721,6.76019177626075,2
0,6.6497521,0.445223964372074,0.9882564657810389,0.6298557428360584,0.5034182179887962,6.311133861541748,6.201592630433459,4
0,6.6458917,0.5631723960207594,0.9474100904708735,0.9930873176882902,0.05304548708691102,7.117793083190918,7.643710272975995,3
0,6.6382723,0.440655135007803,0.04495083262903301,0.40893333395836373,0.9867603248929396,5.940639019012451,6.689401626585898,3
0,6.6382723,0.35042075849979054,0.6647615723567352,0.14942554205826314,0.5933975328969455,6.442465782165527,6.180794652965362,4
0,6.6197886,0.5525937067065408,0.01022508533082416,0.6106893660388072,0.7329877010674446,6.874506950378418,6.893015797500036,2
0,6.6197886,0.5517647672342166,0.8850668457374713,0.9047747008285654,0.8423557449559889,6.869983673095703,7.051904544738574,2
0,6.6197886,0.7483092489419124,0.011782130371306593,0.06753712458554545,0.21755286787483774,7.859124660491943,5.685548525512885,0
0,6.6197886,0.28946164812521413,0.9500600626560296,0.7767807152424048,0.9916260531702006,5.877773284912109,6.882371086863927,0
0,6.6197886,0.5798344764518438,0.8949866292853023,0.974958037042869,0.2400539919172667,6.469152450561523,7.058660034532512,1
0,6.6197886,0.8772276863698233,0.9997933119098966,0.9300877147473477,0.010143857359698518,9.372354507446289,7.49396546014068,1
0,6.6179829,0.39549902056468345,0.007202426089468552,0.3223267305206708,0.855624161219073,6.923146724700928,6.832641869715987,0
0,6.6161847,0.7308522469875911,0.819683535719642,0.9271768116773051,0.34397502372937333,7.793145656585693,7.3545887113723545,0
0,6.6143937,0.5394522351525367,0.10331074580677257,0.3950151200170613,0.3998233772538982,6.53227424621582,6.830960944116637,2
0,6.6020598,0.49750709724068537,0.07045661350659198,0.030366462749584343,0.21307684761769663,6.444548606872559,6.40141684191828,3
0,6.6020598,0.35148977332520526,0.25243343845824123,0.7593029654489926,0.8504954604917215,6.396965026855469,6.967089344493675,4
0,6.6020598,0.35221640940066223,0.9624638376961897,0.8960018678350639,0.9939760710516234,6.549286842346191,7.232586526890205,0
0,6.6020598,0.4824287765923615,0.031994598544449034,0.009585198645632701,0.9499589050439537,6.612027168273926,6.255371187683814,0
0,6.5968795,0.4800681210413291,0.14430006696893605,0.39369921359207,0.7453255693630095,7.347700119018555,7.283374757097255,1
0,6.5850267,0.5016530512968468,0.6098209615145366,0.38227718332054333,0.9235472826045668,6.132349014282227,6.657350540967674,2
0,6.5850267,0.2970748457569864,0.7090951971631887,0.9370063292160296,0.9955699696940787,5.923799514770508,6.943575526301085,0
0,6.5850267,0.3456385944223613,0.0005198088784013476,0.07575938917517187,0.9993142279442973,6.607428550720215,6.836667261882165,2
0,6.5799999,0.3245104458016141,0.3865389263718235,0.07794121730221075,0.9895535725461604,6.1311774253845215,6.567164575073706,1
0,6.5686364,0.5148695629695857,0.5619091751274914,0.029061431535565795,0.8698631008010407,6.312946796417236,6.3942849127111385,2
0,6.5686364,0.3275677127505261,0.09576734283979695,0.024232649969743333,0.9992802603558393,6.270758628845215,6.328799126973176,0
0,6.5686364,0.5412065371823991,0.00042932562406332856,0.011676023840428401,0.04802540840805519,6.945281505584717,4.950137797360517,4
0,6.5686364,0.465982285471793,0.015868724250709246,0.0010521414512381152,0.9235060335881748,6.752014636993408,5.192349330050192,2
0,6.5686364,0.3070568514467441,0.12697190925898294,0.011652556427849754,0.9130526768985612,5.9118475914001465,5.924407645073684,3
0,6.5559554,0.2915228349383257,0.012775169291690862,0.08474485524996168,0.995919940210642,6.244088172912598,5.994155317748946,3
0,6.5528421,0.32064941613121106,0.04772882855900168,0.0075089572554190576,0.998960177833992,6.218466281890869,6.497704692416667,0
0,6.5376019,0.4101120751658524,0.0015350071861604186,0.017985324666574983,0.8033095702336484,6.548595428466797,6.55320975566804,4
0,6.5376019,0.6113191107237647,0.9677331727004096,0.907754100293472,0.1333673129941793,7.215357780456543,7.514878848558401,0
0,6.5376019,0.43893779600888094,0.10092312714433675,0.0028070636317710017,0.9454705009845068,6.3270158767700195,6.243924946896897,1
0,6.5376019,0.4223456313914805,0.041338397849245624,0.004576198486985911,0.985476378306319,5.74487829208374,6.419382241710908,3
0,6.5346169,0.4715141698842125,0.9615844881736244,0.6770116673814122,0.6531199763461231,6.663137435913086,7.1094861791547865,3
0,6.5316525,0.3269618251934644,0.7540464569822947,0.19040773255799318,0.929646269025298,6.131933212280273,6.035110699140187,4
0,6.5301781,0.3392531977428493,0.9063142826184187,0.04897018791938188,0.9680166871987006,6.186676979064941,6.1224573598392515,4
0,6.5228786,0.35612915432859277,0.9445975719590183,0.837420627614543,0.947237512820949,6.252084732055664,6.797228212598301,3
0,6.5228786,0.6231914593657202,0.9670504280758945,0.3558112073235898,0.06989311832491518,7.018655300140381,6.829113649842329,2
0,6.5228786,0.44346802831851584,0.15308844238961722,0.014163936423178222,0.013357731351106867,6.629035949707031,5.149985488250221,1
0,6.5086384,0.5456122471566673,0.0013997099772293689,0.002536734755150093,0.38446522111534925,6.820852279663086,5.574350368104534,2
0,6.5086384,0.6466423694085758,0.16696497919161124,0.0935312002493625,0.18014057903356057,7.109973907470703,6.017120995896425,4
0,6.5086384,0.2789630676561652,0.053450006675461285,0.002432666932465917,0.9927584362169435,5.8274922370910645,6.118799783762127,4
0,6.5086384,0.4059831735550144,0.004146439731717386,0.0031869396273468188,0.9175435959010555,6.923562049865723,5.927187760585688,4
0,6.4975729,0.4743053074969689,0.051387172626003376,0.19584572833321295,0.8603234837546733,6.330943584442139,6.918066855916887,2
0,6.4948502,0.4077712633745732,0.8109071348114799,0.6711240279440619,0.8865151825468826,7.007205963134766,6.745327394380015,3
0,6.4948502,0.4268460438137484,0.7102853654453691,0.012686289327880414,0.9613871376421799,6.000182628631592,6.142870258438379,3
0,6.4948502,0.3598605259959099,0.7772724967600213,0.12544539498064686,0.6906286175213996,6.202701568603516,6.653297145337684,4
0,6.4814858,0.5084404411813452,0.21544017415366773,0.02924207436483714,0.6799893105712249,6.614108562469482,6.356249908867439,3
0,6.4814858,0.3064405456387196,0.0018459689941997023,0.0016053233626788577,0.9858078896592225,6.0677618980407715,6.390775537071713,0
0,6.4814858,0.38013701652919785,0.9976723446532146,0.9849566469655806,0.9559090493055569,6.799803256988525,7.535969448841071,0
0,6.4814858,0.30056661552892694,0.062221673374311934,0.008562970298000619,0.8447860013537691,5.865285873413086,6.219718313934957,3
0,6.4685211,0.5011428441664372,0.17154547944092166,0.0023778531202055062,0.6685706493870982,6.7750163078308105,6.067112886042799,1
0,6.4672456,0.41267900091561077,0.0020904805388918136,0.003192927952626523,0.9847746922601774,5.788949012756348,6.1969122549144915,3
0,6.4634414,0.5052290858819345,0.3280496084577274,0.09057546243397667,0.6103992193090225,6.558316230773926,6.099773355687631,0
0,6.4634414,0.34963633218231316,0.044082466718408916,0.6528098154550009,0.9965748603427897,6.623554706573486,6.8921656249828755,2
0,6.4609237,0.4494152016083715,0.34874261110232346,0.0056930442502592825,0.9354236543012306,5.859439849853516,6.122423415204386,2
0,6.4584208,0.29587536071138626,0.05925583488655513,0.013226769344934209,0.7294273490819763,5.894059658050537,5.997631873588812,2
0,6.4559321,0.5486080285217402,0.19809612466165333,0.5893017776529922,0.8019253408850638,6.7085161209106445,6.813490316718986,2
0,6.4559321,0.46277519978168347,0.0004621482547578743,0.0263923919119396,0.6036127927042257,6.060293197631836,5.391711644437951,3
0,6.4559321,0.3899225947932159,0.004446243087948382,0.003937574934595071,0.09553021421119724,6.2462053298950195,5.811569059238693,1
0,6.4534574,0.4269532953836375,0.005281590404567515,0.06504796227136624,0.9233192226708788,6.177532196044922,6.495300422909743,1
0,6.4436975,0.49110899477398573,0.867871743616281,0.5626655366485342,0.3047763334623697,6.4273271560668945,6.5507699023328225,4
0,6.4317985,0.41895377836756614,0.23921969722325903,0.48061819810358103,0.7615113140092935,7.056892395019531,6.85218660954445,1
0,6.4317985,0.5247192179225603,0.004145018794043726,0.36495223328911885,0.07917855814919318,5.481416702270508,5.822189112604827,0
0,6.4317985,0.4521891478266085,0.21764345567753024,0.4530195637420361,0.9589311414139604,6.410724639892578,6.829781325852381,0
0,6.4317985,0.3873966933368824,0.35831000935934404,0.0025381755980864716,0.02109001212646489,5.947781085968018,5.193328949742001,1
0,6.4317985,0.3223497628818515,0.4473312678968077,0.9287158998744098,0.9929707858909681,6.083205699920654,7.353426314152673,2
0,6.4202166,0.5012606804430199,0.7016781296602542,0.02329469749129616,0.7512403899068276,6.66213846206665,6.575731209404013,1
0,6.4202166,0.49003646904603265,0.5208466513732221,0.21203602164501217,0.9080110005072936,6.640804290771484,6.9460930990651475,2
0,6.4202166,0.37588491405996677,0.0005808517035194549,0.06340907287140396,0.9593137253036137,6.735592842102051,6.637044759641258,2
0,6.4202166,0.47844064781763973,0.8467233014799853,0.005128251579752888,0.9850709337051088,6.293509483337402,6.040102461222133,2
0,6.4089355,0.3621233988913219,8.679087163727917e-05,0.002211499768050105,0.9300469572599257,6.325703144073486,6.13692880701067,3
0,6.4089355,0.4455487311928894,0.10731602976538422,0.009330803730787936,0.9886236165080556,5.821192741394043,6.223171763815077,3
0,6.4089355,0.3767201922054223,0.9997844721497923,0.9695791336098449,0.9049763741606657,6.117592811584473,7.720102719557235,4
0,6.406714,0.5312918992287443,0.5558275606594113,0.19383990882398808,0.8784333102296878,6.874671936035156,6.806668463145915,4
0,6.3979402,0.47361723828705343,0.060163308133237677,0.3574364155186271,0.8386560891853381,6.41578483581543,6.829831813532235,3
0,6.3979402,0.5911025255941871,0.03958657405221734,0.9629163750506344,0.4632923409092013,6.941939830780029,7.069411839511111,2
0,6.3968558,0.35865549507261757,0.3863415420542207,0.5282654417841506,0.7451750880822875,6.367838382720947,7.309492684395531,0
0,6.3872161,0.38855943732849174,0.041004901920637486,0.07517995284445757,0.65179122913859,6.427426815032959,6.319982110683159,0
0,6.3872161,0.46580510494906835,0.004531086304852539,0.034122817149894596,0.8487252626351173,6.458525657653809,6.452472407663902,1
0,6.3872161,0.4897558875619074,0.7260217583730209,0.018258249825916634,0.9862057264353371,6.192879676818848,5.72119750781379,2
0,6.3767509,0.5811437201279029,0.1654300795384636,0.9823310679699867,0.4586070152547701,6.554429054260254,7.212330587998399,2
0,6.368556,0.7066060015617275,0.07868462410655208,0.5734641282980351,0.43690039961638294,7.69088888168335,7.498798634118365,2
0,6.3655229,0.2804490502319599,0.027784790126539356,0.009808966089251752,0.977242999474076,5.998155117034912,5.382424602288722,1
0,6.3565474,0.48204925509289437,0.08108243241562525,0.043615127080226024,0.36421238763831726,6.099517822265625,6.415168366667913,3
0,6.3506651,0.32446632365067424,0.9962164327632262,0.058032529809416235,0.9827276345431422,6.189161777496338,6.151602224847121,2
0,6.3467875,0.41504437009402745,0.0037643149955654625,0.004109097048082001,0.8321646492331983,5.783486366271973,5.823688188903353,4
0,6.3467875,0.3974018306903197,0.0009971338419165936,0.004185729556486475,0.7795499482022374,6.367051124572754,6.010834858487616,2
0,6.3467875,0.445223964372074,0.13698464155768145,0.6298723947149658,0.5369816954182551,6.311133861541748,6.215318713494984,4
0,6.3419886,0.30062340532621995,0.002338951538654092,0.040122569845790566,0.9989433756826611,6.227696418762207,6.068835960118136,2
0,6.3372421,0.39640260025029733,0.01979555238192621,0.39325881939825585,0.8475068109177998,6.456597805023193,6.626520523460032,0
0,6.3372421,0.6133684548079432,0.8445801692108812,0.07121809837603844,0.9873603992271739,7.165707111358643,6.507754277666665,2
0,6.3279023,0.3477498196141813,0.00280115335304962,0.0035710182939763264,0.995344319903082,6.651885032653809,6.2534735994833195,0
0,6.3279023,0.35720381932266754,0.8730369126447703,0.9454725765505279,0.9863163508489078,6.468749046325684,7.315030025213768,2
0,6.3279023,0.420640198671472,0.00013969513787620414,0.01317288599868628,0.7981909666059405,6.594066143035889,6.349136829270817,1
0,6.318759,0.6875582199673472,0.021833458281892634,0.10110368960854212,0.4593329193343067,7.4649457931518555,5.660387856578255,3
0,6.318759,0.5714474190437556,0.8643309151852788,0.8918672799717091,0.04070185606534232,6.388069152832031,6.533278841270551,2
0,6.309804,0.4905010619079698,0.97655599530532,0.7663356366702755,0.10879331357874164,6.330225944519043,6.826353570570982,1
0,6.309804,0.5781134295925086,0.8477120276839917,0.3998077222157171,0.41594634611733056,6.4045281410217285,6.615521474208721,2
0,6.309804,0.2876347457229047,0.006536616635699648,0.007694379366552512,0.9806364623334246,5.847351551055908,5.851046425771858,3
0,6.3010302,0.5407015546712769,0.26351848130080435,0.9738008401800664,0.8174594628121716,6.712892532348633,6.937245122055836,3
0,6.3010302,0.46439305226802957,0.0011124576271446592,0.23225665976827461,0.1265153107318551,6.548584938049316,6.5107586993298945,4
0,6.3010302,0.3041865171164171,0.05807659718427621,0.01614768268806903,0.9655364558689838,5.916829586029053,5.787366673813762,0
0,6.3010302,0.3141289840746514,0.0016114741887579731,0.0010016829534687547,0.9590237094096019,5.974552154541016,6.054487839118931,4
0,6.3001623,0.28771969157538985,0.0005334490096332293,0.07181725037605532,0.9974767642618081,6.196762561798096,6.298673537767421,0
0,6.2924299,0.3615152919488506,0.23664502719624883,0.08252391021700475,0.9703242388488653,6.557871341705322,6.267106055955867,4
0,6.2839966,0.4154271167537054,0.003895993985605959,0.06410985262652487,0.6620818237240631,6.964961528778076,6.641443839427264,3
0,6.2757239,0.3938318960820311,0.053021562884666466,0.05858466677715835,0.038605004734770326,6.174495697021484,6.4646348558230295,1
0,6.2676063,0.3646844324052168,0.23659734485109227,0.9612448410442115,0.9874964669781737,6.504745960235596,7.069123951314775,3
0,6.2596374,0.4350210371647644,0.6430073746537361,0.36612101683314274,0.028275288374747812,6.588131904602051,6.047213267507774,1
0,6.2596374,0.3629099424493185,0.004065572739693275,0.017084321451169806,0.6026158406309976,5.625789165496826,5.6824678983514465,3
0,6.2596374,0.31562293018147264,0.007574016236047719,0.09154748562435068,0.9817689427093306,5.997930526733398,6.761218483356433,2
0,6.251812,0.3798279769378157,0.9151103043659108,0.9431024491211751,0.9813189025951051,6.647992134094238,7.038440574520647,3
0,6.251812,0.49941137721008966,0.3680441262552738,0.1711896494715493,0.9533146859412132,6.613984107971191,6.138183739010319,3
0,6.251812,0.4814251314280381,0.16607799502949708,0.20153189824535345,0.11477312794133729,6.995979309082031,6.9261970743154775,4
0,6.251812,0.4193306113539113,1.2903507355030253e-05,0.2433728348727929,0.8599159641933171,6.69192361831665,6.180355221848438,1
0,6.2441254,0.3720576509578007,0.0033899260390375325,0.004310313902614205,0.9414159547088874,6.30703067779541,6.003974803368041,0
0,6.2365718,0.5363679170224865,0.15791039084127573,0.8339463139429952,0.09177908626953667,6.1963911056518555,7.281384585446068,2
0,6.2365718,0.46486801072156153,0.0012943333122017407,0.005040084002988426,0.9849833156344342,6.020297527313232,5.79869677661984,2
0,6.2365718,0.4830036899095631,0.8350779661182101,0.01385646803894682,0.9783795433547796,6.165107727050781,6.1817315238953,2
0,6.2291479,0.34630533979832706,0.0001218699013098902,0.008049613577986791,0.8666968217265322,5.652133464813232,5.812485988833265,3
0,6.2291479,0.46187176015676523,0.00223997783942135,0.003925948624560158,0.81632446919487,6.486868381500244,6.24172437954968,1
0,6.2291479,0.5151906066440355,0.000212928806391742,0.425421766965531,0.7954347866267695,7.56074857711792,6.4129020893811965,1
0,6.221849,0.6675730023299565,0.4151352012810131,0.931358246334299,0.7424471988143118,7.421865463256836,7.873512661163877,1
0,6.221849,0.5428289766456955,0.13843697217657353,0.19339264627319558,0.9265666174309501,7.289173126220703,5.78961122518801,2
0,6.2189631,0.4145260311763507,0.001160947826437012,0.08884766299007865,0.9977555911815652,7.243134021759033,6.458048814977519,2
0,6.2146702,0.41130437956432453,0.29339596809915724,0.07481060378773396,0.989502835029038,5.918087482452393,6.6209992437132765,3
0,6.2146702,0.4283848270967666,0.4336107116025899,0.09321286617081301,0.13145329540547737,6.817008018493652,6.201864305435501,1
0,6.2146702,0.36329897463227384,0.0011221949482044537,0.00801376615613213,0.9716139498411874,6.297311305999756,6.357972061535686,4
0,6.2006593,0.3683093364716108,0.35210636220980324,0.8750634380664434,0.7880053090325106,6.549155235290527,6.998962636338768,3
0,6.2006593,0.2947709229505475,0.01814272631495696,0.4592728118470929,0.9748428505390054,5.790276050567627,6.884396029422732,4
0,6.2006593,0.3496490653587982,0.0067611021595990325,0.005291870549782481,0.9717039717927942,6.277881145477295,5.940147838077471,4
0,6.2006593,0.24465848553327488,0.00040682732153786406,0.001596811009713982,0.9985111923397858,5.535536766052246,5.778994121543987,0
0,6.2006593,0.3933950326097745,0.7724120793376583,0.013491917962075656,0.7403906036589606,6.340685844421387,6.575055454929436,1
0,6.19382,0.4417558186400885,0.040777422952267425,0.003970828497884682,0.9483959571969365,5.960888862609863,5.79327547098703,2
0,6.1752234,0.5899787503194577,0.9815505946192398,0.9659710025546238,0.36542817904391056,7.37647008895874,7.477953349046375,3
0,6.1739254,0.41685644247470716,0.15653465437029276,0.08597195887042897,0.18542840733241694,6.2194671630859375,5.921186980064894,1
0,6.1611509,0.45854912510134954,0.13753090497729506,0.004517014583562467,0.9888485805960546,5.97675085067749,5.970882365060656,2
0,6.154902,0.5028077150400039,0.07480315681632631,0.278092793023724,0.9894455989560796,6.636962413787842,6.397854420121275,3
0,6.1530447,0.3169337971001012,0.9526271392438153,0.418736082073258,0.9892209016900202,6.3408098220825195,6.93613534951082,4
0,6.1487417,0.38655708356019514,0.07983292762635345,0.001240386639125334,0.9344971556395331,6.841311931610107,5.934360833141191,0
0,6.1426673,0.5091657655126811,0.5402275408613951,0.005701738046518418,0.922876739710096,6.529775619506836,5.6512935331102705,2
0,6.1426673,0.41439124155200313,0.007379920038369509,0.012907245972384747,0.7344388775696913,5.942155361175537,6.5415949589907445,1
0,6.1307683,0.4526916240888707,0.9211493920235643,0.9576708303225557,0.9629502893025471,7.30481481552124,7.11197054658179,3
0,6.1307683,0.3507908113974498,0.8528090073021438,0.18056649224620988,0.8959401751552873,6.637453556060791,6.521369250645315,3
0,6.124939,0.5644537974294401,0.08082853683454713,0.010633171601468403,0.9656127189674819,6.9423065185546875,6.043447720020295,2
0,6.124939,0.34543869974443253,0.0005407475602121224,0.002618707131560025,0.9667630393243075,6.026370048522949,5.393965268862668,3
0,6.1191864,0.4182242731080609,0.20017598234231285,0.0022095872906671087,0.982839499410901,5.930133819580078,6.006644514625222,4
0,6.1191864,0.41076448400236965,0.5836530370565256,0.029626416532395658,0.0599679344954952,6.534630298614502,5.274466687383656,1
0,6.1191864,0.347895750080461,0.04841216107190121,0.003810522815949071,0.9681391516293683,6.416108131408691,5.844818051170454,4
0,6.1191864,0.3014074964202511,0.2508043722935601,0.026847857460084182,0.9969724508200278,5.952223777770996,5.547064334976445,0
0,6.1079054,0.39668097568544197,0.011280954777833413,0.17551604787227892,0.9782225184292612,5.851499080657959,6.398851422078119,1
0,6.1029229,0.2948123970405882,0.03446194135960912,0.017294870851011043,0.9990627592575693,6.222548484802246,5.936706531745805,4
0,6.1023731,0.4157251769908988,0.4901649253830262,0.2687820589069732,0.9559422513474928,6.818763256072998,6.666040612122433,0
0,6.1023731,0.32222969480449526,0.24312637520167374,0.001806039444554966,0.9249670093062684,5.8873186111450195,6.076403051977222,2
0,6.09691,0.4828495470451177,0.16061840801195823,0.00900486568425208,0.10535277143891478,5.972652435302734,5.367168879205946,2
0,6.09691,0.4716172305183157,0.02517216389099598,0.004362659817916967,0.9629736628503617,6.390669345855713,6.3869369750641996,3
0,6.09691,0.325020282743227,0.22147053556710164,0.2271106873063565,0.9544878487166667,6.444179058074951,6.488893033771242,3
0,6.09691,0.36507665740437156,0.001649065813283009,0.08349264068511883,0.9857595255804766,6.573360443115234,6.2964443627701,4
0,6.0915151,0.38855943732849174,0.0011970980621646252,0.007344728860347891,0.8332102775517815,6.427426815032959,6.268405501640071,0
0,6.0915151,0.48744768259561866,0.7306388328985011,0.014411693847491639,0.9761304236888788,6.128113269805908,6.473516716851554,2
0,6.0899096,0.28958795625359546,0.11217720831441001,0.07367026607817205,0.9044907792899479,6.125123977661133,6.086725494304082,2
0,6.0861859,0.46643349213647683,0.01443649910625171,0.002755067299642282,0.9641321249967052,6.507434368133545,6.480343047612913,1
0,6.0861859,0.3968640649629056,0.001780194866600868,0.004210046647876434,0.8276611928146759,6.5720906257629395,6.189298618766309,2
0,6.0851283,0.5347928252275805,0.10633634048328665,0.1756779930549695,0.2833948433477046,6.757136344909668,6.182017224829582,3
0,6.0757208,0.5613090656696286,0.9996329843675272,0.8624347083426837,0.31263828263249194,6.969279766082764,6.61613865679023,4
0,6.070581,0.39753996729892094,0.002976885153327787,0.005404235425147517,0.6773317793854906,6.444649696350098,6.171178804642273,4
0,6.0655017,0.5950151087546793,0.011912104117595228,0.2794823895521125,0.8593648945728151,7.475824356079102,6.702979415130107,0
0,6.0655017,0.3613924420069931,0.012430023635868129,0.04891390212630518,0.9913083198976157,6.304925441741943,5.9224330395145,1
0,6.0655017,0.7342990109374137,0.2759625521534464,0.4395182856631007,0.2068028833142741,7.803083419799805,6.749275251743498,2
0,6.0604806,0.33372005444396285,0.013380726904959806,0.002319075628968233,0.988912997008173,6.093481540679932,6.287360483252319,0
0,6.0604806,0.41597603779563286,0.0005022386089340844,0.0017152410787852664,0.8946721481251402,5.676888465881348,5.9535581508844535,3
0,6.0604806,0.6965526730872422,0.8805771970915324,0.9553623669842376,0.3907435619616788,7.500008583068848,8.056927514103833,1
0,6.0604806,0.4286283609287586,0.6066774151519936,0.09852857865400082,0.1409242263882973,6.412868022918701,6.683836161377277,1
0,6.0457573,0.4154271167537054,0.9750555913721038,0.1480095041920563,0.741382684215897,6.964961528778076,6.466742698489017,3
0,6.0457573,0.2993501556174016,0.7813997080280456,0.7303800164722655,0.9960162406466497,5.792262554168701,6.63874939649842,0
0,6.0457573,0.3507908113974498,0.7413691856200681,0.13601531419751098,0.9703813524488623,6.637453556060791,6.485500664113233,3
0,6.0457573,0.325020282743227,0.029867499800160617,0.1282953077848668,0.9766666888150376,6.444179058074951,6.296453678889173,3
0,6.0409584,0.6124987627580358,0.04762292444595609,0.635828388309407,0.2371919829180974,7.420645236968994,6.847927146854987,4
0,6.0338583,0.5481685964110031,0.027162297797214404,0.3850827236225406,0.7764186382562148,6.824126243591309,5.573767918551792,0
0,6.031517,0.6186717796012471,0.9617347116000947,0.9360351179796127,0.13673745996156125,7.339991092681885,7.56469208446963,0
0,6.0268722,0.4355340290253963,0.015627648760975416,0.27062555360312057,0.9737711744248488,6.270499229431152,6.072951005323076,0
0,6.0222764,0.32406804375479265,0.003575264844553167,0.0007636297588201384,0.9790148458261123,5.853822708129883,5.256192550364831,2
0,6.0190883,0.40564942215797384,0.9661103978620831,0.23918888485934417,0.9429709714139639,5.993273735046387,5.6618299655748014,3
0,6.0087738,0.46687479557141487,0.0004373935086050939,0.7756607082502678,0.5287310533511723,6.3707275390625,6.975861395818531,1
0,6.0087738,0.46041318849416357,0.07940932485698693,0.035498265794062345,0.9526971334542552,5.818325042724609,6.1860538837009384,2
0,6.004365,0.24473642359222786,0.01532147879150117,0.017668846874449664,0.9988103214105156,5.595370769500732,4.981835370199794,2
0,6.004365,0.40673123575002784,0.002828404942106169,0.012934533884477796,0.004335438400494154,5.838788986206055,5.574216759941979,1
0,6.0013046,0.5274058895587622,0.031345943527248524,0.04545686254580635,0.7341383086793392,6.6219706535339355,5.122143833590692,0
0,6.0,0.50242208970759,0.0072614586276371585,0.020363413196098152,0.89019177174604,6.498401641845703,6.136253161729912,3
0,6.0,0.5970410773178348,0.13326213622112076,0.8534127835942631,0.44766852811460445,6.960915565490723,7.194792286191372,1
0,6.0,0.24534987555888027,0.0013371144051334749,0.0038241590497814105,0.9962279487601684,5.483903884887695,4.641759300315691,4
0,5.9956784,0.4086852533765392,0.22843750686014105,0.0944912580395784,0.9313382696733286,6.110111713409424,5.9010052474517725,4
0,5.9913998,0.310743880805985,0.13691744894371166,0.30666353849746375,0.9792538958357717,5.939316749572754,6.50771660623623,0
0,5.9829664,0.2889468256052878,9.764188651867386e-06,0.0011348620627398076,0.9989151463272746,5.9307098388671875,5.953893556412989,1
0,5.9665761,0.24392689156790107,0.4722955562276402,0.02037101211281781,0.9936951276518801,5.842864036560059,5.013505601049482,2
0,5.9665761,0.33688117811206675,0.006480067364847105,0.022827986041491652,0.9993943246430839,6.31884241104126,6.206396951709024,4
0,5.9625735,0.4376612533051855,0.013108166018320634,0.0159706721175285,0.9790567000031575,6.7315521240234375,6.237992539548248,2
0,5.9586072,0.33344485830723863,0.29255752590340467,0.0010589723407913585,0.9063156298206912,5.758683204650879,5.084039032025896,0
0,5.9586072,0.4459992553816429,0.9986628148717714,0.04160196304342841,0.9382334798769275,6.095268249511719,6.979038349527505,3
0,5.9586072,0.5947911838933778,0.3056856830105511,0.8359297033112549,0.42581348061129604,6.781670570373535,7.300208298109253,1
0,5.9586072,0.32035011938279856,0.16285889745510104,0.0028158387212653,0.054004215017662456,5.682001113891602,4.763574644427345,1
0,5.9586072,0.41621952508396387,0.030268568250096443,0.04588280177530816,0.09877388784957988,5.940060138702393,5.691321602169541,1
0,5.9586072,0.537757358134511,0.0008170305630465636,0.21011991849219874,0.8863778702171013,6.685344696044922,6.961464252157204,4
0,5.9586072,0.43086133714814323,0.007490329412903326,0.10529285797474515,0.8293973868668982,6.909150123596191,6.1468108747213535,0
0,5.939302,0.34054496950672064,0.0004454419473127502,0.0038663264368190018,0.700330906495353,5.639887809753418,5.819046265986059,3
0,5.9318142,0.3489710159314402,0.8515206093857882,0.05586648933521573,0.9371842775918185,6.76995849609375,6.367199211462992,3
0,5.9281182,0.30046195869849934,0.014594899019810313,0.0013902655381551787,0.9381344112270806,6.166756629943848,5.441147526572885,3
0,5.9208188,0.38865248293795657,0.005220327570381541,0.0041770224105461985,0.7469914371611551,5.907325744628906,5.5514006101042295,1
0,5.9208188,0.39165617949633585,0.16601791380304776,0.003927986556892949,0.007683148967345986,5.844858646392822,5.178265892726982,1
0,5.9208188,0.6007617294751089,0.09080088875841234,0.5314944584187229,0.7461579929214769,7.186367034912109,6.015101767514851,2
0,5.9208188,0.5106732741688409,0.005202334499218978,0.03395861509656713,0.8718476022598199,6.961578845977783,5.734953420697128,2
0,5.9172144,0.3451869429792657,0.012459762232515489,0.7864167119175206,0.8640841839740302,6.26025390625,6.9438569622496535,3
0,5.9065785,0.30062485399867356,0.0029825572484461836,0.0038139356423469773,0.9980738236747406,5.922452926635742,5.678926158774932,4
0,5.9065785,0.2699930599965912,0.13597054750352747,0.03578719942712752,0.9982274536038096,5.433635711669922,6.091693117441031,0
0,5.8996296,0.765727755684721,0.04053947219197014,0.8692823058336829,0.16530140022206544,7.845644950866699,7.479408035011906,3
0,5.8996296,0.39707697173162976,0.25785030752000165,0.01038262269554613,0.6808094129711552,6.390599250793457,6.413638479656571,4
0,5.8860569,0.27080992755672606,0.005685238924115879,0.0012160544624153654,0.972945564750832,5.607456684112549,5.190521713853946,3
0,5.8860569,0.2883707315382027,0.03181778558242091,0.04528803365823064,0.9994755847797792,5.651275634765625,5.080988446645294,2
0,5.8860564,0.5050325763576022,0.35900523452312805,0.014468639464242308,0.9113434830454029,6.73726224899292,6.406316253863003,3
0,5.8860564,0.5677382337382988,0.9798418123621763,0.03145034054706017,0.11325941412398732,6.615827560424805,5.56024842760915,4
0,5.8860564,0.49260472887294565,0.014848871131281256,0.003528082924624596,0.9584959776746032,6.663626194000244,6.103776486317999,0
0,5.8860564,0.47532903675886046,0.22483106875497294,0.0026339017568297604,0.9030619247686655,6.562915802001953,5.940535793979413,1
0,5.8860564,0.36965066382078077,0.8632575163600574,0.028408590791566414,0.9828711310743183,5.632109642028809,6.400756879559399,4
0,5.8860564,0.4426359122413264,0.7528914805601777,0.055616611209208494,0.9858105207615617,6.279366970062256,6.211511395420324,3
0,5.8860564,0.4961437653631463,0.013451691869060287,0.0015017796002397236,0.9140687005199909,6.774685382843018,4.953244252090055,2
0,5.8703103,0.26259173439036215,0.0011875652075732247,0.029827213970604807,0.9983540438287812,5.79437780380249,4.744167216883349,2
0,5.8664613,0.37304308881069564,0.07164772033235042,0.7644196895759243,0.9845139535200697,6.437216281890869,6.759315624686119,3
0,5.8664613,0.4077712633745732,0.05895992339500825,0.03465725918021941,0.8182003503549727,7.007205963134766,6.749230941604225,3
0,5.8632793,0.5360493927816741,0.0019422279470170467,0.03739994751402207,0.3994901145459983,6.492778778076172,4.535404793847102,0
0,5.8601208,0.3610828401943958,0.004843671768646327,0.058284113940625056,0.9738853590752249,6.616635799407959,6.4203955077155115,2
0,5.8601208,0.3512345512590674,0.0055576278156431735,0.7955928743223208,0.9488528085032469,6.446533203125,7.274197010417533,0
0,5.8569851,0.2944381992208737,0.004699415536907131,0.005760949918943958,0.9984930841310936,5.616940021514893,6.206167737726265,2
0,5.8569851,0.4077712633745732,0.5462926856191176,0.1408834551086608,0.7929577937633175,7.007205963134766,6.65012356123486,3
0,5.8538718,0.48721143813929174,0.0014568029652914146,0.02676092824662343,0.8255183278740604,6.340254783630371,6.063736475801915,4
0,5.8538718,0.4641648877458577,0.005761637743873575,0.006443646482627585,0.01560835571837218,6.668300151824951,5.440887412994405,1
0,5.8538718,0.2669233099131525,0.03897404153946557,0.011654776163462416,0.9857000190548134,5.735361576080322,5.871330989296164,0
0,5.8477116,0.28995432374131824,0.031247480635582803,0.01841344726356503,0.9980687928576958,5.977563858032227,5.8210069356014875,0
0,5.8446641,0.44254505359169305,0.7541808510476403,0.008967335211012865,0.9645307945598611,6.546019554138184,6.327705040757069,2
0,5.8386321,0.4024865944870225,0.020790883708426994,0.010025165205787969,0.04761435873972892,6.161837577819824,5.8191204671055345,1
0,5.8259401,0.3293655211751871,0.7481932542615315,0.8397824055355326,0.9964095366795921,6.517925262451172,7.2155642700664995,3
0,5.8239088,0.7724338263032905,0.013707432284953181,0.04023748286400547,0.15365001490486974,7.729690074920654,5.5417581564094265,1
0,5.8239088,0.7873178552912862,0.010433797743171788,0.01700863589240835,0.32635801786785856,7.933612823486328,4.670017558584357,1
0,5.8239088,0.733684058720882,0.0005188374516503631,0.3264017158202735,0.3710303436973325,7.848408222198486,6.674977730603858,1
0,5.8239088,0.5364805047401874,0.29223232070048105,0.07578179321912261,0.2933649754876095,6.420514106750488,5.953111478206953,1
0,5.8239088,0.573784644892063,0.0006774124207446536,0.061402768300258447,0.7359892442286218,7.484377384185791,5.426095749386873,2
0,5.8239088,0.33038562911587366,0.13829882296928342,0.6859486566986827,0.9145319458261436,6.143716812133789,7.092607336552737,3
0,5.8068752,0.3489710159314402,0.8916210700024269,0.058246060809156584,0.9479084991511832,6.76995849609375,6.337002231562475,3
0,5.801343,0.45079915327922787,0.31611186365151067,0.14458944591319203,0.8588904855364619,6.2497239112854,6.64607311303108,2
0,5.7958798,0.4604506087328585,5.5080212349853875e-05,0.4844469980201122,0.965102920445298,6.093512535095215,6.709776146124445,3
0,5.7958798,0.5003468366955858,0.0015129381178973372,0.3613345978383149,0.40703339487727597,6.507928848266602,6.375784388658651,4
0,5.7958798,0.5047977844187037,0.017501017728365664,0.0015983547167268263,0.9442298631642567,7.118410587310791,5.569670716408818,2
0,5.7904849,0.39940923663962824,0.009416496386914979,0.005260465186877569,0.9761425132920146,5.941501617431641,6.196916392068163,0
0,5.7904849,0.33630559722346215,0.09603910219957416,0.0020539865557514204,0.12687762856059515,5.966876983642578,5.093381983185259,1
0,5.782516,0.35164611270413204,0.0012599543855438989,0.011127805470109164,0.6795152887770846,5.632501125335693,5.865027874958438,3
0,5.7772837,0.3118762481058248,0.031826037462230006,0.017350709028385862,0.9659883288118473,6.284097671508789,6.096221387120798,3
0,5.7695513,0.41355625227299414,0.001141288999858303,0.020270639349901174,0.9826549847684211,6.0177903175354,6.1142060850340885,0
0,5.7695513,0.454826182237382,0.00797002690283441,0.45126529492426815,0.8786076274619365,6.0612382888793945,6.996259912675683,3
0,5.7695513,0.4482503753238507,0.008392564665180614,0.004323884594917525,0.9801676534026258,7.224801063537598,5.187310568516795,1
0,5.7695513,0.537994007013669,0.0002689076819292535,0.005249122868125236,0.95278232005922,7.122043609619141,4.968873470888691,2
0,5.7695513,0.5508284691489663,0.004609874320793542,0.0980925226453262,0.536553037250087,7.369034290313721,5.4363036206343,2
0,5.7695513,0.3282871734514335,0.02071474105219594,0.20431929192703746,0.998462090485041,6.442069053649902,6.640108811448629,2
0,5.7644715,0.4384382251661783,0.10048954663962947,0.5823450031662564,0.898414741931586,6.262332439422607,6.209093485767329,4
0,5.7594509,0.4026135917792314,0.0013079550538676423,0.0031479066537931357,0.9806895380497221,6.001021862030029,6.274061000335213,1
0,5.7495799,0.3457433945784442,0.0013180626646795664,0.007685618087400293,0.8622038325488444,5.659405708312988,5.861247640466158,3
0,5.7495799,0.3118762481058248,0.004681596721409917,0.01534337858649839,0.9264329654920153,6.284097671508789,5.634842746569739,3
0,5.7447276,0.7212884989501013,5.579032797554098e-07,0.02357537656474901,0.11087083031167012,7.646475791931152,5.842233163469519,3
0,5.7447276,0.3501326399871766,0.1256966239157576,0.0026857717705399387,0.0037919847712191146,5.778904914855957,4.713964715436378,1
0,5.7375488,0.547798154230947,0.027621245982967023,0.05598572446835117,0.3156490704790063,7.032391548156738,6.379352411370697,4
0,5.7351823,0.42185750811329287,0.006750530674808656,0.0037054549208138045,0.9582817680844783,6.171563148498535,5.582383312635754,0
0,5.7328281,0.38783999919557255,0.0014030873946247852,0.006678767381577234,0.9509820095368865,6.633777141571045,6.28493324384524,0
0,5.7304869,0.7447863661138717,0.006799767451094466,0.015889473517371064,0.4841696373209834,7.434093952178955,5.77132953258268,1
0,5.7212462,0.5122421101232122,0.15260583000864655,0.014824277261893526,0.9678906885737917,6.31203556060791,6.027481109842332,2
0,5.7212462,0.6914256264840781,0.00029862265649378784,0.06041800107649462,0.09590879845164164,7.847105026245117,5.638102976974859,3
0,5.7194219,0.28073894589796916,0.003724365338616894,0.007329293941587687,0.9971111847387287,6.054035186767578,5.584213846359682,4
0,5.7099652,0.3482120322066409,0.07154520549165327,0.001535606540419988,0.9070796620480684,6.37002420425415,6.042380440317318,4
0,5.7077441,0.343131894856632,0.9800011968860723,0.9801272445545052,0.9835401969254419,6.1126861572265625,7.452986779571133,3
0,5.7002749,0.29521957745202343,0.6112939628853278,0.014721346379832693,0.9993924793777863,6.228792667388916,6.207591156548804,3
0,5.6989698,0.6766958156945839,0.7543078053204186,0.6029414434586834,0.3165050743119244,6.826994895935059,7.225334821456863,4
0,5.6989698,0.2657606607315629,0.0746776880404893,0.0020828575521076903,0.9986665504172317,5.700892448425293,5.4401427626412655,4
0,5.6989698,0.24465848553327488,0.014791113217343731,0.0013094259236070703,0.9978714016989855,5.535536766052246,5.755607024180833,0
0,5.6946487,0.33022156224953236,0.0694298715817722,0.010569601530013921,0.8880227100073527,6.542918682098389,5.597101571880865,3
0,5.6946487,0.29501554364238525,0.0675989558056665,0.008028433086434101,0.9861204967265338,5.892183780670166,5.420771147975056,1
0,5.6925039,0.688091435346385,0.10284736582615868,0.004737831282311445,0.4451234335917104,7.425368309020996,5.53248007156831,3
0,5.6861329,0.5111477631354049,0.5035065055923723,0.2867468546489389,0.3236197190672656,6.950290679931641,6.37210644165894,2
0,5.6861329,0.3294976784648691,0.01542057431905812,0.0013111417470474682,0.9651357462142302,6.1628923416137695,5.881712924665581,4
0,5.6777806,0.45060407405671843,0.00025686546933762665,0.027525677875142072,0.595294050966314,6.0749030113220215,5.412353589730794,3
0,5.6777806,0.500093053812113,0.1971062448589015,0.015051079163919576,0.9728238414690182,6.394749641418457,6.517638293516405,2
0,5.6777806,0.3301414568959432,0.4835053346712025,0.14049346302449242,0.8899753643523379,6.0099382400512695,5.989954802582633,3
0,5.6757174,0.33530119626257465,0.0051208591910846726,0.01440683534668041,0.9114857997795617,6.548740863800049,6.142419146745747,0
0,5.6575775,0.5120805556787155,0.0077605335670118784,0.0110364386613635,0.8317938113322946,7.471438884735107,5.721258116874878,4
0,5.6478176,0.24087870795030433,0.17006900580700574,0.23068677523865894,0.9993957349426672,5.507620811462402,5.891350275955362,0
0,5.6478176,0.334711972886204,0.005498208798080873,0.0048342501735777355,0.8431854967373772,5.536452293395996,5.544618983450046,3
0,5.6382723,0.3993789777983316,0.2536348756816433,0.02581313872107413,0.08460430224086778,5.934813976287842,5.306670990583468,1
0,5.6382723,0.5505827995594378,0.000743661657916659,0.029104314888995106,0.9346490827013743,7.258302211761475,5.144919708357499,2
0,5.6363878,0.6743278878858653,0.8416517609174446,0.3987724525312028,0.1256379104816634,6.637770652770996,7.22991753773496,1
0,5.6265364,0.28190037611634383,0.20297778420068543,0.04105127000018873,0.9949516512592091,6.086163520812988,5.951141242204927,0
0,5.6197886,0.4166035770114733,0.004138036332619877,0.003919950943578745,0.8386396283262699,5.9753947257995605,6.3084449698698375,1
0,5.6197886,0.5251687910815279,0.06812822657934016,0.0028735439940048542,0.9894402274292455,6.3810343742370605,6.048217904087245,2
0,5.6143937,0.45039044890631375,0.08166160177537246,0.0038351316668603637,0.7962234042742596,6.199934005737305,5.007031577678341,3
0,5.6143937,0.36141087054272986,0.0035464474271683618,0.010958696310229363,0.8910085269341435,6.4017229080200195,6.171997583222783,4
0,5.6108341,0.3188684071835506,0.005121657220507153,0.001583686582484908,0.48232922575884096,5.657373905181885,5.6245121006325585,3
0,5.6020598,0.24087870795030433,0.09560782410451076,0.4579650568480334,0.9997069978088072,5.507620811462402,5.820903439843869,0
0,5.5850267,0.5066134639828851,0.005855047813673059,0.009791313836270634,0.946953320668728,7.2469258308410645,6.10586011625929,2
0,5.5850267,0.28227704816804644,0.0006895290534476947,0.06428072626011458,0.995439207653811,5.6342010498046875,5.250392686025336,0
0,5.5783958,0.6111660100869852,0.00033225720990473127,0.019447537043853904,0.0619962773755793,6.499630928039551,5.784813751090027,4
0,5.5718651,0.2096745809795154,0.0028600371179057556,0.012305121747578123,0.9987138427861976,5.267365455627441,5.5151909538491815,1
0,5.5686364,0.4948485246680085,0.11602441190865143,0.009228324504579591,0.10120522960428312,6.21716833114624,5.714501782002423,2
0,5.5670309,0.3729639130214962,0.0028330281798514875,0.0035600832832583095,0.9358810609765615,6.261641502380371,5.498666193761161,1
0,5.5606675,0.43675277804917634,0.00023426956129696168,0.018167355477765178,0.05635061875488846,6.281113624572754,6.177726781577883,2
0,5.5590911,0.3833336521442177,0.11150039407783115,0.022103021233790647,0.8538773551685779,7.05708122253418,6.571946119517545,3
0,5.5528421,0.4519962920484013,0.01178610865315254,0.1427229362420962,0.08217137380352803,6.732260704040527,5.564486756624817,1
0,5.5466819,0.2963192385043384,0.009037053752043094,0.0012562253724350061,0.9230232111798293,5.870511054992676,5.183671663206397,0
0,5.545155,0.29800166539438,0.40922606045458,0.13495897794722855,0.9891570400228349,5.905799865722656,6.10610237067439,2
0,5.5430269,0.35101192064809345,0.0954083869483924,0.4506568973176981,0.990637066913764,6.582566738128662,7.158769990010909,2
0,5.5376019,0.3221393320368989,0.05849680608861195,0.06769061471448193,0.9622010975491265,6.117971420288086,5.689895467425922,4
0,5.5376019,0.3046476026454809,0.016399246593699127,0.0021747303123596778,0.9997060239175369,6.015413284301758,5.328817514811426,3
0,5.5228786,0.4508804135933445,0.06393638070961656,0.004120095257151703,0.6077794618071306,5.911548137664795,5.422411426518746,4
0,5.5228786,0.3457226470526633,0.0006525714067550946,0.021120587017355315,0.8343386069032815,5.52631950378418,5.8259898295151835,3
0,5.5228786,0.35690122481224945,0.0002589133702347807,0.02526658023882955,0.7894145736582779,5.517065525054932,5.70315977239831,3
0,5.5228786,0.38662714568599754,0.9863984161419952,0.9639609331098125,0.928804068911643,6.555415630340576,7.636388502273264,4
0,5.5228786,0.3010836008156091,0.00853956545632585,0.005891756624969685,0.9857639430422164,5.993785381317139,5.924444185468267,0
0,5.5157003,0.40391614324556,0.002995045721644267,0.005621965832739912,0.9738474776779222,5.925347328186035,5.414735246298104,1
0,5.5086384,0.2411880276213288,0.051944095223807,0.039852613247805355,0.9975872982229258,5.348958492279053,5.703593813190954,0
0,5.5086384,0.5673927254418616,0.14577686708185175,0.5479354025023926,0.10646653493044546,6.3143792152404785,6.555808023598478,1
0,5.5086384,0.7727873616780259,0.8612070926682571,0.410675021648689,0.032341483598030525,8.466683387756348,6.077434475108307,1
0,5.5086384,0.5791287001600556,0.005491839193211852,0.031551129474746295,0.7519023835611889,7.488927364349365,5.770941489134674,2
0,5.4948502,0.2512671992149032,0.19677612568856567,0.0048428525954753564,0.9959263022621063,5.443873882293701,5.13140429322222,3
0,5.4948502,0.329122662992064,0.7248218466392682,0.0025004354979682765,0.9275473041413083,5.962933540344238,5.585941669948249,4
0,5.493495,0.3612763995772678,0.009040506021810198,0.6063132983833658,0.9397127015397957,6.880039691925049,6.910127235878755,3
0,5.4814858,0.318690297677717,0.004051715561998957,0.025638190030047414,0.9943902988721487,6.207026958465576,5.3053756600474,2
0,5.4814858,0.3285243168891144,0.006985321117931329,0.0792603830976123,0.9992348618280047,6.124561786651611,6.179605293584074,2
0,5.4723701,0.3422311057551067,0.0021847746380837625,0.0032539103745521415,0.833867501986291,5.944514751434326,5.185630234126117,0
0,5.4699998,0.3825225989055725,0.5352432770399945,0.03250120593567429,0.9645382744478765,7.130026817321777,6.603380620804874,1
0,5.4685211,0.21307533908968435,0.02746833319963781,0.18334366270455144,0.9993423940540515,5.116330146789551,5.289274164167717,0
0,5.4685211,0.4097439649794033,0.0011278889213029812,0.005766587605954372,0.7195426513288938,6.076460838317871,5.681738246696455,1
0,5.4596705,0.2411880276213288,0.1380837621081087,0.08308570653389669,0.9989512049948063,5.348958492279053,5.600857836475549,0
0,5.4596705,0.6186717796012471,0.7922947726863595,0.8336468290785535,0.1152387560319879,7.339991092681885,7.251114746651166,0
0,5.4559321,0.24817726658428593,0.0016437372388243994,0.003956949994297304,0.992870339744046,5.4873199462890625,5.180110584287052,2
0,5.4436975,0.8456878011762905,0.7667740459127586,0.1429151774278902,0.13176479285129541,8.453020095825195,7.315954747060499,4
0,5.4400935,0.6087419455328591,0.003103795230867149,0.5368503259086544,0.10675639172619132,7.15498161315918,6.310644934130349,3
0,5.4317985,0.7419100266586167,0.3958770547280212,0.49977439919922323,0.029436725629619964,8.287353515625,6.104001387935538,1
0,5.421361,0.7163362642986902,0.47665568698965843,0.04745400856613368,0.11823302988904971,7.249282360076904,5.78074848918747,1
0,5.419075,0.624242601006943,0.009508203645053748,0.06731053769766332,0.15676890768919058,6.550752639770508,6.135509289278538,4
0,5.419075,0.31979445083167796,0.7559590019405483,0.9041195471667959,0.985448364559353,6.187524795532227,7.162110137099289,0
0,5.4089355,0.3009194227094983,0.001292542503510351,0.0013699536508433635,0.9433227222117497,6.1610822677612305,5.490846463018631,0
0,5.3979402,0.49283901833291704,0.008667791772645837,0.2897301072464423,0.0592840730951005,5.323142051696777,5.608305942929936,0
0,5.3979402,0.4404172578167876,0.001382496487672534,0.0011323245669913006,0.9716339404811473,6.110743522644043,5.8064435141047746,4
0,5.3979402,0.4548091799609467,0.0022193358324004682,0.007478854100786821,0.7707238290961649,7.122984886169434,5.025489239911841,0
0,5.3979402,0.29241051872380996,0.03903001693308751,0.008589138852814407,0.9971959904102481,6.241127014160156,5.563835848181777,1
0,5.3979402,0.5791287001600556,0.0005910215033960313,0.017313105469473757,0.7220579255048585,7.488927364349365,5.635507354587154,2
0,5.3979402,0.29705942454547263,0.08658826565392748,0.0032853817204946717,0.99950382317252,5.92106294631958,4.586990045977273,2
0,5.3979402,0.30935470742679144,0.9599313223510948,0.021623888346493914,0.9910052276126154,6.279365062713623,6.99422367434186,3
0,5.3979402,0.31629870564820944,0.0018976109507529279,0.004333406520544036,0.9994435989055687,5.934026718139648,5.070086013948903,4
0,5.3968558,0.4269532953836375,0.011537349045524031,0.029302253682706843,0.956696933439009,6.177532196044922,6.304047105576724,1
0,5.3767509,0.5237663762040915,0.3252504099800571,0.5249242692857921,0.06366419042688568,6.1893744468688965,7.001645008613388,2
0,5.3767509,0.4751255134832933,0.014927516548034954,0.06735676266483756,0.026732906462406662,7.142255783081055,5.93865613316919,1
0,5.3767509,0.29021972118345546,0.030876136600306994,0.12969577255734824,0.9955810447880981,5.2575578689575195,4.6477160228728165,3
0,5.3726339,0.6255592316470902,0.00042573776519655676,0.049095822199969365,0.158501805032112,6.877216339111328,5.465361723038592,4
0,5.3665314,0.45803296990692394,0.0018028792102025982,0.023279108452243413,0.007582446006903609,6.701817989349365,5.937645878133967,0
0,5.3649187,0.38847507089697225,0.02954116236296416,0.002754973165557191,0.981090323301789,6.185616493225098,6.026466785980282,1
0,5.3509574,0.45079915327922787,0.07835902239343083,0.021800957332540068,0.922277335324259,6.2497239112854,6.171623950789862,2
0,5.3400836,0.6113191107237647,0.9877809182530599,0.8772360389758553,0.08082489230031206,7.215357780456543,7.320958582603293,0
0,5.3306832,0.5865114906829144,0.7973409562443355,0.21640768123656362,0.05392214269077582,6.437540054321289,5.314168839683842,1
0,5.3279023,0.5258585346454394,0.21616580273310132,0.18218819808345016,0.94844067280769,6.290460109710693,6.151382129092775,2
0,5.3115802,0.33022156224953236,0.04549342548595574,0.013980437888299219,0.9613122498938512,6.542918682098389,5.9690769967670185,3
0,5.309804,0.39502503597763255,0.004038913250843099,0.003392718344098687,0.8481717362177312,5.801398754119873,5.488903352511661,4
0,5.309804,0.5386111957866293,0.4896036622391744,0.5466457084345689,0.04824727295236566,7.208418369293213,7.393634136781313,0
0,5.3010302,0.3764469697869248,0.001403917560032344,0.003616294148667426,0.8260179621457034,5.6522088050842285,5.463556559571054,3
0,5.2958493,0.3833336521442177,0.008256680617499504,0.013617974071352826,0.7026399518611953,7.05708122253418,5.983520616337584,3
0,5.2839966,0.26060836411933164,0.0004417244521279252,0.002219762402207418,0.9146885514416375,4.97419548034668,4.735355752618603,3
0,5.2839966,0.3501496758483028,0.9986158437138702,0.9944431200647972,0.9958596575575978,6.250072956085205,7.740134528260302,4
0,5.2773662,0.3728765742406959,0.5838974569790283,0.11615146261262159,0.8619260928116284,5.640418529510498,5.149086087761251,3
0,5.2757239,0.35337929237847393,0.005874790198655087,0.04831972212951771,0.9937194451064207,6.015842437744141,5.651708229128886,3
0,5.2757239,0.5069946440978618,0.017300365328579134,0.009619251833387805,0.42113261115621003,6.299200057983398,5.5450775923651285,0
0,5.2757239,0.5531381590579586,0.519376265515,0.1886053701109592,0.08600267904842962,7.167264461517334,6.057443288395292,3
0,5.2668028,0.2769667674972195,0.00031893143150611545,0.0013731510514965368,0.8531432591965878,5.63969612121582,5.016037260277537,0
0,5.2596374,0.6167821625122439,0.2816846717412098,0.04126897094374889,0.13393792580710936,6.5475358963012695,5.46011050066786,4
0,5.2441254,0.3675985046282584,0.0002570783690852276,0.043298746489139846,0.7262567487357078,5.467776298522949,5.977556859126532,1
0,5.2426038,0.5317820073401225,0.9430935216230147,0.3950480039931313,0.6144861784595261,6.70819091796875,5.762062434214761,0
0,5.2335873,0.28073894589796916,0.00024385251841449137,0.016622099341762158,0.9994989231370199,6.054035186767578,5.7881539917793186,4
0,5.2146702,0.3917506152959634,0.00013523517345767576,0.0037517363145660038,0.9791745367584168,6.7182841300964355,5.247660706757013,0
0,5.2146702,0.28880044563392243,4.9827897226539744e-05,0.006257603270450052,0.9998055433215891,5.992400646209717,5.061937599438343,1
0,5.2076082,0.4300348636500644,0.6766564615857005,0.014973624235383036,0.9533060200438654,6.08552360534668,5.724483746172016,2
0,5.2076082,0.5126205682942924,0.023176452999231534,0.2983767982228113,0.010385912765755857,6.588135719299316,6.832800195051682,2
0,5.2027326,0.2960279701313981,0.024708360547971226,0.005345439562395158,0.9960515179785596,6.205209255218506,6.308874006758595,3
0,5.2006593,0.5161905000926175,0.18404395756861905,0.015395349358036013,0.1445628126353092,6.027392387390137,5.809336344102851,4
0,5.2006593,0.2540221028449272,0.9213602619179744,0.003098722262138385,0.9996753291248732,5.739920139312744,5.605493729255211,1
0,5.19382,0.5102010278872986,0.0010808593476301566,0.006147856091806021,0.9030419834277855,7.078618049621582,5.585633663517104,2
0,5.1870866,0.7312041901491849,0.044163893464737265,0.00965741755568273,0.20735327513966592,7.752120018005371,6.1067272376614605,4
0,5.1870866,0.5464749669663579,0.8344306262575445,0.009666953857224804,0.19120121940942747,6.486559867858887,5.3904294992923925,0
0,5.1870866,0.2611049481489857,0.0012533574232227757,0.001436421045427475,0.9952481418517175,4.97989559173584,3.9782004264459983,3
0,5.1611509,0.5917095192265137,0.24229723392445862,0.6380957128950142,0.9549470067616662,7.212330341339111,6.716447951370619,2
0,5.1592669,0.4913284795315838,0.00041251458536121393,0.0024176275822884396,0.09860988659558817,5.829404830932617,5.606226656922987,4
0,5.1536627,0.3118762481058248,0.01805661661278843,0.09221874073947349,0.975536654262584,6.284097671508789,6.844620210552328,3
0,5.1500282,0.31207940123475547,0.23139687228646358,0.09673105958064562,0.8989805790289946,5.878072738647461,6.505378682756397,0
0,5.1487417,0.3873887868484036,0.018213607359332733,0.15653214704573024,0.8728085174090109,6.261236190795898,6.207273377127936,3
0,5.1428485,0.3282871734514335,0.016643721760246234,0.04241485977338011,0.991188104768603,6.442069053649902,6.287076022830349,2
0,5.1408615,0.44451028639415086,0.0014400476268736102,0.2453620868813826,0.8365187950591528,6.792099475860596,6.464995776759147,1
0,5.1272612,0.29461263400075377,0.0046917906957796305,0.004275122502286618,0.9388350830969974,5.712599277496338,5.284508994414839,3
0,5.124939,0.3285243168891144,0.007812901818266963,0.05541315622172192,0.9993556295576176,6.124561786651611,6.187793013851327,2
0,5.124939,0.3077583589831603,0.004499640543114099,0.04187583150632278,0.9997956407616437,6.00455379486084,5.149012724133058,2
0,5.1135092,0.46808280244202727,0.004907963372054271,0.15354432609438842,0.8906373613671839,6.123696804046631,6.579365666623456,3
0,5.1045775,0.3230389892780233,0.10187358866271802,0.025477171767893828,0.9876898016502126,5.98354434967041,5.769982971375489,2
0,5.1023731,0.6014284944307484,0.9082972027687244,0.05577709425741307,0.0816758517533701,6.53281307220459,5.264477053305361,4
0,5.1023731,0.23325723964307757,0.010425074447156945,0.0010154728769679942,0.9978601635894992,5.380137920379639,5.481907378442076,0
0,5.1023731,0.3078134504429334,0.01286201427981403,0.007051460890625146,0.982229974042341,5.671140670776367,5.708302845471718,1
0,5.0931263,0.5255733581689539,1.8846823205096936e-05,0.022951861520349975,0.20569645194848446,6.297338485717773,5.293258281884662,2
0,5.0915151,0.6435975688746742,8.820127600210083e-06,0.010096098846311392,0.052371689460739196,6.976984977722168,5.063787519623755,1
0,5.0861859,0.37271197272327805,0.0020042930659633367,0.14855721912911019,0.9843860651750377,6.239443778991699,5.8190912618359665,3
0,5.0861859,0.31228293081964165,0.0017045751632280863,0.021583285375348947,0.9037638600699028,5.947721004486084,5.791762487191793,3
0,5.0757208,0.35121955264245386,0.0195852490370185,0.15125711322206323,0.9978725493964756,6.140345573425293,6.682077543430239,2
0,5.0624318,0.304781583507477,0.1064769092393779,0.01696269667441327,0.9974578569744267,6.394643306732178,6.176634214111865,3
0,5.057992,0.3404369836733661,0.015346411505141051,0.007071054548038047,0.9638486080459442,5.770407199859619,5.52435238740403,4
0,5.0467238,0.27378508089933995,0.015502594457317966,0.005288221726987902,0.9824109878730409,5.564085960388184,4.7821716262414515,4
0,5.0457573,0.6334346759266699,7.094180748430406e-07,0.0016422737281825475,0.1534098301623764,6.997940540313721,4.533367567621074,1
0,5.0409584,0.3294524929108171,0.00013975066069412022,0.0028186612875694622,0.9978520658996856,5.932283878326416,5.020169942810054,4
0,5.031517,0.30084950692302476,0.0007931825343555605,0.03736994787188069,0.9997222593090176,5.907353401184082,4.910178061297546,2
0,5.0287242,0.4073255107994542,0.052813958693329915,0.0010803914797348796,0.9767400091797507,5.962791442871094,5.4632407908434075,0
0,5.0222764,0.6231774384258865,1.3359762632857912e-06,0.01285286445594528,0.060007862564676426,6.961644649505615,4.889110093016936,1
0,5.0222764,0.48346068384522795,0.0005306131968232167,0.000529528343180248,0.9107507310934827,6.639286518096924,5.1977387310781005,2
0,5.0222764,0.4059831735550144,0.07040718601314702,0.0025803320619794618,0.9495768955607601,6.923562049865723,6.267284760098327,4
0,5.0,0.410830953773952,0.024069955297959914,0.02739031275809843,0.9404270831756565,6.113097190856934,5.682641500617426,1
0,5.0,0.5306060689037387,0.041686399566914535,0.10024185769307616,0.9230885601870528,6.410962104797363,6.753240842294892,2
0,5.0,0.6081980670492634,0.999050660935813,0.9565345983064434,0.38236741612054653,7.856902122497559,7.393835963024436,3
0,5.0,0.6567636469394125,0.10968047193500027,0.06242292194194086,0.45385252488901623,7.282939910888672,5.477263606249895,3
0,5.0,0.6660839674829844,0.01347970988751339,0.00854371005433015,0.4084221753830344,7.374075412750244,5.386029520987813,3
0,5.0,0.7641452452504947,0.0028707412905234118,0.01136959156389204,0.26900191169161314,8.058343887329102,5.59146620846819,0
0,5.0,0.7772868333991673,0.0033658213410296934,0.03171014515383452,0.358614347389214,8.07526969909668,5.542052727166156,0
0,5.0,0.7537995372652934,0.0008069364481403335,0.024086863781825188,0.23492433853528036,7.576968669891357,6.429398940102007,2
0,5.0,0.700434808547443,0.6451455453662461,0.12733484237579995,0.27666867395156264,7.545470714569092,5.771243555813788,3
0,5.0,0.4675253178840579,0.01164966572745847,0.15177591390687858,0.9615970736046099,6.481219291687012,6.207864421391492,4
0,5.0,0.4280748460877752,0.056091908811077465,0.0016376654329661525,0.994264724425804,5.822542190551758,4.966644084777092,2
0,5.0,0.6904993213150116,0.8189312595845608,0.1813534037951642,0.027594159586226942,8.102170944213867,6.0437157925090155,1
0,5.0,0.7019447730657108,0.13558607365585354,0.06444616778771424,0.18320740260829366,7.959603786468506,5.65013057310896,3
0,5.0,0.7020657042419829,4.064285450520379e-09,0.025190426250227813,0.1567937424863976,8.071649551391602,4.824926319139168,0
0,5.0,0.4491643702569517,0.18821999557311647,0.03217261480628423,0.040539211885440934,6.913756370544434,5.111466740021751,2
0,5.0,0.5733536274344319,0.6532154506348595,0.43106194565904987,0.10953666917444513,7.451143741607666,6.569324335226906,1
0,5.0,0.4201561576656274,3.377990510528775e-05,0.010768854973841314,0.40925792846243997,6.248204708099365,4.437052719921327,4
0,5.0,0.24916374072349975,0.9150602233315854,0.002358745356749477,0.9990692503367105,5.518568515777588,5.382939864765063,1
0,5.0,0.5319154666271688,0.9698453207767032,0.24389555503809726,0.05815985364461854,6.606960773468018,6.133876964441896,3
0,4.9956784,0.5649308875480723,0.025976825131314968,0.11938665750411442,0.24930954938906424,6.3453850746154785,6.5530399105445065,2
0,4.9956784,0.48955509247672874,0.020212918729305727,0.12050308572016763,0.725533704352117,6.406241416931152,5.929187603209896,0
0,4.9913998,0.3169111497834563,0.004305747925067276,0.0015500943486979255,0.990750093350317,5.750187873840332,4.463388217315596,4
0,4.9829664,0.3287719303226442,0.0012947800284262491,0.012871654429794795,0.9105891060752146,6.207240104675293,6.0832201794003415,1
0,4.9673815,0.2993637526013208,0.05536468439158581,0.016401214635713535,0.9802790408728316,6.1104326248168945,6.581912217559132,3
0,4.9665761,0.5641832803640218,0.3529731062433239,0.02908497598278763,0.263302197833943,6.582181930541992,4.515070692790045,4
0,4.9586072,0.641207698959862,1.7721313581248467e-07,0.00533756518147549,0.049656432642805205,7.103206634521484,4.922649679725212,1
0,4.9586072,0.44738961743371536,5.522711028052815e-05,0.0036503871897800013,0.9268844027661476,6.889237403869629,5.347971157997129,4
0,4.9586072,0.3113009502273086,0.015187373789433165,0.004516108805764292,0.9959339167958714,5.703468322753906,4.878638894680158,4
0,4.9507818,0.5124433524148273,0.09342095044847329,0.004700919956569178,0.8562086380590828,6.786938190460205,5.244275420750269,2
0,4.9430952,0.2910398797743898,0.011465427588574178,0.0037402131647345923,0.9839330829060153,5.715672969818115,5.4888366291730835,0
0,4.9281178,0.28586739996664223,0.002395066157188477,0.12657222189310127,0.9991437974677476,5.84622859954834,5.3064408562091545,1
0,4.8996296,0.2955887825493529,0.016956561849477636,0.045925875221167436,0.9444232770361675,5.604443550109863,4.253664795938187,2
0,4.8860564,0.6122734267345262,0.07630824551232168,0.01432793634615694,0.04491292533823075,6.808560371398926,5.472286113971207,3
0,4.8860564,0.21083732283088433,0.03254519002506911,0.0013721669487690282,0.9910062758106807,5.119776725769043,4.894531168973563,0
0,4.8827286,0.3011625365048358,0.03717384187613253,0.005299418300180392,0.9998506011481596,6.200289726257324,4.773968462215587,4
0,4.8538718,0.32993137310891085,0.0033783983789243952,0.00329531999413261,0.9948647966535509,5.777690410614014,4.989757151138637,4
0,4.850781,0.2603883748718393,0.0014419794977809635,0.0004229555903174154,0.9991236398788432,5.500530242919922,4.1235787483619335,0
0,4.8446641,0.3041714690047458,0.0013150235657446653,0.0012155552162841131,0.9955094139902727,5.722284317016602,4.571657289122825,4
0,4.8268137,0.6023103558204778,2.739488410542196e-06,0.015481228801856586,0.030682145399520237,6.947372913360596,4.983360252434952,1
0,4.8268137,0.316442206915628,1.8945696426385777e-05,0.001360653955556,0.9958223980697697,5.9043803215026855,4.688996047346962,4
0,4.8181562,0.5917449126026131,4.445446001948015e-06,0.005207919284828772,0.1586414925240902,6.827939033508301,4.5635824515524135,1
0,4.8096681,0.6128099957331773,2.429033537651878e-06,0.003150432391275661,0.1626603010846814,6.843456745147705,4.70597545820459,1
0,4.8032713,0.5520020803352486,9.414083252131744e-05,0.010830498963130533,0.13458829254412571,6.166587829589844,5.316174062987338,4
0,4.7958798,0.29705942454547263,0.08658826565392748,0.0032853817204946717,0.99950382317252,5.92106294631958,4.586990045977273,2
0,4.7931743,0.6046620113247434,0.004946403680335752,0.005303945408657465,0.016255656042066628,6.976323127746582,4.880742059289392,4
0,4.7931743,0.5902166580943483,1.6731324652126915e-05,0.0015747488406140599,0.05786609454773954,6.90335750579834,4.571699235542753,0
0,4.7904849,0.6187949719334186,0.0009899927091734275,0.004913592255734863,0.02536686159137656,6.991763114929199,4.990898788600216,4
0,4.7878122,0.5477447748161568,0.014130056495788336,0.5477022163062275,0.54387554771556,6.998140811920166,5.9512009937281025,4
0,4.779892,0.3375152897133793,0.0024259329963728015,0.6476191908135726,0.9901149551522135,6.236356258392334,6.414621616828115,2
0,4.7447276,0.29870721833782354,0.07464920246435136,0.004618863254497443,0.9950206798602185,5.759315013885498,5.757237827839597,3
0,4.7447276,0.20163803334940766,4.068392982074771e-05,0.002416778923911402,0.9995462299258083,5.333982467651367,4.368862293008508,1
0,4.7423215,0.562380967570543,0.13550847584358874,0.030341285799004827,0.2874091282492611,6.642152786254883,5.188034274263241,0
0,4.7212462,0.4647585672237611,0.0018506166036279291,0.012632007279110727,0.9968581459907103,6.780577659606934,4.373333779993025,2
0,4.7212462,0.36063442948592284,0.00010863735199967294,0.018533106641184426,0.9900361978729915,5.935468673706055,4.21748873546528,2
0,4.7090755,0.6355636212265038,0.7472025447899645,0.02374316626800015,0.12562113527704388,6.9250569343566895,5.473808071722924,1
0,4.7033348,0.27405487978295884,0.001282834333403291,0.007302275374537264,0.9987908774868806,5.316248893737793,3.071895661387368,3
0,4.6989698,0.26413992951049303,2.968370012210407e-05,0.007495103728632115,0.996417695450826,5.654689311981201,5.695379643849491,0
0,4.6925039,0.3402273803320482,0.006820955677391739,0.10245070038923805,0.9745640391000148,5.764662742614746,4.916609681456516,2
0,4.6861329,0.3150201212978486,0.0015677120916408895,0.009806512112155623,0.9942605961218233,5.826333999633789,4.687908406008017,4
0,4.6819367,0.32322474316181626,0.0070387366676609876,0.12832979388807308,0.9968887915074661,5.933315753936768,6.204068990745638,2
0,4.6798539,0.43901456969923003,0.0043270663120911,0.00066063724645338,0.9945977193647586,6.423884391784668,4.969242261126859,2
0,4.6695862,0.6819067512420695,4.4640274840168005e-05,0.02216559221421132,0.071749096948347,7.412471771240234,5.5323068612128825,1
0,4.6595559,0.3879470013626975,0.028170368770033313,0.004346197568736786,0.997248465756042,6.3394246101379395,4.973860052638339,2
0,4.6575775,0.5208928815216647,0.014540986890621794,0.08099388880741332,0.8012919800983712,6.5721588134765625,5.680879222589534,0
0,4.6536469,0.5628328038075572,0.9951792976118292,0.073871158814395,0.503772427104332,6.788221836090088,5.768003585506791,4
0,4.6497521,0.5331893466482023,0.027952879964432967,0.012739245327611878,0.3171218981664035,6.445940017700195,5.0500724645187605,2
0,4.6363878,0.4961027378908923,0.008088846739253712,0.0005849210501976612,0.9471399562377291,6.645347595214844,5.056611199976239,2
0,4.6345119,0.6243528662922921,0.1116439468900544,0.31410828925030687,0.24187365675506248,6.97782039642334,6.254890985691406,4
0,4.6345119,0.298688211205409,0.0009781057069175446,0.0009963531784078956,0.9979639006776414,5.673730850219727,4.534234036980305,4
0,4.6326442,0.3285243168891144,0.004318913071218401,0.0330110492328906,0.9979094518901058,6.124561786651611,5.764697130870689,2
0,4.6143937,0.3180052830811624,0.0012914079855509274,0.0017461838029575966,0.9969933690709333,5.746524333953857,4.613535190088985,4
0,4.6108341,0.32209368842667135,0.00039019932192863233,0.006939813602351826,0.9825343235521571,5.565255641937256,4.57693230255637,4
0,4.6090651,0.5816432472376644,3.150054006172888e-05,0.010837295459032463,0.12934510894102877,6.935869216918945,5.061782851336765,2
0,4.6038008,0.5593718876822673,0.2441380397442555,0.07298189806125031,0.3628169377232165,6.63515567779541,5.421196131205196,4
0,4.6020598,0.22903684292732449,0.03268552616998539,0.004777118625404271,0.988334465588302,5.075706481933594,3.969798738291873,1
0,4.5917602,0.27350180448237954,8.695285184997065e-05,0.001759921463714962,0.9967841139354142,5.490143775939941,3.509768084885449,4
0,4.5833597,0.5816477152352647,0.0445144217255142,0.2986418593821192,0.0588956529039763,6.805427074432373,5.9235653937321855,4
0,4.5783958,0.5486459843741768,0.0011627417769825956,0.05039759456087371,0.4778969149768741,6.941747665405273,5.565104313401803,0
0,4.5751185,0.5974834293669323,2.7995540279953923e-05,0.026217537807243774,0.46944487471779084,6.980443477630615,5.345069375020069,0
0,4.5751185,0.30599633318518565,0.003276681916656169,0.01303651638289407,0.9997290251703306,6.134211540222168,5.363172249595848,2
0,4.5702477,0.6052859788193103,0.0002041376005586362,0.0048178913579923046,0.2314620688911193,6.914923191070557,4.767773910512771,0
0,4.5670309,0.5794722609968542,0.000339555181972738,0.027104507455950756,0.6069060600977447,6.964514255523682,5.412091097604102,0
0,4.5654311,0.2643449832621394,0.0016450374889943812,0.0019918540672459826,0.8242628354841637,5.485757827758789,4.62945553769503,0
0,4.5638375,0.30718072322286033,0.016571736385381917,0.01690563276319774,0.9955078098068427,6.052360534667969,5.04323370597955,2
0,4.5497508,0.6186781040238989,0.00025337261176087685,0.0022340672241441583,0.12142039634290863,7.159402370452881,4.652756283734576,0
0,4.5466819,0.6522669437904837,0.00024521160789782556,0.01564029479570686,0.13266547376568358,7.639225006103516,5.009123374415578,3
0,4.5331326,0.5240432219919067,9.153139719951753e-05,0.002405626967492376,0.1418593410236824,6.626041412353516,4.564698250092609,2
0,4.5331326,0.5330762765571452,0.0002831914363804787,0.008762080377855076,0.15860009462197924,6.792270183563232,5.481408943810984,0
0,4.5301781,0.3702070580221682,0.0003449453260273383,0.0011270857467330995,0.8351496304948575,6.416198253631592,5.431674363940171,4
0,4.5287085,0.6238933140788541,2.419938509662734e-05,0.0030362310389192874,0.03709948343462075,6.750434875488281,4.765662834529798,4
0,4.5243287,0.5625928643530611,0.00311392478268593,0.7876014017255036,0.4229461414854698,7.217067718505859,6.642112767937319,4
0,4.5228786,0.36475734039328084,0.017044389537589907,0.0012975845763555194,0.9918115079453917,5.835449695587158,5.551751439737531,1
0,4.5228786,0.32084002129496547,0.02265187133289255,0.006050327458116183,0.9639497680934854,6.223933696746826,5.764424598450067,2
0,4.5228786,0.3392531977428493,0.9063142826184187,0.04897018791938188,0.9680166871987006,6.186676979064941,6.1224573598392515,4
0,4.5228786,0.3582256047475984,0.9685463666611351,0.7289434447910595,0.8815971292265569,6.385616302490234,7.269779629835323,4
0,4.5199928,0.3632386801487608,0.16241383613044408,0.0037628858907638903,0.9951529361326694,6.107081890106201,4.690486981629117,2
0,4.5171266,0.6354918577066201,1.0476073702579166e-05,0.03462748316260122,0.2133455133504182,7.3317060470581055,5.416577728882396,0
0,4.5058455,0.6861317177677966,0.00020103263442284734,0.042386416515348836,0.04172259769419089,7.357081890106201,5.758664346692083,0
0,4.4962091,0.5568380251460464,1.5933532052237874e-05,0.016604152603609607,0.058501866537998805,6.938329696655273,4.8551799096419614,2
0,4.4948502,0.2427591547196648,0.23879631960154893,0.0020271483733286405,0.8567939495004251,5.102822780609131,4.422261899388233,0
0,4.4841261,0.5955820837428162,9.919578809177385e-05,0.004082313285728481,0.02352458833932403,6.7187819480896,4.6535265003272,4
0,4.4801722,0.5491979947969243,6.398722284780496e-05,0.013910250667420892,0.24780916567706482,6.62335205078125,4.630435973275939,2
0,4.4685211,0.2557239388887819,0.00802180688809306,0.0029790516113043976,0.9990363201409326,5.821439266204834,4.387869490821221,2
0,4.4672456,0.3539880866003589,0.2071349135545708,0.007934404964356505,0.993476097177754,5.754325866699219,5.158332250014061,1
0,4.4559321,0.5886178552742962,0.968647371637029,0.8069523193715549,0.6254588878767313,6.839873313903809,7.3712401531724705,1
0,4.4522252,0.245994314939043,0.001913315369821665,0.0064008754882631065,0.9985943886911264,5.50662899017334,4.163467061816383,2
0,4.4306259,0.28330492959697495,0.002604809170748205,0.001686731244632893,0.9987366845152357,5.8374176025390625,4.718319214140691,4
0,4.4202166,0.2336248689887087,0.031575599186307826,0.005051416958167263,0.9990248994107689,5.2835283279418945,4.098317921972747,1
0,4.4202166,0.4777807261309831,0.12653328708650122,0.3764517762842047,0.3849245365592347,5.797397613525391,6.746470409607334,1
0,4.4202166,0.27930216920167283,0.0010615219147310875,0.0014484523014432617,0.9994250939853339,5.754998683929443,4.654380579329288,2
0,4.4179368,0.30660031204918886,1.3746308596243186e-05,0.0013820617360249877,0.9873689961673775,6.000430107116699,4.096909140915298,3
0,4.4078231,0.588679996264719,3.3931408319623316e-05,0.0031031425416396204,0.10089478671120099,6.997873306274414,4.366158708828024,0
0,4.4045038,0.285817549370532,0.0005229450209202716,0.006883943627993174,0.9991641970396264,5.6453022956848145,4.125798578103413,4
0,4.3872161,0.6319106319696762,0.17663837637672453,0.028349128599075183,0.08538900415305571,6.852729320526123,5.2145231027211025,4
0,4.3851027,0.31477233548735667,0.3367972325138548,0.19514080088237998,0.9936910007256967,6.1030659675598145,6.169302846235815,0
0,4.3677454,0.39502503597763255,8.663339284241585e-05,0.000867936228915421,0.8487105554682179,5.801398754119873,4.825492306202746,4
0,4.3565474,0.6061225553216509,0.3157640975784546,0.00904370664137973,0.040441155495744736,6.703249931335449,4.995133339478874,1
0,4.3467875,0.3067053450966909,0.01200484108334952,0.005985695400344328,0.9989647725367765,6.205904960632324,6.517177415692775,0
0,4.3391347,0.29393871790449905,0.09795265911388255,0.008514905339452063,0.9992841227468908,5.994722843170166,4.935403323826931,2
0,4.3334818,0.28074023037211304,0.01044736280055439,0.0038205320462003003,0.9992734418910685,5.9207763671875,4.676084435604178,4
0,4.3325472,0.27293877115160875,9.954258712523433e-05,0.008743705214767562,0.9990097891625417,5.333207130432129,4.749835610753985,3
0,4.3306832,0.2490457971777666,0.0028376432010754796,0.0015679240410475571,0.998765550720745,5.636897087097168,4.374586489688667,0
0,4.3279023,0.37957347294967925,0.003281376179028616,0.005348836374098779,0.992021478768366,6.678542613983154,4.729975111004857,4
0,4.3010302,0.43675936682869604,0.0012108693289155199,0.06553302288786403,0.5966102753753769,5.676260948181152,5.759424241765084,0
0,4.3010302,0.6061225553216509,0.3628326234966534,0.010251408986937393,0.040441155495744736,6.703249931335449,5.031437901245533,1
0,4.294992,0.27289130605812995,0.0011259091823655246,0.0006310484232031064,0.9991528343113731,5.659996509552002,4.257730801649083,0
0,4.273273,0.3001666067133373,8.161560172626185e-05,0.0011274541916206544,0.9952263516121942,5.607690811157227,4.370933031668215,2
0,4.2676063,0.3823933123470054,0.011953817012989103,0.047888267005495755,0.9934345748920245,5.896561622619629,5.056305597549661,1
0,4.2676063,0.3299384516658661,0.0008482792702796925,0.002944957121416831,0.9943764742842379,5.902899742126465,4.963070293604076,4
0,4.2441254,0.37596932885936224,0.11919291139486625,0.020861974339418478,0.9963499827983774,6.425734996795654,4.95757586227128,3
0,4.2291479,0.29794884567548324,0.0015483797782653234,0.0017289787120200353,0.9985583842142219,5.622894287109375,4.119773822275952,0
0,4.2291479,0.2671483775965009,9.013053747783523e-06,0.0006840563591640846,0.9986091668620343,5.39578104019165,4.1222207172844145,4
0,4.2225733,0.3259037432550096,0.002560189763981878,0.00789841634815802,0.8962511233779179,5.688318252563477,4.583919904777702,4
0,4.1804562,0.38046357198378733,0.0008983139110907379,0.0007013425868897588,0.02351835064969895,6.300890922546387,4.3005737765387035,1
0,4.154902,0.3351499655045765,0.0006325629019385616,0.006846976647701454,0.9395236151962593,5.866666793823242,4.948595832368933,4
0,4.1518106,0.5350923748841803,0.3467337745572887,0.016069133697539865,0.507517831028233,6.493284702301025,4.169087163348709,0
0,4.1426673,0.3248351960995655,0.001452823103420953,0.0008066645831797604,0.996733180225898,5.496286392211914,3.8891636096570936,1
0,4.1325326,0.4154392846592181,3.984477616373369e-05,0.03170783530897827,0.9582312964750872,6.634406566619873,5.536721079937279,1
0,4.124939,0.38215218773619825,0.0031209310138116332,0.010092234821746338,0.8638395179723312,5.995427131652832,4.375088208590415,3
0,4.0809221,0.2874757648333136,0.030511693353963493,0.002928225809681993,0.9976476478436257,5.340359687805176,4.246310468850903,0
0,4.0772743,0.3668915831363304,0.001546037987168618,0.004796158265471894,0.4543567947793745,6.449055194854736,4.468650921078179,2
0,4.0604806,0.3810530963382089,0.012503240715940422,0.0035921794861372603,0.787390943530841,5.863417625427246,4.795891167024123,3
0,4.0222764,0.2902111133324133,0.001739286302711538,0.001206117943970585,0.9949134916494857,5.228724002838135,3.7548891009709844,3
0,4.0030508,0.4708397723012084,0.003338900269331897,0.000985897825976801,0.9702402146974641,6.633703708648682,4.9963054136638725,2
0,4.0,0.5779571688831247,0.2403954586749637,0.1117873016477524,0.46819356212477725,6.815946578979492,7.154181010480559,4
0,4.0,0.5329637418380492,0.014206158220930335,0.03351526451824375,0.5236903167749941,6.39218807220459,4.875482027980315,3
0,4.0,0.5549011879859994,0.04041956955571512,0.012070184525275173,0.48170154085835787,6.676652431488037,4.5023383192822415,4
0,4.0,0.6038351158135545,0.0010071253965903372,0.02168957579152269,0.46116009965977284,7.023357391357422,4.2563068380157745,0
0,4.0,0.5466275341246196,0.06983274729339639,0.1715377926910611,0.5158507086203583,6.639293193817139,5.423369725495647,0
0,4.0,0.6003540709223539,0.024078048790616192,0.17800630040090692,0.28150991216121624,6.812495708465576,4.948656973767532,1
0,4.0,0.5830634424387954,0.10133765732338618,0.365011101765466,0.11897399192000493,6.962131977081299,4.970799171328759,2
0,4.0,0.46227970734982715,0.31585688473700485,0.007909290882338296,0.39814139289551986,5.872425079345703,5.8733730494427885,3
0,4.0,0.34163922553098774,0.00037126700789852325,0.013692374277407753,0.01736885418176687,6.035271644592285,3.7463116457193286,2
0,4.0,0.2328509941128861,0.006001557787630999,0.0014647048792650436,0.9320525783185309,5.292069435119629,4.876747941744347,0
0,3.9355421,0.3093862498073522,2.6147269834113596e-05,0.003967999802577471,0.9863507245556099,5.726383686065674,4.334923811068913,4
0,3.924453,0.285817549370532,1.860914402426378e-05,0.0009525745778291299,0.9966803337669892,5.6453022956848145,3.9371033329493006,4
0,3.879426,0.20163803334940766,4.068392982074771e-05,0.002416778923911402,0.9995462299258083,5.333982467651367,4.368862293008508,1
0,3.8629625,0.349247584144398,1.8712936795488672e-05,0.003228040905932771,0.9900313999664804,6.221610069274902,4.180449613548931,1
0,3.8607507,0.45079915327922787,0.004136204855305301,0.008430509913343024,0.8777108257673433,6.2497239112854,5.750633516686458,2
0,3.8239088,0.4092001668476262,0.020314849762327673,0.024180701028325327,0.10328100945830655,6.1882429122924805,5.187057788391866,3
0,3.782516,0.27289130605812995,7.377416704951989e-05,0.0003527938679759084,0.9990335772983227,5.659996509552002,4.173691000157073,0
0,3.7670038,0.20880935933375128,0.0009642920120017853,0.006929068524564321,0.9967253240669495,4.461493492126465,3.1041480251192084,3
0,3.7330632,0.3384438422729075,0.0009209446920003793,0.0012257994363786902,0.9982754296190265,6.0512213706970215,4.200634269719186,2
0,3.7144427,0.2518157010790331,0.002906176673387265,0.0021061025020225645,0.9966784698779949,4.911974906921387,2.917767128977657,3
0,3.7121983,0.3212215092036876,0.020323591419903125,0.022176721936099587,0.9990163180998393,5.650083541870117,4.1506975001910735,3
0,3.6989701,0.24528939147216852,0.0009530896418041731,0.0012000135735613052,0.9887813014651186,5.115305423736572,4.916440858306764,0
0,3.6989701,0.2859225801553006,8.677032118284285e-05,0.0024761793272034633,0.9902176391214433,5.83205509185791,4.745597604394786,2
0,3.6989701,0.2359152390054376,9.250049599548867e-05,0.0012930104717039492,0.999868324363978,5.876498699188232,4.083383965047849,1
0,3.6989701,0.2725606057495047,4.290420596141662e-05,0.002412525252099934,0.9855079621818945,5.738992691040039,4.836130310421602,2
0,3.6989701,0.21887860289407868,0.0013633401877655303,0.006048217852759166,0.9993146062362038,5.12917947769165,4.523684361918928,3
0,3.6635404,0.20069510588612205,0.0024263549196011066,0.001827105187155475,0.9995230755180308,4.818422317504883,3.967497545307065,1
0,3.6289322,0.3437695523139104,0.00034059608019253987,0.007568178124157635,0.9871106556173546,5.651585578918457,4.369591423804128,4
0,3.6143937,0.2711820967045313,0.0004698538737525883,0.0013640058526903779,0.9976692024581266,4.986425876617432,3.235755909245189,3
0,3.6090648,0.28022971800688173,0.01636551738631311,0.0020931802893212684,0.997543814019585,5.111756324768066,3.6860568430524596,3
0,3.6038005,0.30871887478756554,0.048457856825394253,0.008248846768709201,0.9977550687736423,5.42579460144043,3.7474420841212455,3
0,3.6020601,0.3681203485895699,1.1235506695772815e-05,0.006072404727451932,0.9867246743117633,6.382500648498535,4.642036488978697,1
0,3.5783961,0.34413726832188657,0.0005792650438238183,0.004187496462879657,0.9912837333485626,5.7322235107421875,4.624263910568142,1
0,3.5686362,0.3318330567387102,0.0001508474354010247,0.011687767100932925,0.9911597910006327,5.335014343261719,3.005264419460473,4
0,3.4881167,0.30003191554902814,0.04704556403381306,0.003407364281843955,0.9843854611681035,5.3822526931762695,3.263441892118771,0
0,3.4689045,0.3517704081218388,0.022442964876502013,0.011425699814639916,0.9954112287278766,6.199309349060059,4.918668359413721,2
0,3.4685211,0.34413726832188657,0.006893470185883619,0.006513864069020692,0.9972598519252737,5.7322235107421875,4.704586801397632,1
0,3.4259686,0.32820612777411495,0.007714725526989233,0.009245639486664408,0.9972092280766873,5.960752487182617,4.562342050932292,4
0,3.3705904,0.30658853372473105,0.00032773839736413866,0.000814882965908286,0.9923765106121144,5.277189254760742,2.7639161967675703,1
0,3.3565474,0.38926284362810426,0.002480716450947673,0.0020038016898574645,0.9744253272778852,5.625929355621338,3.7285772932909516,2
0,3.352617,0.32458673979392716,5.210179474701573e-05,0.015118579585371278,0.9894745133569829,5.114748954772949,3.241964356809377,3
0,3.1947711,0.30620268491409147,0.00011329231824896383,0.003926332951099258,0.9815592304334991,5.577205181121826,4.633202134486413,4
0,3.1580153,0.2592842226524841,0.0032023771943121525,0.002088360348157829,0.9985222763805669,5.012890338897705,3.2883653942024136,3
0,3.1360826,0.15721228206659563,0.0066420788206208396,0.042103069757465424,0.8556955483827079,4.232897758483887,2.8609663074315566,3
0,3.0824945,0.32218755791906284,0.005938751526729795,0.0017008751250308996,0.9823259606398971,5.313260555267334,3.4665248090446132,0
0,3.0,0.3287780977747086,0.08927691154787204,0.002759337657307853,0.9970447637590295,5.610262393951416,3.8748415203050355,1
0,3.0,0.3168164924006979,2.132027535830545e-05,0.0028129878699831874,0.9887611749345054,5.482780456542969,3.655507822528836,4
0,2.9531147,0.27981140184143777,0.0003673672076160844,0.0017637518571634975,0.9995367657598986,5.721886157989502,4.0704398975432765,4
0,2.7332981,0.26758048954147423,0.0003438207703964977,0.0006210931143964226,0.9974704622663516,5.215363025665283,4.286788261675493,3
0,2.5445461,0.26276339607069066,0.0007962317935389457,0.0020447804488488977,0.9972467074742906,5.012020111083984,3.920252937873968,2
