auc_raw	auc_eval	auc_rp	roc50_raw	roc50_eval	roc50_rp
7.859626249456758140e-01	8.456732367001559281e-01	8.844083135209754865e-01	2.862745098039215508e-01	3.156862745098039102e-01	5.462745098039215597e-01
5.001309639767211879e-01	5.754884547069272216e-01	3.833888566026307232e-01	1.270967741935483952e-01	1.458064516129032318e-01	1.077419354838709681e-01
5.323444851019341062e-01	3.659500784108729587e-01	5.656691061160480372e-01	0.000000000000000000e+00	0.000000000000000000e+00	0.000000000000000000e+00
9.035318260368663257e-01	8.746039746543778914e-01	9.113983294930875223e-01	4.142857142857143127e-01	4.185714285714285943e-01	5.942857142857143060e-01
7.631397614408591545e-01	6.593641591027895599e-01	7.644347288884664193e-01	4.000000000000000083e-02	2.727272727272727140e-02	9.090909090909090468e-03
9.400700719159137408e-01	9.714756592292089765e-01	1.000000000000000000e+00	8.818181818181818343e-01	9.036363636363636820e-01	1.000000000000000000e+00
8.150447570332480796e-01	8.116879795396418906e-01	8.218925831202046339e-01	2.864999999999999769e-01	2.899999999999999800e-01	3.459999999999999742e-01
8.019782429181775418e-01	7.411768929738268286e-01	7.775105015617707060e-01	5.714285714285713969e-01	5.714285714285713969e-01	5.628571428571428337e-01
8.352850968911195162e-01	8.500487940889446259e-01	9.171058134671685735e-01	4.911111111111111094e-01	5.200000000000000178e-01	4.933333333333333459e-01
7.613938330408623889e-01	6.711205815993983581e-01	7.853346703434445075e-01	0.000000000000000000e+00	0.000000000000000000e+00	0.000000000000000000e+00
8.169306184012066208e-01	7.993868450390189118e-01	8.825136074496687799e-01	4.961538461538461675e-01	5.105128205128205421e-01	5.220512820512820396e-01
7.574645748987853811e-01	7.950404858299595645e-01	7.035678137651821817e-01	4.699999999999999734e-01	4.699999999999999734e-01	0.000000000000000000e+00
8.297105988474066107e-01	9.362315209220746226e-01	6.345527436732648630e-01	5.000000000000000000e-01	5.000000000000000000e-01	4.899999999999999911e-01
5.217029385217130111e-01	6.195918162671748552e-01	3.890783271487313066e-01	2.000000000000000042e-02	2.692307692307692457e-02	7.692307692307692301e-04
8.909057437407953417e-01	9.294734904270987030e-01	9.315905743740795497e-01	4.928571428571428825e-01	5.314285714285714723e-01	7.700000000000000178e-01
4.638489143437126150e-01	5.639467865298872784e-01	2.684960307391162648e-01	0.000000000000000000e+00	0.000000000000000000e+00	0.000000000000000000e+00
8.682150283819479730e-01	8.308857415837689331e-01	8.128196481762490766e-01	2.368888888888888988e-01	2.128888888888888775e-01	1.511111111111111127e-01
6.813454883092766590e-01	6.809572043555330856e-01	5.999831180889676485e-01	5.600000000000000117e-02	6.133333333333332998e-02	3.866666666666666863e-02
8.609834190966266787e-01	8.488393367638650266e-01	8.476615208690679859e-01	3.472727272727272885e-01	3.509090909090908927e-01	4.290909090909090784e-01
9.275446195205735433e-01	8.687177955343140523e-01	8.845866626838921887e-01	5.542857142857142705e-01	5.428571428571428159e-01	4.971428571428571641e-01
7.485309829059828557e-01	6.618870895186684811e-01	5.634559154295996075e-01	6.888888888888888840e-02	0.000000000000000000e+00	0.000000000000000000e+00
7.805067054655870917e-01	7.762525303643724728e-01	6.286373987854251277e-01	0.000000000000000000e+00	0.000000000000000000e+00	5.500000000000000028e-02
8.137979539641944093e-01	7.980850383631713507e-01	8.379603580562660081e-01	2.790000000000000258e-01	2.785000000000000253e-01	3.604999999999999871e-01
6.433013151279405317e-01	5.969146092985102570e-01	7.930327326612156558e-01	0.000000000000000000e+00	0.000000000000000000e+00	7.368421052631578781e-03
8.678067318132465235e-01	8.300760043431053559e-01	9.419109663409337418e-01	6.533333333333333215e-01	6.533333333333333215e-01	4.833333333333333370e-01
8.888383071994604423e-01	8.549204743438431064e-01	8.509076603158545193e-01	3.964444444444444327e-01	3.826666666666666550e-01	3.551111111111110996e-01
7.664236634824870276e-01	6.868890006144907634e-01	8.251215015920898566e-01	2.044444444444444564e-01	1.888888888888888840e-01	2.155555555555555558e-01
9.898719289074752181e-01	9.871928907475170378e-01	9.495556717198118113e-01	5.000000000000000000e-01	5.000000000000000000e-01	4.199999999999999845e-01
7.990384615384615863e-01	7.209790209790210014e-01	7.445868945868945321e-01	2.769230769230769315e-02	1.538461538461538547e-02	0.000000000000000000e+00
5.798303367941251008e-01	5.701558507332120662e-01	5.035567117106747315e-01	7.000000000000000666e-02	6.727272727272727570e-02	2.727272727272727140e-02
8.371335504885993872e-01	8.295539964921072595e-01	1.909295915810573785e-01	0.000000000000000000e+00	0.000000000000000000e+00	0.000000000000000000e+00
7.202560240963855609e-01	6.369226907630521906e-01	5.162187210379981517e-01	0.000000000000000000e+00	0.000000000000000000e+00	0.000000000000000000e+00
9.998744979919679254e-01	9.998744979919679254e-01	9.992469879518072196e-01	9.899999999999999911e-01	9.899999999999999911e-01	9.399999999999999467e-01
6.298717581315375069e-01	6.421407078377990851e-01	4.749964178249032609e-01	9.428571428571429214e-02	1.142857142857142821e-01	1.057142857142857190e-01
6.184043928509549426e-01	5.530314136823446525e-01	5.197185163465767310e-01	0.000000000000000000e+00	0.000000000000000000e+00	0.000000000000000000e+00
7.871345852265873022e-01	6.715857761336068155e-01	6.855455922366533450e-01	4.205128205128205038e-02	2.615384615384615252e-02	0.000000000000000000e+00
6.768569500674763706e-01	6.165155195681510936e-01	6.512361673414305274e-01	4.315789473684210342e-02	4.294736842105262992e-02	3.536842105263157676e-02
7.177954431647470823e-01	6.801452178267400894e-01	6.454682023034551408e-01	1.499999999999999944e-01	1.199999999999999956e-01	0.000000000000000000e+00
2.499570446735395191e-01	1.352233676975944932e-01	4.645189003436426267e-01	0.000000000000000000e+00	0.000000000000000000e+00	0.000000000000000000e+00
7.595332480818414167e-01	7.467742966751917955e-01	8.213554987212275948e-01	2.169999999999999984e-01	2.210000000000000020e-01	3.195000000000000062e-01
7.298470535312641116e-01	6.188427800269905577e-01	9.374662618083671184e-01	3.200000000000000067e-02	2.666666666666666838e-02	1.911111111111111205e-01
7.445284658843981385e-01	8.096349413298565834e-01	8.392090395480226173e-01	3.900000000000000133e-01	4.480000000000000093e-01	5.733333333333333615e-01
4.194584893280327575e-01	5.726002547377359031e-01	3.237099077540622760e-01	0.000000000000000000e+00	3.076923076923077094e-02	0.000000000000000000e+00
1.000000000000000000e+00	1.000000000000000000e+00	1.000000000000000000e+00	1.000000000000000000e+00	1.000000000000000000e+00	1.000000000000000000e+00
4.782783788083684873e-01	6.952509744650385848e-01	5.298802800095457899e-01	4.076923076923076594e-02	9.307692307692307099e-02	1.284615384615384603e-01
4.986325042181461997e-01	6.284969792630490382e-01	4.840118652370326013e-01	2.342105263157894662e-02	2.473684210526315777e-02	2.894736842105263136e-02
8.244309559939302368e-01	7.738914179733603627e-01	7.750744674872140916e-01	2.017777777777777781e-01	1.960000000000000075e-01	1.626666666666666539e-01
7.542523908670643040e-01	6.757390220089164456e-01	7.525261436755243949e-01	1.111627906976744157e-01	1.009302325581395293e-01	1.000000000000000056e-01
8.093694940850743036e-01	8.343742134407249322e-01	7.099169393405486694e-01	2.200000000000000011e-01	2.462499999999999967e-01	2.650000000000000133e-01
8.374312958560217179e-01	8.920264846486182231e-01	9.455070685379758366e-01	2.913725490196078516e-01	3.415686274509803777e-01	6.780392156862744546e-01
4.411994784876140940e-01	5.239634941329857076e-01	9.462320730117340650e-01	0.000000000000000000e+00	8.400000000000000522e-02	1.519999999999999962e-01
5.324751698902248087e-01	5.032671197072661196e-01	8.166492420282278619e-01	5.000000000000000000e-01	5.000000000000000000e-01	3.699999999999999956e-01
7.262384305525659833e-01	5.962608775867900279e-01	7.032071584514620888e-01	3.529411764705882304e-02	1.882352941176470423e-02	0.000000000000000000e+00
7.750984223684588281e-01	7.392180809793384988e-01	8.814477427512285024e-01	9.258426966292135352e-02	9.078651685393258897e-02	4.150561797752809201e-01
8.821485388930754290e-01	8.854977811270200450e-01	4.140500711713974713e-01	3.333333333333333148e-01	3.333333333333333148e-01	2.200000000000000011e-01
9.960038706902730743e-01	9.972403411941795914e-01	9.996416027524908099e-01	8.342857142857142971e-01	8.371428571428571885e-01	9.714285714285714191e-01
6.005498411105536505e-01	6.624853654457266705e-01	3.602609131961866384e-01	4.833333333333333232e-02	5.999999999999999778e-02	2.333333333333333440e-02
5.587049634668682652e-01	5.092382632065172166e-01	4.257579575039892594e-01	0.000000000000000000e+00	0.000000000000000000e+00	0.000000000000000000e+00
5.299270241027648209e-01	5.171217109049471850e-01	4.783489491010382566e-01	4.363636363636363980e-02	4.545454545454545581e-02	2.909090909090909088e-02
5.034655339193337964e-01	6.062034739454094101e-01	3.920259073894940549e-01	4.774193548387097030e-02	5.548387096774193283e-02	5.225806451612903525e-02
9.993449966193374001e-01	9.997253211629479885e-01	1.000000000000000000e+00	9.499999999999999556e-01	9.783333333333333881e-01	1.000000000000000000e+00
9.890289449112978915e-01	9.951159951159951333e-01	9.888134741075917944e-01	9.285714285714286031e-01	9.285714285714286031e-01	9.285714285714286031e-01
7.270558145558145835e-01	6.172397047397046865e-01	6.986272986272986651e-01	4.615384615384615641e-02	2.974358974358974270e-02	2.871794871794871792e-02
6.711697592778335109e-01	7.002256770310932854e-01	6.638039117352055873e-01	0.000000000000000000e+00	0.000000000000000000e+00	0.000000000000000000e+00
8.035419020995657746e-01	7.669794206863735919e-01	9.073752453458633349e-01	4.860465116279069631e-02	4.069767441860465407e-02	3.776744186046511742e-01
1.000000000000000000e+00	1.000000000000000000e+00	1.000000000000000000e+00	1.000000000000000000e+00	1.000000000000000000e+00	1.000000000000000000e+00
1.000000000000000000e+00	1.000000000000000000e+00	9.994996247185389260e-01	1.000000000000000000e+00	1.000000000000000000e+00	9.599999999999999645e-01
8.120396419437340141e-01	7.996739130434782350e-01	8.371035805626598769e-01	2.585000000000000075e-01	2.700000000000000178e-01	3.734999999999999987e-01
8.333735440374228087e-01	7.452919967295293935e-01	7.308027396893053140e-01	5.333333333333333676e-02	3.589743589743589480e-02	1.230769230769230768e-02
5.112054272473093297e-01	6.417542801332873914e-01	4.410978972768010986e-01	2.148148148148147987e-02	2.925925925925925916e-02	3.111111111111111022e-02
3.832779181338604180e-01	5.053735289882580473e-01	4.428612569214456784e-01	2.531645569620253320e-04	3.797468354430379601e-03	0.000000000000000000e+00
9.983733733733733962e-01	9.978728728728728514e-01	9.963713713713713283e-01	8.499999999999999778e-01	8.299999999999999600e-01	7.099999999999999645e-01
2.979420216362407281e-01	5.592249830966870006e-01	1.232251521298174390e-01	0.000000000000000000e+00	0.000000000000000000e+00	0.000000000000000000e+00
6.324424163407214028e-01	7.334897870491090544e-01	7.834332898739678752e-01	0.000000000000000000e+00	1.333333333333333289e-03	7.066666666666666929e-02
7.513760320240180368e-01	9.084313234926194580e-01	5.525394045534151033e-01	3.900000000000000133e-01	2.899999999999999800e-01	2.899999999999999800e-01
9.654985398414684949e-01	9.801001251564455119e-01	9.032957863996662340e-01	6.600000000000000311e-01	6.666666666666666297e-01	5.799999999999999600e-01
4.352100323328053633e-01	5.740169256345476478e-01	4.484573193879020092e-01	7.594936708860759418e-04	1.088607594936708868e-02	3.797468354430379601e-03
5.880325814536341289e-01	5.903195488721804107e-01	4.690162907268170533e-01	0.000000000000000000e+00	0.000000000000000000e+00	0.000000000000000000e+00
9.943352528793190093e-01	9.913620430645968540e-01	9.663870806209313713e-01	7.500000000000000000e-01	7.500000000000000000e-01	7.449999999999999956e-01
6.969322412509307840e-01	6.068875651526433046e-01	7.236187639612806644e-01	1.129411764705882393e-01	1.105882352941176539e-01	1.047058823529411764e-01
9.998747808665163772e-01	1.000000000000000000e+00	1.000000000000000000e+00	1.000000000000000000e+00	1.000000000000000000e+00	1.000000000000000000e+00
8.985594997108155013e-01	8.334658762290341194e-01	8.254410063620589710e-01	5.657142857142857251e-01	5.614285714285713880e-01	5.714285714285713969e-01
1.000000000000000000e+00	1.000000000000000000e+00	1.000000000000000000e+00	1.000000000000000000e+00	1.000000000000000000e+00	1.000000000000000000e+00
8.085425575941509457e-01	7.489078953418862872e-01	7.535234745022302283e-01	1.059090909090909111e-01	9.272727272727272763e-02	1.536363636363636265e-01
9.614478114478114401e-01	9.703703703703703276e-01	9.444865319865319853e-01	7.700000000000000178e-01	7.733333333333333171e-01	7.800000000000000266e-01
5.382820746132848111e-01	5.931355777979981925e-01	6.590136487716105052e-01	0.000000000000000000e+00	1.200000000000000025e-02	2.285714285714285712e-02
6.988806175902949613e-01	6.292652329749104378e-01	6.713482216708023254e-01	3.612903225806451957e-02	3.290322580645161504e-02	5.053763440860215006e-02
1.000000000000000000e+00	1.000000000000000000e+00	9.974140807474141113e-01	1.000000000000000000e+00	1.000000000000000000e+00	7.933333333333333348e-01
8.206180193596426253e-01	7.168428890543558918e-01	8.143410275502606099e-01	1.988235294117647045e-01	1.894117647058823628e-01	1.705882352941176516e-01
5.774524524524524693e-01	6.608483483483483800e-01	5.699449449449449645e-01	0.000000000000000000e+00	0.000000000000000000e+00	0.000000000000000000e+00
8.001557479178962318e-01	7.789182897239163017e-01	8.573742540494458941e-01	3.558974358974358876e-01	3.548717948717948767e-01	4.525641025641025661e-01
3.060996563573883389e-01	4.129510309278350277e-01	3.284793814432989678e-01	0.000000000000000000e+00	0.000000000000000000e+00	0.000000000000000000e+00
9.676180938073777327e-01	9.384076114171256977e-01	8.206476381238524409e-01	6.666666666666666297e-01	6.666666666666666297e-01	5.466666666666666341e-01
9.377878255044795885e-01	8.852326327834993958e-01	8.358033994808674594e-01	2.133333333333333470e-01	1.911111111111111205e-01	1.422222222222222221e-01
5.866313448456305091e-01	4.923403976975405660e-01	6.258215593929880027e-01	3.102040816326530684e-02	3.326530612244898294e-02	3.428571428571428742e-02
1.000000000000000000e+00	1.000000000000000000e+00	1.000000000000000000e+00	1.000000000000000000e+00	1.000000000000000000e+00	1.000000000000000000e+00
5.864518147684605331e-01	6.033792240300375198e-01	6.779724655819774348e-01	0.000000000000000000e+00	0.000000000000000000e+00	0.000000000000000000e+00
9.038028521391042736e-01	8.740305228921690928e-01	7.994746059544658445e-01	4.899999999999999911e-01	5.000000000000000000e-01	5.000000000000000000e-01
3.826383671424993804e-01	4.513836714249937487e-01	5.144002003506136234e-01	0.000000000000000000e+00	0.000000000000000000e+00	0.000000000000000000e+00
9.640260716971672528e-01	9.834231637001754622e-01	9.551892704938581558e-01	3.624999999999999889e-01	3.925000000000000155e-01	3.674999999999999933e-01
6.674540186444948286e-01	6.358519598315516275e-01	5.021146024547384901e-01	9.142857142857142849e-02	9.214285714285713746e-02	7.000000000000000666e-02
9.850400600901352277e-01	9.777165748622934638e-01	9.574361542313469808e-01	5.000000000000000000e-01	5.000000000000000000e-01	3.200000000000000067e-01
7.039634941329856455e-01	8.116036505867014750e-01	9.807561929595828287e-01	3.599999999999999728e-02	1.559999999999999998e-01	1.920000000000000040e-01
9.153276424805423250e-01	8.843836304293246631e-01	8.932965101682148745e-01	0.000000000000000000e+00	0.000000000000000000e+00	0.000000000000000000e+00
8.220309756709305304e-01	7.801605216955104227e-01	7.642337597190870246e-01	1.250000000000000000e-01	1.375000000000000111e-01	1.224999999999999978e-01
1.000000000000000000e+00	1.000000000000000000e+00	1.000000000000000000e+00	1.000000000000000000e+00	1.000000000000000000e+00	1.000000000000000000e+00
5.693120033458803908e-01	5.060644081974069453e-01	4.322877457130907541e-01	0.000000000000000000e+00	0.000000000000000000e+00	0.000000000000000000e+00
6.589567966280295286e-01	5.850158061116965680e-01	6.252581664910431547e-01	5.698630136986301137e-02	5.726027397260274182e-02	4.657534246575342762e-02
9.139577963917525638e-01	9.432989690721649279e-01	9.998228092783505438e-01	8.037499999999999645e-01	8.050000000000000488e-01	9.862499999999999600e-01
9.438035264483627396e-01	9.088916876574307802e-01	9.158186397984886540e-01	8.000000000000000444e-01	8.000000000000000444e-01	7.760000000000000231e-01
5.271199586349534227e-01	6.356170286108238088e-01	4.838952085487762678e-01	3.679999999999999938e-02	4.613333333333333175e-02	3.306666666666666782e-02
7.226433358153387942e-01	6.086224869694712991e-01	7.205361131794489893e-01	4.235294117647058626e-02	3.764705882352940847e-02	1.294117647058823546e-02
9.742063492063491870e-01	9.873680241327300600e-01	9.847733965381024746e-01	5.428571428571428159e-01	6.600000000000000311e-01	9.071428571428571397e-01
9.882146439317953668e-01	9.919341357405550008e-01	9.923102641257104395e-01	6.066666666666666874e-01	6.333333333333333037e-01	6.533333333333333215e-01
7.861373225930188280e-01	6.924127349443804924e-01	8.534407364787112149e-01	1.830303030303030432e-01	1.745454545454545592e-01	2.000000000000000111e-01
9.963278250709397543e-01	9.988315807043899319e-01	9.909864797195793162e-01	7.133333333333333748e-01	9.066666666666666208e-01	2.933333333333333348e-01
9.771131176323050171e-01	9.785135022155337925e-01	8.651450547613075415e-01	8.333333333333333703e-01	8.333333333333333703e-01	8.333333333333333703e-01
7.290471534115602337e-01	8.123859191655802281e-01	8.898468057366362149e-01	1.495833333333333459e-01	1.695833333333333359e-01	4.324999999999999956e-01
6.335657931811777832e-01	5.446942800788954209e-01	6.385122569737954334e-01	6.813186813186813615e-03	3.516483516483516480e-03	1.098901098901098900e-03
9.514192413966340300e-01	9.044963576990705523e-01	7.389098216528510177e-01	3.840000000000000080e-01	3.840000000000000080e-01	3.119999999999999996e-01
2.818443443443443552e-01	4.976851851851851749e-01	9.346846846846847134e-02	0.000000000000000000e+00	0.000000000000000000e+00	0.000000000000000000e+00
5.372410308236482690e-01	7.004968839481219289e-01	4.321205996294424923e-01	1.239999999999999991e-01	1.320000000000000062e-01	1.333333333333333315e-01
8.424810352521195922e-01	8.514474564926372002e-01	8.997378402498884542e-01	6.666666666666666297e-01	6.666666666666666297e-01	7.755555555555555536e-01
1.000000000000000000e+00	1.000000000000000000e+00	9.995614035087719840e-01	1.000000000000000000e+00	1.000000000000000000e+00	9.649999999999999689e-01
7.134743202416918839e-01	7.347331319234642333e-01	5.645015105740180950e-01	4.639999999999999680e-02	5.199999999999999761e-02	3.200000000000000067e-02
7.285705321285140812e-01	6.820406626506023695e-01	6.395896084337349130e-01	1.250000000000000000e-01	1.250000000000000000e-01	0.000000000000000000e+00
5.522739153162571357e-01	5.193413486670152013e-01	9.566126502875065274e-01	5.000000000000000000e-01	5.000000000000000000e-01	4.799999999999999822e-01
8.952281616688396726e-01	9.346023468057366168e-01	9.998956975228161514e-01	5.999999999999999778e-01	5.999999999999999778e-01	9.919999999999999929e-01
8.077656453715775786e-01	8.698473489787048596e-01	9.003259452411994657e-01	3.024999999999999911e-01	3.512500000000000067e-01	5.904166666666667007e-01
1.000000000000000000e+00	1.000000000000000000e+00	9.972472472472472260e-01	1.000000000000000000e+00	1.000000000000000000e+00	7.800000000000000266e-01
8.761773547094188208e-01	8.831162324649298734e-01	8.422845691382765398e-01	5.999999999999999778e-01	5.999999999999999778e-01	5.600000000000000533e-01
4.765718600553737749e-01	5.460256732947394998e-01	4.163906367983891132e-01	3.679999999999999938e-02	3.839999999999999664e-02	3.599999999999999728e-02
9.689478874701547007e-01	9.563512145748988003e-01	9.516246236894010391e-01	8.251282051282051722e-01	8.205128205128204844e-01	8.205128205128204844e-01
7.792939409113670557e-01	8.563470205307961436e-01	5.056334501752628441e-01	5.000000000000000000e-01	5.000000000000000000e-01	4.899999999999999911e-01
1.000000000000000000e+00	1.000000000000000000e+00	9.962462462462462476e-01	1.000000000000000000e+00	1.000000000000000000e+00	6.999999999999999556e-01
8.879562348617723311e-01	8.540048442328572742e-01	9.177315626827027284e-01	5.166666666666667185e-01	5.000000000000000000e-01	3.533333333333333326e-01
8.677162244641510869e-01	8.357089002979930514e-01	7.921229311025742570e-01	5.714285714285713969e-01	5.714285714285713969e-01	5.714285714285713969e-01
6.758252957233849001e-01	7.178453139217469969e-01	7.787661510464057857e-01	7.657142857142856807e-02	1.239999999999999991e-01	2.725714285714285756e-01
9.950354609929078498e-01	9.964121818940342434e-01	9.929078014184397061e-01	6.533333333333333215e-01	7.133333333333333748e-01	5.999999999999999778e-01
6.228772990677752253e-01	5.361678004535147535e-01	4.574829931972789199e-01	8.000000000000000167e-02	8.300000000000000433e-02	1.000000000000000056e-01
9.991080530071355659e-01	9.996177370030581155e-01	1.000000000000000000e+00	9.160000000000000364e-01	9.679999999999999716e-01	1.000000000000000000e+00
7.230287859824781060e-01	8.000625782227784866e-01	5.436795994993741665e-01	4.000000000000000222e-01	4.199999999999999845e-01	2.899999999999999800e-01
5.275152166129609688e-01	5.319548872180450694e-01	4.891514500537056942e-01	0.000000000000000000e+00	3.142857142857143071e-02	2.285714285714285712e-02
7.547571357035552930e-01	8.279606910365547856e-01	6.440911367050575764e-01	2.500000000000000000e-01	2.500000000000000000e-01	1.749999999999999889e-01
9.171183533447684333e-01	9.141795311606631946e-01	8.934476843910805766e-01	5.181818181818181879e-01	5.254545454545455074e-01	6.236363636363636553e-01
7.961499874592425918e-01	7.995777944987877417e-01	8.515174316528718590e-01	4.966666666666666452e-01	4.966666666666666452e-01	4.899999999999999911e-01
8.911082474226804662e-01	9.051546391752577359e-01	6.288659793814432852e-01	5.000000000000000000e-01	5.000000000000000000e-01	4.899999999999999911e-01
9.454858866623572222e-01	9.590964590964591308e-01	9.592580621992387035e-01	8.857142857142856762e-01	9.200000000000000400e-01	9.285714285714286031e-01
9.993734335839599137e-01	9.991228070175438569e-01	9.874686716791979402e-01	9.499999999999999556e-01	9.300000000000000488e-01	3.900000000000000133e-01
5.999638934857830508e-01	5.277854671280276522e-01	8.609989468933353374e-01	9.882352941176470590e-03	9.411764705882352117e-03	6.894117647058824183e-02
6.187282163238729815e-01	7.478359952506798969e-01	5.131372323719790574e-01	7.777777777777777901e-02	1.033333333333333326e-01	1.318518518518518590e-01
8.346262929596263147e-01	7.702702702702702853e-01	6.121121121121121389e-01	3.333333333333333148e-01	3.333333333333333148e-01	2.200000000000000011e-01
9.117649529569892275e-01	8.941994287634408289e-01	9.489415322580645462e-01	4.560000000000000164e-01	4.453333333333333588e-01	6.019999999999999796e-01
7.607709176788124417e-01	6.035003373819163297e-01	5.903846153846153966e-01	5.466666666666666896e-02	0.000000000000000000e+00	0.000000000000000000e+00
4.763805688396677840e-01	5.054014598540146341e-01	4.585451799647621285e-01	4.000000000000000083e-02	4.000000000000000083e-02	3.200000000000000067e-02
9.997496244366549378e-01	9.998748122183275244e-01	9.949924887330996448e-01	9.799999999999999822e-01	9.899999999999999911e-01	5.999999999999999778e-01
9.196068548387096309e-01	9.007506480414746441e-01	9.024877592165898577e-01	2.700000000000000178e-01	2.685714285714285721e-01	2.357142857142857095e-01
1.000000000000000000e+00	1.000000000000000000e+00	1.000000000000000000e+00	1.000000000000000000e+00	1.000000000000000000e+00	1.000000000000000000e+00
9.690315315315315425e-01	9.578328328328328256e-01	6.702952952952953014e-01	5.000000000000000000e-01	5.000000000000000000e-01	3.699999999999999956e-01
7.375949367088607822e-01	6.538272524199553182e-01	7.805212211466865391e-01	1.294117647058823650e-01	9.294117647058823539e-02	8.705882352941175795e-02
3.892122428499749098e-01	5.105870546914199615e-01	1.241344706472654325e-01	0.000000000000000000e+00	0.000000000000000000e+00	0.000000000000000000e+00
5.692549133227099434e-01	6.595972765464290788e-01	3.565696074170650598e-01	3.703703703703703498e-02	3.703703703703703498e-02	3.407407407407407607e-02
7.848552099366431500e-01	8.862082542864301304e-01	6.192504563840068865e-01	4.285714285714285476e-01	4.285714285714285476e-01	4.257142857142857117e-01
9.993728048168589728e-01	9.995340835782381417e-01	9.995340835782381417e-01	9.485714285714286209e-01	9.628571428571428559e-01	9.628571428571428559e-01
5.934281282316442585e-01	6.972130299896587280e-01	5.411720096518441991e-01	8.240000000000000102e-02	1.034666666666666651e-01	9.173333333333333339e-02
6.627033792240299981e-01	5.813829787234042756e-01	5.139549436795994852e-01	0.000000000000000000e+00	0.000000000000000000e+00	0.000000000000000000e+00
4.251192117660576586e-01	5.697771841127580172e-01	3.909427783522922972e-01	0.000000000000000000e+00	6.296296296296296363e-03	0.000000000000000000e+00
6.996062709000036017e-01	7.548811621300923758e-01	5.151738520729207682e-01	4.857142857142857095e-02	5.571428571428571619e-02	3.571428571428571230e-02
9.007132132132131819e-01	9.031531531531531432e-01	6.492742742742743101e-01	5.000000000000000000e-01	5.000000000000000000e-01	0.000000000000000000e+00
9.981221832749124223e-01	9.984977466199298490e-01	9.969120347187447884e-01	8.266666666666666607e-01	8.800000000000000044e-01	7.533333333333332993e-01
8.928144654088050469e-01	9.260298742138364236e-01	8.907861635220125640e-01	5.462500000000000133e-01	5.887499999999999956e-01	4.912500000000000200e-01
9.987794191286930578e-01	9.976214321482222980e-01	9.897346019028542274e-01	9.000000000000000222e-01	8.100000000000000533e-01	5.400000000000000355e-01
5.666469825166025043e-01	6.038597068675095603e-01	5.634668628627853559e-01	1.038461538461538519e-01	1.061538461538461542e-01	1.007692307692307637e-01
9.249625784879764723e-01	8.759744172935984841e-01	9.209968702008125563e-01	3.030769230769230771e-01	2.646153846153846412e-01	2.846153846153846034e-01
8.873747494989979723e-01	8.553106212424850252e-01	7.881262525050100054e-01	5.999999999999999778e-01	5.999999999999999778e-01	5.560000000000000497e-01
6.117025305560337411e-01	6.675778963677052591e-01	7.619555861594078383e-01	9.189189189189189699e-02	1.100000000000000006e-01	2.964864864864865113e-01
7.562332663989290715e-01	7.885374832663989420e-01	8.809236947791164729e-01	4.000000000000000083e-03	1.466666666666666639e-02	4.133333333333333304e-02
8.744517543859648967e-01	7.812500000000000000e-01	6.356106612685560320e-01	1.493333333333333457e-01	8.400000000000000522e-02	9.333333333333333759e-02
9.016624685138538986e-01	8.460453400503777921e-01	9.213098236775818517e-01	8.000000000000000444e-01	8.000000000000000444e-01	7.840000000000000302e-01
1.000000000000000000e+00	1.000000000000000000e+00	1.000000000000000000e+00	1.000000000000000000e+00	1.000000000000000000e+00	1.000000000000000000e+00
5.826111409361658389e-01	6.908402996139785257e-01	8.546718817905258891e-01	5.960784313725490252e-02	6.627450980392156354e-02	1.019607843137254888e-01
9.888471177944861967e-01	9.830200501253132384e-01	9.867794486215538674e-01	5.150000000000000133e-01	4.849999999999999867e-01	7.149999999999999689e-01
7.186090225563910305e-01	7.463032581453633574e-01	6.135338345864661536e-01	0.000000000000000000e+00	0.000000000000000000e+00	0.000000000000000000e+00
1.000000000000000000e+00	1.000000000000000000e+00	1.000000000000000000e+00	1.000000000000000000e+00	1.000000000000000000e+00	1.000000000000000000e+00
7.646753681392235436e-01	5.855421686746987708e-01	7.341700133868808154e-01	1.733333333333333254e-02	1.866666666666666821e-02	2.400000000000000050e-02
7.741281781254701899e-01	7.339115390401684813e-01	8.732902061080186629e-01	5.176470588235294185e-02	5.082352941176470490e-02	2.039999999999999869e-01
9.996244366549824623e-01	1.000000000000000000e+00	9.985812051410448698e-01	9.666666666666666741e-01	1.000000000000000000e+00	8.866666666666667140e-01
5.306686777275012590e-01	3.826957356369121155e-01	4.921157274098450496e-01	0.000000000000000000e+00	0.000000000000000000e+00	0.000000000000000000e+00
7.616136236739251553e-01	6.963986599664991894e-01	4.636236739251814454e-01	1.466666666666666674e-01	1.111111111111111049e-01	1.044444444444444509e-01
7.471242513546915154e-01	7.870177773552619049e-01	8.224888297366670376e-01	3.635820895522388074e-01	3.856716417910447947e-01	4.501492537313432907e-01
7.205828541557762756e-01	5.820569785676946717e-01	6.629900679560899457e-01	0.000000000000000000e+00	0.000000000000000000e+00	0.000000000000000000e+00
6.365115115115115296e-01	5.320945945945946276e-01	4.778528528528528385e-01	0.000000000000000000e+00	0.000000000000000000e+00	0.000000000000000000e+00
6.089261646028135688e-01	6.483762951731109059e-01	4.833206974981046344e-01	0.000000000000000000e+00	0.000000000000000000e+00	0.000000000000000000e+00
7.049946469993457754e-01	6.558154404329982201e-01	8.623981442931065722e-01	4.000000000000000083e-02	4.139534883720930036e-02	2.867441860465116399e-01
8.280167566351777086e-01	7.415654520917678294e-01	9.455296896086369252e-01	8.000000000000000167e-02	6.266666666666666219e-02	4.919999999999999929e-01
4.737940026075619371e-01	5.971968709256845198e-01	1.572359843546284330e-01	0.000000000000000000e+00	0.000000000000000000e+00	0.000000000000000000e+00
6.842948908582644485e-01	6.297314578005115404e-01	8.662374353179087549e-01	3.023255813953488330e-02	3.186046511627906724e-02	1.606976744186046635e-01
7.360450563204005148e-01	7.544430538172716139e-01	3.873591989987484330e-01	0.000000000000000000e+00	0.000000000000000000e+00	0.000000000000000000e+00
8.371981636784268099e-01	7.424179438982070334e-01	8.217539039907461040e-01	7.142857142857142461e-02	7.142857142857142461e-02	2.814285714285714168e-01
7.487840429612581117e-01	6.765247410817031293e-01	8.182278481012658089e-01	2.121212121212121271e-01	2.115151515151515171e-01	2.054545454545454453e-01
9.998331247392574506e-01	9.998331247392574506e-01	9.991656236962870308e-01	9.866666666666666918e-01	9.866666666666666918e-01	9.333333333333333481e-01
7.186787989080982708e-01	7.609863512283894238e-01	7.811756141947224785e-01	2.822857142857143065e-01	2.942857142857142616e-01	3.457142857142856962e-01
8.809106098579783106e-01	8.688805346700083643e-01	8.664995822890559918e-01	6.666666666666666297e-01	6.666666666666666297e-01	6.666666666666666297e-01
6.148462238398544333e-01	6.495614194722475476e-01	7.120145586897179690e-01	1.028571428571428553e-01	1.234285714285714292e-01	1.400000000000000133e-01
8.485204731574158554e-01	8.850809827115559969e-01	8.031082802547770960e-01	3.885714285714285676e-01	3.971428571428571308e-01	4.577142857142857402e-01
8.892875216888375123e-01	8.196844274146906084e-01	8.356889820705609706e-01	1.985714285714285654e-01	1.585714285714285576e-01	2.300000000000000100e-01
9.614393171061528243e-01	9.742330121703853818e-01	9.995562880324543320e-01	9.033333333333333215e-01	9.100000000000000311e-01	9.649999999999999689e-01
7.080731846769582338e-01	6.816580903373355982e-01	8.235563178959405262e-01	3.381818181818181945e-01	3.436363636363636287e-01	3.981818181818181923e-01
5.084812482107071707e-01	4.894073862009733489e-01	5.606570283423990553e-01	0.000000000000000000e+00	0.000000000000000000e+00	0.000000000000000000e+00
4.100597448732439809e-01	4.933219533574773608e-01	2.753223685728126147e-01	0.000000000000000000e+00	0.000000000000000000e+00	0.000000000000000000e+00
9.400988452216889613e-01	9.066554198545834220e-01	8.472413629235374666e-01	5.163636363636363580e-01	5.218181818181818477e-01	3.381818181818181945e-01
5.338600451467269137e-01	5.676887383997993863e-01	3.890142964635063816e-01	8.333333333333332871e-02	8.333333333333332871e-02	7.333333333333333370e-02
9.962889544532546049e-01	9.989166513000183878e-01	1.000000000000000000e+00	8.763636363636363447e-01	9.145454545454545503e-01	1.000000000000000000e+00
7.292632066728452767e-01	6.927228143342600841e-01	6.442500772320048918e-01	1.461538461538461620e-01	1.338461538461538369e-01	1.107692307692307726e-01
4.153144016227180435e-01	5.856997971602434516e-01	2.406186612576065031e-01	0.000000000000000000e+00	0.000000000000000000e+00	0.000000000000000000e+00
6.618057543658746322e-01	6.365767248783280596e-01	6.277555110220440771e-01	2.571428571428571383e-02	1.714285714285714371e-02	6.571428571428571119e-02
9.973703981968444765e-01	9.982469321312296140e-01	9.980799732865848206e-01	7.800000000000000266e-01	8.599999999999999867e-01	8.466666666666666785e-01
6.537129954841947033e-01	7.458855995985951282e-01	3.982438534872052016e-01	0.000000000000000000e+00	1.600000000000000033e-02	0.000000000000000000e+00
9.952428642964447070e-01	9.988315807043899319e-01	9.998330829577699586e-01	6.666666666666666297e-01	9.066666666666666208e-01	9.866666666666666918e-01
8.778105118565644460e-01	8.194494650086755483e-01	8.435511856564488209e-01	4.357142857142857206e-01	3.557142857142857051e-01	5.714285714285713969e-01
7.027784751862080626e-01	8.201104694953552654e-01	9.155577872625324520e-01	2.533333333333333548e-01	5.266666666666666163e-01	4.533333333333333104e-01
6.034569138276553169e-01	6.221505511022044077e-01	6.598822645290580713e-01	4.849999999999999867e-01	4.749999999999999778e-01	4.299999999999999933e-01
8.689923083402992798e-01	7.783804099194546744e-01	8.914030961036267797e-01	1.871794871794871806e-01	1.702564102564102511e-01	2.210256410256410120e-01
3.946446446446446599e-01	6.975725725725725468e-01	3.122288955622288809e-01	0.000000000000000000e+00	0.000000000000000000e+00	0.000000000000000000e+00
5.210733967935872180e-01	5.250187875751503030e-01	4.472069138276553169e-01	0.000000000000000000e+00	0.000000000000000000e+00	0.000000000000000000e+00
9.495986957612240209e-01	9.517807875595686307e-01	8.531728116378228810e-01	5.819999999999999618e-01	5.839999999999999636e-01	5.959999999999999742e-01
8.955817378497791248e-01	9.145066273932253020e-01	9.265832106038291993e-01	6.628571428571428115e-01	7.171428571428571930e-01	8.385714285714285232e-01
8.532513181019332205e-01	7.909866934471503352e-01	9.098669344715039076e-01	5.000000000000000000e-01	5.000000000000000000e-01	3.850000000000000089e-01
4.789797236511268430e-01	5.583204539687666168e-01	2.867523240525016726e-01	0.000000000000000000e+00	0.000000000000000000e+00	0.000000000000000000e+00
7.261548036142356777e-01	8.464756592292089765e-01	1.000000000000000000e+00	3.745454545454545703e-01	4.309090909090909083e-01	1.000000000000000000e+00
6.938986556359876268e-01	8.019002068252326643e-01	6.715356773526369727e-01	5.000000000000000000e-01	5.000000000000000000e-01	5.000000000000000000e-01
2.380235180412371143e-01	3.416156572164948391e-01	7.553157216494845727e-01	0.000000000000000000e+00	0.000000000000000000e+00	0.000000000000000000e+00
8.183001003260597095e-01	7.686230248306997748e-01	7.401555053925257255e-01	1.250000000000000000e-01	1.250000000000000000e-01	8.000000000000000167e-02
9.694189602446483534e-01	9.764016309887869616e-01	1.000000000000000000e+00	5.600000000000000533e-01	5.639999999999999458e-01	1.000000000000000000e+00
6.911317135549872592e-01	6.711061381074169274e-01	7.695971867007672662e-01	7.299999999999999545e-02	7.249999999999999500e-02	1.764999999999999902e-01
9.452172096908939558e-01	9.378446115288220364e-01	9.845029239766082130e-01	8.166666666666666519e-01	8.133333333333333526e-01	7.700000000000000178e-01
8.506243628950050928e-01	8.451707441386340225e-01	8.215851172273190839e-01	2.999999999999999889e-01	2.999999999999999889e-01	3.039999999999999925e-01
6.734057365636313408e-01	6.923280423280423479e-01	4.235032024505708814e-01	0.000000000000000000e+00	0.000000000000000000e+00	0.000000000000000000e+00
4.818523153942427806e-01	3.571339173967459368e-01	2.832916145181476608e-01	0.000000000000000000e+00	0.000000000000000000e+00	0.000000000000000000e+00
6.843335815338793537e-01	5.674981384959046915e-01	6.799255398361876424e-01	0.000000000000000000e+00	0.000000000000000000e+00	0.000000000000000000e+00
2.401993043151264551e-01	4.611203816865657723e-01	2.326901381968600191e-01	0.000000000000000000e+00	0.000000000000000000e+00	0.000000000000000000e+00
9.532977386934673447e-01	9.622801507537688259e-01	8.216080402010049744e-01	3.850000000000000089e-01	4.050000000000000266e-01	2.099999999999999922e-01
8.105949089864646906e-01	7.572972390765806416e-01	7.803109180339640183e-01	5.714285714285713969e-01	5.714285714285713969e-01	5.714285714285713969e-01
5.547601105249937437e-01	5.182115046470735509e-01	4.162270786234614217e-01	2.500000000000000000e-01	2.500000000000000000e-01	2.250000000000000056e-01
9.024227234753550153e-01	8.946254525201893237e-01	9.549150654413812722e-01	3.955555555555555491e-01	3.911111111111111316e-01	5.111111111111110716e-01
6.835050045495905113e-01	7.220418562329390388e-01	7.526624203821655756e-01	2.411428571428571310e-01	2.434285714285714386e-01	2.977142857142857091e-01
9.100907316367842226e-01	8.549378253325621291e-01	8.098973395026026756e-01	5.714285714285713969e-01	5.714285714285713969e-01	5.714285714285713969e-01
6.618168016194332370e-01	6.809526821862348367e-01	5.464532726045884248e-01	0.000000000000000000e+00	0.000000000000000000e+00	0.000000000000000000e+00
7.050446838720454412e-01	7.243380940449344330e-01	7.950388373841142942e-01	6.666666666666667095e-03	1.333333333333333315e-01	0.000000000000000000e+00
7.542369844852915284e-01	7.833494571643555560e-01	6.045720018631982606e-01	1.199999999999999956e-01	1.257142857142857229e-01	1.085714285714285687e-01
7.045183634020618646e-01	7.857119845360824861e-01	9.959729381443298557e-01	2.337500000000000133e-01	3.250000000000000111e-01	9.224999999999999867e-01
8.337499999999999911e-01	8.375943396226415150e-01	8.530817610062892964e-01	2.687499999999999889e-01	3.150000000000000022e-01	5.012499999999999734e-01
9.664825508410745947e-01	9.498493597790610421e-01	9.426311825257344124e-01	7.449999999999999956e-01	7.399999999999999911e-01	7.199999999999999734e-01
4.513680347013680483e-01	4.894060727394060617e-01	1.659993326659993385e-01	0.000000000000000000e+00	0.000000000000000000e+00	0.000000000000000000e+00
1.000000000000000000e+00	1.000000000000000000e+00	9.945952740070387321e-01	1.000000000000000000e+00	1.000000000000000000e+00	5.699999999999999512e-01
7.859053356018455005e-01	7.166659002774329323e-01	7.927913428672154206e-01	1.533333333333333215e-01	1.345454545454545514e-01	1.527272727272727393e-01
9.935448538389715090e-01	9.970911441499676897e-01	9.820979673920849917e-01	8.871428571428571219e-01	9.114285714285714768e-01	9.285714285714286031e-01
5.938972193496495633e-01	6.937646022444368121e-01	5.218219770960205173e-01	1.540740740740740855e-01	1.814814814814814936e-01	1.100000000000000006e-01
4.556209782562981037e-01	5.510661563696008791e-01	3.553854565336249105e-01	0.000000000000000000e+00	0.000000000000000000e+00	0.000000000000000000e+00
7.653371954842542735e-01	7.533645276292335602e-01	5.943107546048722600e-01	1.799999999999999933e-01	2.000000000000000111e-01	1.082352941176470545e-01
4.634354141205226929e-01	6.462407163673967725e-01	4.849346620287675047e-01	1.818181818181818094e-02	6.727272727272727570e-02	5.818181818181818177e-02
9.999498872463041810e-01	9.999498872463041810e-01	1.000000000000000000e+00	9.959999999999999964e-01	9.959999999999999964e-01	1.000000000000000000e+00
6.422733540158566123e-01	7.371216821785591122e-01	5.867356084108927838e-01	1.330666666666666664e-01	1.791999999999999982e-01	1.328000000000000014e-01
5.727739111717011777e-01	4.969326253856640729e-01	4.851833249623304645e-01	1.428571428571428492e-01	1.428571428571428492e-01	1.371428571428571497e-01
9.109454606197276982e-01	8.831955232606698569e-01	8.537125198362983669e-01	4.733333333333333282e-01	4.799999999999999822e-01	1.133333333333333276e-01
9.917210235825388853e-01	9.937638878933410247e-01	9.997491219267435891e-01	8.428571428571428603e-01	8.428571428571428603e-01	9.799999999999999822e-01
4.926102602728261726e-01	5.163695706753703707e-01	2.560716377939576405e-01	0.000000000000000000e+00	0.000000000000000000e+00	0.000000000000000000e+00
6.822486371044792497e-01	5.972882594278648982e-01	7.301804080256280027e-01	2.000000000000000042e-02	1.911111111111110997e-02	1.155555555555555503e-02
9.919846663181739466e-01	9.876285067084857872e-01	9.907649416274612042e-01	6.133333333333332860e-01	5.933333333333333792e-01	3.066666666666666430e-01
7.921599304650152051e-01	8.704650152107779038e-01	8.458235549760974026e-01	6.466666666666666397e-02	1.233333333333333365e-01	4.393333333333333535e-01
8.790160642570281624e-01	8.697289156626506479e-01	6.782128514056224855e-01	3.333333333333333148e-01	3.333333333333333148e-01	2.666666666666666630e-01
8.397586687576232833e-01	7.375283150374629670e-01	7.214845791949816567e-01	1.466666666666666674e-01	1.333333333333333315e-01	1.413333333333333386e-01
8.360923345748838553e-01	7.884574117502797241e-01	7.898790637789120384e-01	3.151515151515151270e-01	3.151515151515151270e-01	2.715151515151515427e-01
6.888852672750978012e-01	7.675412863972186361e-01	8.478378965667101586e-01	7.791666666666666186e-02	9.916666666666666685e-02	3.800000000000000044e-01
9.136302294197030660e-01	9.163398279352226172e-01	8.003964237516869584e-01	4.000000000000000222e-01	4.000000000000000222e-01	4.199999999999999845e-01
7.479436978683966508e-01	6.313040624034600423e-01	6.123146431881371088e-01	5.999999999999999778e-02	5.692307692307692346e-02	3.384615384615384526e-02
8.742462311557789301e-01	8.390703517587939642e-01	3.018844221105527748e-01	0.000000000000000000e+00	0.000000000000000000e+00	0.000000000000000000e+00
8.362545913682277732e-01	7.900137741046832085e-01	7.115358126721763599e-01	1.027272727272727226e-01	1.045454545454545386e-01	1.772727272727272763e-01
5.178694158075601850e-01	4.487972508591065446e-01	4.492268041237113541e-01	0.000000000000000000e+00	0.000000000000000000e+00	0.000000000000000000e+00
6.546863189720332210e-01	6.321197614848408364e-01	4.880658436213991536e-01	2.066666666666666652e-02	2.133333333333333262e-02	7.333333333333333197e-03
8.375139053360606267e-01	7.086876951232641275e-01	6.109735529479312088e-01	1.257142857142857229e-01	1.171428571428571458e-01	4.285714285714285754e-02
1.000000000000000000e+00	1.000000000000000000e+00	9.847347347347347180e-01	1.000000000000000000e+00	1.000000000000000000e+00	0.000000000000000000e+00
8.091964510445507353e-01	8.298436320161087787e-01	8.079379562043795815e-01	2.575000000000000067e-01	3.049999999999999933e-01	4.262500000000000178e-01
7.672793093845725609e-01	6.657616262879421098e-01	6.091060985797828176e-01	1.111111111111111049e-01	1.111111111111111049e-01	1.000000000000000056e-01
8.859610552763819147e-01	9.109296482412060358e-01	5.542085427135677866e-01	0.000000000000000000e+00	0.000000000000000000e+00	0.000000000000000000e+00
7.620931397095643822e-01	7.509514271407110586e-01	8.338507761642464100e-01	3.960000000000000187e-01	4.000000000000000222e-01	8.400000000000000522e-02
8.027227929508059523e-01	7.298504969514741925e-01	6.901779002756200931e-01	1.100000000000000006e-01	1.400000000000000133e-01	0.000000000000000000e+00
7.824405647209573544e-01	8.121067203624464659e-01	7.067478205157540216e-01	2.009090909090908983e-01	2.372727272727272740e-01	3.027272727272727337e-01
1.000000000000000000e+00	1.000000000000000000e+00	1.000000000000000000e+00	1.000000000000000000e+00	1.000000000000000000e+00	1.000000000000000000e+00
8.469691857849752648e-01	8.027229532163743242e-01	6.640378992352676812e-01	2.777777777777777901e-01	2.744444444444444353e-01	2.311111111111111005e-01
9.850966027436616201e-01	9.923866982690512373e-01	9.679846297493356344e-01	6.728571428571428203e-01	7.299999999999999822e-01	9.285714285714286031e-01
5.363595886475928110e-01	6.764980466505802204e-01	4.460818108698150208e-01	3.962962962962963270e-02	4.629629629629629373e-02	3.814814814814814631e-02
8.505037783375314353e-01	7.919899244332493371e-01	9.271536523929471141e-01	5.919999999999999707e-01	5.919999999999999707e-01	8.000000000000000444e-01
8.649769455690508035e-01	8.336215137201978820e-01	7.689777327935222173e-01	3.711111111111111138e-01	3.011111111111111072e-01	2.522222222222222365e-01
7.750053813589725671e-01	7.828531965272296222e-01	8.220563966420320057e-01	3.871428571428571219e-01	4.085714285714285854e-01	3.928571428571428492e-01
7.037593984962405846e-01	6.194235588972430984e-01	6.458646616541353636e-01	0.000000000000000000e+00	0.000000000000000000e+00	0.000000000000000000e+00
5.871274730778862638e-01	6.954169797145003384e-01	6.163285750062609258e-01	3.599999999999999728e-02	9.600000000000000200e-02	0.000000000000000000e+00
6.098647971957936731e-01	6.067351026539810066e-01	3.091637456184276322e-01	0.000000000000000000e+00	0.000000000000000000e+00	0.000000000000000000e+00
6.210860187769601248e-01	7.064740638706636933e-01	4.529452278247000363e-01	4.914285714285714091e-02	6.571428571428571119e-02	2.628571428571428725e-02
5.646380956386424232e-01	6.599949531059426944e-01	4.168229801909408283e-01	3.225806451612903136e-02	4.709677419354838662e-02	3.548387096774193589e-02
5.440679027812578283e-01	6.794662991731396096e-01	5.525557504384865926e-01	2.500000000000000000e-01	2.500000000000000000e-01	2.500000000000000000e-01
7.669171049336338530e-01	8.090658652642124249e-01	7.776108189331329967e-01	3.360000000000000209e-01	4.199999999999999845e-01	3.559999999999999831e-01
7.694731404958677912e-01	6.982265840220385211e-01	6.825987144168962351e-01	4.727272727272727182e-02	1.272727272727272770e-02	0.000000000000000000e+00
6.148929944269315717e-01	6.382027852041020077e-01	5.022278972640091821e-01	5.263157894736841813e-02	5.263157894736841813e-02	4.000000000000000083e-02
6.075700543705562229e-01	5.626934337097448946e-01	4.483061480552070210e-01	0.000000000000000000e+00	0.000000000000000000e+00	0.000000000000000000e+00
5.280408542246982639e-01	5.331307504009453746e-01	4.987422976280915243e-01	0.000000000000000000e+00	0.000000000000000000e+00	0.000000000000000000e+00
4.695777981067536522e-01	7.037327977090127584e-01	4.444057751968817360e-01	0.000000000000000000e+00	0.000000000000000000e+00	2.076923076923076900e-02
3.656895319005761813e-01	4.583042435967531469e-01	3.733860453379316269e-01	0.000000000000000000e+00	0.000000000000000000e+00	0.000000000000000000e+00
7.326450096533199119e-01	7.376710316461009276e-01	7.665155712247124775e-01	1.616666666666666530e-01	1.633333333333333304e-01	5.999999999999999778e-02
7.490929705215420009e-01	6.968316956412194951e-01	6.329931972789115679e-01	1.499999999999999944e-01	1.580000000000000016e-01	1.479999999999999927e-01
7.070268542199488193e-01	6.614034526854219997e-01	8.518797953964194480e-01	6.700000000000000400e-02	8.799999999999999489e-02	1.170000000000000068e-01
6.829394501081248459e-01	6.197451343836886117e-01	6.433487797343219183e-01	8.915662650602410033e-03	8.433734939759036237e-03	6.506024096385541917e-03
7.353790160642570406e-01	5.287085843373493521e-01	7.887801204819276935e-01	1.224999999999999978e-01	1.199999999999999956e-01	1.224999999999999978e-01
8.028031290743155024e-01	8.755541069100390983e-01	5.430247718383311994e-01	2.500000000000000139e-02	1.300000000000000044e-01	0.000000000000000000e+00
6.977808425275827675e-01	7.724423269809428394e-01	7.377758274824472995e-01	5.000000000000000000e-01	5.000000000000000000e-01	4.699999999999999734e-01
5.529146860145108672e-02	2.944083062296722342e-01	1.223417563172379263e-01	0.000000000000000000e+00	0.000000000000000000e+00	0.000000000000000000e+00
6.978458049886621106e-01	6.658394221886285713e-01	4.862013941379020876e-01	1.000000000000000021e-02	1.333333333333333419e-02	0.000000000000000000e+00
8.645960390845300880e-01	8.597498196603056142e-01	8.641353531379106778e-01	4.925641025641025461e-01	4.874358974358974361e-01	5.505128205128204666e-01
7.667214209401709279e-01	7.261191239316239221e-01	6.865357905982906184e-01	1.156250000000000056e-01	1.068749999999999978e-01	8.208333333333332760e-02
5.154157189790244953e-01	5.649429281442169826e-01	3.707669951983826317e-01	3.250000000000000111e-02	3.333333333333333287e-02	3.500000000000000333e-02
7.490428069294501334e-01	7.816344463971880430e-01	6.032827014812954802e-01	1.250000000000000000e-01	1.250000000000000000e-01	1.125000000000000028e-01
4.747596614194339315e-01	6.155324792217242713e-01	3.881468076142326473e-01	1.259259259259259273e-02	1.296296296296296259e-02	1.814814814814814936e-02
5.598515181848515709e-01	6.006840173506839964e-01	5.436269602936270040e-01	2.466666666666666730e-01	2.933333333333333348e-01	2.800000000000000266e-01
1.000000000000000000e+00	1.000000000000000000e+00	1.000000000000000000e+00	1.000000000000000000e+00	1.000000000000000000e+00	1.000000000000000000e+00
4.616838487972508842e-01	5.990120274914089160e-01	3.431271477663230263e-01	0.000000000000000000e+00	0.000000000000000000e+00	0.000000000000000000e+00
5.834589299171062393e-01	5.686699321778447835e-01	2.122582265762371356e-01	0.000000000000000000e+00	0.000000000000000000e+00	0.000000000000000000e+00
5.099205212366273443e-01	6.048898674808260711e-01	3.043684671485049620e-01	3.225806451612903136e-02	3.225806451612903136e-02	3.096774193548387094e-02
4.646438189095611904e-01	5.721816142947180328e-01	2.521302109338550146e-01	0.000000000000000000e+00	0.000000000000000000e+00	0.000000000000000000e+00
5.576027185665739516e-01	4.712218103181958773e-01	5.710441767068272778e-01	0.000000000000000000e+00	0.000000000000000000e+00	0.000000000000000000e+00
5.171494507523308748e-01	5.721979137819624972e-01	7.479700913874273160e-01	5.014492753623188415e-02	5.362318840579709950e-02	7.942028985507246230e-02
8.493036846408513751e-01	7.671632688621711216e-01	7.773600332408486802e-01	1.548717948717948656e-01	1.148717948717948717e-01	1.210256410256410203e-01
5.860704059289203460e-01	6.959407107966986139e-01	6.485430352029644130e-01	1.413333333333333386e-01	2.026666666666666616e-01	2.413333333333333441e-01
7.223529411764706420e-01	7.076854219948849334e-01	8.177749360613810747e-01	2.585000000000000075e-01	2.500000000000000000e-01	3.049999999999999933e-01
7.737657416694527779e-01	7.145324863479326494e-01	6.737713139418254338e-01	1.888888888888888840e-01	1.955555555555555658e-01	9.555555555555556024e-02
8.935620300751879741e-01	8.306101792943898499e-01	8.249891555812608468e-01	5.914285714285714146e-01	5.657142857142857251e-01	5.714285714285713969e-01
5.326239359038558163e-01	6.050075112669003330e-01	3.863795693540310605e-01	2.000000000000000111e-01	2.000000000000000111e-01	1.839999999999999969e-01
6.848122039461415067e-01	6.951018238782589176e-01	5.636492484428032856e-01	3.555555555555555552e-02	3.555555555555555552e-02	1.777777777777777776e-02
3.925800800800801071e-01	3.479729729729729715e-01	3.687437437437437460e-01	0.000000000000000000e+00	0.000000000000000000e+00	0.000000000000000000e+00
7.485111584754262637e-01	7.357227933801404607e-01	5.477996489468405228e-01	2.200000000000000011e-01	2.025000000000000133e-01	7.249999999999999500e-02
8.855639730639730534e-01	8.060606060606060330e-01	5.186447811447811862e-01	1.666666666666666574e-01	1.666666666666666574e-01	1.366666666666666585e-01
8.454454584963059238e-01	9.002259887005649164e-01	8.798261625380269235e-01	3.746666666666666479e-01	3.933333333333333126e-01	7.093333333333333712e-01
8.610658817635270523e-01	9.135458416833667217e-01	4.577905811623246279e-01	0.000000000000000000e+00	8.000000000000000167e-02	0.000000000000000000e+00
7.200928636914796233e-01	7.347765652263922309e-01	8.303315292934669856e-01	2.000000000000000111e-01	2.000000000000000111e-01	2.082352941176470462e-01
8.406813627254509091e-01	7.704695104494703184e-01	6.690881763527054549e-01	4.285714285714285476e-01	4.285714285714285476e-01	2.571428571428571175e-01
9.908030610363267598e-01	9.973953531255762561e-01	1.000000000000000000e+00	8.163636363636364024e-01	8.781818181818181746e-01	1.000000000000000000e+00
6.832172136881278224e-01	6.356081591538654818e-01	6.479756008841881521e-01	2.222222222222222099e-01	2.222222222222222099e-01	2.222222222222222099e-01
8.439070351758793942e-01	8.470477386934673891e-01	5.081658291457286092e-01	0.000000000000000000e+00	0.000000000000000000e+00	0.000000000000000000e+00
6.480269292454589047e-01	6.503394129275297253e-01	5.585860281227854607e-01	5.111111111111111410e-02	6.444444444444444309e-02	4.074074074074074403e-02
2.754547751389590515e-01	4.021601819100555919e-01	3.001515917129863320e-01	0.000000000000000000e+00	0.000000000000000000e+00	0.000000000000000000e+00
8.728405107661492135e-01	8.954056084126189585e-01	7.174511767651476912e-01	2.500000000000000000e-01	2.500000000000000000e-01	2.099999999999999922e-01
9.861945278611945476e-01	9.897397397397397212e-01	9.666332999666332748e-01	2.200000000000000011e-01	2.399999999999999911e-01	0.000000000000000000e+00
4.474548969072165150e-01	6.054123711340205771e-01	2.848904639175257603e-01	0.000000000000000000e+00	0.000000000000000000e+00	0.000000000000000000e+00
4.821735395189003515e-01	4.617053264604811247e-01	4.301116838487972771e-01	0.000000000000000000e+00	0.000000000000000000e+00	0.000000000000000000e+00
4.372142546718817968e-01	5.355888744024337456e-01	3.957670578009561124e-01	0.000000000000000000e+00	0.000000000000000000e+00	0.000000000000000000e+00
5.037048969072165372e-01	6.337789948453608213e-01	4.763208762886597669e-01	0.000000000000000000e+00	0.000000000000000000e+00	0.000000000000000000e+00
6.415141037306641980e-01	6.797779799818016722e-01	7.419545040946314840e-01	7.485714285714285821e-02	9.371428571428570831e-02	2.125714285714285778e-01
9.031252333656933917e-01	8.807781345679934759e-01	8.975431259801358586e-01	1.428571428571428492e-01	1.428571428571428492e-01	1.142857142857142821e-01
7.242740134028294863e-01	6.192405063291138712e-01	7.793894266567386042e-01	9.764705882352940625e-02	8.470588235294117252e-02	5.294117647058823456e-02
9.998387212386209422e-01	9.999283205504981842e-01	9.998566411009963684e-01	9.885714285714285454e-01	9.942857142857143282e-01	9.885714285714285454e-01
5.544972212897690822e-01	5.614113610085412764e-01	5.100331953302749133e-01	0.000000000000000000e+00	4.444444444444444441e-03	4.444444444444444441e-03
7.832225063938619281e-01	7.656361892583120055e-01	8.190920716112531919e-01	8.749999999999999445e-02	8.999999999999999667e-02	2.159999999999999976e-01
8.316919527992192585e-01	8.373776358205423653e-01	8.918463312926980802e-01	1.847058823529411642e-01	2.023529411764705965e-01	8.588235294117646523e-02
8.573357727827147778e-01	7.898443398966138451e-01	7.491287680780623903e-01	1.044444444444444509e-01	1.011111111111111099e-01	1.333333333333333419e-02
7.923760640961442503e-01	7.641775162744116612e-01	7.876189283925888462e-01	2.500000000000000000e-01	2.500000000000000000e-01	1.499999999999999944e-01
1.000000000000000000e+00	1.000000000000000000e+00	9.979090433873497590e-01	1.000000000000000000e+00	1.000000000000000000e+00	8.399999999999999689e-01
8.124803972817563613e-01	7.084945112388918442e-01	6.924464192368008364e-01	2.979999999999999871e-01	2.979999999999999871e-01	2.600000000000000089e-01
6.672250859106528820e-01	5.463487972508590529e-01	4.052405498281786977e-01	0.000000000000000000e+00	0.000000000000000000e+00	0.000000000000000000e+00
8.859056603773585170e-01	9.159874213836477486e-01	9.297861635220125986e-01	2.500000000000000000e-01	3.160000000000000031e-01	5.999999999999999778e-01
5.768041237113401554e-01	5.875000000000000222e-01	5.466494845360824195e-01	5.000000000000000000e-01	5.000000000000000000e-01	5.000000000000000000e-01
7.381237732706833476e-01	6.766980907630999464e-01	8.855587937905192719e-01	6.627906976744185608e-02	6.348837209302325701e-02	2.393023255813953587e-01
3.582550959993233697e-01	4.605176351179903760e-01	2.634525924046350331e-01	0.000000000000000000e+00	0.000000000000000000e+00	0.000000000000000000e+00
2.840045103092783685e-01	4.379832474226804107e-01	2.595682989690721865e-01	0.000000000000000000e+00	0.000000000000000000e+00	0.000000000000000000e+00
9.147327044025157505e-01	9.307468553459119498e-01	9.040880503144653746e-01	7.562499999999999778e-01	7.724999999999999645e-01	6.949999999999999512e-01
7.892344775512575294e-01	6.875254109310565687e-01	7.236887959574839213e-01	6.777777777777778401e-02	5.111111111111111410e-02	1.111111111111111154e-02
9.978712747307788566e-01	9.989356373653894838e-01	9.991860756323566184e-01	8.399999999999999689e-01	9.150000000000000355e-01	9.350000000000000533e-01
6.845357381429525434e-01	6.905060120240480437e-01	6.902972611890447752e-01	0.000000000000000000e+00	0.000000000000000000e+00	0.000000000000000000e+00
6.578427065026362097e-01	6.786577328646749008e-01	4.931584232990208205e-01	6.250000000000000000e-02	6.250000000000000000e-02	4.374999999999999722e-02
7.975832707237665575e-01	8.372986058936472409e-01	5.516737624175640509e-01	1.666666666666666574e-01	2.099999999999999922e-01	1.100000000000000006e-01
6.578730703259004775e-01	6.471240708976557787e-01	6.133333333333332860e-01	0.000000000000000000e+00	0.000000000000000000e+00	0.000000000000000000e+00
8.053865641006675569e-01	6.628605065428970766e-01	8.870356330553449409e-01	1.248780487804878048e-01	1.073170731707317055e-01	1.000000000000000056e-01
6.481713426853706883e-01	6.813376753507014438e-01	6.524048096192385238e-01	2.000000000000000111e-01	2.000000000000000111e-01	1.759999999999999898e-01
4.870463078848560889e-01	4.659574468085106447e-01	4.596996245306633200e-01	0.000000000000000000e+00	0.000000000000000000e+00	0.000000000000000000e+00
7.019052436351373991e-01	6.215815208227954969e-01	6.971561850165794993e-01	1.555555555555555511e-02	1.066666666666666631e-02	2.177777777777777785e-02
5.942179454714273668e-01	6.005655440195830641e-01	5.359162657212795944e-01	5.999999999999999778e-02	6.400000000000000133e-02	4.266666666666666524e-02
5.369604350990080377e-01	6.763935169226448219e-01	4.797611296232461298e-01	1.061728395061728447e-02	2.814814814814814783e-02	1.012345679012345741e-02
8.325206431986093003e-01	8.898565840938722493e-01	8.982181660147762203e-01	4.353333333333333499e-01	4.706666666666666776e-01	6.266666666666667052e-01
5.495999165949905230e-01	4.983058357442594066e-01	4.492923606224099031e-01	0.000000000000000000e+00	0.000000000000000000e+00	0.000000000000000000e+00
7.614228456913827436e-01	6.926603206412825786e-01	7.390280561122244407e-01	5.959999999999999742e-01	5.919999999999999707e-01	5.360000000000000320e-01
4.425791544821112700e-01	5.879093108054442851e-01	1.239033900140799338e-01	0.000000000000000000e+00	0.000000000000000000e+00	0.000000000000000000e+00
7.195652173913043015e-01	7.035677749360613742e-01	8.248017902813299385e-01	2.255000000000000060e-01	2.305000000000000104e-01	3.250000000000000111e-01
5.033625463065988237e-01	6.283085492126242455e-01	5.132178340947468609e-01	3.493670886075949528e-02	6.075949367088607361e-02	5.164556962025316361e-02
5.277895711914778465e-01	6.768400941757690692e-01	2.625921494461384009e-01	0.000000000000000000e+00	0.000000000000000000e+00	0.000000000000000000e+00
6.891660367850843683e-01	6.367346938775509946e-01	5.603930461073318714e-01	2.999999999999999889e-02	2.999999999999999889e-02	2.400000000000000050e-02
7.693562712388013480e-01	7.199374420759963034e-01	5.596424158171146024e-01	3.846153846153846367e-02	0.000000000000000000e+00	0.000000000000000000e+00
1.000000000000000000e+00	1.000000000000000000e+00	1.000000000000000000e+00	1.000000000000000000e+00	1.000000000000000000e+00	1.000000000000000000e+00
6.822056060283206991e-01	6.643356643356643776e-01	6.878910563121088950e-01	0.000000000000000000e+00	0.000000000000000000e+00	0.000000000000000000e+00
9.596390072699925167e-01	9.797693657558285141e-01	9.546252193532213104e-01	5.480000000000000426e-01	6.800000000000000488e-01	5.600000000000000533e-01
7.576683572837419334e-01	7.114173006480698502e-01	7.143758805297266701e-01	8.285714285714285143e-02	7.494505494505494803e-02	6.967032967032966984e-02
6.201791782514674001e-01	5.460750695088044671e-01	6.210658016682113480e-01	5.325301204819277157e-02	4.819277108433735191e-02	4.240963855421686635e-02
5.887762762762762669e-01	6.938813813813813347e-01	5.277777777777777901e-01	0.000000000000000000e+00	0.000000000000000000e+00	0.000000000000000000e+00
2.827079107505071076e-01	4.602772143340094768e-01	1.353110209601081915e-01	0.000000000000000000e+00	0.000000000000000000e+00	0.000000000000000000e+00
7.516222447143500185e-01	6.512848627980206695e-01	9.413292847503373917e-01	8.888888888888889228e-02	7.866666666666666252e-02	2.479999999999999982e-01
6.438434776371004808e-01	6.431261432516767185e-01	5.033535382518561363e-01	1.428571428571428492e-01	1.428571428571428492e-01	1.057142857142857190e-01
4.392034068136272396e-01	4.217434869739479231e-01	2.609719438877755593e-01	0.000000000000000000e+00	0.000000000000000000e+00	0.000000000000000000e+00
9.933316557624559673e-01	9.986160040261701232e-01	9.981127327629591983e-01	5.400000000000000355e-01	8.900000000000000133e-01	8.499999999999999778e-01
7.373960284750843419e-01	7.867028849756463327e-01	8.625702510303484560e-01	3.200000000000000067e-01	3.582352941176470407e-01	4.550000000000000155e-01
7.350991048593350508e-01	7.193542199488490718e-01	8.303005115089514554e-01	2.124999999999999944e-01	2.124999999999999944e-01	2.999999999999999889e-01
7.752770083102492604e-01	7.507239989926970392e-01	6.805590531352304628e-01	3.474999999999999756e-01	3.250000000000000111e-01	1.950000000000000067e-01
1.000000000000000000e+00	1.000000000000000000e+00	1.000000000000000000e+00	1.000000000000000000e+00	1.000000000000000000e+00	1.000000000000000000e+00
9.200651302605210580e-01	9.264529058116232063e-01	6.555110220440881763e-01	1.920000000000000040e-01	1.920000000000000040e-01	1.719999999999999862e-01
5.232635925353509299e-01	6.012318054946829138e-01	2.975363890106341169e-01	2.363636363636363591e-02	3.545454545454545386e-02	4.363636363636363980e-02
7.880071099958176895e-01	8.059075700543705256e-01	7.945211208699288763e-01	3.966666666666666674e-01	4.050000000000000266e-01	3.166666666666666519e-01
9.761517275913871305e-01	9.822233350025038057e-01	9.227591387080621432e-01	5.000000000000000000e-01	5.000000000000000000e-01	5.000000000000000000e-01
3.617353432503380706e-01	5.801248906212711498e-01	4.192287805266088352e-01	0.000000000000000000e+00	5.384615384615384394e-03	0.000000000000000000e+00
6.131073446327683918e-01	7.036114732724901843e-01	8.021555845284659148e-01	5.600000000000000117e-02	6.333333333333333870e-02	2.093333333333333435e-01
4.703782565130260607e-01	4.776740981963927823e-01	4.650551102204408815e-01	0.000000000000000000e+00	0.000000000000000000e+00	0.000000000000000000e+00
1.000000000000000000e+00	1.000000000000000000e+00	1.000000000000000000e+00	1.000000000000000000e+00	1.000000000000000000e+00	1.000000000000000000e+00
9.999490316004077117e-01	9.999490316004077117e-01	1.000000000000000000e+00	9.959999999999999964e-01	9.959999999999999964e-01	1.000000000000000000e+00
6.848866498740554531e-01	5.875314861460957383e-01	8.779345088161208954e-01	2.000000000000000111e-01	2.000000000000000111e-01	2.039999999999999869e-01
7.345168476747424569e-01	7.473405736563630830e-01	5.496519075466443915e-01	4.444444444444444441e-03	3.555555555555555552e-02	1.333333333333333419e-02
5.974997623348227149e-01	6.630649301264378570e-01	7.264302690369807136e-01	4.955223880597015018e-02	6.686567164179103850e-02	1.140298507462686600e-01
7.302587576289607529e-01	7.604506312181256167e-01	5.900844411002424961e-01	1.199999999999999956e-01	1.316666666666666541e-01	1.400000000000000133e-01
3.725788716907722509e-01	4.527615664382982352e-01	2.999069610082043535e-01	0.000000000000000000e+00	1.600000000000000033e-02	0.000000000000000000e+00
3.800843564687212961e-01	4.610582143155432799e-01	4.760293994821682140e-01	0.000000000000000000e+00	0.000000000000000000e+00	0.000000000000000000e+00
9.099065721649484129e-01	9.238643685567010655e-01	9.999516752577319867e-01	7.712499999999999911e-01	8.312500000000000444e-01	9.962499999999999689e-01
8.607438016528925484e-01	8.213670798898071723e-01	7.861225895316804602e-01	3.672727272727272507e-01	3.390909090909091095e-01	3.063636363636363380e-01
8.287628349611820822e-01	8.285541364053761182e-01	8.508640120210367863e-01	6.666666666666666297e-01	6.666666666666666297e-01	6.433333333333333126e-01
9.978804105310129513e-01	9.985497545738509784e-01	9.983824185631414716e-01	8.444444444444444420e-01	8.844444444444444775e-01	8.711111111111110583e-01
9.049874055415617624e-01	8.520654911838790868e-01	9.048362720403022585e-01	7.680000000000000160e-01	7.520000000000000018e-01	7.800000000000000266e-01
5.206024484536082575e-01	5.472777061855670366e-01	1.839561855670103219e-01	0.000000000000000000e+00	0.000000000000000000e+00	0.000000000000000000e+00
8.906970046082949288e-01	8.730288738479262678e-01	9.182387672811059831e-01	4.214285714285714302e-01	4.000000000000000222e-01	5.328571428571428070e-01
9.058569182389937247e-01	9.311792452830188749e-01	9.097012578616352485e-01	5.799999999999999600e-01	6.324999999999999512e-01	7.299999999999999822e-01
5.445859872611464869e-01	5.808589626933575722e-01	7.034758871701546346e-01	8.571428571428571508e-02	9.028571428571428859e-02	1.194285714285714256e-01
8.115713925963233821e-01	8.093049609670108779e-01	8.017591826456091919e-01	1.357142857142857040e-01	1.457142857142857129e-01	7.714285714285713802e-02
8.552858126721762932e-01	8.115587695133149593e-01	8.651744719926538485e-01	2.472727272727272829e-01	1.872727272727272851e-01	1.963636363636363513e-01
6.215242881072027270e-01	6.489949748743718549e-01	6.474874371859296041e-01	0.000000000000000000e+00	0.000000000000000000e+00	0.000000000000000000e+00
6.940808344198174940e-01	7.980052151238592462e-01	8.123511516731856119e-01	4.533333333333333659e-02	1.066666666666666735e-01	1.606666666666666798e-01
9.661158258071214089e-01	9.457820772345063576e-01	9.436961486556628698e-01	8.117948717948717530e-01	8.046153846153846212e-01	8.205128205128204844e-01
6.188387635756056326e-01	5.703425229741019287e-01	4.974101921470342469e-01	0.000000000000000000e+00	0.000000000000000000e+00	0.000000000000000000e+00
9.348679245283019190e-01	9.552075471698112663e-01	9.313081761006288817e-01	5.050000000000000044e-01	5.629999999999999449e-01	8.100000000000000533e-01
6.772151898734176667e-01	5.635368577810870860e-01	7.747877885331347914e-01	2.188235294117646945e-01	2.000000000000000111e-01	2.082352941176470462e-01
8.749373590578802817e-01	9.215422199949887538e-01	8.103232272613379861e-01	3.524999999999999800e-01	3.624999999999999889e-01	1.849999999999999978e-01
6.772294589178357027e-01	6.654308617234468981e-01	3.524048096192384794e-01	0.000000000000000000e+00	0.000000000000000000e+00	0.000000000000000000e+00
4.451910540567646235e-01	5.201032995687493443e-01	4.016547989168589017e-01	1.923076923076923184e-02	4.384615384615384720e-02	5.384615384615384394e-03
9.990845959595959780e-01	9.993686868686868507e-01	9.989898989898989834e-01	9.250000000000000444e-01	9.499999999999999556e-01	9.200000000000000400e-01
7.930498163452709415e-01	7.319214876033057759e-01	6.874196510560146578e-01	1.600000000000000033e-01	1.527272727272727393e-01	1.581818181818181734e-01
4.616623711340206437e-01	5.349656357388316019e-01	4.215206185567010322e-01	0.000000000000000000e+00	0.000000000000000000e+00	0.000000000000000000e+00
8.306767260242731155e-01	7.346412963750562630e-01	9.318897662062292087e-01	2.302439024390244005e-01	1.819512195121951170e-01	2.512195121951219523e-01
4.883779867196429425e-01	6.531561258368258072e-01	4.808958798236542820e-01	2.289473684210526286e-02	2.605263157894736892e-02	2.605263157894736892e-02
6.271564694082246705e-01	5.540496489468405006e-01	5.811935807422267120e-01	0.000000000000000000e+00	0.000000000000000000e+00	0.000000000000000000e+00
8.018376097852577544e-01	7.400129902975123297e-01	7.971444337149952153e-01	2.268181818181818077e-01	1.981818181818181812e-01	1.890909090909090873e-01
8.789592760180995334e-01	8.761349185224617253e-01	9.063377990713631371e-01	3.129411764705882226e-01	3.494117647058823661e-01	3.282352941176470695e-01
6.648869346733667918e-01	6.746859296482412560e-01	6.623115577889446826e-01	3.166666666666666519e-01	3.233333333333333059e-01	1.166666666666666685e-01
1.000000000000000000e+00	1.000000000000000000e+00	9.990821860659157005e-01	1.000000000000000000e+00	1.000000000000000000e+00	9.266666666666666385e-01
8.682073180942811996e-01	7.892768427809874199e-01	7.227664740852381975e-01	2.044444444444444564e-01	1.799999999999999933e-01	8.888888888888889228e-02
4.320317387363233896e-01	5.618225516105557205e-01	4.298326247654065679e-01	0.000000000000000000e+00	0.000000000000000000e+00	0.000000000000000000e+00
4.533113422989089036e-01	5.710902478220417633e-01	1.792269305590797612e-01	0.000000000000000000e+00	0.000000000000000000e+00	0.000000000000000000e+00
8.710856669885501669e-01	8.297121442037982408e-01	8.053869499241275154e-01	3.036363636363636487e-01	3.036363636363636487e-01	3.590909090909090717e-01
8.367263843648208299e-01	8.553777248809821820e-01	8.286457028313706230e-01	2.500000000000000000e-01	2.800000000000000266e-01	1.625000000000000056e-01
9.992492492492492939e-01	9.994994994994994553e-01	9.998331664998331147e-01	9.533333333333333659e-01	9.599999999999999645e-01	9.866666666666666918e-01
6.205098701952465046e-01	6.495721117543418188e-01	4.994786235662148077e-01	2.842857142857143082e-01	2.857142857142856984e-01	2.857142857142856984e-01
9.983295748768061806e-01	9.969097135220913453e-01	9.860519502213312970e-01	8.666666666666666963e-01	7.533333333333332993e-01	2.166666666666666741e-01
4.322257607926397460e-01	4.995523708421797382e-01	7.012632696390658227e-01	1.250000000000000069e-02	1.333333333333333419e-02	1.361111111111111029e-02
1.000000000000000000e+00	1.000000000000000000e+00	9.993742177722152453e-01	1.000000000000000000e+00	1.000000000000000000e+00	9.499999999999999556e-01
7.555527454616983718e-01	6.786264261226324646e-01	7.606980273141122906e-01	1.164444444444444476e-01	9.777777777777778290e-02	9.955555555555554992e-02
2.884326489734602150e-01	4.287931897846770091e-01	3.550325488232348725e-01	0.000000000000000000e+00	0.000000000000000000e+00	0.000000000000000000e+00
7.098301527969047564e-01	6.830988917306053398e-01	8.410289199291757223e-01	1.541025641025640935e-01	1.556410256410256376e-01	4.679487179487179516e-01
7.419364095500459166e-01	6.483700642791552227e-01	6.638544536271808738e-01	1.163636363636363635e-01	9.636363636363635965e-02	8.727272727272727959e-02
9.386191552732622290e-01	8.733268740804536190e-01	8.078372268274303103e-01	1.857142857142857206e-01	1.171428571428571458e-01	1.057142857142857190e-01
9.962434259954920934e-01	9.972451790633608537e-01	9.966608231071041324e-01	6.999999999999999556e-01	7.800000000000000266e-01	7.333333333333332815e-01
8.242003367003366554e-01	8.490740740740740922e-01	8.512205387205387108e-01	3.266666666666666607e-01	3.300000000000000155e-01	3.266666666666666607e-01
3.292023884978483306e-01	5.397012709744136716e-01	4.246672448877472639e-01	0.000000000000000000e+00	0.000000000000000000e+00	0.000000000000000000e+00
9.959949937421777033e-01	9.949937421777221846e-01	9.834793491864830539e-01	6.800000000000000488e-01	5.999999999999999778e-01	2.200000000000000011e-01
9.954086317722681265e-01	9.973286584856833059e-01	9.952416729276233331e-01	6.666666666666666297e-01	7.866666666666666252e-01	6.199999999999999956e-01
4.995604963805584386e-01	6.155567045846259688e-01	4.499689762150982375e-01	4.560000000000000164e-02	6.133333333333332998e-02	3.066666666666666499e-02
9.993715434891905502e-01	9.994972347913524402e-01	9.982403217697335407e-01	9.599999999999999645e-01	9.599999999999999645e-01	8.599999999999999867e-01
4.992484969939879891e-01	5.016282565130260052e-01	4.621743486973947657e-01	0.000000000000000000e+00	0.000000000000000000e+00	0.000000000000000000e+00
6.211296300559404626e-01	6.282488086742328282e-01	5.213978222334768597e-01	0.000000000000000000e+00	0.000000000000000000e+00	0.000000000000000000e+00
6.718050975279290515e-01	7.586522483830560049e-01	8.709665874172354272e-01	5.058823529411764913e-02	8.000000000000000167e-02	1.835294117647058854e-01
6.092795587728369044e-01	7.123440193036884027e-01	4.970148224750086108e-01	6.106666666666666493e-02	7.040000000000000424e-02	6.106666666666666493e-02
3.527016546018614251e-01	5.818948373239997141e-01	4.133919338159255386e-01	0.000000000000000000e+00	0.000000000000000000e+00	2.384615384615384678e-02
6.836907449209932430e-01	5.664816904941057940e-01	5.250815149235014134e-01	0.000000000000000000e+00	0.000000000000000000e+00	0.000000000000000000e+00
8.375376506024095891e-01	8.433734939759036653e-01	6.019076305220883993e-01	5.000000000000000000e-01	5.000000000000000000e-01	5.000000000000000000e-01
9.999128768078062723e-01	9.998257536156124337e-01	1.000000000000000000e+00	9.933333333333332904e-01	9.866666666666666918e-01	1.000000000000000000e+00
7.722752918831350399e-01	6.772526674487459042e-01	8.156248254287470356e-01	0.000000000000000000e+00	0.000000000000000000e+00	0.000000000000000000e+00
9.212534400800600487e-01	7.979734801100825115e-01	6.047035276457343178e-01	5.000000000000000000e-01	5.000000000000000000e-01	4.199999999999999845e-01
7.494781229124916067e-01	7.319221776887107067e-01	8.216432865731463364e-01	2.333333333333333370e-01	2.800000000000000266e-01	2.366666666666666641e-01
8.458050182958704033e-01	7.491287680780623903e-01	7.551054190625544615e-01	1.226666666666666600e-01	1.073333333333333361e-01	9.066666666666667318e-02
8.939327116935483764e-01	8.683530745967742437e-01	9.481746831797235320e-01	2.949999999999999845e-01	2.914285714285714257e-01	4.607142857142856873e-01
9.996869521662909985e-01	1.000000000000000000e+00	9.991234660656148625e-01	9.799999999999999822e-01	1.000000000000000000e+00	9.300000000000000488e-01
1.000000000000000000e+00	1.000000000000000000e+00	1.000000000000000000e+00	1.000000000000000000e+00	1.000000000000000000e+00	1.000000000000000000e+00
1.000000000000000000e+00	1.000000000000000000e+00	9.892338507761642141e-01	1.000000000000000000e+00	1.000000000000000000e+00	1.400000000000000133e-01
5.387002677005445772e-01	5.856143265946645027e-01	7.916920520631404168e-01	8.173913043478260587e-02	9.072463768115941740e-02	1.226086956521739157e-01
9.606906218144750653e-01	9.495412844036696942e-01	9.257772680937818022e-01	4.799999999999999822e-01	4.949999999999999956e-01	2.999999999999999889e-01
6.827622991967871036e-01	6.237240629183400387e-01	6.673150937081659961e-01	2.166666666666666741e-02	1.000000000000000021e-02	0.000000000000000000e+00
6.320593792172739533e-01	5.550000000000000488e-01	6.142591093117408807e-01	2.526315789473684154e-02	2.400000000000000050e-02	1.621052631578947384e-02
6.491943605236656367e-01	6.715634441087613427e-01	5.418680765357501983e-01	5.000000000000000278e-02	5.099999999999999672e-02	3.300000000000000155e-02
8.347452309236947920e-01	7.128200301204818956e-01	8.055346385542169196e-01	1.150000000000000050e-01	1.049999999999999961e-01	1.049999999999999961e-01
5.951705780095610798e-01	7.044138418079095576e-01	7.761951325510647592e-01	2.583333333333333315e-02	3.874999999999999972e-02	7.833333333333333814e-02
9.188868087557603426e-01	8.846216157834101423e-01	9.306595622119815392e-01	4.057142857142856940e-01	3.928571428571428492e-01	4.357142857142857206e-01
7.870541638184084254e-01	6.919256906188426814e-01	7.733523663999356534e-01	1.400000000000000133e-01	7.692307692307692735e-02	6.615384615384616029e-02
6.799098196392785454e-01	6.979959919839678895e-01	4.906312625250501269e-01	2.000000000000000111e-01	2.000000000000000111e-01	1.199999999999999956e-01
7.940452261306533144e-01	7.264321608040200662e-01	3.735175879396984699e-01	0.000000000000000000e+00	0.000000000000000000e+00	0.000000000000000000e+00
8.070605159308722465e-01	6.722167142940456142e-01	8.588285608755661382e-01	1.092307692307692285e-01	4.307692307692307515e-02	1.692307692307692263e-02
6.876683501683501509e-01	6.613425925925925375e-01	6.228675645342311995e-01	1.888888888888888909e-02	2.999999999999999889e-02	2.111111111111111174e-02
5.693164652567975770e-01	5.809604733131923382e-01	5.564702920443101997e-01	1.000000000000000021e-03	1.000000000000000021e-03	0.000000000000000000e+00
7.877877877877877966e-01	9.055305305305305641e-01	4.115365365365365458e-01	0.000000000000000000e+00	0.000000000000000000e+00	0.000000000000000000e+00
8.475079444723198074e-01	7.538467971232647447e-01	9.137815688242181267e-01	6.666666666666666297e-01	6.666666666666666297e-01	6.199999999999999956e-01
6.257070063694267770e-01	6.670464058234758520e-01	7.487315741583256967e-01	1.297142857142857264e-01	1.417142857142857093e-01	1.645714285714285630e-01
6.090870810173488747e-01	7.217449890517095845e-01	4.525349503116051775e-01	6.666666666666666574e-02	9.199999999999999845e-02	6.533333333333332660e-02
6.469924812030075634e-01	5.657198551935394004e-01	4.179058758006126695e-01	2.666666666666666838e-02	0.000000000000000000e+00	0.000000000000000000e+00
9.994577911244577617e-01	9.994160827494160682e-01	9.967467467467467923e-01	9.533333333333333659e-01	9.533333333333333659e-01	7.399999999999999911e-01
6.588739095955590264e-01	5.974358974358974228e-01	6.374253238170763947e-01	7.443298969072165150e-02	6.824742268041236737e-02	7.835051546391752497e-02
1.000000000000000000e+00	1.000000000000000000e+00	1.000000000000000000e+00	1.000000000000000000e+00	1.000000000000000000e+00	1.000000000000000000e+00
9.367635998997242419e-01	9.410044288459931128e-01	8.874822428344614211e-01	8.333333333333333703e-01	8.333333333333333703e-01	4.699999999999999734e-01
8.630844645550528327e-01	9.049019607843137303e-01	9.535193564605329852e-01	4.520000000000000129e-01	5.240000000000000213e-01	8.980000000000000204e-01
3.024847870182555964e-01	5.253760987153481832e-01	1.444388100067613145e-01	0.000000000000000000e+00	0.000000000000000000e+00	0.000000000000000000e+00
6.674185463659147999e-01	6.012531328320801505e-01	4.973266499582288946e-01	0.000000000000000000e+00	0.000000000000000000e+00	0.000000000000000000e+00
7.442112066543022930e-01	6.611813634575395282e-01	7.266846512673523772e-01	1.644444444444444556e-02	1.022222222222222282e-02	5.377777777777777851e-02
5.521383075523202955e-01	6.125605095541400980e-01	6.310973612374886077e-01	1.114285714285714324e-01	1.120000000000000023e-01	9.714285714285714191e-02
5.297619047619047672e-01	5.552005012531328054e-01	9.224310776942356016e-01	0.000000000000000000e+00	0.000000000000000000e+00	0.000000000000000000e+00
8.063799148509892545e-01	8.640433258201852817e-01	4.347608314550463482e-01	2.500000000000000139e-02	1.499999999999999944e-01	0.000000000000000000e+00
7.744914324301510611e-01	7.303705579471596598e-01	5.348189415041783024e-01	5.866666666666666557e-02	4.533333333333333659e-02	3.599999999999999728e-02
1.000000000000000000e+00	1.000000000000000000e+00	1.000000000000000000e+00	1.000000000000000000e+00	1.000000000000000000e+00	1.000000000000000000e+00
5.505619950825429987e-01	4.451527924130663783e-01	5.903371970495258081e-01	0.000000000000000000e+00	0.000000000000000000e+00	0.000000000000000000e+00
9.607073238652186209e-01	9.498468393205234950e-01	9.571707045391255608e-01	4.799999999999999822e-01	4.511111111111111294e-01	5.955555555555555047e-01
7.818370226651379928e-01	7.489843313637298827e-01	8.722256518799423874e-01	9.632183908045977017e-02	9.494252873563217843e-02	4.726436781609195670e-01
5.066204169930252910e-01	5.218939987318638174e-01	4.126850919398754036e-01	0.000000000000000000e+00	0.000000000000000000e+00	0.000000000000000000e+00
6.124119947848761791e-01	6.911603650586701786e-01	3.976531942633637629e-01	0.000000000000000000e+00	0.000000000000000000e+00	0.000000000000000000e+00
1.000000000000000000e+00	1.000000000000000000e+00	1.000000000000000000e+00	1.000000000000000000e+00	1.000000000000000000e+00	1.000000000000000000e+00
4.922272961538000646e-01	5.594429062840842182e-01	4.296621240995768809e-01	0.000000000000000000e+00	0.000000000000000000e+00	0.000000000000000000e+00
9.602624567972349867e-01	9.398311491935483764e-01	9.274913594470045597e-01	4.757142857142857006e-01	4.771428571428571463e-01	6.357142857142856762e-01
3.625004531119730422e-01	4.649472577663392170e-01	2.476528799797005909e-01	0.000000000000000000e+00	0.000000000000000000e+00	0.000000000000000000e+00
5.823234852278417195e-01	5.933650475713569961e-01	5.371557336004005867e-01	0.000000000000000000e+00	0.000000000000000000e+00	0.000000000000000000e+00
3.707007912158888918e-01	4.512179649835067474e-01	2.905353971073331709e-01	0.000000000000000000e+00	0.000000000000000000e+00	0.000000000000000000e+00
8.926197642337597715e-01	8.707204665161776269e-01	8.829633809882116990e-01	5.000000000000000000e-01	5.000000000000000000e-01	1.224999999999999978e-01
6.345592948717948545e-01	5.627791132478632274e-01	6.173717948717948323e-01	0.000000000000000000e+00	0.000000000000000000e+00	3.749999999999999861e-03
8.618762314528127799e-01	7.877779564920182054e-01	7.453858217057380831e-01	1.307692307692307765e-01	1.199999999999999956e-01	2.307692307692307820e-02
9.208834963631803427e-01	9.156790820165537914e-01	7.299661399548532659e-01	2.500000000000000000e-01	2.675000000000000155e-01	2.824999999999999734e-01
8.000528808571296668e-01	7.411941877040510995e-01	7.659677196854738357e-01	1.721212121212121193e-01	1.703030303030302894e-01	1.242424242424242375e-01
4.827188362177075587e-01	5.741158765989465840e-01	6.187108101329320542e-01	0.000000000000000000e+00	0.000000000000000000e+00	0.000000000000000000e+00
7.788341255941956254e-01	8.191768826619965083e-01	6.755066299724793444e-02	0.000000000000000000e+00	0.000000000000000000e+00	0.000000000000000000e+00
8.550325488232348725e-01	7.522951093306626813e-01	8.405107661492238202e-01	6.666666666666666297e-01	6.666666666666666297e-01	6.333333333333333037e-01
7.164071770162885322e-01	7.309338031714069928e-01	7.422482710678028894e-01	2.371428571428571552e-01	2.733333333333333171e-01	3.238095238095238249e-01
6.843257443082311209e-01	8.583937953465098358e-01	3.059794846134600843e-01	0.000000000000000000e+00	0.000000000000000000e+00	0.000000000000000000e+00
8.495109104589917415e-01	8.716453473789816941e-01	8.412758130591088124e-01	4.466666666666666563e-01	4.500000000000000111e-01	5.000000000000000000e-01
9.513443396226415327e-01	9.663993710691823891e-01	9.026572327044025679e-01	6.524999999999999689e-01	6.674999999999999822e-01	8.325000000000000178e-01
4.860356931404888892e-01	5.865896980461812182e-01	2.900194536073754659e-01	3.333333333333333287e-02	3.333333333333333287e-02	1.266666666666666635e-02
6.917386813565157277e-01	7.359218454122912201e-01	8.331829919091066072e-01	1.121621621621621684e-01	1.294594594594594694e-01	3.559459459459459185e-01
7.329773869346734028e-01	6.583542713567839266e-01	3.189070351758793720e-01	0.000000000000000000e+00	0.000000000000000000e+00	0.000000000000000000e+00
9.854229229229228837e-01	9.958708708708708945e-01	9.882382382382381980e-01	2.200000000000000011e-01	6.700000000000000400e-01	4.500000000000000111e-01
8.828165647762746815e-01	8.496601847034339627e-01	9.469058922996878014e-01	4.496774193548387366e-01	4.451612903225806717e-01	5.967741935483871218e-01
8.834981285961678310e-01	8.550360315066197758e-01	9.245293559019048812e-01	4.333333333333333481e-01	3.666666666666666408e-01	3.577777777777777501e-01
7.218828320802005427e-01	6.314536340852130447e-01	5.683583959899749516e-01	0.000000000000000000e+00	0.000000000000000000e+00	0.000000000000000000e+00
7.742140678407749554e-01	6.936588954798362794e-01	7.429760426725525724e-01	1.121212121212121215e-01	1.006060606060606016e-01	1.600000000000000033e-01
5.207185778668002030e-01	6.016524787180771439e-01	2.929394091136705014e-01	0.000000000000000000e+00	0.000000000000000000e+00	0.000000000000000000e+00
6.325015281723058713e-01	6.769983100212145777e-01	4.740929847901909078e-01	1.857142857142857206e-01	2.042857142857142927e-01	2.600000000000000089e-01
8.107688454795892730e-01	8.922614575507137324e-01	6.433759078387177865e-01	1.519999999999999962e-01	2.919999999999999818e-01	2.240000000000000047e-01
9.997961264016309579e-01	9.998470948012232462e-01	1.000000000000000000e+00	9.839999999999999858e-01	9.879999999999999893e-01	1.000000000000000000e+00
2.726042459612619262e-01	4.464602892666835743e-01	3.494037046434915195e-01	0.000000000000000000e+00	0.000000000000000000e+00	0.000000000000000000e+00
5.975765543993136752e-01	6.089291708627055932e-01	5.143131550483011072e-01	0.000000000000000000e+00	4.444444444444444441e-03	5.925925925925925632e-03
5.992167919799499254e-01	5.440319548872180055e-01	3.755012531328320580e-01	1.250000000000000069e-02	0.000000000000000000e+00	0.000000000000000000e+00
4.165821501014198569e-01	6.579192021636240950e-01	1.386071670047329396e-01	0.000000000000000000e+00	0.000000000000000000e+00	0.000000000000000000e+00
6.222638762511374377e-01	6.768516833484986561e-01	7.337579617834394385e-01	6.114285714285714463e-02	7.428571428571428825e-02	8.000000000000000167e-02
7.955562659846547868e-01	7.829219948849104327e-01	8.784015345268542108e-01	1.890000000000000013e-01	1.915000000000000036e-01	3.639999999999999902e-01
4.299283771879428562e-01	5.647685344772556126e-01	4.319934377673088632e-01	1.234567901234567833e-02	1.654320987654320924e-02	1.160493827160493860e-02
5.487431389706467488e-01	7.125825312226553576e-01	4.967882427810039192e-01	7.461538461538461120e-02	1.138461538461538469e-01	1.592307692307692313e-01
5.770681882220344283e-01	4.803409411101718929e-01	6.193265708650323997e-01	1.098901098901098900e-03	0.000000000000000000e+00	0.000000000000000000e+00
8.762784605523507020e-01	8.826881810328010003e-01	7.472061979210210536e-01	5.400000000000000355e-01	5.355555555555555625e-01	5.311111111111110894e-01
5.440884833878464333e-01	6.032621793768290219e-01	7.422826648304354791e-01	4.324324324324324564e-02	5.540540540540540848e-02	1.199999999999999956e-01
7.302156469408224160e-01	7.131394182547643457e-01	6.171013039117352328e-01	0.000000000000000000e+00	0.000000000000000000e+00	0.000000000000000000e+00
8.978344122392644122e-01	8.399428471452732303e-01	9.129293754009447648e-01	5.000000000000000000e-01	4.276923076923077049e-01	4.199999999999999845e-01
6.008043930726637560e-01	7.171403139031062857e-01	5.257582501014490539e-01	2.253164556962025319e-02	4.177215189873417778e-02	4.962025316455696139e-02
6.747531020511522426e-01	6.797585886722377069e-01	6.407191694099771961e-01	1.239999999999999991e-01	1.239999999999999991e-01	0.000000000000000000e+00
5.926555148980658938e-01	4.780449555671719697e-01	8.278010106290294434e-01	0.000000000000000000e+00	0.000000000000000000e+00	0.000000000000000000e+00
8.428301886792453068e-01	8.496619496855345455e-01	8.574213836477987405e-01	3.812499999999999778e-01	3.950000000000000178e-01	6.125000000000000444e-01
9.069301976482361249e-01	9.243807855891919001e-01	3.287465599199399513e-01	0.000000000000000000e+00	0.000000000000000000e+00	0.000000000000000000e+00
9.502890899949723025e-01	9.643844717374129294e-01	9.490591108238166651e-01	9.242857142857142660e-01	9.271428571428571574e-01	9.285714285714286031e-01
7.846117424242424754e-01	6.865845959595959780e-01	4.113320707070707294e-01	5.999999999999999778e-02	5.750000000000000250e-02	3.500000000000000333e-02
9.990917063392633635e-01	9.985592583312452586e-01	9.996241543472813573e-01	9.250000000000000444e-01	8.850000000000000089e-01	9.699999999999999734e-01
9.801328653797943824e-01	9.824935238572741758e-01	9.625219353221359242e-01	3.466666666666666785e-01	3.433333333333333237e-01	4.199999999999999845e-01
3.233545022500736166e-01	4.155528451865247996e-01	3.167010135845564900e-01	0.000000000000000000e+00	0.000000000000000000e+00	0.000000000000000000e+00
8.143758883036535945e-01	8.235828944068221968e-01	7.392985536326394103e-01	1.783333333333333437e-01	2.333333333333333370e-01	4.000000000000000083e-02
9.792242028621641614e-01	9.685224704996233669e-01	9.401832789354758191e-01	7.399999999999999911e-01	7.399999999999999911e-01	4.899999999999999911e-01
6.420517942626786656e-01	5.991568585105999656e-01	5.568873051866248813e-01	6.785714285714285199e-02	6.714285714285714302e-02	6.928571428571428381e-02
6.066353362425870310e-01	6.235313863712654836e-01	5.095483197195180836e-01	4.518518518518518240e-02	5.259259259259259356e-02	3.037037037037037049e-02
8.664641943734014973e-01	8.643510230179027864e-01	8.701598465473145971e-01	2.389999999999999902e-01	2.270000000000000073e-01	4.555000000000000160e-01
8.098335276850697761e-01	6.971966437465653144e-01	6.975551891913627234e-01	1.487179487179487135e-02	5.641025641025641454e-03	0.000000000000000000e+00
8.686386235405842982e-01	8.341992067482263407e-01	8.679124071280933661e-01	1.288888888888888862e-01	5.999999999999999778e-02	5.333333333333333676e-02
3.912716328066215277e-01	4.865186857286180055e-01	2.899423125156759262e-01	0.000000000000000000e+00	0.000000000000000000e+00	0.000000000000000000e+00
6.165330661322645511e-01	6.019789579158316695e-01	5.069639278557114270e-01	0.000000000000000000e+00	0.000000000000000000e+00	0.000000000000000000e+00
8.990151894508429109e-01	9.466700050075113060e-01	8.282423635453179944e-01	5.933333333333333792e-01	5.666666666666666519e-01	5.266666666666666163e-01
4.701000909918107151e-01	5.256414922656961197e-01	6.750791628753411988e-01	3.828571428571428403e-02	3.542857142857142733e-02	2.800000000000000058e-02
6.853633037114479354e-01	5.860428646105593220e-01	7.062728698379509007e-01	0.000000000000000000e+00	0.000000000000000000e+00	0.000000000000000000e+00
7.667550713210522506e-01	7.874525123647050373e-01	9.260626478388646055e-01	1.428571428571428492e-01	1.428571428571428492e-01	1.371428571428571497e-01
7.988180634124530943e-01	6.545362648471063638e-01	8.310102836259015691e-01	4.000000000000000083e-02	2.769230769230769315e-02	5.384615384615384914e-02
1.000000000000000000e+00	1.000000000000000000e+00	1.000000000000000000e+00	1.000000000000000000e+00	1.000000000000000000e+00	1.000000000000000000e+00
5.578568054438444168e-01	6.710792574718806858e-01	5.265649137589847317e-01	8.148148148148147418e-03	3.209876543209876781e-02	3.259259259259258967e-02
5.889098465473145971e-01	5.552909207161125238e-01	7.656713554987212289e-01	1.899999999999999953e-02	4.000000000000000083e-03	4.649999999999999967e-02
6.109582186639980206e-01	6.234050537903427225e-01	4.234425819364523447e-01	0.000000000000000000e+00	0.000000000000000000e+00	0.000000000000000000e+00
9.024183053788317199e-01	8.329688403701561716e-01	8.300498843262000825e-01	5.714285714285713969e-01	5.714285714285713969e-01	5.714285714285713969e-01
5.917889676113360364e-01	6.000126518218623639e-01	3.666497975708502000e-01	0.000000000000000000e+00	0.000000000000000000e+00	0.000000000000000000e+00
5.389299338451880583e-01	6.247814959679366398e-01	3.359795258100342630e-01	3.703703703703703498e-02	3.703703703703703498e-02	3.703703703703703498e-02
8.502446018893387025e-01	8.775725371120107754e-01	6.309885290148448123e-01	3.133333333333333526e-01	3.200000000000000067e-01	2.933333333333333348e-01
5.349034119417962474e-01	5.634721525338685089e-01	4.231058705469141756e-01	1.666666666666666574e-01	1.666666666666666574e-01	1.616666666666666530e-01
7.361837021426062000e-01	6.856884439761151695e-01	6.617983842641377290e-01	8.602739726027397449e-02	7.726027397260273877e-02	7.260273972602739045e-02
8.398064035740878674e-01	7.440953090096797951e-01	8.018317200297840897e-01	1.317647058823529505e-01	1.164705882352941174e-01	1.482352941176470484e-01
5.109106855340148634e-01	6.435193669577055076e-01	4.992244053774560486e-01	2.000000000000000042e-02	3.012658227848101153e-02	2.962025316455696097e-02
3.671911723230233959e-01	5.678939080567829700e-01	3.927799191501363252e-01	2.999999999999999889e-02	5.545454545454545775e-02	2.545454545454545539e-02
6.918131868131868201e-01	6.200817131586362496e-01	6.859058889828120176e-01	2.549450549450549622e-02	2.417582417582417667e-02	3.428571428571428742e-02
7.156101227762465822e-01	7.559508895013781204e-01	8.170884490102731101e-01	2.500000000000000000e-01	3.150000000000000022e-01	2.550000000000000044e-01
6.095960660344221793e-01	5.291271513874253873e-01	5.916473480857042944e-01	1.287671232876712313e-02	1.178082191780821866e-02	1.150684931506849341e-02
7.495401722264024569e-01	7.466557980101997671e-01	5.329821921244043414e-01	0.000000000000000000e+00	0.000000000000000000e+00	0.000000000000000000e+00
8.012280110155679536e-01	7.410386106895969771e-01	7.817512504917664140e-01	1.915555555555555622e-01	1.928888888888888875e-01	1.986666666666666581e-01
6.660512636673239228e-01	7.097687757662664021e-01	7.131027065782398200e-01	4.285714285714285476e-01	4.285714285714285476e-01	3.800000000000000044e-01
5.356273896419881941e-01	6.271978713458703503e-01	5.226708856207975540e-01	2.476190476190476275e-02	3.523809523809523503e-02	3.238095238095237832e-02
7.262411347517730986e-01	7.796829370045890162e-01	8.718397997496870611e-01	3.333333333333333148e-01	4.600000000000000200e-01	3.133333333333333526e-01
8.888162739322532646e-01	9.061763622974963184e-01	9.369293078055964674e-01	7.099999999999999645e-01	7.500000000000000000e-01	9.014285714285714679e-01
9.470898143502257671e-01	9.461615654791770691e-01	9.712995484194680840e-01	5.819999999999999618e-01	5.819999999999999618e-01	6.959999999999999520e-01
8.179663096831771840e-01	8.039100847835787267e-01	8.396921017402945164e-01	6.666666666666666297e-01	6.666666666666666297e-01	6.666666666666666297e-01
8.269412161024086716e-01	8.839228566616136318e-01	7.420245915445511375e-01	3.373333333333333184e-01	3.733333333333333504e-01	3.519999999999999796e-01
6.913392907323104852e-01	6.018827628842803312e-01	7.073736862811217385e-01	3.155555555555555891e-02	3.022222222222222324e-02	2.977777777777777801e-02
9.464098280679449360e-01	9.248407078337743670e-01	8.959833242168443457e-01	7.541176470588235592e-01	7.517647058823528905e-01	7.647058823529411242e-01
6.885994492216039875e-01	6.067751362895520417e-01	7.013038835497105161e-01	8.222222222222222432e-02	5.777777777777777513e-02	6.577777777777778223e-02
9.885953608247423086e-01	9.906572164948453940e-01	9.728737113402061709e-01	7.149999999999999689e-01	7.149999999999999689e-01	7.399999999999999911e-01
8.900256956630734351e-01	8.169967410378541350e-01	9.260779644021057688e-01	4.699999999999999734e-01	4.600000000000000200e-01	3.175000000000000044e-01
8.318756953100915341e-01	7.284839224201482555e-01	7.298041738710844273e-01	1.379487179487179360e-01	1.194871794871794901e-01	1.030769230769230799e-01
6.949663294486639886e-01	5.914101657390609112e-01	7.154607791888318857e-01	0.000000000000000000e+00	0.000000000000000000e+00	0.000000000000000000e+00
4.469164804087031873e-01	5.625484650823335819e-01	2.310815125667107506e-01	0.000000000000000000e+00	0.000000000000000000e+00	0.000000000000000000e+00
7.030251818824685417e-01	7.315390792612036508e-01	6.077810938118011208e-01	2.285714285714285643e-01	2.542857142857142816e-01	2.828571428571428625e-01
9.435638374783111848e-01	9.184409340659340781e-01	8.576489300173510966e-01	5.714285714285713969e-01	5.714285714285713969e-01	5.714285714285713969e-01
4.487852209327562458e-01	5.821013188300330210e-01	4.376875151608002334e-01	2.197530864197530867e-02	2.962962962962963076e-02	1.851851851851851749e-02
8.426119533019690300e-01	7.560885707775409914e-01	7.786735829077700011e-01	1.646153846153846079e-01	1.400000000000000133e-01	1.394871794871794801e-01
5.707091123463028381e-01	6.895654370894390706e-01	4.805457301667508951e-01	8.266666666666666607e-02	1.519999999999999962e-01	1.453333333333333421e-01
9.386626445449974820e-01	9.585470085470085833e-01	9.324283559577677405e-01	8.439999999999999725e-01	8.719999999999999973e-01	9.000000000000000222e-01
9.597117794486215159e-01	9.793859649122806932e-01	8.246867167919799124e-01	5.000000000000000000e-01	5.000000000000000000e-01	5.000000000000000000e-01
4.816492323601940795e-01	6.851284702887598943e-01	4.441571871768355551e-01	0.000000000000000000e+00	0.000000000000000000e+00	0.000000000000000000e+00
8.837531486146095183e-01	8.282871536523929157e-01	8.954659949622165716e-01	3.519999999999999796e-01	3.519999999999999796e-01	5.360000000000000320e-01
9.719143576826196895e-01	9.516372795969773035e-01	9.206045340050378334e-01	6.840000000000000524e-01	6.640000000000000346e-01	7.920000000000000373e-01
7.411678960309097119e-01	6.853582718651212158e-01	6.441201264488936040e-01	6.712328767123287854e-02	6.273972602739726068e-02	5.863013698630137327e-02
7.403201787043931503e-01	6.327252419955323726e-01	7.665376023827252805e-01	8.117647058823529438e-02	5.882352941176470507e-02	3.058823529411764872e-02
9.631447170756134435e-01	9.808212318477717018e-01	8.024036054081121749e-01	6.039999999999999813e-01	7.399999999999999911e-01	7.439999999999999947e-01
8.054556247077022668e-01	8.141705939489872756e-01	7.778897003273734789e-01	1.885714285714285843e-01	1.857142857142857206e-01	1.428571428571428492e-01
7.265664160401003047e-01	6.434837092731829911e-01	7.156641604010025581e-01	0.000000000000000000e+00	0.000000000000000000e+00	0.000000000000000000e+00
7.897391637897966943e-01	7.239317222861526568e-01	8.352742616033754786e-01	4.909090909090908783e-02	3.636363636363636187e-02	2.484848484848484890e-02
8.392304860088365404e-01	8.796483799705449025e-01	9.275957290132548216e-01	5.157142857142856807e-01	5.457142857142857073e-01	7.385714285714285454e-01
5.778350515463916981e-01	5.547680412371134295e-01	5.845360824742268369e-01	5.000000000000000000e-01	5.000000000000000000e-01	5.000000000000000000e-01
9.998980632008155345e-01	1.000000000000000000e+00	1.000000000000000000e+00	9.919999999999999929e-01	1.000000000000000000e+00	1.000000000000000000e+00
8.016278020159470774e-01	7.591033548969460254e-01	9.010982398074319777e-01	6.894117647058824183e-02	6.894117647058824183e-02	3.007058823529411562e-01
9.705307961942913897e-01	9.748622934401602880e-01	9.920380570856284219e-01	7.960000000000000409e-01	8.000000000000000444e-01	7.199999999999999734e-01
6.829984932194876901e-01	6.602879624979072215e-01	6.043529214799933102e-01	6.666666666666666574e-02	6.666666666666666574e-02	6.133333333333332998e-02
9.710327455919395279e-01	9.494962216624684981e-01	9.497229219143576984e-01	8.000000000000000444e-01	8.000000000000000444e-01	7.840000000000000302e-01
5.598362147406733547e-01	6.065477707006369235e-01	6.660018198362147590e-01	2.857142857142857054e-02	3.599999999999999728e-02	9.028571428571428859e-02
6.196731369924141086e-01	6.194360776439089555e-01	7.503625613565372277e-01	1.066666666666666735e-01	1.066666666666666735e-01	6.666666666666666574e-02
7.599360930599935449e-01	6.965856460704412667e-01	7.823932790004667348e-01	5.714285714285713969e-01	5.714285714285713969e-01	5.714285714285713969e-01
1.000000000000000000e+00	1.000000000000000000e+00	1.000000000000000000e+00	1.000000000000000000e+00	1.000000000000000000e+00	1.000000000000000000e+00
2.183796038501312486e-01	4.269747832312465463e-01	3.494650385808606985e-01	0.000000000000000000e+00	0.000000000000000000e+00	0.000000000000000000e+00
4.608189262966332911e-01	5.077379435850772893e-01	6.101838034576888559e-01	0.000000000000000000e+00	0.000000000000000000e+00	0.000000000000000000e+00
4.594696022016512282e-01	4.438954215661746194e-01	5.327745809357017359e-01	0.000000000000000000e+00	0.000000000000000000e+00	0.000000000000000000e+00
5.732380788431743479e-01	6.315699776209330318e-01	7.451334136684455434e-01	3.729729729729729798e-02	5.297297297297297314e-02	1.894594594594594672e-01
7.283563362609786207e-01	7.834020433769492975e-01	6.704068829539343577e-01	1.428571428571428492e-01	1.428571428571428492e-01	1.342857142857142860e-01
4.730167700860418711e-01	5.234538995640238834e-01	3.666466748171899326e-01	0.000000000000000000e+00	0.000000000000000000e+00	0.000000000000000000e+00
9.157486229344016238e-01	9.260891337005507928e-01	6.880821231847771280e-01	3.920000000000000151e-01	3.960000000000000187e-01	1.199999999999999956e-01
7.049148541561288672e-01	6.273169223852076426e-01	7.271567470353509366e-01	6.666666666666666574e-02	5.377777777777777851e-02	5.466666666666666896e-02
6.454331413280509633e-01	6.250466981173056213e-01	5.020634051832738587e-01	2.965517241379310442e-02	3.034482758620689682e-02	3.034482758620689682e-02
7.369244857706396257e-01	6.679684418145956926e-01	7.103268526345449807e-01	8.043956043956043689e-02	7.780219780219779779e-02	7.120879120879121393e-02
9.218671363865122981e-01	9.714393558127830675e-01	9.726975339708102686e-01	0.000000000000000000e+00	1.900000000000000022e-01	0.000000000000000000e+00
9.998746867167920271e-01	9.999373433583960136e-01	1.000000000000000000e+00	9.949999999999999956e-01	9.949999999999999956e-01	1.000000000000000000e+00
6.695320579110651815e-01	7.796664943123060576e-01	5.629524301964839994e-01	5.000000000000000000e-01	5.000000000000000000e-01	5.000000000000000000e-01
5.244331210191083281e-01	5.825550500454959035e-01	6.056414922656960798e-01	2.857142857142857054e-02	2.857142857142857054e-02	5.085714285714285771e-02
8.652901202300051775e-01	7.552012545739675842e-01	7.812859383167799487e-01	0.000000000000000000e+00	0.000000000000000000e+00	0.000000000000000000e+00
7.165376023827252361e-01	6.121816827997021981e-01	7.422784810126582533e-01	9.882352941176469896e-02	8.470588235294117252e-02	3.529411764705882304e-02
9.999686166206377402e-01	9.999372332412753694e-01	1.000000000000000000e+00	9.966666666666667007e-01	9.949999999999999956e-01	1.000000000000000000e+00
8.083942914515204192e-01	6.548605134825014051e-01	7.952882960413081292e-01	1.785714285714285754e-01	1.371428571428571497e-01	4.000000000000000083e-02
7.932416879795396447e-01	7.861892583120204669e-01	8.519884910485933105e-01	2.795000000000000262e-01	2.989999999999999880e-01	3.830000000000000071e-01
7.699043893959147677e-01	8.373913515862668744e-01	8.965395480225988312e-01	2.895833333333333592e-01	3.370833333333333459e-01	4.924999999999999933e-01
9.884827240861291386e-01	9.957436154231347203e-01	9.996244366549824623e-01	5.000000000000000000e-01	6.600000000000000311e-01	9.699999999999999734e-01
4.604622730732855218e-01	5.412158889068302559e-01	2.596941247030056799e-01	0.000000000000000000e+00	0.000000000000000000e+00	0.000000000000000000e+00
5.710737581535373364e-01	7.047165077772202801e-01	2.873055694932262760e-01	0.000000000000000000e+00	0.000000000000000000e+00	0.000000000000000000e+00
9.507397424378556394e-01	9.676609763402216347e-01	9.214255765199161896e-01	6.733333333333333393e-01	6.942857142857142838e-01	7.438095238095238093e-01
6.502505010020039888e-01	6.889028056112224130e-01	4.358216432865731349e-01	0.000000000000000000e+00	0.000000000000000000e+00	0.000000000000000000e+00
5.228565453785026795e-01	4.486198243412797826e-01	4.063571727310748560e-01	0.000000000000000000e+00	0.000000000000000000e+00	0.000000000000000000e+00
8.086855396065922852e-01	7.309542796384901342e-01	7.368421052631578538e-01	9.210526315789473173e-02	8.842105263157894190e-02	8.736842105263158131e-02
5.360824742268041065e-01	5.197809278350515871e-01	5.063144329896906992e-01	0.000000000000000000e+00	0.000000000000000000e+00	0.000000000000000000e+00
8.660326993660326655e-01	7.681014347681014431e-01	7.310643977310643526e-01	0.000000000000000000e+00	0.000000000000000000e+00	0.000000000000000000e+00
1.000000000000000000e+00	1.000000000000000000e+00	1.000000000000000000e+00	1.000000000000000000e+00	1.000000000000000000e+00	1.000000000000000000e+00
7.180599320358356241e-01	6.726814952116156876e-01	6.630614766759345136e-01	4.265060240963855498e-02	3.518072289156626287e-02	5.180722891566265365e-02
4.999186104408441800e-01	6.282954792089573415e-01	4.496501844830007588e-01	6.419753086419752695e-03	9.629629629629630344e-03	7.160493827160494158e-03
9.776322418136019765e-01	9.693450881612091230e-01	9.609571788413098226e-01	5.679999999999999494e-01	5.560000000000000497e-01	5.999999999999999778e-01
8.821447482094585402e-01	8.649639104868600548e-01	8.848201098012986598e-01	5.133333333333333082e-01	5.288888888888888529e-01	5.066666666666667096e-01
7.682503770739065319e-01	6.753896430367019033e-01	5.958270487682252314e-01	2.000000000000000111e-01	2.000000000000000111e-01	1.960000000000000075e-01
5.198772627272376656e-01	5.652572465166544324e-01	3.187309429155891771e-01	0.000000000000000000e+00	0.000000000000000000e+00	0.000000000000000000e+00
5.438439849624060463e-01	5.840068922305764465e-01	4.064536340852130114e-01	0.000000000000000000e+00	0.000000000000000000e+00	0.000000000000000000e+00
6.755050505050504972e-01	5.819444444444444864e-01	4.112554112554112629e-01	0.000000000000000000e+00	0.000000000000000000e+00	0.000000000000000000e+00
8.617794044154393207e-01	8.503233677279007363e-01	8.816033159890642734e-01	2.889655172413793105e-01	2.832183908045977083e-01	5.549425287356322123e-01
7.556040712155223105e-01	6.688139971095600211e-01	7.397835244918667952e-01	4.705882352941176405e-02	4.470588235294117863e-02	1.529411764705882436e-02
8.274391773263105598e-01	7.402338851266616615e-01	7.510973162779032153e-01	0.000000000000000000e+00	0.000000000000000000e+00	0.000000000000000000e+00
8.408865710560625706e-01	9.084485006518905337e-01	9.997392438070403786e-01	2.159999999999999976e-01	3.280000000000000138e-01	9.799999999999999822e-01
9.998748748748749193e-01	9.998748748748749193e-01	9.989989989989990216e-01	9.899999999999999911e-01	9.899999999999999911e-01	9.200000000000000400e-01
6.823842302878597721e-01	7.043804755944931273e-01	3.654568210262828520e-01	0.000000000000000000e+00	0.000000000000000000e+00	0.000000000000000000e+00
7.536792794241826687e-01	5.983285750666827996e-01	6.717734260860240836e-01	4.256410256410256276e-02	2.871794871794871792e-02	2.256410256410256582e-02
8.125386160024714588e-01	6.909561322211924539e-01	7.690376892184120905e-01	8.615384615384615030e-02	7.692307692307692735e-02	5.846153846153846062e-02
7.073208917835671627e-01	7.516908817635270523e-01	6.290080160320641323e-01	2.500000000000000000e-01	2.500000000000000000e-01	1.749999999999999889e-01
8.282656676540628427e-01	7.319001568217459175e-01	7.043619678225010450e-01	1.733333333333333393e-01	1.511111111111111127e-01	6.555555555555556135e-02
6.431782070580364108e-01	6.588580866365613131e-01	4.098093326643251211e-01	8.333333333333332871e-02	8.333333333333332871e-02	7.499999999999999722e-02
5.781467437792843223e-01	6.922644809580349445e-01	5.578472302015907713e-01	3.629629629629629872e-02	5.679012345679012447e-02	4.814814814814814825e-02
7.703618756371050091e-01	6.978083588175331142e-01	5.834862385321101241e-01	2.000000000000000111e-01	2.000000000000000111e-01	1.960000000000000075e-01
7.121406371406371338e-01	6.503418803418803407e-01	6.677311577311577651e-01	3.373737373737373951e-02	3.050505050505050372e-02	3.353535353535353619e-02
6.303257506824385681e-01	6.783111919927206079e-01	7.470791628753412628e-01	4.971428571428571086e-02	7.085714285714285465e-02	1.171428571428571458e-01
7.050570604464510005e-01	6.355655881615249747e-01	6.592989716578880888e-01	0.000000000000000000e+00	0.000000000000000000e+00	0.000000000000000000e+00
7.670008856275303266e-01	7.568161690283400356e-01	6.366396761133603643e-01	7.000000000000000666e-02	8.749999999999999445e-02	1.224999999999999978e-01
9.153528528528528385e-01	9.676551551551551000e-01	9.946196196196196437e-01	4.600000000000000200e-01	4.799999999999999822e-01	5.699999999999999512e-01
9.480080180405913159e-01	9.816253236448676533e-01	8.018875803892090426e-01	6.666666666666666297e-01	6.666666666666666297e-01	6.533333333333333215e-01
9.102372551843318504e-01	8.918940812211981761e-01	9.385800691244239324e-01	3.499999999999999778e-01	3.457142857142856962e-01	4.157142857142857029e-01
9.996687054026504038e-01	9.996941896024464924e-01	1.000000000000000000e+00	9.719999999999999751e-01	9.759999999999999787e-01	1.000000000000000000e+00
6.988070579209819666e-01	5.902838511699270985e-01	7.678020713463751257e-01	3.030303030303030387e-02	3.030303030303030387e-02	6.666666666666667095e-03
9.071001620021227341e-01	8.897966594045025879e-01	8.740014524328250101e-01	2.888888888888888618e-01	2.777777777777777901e-01	2.733333333333333171e-01
7.310755542799741713e-01	6.911996842936068974e-01	7.520269785463156165e-01	2.628571428571428448e-01	2.657142857142857362e-01	2.057142857142857106e-01
9.237809647979139394e-01	9.598696219035202093e-01	1.000000000000000000e+00	2.359999999999999876e-01	4.560000000000000164e-01	1.000000000000000000e+00
4.667606516290727092e-01	2.964598997493734234e-01	4.812343358395990145e-01	0.000000000000000000e+00	0.000000000000000000e+00	0.000000000000000000e+00
7.284335098100280792e-01	7.378250545001556748e-01	6.202896293989411669e-01	4.923076923076923073e-02	6.307692307692307210e-02	7.076923076923076483e-02
7.340263691683569514e-01	8.348123732251521156e-01	3.978194726166328632e-01	0.000000000000000000e+00	0.000000000000000000e+00	0.000000000000000000e+00
5.499248873309965369e-01	4.705307961942914452e-01	5.622433650475713307e-01	0.000000000000000000e+00	0.000000000000000000e+00	0.000000000000000000e+00
9.480682388359257251e-01	9.555945810336176072e-01	9.839187155042649069e-01	6.460000000000000187e-01	6.400000000000000133e-01	6.560000000000000275e-01
8.696531481547767894e-01	8.462254358019830613e-01	9.235780506138812074e-01	5.600000000000000533e-01	5.542857142857142705e-01	5.285714285714285809e-01
9.602657307595888758e-01	9.549761845073952982e-01	9.458510904988719492e-01	3.960000000000000187e-01	3.960000000000000187e-01	4.319999999999999951e-01
7.275872836495569373e-01	6.796883364063521782e-01	8.501873550228989940e-01	2.093023255813953459e-02	2.302325581395348736e-02	2.360465116279069631e-01
7.682381923207611818e-01	7.873258579680597613e-01	7.910635406048249774e-01	2.013333333333333364e-01	2.266666666666666552e-01	1.373333333333333350e-01
5.666666666666666519e-01	5.468045112781955153e-01	3.695488721804511267e-01	0.000000000000000000e+00	0.000000000000000000e+00	0.000000000000000000e+00
5.283290378006872956e-01	6.544458762886598002e-01	3.454896907216494784e-01	0.000000000000000000e+00	0.000000000000000000e+00	0.000000000000000000e+00
7.942747454515105554e-01	7.645635119345685071e-01	7.943582039726255761e-01	6.666666666666666574e-02	1.199999999999999956e-01	0.000000000000000000e+00
8.786588029707296243e-01	8.351172273190621276e-01	8.402140672782875130e-01	4.371428571428571663e-01	4.285714285714285476e-01	1.914285714285714202e-01
7.366095863632809992e-01	6.870096697682904763e-01	6.343819775675276773e-01	2.282758620689655238e-01	2.296551724137931016e-01	2.020689655172413779e-01
5.927944862155388739e-01	6.238095238095238138e-01	5.523809523809524169e-01	0.000000000000000000e+00	0.000000000000000000e+00	0.000000000000000000e+00
7.097128344863162797e-01	6.354082617954789347e-01	8.466686948585335770e-01	1.789473684210526189e-02	1.157894736842105324e-02	3.473684210526315624e-02
7.083280051150895318e-01	6.921803069053708013e-01	8.349744245524296504e-01	1.024999999999999939e-01	1.024999999999999939e-01	2.814999999999999725e-01
9.316876574307304537e-01	8.864483627204030602e-01	9.175818639798488663e-01	7.479999999999999982e-01	7.319999999999999840e-01	8.000000000000000444e-01
7.696003836317135693e-01	7.582001278772378949e-01	8.293158567774936429e-01	3.114999999999999991e-01	3.109999999999999987e-01	3.280000000000000138e-01
9.992494370778083335e-01	9.997498123592694075e-01	9.982486865148861854e-01	9.399999999999999467e-01	9.799999999999999822e-01	8.599999999999999867e-01
7.656637286324786684e-01	7.126776175213674902e-01	7.150080128205128505e-01	1.006250000000000061e-01	9.291666666666666130e-02	8.874999999999999556e-02
8.456307719114828370e-01	7.505096706743334956e-01	7.595661265028750275e-01	1.486666666666666692e-01	1.360000000000000098e-01	1.473333333333333439e-01
6.112789526686808195e-01	6.311100782399876596e-01	4.998063366643427097e-01	3.846153846153846367e-02	3.846153846153846367e-02	3.692307692307692651e-02
6.692088449010272777e-01	7.287177399148083712e-01	6.010085191681282524e-01	2.300000000000000100e-01	2.449999999999999956e-01	2.474999999999999978e-01
6.160837124658781194e-01	6.425295723384895075e-01	7.235450409463147770e-01	1.308571428571428663e-01	1.508571428571428563e-01	1.565714285714285836e-01
4.722086049543676722e-01	5.852620599739243312e-01	4.422112125162972474e-01	4.000000000000000083e-02	4.000000000000000083e-02	3.520000000000000212e-02
7.636043292222501888e-01	7.855625471935565596e-01	7.506367983891265583e-01	2.056000000000000050e-01	2.263999999999999901e-01	3.336000000000000076e-01
9.951364325416877099e-01	9.970313289540171375e-01	9.959575543203638137e-01	6.300000000000000044e-01	7.700000000000000178e-01	6.800000000000000488e-01
5.338394246540775212e-01	6.232956218194053433e-01	4.222988602430920446e-01	0.000000000000000000e+00	0.000000000000000000e+00	0.000000000000000000e+00
8.047971369978688116e-01	6.682248314501320063e-01	7.353264438993659668e-01	8.769230769230769440e-02	6.564102564102564097e-02	5.999999999999999778e-02
8.943396226415094574e-01	8.887478559176672510e-01	8.233733562035449038e-01	4.927272727272727360e-01	4.945454545454545658e-01	5.327272727272727160e-01
9.512235864027395182e-01	9.072914056627411350e-01	8.813998162532364899e-01	3.900000000000000133e-01	3.233333333333333059e-01	9.666666666666666463e-02
8.923742138364779697e-01	8.822562893081761226e-01	8.842767295597484534e-01	5.124999999999999556e-01	5.487499999999999600e-01	7.062500000000000444e-01
3.747941952865618265e-01	4.943701355249551233e-01	4.103711968649648711e-01	0.000000000000000000e+00	0.000000000000000000e+00	0.000000000000000000e+00
7.790555845966196102e-01	6.421850496602194980e-01	6.985537550095834991e-01	0.000000000000000000e+00	0.000000000000000000e+00	0.000000000000000000e+00
8.506822612085770396e-01	7.932191590086327126e-01	9.238652186020607227e-01	4.444444444444444198e-01	4.444444444444444198e-01	4.400000000000000022e-01
8.828399397892624512e-01	9.453211239337682148e-01	7.683642749623682544e-01	2.620000000000000107e-01	3.739999999999999991e-01	3.960000000000000187e-01
8.578115962984383946e-01	7.857685078079814645e-01	8.010229901677270448e-01	5.714285714285713969e-01	5.714285714285713969e-01	5.714285714285713969e-01
4.669016290726816787e-01	4.724780701754385803e-01	3.469298245614035325e-01	0.000000000000000000e+00	0.000000000000000000e+00	0.000000000000000000e+00
1.000000000000000000e+00	1.000000000000000000e+00	9.991230268103232781e-01	1.000000000000000000e+00	1.000000000000000000e+00	9.300000000000000488e-01
8.312342569269521864e-01	7.662720403022670324e-01	8.882619647355163295e-01	2.000000000000000111e-01	2.000000000000000111e-01	3.760000000000000009e-01
9.396889702038683234e-01	9.257710402509148340e-01	8.639571353894406336e-01	0.000000000000000000e+00	0.000000000000000000e+00	0.000000000000000000e+00
9.992191435768261742e-01	9.985894206549118524e-01	9.972795969773299296e-01	9.360000000000000542e-01	8.880000000000000115e-01	8.000000000000000444e-01
8.627772177419354982e-01	8.396187355990782919e-01	9.209389400921659252e-01	3.642857142857142683e-01	3.314285714285714057e-01	3.485714285714285876e-01
7.782644972882770684e-01	8.430955360867751214e-01	7.257405089695452283e-01	0.000000000000000000e+00	0.000000000000000000e+00	0.000000000000000000e+00
7.699598796389167665e-01	6.876629889669007012e-01	6.284353059177532064e-01	3.599999999999999728e-02	1.400000000000000029e-02	0.000000000000000000e+00
9.397056363940458068e-01	8.947148352567318996e-01	8.774878742264592413e-01	3.333333333333333148e-01	4.466666666666666563e-01	5.133333333333333082e-01
7.918775303643724728e-01	8.087360829959514552e-01	6.641573886639675628e-01	0.000000000000000000e+00	0.000000000000000000e+00	0.000000000000000000e+00
7.489754322111009666e-01	7.916433121019108565e-01	7.639017288444039933e-01	3.468571428571428639e-01	3.702857142857142736e-01	3.965714285714285747e-01
8.289580023966780509e-01	8.222835325920352378e-01	7.638714711701920512e-01	4.311111111111111116e-01	4.288888888888888751e-01	4.444444444444444198e-01
9.994698506361792134e-01	9.997925502489396488e-01	1.000000000000000000e+00	9.527272727272727559e-01	9.836363636363636420e-01	1.000000000000000000e+00
5.370787454120787840e-01	4.102435769102436014e-01	3.017183850517183852e-01	0.000000000000000000e+00	0.000000000000000000e+00	0.000000000000000000e+00
7.649592731829574221e-01	7.020520050125312883e-01	5.533208020050125464e-01	0.000000000000000000e+00	0.000000000000000000e+00	0.000000000000000000e+00
7.435479829616636893e-01	8.358180907040841934e-01	5.342019543973941520e-01	0.000000000000000000e+00	0.000000000000000000e+00	0.000000000000000000e+00
6.626414387411014850e-01	7.236792806294491953e-01	7.988160359685275713e-01	1.199999999999999956e-01	1.488235294117647156e-01	3.002941176470588225e-01
9.996868737474949862e-01	9.997494989979960334e-01	9.994989979959919557e-01	9.799999999999999822e-01	9.799999999999999822e-01	9.599999999999999645e-01
7.232165206508135435e-01	7.718710888610763599e-01	6.269086357947434296e-01	2.500000000000000000e-01	2.500000000000000000e-01	2.200000000000000011e-01
1.000000000000000000e+00	1.000000000000000000e+00	9.957318604067285639e-01	1.000000000000000000e+00	1.000000000000000000e+00	6.600000000000000311e-01
6.199500217296827209e-01	7.090982181660148154e-01	8.458626684050413180e-01	1.089999999999999997e-01	1.300000000000000044e-01	2.273333333333333317e-01
9.608715634661987304e-01	9.449527868304503642e-01	9.125094008523439992e-01	6.166666666666666963e-01	6.033333333333333881e-01	3.466666666666666785e-01
9.169582618639222638e-01	9.123613493424813647e-01	9.097312750142938498e-01	5.654545454545454319e-01	5.709090909090909216e-01	6.781818181818182190e-01
6.378609062170705890e-01	5.702283105022830645e-01	6.200175623463294317e-01	5.890410958904109678e-02	5.287671232876712396e-02	3.315068493150685053e-02
4.071189279731993182e-01	4.009212730318257867e-01	7.536013400335008772e-01	3.333333333333333148e-01	3.333333333333333148e-01	3.333333333333333148e-01
4.211884905592259698e-01	5.219683021047690774e-01	2.397559478681540734e-01	0.000000000000000000e+00	0.000000000000000000e+00	0.000000000000000000e+00
6.787114479874543083e-01	6.129769994772608088e-01	8.020125457396759527e-01	5.000000000000000000e-01	5.000000000000000000e-01	3.800000000000000044e-01
7.613063427800269567e-01	7.191916329284749887e-01	6.797732793522267558e-01	3.621052631578947079e-02	2.652631578947368257e-02	2.652631578947368257e-02
5.008266533066132453e-01	4.961172344689378511e-01	5.479458917835671183e-01	2.000000000000000111e-01	2.000000000000000111e-01	1.439999999999999891e-01
9.582193260368663257e-01	9.521619383640552714e-01	9.477966589861751556e-01	4.885714285714285454e-01	4.528571428571428470e-01	4.871428571428571552e-01
8.489482833550630048e-01	8.874185136897001502e-01	9.440677966101694851e-01	5.293333333333333224e-01	5.486666666666666359e-01	7.379999999999999893e-01
5.328000836470095924e-01	4.636449184441656102e-01	3.837097448766206842e-01	0.000000000000000000e+00	0.000000000000000000e+00	0.000000000000000000e+00
6.969229801157815762e-01	7.301551094890510463e-01	6.982443996979612599e-01	2.899999999999999800e-01	2.974999999999999867e-01	2.987500000000000155e-01
9.726639391717163408e-01	9.759735999073680945e-01	9.907754062294955588e-01	6.800000000000000488e-01	6.876923076923077138e-01	7.199999999999999734e-01
7.505787469195728256e-01	6.877006944963034440e-01	8.353745052647300051e-01	8.000000000000000167e-02	8.571428571428571508e-02	1.142857142857142821e-01
6.929344073647870639e-01	5.889451476793249318e-01	7.822554660529343895e-01	1.393939393939393895e-02	9.696969696969696961e-03	1.212121212121212120e-02
1.000000000000000000e+00	1.000000000000000000e+00	1.000000000000000000e+00	1.000000000000000000e+00	1.000000000000000000e+00	1.000000000000000000e+00
8.170826017891480442e-01	7.682677033692835167e-01	7.196722682049996322e-01	6.333333333333333870e-02	6.833333333333332926e-02	1.333333333333333419e-02
7.668837675350701488e-01	8.181362725450901374e-01	5.109719438877755593e-01	0.000000000000000000e+00	4.000000000000000083e-03	4.000000000000000083e-03
9.229797243443945698e-01	8.646313252075192857e-01	8.837697556423864675e-01	2.200000000000000011e-01	2.092307692307692202e-01	2.092307692307692202e-01
8.002839144707656338e-01	8.042690681098985106e-01	8.631739271877679753e-01	2.035294117647058754e-01	2.258823529411764786e-01	2.823529411764705843e-01
8.579795597484276559e-01	9.083962264150943211e-01	8.916352201257861099e-01	3.875000000000000111e-01	3.900000000000000133e-01	6.062499999999999556e-01
7.260518407212621650e-01	8.176809416478838521e-01	5.463310793889306627e-01	3.200000000000000067e-01	3.649999999999999911e-01	1.350000000000000089e-01
7.776414621932898896e-01	7.625688532799198560e-01	4.544817225838758135e-01	0.000000000000000000e+00	0.000000000000000000e+00	0.000000000000000000e+00
8.682851239669421295e-01	8.081496786042240421e-01	7.158861340679522067e-01	3.772727272727272596e-01	3.827272727272727493e-01	4.009090909090908816e-01
4.358893686228194064e-01	4.644426804003949916e-01	3.761447462680787557e-01	0.000000000000000000e+00	0.000000000000000000e+00	0.000000000000000000e+00
8.749060385868203671e-01	8.804810824354798449e-01	1.718867451766474541e-01	0.000000000000000000e+00	0.000000000000000000e+00	0.000000000000000000e+00
6.227168591513934093e-01	6.485139969871955845e-01	5.500094150138087334e-01	5.374999999999999917e-02	5.999999999999999778e-02	5.374999999999999917e-02
7.391594516594516273e-01	7.161706349206349298e-01	6.486111111111111382e-01	1.885714285714285843e-01	1.928571428571428659e-01	1.742857142857142938e-01
8.109969939879759782e-01	8.278807615230461270e-01	5.944388777555110748e-01	0.000000000000000000e+00	0.000000000000000000e+00	0.000000000000000000e+00
1.000000000000000000e+00	1.000000000000000000e+00	9.934886050588529471e-01	1.000000000000000000e+00	1.000000000000000000e+00	4.799999999999999822e-01
5.999582811848143127e-01	6.054234459741343333e-01	6.131831455986650470e-01	0.000000000000000000e+00	0.000000000000000000e+00	0.000000000000000000e+00
9.270110608345902836e-01	9.475238813474107236e-01	9.318250377073906687e-01	8.900000000000000133e-01	8.960000000000000187e-01	9.000000000000000222e-01
4.295521591765001368e-01	4.628734622144112243e-01	3.967172985187045198e-01	6.250000000000000000e-02	6.250000000000000000e-02	4.250000000000000305e-02
9.056710065097646201e-01	9.236354531797696943e-01	8.531547320981471838e-01	5.000000000000000000e-01	5.000000000000000000e-01	4.899999999999999911e-01
5.629284920908499412e-01	6.863820904668888057e-01	4.659791642728561278e-01	2.370370370370370253e-02	3.037037037037037049e-02	2.148148148148147987e-02
9.116570569064929019e-01	8.969666583103534929e-01	9.283028327901730048e-01	2.200000000000000011e-01	2.039999999999999869e-01	2.959999999999999853e-01
8.794833207925758511e-01	8.345665078170722007e-01	7.990970654627539416e-01	3.266666666666666607e-01	3.266666666666666607e-01	3.066666666666666430e-01
7.551455823293172775e-01	7.049447791164659138e-01	6.218310742971887572e-01	1.700000000000000122e-01	1.250000000000000000e-01	9.500000000000000111e-02
9.010030909196944382e-01	8.218930425147256136e-01	8.765770494352753683e-01	2.753846153846153944e-01	2.446153846153846234e-01	3.200000000000000067e-01
9.008644133644133634e-01	8.526806526806526287e-01	7.890766640766641027e-01	4.112820512820513086e-01	3.994871794871794890e-01	3.917948717948717685e-01
6.310328991315965474e-01	6.763109552438210104e-01	4.243486973947895868e-01	0.000000000000000000e+00	0.000000000000000000e+00	0.000000000000000000e+00
2.805234012743103023e-01	5.270082062914901444e-01	3.758798412115955667e-01	0.000000000000000000e+00	1.548387096774193547e-02	0.000000000000000000e+00
5.981133522509395339e-01	6.790449165324539127e-01	8.855842728225579163e-01	9.960784313725490335e-02	1.211764705882352883e-01	2.921568627450980560e-01
8.264477312609677107e-01	8.853597392830283574e-01	7.519679117573326854e-01	2.320000000000000118e-01	3.320000000000000173e-01	4.359999999999999987e-01
9.845267901852778891e-01	9.868803204807210516e-01	9.620430645968953698e-01	7.479999999999999982e-01	7.680000000000000160e-01	6.400000000000000133e-01
8.517543859649122640e-01	8.439223057644110737e-01	9.931704260651629257e-01	7.099999999999999645e-01	6.999999999999999556e-01	7.249999999999999778e-01
9.006284565108094720e-01	9.018602312719959935e-01	9.340372046254399319e-01	8.900000000000000133e-01	8.920000000000000151e-01	9.000000000000000222e-01
9.998696219035202448e-01	9.999478487614080757e-01	1.000000000000000000e+00	9.919999999999999929e-01	9.959999999999999964e-01	1.000000000000000000e+00
1.474391480730223025e-01	2.688894523326572084e-01	3.506592292089249496e-01	0.000000000000000000e+00	0.000000000000000000e+00	0.000000000000000000e+00
7.620121671258034413e-01	6.924529384756658024e-01	6.994719926538108812e-01	1.045454545454545386e-01	8.454545454545454863e-02	4.090909090909090884e-02
8.121983027094362706e-01	8.381929305512301198e-01	7.214652756150732316e-01	1.138461538461538469e-01	1.000000000000000056e-01	6.615384615384616029e-02
6.376003626003625691e-01	5.458508158508158514e-01	6.217275317275317015e-01	2.141414141414141326e-02	1.373737373737373736e-02	1.333333333333333419e-02
4.719493278179938134e-01	6.611795004375149443e-01	5.557334340943441697e-01	4.461538461538461231e-02	9.615384615384615918e-02	1.330769230769230649e-01
4.986942970263667507e-01	5.398134108331227310e-01	3.905947266447645783e-01	0.000000000000000000e+00	0.000000000000000000e+00	0.000000000000000000e+00
5.835420841683366389e-01	6.289543372459204251e-01	6.594259948468365051e-01	1.428571428571428492e-01	1.428571428571428492e-01	1.199999999999999956e-01
6.989843028624191934e-01	5.472453062480763242e-01	5.798427488178180544e-01	0.000000000000000000e+00	0.000000000000000000e+00	0.000000000000000000e+00
9.883050202839757103e-01	9.944219066937119988e-01	1.000000000000000000e+00	8.266666666666666607e-01	8.383333333333333748e-01	1.000000000000000000e+00
5.508816961716429539e-01	5.457480604986302275e-01	4.646861115587375135e-01	0.000000000000000000e+00	0.000000000000000000e+00	0.000000000000000000e+00
4.650774956273060479e-01	5.864373076972180243e-01	4.487181942369808385e-01	1.086419753086419714e-02	1.259259259259259273e-02	1.061728395061728447e-02
7.181317305284247443e-02	6.968444778362133107e-02	2.147508139243676506e-01	0.000000000000000000e+00	0.000000000000000000e+00	0.000000000000000000e+00
1.000000000000000000e+00	1.000000000000000000e+00	9.992490613266583610e-01	1.000000000000000000e+00	1.000000000000000000e+00	9.399999999999999467e-01
4.408561224098969666e-01	5.819616798805009594e-01	4.428693170937224588e-01	4.000000000000000083e-02	5.333333333333333676e-02	6.111111111111110911e-02
7.099478487614080402e-01	7.899695784441547186e-01	8.239461103867883329e-01	1.053333333333333344e-01	1.179999999999999938e-01	3.133333333333333526e-01
7.652577457264957417e-01	7.253926282051281760e-01	6.895432692307692513e-01	9.750000000000000333e-02	9.062499999999999722e-02	3.562499999999999695e-02
7.411834939007893031e-01	6.703985366599616302e-01	7.472797637952734995e-01	1.246511627906976699e-01	1.083720930232558166e-01	1.483720930232558244e-01
7.157352941176470251e-01	6.956873401534526824e-01	8.432928388746803172e-01	1.695000000000000118e-01	1.789999999999999925e-01	3.489999999999999769e-01
9.540905679259444883e-01	9.367650738053540094e-01	9.454590943207406006e-01	0.000000000000000000e+00	0.000000000000000000e+00	0.000000000000000000e+00
4.701108813052970459e-01	6.054090543490749932e-01	4.161256654793366039e-01	2.777777777777777624e-02	4.000000000000000083e-02	3.740740740740741005e-02
7.648352465354190111e-01	7.119223220127282037e-01	8.922738357223577443e-01	4.116279069767441595e-02	4.139534883720930036e-02	2.686046511627906974e-01
5.501281634716054247e-01	6.689411170078342073e-01	4.714610635763024082e-01	1.342857142857142860e-01	1.428571428571428492e-01	1.228571428571428592e-01
7.752113147543727711e-01	8.923340865344380202e-01	8.728973135827265972e-01	1.683333333333333348e-01	2.650000000000000133e-01	4.249999999999999889e-01
9.073825677313167581e-01	8.305404897520136664e-01	9.143938363043745410e-01	2.410256410256410298e-01	2.153846153846153966e-01	3.379487179487179471e-01
9.059968716831462432e-01	8.522708228590581969e-01	8.549243059046980342e-01	1.666666666666666574e-01	1.088888888888888823e-01	2.800000000000000266e-01
5.914472034110860310e-01	6.208176573865061831e-01	7.348883872585904031e-01	4.000000000000000222e-01	4.000000000000000222e-01	3.119999999999999996e-01
5.658670143415905907e-01	6.909778357235983881e-01	9.293872229465449664e-01	0.000000000000000000e+00	0.000000000000000000e+00	0.000000000000000000e+00
1.000000000000000000e+00	1.000000000000000000e+00	1.000000000000000000e+00	1.000000000000000000e+00	1.000000000000000000e+00	1.000000000000000000e+00
5.795610425240055319e-01	5.332484159644653721e-01	4.120918600636413465e-01	0.000000000000000000e+00	0.000000000000000000e+00	0.000000000000000000e+00
9.996867167919799568e-01	9.998746867167920271e-01	9.882205513784461104e-01	9.799999999999999822e-01	9.899999999999999911e-01	4.199999999999999845e-01
4.059550655641860906e-01	5.618474901862523518e-01	2.934519335170800991e-01	0.000000000000000000e+00	0.000000000000000000e+00	0.000000000000000000e+00
7.850085910652920829e-01	7.218213058419243877e-01	3.493986254295532445e-01	0.000000000000000000e+00	0.000000000000000000e+00	0.000000000000000000e+00
6.282661323983638191e-01	6.407254361799816778e-01	3.687703481091910707e-01	1.666666666666666574e-01	1.666666666666666574e-01	1.066666666666666735e-01
6.333027580971659631e-01	6.021318319838057098e-01	6.627024291497976005e-01	1.174999999999999933e-01	1.799999999999999933e-01	2.099999999999999922e-01
7.267549036137807006e-01	6.546001236441296722e-01	7.378294835047490841e-01	9.955555555555554992e-02	9.066666666666667318e-02	9.111111111111111494e-02
6.999103389481730053e-01	6.443234265220331158e-01	8.935973189875650036e-01	2.114942528735632224e-02	1.563218390804597610e-02	2.777011494252873414e-01
5.969667511975204066e-01	4.897731755424062916e-01	6.266525781910396997e-01	1.494505494505494504e-02	8.131868131868131427e-03	2.043956043956043911e-02
6.193167545842752642e-01	5.939462446621451841e-01	6.631499623210249106e-02	0.000000000000000000e+00	0.000000000000000000e+00	0.000000000000000000e+00
6.692115143929912024e-01	7.360450563204005148e-01	6.074468085106382587e-01	4.849999999999999867e-01	4.849999999999999867e-01	4.699999999999999734e-01
9.331632083891120422e-01	9.284638554216867457e-01	8.997936189201249935e-01	6.666666666666666297e-01	6.666666666666666297e-01	6.666666666666666297e-01
9.990570846075432776e-01	9.993374108053006966e-01	1.000000000000000000e+00	9.200000000000000400e-01	9.479999999999999538e-01	1.000000000000000000e+00
5.520441434662654023e-01	6.512666165036368193e-01	3.681966390770002318e-01	2.000000000000000111e-01	2.000000000000000111e-01	1.719999999999999862e-01
6.650517785981794328e-01	6.521171249216990429e-01	5.498793831882822225e-01	5.263157894736841813e-02	5.263157894736841813e-02	4.736842105263158048e-02
5.933177153056671260e-01	5.892598170459616425e-01	6.665829986613118763e-01	4.444444444444444614e-02	7.555555555555555636e-02	2.666666666666666838e-02
7.125851773796979538e-01	6.576887952230418000e-01	6.453705655075517855e-01	8.328767123287671159e-02	8.301369863013698114e-02	2.438356164383561481e-02
6.214572360170553811e-01	6.312599280996572526e-01	4.951927096396622208e-01	1.666666666666666574e-01	1.666666666666666574e-01	1.166666666666666685e-01
6.713589529379002663e-01	5.866610971874129943e-01	3.627958785853522827e-01	0.000000000000000000e+00	0.000000000000000000e+00	0.000000000000000000e+00
5.122229192806356801e-01	4.411334169803429739e-01	4.267461313258050781e-01	8.333333333333332871e-02	8.333333333333332871e-02	5.500000000000000028e-02
9.122782210050012219e-01	8.978328173374613419e-01	7.576208621100262164e-01	2.588235294117647300e-01	2.364705882352941269e-01	1.094117647058823473e-01
1.000000000000000000e+00	1.000000000000000000e+00	1.000000000000000000e+00	1.000000000000000000e+00	1.000000000000000000e+00	1.000000000000000000e+00
3.264366663323638451e-01	4.046685387624109898e-01	3.136696419616888942e-01	0.000000000000000000e+00	0.000000000000000000e+00	0.000000000000000000e+00
7.263363754889178292e-01	8.135115167318557328e-01	8.378878748370274243e-01	7.066666666666666929e-02	1.233333333333333365e-01	2.506666666666666488e-01
8.173020650447286872e-01	8.196012039127162918e-01	8.554886715157595800e-01	5.233333333333333171e-01	5.433333333333333348e-01	6.166666666666666963e-01
7.971419597989949368e-01	7.390546482412060358e-01	4.116206030150753592e-01	1.975000000000000089e-01	1.950000000000000067e-01	1.074999999999999983e-01
5.733158026546456565e-01	6.107563235662408774e-01	4.834084648134234774e-01	2.500000000000000000e-01	2.500000000000000000e-01	7.499999999999999722e-02
7.559044801352493570e-01	6.869653423499577638e-01	6.847957171034093626e-01	6.395604395604395642e-02	6.373626373626373187e-02	4.945054945054944834e-02
8.273944907758402634e-01	7.225364981240645079e-01	8.557570809276646706e-01	7.692307692307692735e-02	7.538461538461538325e-02	6.615384615384616029e-02
7.536159184014714629e-01	7.618510158013543920e-01	6.542931193044060345e-01	3.500000000000000333e-02	4.166666666666666435e-02	2.166666666666666741e-02
7.821809770643479709e-01	7.829194883370955704e-01	7.462586740239109950e-01	3.577777777777777501e-01	3.577777777777777501e-01	4.288888888888888751e-01
9.542232277526395690e-01	9.733911513323277864e-01	9.579688285570638895e-01	7.880000000000000338e-01	8.499999999999999778e-01	9.000000000000000222e-01
7.025280386614388695e-01	6.407176073675572292e-01	5.849366280660162065e-01	0.000000000000000000e+00	0.000000000000000000e+00	0.000000000000000000e+00
5.000941028858217896e-01	4.238812212463404228e-01	4.043078209953994140e-01	0.000000000000000000e+00	0.000000000000000000e+00	0.000000000000000000e+00
8.646643707143076840e-01	7.869607330647888643e-01	7.771286245810399285e-01	3.082352941176470518e-01	2.835294117647058632e-01	2.658823529411764586e-01
4.506824081051661879e-01	4.071422590638867911e-01	7.736749560411956828e-02	0.000000000000000000e+00	0.000000000000000000e+00	0.000000000000000000e+00
9.380341880341880323e-01	9.583207642031171813e-01	9.592257415786827890e-01	8.339999999999999636e-01	8.679999999999999938e-01	9.000000000000000222e-01
8.590112187864409332e-01	7.731714182315332362e-01	7.613695765812859007e-01	2.123076923076923084e-01	1.969230769230769229e-01	1.430769230769230738e-01
8.121537396121883967e-01	7.771814404432132450e-01	6.138881893729538630e-01	0.000000000000000000e+00	0.000000000000000000e+00	0.000000000000000000e+00
9.362721555174385868e-01	9.259462550028587646e-01	8.785363064608348038e-01	5.127272727272726982e-01	5.745454545454545814e-01	6.999999999999999556e-01
9.574742268041237514e-01	9.640463917525773363e-01	6.475515463917526082e-01	5.000000000000000000e-01	5.000000000000000000e-01	5.000000000000000000e-01
8.310346214162209755e-01	7.385399493345128352e-01	7.717841489404480004e-01	4.153846153846153799e-02	9.230769230769231629e-03	0.000000000000000000e+00
6.369130367624343814e-01	5.272242817423540284e-01	5.309314179796107425e-01	0.000000000000000000e+00	0.000000000000000000e+00	0.000000000000000000e+00
9.196015809718742773e-01	8.940107750761666638e-01	8.186058274811495172e-01	3.823255813953488347e-01	3.786046511627906841e-01	3.897674418604651358e-01
9.857769423558897515e-01	9.919799498746867394e-01	9.812030075187969658e-01	4.299999999999999933e-01	4.699999999999999734e-01	3.699999999999999956e-01
6.475838719606032967e-01	5.743165729315313772e-01	4.873947228517865882e-01	8.444444444444444697e-02	7.555555555555555636e-02	9.777777777777778290e-02
7.456350838703780237e-01	6.530348736231089690e-01	6.461447049682343957e-01	9.090909090909091161e-02	9.090909090909091161e-02	5.272727272727272679e-02
6.102160727824109676e-01	6.354508887204111112e-01	4.217947097969842463e-01	0.000000000000000000e+00	0.000000000000000000e+00	0.000000000000000000e+00
7.645654099190283270e-01	7.494622975708502555e-01	7.885880566801619640e-01	7.000000000000000666e-02	1.424999999999999878e-01	0.000000000000000000e+00
9.955657492354740290e-01	9.972986748216106090e-01	1.000000000000000000e+00	7.560000000000000053e-01	7.880000000000000338e-01	1.000000000000000000e+00
8.767617270270795515e-01	8.000719270620710866e-01	9.090803055928150522e-01	3.861538461538461808e-01	3.599999999999999867e-01	2.800000000000000266e-01
7.848710576755532076e-01	6.903278736132891780e-01	7.386739850148109632e-01	9.333333333333333759e-02	8.444444444444444697e-02	3.222222222222222154e-02
5.814117056016075979e-01	6.239135895503642448e-01	5.593569454910826133e-01	3.439999999999999725e-01	3.639999999999999902e-01	3.400000000000000244e-01
6.794839679358717355e-01	7.153682364729458953e-01	3.910320641282565290e-01	0.000000000000000000e+00	0.000000000000000000e+00	0.000000000000000000e+00
6.173244863989785225e-01	6.331030394235811487e-01	5.202590236450281846e-01	1.163636363636363635e-01	1.327272727272727215e-01	1.072727272727272696e-01
8.753846153846154277e-01	9.200782268578878709e-01	1.000000000000000000e+00	5.959999999999999742e-01	5.999999999999999778e-01	1.000000000000000000e+00
8.808017640254481861e-01	8.150574754193175009e-01	8.122108155002891738e-01	5.714285714285713969e-01	5.714285714285713969e-01	5.714285714285713969e-01
9.803258145363408227e-01	9.916040100250627098e-01	9.680451127819549306e-01	0.000000000000000000e+00	3.300000000000000155e-01	0.000000000000000000e+00
7.366522366522366694e-01	7.269931457431457744e-01	5.802128427128426802e-01	1.414285714285714313e-01	1.414285714285714313e-01	1.400000000000000133e-01
6.270645645645646082e-01	7.315440440440440506e-01	6.451451451451450936e-01	5.000000000000000000e-01	5.000000000000000000e-01	4.699999999999999734e-01
4.884482050814213383e-01	5.519317611640742749e-01	2.319481822743237609e-01	0.000000000000000000e+00	0.000000000000000000e+00	0.000000000000000000e+00
8.227966950425638082e-01	7.295317976965448592e-01	8.761892839258887955e-01	3.400000000000000244e-01	1.700000000000000122e-01	0.000000000000000000e+00
9.011394941147007343e-01	8.870523415977961124e-01	7.769847232657149938e-01	5.000000000000000000e-01	5.000000000000000000e-01	4.899999999999999911e-01
9.095301938439193101e-01	8.579967599575443193e-01	8.840288252052957985e-01	1.977777777777777746e-01	1.711111111111111027e-01	3.111111111111111022e-02
8.931282533256217349e-01	8.343876518218623639e-01	8.187174667437825404e-01	4.957142857142857184e-01	4.928571428571428825e-01	5.714285714285713969e-01
7.308109913973106497e-01	7.682076338428129869e-01	7.813831120020044985e-01	5.000000000000000000e-01	5.000000000000000000e-01	5.000000000000000000e-01
6.367829163507707779e-01	6.561525987701120055e-01	5.874715693707354136e-01	1.366666666666666585e-01	1.766666666666666663e-01	9.249999999999999889e-02
5.510270541082163964e-01	5.537825651302604735e-01	4.846192384769539285e-01	4.000000000000000222e-01	4.000000000000000222e-01	3.800000000000000044e-01
6.923016570424302962e-01	7.156195079086116184e-01	6.959892041174994270e-01	9.750000000000000333e-02	1.150000000000000050e-01	8.999999999999999667e-02
7.863065326633166263e-01	8.125000000000000000e-01	5.282663316582915103e-01	0.000000000000000000e+00	0.000000000000000000e+00	0.000000000000000000e+00
5.705175117616309022e-01	3.877156299006795370e-01	6.958180867746994736e-01	0.000000000000000000e+00	0.000000000000000000e+00	0.000000000000000000e+00
9.201802704056084581e-01	8.685778668002003267e-01	7.410115172759138558e-01	5.919999999999999707e-01	5.919999999999999707e-01	5.560000000000000497e-01
8.869241702198812360e-01	9.004890895410082585e-01	8.364685226987710331e-01	5.000000000000000000e-01	5.000000000000000000e-01	4.966666666666666452e-01
7.639869928503747465e-01	6.480182401584977381e-01	9.357664312171590781e-01	4.978723404255318979e-02	2.680851063829787356e-02	1.285106382978723483e-01
7.746726240656437446e-01	7.097369752149721434e-01	7.518743326027089724e-01	5.688888888888889162e-02	5.288888888888888806e-02	5.555555555555555247e-02
6.498604131769960546e-01	4.969709659408151903e-01	3.015354550530429667e-01	0.000000000000000000e+00	0.000000000000000000e+00	0.000000000000000000e+00
9.774743230625583257e-01	9.871794871794872250e-01	9.494541406306111764e-01	7.628571428571429003e-01	8.242857142857142883e-01	9.242857142857142660e-01
9.806223390934134532e-01	9.896068119208615288e-01	9.959929877285249589e-01	2.849999999999999756e-01	3.800000000000000044e-01	6.800000000000000488e-01
7.784892838473601584e-01	6.989675901725038720e-01	7.170674333507579545e-01	5.000000000000000000e-01	5.000000000000000000e-01	4.000000000000000222e-01
8.344485101934134841e-01	7.429038159958181176e-01	6.874019864087820286e-01	2.020000000000000129e-01	2.000000000000000111e-01	1.759999999999999898e-01
5.951857896058247999e-01	6.310569922169219081e-01	6.981232739141350896e-01	2.374999999999999889e-01	2.449999999999999956e-01	2.174999999999999989e-01
4.670091038169214004e-01	5.268938444834210255e-01	1.925164954480915458e-01	0.000000000000000000e+00	0.000000000000000000e+00	0.000000000000000000e+00
8.179472805070590047e-01	8.457199734571997363e-01	6.997917763082626141e-01	2.899999999999999800e-01	3.109090909090909127e-01	3.472727272727272885e-01
4.377174015229858273e-01	6.805313998307793710e-01	3.383825326689856028e-01	2.454545454545454392e-02	4.636363636363636381e-02	3.090909090909091037e-02
9.403295874771119278e-01	9.342799698416687226e-01	8.822747998420278348e-01	6.285714285714285587e-01	5.828571428571428514e-01	5.485714285714285987e-01
7.001026713565928761e-01	7.526951231105618589e-01	7.960756725924517108e-01	3.286567164179104439e-01	3.382089552238806140e-01	3.758208955223880654e-01
8.108086004877178565e-01	7.809284482245880676e-01	9.038987688098495399e-01	1.197674418604651181e-01	1.153488372093023212e-01	5.539534883720930170e-01
1.000000000000000000e+00	9.999790777470918268e-01	1.000000000000000000e+00	1.000000000000000000e+00	9.983333333333332948e-01	1.000000000000000000e+00
8.792211049547392632e-01	8.698383382356293936e-01	7.593542649976058323e-01	4.745454545454545481e-01	4.909090909090909061e-01	4.818181818181818121e-01
4.131575900266316603e-01	4.595314369524103326e-01	2.575552896676830406e-01	0.000000000000000000e+00	0.000000000000000000e+00	0.000000000000000000e+00
8.697484276729560149e-01	8.725393081761005920e-01	8.648427672955975032e-01	6.424999999999999600e-01	6.424999999999999600e-01	6.737499999999999600e-01
5.476610169491525903e-01	6.346336375488917936e-01	4.342946544980443302e-01	2.399999999999999790e-03	2.000000000000000042e-02	0.000000000000000000e+00
3.842244535469604982e-01	4.816834016022039089e-01	2.500960597382825279e-01	0.000000000000000000e+00	0.000000000000000000e+00	0.000000000000000000e+00
8.876127577319588013e-01	9.372100515463916981e-01	9.997422680412371143e-01	4.712500000000000022e-01	5.437499999999999556e-01	9.799999999999999822e-01
8.358679257656239647e-01	8.249278641222375086e-01	8.655846285002295470e-01	4.271794871794871717e-01	4.189743589743589736e-01	4.948717948717948900e-01
7.738661989476322001e-01	9.002129792032071975e-01	6.187672262590829808e-01	5.000000000000000000e-01	5.000000000000000000e-01	4.699999999999999734e-01
7.852655010232291177e-01	7.299393243097691553e-01	7.630775858973898318e-01	5.685714285714286165e-01	5.685714285714286165e-01	5.657142857142857251e-01
8.307499154956782261e-01	8.733932106813462326e-01	8.283644792119367883e-01	4.925925925925925819e-01	5.429629629629629806e-01	7.622222222222222454e-01
9.663745840216428906e-01	9.784589049294931673e-01	9.688165864636453239e-01	8.571428571428570953e-01	8.790476190476190776e-01	9.495238095238095477e-01
5.455650591446770115e-01	5.708644222020018422e-01	7.152611464968152699e-01	4.971428571428571086e-02	7.771428571428570797e-02	1.005714285714285755e-01
9.212544622936189587e-01	9.342787817938420503e-01	9.111166889781348033e-01	6.622222222222222676e-01	6.644444444444443931e-01	7.755555555555555536e-01
8.097316656873443375e-01	8.116763199865693057e-01	7.271887853605305541e-01	2.177777777777777646e-01	2.177777777777777646e-01	2.000000000000000111e-01
8.437452995738280448e-01	8.887691150664326356e-01	7.663073451992981067e-01	0.000000000000000000e+00	1.559999999999999998e-01	2.400000000000000050e-02
5.270606212653378142e-01	5.887652237376271858e-01	3.346941568216028617e-01	5.818181818181818177e-02	5.999999999999999778e-02	0.000000000000000000e+00
6.448826597131681604e-01	7.482073011734028389e-01	7.054106910039112943e-01	1.499999999999999944e-01	2.000000000000000111e-01	1.049999999999999961e-01
6.578661995328661805e-01	8.285785785785785285e-01	5.270270270270269730e-01	1.533333333333333215e-01	2.666666666666666630e-01	1.533333333333333215e-01
1.000000000000000000e+00	1.000000000000000000e+00	9.998331247392574506e-01	1.000000000000000000e+00	1.000000000000000000e+00	9.866666666666666918e-01
9.188390583386792931e-01	8.530063567971073457e-01	9.186446608736221764e-01	4.138461538461538636e-01	3.876923076923076694e-01	4.753846153846154055e-01
6.320400500625782403e-01	5.841051314142677864e-01	5.259908218606591523e-01	6.666666666666667095e-03	3.333333333333333287e-02	0.000000000000000000e+00
6.242761880644889239e-01	5.517514982696041237e-01	5.636870093694605899e-01	6.666666666666666574e-02	6.666666666666666574e-02	6.266666666666666219e-02
9.999490316004077117e-01	9.999490316004077117e-01	1.000000000000000000e+00	9.959999999999999964e-01	9.959999999999999964e-01	1.000000000000000000e+00
7.287109237794169303e-01	6.839076220583070187e-01	6.437091675447840222e-01	9.315068493150684484e-03	7.671232876712328654e-03	1.369863013698630061e-02
8.556408306800361574e-01	7.848453167324050961e-01	8.246447749845554620e-01	3.636363636363636465e-01	3.636363636363636465e-01	2.418181818181818210e-01
9.023207301173402639e-01	9.376792698826597050e-01	9.999478487614080757e-01	7.239999999999999769e-01	7.560000000000000053e-01	9.959999999999999964e-01
6.578659255516253745e-01	7.758211217786761260e-01	4.238672730335186212e-01	2.453333333333333199e-01	2.546666666666666523e-01	2.626666666666666594e-01
9.109872212478076214e-01	9.027186168879980377e-01	8.286143823603107084e-01	0.000000000000000000e+00	0.000000000000000000e+00	0.000000000000000000e+00
9.180869783810959861e-01	9.356586224233283122e-01	9.836349924585218174e-01	8.960000000000000187e-01	8.980000000000000204e-01	9.000000000000000222e-01
1.000000000000000000e+00	1.000000000000000000e+00	1.000000000000000000e+00	1.000000000000000000e+00	1.000000000000000000e+00	1.000000000000000000e+00
7.230484437751003579e-01	5.802428463855421326e-01	7.610441767068273355e-01	1.250000000000000000e-01	1.250000000000000000e-01	9.500000000000000111e-02
9.788304841028918624e-01	9.704539748476479488e-01	9.432360258370803274e-01	5.963636363636363180e-01	5.836363636363636198e-01	3.945454545454545325e-01
5.973484848484847953e-01	4.207491582491582616e-01	3.647306397306397385e-01	0.000000000000000000e+00	0.000000000000000000e+00	0.000000000000000000e+00
7.842075613420129709e-01	7.792000500751126157e-01	7.964446670005007611e-01	4.799999999999999822e-01	4.799999999999999822e-01	4.600000000000000200e-01
3.956974410436527867e-01	4.747553938785750161e-01	3.713622679377822644e-01	0.000000000000000000e+00	0.000000000000000000e+00	0.000000000000000000e+00
8.656884875846501126e-01	8.456802790888570120e-01	8.269603484050436215e-01	4.090909090909091161e-01	4.163636363636363802e-01	4.036363636363636265e-01
9.467557730923694681e-01	9.585843373493976305e-01	9.815512048192771566e-01	7.349999999999999867e-01	7.349999999999999867e-01	7.349999999999999867e-01
6.397378735032900332e-01	6.734655352198770650e-01	4.876307935708892316e-01	2.857142857142856984e-01	2.857142857142856984e-01	2.842857142857143082e-01
6.494105843992976634e-01	7.135189365437671905e-01	6.454978680712315509e-01	4.000000000000000222e-01	4.000000000000000222e-01	3.920000000000000151e-01
9.096659919028340369e-01	8.539799016772701146e-01	8.687825332562174596e-01	6.028571428571428692e-01	5.885714285714285232e-01	5.714285714285713969e-01
5.950477626948215137e-01	4.219708396178984411e-01	4.247863247863247760e-01	0.000000000000000000e+00	0.000000000000000000e+00	0.000000000000000000e+00
7.692733949767197599e-01	7.407370975145911585e-01	8.625188536953243279e-01	3.312820512820512930e-01	3.302564102564102821e-01	4.656410256410256632e-01
9.513888888888888395e-01	9.619310575635876548e-01	6.141231593038821712e-01	3.333333333333333148e-01	3.333333333333333148e-01	2.933333333333333348e-01
6.384124864752871442e-01	6.064711434425286152e-01	4.598862773084094746e-01	0.000000000000000000e+00	0.000000000000000000e+00	0.000000000000000000e+00
5.895943562610229671e-01	5.006487780297304013e-01	4.850214159737969433e-01	1.000000000000000056e-01	1.000000000000000056e-01	1.000000000000000056e-01
4.448969072164948302e-01	5.340979381443299312e-01	2.912371134020618757e-01	0.000000000000000000e+00	0.000000000000000000e+00	0.000000000000000000e+00
8.938839519079979645e-01	8.502352326189231979e-01	7.652901202300051997e-01	5.000000000000000000e-01	5.000000000000000000e-01	4.299999999999999933e-01
4.983506724181679948e-01	6.103382027766701690e-01	3.524776162685323011e-01	6.285714285714285969e-03	1.771428571428571366e-02	1.714285714285714371e-02
7.915390934209544094e-01	6.323463520274811289e-01	7.742513628556493277e-01	0.000000000000000000e+00	0.000000000000000000e+00	0.000000000000000000e+00
6.452178267401101897e-01	6.422446169253880344e-01	6.551076614922383134e-01	0.000000000000000000e+00	0.000000000000000000e+00	0.000000000000000000e+00
6.148259454044577854e-01	6.383671424993738741e-01	3.512647132481843126e-01	0.000000000000000000e+00	0.000000000000000000e+00	0.000000000000000000e+00
8.131394219998506756e-01	6.888208498245089739e-01	8.478829064296915519e-01	1.228571428571428592e-01	1.199999999999999956e-01	4.000000000000000083e-02
9.191564147627416803e-01	8.817474265628922891e-01	9.139467737886015630e-01	2.500000000000000000e-01	2.500000000000000000e-01	1.150000000000000050e-01
7.786269105487346742e-01	9.033450263091956645e-01	5.705963417689802197e-01	5.000000000000000000e-01	5.000000000000000000e-01	4.899999999999999911e-01
9.471290268736437534e-01	8.948422633950926519e-01	8.553663829076948444e-01	6.666666666666666297e-01	6.666666666666666297e-01	6.333333333333333037e-01
7.711157128514056769e-01	6.752478664658634333e-01	8.491152108433734913e-01	2.399999999999999911e-01	2.200000000000000011e-01	1.549999999999999989e-01
6.422381072874493446e-01	6.316000337381916241e-01	6.742366734143050433e-01	3.666666666666666685e-02	2.000000000000000042e-02	0.000000000000000000e+00
7.121372217526064086e-01	6.395984784446322458e-01	6.775711468019159911e-01	4.637362637362637402e-02	3.780219780219780390e-02	3.230769230769230810e-02
8.024772027647093520e-01	6.971380031364349250e-01	7.092553871173840063e-01	5.888888888888888645e-02	3.555555555555555552e-02	3.777777777777777818e-02
8.750542220936957660e-01	7.846298438403701558e-01	8.121927414690572888e-01	5.714285714285713969e-01	5.714285714285713969e-01	5.714285714285713969e-01
7.713460572576594787e-01	7.688526942670589337e-01	7.165100093276889348e-01	4.257142857142857117e-01	4.285714285714285476e-01	3.628571428571428781e-01
9.982769423558897071e-01	9.982456140350877138e-01	9.991228070175438569e-01	8.649999999999999911e-01	8.599999999999999867e-01	9.300000000000000488e-01
5.577916170329741963e-01	6.749865825402850961e-01	5.112837563651120298e-01	4.405063291139240528e-02	5.367088607594936583e-02	6.177215189873417472e-02
8.460622021570103346e-01	7.830030933868405985e-01	9.232923668589583244e-01	1.666666666666666574e-01	1.666666666666666574e-01	1.466666666666666674e-01
9.192343331842952603e-01	8.476993060010497016e-01	9.129747348094581216e-01	4.225641025641025394e-01	4.143589743589743413e-01	4.784615384615384381e-01
9.860728592889334010e-01	9.879819729594391253e-01	9.037931897846770424e-01	7.299999999999999822e-01	7.349999999999999867e-01	5.450000000000000400e-01
8.023580121703853818e-01	9.186105476673428472e-01	6.149847870182555409e-01	5.000000000000000000e-01	5.000000000000000000e-01	5.000000000000000000e-01
7.317905258583224937e-01	8.108561495002173380e-01	8.337244676227727469e-01	3.573333333333333361e-01	3.639999999999999902e-01	4.959999999999999964e-01
8.632861438236031359e-01	9.244080430969682238e-01	8.338762214983713728e-01	5.725000000000000089e-01	6.049999999999999822e-01	5.625000000000000000e-01
1.000000000000000000e+00	1.000000000000000000e+00	9.995826028883879610e-01	1.000000000000000000e+00	1.000000000000000000e+00	9.666666666666666741e-01
7.912016088486676368e-01	6.879336349924585203e-01	5.305681246857717470e-01	2.000000000000000111e-01	2.000000000000000111e-01	1.759999999999999898e-01
4.782119142219561359e-01	6.059418031894627799e-01	4.704933870353235625e-01	0.000000000000000000e+00	1.236842105263157889e-02	7.631578947368420664e-03
1.000000000000000000e+00	1.000000000000000000e+00	9.996862449799196471e-01	1.000000000000000000e+00	1.000000000000000000e+00	9.749999999999999778e-01
4.293405769951292861e-01	4.985462720119895330e-01	6.710603222180592242e-01	2.470588235294117474e-02	2.588235294117647092e-02	1.411764705882352991e-02
4.868465077373483885e-01	4.169489753241321650e-01	4.067126725219573635e-01	0.000000000000000000e+00	0.000000000000000000e+00	0.000000000000000000e+00
5.385829570162234958e-01	5.645906506104699796e-01	3.543652784746613160e-01	8.333333333333332871e-02	8.333333333333332871e-02	8.000000000000000167e-02
5.148678759728847476e-01	5.360751945769520743e-01	4.854224202862164050e-01	6.250000000000000000e-02	6.250000000000000000e-02	5.750000000000000250e-02
7.925677133084768622e-01	7.640634147844574953e-01	8.611530521061226962e-01	1.884337349397590400e-01	1.737349397590361444e-01	4.896385542168674720e-01
5.301647199760407547e-01	5.953638814016172232e-01	7.518538484576220426e-01	0.000000000000000000e+00	3.809523809523809521e-03	1.809523809523809479e-02
7.371928907475170378e-01	6.252875065342393679e-01	6.832462101411396205e-01	2.320000000000000118e-01	2.220000000000000029e-01	1.559999999999999998e-01
5.067439862542955087e-01	4.635094501718213245e-01	4.558419243986254199e-01	0.000000000000000000e+00	0.000000000000000000e+00	0.000000000000000000e+00
8.653958699105426255e-01	8.277004431067636059e-01	8.753030683053256711e-01	2.516666666666666496e-01	2.533333333333333548e-01	1.199999999999999956e-01
8.181204449558879821e-01	7.408860759493670622e-01	8.385654008438818696e-01	2.933333333333333348e-01	2.878787878787879007e-01	3.242424242424242209e-01
9.980670103092783574e-01	9.993556701030927858e-01	9.992912371134020644e-01	8.599999999999999867e-01	9.499999999999999556e-01	9.449999999999999512e-01
8.021675191815856865e-01	7.983727621483376335e-01	8.282544757033247773e-01	3.195000000000000062e-01	3.210000000000000075e-01	3.664999999999999925e-01
5.244807210576151180e-01	6.133544281039876589e-01	4.034374887634389339e-01	3.523809523809523503e-02	3.428571428571428742e-02	4.190476190476190299e-02
9.998696219035202448e-01	1.000000000000000000e+00	1.000000000000000000e+00	9.879999999999999893e-01	1.000000000000000000e+00	1.000000000000000000e+00
8.898287923416788869e-01	9.117083946980854003e-01	9.220176730486009387e-01	6.114285714285714324e-01	6.328571428571428958e-01	7.228571428571428648e-01
6.729856584093871774e-01	7.322555410691004019e-01	2.325945241199478541e-01	0.000000000000000000e+00	0.000000000000000000e+00	0.000000000000000000e+00
8.513500388500389038e-01	7.883967883967883949e-01	7.992424242424241987e-01	3.343589743589743812e-01	3.138461538461538303e-01	4.082051282051282204e-01
4.926975402240754698e-01	5.301469968831606927e-01	4.188674079690000718e-01	0.000000000000000000e+00	0.000000000000000000e+00	0.000000000000000000e+00
6.276784059314179931e-01	5.484986098239110763e-01	5.984151992585727831e-01	1.927710843373494146e-02	1.807228915662650523e-02	1.180722891566265108e-02
9.585562463851937665e-01	9.232667004048582537e-01	8.314596587622903323e-01	6.328571428571428958e-01	6.242857142857143327e-01	6.142857142857143238e-01
2.066734331387972690e-01	3.344751755053708697e-01	3.957540387380529268e-01	0.000000000000000000e+00	0.000000000000000000e+00	0.000000000000000000e+00
9.990387830157138049e-01	9.994706341245960246e-01	1.000000000000000000e+00	9.155555555555555669e-01	9.577777777777777279e-01	1.000000000000000000e+00
8.489211216026998352e-01	8.187986931389796830e-01	7.715506408645388392e-01	5.714285714285713969e-01	5.714285714285713969e-01	5.628571428571428337e-01
5.544807346125857350e-01	6.751790570301429151e-01	4.489543835459037235e-01	7.814814814814814714e-02	1.222222222222222182e-01	1.103703703703703687e-01
7.960636515912897782e-01	8.315745393634841331e-01	7.402847571189279385e-01	3.333333333333333148e-01	3.333333333333333148e-01	2.933333333333333348e-01
8.763243327307012054e-01	7.823137186291090339e-01	8.834198402052837462e-01	3.769230769230769162e-01	3.661538461538461631e-01	3.830769230769230926e-01
4.196316712603357368e-01	3.920696567276371614e-01	2.124780756702580875e-01	0.000000000000000000e+00	0.000000000000000000e+00	0.000000000000000000e+00
6.732597467891585641e-01	5.671305818364641427e-01	5.515791398144339608e-01	9.090909090909091161e-02	9.090909090909091161e-02	7.090909090909090773e-02
6.259895570153276578e-01	7.438521138622199436e-01	4.341081354219302746e-01	2.066666666666666652e-01	2.506666666666666488e-01	2.426666666666666694e-01
9.999373590578802817e-01	9.998747181157604524e-01	1.000000000000000000e+00	9.899999999999999911e-01	9.899999999999999911e-01	1.000000000000000000e+00
8.229351803450077885e-01	7.293561596096881372e-01	7.384823139919847179e-01	8.000000000000000167e-03	2.000000000000000042e-03	0.000000000000000000e+00
5.893753135975915436e-01	7.478299046663321459e-01	5.662568991470146029e-01	1.000000000000000021e-02	5.800000000000000294e-02	0.000000000000000000e+00
7.700361527723090793e-01	8.386906253355764784e-01	8.212048537781436730e-01	3.657142857142857140e-01	4.000000000000000222e-01	3.828571428571428403e-01
1.000000000000000000e+00	1.000000000000000000e+00	9.995643840390311397e-01	1.000000000000000000e+00	1.000000000000000000e+00	9.666666666666666741e-01
7.861855842311867848e-01	7.183663242295164064e-01	6.685458949302597320e-01	0.000000000000000000e+00	0.000000000000000000e+00	0.000000000000000000e+00
3.928171320234402075e-01	5.499516450266191958e-01	3.566634110843004413e-01	1.296296296296296259e-02	1.444444444444444378e-02	1.703703703703703803e-02
8.946109292369680555e-01	8.232323232323232043e-01	7.067909006967179053e-01	5.555555555555555247e-02	0.000000000000000000e+00	0.000000000000000000e+00
7.278167250876313998e-01	7.389834752128192630e-01	2.573360040060090337e-01	0.000000000000000000e+00	0.000000000000000000e+00	0.000000000000000000e+00
8.401606088586698329e-01	7.353591314810151713e-01	6.442821567475307543e-01	1.466666666666666674e-01	8.444444444444444697e-02	1.333333333333333419e-02
4.811405170961765010e-01	6.339849671551288646e-01	3.041835101903317962e-01	4.166666666666666435e-02	4.166666666666666435e-02	2.833333333333333190e-02
9.306982377014950680e-01	9.066232356134635850e-01	8.137475987638853603e-01	1.666666666666666574e-01	1.600000000000000033e-01	1.533333333333333215e-01
8.609335839598997175e-01	8.476190476190476053e-01	9.676065162907268036e-01	5.000000000000000000e-01	5.000000000000000000e-01	5.000000000000000000e-01
9.271396356086909485e-01	8.619393635680280275e-01	8.067437448544940715e-01	2.857142857142856984e-01	2.457142857142857184e-01	2.428571428571428548e-01
8.490049959529989421e-01	7.226408775014653285e-01	6.251918836696530590e-01	0.000000000000000000e+00	0.000000000000000000e+00	0.000000000000000000e+00
8.967459324155193645e-01	8.710575719649561455e-01	9.379849812265331765e-01	4.899999999999999911e-01	4.849999999999999867e-01	2.949999999999999845e-01
3.763884101267762072e-01	5.112014375630370422e-01	3.837533672935258822e-01	0.000000000000000000e+00	3.703703703703703845e-03	0.000000000000000000e+00
4.849530575995940063e-01	5.939609236234458800e-01	2.870337477797513248e-01	2.628571428571428725e-02	2.685714285714285721e-02	2.171428571428571375e-02
8.512634475856892813e-01	8.760320240180134999e-01	7.869652239179384390e-01	4.600000000000000200e-01	4.699999999999999734e-01	4.699999999999999734e-01
5.768621088359255911e-01	5.917953451941367904e-01	5.004382529558762949e-01	0.000000000000000000e+00	0.000000000000000000e+00	0.000000000000000000e+00
6.724516695957820644e-01	5.653715792116494887e-01	7.626788852623650472e-01	0.000000000000000000e+00	0.000000000000000000e+00	0.000000000000000000e+00
8.373371335504885549e-01	8.926177649711851680e-01	8.443685793034326759e-01	3.474999999999999756e-01	4.375000000000000000e-01	3.724999999999999978e-01
9.339102081765738861e-01	9.395430984031435395e-01	8.134980352813310223e-01	7.466666666666667007e-01	7.483333333333332948e-01	7.116666666666666696e-01
4.233007136747226618e-01	5.616900940927138652e-01	4.366948817138406880e-01	5.679012345679012100e-03	7.160493827160494158e-03	2.222222222222222220e-03
7.840293965293965162e-01	7.141608391608391671e-01	6.908249158249157862e-01	1.287179487179487269e-01	1.241025641025641085e-01	1.143589743589743524e-01
4.335478187598146294e-01	5.571227035377328551e-01	4.701571616428562583e-01	2.716049382716049284e-03	1.185185185185185126e-02	7.407407407407407690e-03
8.900647050318103437e-01	8.244198235974551370e-01	7.985468478889531374e-01	5.714285714285713969e-01	5.714285714285713969e-01	5.714285714285713969e-01
8.931553643724696734e-01	8.359058704453441457e-01	8.378217177559282858e-01	6.328571428571428958e-01	6.028571428571428692e-01	5.714285714285713969e-01
1.000000000000000000e+00	1.000000000000000000e+00	9.991212653778558384e-01	1.000000000000000000e+00	1.000000000000000000e+00	9.300000000000000488e-01
8.987849779086892754e-01	9.231314432989691232e-01	9.304491899852724845e-01	6.457142857142856851e-01	7.328571428571428736e-01	7.971428571428571530e-01
9.239530988274706758e-01	9.337939698492462304e-01	9.293551088777219915e-01	6.533333333333333215e-01	6.633333333333333304e-01	5.666666666666666519e-01
8.202601038082463214e-01	7.097257051768044445e-01	9.078944810559670398e-01	2.615384615384615530e-01	2.353846153846153866e-01	2.584615384615384648e-01
1.000000000000000000e+00	1.000000000000000000e+00	9.973717146433040970e-01	1.000000000000000000e+00	1.000000000000000000e+00	7.900000000000000355e-01
1.000000000000000000e+00	1.000000000000000000e+00	1.000000000000000000e+00	1.000000000000000000e+00	1.000000000000000000e+00	1.000000000000000000e+00
5.870765370138018024e-01	6.093532565301699178e-01	6.663624957225960932e-01	1.490909090909090795e-01	1.563636363636363713e-01	1.563636363636363713e-01
6.248434760831454993e-01	6.874530428249436831e-01	5.244177310293012262e-01	0.000000000000000000e+00	0.000000000000000000e+00	0.000000000000000000e+00
9.978702079679278025e-01	9.956986553077757929e-01	9.958239371920153404e-01	8.333333333333333703e-01	8.333333333333333703e-01	7.733333333333333171e-01
9.309553608677513248e-01	9.345848977889027465e-01	6.850229453483520636e-01	6.666666666666666297e-01	6.666666666666666297e-01	6.133333333333332860e-01
9.316430719118015125e-01	9.119268353796040616e-01	9.102042094713104214e-01	5.699999999999999512e-01	5.524999999999999911e-01	5.324999999999999734e-01
6.378324134470647611e-01	7.568740592072252804e-01	6.598344204716507511e-01	2.660000000000000142e-01	2.919999999999999818e-01	2.859999999999999765e-01
5.066689386105104331e-01	6.884988718623672455e-01	4.318181818181818232e-01	8.363636363636363369e-02	1.427272727272727304e-01	1.300000000000000044e-01
9.374592425382493044e-01	9.408577878103837611e-01	8.490343616754452150e-01	5.859999999999999654e-01	5.879999999999999671e-01	6.820000000000000506e-01
5.278754394776494774e-01	4.759094496663557328e-01	5.791059768960321597e-01	1.428571428571428492e-01	1.428571428571428492e-01	1.371428571428571497e-01
7.376141158419639021e-01	6.436862293824319181e-01	7.883084004602991524e-01	2.969696969696969738e-02	1.636363636363636492e-02	1.939393939393939392e-02
6.457084068195179105e-01	6.002309565801628999e-01	4.902830267909633055e-01	3.266666666666666330e-02	3.266666666666666330e-02	2.999999999999999889e-02
8.217851542080502059e-01	7.296131730266597337e-01	6.959749085206482500e-01	1.839999999999999969e-01	1.620000000000000051e-01	0.000000000000000000e+00
7.115086442220199814e-01	7.515232029117379087e-01	7.295505004549590611e-01	3.085714285714285521e-01	3.114285714285714435e-01	3.519999999999999796e-01
6.360818933132982300e-01	6.747119959929877009e-01	4.707613323315802401e-01	2.500000000000000000e-01	2.500000000000000000e-01	2.149999999999999967e-01
9.577167460914639552e-01	9.601203912716328448e-01	9.020566842237270899e-01	8.266666666666666607e-01	8.233333333333333615e-01	8.333333333333333703e-01
5.282915765723418255e-01	7.573975274983547612e-01	3.999247908244805694e-01	3.272727272727272985e-02	8.181818181818181768e-02	1.436363636363636453e-01
9.228890002505637513e-01	9.096926417773323337e-01	9.386118767226259152e-01	3.099999999999999978e-01	2.000000000000000111e-01	2.200000000000000011e-01
9.040214028927346934e-01	8.650405484491263675e-01	8.279408076247805059e-01	3.333333333333333148e-01	3.533333333333333326e-01	1.933333333333333293e-01
7.951614922383575257e-01	7.874937406109163707e-01	7.914997496244366992e-01	5.000000000000000000e-01	5.000000000000000000e-01	4.749999999999999778e-01
9.505031364349190159e-01	9.483795086251960438e-01	9.174725561944589991e-01	5.000000000000000000e-01	5.000000000000000000e-01	4.849999999999999867e-01
6.935441714584422712e-01	5.967720857292211356e-01	7.154992158912703015e-01	5.000000000000000000e-01	5.000000000000000000e-01	4.400000000000000022e-01
9.032342364943970470e-01	9.131021073758153195e-01	9.788844288342531952e-01	4.600000000000000200e-01	4.716666666666666785e-01	5.516666666666666385e-01
7.392382861438235864e-01	8.193184665497369457e-01	6.578301177649711340e-01	5.999999999999999778e-01	5.999999999999999778e-01	5.799999999999999600e-01
6.560996563573883167e-01	6.434707903780069183e-01	5.580756013745704625e-01	1.333333333333333419e-02	0.000000000000000000e+00	0.000000000000000000e+00
7.570347525199337957e-01	7.165081991876034451e-01	8.978065292613208737e-01	1.112941176470588212e-01	1.145882352941176435e-01	4.712941176470588078e-01
8.800543662928983490e-01	8.823904179408766923e-01	8.831124702684335359e-01	8.000000000000000167e-02	1.799999999999999933e-01	0.000000000000000000e+00
5.049434016334718445e-01	5.200601805416248391e-01	3.452858575727181800e-01	0.000000000000000000e+00	0.000000000000000000e+00	0.000000000000000000e+00
7.561088810837932606e-01	8.317862518815855033e-01	7.783993978926241342e-01	3.860000000000000098e-01	4.919999999999999929e-01	3.940000000000000169e-01
6.606277904136129697e-01	6.920962850644427622e-01	5.538075983489175735e-01	1.250000000000000000e-01	1.325000000000000067e-01	9.750000000000000333e-02
5.580843772386686608e-01	5.977898894460687007e-01	4.986253364053515047e-01	2.846153846153846173e-02	3.153846153846153605e-02	1.000000000000000021e-02
9.176336477987421247e-01	9.390330188679245627e-01	8.938207547169810807e-01	6.899999999999999467e-01	7.199999999999999734e-01	6.762500000000000178e-01
5.911227929066605880e-01	7.250947948983109681e-01	4.710636179095331055e-01	1.196296296296296274e-01	1.262962962962962954e-01	1.255555555555555591e-01
9.990852064819655265e-01	9.985189057327060747e-01	1.000000000000000000e+00	9.333333333333333481e-01	8.866666666666667140e-01	1.000000000000000000e+00
7.920740369349043020e-01	7.980905824350296163e-01	7.468454917690314776e-01	0.000000000000000000e+00	0.000000000000000000e+00	0.000000000000000000e+00
9.614838925054247643e-01	9.463361709230512231e-01	7.518778167250875777e-01	3.333333333333333148e-01	3.333333333333333148e-01	8.666666666666666963e-02
8.133347362514029566e-01	8.020903479236812794e-01	5.773148148148148362e-01	0.000000000000000000e+00	2.222222222222222307e-02	1.111111111111111154e-02
7.286489708835340862e-01	6.648311997991968036e-01	5.755835843373493521e-01	2.575000000000000067e-01	2.500000000000000000e-01	2.149999999999999967e-01
9.887503133617447926e-01	9.940931311105539736e-01	9.528703935823514826e-01	6.149999999999999911e-01	7.449999999999999956e-01	7.624999999999999556e-01
1.000000000000000000e+00	9.999165205776775478e-01	9.989982469321312397e-01	1.000000000000000000e+00	9.933333333333332904e-01	9.200000000000000400e-01
4.017197135087517967e-01	5.471963690681374004e-01	4.307901489907694503e-01	4.197530864197530909e-03	8.888888888888888881e-03	4.444444444444444441e-03
9.320707070707070496e-01	9.491792929292929282e-01	9.133207070707071162e-01	4.400000000000000022e-01	4.600000000000000200e-01	4.799999999999999822e-01
7.586962190352021240e-01	8.336636245110821131e-01	9.969230769230769118e-01	1.600000000000000033e-01	2.760000000000000231e-01	7.640000000000000124e-01
8.987700131573111983e-01	8.760551720059724934e-01	8.798988808893750679e-01	7.647058823529411242e-01	7.647058823529411242e-01	7.647058823529411242e-01
9.450563204005005824e-01	9.597622027534418176e-01	7.270337922403004027e-01	0.000000000000000000e+00	0.000000000000000000e+00	0.000000000000000000e+00
1.000000000000000000e+00	1.000000000000000000e+00	1.000000000000000000e+00	1.000000000000000000e+00	1.000000000000000000e+00	1.000000000000000000e+00
5.458403126744835188e-01	4.110273590173087466e-01	2.916806253489670486e-01	0.000000000000000000e+00	0.000000000000000000e+00	0.000000000000000000e+00
9.604785894206548935e-01	9.327455919395466477e-01	9.220654911838790380e-01	5.999999999999999778e-01	5.999999999999999778e-01	7.319999999999999840e-01
9.705322796454256551e-01	9.708667837431008696e-01	9.924736578023081179e-01	5.849999999999999645e-01	6.016666666666666829e-01	7.850000000000000311e-01
3.646146146146146405e-01	6.814314314314314780e-01	1.645812479145812579e-01	0.000000000000000000e+00	0.000000000000000000e+00	0.000000000000000000e+00
6.347587719298245501e-01	5.895363408521303583e-01	4.399436090225564144e-01	0.000000000000000000e+00	0.000000000000000000e+00	0.000000000000000000e+00
4.785223367697594710e-01	3.416666666666666741e-01	5.188144329896907658e-01	0.000000000000000000e+00	0.000000000000000000e+00	0.000000000000000000e+00
6.892195075577526309e-01	7.403574484266565170e-01	8.226675539499952450e-01	2.432835820895522250e-01	2.474626865671641918e-01	3.686567164179104239e-01
6.981170837194933254e-01	6.321408711770157840e-01	6.504294099474822177e-01	2.144578313253012181e-02	2.120481927710843317e-02	2.554216867469879387e-02
6.428929376812112517e-01	6.873322117621791794e-01	2.854995167698750613e-01	0.000000000000000000e+00	0.000000000000000000e+00	0.000000000000000000e+00
7.551639959939909774e-01	8.324987481221832741e-01	6.024036054081122193e-01	0.000000000000000000e+00	0.000000000000000000e+00	0.000000000000000000e+00
8.264593134692455045e-01	7.273174769123540440e-01	7.656560376372190113e-01	8.400000000000000522e-02	7.199999999999999456e-02	5.066666666666666541e-02
7.500939614131796329e-01	6.883613129541468201e-01	6.959408669506389478e-01	0.000000000000000000e+00	0.000000000000000000e+00	3.500000000000000333e-02
9.986060289248998023e-01	9.977347970029621926e-01	9.803101585642097771e-01	8.800000000000000044e-01	8.266666666666666607e-01	4.066666666666666763e-01
6.332474226804123418e-01	6.146477663230240918e-01	2.926116838487972660e-01	0.000000000000000000e+00	0.000000000000000000e+00	0.000000000000000000e+00
5.229458917835670961e-01	5.525050100200400438e-01	5.049098196392786120e-01	2.000000000000000111e-01	2.000000000000000111e-01	1.759999999999999898e-01
6.088683344217723503e-01	6.253415255027922059e-01	4.805213844944089541e-01	0.000000000000000000e+00	0.000000000000000000e+00	0.000000000000000000e+00
8.754067584480600406e-01	9.269086357947434740e-01	5.231539424280350348e-01	4.899999999999999911e-01	4.899999999999999911e-01	4.899999999999999911e-01
5.262571096173732643e-01	6.766012797311271587e-01	5.580645682523267537e-01	2.375000000000000028e-02	9.187499999999999833e-02	1.606249999999999900e-01
9.184400826446280641e-01	8.797233700642791421e-01	7.997015610651974082e-01	4.290909090909090784e-01	3.954545454545454475e-01	4.400000000000000022e-01
9.850525788683024420e-01	9.883825738607912026e-01	9.732098147220831219e-01	7.760000000000000231e-01	7.760000000000000231e-01	7.359999999999999876e-01
4.641384436401240765e-01	5.927126421923474275e-01	4.736233195449844890e-01	2.249999999999999830e-03	1.799999999999999864e-02	1.324999999999999963e-02
8.103548593350383689e-01	8.041464194373401098e-01	8.589961636828644664e-01	1.355000000000000093e-01	1.449999999999999900e-01	3.684999999999999942e-01
9.906758448060074551e-01	9.872340425531914709e-01	9.838548185231539289e-01	3.699999999999999956e-01	3.200000000000000067e-01	1.400000000000000133e-01
5.716074111166750127e-01	4.341199298948422713e-01	5.584001001502253425e-01	0.000000000000000000e+00	0.000000000000000000e+00	0.000000000000000000e+00
9.375646328852119682e-01	9.691701137538779598e-01	6.750258531540848095e-01	5.000000000000000000e-01	5.000000000000000000e-01	4.899999999999999911e-01
3.263938015832912320e-01	4.874936836786255556e-01	3.229577227556004737e-01	0.000000000000000000e+00	0.000000000000000000e+00	0.000000000000000000e+00
5.917298298804110068e-01	7.238756947953511878e-01	4.626915950816911094e-01	0.000000000000000000e+00	0.000000000000000000e+00	0.000000000000000000e+00
6.054663991975928194e-01	6.310431293881645365e-01	6.173520561685055252e-01	2.000000000000000111e-01	2.000000000000000111e-01	1.920000000000000040e-01
7.309019066733567493e-01	8.535081117243685789e-01	7.658053186151529967e-01	7.166666666666667018e-02	1.700000000000000122e-01	2.116666666666666696e-01
8.671171171171171421e-01	8.575450450450450290e-01	4.841091091091090926e-01	0.000000000000000000e+00	0.000000000000000000e+00	0.000000000000000000e+00
7.622730179028133213e-01	7.562659846547314935e-01	8.281777493606138352e-01	2.680000000000000160e-01	2.675000000000000155e-01	3.360000000000000209e-01
1.000000000000000000e+00	1.000000000000000000e+00	9.993734335839599137e-01	1.000000000000000000e+00	1.000000000000000000e+00	9.499999999999999556e-01
5.090886329494241913e-01	6.302203304957436636e-01	3.441662493740610951e-01	0.000000000000000000e+00	0.000000000000000000e+00	0.000000000000000000e+00
5.591894480716086413e-01	5.408578946788950015e-01	4.948528521254693113e-01	0.000000000000000000e+00	1.217391304347826067e-02	9.565217391304347422e-03
6.858254725440263710e-01	6.771815931996699733e-01	5.164090240665686338e-01	0.000000000000000000e+00	0.000000000000000000e+00	0.000000000000000000e+00
6.206109992449031498e-01	6.505422015269737290e-01	6.732423022065610052e-01	1.291666666666666796e-01	1.533333333333333215e-01	1.575000000000000011e-01
8.478125576249307960e-01	9.380070993914807476e-01	1.000000000000000000e+00	3.181818181818181768e-01	4.709090909090908883e-01	1.000000000000000000e+00
4.858409387222946685e-01	5.592438070404172068e-01	3.672490221642764063e-01	0.000000000000000000e+00	0.000000000000000000e+00	0.000000000000000000e+00
4.312776141384389028e-01	6.144145802650957666e-01	2.615611192930780704e-01	0.000000000000000000e+00	0.000000000000000000e+00	0.000000000000000000e+00
8.374409581646423684e-01	6.630482456140350811e-01	5.943151147098515441e-01	4.000000000000000083e-03	0.000000000000000000e+00	0.000000000000000000e+00
6.144438126526829969e-01	6.509245219442338914e-01	4.705690337797995282e-01	5.000000000000000104e-03	2.166666666666666741e-02	0.000000000000000000e+00
7.212526539278131255e-01	7.634023354564756225e-01	8.131033262561925268e-01	1.416666666666666630e-01	1.724999999999999867e-01	4.050000000000000266e-01
8.826593029137406177e-01	8.397089788380327491e-01	8.262871863641175763e-01	3.004651162790697438e-01	2.795348837209302162e-01	2.646511627906976694e-01
6.552802802802802917e-01	6.096721721721721776e-01	5.863363363363363057e-01	0.000000000000000000e+00	0.000000000000000000e+00	0.000000000000000000e+00
4.792723123732251511e-01	5.786637931034482873e-01	1.798935091277890364e-01	0.000000000000000000e+00	0.000000000000000000e+00	0.000000000000000000e+00
5.187552213868003026e-01	3.941798941798941858e-01	3.321080478975215744e-01	0.000000000000000000e+00	0.000000000000000000e+00	0.000000000000000000e+00
6.118957431457431317e-01	5.846500721500721420e-01	6.032647907647907815e-01	4.285714285714285754e-02	7.428571428571428825e-02	4.571428571428571425e-02
6.889003673094582503e-01	5.904614325068870961e-01	6.374196510560147244e-01	3.363636363636363785e-02	2.000000000000000042e-02	0.000000000000000000e+00
2.356497742097340697e-01	3.583793276467636679e-01	1.420471650777722084e-01	0.000000000000000000e+00	0.000000000000000000e+00	0.000000000000000000e+00
7.288863419861871806e-01	5.745192307692307265e-01	5.873571088354370140e-01	7.294117647058823151e-02	6.823529411764706065e-02	0.000000000000000000e+00
9.128626369032689647e-01	9.225608226736894402e-01	8.617172477217623916e-01	6.466666666666666119e-01	6.533333333333333215e-01	6.633333333333333304e-01
8.423419660261765030e-01	8.083681425786688468e-01	7.409913673071567564e-01	2.977777777777777524e-01	2.755555555555555536e-01	8.000000000000000167e-02
3.264515236096053319e-01	4.230813591381974992e-01	2.281915834313702762e-01	0.000000000000000000e+00	0.000000000000000000e+00	0.000000000000000000e+00
7.449552429667518627e-01	7.351342710997442742e-01	8.453772378516624109e-01	2.904999999999999805e-01	2.864999999999999769e-01	3.724999999999999978e-01
1.000000000000000000e+00	1.000000000000000000e+00	1.000000000000000000e+00	1.000000000000000000e+00	1.000000000000000000e+00	1.000000000000000000e+00
9.055090206185566482e-01	9.373308634020618424e-01	9.994684278350515205e-01	6.237500000000000266e-01	6.250000000000000000e-01	9.587499999999999911e-01
8.953257038002800927e-01	9.147568689941570907e-01	8.378289632526920716e-01	6.925925925925925375e-01	7.503703703703703543e-01	8.148148148148147696e-01
8.256899147014551410e-01	9.175865529352734695e-01	7.148018063221274199e-01	1.680000000000000104e-01	2.399999999999999911e-01	3.380000000000000226e-01
4.967839959483413281e-01	4.964632396387271274e-01	5.421625728032413161e-01	0.000000000000000000e+00	0.000000000000000000e+00	0.000000000000000000e+00
8.384213503215051100e-01	8.129465348892593868e-01	5.849011669445105532e-01	1.635294117647058953e-01	1.482352941176470484e-01	1.117647058823529466e-01
9.999499123466065731e-01	9.999499123466065731e-01	1.000000000000000000e+00	9.959999999999999964e-01	9.959999999999999964e-01	1.000000000000000000e+00
9.350622233358389934e-01	9.101728890002506178e-01	9.454188590996408514e-01	5.500000000000000444e-01	5.300000000000000266e-01	4.600000000000000200e-01
7.732745591939547136e-01	6.998992443324937307e-01	9.130982367758186946e-01	0.000000000000000000e+00	0.000000000000000000e+00	1.799999999999999933e-01
4.314712296594531149e-01	6.584465693675557452e-01	1.867136386512330271e-01	0.000000000000000000e+00	0.000000000000000000e+00	0.000000000000000000e+00
7.040533736153071764e-01	7.167044310171198918e-01	5.882930513595165944e-01	5.600000000000000117e-02	7.199999999999999456e-02	5.899999999999999689e-02
7.917137476459510381e-01	8.340286831812255830e-01	8.308561495002172448e-01	6.281481481481481222e-01	6.459259259259259034e-01	7.992592592592592249e-01
9.041910331384015453e-01	8.805903648008911455e-01	9.539682539682540208e-01	5.711111111111111249e-01	5.555555555555555802e-01	4.577777777777777835e-01
8.751637265557505874e-01	8.860602513725162055e-01	8.885266003399938661e-01	7.266666666666666829e-01	7.244444444444444464e-01	6.955555555555555935e-01
3.398956975228161759e-01	4.367666232073011967e-01	8.934550195567144693e-01	0.000000000000000000e+00	7.199999999999999456e-02	6.800000000000000488e-02
9.639501378100726603e-01	9.773866198947631645e-01	9.988098220997243537e-01	5.999999999999999778e-01	6.800000000000000488e-01	9.050000000000000266e-01
1.000000000000000000e+00	1.000000000000000000e+00	9.918689016762571864e-01	1.000000000000000000e+00	1.000000000000000000e+00	3.499999999999999778e-01
9.764853346703434855e-01	9.794184006016545263e-01	9.581850087741288213e-01	5.639999999999999458e-01	5.520000000000000462e-01	5.200000000000000178e-01
9.970566132264528925e-01	9.988727454909819281e-01	1.000000000000000000e+00	7.850000000000000311e-01	9.100000000000000311e-01	1.000000000000000000e+00
5.872278612675299048e-01	5.849861913130806057e-01	4.396183781069545327e-01	0.000000000000000000e+00	0.000000000000000000e+00	0.000000000000000000e+00
8.106120398938078120e-01	8.044593528018942896e-01	7.997775704958025589e-01	4.485714285714285654e-01	4.714285714285714191e-01	4.428571428571428381e-01
8.747344830069124777e-01	8.437770017281106538e-01	9.342687932027650133e-01	2.221428571428571419e-01	2.214285714285714191e-01	3.385714285714285787e-01
2.580262291999623758e-01	4.853870922252515041e-01	3.424015229858042852e-01	0.000000000000000000e+00	2.727272727272727140e-02	3.727272727272726988e-02
8.315235690235690535e-01	8.150603254769921424e-01	7.071829405162738391e-01	4.144444444444444486e-01	4.099999999999999756e-01	2.388888888888889006e-01
6.835923566878980839e-01	7.355595996360327904e-01	7.505586897179253869e-01	1.022857142857142854e-01	1.291428571428571426e-01	1.508571428571428563e-01
1.846153846153846256e-01	3.185658409387223111e-01	9.155671447196871426e-01	0.000000000000000000e+00	0.000000000000000000e+00	0.000000000000000000e+00
7.028600100351228841e-01	8.005770195684897006e-01	2.324134470647265527e-01	0.000000000000000000e+00	0.000000000000000000e+00	0.000000000000000000e+00
9.631721329763498485e-01	9.616242748772869664e-01	9.583054439982150452e-01	7.777777777777777901e-01	7.777777777777777901e-01	7.777777777777777901e-01
5.192211369897320461e-01	6.011770598547457878e-01	2.073628850488354602e-01	0.000000000000000000e+00	0.000000000000000000e+00	0.000000000000000000e+00
8.185242846428327779e-01	6.943083933725766599e-01	7.081922316416282559e-01	7.130434782608695288e-02	5.173913043478260698e-02	3.565217391304347644e-02
6.708332166885958570e-01	6.179184979890447460e-01	5.064434552970707992e-01	2.888888888888888756e-02	3.037037037037037049e-02	2.740740740740740811e-02
6.203967242948135175e-01	6.595304822565969394e-01	7.225841674249318114e-01	1.571428571428571397e-01	1.708571428571428463e-01	2.937142857142857055e-01
4.443087951791847012e-01	5.777030908881994886e-01	4.223798945446652908e-01	0.000000000000000000e+00	7.901234567901234754e-03	0.000000000000000000e+00
3.446143110885562244e-01	4.629535650850037931e-01	1.492007104795737005e-01	0.000000000000000000e+00	0.000000000000000000e+00	0.000000000000000000e+00
4.624029551715502229e-01	5.376283496118207106e-01	4.478462309040821543e-01	0.000000000000000000e+00	0.000000000000000000e+00	0.000000000000000000e+00
1.000000000000000000e+00	1.000000000000000000e+00	1.000000000000000000e+00	1.000000000000000000e+00	1.000000000000000000e+00	1.000000000000000000e+00
6.721331997996995433e-01	7.565097646469705062e-01	5.037556334501752664e-01	5.000000000000000000e-01	5.000000000000000000e-01	5.000000000000000000e-01
5.518451491822743415e-01	6.691705925159906476e-01	4.839774279622607867e-01	2.962962962962963076e-02	3.925925925925925764e-02	1.481481481481481538e-02
7.305365987264054173e-01	7.709926277588843302e-01	6.044781229315500104e-01	2.545454545454545192e-01	2.600000000000000089e-01	9.636363636363635965e-02
8.728987993138936918e-01	8.617152658662092790e-01	8.093539165237277899e-01	3.381818181818181945e-01	3.363636363636363646e-01	3.218181818181818366e-01
6.291510025062656553e-01	4.697055137844611261e-01	4.473370927318295887e-01	0.000000000000000000e+00	0.000000000000000000e+00	0.000000000000000000e+00
3.425954216414402453e-01	5.732231832283538608e-01	2.578734605621885723e-01	0.000000000000000000e+00	0.000000000000000000e+00	0.000000000000000000e+00
7.189501531606794504e-01	6.173906989696463787e-01	3.423837371205792346e-01	0.000000000000000000e+00	0.000000000000000000e+00	0.000000000000000000e+00
9.069402610441766877e-01	8.714075050200803529e-01	8.521900100401605949e-01	4.924999999999999933e-01	4.824999999999999845e-01	4.274999999999999911e-01
7.496280509871727782e-01	5.967972174192770485e-01	6.883469379548835532e-01	0.000000000000000000e+00	0.000000000000000000e+00	0.000000000000000000e+00
7.477810871183916408e-01	6.513775130305287098e-01	7.502010424422933532e-01	4.941176470588234948e-02	2.235294117647058931e-02	1.176470588235294101e-02
7.872924815297697165e-01	8.487874837027379327e-01	8.750282485875706673e-01	2.386666666666666659e-01	3.160000000000000031e-01	6.153333333333332877e-01
9.959959959959959752e-01	9.921171171171171421e-01	9.809809809809809655e-01	6.400000000000000133e-01	5.000000000000000000e-01	4.799999999999999822e-01
8.558452560240963347e-01	8.359688755020080464e-01	7.192833835341365667e-01	3.049999999999999933e-01	2.949999999999999845e-01	3.200000000000000067e-01
6.445198592257416204e-01	5.082202111613876028e-01	4.916540975364504518e-01	0.000000000000000000e+00	0.000000000000000000e+00	0.000000000000000000e+00
9.600806451612903247e-01	9.516213037634408956e-01	9.465137768817204478e-01	4.866666666666666918e-01	4.813333333333333353e-01	6.526666666666666172e-01
6.128495842781557235e-01	5.374401612496850777e-01	4.606324011085916048e-01	0.000000000000000000e+00	0.000000000000000000e+00	0.000000000000000000e+00
4.782634327101229488e-01	6.504547751389591070e-01	2.429172982988040963e-01	0.000000000000000000e+00	0.000000000000000000e+00	0.000000000000000000e+00
9.845399698340875361e-01	9.923831070889894690e-01	9.606334841628959564e-01	8.439999999999999725e-01	8.699999999999999956e-01	9.000000000000000222e-01
9.992906025705224904e-01	9.996661659155400281e-01	1.000000000000000000e+00	9.399999999999999467e-01	9.733333333333333837e-01	1.000000000000000000e+00
9.980775660314276099e-01	9.993313273152791831e-01	9.998328318288197680e-01	8.399999999999999689e-01	9.466666666666666563e-01	9.866666666666666918e-01
7.698571786519669002e-01	7.868955149085442580e-01	4.526434477574542981e-01	0.000000000000000000e+00	0.000000000000000000e+00	0.000000000000000000e+00
5.669809717974855223e-01	4.990231056744818261e-01	5.888124362895005293e-01	0.000000000000000000e+00	0.000000000000000000e+00	0.000000000000000000e+00
4.624538792498116835e-01	5.944741276954307319e-01	4.261461564977593874e-01	0.000000000000000000e+00	0.000000000000000000e+00	0.000000000000000000e+00
5.081095176010430592e-01	5.892568448500652423e-01	4.457366362451108399e-01	1.199999999999999956e-01	1.559999999999999998e-01	9.199999999999999845e-02
8.366875762327932176e-01	7.573139919846663126e-01	7.639919846663181247e-01	1.499999999999999944e-01	1.106666666666666632e-01	1.206666666666666721e-01
4.507442716173273300e-01	4.782467803980599008e-01	3.806029436360595652e-01	0.000000000000000000e+00	1.666666666666666774e-03	0.000000000000000000e+00
9.974732994050605761e-01	9.982080137624542715e-01	1.000000000000000000e+00	8.085714285714286076e-01	8.571428571428570953e-01	1.000000000000000000e+00
7.001004997827031673e-01	7.731475445458496631e-01	8.808833116036506317e-01	2.104166666666666685e-01	2.483333333333333226e-01	5.524999999999999911e-01
1.000000000000000000e+00	1.000000000000000000e+00	9.996515072312249783e-01	1.000000000000000000e+00	1.000000000000000000e+00	9.733333333333333837e-01
9.403028781793841828e-01	9.582357206604195099e-01	9.313643462739847889e-01	7.533333333333332993e-01	7.644444444444444819e-01	7.777777777777777901e-01
2.457737049125449935e-01	5.596074985354423381e-01	3.899698719558121751e-01	0.000000000000000000e+00	0.000000000000000000e+00	0.000000000000000000e+00
1.000000000000000000e+00	1.000000000000000000e+00	9.997498123592694075e-01	1.000000000000000000e+00	1.000000000000000000e+00	9.799999999999999822e-01
9.371974628609580638e-01	9.481722583875813459e-01	9.505925554999165028e-01	6.666666666666666297e-01	6.666666666666666297e-01	2.066666666666666652e-01
8.175160122528543072e-01	7.662211083263714695e-01	5.867446393762183465e-01	9.777777777777778290e-02	9.333333333333333759e-02	9.111111111111111494e-02
7.360726377346875626e-01	7.023559696689890552e-01	5.582696773832508397e-01	3.333333333333333148e-01	3.333333333333333148e-01	2.555555555555555358e-01
6.020119129790116874e-01	6.863614285349081134e-01	8.333819055653551855e-01	1.152941176470588247e-01	1.286274509803921606e-01	3.043137254901960853e-01
3.923292558613659664e-01	2.811817387505460841e-01	6.159531090723751046e-01	0.000000000000000000e+00	0.000000000000000000e+00	0.000000000000000000e+00
7.027414822620302592e-01	6.383684580259922914e-01	6.451984545135229787e-01	7.479452054794520632e-02	7.041095890410958846e-02	6.328767123287670771e-02
9.746178902530694410e-01	9.821598596842896489e-01	9.975444750689050899e-01	8.000000000000000444e-01	8.000000000000000444e-01	8.040000000000000480e-01
9.996247185389042222e-01	9.997498123592694075e-01	9.893670252689517053e-01	9.599999999999999645e-01	9.799999999999999822e-01	2.600000000000000089e-01
9.682091798344619749e-01	9.686481063456232610e-01	9.127581305910876797e-01	8.100000000000000533e-01	8.066666666666666430e-01	8.299999999999999600e-01
9.526738639216670856e-01	9.197270216602377868e-01	9.730673544381804874e-01	7.654545454545454986e-01	7.381818181818181612e-01	7.436363636363636509e-01
9.477722608407811444e-01	9.677788811651770740e-01	9.142270771267791973e-01	6.168421052631578583e-01	6.473684210526315930e-01	7.663157894736841724e-01
7.999206787143053887e-01	7.426857727502643725e-01	7.940003218834781329e-01	2.049999999999999878e-01	1.940909090909090917e-01	2.577272727272727493e-01
9.767401101652478657e-01	9.789684526790185526e-01	9.296945418127190441e-01	4.560000000000000164e-01	5.400000000000000355e-01	4.600000000000000200e-01
6.632179675994108736e-01	7.431516936671576090e-01	8.936119293078056414e-01	1.457142857142857129e-01	2.085714285714285743e-01	6.828571428571428292e-01
9.591691741892344192e-01	9.721247074557004542e-01	9.803577398863256853e-01	4.133333333333333304e-01	5.333333333333333259e-01	5.866666666666666696e-01
4.066416040100250817e-01	2.731829573934836941e-01	5.454887218045112451e-01	0.000000000000000000e+00	0.000000000000000000e+00	0.000000000000000000e+00
6.941489361702127825e-01	6.720588235294118196e-01	6.879224030037547344e-01	0.000000000000000000e+00	0.000000000000000000e+00	0.000000000000000000e+00
7.206162324649298956e-01	7.790831663326652778e-01	7.007515030060120775e-01	2.000000000000000111e-01	2.000000000000000111e-01	0.000000000000000000e+00
7.829205409974641094e-01	7.382023105100028459e-01	7.336179205409975035e-01	1.309890109890110010e-01	1.224175824175824240e-01	4.879120879120878856e-02
9.405605670103093230e-01	9.571762242268041510e-01	9.999355670103092786e-01	7.950000000000000400e-01	8.375000000000000222e-01	9.949999999999999956e-01
9.064941581248655567e-01	9.252920937567199466e-01	9.723317324922944316e-01	3.628571428571428781e-01	3.800000000000000044e-01	3.828571428571428403e-01
9.980263157894736503e-01	9.982456140350877138e-01	1.000000000000000000e+00	8.449999999999999734e-01	8.599999999999999867e-01	1.000000000000000000e+00
3.648157538877619954e-01	5.193965517241379004e-01	2.052062204192021677e-01	0.000000000000000000e+00	0.000000000000000000e+00	0.000000000000000000e+00
9.970379641218188871e-01	9.959115561118063731e-01	9.960784313725490335e-01	7.666666666666667185e-01	6.733333333333333393e-01	6.866666666666666474e-01
7.213234913234912726e-01	6.466407666407666399e-01	6.388629888629888676e-01	3.494949494949495250e-02	2.686868686868686823e-02	2.787878787878787790e-02
2.762024257632789692e-01	3.038198801059528997e-01	4.395092708768995049e-01	0.000000000000000000e+00	0.000000000000000000e+00	0.000000000000000000e+00
7.420705289672544502e-01	6.462317380352644580e-01	9.151536523929471034e-01	9.360000000000000264e-02	7.679999999999999327e-02	9.279999999999999361e-02
7.652792256142963989e-01	7.003052866716307223e-01	7.696947133283693621e-01	1.799999999999999933e-01	1.764705882352941291e-01	1.564705882352941113e-01
4.740430322742056335e-01	4.691018263697773194e-01	1.453590192644483303e-01	0.000000000000000000e+00	0.000000000000000000e+00	0.000000000000000000e+00
6.212464265294453947e-01	6.031332189822755652e-01	6.959176672384219664e-01	0.000000000000000000e+00	0.000000000000000000e+00	0.000000000000000000e+00
9.365059469095567968e-01	8.870504999860727713e-01	9.009776886437703691e-01	4.400000000000000022e-01	4.400000000000000022e-01	4.044444444444444398e-01
6.491151181233826284e-01	6.643292428416395223e-01	4.462392520243759764e-01	9.666666666666666463e-02	2.333333333333333440e-02	0.000000000000000000e+00
4.987322515212981866e-01	5.090010141987829639e-01	6.042089249492900160e-01	3.300000000000000155e-01	4.500000000000000111e-01	4.899999999999999911e-01
6.599565406345067053e-01	7.372794437201216633e-01	8.442416340721425883e-01	1.179999999999999938e-01	1.400000000000000133e-01	3.653333333333333433e-01
9.600325243932950059e-01	9.434575931948961935e-01	9.270703027270452701e-01	7.000000000000000666e-02	0.000000000000000000e+00	0.000000000000000000e+00
4.741133325673139720e-01	5.987255352560419963e-01	4.331233163532370867e-01	0.000000000000000000e+00	0.000000000000000000e+00	0.000000000000000000e+00
9.946781868269471971e-01	9.946155772602053302e-01	9.911094415226646692e-01	5.699999999999999512e-01	5.699999999999999512e-01	4.899999999999999911e-01
7.118090452261306433e-01	5.848967057509770751e-01	3.753768844221105350e-01	0.000000000000000000e+00	0.000000000000000000e+00	0.000000000000000000e+00
9.944668170103092564e-01	9.970602448453608213e-01	1.000000000000000000e+00	8.774999999999999467e-01	9.112500000000000044e-01	1.000000000000000000e+00
6.674549428499767512e-01	6.643376688523415785e-01	7.041814468451037534e-01	2.571428571428571175e-01	2.514285714285714457e-01	7.142857142857142461e-02
6.879910124240020686e-01	6.323129791171028247e-01	6.450092519164684068e-01	4.845360824742268174e-02	4.123711340206185488e-02	3.876288659793814678e-02
8.314384039031189610e-01	7.445983620839867756e-01	7.516408201196491667e-01	1.833333333333333204e-01	1.744444444444444575e-01	8.999999999999999667e-02
7.180121160890391430e-01	6.568498168498168033e-01	6.745364891518738082e-01	4.901098901098901311e-02	4.329670329670329970e-02	5.032967032967033266e-02
4.553303303303303240e-01	5.212712712712712637e-01	1.821821821821821841e-01	0.000000000000000000e+00	0.000000000000000000e+00	0.000000000000000000e+00
7.393842268842268917e-01	6.440980315980315840e-01	6.833009583009582721e-01	8.974358974358974395e-02	9.025641025641026327e-02	8.615384615384615030e-02
9.262178845512178960e-01	9.667584250917584665e-01	9.826493159826492629e-01	6.199999999999999956e-01	6.533333333333333215e-01	6.666666666666666297e-01
5.754027926960257888e-01	5.954887218045112895e-01	4.325098460436806458e-01	0.000000000000000000e+00	0.000000000000000000e+00	0.000000000000000000e+00
9.998980632008155345e-01	1.000000000000000000e+00	1.000000000000000000e+00	9.919999999999999929e-01	1.000000000000000000e+00	1.000000000000000000e+00
1.000000000000000000e+00	1.000000000000000000e+00	9.998747808665163772e-01	1.000000000000000000e+00	1.000000000000000000e+00	9.899999999999999911e-01
8.324779844870823231e-01	7.158686650726074907e-01	8.502750724130557769e-01	0.000000000000000000e+00	0.000000000000000000e+00	0.000000000000000000e+00
5.251962522157508362e-01	5.133535916265721255e-01	6.020427112349118204e-01	0.000000000000000000e+00	0.000000000000000000e+00	0.000000000000000000e+00
7.663029273392577556e-01	6.915838996340826217e-01	8.370360690015682392e-01	3.549999999999999822e-01	2.500000000000000000e-01	1.650000000000000078e-01
9.961836836836837072e-01	9.981231231231231238e-01	9.993743743743743746e-01	6.700000000000000400e-01	8.499999999999999778e-01	9.499999999999999556e-01
8.072120285423037833e-01	7.929153924566768596e-01	8.791539245667685520e-01	4.699999999999999734e-01	4.839999999999999858e-01	3.140000000000000013e-01
1.000000000000000000e+00	1.000000000000000000e+00	1.000000000000000000e+00	1.000000000000000000e+00	1.000000000000000000e+00	1.000000000000000000e+00
8.426823220341255194e-01	7.669421099896792660e-01	7.393542160923237683e-01	1.046153846153846101e-01	7.128205128205128416e-02	5.692307692307692346e-02
9.830332995267072604e-01	9.910306795131845758e-01	9.991970926301555478e-01	6.633333333333333304e-01	7.833333333333333259e-01	9.366666666666666474e-01
6.227215666582978093e-01	6.553100677880994152e-01	5.054983680642731736e-01	5.600000000000000117e-02	5.999999999999999778e-02	5.733333333333333337e-02
7.003708439897697868e-01	6.807289002557544988e-01	7.989641943734014928e-01	1.749999999999999889e-01	1.749999999999999889e-01	3.014999999999999902e-01
9.996610169491525477e-01	9.997913950456323029e-01	1.000000000000000000e+00	9.719999999999999751e-01	9.839999999999999858e-01	1.000000000000000000e+00
4.487596649484535960e-01	6.031572164948453274e-01	2.580541237113402331e-01	0.000000000000000000e+00	0.000000000000000000e+00	0.000000000000000000e+00
6.341177462887989114e-01	6.362685560053981115e-01	5.722672064777327705e-01	5.066666666666666541e-02	0.000000000000000000e+00	0.000000000000000000e+00
9.988733099649473868e-01	9.991654147888499038e-01	9.981639125354698772e-01	9.000000000000000222e-01	9.333333333333333481e-01	8.533333333333333881e-01
6.734171907756812958e-01	6.757756813417190589e-01	7.732704402515723219e-01	8.000000000000000167e-02	9.249999999999999889e-02	1.058333333333333348e-01
7.362225193107545529e-01	7.540923945335710199e-01	5.169786096256684393e-01	5.647058823529411964e-02	7.764705882352941624e-02	5.882352941176470507e-02
1.000000000000000000e+00	1.000000000000000000e+00	9.997496871088861203e-01	1.000000000000000000e+00	1.000000000000000000e+00	9.799999999999999822e-01
9.401945210824067534e-01	9.373658835660340083e-01	8.871889195440737508e-01	4.000000000000000222e-01	3.888888888888888951e-01	4.133333333333333304e-01
7.509179720397507474e-01	8.437173656728987892e-01	6.796361798888327366e-01	1.799999999999999933e-01	2.146666666666666723e-01	2.413333333333333441e-01
8.735358099062918713e-01	8.916080990629183800e-01	6.466700133868809042e-01	3.333333333333333148e-01	3.333333333333333148e-01	3.066666666666666430e-01
8.741241241241241022e-01	8.925175175175175113e-01	6.470220220220219698e-01	4.500000000000000111e-01	4.400000000000000022e-01	4.299999999999999933e-01
5.500856822725574968e-01	7.019520179273678329e-01	4.039919151086407423e-01	0.000000000000000000e+00	3.130434782608695898e-02	2.347826086956521577e-02
8.018728004022122047e-01	7.160130718954248463e-01	6.071895424836600830e-01	1.000000000000000056e-01	1.000000000000000056e-01	9.199999999999999845e-02
1.000000000000000000e+00	1.000000000000000000e+00	9.989987484355444813e-01	1.000000000000000000e+00	1.000000000000000000e+00	9.200000000000000400e-01
6.793153929357352849e-01	6.914186341427026594e-01	5.236470105553691079e-01	0.000000000000000000e+00	0.000000000000000000e+00	2.222222222222222307e-02
8.839155537411792496e-01	7.898790199775794774e-01	9.120481068926861168e-01	3.605128205128205199e-01	3.353846153846153921e-01	3.810256410256410153e-01
4.568574673003322761e-01	5.542793455860706153e-01	3.889052445640745481e-01	0.000000000000000000e+00	0.000000000000000000e+00	0.000000000000000000e+00
7.073813708260104915e-01	9.029207465059837512e-01	7.583061344045526342e-01	0.000000000000000000e+00	2.200000000000000011e-01	3.333333333333333148e-01
8.375055845122859610e-01	7.604988830975427661e-01	7.992107222635890240e-01	2.035294117647058754e-01	1.764705882352941291e-01	1.764705882352941291e-01
7.828187751004016537e-01	6.234312248995983463e-01	7.652484939759036653e-01	0.000000000000000000e+00	0.000000000000000000e+00	0.000000000000000000e+00
7.548847695390781265e-01	8.112725450901803192e-01	6.652304609218436804e-01	4.000000000000000222e-01	4.000000000000000222e-01	3.880000000000000115e-01
5.653961885656970665e-01	4.788615847542627701e-01	5.201855566700099853e-01	0.000000000000000000e+00	0.000000000000000000e+00	0.000000000000000000e+00
5.666966157532195014e-01	6.417190775681341774e-01	8.047559149445941973e-01	5.904761904761905017e-02	7.523809523809524280e-02	5.523809523809523891e-02
7.923511516731855941e-01	8.429465449804433019e-01	8.748631029986961849e-01	3.626666666666666927e-01	3.766666666666666496e-01	7.039999999999999591e-01
4.712064986614972750e-01	5.276654666297424523e-01	7.333961044955229491e-01	1.188405797101449272e-02	2.173913043478260809e-02	7.623188405797101663e-02
8.292955084643531816e-01	7.392704437921374661e-01	7.392000750599809766e-01	4.307692307692307515e-02	3.487179487179487003e-02	2.717948717948718076e-02
8.995972503373819151e-01	9.071988866396760720e-01	8.112348178137651633e-01	4.333333333333333481e-01	4.099999999999999756e-01	3.916666666666666630e-01
6.113957727018843880e-01	5.427345150953934994e-01	8.550754034747332089e-01	1.195402298850574765e-02	1.356321839080459717e-02	1.395402298850574596e-01
5.624749772520473146e-01	6.079854413102820931e-01	6.875705186533211943e-01	2.857142857142857054e-02	2.857142857142857054e-02	1.394285714285714295e-01
7.032280965505721682e-01	7.034160193769314340e-01	8.247306439488849561e-01	0.000000000000000000e+00	0.000000000000000000e+00	0.000000000000000000e+00
3.332438238453275803e-01	3.460257787325456413e-01	3.426781238811313912e-01	0.000000000000000000e+00	0.000000000000000000e+00	0.000000000000000000e+00
2.748610409297624901e-01	4.335691426646454683e-01	2.570658581775307483e-01	0.000000000000000000e+00	0.000000000000000000e+00	0.000000000000000000e+00
5.675314809272773431e-01	5.594454292225879977e-01	5.160569994705218599e-01	0.000000000000000000e+00	0.000000000000000000e+00	0.000000000000000000e+00
8.003454808871057757e-01	6.871447676362421042e-01	7.572439540844756456e-01	9.333333333333333759e-02	9.555555555555556024e-02	0.000000000000000000e+00
9.004734135941810935e-01	8.788406069726611980e-01	7.635440180586907655e-01	4.025000000000000244e-01	3.275000000000000133e-01	2.824999999999999734e-01
5.867750439367310777e-01	6.239957318604066883e-01	6.263494853125785022e-01	1.100000000000000006e-01	1.100000000000000006e-01	1.174999999999999933e-01
1.000000000000000000e+00	1.000000000000000000e+00	9.983733733733733962e-01	1.000000000000000000e+00	1.000000000000000000e+00	8.699999999999999956e-01
6.312969454181271978e-01	5.336504757135703825e-01	2.739108662994491628e-01	0.000000000000000000e+00	0.000000000000000000e+00	0.000000000000000000e+00
5.932724902216427454e-01	6.806301607996523284e-01	8.479096045197740406e-01	9.266666666666666108e-02	1.313333333333333297e-01	2.640000000000000124e-01
9.985395189003436478e-01	9.985395189003436478e-01	9.986254295532646097e-01	8.866666666666667140e-01	8.866666666666667140e-01	8.933333333333333126e-01
8.076313118497843169e-01	9.019284445572189890e-01	8.273280893174320694e-01	5.000000000000000000e-01	5.000000000000000000e-01	4.400000000000000022e-01
6.654116465863453289e-01	4.867909136546184623e-01	7.757592871485943231e-01	0.000000000000000000e+00	0.000000000000000000e+00	0.000000000000000000e+00
5.471362034239677374e-01	5.507175226586102923e-01	5.325906344410875626e-01	1.099999999999999936e-02	2.999999999999999889e-02	1.000000000000000021e-03
9.248725790010193792e-01	9.297740400951409745e-01	8.814814814814815325e-01	2.053333333333333399e-01	2.413333333333333441e-01	1.053333333333333344e-01
6.967280398925969065e-01	5.937936325278097005e-01	7.731799002685079136e-01	3.030303030303030387e-02	3.030303030303030387e-02	4.242424242424242854e-03
8.019779669504256692e-01	8.771156735102654256e-01	7.207811717576364519e-01	4.000000000000000222e-01	4.000000000000000222e-01	2.399999999999999911e-01
6.156899983982793145e-01	6.425359815115666562e-01	6.965082488616342049e-01	2.181818181818181712e-01	2.227272727272727182e-01	2.163636363636363691e-01
8.787497905144964205e-01	8.512233953410424103e-01	9.155354449472096201e-01	5.555555555555555802e-01	5.555555555555555802e-01	5.444444444444443976e-01
6.240753821753675101e-01	5.745891698098118949e-01	4.906105476403086474e-01	4.736842105263158048e-02	4.315789473684210342e-02	4.105263157894736836e-02
8.164404223227752500e-01	7.329311211664152337e-01	5.812468577174459972e-01	4.000000000000000222e-01	4.000000000000000222e-01	3.479999999999999760e-01
8.886368565644880979e-01	8.216816078658183420e-01	8.442199248120301203e-01	6.099999999999999867e-01	5.914285714285714146e-01	5.942857142857143060e-01
9.379245283018867729e-01	9.583176100628930660e-01	9.513050314465408830e-01	5.424999999999999822e-01	5.474999999999999867e-01	6.687499999999999556e-01
7.841872674109515717e-01	7.004651780967570129e-01	6.748006379585327341e-01	0.000000000000000000e+00	0.000000000000000000e+00	7.368421052631578781e-03
7.422941767068272911e-01	5.855840026773762030e-01	7.351405622489959324e-01	1.333333333333333315e-01	1.333333333333333315e-01	8.533333333333333048e-02
1.000000000000000000e+00	1.000000000000000000e+00	9.983435270132517969e-01	1.000000000000000000e+00	1.000000000000000000e+00	8.699999999999999956e-01
5.732354908847633324e-01	5.910478340859675050e-01	3.954883759826057776e-01	5.500000000000000028e-02	7.666666666666666075e-02	2.333333333333333440e-02
7.595190380761522864e-01	6.077512167191525538e-01	6.002719725164614717e-01	0.000000000000000000e+00	0.000000000000000000e+00	0.000000000000000000e+00
1.000000000000000000e+00	1.000000000000000000e+00	9.999165832499166129e-01	1.000000000000000000e+00	1.000000000000000000e+00	9.933333333333332904e-01
9.465903073878995100e-01	9.528885544686899189e-01	7.822924504640079713e-01	6.666666666666666297e-01	6.666666666666666297e-01	6.666666666666666297e-01
6.594186863364945861e-01	5.869511766772040895e-01	6.216473480857042100e-01	5.369863013698630144e-02	4.520547945205479617e-02	5.178082191780821603e-02
6.272967530833123417e-01	6.612289202114270958e-01	6.681978353888748945e-01	1.975000000000000089e-01	2.237500000000000044e-01	1.125000000000000028e-01
6.622934401602403875e-01	7.652979469203805563e-01	5.412118177265898833e-01	0.000000000000000000e+00	0.000000000000000000e+00	0.000000000000000000e+00
5.334692597239648615e-01	4.728565453785027461e-01	4.494772061898786863e-01	0.000000000000000000e+00	0.000000000000000000e+00	0.000000000000000000e+00
7.505309700339820589e-01	6.935144423849243234e-01	5.797420451034909217e-01	1.538461538461538547e-01	1.538461538461538547e-01	5.999999999999999778e-02
6.560954805347123386e-01	6.516040036784795930e-01	5.321400487798376711e-01	1.473684210526315756e-02	2.105263157894736795e-02	1.473684210526315756e-02
5.922320981472208867e-01	4.893277416124186541e-01	4.447295943915873795e-01	0.000000000000000000e+00	0.000000000000000000e+00	0.000000000000000000e+00
8.165160642570281624e-01	7.260374832663989420e-01	8.314926372155287959e-01	3.119999999999999996e-01	2.879999999999999782e-01	1.186666666666666703e-01
6.799480475951064085e-01	5.593542260208926864e-01	7.753756773364616217e-01	0.000000000000000000e+00	0.000000000000000000e+00	0.000000000000000000e+00
4.771094402673349832e-01	3.907268170426065335e-01	4.650793650793650924e-01	0.000000000000000000e+00	0.000000000000000000e+00	0.000000000000000000e+00
9.800284114648617484e-01	9.670970167961895347e-01	8.748642099105874426e-01	5.799999999999999600e-01	5.566666666666666430e-01	4.666666666666666741e-01
2.672889000250563973e-01	2.025808068153344965e-01	3.200952142320220295e-01	0.000000000000000000e+00	0.000000000000000000e+00	0.000000000000000000e+00
9.912346606561482920e-01	9.930712079472410192e-01	9.777109942399198061e-01	6.666666666666666297e-01	6.666666666666666297e-01	6.666666666666666297e-01
8.884846964375313627e-01	8.204967385850476802e-01	8.695434019066733411e-01	3.333333333333333148e-01	3.333333333333333148e-01	2.600000000000000089e-01
7.536303726599404840e-01	5.893353550669698793e-01	8.862386034486110509e-01	2.307692307692307820e-01	2.307692307692307820e-01	1.953846153846153788e-01
7.626506024096385561e-01	6.776229919678714575e-01	7.202058232931727311e-01	2.999999999999999889e-01	2.999999999999999889e-01	1.779999999999999916e-01
8.205980720047215682e-01	8.099531116794543850e-01	8.682930028198569961e-01	4.502564102564102777e-01	4.530769230769230993e-01	5.069230769230769207e-01
6.912888276553106337e-01	7.060683867735471075e-01	5.736472945891784025e-01	2.500000000000000000e-01	2.500000000000000000e-01	2.500000000000000000e-01
4.263346690796276928e-01	6.400513831437435464e-01	4.649528179937952310e-01	1.062500000000000076e-02	2.500000000000000139e-02	1.750000000000000167e-02
8.164727701905243329e-01	7.539354087153783412e-01	7.506016155485047969e-01	1.848484848484848453e-01	1.775757575757575812e-01	2.175757575757575890e-01
7.381236038719285464e-01	6.102457185405807394e-01	7.667460908413998855e-01	1.670588235294117596e-01	1.670588235294117596e-01	1.729411764705882371e-01
7.039556168505516354e-01	6.911202357071213331e-01	4.907848545636910864e-01	1.650000000000000078e-01	1.449999999999999900e-01	2.250000000000000056e-01
6.429311556023884489e-01	5.795064980681419176e-01	6.054232525465401693e-01	4.849315068493150610e-02	4.109589041095890183e-02	5.095890410958903854e-02
8.121158690176322192e-01	7.571788413098237136e-01	8.938035264483626952e-01	2.000000000000000111e-01	2.000000000000000111e-01	3.639999999999999902e-01
7.518644790112933851e-01	7.190787052282897607e-01	6.840361854212270165e-01	2.307692307692307820e-01	2.307692307692307820e-01	7.692307692307692735e-02
9.167981703830760942e-01	9.084048027444253659e-01	8.640365923384791813e-01	4.981818181818181701e-01	5.000000000000000000e-01	5.618181818181817722e-01
3.911020891482703266e-01	4.960669880740928850e-01	1.549522117905776930e-01	0.000000000000000000e+00	0.000000000000000000e+00	0.000000000000000000e+00
6.066772040744643490e-01	5.279223744292237397e-01	5.950649806814189979e-01	0.000000000000000000e+00	0.000000000000000000e+00	1.013698630136986370e-02
8.915651346388409060e-01	8.213069819185867537e-01	7.987119171123353567e-01	1.984615384615384670e-01	1.799999999999999933e-01	1.933333333333333293e-01
5.982857383539719187e-01	6.401156178923427253e-01	5.157316148597422822e-01	6.833333333333332926e-02	9.500000000000000111e-02	1.100000000000000006e-01
1.000000000000000000e+00	1.000000000000000000e+00	1.000000000000000000e+00	1.000000000000000000e+00	1.000000000000000000e+00	1.000000000000000000e+00
8.589039377978430201e-01	8.404188612992224972e-01	8.422372711311763016e-01	5.000000000000000000e-01	5.000000000000000000e-01	5.739999999999999547e-01
6.919897672492828500e-01	7.008842752787389774e-01	8.075000739360600477e-01	6.588235294117647523e-02	8.941176470588235725e-02	1.023529411764705910e-01
9.742113169754631485e-01	9.560173593723919616e-01	7.370221999666165535e-01	6.666666666666666297e-01	6.666666666666666297e-01	6.266666666666667052e-01
8.552714646464646409e-01	8.821022727272727071e-01	7.827020202020201767e-01	5.000000000000000000e-01	5.000000000000000000e-01	4.650000000000000244e-01
8.427459839357429594e-01	8.380187416331994488e-01	8.615573404730031415e-01	6.666666666666666297e-01	6.666666666666666297e-01	6.666666666666666297e-01
7.221829996487530989e-01	6.724200913242008859e-01	6.463364945556726582e-01	9.068493150684930892e-02	9.095890410958903938e-02	7.452054794520547587e-02
5.902293718596313132e-01	5.272953845743759693e-01	5.020191654116298308e-01	5.052631578947368307e-02	4.736842105263158048e-02	5.157894736842105060e-02
5.816007014028056199e-01	6.364291082164328373e-01	6.306362725450901374e-01	4.949999999999999956e-01	4.949999999999999956e-01	3.950000000000000178e-01
9.744552967693463907e-01	9.791301444194006054e-01	9.295433675598965273e-01	6.666666666666666297e-01	6.666666666666666297e-01	6.666666666666666297e-01
9.483529526534859588e-01	9.333336043184182751e-01	9.584010796045785430e-01	4.245161290322580494e-01	4.116129032258064591e-01	6.806451612903225978e-01
5.798915310805172751e-01	5.423445974134334380e-01	5.844806007509386614e-01	1.799999999999999933e-01	0.000000000000000000e+00	0.000000000000000000e+00
8.909330323551541975e-01	8.612490594431904123e-01	8.471532480561826395e-01	1.660000000000000087e-01	1.320000000000000062e-01	1.519999999999999962e-01
7.451910969916509808e-01	7.149720086008174436e-01	6.901962303624353812e-01	2.276923076923076938e-01	2.276923076923076938e-01	1.523076923076923106e-01
6.301823019668476578e-01	6.678742224299737407e-01	5.080543669770953841e-01	1.471428571428571308e-01	1.985714285714285654e-01	2.771428571428571352e-01
6.287002899380749188e-01	7.435658803736979738e-01	5.367075920821848811e-01	4.285714285714285476e-01	4.285714285714285476e-01	4.285714285714285476e-01
6.853793466807165391e-01	6.095029855988760570e-01	6.328626624517035282e-01	5.890410958904109678e-02	5.452054794520547892e-02	5.397260273972602496e-02
5.031253748450640328e-01	4.893244125761351815e-01	4.821607069078114316e-01	0.000000000000000000e+00	0.000000000000000000e+00	0.000000000000000000e+00
5.455923909297677454e-01	5.784053575941370262e-01	5.099593355848094367e-01	1.063636363636363685e-01	1.272727272727272596e-01	8.363636363636363369e-02
4.356048999706359504e-01	5.575296513335120663e-01	4.545463250220230789e-01	0.000000000000000000e+00	0.000000000000000000e+00	0.000000000000000000e+00
8.335788615847542493e-01	7.251128385155466427e-01	7.905905215646941153e-01	3.099999999999999978e-01	3.125000000000000000e-01	2.849999999999999756e-01
5.258212366106196356e-01	6.463065098880335091e-01	4.834444061434754469e-01	9.629629629629630344e-03	2.493827160493827105e-02	1.604938271604938391e-02
7.894495412844036997e-01	7.687308868501528947e-01	8.227828746177370256e-01	2.340000000000000135e-01	2.479999999999999982e-01	2.800000000000000266e-01
5.227520450967223509e-01	5.007651909674436519e-01	4.784039988109262675e-01	0.000000000000000000e+00	0.000000000000000000e+00	0.000000000000000000e+00
1.000000000000000000e+00	1.000000000000000000e+00	9.992475545522949698e-01	1.000000000000000000e+00	1.000000000000000000e+00	9.399999999999999467e-01
7.936400332788956513e-01	7.597802976612331172e-01	8.833235756324531174e-01	7.951807228915662440e-02	8.072289156626505369e-02	4.771084337349397742e-01
8.427269820971866610e-01	8.389801790281330440e-01	8.671675191815856332e-01	2.705000000000000182e-01	2.765000000000000235e-01	3.579999999999999849e-01
8.013094938302695036e-01	7.750356753126835807e-01	6.908419373793335261e-01	2.422222222222222276e-01	2.333333333333333370e-01	2.044444444444444564e-01
9.524562778114512573e-01	9.399198734532767663e-01	9.142409414130064915e-01	7.647058823529411242e-01	7.647058823529411242e-01	7.647058823529411242e-01
7.491842369477911268e-01	6.666196034136546711e-01	5.787838855421686413e-01	2.500000000000000000e-01	2.500000000000000000e-01	2.399999999999999911e-01
3.578222778473091337e-01	2.633917396745932282e-01	8.235294117647058709e-02	0.000000000000000000e+00	0.000000000000000000e+00	0.000000000000000000e+00
4.895128975707487839e-01	5.643939393939394478e-01	4.336338592536939651e-01	0.000000000000000000e+00	0.000000000000000000e+00	0.000000000000000000e+00
5.382004289708529621e-01	6.576252441686775141e-01	4.648014094756597325e-01	8.296296296296296058e-02	1.103703703703703687e-01	1.033333333333333326e-01
6.909364800401707196e-01	8.610343961837810811e-01	9.144698301113063366e-01	0.000000000000000000e+00	2.466666666666666730e-01	2.000000000000000111e-01
8.909217633734100028e-01	8.564209792646803043e-01	9.245513155602020916e-01	8.333333333333333703e-01	8.333333333333333703e-01	7.833333333333333259e-01
7.240349927849928369e-01	7.053481240981240852e-01	5.420634920634920251e-01	1.414285714285714313e-01	1.428571428571428492e-01	1.342857142857142860e-01
3.301072488908162739e-01	5.696534009407212551e-01	3.170347266237448780e-01	0.000000000000000000e+00	0.000000000000000000e+00	0.000000000000000000e+00
9.961978381096028290e-01	9.951608848667672369e-01	9.924585218702866030e-01	7.449999999999999956e-01	7.299999999999999822e-01	7.149999999999999689e-01
6.441907042058979682e-01	6.341075991620432895e-01	5.584612905453624210e-01	1.309090909090909194e-01	1.218181818181818116e-01	9.090909090909091161e-02
8.629037207518219788e-01	7.812389719984657033e-01	8.588108937476025551e-01	3.042424242424242586e-01	3.012121212121212088e-01	3.018181818181818188e-01
6.875092310231882831e-01	6.177617918176210310e-01	5.675276496294558992e-01	2.027586206896551668e-01	1.882758620689655160e-01	1.993103448275861944e-01
7.590103567318756683e-01	6.884081319524357756e-01	7.965630993479094757e-01	9.515151515151515360e-02	7.757575757575757569e-02	1.206060606060606055e-01
7.947817360762668981e-01	8.771199197190165942e-01	4.093828399397892448e-01	5.600000000000000117e-02	7.599999999999999811e-02	2.000000000000000042e-02
9.974545151059923676e-01	9.959105324653647617e-01	9.868970121849440780e-01	7.933333333333333348e-01	6.733333333333333393e-01	6.533333333333333215e-01
8.694917376064096315e-01	8.239233850776164214e-01	7.671507260891337054e-01	2.500000000000000000e-01	2.500000000000000000e-01	1.250000000000000000e-01
9.875849451123889233e-01	9.783934483359469914e-01	9.229830981007144386e-01	6.666666666666666297e-01	6.666666666666666297e-01	5.999999999999999778e-01
6.938082640463593131e-01	6.153565129755605989e-01	5.233182161753590078e-01	8.799999999999999489e-02	9.099999999999999756e-02	9.600000000000000200e-02
8.741860756323566184e-01	9.102178812922614437e-01	7.090533433508640071e-01	5.000000000000000000e-01	5.000000000000000000e-01	2.000000000000000111e-01
7.467262654243264075e-01	6.922059934525308655e-01	5.907516998237219985e-01	2.500000000000000000e-01	2.500000000000000000e-01	2.474999999999999978e-01
6.652334923424554347e-01	6.952987697715290460e-01	5.554544313331659655e-01	1.250000000000000000e-01	1.375000000000000111e-01	1.250000000000000000e-01
9.796365914786967499e-01	9.883458646616540832e-01	9.796992481203007364e-01	3.900000000000000133e-01	4.199999999999999845e-01	2.999999999999999889e-01
7.206913827655310190e-01	5.834705124534783627e-01	6.818637274549098626e-01	0.000000000000000000e+00	0.000000000000000000e+00	0.000000000000000000e+00
8.488682869790361574e-01	8.392215818925916615e-01	7.075503215568361703e-01	0.000000000000000000e+00	0.000000000000000000e+00	0.000000000000000000e+00
4.194074817976399805e-01	6.652857979747258677e-01	8.028286885931876782e-01	0.000000000000000000e+00	0.000000000000000000e+00	0.000000000000000000e+00
4.990390011223344580e-01	4.667297979797979668e-01	4.334595959595959336e-01	5.555555555555555247e-02	5.444444444444444114e-02	5.333333333333333676e-02
8.869559716599190180e-01	8.210128687102371536e-01	8.742589647194910496e-01	6.071428571428570953e-01	5.957142857142857517e-01	5.714285714285713969e-01
6.741450205596228873e-01	7.329355129876642394e-01	5.237889880653896491e-01	3.307692307692308015e-02	3.384615384615384526e-02	4.615384615384615814e-03
8.071581196581196771e-01	7.194528789923526624e-01	6.306089743589743390e-01	6.444444444444444309e-02	5.000000000000000278e-02	2.222222222222222307e-02
4.817708934049964031e-01	5.347050817743534967e-01	3.107886784618578702e-01	7.363636363636363869e-02	8.545454545454544970e-02	4.454545454545454780e-02
9.944249561513405222e-01	9.896016036081182188e-01	9.928589325983462333e-01	7.500000000000000000e-01	7.500000000000000000e-01	6.949999999999999512e-01
1.000000000000000000e+00	1.000000000000000000e+00	1.000000000000000000e+00	1.000000000000000000e+00	1.000000000000000000e+00	1.000000000000000000e+00
8.917438657986980211e-01	8.433900851276915356e-01	8.217325988983474883e-01	2.399999999999999911e-01	2.399999999999999911e-01	2.250000000000000056e-01
3.426701664808888825e-01	3.989967998274064342e-01	4.424148718133112945e-01	0.000000000000000000e+00	0.000000000000000000e+00	0.000000000000000000e+00
6.162121591193394643e-01	6.269702276707530553e-01	4.018013510132599220e-01	0.000000000000000000e+00	0.000000000000000000e+00	0.000000000000000000e+00
7.017870439314966013e-01	5.918689501116902729e-01	7.033953834698436491e-01	0.000000000000000000e+00	0.000000000000000000e+00	0.000000000000000000e+00
6.706013293202909287e-01	5.638011035866565823e-01	6.258151492350138012e-01	0.000000000000000000e+00	0.000000000000000000e+00	0.000000000000000000e+00
7.094030539474788233e-01	7.496591576474536112e-01	6.338514137092038370e-01	6.666666666666666574e-02	7.416666666666667240e-02	6.750000000000000444e-02
7.366998257741808054e-01	6.590681728769740566e-01	7.085651660765469595e-01	4.888888888888889145e-02	3.066666666666666499e-02	3.377777777777777463e-02
8.879854767376735847e-01	8.335425558624152131e-01	9.047104038316692298e-01	3.492307692307692335e-01	3.430769230769230571e-01	3.846153846153846367e-01
9.596060757803371866e-01	9.664496745117676646e-01	8.794858955099316145e-01	6.600000000000000311e-01	6.666666666666666297e-01	5.200000000000000178e-01
5.431696726786907625e-01	5.625208750835003491e-01	4.741148964595858217e-01	0.000000000000000000e+00	2.666666666666666838e-02	0.000000000000000000e+00
9.777314211212516648e-01	9.890482398956975674e-01	1.000000000000000000e+00	8.000000000000000444e-01	8.000000000000000444e-01	1.000000000000000000e+00
9.547958928124217204e-01	9.486810251273061212e-01	9.151431672092829039e-01	8.333333333333333703e-01	8.333333333333333703e-01	7.500000000000000000e-01
7.981141692150865996e-01	7.802115188583078620e-01	8.312945973496431717e-01	3.940000000000000169e-01	3.960000000000000187e-01	2.300000000000000100e-01
9.480185603210433687e-01	9.546442605133349524e-01	8.107181673773096175e-01	6.533333333333333215e-01	6.550000000000000266e-01	7.049999999999999600e-01
7.936355195408120178e-01	7.764666160209335866e-01	6.620916687769055065e-01	2.893333333333333313e-01	2.893333333333333313e-01	5.199999999999999761e-02
3.203457780005011246e-01	3.677858514992065619e-01	1.460786770233024334e-01	0.000000000000000000e+00	0.000000000000000000e+00	0.000000000000000000e+00
8.415420683323496798e-01	8.323709751459111850e-01	8.626368942225719483e-01	4.638461538461538525e-01	4.656410256410256632e-01	4.979487179487179227e-01
7.796465427348890920e-01	7.987037503146237061e-01	5.861349825608571651e-01	2.128571428571428559e-01	2.500000000000000000e-01	2.857142857142856984e-01
6.490486455213086980e-01	6.136306374401612196e-01	4.700876235267769654e-01	1.925925925925926069e-02	1.037037037037037007e-02	0.000000000000000000e+00
7.038208502024291269e-01	7.472360635316100952e-01	5.748987854251011997e-01	7.538461538461538325e-02	6.307692307692307210e-02	5.384615384615384914e-02
9.993465760585468205e-01	9.992561019743455564e-01	1.000000000000000000e+00	9.507692307692308109e-01	9.430769230769230349e-01	1.000000000000000000e+00
7.863320707070706739e-01	6.994002525252525082e-01	5.558712121212121549e-01	1.125000000000000028e-01	8.749999999999999445e-02	0.000000000000000000e+00
7.092061983078239429e-01	7.511379408689038417e-01	8.308888677630953401e-01	3.056716417910447792e-01	3.235820895522388274e-01	3.689552238805970386e-01
9.505855986119143841e-01	9.041895604395604469e-01	8.718551185656449043e-01	5.728571428571428426e-01	5.257142857142856895e-01	5.714285714285713969e-01
1.000000000000000000e+00	1.000000000000000000e+00	9.998747808665163772e-01	1.000000000000000000e+00	1.000000000000000000e+00	9.899999999999999911e-01
9.895651303334789262e-01	9.921772608125819515e-01	1.000000000000000000e+00	9.278571428571428248e-01	9.285714285714286031e-01	1.000000000000000000e+00
9.111975029958475636e-01	9.121589610679151638e-01	9.119917509684251078e-01	6.222222222222222321e-01	6.288888888888889417e-01	5.911111111111111427e-01
4.378131262525050138e-01	5.252066633266533335e-01	8.698647294589177681e-02	0.000000000000000000e+00	0.000000000000000000e+00	0.000000000000000000e+00
9.609744759972954631e-01	9.757120520622042381e-01	1.000000000000000000e+00	8.716666666666667007e-01	8.883333333333333082e-01	1.000000000000000000e+00
6.554363590322060951e-01	6.183959115080918112e-01	4.367273648104237904e-01	0.000000000000000000e+00	0.000000000000000000e+00	0.000000000000000000e+00
1.000000000000000000e+00	1.000000000000000000e+00	1.000000000000000000e+00	1.000000000000000000e+00	1.000000000000000000e+00	1.000000000000000000e+00
9.976948133299924359e-01	9.988474066649962735e-01	1.000000000000000000e+00	8.080000000000000515e-01	9.080000000000000293e-01	1.000000000000000000e+00
7.377850162866449457e-01	6.640148667835964469e-01	5.698237701495030283e-01	1.666666666666666574e-01	1.666666666666666574e-01	1.666666666666666574e-01
7.099520460358056395e-01	6.937659846547314935e-01	8.162723785166240420e-01	1.955000000000000071e-01	1.930000000000000049e-01	3.135000000000000009e-01
7.744480819273062977e-01	7.150731693667982114e-01	5.884048238618875271e-01	5.111111111111111410e-02	6.444444444444444309e-02	8.888888888888888881e-03
8.417313038237981271e-01	7.527264244474252131e-01	8.622888357535817283e-01	7.384615384615385303e-02	7.384615384615385303e-02	6.923076923076923461e-02
3.608445136055852265e-01	4.460234680573663679e-01	3.858771081297051597e-01	1.225806451612903268e-02	2.000000000000000042e-02	1.677419354838709589e-02
8.324244815957523302e-01	8.316890292028413789e-01	7.506637009399440563e-01	1.057142857142857190e-01	9.714285714285714191e-02	5.714285714285714107e-02
8.392711139705389956e-01	7.525600814936935778e-01	6.873014596485584882e-01	6.205128205128205426e-02	4.871794871794871834e-02	4.358974358974358754e-02
7.136460420841683749e-01	7.667522545090180719e-01	5.955035070140280995e-01	4.650000000000000244e-01	4.749999999999999778e-01	1.900000000000000022e-01
6.324221272408597772e-01	5.055733218535715112e-01	7.145690476922603729e-01	4.470588235294117863e-02	4.470588235294117863e-02	0.000000000000000000e+00
7.041531148361270809e-01	7.117212909682261168e-01	4.653490117588190977e-01	0.000000000000000000e+00	0.000000000000000000e+00	0.000000000000000000e+00
4.120892901931276775e-01	4.946074742914471911e-01	3.590105342362678864e-01	0.000000000000000000e+00	0.000000000000000000e+00	0.000000000000000000e+00
5.150405007363769716e-01	6.539764359351988299e-01	3.197349042709867195e-01	0.000000000000000000e+00	8.571428571428571508e-02	4.571428571428571425e-02
6.733132681213945814e-01	7.034946910793411501e-01	5.034417412145026915e-01	1.111111111111111049e-01	1.111111111111111049e-01	9.555555555555556024e-02
5.345709984947315530e-01	6.870045158053186274e-01	1.564977420973406863e-01	0.000000000000000000e+00	0.000000000000000000e+00	0.000000000000000000e+00
9.148410115172759260e-01	8.525287931897846949e-01	8.628567851777666498e-01	5.000000000000000000e-01	5.000000000000000000e-01	3.850000000000000089e-01
4.940068133069773215e-01	5.953694747024435019e-01	4.472473398662573096e-01	3.741935483870967999e-02	5.483870967741935609e-02	4.516129032258064252e-02
1.000000000000000000e+00	1.000000000000000000e+00	1.000000000000000000e+00	1.000000000000000000e+00	1.000000000000000000e+00	1.000000000000000000e+00
7.794787449392712730e-01	6.964968511021142339e-01	5.973909131803868400e-01	3.333333333333333287e-02	0.000000000000000000e+00	1.444444444444444378e-02
6.886369362559838780e-01	6.288422776518014512e-01	5.584026203073821915e-01	1.479999999999999927e-01	1.469999999999999918e-01	1.729999999999999871e-01
9.017767498565690820e-01	8.270851262191624143e-01	7.998601549053355741e-01	1.642857142857142849e-01	1.414285714285714313e-01	1.028571428571428553e-01
8.464026071697167142e-01	9.058912008022060869e-01	7.783905740787164795e-01	4.800000000000000100e-02	8.999999999999999667e-02	1.439999999999999891e-01
5.289571223991239579e-01	6.422373852244966930e-01	4.835312947519164184e-01	1.666666666666666574e-01	1.666666666666666574e-01	1.566666666666666763e-01
1.000000000000000000e+00	1.000000000000000000e+00	1.000000000000000000e+00	1.000000000000000000e+00	1.000000000000000000e+00	1.000000000000000000e+00
4.669474816275318019e-01	5.057357949453307189e-01	4.334110055565513764e-01	0.000000000000000000e+00	0.000000000000000000e+00	0.000000000000000000e+00
3.895902753839672328e-01	5.430838025202037178e-01	3.962714006664368460e-01	2.629629629629629678e-02	4.111111111111111216e-02	3.111111111111111022e-02
5.091842570793929657e-01	5.344825292951863593e-01	3.896093531782450770e-01	2.947368421052631512e-02	3.263157894736842118e-02	0.000000000000000000e+00
6.406032388663968069e-01	5.771578947368420920e-01	6.290499325236167394e-01	2.231578947368420898e-02	1.115789473684210449e-02	6.947368421052631769e-03
7.865480961923847492e-01	7.196392785571141815e-01	5.731963927855711072e-01	4.000000000000000222e-01	4.000000000000000222e-01	3.800000000000000044e-01
6.724898063200815956e-01	6.551095820591233965e-01	7.917176350662589179e-01	3.599999999999999728e-02	5.399999999999999939e-02	6.600000000000000311e-02
9.951364325416877099e-01	9.975997978777160213e-01	9.981051035876705724e-01	6.300000000000000044e-01	8.100000000000000533e-01	8.499999999999999778e-01
5.334526306191300637e-01	4.270310932798395132e-01	5.333272544907449175e-01	0.000000000000000000e+00	0.000000000000000000e+00	0.000000000000000000e+00
8.183663682864450450e-01	8.125319693094629203e-01	8.520140664961637356e-01	3.930000000000000160e-01	3.990000000000000213e-01	4.144999999999999796e-01
9.720761332331580018e-01	9.690082644628099651e-01	8.377160030052591688e-01	5.000000000000000000e-01	5.000000000000000000e-01	5.000000000000000000e-01
5.973031928645294864e-01	6.969929550155118392e-01	5.263734488107548737e-01	7.474999999999999700e-02	9.174999999999999822e-02	4.624999999999999944e-02
6.848369340672522121e-01	6.497580999853393990e-01	5.361117404806013953e-01	4.526315789473684542e-02	3.684210526315789130e-02	0.000000000000000000e+00
8.619719926538108590e-01	8.133838383838384312e-01	7.974288337924702041e-01	3.318181818181818454e-01	3.045454545454545636e-01	3.599999999999999867e-01
5.029016366065464094e-01	4.792084168336673278e-01	5.475116900467601466e-01	0.000000000000000000e+00	0.000000000000000000e+00	0.000000000000000000e+00
8.739359958030035180e-01	8.658223490064922423e-01	8.828841235490851869e-01	4.887179487179487136e-01	4.912820512820512686e-01	5.297435897435897045e-01
9.511242138364779386e-01	9.725000000000000311e-01	9.254874213836478125e-01	5.550000000000000488e-01	5.962499999999999467e-01	5.812500000000000444e-01
9.049987440341622502e-01	8.191534790253705012e-01	6.809595579000251586e-01	9.600000000000000200e-02	8.999999999999999667e-02	4.599999999999999922e-02
8.210940972701215035e-01	7.595338820680247460e-01	7.591468555049738498e-01	1.969696969696969613e-01	1.818181818181818232e-01	2.042424242424242531e-01
4.868957385885127054e-01	6.618157318511032061e-01	3.354387737914771850e-01	6.666666666666666574e-02	6.666666666666666574e-02	6.133333333333332998e-02
6.800067374094660444e-01	7.803688731682667523e-01	5.062489472797708778e-01	1.920000000000000040e-01	2.626666666666666594e-01	2.666666666666666630e-01
6.594405505125946476e-01	7.468864503938615895e-01	5.720536979585583159e-01	6.567901234567900814e-02	9.530864197530863891e-02	9.407407407407407385e-02
9.866492829204693837e-01	9.932203389830508433e-01	1.000000000000000000e+00	7.960000000000000409e-01	7.960000000000000409e-01	1.000000000000000000e+00
9.723489596390072487e-01	9.666583103534720500e-01	9.557783905740787622e-01	8.000000000000000444e-01	7.960000000000000409e-01	6.720000000000000417e-01
5.530173660685124837e-01	4.950449315528680505e-01	4.437165812827188471e-01	0.000000000000000000e+00	0.000000000000000000e+00	0.000000000000000000e+00
9.157726094470045597e-01	8.936851958525345863e-01	8.804543490783409698e-01	3.442857142857143060e-01	3.428571428571428603e-01	3.928571428571428492e-01
6.555162142415557058e-01	5.708171752936548327e-01	6.900578879334570148e-01	1.600000000000000033e-02	1.066666666666666631e-02	7.555555555555555809e-03
7.959104737070838986e-01	8.620556279878314188e-01	8.565840938722294462e-01	1.759999999999999898e-01	2.433333333333333459e-01	6.199999999999999956e-01
7.773743949257219121e-01	7.595560006676681519e-01	6.292772492071440071e-01	0.000000000000000000e+00	0.000000000000000000e+00	0.000000000000000000e+00
7.121295606850335247e-01	6.018391660461652748e-01	7.630081906180193885e-01	8.941176470588235725e-02	6.352941176470587592e-02	5.294117647058823456e-02
9.329543811451705970e-01	8.853293088490457041e-01	8.349660208212840162e-01	5.742857142857142883e-01	5.571428571428571619e-01	6.157142857142857695e-01
7.759894789579158125e-01	7.802271209084836734e-01	7.084168336673346555e-01	5.000000000000000000e-01	5.000000000000000000e-01	4.500000000000000111e-01
9.655122422680412209e-01	9.793492268041237292e-01	9.999516752577319867e-01	7.924999999999999822e-01	8.299999999999999600e-01	9.962499999999999689e-01
6.683348498635123258e-01	7.050118289353958234e-01	7.330737033666969715e-01	2.108571428571428541e-01	2.159999999999999976e-01	2.834285714285714186e-01
9.631347410759175665e-01	9.788084464555052433e-01	9.352689793866264534e-01	8.980000000000000204e-01	8.980000000000000204e-01	9.000000000000000222e-01
8.628027876131062479e-01	8.175743269825211934e-01	8.356207497330411238e-01	2.413333333333333441e-01	2.244444444444444464e-01	2.297777777777777752e-01
9.445696635779280426e-01	9.538776191668754123e-01	9.038734451957592952e-01	1.633333333333333304e-01	1.633333333333333304e-01	1.566666666666666763e-01
6.296667501879228412e-01	6.295832289317631059e-01	7.750772571619477525e-01	0.000000000000000000e+00	0.000000000000000000e+00	0.000000000000000000e+00
8.893340010015022834e-01	9.118052078117175885e-01	8.194792188282423728e-01	5.000000000000000000e-01	5.000000000000000000e-01	5.000000000000000000e-01
7.061226208522822789e-01	8.023159845039582461e-01	6.831564763348492164e-01	2.493333333333333235e-01	3.133333333333333526e-01	2.159999999999999976e-01
6.348788391096082950e-01	5.412862778247393702e-01	6.360298675683291325e-01	1.978021978021978020e-03	2.637362637362637360e-03	0.000000000000000000e+00
9.297307498741821385e-01	9.803724207347760400e-01	8.938097634625062904e-01	5.000000000000000000e-01	5.000000000000000000e-01	4.500000000000000111e-01
7.060933583959899673e-01	5.942669172932331101e-01	5.711466165413533469e-01	0.000000000000000000e+00	0.000000000000000000e+00	0.000000000000000000e+00
8.660925786584176000e-01	8.641975308641974829e-01	8.510158013544018019e-01	6.088888888888889239e-01	6.288888888888889417e-01	5.155555555555555447e-01
6.935014472690661513e-01	7.143845960231562930e-01	7.293606846211930783e-01	1.787499999999999922e-01	2.287500000000000089e-01	2.600000000000000089e-01
6.705712853921322880e-01	7.845151591079929654e-01	5.141568529190678749e-01	0.000000000000000000e+00	0.000000000000000000e+00	0.000000000000000000e+00
7.612472837896566702e-01	8.441851368970012537e-01	8.615645371577574929e-01	1.519999999999999962e-01	1.806666666666666698e-01	3.893333333333333091e-01
8.192406571356909417e-01	7.854119638826184691e-01	6.851642839227489734e-01	1.250000000000000000e-01	1.250000000000000000e-01	8.500000000000000611e-02
9.147608468374280877e-01	8.913029273392577556e-01	7.845007841087296985e-01	8.500000000000000611e-02	3.500000000000000333e-02	0.000000000000000000e+00
5.215987250461332492e-01	7.209360845495722536e-01	4.422915618184868336e-01	0.000000000000000000e+00	0.000000000000000000e+00	0.000000000000000000e+00
7.364482097186700882e-01	6.992135549872122713e-01	8.380498721227621628e-01	1.219999999999999973e-01	1.224999999999999978e-01	2.414999999999999925e-01
8.825261192690194711e-01	8.508060173051377184e-01	7.994470972606182446e-01	5.571428571428571619e-01	5.571428571428571619e-01	5.714285714285713969e-01
6.868139048614740894e-01	6.160480920020909856e-01	7.500653423941453513e-01	0.000000000000000000e+00	0.000000000000000000e+00	0.000000000000000000e+00
7.849531545297357971e-01	6.479318294530004296e-01	6.538595574141836675e-01	0.000000000000000000e+00	0.000000000000000000e+00	0.000000000000000000e+00
5.318319073980876110e-01	6.740060392551585622e-01	5.507944496369256981e-01	2.857142857142856984e-01	3.428571428571428603e-01	2.857142857142856984e-01
7.894545849630595358e-01	8.636636245110821397e-01	9.052020860495436638e-01	2.023333333333333373e-01	2.206666666666666776e-01	4.030000000000000249e-01
6.993983957219250813e-01	6.952168746286393475e-01	4.874183006535947604e-01	4.588235294117647134e-02	5.411764705882352727e-02	4.705882352941176058e-03
9.160856152805949559e-01	9.437119675456389079e-01	9.998309668695064545e-01	8.233333333333333615e-01	8.333333333333333703e-01	9.866666666666666918e-01
9.998748748748749193e-01	1.000000000000000000e+00	9.998748748748749193e-01	9.899999999999999911e-01	1.000000000000000000e+00	9.899999999999999911e-01
7.419141706519003510e-01	7.748710042788824470e-01	6.104643845960231463e-01	1.724999999999999867e-01	1.925000000000000044e-01	1.362500000000000100e-01
8.774038461538461453e-01	8.106203007518797410e-01	8.321283979178716317e-01	5.714285714285713969e-01	5.714285714285713969e-01	5.714285714285713969e-01
8.737480489073881085e-01	8.429085913111342698e-01	9.505154136316337210e-01	3.470967741935483963e-01	3.400000000000000244e-01	2.735483870967742037e-01
8.137024048096191953e-01	8.386523046092184686e-01	6.276553106212424682e-01	0.000000000000000000e+00	8.000000000000000167e-03	0.000000000000000000e+00
9.980832897717372143e-01	9.972120578497996046e-01	1.000000000000000000e+00	8.599999999999999867e-01	7.866666666666666252e-01	1.000000000000000000e+00
5.340923566878981177e-01	5.987615003538570013e-01	7.013658881811748458e-01	1.305555555555555636e-02	1.638888888888889034e-02	4.750000000000000056e-02
8.452692106638787228e-01	8.078933612127547903e-01	8.018818609513852502e-01	5.000000000000000000e-01	5.000000000000000000e-01	3.599999999999999867e-01
6.755541069100391427e-01	7.610256410256410753e-01	8.243546284224250176e-01	1.066666666666666735e-01	1.166666666666666685e-01	2.466666666666666730e-01
8.742890382626680168e-01	9.353671147880041614e-01	5.629524301964839994e-01	5.000000000000000000e-01	5.000000000000000000e-01	5.000000000000000000e-01
6.948199948199947906e-01	6.364698264698264163e-01	6.712224812224811821e-01	2.949494949494949406e-02	3.131313131313131354e-02	2.545454545454545539e-02
4.974461692538807989e-01	5.720330495743615185e-01	3.846770155232849264e-01	2.000000000000000111e-01	2.000000000000000111e-01	1.439999999999999891e-01
7.849232736572889779e-01	7.806617647058823328e-01	8.291879795396419617e-01	2.310000000000000109e-01	2.399999999999999911e-01	3.604999999999999871e-01
8.135680139069969563e-01	8.649674054758800246e-01	8.670664928292046714e-01	2.366666666666666641e-01	3.180000000000000049e-01	6.273333333333332984e-01
6.606014271151885442e-01	6.733265375467210045e-01	7.207441386340468492e-01	1.199999999999999956e-01	1.239999999999999991e-01	1.226666666666666600e-01
9.958093570177632969e-01	9.964973730297723709e-01	9.946209657242932600e-01	6.800000000000000488e-01	7.199999999999999734e-01	5.699999999999999512e-01
9.997913950456323029e-01	9.998435462842242272e-01	1.000000000000000000e+00	9.839999999999999858e-01	9.879999999999999893e-01	1.000000000000000000e+00
7.420525657071339598e-01	6.842615769712140361e-01	3.222778473091364448e-01	0.000000000000000000e+00	0.000000000000000000e+00	0.000000000000000000e+00
4.666247168386609689e-01	5.239567077774981430e-01	4.818827082808960216e-01	0.000000000000000000e+00	0.000000000000000000e+00	0.000000000000000000e+00
5.043892651116127501e-01	5.288974882654340348e-01	4.437278297323444254e-01	0.000000000000000000e+00	0.000000000000000000e+00	0.000000000000000000e+00
4.224086202714262273e-01	5.653861376026146912e-01	4.010079538345653338e-01	0.000000000000000000e+00	4.938271604938271504e-03	0.000000000000000000e+00
7.492272567615033685e-01	6.992904812082894050e-01	6.904987706357569310e-01	6.246575342465753716e-02	5.698630136986301137e-02	3.123287671232876858e-02
6.436734143049932522e-01	5.647692307692308011e-01	6.393198380566801342e-01	2.757894736842105357e-02	2.778947368421052708e-02	2.800000000000000058e-02
8.625921775592828578e-01	7.822982938114516616e-01	8.028484673221515378e-01	5.714285714285713969e-01	5.714285714285713969e-01	5.714285714285713969e-01
9.662468513853904595e-01	9.425692695214106243e-01	9.117380352644836039e-01	7.439999999999999947e-01	7.359999999999999876e-01	8.000000000000000444e-01
9.706801007556674632e-01	9.485642317380352795e-01	9.417128463476071021e-01	8.000000000000000444e-01	8.000000000000000444e-01	7.960000000000000409e-01
9.357739300173510966e-01	8.815789473684210176e-01	8.432800751879698797e-01	6.485714285714285765e-01	6.414285714285714590e-01	6.271428571428571130e-01
7.062018282846388439e-01	7.508514070621975511e-01	6.938877935113819673e-01	4.285714285714285476e-01	4.285714285714285476e-01	3.885714285714285676e-01
8.533324621014114486e-01	7.628811639658477084e-01	7.321658825579369090e-01	7.066666666666666929e-02	2.866666666666666669e-02	3.133333333333333109e-02
7.964061683220072796e-01	6.671806935006098227e-01	7.109862345356333657e-01	5.933333333333333515e-02	5.866666666666666557e-02	4.733333333333333143e-02
7.672305764411027074e-01	6.962249373433584410e-01	6.156954887218044625e-01	0.000000000000000000e+00	0.000000000000000000e+00	0.000000000000000000e+00
9.996245306633291250e-01	9.996662494785147901e-01	9.943262411347517649e-01	9.666666666666666741e-01	9.733333333333333837e-01	5.733333333333333615e-01
7.431583585095670186e-01	7.693479355488418436e-01	6.060422960725075914e-01	1.000000000000000056e-01	1.000000000000000056e-01	8.500000000000000611e-02
7.096510716152639731e-01	6.512676424464192149e-01	7.269341348667015534e-01	7.000000000000000666e-02	5.999999999999999778e-02	0.000000000000000000e+00
7.620195754066722005e-01	7.102701957540666911e-01	7.034987593052108856e-01	1.144086021505376360e-01	1.040860215053763388e-01	1.027956989247311853e-01
7.153780068728522457e-01	7.194158075601374547e-01	3.896907216494845394e-01	0.000000000000000000e+00	0.000000000000000000e+00	0.000000000000000000e+00
4.140331075996990240e-01	5.714823175319789783e-01	2.722598444946074947e-01	0.000000000000000000e+00	0.000000000000000000e+00	0.000000000000000000e+00
7.146524559777571728e-01	6.553135619400679568e-01	6.560364535063329949e-01	3.855421686746988291e-02	4.024096385542168947e-02	3.060240963855421700e-02
8.698021042084168597e-01	9.154872244488977406e-01	8.130010020040080443e-01	2.500000000000000000e-01	2.500000000000000000e-01	2.049999999999999878e-01
7.644547420451034414e-01	7.158217485325919505e-01	6.609051590979301283e-01	4.578313253012047945e-02	4.144578313253011875e-02	4.457831325301205017e-02
4.073562641225207392e-01	3.784297550303074020e-01	4.237652881890893175e-01	0.000000000000000000e+00	0.000000000000000000e+00	0.000000000000000000e+00
1.000000000000000000e+00	1.000000000000000000e+00	1.000000000000000000e+00	1.000000000000000000e+00	1.000000000000000000e+00	1.000000000000000000e+00
8.184354628422425559e-01	8.633637548891786029e-01	1.000000000000000000e+00	1.799999999999999933e-01	2.479999999999999982e-01	1.000000000000000000e+00
9.964339339339339796e-01	9.977477477477477708e-01	9.962462462462462476e-01	6.899999999999999467e-01	8.199999999999999512e-01	6.999999999999999556e-01
7.025023596307465867e-01	6.858928612537120717e-01	4.848177904647896774e-01	9.090909090909091161e-02	9.090909090909091161e-02	9.090909090909091161e-02
9.536993950674732545e-01	9.441958692773024797e-01	9.251172280488241251e-01	2.857142857142856984e-01	2.857142857142856984e-01	2.628571428571428448e-01
7.387436061381074115e-01	7.177685421994884907e-01	8.080818414322250565e-01	6.149999999999999911e-02	5.850000000000000339e-02	1.754999999999999893e-01
7.669444444444444287e-01	7.140945512820512375e-01	6.975961538461538103e-01	6.291666666666666241e-02	5.750000000000000250e-02	7.708333333333333703e-02
8.950901803607214102e-01	8.999248496993987878e-01	7.404308617234468537e-01	4.000000000000000222e-01	4.000000000000000222e-01	3.280000000000000138e-01
9.730140774258421166e-01	9.850678733031674739e-01	9.301910507792860994e-01	8.880000000000000115e-01	8.920000000000000151e-01	9.000000000000000222e-01
1.000000000000000000e+00	1.000000000000000000e+00	9.897397397397397212e-01	1.000000000000000000e+00	1.000000000000000000e+00	3.400000000000000244e-01
6.518955561134822663e-01	7.139509582391831977e-01	9.388233324964432303e-01	2.800000000000000266e-01	3.733333333333333504e-01	3.599999999999999867e-01
9.922514619883040510e-01	9.926274018379281916e-01	9.583959899749373568e-01	8.333333333333333703e-01	8.333333333333333703e-01	8.233333333333333615e-01
6.599863397799985432e-01	8.253828456395140289e-01	4.313394205190883568e-01	1.428571428571428492e-01	1.428571428571428492e-01	2.171428571428571375e-01
8.475488917861798699e-01	8.975923511516732400e-01	8.956627553237722639e-01	4.386666666666666492e-01	4.799999999999999822e-01	6.166666666666666963e-01
4.933552299140980257e-01	6.456291056088934166e-01	4.455112009432373177e-01	0.000000000000000000e+00	2.266666666666666829e-02	0.000000000000000000e+00
5.493031097789434769e-01	6.300636942675159613e-01	7.141775946047208556e-01	8.117647058823529438e-02	8.705882352941175795e-02	6.441176470588234892e-02
9.999745158002039114e-01	1.000000000000000000e+00	1.000000000000000000e+00	1.000000000000000000e+00	1.000000000000000000e+00	1.000000000000000000e+00
9.235180412371134517e-01	9.259450171821306252e-01	8.685996563573883389e-01	8.333333333333333703e-01	8.333333333333333703e-01	8.166666666666666519e-01
7.275304822565968887e-01	7.610118289353957621e-01	7.676141947224749407e-01	2.800000000000000266e-01	3.017142857142857126e-01	3.462857142857143078e-01
7.274534623976173231e-01	6.552047654504840057e-01	7.773790022338049610e-01	1.047058823529411764e-01	8.000000000000000167e-02	7.529411764705881693e-02
5.528028028028028062e-01	5.916750083416749684e-01	3.437604270937604234e-01	3.333333333333333148e-01	3.333333333333333148e-01	3.266666666666666607e-01
9.708974788041052628e-01	9.707859214636322953e-01	8.989290495314591345e-01	6.666666666666666297e-01	6.666666666666666297e-01	6.666666666666666297e-01
7.915040953090096698e-01	7.092777364110200988e-01	7.881608339538347385e-01	1.764705882352941291e-01	1.764705882352941291e-01	1.482352941176470484e-01
4.519014260695521368e-01	4.041155866900175142e-01	3.825369026770077396e-01	0.000000000000000000e+00	0.000000000000000000e+00	0.000000000000000000e+00
5.258891521474480246e-01	6.383454635895958740e-01	5.069149005798960772e-01	2.151898734177215208e-02	3.721518987341772278e-02	3.037974683544303681e-02
7.013800424628450214e-01	7.475424628450105802e-01	7.967303609341825910e-01	3.119444444444444686e-01	3.300000000000000155e-01	3.958333333333333148e-01
6.229223623482376127e-01	5.576520563247787665e-01	8.466149278302025349e-01	8.045977011494252762e-03	5.287356321839080560e-03	1.478160919540229823e-01
7.196354845719252769e-01	8.072604302477184302e-01	8.767764015645371778e-01	1.704166666666666607e-01	2.250000000000000056e-01	4.208333333333333370e-01
8.350154664212490196e-01	8.905309711889971558e-01	9.527110974768003837e-01	2.984313725490195801e-01	3.682352941176470495e-01	7.576470588235294512e-01
9.105589022757697437e-01	9.262327086122267294e-01	9.323962516733601547e-01	7.777777777777777901e-01	7.777777777777777901e-01	7.777777777777777901e-01
8.796597448086064253e-01	8.548911683762822067e-01	4.175631723792844752e-01	0.000000000000000000e+00	0.000000000000000000e+00	0.000000000000000000e+00
7.663907700025081038e-01	8.266867318786054186e-01	6.044143466265362585e-01	4.000000000000000222e-01	4.000000000000000222e-01	5.600000000000000117e-02
5.523809523809524169e-01	6.011278195488721776e-01	4.167919799498747135e-01	0.000000000000000000e+00	0.000000000000000000e+00	0.000000000000000000e+00
5.507518796992481036e-01	5.649958228905597180e-01	3.766917293233082442e-01	0.000000000000000000e+00	0.000000000000000000e+00	0.000000000000000000e+00
7.698448828190861404e-01	6.971702354858652084e-01	7.245264991850728364e-01	1.035555555555555535e-01	1.017777777777777726e-01	1.662222222222222157e-01
8.854330022652030507e-01	8.052840216065516588e-01	7.706917581460184241e-01	1.313333333333333297e-01	1.026666666666666700e-01	9.533333333333333937e-02
8.281996855345912234e-01	8.265959119496855134e-01	8.716037735849057055e-01	4.149999999999999800e-01	4.187500000000000111e-01	6.049999999999999822e-01
8.967459324155193645e-01	8.972882770129327890e-01	6.857738840216938137e-01	6.666666666666666297e-01	6.666666666666666297e-01	6.066666666666666874e-01
8.951435078079814645e-01	8.253415991902833815e-01	7.964141122035859333e-01	5.714285714285713969e-01	5.714285714285713969e-01	5.714285714285713969e-01
7.187625502008032630e-01	6.235065261044177021e-01	6.452309236947790794e-01	1.000000000000000056e-01	1.179999999999999938e-01	1.239999999999999991e-01
9.157616892911010220e-01	9.348164906988436496e-01	9.283308195072901281e-01	7.820000000000000284e-01	7.900000000000000355e-01	9.000000000000000222e-01
7.742846385542169196e-01	8.331450803212850920e-01	1.356676706827309176e-01	0.000000000000000000e+00	0.000000000000000000e+00	0.000000000000000000e+00
5.427856103837976898e-01	5.456202678005296347e-01	4.698817649472231683e-01	0.000000000000000000e+00	5.185185185185185036e-03	0.000000000000000000e+00
5.400150526843954246e-01	6.067714272681659082e-01	2.863431099758244613e-01	0.000000000000000000e+00	0.000000000000000000e+00	0.000000000000000000e+00
5.903056112224448482e-01	6.166082164328657855e-01	6.485113083309476112e-01	0.000000000000000000e+00	0.000000000000000000e+00	0.000000000000000000e+00
4.697284953057599410e-01	5.896980461811722751e-01	2.321830330711325274e-01	0.000000000000000000e+00	0.000000000000000000e+00	0.000000000000000000e+00
5.572042741464229287e-01	6.076675849403122553e-01	4.805910343100425752e-01	1.666666666666666574e-01	1.666666666666666574e-01	1.300000000000000044e-01
6.821878147029204476e-01	6.920757804632426957e-01	6.316717019133937239e-01	5.700000000000000205e-02	6.400000000000000133e-02	2.999999999999999889e-02
9.847913524384113160e-01	9.797008547008546619e-01	9.531171442936148264e-01	7.500000000000000000e-01	7.449999999999999956e-01	7.299999999999999822e-01
7.577330508474576787e-01	8.380350934376358252e-01	8.836429813124728749e-01	2.204166666666666774e-01	2.833333333333333259e-01	4.862500000000000155e-01
9.840016708437760995e-01	9.844611528822054813e-01	9.365914786967418637e-01	8.888888888888888395e-01	8.888888888888888395e-01	8.044444444444444065e-01
6.793481618782823972e-01	6.028529502625887826e-01	6.272907012666049109e-01	4.096385542168674669e-03	0.000000000000000000e+00	9.397590361445783830e-03
5.090208910143468879e-01	5.785955197583689813e-01	4.425169896803423097e-01	0.000000000000000000e+00	1.519999999999999997e-02	1.200000000000000025e-02
3.543920531381751782e-01	5.730898496539654774e-01	4.469015989181449600e-01	1.384615384615384658e-02	5.538461538461538630e-02	2.230769230769230616e-02
9.994448085044415064e-01	9.995722295034221716e-01	1.000000000000000000e+00	9.585714285714285188e-01	9.664285714285714146e-01	1.000000000000000000e+00
2.157924386579869735e-01	4.010390585878818026e-01	2.851777666499749619e-01	0.000000000000000000e+00	0.000000000000000000e+00	0.000000000000000000e+00
7.391576836299824649e-01	6.234018551015292342e-01	7.801871814155594276e-01	2.200000000000000011e-01	2.133333333333333470e-01	5.999999999999999778e-02
4.739046771301035355e-01	6.017599780084562644e-01	4.624867461678425773e-01	9.620253164556962291e-03	1.443037974683544257e-02	2.177215189873417736e-02
9.993020009306654572e-01	9.995704621111787258e-01	9.999284103518630840e-01	9.457142857142857295e-01	9.657142857142857473e-01	9.942857142857143282e-01
7.352019061951341472e-01	7.035678454978681051e-01	7.371770754953599347e-01	3.750000000000000000e-01	3.750000000000000000e-01	3.250000000000000111e-01
9.999165414788849793e-01	1.000000000000000000e+00	9.934902353530294938e-01	9.933333333333332904e-01	1.000000000000000000e+00	4.799999999999999822e-01
8.114267676767676907e-01	8.026445005611672068e-01	6.879629629629629983e-01	1.255555555555555591e-01	1.188888888888888912e-01	7.666666666666666075e-02
9.617117117117116587e-01	9.297630964297630696e-01	8.199866533199866581e-01	6.666666666666666297e-01	6.666666666666666297e-01	0.000000000000000000e+00
8.710213032581454184e-01	7.977756892230576380e-01	6.304511278195488178e-01	2.500000000000000000e-01	2.500000000000000000e-01	2.325000000000000122e-01
8.274054758800521991e-01	8.693220338983050910e-01	9.079443720121685990e-01	3.826666666666666550e-01	4.540000000000000147e-01	7.026666666666666616e-01
6.084462982273201037e-01	6.610513825464744420e-01	4.813742763654669243e-01	1.014285714285714235e-01	1.257142857142857229e-01	1.485714285714285765e-01
8.560371517027863808e-01	7.731677185044057987e-01	6.229905929983329260e-01	7.529411764705881693e-02	1.647058823529411881e-02	1.294117647058823546e-02
7.729719579369053184e-01	8.380696044066099359e-01	2.177015523284927256e-01	0.000000000000000000e+00	0.000000000000000000e+00	0.000000000000000000e+00
1.000000000000000000e+00	1.000000000000000000e+00	9.996234939759036653e-01	1.000000000000000000e+00	1.000000000000000000e+00	9.699999999999999734e-01
8.344997181236756267e-01	7.158492253261017346e-01	8.083046597072374162e-01	0.000000000000000000e+00	0.000000000000000000e+00	0.000000000000000000e+00
9.311275921658985766e-01	9.012006768433179493e-01	9.184547811059907696e-01	2.999999999999999889e-01	2.842857142857143082e-01	5.071428571428571175e-01
1.000000000000000000e+00	9.999497865930203622e-01	1.000000000000000000e+00	1.000000000000000000e+00	9.959999999999999964e-01	1.000000000000000000e+00
3.867056399041089998e-01	4.664591832443117370e-01	3.690709509189553095e-01	0.000000000000000000e+00	0.000000000000000000e+00	0.000000000000000000e+00
6.773620667686034436e-01	6.814952854230377222e-01	8.057944699286442303e-01	2.912500000000000089e-01	2.937500000000000111e-01	9.375000000000000000e-02
4.674049049049048832e-01	4.324949949949949968e-01	2.373623623623623557e-01	0.000000000000000000e+00	0.000000000000000000e+00	0.000000000000000000e+00
5.635015022533800266e-01	3.811654982473710596e-01	5.219704556835252918e-01	0.000000000000000000e+00	0.000000000000000000e+00	0.000000000000000000e+00
9.331831831831831625e-01	8.624249249249249516e-01	7.766516516516516200e-01	5.000000000000000000e-01	5.000000000000000000e-01	4.699999999999999734e-01
2.414567077183416288e-01	4.503208141393250097e-01	2.352872050390147629e-01	3.818181818181818482e-02	4.454545454545454780e-02	2.363636363636363591e-02
5.948411176726231542e-01	6.990208860597694196e-01	8.027711736585116942e-01	2.627450980392156965e-02	5.843137254901960981e-02	7.490196078431372861e-02
9.546196334421290786e-01	9.316469997489329469e-01	8.816846598041676586e-01	2.300000000000000100e-01	2.300000000000000100e-01	2.000000000000000111e-01
7.769428471859208818e-01	6.833507579717721381e-01	8.006476157286402939e-01	1.022222222222222282e-01	5.555555555555555247e-02	2.111111111111111174e-02
6.576428792091442155e-01	5.846045721346926349e-01	6.281587890021624876e-01	1.566265060240963972e-02	1.156626506024096418e-02	8.915662650602410033e-03
9.738630423418713766e-01	9.611430562815821421e-01	9.581808677469942914e-01	6.666666666666666297e-01	6.666666666666666297e-01	3.200000000000000067e-01
9.995476295789939014e-01	9.993566287345690968e-01	1.000000000000000000e+00	9.661538461538461409e-01	9.507692307692308109e-01	1.000000000000000000e+00
8.663845801829122006e-01	7.786474875178438504e-01	9.120409264457786103e-01	3.172972972972972761e-01	2.913513513513513731e-01	3.610810810810810567e-01
7.530864197530864335e-01	7.016182849516182651e-01	8.079746413079746947e-01	1.199999999999999956e-01	1.066666666666666735e-01	4.000000000000000083e-02
9.070597484276730071e-01	9.259355345911949309e-01	9.031918238993710268e-01	7.574999999999999512e-01	8.187499999999999778e-01	7.912500000000000089e-01
5.452706185567010033e-01	6.296520618556701310e-01	3.351804123711339956e-01	0.000000000000000000e+00	0.000000000000000000e+00	0.000000000000000000e+00
8.133216256899147290e-01	9.063848469643752681e-01	6.837932764676367681e-01	2.999999999999999889e-01	2.999999999999999889e-01	2.620000000000000107e-01
1.000000000000000000e+00	1.000000000000000000e+00	9.954932398597896581e-01	1.000000000000000000e+00	1.000000000000000000e+00	6.400000000000000133e-01
8.223947895791583473e-01	8.198897795591182369e-01	7.155978623914495129e-01	6.600000000000000311e-01	6.600000000000000311e-01	6.266666666666667052e-01
7.922105087014725822e-01	7.835927041499330947e-01	5.782295850066934140e-01	3.333333333333333148e-01	3.333333333333333148e-01	0.000000000000000000e+00
6.110983217845714632e-01	6.276214922074633273e-01	5.659085153893965714e-01	1.454545454545454475e-01	1.418181818181818155e-01	1.072727272727272696e-01
8.846314907872696587e-01	8.925460636515912816e-01	9.065326633165828873e-01	6.600000000000000311e-01	6.600000000000000311e-01	5.466666666666666341e-01
8.180788144603934331e-01	7.612772461456671635e-01	7.524720893141946254e-01	1.484210526315789536e-01	1.342105263157894746e-01	1.194736842105263153e-01
4.808016392814738471e-01	6.226492780267340876e-01	4.477622658853269155e-01	1.111111111111111154e-02	2.222222222222222307e-02	3.333333333333333287e-02
9.191365979381442841e-01	9.722938144329896781e-01	9.827963917525772697e-01	2.449999999999999956e-01	3.449999999999999734e-01	4.299999999999999933e-01
5.220728090126757204e-01	5.468589973797267634e-01	4.634159317930915400e-01	6.631578947368421684e-02	7.473684210526315708e-02	5.263157894736841813e-02
9.990613266583229235e-01	9.998748435544430047e-01	9.841051314142678086e-01	9.300000000000000488e-01	9.899999999999999911e-01	1.799999999999999933e-01
5.709421290484559819e-01	6.003483555109213610e-01	4.528621641978408108e-01	6.250000000000000000e-02	6.250000000000000000e-02	0.000000000000000000e+00
1.000000000000000000e+00	1.000000000000000000e+00	9.999128768078062723e-01	1.000000000000000000e+00	1.000000000000000000e+00	9.933333333333332904e-01
7.488530878404295876e-01	6.421173762945915353e-01	8.345301112389720277e-01	8.484848484848485362e-02	8.545454545454544970e-02	8.545454545454544970e-02
3.552905353971073099e-01	4.613719022244777146e-01	2.592320054131777018e-01	0.000000000000000000e+00	0.000000000000000000e+00	0.000000000000000000e+00
5.762087635356333282e-01	5.680663980525476608e-01	7.305044908923025160e-01	8.333333333333332871e-02	8.666666666666666963e-02	1.383333333333333359e-01
6.378130505914926252e-01	6.814985527309338487e-01	4.746413289705512240e-01	6.250000000000000000e-02	6.250000000000000000e-02	5.249999999999999806e-02
8.794717485790705114e-01	9.015379471748579121e-01	9.683216315613507597e-01	3.333333333333333148e-01	3.333333333333333148e-01	5.066666666666667096e-01
7.483638271362056393e-01	7.128696963735327019e-01	8.533871073513017436e-01	5.538461538461538630e-02	4.846153846153845868e-02	3.751282051282051055e-01
6.560434964450020390e-01	6.086783772480134358e-01	4.636344625679632014e-01	0.000000000000000000e+00	0.000000000000000000e+00	0.000000000000000000e+00
4.887139017161761800e-01	5.350127507064580401e-01	4.763250396305741541e-01	0.000000000000000000e+00	1.272727272727272770e-02	4.090909090909090884e-02
9.118714035526644945e-01	8.919814861145859419e-01	2.310482862146610028e-01	0.000000000000000000e+00	0.000000000000000000e+00	0.000000000000000000e+00
9.992912371134020644e-01	9.996134020618556715e-01	9.988402061855670144e-01	9.300000000000000488e-01	9.699999999999999734e-01	9.100000000000000311e-01
7.614675901725038720e-01	7.018426555148981061e-01	6.592394145321484045e-01	0.000000000000000000e+00	0.000000000000000000e+00	0.000000000000000000e+00
8.277313120752743947e-01	7.270343265377243736e-01	7.292124063425683422e-01	9.933333333333332904e-02	9.600000000000000200e-02	7.933333333333333903e-02
7.714156803491983849e-01	7.835347939226056102e-01	7.510073029463610883e-01	2.149999999999999967e-01	2.166666666666666741e-01	2.149999999999999967e-01
7.973576895145522148e-01	7.813948941399921910e-01	8.624937154348919499e-01	2.422222222222222276e-01	1.600000000000000033e-01	2.866666666666666807e-01
6.716399197592778370e-01	6.639669007021062885e-01	3.937311935807422114e-01	0.000000000000000000e+00	0.000000000000000000e+00	0.000000000000000000e+00
5.491007946465913392e-01	4.747490589711417797e-01	4.132580510246758876e-01	0.000000000000000000e+00	0.000000000000000000e+00	0.000000000000000000e+00
6.343638107416880167e-01	6.055882352941176494e-01	7.801278772378517079e-01	4.299999999999999656e-02	4.150000000000000216e-02	1.890000000000000013e-01
8.148301886792452819e-01	8.542012578616352547e-01	9.015471698113207699e-01	3.459999999999999742e-01	3.930000000000000160e-01	6.079999999999999849e-01
6.075895875591615924e-01	7.547329276538201626e-01	2.547329276538201626e-01	0.000000000000000000e+00	0.000000000000000000e+00	0.000000000000000000e+00
5.964346585468612849e-01	7.390291661879045959e-01	4.695890306024742555e-01	7.037037037037037479e-02	8.555555555555555136e-02	8.666666666666666963e-02
7.734777070063694193e-01	8.176414922656960460e-01	7.464167424931755779e-01	1.068571428571428589e-01	1.508571428571428563e-01	3.251428571428571224e-01
7.303530031612223139e-01	6.698998946259220322e-01	6.877590446083596820e-01	4.794520547945205213e-02	4.465753424657534221e-02	3.643835616438356045e-02
1.000000000000000000e+00	1.000000000000000000e+00	1.000000000000000000e+00	1.000000000000000000e+00	1.000000000000000000e+00	1.000000000000000000e+00
6.884480854197349009e-01	7.913107511045655018e-01	9.200846833578791850e-01	2.742857142857142994e-01	3.599999999999999867e-01	7.485714285714285543e-01
5.636779591130973710e-01	5.977082585158879358e-01	4.955375550323876666e-01	1.578947368421052544e-01	1.589473684210526427e-01	1.431578947368420951e-01
8.327595729013255177e-01	8.754142120765832091e-01	9.308541973490427335e-01	4.485714285714285654e-01	5.242857142857142438e-01	7.628571428571429003e-01
9.158714213962833028e-01	9.168041902848532709e-01	8.261821051876300226e-01	5.457142857142857073e-01	5.600000000000000533e-01	3.742857142857142771e-01
5.229408792319353294e-01	6.592386727303352068e-01	4.138790635000842433e-01	6.266666666666666219e-02	6.400000000000000133e-02	6.533333333333332660e-02
7.913203324808184558e-01	7.806106138107417047e-01	8.408567774936061001e-01	3.014999999999999902e-01	3.054999999999999938e-01	3.584999999999999853e-01
7.936560150375939759e-01	8.255169172932330657e-01	5.389411027568922208e-01	5.249999999999999806e-02	6.250000000000000000e-02	0.000000000000000000e+00
8.266752577319587125e-01	8.792525773195876138e-01	6.726159793814433518e-01	2.349999999999999867e-01	2.399999999999999911e-01	1.350000000000000089e-01
4.488362436852667559e-01	5.155936425918663524e-01	3.085626629143503052e-01	0.000000000000000000e+00	0.000000000000000000e+00	0.000000000000000000e+00
7.072153961885656592e-01	5.795198094282848489e-01	7.351742728184553766e-01	2.500000000000000000e-01	2.500000000000000000e-01	2.250000000000000056e-01
3.611250313204710793e-01	4.457999248308694429e-01	2.925958406414432278e-01	0.000000000000000000e+00	0.000000000000000000e+00	0.000000000000000000e+00
7.626412429378530700e-01	8.477618426770968663e-01	8.642112125162972891e-01	1.812499999999999944e-01	2.225000000000000033e-01	4.754166666666666541e-01
1.000000000000000000e+00	1.000000000000000000e+00	1.000000000000000000e+00	1.000000000000000000e+00	1.000000000000000000e+00	1.000000000000000000e+00
8.531079638059910764e-01	7.980750857078626748e-01	7.889226100151744969e-01	2.546666666666666523e-01	2.471111111111111147e-01	3.093333333333333490e-01
8.843620237381044635e-01	8.422909976356001138e-01	8.383562127254120533e-01	3.409302325581395343e-01	3.367441860465116288e-01	3.162790697674418561e-01
8.870597484276729894e-01	8.998584905660377276e-01	8.691352201257861454e-01	6.524999999999999689e-01	6.650000000000000355e-01	7.187500000000000000e-01
9.286146095717884297e-01	8.960453400503778365e-01	8.975314861460956806e-01	5.919999999999999707e-01	5.839999999999999636e-01	5.719999999999999529e-01
7.525362990423231091e-01	7.013268458449181120e-01	6.935557615075687021e-01	7.108433734939759163e-02	5.662650602409638467e-02	6.674698795180722399e-02
8.396984924623115409e-01	8.654208542713567320e-01	6.664572864321608447e-01	2.500000000000000000e-01	2.500000000000000000e-01	2.250000000000000056e-01
7.603723008190618193e-01	6.909754281459419278e-01	8.021742367833208931e-01	1.764705882352941291e-01	1.764705882352941291e-01	1.517647058823529405e-01
5.576440976591996446e-01	6.045305814246161313e-01	3.802164611125094518e-01	0.000000000000000000e+00	0.000000000000000000e+00	0.000000000000000000e+00
8.842460294317762148e-01	8.149919325052000785e-01	8.921677261328512243e-01	2.523076923076922884e-01	2.307692307692307820e-01	2.861538461538461475e-01
9.784623090408214319e-01	9.771475081392436701e-01	8.826696719258703139e-01	5.000000000000000000e-01	5.000000000000000000e-01	5.000000000000000000e-01
7.749884448279049654e-01	7.412119064493267739e-01	8.570640618740948957e-01	8.433734939759035543e-02	8.072289156626505369e-02	4.797590361445783214e-01
7.118427726120033494e-01	6.521794871794871495e-01	6.730092983939137685e-01	4.329670329670329970e-02	3.494505494505494719e-02	5.076923076923076789e-02
7.338644688644688774e-01	6.702085094392786768e-01	6.756663848971541375e-01	5.582417582417582153e-02	5.516483516483516175e-02	4.703296703296703379e-02
8.971509971509971093e-01	9.228161668839635068e-01	8.666859819402191745e-01	4.896296296296296369e-01	5.733333333333333615e-01	7.607407407407407174e-01
4.117520755797308696e-01	4.151696249642141678e-01	2.114944174062410587e-01	0.000000000000000000e+00	0.000000000000000000e+00	0.000000000000000000e+00
5.565565565565565587e-01	6.802427427427427675e-01	5.524274274274274532e-01	0.000000000000000000e+00	0.000000000000000000e+00	0.000000000000000000e+00
7.659028299524167638e-01	7.587444694882711227e-01	8.058268636781033001e-01	3.666666666666666685e-02	2.333333333333333440e-02	3.333333333333333287e-02
7.627922561429635318e-01	6.527401340282948938e-01	7.642889054355919143e-01	1.764705882352941291e-01	1.764705882352941291e-01	1.717647058823529305e-01
1.000000000000000000e+00	1.000000000000000000e+00	9.989690721649484573e-01	1.000000000000000000e+00	1.000000000000000000e+00	9.200000000000000400e-01
6.310242136406104541e-01	4.924737880203467477e-01	8.944902937817917898e-01	6.153846153846153841e-03	4.102564102564102561e-03	2.051282051282051280e-02
7.882702115207758098e-01	8.124320708970821370e-01	6.244461165454393559e-01	1.666666666666666574e-01	1.666666666666666574e-01	1.233333333333333365e-01
8.528780081964687509e-01	8.424629464148152280e-01	8.858164114257541799e-01	1.812048192771084365e-01	1.732530120481927671e-01	5.221686746987951322e-01
9.096442885771542919e-01	8.812625250501001650e-01	6.286072144288576968e-01	4.000000000000000222e-01	3.960000000000000187e-01	3.800000000000000044e-01
7.999894625922022717e-01	7.555057955742887632e-01	7.471548998946259124e-01	2.613698630136986334e-01	2.610958904109589307e-01	1.312328767123287776e-01
8.741079112876530832e-01	9.104534922211188208e-01	9.049453823237338934e-01	4.273684210526315641e-01	4.400000000000000022e-01	6.389473684210525972e-01
5.392010417863571936e-01	6.516095982228350403e-01	4.773641273124210049e-01	5.370370370370370489e-02	8.888888888888889228e-02	3.740740740740741005e-02
6.528857018687527214e-01	7.361190786614515424e-01	8.330551933941764409e-01	5.666666666666666380e-02	6.199999999999999956e-02	2.119999999999999940e-01
4.307853613696426276e-01	5.896673560841089179e-01	4.246141177371787756e-01	1.444444444444444378e-02	1.481481481481481538e-02	1.518518518518518524e-02
1.000000000000000000e+00	1.000000000000000000e+00	9.979979979979980431e-01	1.000000000000000000e+00	1.000000000000000000e+00	8.399999999999999689e-01
6.907584103875663573e-01	6.543838940258377423e-01	8.349137648370384968e-01	7.769230769230768552e-02	7.282051282051281438e-02	4.110256410256410420e-01
6.996245306633291916e-01	7.103879849812265723e-01	4.707133917396745804e-01	0.000000000000000000e+00	0.000000000000000000e+00	0.000000000000000000e+00
6.653717627401838364e-01	5.334307992202729221e-01	3.555277081592870814e-01	0.000000000000000000e+00	0.000000000000000000e+00	0.000000000000000000e+00
7.665632992327365836e-01	7.420204603580562441e-01	8.591432225063938555e-01	1.335000000000000075e-01	1.370000000000000107e-01	2.889999999999999791e-01
6.202319587628866149e-01	5.804123711340206659e-01	4.870274914089346985e-01	3.333333333333333148e-01	3.333333333333333148e-01	0.000000000000000000e+00
1.000000000000000000e+00	1.000000000000000000e+00	1.000000000000000000e+00	1.000000000000000000e+00	1.000000000000000000e+00	1.000000000000000000e+00
5.262531328320801949e-01	5.439223057644110293e-01	8.423558897243107468e-01	0.000000000000000000e+00	0.000000000000000000e+00	0.000000000000000000e+00
3.117106958762886348e-01	4.659149484536082575e-01	2.249033505154639234e-01	0.000000000000000000e+00	0.000000000000000000e+00	0.000000000000000000e+00
4.778853503184713469e-01	5.149736123748862582e-01	6.775250227479526766e-01	8.114285714285714157e-02	8.457142857142857517e-02	8.571428571428571508e-02
8.687639612807148692e-01	7.966418466120624986e-01	8.162769918093819577e-01	2.094117647058823528e-01	2.070588235294117674e-01	1.764705882352941291e-01
9.988630621526023434e-01	9.989893885800910089e-01	9.886306215260232122e-01	9.200000000000000400e-01	9.200000000000000400e-01	4.799999999999999822e-01
9.043848308554190973e-01	9.246749982044100147e-01	9.483947425123895325e-01	8.428571428571428603e-01	8.471428571428571974e-01	9.214285714285713746e-01
9.604514688940092304e-01	9.500738047235023354e-01	9.489487327188940169e-01	5.742857142857142883e-01	5.542857142857142705e-01	5.814285714285714057e-01
6.052520473157415593e-01	6.666169244767971014e-01	6.718616924476796815e-01	8.228571428571428148e-02	8.228571428571428148e-02	1.634285714285714231e-01
5.804902704068738428e-01	6.139331143121893319e-01	4.514678628590683140e-01	8.250000000000000389e-02	8.333333333333332871e-02	5.999999999999999778e-02
4.120931397095643489e-01	5.230345518277416117e-01	3.547821732598898103e-01	0.000000000000000000e+00	0.000000000000000000e+00	0.000000000000000000e+00
6.278271647718942639e-01	5.375178259652676482e-01	5.487465181058496233e-01	1.052631578947368363e-01	1.052631578947368363e-01	9.894736842105263108e-02
8.945312500000000000e-01	9.269652061855669922e-01	9.995006443298969367e-01	6.062499999999999556e-01	6.512499999999999956e-01	9.612500000000000488e-01
6.325171821305841657e-01	7.355240549828179208e-01	3.896048109965635775e-01	0.000000000000000000e+00	0.000000000000000000e+00	0.000000000000000000e+00
4.587021716649431480e-01	5.767631851085832650e-01	4.508100654946570196e-01	3.013333333333333489e-02	3.760000000000000148e-02	3.306666666666666782e-02
5.835573549257759840e-01	4.985087719298245679e-01	6.032064777327935667e-01	1.031578947368421047e-02	1.031578947368421047e-02	1.010526315789473696e-02
8.066845269210664027e-01	7.760389440669106520e-01	8.218112911657082797e-01	2.500000000000000000e-01	2.500000000000000000e-01	4.000000000000000083e-02
5.235395189003436700e-01	5.884450171821306030e-01	5.012886597938144284e-01	0.000000000000000000e+00	0.000000000000000000e+00	0.000000000000000000e+00
9.822322322322322163e-01	9.843593593593593649e-01	9.585835835835835317e-01	0.000000000000000000e+00	0.000000000000000000e+00	0.000000000000000000e+00
5.478325390853607813e-01	5.921536660814312736e-01	3.437212607641501605e-01	0.000000000000000000e+00	0.000000000000000000e+00	0.000000000000000000e+00
6.004200226529071704e-01	6.199817518248175174e-01	6.577208658444499978e-01	1.737499999999999878e-01	2.112499999999999933e-01	2.287500000000000089e-01
7.292085427135678311e-01	7.258165829145728498e-01	5.298994974874371433e-01	0.000000000000000000e+00	8.000000000000000167e-02	0.000000000000000000e+00
8.826179245283019004e-01	8.700628930817609907e-01	8.631603773584906047e-01	3.712500000000000244e-01	3.712500000000000244e-01	4.799999999999999822e-01
7.495793269230769384e-01	7.060202991452991794e-01	6.903044871794872250e-01	9.916666666666666685e-02	9.145833333333333592e-02	7.312499999999999556e-02
9.630226700251889316e-01	9.338035264483627307e-01	9.273551637279596749e-01	7.880000000000000338e-01	7.720000000000000195e-01	8.000000000000000444e-01
6.445309230897983133e-01	8.679805841493012375e-01	9.808352163360950504e-01	2.800000000000000266e-01	3.333333333333333148e-01	5.066666666666667096e-01
5.634968491960017367e-01	6.757795523685353745e-01	7.709908735332464680e-01	1.499999999999999944e-02	3.749999999999999861e-02	8.041666666666666408e-02
8.325946229661165265e-01	7.469722594817364003e-01	9.037926945432631642e-01	3.400000000000000244e-01	3.046153846153846212e-01	3.738461538461538280e-01
3.881060224794497526e-01	5.096460325448750606e-01	7.734440530112397516e-01	0.000000000000000000e+00	1.133333333333333276e-01	4.000000000000000083e-02
5.388779351138196505e-01	5.605305610324431420e-01	6.536655314572503706e-01	6.571428571428571119e-02	9.714285714285714191e-02	1.857142857142857206e-01
5.834192439862543322e-01	6.640463917525772919e-01	4.319158075601374769e-01	0.000000000000000000e+00	0.000000000000000000e+00	0.000000000000000000e+00
8.015595051402683024e-01	6.798571179648021934e-01	6.915142010803275729e-01	4.733333333333333143e-02	3.333333333333333287e-02	1.333333333333333419e-02
7.836508951406649937e-01	7.625607416879794931e-01	8.263171355498720727e-01	6.800000000000000488e-02	7.599999999999999811e-02	2.129999999999999949e-01
8.357341420267879739e-01	7.468264613829436183e-01	9.189556968177134966e-01	5.353846153846153477e-01	5.353846153846153477e-01	5.215384615384615064e-01
4.719016557952834812e-01	5.926743602609132466e-01	1.625689914701455019e-01	0.000000000000000000e+00	0.000000000000000000e+00	0.000000000000000000e+00
3.533447518097208029e-01	4.734019519131333897e-01	4.348920630816959787e-01	0.000000000000000000e+00	6.250000000000000347e-03	7.499999999999999722e-03
9.636955433149724248e-01	9.541812719078618388e-01	9.789684526790185526e-01	5.000000000000000000e-01	5.000000000000000000e-01	3.099999999999999978e-01
6.655894121268082220e-01	4.934525308486527595e-01	5.010492739024594577e-01	0.000000000000000000e+00	0.000000000000000000e+00	0.000000000000000000e+00
7.757252007252006809e-01	7.258961408961408512e-01	7.243667443667444195e-01	1.008080808080808050e-01	9.454545454545454364e-02	9.979797979797980223e-02
6.216889224825732363e-01	5.823381204333585304e-01	4.647686234987822296e-01	5.933333333333333515e-02	5.733333333333333337e-02	4.866666666666666363e-02
4.815353738083291701e-01	5.671600602107376154e-01	2.702458605117912804e-01	0.000000000000000000e+00	0.000000000000000000e+00	0.000000000000000000e+00
3.647631453345000496e-01	5.983364489698512756e-01	4.191890064434014573e-01	0.000000000000000000e+00	0.000000000000000000e+00	0.000000000000000000e+00
7.429731794603723349e-01	6.175157827013550982e-01	7.463307732518396076e-01	6.615384615384616029e-02	5.333333333333333676e-02	2.512820512820512775e-02
6.299761914262532736e-01	6.623638322493117236e-01	4.475080802841067684e-01	0.000000000000000000e+00	0.000000000000000000e+00	0.000000000000000000e+00
7.128795462128795224e-01	6.603269936603269885e-01	6.857691024357690512e-01	3.333333333333333148e-01	3.333333333333333148e-01	2.266666666666666552e-01
5.789280635987590351e-01	6.824457083764219334e-01	5.332180713547052253e-01	8.425000000000000544e-02	1.037499999999999950e-01	1.079999999999999988e-01
9.998980632008155345e-01	9.998980632008155345e-01	1.000000000000000000e+00	9.919999999999999929e-01	9.919999999999999929e-01	1.000000000000000000e+00
7.282370826555116805e-01	7.371165465953986029e-01	6.064470524440312982e-01	1.000000000000000056e-01	1.130769230769230749e-01	6.846153846153846256e-02
6.296296296296296502e-01	5.724581020147522237e-01	5.163291370187922391e-01	3.517241379310345056e-02	4.000000000000000083e-02	1.793103448275861975e-02
9.343262946204122787e-01	9.254650578179990372e-01	7.417043740573152633e-01	0.000000000000000000e+00	0.000000000000000000e+00	0.000000000000000000e+00
8.896740994854202000e-01	8.797941680960549293e-01	8.668724985706117714e-01	5.436363636363635843e-01	5.436363636363635843e-01	5.454545454545454142e-01
7.357182576459685430e-01	6.783256101328390963e-01	6.636824219956749538e-01	5.638554216867469604e-02	5.807228915662650259e-02	5.566265060240963708e-02
6.787581093605189464e-01	6.091210997837503971e-01	6.547327772628976916e-01	6.530120481927710607e-02	6.674698795180722399e-02	4.939759036144578119e-02
3.061709490096253261e-01	4.820270861506642524e-01	3.921724604247872059e-01	2.000000000000000042e-02	4.076923076923076594e-02	2.999999999999999889e-02
8.824332493702771174e-01	8.242569269521410336e-01	9.428513853904282316e-01	5.071999999999999842e-01	5.031999999999999806e-01	6.543999999999999817e-01
7.342237855309440286e-01	7.847228824032702610e-01	8.448863960452513977e-01	3.722388059701492447e-01	3.865671641791044721e-01	4.352238805970149449e-01
8.111807470543995757e-01	8.809977437954374935e-01	8.261970418651291004e-01	2.000000000000000042e-03	4.399999999999999745e-02	6.600000000000000311e-02
8.738855455254652682e-01	9.052713696645492414e-01	9.479271146773654566e-01	3.422222222222222054e-01	3.666666666666666408e-01	4.844444444444444553e-01
9.238083291520321483e-01	9.179377822378324003e-01	9.796036126442548841e-01	6.780000000000000471e-01	6.720000000000000417e-01	7.680000000000000160e-01
7.842144452717796366e-01	7.131422189128816536e-01	7.036187639612807576e-01	5.764705882352941235e-02	5.176470588235294185e-02	3.882352941176470812e-02
6.993771477663229819e-01	6.809707903780068960e-01	6.463058419243986608e-01	0.000000000000000000e+00	0.000000000000000000e+00	0.000000000000000000e+00
7.066268742583869944e-01	7.376577613174643000e-01	4.931322138722088466e-01	2.600000000000000089e-01	2.742857142857142994e-01	2.857142857142856984e-01
6.292542542542542972e-01	5.558475141808475462e-01	6.939439439439439861e-01	3.333333333333333148e-01	3.333333333333333148e-01	2.399999999999999911e-01
8.567950977923277645e-01	8.432524692912504172e-01	6.211141889812249461e-01	3.333333333333333148e-01	3.333333333333333148e-01	2.977777777777777524e-01
7.512410649878680236e-01	7.209439963276280672e-01	8.639746868647124600e-01	6.282051282051281937e-02	6.333333333333333870e-02	3.728205128205128172e-01
7.652714509745350835e-01	7.157419162123814793e-01	8.719289074751699342e-01	2.828571428571428625e-01	2.828571428571428625e-01	1.742857142857142938e-01
4.878876493736236108e-01	6.216289396729123284e-01	2.393949240044767057e-01	0.000000000000000000e+00	0.000000000000000000e+00	0.000000000000000000e+00
7.431812475749206559e-01	7.583708031862689269e-01	6.305662702850751700e-01	2.727272727272727071e-01	2.727272727272727071e-01	2.363636363636363591e-01
2.896262886597938402e-01	2.741623711340206437e-01	1.890463917525773141e-01	0.000000000000000000e+00	0.000000000000000000e+00	0.000000000000000000e+00
6.923921508547499215e-01	7.914001557572739598e-01	5.520382499010558774e-01	1.313580246913580163e-01	1.518518518518518490e-01	1.427160493827160370e-01
8.603451157349377709e-01	8.562296314865881497e-01	8.798362162613855286e-01	4.133333333333333304e-01	3.933333333333333126e-01	4.433333333333333570e-01
5.978916274346902648e-01	6.481916366657435313e-01	7.711068032862549160e-01	1.005797101449275310e-01	1.153623188405797084e-01	1.420289855072463803e-01
9.342611166833835190e-01	9.532625654742004073e-01	9.877131394182547819e-01	3.400000000000000244e-01	4.155555555555555669e-01	5.600000000000000533e-01
7.294429708222811559e-01	7.537851652500532351e-01	6.767604406668086270e-01	8.999999999999999667e-02	1.046153846153846101e-01	9.384615384615384304e-02
9.993030144624499567e-01	9.992158912702561180e-01	9.994772608468374120e-01	9.466666666666666563e-01	9.399999999999999467e-01	9.599999999999999645e-01
9.950624362895005293e-01	9.964458642784330689e-01	1.000000000000000000e+00	9.585714285714285188e-01	9.599999999999999645e-01	1.000000000000000000e+00
9.401821716589862099e-01	9.144585253456221086e-01	9.421262960829492883e-01	3.857142857142857317e-01	3.714285714285714413e-01	5.371428571428571441e-01
6.416314756438470379e-01	5.728692083506810029e-01	8.674329387973591654e-01	2.790697674418604612e-02	2.348837209302325618e-02	1.679069767441860594e-01
5.317782750903770062e-01	5.968118436908246283e-01	7.139783095197107521e-01	1.108108108108108066e-02	1.702702702702702658e-02	3.540540540540540460e-02
8.495072024260803545e-01	7.439809028133516078e-01	9.161868464370359622e-01	3.027027027027027195e-01	2.778378378378378311e-01	3.367567567567567588e-01
9.985658409387222489e-01	9.993220338983050954e-01	1.000000000000000000e+00	8.880000000000000115e-01	9.479999999999999538e-01	1.000000000000000000e+00
1.000000000000000000e+00	1.000000000000000000e+00	1.000000000000000000e+00	1.000000000000000000e+00	1.000000000000000000e+00	1.000000000000000000e+00
9.415373059589383642e-01	9.515022533800701066e-01	8.846770155232849264e-01	2.439999999999999947e-01	2.640000000000000124e-01	4.800000000000000100e-02
4.002704530087897172e-01	6.266058147396890154e-01	2.478025693035834920e-01	0.000000000000000000e+00	0.000000000000000000e+00	0.000000000000000000e+00
6.567589576547231411e-01	7.380982209972437591e-01	6.175144074166875052e-01	2.349999999999999867e-01	2.399999999999999911e-01	1.400000000000000133e-01
8.122648607975921919e-01	8.825558063707047429e-01	6.522447955856534030e-01	0.000000000000000000e+00	0.000000000000000000e+00	0.000000000000000000e+00
4.658645859551975854e-01	5.059300276868864410e-01	3.764711804681600826e-01	0.000000000000000000e+00	0.000000000000000000e+00	0.000000000000000000e+00
8.830503144654088254e-01	9.184402515723270044e-01	9.060000000000000275e-01	3.499999999999999778e-01	3.830000000000000071e-01	6.740000000000000435e-01
9.287274093945815379e-01	8.734116107125963202e-01	9.318507286664982070e-01	3.697435897435897290e-01	3.287179487179487380e-01	3.820512820512820262e-01
7.653069053708440039e-01	7.571962915601022637e-01	8.335805626598465912e-01	2.914999999999999813e-01	2.964999999999999858e-01	3.694999999999999951e-01
1.000000000000000000e+00	1.000000000000000000e+00	9.986173956762192105e-01	1.000000000000000000e+00	1.000000000000000000e+00	8.900000000000000133e-01
6.632478632478632230e-01	5.536701860231272310e-01	4.779788838612368251e-01	0.000000000000000000e+00	0.000000000000000000e+00	0.000000000000000000e+00
6.028029540114132612e-01	6.114701055536906349e-01	5.067136623027861386e-01	0.000000000000000000e+00	0.000000000000000000e+00	0.000000000000000000e+00
6.295347621536853122e-01	4.227652901202300084e-01	7.449032932566649334e-01	0.000000000000000000e+00	0.000000000000000000e+00	0.000000000000000000e+00
8.826675257731958490e-01	9.350331369661266656e-01	9.257179675994109402e-01	5.671428571428571708e-01	5.714285714285713969e-01	7.800000000000000266e-01
8.482415902140673092e-01	8.003058103975535520e-01	6.994903160040775170e-01	2.000000000000000111e-01	2.000000000000000111e-01	1.920000000000000040e-01
6.287324649298596801e-01	6.419338677354708977e-01	4.066633266533066227e-01	0.000000000000000000e+00	0.000000000000000000e+00	0.000000000000000000e+00
6.916311967951928041e-01	7.824862293440160155e-01	4.989984977466199179e-01	0.000000000000000000e+00	0.000000000000000000e+00	0.000000000000000000e+00
6.266847780304944937e-01	6.569002190211439274e-01	5.570402661949288570e-01	8.749999999999999445e-02	1.083333333333333370e-01	8.083333333333332649e-02
6.495364891518737860e-01	5.620033812341505008e-01	6.403663003663003783e-01	3.230769230769230810e-02	3.208791208791209049e-02	2.901098901098901270e-02
6.596437916772178722e-01	5.957035536422723432e-01	5.570355364227230766e-01	6.666666666666666574e-02	6.666666666666666574e-02	6.666666666666667095e-03
2.475606705028771670e-01	1.672504378283712900e-01	2.042782086564923771e-01	0.000000000000000000e+00	0.000000000000000000e+00	0.000000000000000000e+00
8.914842873176206384e-01	8.774270482603816479e-01	7.360970819304152313e-01	2.677777777777777812e-01	2.755555555555555536e-01	2.233333333333333282e-01
8.876180101670297917e-01	8.403860119546393559e-01	8.864309256466119669e-01	9.555555555555556024e-02	9.333333333333333759e-02	0.000000000000000000e+00
8.169371196754563469e-01	9.127155172413793371e-01	4.437119675456389634e-01	0.000000000000000000e+00	0.000000000000000000e+00	0.000000000000000000e+00
7.585753630445668527e-01	7.362293440160240232e-01	5.508262393590385164e-01	0.000000000000000000e+00	0.000000000000000000e+00	0.000000000000000000e+00
7.004286909242994907e-01	6.518297783354245478e-01	4.980761187787536848e-01	8.333333333333332871e-02	8.333333333333332871e-02	0.000000000000000000e+00
5.972319962467745880e-01	5.447867525043222914e-01	4.907689768116697548e-01	8.965517241379309873e-03	1.586206896551724255e-02	1.241379310344827534e-02
9.895814125023050245e-01	9.969113037064355476e-01	1.000000000000000000e+00	8.181818181818182323e-01	8.599999999999999867e-01	1.000000000000000000e+00
7.322486441385064326e-01	8.202336253650396314e-01	4.387150604922820385e-01	3.266666666666666607e-01	3.266666666666666607e-01	3.133333333333333526e-01
9.999497865930203622e-01	9.997991463720813377e-01	1.000000000000000000e+00	9.959999999999999964e-01	9.839999999999999858e-01	1.000000000000000000e+00
7.218311130365717698e-01	7.997761652045199954e-01	6.051843026824073046e-01	2.857142857142856984e-01	2.857142857142856984e-01	2.828571428571428625e-01
7.908635794743429370e-01	8.540050062578222745e-01	6.294117647058823373e-01	0.000000000000000000e+00	0.000000000000000000e+00	0.000000000000000000e+00
5.351137654035412750e-01	6.119569331707112037e-01	4.156706060478613796e-01	9.677419354838710103e-03	2.322580645161290494e-02	3.870967741935483868e-03
1.000000000000000000e+00	1.000000000000000000e+00	9.996662494785147901e-01	1.000000000000000000e+00	1.000000000000000000e+00	9.733333333333333837e-01
9.321360201511335042e-01	8.963526448362720833e-01	9.491788413098236621e-01	7.144000000000000350e-01	7.079999999999999627e-01	7.416000000000000369e-01
8.799215882549216161e-01	8.625291958625291855e-01	6.736736736736737008e-01	3.333333333333333148e-01	3.333333333333333148e-01	0.000000000000000000e+00
7.841108680245277851e-01	7.532200412904815900e-01	8.608202631497858803e-01	1.110843373493975855e-01	1.048192771084337366e-01	4.872289156626505857e-01
7.907881526104417746e-01	7.288215361445783413e-01	5.469377510040160928e-01	1.250000000000000000e-01	1.250000000000000000e-01	1.000000000000000056e-01
4.125751503006012122e-01	3.694639278557114159e-01	3.745991983967935646e-01	0.000000000000000000e+00	0.000000000000000000e+00	0.000000000000000000e+00
8.004011030333416654e-01	8.720732013035848995e-01	7.534720481323640140e-01	2.999999999999999889e-01	3.479999999999999760e-01	3.119999999999999996e-01
7.283759590792838745e-01	7.115441176470588269e-01	8.138171355498721171e-01	2.454999999999999960e-01	2.535000000000000031e-01	3.365000000000000213e-01
4.449570191313340084e-01	5.806133660806618302e-01	4.493762926577042349e-01	1.225000000000000047e-02	1.750000000000000167e-02	1.975000000000000019e-02
8.669634645932614569e-01	8.281916227740155900e-01	7.772761474793077330e-01	1.633333333333333304e-01	1.666666666666666574e-01	1.366666666666666585e-01
8.145181476846057311e-01	6.571964956195244234e-01	4.455569461827283972e-01	3.333333333333333148e-01	3.333333333333333148e-01	1.933333333333333293e-01
7.712580348943984809e-01	6.894054178145087031e-01	6.443296602387511562e-01	2.181818181818181990e-02	1.909090909090909241e-02	5.454545454545454974e-03
9.630372413024707035e-01	9.404334141110275436e-01	9.069663797665803440e-01	7.555555555555555358e-01	7.488888888888889372e-01	7.244444444444444464e-01
3.484348688611565992e-01	4.259013632903508317e-01	2.808816405619247725e-01	4.545454545454545581e-02	4.545454545454545581e-02	4.545454545454545581e-02
9.340681893412777770e-01	9.612512413108241782e-01	9.119894074809665740e-01	3.926315789473684426e-01	5.105263157894737169e-01	7.873684210526316063e-01
9.828578578578578417e-01	9.931181181181181206e-01	9.886136136136136621e-01	1.700000000000000122e-01	4.500000000000000111e-01	4.299999999999999933e-01
8.141507856904045548e-01	8.421096623202941611e-01	9.433299899699096880e-01	3.133333333333333526e-01	3.133333333333333526e-01	3.333333333333333148e-01
8.090400719384027717e-01	7.464283707075816121e-01	7.700500196706570044e-01	1.724444444444444557e-01	1.617777777777777704e-01	1.893333333333333257e-01
7.886595310907237311e-01	8.074583758069996398e-01	7.710329595650696755e-01	1.146666666666666667e-01	1.120000000000000023e-01	1.026666666666666700e-01
5.013568979670675052e-01	5.846346998889371260e-01	3.585204500458737953e-01	1.481481481481481538e-02	4.370370370370370294e-02	3.629629629629629872e-02
6.587057494350991860e-01	6.726242781822746597e-01	5.653245041426060435e-01	6.250000000000000000e-02	6.250000000000000000e-02	3.375000000000000222e-02
7.064630051333513627e-01	7.610482843799452057e-01	3.138870662704079662e-01	0.000000000000000000e+00	4.307692307692307515e-02	0.000000000000000000e+00
1.000000000000000000e+00	1.000000000000000000e+00	1.000000000000000000e+00	1.000000000000000000e+00	1.000000000000000000e+00	1.000000000000000000e+00
8.716902457185405906e-01	7.862844378257631828e-01	8.340134028294862167e-01	2.929411764705882604e-01	2.917647058823529260e-01	2.847058823529411975e-01
7.619603737113401776e-01	8.423244201030928302e-01	9.977931701030927636e-01	1.612500000000000044e-01	2.800000000000000266e-01	8.587500000000000133e-01
7.392526040734509474e-01	8.336256577298922776e-01	7.735977377671188204e-01	2.200000000000000011e-01	3.171428571428571153e-01	3.285714285714285698e-01
7.727204408817635040e-01	7.599448897795590963e-01	7.694388777555110082e-01	4.000000000000000222e-01	4.000000000000000222e-01	3.920000000000000151e-01
9.844232857262172898e-01	9.821890921239455619e-01	9.485926668337091305e-01	4.966666666666666452e-01	4.966666666666666452e-01	3.033333333333333437e-01
6.407945251210148685e-01	6.786429644466700495e-01	8.217325988983474883e-01	3.266666666666666607e-01	3.266666666666666607e-01	2.866666666666666807e-01
9.859133376288660155e-01	9.925579896907216204e-01	9.995972938144329634e-01	6.424999999999999600e-01	7.487500000000000266e-01	9.687500000000000000e-01
7.095339513906289142e-01	7.176563935521590443e-01	8.237701495030484988e-01	1.499999999999999944e-01	1.499999999999999944e-01	1.266666666666666774e-01
9.760233918128654595e-01	9.762322472848788957e-01	8.800751879699247882e-01	8.333333333333333703e-01	8.333333333333333703e-01	8.233333333333333615e-01
9.278301886792452713e-01	9.346698113207546621e-01	8.736635220125785750e-01	6.925000000000000044e-01	7.049999999999999600e-01	7.399999999999999911e-01
6.481898565231898335e-01	7.281448114781448044e-01	4.306806806806806609e-01	0.000000000000000000e+00	0.000000000000000000e+00	0.000000000000000000e+00
6.874128232246593528e-01	5.981514691681610874e-01	6.636164375162857398e-01	0.000000000000000000e+00	0.000000000000000000e+00	0.000000000000000000e+00
8.883950926389584390e-01	8.538432648973459660e-01	9.675763645468202778e-01	5.000000000000000000e-01	5.000000000000000000e-01	4.299999999999999933e-01
8.589060279240866569e-01	8.295606554635900354e-01	7.626661650363681932e-01	1.666666666666666574e-01	1.666666666666666574e-01	1.549999999999999989e-01
7.499386888612988855e-01	6.693566928771784719e-01	7.456277494213761070e-01	1.733333333333333393e-01	1.672727272727272674e-01	1.581818181818181734e-01
4.815633149811648916e-01	6.724681251811068794e-01	3.284192987539843456e-01	0.000000000000000000e+00	0.000000000000000000e+00	0.000000000000000000e+00
6.701930308347956444e-01	6.619954875908748981e-01	7.180747054399598817e-01	0.000000000000000000e+00	0.000000000000000000e+00	0.000000000000000000e+00
6.957216236532197673e-01	7.979516411926835806e-01	6.844775745427210678e-01	2.500000000000000000e-01	2.500000000000000000e-01	3.400000000000000244e-01
6.714911134343962695e-01	5.432730005227391912e-01	7.855789336121274946e-01	0.000000000000000000e+00	0.000000000000000000e+00	0.000000000000000000e+00
5.357918023207279834e-01	5.132940980048418256e-01	3.997829535019617464e-01	0.000000000000000000e+00	0.000000000000000000e+00	0.000000000000000000e+00
8.809344700768974024e-01	9.103560682046137886e-01	9.416583082581077013e-01	2.999999999999999889e-01	3.133333333333333526e-01	3.266666666666666607e-01
5.922240215924426954e-01	5.078704453441295064e-01	6.117462887989203457e-01	1.326315789473684129e-02	1.347368421052631653e-02	6.315789473684210384e-03
9.899608865710560757e-01	9.961408083441981587e-01	1.000000000000000000e+00	6.280000000000000027e-01	7.279999999999999805e-01	1.000000000000000000e+00
7.631294408402842233e-01	6.272300741427246917e-01	7.646354649366697842e-01	1.523076923076923106e-01	1.507692307692307665e-01	1.338461538461538369e-01
8.029932228915662717e-01	6.968185240963855609e-01	8.561119477911646181e-01	2.500000000000000000e-01	2.500000000000000000e-01	9.750000000000000333e-02
7.810613810741687812e-01	7.773976982097187127e-01	8.463363171355499093e-01	1.895000000000000018e-01	1.844999999999999973e-01	3.230000000000000093e-01
7.628257844129554543e-01	7.584609058704453455e-01	6.668459008097166185e-01	1.250000000000000000e-01	1.824999999999999956e-01	1.000000000000000056e-01
8.022236519361454210e-01	6.645120431058747501e-01	6.774900478507378532e-01	2.564102564102564014e-02	2.564102564102564014e-02	2.410256410256410298e-02
6.667303771661570178e-01	6.167176350662588735e-01	7.009004417261297526e-01	6.666666666666667095e-03	0.000000000000000000e+00	0.000000000000000000e+00
9.797438578149503252e-01	9.762937794040773554e-01	9.370622059592262909e-01	8.000000000000000444e-01	8.000000000000000444e-01	5.360000000000000320e-01
8.308310376492195060e-01	7.512109733700642611e-01	6.910697887970614905e-01	3.136363636363636576e-01	3.127272727272727426e-01	3.127272727272727426e-01
8.291371457489878916e-01	7.647956027890238095e-01	6.245220422852001407e-01	1.422222222222222221e-01	4.444444444444444614e-02	7.000000000000000666e-02
6.148433503836316927e-01	5.743765984654731760e-01	7.569948849104859434e-01	1.050000000000000065e-02	1.299999999999999940e-02	5.500000000000000028e-02
8.324528301886792159e-01	8.226415094339623035e-01	8.679245283018868218e-01	4.309090909090909083e-01	4.000000000000000222e-01	5.036363636363636598e-01
7.660122863247863512e-01	7.137206196581196149e-01	7.048611111111111605e-01	9.416666666666666241e-02	8.000000000000000167e-02	7.833333333333333814e-02
5.474336431382399448e-01	5.095453403667420389e-01	7.552541237545006003e-02	0.000000000000000000e+00	0.000000000000000000e+00	0.000000000000000000e+00
6.061583170554214473e-01	7.378609866329618461e-01	4.946474395802213930e-01	3.629629629629629872e-02	6.518518518518517935e-02	6.407407407407407496e-02
6.730692076228685927e-01	6.827983951855566280e-01	7.052156469408225048e-01	2.000000000000000111e-01	2.000000000000000111e-01	1.519999999999999962e-01
1.000000000000000000e+00	1.000000000000000000e+00	9.861111111111111605e-01	1.000000000000000000e+00	1.000000000000000000e+00	4.000000000000000083e-02
5.122393854984383932e-01	5.140457499788976259e-01	5.654258462057905055e-01	5.199999999999999761e-02	5.600000000000000117e-02	1.333333333333333289e-03
7.195664200971251256e-01	5.530875834135879909e-01	8.340129363632017290e-01	2.702702702702702853e-02	2.702702702702702853e-02	8.648648648648648782e-03
7.016687526074258940e-01	6.826032540675844862e-01	6.851063829787233939e-01	6.666666666666666297e-01	6.666666666666666297e-01	4.933333333333333459e-01
8.500635071842501667e-01	8.212603529940991631e-01	8.857796829933053395e-01	1.378947368421052644e-01	1.389473684210526250e-01	1.484210526315789536e-01
5.518184098319538489e-01	6.155254577376473302e-01	6.026586405818911141e-01	4.000000000000000222e-01	4.000000000000000222e-01	3.880000000000000115e-01
8.205572289156626287e-01	7.958458835341365445e-01	8.003514056224899642e-01	3.679999999999999938e-01	3.260000000000000120e-01	2.179999999999999993e-01
9.597055693968649104e-01	9.353751427385030848e-01	9.406078064984947362e-01	7.861538461538462030e-01	7.743589743589743835e-01	8.292307692307692157e-01
6.398572884811416506e-01	5.443934760448522203e-01	6.233944954128440852e-01	2.000000000000000111e-01	2.000000000000000111e-01	1.759999999999999898e-01
1.000000000000000000e+00	1.000000000000000000e+00	9.791041041041040893e-01	1.000000000000000000e+00	1.000000000000000000e+00	2.000000000000000042e-02
6.080911823647294767e-01	6.169589178356713610e-01	5.721943887775551296e-01	2.000000000000000111e-01	2.000000000000000111e-01	4.800000000000000100e-02
7.413402829486225309e-01	6.648101265822784489e-01	7.839761727475800246e-01	1.164705882352941174e-01	1.035294117647058837e-01	1.047058823529411764e-01
8.446732598898347710e-01	8.994429143715573227e-01	8.707436154231347203e-01	6.850000000000000533e-01	6.700000000000000400e-01	6.600000000000000311e-01
7.181980640357408241e-01	6.016604616530156768e-01	7.097840655249441078e-01	0.000000000000000000e+00	0.000000000000000000e+00	0.000000000000000000e+00
3.713259853039412306e-01	3.431237474949899724e-01	2.699148296593186225e-01	0.000000000000000000e+00	0.000000000000000000e+00	0.000000000000000000e+00
8.966883963494133303e-01	9.343415906127771065e-01	1.000000000000000000e+00	8.000000000000000444e-01	8.000000000000000444e-01	1.000000000000000000e+00
6.886907757567043431e-01	8.024840031634193904e-01	7.354231073405708141e-01	2.857142857142856984e-01	3.200000000000000067e-01	2.857142857142856984e-01
7.461910241657077059e-01	6.434906022247794954e-01	8.303567318757192339e-01	3.030303030303030387e-01	3.030303030303030387e-01	3.030303030303030387e-01
5.814648059123197488e-01	5.692042763865968746e-01	6.246322738035444688e-01	2.142857142857142738e-01	2.142857142857142738e-01	2.085714285714285743e-01
1.000000000000000000e+00	1.000000000000000000e+00	9.984988741556166669e-01	1.000000000000000000e+00	1.000000000000000000e+00	8.800000000000000044e-01
8.454385524001005736e-01	8.091049438121566961e-01	7.707966825835637081e-01	5.714285714285713969e-01	5.714285714285713969e-01	5.714285714285713969e-01
5.202497812616111439e-01	5.869440149581101052e-01	4.100415902580513694e-01	0.000000000000000000e+00	0.000000000000000000e+00	0.000000000000000000e+00
8.101167929292929504e-01	8.418402777777778123e-01	7.487373737373737015e-01	2.275000000000000078e-01	2.349999999999999867e-01	2.025000000000000133e-01
9.406746031746031633e-01	9.352994227994227971e-01	7.610028860028860143e-01	3.142857142857142794e-01	3.385714285714285787e-01	3.785714285714285587e-01
6.132489929506546034e-01	6.168114300100704384e-01	5.961858006042296543e-01	0.000000000000000000e+00	2.000000000000000042e-03	0.000000000000000000e+00
7.881029451992340729e-01	7.434234521747059565e-01	6.141834594693170724e-01	3.090909090909091037e-02	0.000000000000000000e+00	0.000000000000000000e+00
9.289638735574510253e-01	9.293652784746613271e-01	9.667837431008530213e-01	5.180000000000000160e-01	5.380000000000000338e-01	6.540000000000000258e-01
1.000000000000000000e+00	1.000000000000000000e+00	9.998120771736407342e-01	1.000000000000000000e+00	1.000000000000000000e+00	9.849999999999999867e-01
8.927581365207373221e-01	8.820654521889400579e-01	8.946392569124423932e-01	2.785714285714285809e-01	2.800000000000000266e-01	2.971428571428571530e-01
6.197522816166883830e-01	6.865710560625815084e-01	6.022164276401564820e-01	3.599999999999999867e-01	4.099999999999999756e-01	4.000000000000000083e-02
1.000000000000000000e+00	1.000000000000000000e+00	1.000000000000000000e+00	1.000000000000000000e+00	1.000000000000000000e+00	1.000000000000000000e+00
1.000000000000000000e+00	1.000000000000000000e+00	9.997852310555893629e-01	1.000000000000000000e+00	1.000000000000000000e+00	9.828571428571428736e-01
7.200300450676013764e-01	7.017275913870806292e-01	5.096144216324486331e-01	8.400000000000000522e-02	6.400000000000000133e-02	0.000000000000000000e+00
9.146052489857465773e-01	8.843751121961728190e-01	8.911068825620220846e-01	5.285714285714285809e-01	5.171428571428571264e-01	5.628571428571428337e-01
1.000000000000000000e+00	1.000000000000000000e+00	9.900703871292106939e-01	1.000000000000000000e+00	1.000000000000000000e+00	2.099999999999999922e-01
7.930857694318227402e-01	6.661338748374817653e-01	7.291205919015641967e-01	2.820512820512820554e-02	1.435897435897435896e-02	1.487179487179487135e-02
8.630082880082879937e-01	8.065203315203315348e-01	7.912522662522663008e-01	3.748717948717948945e-01	3.656410256410256299e-01	4.328205128205128149e-01
9.702441077441077422e-01	9.782617845117844713e-01	9.180134680134680591e-01	6.666666666666666297e-01	6.666666666666666297e-01	4.699999999999999734e-01
7.707564301024053544e-01	7.245028578232912686e-01	6.048910454870207731e-01	1.082352941176470545e-01	4.823529411764705677e-02	4.941176470588234948e-02
8.483664401463669735e-01	7.849581808677470462e-01	7.543910088865656283e-01	2.620000000000000107e-01	2.520000000000000018e-01	1.960000000000000075e-01
6.295626975763961575e-01	5.667790656831752649e-01	6.225149279943800185e-01	7.123287671232876594e-02	7.095890410958903549e-02	5.561643835616438686e-02
7.383760530561032098e-01	7.795841548664634857e-01	7.073669116329091011e-01	2.828571428571428625e-01	2.857142857142856984e-01	2.771428571428571352e-01
6.515797392176529979e-01	7.107071213640923091e-01	7.064192577733199307e-01	2.000000000000000111e-01	2.000000000000000111e-01	1.559999999999999998e-01
3.140529918864097270e-01	4.807302231237322587e-01	1.818585192697768638e-01	0.000000000000000000e+00	0.000000000000000000e+00	0.000000000000000000e+00
6.848116595673598983e-01	7.947256326735153698e-01	5.474400734987053818e-01	6.666666666666666574e-02	1.199999999999999956e-01	1.333333333333333315e-01
8.449398797595190080e-01	8.960170340681362644e-01	7.049098196392785676e-01	5.999999999999999778e-01	5.999999999999999778e-01	5.999999999999999778e-01
4.951705970898143683e-01	5.175719183810001400e-01	2.801262752968723957e-01	0.000000000000000000e+00	0.000000000000000000e+00	0.000000000000000000e+00
7.358479258806467360e-01	7.584888473385830165e-01	6.892236884685916110e-01	3.971428571428571308e-01	4.247619047619047850e-01	3.876190476190476408e-01
8.115871317048601874e-01	7.756862251322085289e-01	6.372765046587761661e-01	2.500000000000000000e-01	2.500000000000000000e-01	2.399999999999999911e-01
5.840681362725450576e-01	5.761523046092184019e-01	5.995991983967935424e-01	4.000000000000000222e-01	4.000000000000000222e-01	3.800000000000000044e-01
8.564471919286172907e-01	7.590346221885266864e-01	9.179448299994168448e-01	3.646153846153846190e-01	3.599999999999999867e-01	3.446153846153846012e-01
8.673620165145589089e-01	9.160408518035636494e-01	9.148804867448935285e-01	4.500000000000000111e-01	4.913333333333333441e-01	6.453333333333333144e-01
7.954660529344074194e-01	7.089719984656693841e-01	8.665822784810126578e-01	9.454545454545454364e-02	9.212121212121211766e-02	9.696969696969696961e-02
9.865598130060939663e-01	9.891894148092494898e-01	9.551715502128724777e-01	6.666666666666666297e-01	6.666666666666666297e-01	6.666666666666666297e-01
7.608105360980426113e-01	6.420471046059127440e-01	6.974792356391937842e-01	1.444444444444444378e-02	0.000000000000000000e+00	0.000000000000000000e+00
5.759772492244054076e-01	6.854239917269906446e-01	5.069734574284729955e-01	1.048000000000000043e-01	1.120000000000000023e-01	9.173333333333333339e-02
7.890896828681350783e-01	7.256441501509787173e-01	7.662742753789795191e-01	2.399999999999999911e-01	2.236363636363636331e-01	2.684848484848484929e-01
4.305917753259779213e-01	4.125125376128385146e-01	3.660982948846539520e-01	0.000000000000000000e+00	0.000000000000000000e+00	0.000000000000000000e+00
9.161497493734336306e-01	8.734492481203007808e-01	9.802631578947368363e-01	5.999999999999999778e-01	5.875000000000000222e-01	7.049999999999999600e-01
5.806559377178712733e-01	5.895596095747153154e-01	5.534220311410643633e-01	3.846153846153846367e-02	3.846153846153846367e-02	2.999999999999999889e-02
9.647827501445922493e-01	9.342105263157894912e-01	8.587514459224985242e-01	5.714285714285713969e-01	5.714285714285713969e-01	5.714285714285713969e-01
3.199768006669808096e-01	4.216515025193025568e-01	2.720411788161090638e-01	9.714285714285713497e-03	2.571428571428571383e-02	5.714285714285714281e-03
7.069620130561958815e-01	6.922495786761714287e-01	6.474052263525947870e-01	0.000000000000000000e+00	0.000000000000000000e+00	0.000000000000000000e+00
1.000000000000000000e+00	1.000000000000000000e+00	9.998748748748749193e-01	1.000000000000000000e+00	1.000000000000000000e+00	9.899999999999999911e-01
3.214733149586569971e-01	4.383195523260670079e-01	2.269272529858848975e-01	0.000000000000000000e+00	0.000000000000000000e+00	0.000000000000000000e+00
7.923785166240409072e-01	7.810741687979539938e-01	8.255242966751917821e-01	2.919999999999999818e-01	3.054999999999999938e-01	3.699999999999999956e-01
5.681019108280255248e-01	6.093830755232029217e-01	7.207060964513193335e-01	1.051428571428571490e-01	1.108571428571428624e-01	1.142857142857142821e-01
9.620015048908954203e-01	9.407919488337095348e-01	9.275144218710810184e-01	6.099999999999999867e-01	5.899999999999999689e-01	4.974999999999999978e-01
9.513418610484073445e-01	9.695259593679458332e-01	9.574868322046651281e-01	0.000000000000000000e+00	0.000000000000000000e+00	0.000000000000000000e+00
7.633539340776183124e-01	6.789407230196703447e-01	7.769138755980861122e-01	1.489473684210526339e-01	1.121052631578947356e-01	1.526315789473684237e-01
8.626434860135963056e-01	7.621893458152234624e-01	7.922378245848656908e-01	3.333333333333333148e-01	3.333333333333333148e-01	2.955555555555555713e-01
7.982573539662624063e-01	8.120033458803848081e-01	8.850690087829360397e-01	6.288888888888889417e-01	6.422222222222222499e-01	6.444444444444444864e-01
7.383662747060295573e-01	7.818363772829621805e-01	3.416312234175631901e-01	0.000000000000000000e+00	0.000000000000000000e+00	0.000000000000000000e+00
9.152032112393376773e-01	8.484278307409265363e-01	8.941294530858002743e-01	6.666666666666666297e-01	6.666666666666666297e-01	5.600000000000000533e-01
3.444884628921757175e-01	4.398547936908104306e-01	2.490116312381825403e-01	0.000000000000000000e+00	0.000000000000000000e+00	0.000000000000000000e+00
5.762340265597594158e-01	7.178025557504384979e-01	5.532448008018040486e-01	2.500000000000000000e-01	2.500000000000000000e-01	2.500000000000000000e-01
6.712782331674840286e-01	6.118230303898056777e-01	6.297025450119912993e-01	0.000000000000000000e+00	0.000000000000000000e+00	0.000000000000000000e+00
5.948918751930800664e-01	5.138276181649675811e-01	6.070713623725672026e-01	0.000000000000000000e+00	0.000000000000000000e+00	8.915662650602410033e-03
7.435705186533212441e-01	7.813867151956324086e-01	7.738817106460418316e-01	2.674285714285714044e-01	2.714285714285714080e-01	3.234285714285714541e-01
7.923990165086055582e-01	7.448700386371619464e-01	6.955637513171759601e-01	1.158904109589041082e-01	1.082191780821917804e-01	8.602739726027397449e-02
9.664163537755527944e-01	9.744680851063829419e-01	8.903629536921151555e-01	5.933333333333333792e-01	6.133333333333332860e-01	3.533333333333333326e-01
7.343350239504086163e-01	6.670850943927867371e-01	6.621386306001690869e-01	2.879120879120879162e-02	2.813186813186813184e-02	3.098901098901098855e-02
3.299061331636305994e-01	5.875178983374432784e-01	3.768196643067377449e-01	2.999999999999999889e-02	3.307692307692308015e-02	3.153846153846153605e-02
8.989975570718558018e-01	8.180698923686035018e-01	9.357192382211335646e-01	2.605128205128204866e-01	2.307692307692307820e-01	2.733333333333333171e-01
9.921490019209888711e-01	9.837968763050196630e-01	9.867201202706088470e-01	8.333333333333333703e-01	8.333333333333333703e-01	7.966666666666666341e-01
6.471376518218623364e-01	5.825843454790823328e-01	6.107368421052631335e-01	1.178947368421052674e-02	1.052631578947368397e-02	1.284210526315789427e-02
6.062578222778473025e-01	5.428660826032540854e-01	1.096370463078848584e-01	0.000000000000000000e+00	0.000000000000000000e+00	0.000000000000000000e+00
7.562656641604009744e-01	7.304093567251461749e-01	6.422723475355054390e-01	3.333333333333333148e-01	3.333333333333333148e-01	3.066666666666666430e-01
5.181394763343404319e-01	5.158043806646526175e-01	4.474823766364551814e-01	0.000000000000000000e+00	0.000000000000000000e+00	0.000000000000000000e+00
7.597403302911777123e-01	8.212434810951759756e-01	8.637005649717514055e-01	1.862499999999999989e-01	2.083333333333333426e-01	4.550000000000000155e-01
6.602173913043478670e-01	6.253612531969309218e-01	7.900895140664961902e-01	0.000000000000000000e+00	0.000000000000000000e+00	1.504999999999999949e-01
8.553721500663477029e-01	7.837401316230380166e-01	7.668047234173737126e-01	1.902564102564102688e-01	1.651282051282051411e-01	1.020512820512820551e-01
8.553498985801216703e-01	9.464376267748478844e-01	6.097870182555781282e-01	5.000000000000000000e-01	5.000000000000000000e-01	5.000000000000000000e-01
7.781424955901525831e-01	8.423396477234962321e-01	8.953805250913925429e-01	1.925490196078431249e-01	2.309803921568627516e-01	5.521568627450980093e-01
7.962406015037594154e-01	7.376723057644110071e-01	6.251566416040100771e-01	1.100000000000000006e-01	1.049999999999999961e-01	9.249999999999999889e-02
7.974748743718592658e-01	7.685678391959799294e-01	4.036432160804019897e-01	4.000000000000000083e-03	0.000000000000000000e+00	0.000000000000000000e+00
9.237945228494623962e-01	9.076066868279569766e-01	9.437079973118279730e-01	4.699999999999999734e-01	4.686666666666666758e-01	6.820000000000000506e-01
8.914890552995391459e-01	8.689156105990782919e-01	8.861427131336405694e-01	3.957142857142857406e-01	3.857142857142857317e-01	4.157142857142857029e-01
8.472431077694235757e-01	7.981203007518796744e-01	7.986215538847117879e-01	5.000000000000000278e-02	0.000000000000000000e+00	1.900000000000000022e-01
8.764375326711970615e-01	8.119445896497647919e-01	8.178907475169889807e-01	1.049999999999999961e-01	0.000000000000000000e+00	0.000000000000000000e+00
8.191805009465560339e-01	8.115079365079365115e-01	7.989114606087083237e-01	4.171428571428571486e-01	4.171428571428571486e-01	4.099999999999999756e-01
7.691935818043693640e-01	7.522042404291074957e-01	6.305854186330256406e-01	2.727272727272727140e-02	5.090909090909091078e-02	2.363636363636363591e-02
7.308080808080807955e-01	6.508364898989899006e-01	3.097222222222222321e-01	0.000000000000000000e+00	0.000000000000000000e+00	0.000000000000000000e+00
7.494147646517849148e-01	7.483488002675361406e-01	5.561407909037705544e-01	1.666666666666666574e-01	1.666666666666666574e-01	9.666666666666666463e-02
8.908605283605283143e-01	8.437807562807563277e-01	7.913299663299663278e-01	4.476923076923076672e-01	4.451282051282051122e-01	4.302564102564102599e-01
6.597117794486215825e-01	6.415413533834586346e-01	3.100250626566415924e-01	0.000000000000000000e+00	0.000000000000000000e+00	0.000000000000000000e+00
5.597454896907216870e-01	6.250161082474227081e-01	2.050579896907216426e-01	0.000000000000000000e+00	0.000000000000000000e+00	0.000000000000000000e+00
9.465516161363066727e-01	9.363254823352543665e-01	9.259897268854923036e-01	4.050000000000000266e-01	3.900000000000000133e-01	3.250000000000000111e-02
6.470204603580562708e-01	6.244149616368286360e-01	7.925063938618925885e-01	5.349999999999999895e-02	4.399999999999999745e-02	2.459999999999999964e-01
7.408362543815724122e-01	7.977966950425638970e-01	5.355032548823235317e-01	0.000000000000000000e+00	0.000000000000000000e+00	0.000000000000000000e+00
5.477374688451952522e-01	6.031754823225330409e-01	7.560417243607495674e-01	9.246376811594203549e-02	9.739130434782608536e-02	1.086956521739130405e-01
9.999490316004077117e-01	9.999490316004077117e-01	1.000000000000000000e+00	9.959999999999999964e-01	9.959999999999999964e-01	1.000000000000000000e+00
7.498349139445029676e-01	6.984668071654372978e-01	6.653284158763610456e-01	8.027397260273973212e-02	7.917808219178082418e-02	2.876712328767123267e-02
9.600350789275871044e-01	9.885575879061221372e-01	8.998580138645285720e-01	6.666666666666666297e-01	6.666666666666666297e-01	6.666666666666666297e-01
8.557269712808407425e-01	8.108582026639690188e-01	8.111279716742538781e-01	2.453333333333333199e-01	2.191111111111111176e-01	3.013333333333333419e-01
3.648106345623275404e-01	4.803862553298219318e-01	3.780285929270127965e-01	1.920000000000000040e-01	1.920000000000000040e-01	1.600000000000000033e-01
7.468703898840884925e-01	6.908008429926237870e-01	6.854302774850720148e-01	1.126027397260273982e-01	1.120547945205479512e-01	1.087671232876712274e-01
3.280623747494990083e-01	3.923471943887775759e-01	1.469814629258517080e-01	0.000000000000000000e+00	0.000000000000000000e+00	0.000000000000000000e+00
7.643278049707741273e-01	6.623461483628759749e-01	8.096991873782255489e-01	9.454545454545454364e-02	9.090909090909091161e-02	0.000000000000000000e+00
9.814803076402974780e-01	9.903756761325219760e-01	9.992816091954023205e-01	8.083333333333333481e-01	8.199999999999999512e-01	9.433333333333333570e-01
6.809974747474747403e-01	6.692199775533108630e-01	5.718855218855218858e-01	5.333333333333333676e-02	7.555555555555555636e-02	6.222222222222222043e-02
7.847959746346843124e-01	7.379183898538737019e-01	7.358643507030603326e-01	9.935483870967741493e-02	8.258064516129032251e-02	7.698924731182796299e-02
8.004572788774743097e-01	7.610717865196692244e-01	6.224630418441493562e-01	0.000000000000000000e+00	0.000000000000000000e+00	0.000000000000000000e+00
5.773142112125162484e-01	6.963494132985658114e-01	2.420469361147327136e-01	0.000000000000000000e+00	0.000000000000000000e+00	0.000000000000000000e+00
9.311621485943775145e-01	9.531877510040160928e-01	5.987700803212850920e-01	0.000000000000000000e+00	0.000000000000000000e+00	0.000000000000000000e+00
1.000000000000000000e+00	1.000000000000000000e+00	9.977466199298948846e-01	1.000000000000000000e+00	1.000000000000000000e+00	8.199999999999999512e-01
3.675193419893523217e-01	5.298603929679420732e-01	4.087575165651691211e-01	0.000000000000000000e+00	6.296296296296296363e-03	0.000000000000000000e+00
5.738362985341837197e-01	5.919258886278020437e-01	4.730427809481183021e-01	8.888888888888888881e-03	2.962962962962962816e-03	0.000000000000000000e+00
7.676303686245795621e-01	7.941731688900075525e-01	7.178111342470768763e-01	1.563636363636363713e-01	1.645454545454545503e-01	1.118181818181818166e-01
1.000000000000000000e+00	1.000000000000000000e+00	1.000000000000000000e+00	1.000000000000000000e+00	1.000000000000000000e+00	1.000000000000000000e+00
5.401288810779144578e-01	8.322872206879237122e-01	6.986358691103857765e-01	0.000000000000000000e+00	0.000000000000000000e+00	0.000000000000000000e+00
8.854827869464565460e-01	8.164625494735270328e-01	8.514300649690090816e-01	4.142857142857143127e-01	3.914285714285714035e-01	4.114285714285714213e-01
8.288742099510526540e-01	7.483604999287173376e-01	7.521741196597443446e-01	6.727272727272727570e-02	5.818181818181818177e-02	4.181818181818181684e-02
9.556029079969917683e-01	9.477813988468287709e-01	9.429932313863124138e-01	4.000000000000000222e-01	4.199999999999999845e-01	4.079999999999999738e-01
5.995526622886300228e-01	6.400361531244994628e-01	5.786216049241470483e-01	4.545454545454545581e-02	5.454545454545454281e-02	5.181818181818181879e-02
5.265531062124249040e-01	4.672559404523332627e-01	6.407815631262524514e-01	0.000000000000000000e+00	0.000000000000000000e+00	0.000000000000000000e+00
5.230444511083942594e-01	5.888330142326589911e-01	3.354709233927706258e-01	4.181818181818181684e-02	4.272727272727272485e-02	4.545454545454545581e-02
9.712686878810656843e-01	9.576964837551156240e-01	9.108410590495280568e-01	5.966666666666666785e-01	5.833333333333333703e-01	4.733333333333333282e-01
7.833436933436933591e-01	7.376418026418026797e-01	7.193809893809893774e-01	9.393939393939393367e-02	7.858585858585859230e-02	8.404040404040404033e-02
9.802949493503239076e-01	9.772165944804381832e-01	9.458424311844507715e-01	5.685714285714286165e-01	5.571428571428571619e-01	5.657142857142857251e-01
8.596392872664059270e-01	9.102824858757062598e-01	8.982007822685789122e-01	2.013333333333333364e-01	2.620000000000000107e-01	6.153333333333332877e-01
7.516751918158567358e-01	7.422218670076726754e-01	8.226598465473146105e-01	2.680000000000000160e-01	2.720000000000000195e-01	3.514999999999999791e-01
9.217431269323974607e-01	9.256914849168547121e-01	9.170218099774379850e-01	4.899999999999999911e-01	4.933333333333333459e-01	3.300000000000000155e-01
7.162593432434701812e-01	6.852397749223145818e-01	4.916939615352313719e-01	0.000000000000000000e+00	0.000000000000000000e+00	0.000000000000000000e+00
8.361038508450949758e-01	7.315255270953128219e-01	7.246210141139571848e-01	1.239999999999999991e-01	1.179999999999999938e-01	9.600000000000000200e-02
4.569230769230769318e-01	5.399061277705345940e-01	3.990821382007822549e-01	2.879999999999999921e-02	5.999999999999999778e-02	4.000000000000000083e-02
6.350665661893996061e-01	6.756593820648078008e-01	5.821652851042451449e-01	3.079999999999999960e-01	3.439999999999999725e-01	2.439999999999999947e-01
7.255424063116371336e-01	6.580304311073541523e-01	6.875007044237813059e-01	4.923076923076923073e-02	4.417582417582417709e-02	5.384615384615384914e-02
9.990368509212730341e-01	9.992462311557789301e-01	9.923785594639865648e-01	9.266666666666666385e-01	9.399999999999999467e-01	3.933333333333333126e-01
7.829827365728899702e-01	7.742487212276214503e-01	8.384718670076726221e-01	2.635000000000000120e-01	2.660000000000000142e-01	3.689999999999999947e-01
6.837468331317189119e-01	7.103142902791409474e-01	4.781914043776961387e-01	2.181818181818181990e-02	4.545454545454545581e-02	0.000000000000000000e+00
9.719962453066333108e-01	9.810075093867334228e-01	8.633917396745932615e-01	5.000000000000000000e-01	5.000000000000000000e-01	4.699999999999999734e-01
6.274134904714142591e-01	6.060682046138414769e-01	4.720411233701103382e-01	0.000000000000000000e+00	0.000000000000000000e+00	0.000000000000000000e+00
5.785489466308267881e-01	6.298561812208514077e-01	4.584166149746134455e-01	4.545454545454545581e-02	6.181818181818182073e-02	5.090909090909091078e-02
9.152056824754193354e-01	8.670474262579526137e-01	8.275556680161942902e-01	6.242857142857143327e-01	6.142857142857143238e-01	6.114285714285714324e-01
3.633211075484610308e-01	4.593511875927506205e-01	2.609090140173621619e-01	0.000000000000000000e+00	0.000000000000000000e+00	0.000000000000000000e+00
6.744459407025311659e-01	6.928423070778079174e-01	4.723483897473352844e-01	9.090909090909091161e-02	9.090909090909091161e-02	8.909090909090909560e-02
8.227786578341014234e-01	7.716643865207373221e-01	8.952332949308755561e-01	3.228571428571428426e-01	3.228571428571428426e-01	4.585714285714285743e-01
8.366636011481760615e-01	8.472257057659615676e-01	8.874397346933088349e-01	4.088888888888889128e-01	4.355555555555555292e-01	5.466666666666666341e-01
4.641598682446665958e-01	5.905466824977338991e-01	4.441156944604031653e-01	0.000000000000000000e+00	8.395061728395061817e-03	5.925925925925925632e-03
5.277145986016342771e-01	5.567717546963187880e-01	4.767500631791761201e-01	4.166666666666666435e-02	4.166666666666666435e-02	3.250000000000000111e-02
5.078367551326991025e-01	6.256384576865298142e-01	4.925888833249874588e-01	4.000000000000000222e-01	4.000000000000000222e-01	2.919999999999999818e-01
8.239156888309430160e-01	8.748022598870056621e-01	9.040764884832681592e-01	3.133333333333333526e-01	3.546666666666666856e-01	6.513333333333333197e-01
9.346237367410006325e-01	8.908377181992817029e-01	8.285726217322308962e-01	0.000000000000000000e+00	0.000000000000000000e+00	0.000000000000000000e+00
5.616408934707903811e-01	4.509450171821305919e-01	4.058419243986254310e-01	0.000000000000000000e+00	0.000000000000000000e+00	0.000000000000000000e+00
5.230900982419854905e-01	6.388718329886245995e-01	4.970430455015512061e-01	3.975000000000000061e-02	5.249999999999999806e-02	4.825000000000000122e-02
8.538432648973459660e-01	7.643652979469204300e-01	5.503254882323485031e-01	0.000000000000000000e+00	0.000000000000000000e+00	0.000000000000000000e+00
9.101868792472556091e-01	8.938839519079979645e-01	8.359905906952430632e-01	4.949999999999999956e-01	4.899999999999999911e-01	0.000000000000000000e+00
5.519382897233060525e-01	5.847263485699967234e-01	4.554175466227583513e-01	0.000000000000000000e+00	0.000000000000000000e+00	0.000000000000000000e+00
1.000000000000000000e+00	1.000000000000000000e+00	9.950563204005006268e-01	1.000000000000000000e+00	1.000000000000000000e+00	6.049999999999999822e-01
1.000000000000000000e+00	1.000000000000000000e+00	9.919065498539841874e-01	1.000000000000000000e+00	1.000000000000000000e+00	4.799999999999999822e-01
9.914055415617128997e-01	9.881410579345087930e-01	9.831637279596977530e-01	8.296000000000000041e-01	8.296000000000000041e-01	6.455999999999999517e-01
6.314741660396288037e-01	5.786619011788312061e-01	6.304552294958615244e-01	0.000000000000000000e+00	0.000000000000000000e+00	0.000000000000000000e+00
9.882352941176471006e-01	9.916145181476846426e-01	9.877346683354192303e-01	4.799999999999999822e-01	4.799999999999999822e-01	3.599999999999999867e-01
6.597725478940948962e-01	6.106766162014780619e-01	4.386166319867977337e-01	0.000000000000000000e+00	0.000000000000000000e+00	0.000000000000000000e+00
9.991641591440989512e-01	9.992477432296891227e-01	9.997492477432297076e-01	9.333333333333333481e-01	9.399999999999999467e-01	9.799999999999999822e-01
5.727705410821642973e-01	6.152555110220441215e-01	6.083667334669338178e-01	2.000000000000000042e-02	7.199999999999999456e-02	0.000000000000000000e+00
9.326336477987421381e-01	9.580267295597484356e-01	8.805660377358490720e-01	6.424999999999999600e-01	6.737499999999999600e-01	7.325000000000000400e-01
6.611464107070433860e-01	8.242144498735007874e-01	7.389482222522644195e-01	2.153846153846153966e-01	2.615384615384615530e-01	4.138461538461538636e-01
9.500254841997961552e-01	9.583333333333333703e-01	1.000000000000000000e+00	6.760000000000000453e-01	7.439999999999999947e-01	1.000000000000000000e+00
5.309218789248932868e-01	5.889726199447374855e-01	4.074353177593569297e-01	2.000000000000000111e-01	2.000000000000000111e-01	1.839999999999999969e-01
8.948627549735582720e-01	9.026973334452559339e-01	8.163071154760905834e-01	4.355555555555555292e-01	4.377777777777777657e-01	1.555555555555555511e-02
6.669226429287863356e-01	6.810274573721163405e-01	5.195586760280842542e-01	2.500000000000000000e-01	2.474999999999999978e-01	6.250000000000000000e-02
6.112324157926763979e-01	6.676629559365715449e-01	6.808891434298600664e-01	2.800000000000000266e-01	2.828571428571428625e-01	2.542857142857142816e-01
7.120150187734668457e-01	6.661451814768460933e-01	7.922403003754693862e-02	0.000000000000000000e+00	0.000000000000000000e+00	0.000000000000000000e+00
6.796242306446388382e-01	6.593555411582622261e-01	5.189054457761941297e-01	7.142857142857142461e-02	7.142857142857142461e-02	7.142857142857142461e-02
4.384519038076152286e-01	4.689879759519038349e-01	4.368236472945891680e-01	0.000000000000000000e+00	0.000000000000000000e+00	0.000000000000000000e+00
8.384213277574490419e-01	7.452692106638787450e-01	7.368531102979613001e-01	2.000000000000000111e-01	2.000000000000000111e-01	0.000000000000000000e+00
4.181551499348109546e-01	5.574315514993480880e-01	1.407431551499348232e-01	0.000000000000000000e+00	0.000000000000000000e+00	0.000000000000000000e+00
9.491125650665124258e-01	9.055270387507229346e-01	8.277183342972816993e-01	5.714285714285713969e-01	5.714285714285713969e-01	5.714285714285713969e-01
9.742291301077964372e-01	9.880671847580847489e-01	9.381799949862120735e-01	4.000000000000000222e-01	4.680000000000000271e-01	3.880000000000000115e-01
5.389169614283307874e-01	6.637864241199258331e-01	4.026275896917635433e-01	1.266666666666666774e-01	1.333333333333333315e-01	1.253333333333333244e-01
4.507461750689741864e-01	4.634541426302148381e-01	5.847128166541258887e-01	0.000000000000000000e+00	0.000000000000000000e+00	0.000000000000000000e+00
9.677432815890502082e-01	9.847270906359539833e-01	9.668669671173426572e-01	3.333333333333333148e-01	3.333333333333333148e-01	3.466666666666666785e-01
9.515126788852623640e-01	9.291677127793120938e-01	9.662314838061762945e-01	7.049999999999999600e-01	6.850000000000000533e-01	7.249999999999999778e-01
7.751409183929918179e-01	7.389150181309015464e-01	8.459052884787994220e-01	5.714285714285713969e-01	5.714285714285713969e-01	5.600000000000000533e-01
5.967202141900936896e-01	5.854668674698795261e-01	7.868418116912092586e-01	1.222222222222222182e-01	1.799999999999999933e-01	1.022222222222222282e-01
5.306209313970956520e-01	6.640460691036554897e-01	4.487230846269404383e-01	0.000000000000000000e+00	0.000000000000000000e+00	0.000000000000000000e+00
5.237577719049625324e-01	6.524761576467884572e-01	4.546676114239023847e-01	5.679012345679012100e-03	8.888888888888888881e-03	1.604938271604938391e-02
5.937418513689700639e-01	7.048891786179921626e-01	2.127770534550195436e-01	0.000000000000000000e+00	0.000000000000000000e+00	0.000000000000000000e+00
8.412459181110273354e-01	7.190781210751067132e-01	5.103491585028887556e-01	0.000000000000000000e+00	0.000000000000000000e+00	0.000000000000000000e+00
8.894419306184011553e-01	9.302707262826903634e-01	9.319630851036633246e-01	3.490196078431372362e-01	3.894117647058823461e-01	7.207843137254902333e-01
9.018127160138248444e-01	8.857646889400921930e-01	8.935231854838709964e-01	3.499999999999999778e-01	3.514285714285714235e-01	4.342857142857142749e-01
3.638539765319426245e-01	4.594159061277705569e-01	3.293663624511082300e-01	0.000000000000000000e+00	0.000000000000000000e+00	0.000000000000000000e+00
6.269384910263111621e-01	4.164488586861822550e-01	7.155427774873671654e-01	0.000000000000000000e+00	0.000000000000000000e+00	0.000000000000000000e+00
7.218343949044585539e-01	7.612010919017287991e-01	7.700527752502275280e-01	2.262857142857142845e-01	2.439999999999999947e-01	3.068571428571428839e-01
8.127679038159958402e-01	6.877722599756055377e-01	7.609600975779752252e-01	1.353333333333333333e-01	1.233333333333333365e-01	1.000000000000000056e-01
4.841030789825970793e-01	5.300647032574743456e-01	8.316878625613565168e-01	1.755555555555555480e-01	1.933333333333333293e-01	1.822222222222222299e-01
6.366457023060796416e-01	6.324790356394129898e-01	6.302725366876310575e-01	0.000000000000000000e+00	0.000000000000000000e+00	0.000000000000000000e+00
7.257515030060119887e-01	7.176102204408817409e-01	5.694388777555110526e-01	0.000000000000000000e+00	0.000000000000000000e+00	0.000000000000000000e+00
6.749168797953963850e-01	6.400671355498721571e-01	7.848593350383631373e-01	1.450000000000000074e-02	1.600000000000000033e-02	2.299999999999999961e-02
8.171717171717172157e-01	7.366582491582491787e-01	7.308663558663558435e-01	1.728205128205128338e-01	1.707692307692307565e-01	2.246153846153846056e-01
8.016012848633035093e-01	8.350053336209892763e-01	6.381527692879316316e-01	3.076190476190476253e-01	3.333333333333333148e-01	3.838095238095238226e-01
6.153299916457811713e-01	5.755639097744360555e-01	5.648287385129490135e-01	3.333333333333333148e-01	3.333333333333333148e-01	2.999999999999999889e-01
6.131384576865297475e-01	5.118928392588882881e-01	6.014021031547320817e-01	0.000000000000000000e+00	0.000000000000000000e+00	0.000000000000000000e+00
9.979743857814949992e-01	9.983010977522216445e-01	9.994772608468374120e-01	8.399999999999999689e-01	8.699999999999999956e-01	9.599999999999999645e-01
7.350181977911646181e-01	6.533791415662650870e-01	6.992344377510040232e-01	1.424999999999999878e-01	1.250000000000000000e-01	0.000000000000000000e+00
7.242665496489468779e-01	7.509089769307923934e-01	7.273069207622868682e-01	4.949999999999999956e-01	5.000000000000000000e-01	2.149999999999999967e-01
9.986845402154848061e-01	9.992483086945627146e-01	1.000000000000000000e+00	8.900000000000000133e-01	9.399999999999999467e-01	1.000000000000000000e+00
9.994576554025865756e-01	9.993324989570295802e-01	9.981643721318314011e-01	9.533333333333333659e-01	9.466666666666666563e-01	8.533333333333333881e-01
7.935159421612005826e-01	8.720407790904529666e-01	8.825206404232996960e-01	3.599999999999999867e-01	4.254545454545454741e-01	4.672727272727272840e-01
7.186481063456232610e-01	7.353064125073154322e-01	8.415266282083437854e-01	3.133333333333333526e-01	3.266666666666666607e-01	3.133333333333333526e-01
8.150233566900233484e-01	8.034701368034701252e-01	7.103770437103770208e-01	2.399999999999999911e-01	2.600000000000000089e-01	1.666666666666666574e-01
6.016767617077855013e-01	7.156891712217462453e-01	5.885285862018023728e-01	0.000000000000000000e+00	0.000000000000000000e+00	0.000000000000000000e+00
7.472839818089944686e-01	8.132895401718039929e-01	8.068468923698838280e-01	0.000000000000000000e+00	0.000000000000000000e+00	0.000000000000000000e+00
8.008666207529844261e-01	7.294536271808998995e-01	6.969467401285582842e-01	6.090909090909090579e-02	4.909090909090908783e-02	6.636363636363636076e-02
7.341120321527254688e-01	7.994222557146445363e-01	4.748555639286611285e-01	2.000000000000000111e-01	2.000000000000000111e-01	1.880000000000000004e-01
5.242864296444667005e-01	5.942038057085627933e-01	2.138207310966449559e-01	0.000000000000000000e+00	0.000000000000000000e+00	0.000000000000000000e+00
5.224815297696653316e-01	6.232942199043893794e-01	4.231638418079096131e-01	2.666666666666666838e-02	4.399999999999999745e-02	2.933333333333333279e-02
7.273594923594923767e-01	6.627700077700077186e-01	6.810049210049210489e-01	6.242424242424242375e-02	5.818181818181818177e-02	3.474747474747474918e-02
6.280434236947791682e-01	5.159858182730924225e-01	5.485692771084337283e-01	4.000000000000000083e-02	0.000000000000000000e+00	0.000000000000000000e+00
7.753786927776382676e-01	9.302870533099003580e-01	7.949619214997071248e-01	3.333333333333333148e-01	3.333333333333333148e-01	3.333333333333333148e-01
4.704762121972357880e-01	6.574031838708206399e-01	2.368060940564703787e-01	0.000000000000000000e+00	0.000000000000000000e+00	0.000000000000000000e+00
6.906616415410384846e-01	7.121021775544388310e-01	7.848408710217755768e-01	3.133333333333333526e-01	3.200000000000000067e-01	3.133333333333333526e-01
7.858343989769821514e-01	7.785837595907928455e-01	8.194948849104859434e-01	2.474999999999999978e-01	2.515000000000000013e-01	3.699999999999999956e-01
1.000000000000000000e+00	1.000000000000000000e+00	9.998747181157604524e-01	1.000000000000000000e+00	1.000000000000000000e+00	9.899999999999999911e-01
6.718946639818776934e-01	6.917395544928265361e-01	6.237729675308331112e-01	6.250000000000000000e-02	7.249999999999999500e-02	5.999999999999999778e-02
4.413808212318477975e-01	5.964258888332498731e-01	4.359038557836755201e-01	2.500000000000000000e-01	2.500000000000000000e-01	1.900000000000000022e-01
4.240490490490490538e-01	3.685352018685352227e-01	4.059893226559893042e-01	0.000000000000000000e+00	0.000000000000000000e+00	0.000000000000000000e+00
5.068391797746693017e-01	6.334362923855657579e-01	4.781983072987536221e-01	0.000000000000000000e+00	7.368421052631578781e-03	0.000000000000000000e+00
1.000000000000000000e+00	1.000000000000000000e+00	1.000000000000000000e+00	1.000000000000000000e+00	1.000000000000000000e+00	1.000000000000000000e+00
8.784304756926293312e-01	7.689166231050705846e-01	8.333442237323575030e-01	1.150000000000000050e-01	8.749999999999999445e-02	2.750000000000000014e-02
7.177342376287364489e-01	7.930168299422255540e-01	4.687264506405425801e-01	1.759999999999999898e-01	1.799999999999999933e-01	1.880000000000000004e-01
9.813012560988269017e-01	9.706607495069033975e-01	9.788422609778885120e-01	7.958974358974358898e-01	7.758974358974358720e-01	8.251282051282051722e-01
8.204622132253711619e-01	6.925101214574899133e-01	5.758771929824560987e-01	6.266666666666666219e-02	4.399999999999999745e-02	3.599999999999999728e-02
7.606351981351980873e-01	6.556947681947682405e-01	7.218078218078217700e-01	5.743589743589743585e-02	5.641025641025641107e-02	2.615384615384615252e-02
9.992864424057084083e-01	9.996432212028542041e-01	1.000000000000000000e+00	9.360000000000000542e-01	9.719999999999999751e-01	1.000000000000000000e+00
5.844639865996650308e-01	5.778475711892797628e-01	8.014237855946398925e-01	3.333333333333333148e-01	3.333333333333333148e-01	3.066666666666666430e-01
7.913618925831201745e-01	7.823241687979539671e-01	8.436253196930946219e-01	2.434999999999999942e-01	2.590000000000000080e-01	3.719999999999999973e-01
8.473614941087992403e-01	9.049730508899473946e-01	7.192905490097768473e-01	2.099999999999999922e-01	2.924999999999999822e-01	2.474999999999999978e-01
9.781656656656656512e-01	9.944944944944944520e-01	9.908658658658658913e-01	2.500000000000000000e-01	5.600000000000000533e-01	4.899999999999999911e-01
5.742290288130181830e-01	5.545212326731038255e-01	5.986655950323142017e-01	8.347826086956522396e-02	1.008695652173913077e-01	1.095652173913043426e-01
7.530264672036823814e-01	6.773110855389335994e-01	8.037514384349827568e-01	8.303030303030302373e-02	8.121212121212120771e-02	7.272727272727272374e-02
9.486660438077442192e-01	9.275894062078272606e-01	9.473100280286514963e-01	8.389743589743590135e-01	8.292307692307692157e-01	8.205128205128204844e-01
7.904987212276214370e-01	7.814929667519181500e-01	8.331841432225064459e-01	2.510000000000000009e-01	2.575000000000000067e-01	3.509999999999999787e-01
5.813613576539993222e-01	4.596764593060938542e-01	8.216161161889392606e-01	0.000000000000000000e+00	0.000000000000000000e+00	0.000000000000000000e+00
9.859198998748435194e-01	9.846683354192741211e-01	9.837922403003754868e-01	4.650000000000000244e-01	5.350000000000000311e-01	5.450000000000000400e-01
6.424240218380345979e-01	6.875814376706096409e-01	7.581364877161055338e-01	7.028571428571428470e-02	8.685714285714285499e-02	1.228571428571428592e-01
6.311516731855715268e-01	7.206996957844415963e-01	8.182442416340721669e-01	8.666666666666666963e-02	1.093333333333333379e-01	2.540000000000000036e-01
7.888915350215659483e-01	7.498676933661453381e-01	8.003360588499907058e-01	0.000000000000000000e+00	0.000000000000000000e+00	0.000000000000000000e+00
8.134180587557603426e-01	7.734420002880184608e-01	9.078701036866358987e-01	1.957142857142857018e-01	2.007142857142857062e-01	1.600000000000000033e-01
6.794710327455919519e-01	6.054911838790931755e-01	8.816120906801007129e-01	3.280000000000000138e-01	3.160000000000000031e-01	3.960000000000000187e-01
6.074985354422963724e-01	7.511088794041342886e-01	8.389823416185454574e-01	0.000000000000000000e+00	0.000000000000000000e+00	1.333333333333333419e-02
5.073094282848545911e-01	4.164744232698094351e-01	5.568956870611835308e-01	0.000000000000000000e+00	0.000000000000000000e+00	0.000000000000000000e+00
8.341138659320477267e-01	7.543388429752065916e-01	7.047291092745637808e-01	2.990909090909090740e-01	3.036363636363636487e-01	3.690909090909090806e-01
5.332623402655976008e-01	5.573791029817088960e-01	8.323728388874969131e-01	0.000000000000000000e+00	1.799999999999999933e-01	0.000000000000000000e+00
6.961214636287458291e-01	7.129138236037402265e-01	5.225649415426359967e-01	4.315789473684210342e-02	6.526315789473684237e-02	0.000000000000000000e+00
6.384658947898314008e-01	6.627627107978857346e-01	5.737163352630254565e-01	6.250000000000000000e-02	6.250000000000000000e-02	5.500000000000000028e-02
6.302109492717227202e-01	5.789086604003731429e-01	4.504197459998565134e-01	0.000000000000000000e+00	0.000000000000000000e+00	0.000000000000000000e+00
8.754071661237784463e-01	8.299716027729057144e-01	8.834043264010690288e-01	4.733333333333333282e-01	4.766666666666666829e-01	3.933333333333333126e-01
9.139736297828334743e-01	9.578593588417787519e-01	5.979834539813857486e-01	5.000000000000000000e-01	5.000000000000000000e-01	5.000000000000000000e-01
4.320603944988855027e-01	5.155191992261428657e-01	4.043150944189763396e-01	3.225806451612903223e-03	2.064516129032258063e-02	9.677419354838710103e-03
6.055639286611403937e-01	3.948128610901783242e-01	5.953278070836473534e-02	0.000000000000000000e+00	0.000000000000000000e+00	0.000000000000000000e+00
5.416666666666666297e-01	6.897396889790399221e-01	4.197092630155510595e-01	0.000000000000000000e+00	0.000000000000000000e+00	0.000000000000000000e+00
7.813568154994559034e-01	7.208925369016415674e-01	7.351742002728345327e-01	9.575757575757576356e-02	9.090909090909091161e-02	6.848484848484848175e-02
6.456233645648687958e-01	5.689541656115472135e-01	5.187980079344981510e-01	0.000000000000000000e+00	0.000000000000000000e+00	0.000000000000000000e+00
7.266524787180771439e-01	8.131572358537806355e-01	5.143965948923384657e-01	0.000000000000000000e+00	1.400000000000000133e-01	2.600000000000000089e-01
6.220915686765073893e-01	6.139604703527645757e-01	3.313735301476107287e-01	0.000000000000000000e+00	0.000000000000000000e+00	0.000000000000000000e+00
6.085359306695298232e-01	6.974640182018048140e-01	8.613186082777308794e-01	7.215686274509804099e-02	1.227450980392156832e-01	3.168627450980391891e-01
7.274880773092369246e-01	6.482806224899598790e-01	7.191892570281124275e-01	1.650000000000000078e-01	1.049999999999999961e-01	7.749999999999999944e-02
4.870333249812077159e-01	4.600977198697068227e-01	1.375595088950137823e-01	0.000000000000000000e+00	0.000000000000000000e+00	0.000000000000000000e+00
9.350639578630549620e-01	9.383370955605718766e-01	8.416603962879357637e-01	6.999999999999999556e-01	6.999999999999999556e-01	6.999999999999999556e-01
8.413165748393021115e-01	7.845672635445363197e-01	7.410353535353535470e-01	3.581818181818181568e-01	3.599999999999999867e-01	3.872727272727272685e-01
5.839200347674924352e-01	6.830204259017818025e-01	7.230247718383311373e-01	0.000000000000000000e+00	0.000000000000000000e+00	4.666666666666667053e-03
7.606293899583767004e-01	7.156729643600415747e-01	8.973156217481790264e-01	8.774193548387096420e-02	7.612903225806451346e-02	1.625806451612903103e-01
8.623252509818113420e-01	7.869033736780730592e-01	7.656721219188548089e-01	7.692307692307692735e-02	5.384615384615384914e-02	4.051282051282051322e-02
9.169118387909319656e-01	8.719345088161208901e-01	9.539042821158689733e-01	6.887999999999999678e-01	6.792000000000000259e-01	7.176000000000000156e-01
8.123435152729093778e-01	8.766900350525789198e-01	7.130070105157736426e-01	2.500000000000000000e-01	2.600000000000000089e-01	2.300000000000000100e-01
4.993734731699098761e-01	5.389131075730771991e-01	3.975760256086260380e-01	0.000000000000000000e+00	0.000000000000000000e+00	0.000000000000000000e+00
4.358419656392117369e-01	6.014453848745157094e-01	3.264906518443658201e-01	0.000000000000000000e+00	0.000000000000000000e+00	0.000000000000000000e+00
8.221376512404409143e-01	7.536172046099163246e-01	7.669191828528345578e-01	1.428571428571428492e-01	1.428571428571428492e-01	5.714285714285714107e-02
7.002386934673366925e-01	6.206532663316582932e-01	4.363819095477387000e-01	5.000000000000000278e-02	4.599999999999999922e-02	0.000000000000000000e+00
7.188805346700083421e-01	6.863826232247285386e-01	6.588972431077694258e-01	3.133333333333333526e-01	2.666666666666666630e-01	8.000000000000000167e-02
5.792671964330660117e-01	6.090216101542554883e-01	5.806515407572543364e-01	4.285714285714285754e-02	9.857142857142857373e-02	1.271428571428571408e-01
8.460743801652892415e-01	7.894111570247933640e-01	7.571625344352617137e-01	4.118181818181818055e-01	3.754545454545454297e-01	3.972727272727272774e-01
7.635331358540976554e-01	7.015304640762037858e-01	7.850380437939246114e-01	5.111111111111111410e-02	6.222222222222222043e-02	0.000000000000000000e+00
8.802259887005650096e-01	9.248587570621469300e-01	8.998522381573228479e-01	4.593333333333333157e-01	4.979999999999999982e-01	7.059999999999999609e-01
8.037162444611654077e-01	8.108644762143633056e-01	8.471281665412591089e-01	4.966666666666666452e-01	5.066666666666667096e-01	6.566666666666666208e-01
7.170377783337502642e-01	8.854766074555916466e-01	5.420315236427319938e-01	1.700000000000000122e-01	2.300000000000000100e-01	0.000000000000000000e+00
8.899457655402586154e-01	9.181059657905715765e-01	9.241551939924905756e-01	5.666666666666666519e-01	6.066666666666666874e-01	5.333333333333333259e-01
7.211247086247086768e-01	6.317566692566692899e-01	6.858844858844859171e-01	2.564102564102564014e-02	2.358974358974359059e-02	1.641025641025641024e-02
5.722703825763003627e-01	5.885155466399197843e-01	4.343745522281128868e-01	9.714285714285714191e-02	1.199999999999999956e-01	0.000000000000000000e+00
1.000000000000000000e+00	1.000000000000000000e+00	1.000000000000000000e+00	1.000000000000000000e+00	1.000000000000000000e+00	1.000000000000000000e+00
6.557099924868520224e-01	5.948534936138242246e-01	7.678437265214124174e-01	5.000000000000000000e-01	5.000000000000000000e-01	5.000000000000000000e-01
9.116623711340205993e-01	9.218427835051545838e-01	6.470360824742268369e-01	5.000000000000000000e-01	5.000000000000000000e-01	4.500000000000000111e-01
1.000000000000000000e+00	1.000000000000000000e+00	9.964964964964965199e-01	1.000000000000000000e+00	1.000000000000000000e+00	7.199999999999999734e-01
6.724622409553916436e-01	6.034685634000702681e-01	6.291605198454514047e-01	4.054794520547945480e-02	4.109589041095890183e-02	1.123287671232876643e-02
9.686505928282244104e-01	9.512904858299595645e-01	8.648423944476576475e-01	6.242857142857143327e-01	5.899999999999999689e-01	5.714285714285713969e-01
7.330107072414764335e-01	6.676303183995491164e-01	7.177148492533107493e-01	4.131868131868132038e-02	3.010989010989011117e-02	1.912087912087911956e-02
3.246184638478858964e-01	2.995371528646484927e-01	2.648236177132849423e-01	0.000000000000000000e+00	0.000000000000000000e+00	0.000000000000000000e+00
8.669497971602434516e-01	9.122189824205544362e-01	1.000000000000000000e+00	5.733333333333333615e-01	6.700000000000000400e-01	1.000000000000000000e+00
9.987785016286645501e-01	9.994988724630418098e-01	1.000000000000000000e+00	8.950000000000000178e-01	9.599999999999999645e-01	1.000000000000000000e+00
7.121516444890786390e-01	7.560427270444844972e-01	5.691461438385867488e-01	2.690909090909091028e-01	2.690909090909091028e-01	2.399999999999999911e-01
6.587764400969818857e-01	6.887070479056934813e-01	4.739570270044310418e-01	7.166666666666667018e-02	9.166666666666666019e-02	0.000000000000000000e+00
9.271955650212979627e-01	8.601854171886744727e-01	9.423390127787522053e-01	3.300000000000000155e-01	2.849999999999999756e-01	1.774999999999999911e-01
4.860576750206752616e-01	5.172234008126280758e-01	4.951817626119161542e-01	1.414285714285714313e-01	1.428571428571428492e-01	2.142857142857142738e-01
7.408945586760280477e-01	7.576636158475426042e-01	4.696903209628886522e-01	2.474999999999999978e-01	2.474999999999999978e-01	1.199999999999999956e-01
9.990729140566274591e-01	9.993735905788022622e-01	1.000000000000000000e+00	9.280000000000000471e-01	9.519999999999999574e-01	1.000000000000000000e+00
3.842082184916061349e-01	4.521109997494362487e-01	5.974693059383613392e-01	2.500000000000000000e-01	2.500000000000000000e-01	2.399999999999999911e-01
8.915563210966376273e-01	7.882082750206337307e-01	6.261886819535651405e-01	0.000000000000000000e+00	0.000000000000000000e+00	0.000000000000000000e+00
7.870305620305619865e-01	7.157018907018907194e-01	7.405723905723905487e-01	6.102564102564102255e-02	4.153846153846153799e-02	4.769230769230769357e-02
7.829556835252878821e-01	7.482473710565848979e-01	8.616049073610415610e-01	2.099999999999999922e-01	1.950000000000000067e-01	2.049999999999999878e-01
7.930247718383311994e-01	8.546936114732724965e-01	1.807040417209908600e-01	0.000000000000000000e+00	0.000000000000000000e+00	0.000000000000000000e+00
6.899144676979072077e-01	7.187151956323930557e-01	7.805277525022747964e-01	3.028571428571428803e-01	3.188571428571428390e-01	3.645714285714285463e-01
1.000000000000000000e+00	1.000000000000000000e+00	9.996243425995492426e-01	1.000000000000000000e+00	1.000000000000000000e+00	9.699999999999999734e-01
1.000000000000000000e+00	1.000000000000000000e+00	9.998748435544430047e-01	1.000000000000000000e+00	1.000000000000000000e+00	9.899999999999999911e-01
9.747689852150537293e-01	9.700226814516128560e-01	9.713541666666666297e-01	6.586666666666666226e-01	6.346666666666667123e-01	7.286666666666666847e-01
4.534381262525050138e-01	5.466871242484969695e-01	1.231838677354709366e-01	0.000000000000000000e+00	0.000000000000000000e+00	0.000000000000000000e+00
9.803921568627450567e-01	9.843137254901960231e-01	9.685440133500208271e-01	5.733333333333333615e-01	6.066666666666666874e-01	4.133333333333333304e-01
6.739298553632639965e-01	5.868969985787141352e-01	6.051333500543433219e-01	4.333333333333333481e-02	2.333333333333333440e-02	0.000000000000000000e+00
7.886912219159776249e-01	9.070826025223419631e-01	6.860435980957153568e-01	6.666666666666666297e-01	6.666666666666666297e-01	6.666666666666666297e-01
3.783783783783783994e-01	4.930555555555555802e-01	2.127127127127127204e-01	0.000000000000000000e+00	0.000000000000000000e+00	0.000000000000000000e+00
5.447391977965226895e-01	6.061783439490445735e-01	7.104493028059907234e-01	1.891891891891891997e-02	3.324324324324324370e-02	4.459459459459459707e-02
5.516853034079247653e-01	5.512521491117005068e-01	5.020324932361290848e-01	0.000000000000000000e+00	0.000000000000000000e+00	0.000000000000000000e+00
8.498376781166773197e-01	7.360957213117941267e-01	8.683734764098676173e-01	1.538461538461538547e-01	1.538461538461538547e-01	1.769230769230769329e-01
8.962823725981621248e-01	8.659008632692842822e-01	6.177944862155388961e-01	1.022222222222222282e-01	9.777777777777778290e-02	1.044444444444444509e-01
6.895571095571095821e-01	6.205710955710955767e-01	6.540714840714840772e-01	4.202020202020202017e-02	3.777777777777777818e-02	3.737373737373737154e-02
9.621896162528216223e-01	9.628166541259092215e-01	9.071147897332998422e-01	5.300000000000000266e-01	5.100000000000000089e-01	7.333333333333332815e-01
8.815899232565899135e-01	9.045712379045712792e-01	7.960460460460460075e-01	0.000000000000000000e+00	2.666666666666666838e-02	0.000000000000000000e+00
6.380813143971039159e-01	5.560985797827903143e-01	4.307992202729044595e-01	0.000000000000000000e+00	0.000000000000000000e+00	0.000000000000000000e+00
4.959939909864797269e-01	5.660991487230846442e-01	2.088132198297446285e-01	0.000000000000000000e+00	0.000000000000000000e+00	0.000000000000000000e+00
7.388888888888889284e-01	7.250911896745230178e-01	5.429012345679011808e-01	1.444444444444444378e-02	1.777777777777777776e-02	0.000000000000000000e+00
4.390688163956002477e-01	6.324386575162169732e-01	3.784784243677728477e-01	3.636363636363636360e-03	3.272727272727272985e-02	5.363636363636363480e-02
5.619177138922362147e-01	6.163229471509725776e-01	7.233671888448958143e-01	4.054054054054054279e-02	4.297297297297297120e-02	9.027027027027026418e-02
5.113799056762674544e-01	6.632032171130199938e-01	4.240357082701701197e-01	3.333333333333333287e-02	4.250000000000000305e-02	2.999999999999999889e-02
7.592089111895943265e-01	6.487746575932465953e-01	9.160511241278318506e-01	2.851063829787233925e-02	7.659574468085105989e-03	8.297872340425531401e-02
8.140497511307075440e-01	7.050700015909452389e-01	7.140389554308052000e-01	7.391304347826086960e-03	0.000000000000000000e+00	8.695652173913043801e-04
6.930378161783120605e-01	6.809166040570999723e-01	4.545955421988479572e-01	0.000000000000000000e+00	0.000000000000000000e+00	0.000000000000000000e+00
6.600478053020425451e-01	7.688179052585831785e-01	7.920990873533246823e-01	7.266666666666667107e-02	6.933333333333333015e-02	1.646666666666666556e-01
8.942203290737492649e-01	9.284222834711434169e-01	8.228514156852918537e-01	1.866666666666666752e-01	2.866666666666666807e-01	4.666666666666666879e-02
8.024610455803116160e-01	7.993392311052861521e-01	8.122906655016747246e-01	2.142857142857142738e-01	2.142857142857142738e-01	2.042857142857142927e-01
9.034793814432989789e-01	8.882302405498281317e-01	5.819587628865979800e-01	0.000000000000000000e+00	0.000000000000000000e+00	0.000000000000000000e+00
6.797039386730108212e-01	6.152920962199313060e-01	6.365027755749405047e-01	5.175257731958762819e-02	4.742268041237113207e-02	4.288659793814433158e-02
7.434994128501929422e-01	8.829055527596041397e-01	8.329139406139909330e-01	0.000000000000000000e+00	1.933333333333333293e-01	1.933333333333333293e-01
8.735834802316796432e-01	8.413340468395870131e-01	5.244585746663309456e-01	0.000000000000000000e+00	0.000000000000000000e+00	0.000000000000000000e+00
5.457309428284854436e-01	4.195868856569708871e-01	5.892051153460381441e-01	0.000000000000000000e+00	0.000000000000000000e+00	0.000000000000000000e+00
6.464126839283677040e-01	6.858674575111212146e-01	5.407322915478498526e-01	8.727272727272727959e-02	8.545454545454544970e-02	8.545454545454544970e-02
8.676507380535402048e-01	9.229422066549912707e-01	7.844633475106329579e-01	5.000000000000000000e-01	5.000000000000000000e-01	3.900000000000000133e-01
5.066338134950719718e-01	5.460312947519164739e-01	4.337882234015668637e-01	0.000000000000000000e+00	0.000000000000000000e+00	0.000000000000000000e+00
7.656367275456592569e-01	7.975356517388041411e-01	4.759819864898673925e-01	0.000000000000000000e+00	0.000000000000000000e+00	0.000000000000000000e+00
7.936058174523570319e-01	8.482447342026078196e-01	7.656469408224674256e-01	2.000000000000000111e-01	2.000000000000000111e-01	1.640000000000000069e-01
8.549545037148342796e-01	8.312046080641122270e-01	4.024960347274396666e-01	0.000000000000000000e+00	0.000000000000000000e+00	0.000000000000000000e+00
8.343033048730905676e-01	7.201022245455073190e-01	8.011267932857060181e-01	9.244444444444444020e-02	6.577777777777778223e-02	6.088888888888888823e-02
7.979474229474229352e-01	7.314232064232064623e-01	7.313908313908313863e-01	1.015384615384615358e-01	8.820512820512819985e-02	4.256410256410256276e-02
8.970683921341816580e-01	8.437951850780798235e-01	8.125180740312318850e-01	5.714285714285713969e-01	5.714285714285713969e-01	5.714285714285713969e-01
7.192296725752032049e-01	5.975977759825119584e-01	7.310982274390533941e-01	9.090909090909091161e-02	9.090909090909091161e-02	6.727272727272727570e-02
9.973582474226804218e-01	9.980670103092783574e-01	9.720360824742267924e-01	7.800000000000000266e-01	8.499999999999999778e-01	0.000000000000000000e+00
8.691077441077441623e-01	8.187548562548562225e-01	7.915371665371665477e-01	3.841025641025641035e-01	3.723076923076922840e-01	3.887179487179487358e-01
3.151749674750642383e-01	5.572230376622077097e-01	3.627447709910931462e-01	0.000000000000000000e+00	0.000000000000000000e+00	0.000000000000000000e+00
4.760711601102480817e-01	5.061388123277373863e-01	5.367075920821848811e-01	0.000000000000000000e+00	0.000000000000000000e+00	0.000000000000000000e+00
8.496602195504443511e-01	7.353633037114479798e-01	7.418714061683220340e-01	0.000000000000000000e+00	0.000000000000000000e+00	0.000000000000000000e+00
9.126771907216494339e-01	9.479300902061855716e-01	9.997422680412371143e-01	4.062500000000000000e-01	5.487499999999999600e-01	9.799999999999999822e-01
5.900389242745930352e-01	6.538198867657466495e-01	7.471762208067940225e-01	5.194444444444444586e-02	6.277777777777777957e-02	1.263888888888888840e-01
8.340372982066792673e-01	7.262590829366073475e-01	8.394602140530479373e-01	1.400000000000000133e-01	1.400000000000000133e-01	1.314285714285714224e-01
6.808851422550052934e-01	6.141025641025641413e-01	6.709272918861960422e-01	4.410958904109588824e-02	4.191780821917807931e-02	3.643835616438356045e-02
7.343394502256536116e-01	7.472818992204691702e-01	5.894781992465778497e-01	0.000000000000000000e+00	6.666666666666667095e-03	0.000000000000000000e+00
8.116178067318132738e-01	7.576004343105320338e-01	8.822767894429132118e-01	4.733333333333333282e-01	4.766666666666666829e-01	4.899999999999999911e-01
6.855564721494924463e-01	6.917255478641368693e-01	5.723969728488934594e-01	1.428571428571428492e-01	1.428571428571428492e-01	1.371428571428571497e-01
7.089426523297490679e-01	6.446856906534326193e-01	6.869175627240143855e-01	5.999999999999999778e-02	5.612903225806451651e-02	5.870967741935483736e-02
5.368678017025538818e-01	6.485665998998497717e-01	3.965322984476715162e-01	2.500000000000000000e-01	2.500000000000000000e-01	1.549999999999999989e-01
9.997494362315209049e-01	9.997494362315209049e-01	1.000000000000000000e+00	9.799999999999999822e-01	9.799999999999999822e-01	1.000000000000000000e+00
6.287756637643771018e-01	6.329678598301623493e-01	4.311870722705937187e-01	0.000000000000000000e+00	0.000000000000000000e+00	0.000000000000000000e+00
9.704142011834319126e-01	9.548135316100903047e-01	9.407116163189037650e-01	7.928205128205128016e-01	7.917948717948718462e-01	8.199999999999999512e-01
6.459584584584584510e-01	6.066066066066065909e-01	6.031031031031031109e-01	5.000000000000000000e-01	5.000000000000000000e-01	2.399999999999999911e-01
6.685330474843771409e-01	8.048624732016603778e-01	6.016740409615471963e-01	0.000000000000000000e+00	0.000000000000000000e+00	0.000000000000000000e+00
8.967050864445000879e-01	8.250438486594838805e-01	9.728138311200200672e-01	7.500000000000000000e-01	7.500000000000000000e-01	5.999999999999999778e-01
9.108848667672196919e-01	8.861376459415675200e-01	9.192782526115859110e-01	2.688888888888888995e-01	1.533333333333333215e-01	1.177777777777777729e-01
6.363040994342724632e-01	6.591143438397012444e-01	5.432934815929548744e-01	2.222222222222222099e-01	2.688888888888888995e-01	1.600000000000000033e-01
7.992028227914270699e-01	7.116701515943544276e-01	6.860951385258755586e-01	7.799999999999999989e-02	6.800000000000000488e-02	2.000000000000000042e-02
7.009561060408517896e-01	8.006247283789656999e-01	8.413298565840938714e-01	1.537499999999999978e-01	1.925000000000000044e-01	4.087500000000000022e-01
7.142160957950431932e-01	5.919381787802840966e-01	6.166527429685324524e-01	1.111111111111111049e-01	1.111111111111111049e-01	0.000000000000000000e+00
6.761917844060700844e-01	5.970120355834641623e-01	6.816745159602302095e-01	7.714285714285713802e-02	7.326530612244898377e-02	8.142857142857143349e-02
4.810922596437916532e-01	4.816324807968261901e-01	5.263948678990462149e-01	5.199999999999999761e-02	5.199999999999999761e-02	2.800000000000000058e-02
9.984935977906100879e-01	9.978031634446397069e-01	9.933467235751946012e-01	8.800000000000000044e-01	8.249999999999999556e-01	6.550000000000000266e-01
8.243937287611986520e-01	7.802845999382144182e-01	5.621331479765214745e-01	6.307692307692307210e-02	4.153846153846153799e-02	1.538461538461538547e-02
9.489557226399332190e-01	9.785296574770259159e-01	9.287385129490393076e-01	2.399999999999999911e-01	3.133333333333333526e-01	2.200000000000000011e-01
9.023147484102753690e-01	8.215341953022013977e-01	9.053610092275747867e-01	3.529729729729729759e-01	3.378378378378378288e-01	3.821621621621621445e-01
5.742723864880802109e-01	6.134224159716957780e-01	4.601865891668772690e-01	5.750000000000000250e-02	6.916666666666666796e-02	7.166666666666667018e-02
7.039451688398529194e-01	5.543435863144990927e-01	7.081522344812214431e-01	2.177777777777777646e-01	2.177777777777777646e-01	2.044444444444444564e-01
4.903846153846153633e-01	5.604015284389877172e-01	5.177900275620145321e-01	2.500000000000000000e-01	2.500000000000000000e-01	2.449999999999999956e-01
7.731423567675757003e-01	7.967225419064297709e-01	9.111833875406555316e-01	5.000000000000000000e-01	5.000000000000000000e-01	4.400000000000000022e-01
8.242289597490851660e-01	7.164532148457919414e-01	6.989545216936748906e-01	6.666666666666666574e-02	6.666666666666666574e-02	5.399999999999999939e-02
3.221773056312869921e-01	5.413944251198645752e-01	2.579909748989376861e-01	0.000000000000000000e+00	0.000000000000000000e+00	0.000000000000000000e+00
8.394341027550260570e-01	7.628965003723008342e-01	8.268056589724497307e-01	1.764705882352941291e-01	1.764705882352941291e-01	1.764705882352941291e-01
7.304535193925713044e-01	7.644617734911188789e-01	4.212554438288072522e-01	9.090909090909091161e-02	9.090909090909091161e-02	5.999999999999999778e-02
9.111586901763224500e-01	8.532493702770780342e-01	9.176322418136020342e-01	8.000000000000000444e-01	8.000000000000000444e-01	8.000000000000000444e-01
3.944218895373424738e-01	5.065719360568383678e-01	2.962699822380106540e-01	0.000000000000000000e+00	7.333333333333333197e-03	0.000000000000000000e+00
6.157117838378783903e-01	6.116462346760069835e-01	4.846134600950712801e-01	0.000000000000000000e+00	0.000000000000000000e+00	0.000000000000000000e+00
7.807158119658119677e-01	7.259896536212325779e-01	5.481612685560054432e-01	1.222222222222222182e-01	7.000000000000000666e-02	7.222222222222221544e-02
7.230711422845691461e-01	7.955410821643286168e-01	4.741482965931863580e-01	0.000000000000000000e+00	0.000000000000000000e+00	0.000000000000000000e+00
7.368842780026990669e-01	7.485239541160594312e-01	6.814271255060728727e-01	6.199999999999999956e-01	6.400000000000000133e-01	4.933333333333333459e-01
5.440015785319652908e-01	5.158211953792064541e-01	5.381179593886775692e-01	0.000000000000000000e+00	0.000000000000000000e+00	0.000000000000000000e+00
7.484848484848485306e-01	6.250000000000000000e-01	5.271464646464646409e-01	0.000000000000000000e+00	0.000000000000000000e+00	0.000000000000000000e+00
4.421466632834306076e-01	5.005824548453322587e-01	2.985974948674771090e-01	0.000000000000000000e+00	0.000000000000000000e+00	0.000000000000000000e+00
9.591478696741854160e-01	9.473684210526315264e-01	8.365914786967418859e-01	5.000000000000000000e-01	5.000000000000000000e-01	3.800000000000000044e-01
8.053351524072810408e-01	7.563458155315405662e-01	7.817111262700606744e-01	5.714285714285713969e-01	5.714285714285713969e-01	5.714285714285713969e-01
4.804672617427747094e-01	5.972146628204429986e-01	4.959485386164480536e-01	6.315789473684210384e-03	2.105263157894736795e-02	1.157894736842105324e-02
4.659807601465650317e-01	5.841089279558773217e-01	4.624873925976993871e-01	1.037037037037037007e-02	1.975308641975308602e-02	1.185185185185185126e-02
6.465729349736379916e-01	6.737049125449828813e-01	4.395849025023014223e-01	5.866666666666666557e-02	6.133333333333332998e-02	4.933333333333333320e-02
9.613490274647299438e-01	9.686117372067785114e-01	8.479004925285916761e-01	4.333333333333333481e-01	5.066666666666667096e-01	6.333333333333333037e-01
7.888071895424836333e-01	8.044414735591206567e-01	6.748960190136660264e-01	2.917647058823529260e-01	2.929411764705882604e-01	2.705882352941176294e-01
8.268604359809571536e-01	8.985216737659734720e-01	8.636933099473815822e-01	5.999999999999999778e-01	5.999999999999999778e-01	5.200000000000000178e-01
8.901534311245995479e-01	8.489153037711459904e-01	8.351936154667566337e-01	3.577777777777777501e-01	3.506666666666666821e-01	3.417777777777777914e-01
6.983246463142218641e-01	5.786597170513775312e-01	7.137751303052867202e-01	0.000000000000000000e+00	0.000000000000000000e+00	0.000000000000000000e+00
6.002512562814070751e-01	6.388190954773869112e-01	2.163316582914572850e-01	0.000000000000000000e+00	0.000000000000000000e+00	0.000000000000000000e+00
9.719789842381786338e-01	9.639729797348011164e-01	8.537653239929947624e-01	4.799999999999999822e-01	4.899999999999999911e-01	0.000000000000000000e+00
8.612084063047285021e-01	8.388166124593444684e-01	5.828121090818113581e-01	0.000000000000000000e+00	0.000000000000000000e+00	0.000000000000000000e+00
8.644126824919201590e-01	8.239579850663100169e-01	6.711802072885322268e-01	4.111111111111110938e-01	4.000000000000000222e-01	2.155555555555555558e-01
8.761577331885748166e-01	8.076420443121958836e-01	8.101451606417627849e-01	1.912820512820512797e-01	1.558974358974359042e-01	1.687179487179487070e-01
7.700027017638658711e-01	8.765776371145161949e-01	8.407310201088424861e-01	1.461538461538461620e-01	2.107692307692307643e-01	2.446153846153846234e-01
6.682364729458918351e-01	6.697394789579158569e-01	3.437875751503006172e-01	0.000000000000000000e+00	0.000000000000000000e+00	0.000000000000000000e+00
7.879767201096841145e-01	7.538683231204006407e-01	6.330339405131648611e-01	2.222222222222222099e-01	2.222222222222222099e-01	2.066666666666666652e-01
7.124181360201511382e-01	6.214861460957178396e-01	9.654408060453401053e-01	4.000000000000000222e-01	4.000000000000000222e-01	3.079999999999999960e-01
9.717489351039839685e-01	9.470057629666750465e-01	9.831495865697820191e-01	7.500000000000000000e-01	7.500000000000000000e-01	6.999999999999999556e-01
7.118903051992440112e-01	5.820197836664120494e-01	7.444810808637258859e-01	6.153846153846154188e-02	4.461538461538461231e-02	3.846153846153846367e-02
7.605807892777364243e-01	6.442665673864482745e-01	7.615040953090096432e-01	5.882352941176470507e-02	5.882352941176470507e-02	3.529411764705882304e-02
7.379286536248561568e-01	6.383045646336785728e-01	8.115228231683927484e-01	2.787878787878787790e-02	1.757575757575757444e-02	5.272727272727272679e-02
6.483963093145870271e-01	6.748681898066783980e-01	5.654971127290986388e-01	1.400000000000000133e-01	1.849999999999999978e-01	7.499999999999999722e-02
6.258149448345035060e-01	6.197498746238716549e-01	3.216838014042126548e-01	0.000000000000000000e+00	0.000000000000000000e+00	0.000000000000000000e+00
6.261073849574979588e-01	6.031347512643018272e-01	5.146874215415515597e-01	0.000000000000000000e+00	0.000000000000000000e+00	0.000000000000000000e+00
6.938159879336349700e-01	5.799396681749623417e-01	4.182001005530417426e-01	0.000000000000000000e+00	0.000000000000000000e+00	0.000000000000000000e+00
8.395510251495614806e-01	7.492855898240111667e-01	7.693849102631120651e-01	1.044444444444444509e-01	8.799999999999999489e-02	7.199999999999999456e-02
6.317842416137300354e-01	4.960436866154017688e-01	5.297559344700768502e-01	0.000000000000000000e+00	0.000000000000000000e+00	0.000000000000000000e+00
9.142031171442935866e-01	9.322272498743087166e-01	9.339617898441427979e-01	7.840000000000000302e-01	8.299999999999999600e-01	9.000000000000000222e-01
5.815815815815815748e-01	4.853603603603603434e-01	4.454454454454454537e-01	0.000000000000000000e+00	0.000000000000000000e+00	0.000000000000000000e+00
7.204959143420681666e-01	6.515736827275289134e-01	6.825049309664694697e-01	5.296703296703296482e-02	4.417582417582417709e-02	4.659340659340659163e-02
8.885544686899088385e-01	9.395117465094892095e-01	8.167377309589499701e-01	3.333333333333333148e-01	3.333333333333333148e-01	3.333333333333333287e-02
7.682102628285356616e-01	7.480600750938672938e-01	4.356278681685439857e-01	0.000000000000000000e+00	0.000000000000000000e+00	0.000000000000000000e+00
5.465749479664366861e-01	6.661408767819041454e-01	4.894329323367324069e-01	1.620253164556962125e-02	3.417721518987341944e-02	1.822784810126582347e-02
6.575656472042014089e-01	5.894871794871794357e-01	6.460210071053444914e-01	2.144578313253012181e-02	2.192771084337349560e-02	1.156626506024096418e-02
5.279658891397039922e-01	5.680823788423486898e-01	3.870913803193712921e-01	0.000000000000000000e+00	0.000000000000000000e+00	0.000000000000000000e+00
2.331812035158891128e-01	3.593644354293441534e-01	2.773833671399594247e-01	0.000000000000000000e+00	0.000000000000000000e+00	0.000000000000000000e+00
8.933741080530070988e-01	8.915222562011553276e-01	9.336221542643561300e-01	4.213333333333333375e-01	4.359999999999999987e-01	3.479999999999999760e-01
5.833751988612576600e-01	6.303692539562923969e-01	5.247843925311898028e-01	3.300000000000000155e-01	3.300000000000000155e-01	2.800000000000000266e-01
5.140899689762150615e-01	7.201694375944635018e-01	5.137121151857449997e-01	0.000000000000000000e+00	2.076923076923076900e-02	5.384615384615384914e-02
8.388276092587950705e-01	7.571655385643853986e-01	8.095596222946436216e-01	3.333333333333333148e-01	3.333333333333333148e-01	7.333333333333333370e-02
7.451410125722052191e-01	7.600917431192660834e-01	7.846585117227319328e-01	2.586666666666666559e-01	2.600000000000000089e-01	2.373333333333333406e-01
4.928678678678678482e-01	5.668585251918585310e-01	3.590256923590257054e-01	0.000000000000000000e+00	0.000000000000000000e+00	0.000000000000000000e+00
5.761164074259910173e-01	6.941670847967887914e-01	6.996487706974410248e-01	2.740000000000000213e-01	2.879999999999999782e-01	2.500000000000000000e-01
8.608677513558614658e-01	8.682102628285356394e-01	8.065081351689612488e-01	8.000000000000000167e-02	1.466666666666666674e-01	0.000000000000000000e+00
8.132290466589862099e-01	7.767047091013824511e-01	8.992385512672811387e-01	8.999999999999999667e-02	7.785714285714286087e-02	1.892857142857142794e-01
5.772498743086977857e-01	4.194821518350930201e-01	4.449472096530919796e-01	0.000000000000000000e+00	0.000000000000000000e+00	0.000000000000000000e+00
9.800651955867603071e-01	9.879638916750250743e-01	9.941491140086927691e-01	2.533333333333333548e-01	3.866666666666666585e-01	5.533333333333333437e-01
9.994220547546235345e-01	9.995904325032765048e-01	1.000000000000000000e+00	9.549999999999999600e-01	9.678571428571428603e-01	1.000000000000000000e+00
8.824254752304147020e-01	8.475122407834101423e-01	8.906250000000000000e-01	2.114285714285714379e-01	2.114285714285714379e-01	4.571428571428571286e-01
5.062499999999999778e-01	5.702963917525772919e-01	3.651288659793814340e-01	0.000000000000000000e+00	1.600000000000000033e-02	0.000000000000000000e+00
4.022892469089546785e-01	4.828287748220307374e-01	6.876283252154364867e-01	6.470588235294117731e-03	6.764705882352940909e-03	3.529411764705882477e-03
8.508211875635534049e-01	8.344652266354419812e-01	8.871845438018056695e-01	1.901204819277108327e-01	1.795180722891566161e-01	4.975903614457831137e-01
7.917607223476298417e-01	7.635283421118636005e-01	8.132681213945321952e-01	3.024999999999999911e-01	3.024999999999999911e-01	2.500000000000000000e-01
8.363314368585452740e-01	8.215919232485497936e-01	8.842592592592593004e-01	5.333333333333333259e-01	5.488888888888888706e-01	6.666666666666666297e-01
8.669774060521577841e-01	8.025352848928384297e-01	8.079514433408839791e-01	1.422222222222222221e-01	9.666666666666666463e-02	7.111111111111111105e-02
2.861146907216494673e-01	4.413337628865979245e-01	2.182345360824742286e-01	0.000000000000000000e+00	0.000000000000000000e+00	0.000000000000000000e+00
6.687567929102917752e-01	6.272468857118970176e-01	6.452637739319454502e-01	0.000000000000000000e+00	0.000000000000000000e+00	0.000000000000000000e+00
8.820811892510005414e-01	8.604345340194397007e-01	8.582046883933676096e-01	6.018181818181818077e-01	6.127272727272726760e-01	6.127272727272726760e-01
5.612264927802673720e-01	7.020974568156573836e-01	4.734478532306867216e-01	5.074074074074073903e-02	6.148148148148148417e-02	5.666666666666666380e-02
6.412421383647798345e-01	6.348427672955975209e-01	7.843553459119496640e-01	1.187499999999999944e-01	1.462499999999999911e-01	1.700000000000000122e-01
9.136020151133501521e-01	8.648362720403022230e-01	9.255415617128462946e-01	8.000000000000000444e-01	8.000000000000000444e-01	7.880000000000000338e-01
1.000000000000000000e+00	1.000000000000000000e+00	9.998329574876806403e-01	1.000000000000000000e+00	1.000000000000000000e+00	9.866666666666666918e-01
9.019889917438078664e-01	9.252564423317488629e-01	7.202902176632474118e-01	4.400000000000000022e-01	4.799999999999999822e-01	0.000000000000000000e+00
6.031631543736410972e-01	6.234633718013045112e-01	3.841779561799631981e-01	0.000000000000000000e+00	2.666666666666666838e-02	0.000000000000000000e+00
8.579683629173390225e-01	7.659719539080434014e-01	7.456817200390918332e-01	3.869565217391304074e-02	2.782608695652174016e-02	2.043478260869565147e-02
8.599913081269013881e-01	9.108735332464146239e-01	9.302477183833115504e-01	2.026666666666666616e-01	2.686666666666666647e-01	6.099999999999999867e-01
4.084247768968554682e-01	5.654084798345397900e-01	3.563713661955647538e-01	0.000000000000000000e+00	0.000000000000000000e+00	2.592592592592592518e-03
5.336628975965296284e-01	5.287909982714391610e-01	5.328371519482092422e-01	0.000000000000000000e+00	0.000000000000000000e+00	0.000000000000000000e+00
4.497549019607843257e-01	6.591446923597025220e-01	1.681879648411088446e-01	0.000000000000000000e+00	0.000000000000000000e+00	0.000000000000000000e+00
7.179909008189262476e-01	7.610882620564148882e-01	7.383585077343038927e-01	3.165714285714285592e-01	3.228571428571428426e-01	3.394285714285714128e-01
7.337580924591957654e-01	7.217561776237804150e-01	6.094875535698003333e-01	2.363636363636363591e-01	2.345454545454545570e-01	1.927272727272727193e-01
9.998748122183275244e-01	9.998748122183275244e-01	9.742113169754631485e-01	9.899999999999999911e-01	9.899999999999999911e-01	0.000000000000000000e+00
5.834601081812035295e-01	7.702417173766058500e-01	3.464334009465855346e-01	0.000000000000000000e+00	0.000000000000000000e+00	0.000000000000000000e+00
6.678325750682438944e-01	7.072429481346679259e-01	7.645059144676978891e-01	3.074285714285714399e-01	3.074285714285714399e-01	3.491428571428571437e-01
9.738709408130895584e-01	9.797145003756574377e-01	8.879706152433425315e-01	6.666666666666666297e-01	6.666666666666666297e-01	6.666666666666666297e-01
8.675828800828800924e-01	8.031339031339030932e-01	8.022209272209271935e-01	2.846153846153846034e-01	2.717948717948717730e-01	2.964102564102564230e-01
5.101497567888467755e-01	6.436860852579570080e-01	4.895151097322762435e-01	0.000000000000000000e+00	1.037037037037037007e-02	0.000000000000000000e+00
7.047271473318198476e-01	6.409250265812236336e-01	8.817753383717923388e-01	3.573033707865168329e-02	3.932584269662921239e-02	1.835955056179775224e-01
8.504975787007629240e-01	7.476931062981101439e-01	9.080247798974107054e-01	1.854054054054053990e-01	1.583783783783783705e-01	1.772972972972972905e-01
7.825042109542893476e-01	6.729540570366497887e-01	7.251118080966486579e-01	0.000000000000000000e+00	0.000000000000000000e+00	0.000000000000000000e+00
7.788410419989367783e-01	7.830940988835726202e-01	8.081367693556059661e-01	2.444444444444444364e-01	2.266666666666666552e-01	5.777777777777777513e-02
9.955149934810951784e-01	9.980964797913950415e-01	1.000000000000000000e+00	6.840000000000000524e-01	8.519999999999999796e-01	1.000000000000000000e+00
1.000000000000000000e+00	1.000000000000000000e+00	9.989959839357429594e-01	1.000000000000000000e+00	1.000000000000000000e+00	9.200000000000000400e-01
5.660035035035034801e-01	6.109234234234234284e-01	6.375125125125125081e-01	5.000000000000000000e-01	5.000000000000000000e-01	4.600000000000000200e-01
7.678504262788364843e-01	6.732384653961885901e-01	7.407221664994985133e-01	1.375000000000000111e-01	1.250000000000000000e-01	1.199999999999999956e-01
1.000000000000000000e+00	9.999128768078062723e-01	1.000000000000000000e+00	1.000000000000000000e+00	9.933333333333332904e-01	1.000000000000000000e+00
7.551973194341027318e-01	6.655026061057334186e-01	7.790618019359643043e-01	1.858823529411764708e-01	1.764705882352941291e-01	1.729411764705882371e-01
7.116850551654965162e-01	7.247241725175526117e-01	6.628886659979940088e-01	3.240000000000000102e-01	3.320000000000000173e-01	2.999999999999999889e-01
5.439623538359159571e-01	6.095674493773172165e-01	7.467059606426466045e-01	2.179104477611940385e-02	2.895522388059701413e-02	6.597014925373134719e-02
7.817774936061381297e-01	7.732320971867007176e-01	8.405690537084399283e-01	2.974999999999999867e-01	2.979999999999999871e-01	3.415000000000000258e-01
8.683641168612418193e-01	8.009815879653831017e-01	7.931985827960736923e-01	1.788888888888888751e-01	1.677777777777777757e-01	2.444444444444444572e-02
8.951713785339003859e-01	8.939204403302476454e-01	5.959469602201651339e-01	0.000000000000000000e+00	0.000000000000000000e+00	0.000000000000000000e+00
6.559746346843120524e-01	5.758105872622001353e-01	6.449434794596085041e-01	8.172043010752689032e-03	1.096774193548387052e-02	1.268817204301075224e-02
4.520663372783331191e-01	5.975334175954651883e-01	3.908996897621510036e-01	0.000000000000000000e+00	0.000000000000000000e+00	0.000000000000000000e+00
6.698348544111255576e-01	7.548761408083441982e-01	8.424424163407214783e-01	1.493333333333333457e-01	1.826666666666666716e-01	5.046666666666667078e-01
9.973293273243197810e-01	9.952428642964447070e-01	9.894007678183942556e-01	7.933333333333333348e-01	6.666666666666666297e-01	6.133333333333332860e-01
5.984922033248235573e-01	6.601644433257823907e-01	3.725264583558064446e-01	4.666666666666666879e-02	4.666666666666666879e-02	3.523809523809523503e-02
3.347685148357330553e-01	5.496430276032137074e-01	3.520901280725479143e-01	0.000000000000000000e+00	0.000000000000000000e+00	0.000000000000000000e+00
8.035356695869837473e-01	8.562578222778473025e-01	7.555694618272841279e-01	7.500000000000000000e-01	7.500000000000000000e-01	7.349999999999999867e-01
7.653656019122120346e-01	8.456296175575837015e-01	9.213548457192525243e-01	1.916666666666666796e-01	2.495833333333333237e-01	4.854166666666666630e-01
6.724779086892489488e-01	7.393317378497791248e-01	9.311303387334315396e-01	2.714285714285714080e-01	3.485714285714285876e-01	7.671428571428571264e-01
9.971316818774446089e-01	9.985658409387222489e-01	1.000000000000000000e+00	7.840000000000000302e-01	8.920000000000000151e-01	1.000000000000000000e+00
5.960735171261487553e-01	5.543024227234754076e-01	4.675020885547201410e-01	0.000000000000000000e+00	0.000000000000000000e+00	0.000000000000000000e+00
2.922328468377788924e-01	5.416876363026338348e-01	1.658278812279818937e-01	0.000000000000000000e+00	0.000000000000000000e+00	0.000000000000000000e+00
7.325863171355498915e-01	7.121227621483375847e-01	8.351662404092071723e-01	1.115000000000000019e-01	1.054999999999999966e-01	2.999999999999999889e-01
5.884596076614149185e-01	4.661530738337967272e-01	4.963314797652146892e-01	0.000000000000000000e+00	0.000000000000000000e+00	0.000000000000000000e+00
8.667254408060452997e-01	8.026700251889168358e-01	9.164735516372796154e-01	5.560000000000000497e-01	5.560000000000000497e-01	5.959999999999999742e-01
7.007558578987150844e-01	6.156084656084656048e-01	5.092214663643235273e-01	1.000000000000000056e-01	1.000000000000000056e-01	1.000000000000000056e-01
6.102789645639608018e-01	4.935222417692887720e-01	8.171525508921839709e-01	5.000000000000000278e-02	5.000000000000000278e-02	3.099999999999999978e-02
9.172053436759318723e-01	9.294871794871795156e-01	9.388182623476740707e-01	4.209523809523809668e-01	3.923809523809523858e-01	9.428571428571429214e-02
9.625250250250250161e-01	9.821071071071071357e-01	9.401901901901902336e-01	0.000000000000000000e+00	1.400000000000000133e-01	2.200000000000000011e-01
1.000000000000000000e+00	1.000000000000000000e+00	9.979984988741555929e-01	1.000000000000000000e+00	1.000000000000000000e+00	8.399999999999999689e-01
5.209168336673346555e-01	5.358633934535738108e-01	6.295090180360721765e-01	0.000000000000000000e+00	0.000000000000000000e+00	0.000000000000000000e+00
7.471839799749686595e-01	8.362640801001252067e-01	5.820400500625781959e-01	0.000000000000000000e+00	0.000000000000000000e+00	0.000000000000000000e+00
5.322668339606858590e-01	4.731702216645755077e-01	4.397114178168130549e-01	0.000000000000000000e+00	0.000000000000000000e+00	0.000000000000000000e+00
3.820821826094233931e-01	6.587580550673696189e-01	7.438279353920830284e-01	0.000000000000000000e+00	0.000000000000000000e+00	0.000000000000000000e+00
8.529633517141462784e-01	8.231228656328075655e-01	8.878819685702881159e-01	7.647058823529411242e-01	7.647058823529411242e-01	7.635294117647059009e-01
8.471491228070175961e-01	8.266290726817042689e-01	8.955513784461153204e-01	2.500000000000000000e-01	2.500000000000000000e-01	2.550000000000000044e-01
9.861528822055137811e-01	9.793859649122806932e-01	9.414160401002505951e-01	7.399999999999999911e-01	7.399999999999999911e-01	5.749999999999999556e-01
5.526359693026359210e-01	7.487070403737070556e-01	4.723056389723056525e-01	8.666666666666666963e-02	2.600000000000000089e-01	1.400000000000000133e-01
1.000000000000000000e+00	1.000000000000000000e+00	1.000000000000000000e+00	1.000000000000000000e+00	1.000000000000000000e+00	1.000000000000000000e+00
8.015099119385580284e-01	6.830726339351534948e-01	7.150066347661747646e-01	7.846153846153845757e-02	5.384615384615384914e-02	2.102564102564102519e-02
6.775593145869946987e-01	7.037879738890283621e-01	4.837747928696962130e-01	4.624999999999999944e-02	4.499999999999999833e-02	0.000000000000000000e+00
6.377463365336027978e-01	7.739178036045140097e-01	4.650665319184773550e-01	9.466666666666666285e-02	1.226666666666666600e-01	1.053333333333333344e-01
6.932031837553271902e-01	5.635497618450739932e-01	8.132990724492353829e-01	0.000000000000000000e+00	0.000000000000000000e+00	0.000000000000000000e+00
7.329825440574626594e-01	7.766224004009020243e-01	5.509897268854923036e-01	0.000000000000000000e+00	0.000000000000000000e+00	0.000000000000000000e+00
8.988647188040668201e-01	8.153321280690499773e-01	8.775490367605606190e-01	2.046153846153846156e-01	1.661538461538461520e-01	2.461538461538461675e-01
9.985275689223057638e-01	9.976817042606516139e-01	9.992481203007518298e-01	8.824999999999999512e-01	8.149999999999999467e-01	9.399999999999999467e-01
7.627877237851662384e-01	7.488139386189258673e-01	8.540473145780050901e-01	2.344999999999999862e-01	2.354999999999999871e-01	3.644999999999999907e-01
9.600750938673341395e-01	9.618272841051314082e-01	8.858573216520650995e-01	0.000000000000000000e+00	0.000000000000000000e+00	0.000000000000000000e+00
5.845704940609399713e-01	6.431382337751764267e-01	7.736615596488207736e-01	9.405405405405405095e-02	1.191891891891891930e-01	3.018918918918919170e-01
7.639452332657200584e-01	8.171906693711967762e-01	8.332910750507099840e-01	6.899999999999999467e-01	7.449999999999999956e-01	7.449999999999999956e-01
9.113892365456821576e-01	8.703796412181894482e-01	9.724655819774717935e-01	6.466666666666666119e-01	6.466666666666666119e-01	4.466666666666666563e-01
6.941145870703882004e-01	6.986708043337878093e-01	7.383942024826002370e-01	3.428571428571428603e-01	3.471428571428571419e-01	2.800000000000000266e-01
6.647753007784854562e-01	7.276963906581741526e-01	8.016878980891719575e-01	1.791666666666666685e-01	2.094444444444444331e-01	3.858333333333333059e-01
4.393097207859358866e-01	5.851358726875790506e-01	4.156995671990501573e-01	0.000000000000000000e+00	4.814814814814815172e-03	2.925925925925925916e-02
5.068972569471074108e-01	5.933532735127949875e-01	8.243219060766419082e-01	1.678431372549019640e-01	1.749019607843137203e-01	2.976470588235294312e-01
6.086154623547246345e-01	6.916456122620852076e-01	5.894727977092807381e-01	1.880000000000000004e-01	2.253333333333333299e-01	2.600000000000000089e-01
9.996941896024464924e-01	9.997961264016309579e-01	1.000000000000000000e+00	9.759999999999999787e-01	9.839999999999999858e-01	1.000000000000000000e+00
6.011845178511845411e-01	6.682098765432098464e-01	5.743243243243243423e-01	2.666666666666666630e-01	2.933333333333333348e-01	1.933333333333333293e-01
8.624937233241275480e-01	8.967016068290233344e-01	7.223198594024604624e-01	2.500000000000000000e-01	2.500000000000000000e-01	2.474999999999999978e-01
6.578260869565217828e-01	6.191719948849104815e-01	8.525191815856777433e-01	7.299999999999999545e-02	8.400000000000000522e-02	1.729999999999999871e-01
7.966095149830089150e-01	6.805587735557615536e-01	8.571787148594377514e-01	2.107692307692307643e-01	2.000000000000000111e-01	1.692307692307692402e-01
9.768633862763417275e-01	9.613178656700923641e-01	9.449029378179175653e-01	8.594871794871794535e-01	8.548717948717948767e-01	8.307692307692308153e-01
8.600855985363303757e-01	7.785382906429691996e-01	8.264832723470988407e-01	0.000000000000000000e+00	0.000000000000000000e+00	0.000000000000000000e+00
5.262828535669586971e-01	5.902377972465582268e-01	4.444931163954943809e-01	2.500000000000000000e-01	2.500000000000000000e-01	2.349999999999999867e-01
7.893055155529954403e-01	7.428805443548387455e-01	9.074020737327188613e-01	4.742857142857143105e-01	4.757142857142857006e-01	4.857142857142857095e-01
6.287244676227726758e-01	7.429639287266406322e-01	7.309865275966971332e-01	1.166666666666666720e-02	2.000000000000000042e-02	2.599999999999999881e-02
5.813555051650289851e-01	4.945641219450743198e-01	4.542076089695137320e-01	0.000000000000000000e+00	0.000000000000000000e+00	0.000000000000000000e+00
9.423510265398097330e-01	9.536805207811717144e-01	9.446670005007511417e-01	5.000000000000000000e-01	5.000000000000000000e-01	4.899999999999999911e-01
1.000000000000000000e+00	1.000000000000000000e+00	1.000000000000000000e+00	1.000000000000000000e+00	1.000000000000000000e+00	1.000000000000000000e+00
6.664978475563433369e-01	5.877304047660300013e-01	5.735229438498753440e-01	2.315789473684210648e-02	2.947368421052631512e-02	0.000000000000000000e+00
9.511342894393741698e-01	9.738722294654498235e-01	1.000000000000000000e+00	7.600000000000000089e-01	7.760000000000000231e-01	1.000000000000000000e+00
8.401177354709419287e-01	8.810120240480961984e-01	6.079033066132264462e-01	5.000000000000000000e-01	5.000000000000000000e-01	3.049999999999999933e-01
9.561604372876347790e-01	9.753841040035455823e-01	8.718422218939282375e-01	8.571428571428570953e-01	8.571428571428570953e-01	8.228571428571428426e-01
9.897630249172330030e-01	9.824011151768601291e-01	8.704478132078758978e-01	6.666666666666666297e-01	6.666666666666666297e-01	6.466666666666666119e-01
8.696522391793845008e-01	8.531398548911683921e-01	8.077307980985739544e-01	8.999999999999999667e-02	1.799999999999999933e-01	0.000000000000000000e+00
9.599082186065915900e-01	9.686274509803921573e-01	9.476011681268251552e-01	3.266666666666666607e-01	3.266666666666666607e-01	2.866666666666666807e-01
5.923134702053080014e-01	4.910115172759138558e-01	3.547821732598898103e-01	0.000000000000000000e+00	0.000000000000000000e+00	0.000000000000000000e+00
8.547558922558922134e-01	8.544542648709315680e-01	7.515712682379348530e-01	2.044444444444444564e-01	1.944444444444444475e-01	1.788888888888888751e-01
9.617921621436560375e-01	9.354072992034327960e-01	9.841143039737064724e-01	6.490909090909090517e-01	6.072727272727272974e-01	5.636363636363636020e-01
6.983462791280380388e-01	7.644700576296667993e-01	6.692057128539212751e-01	2.000000000000000111e-01	2.000000000000000111e-01	1.400000000000000133e-01
9.997464503042596817e-01	9.998732251521298409e-01	1.000000000000000000e+00	9.783333333333333881e-01	9.899999999999999911e-01	1.000000000000000000e+00
9.987791134485349831e-01	9.995617330328073757e-01	9.998121712997746213e-01	9.200000000000000400e-01	9.649999999999999689e-01	9.849999999999999867e-01
4.437653194263364020e-01	5.450951760104302268e-01	3.987796610169491718e-01	0.000000000000000000e+00	0.000000000000000000e+00	0.000000000000000000e+00
3.978070478958578571e-01	4.815152284068802691e-01	2.834613580617132977e-01	0.000000000000000000e+00	0.000000000000000000e+00	0.000000000000000000e+00
8.336679213718110049e-01	8.557367907430643017e-01	8.603652586086714127e-01	3.333333333333333148e-01	3.333333333333333148e-01	3.044444444444444620e-01
6.380095610604085143e-01	7.404780530204259081e-01	8.337505432420686535e-01	1.126666666666666650e-01	1.253333333333333244e-01	2.039999999999999869e-01
7.321097683786506050e-01	7.432527693856999518e-01	5.680060422960725441e-01	4.799999999999999580e-03	1.839999999999999969e-02	2.879999999999999921e-02
8.888921288466398174e-01	8.132229155731809378e-01	9.022569545693124304e-01	3.661538461538461631e-01	3.046153846153846212e-01	3.276923076923076716e-01
8.011418548877832224e-01	7.323978952643447338e-01	6.957439954182624842e-01	1.171428571428571458e-01	1.114285714285714324e-01	0.000000000000000000e+00
7.773535302954431847e-01	8.575988983475212324e-01	5.046319479218828175e-01	5.000000000000000000e-01	5.000000000000000000e-01	5.000000000000000000e-01
9.232142857142857650e-01	9.445968335787923165e-01	9.325662739322533312e-01	5.714285714285713969e-01	6.242857142857143327e-01	7.971428571428571530e-01
8.177963243972348195e-01	7.633872871353902800e-01	7.920642949474512307e-01	1.742222222222222228e-01	1.542222222222222328e-01	2.093333333333333435e-01
5.992114788004136994e-01	7.024301964839710921e-01	5.673474663908997240e-01	5.000000000000000000e-01	5.000000000000000000e-01	5.000000000000000000e-01
8.191011966701352565e-01	7.738724310613943613e-01	9.025266649323621104e-01	1.058064516129032240e-01	1.032258064516129031e-01	1.677419354838709797e-01
1.000000000000000000e+00	1.000000000000000000e+00	1.000000000000000000e+00	1.000000000000000000e+00	1.000000000000000000e+00	1.000000000000000000e+00
8.096860884367418354e-01	6.947907032852145282e-01	6.961880252523221513e-01	2.820512820512820554e-02	1.230769230769230768e-02	2.410256410256410298e-02
9.195301396204330624e-01	9.587827104757127294e-01	8.474207842153665959e-01	3.333333333333333148e-01	3.333333333333333148e-01	1.733333333333333393e-01
6.550248301097751913e-01	5.953018818609513430e-01	7.248431782540512014e-01	2.500000000000000000e-01	2.500000000000000000e-01	0.000000000000000000e+00
7.684050412863971946e-01	8.475401999130812714e-01	8.564884832681443072e-01	2.340000000000000135e-01	2.593333333333333601e-01	5.546666666666666412e-01
5.205000115103939340e-01	4.636501761090264240e-01	4.579755519233867922e-01	0.000000000000000000e+00	0.000000000000000000e+00	0.000000000000000000e+00
6.835222978080121026e-01	6.144809775762156701e-01	3.816452506928697530e-01	0.000000000000000000e+00	0.000000000000000000e+00	0.000000000000000000e+00
5.973405143620574842e-01	5.737934201736807349e-01	6.344772879091515883e-01	1.666666666666666574e-01	1.666666666666666574e-01	2.333333333333333440e-02
8.257377750320771259e-01	7.516632609418809619e-01	8.590980373520885616e-01	2.745454545454545370e-01	1.709090909090908994e-01	1.418181818181818155e-01
2.507824236354531666e-01	3.965010015022533696e-01	2.654606910365548411e-01	0.000000000000000000e+00	0.000000000000000000e+00	0.000000000000000000e+00
8.165831663326653667e-01	7.629008016032063910e-01	8.103206412825650906e-01	4.279999999999999916e-01	4.000000000000000222e-01	3.479999999999999760e-01
3.671188275594622352e-01	5.891206695966908491e-01	4.471626163391934083e-01	0.000000000000000000e+00	1.625000000000000056e-02	1.250000000000000026e-03
2.441143678903826275e-01	4.956130429162357576e-01	3.025950103412616277e-01	0.000000000000000000e+00	0.000000000000000000e+00	0.000000000000000000e+00
6.459224767178454174e-01	6.802479234835137056e-01	6.884281399446262606e-01	2.187500000000000000e-01	2.300000000000000100e-01	2.462499999999999967e-01
5.656604152040918265e-01	6.348661117239996488e-01	4.233577374385718572e-01	0.000000000000000000e+00	4.076923076923076594e-02	9.230769230769231629e-03
7.128294742973642073e-01	6.520496577836026875e-01	6.405635648754914868e-01	8.571428571428571855e-03	2.000000000000000042e-02	0.000000000000000000e+00
5.627776882524919699e-01	5.411036165657588937e-01	5.259098966366628769e-01	0.000000000000000000e+00	0.000000000000000000e+00	0.000000000000000000e+00
8.515801354401806300e-01	7.857202575035532321e-01	8.844160187275311724e-01	1.666666666666666574e-01	1.666666666666666574e-01	1.900000000000000022e-01
9.185352521195894182e-01	9.207245649263721132e-01	8.886378848728245794e-01	5.444444444444443976e-01	5.400000000000000355e-01	6.644444444444443931e-01
8.412967143215450694e-01	8.385377476799599217e-01	7.736393278154000130e-01	6.919999999999999485e-01	6.939999999999999503e-01	6.580000000000000293e-01
6.592294197031038916e-01	5.888151147098515947e-01	6.640998650472335063e-01	1.347368421052631653e-02	7.368421052631578781e-03	2.189473684210526197e-02
8.953119786453119788e-01	8.227394060727394320e-01	7.515015015015015232e-01	0.000000000000000000e+00	0.000000000000000000e+00	0.000000000000000000e+00
7.389398952302178580e-01	6.807444168734491097e-01	7.087758478081058744e-01	3.505376344086021806e-02	3.440860215053763438e-02	4.172043010752687908e-02
6.793873964348481342e-01	8.275169470248556758e-01	8.972298937149552067e-01	0.000000000000000000e+00	4.000000000000000083e-02	4.666666666666666879e-02
5.856963927855711738e-01	6.251002004008016089e-01	4.661322645290580935e-01	0.000000000000000000e+00	0.000000000000000000e+00	0.000000000000000000e+00
9.367510654299323614e-01	9.670594133868137821e-01	8.551516670844823143e-01	1.799999999999999933e-01	2.879999999999999782e-01	3.039999999999999925e-01
5.820496244890198678e-01	6.329251830021864755e-01	7.469645403555471574e-01	9.432835820895522916e-02	9.701492537313433084e-02	1.155223880597014974e-01
6.571374811841445007e-01	8.228424485699949997e-01	5.380582037129955086e-01	1.000000000000000056e-01	1.479999999999999927e-01	1.680000000000000104e-01
5.967040417209908965e-01	6.740964797913950868e-01	4.699139504563233372e-01	1.895999999999999908e-01	2.064000000000000001e-01	2.000000000000000111e-01
5.190299869621903817e-01	6.091629726205997075e-01	4.883024771838331279e-01	1.039999999999999952e-02	3.760000000000000148e-02	3.760000000000000148e-02
7.881669256669256995e-01	7.072649572649573058e-01	7.045001295001295238e-01	3.538461538461538242e-02	2.564102564102564014e-02	6.410256410256409687e-02
8.149044536459244537e-01	6.800509321358449988e-01	8.462121653933633025e-01	7.692307692307692735e-02	7.692307692307692735e-02	9.230769230769231282e-02
6.712534400800600487e-01	5.405303977983487718e-01	5.955716787590693562e-01	0.000000000000000000e+00	0.000000000000000000e+00	0.000000000000000000e+00
6.942814145974416373e-01	7.563581640331076272e-01	6.108352144469525458e-01	4.000000000000000222e-01	4.000000000000000222e-01	3.960000000000000187e-01
4.765670444288436225e-01	5.394143014742753817e-01	4.103399859592818943e-01	3.307692307692308015e-02	3.461538461538461731e-02	3.076923076923077094e-02
5.562583500334001840e-01	6.182364729458917907e-01	4.352454909819639117e-01	0.000000000000000000e+00	0.000000000000000000e+00	0.000000000000000000e+00
6.479784149484536515e-01	7.514497422680412875e-01	9.753060567010308768e-01	1.224999999999999978e-01	1.224999999999999978e-01	4.600000000000000200e-01
5.265347030819343965e-01	5.967927837634677823e-01	3.164119268353796088e-01	2.000000000000000111e-01	2.000000000000000111e-01	1.039999999999999952e-01
7.650831202046035617e-01	7.457193094629156471e-01	8.448465473145779780e-01	2.834999999999999742e-01	2.844999999999999751e-01	3.529999999999999805e-01
2.401352028042063047e-01	3.129444166249373827e-01	4.493239859789684432e-01	0.000000000000000000e+00	0.000000000000000000e+00	0.000000000000000000e+00
8.524022274022273749e-01	7.973161098161097859e-01	7.604506604506604539e-01	2.092307692307692202e-01	2.025641025641025661e-01	1.943589743589743679e-01
9.690221642764015320e-01	9.852411994784876503e-01	1.000000000000000000e+00	7.159999999999999698e-01	7.359999999999999876e-01	1.000000000000000000e+00
5.752089136490250443e-01	5.346693063836644999e-01	4.674370956974147617e-01	9.090909090909091161e-02	9.090909090909091161e-02	6.727272727272727570e-02
8.857630855986119434e-01	8.093822296124927318e-01	8.125722961249276510e-01	5.714285714285713969e-01	5.714285714285713969e-01	5.714285714285713969e-01
7.083333333333333703e-01	6.761136136136136621e-01	5.975975975975975629e-01	3.300000000000000155e-01	3.800000000000000044e-01	0.000000000000000000e+00
7.553681289959387479e-01	6.230816143257335016e-01	6.966906590534400756e-01	3.897435897435897606e-02	1.487179487179487135e-02	2.000000000000000042e-02
8.676638438880707183e-01	8.886782032400588616e-01	9.236561119293078548e-01	6.471428571428571308e-01	6.899999999999999467e-01	7.285714285714285365e-01
8.924544510863728908e-01	8.327128897161470977e-01	8.394960088771163953e-01	1.428571428571428492e-01	1.428571428571428492e-01	1.257142857142857229e-01
6.365428012637279753e-01	5.588476004212427073e-01	8.608334587031744034e-01	5.647058823529412137e-03	1.176470588235294101e-02	9.247058823529412386e-02
7.085532302092811818e-01	7.459690627843493793e-01	7.633266606005459920e-01	2.765714285714285792e-01	2.782857142857143029e-01	3.291428571428571259e-01
5.160120090067550347e-01	3.073555166374781211e-01	6.957718288716537858e-01	0.000000000000000000e+00	0.000000000000000000e+00	0.000000000000000000e+00
5.389175257731958490e-01	5.830541237113402442e-01	6.024484536082473918e-01	2.399999999999999911e-01	4.199999999999999845e-01	1.900000000000000022e-01
9.248562467328802494e-01	8.836158613994473665e-01	8.976551415129564448e-01	5.685714285714286165e-01	5.714285714285713969e-01	2.314285714285714279e-01
1.000000000000000000e+00	1.000000000000000000e+00	9.994994994994994553e-01	1.000000000000000000e+00	1.000000000000000000e+00	9.599999999999999645e-01
6.658727216558542050e-01	5.968195860364534644e-01	6.603274637009576287e-01	5.783132530120482090e-02	5.397590361445783053e-02	4.963855421686746983e-02
5.965638324554802807e-01	6.372072873201541920e-01	4.094671318147616312e-01	1.454545454545454544e-02	4.181818181818181684e-02	2.181818181818181990e-02
6.560216679264297968e-01	6.233602082808431533e-01	5.195095322079449351e-01	2.066666666666666652e-02	1.533333333333333250e-02	2.066666666666666652e-02
8.180111586542495594e-01	8.342876919204631481e-01	7.935648963839248005e-01	3.266666666666666607e-01	3.499999999999999778e-01	4.191666666666666874e-01
6.488356766256589969e-01	6.987195581220185803e-01	6.469369821742405602e-01	1.575000000000000011e-01	1.700000000000000122e-01	1.849999999999999978e-01
9.339321482223335025e-01	9.397220831246870798e-01	8.069604406609914848e-01	7.449999999999999956e-01	7.500000000000000000e-01	5.250000000000000222e-01
3.421884080510104731e-01	4.520630918957854183e-01	2.466215386630215001e-01	3.225806451612903223e-03	0.000000000000000000e+00	0.000000000000000000e+00
5.358988258633018420e-01	5.930140019838066046e-01	3.636363636363636465e-01	7.000000000000000666e-02	7.090909090909090773e-02	4.454545454545454780e-02
6.124542603240982208e-01	4.494903293256665155e-01	6.800182958703606673e-01	0.000000000000000000e+00	0.000000000000000000e+00	0.000000000000000000e+00
4.825754529089585909e-01	6.390373051438201779e-01	4.084223830862920845e-01	1.481481481481481538e-02	3.222222222222222154e-02	2.740740740740740811e-02
9.999654250414899970e-01	1.000000000000000000e+00	1.000000000000000000e+00	9.963636363636363402e-01	1.000000000000000000e+00	1.000000000000000000e+00
8.961737275882012410e-01	8.323452862926546958e-01	8.028665413533834228e-01	5.714285714285713969e-01	5.714285714285713969e-01	5.714285714285713969e-01
8.352803081421502629e-01	7.574505173189384211e-01	6.155954790823211509e-01	2.411111111111111094e-01	2.099999999999999922e-01	1.422222222222222221e-01
4.240979381443298890e-01	4.692010309278350499e-01	4.292096219931271217e-01	2.999999999999999889e-01	3.133333333333333526e-01	0.000000000000000000e+00
6.732648459032823940e-01	7.553244800801803827e-01	6.094546061972772044e-01	3.333333333333333148e-01	3.333333333333333148e-01	2.066666666666666652e-01
7.477081138040042596e-01	6.936055497014400606e-01	6.852054794520547887e-01	6.493150684931506267e-02	5.616438356164383389e-02	2.164383561643835538e-02
7.146553296252393661e-01	7.108598522841250711e-01	5.883559770219750629e-01	1.600000000000000033e-01	1.618181818181818055e-01	1.199999999999999956e-01
6.771174089068825452e-01	6.126140350877192775e-01	6.533576248313089918e-01	3.978947368421052733e-02	3.936842105263158031e-02	8.421052631578947179e-03
5.028814833375093718e-01	4.489058715443079994e-01	5.144491773156267822e-01	1.666666666666666574e-01	1.666666666666666574e-01	1.666666666666666574e-01
7.943315776272886763e-01	7.653763620656021116e-01	6.243346431457793555e-01	0.000000000000000000e+00	0.000000000000000000e+00	0.000000000000000000e+00
9.052099013212911993e-01	8.980180632212744207e-01	8.965546077939454683e-01	6.666666666666666297e-01	6.666666666666666297e-01	6.333333333333333037e-01
7.572422874341609988e-01	6.626693002257336707e-01	6.914033107599698580e-01	1.499999999999999944e-01	6.750000000000000444e-02	0.000000000000000000e+00
7.441773102930128170e-01	8.034059604307538516e-01	5.522789882294014685e-01	2.449999999999999956e-01	3.350000000000000200e-01	2.000000000000000111e-01
7.403037143443463863e-01	7.766605102948218597e-01	4.478874524021250747e-01	1.636363636363636492e-02	3.636363636363636187e-02	0.000000000000000000e+00
8.311049901483774649e-01	7.145107027490718021e-01	7.667712144972992361e-01	8.102564102564102644e-02	4.512820512820513164e-02	2.000000000000000042e-02
8.195085255767301513e-01	8.095035105315947499e-01	5.981945837512537834e-01	0.000000000000000000e+00	0.000000000000000000e+00	0.000000000000000000e+00
4.204516620147170647e-01	5.104324500670606168e-01	2.965237249429079069e-01	0.000000000000000000e+00	0.000000000000000000e+00	0.000000000000000000e+00
5.586129193790686509e-01	7.367551326990485761e-01	2.823234852278417861e-01	0.000000000000000000e+00	0.000000000000000000e+00	0.000000000000000000e+00
8.718519050010762328e-01	8.503802827007247433e-01	8.197244744206070299e-01	3.142857142857142794e-01	2.999999999999999889e-01	1.914285714285714202e-01
4.484038930509480214e-01	6.060482896500208883e-01	3.466177472153261219e-01	0.000000000000000000e+00	0.000000000000000000e+00	0.000000000000000000e+00
4.114883487847657006e-01	5.166624906038587151e-01	1.421114173557170290e-01	0.000000000000000000e+00	0.000000000000000000e+00	0.000000000000000000e+00
3.258376288659793896e-01	4.792847938144330078e-01	1.598260309278350388e-01	0.000000000000000000e+00	0.000000000000000000e+00	0.000000000000000000e+00
6.760582347588717234e-01	7.252811646951774494e-01	7.027843494085532772e-01	1.017142857142857154e-01	1.188571428571428557e-01	2.645714285714285685e-01
8.624300428673493668e-01	8.406986782567278382e-01	6.316384853536556321e-01	2.399999999999999911e-01	2.588235294117647300e-01	1.341176470588235359e-01
5.972604453340004671e-01	4.377658243682762129e-01	4.363272454340755835e-01	0.000000000000000000e+00	0.000000000000000000e+00	0.000000000000000000e+00
6.181450593884255662e-01	7.358027365608866832e-01	3.918914040218058337e-01	0.000000000000000000e+00	0.000000000000000000e+00	0.000000000000000000e+00
8.412622531266599202e-01	8.827128301704573188e-01	9.258969530155970462e-01	4.525925925925926019e-01	5.059259259259258901e-01	7.192592592592592649e-01
9.997781440162272215e-01	9.999154834347532272e-01	9.999788708586883068e-01	9.849999999999999867e-01	9.933333333333332904e-01	9.983333333333332948e-01
8.996710526315789824e-01	8.326525448235974070e-01	8.317488432620011585e-01	6.171428571428571042e-01	5.928571428571428603e-01	5.814285714285714057e-01
9.971648534021758659e-01	9.991702009957588171e-01	1.000000000000000000e+00	8.454545454545454586e-01	9.345454545454545681e-01	1.000000000000000000e+00
7.881812821160811833e-01	8.625431724370313802e-01	5.230393395670120960e-01	3.333333333333333148e-01	3.333333333333333148e-01	2.933333333333333348e-01
8.220664329828075712e-01	7.936905358037055214e-01	8.444333166416291281e-01	4.666666666666666741e-01	5.266666666666666163e-01	2.933333333333333348e-01
8.959324155193992834e-01	8.098247809762202376e-01	8.100750938673341173e-01	4.849999999999999867e-01	3.300000000000000155e-01	1.549999999999999989e-01
5.619111226014018579e-01	6.941332490712015524e-01	4.635422651193075172e-01	5.851851851851851832e-02	8.000000000000000167e-02	7.111111111111111105e-02
9.055918663761800547e-01	8.976174515390201725e-01	8.855371208312384779e-01	4.244444444444444575e-01	4.133333333333333304e-01	3.355555555555555514e-01
9.157625786163522408e-01	9.400157232704402510e-01	8.955188679245282835e-01	4.500000000000000111e-01	4.537499999999999867e-01	7.249999999999999778e-01
8.227479526842583768e-01	8.567315741583257926e-01	7.953921747042765888e-01	4.571428571428571286e-01	4.822857142857142621e-01	4.417142857142857260e-01
6.561467840069534763e-01	7.529959800086918342e-01	8.585940895262929029e-01	1.579166666666666774e-01	1.766666666666666663e-01	3.883333333333333082e-01
7.894807130004498630e-01	7.073141587944219433e-01	5.675747863247863068e-01	4.444444444444444614e-02	1.000000000000000021e-02	0.000000000000000000e+00
9.246835046377538392e-01	9.083886939082477241e-01	8.971233391827525550e-01	5.649999999999999467e-01	5.749999999999999556e-01	5.274999999999999689e-01
7.866428033157497612e-01	7.862346144184878538e-01	2.151469480030143155e-01	0.000000000000000000e+00	0.000000000000000000e+00	0.000000000000000000e+00
5.982532091618424364e-01	6.688396677573621441e-01	4.545985401459853859e-01	3.280000000000000276e-02	3.440000000000000002e-02	3.359999999999999792e-02
6.525553213909378591e-01	5.824798033017211107e-01	6.274464348436951111e-01	2.164383561643835538e-02	2.136986301369863187e-02	9.863013698630136716e-03
6.018004796506425391e-01	5.648781186240469099e-01	5.930486451659090497e-01	0.000000000000000000e+00	0.000000000000000000e+00	0.000000000000000000e+00
9.996245306633291250e-01	9.998331247392574506e-01	9.971631205673758824e-01	9.733333333333333837e-01	9.866666666666666918e-01	7.733333333333333171e-01
8.522190470636262782e-01	7.439493789000991564e-01	8.603643008495168720e-01	3.061538461538461653e-01	3.046153846153846212e-01	2.846153846153846034e-01
9.973402868318123060e-01	9.985919165580182666e-01	1.000000000000000000e+00	8.080000000000000515e-01	8.920000000000000151e-01	1.000000000000000000e+00
8.538825757575757569e-01	8.619002525252524860e-01	9.832070707070706961e-01	4.749999999999999778e-01	4.849999999999999867e-01	6.450000000000000178e-01
7.363434396236278046e-01	6.524438055410349824e-01	7.177208572922111340e-01	5.000000000000000000e-01	5.000000000000000000e-01	8.999999999999999667e-02
1.000000000000000000e+00	1.000000000000000000e+00	1.000000000000000000e+00	1.000000000000000000e+00	1.000000000000000000e+00	1.000000000000000000e+00
1.000000000000000000e+00	1.000000000000000000e+00	9.983733733733733962e-01	1.000000000000000000e+00	1.000000000000000000e+00	8.699999999999999956e-01
8.773676980913822643e-01	8.213743493348756308e-01	8.604142567958357191e-01	6.157142857142857695e-01	6.057142857142857606e-01	5.871428571428571885e-01
1.000000000000000000e+00	1.000000000000000000e+00	1.000000000000000000e+00	1.000000000000000000e+00	1.000000000000000000e+00	1.000000000000000000e+00
1.000000000000000000e+00	1.000000000000000000e+00	1.000000000000000000e+00	1.000000000000000000e+00	1.000000000000000000e+00	1.000000000000000000e+00
9.452100559592416795e-01	9.189635012110581869e-01	9.056627411676271278e-01	6.466666666666666119e-01	6.400000000000000133e-01	5.233333333333333171e-01
6.837322593018795303e-01	6.025968546221710520e-01	8.019025700038358018e-01	1.006060606060606016e-01	8.666666666666666963e-02	7.272727272727272374e-02
9.488607911867801281e-01	9.773723084626940727e-01	8.837631447170756216e-01	7.449999999999999956e-01	7.449999999999999956e-01	6.400000000000000133e-01
8.806600565558220239e-01	8.298850986147403574e-01	6.969968142606579597e-01	0.000000000000000000e+00	0.000000000000000000e+00	0.000000000000000000e+00
5.873386644219977804e-01	5.710086980920314748e-01	5.321969696969697239e-01	1.888888888888888909e-02	2.777777777777777624e-02	1.777777777777777776e-02
5.400855804941062654e-01	6.196166178404188818e-01	2.967751608959424137e-01	0.000000000000000000e+00	0.000000000000000000e+00	0.000000000000000000e+00
9.726271974306963664e-01	9.850088742393509067e-01	9.998943542934415341e-01	8.249999999999999556e-01	8.333333333333333703e-01	9.916666666666666963e-01
8.569726092487852664e-01	8.029536641069265901e-01	7.734093591453227168e-01	3.478787878787878984e-01	3.327272727272727049e-01	2.781818181818181968e-01
6.764017354380135183e-01	7.349819994461368466e-01	7.813385027231607438e-01	6.376811594202898281e-02	6.927536231884058593e-02	8.289855072463768459e-02
4.760012511649878153e-01	6.075267787608359393e-01	4.165964482234734145e-01	7.160493827160494158e-03	8.395061728395061817e-03	1.209876543209876566e-02
8.255663007492594074e-01	7.128593831677992876e-01	7.334640181216239840e-01	6.533333333333332660e-02	5.933333333333333515e-02	2.733333333333333448e-02
8.296345348462612623e-01	7.841572108673086072e-01	9.146651394208397123e-01	3.142857142857142794e-01	2.828571428571428625e-01	2.800000000000000266e-01
6.232882431529725986e-01	5.958166332665331133e-01	6.227872411489645543e-01	1.666666666666666574e-01	1.666666666666666574e-01	1.133333333333333276e-01
1.000000000000000000e+00	1.000000000000000000e+00	9.997495617330327544e-01	1.000000000000000000e+00	1.000000000000000000e+00	9.799999999999999822e-01
8.940330188679245227e-01	9.190801886792452358e-01	8.919182389937106992e-01	5.350000000000000311e-01	5.899999999999999689e-01	6.137500000000000178e-01
8.249371859296482645e-01	8.390703517587939642e-01	4.857412060301507517e-01	1.150000000000000050e-01	1.650000000000000078e-01	2.000000000000000042e-02
8.089659876458055177e-01	7.512875339127236263e-01	7.720298585245474188e-01	2.690909090909091028e-01	2.696969696969697128e-01	3.551515151515151625e-01
7.655017696402196536e-01	7.213304350249422070e-01	8.595713847783073014e-01	1.422222222222222221e-01	1.377777777777777768e-01	3.777777777777777818e-02
8.042320328142921193e-01	6.852996636923854856e-01	8.861997239555996497e-01	2.815384615384615152e-01	2.615384615384615530e-01	2.953846153846154121e-01
6.955806026803005304e-01	7.029252846851034020e-01	5.666008211325431754e-01	6.153846153846154188e-02	6.923076923076923461e-02	6.076923076923076983e-02
1.000000000000000000e+00	1.000000000000000000e+00	9.983721512647132368e-01	1.000000000000000000e+00	1.000000000000000000e+00	8.699999999999999956e-01
1.000000000000000000e+00	1.000000000000000000e+00	1.000000000000000000e+00	1.000000000000000000e+00	1.000000000000000000e+00	1.000000000000000000e+00
9.623497746619930071e-01	9.720831246870305087e-01	9.465448172258387194e-01	7.500000000000000000e-01	7.500000000000000000e-01	7.249999999999999778e-01
9.989359038557836801e-01	9.992488733099649245e-01	1.000000000000000000e+00	9.100000000000000311e-01	9.399999999999999467e-01	1.000000000000000000e+00
6.471882414568761455e-01	5.835485163159029876e-01	8.323791328998859651e-01	1.686746987951807247e-02	1.566265060240963972e-02	2.833734939759036120e-01
9.991658324991657958e-01	9.990824157490824087e-01	9.962462462462462476e-01	9.333333333333333481e-01	9.266666666666666385e-01	6.999999999999999556e-01
4.545283962972229141e-01	3.558293720290217621e-01	6.823867900925694174e-01	0.000000000000000000e+00	0.000000000000000000e+00	0.000000000000000000e+00
4.919942010309278357e-01	5.554768041237113652e-01	2.182667525773195893e-01	0.000000000000000000e+00	0.000000000000000000e+00	0.000000000000000000e+00
6.666225749559082647e-01	6.077664399092970182e-01	5.501637692113882094e-01	1.360000000000000098e-01	1.290000000000000036e-01	1.100000000000000006e-01
7.549006795608991238e-01	7.044563512807109351e-01	7.995948771562989554e-01	2.250000000000000056e-01	2.200000000000000011e-01	1.950000000000000067e-01
7.899049396395870781e-01	6.598433156431640079e-01	8.935090686417449524e-01	1.676923076923076961e-01	1.169230769230769212e-01	1.199999999999999956e-01
7.854229417670682833e-01	7.313943273092369246e-01	6.413780120481927804e-01	1.250000000000000000e-01	1.250000000000000000e-01	1.074999999999999983e-01
5.297889806364383114e-01	6.149113911825776491e-01	3.260225022936887318e-01	3.703703703703703498e-02	3.703703703703703498e-02	3.555555555555555552e-02
9.816166883963494127e-01	9.910560625814862634e-01	9.995827900912647168e-01	3.920000000000000151e-01	5.839999999999999636e-01	9.679999999999999716e-01
7.254509379509379574e-01	6.345598845598845461e-01	3.744588744588744356e-01	0.000000000000000000e+00	0.000000000000000000e+00	0.000000000000000000e+00
7.603465851172273027e-01	7.326962283384301777e-01	7.841743119266054718e-01	2.000000000000000111e-01	2.000000000000000111e-01	2.419999999999999929e-01
7.840720612626601582e-01	7.241709896366352872e-01	7.388279163872910615e-01	1.990697674418604735e-01	1.981395348837209358e-01	1.837209302325581439e-01
9.607056266198478189e-01	9.626494440264191654e-01	9.055680963130172678e-01	8.299999999999999600e-01	8.133333333333333526e-01	8.333333333333333703e-01
5.357604207515397343e-01	6.208276625683375460e-01	3.140065973103273178e-01	2.272727272727272790e-02	3.272727272727272985e-02	1.818181818181818094e-02
4.669243986254295598e-01	5.571735395189003626e-01	5.179553264604811469e-01	0.000000000000000000e+00	0.000000000000000000e+00	0.000000000000000000e+00
7.206482546988876026e-01	6.287686996547755536e-01	7.741695435366321432e-01	6.242424242424242375e-02	6.060606060606060774e-02	4.606060606060605883e-02
6.976813504016063927e-01	5.887926706827308898e-01	6.445155622489959768e-01	2.500000000000000000e-01	2.500000000000000000e-01	2.424999999999999933e-01
9.630050505050504750e-01	9.733901515151515138e-01	8.758838383838384312e-01	7.500000000000000000e-01	7.500000000000000000e-01	7.199999999999999734e-01
6.874311243484735323e-01	5.896723752792256690e-01	7.597021593447506049e-01	6.705882352941176794e-02	5.882352941176470507e-02	5.294117647058823456e-02
7.422895728643216229e-01	6.732569095477386467e-01	2.264447236180904544e-01	0.000000000000000000e+00	0.000000000000000000e+00	0.000000000000000000e+00
6.868139048614740894e-01	6.182043910088865779e-01	7.753528489283847414e-01	5.000000000000000000e-01	5.000000000000000000e-01	4.400000000000000022e-01
5.394334414978926295e-01	5.475597702435567316e-01	4.493398232068926967e-01	0.000000000000000000e+00	0.000000000000000000e+00	0.000000000000000000e+00
6.757866985484587419e-01	5.849044312625496511e-01	6.613325975996688921e-01	3.878787878787878785e-02	3.515151515151514888e-02	2.000000000000000042e-02
2.539143862673274299e-01	3.167061696473461030e-01	7.148243912949795442e-01	0.000000000000000000e+00	0.000000000000000000e+00	0.000000000000000000e+00
9.116605310129406448e-01	9.146865238732708736e-01	8.974788041053101129e-01	7.777777777777777901e-01	7.777777777777777901e-01	7.777777777777777901e-01
8.134719087032856732e-01	7.961970152997240868e-01	8.907072987208427550e-01	3.425000000000000266e-01	3.325000000000000178e-01	2.500000000000000000e-01
8.417886391357379816e-01	7.488064122669454425e-01	7.635128071092525115e-01	1.340000000000000080e-01	1.160000000000000059e-01	1.266666666666666774e-01
6.923976172747580149e-01	5.999106478034251788e-01	7.425316455696202578e-01	1.082352941176470545e-01	9.882352941176469896e-02	5.411764705882352727e-02
8.915010193679918649e-01	8.780672054754623534e-01	8.909822338721421486e-01	4.871428571428571552e-01	5.100000000000000089e-01	4.228571428571428759e-01
8.550963989516389141e-01	8.113488672674398217e-01	7.717660575162460512e-01	5.714285714285713969e-01	5.714285714285713969e-01	5.685714285714286165e-01
9.291226842401975050e-01	8.793763729320969169e-01	8.914290157656343805e-01	3.292307692307692157e-01	3.061538461538461653e-01	2.707692307692307621e-01
8.098259693682570148e-01	7.875518123291295192e-01	8.842255342916777172e-01	1.259770114942528607e-01	1.335632183908045945e-01	5.282758620689654849e-01
8.066049537152865101e-01	5.993244933700274668e-01	7.576932699524643322e-01	5.000000000000000000e-01	5.000000000000000000e-01	4.299999999999999933e-01
7.528771610555049509e-01	7.855577797998180012e-01	7.581000909918107489e-01	3.502857142857143113e-01	3.554285714285714270e-01	4.022857142857143020e-01
1.000000000000000000e+00	1.000000000000000000e+00	9.733082706766916781e-01	1.000000000000000000e+00	1.000000000000000000e+00	2.899999999999999800e-01
7.031321236436582911e-01	6.636386432023342330e-01	6.531640375672471688e-01	8.909090909090909560e-02	8.909090909090909560e-02	8.000000000000000167e-02
6.839757375241246606e-01	6.210807830162669019e-01	6.420650675489385506e-01	3.010752688172043182e-02	2.623655913978494708e-02	2.559139784946236687e-02
7.581507119543775541e-01	7.377963487679781718e-01	5.948854058319285043e-01	1.914285714285714202e-01	2.457142857142857184e-01	3.142857142857143071e-02
7.594825420748555489e-01	5.745684860228944535e-01	7.073599598090931639e-01	3.142857142857143071e-02	0.000000000000000000e+00	0.000000000000000000e+00
6.313376753507013994e-01	6.881012024048096531e-01	3.805110220440881541e-01	0.000000000000000000e+00	0.000000000000000000e+00	0.000000000000000000e+00
5.460876171182578176e-01	5.170814245263473108e-01	5.115679458551071201e-01	9.090909090909091161e-02	9.090909090909091161e-02	8.363636363636363369e-02
4.376676657924316038e-01	5.157905582615212037e-01	6.745710003746722139e-01	1.411764705882352991e-02	1.441176470588235309e-02	1.764705882352941239e-03
5.984924623115578379e-01	5.142964824120602740e-01	2.373618090452261353e-01	0.000000000000000000e+00	0.000000000000000000e+00	0.000000000000000000e+00
1.000000000000000000e+00	1.000000000000000000e+00	1.000000000000000000e+00	1.000000000000000000e+00	1.000000000000000000e+00	1.000000000000000000e+00
8.702246827246826744e-01	8.125453250453250620e-01	7.979215229215229632e-01	3.948717948717948567e-01	3.958974358974359231e-01	3.805128205128205376e-01
1.000000000000000000e+00	1.000000000000000000e+00	1.000000000000000000e+00	1.000000000000000000e+00	1.000000000000000000e+00	1.000000000000000000e+00
8.422670025188916387e-01	7.853400503778337205e-01	9.463476070528967776e-01	1.479999999999999927e-01	1.000000000000000056e-01	2.399999999999999911e-01
9.692439862542955309e-01	9.771477663230240251e-01	9.584192439862543322e-01	6.666666666666666297e-01	6.666666666666666297e-01	6.533333333333333215e-01
7.047775689223058082e-01	6.160870927318295998e-01	6.529135338345865014e-01	9.249999999999999889e-02	7.000000000000000666e-02	5.999999999999999778e-02
8.661558769513314493e-01	8.017676767676767957e-01	7.094008264462809965e-01	3.509090909090908927e-01	3.463636363636363735e-01	3.563636363636363824e-01
8.882020178456873083e-01	8.084018584397659746e-01	9.109270815108571062e-01	1.815384615384615374e-01	1.169230769230769212e-01	9.846153846153846145e-02
7.212174348697394377e-01	7.441132264529057849e-01	4.903807615230461048e-01	2.000000000000000111e-01	2.000000000000000111e-01	5.600000000000000117e-02
9.987462387161484267e-01	9.989134068873286587e-01	9.982447342026078418e-01	9.066666666666666208e-01	9.133333333333333304e-01	8.599999999999999867e-01
6.574204510349088704e-01	5.915600864998454833e-01	6.225857275254865764e-01	1.204819277108433798e-02	1.204819277108433798e-02	1.084337349397590348e-02
8.980392156862745390e-01	8.903212348769294904e-01	8.598247809762202820e-01	3.400000000000000244e-01	4.000000000000000222e-01	2.933333333333333348e-01
5.454656440307940057e-01	6.781210502125704087e-01	4.319104523344440838e-01	5.111111111111111410e-02	6.185185185185185230e-02	6.185185185185185230e-02
8.571353905335340473e-01	9.428102525505936971e-01	8.658220438200368019e-01	2.816666666666666763e-01	4.166666666666666852e-01	4.616666666666666696e-01
8.543775303643724728e-01	8.656534665991902910e-01	6.619433198380566541e-01	3.400000000000000244e-01	3.400000000000000244e-01	2.500000000000000000e-01
7.236284977908689076e-01	7.966770986745213001e-01	9.083394698085419661e-01	2.957142857142857073e-01	3.400000000000000244e-01	6.428571428571429047e-01
8.037681522283425251e-01	7.262143214822233128e-01	4.076114171256885466e-01	0.000000000000000000e+00	0.000000000000000000e+00	0.000000000000000000e+00
7.691412821705981839e-01	8.202920857643984931e-01	8.289007409528582615e-01	2.828571428571428625e-01	3.085714285714285521e-01	4.571428571428571286e-01
8.110488748699271611e-01	7.639340530697190657e-01	8.995106009365244626e-01	3.419354838709677546e-02	3.225806451612903136e-02	1.580645161290322454e-01
7.293626707132018216e-01	6.518799527904232116e-01	7.295340864384870505e-01	1.213333333333333347e-01	1.177777777777777729e-01	8.577777777777777224e-02
9.505535983895319063e-01	9.826371414192249798e-01	9.837275624895152060e-01	6.666666666666666297e-01	6.666666666666666297e-01	6.666666666666666297e-01
1.000000000000000000e+00	1.000000000000000000e+00	1.000000000000000000e+00	1.000000000000000000e+00	1.000000000000000000e+00	1.000000000000000000e+00
7.851552717255196878e-01	8.292637114951164623e-01	4.979338842975206680e-01	2.500000000000000000e-01	2.500000000000000000e-01	1.749999999999999889e-01
6.116351637315734502e-01	6.036548186937340521e-01	5.866001936802840433e-01	1.428571428571428492e-01	1.428571428571428492e-01	0.000000000000000000e+00
5.276526526526525984e-01	5.743660326993660359e-01	3.464297630964297547e-01	3.333333333333333148e-01	3.333333333333333148e-01	2.800000000000000266e-01
6.051840721262209399e-01	6.773603806661657734e-01	5.518156774355121863e-01	1.360000000000000098e-01	1.719999999999999862e-01	1.519999999999999962e-01
8.980485364023017558e-01	9.177508131098324196e-01	9.414560920690517865e-01	5.000000000000000000e-01	5.000000000000000000e-01	3.599999999999999867e-01
7.496574832464631966e-01	6.349888309754281313e-01	7.489203276247208274e-01	1.176470588235294101e-01	1.176470588235294101e-01	1.152941176470588247e-01
9.469072164948453274e-01	9.653350515463917647e-01	9.522091310751104043e-01	7.714285714285714635e-01	8.014285714285713791e-01	8.571428571428570953e-01
6.394519519519519246e-01	8.063688688688688266e-01	2.555055055055054924e-01	0.000000000000000000e+00	0.000000000000000000e+00	0.000000000000000000e+00
9.466299173139564038e-01	9.078641228478362413e-01	7.981529870780684766e-01	2.000000000000000111e-01	2.000000000000000111e-01	1.028571428571428553e-01
9.194541812719078111e-01	9.529794692038057180e-01	9.810215322984476849e-01	7.479999999999999982e-01	7.720000000000000195e-01	7.119999999999999662e-01
8.616344302101649477e-01	7.693209411370677264e-01	6.915906109576042127e-01	1.866666666666666752e-01	1.111111111111111049e-01	9.555555555555556024e-02
7.692524989135158808e-01	8.552721642764015142e-01	9.244078661451542445e-01	1.512499999999999956e-01	2.016666666666666607e-01	4.899999999999999911e-01
8.402058319039451550e-01	8.164208118925100344e-01	8.569925671812463897e-01	4.181818181818181546e-01	4.345454545454545681e-01	6.199999999999999956e-01
8.619791666666666297e-01	7.821338383838384312e-01	5.547348484848484418e-01	2.424999999999999933e-01	2.399999999999999911e-01	1.925000000000000044e-01
6.587794169301018909e-01	5.856621004566210376e-01	5.949174569722515127e-01	3.671232876712329091e-02	3.479452054794520549e-02	3.260273972602739656e-02
1.000000000000000000e+00	1.000000000000000000e+00	9.981051035876705724e-01	1.000000000000000000e+00	1.000000000000000000e+00	8.499999999999999778e-01
7.470864661654135208e-01	6.573778195488721998e-01	5.339285714285714191e-01	1.750000000000000167e-02	0.000000000000000000e+00	0.000000000000000000e+00
4.040847511745655485e-01	5.654563700223509404e-01	1.662181270811476652e-01	0.000000000000000000e+00	0.000000000000000000e+00	0.000000000000000000e+00
8.419638372677046290e-01	8.065293822199899321e-01	8.451197053406998005e-01	3.253333333333333077e-01	3.266666666666666607e-01	2.826666666666666772e-01
2.658481583563016559e-01	3.860561262841393226e-01	4.064144324730644131e-01	0.000000000000000000e+00	0.000000000000000000e+00	0.000000000000000000e+00
7.865210843373493521e-01	7.565888554216867457e-01	8.682228915662650870e-01	5.000000000000000000e-01	5.000000000000000000e-01	4.299999999999999933e-01
7.712925851703407165e-01	8.069472277889111478e-01	5.101035404141616159e-01	1.666666666666666574e-01	1.666666666666666574e-01	0.000000000000000000e+00
7.756906077348065809e-01	7.699899547965846081e-01	7.563368491545287009e-01	1.880000000000000004e-01	1.773333333333333428e-01	1.066666666666666735e-01
7.330826507818317683e-01	5.898808637379002739e-01	7.901563663440059893e-01	1.458823529411764630e-01	1.411764705882352922e-01	1.529411764705882470e-01
9.197164948453607769e-01	9.298969072164948724e-01	6.280927835051546282e-01	5.000000000000000000e-01	5.000000000000000000e-01	5.000000000000000000e-01
1.000000000000000000e+00	1.000000000000000000e+00	9.994360902255639001e-01	1.000000000000000000e+00	1.000000000000000000e+00	9.549999999999999600e-01
4.484725514137278823e-01	5.645634322104909897e-01	8.066867772750125898e-01	0.000000000000000000e+00	0.000000000000000000e+00	0.000000000000000000e+00
8.703188432240113181e-01	9.253979838525748791e-01	8.944487524517630295e-01	5.236363636363636775e-01	6.381818181818181834e-01	6.745454545454545592e-01
7.080929688153164703e-01	7.440988769054984742e-01	5.867959758102723189e-01	0.000000000000000000e+00	0.000000000000000000e+00	0.000000000000000000e+00
8.598588674403685461e-01	7.626892945315992822e-01	9.227658871328318080e-01	2.738461538461538503e-01	2.092307692307692202e-01	2.061538461538461597e-01
8.143345141700404355e-01	8.370287196356275272e-01	6.715270748987853811e-01	3.425000000000000266e-01	3.074999999999999956e-01	2.399999999999999911e-01
7.566052350427350248e-01	7.074959935897435770e-01	7.000160256410256077e-01	9.479166666666666297e-02	8.854166666666667129e-02	4.750000000000000056e-02
7.556144623454477127e-01	8.153578119145747927e-01	8.137954289996253143e-01	2.494117647058823606e-01	2.647058823529411797e-01	3.844117647058823417e-01
8.106405827405168685e-01	6.951777313120752755e-01	7.095047614718515971e-01	3.565217391304347644e-02	1.869565217391304379e-02	5.217391304347826497e-03
5.320343811869235884e-01	6.140228885991597663e-01	3.720797720797720531e-01	3.703703703703703498e-02	3.703703703703703498e-02	3.703703703703703498e-02
1.000000000000000000e+00	1.000000000000000000e+00	9.991854636591478434e-01	1.000000000000000000e+00	1.000000000000000000e+00	9.350000000000000533e-01
8.156242150213514064e-01	8.616930419492589976e-01	5.541321276061290657e-01	1.680000000000000104e-01	1.799999999999999933e-01	1.880000000000000004e-01
7.092464402281123403e-01	7.188407876331551760e-01	4.977583300455507564e-01	1.428571428571428492e-01	1.428571428571428492e-01	8.571428571428571508e-02
5.789462592202317959e-01	4.905057955742887499e-01	6.082788900597120296e-01	6.438356164383561564e-02	5.643835616438356434e-02	5.698630136986301137e-02
9.629950430810754192e-01	9.419281376518218174e-01	9.403742344025745048e-01	8.194871794871795290e-01	8.179487179487179294e-01	8.205128205128204844e-01
9.220955483170466538e-01	9.163325816420279102e-01	7.829282552409587703e-01	3.566666666666666874e-01	2.833333333333333259e-01	2.533333333333333548e-01
8.976978357148825971e-01	8.511531712208573186e-01	8.616612350630901140e-01	4.433333333333333570e-01	4.299999999999999933e-01	3.833333333333333592e-01
6.056232939035486318e-01	6.533830755232029608e-01	7.126988171064604360e-01	1.079999999999999988e-01	1.142857142857142821e-01	2.257142857142857006e-01
9.993546007744790183e-01	9.999078001106398439e-01	1.000000000000000000e+00	9.490909090909090962e-01	9.927272727272726804e-01	1.000000000000000000e+00
9.995617330328073757e-01	9.998747808665163772e-01	9.993739043325819971e-01	9.699999999999999734e-01	9.899999999999999911e-01	9.499999999999999556e-01
8.784730913642052608e-01	7.909261576971213792e-01	8.168961201501877545e-01	7.399999999999999911e-01	7.399999999999999911e-01	5.150000000000000133e-01
7.501753507014028433e-01	7.633517034068135754e-01	4.405310621242484737e-01	1.000000000000000056e-01	1.000000000000000056e-01	0.000000000000000000e+00
9.931630353117956167e-01	9.942900075131479998e-01	9.864262459303781982e-01	6.959999999999999520e-01	7.399999999999999911e-01	7.920000000000000373e-01
9.996233994476525497e-01	9.998744664825508499e-01	9.992467988953050995e-01	9.599999999999999645e-01	9.899999999999999911e-01	9.399999999999999467e-01
7.064564564564564941e-01	6.687312312312312379e-01	7.098348348348347825e-01	0.000000000000000000e+00	0.000000000000000000e+00	0.000000000000000000e+00
9.167510121457489447e-01	8.578115962984383946e-01	8.245734528629264926e-01	5.714285714285713969e-01	5.714285714285713969e-01	5.714285714285713969e-01
1.000000000000000000e+00	1.000000000000000000e+00	1.000000000000000000e+00	1.000000000000000000e+00	1.000000000000000000e+00	1.000000000000000000e+00
5.166562107904641987e-01	4.301965704726056217e-01	4.008155583437892355e-01	0.000000000000000000e+00	0.000000000000000000e+00	0.000000000000000000e+00
5.442959582790091178e-01	6.734680573663625047e-01	4.313559322033898580e-01	0.000000000000000000e+00	0.000000000000000000e+00	0.000000000000000000e+00
8.278881338212231711e-01	7.260759714235929252e-01	6.978567694720334558e-01	3.333333333333333287e-02	2.599999999999999881e-02	1.799999999999999864e-02
4.639013367038186120e-01	6.094426251484162949e-01	4.037305143820138498e-01	1.629629629629629484e-02	2.703703703703703651e-02	2.814814814814814783e-02
5.910970479306749681e-01	6.399626047247491956e-01	5.038653770090971706e-01	3.428571428571428742e-02	6.714285714285714302e-02	8.285714285714285143e-02
8.731218250298229400e-01	8.066099695739005204e-01	8.125913118072031205e-01	1.051282051282051294e-01	7.743589743589743279e-02	7.435897435897435848e-02
5.231087174348697522e-01	4.744488977955911846e-01	3.815547762191048853e-01	0.000000000000000000e+00	0.000000000000000000e+00	0.000000000000000000e+00
5.604182319058351736e-01	6.150763836714250310e-01	3.612572001001753130e-01	0.000000000000000000e+00	0.000000000000000000e+00	0.000000000000000000e+00
9.705882352941176405e-01	9.723821443471005743e-01	7.050479766374635471e-01	6.666666666666666297e-01	6.666666666666666297e-01	5.733333333333333615e-01
5.509690410269317828e-01	6.054348998597677278e-01	4.569774549638632166e-01	7.142857142857142461e-02	1.071428571428571369e-01	1.842857142857142749e-01
5.287539045069165056e-01	5.187416331994645358e-01	6.704317269076305319e-01	0.000000000000000000e+00	0.000000000000000000e+00	0.000000000000000000e+00
5.828733012577024253e-01	5.763231197771587766e-01	6.311471258546467178e-01	4.533333333333333659e-02	4.133333333333333304e-02	3.466666666666666508e-02
8.868556701030927414e-01	8.788230240549828043e-01	4.955326460481099815e-01	3.266666666666666607e-01	3.266666666666666607e-01	2.533333333333333548e-01
7.088812436289499974e-01	6.796253822629969576e-01	7.990825688073394106e-01	2.220000000000000029e-01	2.399999999999999911e-01	1.759999999999999898e-01
9.071893787575150414e-01	9.182322979291916987e-01	7.651135604542418367e-01	4.933333333333333459e-01	4.899999999999999911e-01	4.799999999999999822e-01
8.020250368188512891e-01	8.416053019145802727e-01	9.311671575846833804e-01	4.957142857142857184e-01	5.728571428571428426e-01	8.157142857142857251e-01
6.990735146022155622e-01	7.114400805639475855e-01	5.719436052366565493e-01	5.199999999999999761e-02	5.840000000000000052e-02	3.599999999999999728e-02
6.926760159248233073e-01	7.002618270506796305e-01	4.812955059000753044e-01	1.285714285714285587e-01	1.314285714285714224e-01	8.000000000000000167e-02
5.069778288010332590e-01	4.255937432733012948e-01	4.654875511229102369e-01	1.428571428571428492e-01	1.428571428571428492e-01	1.314285714285714224e-01
4.581227360795215309e-01	4.810041277061747333e-01	4.155189116333922739e-01	0.000000000000000000e+00	7.499999999999999722e-03	0.000000000000000000e+00
7.010625836680053347e-01	7.413821954484605126e-01	9.385709504685407767e-01	9.866666666666666641e-02	1.039999999999999952e-01	8.533333333333333048e-02
