display_negative_rotated_x,display_rotated_y,speed_over_29.5,voltage_V
-0,1.4239023593247992,0.21854366700197889,0
0.0092479915980376859,1.4319816437822084,0.25976222581715058,0
0.020759178306256842,1.4409560830241119,0.1685932476021744,0
0.028773345953744922,1.4460075373085175,0.21157530444568695,0
0.03736134563642679,1.4542284314479943,0.23204437274402503,0
0.046102044961564559,1.4639035257933237,0.21629715919167361,0
0.056386801026164335,1.470379607055893,0.24376783945359376,0
0.069037547021679302,1.4756311060015612,0.25954846489732591,0
0.082488046287892303,1.4812686191320914,0.22362748732699855,0
0.09432979737906777,1.4854722636508129,0.19615169513309261,0
0.10445261216755597,1.4898323044654447,0.23701427356149785,0
0.11770974860323946,1.4911035203249661,0.22411095317614024,0
0.13005694364058229,1.4935789869073481,0.22593623211534838,0
0.14253465839961876,1.4959202371145821,0.22145762711865422,0
0.15497725495076509,1.4957464944019065,0.24907229020002553,0
0.1687786501939641,1.4980692613418363,0.21361173758156854,0
0.18071210614547795,1.4993589604686619,0.22823378210359885,0
0.19339541054596765,1.4974607364731085,0.25199665814026168,0
0.20711547941300523,1.4939593092827153,0.29115547723144974,0
0.22337456944746492,1.4921435485138517,0.30032360694463422,0
0.24016498000231934,1.4904527624864841,0.2980044710260738,0
0.25597521274307411,1.484936241342151,0.31106335634931287,0
0.27216776301523282,1.4783552308302959,0.26605349504096787,0
0.28640251746210055,1.4737874659456445,0.32134949798681728,0
0.30367249538889496,1.4685153493041092,0.29532904635177798,0
0.31907638235074387,1.462342532897889,0.36141105766127868,0
0.33721933514126334,1.4532188045651608,0.35411157934908721,0
0.35510309681514229,1.4444958770311409,0.38546679618662738,0
0.37361358052322657,1.4332487149435593,0.36535184074815463,0
0.39243131184294811,1.425042321316095,0.34650629250281911,0
0.4103298601306733,1.4173783381694065,0.35761312568010406,0
0.42725747223794741,1.4065504601478445,0.33064566340067153,0
0.44246614804254136,1.3958789784221892,0.39141103399038196,0
0.46069710903994121,1.3835765686007342,0.38169010142372994,0
0.47934920243009316,1.3729893984285049,0.35615118889021075,0
0.49600838178707818,1.3619004809635662,0.29804171925703898,0
0.50883258439344559,1.3511299010706495,0.41540636784390839,0
0.52676184275939875,1.3361838269343274,0.45610871795763003,0
0.54706448436320443,1.3205426426747735,0.40364207823233023,0
0.56205207243630895,1.3035193429518621,0.45153455130238768,0
0.57940195378687065,1.2850067248152151,0.44650975618360811,0
0.59662316374248547,1.2667606911021352,0.45128248796224257,0
0.61276694604345749,1.2472057635187355,0.44632325714747784,0
0.6279786070253266,1.2272666700771993,0.39553007571215421,0
0.64163512130734546,1.2097323814279299,0.35153950619847846,0
0.65520362738248394,1.1953767742673804,0.38815010852883769,0
0.66686168265114532,1.1769436341801551,0.40514499693750378,0
0.67943892095178882,1.1579680836121469,0.37536292310886188,0
0.69017409653499584,1.1398126179088663,0.40388264619672665,0
0.70088339554396839,1.1198039995277576,0.43062032745527712,0
0.71383740639583237,1.0993668554469771,0.39798522208855441,0
0.72628782162826155,1.080790257350948,0.38986941036550704,0
0.73607608927851231,1.0611916814021995,0.39401161254300293,0
0.74812940036569131,1.0426206282863646,0.39635714948190143,0
0.7547168066064458,1.021345627549735,0.36465234020329945,0
0.7589382229162851,1.00129520913001,0.42102690325032049,0
0.76803322877002955,0.97945561799183523,0.40341512561342363,0
0.77581194744654169,0.9581639823146304,0.39890461514634845,0
0.7805369593758158,0.93625301791015136,0.42360945098466135,0
0.78670323322382529,0.91326277752430141,0.36465234020329945,0
0.79092464953366459,0.89321235910457286,0.35245407181322197,0
0.79728243788547104,0.8744560479413197,0.3802696441976266,0
0.80135854785977756,0.85348090150940781,0.33255382977550019,0
0.80560584074384423,0.83528363576751286,0.36288239496680097,0
0.80996147342882807,0.81536373706947085,0.39046688992629808,0
0.81363123762423584,0.79373229537566647,0.40982387035322293,0
0.81675489468540263,0.77091693455303822,0.3838506970891587,0
0.81976651529218003,0.74955947058972061,0.38166101694916749,0
0.81946708636182564,0.72811584674625252,0.4134979827391988,0
0.82218994262427714,0.70504129480698197,0.3770227682353951,0
0.82600316482847802,0.68420221307694806,0.39510184178703089,0
0.82966923237042067,0.6623060352863126,0.36430970405841662,0
0.83123774273173723,0.6418954792559477,0.38238746516246119,0
0.83226199428555248,0.62043337214517269,0.40522718756526738,0
0.83618540461739599,0.59800402550741172,0.38116624133503746,0
0.83906650550249395,0.57678077791924043,0.39337718964055496,0
0.84114230813671043,0.55477441200095612,0.39429325061510323,0
0.84228968610528199,0.53264861632136729,0.40801181783528295,0
0.84091098119355223,0.50976373055916291,0.38907847653402089,0
0.84153258362191252,0.48791006428333183,0.34867796610169399,0
0.8412590312657855,0.46831959311769467,0.36800837455965646,0
0.84202963668315078,0.44765539095088069,0.31507015082763229,0
0.84363696190580839,0.43002456393726174,0.38844314105072536,0
0.84558409314506378,0.40828478244254018,0.39126211007706224,0
0.84593911114986042,0.38630244477175335,0.35305198540057842,0
0.84778159924166374,0.36655003233000993,0.43590476031922482,0
0.84783676294175336,0.3420563983927698,0.35817143611696101,0
0.84715871313345303,0.32194200001366013,0.37465989173230296,0
0.84646772503803902,0.3009010252956319,0.39597887248169483,0
0.84867404739393493,0.27876044300220038,0.38035721012853474,0
0.84678805020931236,0.25747136712791541,0.37223728813557955,0
0.84649601458587398,0.23655721547811392,0.4099592821759655,0
0.84643914183158131,0.21352147840018709,0.3609500347790694,0
0.84721529222913006,0.19325438037862153,0.38169010142370968,0
0.84665112720193747,0.17181445318861499,0.37783893923814332,0
0.84489934639245945,0.15065589703601567,0.34890870743599445,0
0.84701026723455186,0.13116452403764534,0.39179372126540979,0
0.8453797645131047,0.10920991126781665,0.35142106961599329,0
0.84417778749133277,0.089500010340877623,0.36544298123872937,0
0.84468550513858531,0.068971872875939866,0.39337718964055496,0
0.8419960580298067,0.047032046719957421,0.38663137281261989,0
0.84248714073648756,0.02531259681927267,0.37519283637116857,0
0.84100194435057318,0.0042827120616291126,0.39126211007703815,0
0.84135696235536983,-0.017699625609156833,0.42919369096111815,0
0.83996162250306838,-0.04177582380710998,0.39818042225123967,0
0.83938451918876211,-0.064142327336032423,0.39585971046647334,0
0.83947110444326967,-0.086385704450192335,0.41036524954609627,0
0.84020843997947736,-0.10943253148850118,0.42236943335917476,0
0.84120126997886757,-0.13314489542235641,0.43349792736613085,0
0.84072880981201337,-0.15749876800425611,0.38489039691660776,0
0.83897148402234478,-0.17905442830210383,0.40320181133114191,0
0.83958199649032395,-0.20170230286843349,0.41048020063865065,0
0.84045170007495074,-0.2247509782334749,0.43114203014553332,0
0.84369109024395073,-0.24875949981858358,0.4121198203644964,0
0.84575210626432096,-0.27182481012420112,0.40250603546963298,0
0.84768814754319521,-0.29435879990942038,0.42830043996863648,0
0.84960385722803267,-0.31834883822722215,0.39585971046644924,0
0.84889623419204696,-0.3405811253809965,0.43716351922963109,0
0.8517329752356062,-0.36498120613116125,0.41702661985321088,0
0.85114108530745369,-0.38840665404741603,0.40539151882990132,0
0.85148501335186921,-0.41118320000870057,0.39614003462470132,0
0.85024791812221423,-0.43340809385555357,0.4419743883462382,0
0.85188780174983947,-0.45818864381039326,0.40855559819565573,0
0.85315645780644189,-0.48111049610720968,0.41977925691152013,0
0.85388640003572647,-0.50468679533918692,0.39683997869059734,0
0.85648982653687256,-0.5268329226128099,0.40186430527059586,0
0.85802876367049663,-0.54936136741783859,0.41231505965356896,0
0.8579700425894714,-0.57252947254418274,0.40872538119214386,0
0.85937106669449292,-0.59545317316772906,0.39420174031263944,0
0.86184397347395958,-0.61746508406620659,0.44451639910368185,0
0.86361437682327136,-0.64237985039619261,0.45543283408230723,0
0.86471369829683908,-0.66794721533460777,0.41288005934782979,0
0.86810024312810441,-0.69089864085911401,0.42065101868100646,0
0.86962439364788935,-0.71448603005147326,0.35530863254474471,0
0.87318951469583794,-0.73413010269229861,0.41657385100483585,0
0.87511446601432397,-0.75745830076801823,0.44259558424387774,0
0.87715145378719939,-0.78224439570304849,0.37695651475862507,0
0.8767233534618839,-0.80342143512295383,0.40719478570777945,0
0.87865569808730726,-0.82622016100500595,0.41400774556397346,0
0.88045012968410674,-0.84941414270557924,0.43354913950220975,0
0.88050714171092892,-0.87377540859440028,0.38400972229864078,0
0.88259033765206141,-0.89525230231901975,0.40561052361684186,0
0.8849216347494604,-0.91792420513284956,0.40561052361681788,0
0.88725293184685228,-0.94059610794667758,0.40303658725183106,0
0.88759870821800035,-0.96324028585954657,0.33488231713770406,0
0.889720719020481,-0.9819374505674201,0.38654522820028764,0
0.89286285934895204,-1.003429130905884,0.36922050431972497,0
0.89456004110522258,-1.0241062713598126,0.38918545341551275,0
0.89531401158200197,-1.0459617859623744,0.40121463170627453,0
0.89778137338127095,-1.0683708010061004,0.33693125357432491,0
0.89778179875563069,-1.087303128583117,0.36683763326744712,0
0.90253268725913216,-1.1073609403097668,0.3582644032675667,0
0.90556463945995347,-1.1272623557405028,0.3533976835285656,0
0.90541975849877332,-1.1471194113297045,0.39389890093016333,0
0.90868872189548,-1.1690100441401485,0.34455458134107442,0
0.91305914119430298,-1.1878709984508582,0.3711621460976009,0
0.91568289928949298,-1.2085610771919004,0.30798801727940472,0
0.91955157129561371,-1.2254291174694423,0.33657688827909293,0
0.92233542234017563,-1.244135523810967,0.33338729932777528,0
0.92366322485215591,-1.2628215985584577,0.33636243977802482,0
0.92711076446553875,-1.2814048784852199,0.31826891457097417,0
0.93123677926156745,-1.2988060876098881,0.30627118644067336,0
0.93523966764283273,-1.3155436081657426,0.32530638156131342,0
0.93882881693828324,-1.3334668961771543,0.29607985230818618,0
0.94031856072636799,-1.350036930476711,0.30920207797093963,0
0.94392064830892508,-1.3670336421492069,0.26800735164231287,0
0.94755600577263976,-1.381647728950206,0.29290406034487143,0
0.95210130463469511,-1.3974660664740677,0.23450698741693249,0
0.95696124441530372,-1.4097141633441463,0.31397603139526631,0
0.96468337643934632,-1.4255768607095423,0.27398792637225189,0
0.97110770455345374,-1.439567922129803,0.24606806804394982,0
0.97795686171377127,-1.4515790078040069,0.24022423033248069,0
0.9838775942084439,-1.4637095232395145,0.27353174414161874,0
0.994043345886098,-1.4752373448883178,0.23151754273509073,0
1.0006388569099656,-1.4864505256185634,0.24201972196525989,0
1.0094975630440288,-1.4967685515643119,0.22523500447159109,0
1.017034437020655,-1.5069357261943397,0.25498544944994295,0
1.0281618832451045,-1.5159614932103453,0.24111213763090469,0
1.0393078127368582,-1.5236635797421849,0.21190297276109143,0
1.0496854105123461,-1.5295014236358124,0.19915641251199043,0
1.0595409294010878,-1.5348024020288493,0.24630479666131866,0
1.0728601974694243,-1.5385630203358875,0.19258214706155152,0
1.0835616777971211,-1.5401687833336473,0.23118166218533351,0
1.096524504908281,-1.541011759595329,0.22857399448895976,0
1.1093605089512195,-1.5414557833850324,0.27337951423782225,0
1.1247207475477197,-1.5412730851405332,0.24827993509477089,0
1.1386360275720264,-1.5402758470114994,0.25658037856311366,0
1.1527132488724376,-1.5371625684345318,0.30247820807500686,0
1.1689360838484717,-1.5320933423590075,0.31035774318693637,0
1.1858115174329384,-1.5276951981592193,0.33455066831439817,0
1.2036357072770798,-1.5217215756655467,0.36150319168497119,0
1.2231751367704504,-1.5161690855646226,0.32899646363209151,0
1.2404772477278527,-1.5096585975703611,0.34455458134108219,0
1.2578089319129404,-1.5010302208014368,0.3622700639758884,0
1.2767142460651897,-1.4934829683406123,0.35091529107617325,0
1.2934099665824235,-1.482992197260204,0.38559636728089342,0
1.3118394100161908,-1.4715988780883791,0.41885930410235994,0
1.3314823458064708,-1.4586337772761322,0.46205710954295093,0
1.3530006141953521,-1.4441061364571155,0.41647390925818456,0
1.3736747694720108,-1.4331413429849604,0.42177108759416065,0
1.3930622107991084,-1.4195107052771698,0.43259431838344764,0
1.413631722928308,-1.4065585427520366,0.39909936563264564,0
1.431820458512739,-1.3934407422973356,0.39648316161376362,0
1.4477922071552385,-1.3779088954167182,0.46129369123988079,0
1.4687902449841133,-1.362712021048698,0.43441243375038702,0
1.4875435709700895,-1.3470866209810071,0.4703611416371688,0
1.5055544418140272,-1.3277438255972722,0.35292619303549344,0
1.5184743320360283,-1.3126989393955153,0.43110984455851642,0
1.5312071158838805,-1.2920908985068085,0.43085227330653397,0
1.5465613841258374,-1.273372976830542,0.4395250253595096,0
1.5628403803799813,-1.2548003614898064,0.42535506130938261,0
1.5791045900202718,-1.2372866905364042,0.40724930551199057,0
1.5926020089309318,-1.2188076283827431,0.43985954575781799,0
1.6070481841012807,-1.1987530879351986,0.40618484937113614,0
1.6185767172262686,-1.1790549884448298,0.42196843818794372,0
1.6305134444568949,-1.1585682256441547,0.41196490961815124,0
1.6412588592517707,-1.1380648279029026,0.45859053954985685,0
1.6538851516254383,-1.1156017860096341,0.40215424571374286,0
1.6630439981660459,-1.0949438402991989,0.42147488844029435,0
1.6741920620863624,-1.0740488833928898,0.40341512561341825,0
1.6825622453166673,-1.0529827435768224,0.41886592968358072,0
1.6909453668340788,-1.0309900274218391,0.35762088596064867,0
1.6992767352030427,-1.0127036166225167,0.41141888996054932,0
1.7075219436918516,-0.99110615628605281,0.37995570055820105,0
1.7145555081508803,-0.97094810954159438,0.39354646908164753,0
1.7212049067517654,-0.9498579414780286,0.43031087183970346,0
1.7256410150641841,-0.92608899089171182,0.39901591277768356,0
1.7320312225484287,-0.90459802202943518,0.42451257277846705,0
1.7360665300621392,-0.88108826255976158,0.42140245253646863,0
1.7412876050314097,-0.85799224217591163,0.43452741006154311,0
1.7446703139366875,-0.83381140083050287,0.39622409319856622,0
1.7485510734812095,-0.81188820961509389,0.38924962543226882,0
1.7524262880455481,-0.79036212254493687,0.42512011618585055,0
1.758573939353731,-0.76727904044820061,0.40914613899754426,0
1.7620686847133911,-0.74455609596210248,0.38001412831505071,0
1.767256489801504,-0.72384270044974919,0.40415740567353026,0
1.770615170459287,-0.70138264373375314,0.3762564610036504,0
1.7728945751357017,-0.68036384893649426,0.36922050431972775,0
1.7751684348319188,-0.65974215828448379,0.37966342689911992,0
1.7763925917744672,-0.63844384077654759,0.40402691822002307,0
1.7784294402748131,-0.6158329327448282,0.38844314105074934,0
1.7809828226817146,-0.59415599435894695,0.40618484937112725,0
1.7842109836178182,-0.57156172126780547,0.39445510145161805,0
1.7829312376008275,-0.54943407726148585,0.38638006400929487,0
1.783366731233059,-0.52772756564791656,0.39346889171141713,0
1.7839401378939073,-0.50562579821582698,0.38404585520821349,0
1.7845061512478324,-0.48405350297740402,0.37754502690769004,0
1.7874473961663284,-0.46304394981379726,0.38884302379750274,0
1.7872228978832112,-0.44119582851815764,0.4243883440112301,0
1.7866290203558108,-0.41735664151607921,0.39111312945807397,0
1.7866711064962573,-0.39537984882548383,0.40590462522643922,0
1.7883126991780856,-0.37263102776515744,0.41939563704628857,0
1.7861248600894939,-0.34916676498756072,0.40546681506780741,0
1.7856485639966522,-0.32638837069954363,0.36753297471600671,0
1.7858045349182134,-0.30573710681984423,0.38404585520821349,0
1.7858410760784764,-0.28415741827449814,0.39832675959777286,0
1.7854916030538632,-0.26177797645846201,0.39582465598778266,0
1.7860668580414369,-0.239543840977956,0.42642372881357526,0
1.7838845639330358,-0.2156824740551091,0.38898573943902287,0
1.7833953295530875,-0.1938306561060088,0.39355352081155953,0
1.7831745279234354,-0.17171779871353632,0.35002049145907765,0
1.7817272956501498,-0.15210329930040078,0.37931240123482562,0
1.7818925082053667,-0.13079019517861923,0.43119352208769174,0
1.781833647851812,-0.10656129733821196,0.39055216953341737,0
1.7800207329877011,-0.08469099612180564,0.43113559322035361,0
1.7803589767794037,-0.060467643261589821,0.37989726381523808,0
1.7794652449472892,-0.039139752525962024,0.37156568892903091,0
1.7777699115177441,-0.018330244023617936,0.40120079743453502,0
1.7767604465777822,0.0041908074744876345,0.42953625741931911,0
1.7732544719852115,0.028070657664638787,0.42788554569924198,0
1.7755745398497069,0.052001549527061819,0.37742004485907876,0
1.7748113277392648,0.073195223887542404,0.37298209116957032,0
1.7737796828785406,0.094127858804649911,0.42213282653738088,0
1.7730515889759886,0.1178365260850418,0.4196536269577763,0
1.7760261037756351,0.14122870412014699,0.36592868047697391,0
1.7776362749030383,0.16172726835739226,0.43380510949619711,0
1.7789029433603858,0.18607005097890994,0.39389185538344201,0
1.7802705583117344,0.20816072845061395,0.36391336717781003,0
1.7821436172092433,0.22852322798598301,0.41968007849430095,0
1.7833991957062096,0.25207180231700033,0.41952134425778081,0
1.7843900381063378,0.27562407330148009,0.4243883440112301,0
1.7856493132567621,0.29943738372932938,0.40757627118644402,0
1.7859690737811604,0.32233705610537911,0.41723951753840249,0
1.7870904359029822,0.34575511071470899,0.3948207805088858,0
1.789252259144817,0.36783469822603276,0.36391336717778605,0
1.791125318042333,0.38819719776140094,0.36544298123870528,0
1.7922060169760812,0.40870315530557022,0.38224954623774016,0
1.7936967583421861,0.43013014420846218,0.4048503434999195,0
1.7962630790362013,0.45273365893325845,0.40106934805309524,0
1.7977686070161525,0.47521959222348453,0.41531282741278919,0
1.7994175930049039,0.49849788547747576,0.40297461075690583,0
1.8002631290695064,0.52112542844977039,0.40743325599017577,0
1.802963666138659,0.54385946289625142,0.42318995770753032,0
1.8052800373496893,0.56752561866183981,0.36988885882491501,0
1.8088757292033506,0.58799645799812783,0.36150319168493356,0
1.8119364038831449,0.60807758649608878,0.37565854270427579,0
1.8138187044143095,0.62910192627354089,0.41635394749533833,0
1.8162618986935612,0.6523691295671501,0.3962240931985383,0
1.8201426582380904,0.67429232078255552,0.39278413707731236,0
1.8244168252744046,0.6959452309209393,0.3750670705126285,0
1.823651764837237,0.71700653723300256,0.38251807932595044,0
1.8267290744576101,0.73827897816671229,0.42769741422932855,0
1.8289167742736794,0.76221171835586343,0.39590878152224684,0
1.8297567653580984,0.78444215718290877,0.34788910992823735,0
1.8318816220653176,0.80387438372590214,0.39781783143008104,0
1.8344423977791422,0.82608079430544823,0.41959410490359911,0
1.8355656082276965,0.84963121696319543,0.37006888261501536,0
1.8365176357664765,0.87040375893092925,0.38609984151575866,0
1.8390691698466455,0.89194832926839229,0.37800783534893428,0
1.8409533187045426,0.91310503709426083,0.33772105297666516,0
1.8425413099111836,0.93201518475050893,0.38782107677351307,0
1.8458870522818529,0.95354866512758818,0.39316548784588146,0
1.8495012274028184,0.9753431849480414,0.34473978462561611,0
1.8532089557108549,0.99435612742501789,0.34982221774435035,0
1.8550709246479826,1.0139244186698875,0.35184725473362316,0
1.8579918379724418,1.0334779233009108,0.34473978462562466,0
1.8616995662804783,1.0524908657778873,0.35717051098255587,0
1.8648889123552337,1.0723054098522873,0.34108984335661219,0
1.8671405921306885,1.0913386839233006,0.30919310245376297,0
1.869763499477159,1.1085132603362879,0.32580932531281315,0
1.873984065038286,1.1263274970705943,0.31741323406653432,0
1.8760848934980174,1.1440389389841705,0.33232008370703919,0
1.8795186440755671,1.1623937378725273,0.31882648673092445,0
1.8830736727411548,1.1799524801436512,0.32461463020669473,0
1.888084749939317,1.1974908908207418,0.29554509841926441,0
1.8908289353738255,1.2138694106165033,0.286088172425224,0
1.8962038468360873,1.2290196514419023,0.32706754365077545,0
1.9021396520464364,1.2464127557834601,0.32699965562268118,0
1.9097870002525497,1.2631199916354383,0.33827937854511986,0
1.914809167411093,1.2814526106030257,0.28478533421564023,0
1.9195240869580061,1.2967444611104924,0.28018760079690719,0
1.9250258214884965,1.3114957494639157,0.32124584800086009,0
1.9314837055855847,1.3283519883048847,0.2660430638204328,0
1.937500125695891,1.3420369389640499,0.2809887460035298,0
1.9431342282747934,1.3567863789907406,0.24897199038556189,0
1.950187412851669,1.3688681264550624,0.24339185649031511,0
1.9565787571864632,1.3809591155530399,0.27605655070998503,0
1.9624720508820062,1.3953077547810189,0.29362326240281889,0
1.9728455266296763,1.4081375023675733,0.27290197732377958,0
1.9800514108490006,1.4216734500377477,0.27192397694710585,0
1.9896177400190567,1.4335877112457744,0.26354869126740116,0
1.9996987547689287,1.4444356347595466,0.24711471597169371,0
2.0089781679213843,1.4547651760400342,0.25008417313226738,0
2.0194359552224768,1.4641515060410342,0.17481588459747716,0
2.0273288447819198,1.4699990169426691,0.22052834236114024,0
2.0355345269331977,1.4792844004496715,0.20497964108800712,0
2.0447658835906566,1.48617237247133,0.23711963145378931,0
2.0566335112560665,1.4922291696678798,0.20457306949877155,0
2.066771112658401,1.4976481548698466,0.20457306949880871,0
2.0779306919134655,1.500404992489635,0.23701427356148777,0
2.0886328837173451,1.5083315773045918,0.28060329494730951,0
2.103912507413888,1.5122224292314819,0.20334847743450191,0
2.1151915164302437,1.5140508421856289,0.28997113696022081,0
2.1308756375789599,1.5184656213259906,0.3012831097309932,0
2.1477141046288111,1.520216404557452,0.26995734711558922,0
2.1627068123077535,1.5225225365568065,0.27994978414570387,0
2.1783521185951287,1.524157586680424,0.28506779661018616,0
2.1943686524535195,1.5239339391460192,0.28280019806437207,0
2.210258363243689,1.524109244083597,0.33226162149614086,0
2.2289167130902143,1.52345152586933,0.319191864144658,0
2.2466170650434094,1.5205564891191017,0.29359490624744128,0
2.2623004747159428,1.5154389204467478,0.2691336767072256,0
2.2769434232684347,1.5116598188724062,0.30627118644067336,0
2.2927351727418852,1.5048196172439106,0.35239107452566865,0
2.3114445642606896,1.4983358565725879,0.45506097498119885,0
2.33486745237402,1.4880792507833043,0.3371947255884653,0
2.3518283343624518,1.4796339976332327,0.36792541250101862,0
2.3705044560000985,1.4707676120904161,0.41090591545850286,0
2.3910097020680823,1.4601545653439594,0.37906356138246422,0
2.4083122383998372,1.4477327257611989,0.36267584883761239,0
2.4249621761231666,1.435981968054179,0.34992533409668802,0
2.4421730075945831,1.4264740738633179,0.37584318687500212,0
2.4598855863587019,1.4149732656392864,0.37465989173226483,0
2.4767891702184812,1.4024246029883045,0.3725949793983136,0
2.4943712292609206,1.3910580111394211,0.40662188642233499,0
2.5117728637599441,1.3762516983584376,0.34696251164531461,0
2.5268251432686171,1.3638612803301022,0.38192996382962141,0
2.541031461338342,1.3477756469064879,0.44998921816697762,0
2.5591884892665178,1.3301785151483756,0.43708733400392191,0
2.5772260874333952,1.3135098080559118,0.43828571306177078,0
2.5939196735220662,1.295403535698167,0.43136082844946844,0
2.6092803374929261,1.2766539063656488,0.44482221109437164,0
2.6265033957752664,1.258540240700988,0.4394555646880291,0
2.6377144420769554,1.2365387082867052,0.45880229679437629,0
2.6546542809951532,1.2171050587913363,0.40999312814359151,0
2.6678952078646176,1.1982526346380915,0.34306935578463688,0
2.6773251862309664,1.1814393326862849,0.38869311597775269,0
2.6881816399021972,1.1624878103657714,0.42410051662846432,0
2.7008746113106952,1.1423190990352872,0.41967346576648684,0
2.7119699245045368,1.1215107273834839,0.360334420064503,0
2.7207177310347532,1.1032506185327478,0.38562515494509336,0
2.7302431109149126,1.0837881072858764,0.38149373818986998,0
2.7380403128587218,1.0638201520928376,0.40176070440301026,0
2.7455542954383958,1.0425322130690979,0.39431436536123127,0
2.7529414549498483,1.0216432265173374,0.35245407181321536,0
2.7592992433016477,1.002886915354086,0.39776201888990298,0
2.7648221601748872,0.98122959708605251,0.39043135125905754,0
2.7711485269722758,0.96022302909971913,0.39097119037536948,0
2.7756143477849093,0.93871286549395005,0.38169737219608074,0
2.7806188824248608,0.91785714882334002,0.40970196144691301,0
2.7857336051924619,0.89541116724500203,0.42451257277845511,0
2.7891109083900787,0.87179790147841363,0.3948559241094961,0
2.7939719850212299,0.85014982484403578,0.38049581497193025,0
2.7965883498094968,0.82893027390932605,0.38222050433326082,0
2.7989381301742,0.80758205157966234,0.41952134425778081,0
2.7992709682582273,0.78401129732787833,0.37313831092603394,0
2.8004349811673777,0.76307681408403738,0.41075054689948703,0
2.8015694208488284,0.7400244420655353,0.42665795608536483,0
2.8004406654200906,0.71607691526253792,0.39119826818769504,0
2.8006633153764753,0.69409642591848097,0.42665795608536483,0
2.8011229765287311,0.67012671919471689,0.42883790813166756,0
2.8003894769185109,0.64604127936311073,0.4157736443731645,0
2.7983433867845093,0.62276853108931096,0.44589401333611117,0
2.796670372548256,0.59776945320590436,0.43129648752933297,0
2.7956702885144793,0.57355534197934244,0.41965362695772845,0
2.7926957737148257,0.55016316394423992,0.43452741006153706,0
2.7893130648095479,0.52598232259883115,0.46311299462598443,0
2.7869652720440996,0.50006591001016165,0.40993220338983494,0
2.7866436631929759,0.47703386958569549,0.46942207801852809,0
2.7849521656894183,0.45071111121812457,0.41085863559498959,0
2.7817203080998638,0.42785210203014756,0.450137208486103,0
2.7807054374522266,0.40257904641625508,0.43615934786591209,0
2.7794369206681537,0.37810389574632364,0.45860264259785694,0
2.7769604565077515,0.35245406758121955,0.45061784136263372,0
2.773697177363772,0.32734480157016321,0.47027263083664722,0
2.767117303702463,0.30175227153370532,0.448840638744751,0
2.764912968945815,0.27662821890880451,0.43177881073084246,0
2.7632510446699499,0.25242334931589738,0.45473763740633089,0
2.7583993489449767,0.22733626322560951,0.42953625741931911,0
2.754227976729382,0.20356361598583295,0.45003855368059315,0
2.7487199857425182,0.17888287567444561,0.47330789371424248,0
2.7458353274764846,0.15244438419903439,0.46361609202163329,0
2.7411086064930004,0.12682597758834735,0.45747568932130545,0
2.7361226943928756,0.10160837177637383,0.44332860265067314,0
2.7329973282775057,0.07689436158383689,0.42721048313148013,0
2.7288278043886507,0.053254082392477642,0.46169659678878616,0
2.7239705636834799,0.027769892156938702,0.46555151781798204,0
2.7193743624216893,0.0020172691711053403,0.4781149500767789,0
2.7152965433931726,-0.024536955412147954,0.44081751701740418,0
2.7097959457132248,-0.048688223529866903,0.4299172839210863,0
2.7054922054492252,-0.072459022442913579,0.4597932316351489,0
2.7005044450223679,-0.097808996303302642,0.45212419865378856,0
2.6965793256363071,-0.12290902068070597,0.49731937558571715,0
2.6914296239333453,-0.15037503498903071,0.46076396660500435,0
2.6890836794946367,-0.17615907952928378,0.47370643923998113,0
2.6840848291073982,-0.2023032616801741,0.45323384295891961,0
2.6806873335882742,-0.22754304741291431,0.46145609848010388,0
2.6767548208952903,-0.25317254398398337,0.44282752466894354,0
2.6738941908767515,-0.27789025082998098,0.45160829932406482,0
2.669309079575342,-0.30284866552531398,0.48808183555213719,0
2.6628467873485988,-0.32950198827583321,0.47717951383402291,0
2.6582413444531454,-0.35591645150374784,0.51409550155298611,0
2.6537386963784257,-0.38445065183305616,0.47871243809961317,0
2.6504532373136769,-0.41114833442511056,0.47875881372947132,0
2.6453183222245684,-0.43755540434610296,0.45771827905591134,0
2.6390124262937391,-0.46248979079393759,0.48376989747496363,0
2.6330814545873977,-0.48901813880296174,0.48482428811644529,0
2.6303199227361276,-0.51612031884718768,0.49653751420851167,0
2.6254349571299969,-0.5435900298089722,0.479245486899537,0
2.621884761968424,-0.57028401574756415,0.48648716484897708,0
2.6172719257660475,-0.5972279511691454,0.51313912439827036,0
2.6131663818365709,-0.62576769647864605,0.47274466920707303,0
2.607112283715459,-0.65163235591885638,0.48599632276359322,0
2.6036889116221147,-0.6787252943294293,0.443422491734901,0
2.5975264737000856,-0.70286732081349612,0.49924643760191245,0
2.5925072917188032,-0.73046755149696718,0.48365515129277137,0
2.5890857679521844,-0.75742812185912367,0.51655660394478931,0
2.5829965516231965,-0.78580777421924708,0.49150979665399558,0
2.5791723787311369,-0.81315990374646141,0.49745328557571838,0
2.5758721330525418,-0.84091653072584638,0.48723958844389648,0
2.5709945607533342,-0.86785676949396517,0.48577928106387347,0
2.566646460647803,-0.8948044015690062,0.47908911015260935,0
2.5646828337404912,-0.92165293547678306,0.46528915462811071,0
2.5594266405633377,-0.94726394878054521,0.47915861722959963,0
2.5534993655104614,-0.97352756069273738,0.46666491579814123,0
2.5478460681880577,-0.99913302901630718,0.4463232571474669,0
2.5457759498065613,-1.0241265619195232,0.44547058578968202,0
2.541724007352272,-1.0488276338249456,0.52445823704238215,0
2.536816861825379,-1.0778857613677282,0.47703991282255648,0
2.5345903471479616,-1.104598230573627,0.45179875932911451,0
2.5307975958103199,-1.1297001032777594,0.43962603947221035,0
2.5284682863121759,-1.1542928353822646,0.47485331653114171,0
2.5247894197556491,-1.1807202368972929,0.44582554496907217,0
2.5206051092529478,-1.2054194604759854,0.44837666949537353,0
2.5187978786415428,-1.2305490580810776,0.44884682176143798,0
2.5152717117274648,-1.2555222593902551,0.39653915415207858,0
2.5121833121467105,-1.2775889086144634,0.43345311178361245,0
2.509330075435102,-1.3017771432667953,0.41497189467448031,0
2.5080781935915937,-1.3250609815009797,0.42878613330931997,0
2.5078741661750357,-1.3491538146395081,0.38724101519527787,0
2.5061149920586345,-1.3708418429857723,0.39267814058252892,0
2.5038226490951061,-1.3927872141219471,0.37471173905908145,0
2.502999292951273,-1.4138263405132436,0.39361698069582418,0
2.5020287821451817,-1.4359225629651409,0.36556446654643954,0
2.4992291469087533,-1.4562721242133954,0.32750847282196183,0
2.4987074933963669,-1.4746675862898231,0.3371041803102594,0
2.4977813424318072,-1.4935869755797251,0.34880529054124976,0
2.4969783178820109,-1.5131700534384409,0.30866308497896183,0
2.4964714509834707,-1.5305065711275381,0.27474654690965533,0
2.4978454616637151,-1.5458834446646152,0.27713013867210395,0
2.5014734258204996,-1.561027003659281,0.24358561715975979,0
2.5024743606029958,-1.5746775475867523,0.25341333715579012,0
2.5063873924506552,-1.588368754702298,0.18742621568437837,0
2.5088924322607227,-1.5985980609649788,0.15542011714191969,0
2.5108920281246299,-1.607099189291322,0.13335491973111829,0
2.5147743498940542,-1.6135083054172306,0.15889885107250223,0
2.51703683352806,-1.6221454984454526,0.13430880007526083,0
2.5229287042712372,-1.6268615548429066,0.099396888550955381,0
2.5276532908261586,-1.62984019167037,0.12519734952718667,0
2.5342384233658279,-1.6323152328783967,0.11042764669086413,0
2.5403107186523997,-1.6335915683437543,0.13032373012518325,0
2.5474807731876652,-1.6321029614062104,0.19677323454081802,0
2.5581145769025184,-1.6290739943826633,0.17433898305087792,0
2.5674247001332091,-1.6260265440918111,0.20497964108794692,0
2.5766560567906609,-1.6191385720701499,0.23041209662637055,0
2.5870898158442515,-1.6114730266985653,0.25500721610240101,0
2.5998895648287643,-1.60503206364388,0.27354188978961963,0
2.6132354209475182,-1.5974071814603699,0.28839728146488081,0
2.6264729372653477,-1.5880596663207145,0.34631402043078557,0
2.642773401964071,-1.5774309822116983,0.35030580845446307,0
2.6590794116429848,-1.5664051939574337,0.31252308711040944,0
2.6726075406318799,-1.5552082227934081,0.40841972098083607,0
2.6917173075750327,-1.5425004647710709,0.35009184250732539,0
2.7063321058522192,-1.5293327594946451,0.36168738932332328,0
2.7204377635297732,-1.5147016123787145,0.42488504114661535,0
2.7372240520568099,-1.4977248069258993,0.4012007974345711,0
2.7546352142913264,-1.4834046040750666,0.39716852627677235,0
2.7696933248820272,-1.4669332425684196,0.41576696951395059,0
2.7881634315038681,-1.4526278263314332,0.44677072404321916,0
2.8068010243820041,-1.4358092655012626,0.44984117916151711,0
2.825181274470232,-1.4184575358239657,0.41830238063292879,0
2.841568610525286,-1.4016075534393764,0.46476398392992174,0
2.8569561486483934,-1.380507006891615,0.41169536078854368,0
2.870326744490832,-1.361628992265973,0.39038159168961289,0
2.8843314556743991,-1.3447457400002323,0.43185593245284609,0
2.9009946177866723,-1.3271052459786032,0.40758308018216471,0
2.9148854441891174,-1.3088964649019683,0.48724528418810487,0
2.9313430166599446,-1.2870164966775519,0.48310973473946361,0
2.9484513394124647,-1.265939978377288,0.39769922041970673,0
2.9619395166894691,-1.24812275646571,0.50057322642439717,0
2.975391438908062,-1.2234205477097433,0.43838068219557724,0
2.9862914016721192,-1.2013305817142248,0.47965067066761174,0
2.9978846262326826,-1.17699960052928,0.45176190236900238,0
3.0115550763798353,-1.1556102896371865,0.4405089248796093,0
3.022456887470625,-1.1333879555932524,0.42009647050105003,0
3.0320257764436036,-1.1118089785240945,0.35213109158279654,0
3.0404839678807818,-1.0939215201967514,0.45018036316512089,0
3.0503416211980863,-1.0706254551516405,0.43621024754492393,0
3.0600558165065905,-1.0481217500702975,0.4789674484965869,0
3.0675659631602841,-1.0222774222241231,0.46287922781877461,0
3.07861862556679,-0.99873325602275376,0.40776007416250415,0
3.0876506490391762,-0.97767635784034024,0.42852716536583607,0
3.094987764456377,-0.95474227873259654,0.38400972229864611,0
3.0976698182582325,-0.93333192477027893,0.48704019543340926,0
3.1054502459889477,-0.9070941894323159,0.4664626774719336,0
3.1136092945976017,-0.88218567955870864,0.46253735611617236,0
3.1187312713996036,-0.85670518597663214,0.45281115010740891,0
3.128327885273535,-0.833140688181226,0.43531226875668078,0
3.1379097125336273,-0.81063513477315308,0.45793043965324881,0
3.1436879845975128,-0.78556098696998067,0.4574756893213528,0
3.1486738966976375,-0.76034338115800448,0.44979182199883094,0
3.1525971677569657,-0.73537572482901847,0.41261110836377696,0
3.1572832255523764,-0.71266941528349559,0.45061784136263927,0
3.1605465046963559,-0.68756014927244014,0.43347231902918804,0
3.1644568374685704,-0.66351906928236914,0.44331608260369121,0
3.165863267281253,-0.63864866279391741,0.36095003477907445,0
3.1672050056583743,-0.61841113800004255,0.39547394030516458,0
3.1697639330454592,-0.59633709546891289,0.43087159649138546,0
3.1756523932370015,-0.57285321257346666,0.39502456987065249,0
3.1779465845272625,-0.55077547338887456,0.40134603350424963,0
3.1797168486040448,-0.52829323675211182,0.46262734684747908,0
3.1816675372242429,-0.50237127918325175,0.39832675959777425,0
3.1826417446837993,-0.48001032063452076,0.37223728813560364,0
3.1829337803072377,-0.4590961689847175,0.42901260202643449,0
3.1840643840627081,-0.43501627413330457,0.36988885882491684,0
3.1842222033109948,-0.41423264220518785,0.38724101519527232,0
3.1830692803622327,-0.39250395067085009,0.38270666553042415,0
3.1817802927115935,-0.37103814690661618,0.40053619046672861,0
3.1818297721589701,-0.34853188202235508,0.36453055091582498,0
3.1801288937492345,-0.32811947766525851,0.34635408591446593,0
3.180135861681805,-0.30865767789457621,0.38683230230463561,0
3.179380042878293,-0.28693453134042901,0.37698596218577712,0
3.1772913019569629,-0.26585474176106061,0.39585971046644924,0
3.1779989249929557,-0.24362245460728538,0.39210526437557935,0
3.1767173306492396,-0.22162717864938397,0.39111312945804988,0
3.1772888889833553,-0.1996577792657126,0.38643752043017471,0
3.1771949104219246,-0.17794387434521752,0.40524773261762775,0
3.1772480865227521,-0.15517287336412444,0.32580932531279799,0
3.1763118431758244,-0.13688944774207634,0.3764850426775842,0
3.1744878383513324,-0.11581335481616861,0.39515100695725586,0
3.1716178274266156,-0.09379589893750051,0.34189438790244425,0
3.1695013616043326,-0.074701630084376802,0.3509073825021487,0
3.1665962324717398,-0.055199167125620896,0.34918698530133857,0
3.1658108404405354,-0.035593909346137487,0.35346050140817409,0
3.1621115030174352,-0.016080356426998677,0.33828758233997219,0
3.1606550291105009,0.0028723027440555882,0.36108071769106342,0
3.1597465106645402,0.023141249092348382,0.39636415120689777,0
3.1588657171195322,0.045395716166891198,0.34750598960652174,0
3.1563558438054571,0.064760266097038333,0.38166828827559091,0
3.1565229046873995,0.086205738267238097,0.36373792657639165,0
3.1553514984713331,0.10661074931741066,0.34906775052361261,0
3.1546984744885478,0.1262141587701624,0.3651694915254548,0
3.1549849651317956,0.14673120627471725,0.35492570201383894,0
3.1534090614635488,0.16661229011141643,0.38563954797127298,0
3.1556958594468938,0.18816055710234103,0.3456081076751224,0
3.1596683238517613,0.20716980292585507,0.3439661016949121,0
3.1599381795544303,0.22649553799465938,0.37477838936845376,0
3.1608939037466754,0.24753281605922517,0.36175643925775125,0
3.162897482365878,0.26776109921944702,0.36217812503587915,0
3.1662228931425105,0.28783853106394641,0.3606038808199325,0
3.1688864636770546,0.30792520454209882,0.36108071769106626,0
3.1703605701025879,0.32816088100924201,0.31625702549728607,0
3.171667190271819,0.34588341288320468,0.33459214239485618,0
3.1741780611639143,0.36451588615550712,0.34319876098731711,0
3.1762992212176826,0.38368337660166674,0.30187205711715759,0
3.1787842155355506,0.40046269719613736,0.39758755420372444,0
3.1812126232009561,0.42267095610241689,0.35751998917564914,0
3.1845343373241306,0.44248365185008254,0.36687545742933697,0
3.1886558047179889,0.46268236178261368,0.34784922124956713,0
3.1918377574858212,0.48196743366334438,0.37009137943158499,0
3.1962258093032503,0.50229481499083217,0.41422889461384521,0
3.1987995233041815,0.52542780190929506,0.39428621211507686,0
3.2028108025703972,0.54721677674955505,0.40809343108142632,0
3.2092084033615578,0.56923721780549652,0.39180788768997399,0
3.2138778262163967,0.59075221491527063,0.39920365716836204,0
3.2186851620998453,0.61266246784356504,0.3845585761329991,0
3.2216319519985248,0.6340691251524202,0.39674905579227349,0
3.2280203111560439,0.65542772596628129,0.33092252638902736,0
3.2323769414190551,0.67350485047068798,0.36732148839984463,0
3.2366307768613254,0.69370171207649012,0.40298149750480933,0
3.2418370652167425,0.71573878807300684,0.34226757316510414,0
3.246730560980339,0.7343379914641579,0.40844010544475839,0
3.2536557856384434,0.75621867116476249,0.3256730105428281,0
3.2601173663889966,0.77333964610256345,0.34473978462559696,0
3.2675166134388505,0.79124189104375109,0.38488318646321024,0
3.2721804913134918,0.8123597840082768,0.35245407181321536,0
3.279059507803332,0.83093126249846794,0.34804861892787697,0
3.2836938124502879,0.84993126668832897,0.40699709019568436,0
3.2919353242856317,0.87126399092796181,0.31919186414468542,0
3.2948303610358636,0.88896434288115511,0.35318559069787187,0
3.3010512339370806,0.90780979910183479,0.35940902089069726,0
3.3062224040846147,0.92733188217843843,0.31992136709838592,0
3.3093821769316847,0.94502853747817195,0.32070113597450439,0
3.3145219255248008,0.96230036373169625,0.31099197470504913,0
3.319521912762589,0.9790445661182865,0.31365766895619512,0
3.3254466280125499,0.99564346216934396,0.30843822657874487,0
3.3312352785606336,1.0119794704503029,0.33155090063628384,0
3.3375700362429654,1.0294993978600822,0.31891351932250517,0
3.3417850568239018,1.0469165304491383,0.29327334487100837,0
3.3486141684920128,1.061914071632085,0.28462937290374052,0
3.3541195996759612,1.0769300960823394,0.23886875497402119,0
3.3593233282284629,1.0893024562177267,0.26673064934319674,0
3.3644187169800475,1.1033974493092522,0.3660196773319811,0
3.3705183117932407,1.1230389621471595,0.26424276747126035,0
3.3783730979675255,1.1356390918447659,0.26537461285500763,0
3.3828084948037613,1.1498756946183661,0.32933370575195681,0
3.3922979057273182,1.1657628456056166,0.25068270013065252,0
3.3976432439618947,1.1787951976563527,0.29081213338883316,0
3.4049962828434772,1.1933882413871295,0.26078583924363541,0
3.4108766382519065,1.2068103042761926,0.27207702124018157,0
3.418475929963023,1.2200759708693418,0.29119360155757068,0
3.4284541498921755,1.2330436314845059,0.32426392193055792,0
3.439250606359316,1.2477209867687016,0.26245127042535243,0
3.4482837666822448,1.2593779051868168,0.25915254237287111,0
3.457182710630029,1.2709043038832455,0.21253067980702711,0
3.4635463300638563,1.2810097722549756,0.19953229786528837,0
3.4680586451465842,1.2912734852493521,0.25226082872895056,0
3.4762957488522872,1.302809125579433,0.23204437274397513,0
3.4862111256725967,1.3112762725484366,0.26244069602741282,0
3.4958987329306837,1.322394477139234,0.24916141169496497,0
3.5050494746881782,1.3329906028432852,0.19064135844448019,0
3.5120472094631339,1.3411013088551158,0.23185293670214568,0
3.5209184285099582,1.3506421868252971,0.22022611059413416,0
3.5312087295547485,1.357515372233113,0.24489232488992776,0
3.5410083732672177,1.3671756799645998,0.19427514642741889,0
3.5495760413558628,1.3739405255714949,0.21911436085134237,0
3.5596053029572872,1.3810821437296035,0.20170412313409258,0
3.5701233735643001,1.3853042715156327,0.24201972196527372,0
3.5804413995100433,1.3941629776496924,0.21919034109778862,0
3.5916342486462511,1.3993024401409784,0.19446076194055056,0
3.6020088612444638,1.4027322079632363,0.25705584800132764,0
3.6158361330618831,1.4069081275809978,0.18873943254771663,0
3.6255599953783957,1.4111413453274082,0.16125663249166897,0
3.6344545311965248,1.4128706601142866,0.19990747644397069,0
3.645595627184278,1.4143038172499125,0.22736881870314932,0
3.6582020133382684,1.4163784830335828,0.19142583431470089,0
3.6686942073710469,1.4187474581417803,0.24358561715980356,0
3.6823447512985226,1.4197483929242729,0.26654330192521591,0
3.6971403994934704,1.417423491555784,0.26491407440884462,0
3.7119471376488136,1.4158927984777918,0.28724987795859303,0
3.7279359466062445,1.4136836302171396,0.24542436791753411,0
3.7416911336811722,1.4126971959466559,0.24228331638962525,0
3.7548835786812873,1.4093355301116013,0.28023712053016192,0
3.7704752834934681,1.4071319068311396,0.29598610571673328,0
3.7865687355983653,1.4029353695175111,0.23715474034993805,0
3.7994982928283747,1.3997097683843336,0.26492455008257348,0
3.8141578763214525,1.397121979245739,0.32351847679255413,0
3.8321248126982042,1.3943556138904647,0.32427248030373329,0
3.8495253103466851,1.3889492808737813,0.29875784256117449,0
3.8653336947607144,1.3833003916810327,0.27052216576794169,0
3.8795573592471939,1.3779384185058845,0.335114276023674,0
3.8969319803214475,1.3706789328113693,0.36578455582650865,0
3.9154757339106823,1.3618143955952853,0.33459214239485013,0
3.9316257726680348,1.3521889199698514,0.31805084745765966,0
3.9457718074318322,1.3412674887612077,0.33752377638702569,0
3.9621884306127484,1.3317706845307278,0.39547394030515637,0
3.980143565552936,1.3186777630722375,0.35822566988691418,0
3.9963945508042826,1.3068001822969926,0.36483494790500659,0
4.0106193521413047,1.2920382293575443,0.33412733863864563,0
4.0256882665905636,1.2808391237649595,0.31756183372987334,0
4.0403748635084114,1.2707045075398931,0.32984733613246559,0
4.0532963159553077,1.2574170864003342,0.33821374102257334,0
4.0667453922691479,1.2439899039054332,0.36673927218962604,0
4.0816394271551815,1.2297481815259985,0.37819133252741222,0
4.0966547401292459,1.2147104025293345,0.41577364437316039,0
4.1140452846678883,1.1991098814578507,0.37512625969844599,0
4.129332727045707,1.1845978780013908,0.36058079207403221,0
4.1416858924376001,1.1685381211520074,0.40665601016143443,0
4.1553313167592307,1.1502096242122377,0.36401249185402723,0
4.1667449675250978,1.1332362293110521,0.3588449022762778,0
4.1765609600763014,1.1156231740885509,0.36755562674683012,0
4.1885059313625632,1.0987747539288613,0.34304508687465685,0
4.199004095749892,1.0826085056052897,0.38094775368424955,0
4.2105353279503319,1.06457431799004,0.36729126612823237,0
4.2220794984378784,1.0474667067137062,0.35767520320967894,0
4.23176312294067,1.0298554998179377,0.3456402258953124,0
4.2405238677580144,1.0125219673061139,0.32814338483536026,1
4.2469019877038576,0.99522170467544413,0.35525395345437588,1
4.2549879539919928,0.97697083745836011,0.34645022417115157,1
4.2606857504284577,0.95835613597717284,0.39639215687012425,1
4.2696687198278269,0.93797444169831135,0.36410396760314873,1
4.2774807083854824,0.91906543089260762,0.36729126612823698,1
4.2836931904017561,0.89938439171716933,0.32686383726656293,1
4.2876794438424568,0.88145555872556525,0.36762357446461585,1
4.2930940209147721,0.86152087341367878,0.39114860618086716,1
4.2995527557605797,0.84051245710061462,0.32345842377400091,1
4.3026124328623538,0.82259656239612777,0.37942213164065008,1
4.3097459462373564,0.8025054807883274,0.38569711470514484,1
4.3146144161754307,0.78138687634761261,0.38952758200735077,1
4.3170910196083554,0.75963970154596971,0.35236744763911565,1
4.3185364035549085,0.73989283408441775,0.37029378927592294,1
4.3235501798285085,0.71969895765588987,0.37838940953151889,1
4.325107600229444,0.69849419333502727,0.32158258830841496,1
4.3283014937063768,0.68070881835222252,0.37796378277009357,1
4.3323794520074088,0.65986603996872795,0.35830313246107409,1
4.3372701018662525,0.640335852109013,0.39369452888516765,1
4.3377556395927428,0.61821929806307807,0.39157407614654344,1
4.3400980266505229,0.59634160353974863,0.35594073678229476,1
4.3404807695562795,0.57634478659520916,0.38351797675558602,1
4.3422992294005809,0.55487158952404947,0.35594073678229632,1
4.3413582918221749,0.53489325584681602,0.41116248270919936,1
4.344082996411359,0.51195107195596279,0.40206452458587205,1
4.3457543015934021,0.48942077882420421,0.39114860618085123,1
4.3458445835013748,0.46744213780687804,0.40087555461065472,1
4.3491080019178767,0.44515440085118474,0.36994887648859626,1
4.3492149187664211,0.42436707226960735,0.36592868047697391,1
4.3476047476390107,0.40386850803236118,0.36790278323815345,1
4.349833249915676,0.38331634231992773,0.34767365669534311,1
4.3512823305156871,0.36383421095520774,0.40757627118644402,1
4.3509625699912959,0.34093453857915712,0.37933434985533582,1
4.3509297254844981,0.31961958613064567,0.39871672994532353,1
4.3494260458312795,0.2972660208888378,0.42580501044880498,1
4.3524043965569135,0.27352593205402354,0.38975550088997851,1
4.3505110060653678,0.25170738398607373,0.38898573943902465,1
4.351000240445309,0.22985556603697344,0.41085863559498959,1
4.3477683828557545,0.20699655684899643,0.34896438076185338,1
4.3482890387901207,0.18739499572297547,0.41261783427493681,1
4.3488921579511768,0.16421764896297919,0.39664411885699097,1
4.3471255905278596,0.14200014842304842,0.39463095098440681,1
4.3485377045932552,0.11987065609000069,0.41471099228788022,1
4.3507292403353119,0.096671129409235945,0.42430332442426483,1
4.3511907498143003,0.072833790733889181,0.43822872170266558,1
4.3505822249455761,0.048217030381886516,0.38640161116831262,1
4.3500143632649184,0.02651236709504623,0.39414541572003375,1
4.3483820122167458,0.0044253862768028895,0.4040269182200194,1
4.3497867329752324,-0.018233578249912341,0.42830043996863204,1
4.3517024426600699,-0.042223616567713229,0.37784628411716842,1
4.3541882877266502,-0.06330895112727486,0.42001718956354495,1
4.3551829660527588,-0.086888947012711881,0.42015592138679242,1
4.3563100124272935,-0.11047079122488235,0.40066088824768586,1
4.3585126381297314,-0.13287610961514496,0.41360535343990085,1
4.3600423336297069,-0.15606639466225669,0.42517886463792809,1
4.3627559482585099,-0.1798027868436094,0.41985858277725752,1
4.3661369481095846,-0.20315131651336404,0.41166165477497479,1
4.3679332280331167,-0.22621293016552002,0.46232130689299372,1
4.3704849013858151,-0.25206536279480485,0.43709368327993547,1
4.3719961136184793,-0.27657932832608001,0.44812902281139189,1
4.3728362439754136,-0.3017458924657852,0.41215348890916909,1
4.3759580527098478,-0.32469362133683077,0.40320181133116206,1
4.3765685651778199,-0.34734149590316132,0.42684004399103931,1
4.3799440200487041,-0.37108712971816704,0.39012558508054496,1
4.3814921988159838,-0.39295373428111269,0.44154091680419633,1
4.3841928751576731,-0.41761670280138041,0.42652784570297542,1
4.3833288558257664,-0.44156792625783847,0.43129648752930888,1
4.3836524522761451,-0.46580052075170553,0.41481135877962688,1
4.3839889870136375,-0.48910653890665756,0.39884895468420817,1
4.3850003002803319,-0.51149522235634759,0.43123857249345993,1
4.3841325842949601,-0.53571118190963851,0.38427702537639225,1
4.3846255153283735,-0.55729826376190772,0.42430332442426649,1
4.3850870248073619,-0.58113560243725448,0.4313672620136566,1
4.3855429893061597,-0.60537004525785321,0.42171844517163043,1
4.3850797707729612,-0.62906207759766986,0.45089489651018533,1
4.3877730538077202,-0.65425451831160331,0.38184275857000044,1
4.3881354651194471,-0.6757073837887253,0.42430332442426649,1
4.3870085580174418,-0.69952254254330448,0.44527741902193257,1
4.3865268562169391,-0.72453825536728722,0.40303658725183106,1
4.3855489521039246,-0.74716395001285019,0.38543079648573392,1
4.3871008275246623,-0.76876581847896297,0.45491458643766397,1
4.3875383087561559,-0.79432394178372601,0.40546681506780741,1
4.3864261882679898,-0.81708015615097551,0.39414541572006057,1
4.3847938372198172,-0.83916713696921974,0.38683230230461152,1
4.385549656023322,-0.86089028352336605,0.3852363399691901,1
4.3835275941368224,-0.88244224716775221,0.43116134034447451,1
4.3834540864419509,-0.90666929668142782,0.33494860749657346,1
4.3841182003851245,-0.92547849784368097,0.39111312945804988,1
4.384076114244678,-0.94745529053427546,0.41283300557396113,1
4.384943969502558,-0.9706363339477333,0.37230438142395195,1
4.385049038024377,-0.99155603057772712,0.40095169891947852,1
4.3857937668675007,-1.014073385422372,0.32851529544189007,1
4.3881860587470101,-1.0323771426384569,0.37701540731293198,1
4.3882874306153639,-1.0535615753652845,0.40093093372397437,1
4.3906224243662209,-1.0759687420822797,0.33772105297666516,1
4.3916817941279049,-1.0949158562731407,0.37565854270426735,1
4.3929763267587347,-1.1159845558921271,0.33455066831443958,1
4.3925814963145697,-1.1347789704405358,0.40618484937115112,1
4.3951775295087998,-1.1574545699078254,0.30465400949014337,1
4.3961304077962993,-1.1745466830941256,0.35217049527469024,1
4.3974434236944404,-1.1942917022289459,0.33083865298093457,1
4.400629923864436,-1.2126065494054155,0.30545458280167676,1
4.4021122743456047,-1.229706055898637,0.34947298278911337,1
4.4031624024736402,-1.249315010331582,0.28369180448340414,1
4.4042642837501305,-1.2652176594088633,0.32703360139831206,1
4.4059947353875515,-1.2835121749912961,0.32228084777633054,1
4.4099846854817102,-1.3011762718860647,0.30819519523881833,1
4.4133220369674362,-1.3181692869051007,0.31608147342962067,1
4.4162548910009889,-1.3356862291376084,0.26259926728678479,1
4.4184341999321219,-1.3502799843445725,0.32666000385029631,1
4.4217567648040017,-1.3683319437509383,0.3188525990027945,1
4.4260151476484495,-1.3857350012023364,0.28971261453940583,1
4.4298986062684165,-1.4015440970925441,0.29126030712042389,1
4.4323204713756184,-1.417729965533967,0.25287615355671411,1
4.4372979925907998,-1.431038855118107,0.26146602190154344,1
4.4432002418181611,-1.4444930510377789,0.26923677331191426,1
4.451229621453848,-1.4573149799430576,0.26746835116307965,1
4.455662883861514,-1.4716754206076095,0.22471691023222201,1
4.4617307710184448,-1.4827488399825137,0.23851995641130253,1
4.4688539059092562,-1.494101782068098,0.26982367176842781,1
4.475815099523949,-1.5075707646016143,0.22412333602297244,1
4.4826845882783104,-1.5181258017432366,0.19884961020987049,1
4.4915931992340958,-1.5248698903817424,0.22385075516074102,1
4.4996669387113073,-1.5345149861250267,0.18034811051199595,1
4.5080608640872839,-1.540192737069277,0.18122310754537835,1
4.5171314163191738,-1.5448207852598488,0.18546140121753538,1
4.526466704647909,-1.5494525301038831,0.20334847743444803,1
4.5365869596334818,-1.5547572051503815,0.24633859646432557,1
4.5501875987392211,-1.5573302076751316,0.23118166218533287,1
4.5631504258503881,-1.5581731839368125,0.23889199010417977,1
4.5765029637998751,-1.5595511773723532,0.27474654690969502,1
4.591879837336954,-1.558177166692106,0.23208024942204039,1
4.6048703893490739,-1.5570346222275422,0.27815967835893196,1
4.6202657461534571,-1.5543369310631308,0.26642874698348346,1
4.6342420209598671,-1.548971547336353,0.31077773139948489,1
4.6507388336663951,-1.5432441776722063,0.32403276041015044,1
4.6685334502828439,-1.5393884439531984,0.3398427099546848,1
4.686877870687006,-1.5340840550085302,0.3053728023344584,1
4.7028526045067807,-1.5278198198437964,0.38460187334011797,1
4.7224419388218735,-1.5186933924356278,0.3771331648318702,1
4.7421451579180811,-1.5108924938383526,0.35087574642366015,1
4.7600026176433801,-1.5025362464731842,0.41819621588247963,1
4.7804212784568492,-1.4909059161054854,0.39014692538079143,1
4.7980786935208855,-1.4779130903922795,0.40841972098082929,1
4.8171884604640383,-1.4652053323699423,0.40686751346522654,1
4.8369434327087077,-1.4536981284170079,0.41723951753839195,1
4.8554153876572741,-1.4392603441316032,0.48367236495549115,1
4.8757904001054015,-1.421274499113184,0.40758308018220202,1
4.8933394753685207,-1.406559040443832,0.47316128522791623,1
4.9126592400827747,-1.3882936727147346,0.41680695522044919,1
4.9300888855845884,-1.3726497893797367,0.41144587090232848,1
4.9451617827891354,-1.3551194834857592,0.4365790927460102,1
4.9631356870984575,-1.3384240490703521,0.39815254237287695,1
4.9792398037893761,-1.3228940505164655,0.41689350358963179,1
4.9943182459741138,-1.3049666404772378,0.46433385701133989,1
5.0108841582458581,-1.2848093052089666,0.4306654378209907,1
5.0257144992743434,-1.2656868860805286,0.47610819335338306,1
5.0426849089982468,-1.2450056235987841,0.46485951364166395,1
5.0617343926354863,-1.2271336633614744,0.45479255999054952,1
5.0777671360600962,-1.207233670883114,0.47359511469508164,1
5.0943422899654891,-1.1864144953727598,0.45644932459537046,1
5.1053894073918116,-1.1632674333166406,0.43637563049907085,1
5.1160246340590447,-1.1411737706676615,0.41056808269937484,1
5.1278197516075963,-1.1213469997823378,0.37417810919040312,1
5.136954569900702,-1.1024098387013161,0.40681976426609512,1
5.1448008259175353,-1.0809392014330772,0.4136053534398888,1
5.1543641699103162,-1.0597573285091677,0.42521802576334383,1
5.1599841973515552,-1.0365344850570937,0.38304009059444255,1
5.1675472340042461,-1.0163838316195575,0.4234521897054952,1
5.1732977811671859,-0.99329520454263065,0.40511759635608807,1
5.1819327004943148,-0.9722327613800239,0.42558987673258075,1
5.1891355995363639,-0.94942920199396585,0.39854964651993408,1
5.1930182074076257,-0.92737364273014222,0.41083837113070332,1
5.1990224007070083,-0.90508292059717554,0.44976097102159124,1
5.2050580155608088,-0.88054194164112864,0.4184814725767233,1
5.208560154227392,-0.8572895249613639,0.39541077844637779,1
5.2141561534211363,-0.83578746613870436,0.40546681506780741,1
5.2152682739093024,-0.81303125177145485,0.41414178938849111,1
5.2188990839708396,-0.79004541951525464,0.42224457405839638,1
5.2204212468913695,-0.76636817378928068,0.40095169891947852,1
5.2217944068229016,-0.74388039217232649,0.37204339511447865,1
5.2243348509426895,-0.72313003012536115,0.43426547527562764,1
5.2261309915937062,-0.69879464081076836,0.34554386227860884,1
5.2282539999741999,-0.67949478231619054,0.38997617028088943,1
5.2330539425507254,-0.65811400158156452,0.46564688596334625,1
5.2355359516913182,-0.63206706927120848,0.42707404293628931,1
5.2371941793137253,-0.60812693577513421,0.38094775368424433,1
5.2355062391911034,-0.58678795507912351,0.42956210040456716,1
5.2343865861234917,-0.56267663867328999,0.39758755420370506,1
5.2325792162395715,-0.5404092333116326,0.42460408650725923,1
5.2301303377076067,-0.51667653778374234,0.4170066551226172,1
5.230325123490509,-0.49324554488729522,0.41635394749530991,1
5.2285325402204279,-0.46991919513830815,0.3628823949668134,1
5.2284200783917001,-0.44952897070198006,0.39831979237180049,1
5.2262156043625225,-0.42725602036013122,0.42407434081578205,1
5.2266806712224465,-0.40343161997189725,0.38543079648575784,1
5.2251287958017087,-0.38182975150578358,0.39585971046644924,1
5.2250422105472012,-0.35958637439162544,0.41545313016164426,1
5.2239114675192084,-0.33626926627628961,0.41577364437318853,1
5.2225159883943846,-0.31294846150749223,0.38116624133501364,1
5.2196348875092866,-0.29172521391932271,0.44002986403312799,1
5.2177284194581048,-0.26707333535943967,0.43790563056583037,1
5.2156877350317643,-0.24255197652124139,0.34416774911206943,1
5.2152957504923592,-0.22321699981878318,0.40481606755323812,1
5.2123007648261463,-0.20066822341971857,0.41723951753840249,1
5.2118337103669603,-0.17722798888962021,0.44126427782479399,1
5.2075409207908194,-0.15280757654541777,0.48697181332111816,1
5.2056714192742461,-0.12550833701720432,0.43482748265547499,1
5.2028328299039543,-0.10124062431545688,0.45940677966104521,1
5.2031932536164192,-0.075428854874243889,0.410750546899463,1
5.2020588139349684,-0.052376482855742701,0.40620534598686014,1
5.2007883095516334,-0.029586998607341819,0.43345311178361245,1
5.1986115604234229,-0.0053285275392473963,0.44549550443296176,1
5.1981666858850062,0.019700123571849915,0.42642372881354124,1
5.1959843917766051,0.043561490494694155,0.44921146911186061,1
5.1942176850807584,0.068740992921515698,0.425739829893585,1
5.1924324951176004,0.092596814864168486,0.46277729251210625,1
5.1910739825273922,0.11856498060129628,0.43980906841704964,1
5.1881067217621393,0.14309927772660824,0.45059936496258013,1
5.1871360716835255,0.16840005824145976,0.46676600210190172,1
5.1865754640372685,0.19462187011503573,0.42360945098463526,1
5.1846560576989731,0.21834717233600287,0.41107472772293147,1
5.1832568819206841,0.2414032410079674,0.46013714216599888,1
5.1821612571005744,0.26723534204321631,0.38758486018383137,1
5.1807435980549741,0.28896773023101385,0.4313672620136294,1
5.1802876335561834,0.31320217305161169,0.43349792736615494,1
5.1804953576261923,0.33755974228697383,0.42194870728220202,1
5.1800319998204785,0.36126471291390505,0.45941282047310872,1
5.1802600554845313,0.38707833068184705,0.45308073893033762,1
5.1791588856842239,0.41251332757184578,0.40297461075690688,1
5.1789454773614878,0.43515565715798488,0.48227606762178982,1
5.1770722791914565,0.46219016058936457,0.45720262201283551,1
5.17809269481927,0.48786032034850724,0.45239419684208965,1
5.1788446776968087,0.51326944066427771,0.43851360442949117,1
5.1801150428076141,0.53787695938262647,0.43830470853473058,1
5.1809883037731694,0.56249002308116847,0.45003855368055534,1
5.180944230033468,0.58777786530890452,0.46411864406780307,1
5.181308350399398,0.6138543708469486,0.4714749540427155,1
5.1826045920844379,0.64031504224312918,0.4550853684936973,1
5.1840202635307762,0.66584728897366219,0.45263950998371749,1
5.1853017186019699,0.69124901598251043,0.4480237315194292,1
5.1867118450681176,0.71638415856779503,0.42613727620002834,1
5.1836011262940644,0.7401260957293383,0.41488494544224563,1
5.1847206400891537,0.76341178229025353,0.43380510949619711,1
5.1859873085465011,0.78775456491177032,0.44056562127282572,1
5.1864653136935459,0.81250554163892108,0.46293917927907446,1
5.1849744330549115,0.83847555570277787,0.46191293820592161,1
5.1859985453361901,0.86441045155875162,0.43615934786591387,1
5.1872670621202772,0.88888560222868218,0.41026379536445517,1
5.1866620946324815,0.9119305809402638,0.38166828827559091,1
5.187093891611255,0.93337235645700201,0.46262734684748497,1
5.1890445802314531,0.95929431402586118,0.42406779661015664,1
5.1893772790429651,0.98312056274082593,0.44589401333610867,1
5.1910502932792113,1.0081196406242334,0.4319137647073214,1
5.1928445856035026,1.0323226618904116,0.40289196060000615,1
5.1934253855712669,1.0549539015161677,0.43113559322032957,1
5.1937636293629694,1.0791772543763791,0.39114860618085207,1
5.1936733474549968,1.1011558953937062,0.40095169891945676,1
5.192928618611873,1.1236732502383511,0.36288239496681252,1
5.1936103650736385,1.1440523847142927,0.40084786218491192,1
5.1948511569567586,1.1665420146579812,0.37235655673467061,1
5.195672664773852,1.1874487730008596,0.40297461075688285,1
5.1954592564511231,1.2100911025869969,0.35829538695728619,1
5.1964020423562545,1.2302018043126495,0.35813269268159292,1
5.1969477241161428,1.2503180510184926,0.37966342689911992,1
5.1981718810586841,1.2716163685264306,0.37533334834333026,1
5.1971420845246925,1.2926813714919554,0.36988135593221266,1
5.1974322718213983,1.3134631550933413,0.40656045647448824,1
5.1996033366968888,1.3362045828467437,0.32056264902602494,1
5.2021031176286101,1.3540428478285449,0.32277131004260562,1
5.2024887064391194,1.3721754221348732,0.35817143611698415,1
5.2023725479569194,1.3923009104743684,0.33494860749655908,1
5.2035615866915848,1.4110842350623933,0.32173788804083236,1
5.2079108236476657,1.4286318873731325,0.29543239531423587,1
5.2094655449731562,1.4451594101578884,0.28006871771363567,1
5.2131215201327379,1.4604660472792013,0.30804207713715231,1
5.2152149552855391,1.4776480169991117,0.26805912149573896,1
5.2187293207630532,1.4922946622050759,0.25770280166207787,1
5.2244754597963379,1.5055862053724525,0.29064985780983005,1
5.2302493237305825,1.5208632692660764,0.27142343087493598,1
5.2340302736316531,1.5356385858669981,0.24215728528940628,1
5.2387100749706761,1.5484154434545516,0.22022611059411429,1
5.2458679026950108,1.5585098218659006,0.23475537458141488,1
5.2529081489847655,1.5696649929913065,0.20877600710655322,1
5.2607093336838702,1.5784264492848372,0.23418724538413424,1
5.2686669146788958,1.5889068418810481,0.21781864163450931,1
5.2783046171152534,1.5964511091645974,0.1961092457125698,1
5.2870046532523176,1.6032141064447671,0.19327261410011731,1
5.2946586832891711,1.6109184666776919,0.19993523944333255,1
5.3051730572427189,1.6148758583668865,0.19960182858414563,1
5.3161910268157015,1.6169727040713227,0.16892214617382839,1
5.3256076415205769,1.6181651533576158,0.20113922096619599,1
5.3368737122498189,1.6190669899728469,0.27102437636229421,1
5.352101582797907,1.6192515365440769,0.21809876159102648,1
5.3641156536493853,1.6168330819885099,0.24022423033249415,1
5.3774589499652237,1.6147932483108853,0.25834813523088646,1
5.3915779713042511,1.6114186441887171,0.24902771749206837,1
5.4043400422779655,1.6056798984623555,0.27130070738820911,1
5.4182878807072328,1.5995274136501685,0.32421256694720835,1
5.435000661539398,1.592277169589309,0.30559083494565287,1
5.4501120875034559,1.5841225291103029,0.34147203519278563,1
5.4669295114830803,1.5748849159964635,0.379882653224966,1
5.4853131721229431,1.5640367063808611,0.36337151681967655,1
5.5023676072984387,1.5528098758873128,0.34348166489985116,1
5.5194534640283592,1.5438333022168464,0.40649219008890686,1
5.5390154988168518,1.5320418813217529,0.44045222118825589,1
5.5592042556395427,1.5177262258730906,0.43004636883131364,1
5.5794077990760798,1.5044695148117668,0.47673730372745238,1
5.5987432011528924,1.4859291717741598,0.38338770324155974,1
5.6142898346473515,1.4710163675189918,0.41107472772293152,1
5.6335741950518994,1.4583020669384403,0.43454656982245643,1
5.6525568528250005,1.4429441020430254,0.44706878649300141,1
5.6709860101569305,1.4258727458251208,0.47270357450299394,1
5.6923457478213351,1.4100844069033016,0.43084583205233645,1
5.7079748445424912,1.3915958170141565,0.45664992025575357,1
5.72639291191404,1.3737302525057515,0.44497815665110058,1
5.7400013697010621,1.3527543945976497,0.41989163079832548,1
5.7548381064584433,1.3344092627173048,0.42506788852307059,1
5.7708753972852307,1.3167093361384659,0.46484160331615021,1
5.7874070420978043,1.2964870233327908,0.40812743178393951,1
5.8018540680168584,1.2786769086263021,0.45805768884336595,1
5.8159846046906267,1.257164185217615,0.45877810091330135,1
5.8295801241905352,1.2352617509706008,0.39141103399041605,1
5.841368699180876,1.2166943945082238,0.41959410490362231,1
5.8546003844166918,1.1971801301128977,0.38029153757060863,1
5.8662658329922692,1.1792764622193346,0.43434215546610699,1
5.8785487619683963,1.158186719530125,0.40985772750311616,1
5.8884527627264873,1.1373949828188969,0.46719388984614985,1
5.9027082741417516,1.1153509388898151,0.43043983871662245,1
5.9143275145490719,1.0941380697858385,0.41432937788816127,1
5.9236946498065635,1.0728242541878714,0.42491769823452064,1
5.931721469639335,1.050337609421458,0.44842618242043603,1
5.9406600791971726,1.0267790819805995,0.43201013459387244,1
5.9514777180070624,1.0050478306433455,0.47233943676340212,1
5.9595980910268977,0.97977960853345536,0.44273977771687917,1
5.9664132668298819,0.95585355017503915,0.43141872707326145,1
5.9717760907537425,0.93221255950748994,0.38971989735099188,1
5.9770398165103344,0.91095604203816993,0.40016186397513576,1
5.9808345554472311,0.88879327982397083,0.37708165044227276,1
5.9867730597330251,0.86845409705991283,0.41769156481893621,1
5.9921469736172668,0.8456073146828631,0.40165016735668657,1
5.9956751281305998,0.82331588107370823,0.40528197205706379,1
6.0002622270312642,0.8010096608507089,0.40173307299277272,1
6.0051177586822249,0.77896448007108088,0.39689592089053694,1
6.0093132984178368,0.7570609089735223,0.39625210876058797,1
6.0116519888221589,0.73491847835335911,0.39196368456797331,1
6.0150551685939959,0.71315836526460252,0.40939025153548864,1
6.0195062027927904,0.69058925727150022,0.38488318646317687,1
6.0235786161136318,0.66934937474275547,0.42601352120893893,1
6.0281490800737245,0.64585184208400559,0.3903318257768611,1
6.0298296268894163,0.62398338919433005,0.41446331769185329,1
6.031888794583061,0.60078571084029786,0.37697860054466031,1
6.0313283262093265,0.5796105197471233,0.41681361342533807,1
6.0344464382902956,0.55639805477924398,0.37235655673464652,1
6.0346838748605336,0.53547650982252115,0.42417249178437449,1
6.0348806482426838,0.51164286780063328,0.38782107677351307,1
6.0376238360991792,0.49002436439394437,0.34870980156999487,1
6.0376150198398761,0.47043019657484741,0.38683230230465954,1
6.0383708386433881,0.44870705002069844,0.37701540731289679,1
6.0376780022212415,0.42753370725425732,0.38683230230463561,1
6.0384338210247535,0.40581056070011101,0.38873595268225553,1
6.0382612151626205,0.38396798438466284,0.40649219008890686,1
6.0409896164052626,0.36129053659064247,0.37477838936845531,1
6.0400338922130103,0.34025325852607669,0.38648778779158399,1
6.0402602388228601,0.31853750527885349,0.38695424430749681,1
6.0387658008032901,0.29684578027912778,0.38447918525640179,1
6.0374055791588717,0.27528457500108861,0.40801181783528295,1
6.0381447630218048,0.25237011601119441,0.42423137146548628,1
6.0384739044523741,0.22853462566257665,0.40774646196858777,1
6.0388159841700642,0.20562571165287569,0.41941548805823115,1
6.0380898778667671,0.18206974401493348,0.39109184187966445,1
6.0376506875810705,0.16009849630452955,0.3889072523171927,1
6.0366838734284372,0.13826700994946606,0.34870980157001891,1
6.0366750571691412,0.11867284213036733,0.40358019472071455,1
6.0326563845960024,0.096354395096441614,0.38473894901755934,1
6.0310314268547529,0.074796886471861335,0.38288791082390095,1
6.0290112132949787,0.053377290875892491,0.38401694915253437,1
6.0287099360378917,0.031801298984007964,0.42694405935558705,1
6.0255975082096285,0.008013865130385156,0.4341312523521908,1
6.0239337356070308,-0.016323372510937517,0.43123857249345993,1
6.0241249640089976,-0.04055411867807468,0.39228216727852599,1
6.0220973571423002,-0.062503186467711025,0.42459755046643777,1
6.0205733458950448,-0.086312800242099641,0.38212610290015375,1
6.0192149725773518,-0.10774163747172238,0.37465989173230296,1
6.0193181927724311,-0.12879370215013353,0.39126211007706224,1
6.0183495302930723,-0.15075755655361345,0.42883790813166678,1
6.0176160306828521,-0.17484299638522138,0.37948795465423696,1
6.0179802903213044,-0.19616349381392517,0.39344773159210089,1
6.0178039878057135,-0.21827080622620532,0.4358538249649343,1
6.0173296793121338,-0.24275704685652144,0.4033050420078515,1
6.0159546710538692,-0.26537719652189384,0.39134012490923092,1
6.0164420571070849,-0.28736138251941146,0.46512808576539022,1
6.0177987213705677,-0.3134619163049539,0.38212610290015375,1
6.0185582368275377,-0.33492032676226735,0.41360535343989696,1
6.0200879323275132,-0.3581106118093782,0.43426547527563053,1
6.0212038887416597,-0.38248666431204459,0.39625210876058797,1
6.0235425791459818,-0.40462909493220689,0.42894143902807619,1
6.0225443434389234,-0.42871083811035149,0.39832675959779978,1
6.0228938164635366,-0.45109027992638939,0.40016186397513936,1
6.0248317060691363,-0.47349190166319222,0.40947836752065081,1
6.027822995081884,-0.49630541415908969,0.42173818685012804,1
6.0335921647846504,-0.5192901095647473,0.39831979237180049,1
6.0357966388138209,-0.54156305990659526,0.3788292098537917,1
6.0376187953115874,-0.56277152088092119,0.40369707783449671,1
6.0387587799732287,-0.58542678875417398,0.39680501081062497,1
6.0400366776634868,-0.60768680080890825,0.38460187334011536,1
6.0409267128421433,-0.62927942764136713,0.43280597043441726,1
6.0438995185875868,-0.65341662062143158,0.39078659249430664,1
6.0458448015001167,-0.67528877016456956,0.3932148951259502,1
6.0496450854172039,-0.69705442823351937,0.40462406859448052,1
6.0514469103209336,-0.71971893774042517,0.40066088824770973,1
6.0536495360233715,-0.74212425613068955,0.39281946288631253,1
6.0565213952748209,-0.76400934396094122,0.41550656636626615,1
6.0613658369654004,-0.78684873303106784,0.40743325599019969,1
6.0634305496392287,-0.8096493072398534,0.37816197896225795,1
6.0660487627542281,-0.83073649012614492,0.39463095098441425,1
6.0674608768196236,-0.85286598245919265,0.40448000956594748,1
6.0703234944374174,-0.87541291053152737,0.38473894901754441,1
6.071345897664493,-0.89700738569071881,0.40385515996788213,1
6.0726182503745605,-0.91966450189070237,0.40681294249445427,1
6.0754790196656216,-0.94234379801145352,0.36383709905012002,1
6.077975954692576,-0.96263492428051567,0.3654733563514731,1
6.0817984185304397,-0.98281216576846742,0.33381988109383454,1
6.083390957139251,-1.0015019371694187,0.40015492870077762,1
6.0863896394589219,-1.0237859774716513,0.37436348354370874,1
6.0907360305102571,-1.0443677164117755,0.34532694582327178,1
6.0921869594369937,-1.0637174797280773,0.36698134434283242,1
6.097469168460897,-1.0836503167132339,0.36486537363671384,1
6.1003632076331087,-1.1039469879624884,0.31759678825213472,1
6.1030294772431049,-1.1215926015899518,0.34170764243515678,1
6.1072693768202484,-1.1403193395255151,0.31819042762670713,1
6.1123256646086546,-1.1574687508404642,0.33221985647532393,1
6.1159092689239145,-1.1757891429971252,0.37488944688507247,1
6.1203880280236547,-1.1963727302639793,0.33397780005250194,1
6.1254313775249543,-1.2144487179178451,0.34010392652663096,1
6.1286104843880338,-1.2332930372879787,0.35097855325281757,1
6.1367001473296412,-1.2512791684082307,0.33494860749656491,1
6.14147691240737,-1.2694838274570506,0.29741719605470635,1
6.1460185146159603,-1.2855669010777451,0.30035132784440599,1
6.1506906365462299,-1.3017841910735868,0.29949078683495217,1
6.1573593691631388,-1.3172349976798881,0.30554542431530229,1
6.1621601624883695,-1.3337188720992943,0.2898179663259226,1
6.1669738941007139,-1.3492761701797846,0.28227961305820187,1
6.1707305296524524,-1.3646863135980132,0.26887576224769649,1
6.1767596019480493,-1.3785394619896651,0.28264314136473789,1
6.1822444154361307,-1.3934441614617263,0.25335857468359246,1
6.1892203956646696,-1.4058541996079104,0.24899428272481777,1
6.196600873345389,-1.417740310540621,0.25585467116110427,1
6.2050439920668907,-1.4293764719903441,0.26567771308073163,1
6.2120088823350486,-1.4425807184270267,0.24982880952899872,1
6.2205917624118996,-1.453689256009814,0.19388906950268461,1
6.2254868204003913,-1.4634223599599805,0.20367575523867079,1
6.2329116579226351,-1.472131637730695,0.24175584013546231,1
6.2411011305077011,-1.482969894236458,0.21209933077023493,1
6.2499931065229148,-1.4909052953107116,0.21965830519879187,1
6.2595487711069424,-1.4987175699702018,0.2238135593220211,1
6.2695033881629456,-1.5064030215614661,0.2416065620476002,1
6.2818702033181353,-1.5120038542592189,0.25106987219482452,1
6.2951765330993581,-1.5166910489051704,0.25784276099907094,1
6.3092974027651252,-1.5199332849789249,0.25860581775054886,1
6.3231369013934682,-1.5243631368349657,0.2275030423982741,1
6.3349853343153768,-1.5291623679352977,0.25366509225559347,1
6.3491265355751736,-1.5309485554764697,0.25471320935026626,1
6.3634130431705032,-1.5318100150054583,0.27565413569909647,1
6.3789019531619573,-1.5318939011845236,0.24950645681187592,1
6.3927051967318818,-1.5294387661961784,0.27495858558378333,1
6.4078413624196173,-1.5263402742330552,0.27309512471233305,1
6.422970134800444,-1.5237712544635986,0.31144675239089503,1
6.4402223409361241,-1.5208347037765835,0.34645022417109456,1
6.4587102193490793,-1.5147379548681474,0.33091414000488523,1
6.4756318611018102,-1.5070306094579475,0.38855029285480508,1
6.4968846819176704,-1.5020316197981867,0.32638802794524235,1
6.5139257534316997,-1.4952526990536308,0.33192735418660618,1
6.530849243511156,-1.4874129855950144,0.36535184074814997,1
6.5498887740385427,-1.4797352134125035,0.3629359247755865,1
6.5677665653578856,-1.4699229175147526,0.39221849142509729,1
6.5872401665651381,-1.4596033293441044,0.40971550867220496,1
6.607258026579899,-1.448232190093047,0.34306935578463083,1
6.6240713285317057,-1.4388022117267019,0.37192402609078823,1
6.6413150045099201,-1.4269951534690524,0.37639657591614184,1
6.6592131274232926,-1.4157268090387207,0.39536164558002512,1
6.6780452199824936,-1.4039419307018379,0.37137144526617916,1
6.6951583762390214,-1.3920006560690412,0.44811044379288351,1
6.7156195485672967,-1.3773258605877636,0.38654522820027798,1
6.7309276086409895,-1.3619171401219097,0.37645555606708825,1
6.7473974079227403,-1.3486429433712948,0.37152834226553771,1
6.7625583133341678,-1.3342913189660424,0.35675068524391951,1
6.7763973865881653,-1.3197888432450666,0.4015672446043248,1
6.7928967590976015,-1.3043967577197879,0.38972701831897838,1
6.8071625097245345,-1.2877819382043416,0.47046143374722277,1
6.8221621853360404,-1.2660140064343057,0.4015672446042991,1
6.838008959237051,-1.2499508390332918,0.42652784570296559,1
6.8536205702689159,-1.2317660862041526,0.4365790927460112,1
6.8679325290641202,-1.2118420654782946,0.41166165477497285,1
6.8809097174147666,-1.1926937697756284,0.46609961817717804,1
6.8982624446700811,-1.1730769966614067,0.40126304790128364,1
6.9113609111087655,-1.1547247575759707,0.41647390925817301,1
6.9228986858674091,-1.1343648178435188,0.4008270916100623,1
6.9349474495524177,-1.1153359519021553,0.42352427504029089,1
6.9443876671304352,-1.0934903904094337,0.42271753017013147,1
6.9546165480187554,-1.0720530230223444,0.35937813321265566,1
6.9634755402546489,-1.0539063735783616,0.46717606901461839,1
6.974531899314627,-1.0300974712801603,0.45850580926854428,1
6.9846598337089532,-1.0064079987432608,0.4246236940260224,1
6.9954163384642172,-0.98511039271151102,0.39859838642045115,1
7.002597057585497,-0.96389524990645015,0.39112732053330396,1
7.0120095502625617,-0.94403520913997685,0.40397196352469716,1
7.0201168457227539,-0.92283300462203055,0.39767828539258404,1
7.0286138520212802,-0.90216581727794232,0.38740581233384236,1
7.0305053941861075,-0.88047963725840983,0.38540919505118587,1
7.034641648193805,-0.85922198293854457,0.39316548784588146,1
7.0382558233147705,-0.83742746311809313,0.34982221774435429,1
7.0401177922518983,-0.81785917187322266,0.39781783143008104,1
7.0426785679657229,-0.79565276129367568,0.39108474576270724,1
7.0429853902030004,-0.77367966525654186,0.41766498734596369,1
7.0446362245184844,-0.75026900395413332,0.43165667315790385,1
7.0461657807459375,-0.72606228603449541,0.37931240123484972,1
7.0465957293979784,-0.70475287856617275,0.38959169767003038,1
7.0483567518411121,-0.68293248217149305,0.35106552013185893,1
7.0483674164271406,-0.663205946303977,0.3869542443074942,1
7.0474792295752096,-0.64148095142310169,0.41710646921950051,1
7.0483358556001932,-0.61805920016030758,0.37485983476442447,1
7.0478355312598637,-0.59700159050170676,0.38964155811368528,1
7.0444305031612942,-0.57537384546136394,0.40589095080716259,1
7.0419668380154832,-0.55270009432080514,0.3827066655304277,1
7.0406778503648439,-0.53123429055656946,0.41614726561878673,1
7.0390176351431819,-0.5079097891343114,0.39186454826693257,1
7.0365428800369898,-0.48603024628425118,0.40589095080716259,1
7.0340792148911717,-0.46335649514369237,0.41946180343260486,1
7.0338787448555564,-0.43978758921863825,0.37672821915273913,1
7.0319223719826454,-0.41870964796599885,0.39689592089051329,1
7.0277268322470405,-0.39680607686844116,0.38724101519529314,1
7.0265739092982784,-0.37507738533410251,0.41145261586130744,1
7.0249099974231584,-0.35201762000867731,0.42345218970549442,1
7.0198063646159383,-0.32877743013984073,0.40629415270640307,1
7.0162819067560633,-0.30622126043385389,0.47406367292462559,1
7.0112189371369169,-0.28006897349985405,0.41147959459163669,1
7.0083618644993209,-0.25712494128226915,0.42062462820332169,1
7.004716128551415,-0.23377271495905383,0.40355268789171728,1
6.9989321722348024,-0.21184696394072677,0.44464124572856184,1
6.9937128063197491,-0.18741361330941064,0.40890866764774203,1
6.9893941401693738,-0.16484635364304001,0.4058225717991284,1
6.9836120321795008,-0.1427882345762983,0.43747447120496219,1
6.9806429230875153,-0.11838630549940188,0.43263280827612921,1
6.9755466835872255,-0.094616643436899572,0.42857897147300661,1
6.9703143793850515,-0.071109869144498461,0.38586257122509565,1
6.9684977678674755,-0.049504304024924117,0.42226429113932445,1
6.9631275506366919,-0.026392785551042408,0.43432298668767522,1
6.9588292160803533,-0.0023694773520883672,0.39653915415206659,1
6.9563581576276263,0.019774801594803826,0.44454761404695869,1
6.9506074711921642,0.044083177484625757,0.42460408650725923,1
6.9481585926601994,0.067815873012517791,0.41133793651669276,1
6.9445054634053704,0.090638627142069161,0.43218996755494882,1
6.9417973937567652,0.11477212346866938,0.44928559845623028,1
6.9379091016327905,0.13971646302634522,0.46569456271224408,1
6.9320426820894951,0.1652179996786467,0.45096259521268206,1
6.9276249177718583,0.19016973254324565,0.46781125898211889,1
6.9260053657382699,0.2164063310306652,0.40749455436321841,1
6.9228798603503776,0.23908932380487702,0.51210509802943227,1
6.9190414730481322,0.2676076006697965,0.43321615240279526,1
6.9169970919683337,0.2918642234111628,0.48449790154799671,1
6.9139325813625589,0.31891536178311686,0.41705323800730898,1
6.9117428939472276,0.34224725651229804,0.43382430115733428,1
6.908372984056534,0.36638999447255305,0.4571237055330597,1
6.9050215574331517,0.39185641291697149,0.43116134034448655,1
6.9050950651280161,0.41608346243064709,0.45549985833396528,1
6.9014770540810773,0.44142120948011154,0.45197685893331163,1
6.899447459615125,0.4667367766088093,0.44354138937733384,1
6.8984712645563135,0.49164045297841152,0.51723309790064442,1
6.8954326305247591,0.52054474402819739,0.47468964656636414,1
6.8939509915197803,0.54717659833413546,0.47660339611119845,1
6.8928683049867843,0.57393527570829939,0.4789732426095108,1
6.8901972018727875,0.60071613300322912,0.43790563056582571,1
6.8881565174464541,0.62523749184142829,0.48278218904271969,1
6.8848254224171086,0.65215995881842836,0.48951826685254024,1
6.8828254011788488,0.67959341472178991,0.4789732426095108,1
6.880154298064852,0.70637427201671965,0.53177831156556965,1
6.8781875467077427,0.73619035279157696,0.49804429068515371,1
6.8768567590184873,0.76414403925495034,0.49737517579631901,1
6.8763201796197322,0.7920866357579408,0.52907334774749315,1
6.8746163160327214,0.82176665183091746,0.45295209155292904,1
6.8736475142808402,0.84719980039418719,0.48393623111194661,1
6.8723056366311965,0.87435927856706197,0.49383059020696773,1
6.8705740481432329,0.90205377391379127,0.47610819335342175,1
6.8717416184333118,0.92878102973353638,0.48298908585242672,1
6.8718557893162568,0.95592017631237525,0.49347079464255122,1
6.8680026154001652,0.98337950878996239,0.46293917927907446,1
6.8665117347615379,1.0093495228538174,0.41791076447842379,1
6.8629965185353115,1.0325675328018882,0.46781125898213927,1
6.8613769665017301,1.0588041312893104,0.46550382641846494,1
6.8584300373305211,1.0847944769472022,0.45615739161974767,1
6.8554757148523819,1.1102553504114319,0.45530485129497311,1
6.8545087614272262,1.1358208670231136,0.44397290776863163,1
6.8531354622231717,1.1607300883729081,0.48697181332111816,1
6.8512659607065913,1.1880293279011198,0.47250979418616001,1
6.849650105326468,1.2145306624853767,0.42527023498762728,1
6.8460080660320202,1.2381476249054266,0.4573786174006168,1
6.8435850640742757,1.2637334731111487,0.38873595268225519,1
6.8437576699364158,1.2855760494265951,0.47034344080951862,1
6.8420075981811479,1.3119468642891619,0.43293419404641353,1
6.8374426792012457,1.3358415010931601,0.4199246762184855,1
6.8349901040158159,1.3593094605242158,0.41107472772293147,1
6.8335909282375269,1.3823655291961821,0.42409397282677985,1
6.8341883631458771,1.4061880812576852,0.38035721012853829,1
6.8328975271684982,1.4275215169735027,0.37235655673464652,1
6.8326600905982744,1.4484430619302309,0.35305198540057325,1
6.8308176025064711,1.4681954743719743,0.36486537363669752,1
6.8279235633342594,1.4884921456212261,0.36288239496683661,1
6.8278111015055245,1.508882370057556,0.32597112506351256,1
6.8267424901101847,1.5271676440063331,0.33693125357431286,1
6.826742064735825,1.5460999715833488,0.31038456792460828,1
6.8251310428597094,1.5634660625001366,0.29525386074816518,1
6.8265533961367879,1.579995433611618,0.25942012379919865,1
6.8274185523192301,1.5945466773037786,0.23011078605335761,1
6.8299786165568648,1.6072207400706091,0.21190297276107217,1
6.8318639022653045,1.6189774681321758,0.16832966604933114,1
6.8309361890758495,1.6283903861835896,0.15728384071430174,1
6.8335694749065183,1.6368268230743617,0.1132809033182189,1
6.8355076506139554,1.6428898767272919,0.057948270128761296,1
6.8370043623346106,1.6457816421984148,0.065501694564426088,1
6.8399478809541989,1.6479912358334232,0.10116801921852267,1
6.8450148333286336,1.6505683603859893,0.11601620630930193,1
6.8513888312466591,1.6519356892355006,0.097051825743830228,1
6.8568085279248123,1.6513304356458818,0.13113043301426003,1
6.8637926129364644,1.6489822175060809,0.12869515521634201,1
6.8703703521692177,1.6459777041043857,0.17339725036728906,1
6.8780987406496408,1.6400444586969556,0.2088291713566984,1
6.8887540128090663,1.6351294944887833,0.19180240059323295,1
6.8982142758792975,1.6299664291243516,0.2182768325754649,1
6.9084465673192526,1.6232038572185417,0.20753609903935497,1
6.9173440883146498,1.6156655602895391,0.25774587416813655,1
6.9288723353378145,1.606898984390174,0.28058351395296027,1
6.9406412902103085,1.5964079272079346,0.29403883850971341,1
6.953605254172011,1.586164971181951,0.34490879642479444,1
6.9689296630844453,1.5743003286938198,0.27313576991639144,1
6.9815168544949415,1.5655189661806119,0.27709007938614905,1
6.9936940034730597,1.5558165723086788,0.2977902032823268,1
7.0080038278397012,1.5471435495963881,0.39051663862699942,1
7.0242141499029813,1.5323538717559835,0.3648653736367008,1
7.0383047348648518,1.5174613990948487,0.41326301207613403,1
7.0548918294793452,1.5012101277416683,0.47825423728812727,1
7.0740911668542736,1.4824068969339592,0.42985272692934484,1
7.0911966437020482,1.4653540239833589,0.37132660537569884,1
7.1043421690577091,1.4491508091251752,0.39391299164544269,1
7.1173312981174561,1.4312286579643043,0.38177734155316956,1
7.1295299155401608,1.4135823328606563,0.39541077844640443,1
7.1441240961214802,1.3968293142147665,0.41150657155317971,1
7.1600419571869622,1.3800578123015761,0.54014081069190911,1
7.1785055212505924,1.3559691011908654,0.41277249998312643,1
7.192011184216895,1.337112980384159,0.41476452410587711,1
7.2067192495793222,1.3190344329273742,0.41723951753839922,1
7.2211570338647206,1.3005624779788043,0.36934826098337292,1
7.2318977544281253,1.282804116420774,0.47105684658509733,1
7.2438808290995311,1.2592030774651128,0.48043113149099792,1
7.2571894325818391,1.2357159232905595,0.40669695486896085,1
7.2672294980418144,1.2151870743494371,0.46205710954293716,1
7.2817571388608258,1.1936688059605558,0.47765036602432065,1
7.296269993065998,1.1710915931843466,0.4268400439910317,1
7.3072255449045045,1.1497555976656066,0.45943094243283134,1
7.3188189087375903,1.1266895758838018,0.44377908909678154,1
7.3318941976774852,1.105456375185792,0.47635294611577028,1
7.3462746838342383,1.0828810107363118,0.43324818151425543,1
7.3561583529982997,1.0606332254925057,0.47730163122532515,1
7.3676027138423912,1.0363777396016829,0.43620388540982674,1
7.3784166559988194,1.0143817521675942,0.38280092379270247,1
7.3860796415674841,0.99428327725286891,0.4730967631008921,1
7.3939334301637629,0.96888638374802483,0.43136082844944024,1
7.4026202419118796,0.94625812929954645,0.4860591325361196,1
7.4125919192828196,0.92083166256701166,0.45859053954989187,1
7.4229865773732353,0.89725280353211634,0.44056562127280319,1
7.4288733285105675,0.87320731541239827,0.46861736062680059,1
7.4367308137603025,0.84807515800438882,0.40982387035323814,1
7.4433071300406759,0.82600594897726065,0.42969129201665168,1
7.4488041703396846,0.80249547803139887,0.41959410490362753,1
7.453512547328387,0.77939320119116928,0.41449010045879314,1
7.457428564353318,0.75643438235973992,0.4199246762184855,1
7.4598811395387443,0.73296642292868253,0.44314702734908723,1
7.4640397127397407,0.70841549086279532,0.4024784552287124,1
7.4678326033499065,0.68612036060017889,0.42081592167007936,1
7.470682282680583,0.66264685618893004,0.44307187097552658,1
7.4729840065502895,0.63785706460043823,0.3512472903895969,1
7.4750930790656565,0.61823332355364968,0.40872538119219193,1
7.4764941031706762,0.59530962293010159,0.36996387938317976,1
7.4785883890721987,0.57462693749598159,0.44078603792163712,1
7.4774485436830727,0.54988520240248562,0.40801181783528068,1
7.4781877275460076,0.52697074341259142,0.36476648072971141,1
7.4800209740041605,0.50655649072876585,0.40546681506782972,1
7.4804972700969916,0.48377809644074876,0.40330504200782513,1
7.4791222618387287,0.46115794677537636,0.37462285353422642,1
7.4790931139853942,0.44010773042369689,0.40604817882574734,1
7.4773191532551451,0.41736075769010128,0.38640161116833671,1
7.4767512915744945,0.39565609440326011,0.35217049527467437,1
7.4748874743106359,0.37595543510997498,0.38975550089000605,1
7.4729940838190831,0.35413688704202428,0.38485434329871004,1
7.4699149258719828,0.33273207805989724,0.34277801546011327,1
7.4680585019150456,0.31356089096027873,0.37768466378331789,1
7.4664390891539867,0.29240048648094863,0.33590834759400123,1
7.4626063861044543,0.27391886452437042,0.36565555403952205,1
7.461260951073875,0.25341660363366181,0.38329358927816271,1
7.4589760014172732,0.23200070469115186,0.34712244643373386,1
7.4573806169037056,0.21256108484123803,0.33954860110690832,1
7.4579086661449949,0.19348899590888191,0.35286328003655437,1
7.4545906486752873,0.17394103625804913,0.35668844681266743,1
7.4528555028063845,0.15397379254119858,0.41017584810875291,1
7.4517396856647604,0.13095284207711622,0.3798972638152141,1
7.4502507926253863,0.10965822122264068,0.34560810767513162,1
7.4462783282205116,0.090648975399126641,0.36517709122762743,1
7.44585946952885,0.070133776221305233,0.35402536074003688,1
7.4443909080835127,0.050295203899410446,0.28751061481973694,1
7.4437683080771269,0.034151846972791944,0.36996387938320374,1
7.4410973442356543,0.013535701300972924,0.36108071769106626,1
7.4420058626816221,-0.0067332450473207572,0.38884302379750391,1
7.4411714165774043,-0.028566579729116803,0.34652231035987996,1
7.4415615527900858,-0.048033924479991441,0.38152283541651977,1
7.4379566193027795,-0.069166604058360726,0.37134902599770125,1
7.4358132793282419,-0.08992251108551752,0.3702488188732963,1
7.436449668370452,-0.11071723297401892,0.36988885882489253,1
7.4360271130253306,-0.13149716824867319,0.43495511033147094,1
7.4292120764948741,-0.15496811285700574,0.37460062885754392,1
7.4287858244962912,-0.17601278422849287,0.39344067796612231,1
7.4284771539322794,-0.19811824831404401,0.33461702437563673,1
7.4286117956817748,-0.21692005616937493,0.36476648072970641,1
7.4304450421399313,-0.23733430885319962,0.34747404384531949,1
7.4317617546915251,-0.25681459189118794,0.36486537363672134,1
7.4346557938637368,-0.27711126314044243,0.37571763871167974,2
7.4380719119226946,-0.29794479989028666,0.41406807065491635,2
7.4418555608992119,-0.32090177039498435,0.42250739281532829,2
7.4520150561204819,-0.34235904400175343,0.37287046555745917,2
7.4559643430265634,-0.36293523796168703,0.37015136425782014,2
7.4564683640203562,-0.38372811152345498,0.34784922124958378,2
7.4591106053828486,-0.40309450978033468,0.3974199960502306,2
7.4627748245980676,-0.42512305561938657,0.40516554615756822,2
7.4659021783126889,-0.44767368034518285,0.42751569149580948,2
7.4686139446147592,-0.47154244057495021,0.43785492797144104,2
7.4749014965508014,-0.49532873757802953,0.379955700558186,2
7.4781815499078821,-0.51642516209797407,0.38767077377884435,2
7.48238448295041,-0.53779926100186692,0.42094779754975681,2
7.4893505100691105,-0.56040348720285049,0.40681294249444233,2
7.4922112793601734,-0.58308278332360164,0.40797780749755524,2
7.4974602185029209,-0.60539824518025398,0.41886592968358749,2
7.5025675479636007,-0.62837369895225859,0.41144587090232293,2
7.5075480543560591,-0.65095020025228312,0.44081751701740418,2
7.5123721644526018,-0.67524563785498959,0.41861408387786925,2
7.5168158053444625,-0.69834421804175761,0.39893244246519327,2
7.5202134401361125,-0.72050143527576616,0.41598718331803425,2
7.525721570395504,-0.74321769793112846,0.36364635874918727,2
7.5296782506085087,-0.76326441969739545,0.41635394749533833,2
7.5314708338785863,-0.78659076944638429,0.41843504869232412,2
7.5375084363316418,-0.80931442540866971,0.40985772750312244,2
7.5414281500100326,-0.83200850814326532,0.3544327548457526,2
7.5447285349611466,-0.85164888413063,0.40247845522872661,2
7.5491851141401298,-0.87382088797848212,0.38637288135593123,2
7.5536546316062232,-0.89506631548741922,0.34251073579778596,2
7.5560358335253461,-0.91416428099400271,0.38120264376863899,2
7.5597129910276717,-0.93526625049413958,0.37772874891435165,2
7.5648535903695056,-0.95585907939464843,0.32970427366412158,2
7.5689703635318839,-0.97392212876139794,0.3382219464095011,2
7.5722836867701133,-0.99263592840984582,0.35984888222807482,2
7.5750490545473692,-1.0126660152355376,0.33867293653777492,2
7.5784947458340124,-1.0313816632107171,0.36253808604369242,2
7.5813906333329548,-1.0515459664115543,0.3373675172747998,2
7.5844392204743496,-1.0702560694065433,0.33474969703760155,2
7.5848385983206885,-1.0890615739153349,0.3149027501120768,2
7.589233045867017,-1.10620174359663,0.35443275484576819,2
7.593197119386943,-1.1257189931692313,0.30263414123580329,2
7.5962734314292977,-1.1424435754379711,0.31241650881228245,2
7.6022655371902754,-1.1589440847979517,0.29848833547051529,2
7.605477913934509,-1.1754057792965913,0.29823719614625255,2
7.6078942340615114,-1.1919887518832617,0.29320709728109268,2
7.6120405804515805,-1.2079339124753474,0.29633281996700944,2
7.6136626922880861,-1.2245057951016349,0.27495858558384212,2
7.6167611842512084,-1.2396419607893776,0.31102766757496664,2
7.6195653668898053,-1.2568923185983234,0.25423335872670016,2
7.6244086717298405,-1.2703317279041499,0.26887576224769649,2
7.6304377440254321,-1.2841848762958019,0.21950664236929149,2
7.6329169072612775,-1.2962673352363119,0.27198520499837409,2
7.6364162000231079,-1.3111443098074131,0.24105458060408502,2
7.6412705948235242,-1.3237895108227411,0.25899186081831088,2
7.646509155482077,-1.3373668331571773,0.26567771308073163,2
7.6534740457502384,-1.3505710795938599,0.23398570216854506,2
7.6588671543779743,-1.3625618336740279,0.23935621904981039,2
7.6651886876713604,-1.3744331579928941,0.21695052965662662,2
7.671931353357488,-1.3845892426625372,0.19175898837777999,2
7.6765616752491468,-1.3943186499592413,0.20328022823725531,2
7.6825156776249681,-1.4040665405232522,0.21827683257547789,2
7.6889899105608048,-1.4144836646362675,0.20873612503278957,2
7.6958741859290036,-1.4239797573905593,0.25847700860204742,2
7.7055197070466424,-1.4348383454903573,0.19993523944339345,2
7.7132166739726493,-1.4430218477208685,0.18165138692489041,2
7.7205313233672506,-1.4501408605838559,0.20334847743444803,2
7.7306515783528216,-1.4554455356303544,0.22695344358675451,2
7.7400637849280507,-1.4640501702536124,0.16865907862671178,2
7.7493018234162445,-1.4661650738510028,0.16545287670405143,2
7.7579937547701938,-1.469463896577218,0.21624583096147088,2
7.7685000239406339,-1.4755683248944091,0.18347554702838073,2
7.7785285740658647,-1.4779590545490144,0.19088867077665522,2
7.7889523800096185,-1.4804876972322294,0.25199665814026728,2
7.802672448876665,-1.4839891244226253,0.25444067796607955,2
7.8169681981056431,-1.4841887437095309,0.23564033427214559,2
7.8302086996007532,-1.4841088402857592,0.25696946444912477,2
7.8446294235712219,-1.4848397800930613,0.23286813793197786,2
7.8575042424755033,-1.4825040748660179,0.24303813053272938,2
7.8709122302269101,-1.4799110268490629,0.28060329494735298,2
7.886191853923453,-1.4760201749221729,0.26572993679772139,2
7.900673572676034,-1.4723829691317318,0.23089337568162971,2
7.9121440961961902,-1.4663206269549907,0.28748165573537504,2
7.9279457987794757,-1.4629666405286885,0.28554442574668615,2
7.9424718773735972,-1.4561526015762523,0.34387733937140341,2
7.9605718932749561,-1.4493884674455426,0.31461178980152105,2
7.976949276220175,-1.442732673115751,0.36535943665737908,2
7.9944429016813725,-1.4319882558988937,0.3383121925308914,2
8.0098241833481012,-1.4208171613090981,0.35813269268158787,2
8.0269188563373177,-1.4101995671604657,0.37783893923812495,2
8.0454658812056543,-1.3998670407027021,0.36401249185406764,2
8.0624392761068417,-1.3884533899368412,0.36904758667350462,2
8.0788998337549369,-1.3758410334283093,0.4514853792620433,2
8.1011790405531627,-1.3637071074411731,0.35767520320972157,2
8.1172351007490864,-1.3516186781461146,0.41476452410588788,2
8.1353136482058712,-1.3369106127836856,0.43314568002075671,2
8.1526312572533026,-1.3198088325893762,0.40768520147166654,2
8.1670460108692282,-1.3020045489649119,0.47180446756699551,2
8.1853197694832662,-1.2827978182830542,0.43647737347794757,2
8.2030326343492241,-1.2658339511173535,0.40225774522534785,2
8.2182268096418003,-1.2490997018406036,0.41277249998309784,2
8.2322537007461261,-1.2306280329938657,0.38044475590463389,2
8.2458557628042506,-1.2141363398931819,0.40247845522871106,2
8.2609194183751438,-1.1972678742412866,0.42060483425845097,2
8.2733800728192435,-1.1771856088927821,0.42480665389280425,2
8.2865007191786955,-1.157244953226348,0.38228584551575728,2
8.3001046295635454,-1.1406208920772487,0.34690651704944253,2
8.3097411951493623,-1.1236766450293967,0.37402974355840457,2
8.3194017889826775,-1.1050116133521319,0.39940521025198583,2
8.3301361138171686,-1.0853024239013793,0.37842607908066384,2
8.3383535974050211,-1.0656904842911619,0.42370770964395899,2
8.3487148463417622,-1.0442549652308042,0.45720262201281586,2
8.3583151568691552,-1.0204257313385652,0.40112470041135179,2
8.3641795888131973,-0.99866263307253345,0.35857411968873326,2
8.372643325230575,-0.98037807059994275,0.38517149931418909,2
8.3798129543914754,-0.95995713608538136,0.40912578971136121,2
8.3868705470979972,-0.93807830471150844,0.41228813559321342,2
8.3936671003611458,-0.91593104058734198,0.39787363614106674,2
8.3987373240146876,-0.89415685236092557,0.37882920985376772,2
8.4011509450662505,-0.87300753784198193,0.38227858593591674,2
8.405020614650395,-0.85187855491707154,0.3925650461090705,2
8.4104823974689964,-0.83050701581609676,0.39352531313370759,2
8.4142289406383739,-0.80871434432237521,0.36988885882489125,2
8.4178246324920298,-0.78824350498608897,0.39971776382974566,2
8.420122520435747,-0.76590102970466489,0.38637288135594944,2
8.4204256460195666,-0.74419266976436216,0.37477838936843122,2
8.4213813702118188,-0.72315539169979726,0.4052819720570649,2
8.4220963865547365,-0.7003936323523563,0.36501746425342585,2
8.4201307720481697,-0.67997753134179906,0.37063089337095462,2
8.4190972788607077,-0.65917726447310709,0.3966441188569973,2
8.4208638462840337,-0.63695976393317721,0.42407434081578205,2
8.4210641770471284,-0.61313166689148169,0.41700665512261753,2
8.4212589628300272,-0.58970067399503634,0.40977646564372816,2
8.4191960984829262,-0.56676773173783612,0.37063089337092447,2
8.4181626052954694,-0.54596746486914416,0.37242362853640504,2
8.4177928006768248,-0.52504407158568878,0.39078659249430664,2
8.4158475177642931,-0.50317192204255168,0.35813269268159292,2
8.4158637273305121,-0.48304828202978634,0.40421233515707566,2
8.4143266385236171,-0.4603874691763421,0.38166828827556815,2
8.4122415942557449,-0.43904294350013995,0.39951636842711707,2
8.4107008087953901,-0.41664686674352769,0.39165911467576514,2
8.4098163185969241,-0.39465713576581685,0.42030781322374411,2
8.4085569041739756,-0.37107344322691915,0.39580362181036882,2
8.4087350550163027,-0.34883376276622169,0.3681968551736034,2
8.4063741846912166,-0.32827974872705568,0.40214734479919856,2
8.4035097187466938,-0.30586518870313828,0.37015136425784606,2
8.4045941143339018,-0.28509449506213524,0.40669695486896473,2
8.4009372884256077,-0.26253647702941674,0.4266774692206966,2
8.3986226262687911,-0.23867326177984172,0.40801181783528295,2
8.3978834424058526,-0.21575880278994664,0.39134012490923092,2
8.3973960563526369,-0.19377461679242991,0.37063089337094851,2
8.3963625631651801,-0.17297434992373706,0.39111312945804988,2
8.3969341214992923,-0.1510049505400648,0.3803572101285419,2
8.3956432855219223,-0.12967151482424555,0.43321615240277128,2
8.3935989044421255,-0.10541489208288102,0.43347231902918804,2
8.3903613625998545,-0.081274002449356786,0.40087555461065472,2
8.3870979441833509,-0.058986265493663481,0.41705323800732774,2
8.3849082567680284,-0.035654370764482302,0.41753872124665564,2
8.3840440981635957,-0.012208591254192491,0.42144196457284622,2
8.380133626118857,0.011147331722486165,0.4241724917843504,2
8.3799368527366997,0.034980973744373145,0.41400774556397346,2
8.3781424211398949,0.058174955444944665,0.43474450457410957,2
8.3766293605804982,0.082556552927803395,0.40040452290053852,2
8.3745591029264723,0.10496002299133789,0.40939025153548864,2
8.3701080687276832,0.1275291309844393,0.46912047076133745,2
8.3695493094081588,0.15388331090643259,0.40825660862861846,2
8.368545389448391,0.17680146654978746,0.4388362479486646,2
8.367565497736118,0.20144040682255859,0.45337465300112556,2
8.3661995918389831,0.22687910036601711,0.44314076480478448,2
8.3673412855548381,0.25175320350792951,0.45234511824935442,2
8.3678285323355297,0.27716602047716066,0.40311232336114472,2
8.3689388044969633,0.29978986679599373,0.45941282047310872,2
8.3694315962578472,0.32559978791047506,0.44921146911183252,2
8.3676648895620023,0.35077929033729394,0.46466246209168521,2
8.3651150645360399,0.37676409101499608,0.48836605023615731,2
8.3640416196366925,0.40418460863124128,0.45295209155292904,2
8.3630728178848059,0.42961775719450923,0.44179225646696302,2
8.361565302305598,0.45439645882261726,0.44237606921377837,2
8.3596606825811453,0.47918070543091851,0.47363613204533617,2
8.3595027240603308,0.50579407646955143,0.45714798897784675,2
8.3603907716397359,0.53146608455542399,0.45283566481424553,2
8.3595543379362649,0.55689738479196027,0.46349635645867615,2
8.3576663531523874,0.58287294383601118,0.41702661985318679,2
8.3577287708868724,0.60630578505918642,0.42433602628134282,2
8.3554122604033196,0.63003663226034679,0.50575779437106405,2
8.353557545500589,0.65839481617589168,0.49947985239964715,2
8.3536846546706478,0.68646053909364468,0.45955777614156951,2
8.3533832381410331,0.7122815501685098,0.49555285258396597,2
8.3521829701734642,0.74010102025673508,0.48070255011120444,2
8.3520305566328403,0.7671114954406173,0.44772630480055803,2
8.3529112109053241,0.79225403133282501,0.4396007881200798,2
8.3491478935228489,0.81666705037010257,0.4404837241402052,2
8.3469766893748254,0.84132262558344895,0.46113724502309161,2
8.3438936955017358,0.86705008347124046,0.45530485129499215,2
8.3429267420765818,0.89261560008292573,0.46181679897693179,2
8.3406398048207198,0.91846433605874811,0.47252741386239666,2
8.3367699959640547,0.94473235610059003,0.43884257192091747,2
8.3332714146784088,0.96914167848440513,0.46083021548463621,2
8.3303207888537347,0.99486728804546942,0.42383868575514683,2
8.3282690144670148,1.0185944385931656,0.43999832858579419,2
8.3243733290361259,1.0430093059571774,0.41147959459164329,2
8.3215162563985245,1.0659533381747615,0.46689084320176633,2
8.3159164212787893,1.0915835462220187,0.42448642237508349,2
8.3151901757029716,1.1154245815508261,0.36756317711354203,2
8.3121656168090716,1.1358554691752296,0.43524213576818832,2
8.307602546155902,1.1598824740276434,0.41753207460474234,2
8.3042196979780982,1.1830986356489781,0.35331129070741896,2
8.3022448418378794,1.2028528964174541,0.39781783143010013,2
8.3003051039055435,1.2251221501058431,0.40882721714541931,2
8.2975785509896287,1.247931965948279,0.37485243136880431,2
8.2925684713694832,1.2683905784736389,0.40901724308662096,2
8.2889134937879216,1.2910809645547765,0.4319009137644329,2
8.2863377921877337,1.3152126125546459,0.36554169112664153,2
8.2875508591698921,1.3357167217720836,0.36517709122767555,2
8.2879697178615537,1.3562319209499094,0.35859733763675339,2
8.2871917191372759,1.3763666509230532,0.3607346891327447,2
8.2866803048365583,1.3966300522911581,0.38401694915253437,2
8.2869815820936488,1.4182060441830444,0.31337440860020949,2
8.2874921456456523,1.4358072979689709,0.33703007971651666,2
8.287226984174465,1.4547433221994481,0.37931240123484972,2
8.2873921967296766,1.4760564263212324,0.33467507513684186,2
8.2871251869317586,1.4948600825032941,0.30628024758432326,2
8.2874978374551524,1.5120660804707029,0.2913936724356454,2
8.2894459662724316,1.52832332217843,0.29752914732447139,2
8.2920596319852571,1.5448360583493397,0.2599010761359038,2
8.2945113564219675,1.5592327540723154,0.25445158482587077,2
8.2945786076604584,1.5735303516280226,0.24489232488994445,2
8.2966221379915446,1.5871383840406921,0.23701427356147126,2
8.2982630191971865,1.600354857288302,0.25323805555977219,2
8.3015015586174794,1.6142109908572273,0.20913460352154978,2
8.304572611781472,1.6255539798329721,0.21072098228643601,2
8.3100151998565828,1.6360694906370625,0.15693055221624194,2
8.3152773633882777,1.6431452805090565,0.17529148868105654,2
8.3212124571224386,1.6510060370378987,0.11120399303377658,2
8.3262941961107231,1.6546421059777963,0.1431119738467557,2
8.3338779897318052,1.6573164803708984,0.084090609944474315,2
8.3385238097134913,1.6581783652742423,0.1356043141648505,2
8.3460835750870803,1.6591319550379282,0.16808218294649682,2
8.3554687682375306,1.6580741475011429,0.17825861755154229,2
8.3653778886014578,1.6566118425121807,0.18791420933990646,2
8.3758146328323271,1.6550097761678835,0.22070445309550246,2
8.3876797006948109,1.6514018575032985,0.24782122405520601,2
8.4003075552933772,1.6455325920552504,0.25606067771010022,2
8.4131927526818533,1.6391301577600785,0.28398512712366131,2
8.4277987346997403,1.6327036952174048,0.28881076826858448,2
8.4419872809783474,1.6248267291223435,0.30143045445651917,2
8.4576522073835676,1.618385479965827,0.27322719951857111,2
8.4709160256499878,1.610653820206295,0.33932785218260081,2
8.4862478278693398,1.5993186499118295,0.38489039691659094,2
8.5058468291924463,1.5901745899850681,0.32741524886322415,2
8.5211952663523771,1.5800307321263531,0.35799318159640026,2
8.5383931595366747,1.5695962615965726,0.37176729608193726,2
8.5548959425977422,1.5567884078289538,0.44239488905575403,2
8.5752170674688468,1.5424709040535625,0.40589095080718895,2
8.5936979779492439,1.5291058531913144,0.41110173125237875,2
8.6124417761997378,1.5156047376271893,0.37743475077754102,2
8.6293416634060538,1.5027913388793763,0.40696981431250639,2
8.6460703677026132,1.4872000594415482,0.3933771896405423,2
8.6620085603621302,1.4718846060609359,0.41808338629648506,2
8.679799905699479,1.4565432761060961,0.39510184178705765,2
8.6946625190310929,1.4400512969035795,0.45377235819239697,2
8.7146985762113331,1.4242814412490681,0.45613305543792843,2
8.733923790160496,1.4073313631191944,0.45705084745760705,2
8.75086547740543,1.3880300816722446,0.46979438435733784,2
8.7694029745382824,1.3692360924981912,0.45293983751607414,2
8.7848756749635228,1.3490285663063624,0.47876461036731771,2
8.8009917323635332,1.3274881179967153,0.46968213257403596,2
8.8177862649462071,1.3071297404891631,0.53579202516071467,2
8.8358527248645853,1.2830465743586394,0.46275330447074919,2
8.8494445477110339,1.2608794040147941,0.45543283408231805,2
8.8633103482879676,1.239370377259565,0.43232479318519046,2
8.8782683631333832,1.2202291887619943,0.45239419684212279,2
8.8902680727453731,1.1978194622420766,0.49945762711862385,2
8.9047605953565068,1.1737862009332858,0.42229057914847568,2
8.9170546142930167,1.153490666534573,0.42634562446063173,2
8.9286775513537968,1.1325425335274346,0.44687010028292068,2
8.9412159747931046,1.1107872539426786,0.46162446045219058,2
8.9530740747230197,1.0877175355074122,0.44301549532813317,2
8.9628161342050081,1.0648097583482539,0.40095169891949212,2
8.9701977487362683,1.0435236676512432,0.4025818713895562,2
8.976248289476441,1.021726588027871,0.46837449076823334,2
8.9865013378847856,0.99748773707762695,0.45676537476478329,2
8.993836744247778,0.97289244517020634,0.42265843959893196,2
9.0002696025193494,0.95003087617931126,0.41029761621238886,2
9.0043216842461629,0.92733494511798487,0.42283568653907144,2
9.0098242695253603,0.90422157831737326,0.43145088961810873,2
9.0157184139696138,0.88070556239131736,0.41768492060924062,2
9.0198973187646487,0.85761067885801179,0.45488408289475357,2
9.0253740274696153,0.83264415937956837,0.45473763740635459,2
9.0295233590369612,0.80743138707159634,0.41180994059891562,2
9.0325127997229799,0.78448550652728422,0.43891845248150718,2
9.0394640402278359,0.76082233593896742,0.41147959459164329,2
9.0423211128654373,0.7378783037213843,0.43136082844943868,2
9.0446320783687941,0.71375035237497464,0.40300215704247361,2
9.046832855744503,0.69121266593629205,0.4405845184492434,2
9.046751954742712,0.66645614422895161,0.41758524477778053,2
9.0492063782548691,0.64312055284631064,0.39653915415206659,2
9.0516774367076032,0.62097627389941756,0.41467083888924877,2
9.0510873951061814,0.5976831940315801,0.43661723136198133,2
9.0522015031936043,0.57317477348049639,0.38402417587045939,2
9.0520325939849293,0.5515969332618802,0.40763754805362096,2
9.0521099376057812,0.52869171590563901,0.40565841515312706,2
9.050733081020784,0.50593919819185107,0.37966342689909799,2
9.0513620767560727,0.48461500410968661,0.41657385100485983,2
9.0487865144284054,0.46134964914280729,0.37000138395820231,2
9.0490257993253618,0.44056047223450001,0.4099592821759655,2
9.0484394543774052,0.41753212846349541,0.42665795608538726,2
9.0473106989486674,0.39358460166049714,0.41531282741281317,2
9.0456617129599124,0.37030630840650414,0.36073468913271878,2
9.0445847106796329,0.3500650869591686,0.40577469963742729,2
9.0430754860462201,0.32731441757211144,0.37548858987472,2
9.0413255535634676,0.30628822946793033,0.3708404923740915,2
9.0382574855767501,0.28567762877630276,0.4022784419322481,2
9.035825381257883,0.26320463377319303,0.3533976835285656,2
9.0356805002967082,0.24334757818399133,0.39313019312992731,2
9.0331234212363434,0.22140590370127722,0.40015492870074187,2
9.0295037011351891,0.19921427973557737,0.39571947392014806,2
9.0268124056996832,0.17714208553117761,0.39859838642048423,2
9.0254410940948766,0.15478667196263807,0.39680501081060099,2
9.0235421586231386,0.13257101974943986,0.38887157111593412,2
9.0197993121072191,0.11104308435255117,0.42030781322378896,2
9.0210587265301676,0.087459391813651699,0.42580501044878116,2
9.0174186748349765,0.063811719315368443,0.36065005387727406,2
9.0164740406031125,0.043568649541302129,0.4103652495461203,2
9.0150934873646538,0.020551395730680433,0.35592514278711623,2
9.0124336134835659,0.00072945834936088971,0.37942213164064909,2
9.0126655050736026,-0.020589190752612119,0.4419743883462382,2
9.0103343472487332,-0.04531429090553285,0.40150504130109316,2
9.0116085482855244,-0.067839039057101758,0.37695651475857689,2
9.0111804479602107,-0.089016078477004434,0.41239582128786156,2
9.0103275185886886,-0.11217309364296391,0.41812321197999375,2
9.0082795801279563,-0.13557820996518277,0.35346050140819474,2
9.0083994352636143,-0.15543896220784514,0.39737809547240222,2
9.0127273430476418,-0.17734438163213362,0.40768520147167142,2
9.0118781103295795,-0.20023666070126112,0.44397290776861087,2
9.0098098402748086,-0.22509782555605984,0.40061932663335437,2
9.0100250969242701,-0.24760778709378073,0.4241724917843504,2
9.0102218703064274,-0.27144142911566771,0.41545313016164725,2
9.0113526133344202,-0.29475853723100354,0.41946180343258072,2
9.011553083370039,-0.31832744315605765,0.44527741902193257,2
9.0110713815695362,-0.34334315598003862,0.40061932663335548,2
9.0112866382189996,-0.36585311751776128,0.37694915254238553,2
9.0109909059421014,-0.38703200526439741,0.39590878152222164,2
9.010150914857693,-0.40926244409144186,0.43495511033146911,2
9.0139179288936315,-0.43341072703188921,0.41938240251630649,2
9.0138536628324157,-0.45697593630347999,0.38375669667215978,2
9.015804490725138,-0.47845098170136868,0.35651723510315625,2
9.0181746026838763,-0.49834315549845165,0.44851900442274706,2
9.0194118371860554,-0.52351526461834919,0.41936254993824645,2
9.0192152030764223,-0.54707862556321096,0.40528197205707411,2
9.0238023019770921,-0.56938484578621029,0.39401161254298961,2
9.0246849438488272,-0.59150694481233579,0.42265843959894495,2
9.0259425099450468,-0.61522300539965169,0.41342414920680737,2
9.0273398373966014,-0.63841144212003265,0.42092142567920843,2
9.0317816299617384,-0.66164239035521621,0.42488504114661535,2
9.034362876542124,-0.68537693420983725,0.42194870728222611,2
9.0348262343478414,-0.70908190483677025,0.39445510145159401,2
9.0361059803648285,-0.7312095488430872,0.40151195325509154,2
9.0387057102125148,-0.75362041221354481,0.43604480186441158,2
9.0410129790624136,-0.77801309965678644,0.42189608702233894,2
9.0457195077243817,-0.80124774454543246,0.43949976820368142,2
9.0485544004412155,-0.82578019334401453,0.42695055947446181,2
9.0494111657387251,-0.84975544504797096,0.41647390925818456,2
9.0523969097712786,-0.87296606168911861,0.41365902833915813,2
9.0560481906993751,-0.89592118386708464,0.43313286562850434,2
9.0591533644932305,-0.92006022517387809,0.41939563704629368,2
9.0613412035818293,-0.9435244879514757,0.41422889461384521,2
9.0632680032270496,-0.966720317978778,0.38944207803719816,2
9.0642867098006654,-0.9885795292348023,0.38930665834473854,2
9.0651730483258603,-1.0104368921640949,0.39055216953341737,2
9.0669859631899747,-1.0323071933805021,0.37959763431281107,2
9.0692052238329914,-1.0535211993350195,0.37491905666687819,2
9.0714281811294661,-1.0744704691927023,0.35492570201383894,2
9.0730040847977058,-1.0943515530294015,0.39815951252548892,2
9.0725593495318169,-1.1167199048850547,0.37966342689914401,2
9.0731883452671038,-1.1380440989672209,0.39614003462468927,2
9.0738044027152736,-1.1602948693883013,0.32946008254800002,2
9.0788514488700311,-1.1781061209453325,0.36370740652881017,2
9.0821444405142255,-1.1982759691263629,0.35717051098256286,2
9.0847792885697967,-1.2181718395769066,0.34085380907532475,2
9.086366282198421,-1.2372587151231063,0.41448340492930946,2
9.0894862426061209,-1.2603388120425683,0.32234112018057276,2
9.0940075132206744,-1.2778779341958444,0.3732870308645318,2
9.1000820822083419,-1.2979542291898003,0.34375626290290895,2
9.1036564448899409,-1.3169364615885435,0.32187586934366225,2
9.1061866497980564,-1.3348449629861108,0.3618408157276532,2
9.1102775463862056,-1.3547611650306903,0.3137019052823366,2
9.1144072578357012,-1.3718976380585257,0.3251271799419862,2
9.1185277276515428,-1.3896959513284424,0.30358634152811348,2
9.1218687757907322,-1.4064242302506438,0.33494860749655203,2
9.126645540868461,-1.4246288892994636,0.31594096154298207,2
9.1317036769836033,-1.4416459325659963,0.26949434227286079,2
9.1371995804320658,-1.455756423747558,0.27620730518597908,2
9.1444218134901369,-1.4694938390313688,0.2920785892990464,2
9.1477721032629784,-1.485560277711488,0.25183141080030497,2
9.1540825465959763,-1.4982258103208537,0.27971176529792718,2
9.1623692690215695,-1.5115809080732587,0.25606067771006802,2
9.1684094312775439,-1.5246398481744112,0.21454511046400795,2
9.1744865600681287,-1.5350514273072351,0.21062877168120545,2
9.1813689871096003,-1.5446798881099433,0.19354524348453808,2
9.1869314303203637,-1.5540251295485117,0.19609509386366164,2
9.1958437379296125,-1.5605044820901837,0.21781864163450931,2
9.2052670344652263,-1.5683149084229431,0.16161763601178067,2
9.2130120578862265,-1.5730568413946253,0.21618165353582078,2
9.2243365635946617,-1.5774515750427858,0.20229488673912494,2
9.2352824484251546,-1.5805170832265896,0.22442031937241061,2
9.2478444747376081,-1.5816192506049118,0.21623299700011259,2
9.2597243292139364,-1.5841682248821627,0.26726075383972314,2
9.2746634354176951,-1.5857007662868874,0.23728342852471085,2
9.2879224201801058,-1.5842971823789496,0.25185345004342108,2
9.3014831075739668,-1.5802499341561456,0.2719545926958053,2
9.315981461267123,-1.5754214159299567,0.27960260561031952,2
9.3311324135687137,-1.5712639795795029,0.30398829762098373,2
9.3477375660761535,-1.5672592428715024,0.33873848508173188,2
9.365315503090768,-1.5599582432402039,0.30365946402974658,2
9.3803876888191304,-1.551960285158942,0.28369180448338732,2
9.3940075226683675,-1.5436772593868096,0.3871908456221631,2
9.413085868057097,-1.5332197581875526,0.36455338950648836,2
9.4314820416097191,-1.5242090638872243,0.36410396760313812,2
9.4489738187441841,-1.5135970147187834,0.34990154071257568,2
9.4659268820513329,-1.5036394124855024,0.39408908307738671,2
9.484757126283812,-1.491986902197036,0.35515238423788137,2
9.4996385089845585,-1.4786905255256544,0.32428103845106265,2
9.513701655147317,-1.4671038435233035,0.3901469253807987,2
9.5313590702113515,-1.4541110178100967,0.35689845801907194,2
9.5471540909639003,-1.4417541557647438,0.39369452888517203,2
9.5645560115647577,-1.4280957931559941,0.41933607837214443,2
9.5826401040017295,-1.4129906236483158,0.44706257888556261,2
9.6023200063266252,-1.3973781618677394,0.37483022030440216,2
9.6173540886698294,-1.382627584990507,0.41325629666550839,2
9.6354307877998817,-1.3680518876764944,0.4053915188298976,2
9.6508896991892943,-1.351321335053207,0.36513909113480658,2
9.6649990535203134,-1.3364254518404435,0.41497189467448831,2
9.6785038657378983,-1.3174169174931158,0.38744162852326985,2
9.6922438408246254,-1.3005299685739136,0.39700778164195838,2
9.7065169847584816,-1.2833856768648024,0.41467083888925826,2
9.7205457241895434,-1.2647816399696463,0.44497815665106383,2
9.7347345565699772,-1.2441939306749745,0.3883288132042586,2
9.7465093425244973,-1.2258232083222316,0.47485331653112228,2
9.7600696045439985,-1.2028436325224101,0.42933592154028849,2
9.7734568353270124,-1.1827743054610211,0.39721044896143648,2
9.7836635362945703,-1.1629253546549299,0.39932877105767639,2
9.7941349733589629,-1.1430801005023001,0.45778496869591667,2
9.8078109684863062,-1.1212936854649573,0.43408650215487427,2
9.8189701223670074,-1.0996045202681506,0.38082388837330028,2
9.8265313106929657,-1.0795862348790308,0.47908911015260075,2
9.8357548486691453,-1.0542954074740196,0.42394343750957286,2
9.8438787790699234,-1.0319018905203254,0.43680787449242958,2
9.8539882301969435,-1.0095360984675903,0.45236352334561103,2
9.863847731840977,-0.98610766537406302,0.38120264376865687,2
9.8681126572436426,-0.9651165954777623,0.48695471629260245,2
9.8789227634740886,-0.9399803160419351,0.41912424565399814,2
9.8834819982012725,-0.91687505402443303,0.43997940623242565,2
9.8899054755666693,-0.89300146029065974,0.45717834146997927,2
9.8960790034490795,-0.86806522551609344,0.42045304972249914,2
9.9010353423215118,-0.84496550847878371,0.41959410490362753,2
9.9063869370124653,-0.82200370447008098,0.45259045799253944,2
9.912556768241414,-0.79733220579234754,0.42507441733188145,2
9.9175168037673078,-0.77396775265820317,0.39337718964055496,2
9.9202062508760882,-0.75202792650222072,0.45515854118716581,2
9.9251903146494804,-0.72694268873866275,0.44746589424821875,2
9.9312240811765502,-0.70253407783103228,0.38640161116833671,2
9.9317919428572026,-0.68082941454419199,0.42339320166655037,2
9.9342406821166449,-0.65716510710533438,0.4121198203644964,2
9.9369449158392698,-0.63416633656201959,0.40914613899754426,2
9.9404396611989299,-0.61144339207592058,0.41577364437318853,2
9.9424857513329297,-0.58817064380211992,0.41614726561878329,2
9.9459860416727839,-0.5650505951707725,0.43512734831335254,2
9.9484440225658783,-0.54072444748983184,0.43359394515944849,2
9.9493135868779756,-0.5163761198881236,0.36988885882491662,2
9.9494714061262677,-0.49559248796000777,0.36922050431973241,2
9.9477742243699954,-0.47491534750607833,0.40385515996789412,2
9.9465018716599296,-0.45225823130609477,0.42919369096109411,2
9.9478972115122346,-0.4281820331081434,0.41731267603286482,2
9.9455751560484931,-0.40484829005223144,0.42987209504484114,2
9.9441907668840486,-0.38073327699293635,0.4463232571474669,2
9.9428193160067195,-0.35569168759472625,0.36834757022501002,2
9.9395300210159885,-0.33525710331686298,0.3875848601838276,2
9.938112361970397,-0.31352471512906455,0.38923536589843483,2
9.9357681265858844,-0.29177938865414976,0.41116248270917549,2
9.9330434219967021,-0.26883720476329831,0.36242324371379486,2
9.9312083272118237,-0.24855532012788739,0.39737111161322003,2
9.9295333253763189,-0.22628976309296256,0.39981495288787672,2
9.9266670111050654,-0.20400757111745893,0.3954739403051406,2
9.9247254248460006,-0.18187068547748986,0.47391729824213202,2
9.9240379941315204,-0.15524992113193381,0.39186454826693862,2
9.921563239025323,-0.13337037828187448,0.43651552098116969,2
9.9180628094129499,-0.10909342394647137,0.39236705234165919,2
9.9145272615926903,-0.087331462530983117,0.42383868575517081,2
9.9124754872059739,-0.063604311983283424,0.41885930410237887,2
9.9068368372248976,-0.040753832952773905,0.40620534598686014,2
9.9055663328415644,-0.017964348704373911,0.42642372881354629,2
9.9033840387331633,0.0058970182184712172,0.3664440305433368,2
9.8999605273672842,0.02620108277464972,0.38850743567952012,2
9.896952603413963,0.047823282834799308,0.42020875955736842,2
9.8943676601801176,0.071293090592588371,0.37385162707846942,2
9.8901536371772014,0.091872981205980864,0.4388362479486646,2
9.8891737454649302,0.11651192147875111,0.38923536589840507,2
9.8868295100804229,0.13825724795366412,0.37114719164058002,2
9.885398912747716,0.15906305980254842,0.41545313016162017,2
9.8842681697197214,0.18238016791788336,0.37009137943158499,2
9.8804494025353211,0.20282214550266886,0.41253038887654164,2
9.8815670680036813,0.22597546401516677,0.41075054689949009,2
9.8804326283222235,0.24902783603366974,0.42894143902807358,2
9.880107183545114,0.27312806247912036,0.37519283637114448,2
9.8792097550595326,0.29419121711791352,0.40522718756530551,2
9.8793952992087828,0.31696036977227759,0.35706171467113085,2
9.8779536119156894,0.33697197333066153,0.42674250656112467,2
9.8773615827150145,0.36094352838115817,0.42642372881354762,2
9.8776961298532555,0.38490214514453847,0.4091054394130158,2
9.8760303696514029,0.40782954242154723,0.37464507689247456,2
9.873939780403342,0.42877696395250187,0.40890866764773959,2
9.8724063882499067,0.45170251290277896,0.39821526935429191,2
9.8731158596126321,0.47406716810497063,0.41941548805818296,2
9.8738419659159291,0.49762313574290928,0.41271870978905573,2
9.8752243674811151,0.52077275760194652,0.36752542372882169,2
9.8755127064510901,0.54142217315491692,0.39585971046644924,2
9.8754261211965844,0.56366555026907506,0.37477838936845531,2
9.8763818453888366,0.58470282833364173,0.39055216953341271,2
9.8788047080740498,0.60651398309466931,0.43625477989246503,2
9.8802055929065435,0.63098728543787086,0.39871672994532609,2
9.8817092725597675,0.65334085067967873,0.42171186440678976,2
9.8820401230445469,0.67703473134622705,0.39590878152219755,2
9.8818211697416238,0.69927995678711508,0.43814005374250947,2
9.8846781031066957,0.7237329275362816,0.41228813559322591,2
9.885001560284552,0.74689733600916419,0.44541451374519453,2
9.8879964066782371,0.77174556257684745,0.40749455436321841,2
9.8917540398080011,0.79433244236106848,0.42517233743299127,2
9.8938075232489258,0.81813466282853486,0.40561052361685374,2
9.8967709480881929,0.84073263257313879,0.38898573943902287,2
9.89787013028924,0.86256227060147328,0.42081592167008586,2
9.901374117282554,0.88594705532965268,0.39821526935431512,2
9.9012893803547772,0.90832280049222991,0.38227858593588498,2
9.9051590499389199,0.92945178341713675,0.42418557686425185,2
9.9098543493679809,0.95281993320474356,0.41215348890916192,2
9.9136156791512029,0.97567154908579568,0.40522718756528536,2
9.9181638239180057,0.99798260281280093,0.39899504683666182,2
9.9199322396680589,1.0203324714011472,0.48310973473947794,2
9.9209729868899146,1.0474586796928698,0.39502456987064816,2
9.9232671781801756,1.0695364188774619,0.35217049527470223,2
9.9251309954440323,1.089237078170747,0.3846018733401127,2
9.9266235851368716,1.1107964351220545,0.37066833045686959,2
9.9304840130873604,1.1312635778048836,0.38351797675558602,2
9.9329013307923848,1.1526776284206619,0.34161016949149703,2
9.933169338168323,1.1718709954410507,0.37287046555746073,2
9.9361068864333575,1.1926158125078246,0.39625210876058797,2
9.9390629179656997,1.214684310058761,0.41791076447842379,2
9.9432250485476352,1.2377951170564536,0.36486537363671384,2
9.9466846756994123,1.2580030686226387,0.36501746425342585,2
9.949219574839006,1.2783563265243565,0.33051134331652959,2
9.9506696530170409,1.2968712183620887,0.34161016949151385,2
9.9531860688893268,1.3159007957796369,0.34284277914983924,2
9.9562319569552837,1.3349229798902655,0.36316524887310292,2
9.9606144637925134,1.3548532570725058,0.33828758233997314,2
9.9665595106365181,1.3729082016561449,0.31379920324909977,2
9.9706384665155738,1.390062446475099,0.25330380037215028,2
9.9732170140205127,1.404060189726092,0.28820475989373362,2
9.9746338223173954,1.4201924566923303,0.28436599422711595,2
9.9765764061544822,1.4360525942548072,0.3373675172747998,2
9.9801462214339107,1.4546702809132626,0.2922305750459151,2
9.98499905400943,1.4703573872392504,0.27777030154325116,2
9.9886531808422809,1.4855316563121477,0.27418030876077326,2
9.9938864826224734,1.5000219052221979,0.305018166934862,2
10.000857203972656,1.5156794383204968,0.22658630377732653,2
10.006445098383294,1.5271196771367777,0.26576126610204276,2
10.012724406263702,1.5406685630940622,0.22805131669233342,2
10.017260749593934,1.5526530607178515,0.25335857468358203,2
10.024580518594369,1.5648634795771308,0.21376758274164204,2
10.031076506076616,1.5749670996221283,0.2210185875212283,2
10.038497221571049,1.5849254133315966,0.23011078605333096,2
10.047366592291143,1.5943339232533624,0.21629715919168671,2
10.057651348355739,1.6008100045159281,0.19036457032537368,2
10.06634399118588,1.6070435296024286,0.20367575523870715,2
10.076351072866531,1.6125967311795435,0.22665977931416165,2
10.088327040332855,1.6169308954199479,0.16390245906430023,2
10.097103994716411,1.6197210029208868,0.19668859482030143,2
10.108107177675556,1.6207589042379951,0.21072098228642311,2
10.119785139163895,1.6227141402603671,0.23560499970549201,2
10.133023792332272,1.6226616756357224,0.21955720828622788,2
10.145322930874622,1.6216955729592755,0.2339382550014496,2
10.158265426391747,1.6193965481650139,0.25458243069573327,2
10.172257624662548,1.6164208965148248,0.26629330033643289,2
10.186770053493365,1.6127760113156278,0.26480929487917987,2
10.200320787777382,1.6066290714836349,0.32044142384991681,2
10.217454701002302,1.601094067071994,0.2607539121477403,2
10.231288654650458,1.5962671110707056,0.31379920324913163,2
10.247749637672907,1.58994714000222,0.29779020328233902,2
10.262059462039547,1.5812741172899294,0.3251271799419605,2
10.278770394544983,1.5738915051806543,0.38094775368425643,2
10.296475580002182,1.5618612247629535,0.37442278395329964,2
10.313919726016008,1.5500993770955489,0.37983881808197323,2
10.331897040876964,1.5385948722180558,0.39788061117962825,2
10.348771051509054,1.523928320792411,0.39604895103680521,2
10.366860402824386,1.5109659190556073,0.37459322033896914,2
10.384574829915239,1.4995974788799913,0.38123176321287527,2
10.401334955766218,1.4862564562652416,0.38453692570127918,2
10.418225601338879,1.4727812172753474,0.36663331536358484,2
10.432985419849764,1.4584089751742262,0.4148113587796145,2
10.449168017012081,1.4416337766075742,0.41188406349134038,2
10.466025392703594,1.4257759127461789,0.41555999569959962,2
10.483281720867089,1.4100448719530121,0.39482078050887026,2
10.498815416074434,1.3942054913589246,0.44850044155911606,2
10.515632128577874,1.3754355304323695,0.41652721450722446,2
10.532215526538899,1.3589195229823581,0.45010021546805445,2
10.550506770842226,1.3414529109459323,0.37589487098945523,2
10.564049400343134,1.3252441511075546,0.457105492102933,2
10.578849170565908,1.304251658258881,0.41888580579837104,2
10.592750089350723,1.2852576244235649,0.47448497971820686,2
10.608469042605488,1.2637227210941084,0.46523547120312925,2
10.622726402347478,1.2418110452134421,0.46196700772994986,2
10.636853242367785,1.2200335857079203,0.39221849142511844,2
10.647172830538432,1.2005599845006678,0.46593287327856436,2
10.661696774703989,1.1787769800149555,0.44703153955518282,2
10.67490258336557,1.1574095629417975,0.42125754336235371,2
10.688667437448506,1.1381526413363794,0.48503031383955619,2
10.704108716319324,1.1156948583214721,0.45454840882015446,2
10.717040547250422,1.0936692976596945,0.46225527171167774,2
10.730365785673307,1.0713734559208881,0.40369707783448505,2
10.740808500258717,1.0512361661448217,0.45205667390972731,2
10.751475287752889,1.0281830826501306,0.48705728946137672,2
10.762511454491351,1.0031389334490051,0.41727277298956683,2
10.76921459383995,0.98067077194989949,0.41335701636953331,2
10.77844936104904,0.95935880467865786,0.42963316059867052,2
10.786871436700324,0.93673424688363927,0.40991866332595905,2
10.796508853034853,0.91581383877745726,0.44186134981030961,2
10.805453007572877,0.89265241548184893,0.37780955829414054,2
10.812321784851045,0.87256503052750833,0.42188950902839462,2
10.820218084962123,0.85021260213624306,0.37718467218580254,2
10.824694995735141,0.82949664682097346,0.40975614766079238,2
10.831670264487498,0.80755426086207205,0.39114860618083758,2
10.838128999333298,0.78654584454900789,0.41588710058940664,2
10.844567402585067,0.76408137970336387,0.3948770087685477,3
10.849959799736617,0.74255827781047934,0.3779858097012978,3
10.855631719598843,0.72209042365146558,0.3773317973121933,3
10.861171271412653,0.70162441781918172,0.35361749728579656,3
10.864206920266934,0.68198773848527861,0.36456100205203351,3
10.867764648007961,0.66181419365078753,0.37414102329813276,3
10.869590501159188,0.64087046877329534,0.37339853194657041,3
10.873008467544874,0.62016930007187021,0.36098078795580912,3
10.876170939467377,0.60013366826598613,0.38740581233384236,3
10.877456230464556,0.57840312840491936,0.3638370990501385,3
10.879953165491518,0.55811200213585543,0.41036524954612252,3
10.880690501027724,0.53506517509754481,0.38898573943902465,3
10.881179735407674,0.51321335714844452,0.34393382713685322,3
10.884090409520459,0.4941079983349379,0.36184081572766352,3
10.888181306108612,0.47419179629035746,0.33938509717239923,3
10.887385674865737,0.45513819062530736,0.43820972293582228,3
10.887174254142259,0.43051588529311324,0.37258008245167157,3
10.889399059765468,0.40969898348384692,0.36626222508430117,3
10.890700985703219,0.38915975605852715,0.37742004485905473,3
10.891464197813654,0.36796608169804657,0.3771331648318636,3
10.891830305778839,0.34677795231775832,0.3704885979440638,3
10.890348806046385,0.32601280365694674,0.34947298278910133,3
10.891398934174418,0.30640384922400443,0.36088852056367227,3
10.89363298143128,0.28624878765681849,0.36535943665738124,3
10.89400833103012,0.26572249851861418,0.34448208338637254,3
10.894797419714779,0.24638197683596275,0.3228400872242787,3
10.894147094807439,0.22825309918309866,0.37706693075258313,3
10.894380834724203,0.2070668181295412,0.30952502324888775,3
10.89546238440666,0.18970812051967822,0.37235655673466944,3
10.894640876589559,0.16880136217679809,0.35587055842286053,3
10.8948912514469,0.1488063935589885,0.3496397066224019,3
10.896073747623353,0.12919559079931453,0.34161829329907478,3
10.895938108295828,0.11000037545219588,0.36282120837193921,3
10.89578583402773,0.08961384766932845,0.36281355932203979,3
10.895501191711215,0.069229168213191805,0.41056808269940315,3
10.89796116020357,0.046290680975799248,0.33703007971649129,3
10.898226321674754,0.02735465674532378,0.31793739344941252,3
10.895860757118191,0.0096469114852055782,0.40993897325405876,3
10.895406780218652,-0.013383280612529802,0.4232293028652489,3
10.890316224971068,-0.03661351737152696,0.37706693075258313,3
10.889491020500508,-0.057785011811239961,0.35286328003656181,3
10.886173003030796,-0.07733297146207363,0.39134012490922915,3
10.886660389084012,-0.099317157459591243,0.37701540731291994,3
10.885967552661867,-0.12049050022603325,0.35574576271186686,3
10.885688455325544,-0.1404780755369206,0.34108984335658327,3
10.88343677555009,-0.15951134960793212,0.38222050433326082,3
10.880491833978132,-0.18078563886837085,0.36719302656638125,3
10.877030358499622,-0.20112595848297321,0.41029085226584211,3
10.879357958943556,-0.22406259739363499,0.38672467448829911,3
10.879981409698647,-0.24578389562105052,0.39055216953343669,3
10.877558547013436,-0.26759505038207898,0.43145088961809602,3
10.876293726882821,-0.29180546495517845,0.37134902599772529,3
10.874150386908283,-0.31256137198233613,0.41577364437319209,3
10.87210429677428,-0.33583412025613679,0.42433602628131356,3
10.869126085321172,-0.35949103438807217,0.44589401333611117,3
10.86745307108492,-0.38449011227147789,0.41700665512261753,3
10.86725828530202,-0.40792110516792501,0.41475114179909989,3
10.866403507603767,-0.43121048838230003,0.38907847653404498,3
10.865171957354303,-0.45303827808390373,0.4170066551226172,3
10.8649771715714,-0.47646927098035086,0.44301549532813167,3
10.864100213952378,-0.50134707077572394,0.48089302909219261,3
10.86279657896042,-0.52833721436556935,0.41989163079833536,3
10.863658889238119,-0.55191536192427648,0.44837666949535865,3
10.861851658626721,-0.57704495952936785,0.44292151997012597,3
10.861371805152947,-0.60192830430493505,0.40768520147167037,3
10.86052257243489,-0.62482058337406166,0.50054550535410147,3
10.858277574490169,-0.65285673306412484,0.49765965954888702,3
10.856563897065845,-0.68076790801269382,0.43768376335213816,3
10.853971699797603,-0.70522457541531924,0.46885418558729508,3
10.853868618875044,-0.73156951370365952,0.44494073470216006,3
10.85113850857819,-0.75642143692480435,0.46719388984614579,3
10.849316491352949,-0.78260997891722894,0.42648229769144286,3
10.848584840069462,-0.80656305070041778,0.43278032115320469,3
10.846128707503095,-0.83075683033294112,0.48648716484896226,3
10.841515871300725,-0.85770076575452237,0.43119352208766842,3
10.840780523363771,-0.88191857363454318,0.45734827820003748,3
10.839495371639117,-0.90758503674022517,0.43533776886031694,3
10.836905022697605,-0.93190933609443594,0.46001046819957953,3
10.835220918500973,-0.95770262226834113,0.41989163079832331,3
10.833700603907177,-0.98124749994589688,0.44577574318776175,3
10.832159957719343,-1.0062484261560343,0.38719084562219908,3
10.829078951445506,-1.027785603186576,0.44577574318774971,3
10.827538305257674,-1.0527865293967134,0.42665795608537521,3
10.82799796640993,-1.0767562361204783,0.44179225646697146,3
10.825799176633478,-1.1014831846001298,0.43023347315715493,3
10.82347726044226,-1.1255464445109666,0.41780450021772347,3
10.821694058078357,-1.1489552574866453,0.45061784136264565,3
10.818430778934381,-1.1740645234977025,0.40768520147165793,3
10.815597873816802,-1.1967967096174528,0.45792437928603696,3
10.813650881850068,-1.2224539310894809,0.39114860618084007,3
10.812946955467533,-1.2444214821464232,0.4247217180419417,3
10.811290576171862,-1.268229247594082,0.40448000956594748,3
10.807799527465662,-1.2906874559833463,0.38818585604534472,3
10.800890937748134,-1.3113768232482013,0.37533334834334531,3
10.799273373313801,-1.332404859679114,0.36183314595254557,3
10.796080330585584,-1.3524841398503442,0.3842770253763802,3
10.794984845037998,-1.3740490417818458,0.35305198540057842,3
10.792591555580472,-1.3937423077682096,0.37009137943156367,3
10.788203503763048,-1.4140696890956974,0.35129469324957591,3
10.784622598523237,-1.4334815840446531,0.34512597569287495,3
10.782764326239569,-1.4527851391926898,0.32983050847459039,3
10.782505560497283,-1.4713166659709964,0.27880743128600055,3
10.781096145507323,-1.4869194607435636,0.27880743128601254,3
10.779686730517366,-1.5025222555161317,0.26471495784236182,3
10.780671030359283,-1.5173641118793508,0.26202796164915687,3
10.779539289753272,-1.5320440269664655,0.2618902389759919,3
10.778539917195674,-1.54672579038031,0.21309143054274196,3
10.779564880225667,-1.5586555496783685,0.18859233609291301,3
10.781803335612175,-1.5690135273360033,0.18450123219794229,3
10.782585742466104,-1.5793511733996022,0.12566198739527096,3
10.78607465674374,-1.5854900084484864,0.12352366205556167,3
10.789966220146816,-1.5912372843323128,0.12345624260434086,3
10.795063882599489,-1.595942250769383,0.09423728813558073,3
10.798181569306104,-1.6002223881602449,0.11281447221966079,3
10.803698515824792,-1.6033444829965093,0.08871578587605132,3
10.808583195329089,-1.604339447424457,0.10972170929388543,3
10.814517577587061,-1.6060110387083331,0.084288392914603494,3
10.81878292836408,-1.603952296389048,0.12519734952718259,3
10.825434600666052,-1.6016620878540824,0.18122310754544943,3
10.835268651110216,-1.5990191350154017,0.16766889935343735,3
10.844308493263878,-1.5963650922163373,0.18754463377592465,3
10.85377316446375,-1.5917310736712187,0.23514516716466624,3
10.864342988219216,-1.5838026405295311,0.19354524348458146,3
10.873688229657786,-1.5782401973187659,0.20604644177408704,3
10.882790914920287,-1.5710856408735419,0.25461513165677757,3
10.894035517204951,-1.5622398730265941,0.27716017933689158,3
10.906868536070618,-1.5534162851004121,0.29233501941042422,3
10.919460847086944,-1.5428682158913549,0.27093220338983315,3
10.931766242085674,-1.533904866609836,0.34161016949152773,3
10.945849719842462,-1.5208621360749026,0.32318375358434009,3
10.958868708231728,-1.508201723071374,0.32158258830839148,3
10.973058677462708,-1.4970139935410014,0.37078810373099758,3
10.989000852877519,-1.4836000354350487,0.36816670475961533,3
11.00376650247043,-1.4691104980011875,0.3786020434776749,3
11.018282202580352,-1.4535583195265334,0.37751562308933717,3
11.035143561027155,-1.4406867719013592,0.36819685517359174,3
11.049778690898382,-1.4260630180923517,0.39541077844638134,3
11.06483495316235,-1.4097240246341212,0.4315473628704678,3
11.082542273048112,-1.3931572616136707,0.42125754336239202,3
11.096839445229467,-1.3742921852751433,0.37194641070081691,3
11.111086712589096,-1.3590010462438613,0.40126304790124634,3
11.124185179027776,-1.3406488071584253,0.42480665389285149,3
11.138092640370806,-1.3212487136460407,0.51672312507952323,3
11.157067054088269,-1.2992714955810891,0.49054333037692616,3
11.174182770147711,-1.2776655050871604,0.46485951364168038,3
11.192579655176516,-1.2591224629741138,0.48772348923694342,3
11.207333077958499,-1.2360271540664529,0.4416728879609535,3
11.219418808178114,-1.2143509271567599,0.4476147188291652,3
11.233872376655382,-1.1937669145155478,0.46196700772994986,3
11.248601771189866,-1.1723923902373006,0.49152673524079743,3
11.262439707593318,-1.1484899347520257,0.44612423890796765,3
11.27295180784578,-1.1257325835342336,0.48081800092588928,3
11.284414512684656,-1.1012673859741415,0.49497569314035078,3
11.299305848495248,-1.0777768212479604,0.45625472336631878,3
11.31140451700198,-1.0551740179993523,0.45912277183864975,3
11.320611420037585,-1.0310745030300881,0.48783727848987612,3
11.333000701215378,-1.0066222437571106,0.4221919906741109,3
11.34191329492646,-0.98463692090905042,0.44504675538485605,3
11.350976739953266,-0.96132976590355579,0.51860484398042828,3
11.36010117976218,-0.93365446530031626,0.41769156481893033,3
11.366110918041754,-0.9109666390220994,0.43851360442948661,3
11.371609667394965,-0.88694773895279599,0.42189608702234405,3
11.376963110412651,-0.86385356689567683,0.46126360954986095,3
11.38498609431943,-0.83920794479217342,0.40768520147166992,3
11.387818999437007,-0.81647575867242139,0.40358019472071455,3
11.391837672010141,-0.79415731163849479,0.44125798855961407,3
11.395093557847197,-0.76957751782110595,0.40953935978892358,3
11.397663575194674,-0.74670926699947682,0.4048503434999195,3
11.400229895888689,-0.72410575227468055,0.38635133259461896,3
11.402913798017273,-0.7025630302639474,0.37883653553343444,3
11.406384515129435,-0.68156087040726465,0.42985272692937226,3
11.409763527381255,-0.65764476515868608,0.37694915254238553,3
11.410059259658151,-0.63646587741205085,0.38695424430749548,3
11.409171072806224,-0.61474088253117465,0.38035721012851426,3
11.407880236828854,-0.59340744681535629,0.42876671613912426,3
11.41072977688701,-0.56948394825985549,0.37932703378963439,3
11.40864288429241,-0.54827179063206888,0.40227844193224582,3
11.40683921106195,-0.52573964917357863,0.38419757631991119,3
11.406478648076957,-0.50415441564804198,0.4025060354696402,3
11.40454260679808,-0.48162042586282183,0.41296071048661948,3
11.403542383491773,-0.4584375341226341,0.38695424430751957,3
11.402654196639846,-0.43671253924175701,0.40953935978892125,3
11.400723700341162,-0.41378144531128758,0.34887689011811746,3
11.40033541245521,-0.3941817325119974,0.39378615705636982,3
11.399717506680306,-0.37206333013933257,0.39352531313370759,3
11.396580911332029,-0.35017454565561934,0.38993346982231958,3
11.395165100613164,-0.32830978941940359,0.40015492870076569,3
11.392166418293495,-0.30602574911717184,0.36357766774462713,3
11.391127380125846,-0.28562258639372917,0.39119826818767156,3
11.39090473016946,-0.26364209704967223,0.41075054689950141,3
11.386720280394236,-0.24094431766161506,0.37816197896226456,3
11.38410206727924,-0.21985713477532265,0.37669138432312671,3
11.378694883513845,-0.19939297726976957,0.39648316161377112,3
11.372506429745068,-0.17799115346491856,0.39327135298837823,3
11.368042457259165,-0.15634862181073217,0.42170528353923131,3
11.362804608076797,-0.13323895166358035,0.41091266928062931,3
11.357956469732759,-0.11066429869028749,0.39321489512595464,3
11.354156185815672,-0.088898640621338565,0.37995570055820976,3
11.350876132458591,-0.067802216101392254,0.37772140174982111,3
11.346266853637159,-0.047084412459390101,0.42199474462717101,3
11.343948494826877,-0.023485933306646167,0.42023517615131228,3
11.340435126927389,-0.00013555531015985167,0.43246599400029606,3
11.336002575995906,0.023757233167105873,0.37204339511450524,3
11.33404250646953,0.044570438322912409,0.38267765831734618,3
11.330631933390764,0.065801079218005043,0.4187068867985978,3
11.326851981067714,0.089022785819536487,0.39697981940909388,3
11.325441715329042,0.11128464620100065,0.38282992166591928,3
11.322827198867508,0.13263656518412592,0.40084786218491092,3
11.322214838072796,0.15515207170204004,0.40171234818782947,3
11.316827985901437,0.17707227774017298,0.40993897325405881,3
11.317281962800982,0.20010246983790836,0.37436348354370991,3
11.312935571749648,0.22068420877803341,0.33124942976106114,3
11.311473552862521,0.23923976380383749,0.42294724835640762,3
11.307829665241346,0.26272435817546924,0.43426547527565318,3
11.306713708827195,0.28710041067813741,0.4204728508127471,3
11.30532192635583,0.31068595154376588,0.4358028836575174,3
11.302086232840287,0.33495920922570743,0.42459755046643538,3
11.30122761921605,0.35880209288124654,0.43625477989248912,3
11.300510615273881,0.38330496845213879,0.43587292642030934,3
11.301117291815874,0.40778936075572414,0.45791225831094101,3
11.298429553761306,0.43337890561490866,0.44307187097552536,3
11.299438879428743,0.45825485708355185,0.43615934786588889,3
11.30070739621282,0.48273000775348329,0.42830043996865597,3
11.303292200174141,0.50665720296244388,0.43636291095869006,3
11.30482545305505,0.53112865697891642,0.46982982671705359,3
11.306914054703858,0.55744587036629678,0.42406779661015664,3
11.307246753515367,0.58127211908126064,0.50195179921295618,3
11.306978606866904,0.60947575502762064,0.49229400575963023,3
11.310010419795201,0.6369713425636343,0.47660339611119978,3
11.311839830327367,0.66368935674972551,0.50553825760784576,3
11.308791954662158,0.69193180755742834,0.48589352562251514,3
11.307849029484499,0.71921810879852721,0.43482748265550197,3
11.305010440114206,0.74348582150027553,0.447682913561051,3
11.304964518047774,0.76864129567959694,0.47118644067795185,3
11.305334183393896,0.7951149053628912,0.50430708561220883,3
11.306391565556329,0.82343242609036249,0.37485983476444856,3
11.307479657796994,0.84446785582819661,0.4183023806329722,3
11.309659964306142,0.86787112382368559,0.42930360054642602,3
11.311187672206861,0.89194547369490795,0.45474984299828003,3
11.311147295120621,0.91749805201947598,0.42236943335914673,3
11.312801826089565,0.94117344941871739,0.43587292642033343,3
11.312879030437895,0.96566523502922763,0.44314076480478526,3
11.312432307572747,0.99056151809190496,0.42648229769146767,3
11.313163958856242,1.0145145898750982,0.44066009905108933,3
11.312980123761196,1.0392748082358985,0.43426547527562914,3
11.314776264412211,1.0636101975504921,0.41946180343260431,3
11.314575794376596,1.0871791034755454,0.41465076073181439,3
11.314768731832766,1.1104777283235769,0.38222050433326082,3
11.312418951468064,1.1318259506532407,0.42684004399101955,3
11.311694554218972,1.1557993540304636,0.42942640738142518,3
11.310707269199781,1.1799088221095708,0.41742571394083156,3
11.309975478643768,1.2033527532931281,0.41766498734593965,3
11.30897895199092,1.2268003811301504,0.41780450021773252,3
11.310762154354817,1.2502091941058282,0.40590462522646048,3
11.307370064543361,1.2727635154850852,0.41700000000000786,3
11.307697218374679,1.2961926600547997,0.44066009905108827,3
11.307513383279639,1.3209528784156035,0.36138802048514412,3
11.309252225802002,1.3411848582292833,0.37838940953154082,3
11.30769480540107,1.3623896225501504,0.36592868047697541,3
11.306657615560152,1.3829251533220059,0.35577696574347817,3
11.306671976799636,1.4029164252863566,0.38408198471857774,3
11.307370358201977,1.4244868721980488,0.34343318363707237,3
11.305652844851668,1.4437079641193975,0.35706171467112879,3
11.304211157558576,1.4637195676777814,0.33665933209867577,3
11.306591508728989,1.4824862573252311,0.32284008722425461,3
11.307241833636329,1.5006151349780943,0.32703360139834803,3
11.305511381998908,1.5189096505605271,0.30627118644068074,3
11.305751664473888,1.5361174968546685,0.29373665965050094,3
11.307701641617898,1.5525071066108147,0.24849222137729166,3
11.309219396408778,1.5663872684272349,0.23467260807140611,3
11.310858429287686,1.5794713736264292,0.25323805555977219,3
11.314096968707981,1.5933275071953581,0.19548559518766123,3
11.316629308044659,1.6040160492359377,0.20229488673916224,3
11.319694816228459,1.6149619340664323,0.16892214617380116,3
11.321149727910496,1.6243415822366956,0.18592470049601062,3
11.322882313976482,1.6346441100924132,0.18286951548982511,3
11.329348728231041,1.6426298413627478,0.14465500469074236,3
11.333550099048676,1.6495880498001725,0.17390865350645321,3
11.341571660003076,1.6551689762782438,0.11192537758039638,3
11.347043109829688,1.658270028044285,0.17067098768827119,3
11.356588395929517,1.659195892907011,0.14563015356020598,3
11.364681330150228,1.6604068254606119,0.1391795737489101,3
11.37248550002661,1.6599006700382546,0.1955991340938355,3
11.383468351391716,1.6594825228227776,0.2023908943520504,3
11.394553997577548,1.6569446385059123,0.19746310096437381,3
11.404959320253992,1.6530923153385331,0.25183141080031696,3
11.418263801708486,1.6482727526441643,0.28878193956377984,3
11.432860542092721,1.6411844498594093,0.26604306382037912,3
11.446545492751886,1.6351680297491029,0.23514516716469072,3
11.458515203761829,1.6295727420315416,0.30263414123582139,3
11.472277072667493,1.619583432142008,0.30101586358406979,3
11.486717416755816,1.6107761930545692,0.29085984427027445,3
11.499955358448007,1.6011913806172089,0.30057300300427714,3
11.51385514038228,1.5915973265461929,0.30143045445654948,3
11.528159419768723,1.5825271996886556,0.36658789592024993,3
11.544399315059689,1.5698554106229103,0.29030591597343119,3
11.557503040376732,1.5601400784638635,0.34963176919504552,3
11.572956120684118,1.5480088515521686,0.45163287932186408,3
11.593534588345138,1.5331581789296536,0.38592010469114013,3
11.610827883043243,1.5200744991048154,0.32536609350139234,3
11.624291745970922,1.5077062609972458,0.37036872781296265,3
11.639584733328936,1.4935913616860361,0.38367713986986002,3
11.65539979957369,1.4789395968742376,0.38684665041768657,3
11.671211169164986,1.4640230959656044,0.41362548234337665,3
11.688200912904916,1.4481633837774837,0.43866546623467334,3
11.70449184986815,1.4296655522546828,0.47330203024670481,3
11.72356251584813,1.411128905870541,0.41992467621853335,3
11.740410649905989,1.3946092017670644,0.40225774522535268,3
11.755131653555534,1.377457230649199,0.44998921816697857,3
11.772214950482535,1.358815941117598,0.45411471720931118,3
11.788757685255487,1.3393878366024232,0.46401698103629768,3
11.802481876150354,1.3172188179318454,0.44154091680419338,3
11.819440198335862,1.2991088489206426,0.47382945172803942,3
11.834357549993205,1.277055563357905,0.43838068219560938,3
11.844636474975781,1.2546698650854893,0.4750402988695796,3
11.860756229029255,1.2333941528726768,0.50393824888574723,3
11.876714041806625,1.210002400211927,0.48578499392994834,3
11.888151009343797,1.1852174421274384,0.45972079663524384,3
11.900277542024011,1.1624087631355451,0.46689084320179097,3
11.912264313348885,1.139072460276715,0.4558591838698689,3
11.924661127106123,1.1166571887766104,0.42566160005252274,3
11.934951142049082,1.095065698794695,0.40618484937113647,3
11.942461427975294,1.0735130236741206,0.42380594552216166,3
11.953553044515674,1.0524399159254862,0.44855612784537496,3
11.963157190969051,1.0291368829478067,0.445370897274458,3
11.971965280805202,1.0057125718820963,0.44499686644535935,3
11.97877860828145,0.98165414547526453,0.45542674047942439,3
11.984387685034838,0.95668577767008856,0.46626035142578243,3
11.99038647262655,0.93118239269105718,0.42102690325032788,3
11.994164576622873,0.90782831804110931,0.40915292186799701,3
11.999146931342059,0.88538418478950209,0.41657385100485478,3
12.00425610912947,0.86254109906591392,0.41758524477778053,3
12.006710532641629,0.83920550768327384,0.39689592089051817,3
12.010906072377237,0.81730193658571526,0.40151195325511863,3
12.013505802224927,0.79489107321525676,0.40768520147166992,3
12.015702882947176,0.77208865067974219,0.37865335102346265,3
12.021507170857817,0.75161894819399855,0.41965362695774699,3
12.023827377994827,0.72815283708967105,0.41992467621848834,3
12.026279953180257,0.70468487765861454,0.43123857249348402,3
12.025412237194891,0.68046891810532184,0.36021117086856502,3
12.028309973020562,0.66043698295289932,0.43676339853836321,3
12.029556449156399,0.63592671407508572,0.42919369096109516,3
12.028161109304094,0.61185051587713435,0.40649219008893395,3
12.030889510546737,0.58917306808311221,0.41941548805818341,3
12.03016340424344,0.56561710044517266,0.41229486677314481,3
12.029972315114001,0.54245084364556018,0.37460062885756812,3
12.029546063115417,0.52140617227407127,0.41710646921947592,3
12.029748381477763,0.49796963439743447,0.36687545742936961,3
12.027476370108273,0.47748031179384132,0.36095003477907195,3
12.026134631731157,0.45724278699996557,0.3557769657434775,3
12.025590798298003,0.43725890834253978,0.42930360054642724,3
12.024063090397282,0.41318455847131741,0.39948858178299224,3
12.020708106392961,0.39098923785215511,0.39055216953341504,3
12.018285243707748,0.36917808309112754,0.39281946288630903,3
12.014803436635201,0.34738171494394532,0.39363813171713413,3
12.011981621478007,0.32544373711469188,0.39660913370862538,3
12.007968493885064,0.30352239422601546,0.36528347045704795,3
12.005301226697053,0.28317098465103019,0.38540919505115795,3
12.001164972689347,0.2619133303311667,0.40214734479921904,3
11.997675772309879,0.23958748999031609,0.386724674488299,3
11.993142414156925,0.21833538065064495,0.40855559819564935,3
11.987140069184273,0.1961770265660947,0.3971685262767734,3
11.9849763976157,0.17396507100635628,0.42010307657045881,3
11.979492434876331,0.15100511532438521,0.37772140174984453,3
11.974306478114947,0.13042408786044657,0.40349766860816771,3
11.968967821711111,0.10838886019066063,0.37979497787970656,3
11.964440008538345,0.087533854996237892,0.34577669504794384,3
11.96218463210943,0.068235844828390846,0.38689686462312994,3
11.956991282041123,0.047125345170789146,0.5045711610793342,3
11.948405556059525,0.020104491502709543,0.40970196144688392,3
11.942666098856977,-0.0021899272837169192,0.39625210876060901,3
11.939710067324636,-0.0242584248346569,0.3736957055168495,3
11.93756487902337,-0.045146699910230126,0.36952103792882524,3
11.934101555218131,-0.065619387573248034,0.41488494544224813,3
11.932982041423042,-0.088905074134163264,0.3978248074470187,3
11.92936416964862,-0.11096433005144757,0.36752542372884578,3
11.929075830678645,-0.13161374560441885,0.39350415604835332,3
11.92916426425988,-0.15372475467015878,0.39831979237180049,3
11.926338752449226,-0.1759274685962442,0.41518584597651015,3
11.924822134508888,-0.19920761017696798,0.36843796966278142,3
11.925989844071495,-0.21987735732397429,0.41169536078853253,3
11.920908530457567,-0.24244575384088929,0.40385515996787008,3
11.919004050005636,-0.26505851019933591,0.46001046819961561,3
11.919967306777332,-0.29088876290785493,0.39548797490390541,3
11.925492071977299,-0.31241371312747024,0.39884895468420678,3
11.92650338524399,-0.33480239657715938,0.4075830801821792,3
11.926315992768009,-0.35770391727993989,0.42694405935556312,3
11.923203564939756,-0.38149135113356003,0.42001718956356904,3
11.921550882297542,-0.40503438048438589,0.42930360054642724,3
11.920023174396821,-0.42910873035561004,0.42674250656110152,3
11.920615203597496,-0.45308028540610401,0.42880554960026862,3
11.920014072035693,-0.47716757356443917,0.40016186397516579,3
11.921951961641298,-0.49956919530124466,0.45013104319421421,3
11.925308933244875,-0.5246385096004138,0.41470430032473526,3
11.924586523595037,-0.54792974114152049,0.44649110978552925,3
11.922384037165122,-0.57292142571800575,0.44116992943311062,3
11.925880770124035,-0.59746311615023995,0.42813841974722328,3
11.928857272522936,-0.62133557303346887,0.44527741902193257,3
11.92864030681927,-0.64635498251091228,0.4183023806329722,3
11.930166305665782,-0.66981000365485599,0.46968213257402036,3
11.931386905227388,-0.69617342521050052,0.46760358152107001,3
11.93592409930633,-0.72205358274074616,0.4006816674382363,3
11.936271724004207,-0.74456539260519961,0.41518584597648606,3
11.937137730935369,-0.76787880406707298,0.44527118644067532,3
11.936788397183284,-0.79289636521778561,0.4441416486654739,3
11.938294064435759,-0.81780743489431007,0.45946114411061223,3
11.93753653657804,-0.84361365935532984,0.45471932840406909,3
11.937444545615866,-0.86916438935316975,0.40812743178393396,3
11.938316097527217,-0.89208069666979473,0.41812321197996621,3
11.939709728325314,-0.91553386948700766,0.44921146911183457,3
11.937240657471833,-0.94065422545844779,0.38117352209985167,3
11.93906096564287,-0.96199505448118838,0.42140245253645364,3
11.943635126256419,-0.98522785104310362,0.42030781322375615,3
11.944894540679371,-1.0088115435820022,0.43884257192095311,3
11.948393121965017,-1.0332208659658209,0.42030781322375615,3
11.949652536387966,-1.0568045585047194,0.44025054891523935,3
11.951691372487568,-1.0814582853913342,0.39597887248170305,3
11.953897694843469,-1.1035988676847666,0.40590462522646331,3
11.954903463129968,-1.126384655279705,0.3954739403051839,3
11.956845049389036,-1.1485215409196767,0.37697860054463622,3
11.956814053208971,-1.1697041253197717,0.40311232336115593,3
11.957292197628535,-1.1923501515593724,0.35872887762414213,3
11.958202564401232,-1.2124867298592505,0.3865524076512199,3
11.958561279059495,-1.2342043314332045,0.35116036852699634,3
11.958815350570299,-1.2539345639541821,0.35751998917564914,3
11.961582566674286,-1.2738322827314557,0.3464502241711051,3
11.961840334838552,-1.2932977791555995,0.35358610368689991,3
11.962224926071041,-1.3131622280517234,0.36156460132425827,3
11.963530548662256,-1.3334367193802104,0.3380824277476463,3
11.964854654520776,-1.352387530224533,0.32597112506352449,3
11.965923265916118,-1.3706728041733127,0.29024855270939204,3
11.966622498067167,-1.3869670124156519,0.28893565941739496,3
11.969046211501093,-1.4030205128086575,0.29755712856063732,3
11.971993852148492,-1.4194785106538346,0.28491198991868866,3
11.973757573667065,-1.4353904013647698,0.28927163680891249,3
11.976977343718223,-1.4513226236697419,0.24352864473067906,3
11.97970275978359,-1.4647324597478777,0.25182039045544186,3
11.982156046445207,-1.4786680713662204,0.225825656721173,3
11.98702337953274,-1.4903866960426324,0.21194225891648996,3
11.991769434532239,-1.501309264101816,0.19555656472902505,3
11.995730522874892,-1.5115589019585327,0.21964567062943724,3
12.000336816519052,-1.5230090938846503,0.18707051164907409,3
12.003240808801104,-1.5331115770791079,0.18825357806002177,3
12.010548064888784,-1.5407600621357602,0.15636363032814046,3
12.014943223911297,-1.5483678840043398,0.14849850147765764,3
12.021086892464185,-1.5540142133941703,0.17005196326332644,3
12.028011831020459,-1.5605982090832997,0.17456169924372103,3
12.036278933328202,-1.5658770075555708,0.1581285127486563,3
12.04430163113315,-1.5696960608417987,0.13901996409345463,3
12.05210949766299,-1.5699374801673205,0.17562364519481044,3
12.061888098305236,-1.5712655687811345,0.15378662135126156,3
12.070503111412691,-1.570591501728126,0.2103255093404903,3
12.082296806008868,-1.5698294264682344,0.15786503823171491,3
12.091167313579504,-1.5698208963107687,0.18019416416678335,3
12.101122642111696,-1.5679740000893183,0.22972453183886871,3
12.112848660095031,-1.5625771948081191,0.21964567062941678,3
12.12429885202115,-1.5579709011639595,0.23721324362940066,3
12.137188457539274,-1.5545762515495838,0.2823975654053254,3
12.151580319758244,-1.5478927323188332,0.30379652128191925,3
12.167295862461382,-1.5412276963553895,0.28525270652280027,3
12.181176735753992,-1.5332131033335514,0.3025332524855972,3
12.195471348132427,-1.524012742856157,0.30769051828362604,3
12.209383642979455,-1.5137478930112405,0.33484087899894899,3
12.224110477711024,-1.5020380845941244,0.31495562310814507,3
12.238032014191711,-1.4911113945071248,0.34116306217106734,3
12.252896761951884,-1.4790063302714902,0.33710418031024669,3
12.267235734171853,-1.4666291366321023,0.32821103629158188,3
12.281694136153126,-1.4551803676583583,0.36187149320255418,3
12.298145452167571,-1.4432298513919077,0.37995570055819233,3
12.313837678099393,-1.4287532522451603,0.36651218434009547,3
12.328470959643886,-1.4142618664845701,0.38152283541652626,3
12.344034514180755,-1.399518682914259,0.3900473273237936,3
12.360259908959708,-1.3847847409776017,0.41848147257670698,3
12.374292345044228,-1.3659159679856145,0.36834757022498477,3
12.388666435472079,-1.3510237814263117,0.35023450099616232,3
12.402106556254095,-1.336648128773561,0.39769922041969247,3
12.415594733531105,-1.318830906861983,0.4148113587796145,3
12.432239412376072,-1.3025140933245201,0.43714447416800217,3
12.446027443957798,-1.2821855751464888,0.39990517872093334,3
12.458600134856276,-1.2635612066572968,0.40607551661470853,3
12.47078496324316,-1.2442694529458311,0.40396509366212413,3
12.484148165778672,-1.2259209105138558,0.41245638213587149,3
12.497781649391216,-1.2071789605900927,0.48321312409526801,3
12.508983314786722,-1.1824453302797053,0.45995616867726147,3
12.522004862978903,-1.1601202014150447,0.42914842589129865,3
12.532239288847421,-1.1382857298827069,0.45834841147624938,3
12.544339805680885,-1.1155505585856824,0.39683298536110623,3
12.555728577450536,-1.0963800829622476,0.40677883192007558,3
12.563179577648848,-1.0747715326653999,0.49403286006081665,3
12.574390484678004,-1.0493760621129304,0.44563875959183302,3
12.583191041934706,-1.0259328424055596,0.43457211485624786,3
12.591982357557757,-1.0031514629402682,0.44451639910369206,3
12.601308690354664,-0.97998037263665072,0.48136024884673295,3
12.609743565020537,-0.95428135112600732,0.46646267747192643,3
12.617902613629193,-0.92937284125240094,0.51674460776881059,3
12.628606228385454,-0.90238156081201115,0.42144196457284622,3
12.633167311439369,-0.87914393074609176,0.39968304772447044,3
12.638107015371228,-0.8572355261445308,0.42199474462718117,3
12.645043329989715,-0.83456063815342763,0.47523304735273503,3
12.649779292606851,-0.80828039130066109,0.47180446756703254,3
12.654908662715775,-0.78227042552491799,0.43382430115732695,3
12.658951363536406,-0.75823119386157689,0.42813841974722328,3
12.662593263558326,-0.73445115331487898,0.37648504267761057,3
12.665005036283157,-0.71343420684434911,0.42695055947446064,3
12.666530895857147,-0.68949222502154406,0.45273146814251836,3
12.667944718976756,-0.6640923463394266,0.43206152307771006,3
12.669871379349454,-0.63989117339997925,0.39119826818767156,3
12.670707673780402,-0.61792547066976855,0.39153863797495891,3
12.672073440405015,-0.59596716124647919,0.40084786218490998,3
12.671461079610303,-0.57345165472856507,0.41702661985321088,3
12.672052969538454,-0.55002620681231029,0.38890725231719125,3
12.671696103206925,-0.52817623718993989,0.41977925691152013,3
12.67096616097764,-0.50459993795796354,0.41732597619940726,3
12.670366738470044,-0.4811578551011344,0.37417810919040528,3
12.667480092604753,-0.46033171165821418,0.4176849206092314,3
12.66330118780972,-0.43723682812490772,0.43814005374249293,3
12.66112813533497,-0.41271362095997866,0.40121463170627453,3
12.658660773535697,-0.39030460591625271,0.42102690325032788,3
12.654882669539374,-0.36695053126630484,0.43382430115730319,3
12.651512759648684,-0.3428077933060516,0.4234194195873206,3
12.645877806321069,-0.31969257817870744,0.3860998415157561,3
12.643928826755079,-0.29808516473240232,0.43370273962733519,3
12.641619709578451,-0.27382484533757623,0.43224133465868392,3
12.6379832152642,-0.24981077877227786,0.39321489512598395,3
12.6324566017375,-0.22841819660107809,0.41816967048346826,3
12.629737442128508,-0.20507890856497557,0.421343177534446,3
12.62356931995377,-0.18222103622754204,0.3874344655502861,3
12.618835066390838,-0.16097191206514427,0.38056145227815319,3
12.61409526784772,-0.1401198920479958,0.39384253302761618,3
12.608436286272607,-0.11872546155006614,0.41558670779037687,3
12.604919221719657,-0.095639819650412683,0.39458875424367928,3
12.600721833657316,-0.07386861660127142,0.38949908276953094,3
12.596653116989932,-0.052363997975692911,0.44083010802632777,3
12.592492695462202,-0.027945433958221244,0.39717551369818888,3
12.586171873645009,-0.0065417618266385702,0.43802602570578247,3
12.581478283270155,0.01761945940092069,0.43370913845202402,3
12.576117307673025,0.041392818116885444,0.39998844604113593,3
12.571127559646918,0.063307479174828707,0.43136082844944129,3
12.568816594143557,0.087435430521237478,0.36850575468797964,3
12.566323355770056,0.10799129288713338,0.39248727475496326,3
12.563583864567029,0.12987453239065427,0.43303674559943339,3
12.559682634155942,0.1538922956094142,0.40939025153547864,3
12.555231599957153,0.1764614036025165,0.40066088824770973,3
12.553028974254714,0.19886672199278177,0.38024774956409013,3
12.547358902719216,0.21946694420021196,0.36134194172681378,3
12.543400374179482,0.23938129791806251,0.42322930286523919,3
12.538960429941078,0.2627446142016634,0.44472237724017655,3
12.53705765854335,0.28766122885838019,0.38709048696910314,3
12.536037103643006,0.30938807206598629,0.40300215704247094,3
12.533836326267298,0.33192575850466977,0.40355268789168913,3
12.532828709654067,0.35457917805119088,0.41989163079833658,3
12.531966399376367,0.37815732560989801,0.39248727475496326,3
12.529226908173342,0.4000405651134189,0.46329872512708181,3
12.527471291437877,0.42601427583073548,0.4042123351570977,3
12.525934202630982,0.44867508868418238,0.42648229769146723,3
12.525871645623969,0.4726392504277559,0.40763754805359731,3
12.525794302003117,0.49554446778399619,0.43426547527562764,3
12.524678345588967,0.51992052028666347,0.42407434081580625,3
12.524878676352063,0.543748617328359,0.41915073059846419,3
12.522823205311882,0.56721103177922494,0.41989163079831127,3
12.521960895034184,0.59078917933793118,0.43579651557540094,3
12.519785994232704,0.6151800184544447,0.46883642786486296,3
12.520286179300513,0.64151941176259086,0.42721048313148163,3
12.51916467790617,0.66549836012000796,0.49946318353160729,3
12.514122039881062,0.69310669558658855,0.43119352208766765,3
12.514063179527515,0.71733559342699404,0.40134603350424963,3
12.515833443604301,0.73981783006375768,0.42282255968418697,3
12.514443509459666,0.76353573897780436,0.42643023686391834,3
12.514910424646324,0.78749250741445476,0.41310181209128372,3
12.513777833291597,0.81067724748137326,0.43747447120496236,3
12.512001884962098,0.83519490966610999,0.45896558562766926,3
12.520813532179185,0.85943233766397942,0.45048233016435946,3
12.522357875020479,0.88469799997095233,0.45946114411058814,3
12.522321194587697,0.910515314392355,0.428883205974042,3
12.522128117859005,0.93461369251107573,0.43709368327996134,3
12.524323210981997,0.95907590489389349,0.43871607515479433,3
12.525858312189639,0.98367972695877981,0.43512734831337446,3
12.528316293082735,1.0080058746397214,0.45792437928603696,3
12.527086451887476,1.0337074559532837,0.4345274100615461,3
12.530469160792757,1.057888297298696,0.44055932203389342,3
12.530814797891381,1.0826411223525731,0.46248935389969653,3
12.532633118463162,1.1085649282481675,0.41283300557397568,3
12.534147888076767,1.1317127017804722,0.41036524954612252,3
12.535528441315224,1.1547299555910939,0.40250603546961389,3
12.538092913682508,1.1772011022674711,0.40524773261762803,3
12.538675561977007,1.1999647099416428,0.41952134425778081,3
12.539666404377137,1.2235169809261244,0.41595382508416823,3
12.541844862559557,1.2467878808731925,0.4201559213867459,3
12.543629913250186,1.2703290618972893,0.40385515996786842,3
12.545534393702116,1.2929418182557377,0.37006888261501608,3
12.546486421240905,1.313714360223468,0.3661712885046296,3
12.549550792574166,1.3340602248182627,0.33756488518400607,3
12.551006415732392,1.3529722208012451,0.36665602297538968,3
12.553146059053466,1.3734633917315655,0.35090738250215259,3
12.556594596244862,1.3928771350072537,0.37531116573981088,3
12.560458720848811,1.4136090137869104,0.32761014143147138,3
12.564548766688251,1.4315574668963649,0.33381988109384891,3
12.5666625334351,1.450195485148857,0.30218446854651149,3
12.570072255765151,1.4668294994078011,0.33225326891193502,3
12.572581278330516,1.4853296046316835,0.31779770214501735,3
12.577586810548489,1.5024709111635239,0.30449911070004582,3
12.580998381205271,1.51923729347088,0.27832923624020578,3
12.585312499953472,1.5342699528617096,0.27605655070995377,3
12.591205793649017,1.5486185920896887,0.23450698741697312,3
12.596405825548059,1.5607262161282414,0.26556278475302808,3
12.60202698983985,1.5745490798160127,0.2331301757129029,3
12.605381262367985,1.587212052622462,0.19285575252307016,3
12.610150920240624,1.5969425967697113,0.17832088043071218,3
12.612933209060289,1.6065684977694978,0.21656643281424948,3
12.61930052514758,1.616938702238059,0.19341615115230162,3
12.62551514159242,1.6258547065007747,0.16499937321966454,3
12.631963072579671,1.6325167572869432,0.17919028914597207,3
12.639861507119312,1.6387613723338283,0.16965983676929738,3
12.648522728395029,1.6427446405972468,0.15599046811235948,3
12.656516564448477,1.6463400463490743,0.17771288684914302,3
12.666214550190761,1.6487201114176493,0.25106987219483423,3
12.680265894916943,1.649980237316786,0.21031231410164491,3
12.691886558276632,1.6478320638382478,0.17671062077094735,3
12.701816010234598,1.6478258073818672,0.23486174580759112,3
12.714613199416192,1.6446020545754187,0.24105458060411411,3
12.727117927599995,1.6393964776961845,0.23693229614393216,3
12.73963189741745,1.634852741059035,0.25292004804644691,3
12.752114445680482,1.6280587475988035,0.22910759324976349,3
12.763142793737666,1.6214174537810244,0.27077851204528519,3
12.776682438061302,1.6144763056585347,0.31965233960218814,3
12.791771684104591,1.604733248598528,0.28134407826776436,3
12.805701039266554,1.5972570833021749,0.3646218966951234,3
12.823702382375007,1.587473363054098,0.31759678825214965,3
12.837714200763658,1.5764214121237714,0.3476337432947898,3
12.853709691551828,1.5652093682440693,0.35822566988691418,3
12.869960676803176,1.5533317874688244,0.35487878416543817,3
12.886621704486888,1.5423752380523013,0.36759337702954237,3
12.902725535075975,1.5294405612164539,0.36469039101471834,3
12.918294348491205,1.516116173542283,0.39304547288040864,3
12.935039687728338,1.5017162065402019,0.35417427060914064,3
12.949948509228216,1.4885334285480987,0.33837781095605529,3
12.963666018292344,1.4753672854965707,0.34780134879648927,3
12.976032121971349,1.4602341049860996,0.30830323281932237,3
12.988440737165158,1.4481453895892109,0.39823617615250506,3
13.003702302968753,1.4317802334549192,0.4306267720825448,3
13.019465616065052,1.4134221632874606,0.3572637385939042,3
13.032491711659407,1.3981473730949219,0.40402691822002534,3
13.047210866982221,1.3808630339286374,0.45883253985146133,3
13.063213039601123,1.3606481144298854,0.34985394908985196,3
13.076783394002991,1.346424875317755,0.3695210379288229,3
13.089930767685383,1.3303540285079869,0.44817856309542325,3
13.105140580340517,1.3102825670180351,0.43396501407218202,3
13.117156924893083,1.289064152933868,0.45821518649947329,3
13.129818474747152,1.2666451847803017,0.45778496869590635,3
13.142880825399935,1.2444854077433796,0.43232479318521283,3
13.155165602702795,1.2235280331025855,0.3947926633759376,3
13.166016511393842,1.2041794066368254,0.39095699363284808,3
13.175937147092508,1.184578982361348,0.40880006337169239,3
13.185975364225749,1.1639177653718065,0.42173818685013253,3
13.19706882909286,1.1429770256715877,0.39299604430066637,3
13.206721032041234,1.1231155619527371,0.48491586591113811,3
13.217759047106426,1.0982037808000236,0.43201013459388349,3
13.22857668591632,1.0764725294627695,0.49421258598844209,3
13.241072597840823,1.0516727847644383,0.43531226875667167,3
13.25002229735904,1.0289084656140801,0.46527126084135384,3
13.260144826045703,1.0048038310389771,0.43026572430022803,3
13.265774234393124,0.98129151176638629,0.47380016593727858,3
13.27522383287732,0.95640191053444212,0.50355811973222275,3
13.282388056330552,0.92902873793700369,0.4459375786417073,3
13.288934799383238,0.9048416401352144,0.42045304972252756,3
13.293244223899956,0.88161254022676072,0.43206152307770374,3
13.29927073639263,0.85809467597397582,0.38804999796323514,3
13.30466867852437,0.83696867822634236,0.45649188255588513,3
13.309347482285382,0.81174851261144898,0.43727777218045483,3
13.313112647994592,0.78746786162258608,0.44577574318775087,3
13.313954626678255,0.76243366553129732,0.44589401333610568,3
13.318243719600936,0.7377485170902629,0.39046688992629375,3
13.321913483796342,0.71611707539645941,0.42030781322374244,3
13.323172898219289,0.69253338285756172,0.44941529538686464,3
13.325071972963553,0.66735203210401206,0.42423137146546291,3
13.325401114394126,0.6435165417553943,0.38640161116833671,3
13.325362724907139,0.62180448516163178,0.4099322033898109,3
13.325041116056012,0.59877244473716651,0.3935041560484015,3
13.32433534134675,0.57667252563180771,0.41595382508414619,3
13.322156883164332,0.55340162568473694,0.38586257122509809,3
13.319737717132579,0.53185520702054223,0.38489039691658045,3
13.317980391342909,0.51029954672269451,0.43836169001480818,3
13.318298442813097,0.48566984808357727,0.48599632276355609,3
13.320964000946903,0.45849188664339824,0.42644976041906618,3
13.320894189905495,0.43452957322655461,0.38253984401737584,3
13.319138712442552,0.41310628097712421,0.39664411885699408,3
13.317372145019231,0.39088878043719344,0.41325629666549873,3
13.315460271260376,0.36774655188508021,0.42740532214030541,3
13.309310771625464,0.34453110173992751,0.37686815867144402,3
13.305709534791614,0.3236631582583902,0.40300215704242576,3
13.302880326327498,0.30119570823547281,0.36088852056369614,3
13.300084387744532,0.28111088308404941,0.40516554615754807,3
13.2963286029415,0.25865637134824748,0.40198859106755491,3
13.291387050682912,0.23661559869826743,0.39920365716833844,3
13.286579714799469,0.21470534576997391,0.38548839439342353,3
13.283235820755534,0.19330423344130931,0.39262159741786007,3
13.275928278566024,0.17248804310823118,0.36242324371382384,3
13.273527595801577,0.1522653049281999,0.41099370648941758,3
13.266995778635261,0.13011434415057099,0.44272724101828725,3
13.262285692592354,0.10568724997563539,0.39027494267751833,3
13.256825758100485,0.084448078923076153,0.42553770672510494,3
13.251733354526172,0.06108547411566434,0.41915073059846175,3
13.249023575823358,0.037689599427100262,0.3835179767555621,3
13.246606258118334,0.016275548811321983,0.40768520147166726,3
13.243773353000757,-0.0064566373084291584,0.38385069708918984,3
13.240166571186718,-0.027721684935216651,0.37615318503946105,3
13.235377718570581,-0.048308257379344077,0.40151195325511863,3
13.232153254287946,-0.07063779437365536,0.37027130475730347,3
13.228425194385872,-0.091106785383211708,0.42956210040459081,3
13.22517855018247,-0.11502473895852017,0.38637288135591419,3
13.22011756816258,-0.13613708694285176,0.37240127261138717,3
13.215727668018426,-0.15659683631875687,0.41598051188525087,3
13.211435017714805,-0.17957342694130496,0.35331129070741624,3
13.208909360208862,-0.19926484460093796,0.3954949920165079,3
13.205293336761168,-0.22119173246980672,0.38548839439339633,3
13.201949442717233,-0.24259284479847043,0.4322220727102058,3
13.199890414296116,-0.266792169411187,0.37271413353605998,3
13.198539434285346,-0.28769153444714402,0.38993346982231586,3
13.196513675745383,-0.30950823418836304,0.431547362870488,3
13.195116487566349,-0.33371680043473262,0.38563954797127298,3
13.192829689583013,-0.35526506742565722,0.37907088253319637,3
13.190283700483034,-0.37641253361787275,0.34863020744840278,3
13.187761739630554,-0.395839215180672,0.3879856275306679,3
13.185473093320489,-0.41751985022001481,0.42407434081578216,3
13.185272762557394,-0.44134794726170945,0.40297461075693042,3
13.184427226492794,-0.46397549023400497,0.44763331842269555,3
13.183943676365562,-0.48912357110640237,0.43822872170266558,3
13.183335151496836,-0.51374033145840503,0.40287129541142047,3
13.183151455674318,-0.53637711606435179,0.42171186440676567,3
13.182820605189541,-0.56007099673089922,0.42408088492044588,3
13.179974761784846,-0.58372975918956627,0.41263128576834168,3
13.182300513902049,-0.60679876614864448,0.48144095692143435,3
13.183511871830003,-0.63382402794637205,0.45323384295894348,3
13.186203306538037,-0.65914883670872104,0.43349152542372049,3
13.185863214419603,-0.68350455761735152,0.44557648039936715,3
13.18644045700643,-0.70853505705517783,0.45284179328362195,3
13.190724004948924,-0.73361730964146155,0.48158504484163939,3
13.192067730925292,-0.76064441976592079,0.47618396360369392,3
13.190767792586794,-0.78736982725893245,0.44046482263942738,3
13.193999789448876,-0.81190782103770776,0.41968007849427685,3
13.194597363629743,-0.83548227194295155,0.42147488844029424,3
13.197711779057252,-0.85895947300766373,0.46027584031890373,3
13.198939771925779,-0.88479342236964253,0.47565331838172908,3
13.201083251172841,-0.91143451830923361,0.38975550088997668,3
13.202366693843288,-0.93329742621871858,0.46416049884408078,3
13.204651782772419,-0.95927853024296095,0.41116248270918743,3
13.2073764873616,-0.98222071413381329,0.44146548700178906,3
13.208619266843973,-1.0069957191084606,0.4363056684383213,3
13.211058903742289,-1.0313902548784339,0.40649219008890686,3
13.213787304984933,-1.0540677026724543,0.43400977679598124,3
13.214638525302249,-1.07844005852166,0.43768376335214038,3
13.216546841680165,-1.1029595690331266,0.40227844193224582,3
13.218350514910624,-1.1254917104916169,0.43864648638424431,3
13.220788303482209,-1.1500186143100066,0.40931567703945743,3
13.222586431732477,-1.1729478599137453,0.41166165477497035,3
13.224382711656011,-1.1960094735659013,0.38227858593589298,3
13.227660916686357,-1.2172382661342631,0.38117352209986605,3
13.229481224857395,-1.2385790951570046,0.39389185538347699,3
13.230231498680716,-1.2606993458564002,0.42030781322374244,3
13.231490913103663,-1.2842830383952979,0.37240127261139189,3
13.235307831961332,-1.3048573840285007,0.34712244643373935,3
13.236359808416095,-1.3243339704130275,0.35387638821024925,3
13.238599400653147,-1.3440919278349632,0.35217049527469996,3
13.241105577313764,-1.3637212138619441,0.34963970662241206,3
13.242288073490213,-1.3833320166216181,0.32118537006214704,3
13.244553542301492,-1.401236821365722,0.32145311455161468,3
13.245758218398711,-1.4192592075443988,0.32224640134103238,3
13.248420791355242,-1.437169557268696,0.31485868249964205,3
13.25228391838117,-1.4544347016914854,0.29598610571675649,3
13.256029463972533,-1.4706390534002134,0.27474654690966976,3
13.257403474652781,-1.4860159269372923,0.27446357385901438,3
13.260369598567484,-1.5011502442983042,0.26597003382171153,3
13.264937077350302,-1.5153801652411687,0.24950645681185907,3
13.267392212338649,-1.529183408811094,0.28094923689956286,3
13.271814384785936,-1.5443380577661419,0.23076112400407611,3
13.277610142539112,-1.555937252681252,0.25027275267704124,3
13.282856096504588,-1.5689851028220207,0.21721899333571856,3
13.289999562989427,-1.5788819963750234,0.16139425285595307,3
13.294924194205612,-1.586497211550526,0.19497385191402575,3
13.302760922486952,-1.5941530899141014,0.12998256794268659,3
13.307985408007848,-1.5992570088231517,0.17325314625139188,3
13.314772433535515,-1.6062362603308005,0.14347994623887916,3
13.32173249029967,-1.6103052631000168,0.1772594371885152,3
13.331649003970519,-1.6112380958953114,0.17606554579140565,3
13.341282298277234,-1.6134909125213079,0.15123910403748275,3
13.349744611742231,-1.6142710456741503,0.17358920310174436,3
13.35905288664619,-1.6113559634317136,0.19958792437819811,3
13.37019213430721,-1.6100551743445051,0.19427514642740545,3
13.38081854471514,-1.6075556795146237,0.22150774766406658,3
13.392272433294719,-1.6026846497736313,0.2713313934637876,3
13.406642115592923,-1.5975895471238779,0.23602866538184686,3
13.418507894931597,-1.5916651179757437,0.28769395466085274,3
13.432392464877667,-1.5833857888570746,0.26100921956418888,3
13.44507278410088,-1.5760164011367435,0.32265091469719109,3
13.461078939475074,-1.5675019091489295,0.32410126990094223,3
13.476311218152809,-1.557520278668151,0.30399742680990799,3
13.490348487741336,-1.5477867493436301,0.31769289335786649,3
13.505053142552134,-1.5376653575075121,0.35030580845445014,3
13.521359152231044,-1.5266395692532475,0.37566593021358818,3
13.538088142629434,-1.5137661733013426,0.3717971545107468,3
13.555591009724287,-1.502359915842403,0.3550664183611803,3
13.56838222855133,-1.4870484452170842,0.35886036939566718,3
13.585607421262235,-1.4765650674435991,0.33332902429467626,3
13.598637499611886,-1.4631104461495719,0.37036872781296076,3
13.614318635583327,-1.4494280552933247,0.36501746425340936,3
13.628558509636031,-1.4346663884557076,0.38177734155319332,3
13.641245085315621,-1.4173675487774116,0.40522718756529419,3
13.656834516426718,-1.4007712125292695,0.46331070518335565,3
13.674968513685421,-1.3820921057143467,0.39097119037536038,3
13.689497152082456,-1.3656133509007784,0.39716852627677934,3
13.704555262673159,-1.3491419893941314,0.4025267194101767,3
13.718833951587206,-1.3316005935397692,0.391864548266948,3
13.732971030819183,-1.3147191896007584,0.46804849181716091,3
13.748492785317437,-1.2934881233313114,0.40546681506782123,3
13.763036210328316,-1.2759504241304098,0.44687010028290003,3
13.776177188281803,-1.2545537199313941,0.38489039691659077,3
13.786898574829181,-1.2357711068195574,0.43962603947220913,3
13.801868677213001,-1.2161210638241844,0.45843922449000285,3
13.813180530736156,-1.1929776984215268,0.45673499482882524,3
13.823043729033651,-1.1692845292311667,0.38282992166590601,3
13.833763267254298,-1.1506342841677455,0.45449956284747739,3
13.844545648583788,-1.1274835254581657,0.4821609659333837,3
13.8582438236319,-1.1041086938398257,0.47307329832737199,3
13.870357278752474,-1.0804469462038861,0.44993370924795151,3
13.881661738968708,-1.0578330529948934,0.42388451783296899,3
13.891760100135345,-1.0362614692326568,0.45220398762443864,3
13.904117959758718,-1.0140594667827596,0.46001046819959152,3
13.914773518019983,-0.9905097556011988,0.42134317753442951,3
13.921577464590055,-0.96783301928336574,0.42627401623214778,3
13.928912731680525,-0.94503130822403936,0.43838701273966491,3
13.938628775315758,-0.9223952350942799,0.4434224917348904,3
13.946241716790174,-0.89867064434949917,0.40613018667206563,3
13.951054597653808,-0.87636328727595636,0.43663629942075749,3
13.956023874813354,-0.85233699389972983,0.41199185480161038,3
13.961765180342633,-0.82991020706488516,0.45148537926210336,3
13.965425563631861,-0.80480648603402116,0.47426852158448113,3
13.972404389765153,-0.77908713292934006,0.42981398808008991,3
13.97802811385986,-0.75559955338043316,0.39445510145159401,3
13.979925201004869,-0.7335162692156505,0.45747568932134841,3
13.984911113104994,-0.70829866340367431,0.42695055947445948,3
13.986436972678982,-0.68435668158087015,0.42883790813166678,3
13.986376263998705,-0.6602601517888802,0.37584318687500207,3
13.988390932578284,-0.63923766033815976,0.37977305588073096,3
13.987629568794581,-0.61791161792926275,0.34812037413303842,3
13.98988679355023,-0.59848123971300193,0.41229486677314481,3
13.990342618776502,-0.57531867956685012,0.44472237724019842,3
13.992940361024939,-0.55046490801897274,0.41946180343258016,3
13.993798835376651,-0.52691078870776487,0.393447731592101,3
13.993975137892248,-0.50480347629548383,0.39401161254298828,3
13.993092496020513,-0.48268137726935745,0.41577364437319037,3
13.991697016895685,-0.45936057250056095,0.3864016111683129,3
13.991735406382672,-0.43764851590679932,0.37000138395822701,3
13.99149612148571,-0.41685933899849026,0.44359769819026001,3
13.988929661519172,-0.39206585075653777,0.39103506933835414,3
13.986852010558229,-0.370191852886669,0.38609984151575866,3
13.984903030992237,-0.34858443944036388,0.39337718964057888,3
13.982827228358021,-0.32657807352207868,0.41716634621416504,3
13.979576748228634,-0.30336376022746947,0.39815254237285608,3
13.979889115446108,-0.28099356004508724,0.43671256333018493,3
13.974928940647688,-0.25696101021248108,0.38227858593591674,3
13.971650735617343,-0.23573221764411922,0.40747412259680538,3
13.966002844002613,-0.21354357885569186,0.39700778164197292,3
13.962470992835817,-0.19151688134336986,0.42113894422371206,3
13.959488945456723,-0.16804152860538846,0.36687545742936961,3
13.95593306604243,-0.14773561572248095,0.40171234818782947,3
13.950546213871071,-0.12581540968434801,0.3790708825331725,3
13.948591689324889,-0.10460510038329218,0.4044800095659441,3
13.945729071707099,-0.082058172310958355,0.43901328473860129,3
13.940770745235408,-0.057893254429935759,0.41560674073175047,3
13.939507634159,-0.034574297987870928,0.36414207571646506,3
13.93541858589758,-0.014525727894873164,0.39838249301899986,3
13.930825942016719,0.007383388182876871,0.38815010852883508,3
13.927154329494584,0.028882461828263928,0.37941481726759196,3
13.9221479465279,0.049605810450457533,0.41093968345919424,3
13.918627185321489,0.072426716253278123,0.36562519406318056,3
13.915468410052446,0.092727084155993289,0.40283685107464584,3
13.910348142304651,0.11477596158908199,0.38930665834474487,3
13.904685464076076,0.13590565599017967,0.43201013459389248,3
13.900385281193008,0.15979659614071373,0.38212610290017901,3
13.899625765736037,0.18125500659802807,0.4044800095659441,3
13.896763148118245,0.20380193467036278,0.41959410490362314,3
13.896297941985795,0.22737453724887846,0.38949908276953094,3
13.89222922531841,0.24887915587445608,0.40822941690029002,3
13.888838983833685,0.27156584530212946,0.37063089337092753,3
13.887805490646224,0.29236611217082054,0.41215348890916553,3
13.884683681911792,0.31531384104186611,0.37948795465426105,3
13.884319422273339,0.33663433847057078,0.40890866764771844,3
13.880000756122964,0.35920159813694141,0.40914613899754088,3
13.877141835158634,0.38201326230610899,0.42347185055920533,3
13.874161636106271,0.40562098309250683,0.37024881887327221,3
13.873525247064064,0.42641570498100645,0.39289716848598805,3
13.871714180526679,0.44841837424583009,0.38638006400929509,3
13.872149674158917,0.47012488585940027,0.37819133252741249,3
13.870724621806399,0.49132780185353386,0.37956838950269928,3
13.870227994119531,0.51265014760896932,0.43836169001480757,3
13.871233623133506,0.53726136298077964,0.40227844193224582,3
13.869429949903047,0.5597935044392699,0.43851360442946802,3
13.870700315013854,0.58440102315761688,0.49475137204247582,3
13.8712208316757,0.61219646499834646,0.40589095080715959,3
13.874316624563379,0.63479258641622049,0.4264302368638942,3
13.874518803653205,0.65875305150633068,0.4547498429983044,3
13.875272634857463,0.68429453987051758,0.40167780447001333,3
13.877307635031082,0.70677307985381965,0.44557648039939124,3
13.87858354512208,0.73177770271741949,0.43114203014551061,3
13.879054156962198,0.75599920725090186,0.4405845184492434,3
13.879664530157656,0.78074833565132007,0.40890866764774547,3
13.881837443359883,0.80362213145314154,0.44979182199882761,3
13.885760714419211,0.82858978778212755,0.41635394749531213,3
13.888203908698463,0.85185699107573587,0.41705323800730898,3
13.891044207122963,0.87511864938915362,0.45710549210292878,3
13.891799886653953,0.90079250580175785,0.47120999941105601,3
13.891904815903242,0.92726981213851278,0.44837666949538135,3
13.893712046514638,0.95239940974360593,0.43321615240279998,3
13.896432915177837,0.97658949272267037,0.41360535343987487,3
13.898609525033523,0.99972802462132293,0.4416226178847979,3
13.900675946761561,1.0244568214277052,0.43512734831332645,3
13.903133927654656,1.0487829691086432,0.38924962543229258,3
13.907009142218993,1.0703090561788002,0.41952134425778148,3
13.907999984619124,1.0938613271632818,0.43156665493303809,3
13.912833197076795,1.1176247327694036,0.41475114179912342,3
13.913687974775046,1.1409141159837795,0.41968007849427685,3
13.91494355327201,1.1644626903147994,0.35131839228107103,3
13.91601316224537,1.1841744395684692,0.40016186397516385,3
13.920425242310293,1.2062226055253689,0.3476736566952951,3
13.922417730969105,1.2256566803950939,0.42695055947448468,3
13.923943590543097,1.2495986622178989,0.39571947392015316,3
13.926634885978606,1.2716708564222969,0.40481606755326199,3
13.93025830273322,1.294127216484835,0.41614726561876264,3
13.933758593073073,1.3172472651161797,0.3675933770295044,3
13.933649827897797,1.3379022256493407,0.36683763326748758,3
13.93697893532789,1.3582443935906738,0.34277801546011133,3
13.938835359284825,1.3774155806902932,0.34512597569289899,3
13.940693631568493,1.3967191358383317,0.3358505100003622,3
13.943733974654256,1.4153442158037102,0.31722082528824702,3
13.946759531126171,1.4329103513817607,0.31121498798194275,3
13.949251918750962,1.4502191441698926,0.33941780426035623,3
13.95401119813941,1.4686878278393607,0.32688930750674666,3
13.959024123664303,1.4863586065648668,0.28670833448054833,3
13.960968555828121,1.5023511121757629,0.26913367670723698,3
13.964747657402464,1.5169940607282619,0.26285278232626708,3
13.968653582045031,1.5312380568087818,0.27541240446083814,3
13.971645868635795,1.5464215675153383,0.25500721610238519,3
13.975809136068273,1.5601323947487309,0.24361979422193836,3
13.978247922217877,1.5736025141327907,0.23494444568794504,3
13.98199929889126,1.586259941959046,0.22725894035118482,3
13.986403274173073,1.5982462879095642,0.19146932206681669,3
13.99261604229118,1.6070299241238573,0.20969120125817531,3
13.998189150087974,1.6174112185528067,0.18352091871774298,3
14.005179491556005,1.624992452370968,0.16593859252604115,3
14.011105343656514,1.632191368657729,0.15493725041329953,3
14.017411664961697,1.6381934275285452,0.20124957029329213,3
14.027543721383841,1.6432153085852619,0.15072443374168243,3
14.035270973013724,1.6466820429421318,0.15277271215765245,3
14.043386087155202,1.6494813920767264,0.20129093569475978,3
14.054284626966886,1.652506662446811,0.19088867077658508,3
14.065002742235158,1.6520922118847992,0.18505693744035062,3
14.074612008294375,1.6481186106293855,0.24990655650959934,3
14.088650414733442,1.6484521601896063,0.20413850061821023,3
14.099452841555136,1.6445942920420364,0.2515557573421689,3
14.112483345279141,1.639116585759048,0.23410427801468525,3
14.124728882346302,1.6343118096785254,0.25423335872671143,3
14.136667171801825,1.6264662651378821,0.25191955620403356,3
14.149423697795344,1.6203304152662739,0.30892371567847388,3
14.164529578779211,1.6117786706420176,0.29779020328230604,3
14.178839403145847,1.603105647929727,0.31316179519284637,3
14.193667609745766,1.5936310236200129,0.31919186414472417,3
14.208892920490934,1.5841508543301082,0.32940111274355871,3
14.22288995226574,1.5720399590124501,0.35153950619846119,3
14.239150179150743,1.56082421847929,0.35542577369829209,3
14.254595866151206,1.5481635193739294,0.35530863254474471,3
14.269234406574062,1.5345873338900375,0.36952103792880736,3
14.284931891384245,1.5209963617922995,0.35331129070741352,3
14.298364332757505,1.5063778668616514,0.37677978186445676,3
14.314591289761356,1.4927795014569938,0.40320181133116856,3
14.33065260883564,1.4768003595075676,0.34494097975940324,3
14.344496940967995,1.4632352639840605,0.3586360308766145,3
14.359266001112534,1.4495248621250205,0.38764929716514684,3
14.373198341451767,1.4327810851127865,0.51513091995536486,3
14.390750115790327,1.4097642566765209,0.4055831544856538,3
14.405601639161556,1.3924780691835075,0.41156052017152434,3
14.42138528385189,1.3755760475486269,0.46129369123986869,3
14.436582158219913,1.3545780097197628,0.38709048696914244,3
14.447707044641444,1.3358875268426189,0.46484160331611629,3
14.464238689454014,1.3156652140369474,0.39391299164543775,3
14.477227818513757,1.29774306287608,0.45109180997713666,3
14.492702367265728,1.2776679047326667,0.37796378277012738,3
14.506108932064757,1.2611962571241868,0.44164146983389613,3
14.516251792345455,1.238547671081669,0.44486588136057881,3
14.527858094465653,1.21640822563878,0.49848986831009606,3
14.540616894160262,1.1914724162385717,0.43945556468798419,3
14.551827940461942,1.1694708838242924,0.48534490648754208,3
14.567670020131471,1.1472722919260221,0.43753156081014954,3
14.577549992642068,1.1247597705853813,0.41572691810792284,3
14.584786300837795,1.1025489518761873,0.44756511613411232,3
14.593592542347212,1.0789922727620578,0.46073385032883596,3
14.603985352110898,1.0552810456787469,0.47952336408963048,3
14.613962574462027,1.0302516830914641,0.45523170211905301,3
14.621432197200168,1.0057869109057265,0.42480665389280647,3
14.630124553928473,0.98355576060249561,0.39714756327495987,3
14.63724328068963,0.96240573460736201,0.41886592968356323,3
14.645009061079024,0.94018752259124572,0.41483811907634782,3
14.650252455241581,0.91747495658934231,0.48972798469612322,3
14.6568964481348,0.89077101754090915,0.39468720628775483,3
14.660430147628325,0.86887668807700447,0.45771221587953398,3
14.666568696575379,0.84390092696490893,0.4233342054081779,3
14.673133922895373,0.82103750964728395,0.37655137910896513,3
14.678009786140372,0.80044837740023755,0.42418557686421943,3
14.682050777906792,0.77695823804841346,0.42618286108551268,3
14.684100703966781,0.75309871945229734,0.40397196352468218,3
14.687627010153385,0.73067491779472515,0.44146548700179056,3
14.68886978963576,0.70589991282007869,0.43186235864134953,3
14.692373915901594,0.68188769458150844,0.42347185055920533,3
14.695354114953959,0.65827997379511149,0.3850562000788757,3
14.696641254277864,0.63668180198246027,0.40561052361682987,3
14.698972551375261,0.61400989916863224,0.38993346982231586,3
14.700388362094126,0.59214514293241738,0.41497189467447843,3
14.700989632928451,0.56883542812400378,0.40977646564372816,3
14.703052497275554,0.54590248586680268,0.4136053534398989,3
14.700875887419866,0.52276395396814923,0.46417245665836149,3
14.700908871199184,0.49668190344991192,0.41545313016162017,3
14.699127517162017,0.47340545852265148,0.40524773261760366,3
14.699074341061184,0.4506344575415584,0.41400774556397124,3
14.696632995108665,0.42749962229636562,0.45819701645595234,3
14.69309943488766,0.40199694879351977,0.40768520147166992,3
14.690266529770085,0.37926476267376863,0.41166165477495081,3
14.687827032144291,0.35626229547699406,0.41830238063294439,3
14.683532533513942,0.33315333680603132,0.39683997869062437,3
14.680311765884769,0.3110885359085529,0.41483811907632889,3
14.676416219726397,0.28810640030581336,0.43087159649136364,3
14.673697199389931,0.26404868537516712,0.39828495441379475,3
14.669154599603322,0.24213473579341205,0.43985954575779018,3
14.663918738020209,0.21797977102223154,0.44451639910367979,3
14.661453363820192,0.19312415114762427,0.40561052361682703,3
14.658489938980926,0.17052618140302034,0.4311420301455095,3
14.654581454535442,0.14661746946136667,0.43775350516485806,3
14.648687449363711,0.12273648242067026,0.39854964651993796,3
14.644804841492453,0.10068092315684662,0.41069649188405188,3
14.637877768507618,0.078667875407825605,0.37948064154987038,3
14.632822331467919,0.057952631568742419,0.45241873414192901,3
14.627972484069673,0.032997913526870981,0.37816197896228515,3
14.624766503054344,0.0119920570167249,0.45937657440900548,3
14.619911110675906,-0.013359765170394944,0.43160523647123433,3
14.614417906302885,-0.036981561094449944,0.40247845522871672,3
14.610003977911232,-0.059162095099767775,0.4078553467991653,3
14.606113976733056,-0.081747126557258021,0.43110984455852241,3
14.600753140408449,-0.1053707708080438,0.4241528634076468,3
14.596850200943155,-0.12888237860444729,0.41002697131737736,3
14.594015447498846,-0.15174693277261575,0.4194154880581959,3
14.588136228940959,-0.17456897542597893,0.38798562753066845,3
14.582678142775817,-0.19567577843012085,0.39180788768995967,3
14.578008719920987,-0.21719077553989496,0.43871607515481831,3
14.576473618713344,-0.24179459760478306,0.41832891761076718,3
14.57085913625229,-0.2646203369116078,0.41147959459161615,3
14.567362542565897,-0.28747564944612058,0.47988205064762229,3
14.562622883295301,-0.31402063239572175,0.40754222450134703,3
14.558072890201771,-0.33646405417114256,0.40068166743826111,3
14.557096834415484,-0.35895738076828998,0.42084230015200347,3
14.55478231153119,-0.38249116848546283,0.44696324544089588,3
14.55020089688324,-0.40718484708396208,0.45176190236900338,3
14.547597609654611,-0.43243572277708697,0.43836169001478342,3
14.546591980640637,-0.4570469381488973,0.44851900442275011,3
14.544652381980823,-0.48217468742726055,0.39815951252548903,3
14.544472382811765,-0.50454673593637533,0.43686505120864394,3
14.541087825579753,-0.52885994533020053,0.39571947392015061,3
14.538396530144245,-0.5509321395346003,0.42919369096111815,3
14.537001190291944,-0.57500833773255344,0.45714798897784631,3
14.536113142712537,-0.600680345818426,0.41125696713761667,3
14.533938381183582,-0.62368650966866213,0.41657385100483818,3
14.531362818855916,-0.64695186463554055,0.43113559322032957,3
14.531024575064214,-0.67117521749575459,0.41253038887653926,3
14.529906909595859,-0.69432853600825339,0.44237606921378492,3
14.527311015674155,-0.71904993950771257,0.45615739161974767,3
14.530265338152287,-0.74451081297194044,0.46206311570576958,3
14.532684643456562,-0.77036139727449449,0.50615272058783178,3
14.534804094456128,-0.79872327784350095,0.44998921816698245,3
14.534583432098996,-0.82400742341777722,0.45880229679439449,3
14.536475113536339,-0.8497182463649926,0.48333371705831218,3
14.535037262169229,-0.87683890967652545,0.44901991166165084,3
14.536671600816661,-0.90201656377661177,0.4665697557409198,3
14.536835104317666,-0.9282328306699954,0.44867366508635903,3
14.538204706868264,-0.95340678811662283,0.39355352081155892,3
14.537366564110586,-0.97550485889525085,0.42020875955736842,3
14.534127313214105,-0.99889334027689358,0.44086787889544132,3
14.534708252454399,-1.023659103617887,0.44282752466895065,3
14.536877608275686,-1.048447046879649,0.44577574318775087,3
14.535336962087852,-1.0734479730897855,0.36578455582656405,3
14.533859159008861,-1.0939483856537633,0.46414256154496752,3
14.533759774739762,-1.1200285878452698,0.38798562753065807,3
14.531471128429695,-1.1417092228846109,0.40999312814359234,3
14.53154662372382,-1.1647468082892694,0.4295621004045686,3
14.529754179726266,-1.1888174615070293,0.4291936909611051,3
14.530476728648626,-1.2129232329326713,0.43962603947221224,3
14.53211846060298,-1.2375714148390955,0.41234871225681197,3
14.532192107570372,-1.2607413682921678,0.38035721012852453,3
14.533482943547742,-1.282074804007987,0.45269468712058142,3
14.535909642158943,-1.3073959161168762,0.37988265322491221,3
14.538261270850372,-1.3286117703981235,0.42050585055780548,3
14.540978582132633,-1.3520834264826425,0.35855090023719882,3
14.543214477716226,-1.3721061200014111,0.38858600355686906,3
14.547018458286777,-1.3936070419735289,0.38918545341551508,3
14.547772428763558,-1.4154625565760908,0.33484087899893805,3
14.548304174658311,-1.4342699094116131,0.35280822195965383,3
14.550014294701695,-1.4540204735266267,0.35129469324958779,3
14.553051791882709,-1.4735247848121134,0.30956985011458316,3
14.556122558944869,-1.4906464712261016,0.31419692663103949,3
14.559189629353572,-1.5080328937369245,0.26803841475425383,3
14.561629977728073,-1.5228950816941813,0.27413981842475776,3
14.568854059112873,-1.5365001289295757,0.28354502937426501,3
14.571016733103427,-1.5522851965722868,0.26285278232629039,3
14.574523419172182,-1.5666326989497223,0.28685349101730939,3
14.579605583534821,-1.5819289575868414,0.21085264176961283,3
14.582224508126004,-1.5934837926604164,0.22678218564123712,3
14.589358732977189,-1.6040425264555012,0.16926680187047355,3
14.59467677168516,-1.611928022708029,0.17708713530457032,3
14.601057451433922,-1.6195635694775676,0.16541932649045599,3
14.608526648797707,-1.6250960140862869,0.18383820700411774,3
14.617321374972384,-1.6305145739138966,0.19555656472904073,3
14.627456416571803,-1.6347603045730645,0.15800561264799326,3
14.635753092107237,-1.6379212142706709,0.18732253844622393,3
14.646193532991562,-1.639258544518138,0.17094719395122063,3
14.655740667418124,-1.6382003116069939,0.17376497350017467,3
14.665300740131801,-1.6362155023569338,0.20457306949874188,3
14.676460319386857,-1.6334586647371436,0.20129093569478543,3
14.687105213062093,-1.629635489423098,0.22881669363828214,3
14.69946719471328,-1.6261010784533836,0.30801504839431837,3
14.71570296797643,-1.6201052760389443,0.31187417265475115,3
14.73143329729341,-1.6123812956881682,0.31528147731775541,3
14.747683857170403,-1.6053265488863966,0.30717597773667449,3
14.762373725367357,-1.5962641014376109,0.30267081971631021,3
14.776927528862435,-1.5874645417589273,0.34115492752324733,3
14.792312507182622,-1.5760287110722979,0.32605625057747051,3
14.807677153908772,-1.5660489289182502,0.36069622102395155,3
14.824775523551452,-1.5551665986727849,0.36340970173977938,3
14.838883029555742,-1.5404030835084388,0.32828712751569306,3
14.852429641811943,-1.5278824318602489,0.38413256032413506,3
14.869559433009043,-1.5147498447917034,0.31715082951833962,3
14.88309310697813,-1.5031557694824302,0.38661701671019033,3
14.898270647330133,-1.4876128326414291,0.40349079067023846,3
14.913858230114499,-1.4711488644417043,0.40653315129588535,3
14.930493667325816,-1.4554938911463227,0.39157407614656192,3
14.946590390709815,-1.4404933647861027,0.37606464021065772,3
14.959795348622686,-1.4239961267052266,0.41284645005658599,3
14.974346166940487,-1.4059289553106611,0.36014953045384007,3
14.986225596042461,-1.3895456020108963,0.42429024297573648,3
14.999083354631811,-1.3694688816425833,0.43197801368716376,3
15.014700510643868,-1.3508870246681957,0.41211982036448153,3
15.026890884010941,-1.3311981668114798,0.43208721502772324,3
15.04185359308784,-1.3120775960097735,0.38308355942518285,3
15.053492314340479,-1.2939697614271335,0.37698596218579206,3
15.064469195351039,-1.2758526852108405,0.44041441467144621,3
15.077341740554232,-1.2547170204551952,0.40142900195196318,3
15.087815025945352,-1.2347393982541499,0.40151195325510552,3
15.097762535796269,-1.2144896466493478,0.42460408650723797,3
15.10878192832163,-1.193328105319476,0.41555331740863549,3
15.120450222801963,-1.1731023819621722,0.45033445326018923,3
15.133069121868706,-1.1511688122625685,0.37179715451072887,3
15.140227661069224,-1.1315420860385048,0.40594564572060393,3
15.149915979803499,-1.1108915336349936,0.43487853822058964,3
15.159102551245066,-1.0882480671983119,0.44116363882291276,3
15.165790764707296,-1.0643781701180002,0.40484348854274738,3
15.172449404941837,-1.0426261618123522,0.41949488271213009,3
15.180569638689153,-1.0204973809554909,0.41283300557396674,3
15.188684327456274,-0.99876570424387889,0.44976097102159923,3
15.198146724955061,-0.97533172617016017,0.40128379591093183,3
15.20453878076604,-0.95370838925946622,0.44773250320574531,3
15.210044923426176,-0.92916001699649708,0.43997940623241971,3
15.216468400791571,-0.90528642326272468,0.41492507812121615,3
15.221156306913713,-0.88244774566878537,0.43156665493306173,3
15.225989519371383,-0.85868434006266181,0.42333420540811784,3
15.233190570086704,-0.83601314872502108,0.41768492060923595,3
15.23801269258399,-0.81304395140939612,0.45954569824891173,3
15.245243316527002,-0.78825487129709249,0.46459675966918407,3
15.251554757438019,-0.76292338070400501,0.43848195993337308,3
15.255601154912114,-0.73861941294383282,0.46083021548461228,3
15.259268931508263,-0.71298621971930309,0.42218541729058845,3
15.263302390695243,-0.68960882829804415,0.40743325599015434,3
15.266002927764404,-0.66687479385156401,0.40681294249443894,3
15.269495824797334,-0.64428421741388142,0.39849393647684161,3
15.270734768353723,-0.62192695551861199,0.44616778173356447,3
15.272672518686804,-0.59693157428866606,0.40355268789168458,3
15.275766463247754,-0.57446782091921023,0.42448642237511069,3
15.277158106446597,-0.55065635881808994,0.45515854118716148,3
15.28214217021999,-0.52557112105453196,0.41253038887653926,3
15.283259835688344,-0.50241780254203405,0.43400977679597158,3
15.284791240242523,-0.47807871657397882,0.4382603844837985,3
15.284737924869171,-0.45345271458832315,0.42084230015200347,3
15.283081406300973,-0.42986347706923311,0.4306461053857058,3
15.281167544942861,-0.40574107070301579,0.41467083888924855,3
15.281757586544282,-0.38244799083517833,0.45606612424200871,3
15.280128792877042,-0.35687323258984005,0.4136053534398989,3
15.278599097377068,-0.3336829475427292,0.37096021006167051,3
15.280477701254773,-0.31292334386211174,0.41026379536445418,3
15.281725886444816,-0.28990424172476015,0.39165911467574238,3
15.280841396246348,-0.26791451074705019,0.42751569149583335,3
15.278129629944278,-0.24404575051728106,0.42527023498765104,3
15.274487590649835,-0.2204287880972311,0.38212610290015614,3
15.27372807519286,-0.19897037763991765,0.41949488271213375,3
15.270479443390204,-0.17562369629689201,0.38282992166589547,3
15.267864926928668,-0.15427177731376762,0.41758524477780729,3
15.265410503416511,-0.13093618593112577,0.37258008245168678,3
15.263185697793304,-0.11011928412185767,0.43477642109494047,3
15.25875499518855,-0.086094127596175518,0.45210578381469674,3
15.252346165164475,-0.061511773975866824,0.39818042225121508,3
15.24921326646966,-0.039358253395322507,0.43663629942076204,3
15.244916780240054,-0.015202577147952923,0.37084049237407724,3
15.242425390193281,0.0054856532663585256,0.35323273344338507,3
15.239522109387416,0.025120484273531751,0.40749455436321841,3
15.236396603999523,0.047803477047745346,0.37221492101860792,3
15.233375741759087,0.068499100768978138,0.40016186397516385,3
15.229581002822188,0.09066186298317902,0.43663629942074295,3
15.225284516592584,0.11481753923054772,0.41147959459163996,3
15.222427443954983,0.13776157144813084,0.37763322462580906,3
15.219145542271175,0.15872562791966072,0.407583080182155,3
15.214560291697239,0.1811642161910747,0.38455857613302585,3
15.212212359659269,0.20264480656915573,0.43162452594706952,3
15.209769026107494,0.22677460624229706,0.41861408387786031,3
15.205325385215628,0.2498731864290642,0.39236705234167873,3
15.201789837395369,0.27163514784455334,0.44593757864168776,3
15.199225225755562,0.29656100413492315,0.4349551103314454,3
15.195458211719624,0.32070928707536872,0.3845297086198452,3
15.189392884365608,0.34144742231140768,0.38375669667216233,3
15.187442056472888,0.36292246770929637,0.43426547527562914,3
15.186326100058738,0.38729852021196276,0.42050585055781742,3
15.183608788776477,0.4107701762964826,0.38329358927816715,3
15.181922696980589,0.43224152504091062,0.4288055496002689,3
15.181994356348726,0.45633620650616891,0.40441139199211074,3
15.180324899493414,0.47899886768634392,0.35211532887137381,3
15.177022666215571,0.49850687562529217,0.42642372881354762,3
15.177357213353812,0.52246549238867246,0.36291298439575942,3
15.174328957806452,0.5426316439162413,0.37417810919040528,3
15.171442311941162,0.56345778735916152,0.39119826818767156,3
15.171219661984775,0.58543827670321757,0.39202032262687231,3
15.166489105075309,0.6069521369624491,0.3422675731651279,3
15.1655658000155,0.62616213892341399,0.39715455106516151,3
15.162830005465933,0.64831011452376774,0.42500912473093749,3
15.16475112085844,0.67211418331796402,0.38648778779160631,3
15.165583718635926,0.69381514995134452,0.38879306094650934,3
15.165491588401229,0.71566142292025337,0.4038482881183546,3
15.168717901010595,0.73812332796297753,0.41036524954612136,3
15.170098454249054,0.76114058177359922,0.39153863797498528,3
15.171464220873666,0.78309889119688858,0.41470430032475897,3
15.172186630523502,0.80639012273799526,0.38172645390066529,3
15.172088955308613,0.82783929156165659,0.38719084562222295,3
15.175169961582448,0.84937646859219829,0.35106552013185921,3
15.175180626168475,0.86910300445971433,0.42020875955734449,3
15.178419877064956,0.89249148584135529,0.44657190522087575,3
15.182868923664492,0.91718701276658532,0.40084786218490998,3
15.18410971554761,0.93967664271027207,0.37956838950270022,3
15.185201504441737,0.96097680854493817,0.40287129541144456,3
15.18564993636109,0.98360989649742336,0.41520589825876358,3
15.189677850567875,1.0065901837734366,0.40760350648692095,3
15.189732874995437,1.0294935528029434,0.44061601194224231,3
15.190475616239313,1.0542408328766335,0.42488504114661468,3
15.194643291801437,1.0777487440195763,0.40320181133116523,3
15.198529596326155,1.1000690393802302,0.32186724724515137,3
15.200501753390935,1.1180470657173736,0.36330277384976334,3
15.204224268312814,1.1381189525816815,0.43661723136200398,3
15.206022257290558,1.1625867099446943,0.39015403855480507,3
15.209369847987956,1.1842525583701899,0.41520589825876741,3
15.213397762194745,1.207232845646196,0.41017584810875374,3
15.214513579336369,1.2302537961102793,0.37542945781295328,3
15.219697687771024,1.2507024555258006,0.38540919505115795,3
15.223833941778729,1.2719601098456614,0.4082294169003215,3
15.227856311005326,1.2945432929764245,0.37215526880121491,3
15.233829082750287,1.3145837582863109,0.44976097102162566,3
15.239864697604091,1.3391247372423578,0.36476648072970397,3
15.242267228695265,1.3594798434708046,0.37669138432314347,3
15.24824369709369,1.3797850448775257,0.35217049527469996,3
15.251296978466563,1.3993367011818201,0.33155090063626963,3
15.254465992947283,1.4176951967236349,0.36342497458441164,3
15.259508491699865,1.4374838642238039,0.31889611470441515,3
15.265174015833191,1.4544835610735731,0.32338977809754904,3
15.270843236619976,1.4717479940201734,0.29489646735409097,3
15.27477503783677,1.4878451427785286,0.30471776845837167,3
15.280297103961296,1.50405247966453,0.31743071999048095,3
15.286488403634824,1.5207800471105415,0.28121581563136722,3
15.294883751963166,1.5341669917917251,0.28342755456075558,3
15.302098877816146,1.5483647797039808,0.29995375014556197,3
15.311430044117056,1.562400626340132,0.24630479666128607,3
15.316771685698169,1.575168242294037,0.20018493317210992,3
15.321942144369521,1.5851579775579232,0.25252472296418216,3
15.329392433091643,1.5972341800420544,0.23937940686470677,3
15.337486078788542,1.6079774604083674,0.19491690861494773,3
15.345402996595491,1.6155457559394186,0.19682964080097928,3
15.353713321894226,1.6228437703934411,0.17405221490507888,3
15.361345172010301,1.6289597140453722,0.20543944952989282,3
15.370707048389447,1.6357134696918862,0.19337310122386045,3
15.380824318197748,1.6396764063612714,0.23151754273507602,3
15.393570465707072,1.6422786960118785,0.25366509225554562,3
15.4077560268084,1.6436693416327017,0.19200486114931439,3
15.418494473670709,1.644710939603268,0.21675856631307153,3
15.430670485798295,1.6444085254956349,0.21991084414768311,3
15.442965927687183,1.6431776867223569,0.26989565902850049,3
15.457467266557614,1.638738593232663,0.25106987219480775,3
15.471477948095721,1.63708662206664,0.25199665814029071,3
15.485198016962769,1.6335851948762432,0.29313136741678042,3
15.499515234636329,1.6254416443576183,0.28569017365528587,3
15.514391497731243,1.6194085893067331,0.32024216858238164,3
15.530975607168457,1.6124249296694373,0.33695596282720658,3
15.548620509319733,1.6055588514667143,0.27085024552562831,3
15.562296218345246,1.5988805911143196,0.32183275654133442,3
15.57670698920588,1.5879554632522215,0.32290025524119242,3
15.592333100749759,1.5787344850789573,0.33604051042706384,3
15.607534383247426,1.5675335311596399,0.35036918067848882,3
15.624066739536183,1.5568435661666804,0.34261605267682205,3
15.639529061477226,1.5453741794970703,0.39405387108620782,3
15.656004119637334,1.5305808050032006,0.37235655673465112,3
15.672236621621375,1.5173795437437896,0.39470829995945383,3
15.690327821263441,1.5045495100554014,0.38253984401739571,3
15.706413168585222,1.4902911527353915,0.37768466378329829,3
15.7199539497594,1.4739500248485982,0.40005088515751996,3
15.733338334637665,1.4558899606591211,0.39998844604110767,3
15.747391953064932,1.4383501270296577,0.35239107452566693,3
15.760155160889187,1.4232114015389961,0.39815254237286846,3
15.775685159443075,1.4071072848480775,0.37677978186447192,3
15.788825139818542,1.3905069658446472,0.39649716048965611,3
15.804222770324014,1.374404697480454,0.44487211962009493,3
15.821311612231208,1.3561605120941067,0.40148430472501073,3
15.83697213050678,1.33992217902804,0.41392729843343656,3
15.851279395070499,1.3215844404546147,0.41695341116746087,3
15.86678906203035,1.3040242752311144,0.42112576447987704,3
15.881892383211294,1.2858078147457235,0.41010141646878995,3
15.893530106885915,1.2659186261259165,0.39038159168963371,3
15.90705794977298,1.2486509219002109,0.48159080746175165,3
15.921967908123403,1.226068164143804,0.39806889102193027,3
15.933616721758405,1.2069731838144939,0.41294054917868417,3
15.945118380731149,1.1868211074245814,0.43545887396015109,3
15.959136880950538,1.1667662808752084,0.44342249173490456,3
15.973548788661713,1.1464411732488067,0.44497815665107376,3
15.987157246448737,1.1254653153407048,0.43080074057619627,3
16.000912858898019,1.105546553493209,0.45416360457269572,3
16.015047092225249,1.0842985661813529,0.4078553467992016,3
16.0254861101572,1.0638965403084519,0.40971550867222578,3
16.036857249408257,1.0438786802936875,0.45356437128243471,3
16.051125699110631,1.0227612127035179,0.38140643319106987,3
16.060388191220678,1.0034347661585272,0.40982387035320766,3
16.067762412445013,0.98161920326785079,0.40092401175312464,3
16.076475100767361,0.96084410149720156,0.43753156081015915,3
16.087954579819332,0.93910360852629093,0.45790619770304758,3
16.100349545249841,0.91655596897776892,0.40890866764775224,3
16.109854593535957,0.89563740919831769,0.37624908508918598,3
16.11645863471729,0.87555372089743866,0.4235242750403001,3
16.125285207820745,0.85345309031589256,0.39097828855330063,3
16.134406090248721,0.83346665185554958,0.40121463170629412,3
16.142186657251962,0.81230738422676207,0.42199474462715808,3
16.148487147475116,0.78944766356260043,0.37436348354370991,3
16.152833538526451,0.76886592462247538,0.43843132398888185,3
16.16124822087081,0.74571189463378929,0.37639657591614067,3
16.168251214524126,0.72575502940113612,0.35990286322369602,3
16.174735825944158,0.70659976576590289,0.43026572430022209,3
16.180365234291578,0.68308744649331121,0.46637937737708185,3
16.188224567868048,0.65808765713371731,0.43808937827928185,3
16.195442392796469,0.63455315794035538,0.42839762268892134,3
16.202535242983394,0.61154997926739263,0.43206152307772699,3
16.208561755476069,0.58803211501460684,0.33533779870687536,3
16.214667746018158,0.57020607684373292,0.37763322462581306,3
16.217949647701964,0.54924202037220393,0.34209725648250272,3
16.223252188319901,0.5307652319196281,0.35830313246104462,3
16.228142838178744,0.51123504405991316,0.37733179731218336,3
16.233682389992556,0.49076903822763018,0.32165161966872258,3
16.235019434138188,0.47274480372222261,0.34933001331360192,3
16.238854836263162,0.45349413857318499,0.33547018631518183,3
16.242037639779703,0.43491455529988432,0.38340941856776284,3
16.24690795804451,0.41392831890758863,0.35115246547257062,3
16.250609143794332,0.39454713403686537,0.34653832747654478,3
16.254314026197619,0.37543068526297496,0.3176666857579451,3
16.256051871141963,0.35766564187420968,0.38689686462313183,3
16.258397954853205,0.33605268344771311,0.34741014351030841,3
16.262898893873718,0.31705751276185534,0.32755083857765349,3
16.262244872312916,0.29866389901215662,0.34686651537536778,3
16.259460023690334,0.27937328215123358,0.33431831838281834,4
16.257081520846654,0.26073896055220214,0.37763322462580906,4
16.253215547915975,0.2398747137241255,0.35097064610430173,4
16.250691738736762,0.2203156641129107,0.38505620007887748,4
16.248802044898675,0.19876185214179287,0.36242324371382129,4
16.246401362134229,0.17853911396176159,0.33808242774763225,4
16.244548634830757,0.15963266295897416,0.40528197205708216,4
16.239340498148604,0.13746321891403834,0.35950166800192518,4
16.236149303747119,0.11751630679122638,0.35211532887137381,4
16.232303662410473,0.09810810849573226,0.36523788315269701,4
16.228711667210277,0.077902005256277107,0.37657348865594364,4
16.22445043846108,0.057175671456810129,0.36370740652882205,4
16.220595555490782,0.037105632919232967,0.34625792096513386,4
16.217150714952847,0.017956625740378485,0.37933434985532316,4
16.210644774360759,-0.002341182359417715,0.41199185480161038,4
16.204903468831478,-0.024767969194262385,0.38609984151578003,4
16.202351934751309,-0.046312539531728092,0.36695109405677201,4
16.197570475442099,-0.066369639782188905,0.40741282114966965,4
16.19183286656628,-0.088531690520202488,0.41199185480160477,4
16.186091561037003,-0.11095847735504716,0.38798562753064608,4
16.183802914726932,-0.13263911239438908,0.40393074259667267,4
16.17688138672229,-0.15425505599815903,0.40708572419437533,4
16.171803769761823,-0.17655871641824028,0.38924962543229258,4
16.167928555197491,-0.19808480348839907,0.38835739832118465,4
16.16141522129848,-0.21891208378186366,0.36562519406318461,4
16.157690858049868,-0.23911633869458626,0.42601352120890057,4
16.15246608642714,-0.26247709517526907,0.36373792657639337,4
16.150725395578046,-0.28284144303736802,0.40055004769280966,4
16.144993331682418,-0.30460638963013142,0.40890866764773226,4
16.140046234443638,-0.32704426642535989,0.41326301207614058,4
16.133512568950593,-0.34932759525140433,0.40577469963742857,4
16.132003344317177,-0.37207826463846239,0.4044800095659441,4
16.128512295610978,-0.39453647302772765,0.42784662873400386,4
16.121307548242196,-0.41747240046220213,0.45089489651016718,4
16.117911901049801,-0.44257981814652503,0.41999736699083384,4
16.113087930225785,-0.46568138351056643,0.45432856058722354,4
16.108368602549227,-0.49077031792758774,0.42171186440676567,4
16.108037752064448,-0.51446419859413517,0.45354601491715052,4
16.103583160484717,-0.53955682966461449,0.45052545178503972,4
16.098602793364787,-0.5643773313313396,0.47799884639609846,4
16.095714438445292,-0.59108055890358546,0.44591890831760772,4
16.09007777606347,-0.61549471479140827,0.43047207439870805,4
16.086434027714816,-0.63940712338652439,0.46573627586388483,4
16.081045466489254,-0.66501628836355664,0.45089489651016718,4
16.077649819296859,-0.69012370604787954,0.40552841068185713,4
16.07376166644541,-0.71257636945695335,0.49636422121607543,4
16.0711232610089,-0.74034223806999222,0.46528915462808623,4
16.068905987965138,-0.76639286703380716,0.50595529601217437,4
16.063221269088324,-0.79424859218045896,0.50305635076253286,4
16.060842054768457,-0.82241526159220779,0.4737533049064741,4
16.059676332805104,-0.84901014936353558,0.45945510393387151,4
16.055613300390434,-0.87450542955945654,0.45587135943336121,4
16.051156860483978,-0.89973042867835318,0.49582718775285251,4
16.045744271010918,-0.92706037828479904,0.48149859726370475,4
16.040475139546654,-0.95359796792747709,0.47485916084367613,4
16.038118105147554,-0.98017622075822786,0.50854312362816279,4
16.033091529859359,-1.0083059236353646,0.52625956945610086,4
16.026862552175029,-1.0372131998624239,0.48745028665415641,4
16.021192619912057,-1.0640099806217442,0.51861554646293118,4
16.015893915220104,-1.0926654590390852,0.46236332437063093,4
16.014207962696741,-1.1185911132614068,0.47251566748456381,4
16.010530944466936,-1.1448861467280196,0.46674816493322813,4
16.007387095084262,-1.1709238374047208,0.50759815457394486,4
16.003682351953501,-1.199204391597581,0.43396501407217297,4
16.00056437914505,-1.2233889295964513,0.4541086059188465,4
15.997959243589694,-1.2487721733379935,0.48183277527231444,4
15.993350104040783,-1.275451372662741,0.47251566748457574,4
15.989673085810979,-1.3017464061293529,0.45666815185567461,4
15.986933733880475,-1.3272601695925816,0.44179225646696302,4
15.984734944104019,-1.3519871180722323,0.44307187097552397,4
15.981741946037065,-1.3767029765914991,0.44851900442273646,4
15.977423419159217,-1.4015327198918781,0.43896903223476336,4
15.975623581854745,-1.4261328453033038,0.4308715964913683,4
15.972904561518275,-1.45019056023395,0.43345311178364138,4
15.970051324806661,-1.4743787948862837,0.37096021006168067,4
15.968172720928958,-1.495138398566902,0.37024881887326133,4
15.966955957293337,-1.5159072438811725,0.41349798273920513,4
15.96358988332863,-1.5388967727908351,0.35706171467112879,4
15.961590001362893,-1.5588603198542241,0.33657688827909293,4
15.958284922180299,-1.5774817031661419,0.34086195090930982,4
15.955108514392659,-1.5963696709016233,0.2645576546941833,4
15.95265309330248,-1.6110311027214319,0.28545694128197402,4
15.947805805707155,-1.6263211049021713,0.23869441940405092,4
15.948678069094695,-1.6397050644060789,0.2288288218387346,4
15.947836941159743,-1.6525355234688224,0.18171248729220582,4
15.945315691783453,-1.6624298572189069,0.14174804372559457,4
15.943090600058413,-1.6700776307993737,0.10878183707833006,4
15.943535049222469,-1.6761739543334535,0.090297075852416517,4
15.944126653048789,-1.6812131818069318,0.0686057813294942,4
15.945133844287664,-1.6849342737764381,0.046941616601358288,4
15.947637747247192,-1.6857636002748189,0.047177505607358387,4
15.950286956542252,-1.6856681987610145,0.058898305084750004,4
15.953596157752663,-1.6857144069292795,0.057370698203463362,4
15.956655409480089,-1.6846979740567516,0.14440538413429793,4
15.963856885569767,-1.6809591102961274,0.13032373012509313,4
15.968699765035444,-1.6754661920249374,0.15167886005369724,4
15.974610830522106,-1.6693262201255106,0.18165138692488997,4
15.981729843385095,-1.6620115707309093,0.19370290616693114,4
15.988992314256883,-1.653904561372542,0.2040433153004779,4
15.998352342309296,-1.6472831737744453,0.21521669564525561,4
16.007466117532182,-1.639334409038721,0.21582190728042153,4
16.014750768324738,-1.6296389830993565,0.23748217308623087,4
16.022842565694909,-1.619028070781459,0.2810183741862331,4
16.032024729006825,-1.6061816882543267,0.22925290463427414,4
16.040370172513441,-1.5963686808803894,0.29077395904722292,4
16.049561577459016,-1.582860458111174,0.2933679583343986,4
16.060981059306901,-1.5709720734773773,0.33051973992100309,4
16.070602838278873,-1.5550867708168585,0.29924048882505849,4
16.081636305941892,-1.54239863291237,0.36414207571647678,4
16.095221733059439,-1.5270982522474341,0.29779020328230427,4
16.10389475577173,-1.5127884278807997,0.3398835382775694,4
16.114312591360932,-1.4967818471322465,0.34638613496477694,4
16.12499885970043,-1.4805142269403211,0.33464190450635933,4
16.135280630587751,-1.4647705339618726,0.39310901477926286,4
16.144957859361647,-1.4449141898488582,0.33128294007271236,4
16.155498821365612,-1.4295712976691188,0.32526372346418331,4
16.164984535635707,-1.4139488827787012,0.38042287134935082,4
16.175176449989422,-1.3951588763599423,0.34302890664743663,4
16.182310960942438,-1.3772529347652949,0.34998877521296229,4
16.190767304052891,-1.359497844486369,0.3615722767958125,4
16.200679695695928,-1.3417630858014808,0.36879934582844098,4
16.207704018521298,-1.3222668792991046,0.37669138432312743,4
16.215656766012316,-1.3026512430354256,0.41814312339925064,4
16.222721752025759,-1.280242939467886,0.39507374465700928,4
16.231479797767655,-1.2598441848740931,0.36359293353380312,4
16.23797280007263,-1.240472953113211,0.40012718640118605,4
16.24502299947223,-1.2191235939330038,0.44946469389712845,4
16.254090141152496,-1.1955517028306764,0.4498350098123407,4
16.26118100374017,-1.1712902465853059,0.42370770964393717,4
16.271542252676909,-1.1498547275249482,0.435974786714732,4
16.279017281122716,-1.126525392598686,0.43584745762713006,4
16.28688756538704,-1.1033339707010326,0.4661948741992627,4
16.292408494661021,-1.0777266540507311,0.49126129694773796,4
16.300587874863716,-1.0513620956445431,0.49544643685238593,4
16.309561463356911,-1.025008627198738,0.47571165999270376,4
16.31733264945397,-0.99943273210285799,0.43105190444579944,4
16.324276357379382,-0.97622837191808909,0.46959349379127135,4
16.332174366544667,-0.95105142929418918,0.43441243375042099,4
16.337801787292836,-0.92729911364844853,0.44113218442631635,4
16.343962376888133,-0.90328945521279813,0.46214719378935049,4
16.351722473024807,-0.87850776840741585,0.53085902021090403,4
16.359670387011821,-0.84975688847627051,0.46755016383524917,4
16.363211340539745,-0.8237247427797616,0.42045304972252279,4
16.368167679412178,-0.80062502574245009,0.48886586675633237,4
16.3742347158204,-0.77383378996332208,0.51193707476094197,4
16.38032023549593,-0.74571887370002976,0.45880229679439521,4
16.385703251741305,-0.72050681286824769,0.40397196352468628,4
16.389854292362855,-0.69819021416105187,0.45084565470519011,4
16.396154643313487,-0.67365293185846653,0.47412806346894465,4
16.400493501785373,-0.64736714002550677,0.46897255321997289,4
16.406148647434499,-0.62162930365351965,0.45484747594299368,4
16.40716721473559,-0.59609151194279519,0.49008486534172774,4
16.407948770840807,-0.56856450285236004,0.52606441528758718,4
16.411535932536999,-0.53922315594543946,0.46347240563410552,4
16.415337925508297,-0.51345944299922319,0.45705084745763014,4
16.415696500894036,-0.48778004160642841,0.45010021546804313,4
16.41340032200452,-0.46259314587268641,0.45479255999060808,4
16.413227576869865,-0.43703871922138582,0.39826405017618666,4
16.413010471893671,-0.41466112573207958,0.44901991166167299,4
16.41137613324624,-0.38948347163199148,0.44106926890372755,4
16.412913082780612,-0.36474728151868696,0.44292151997012585,4
16.413128200157551,-0.33986024008965909,0.44542697480952026,4
16.412815693667554,-0.31483343730529345,0.43258148765812099,4
16.411168416733009,-0.29058235954412126,0.42134317753443606,4
16.405000294558263,-0.26772448720668862,0.5000906605540234,4
16.399161599915928,-0.24023742982813889,0.45084565470516669,4
16.393548826509083,-0.21553379811980022,0.40384828811837842,4
16.390950944988123,-0.19299056670092707,0.3981804222512389,4
16.387818046293305,-0.17083704612038098,0.41363219176020022,4
16.381377794714808,-0.14850494932315073,0.3871908456221948,4
16.377307229720692,-0.12713269874598954,0.41550656636626088,4
16.372462788030116,-0.10429330967586292,0.42007665166943281,4
16.366559401952205,-0.081439133991890955,0.42689855575202396,4
16.360661560854492,-0.058187854162671471,0.39611201113610678,4
16.355004427606108,-0.036661055616325378,0.4202285721584994,4
16.348170768535823,-0.014058677742072589,0.42912902511407086,4
16.34280609628523,0.009449944877059302,0.44012445681786233,4
16.336520392675919,0.033368609928554172,0.46802477394489145,4
16.330124500938954,0.058877539887778774,0.40809343108140278,4
16.325406882316603,0.081317976485923538,0.40237501248847668,4
16.318159484160493,0.10273458690462167,0.43769644450826994,4
16.312403252744843,0.12664585864919253,0.427677947629785,4
16.305442770606334,0.14964718899542628,0.39783875911400357,4
16.298590628268741,0.17092588638551298,0.40528197205708216,4
16.294003529368076,0.19323210660851409,0.40120079743453163,4
16.289280365765531,0.21527543906141045,0.3638370990501385,4
16.28678343073857,0.23556656533047438,0.41657385100483157,4
16.280212659438384,0.25803287850284917,0.40604817882577915,4
16.273101325984154,0.2797123766916485,0.46196700772994848,4
16.265637248226206,0.30457425302263452,0.39027494267747714,4
16.260772474941589,0.32595759356017862,0.37313831092604866,4
16.256159499466698,0.34641066110534791,0.37888781132520055,4
16.252480493637638,0.36738026255706835,0.39337718964057888,4
16.250404691003425,0.38938662847535443,0.40230603588513791,4
16.243556245319294,0.41093006196227488,0.38804999796323514,4
16.238158303187554,0.43205605970990923,0.40298149750483803,4
16.233569355960157,0.45422991188449391,0.38640161116828353,4
16.228037197453268,0.47522538991044083,0.39450434722197097,4
16.225431922625386,0.49723914913564915,0.3895275820073747,4
16.222955319192462,0.51898632393729383,0.39143230420989056,4
16.222335565090827,0.54097235826154044,0.42751569149582896,4
16.217367996985484,0.56447543590048088,0.39943300269585419,4
16.211979296487399,0.58626327389019739,0.36834757022503378,4
16.208690001496667,0.60669785816806154,0.37464507689242121,4
16.206599412248607,0.62764527969901263,0.39993293642063871,4
16.204793890691416,0.65004505310908733,0.41026379536444235,4
16.199546799875399,0.67249288301415611,0.37414102329813032,4
16.197720946724171,0.69343660789164918,0.38460187334011237,4
16.194444590020556,0.71479776850842658,0.41188406349131879,4
16.192515942048601,0.73786123048731334,0.39815951252546489,4
16.192695941217657,0.76023327899642545,0.41467083888924877,4
16.192756510625411,0.78353375217118515,0.4171064692195246,4
16.192554192263064,0.80697029004782639,0.37230438142392697,4
16.192449123741252,0.82788998667781843,0.39597186394405903,4
16.193421482874076,0.85011857717813211,0.39585971046644924,4
16.193334897619572,0.87236195429229024,0.41234871225682357,4
16.194055458942678,0.89552081778498138,0.43830470853470749,4
16.194928719908233,0.9201338814835216,0.43579651557540094,4
16.192753819106755,0.94452472060003512,0.38315599651751431,4
16.19609586482396,0.9657934648802815,0.39683997869059734,4
16.199316632453133,0.98785826577775993,0.4123487122568244,4
16.200037193776243,1.0110171292704493,0.41245638213587149,4
16.201022491196181,1.0341722961096771,0.42236943335914801,4
16.202677022165126,1.057847693508922,0.38869311597775658,4
16.205362772620443,1.0795227835680699,0.3886716958550665,4
16.210425602967064,1.100767499600817,0.39884895468423226,4
16.212061650668701,1.1231192165158994,0.4295621004045686,4
16.213854094666253,1.1471898697336584,0.40040452290053341,4
16.216549086755222,1.1695268000348911,0.40982387035323836,4
16.2245295591472,1.1911279570248183,0.36683763326743996,4
16.227858666577291,1.2114701249661479,0.44171058676363639,4
16.232964008438717,1.2357593061124774,0.40479550059211827,4
16.237379785157099,1.2580722081662117,0.42265843959891569,4
16.244448467824007,1.2807452478305841,0.386372881355943,4
16.249509449843895,1.3018575958149157,0.39321489512598395,4
16.255631224577851,1.3230875252338237,0.401511953255062,4
16.260440408788021,1.3451301462105292,0.40227844193226475,4
16.26604195296196,1.3670293091784416,0.35338983050847594,4
16.271867570044662,1.3860126784277256,0.3680837783868246,4
16.278364269003095,1.4056486462854423,0.36058848848696151,4
16.285118310751439,1.4247514452960317,0.37090035604812083,4
16.29082634639957,1.4447956072593797,0.34200800913257323,4
16.294399858332461,1.4636780300146661,0.34270514167994748,4
16.300743857648442,1.4818597976665338,0.30175252020990784,4
16.306131707397817,1.4979366148308486,0.33913969346906164,4
16.310230994870913,1.5165469081823808,0.30032360694468613,4
16.317723795107838,1.5316675757800944,0.26086032060439773,4
16.322946006927644,1.5453636163996407,0.30755519633630213,4
16.329655688834457,1.5612895822482358,0.23925184607206687,4
16.335517560975582,1.5733879646531328,0.28786753732618631,4
16.34352504679233,1.5874422945565918,0.2150231844156836,4
16.350153402322992,1.5975440662748603,0.26248299106326289,4
16.357350044908664,1.6104181737029499,0.21964567062945195,4
16.362274250750488,1.6217352861044674,0.186178278367337,4
16.370571637762112,1.6281067242195739,0.20326657564793427,4
16.378628316924399,1.6362026436175583,0.16647291016564555,4
16.387026650430016,1.6403219765828574,0.19706918729001557,4
16.396893970755329,1.645347554293032,0.16541932649047172,4
16.406051394343564,1.6469408043780369,0.16180641165307671,4
16.414822803746929,1.6493338077337292,0.18349067217142781,4
16.424789222239511,1.6519749122456808,0.18848930027231811,4
16.435380514439558,1.6519594141556482,0.20744247272112368,4
16.447023357720013,1.6513996572581036,0.25189752274476995,4
16.461028494277933,1.6493505819468304,0.22193331529492846,4
16.473310997879704,1.6471931668346365,0.23766907497298298,4
16.485961032399036,1.6429123179675855,0.23915903185228482,4
16.498607370264907,1.6383667330037035,0.2519526027801447,4
16.510955702152796,1.6314422198217855,0.26455765469416204,4
16.523962177629301,1.6242437289093807,0.2629372330215945,4
16.535753312422564,1.6153410883081385,0.24960654186084519,4
16.54729264940611,1.6073687206992773,0.25689385501303075,4
16.558956961131145,1.5988650325700142,0.30725727826596383,4
16.572443003979593,1.5880852110434418,0.30076683474495536,4
16.585129293557348,1.5769193753320074,0.3543701093139644,4
16.600711045259693,1.5645215639967489,0.30654290424047642,4
16.612853076029939,1.5523041772049027,0.32457188119348512,4
16.624305541657144,1.5381105113204647,0.32889522356502554,4
16.638034140681658,1.5257385765594336,0.3832139363328409,4
16.652775475925239,1.5100426539741498,0.33201931124461664,4
16.665023998169669,1.4959702661777428,0.35323273344337797,4
16.678590655918079,1.4814822909687777,0.3374250948403007,4
16.69003018325817,1.4663620487454239,0.34261605267682205,4
16.701063364819355,1.4505855112601793,0.3394014511103231,4
16.710763624262725,1.4341656168001577,0.3687993458284296,4
16.72003720633316,1.4156333785456638,0.37335393550971241,4
16.730774230243092,1.3976102808908024,0.37319036964603786,4
16.743248673723016,1.3807544674241861,0.3901540385548411,4
16.753570110220394,1.3614132342653491,0.35423695077428641,4
16.762856630577939,1.3438075723497711,0.39861927312491313,4
16.773437258191962,1.324065538392226,0.40165707681331403,4
16.782548898986285,1.3034172596897982,0.39737809547241237,4
16.791664236434073,1.283033717084205,0.36144177161199331,4
16.800810995436276,1.2649004313016903,0.41700665512260443,4
16.809643113519925,1.2431969048653961,0.43278032115320558,4
16.818861245788437,1.2206936251584075,0.41363219176018412,4
16.825301497366937,1.198361528361179,0.38800708552807261,4
16.834025275649662,1.1783806348810266,0.44284632532522727,4
16.839910178460265,1.1542027787128895,0.47148084023226583,4
16.845506316926539,1.1283078345688011,0.41211982036450467,4
16.853943179191667,1.1067422211611131,0.42188950902835781,4
16.861839479302745,1.0843897927698478,0.41844168099114937,4
16.871469502330349,1.0629399124700001,0.42763901177225372,4
16.878828936940842,1.0400654051919922,0.41583371328486785,4
16.883142058111023,1.0171010413803714,0.46176872185642692,4
16.888613221835801,0.99173741775668134,0.38522913599090813,4
16.894810917238232,0.9709974341939116,0.40151195325511863,4
16.89741064708592,0.94858657082345221,0.42186977443111162,4
16.901453487179076,0.92522879952004455,0.50096670007870936,4
16.909018511431022,0.89811481803924931,0.44976097102162022,4
16.914366548741036,0.87341488298436953,0.44504675538486388,4
16.918390905566888,0.84873343119679578,0.43512734831336303,4
16.925478210773619,0.82533314837858196,0.44855612784537185,4
16.928173342135114,0.80027307571306583,0.43423991220315006,4
16.930747195408575,0.77600905966477729,0.46998928426052516,4
16.932232531067015,0.74964194145567209,0.47973745123772604,4
16.933975209515364,0.7227416543994396,0.46727110559575902,4
16.936655554263012,0.69662263734659025,0.46206311570576958,4
16.939074859567288,0.6707720530440362,0.46733049364462814,4
16.940297307455623,0.6445409995368081,0.47826004004164824,4
16.940054465177727,0.61766843738153199,0.45337465300112717,4
16.937978801816037,0.59227780033306932,0.49479624439792202,4
16.937987757347855,0.5644749651854184,0.49476819965263086,4
16.937864344831262,0.53667397836449915,0.44322217097850664,4
16.936590283066991,0.51180172354931575,0.4508702762799387,4
16.937825669242443,0.48649724638100356,0.44086787889544132,4
16.936553455804905,0.46175735961423836,0.43474450457411135,4
16.934360211008642,0.43742751527983614,0.42020875955736542,4
16.93112096011216,0.4140390338981943,0.41147959459161615,4
16.927624366425768,0.39118372136368151,0.44582554496906762,4
16.923440055923066,0.36648449778498904,0.43663629942076204,4
16.91847077876352,0.34245820440876162,0.43390745521335855,4
16.912975726063767,0.31870404043629197,0.42282255968421278,4
16.910924090949571,0.29503418801723935,0.46972349161511867,4
16.904476585336678,0.26943980965405423,0.4206246282033414,4
16.900180238379598,0.24619848293467328,0.48381578832787397,4
16.894909258588605,0.21952852524358057,0.39485592410951387,4
16.889445627443273,0.19802461809418848,0.46948710516182313,4
16.88431810566108,0.17214702036686269,0.45695975852751902,4
16.878804569694019,0.14706917591022783,0.44911879022528722,4
16.872373699021701,0.12266610998278793,0.4445476140469703,4
16.86594652500284,0.098527780152180888,0.42297349391948769,4
16.859273098154453,0.075716827459201497,0.47765036602430344,4
16.849919040456587,0.050560216429338389,0.41430258473130993,4
16.843648262733645,0.028140822901415063,0.45470101866454526,4
16.836026079625576,0.003754391914553068,0.48398210619320137,4
16.828907492136942,-0.022492585057063863,0.48986396988519404,4
16.822575719631885,-0.049280124182730312,0.45087027627992815,4
16.814824865128863,-0.073399970746029553,0.43597478671474316,4
16.806164069227499,-0.096315566586467227,0.44850662926568768,4
16.798019807232688,-0.12016513207274304,0.47889791367342088,4
16.791564908312871,-0.14628898262959478,0.51316075712627418,4
16.784554660625155,-0.1742585925573561,0.43303674559942962,4
16.777213848554496,-0.19745740776193177,0.42689205484133924,4
16.769350957597091,-0.22011935746592037,0.42763901177224611,4
16.761355698591274,-0.2427794588431782,0.45415749394006022,4
16.751889604439025,-0.26647817301373067,0.41169536078853253,4
16.746808290825097,-0.28904656953064478,0.48607626106547602,4
16.738764975324283,-0.31514824016673071,0.43145088961811495,4
16.732216523217389,-0.33849051338010749,0.45790619770304514,4
16.727098243068848,-0.36370627086535112,0.48066213577477529,4
16.717609968995838,-0.38899340161689988,0.40865747645825468,4
16.709103721063656,-0.41032242920307027,0.42062462820333135,4
16.703487390275871,-0.43328053655831233,0.45432856058720389,4
16.698768062599314,-0.45836947097533187,0.44785645329482132,4
16.689965657015879,-0.48194505873112004,0.43722699677709748,4
16.683148772158692,-0.50554837138786901,0.46626035142578243,4
16.676440227102425,-0.53087431700076149,0.53692516745778596,4
16.670466743881278,-0.56044713012336445,0.37845541216179085,4
16.665676042938408,-0.58116607061591008,0.38995482063608489,4
16.659293228761086,-0.60212756728452099,0.3909002015068031,4
16.654888542003086,-0.62364626104775667,0.41370598816350773,4
16.648750132328555,-0.646067502902409,0.41236890250054103,4
16.645913530557518,-0.66906442511899389,0.43686505120864394,4
16.642528973325504,-0.69337763451281997,0.45479255999060736,4
16.638469637564299,-0.71860817861190807,0.39482078050886382,4
16.636307814322457,-0.74068776612323006,0.42380594552216172,4
16.632537242905578,-0.764201222246367,0.44033248941599679,4
16.627169013274052,-0.78835433869081761,0.44359769819023609,4
16.623911279110267,-0.81306650055662288,0.43418878154302931,4
16.619736210241214,-0.8371038838932332,0.44884682176143487,4
16.616210043327136,-0.86207708520241155,0.47312609243126647,4
16.6122682890005,-0.88836842201556276,0.47673730372741474,4
16.610306510419917,-0.91508458787492231,0.45666815185567683,4
16.607567158489413,-0.94059835133814929,0.40760350648692095,4
16.607512134061849,-0.96350172036765969,0.49284615137836191,4
16.605934521339407,-0.99115000754612659,0.47368886341964012,4
16.604901167424469,-1.0177467436441843,0.4387160751548172,4
16.603366066216829,-1.0423505657090724,0.47895586006043245,4
16.604446904423096,-1.0692416111316518,0.40890866764774153,4
16.602273991220869,-1.0921154069334724,0.44331608260370536,4
16.602985450182846,-1.117015386649614,0.41229486677313276,4
16.602794361053405,-1.1401816434492273,0.44071677599638609,4
16.601786883712698,-1.1649252268694541,0.42459755046644737,4
16.602645497336937,-1.1887681105249941,0.44941529538686464,4
16.600044058435039,-1.2138866181697026,0.4460246964871683,4
16.601150773215537,-1.238924510914452,0.42517233743299976,4
16.599097289774615,-1.2627267313819184,0.41977925691152013,4
16.599827232003896,-1.2863030306138956,0.4283004399686417,4
16.601742941688734,-1.3102930689316965,0.46885418558728303,4
16.601639860766177,-1.336638007220035,0.42409397282675582,4
16.6015718980515,-1.3604679525884613,0.42460408650725923,4
16.604020776583468,-1.3842006481163516,0.38782107677351307,4
16.606763964439956,-1.4058191515230396,0.40749455436322202,4
16.609889469827849,-1.4285021442972523,0.37519283637116996,4
16.610786898313432,-1.4495652989360472,0.41753872124666525,4
16.611651056917861,-1.4730110784463379,0.35916957190810683,4
16.614151688598284,-1.4930374686185672,0.37657348865595097,4
16.617832542754073,-1.5138747020218712,0.34012024590127105,4
16.622737979226759,-1.5323459454942547,0.34741014351030847,4
16.627238918247276,-1.5513411161801116,0.2703169137158235,4
16.628748993629401,-1.5664551019470876,0.30407045045418968,4
16.63155872124819,-1.5833083556107832,0.26659535608096774,4
16.634265654046256,-1.5980418721730842,0.30253325248561669,4
16.639733832593759,-1.6141378840808942,0.23267737964644594,4
16.643132178861599,-1.6267627535021845,0.20861643306504607,4
16.648280882986537,-1.6372937623963102,0.21537137944263837,4
16.654223795401975,-1.6478358612508197,0.17448219038093499,4
16.659670505504902,-1.6559879419269103,0.12938336950960175,4
16.665703985930143,-1.6600440064090121,0.15160565596640388,4
16.672787169109061,-1.6647766977470413,0.13212138373562202,4
16.679087233957862,-1.668704090834189,0.11630290247868125,4
16.685562178369885,-1.669588867134487,0.16892214617380286,4
16.69497879307476,-1.6683964178481965,0.18430558664201596,4
16.705314590811629,-1.6677463790426845,0.1735892031017251,4
16.714995941613338,-1.6665576264098547,0.21014070059768283,4
16.726170307482239,-1.6627418444027322,0.22203333031367772,4
16.738008361919952,-1.6588029359808463,0.20170412313407035,4
16.748526432526965,-1.6545808081948206,0.25709902889326963,4
16.761458549559894,-1.648141693466866,0.27249490374197771,4
16.774414694840317,-1.6399817941094978,0.30869005698009327,4
16.789365602480643,-1.6311877794110066,0.27420055168662177,4
16.801284983294508,-1.621424676858795,0.29607047898478972,4
16.815051971806007,-1.6120845550260618,0.31507015082762724,4
16.828192238283307,-1.6002201986397635,0.29742652693665589,4
16.841961075121539,-1.5907477087586148,0.32318375358434009,4
16.854980063510805,-1.5780872957550862,0.35169735959942783,4
16.868683072062922,-1.5638477078042126,0.37491905666690789,4
16.883456114962755,-1.5488286981766857,0.36330277384976334,4
16.898477259018843,-1.5350046976383682,0.35857411968872244,4
16.910748247285877,-1.519023993464045,0.38822160027026087,4
16.924881629864394,-1.502407325621868,0.40532990241319244,4
16.938377200448326,-1.4840606315166225,0.30438972291874955,4
16.948892285878063,-1.470570892014714,0.39597186394406864,4
16.961461280123082,-1.452211259622354,0.38617889921707066,4
16.973627625242656,-1.4342431863950527,0.34973494169952135,4
16.985234924940876,-1.4183856086354929,0.32359567144063867,4
16.994062495622352,-1.4024892160145894,0.3563770916147081,4
17.004758005595502,-1.3855597555805836,0.3576131256801372,4
17.015585883617067,-1.3686321434733077,0.35097855325280664,4
17.024174594775936,-1.3508789015211136,0.33084704127856301,4
17.032877190715915,-1.3344511883798136,0.40341512561341236,4
17.04124737394622,-1.3133850485637453,0.39681899833239281,4
17.053292440977764,-1.2946209187192146,0.3803645063794735,4
17.062958579791271,-1.2755587828967005,0.43991001730652496,4
17.073202247293441,-1.2530624711222789,0.37179715451072542,4
17.080360786493959,-1.2334357448982169,0.38981957906565906,4
17.088982767533977,-1.2132998780745252,0.46095666417904524,4
17.099770693843659,-1.1897520152196961,0.42480665389281558,4
17.10908039169999,-1.1677722373518264,0.38073642977418987,4
17.115851068388913,-1.14747812590549,0.38298212447869751,4
17.122623593404562,-1.1270516464107372,0.42167895904195279,4
17.13035041966009,-1.1046525844768516,0.36465234020329301,4
17.135130030642571,-1.0847278522748054,0.41430258473128662,4
17.141400808365518,-1.062308458746883,0.4291678257915254,4
17.145439812532686,-1.0385339631803756,0.42650181886342875,4
17.150136960288481,-1.015033445344355,0.44479725473156517,4
17.153924166645933,-0.99032867678547021,0.43661087515734626,4
17.160608683454704,-0.96672351580199045,0.42010307657046414,4
17.166092646194073,-0.94376356012002027,0.39369452888518497,4
17.171819165109504,-0.92239571767250617,0.38306182562638036,4
17.176613562705832,-0.90141204108312856,0.4380260257058296,4
17.181979944010628,-0.87739129268709348,0.45712977651518766,4
17.184984032037967,-0.85188122587732806,0.43802602570583454,4
17.190350413342763,-0.82786047748129299,0.42419866154049585,4
17.195705704687178,-0.80463393737575739,0.46626035142578243,4
17.202414249743445,-0.77930799176286403,0.49617968152410796,4
17.204920287131536,-0.75154027482309615,0.40861672820129147,4
17.209075024406548,-0.72895894001906658,0.43999832858578281,4
17.213650894074306,-0.70466236556581752,0.46920919890337121,4
17.215077655481032,-0.67833591054478326,0.41680695522045358,4
17.217785585857115,-0.65507240390463561,0.47955808741706518,4
17.220146316909677,-0.62822941497705198,0.47412806346894104,4
17.22448517538156,-0.60194362314409222,0.47177505607381837,4
17.22617852121185,-0.57548849672810576,0.43594932387236057,4
17.22704993385068,-0.55100780107798109,0.47610819335339777,4
17.228217504140758,-0.52428054525823775,0.45470101866457996,4
17.228706599248184,-0.49873536024058929,0.46652811711223824,4
17.228675463795597,-0.47252094167393732,0.48089302909221671,4
17.229979098787556,-0.44553079808409102,0.46433385701131552,4
17.229549010862986,-0.41944320258566403,0.45946114411063593,4
17.229512330430207,-0.3936258881642587,0.45503658016105386,4
17.227087480145737,-0.36817240800695483,0.44824667204596896,4
17.226114981740388,-0.34300399554051975,0.4255377067251282,4
17.224462159825652,-0.31915002192459596,0.46440557249624731,4
17.222044702848105,-0.29316706957362548,0.443972907768659,4
17.220671403644047,-0.26825784822382825,0.43779788053383167,4
17.21756992650365,-0.24385407082020372,0.43071698673945052,4
17.213666847765833,-0.21996867564985934,0.42294724835643144,4
17.210022960144656,-0.19648408127822581,0.41342414920681275,4
17.208625632693099,-0.17329564455784485,0.45737861740056118,4
17.206202630735362,-0.14770979635212456,0.41941548805820728,4
17.200962933226265,-0.12473249425339006,0.42628703680475566,4
17.195728780697362,-0.10135808800940538,0.4232293028652156,4
17.191288836458956,-0.077994771725805379,0.44424786005179978,4
17.187529215729938,-0.053317016591692301,0.44169173776451243,4
17.18190904901617,-0.029142857077015805,0.40865747645822359,4
17.174001658944707,-0.0075846369762508914,0.41002697131736637,4
17.167824295136313,0.014611395119099591,0.43495511033144135,4
17.161667262921952,0.038263475747030817,0.38477501344794407,4
17.15600088803992,0.059128434051293866,0.42167895904195279,4
17.1489024928728,0.081734508579008214,0.46397511331342317,4
17.142901856954357,0.10710552550962227,0.42465637121210148,4
17.135672942065554,0.12984581641248472,0.4492361802524335,4
17.130457272803955,0.15454390314063282,0.44406666062733269,4
17.122579455960182,0.17822001201606152,0.40939025153550718,4
17.118128421761391,0.20078912000916471,0.41002697131736582,4
17.110355248065076,0.22247785983161616,0.4182692070431055,4
17.104848966132419,0.24532649053539579,0.44504675538488414,4
17.096439828768247,0.26887762466933207,0.36635313909159334,4
17.091289987792766,0.28880861332775787,0.3948770087685477,4
17.085897590641217,0.31033171522064151,0.41550656636626615,4
17.081053148950637,0.33317110429076724,0.45027898690062235,4
17.075041423071813,0.35774791293088537,0.4093902515354601,4
17.070590388873022,0.38031702092398501,0.40627366057103464,4
17.065207233355125,0.40250196305895347,0.42721048313148013,4
17.061699410435828,0.42624944520068819,0.36976879427291159,4
17.057349322731035,0.44656644804398038,0.37615318503947948,4
17.053137148054851,0.46727870670579108,0.36912277821208411,4
17.048388107878075,0.4874688864808574,0.38997617028088943,4
17.044187023162273,0.50897535343316491,0.3993287710576654,4
17.040657020322211,0.53113441899390423,0.41449010045879292,4
17.036077314728466,0.55397011141056929,0.40340824626813843,4
17.030824678932255,0.57602083717038788,0.41202553380296791,4
17.025180483970985,0.59847421205565077,0.39048821157409425,4
17.02230677639281,0.62022693183748601,0.3790708825331725,4
17.020352251846631,0.64143724113854095,0.41518584597651015,4
17.021868869786964,0.66471738271926473,0.37287046555743986,4
17.019511696115345,0.68553613285526183,0.35358610368689891,4
17.017404471926707,0.7052922419504668,0.3617564392577492,4
17.015966481287077,0.72556858160568538,0.40369707783449671,4
17.014826496625428,0.74822384947893816,0.41766498734593832,4
17.016477330940912,0.77163451078134582,0.39210526437558102,4
17.015195736597196,0.79362978673924811,0.36735926274293529,4
17.013231970417362,0.81417825579822267,0.3916591146757411,4
17.01473010509039,0.83613471689478036,0.40355268789171184,4
17.013722488477161,0.85878813644130236,0.37650715612002,4
17.010837690938601,0.87974664793263901,0.38117352209985167,4
17.013253160316893,0.90102833049999997,0.39361698069584894,4
17.012899990638822,0.92314303621920413,0.39134012490923092,4
17.014001021166603,0.94510504229595593,0.35859733763677876,4
17.013223022442325,0.96523977226910418,0.39103506933835414,4
17.015910621224371,0.98704723037667108,0.33710418031027228,4
17.015513091704765,1.0059851029338773,0.3680083745596528,4
17.016860375062073,1.0266197318730015,0.41780450021770998,4
17.018643577425973,1.0500285448486792,0.38740581233389038,4
17.020535119590789,1.0717147248682153,0.43154736287043882,4
17.021932307769823,1.095923291114584,0.42062462820333679,4
17.027548638557608,1.1188813984698243,0.39806191928252987,4
17.034201733811958,1.1402363026302247,0.32320092730985767,4
17.036835731118817,1.1582050873337124,0.38867169585508976,4
17.042953809199311,1.1791702806557858,0.43615298498837218,4
17.04699835834667,1.2033418803675424,0.38543079648573392,4
17.049152788281592,1.2248919956851978,0.42144196457285055,4
17.053713871335507,1.2481296257511154,0.37426710033860416,4
17.059160867540264,1.2684422204647596,0.40618484937112426,4
17.06238902847636,1.2910364935559002,0.36683763326748403,4
17.065718135906451,1.3113786614972369,0.37084049237407724,4
17.068786203893175,1.3319892621888592,0.43999832858580246,4
17.073362073560933,1.3562858366421118,0.39097119037535899,4
17.078426752234286,1.377662920723278,0.37066833045684583,4
17.082287180184775,1.3981300634061036,0.3891284027385789,4
17.088010002446747,1.419233169756783,0.34832758391599189,4
17.098041823851084,1.4360395037760263,0.32290025524118043,4
17.107262802024344,1.4516656153199072,0.34270514167993232,4
17.113606801340328,1.4698473829717713,0.28832028826284212,4
17.118983561129323,1.4851299918455858,0.34306935578463688,4
17.126776215670965,1.5027619557097509,0.33719472558842184,4
17.135221468821033,1.5197228376981755,0.26887576224768739,4
17.142686544157002,1.5328579845696382,0.2866502512842643,4
17.14977299861502,1.5473223569054575,0.28202388040388854,4
17.15803782722168,1.5608435179617892,0.28786753732621906,4
17.166045313038428,1.5748978478652447,0.24193944057208072,4
17.171383257966077,1.587400727722315,0.2244574146622029,4
17.176969304049987,1.5987085984901768,0.19824858024481951,4
17.184889918510393,1.6065416301180591,0.24284393303427565,4
17.195599503621203,1.6149976871266816,0.23418724538411484,4
17.206297998771625,1.6226595358448037,0.20348490715626935,4
17.214876756820654,1.6302185897421992,0.15488350562924463,4
17.222740073152416,1.6339482118691713,0.1938890695026966,4
17.23247317710258,1.6388432698576629,0.20291128589957064,4
17.243502236635951,1.641734323852603,0.19133882915865918,4
17.254117557083497,1.6434396103919831,0.17440264527063692,4
17.263916489319776,1.6435675703107506,0.20817697374764518,4
17.275579664194268,1.6444638619457912,0.23569921344506725,4
17.288810924055724,1.6438819251274772,0.22041505401316605,4
17.300957362955621,1.6414616222451812,0.22311809879469061,4
17.312541059780699,1.6366660877983108,0.24817931505612653,4
17.325578956811626,1.631717853708988,0.27199540833357561,4
17.339388882212287,1.6251701130782834,0.2367682561586173,4
17.350676421386112,1.6181280184617925,0.26222911852119979,4
17.363144183035303,1.6102750806142296,0.28978923781886479,4
17.377466945689051,1.6025286342408549,0.2818171576937496,4
17.390177263514307,1.5930835831588332,0.28556386309906712,4
17.402747819984221,1.5831109082098784,0.30486345317043434,4
17.416371775861279,1.5727263425018272,0.30668772196642097,4
17.428782239381817,1.5607699951533505,0.34147203519282615,4
17.443437414745247,1.5483851221052056,0.31822531310291541,4
17.455700723603524,1.53537167869613,0.33011646199968936,4
17.468085310549839,1.5215621786698286,0.31316179519283999,4
17.477142213018432,1.5064752063276217,0.36081930453581079,4
17.490164611959329,1.4909356800382518,0.36658789592022345,4
17.50237801599588,1.4743482993219352,0.37224474354258708,4
17.514585875052241,1.4573638144603649,0.36516949152542594,4
17.526666911040376,1.4407782820707773,0.32983050847458073,4
17.53757881451353,1.4257978012027586,0.33863196225459263,4
17.547413290332049,1.4095084264644235,0.37406684048320099,4
17.556815543797434,1.390709603786366,0.33295415554189983,4
17.564787625304469,1.3737842653801771,0.37197625475210844,4
17.574191727096586,1.3551178107505351,0.3920557172586554,4
17.584244730843672,1.3355155381483286,0.36431732169590281,4
17.590326693138259,1.3159687153480384,0.35571455694315995,4
17.597213953683735,1.2972050108778603,0.35358610368688581,4
17.604768599451482,1.2788291689192839,0.38898573943903386,4
17.613624745782626,1.2588464271123989,0.33292914928401585,4
17.620398121546991,1.2414082514531195,0.38024774956409013,4
17.626068193082485,1.2208080292456884,0.42094779754976053,4
17.633034220201189,1.1982038030447058,0.45530485129497866,4
17.641301747883286,1.1739926769954181,0.4126380113506008,4
17.647078310892972,1.1515374537834298,0.36963367503542549,4
17.652889992110538,1.1315972234913509,0.42784662873400042,4
17.659451521777068,1.1084690700768931,0.40528197205705863,4
17.664038620677736,1.086162849853892,0.40007169603078413,4
17.670888914688597,1.0647517844153889,0.41133793651671846,4
17.674542043943426,1.0419290302858357,0.43396501407216331,4
17.680965660581347,1.0184056210528603,0.4470687864930411,4
17.682866583652341,0.99335663834772703,0.44387913510809529,4
17.685565411667294,0.96856130177904376,0.42472171804198039,4
17.686556393339952,0.94471656979677032,0.43896903223474071,4
17.687668653100637,0.92007578119727196,0.43779788053387936,4
17.690770130241035,0.89567200379364653,0.42943933237371823,4
17.697197443532417,0.87241333065750393,0.45255979779823602,4
17.703207321084513,0.84770415396897025,0.45410860591881369,4
17.705102699175317,0.82225806711858862,0.46666491579816932,4
17.710038845726238,0.79650473265656796,0.4790891101525987,4
17.711252051980921,0.76961183890725771,0.48767796610171266,4
17.710869448347683,0.74221165288504753,0.45470101866455592,4
17.710380353240261,0.71666646786740085,0.49972981869985222,4
17.710915084312287,0.68859150331599484,0.46058926479208812,4
17.712407813277647,0.66275385730055358,0.46909089098446943,4
17.714821573601732,0.63650616885274935,0.4555729644533601,4
17.717511159983033,0.61104899204198393,0.50181908964884536,4
17.71724983443783,0.58285274940254439,0.4624893538996972,4
17.715431513866051,0.55692894350695266,0.45880229679437151,4
17.712822681657229,0.53128096366858024,0.47610819335339777,4
17.711655111367147,0.50455370784883602,0.48614476914798127,4
17.712862772641639,0.47726370995427647,0.43222207271017837,4
17.710803744220527,0.45306438534156079,0.47096257393766816,4
17.707920934281219,0.42675826191456423,0.49755369441691527,4
17.706339624905311,0.39884523863926447,0.44801134268174647,4
17.703210562136483,0.37386649234989466,0.49710727766163249,4
17.698985588445709,0.3462551717060407,0.44472237724019947,4
17.696387846197272,0.32140140015816332,0.46316692405693899,4
17.69271822127439,0.29563583888521716,0.4782600400416,4
17.69221064289966,0.26876697338340527,0.52323445622327869,4
17.688890065627035,0.23955429787143778,0.4815850448416138,4
17.685338022138723,0.21272794388442939,0.49636422121607349,4
17.682699616702216,0.18496207527139052,0.46918553970612653,4
17.676384479137738,0.15936584858147462,0.45649188255588041,4
17.671003311219096,0.1342861557981081,0.48223003024322109,4
17.662831324323324,0.10845106958558581,0.48914962588837879,4
17.65610429599975,0.081801443488528136,0.46354425439524238,4
17.650057591185565,0.05646625624198176,0.47377673600122,4
17.643738756967622,0.030605293455231219,0.47411050327867743,4
17.635837051148876,0.0051636147344975569,0.45542674047942439,4
17.629533003544779,-0.019638403664922421,0.44273977771683881,4
17.622052430118778,-0.04336484273643304,0.47834707289667061,4
17.614674651513507,-0.069211018909339117,0.44678935877183007,4
17.609433244950203,-0.09376308782576892,0.49512705242849381,4
17.601382536142467,-0.12039423065552057,0.45074715495696621,4
17.592841170002405,-0.14423825116160316,0.51333919234798209,4
17.583062283258329,-0.17137483793752306,0.46945163692753328,4
17.577274769560788,-0.19711082598277851,0.47513376244477062,4
17.567264416601027,-0.22186109123374287,0.47965067066755884,4
17.561204773499728,-0.24812285481920249,0.44763331842272153,4
17.551086080739054,-0.2711504871140189,0.46564688596333764,4
17.542268888541777,-0.2957850192571394,0.45376012630726681,4
17.535306697349057,-0.32031305992607351,0.48296610169491033,4
17.523842144183451,-0.34491062553458196,0.43657909274600892,4
17.515839491870707,-0.36810019910550551,0.45843922449000862,4
17.504527638347554,-0.391243564508164,0.39462391850760958,4
17.496164848424172,-0.41178023213056481,0.46717012858634077,4
17.487873431767099,-0.43668689367744129,0.47163973958190725,4
17.478787806819525,-0.46158246526393398,0.46854628979672103,4
17.47207741343653,-0.48704077892524289,0.41572691810796458,4
17.464223764112777,-0.50904088838714934,0.43303674559942612,4
17.456882952042118,-0.53223970359172501,0.40632147394593621,4
17.451410079263134,-0.55440545098319749,0.46169058585789641,4
17.444705230860325,-0.57946666049925799,0.46380162105619333,4
17.435099375352742,-0.60369299853674629,0.4436727654908233,4
17.427881689696846,-0.62755550231013668,0.45435299342188173,4
17.421842378189581,-0.65236121736301644,0.45954569824891817,4
17.414611754246572,-0.67715029747532007,0.42173818685012499,4
17.408203063495016,-0.69996494682176191,0.39776201888987972,4
17.402077592107602,-0.72145961233749922,0.42401543932905683,4
17.395667053029317,-0.74440662973235572,0.44632325714748317,4
17.388842774865211,-0.76853941458277042,0.41163468797694536,4
17.382178589650476,-0.79068852703366854,0.44693840863017176,4
17.376277191171823,-0.8150989862680289,0.43785492797144104,4
17.369327938266217,-0.8387004505980471,0.39783875911399591,4
17.361884331374831,-0.8597795287012282,0.42010307657048229,4
17.356400368635462,-0.88273948438320105,0.45880229679439288,4
17.351017352390091,-0.907951545214984,0.41492507812121388,4
17.346329446267951,-0.93079022280892243,0.41325629666552199,4
17.344417572509098,-0.95393245136103832,0.41288005934782979,4
17.340391506629039,-0.97678037058863065,0.43512734831335254,4
17.337933525735945,-1.0011065182695704,0.41912424565399814,4
17.333374291008759,-1.0242117802870734,0.4648535436098265,4
17.328250465880028,-1.0498246419175672,0.44291525423728434,4
17.327902980454674,-1.0747098350198634,0.44619266144037456,4
17.323586301903557,-1.0994072102718251,0.42987209504483942,4
17.321529121809171,-1.1234741668361234,0.43630566843831864,4
17.318409300673991,-1.147791072883412,0.390125585080559,4
17.316251174085611,-1.1696059242979011,0.43607662321627361,4
17.315115025349947,-1.1940829232945642,0.42448642237509654,4
17.31372338215111,-1.2178943853956827,0.41296071048664634,4
17.312076244489084,-1.2410403106012602,0.44237606921378275,4
17.309480350567384,-1.2657617141007194,0.42878613330932014,4
17.309276323150826,-1.2898545472392469,0.43615934786592503,4
17.308007806366749,-1.3143296979091801,0.45530485129499343,4
17.306327398823576,-1.3398582479862533,0.40993220338982295,4
17.306005789972453,-1.3628902884107186,0.42985272692936033,4
17.30871570794779,-1.3868914166889033,0.38437089854360973,4
17.307487854351784,-1.4084544702936732,0.4410692689037396,4
17.308333529688909,-1.4332239302881291,0.39715455106515818,4
17.311069324238474,-1.4553719058884829,0.38638006400930708,4
17.310633830606236,-1.4770784175020539,0.33248706195277494,4
17.309579008246722,-1.4957312223683932,0.38177734155317594,4
17.314052222366278,-1.5167119137804965,0.36710988024971264,4
17.315883620497701,-1.5372585345127394,0.32481974715423617,4
17.319340401744725,-1.5551799741974195,0.30987450082664497,4
17.321747480238077,-1.5724247870261729,0.32757625540102292,4
17.323742667972333,-1.5907229992620664,0.26294778745142167,4
17.326718033520692,-1.6051954763809952,0.29359490624742979,4
17.331395700431159,-1.6210156622315885,0.22871964488252164,4
17.335329063872852,-1.6332508208145526,0.21605324149386732,4
17.340338006642455,-1.6443094535756133,0.19960182858418174,4
17.345894904873028,-1.6540517991594328,0.20191039977546291,4
17.353321590722008,-1.6626287088817318,0.15340719070223346,4
17.359057065169264,-1.6690637015818695,0.1234562426043149,4
17.364154727621933,-1.6737686680189388,0.14788049633084593,4
17.371243455781045,-1.6781042552117187,0.14693917233914566,4
17.379293878486951,-1.6799377877717001,0.14526762788582046,4
17.387351694499777,-1.6812418481380158,0.14174804372559779,4
17.395058614535625,-1.6792311623137275,0.13295892862871089,4
17.402484163534062,-1.6784080922717264,0.21911436085132643,4
17.414314824664853,-1.6749986560435062,0.18017876229795635,4
17.423380543392746,-1.6704914605666099,0.21778041554246441,4
17.433926338900715,-1.6642838120543386,0.25308458457998606,4
17.446465048441855,-1.6575744162493597,0.27439278499925041,4
17.459941424282295,-1.6500837504409969,0.29982419247737524,4
17.474620202518864,-1.6418155112827097,0.30776266565981514,4
17.489181399320863,-1.6324864794103604,0.30164213640416265,4
17.501654280575892,-1.6210099855356574,0.32090010625725046,4
17.516103440923509,-1.6102230568039966,0.31764047599574952,4
17.529898154335967,-1.598897414245017,0.3153870874627564,4
17.543299460256641,-1.5873014906090113,0.43026572430023691,4
17.561396490980727,-1.5712697447624189,0.34332003406652722,4
17.574829218455822,-1.5574235643033338,0.3315509006362829,4
17.587987968200427,-1.5442355274328703,0.36982883142126144,4
17.602885985841752,-1.529747838325739,0.39817345246466734,4
17.61742201754571,-1.5127396113185041,0.38755621808651763,4
17.630114138205492,-1.4950436674949588,0.35515238423793005,4
17.640677280130223,-1.4781123587342213,0.38562515494504379,4
17.653367552463273,-1.4605487829590933,0.41294054917868844,4
17.665427406108662,-1.4407257087272285,0.41440974696521826,4
17.676963332540577,-1.4204981370431948,0.34345742512389904,4
17.683439699904973,-1.4023182177180615,0.40594564572059899,4
17.69312801863925,-1.3816676653145485,0.37988265322491366,4
17.703976228254852,-1.3632840046746919,0.34053612571330633,4
17.709923123425586,-1.3450966920426346,0.33873848508178084,4
17.717712081313763,-1.3277294642753059,0.38582660845217631,4
17.728302948139458,-1.308812634788322,0.33392793897577733,4
17.735034809967036,-1.2912982523587324,0.36705695915095149,4
17.742847796102712,-1.2722102399619875,0.34238917606800956,4
17.748268915733242,-1.2537507979261759,0.39734317494898697,4
17.756370666213247,-1.2329456975534798,0.39321489512595692,4
17.76077720129798,-1.2112946357418277,0.37833806619186194,4
17.766623149974716,-1.1908552179599612,0.37702276823539305,4
17.771016746772332,-1.1701307324872241,0.36038832833359263,4
17.775265037234419,-1.1503309750266713,0.35739576941452905,4
17.783859293373482,-1.1321806289292278,0.40912578971137981,4
17.790916886080002,-1.110301797555354,0.38514267774130845,4
17.796240755869995,-1.0893255142728995,0.41352482802799895,4
17.801191549762237,-1.0666229013808364,0.3865452282002777,4
17.804932547951424,-1.0452273340323659,0.41085863559499264,4
17.808164405540982,-1.0223683248443889,0.39327135298838078,4
17.813230932541064,-1.0008588727148053,0.42173818685010855,4
17.816074927619024,-0.9773324783045565,0.41029085226584477,4
17.819042049111751,-0.95446977246311882,0.42574634839817527,4
17.824794444601412,-0.93124877733777467,0.38049581497190971,4
17.828002273943472,-0.91011055277921393,0.36291298439575942,4
17.831592420816936,-0.8900368175881761,0.44751550794105704,4
17.834456747488936,-0.86505437464534474,0.45315423531973992,4
17.841286570633237,-0.84052448564968163,0.43441243375040245,4
17.843215079332666,-0.81619094466181874,0.43423991220314861,4
17.846465420189528,-0.79200825498967831,0.4191242456540003,4
17.851024654916714,-0.76890299297217446,0.37096021006169361,4
17.852903258794417,-0.7481433892915561,0.47034344080952156,4
17.855388964588471,-0.72183172088436898,0.42250739281533717,4
17.857175863605832,-0.69815817181185746,0.44772630480055775,4
17.858056517878314,-0.67301563591964975,0.44386663058988263,4
17.862371348102702,-0.64845062871610537,0.45778496869591717,4
17.864185972021023,-0.62279155891734739,0.42318995770752632,4
17.86650234323205,-0.59912540315175811,0.39815951252548903,4
17.866947078497937,-0.57675705129610577,0.46027584031890373,4
17.868895918791402,-0.55096746177566214,0.46685517772259472,4
17.868202943096733,-0.52474380157535538,0.45943094243280763,4
17.868828102906036,-0.49893572878760395,0.45236352334562013,4
17.868918245541479,-0.47351736683818046,0.46176872185640805,4
17.869148149532265,-0.44757138102182381,0.48247742950308609,4
17.867142583313811,-0.42053502926371156,0.4624893538996972,4
17.86604880682043,-0.3945705601800471,0.46441154828679426,4
17.867339503525276,-0.36850699292911582,0.46027584031888041,4
17.866111510656747,-0.34267304356713879,0.46191293820594576,4
17.865811942453863,-0.31671966444385724,0.41753872124667729,4
17.867330408720932,-0.29330715481471703,0.46076396660498037,4
17.865705311707153,-0.26746766047254678,0.42618286108551029,4
17.863655385647167,-0.24360814187643065,0.44154091680422025,4
17.860954709305481,-0.21894517335616293,0.47952915148547393,4
17.858018870094654,-0.19216061940777074,0.47681297400596917,4
17.854285125939864,-0.16562971159582762,0.45585918386987484,4
17.851463171510147,-0.14017068645833231,0.4877746976857234,4
17.848003405085844,-0.11298163505776682,0.46135986405376184,4
17.845981203926819,-0.087136595735405109,0.46484160331616081,4
17.840910841000749,-0.0615137809950701,0.42831987827669316,4
17.836342225367389,-0.037883880287907346,0.47358925478360081,4
17.831411623796662,-0.011733441680637391,0.4368904606806121,4
17.827778826135869,0.012545360981493836,0.46804849181717789,4
17.823109264008512,0.038427366838469368,0.43087159649138546,4
17.817878808133067,0.062066509179286911,0.41861408387785543,4
17.813435167241202,0.085165089366054048,0.45331955862834888,4
17.80476683876039,0.10911702429870029,0.40758308018217332,4
17.800181588186454,0.13155561257011605,0.41255057022901681,4
17.794936345697167,0.15413581052360303,0.44312197664085984,4
17.790114083927357,0.17856361617472594,0.44234470103113016,4
17.784892869685567,0.20286459875762564,0.43462320041961755,4
17.778336884999227,0.22638985631733188,0.39806191928252987,4
17.772282647605596,0.24792219984386943,0.41204573988240245,4
17.764910274707994,0.26987013078296318,0.4122881355932399,4
17.758734759226328,0.29219853092673098,0.41142563536184978,4
17.753222932313477,0.31465005748525954,0.44571970953244239,4
17.747207509781187,0.33896213002854392,0.40017573416332275,4
17.742749082275477,0.3610017658279796,0.43899431992603782,4
17.734600984354678,0.38428446721162146,0.44571970953241302,4
17.728585561822392,0.40859653975490406,0.37287046555746406,4
17.724636274916307,0.42917273371483589,0.39826405017618016,4
17.719512310515054,0.45095687505109261,0.41861408387788146,4
17.715068669623186,0.47405545523786063,0.37116214609760068,4
17.708194347364827,0.49374573604695104,0.42878613330932308,4
17.70189940212186,0.51700256085636376,0.40205762213136892,4
17.698238879560108,0.53929584279224851,0.39788061117959606,4
17.691785689694498,0.56070136325056108,0.38369883881550115,4
17.685054825444936,0.58118400402342019,0.41116248270920097,4
17.682330120855752,0.6041261879142743,0.348845069898223,4
17.678627086779201,0.62337500473658025,0.38169737219609562,4
17.673622552139246,0.64423072140719118,0.36683763326743996,4
17.670862729342183,0.66465791237812955,0.33504801844282428,4
17.667812293874054,0.68323564732470121,0.39216895861345991,4
17.665205170719442,0.7051170385014931,0.36649704014720297,4
17.662577715970794,0.72554238114570335,0.36644403054331526,4
17.658490516036103,0.74572331928711666,0.35515238423791684,4
17.656782244319452,0.76560625145054573,0.36919043750334612,4
17.653228213231884,0.78604453238186878,0.35443275484575903,4
17.649927828280774,0.80568490836923257,0.37107988912600282,4
17.646508013568354,0.82625370902224393,0.4147511417991237,4
17.646303846879277,0.8495578788504643,0.33900055251429101,4
17.644450268827089,0.86851608300170913,0.33554463139091695,4
17.643256682690257,0.88733267747088451,0.39524229747645384,4
17.641447464479604,0.90946771478412725,0.38018935771029383,4
17.640288996550652,0.93079930217321394,0.34628997891545932,4
17.642809109076403,0.95009361568759676,0.34661039534201527,4
17.643875021396301,0.96954062884443459,0.39346889171141713,4
17.644448428057146,0.99164239627652506,0.38401694915253437,4
17.644749705314233,1.0132183881684078,0.36085775952367527,4
17.649130363824735,1.033016297302229,0.39389185538348959,4
17.648380090001417,1.0551365480016273,0.31418809380343526,4
17.651139062049772,1.0725740121847167,0.31847811852515318,4
17.652315162497317,1.0904307604338257,0.3255366386926235,4
17.653496807925059,1.1086846128281849,0.35142106961601843,4
17.654698784946834,1.1283945137551257,0.40134603350425035,4
17.65646904902362,1.1508767503918875,0.35070961019173363,4
17.65886049015441,1.1704376483298375,0.37725824192106944,4
17.661669367024494,1.1914490498201751,0.39873761045072209,4
17.666344334859517,1.2133611510751976,0.34705848136268935,4
17.670053911494286,1.2325064616005896,0.36113451455674755,4
17.67509456192014,1.2521627610523431,0.39277000586406308,4
17.680028720871803,1.2736740615086575,0.37056349708519098,4
17.684549140737644,1.2939995945094118,0.35023450099616038,4
17.690635797263717,1.3127145310084032,0.3828879108238995,4
17.696485442593914,1.3334186848871035,0.38577625493787804,4
17.702469304299257,1.3542533584874903,0.3653594366574166,4
17.710017554338101,1.373345067537695,0.37215526880124467,4
17.715990326083066,1.3933855328475815,0.36880687073318991,4
17.724068048315573,1.4124698485908631,0.32427248030373329,4
17.729474381332256,1.4298703462393441,0.33900055251430761,4
17.735551796224676,1.4479234424962542,0.33014168130189503,4
17.741226561991652,1.4655849795881046,0.33618087650755535,4
17.749539447093305,1.4825477099032653,0.34985394908986073,4
17.758258677973863,1.5001667354803097,0.31077773139948078,4
17.764444432667197,1.5164971987810745,0.31965233960219663,4
17.770637580667458,1.533357134275505,0.32729656178531819,4
17.780125143264286,1.5491119172143364,0.25374166379382423,4
17.787707800034823,1.5611862713717422,0.28820475989370858,4
17.79663446888356,1.5746981907944182,0.27487782823263562,4
17.807642059972352,1.5855331760210731,0.26424276747125691,4
17.819158791660772,1.5949047194082269,0.25689385501305978,4
17.830015531433844,1.6044178724774483,0.27195459269585015,4
17.842581965875944,1.613112789008678,0.24219166391180613,4
17.853550742103391,1.6211680452185888,0.23074909736568339,4
17.865278608413455,1.6266972185482018,0.27124955621461427,4
17.879901936848107,1.6309944162539942,0.21236085902097523,4
17.891335493833651,1.6344093974624059,0.2374938587633276,4
17.904475048834762,1.6367414060359877,0.23290388771665604,4
17.917471145827076,1.6382810546458018,0.24502827548789372,4
17.931235574535659,1.6379564606174029,0.22091811310415488,4
17.943523623117621,1.6361961496504556,0.21656643281424623,4
17.955545087276022,1.6343071672885578,0.20667850818474579,4
17.966067991387039,1.6293940514071181,0.24371090962268765,4
17.97911697837835,1.6252400256082922,0.32228084777634219,4
17.996662782362364,1.6207584206037957,0.22970036938474894,4
18.008643583332688,1.6159573411767312,0.2957609926617038,4
18.023909557265931,1.6093892689519897,0.30712176542731984,4
18.038747005499502,1.6005764848843604,0.35220201505416315,4
18.055141448759649,1.5894912640728833,0.32348416214710202,4
18.069954868745725,1.5789576953758413,0.31566854177719383,4
18.084779378692179,1.5692183349692961,0.33657688827911825,4
18.098230303332748,1.5559235205228106,0.30326622328124692,4
18.110376030756456,1.543970869827799,0.35311486477868692,4
18.127717381949555,1.5343287592617898,0.34487661008685594,4
18.141427497706761,1.5206331440165961,0.33665933209864646,4
18.154207340471594,1.506685730961685,0.32519545886958767,4
18.166329039647799,1.4930122956372571,0.3132061015547723,4
18.178732109861418,1.4805264760951182,0.33041056741927766,4
18.190044814133287,1.4658051863437436,0.34199989458229763,4
18.202684895542777,1.4513301494218958,0.36620160320691597,4
18.215701749503481,1.4353935189872757,0.3779270683652613,4
18.228439080753507,1.4184016408187823,0.36687545742935196,4
18.23891506522007,1.4006469759142135,0.3866672607368406,4
18.249773367218037,1.3818278216421191,0.34768962077258386,4
18.258265679285085,1.3642332496869223,0.35191034937321725,4
18.266754294698671,1.3463739416348979,0.37495606560599748,4
18.274557041622675,1.3268030905871058,0.41787091854739206,4
18.285920787566809,1.3062557583786791,0.37027130475734132,4
18.292263789304773,1.2864405028280927,0.4014290019519578,4
18.302175183369787,1.266178238310534,0.36560242242649355,4
18.311051661294968,1.2476515450362307,0.37485243136877189,4
18.316061740915114,1.2271929325108708,0.39289716848597417,4
18.324248653697254,1.2066899601439758,0.35389991435765444,4
18.330472225673915,1.1878031292590379,0.35830313246108569,4
18.337756590364638,1.1690338798086692,0.42933592154026712,4
18.345779713543941,1.1462824989454248,0.39378615705636477,4
18.350376054078261,1.1246381189645085,0.36894981476404443,4
18.356055367247407,1.1046997369991622,0.38995482063608827,4
18.361850413524401,1.0835681942713329,0.4209214256792011,4
18.366292206089536,1.0603372460361484,0.42548553032093228,4
18.369138188766751,1.0365990055280676,0.4323633070716224,4
18.37569602177982,1.0132061160167751,0.46871210497021776,4
18.383154554557578,0.9879471355405407,0.36098078795581118,4
18.386317026480082,0.9679115037346584,0.43851360442948661,4
18.391142984903354,0.94374843418036658,0.38514267774133187,4
18.395879086793013,0.92263167806638346,0.46178675136315978,4
18.399226816762933,0.89690052352513394,0.46388538404008933,4
18.404032443592172,0.8712814054382596,0.44812902281139189,4
18.404872573949099,0.8461148412985553,0.41830238063295011,4
18.406398572795617,0.82265982015461159,0.41723951753842453,4
18.406865627254795,0.79921958562451234,0.42674250656112556,4
18.40745765645547,0.77524803057401659,0.45484747594299341,4
18.407762769638545,0.74969175559598611,0.44125798855961407,4
18.410331077931815,0.72503063540244916,0.42930360054642663,4
18.411185994902588,0.70092301565007542,0.4470687864930411,4
18.413086917973583,0.67587403294494308,0.46968213257404368,4
18.414307517535192,0.64951061138929678,0.48131412387067224,4
18.416976772322457,0.62259738604595061,0.44557648039936759,4
18.415700862231454,0.59759276318235255,0.42648229769146706,4
18.415763419238463,0.57362860143877814,0.40825660862862123,4
18.416767339198234,0.55071044579542328,0.461762711864388,4
18.416405067159033,0.52476630830579563,0.44772630480053394,4
18.415524412886551,0.49962377241358968,0.46968213257404368,4
18.413568179286163,0.47330471069947855,0.45606612424200871,4
18.411225931500908,0.44778540225605923,0.4337027396273086,4
18.408240326740877,0.42359901593045812,0.45880229679441953,4
18.405631494532059,0.39795103609208127,0.43883624794864051,4
18.403964025275997,0.37334906235392396,0.47053811329010387,4
18.401345951433527,0.34703924227346672,0.48626463506760348,4
18.397790211291756,0.31994815218962636,0.44025054891523085,4
18.395063797648369,0.29536096506531351,0.4848242881164192,4
18.392302265797095,0.26825878502108935,0.46311299462598071,4
18.389954473031651,0.24234237243241985,0.43263280827614986,4
18.385516516392499,0.21844105379768664,0.46236332437062011,4
18.383830563869132,0.1925153995753659,0.43477642109496178,4
18.3787307669879,0.16862332257428569,0.43432298668765618,4
18.373763338155083,0.14472939724647738,0.46714636611795984,4
18.367977672784271,0.11912577724963569,0.43572009133051792,4
18.362613139806204,0.095237396902018823,0.44359769819025857,4
18.359355405642418,0.070525235036211775,0.41373952763191674,4
18.353744619834824,0.047964231826219894,0.42186977443113094,4
18.349051168732494,0.024728450087031284,0.41537296296526632,4
18.344230894561935,0.001891620819822748,0.45488408289476462,4
18.338059215006258,-0.022912245906326234,0.40016186397514231,4
18.333647134941334,-0.044960411863227634,0.45403526401698835,4
18.326157319881684,-0.069348691176821298,0.44725497465403785,4
18.318673049802221,-0.093339866345166556,0.45843317084875634,4
18.312762409689913,-0.11841216582161085,0.47368886341960503,4
18.305915951605037,-0.14413336725302006,0.47965067066760597,4
18.299856308503738,-0.17039513083848234,0.49992970175162782,4
18.290879023357085,-0.19701333538111943,0.45856028053236725,4
18.283385511643971,-0.22166635079154595,0.46714636611796229,4
18.277599846273155,-0.24726997078838675,0.43760132687982889,4
18.268674314274961,-0.27018186997536375,0.46181679897692562,4
18.261441842005219,-0.29510331813608381,0.41255057022898767,4
18.255568168427523,-0.31752825664419859,0.44454761404694981,4
18.249140994408663,-0.34166658647480386,0.41791076447841985,4
18.244978863826731,-0.36477739347249916,0.37772140174981728,4
18.237947147694438,-0.38480307216854115,0.4857849939299051,4
18.230431456060558,-0.41104450415996485,0.44581932005065694,4
18.220577499396711,-0.43407583310824283,0.42574634839816805,4
18.211793577080584,-0.45632774037986756,0.40912578971136471,4
18.204735984374064,-0.4782065717537396,0.4165805129354257,4
18.198463358324389,-0.50075833333007935,0.40055004769280389,4
18.192731294428761,-0.52252327992284275,0.43293419404638755,4
18.187500977825842,-0.54628114054877397,0.44402291175668812,4
18.182393787637686,-0.57070268974351812,0.39635714948191264,4
18.175214916843132,-0.59178546450016256,0.38782107677351135,4
18.171869174472466,-0.6133189448772427,0.40757627118643841,4
18.164681062044259,-0.63506355987596841,0.41603388035193806,4
18.159068427909936,-0.65775693113437672,0.42226429113931868,4
18.153054992976898,-0.68070949350942644,0.40227844193224699,4
18.150622888658031,-0.70318248851253706,0.44447893827809054,4
18.14538333042146,-0.72760218938055043,0.38452970861984875,4
18.138741325127494,-0.74816288525045138,0.43622933339339764,4
18.131661552500205,-0.77163013320532148,0.405672097410751,4
18.126981039684988,-0.79393933860559507,0.42182372344704172,4
18.123079948546426,-0.81731857835358213,0.38654522820030335,4
18.119338950357239,-0.83871414570205527,0.36098078795578747,4
18.115618283762089,-0.858653664517945,0.42460408650726061,4
18.112507704260562,-0.88230873032315138,0.40855559819565485,4
18.11059952715517,-0.90518622277843352,0.4725274138623986,4
18.105997780913182,-0.93133594990951529,0.40565841515312656,4
18.104620924328184,-0.95408846762330324,0.38404585520821333,4
18.104054910974263,-0.97566076286172621,0.3892353658984094,4
18.101104424422111,-0.99733215626741512,0.42433602628134015,4
18.098126212969003,-1.0209890703993514,0.44246388829451866,4
18.094340854938281,-1.0455614709098189,0.38447918525640123,4
18.095098522068525,-1.0671522494155479,0.42430332442426649,4
18.093971614966517,-1.0909674081701288,0.4423760692137948,4
18.091375721044813,-1.115688811669588,0.4225073928153612,4
18.092500919092615,-1.139403023930174,0.38192269748516527,4
18.091407281871756,-1.1608355578132574,0.39849393647681752,4
18.090168338315365,-1.1831928197085269,0.39114860618083963,4
18.090258620223338,-1.205171460725853,0.39590878152222164,4
18.090477573526258,-1.2274166861667419,0.39429325061507997,4
18.088712854429666,-1.2495018186582554,0.38907847653403344,4
18.08933445685803,-1.2713554849340873,0.38609984151577181,4
18.091283436424021,-1.2929628983803934,0.38884302379750241,4
18.091507934707135,-1.3148110196760321,0.39202032262688397,4
18.096238491616603,-1.3363248799352645,0.40872538119216884,4
18.097639515721621,-1.3592485805588117,0.37625646100364701,4
18.099331152497701,-1.3803228251579887,0.37485243136876883,4
18.104341232117847,-1.4007814376833494,0.37339853194659839,4
18.10775919850353,-1.4214826063847763,0.37748621698062013,4
18.111704788756153,-1.4423235364415419,0.40198859106753138,4
18.116028999886716,-1.4644936919626632,0.38082388837330117,4
18.118777732723398,-1.4857150912241028,0.35762088596063163,4
18.122341005444618,-1.5054915319133446,0.32915669672184494,4
18.126325410558579,-1.5235527329533642,0.32158258830839853,4
18.129519304035504,-1.5413381079361663,0.30497267103393327,4
18.135384586728257,-1.5574396648241686,0.38230762342821833,4
18.139990168896233,-1.5784222045630019,0.29973161699968159,4
18.145726780194028,-1.5942571770274396,0.2593024219902062,4
18.149900851485061,-1.6082168168932789,0.2045323678895484,4
18.154520083416337,-1.6187404324804824,0.2694943422728806,4
18.162148662253308,-1.6318215525024016,0.24371090962269185,4
18.168733083316791,-1.6438289415231457,0.25155575734217939,4
18.178654430491648,-1.6538970179859076,0.16870843503767013,4
18.186254147577117,-1.6595636789697741,0.23089337568158261,4
18.197550928384594,-1.6659439333441819,0.19993523944336181,4
18.207950706080847,-1.6701933606568105,0.18859233609289314,4
18.21824214397618,-1.6727201550132937,0.20289760848486157,4
18.229325941835285,-1.6753904073785781,0.18941460492688267,4
18.239930172322445,-1.6744793291296958,0.24169843639719679,4
18.25345204485496,-1.6732118099236359,0.24765319065985666,4
18.267124768703198,-1.6706224585601435,0.23333245789908344,4
18.28000143593421,-1.6681543852846836,0.27884724385671394,4
18.295275514650562,-1.6646606375030419,0.26995734711563707,4
18.309514677227078,-1.6594313184781422,0.30253325248561669,4
18.325610689134887,-1.6539631399306378,0.30193640354214163,4
18.34003397290828,-1.6450293638768079,0.32020750283552585,4
18.355001515489182,-1.6350440367425687,0.34666643776832851,4
18.371820362421182,-1.6252169542309733,0.29440669964773225,4
18.384675561207612,-1.6148049497237942,0.3567506852439189,4
18.399558792235091,-1.6013762050039952,0.36236197958899463,4
18.415100166851197,-1.5882214380146831,0.38671749823551865,4
18.431191345255002,-1.5736180157997115,0.39484889563961251,4
18.447291765292459,-1.5583527533426578,0.37284069308331186,4
18.461016953765341,-1.5425247488107869,0.40336696773267799,4
18.477779214044883,-1.5272687279873871,0.39998844604111533,4
18.49231709407557,-1.5101281329317349,0.37977305588074456,4
18.506180195577063,-1.4939048725813455,0.36846809788014567,4
18.518853832969537,-1.4775326092419636,0.36462189669512263,4
18.530606439003286,-1.4607503034702196,0.41467083888925116,4
18.544635178434348,-1.4421462665750644,0.38192996382962108,4
18.555485236376683,-1.4236302378867913,0.3826268904029243,4
18.566861069859222,-1.4053863386022725,0.36891220328376501,4
18.575859823450454,-1.3867120652913547,0.4006816674382413,4
18.586989404103466,-1.3671407888692109,0.42460408650724873,4
18.598008796628825,-1.3459792475393391,0.41534623712796087,4
18.609414203339057,-1.3256174594801564,0.40095169891947158,4
18.617387282424108,-1.3045457746838975,0.38204620654529592,4
18.626134238205623,-1.2849412283806023,0.40432217173670509,4
18.635294933072963,-1.2641509146217516,0.39585269981906301,4
18.639043324569073,-1.2422258750796127,0.44683283678302932,4
18.645472346914662,-1.217955177200591,0.37215526880125627,4
18.651445118659623,-1.1979147118907028,0.43071698673942466,4
18.656013595020461,-1.1741476096311185,0.43432298668767028,4
18.660981023853278,-1.1502536843033093,0.37896105042113515,4
18.66590409284456,-1.1295365921374936,0.35872887762415345,4
18.667376350943361,-1.1094332837187659,0.42782068212378188,4
18.670885882916867,-1.0856513948453363,0.41352482802797536,4
18.675836676809109,-1.0629487819532759,0.38782107677351307,4
18.679182419179774,-1.0414153015761949,0.42255993695096944,4
18.683348246415171,-1.0180397584816676,0.38400972229865543,4
18.686030300217027,-0.99662940451934912,0.41290694481110379,4
18.689131638084898,-0.97363617895622756,0.41647390925818456,4
18.692764296473168,-0.95051797865161003,0.42500912473096064,4
18.694685411865677,-0.92671390985741287,0.42916782579151541,4
18.698724416032846,-0.90293941429090552,0.43949976820368447,4
18.702243189640008,-0.878495685175392,0.4268400439910201,4
18.703636681165577,-0.85455185502585618,0.42553770672510521,4
18.705954900703333,-0.83075333121185224,0.45295209155292782,4
18.707633459919776,-0.80535714918319634,0.41056808269942263,4
18.710732949460919,-0.78249629166848766,0.42894143902807425,4
18.710407504683808,-0.75839606522303793,0.41349798273920352,4
18.71377357864851,-0.73540653631337616,0.42752218292351651,4
18.715828910416167,-0.71147194779749334,0.45273146814252041,4
18.71512484476111,-0.68604249588768607,0.45543283408230789,4
18.716937620352702,-0.66051579413734451,0.45013720848610111,4
18.716628810516163,-0.63522425525614601,0.46706912974640469,4
18.715671098724663,-0.60899689840237947,0.4835403778807878,4
18.714726325220273,-0.58184296520969614,0.47356581441261214,4
18.714833102796291,-0.55523329082452477,0.45087027627996351,4
18.716774549782837,-0.52997317349774598,0.49959651890366513,4
18.716504554807642,-0.50190190559980152,0.42942640738140181,4
18.71551726978845,-0.47779243752069789,0.45712977651521164,4
18.713226635879128,-0.45220843764170748,0.42339320166657757,4
18.711439597589244,-0.42848498374746846,0.44479725473153969,4
18.708343665429041,-0.40368410219859285,0.45726938685793195,4
18.70790803252428,-0.37799361084541427,0.47952915148547393,4
18.704972193313452,-0.35120905689702209,0.49302068094699869,4
18.70231218015984,-0.3236339913115911,0.4717985854150471,4
18.698707107400008,-0.2973696679232134,0.46521160991470395,4
18.695892546277211,-0.27138117059205058,0.45712977651521164,4
18.693601912367889,-0.24579717071305929,0.48066790945945842,4
18.688013167208538,-0.21937275437530523,0.46378965368068847,4
18.684799653613762,-0.19351108011236651,0.43426547527562059,4
18.679306309968219,-0.16973587306967275,0.52766570445898753,4
18.674153483815459,-0.14053727269536154,0.45712977651518893,4
18.671862849906141,-0.11495327281637291,0.46845743609646751,4
18.668653032964826,-0.088826862456600431,0.44591890831760772,4
18.66370025147333,-0.064264840430330317,0.47485916084371954,4
18.657309904716556,-0.038358806325855532,0.49267719292864437,4
18.651598033142445,-0.011270701419287654,0.4525597977982157,4
18.645588155590346,0.013438475269244243,0.47454931309631848,4
18.641056506491601,0.039715736944738289,0.43331863722603914,4
18.634765257902096,0.063237297850984753,0.48127952723765638,4
18.62665227818918,0.089034992154537029,0.469705766757749,4
18.620390602827364,0.11467444183544728,0.48763243871660078,4
18.616134779785831,0.14174221514797747,0.45298885167459485,4
18.608663308720963,0.16607461928529865,0.52156103666489417,4
18.600184646417219,0.19412811539212438,0.49530638131971816,4
18.595005943690232,0.221473563088602,0.48833763621140308,4
18.587696413901469,0.2479220076738553,0.46484160331611374,4
18.582626050975399,0.27354482241418765,0.47163973958192601,4
18.574239093532,0.29868437312912199,0.46497292968251219,4
18.565846591108404,0.32342681969880616,0.4799861352493513,4
18.559858893477074,0.34972441296833701,0.47908911015261213,4
18.55134511296545,0.37526291615524965,0.48170028414568533,4
18.54496031118887,0.40156605440497106,0.49656545902743099,4
18.53832186327584,0.42866709759865351,0.48136024884670275,4
18.530607836034907,0.45459161497043166,0.44671481519333345,4
18.521933962573904,0.4781464457578295,0.43597478671472051,4
18.515113241790733,0.5016753999709973,0.41228813559322014,4
18.508937726309068,0.52400380011476422,0.44690736067572895,4
18.498666194633415,0.54691897058084571,0.45691117033966144,4
18.488802857063398,0.57062280435723522,0.45831208123231987,4
18.482531940067929,0.59560041379606155,0.42878613330932636,4
18.476236994824959,0.61885723860547426,0.4398090684170427,4
18.469552338743668,0.64264908058874415,0.4080934310814463,4
18.46377207908052,0.66483956770390407,0.42081592167008264,4
18.460922399749848,0.68831307211515291,0.45695975852751614,4
18.453985945858832,0.71303518709079938,0.4283976226889708,4
18.446893095671903,0.7360383657637648,0.42991728392106654,4
18.443254753030921,0.75992006428064673,0.41806347203204536,4
18.435621340689945,0.78213642797003224,0.44969309142157604,4
18.429741982859532,0.80671138828341871,0.385625154945061,4
18.420216602979384,0.8261738995302883,0.44076085302628643,4
18.413798531321653,0.85009441290851395,0.43224133465873332,4
18.4101620370074,0.87410847947381587,0.4319780136871485,4
18.404666845035123,0.89775131846809142,0.40448000956594243,4
18.401804227417333,0.92029824654042702,0.3770227682353835,4
18.397991005213129,0.94113732827046004,0.37772874891436875,4
18.3928504058713,0.96173015717096888,0.40415740567350805,4
18.390120156301922,0.9842752369165737,0.37672821915276183,4
18.388163783429011,1.0053531781692122,0.38177734155319032,4
18.383690569309454,1.0263338695813182,0.38315599651749044,4
18.380943684799504,1.0476876368911725,0.3892353658984557,4
18.378599449414992,1.0694329633660864,0.35519145275838454,4
18.375830384984276,1.0891983140949435,0.36687545742934374,4
18.372274505569983,1.109504226977851,0.37725824192106944,4
18.370053396600234,1.1305858648839511,0.38141370937088392,4
18.368100720380784,1.1519285422334242,0.34242159621545354,4
18.367045047272558,1.1711403925211172,0.39337718964055368,4
18.364969244638342,1.1931467584394007,0.34683451071435106,4
18.364182004280412,1.2126196481704703,0.37695651475862513,4
18.364345368508893,1.2338003842438354,0.40057083263302545,4
18.364262479907847,1.2563084974548246,0.36994887648859642,4
18.364155563059303,1.2770958260364011,0.37250558878255702,4
18.365241806973238,1.2979988877258215,0.37048859794403771,4
18.364340681834197,1.3187973062677827,0.35810944460838712,4
18.364489259448831,1.3389190979538164,0.35103389830508497,4
18.364764660131694,1.3586419371678709,0.33985904187242383,4
18.367543963774082,1.3775354498835455,0.31759678825212084,4
18.37070188829442,1.3950997371348635,0.41245638213587182,4
18.371687185714357,1.4182549039740913,0.31930487242020572,4
18.373525126403987,1.4361024105895481,0.36710988024972213,4
18.375929505821894,1.4565898848664105,0.31715082951832929,4
18.380275046124513,1.4738728010803186,0.36138802048516955,4
18.384128080768082,1.4938104715694784,0.33977737443356265,4
18.390733119527436,1.5117238064710499,0.29607985230817546,4
18.392684944998177,1.5282457842756116,0.3071759777366852,4
18.398999371086468,1.5443096631528128,0.30808711977250675,4
18.403865141949101,1.5609233458177165,0.26872089475154326,4
18.41054155397476,1.5744666867948141,0.27215860967330757,4
18.416168263246742,1.5886866546278355,0.27692978429461829,4
18.422193924990705,1.603033445529082,0.24128472633211173,4
18.428320533228661,1.615128131280521,0.26202796164914488,4
18.436566878568012,1.6273256118526866,0.24648500871884849,4
18.444798437293521,1.6384641480375208,0.25488747651125754,4
18.455000730131427,1.6485160149340636,0.21267426840418488,4
18.464371848144225,1.6559316108226589,0.18544643680863393,4
18.473704151295681,1.6605674776945065,0.22871964488252633,4
18.483485311740843,1.6689041049418272,0.18653568380593449,4
18.492819463219028,1.6736723398620938,0.2229687893208421,4
18.504913012119921,1.6769457113884378,0.18994132661245308,4
18.515520939260547,1.6781215257341522,0.17906634634079646,4
18.525582759266928,1.6781134209510427,0.20969120125817731,4
18.537361667249264,1.6778165518236037,0.24990655650962523,4
18.551385287074488,1.6770911569964895,0.2544843026004398,4
18.565677339650005,1.6766268016127519,0.27772034195694251,4
18.580711847367564,1.6724450509129696,0.35724043397195965,4
18.600241323751092,1.6678033529590941,0.33041056741927544,4
18.618040773871549,1.6625238430106357,0.3543701093139548,4
18.637160207822717,1.6569611136980384,0.33900055251429623,4
18.655075391051017,1.6504884429871005,0.33818091748397439,4
18.672580531846954,1.6430947409174408,0.35822566988690463,4
18.690456900213913,1.6338423411897587,0.35972546667709987,4
18.707923226148509,1.6236689101033512,0.3723043814239364,4
18.726047695671724,1.6132215012864606,0.40099322608455096,4
18.743995437304989,1.599599107634301,0.38042287134932945,4
18.762785443723747,1.5894071932805893,0.40082709161005764,4
18.781814309665108,1.5773584295955878,0.45551813596377266,4
18.801444021066448,1.5609322786791822,0.41540636784391771,4
18.819373279432405,1.5459862045428636,0.43314568002075671,4
18.836475059626714,1.5286685954954287,0.38987652860271099,4
18.851477434313665,1.5127042401598487,0.40484348854272112,4
18.867134255935778,1.4962011709969509,0.39524229747644579,4
18.881862652892242,1.4795786720727477,0.38328634878530937,4
18.897275070011556,1.4645353480958931,0.42170528353922848,4
18.912109958442208,1.4460578481671291,0.40583624852245281,4
18.924152179569003,1.4266925867607938,0.36867139894787943,4
18.936898752452684,1.4103625488343816,0.43980906841704043,4
18.949977738046041,1.3893940842332064,0.40618484937113508,4
18.963222361568967,1.3708063961767962,0.38667443792197165,4
18.972613525073967,1.3512133652082383,0.40243018525884533,4
18.9838578412568,1.3315944576654566,0.37337623439398288,4
18.990730315188429,1.3117718088079471,0.39597186394404227,4
18.998382210796713,1.290879125602725,0.4102908522658717,4
19.009352549249058,1.27060207447132,0.3987376104506864,4
19.016736012107046,1.2494483518227248,0.39462391850764078,4
19.024522124090478,1.2286861883391893,0.38969853366623641,4
19.031514027783409,1.2079351148160384,0.40829059574237969,4
19.038224560438927,1.1859964255105986,0.40798460979193885,4
19.042278490492468,1.163432862497686,0.34494097975939836,4
19.048110503304073,1.1449486807381888,0.39427917348942992,4
19.053370532407204,1.1234274271720359,0.43432298668767977,4
19.057668866963539,1.0994041189730837,0.39134721639553693,4
19.061603367255778,1.0777689806258159,0.37221492101860792,4
19.064624229496214,1.0570733569045849,0.42199474462716829,4
19.066942588306496,1.0334748777518428,0.37606464021069358,4
19.072217404023473,1.0130125685730178,0.38210431464195616,4
19.076159297622631,0.99190690241942292,0.4240808849204673,4
19.078343440057765,0.96817790354499067,0.44387913510809529,4
19.081042268072721,0.94338256697630651,0.4348274826554781,4
19.083880857443013,0.91911485427455997,0.39228216727852694,4
19.085294819835148,0.89711772998992512,0.43911441657236194,4
19.086539447644252,0.87247509306369597,0.39604895103682419,4
19.087023137044007,0.8502261709693455,0.4302334731571309,4
19.088672262305284,0.82610746125658974,0.41475114179914802,4
19.088876428994361,0.80280329142836759,0.4201559213867691,4
19.090003475368896,0.77922144721619802,0.45072868385775755,4
19.091106493495928,0.75391881837461749,0.41296071048664634,4
19.092106716802235,0.73073592663442799,0.40719478570779255,4
19.089538547781491,0.70800004386121529,0.4300463688313238,4
19.087348999638689,0.68393493562364771,0.42877966101696269,4
19.087012604173719,0.65984395081184921,0.43625477989248856,4
19.087729608115886,0.63534107524095695,0.42930360054637912,4
19.088584525086667,0.61123345548858588,0.38724101519526988,4
19.086825350970262,0.58954542714232172,0.39840339104191669,4
19.08571877546229,0.56718631692032062,0.43191376470731924,4
19.083924483138006,0.54298329565414249,0.4419743883462382,4
19.081593325313136,0.51825819550122176,0.42360945098463632,4
19.079012218005275,0.49459573638909493,0.40757627118644402,4
19.07869245748088,0.47169606401304609,0.49544643685237089,4
19.074204596020003,0.44422080807106923,0.46497889818151927,4
19.072252059073076,0.41816648245379184,0.46466246209168655,4
19.068977689968715,0.39226300815223691,0.48158504484161618,4
19.066879846686255,0.36528395452277529,0.43747447120496336,4
19.064420017466428,0.34082543879341642,0.41218715470369627,4
19.059206335804085,0.31825889060323309,0.49947985239964748,4
19.059079226634029,0.29019316768548009,0.46961122288624363,4
19.055668792827788,0.26402680561382486,0.46580777543330731,4
19.051864951529762,0.23813072461919216,0.42969775057762433,4
19.046901219350406,0.21450153538821581,0.48149859726370475,4
19.041632087886143,0.18796394574553776,0.43997940623244597,4
19.035208610520748,0.16409035201176447,0.43790563056580523,4
19.032484045204086,0.13963553293586806,0.48951826685252253,4
19.029718816699354,0.11226861679481015,0.52216727439904143,4
19.024021159535422,0.083486315309244219,0.45543283408230317,4
19.017189488064389,0.05882405826516468,0.47602658113447383,4
19.012188789350422,0.032547508065858821,0.45782740249983678,4
19.007862869165649,0.0071882925718140811,0.51753347803840433,4
19.002168908655179,-0.021329272816918099,0.50216737745342921,4
19.000716270674229,-0.049508880515780618,0.48220700990567728,4
18.995974763076902,-0.076186231513797331,0.48024046930646275,4
18.988199880326377,-0.10202686270651284,0.46116733495577827,4
18.979781640601082,-0.12653457178140837,0.46435776340359641,4
18.974130191605415,-0.15200767205656174,0.44924235782523425,4
18.965853561562184,-0.17585538921610766,0.48972231782715581,4
18.955962638363729,-0.20153407913271515,0.51676608956501058,4
18.951325773913862,-0.23019879918370911,0.44140890619107104,4
18.944109936584695,-0.25392893490868129,0.46645077836916615,4
18.940041359189834,-0.27982131924985243,0.51519556451178494,4
18.933689255090741,-0.30806490690810051,0.43828571306175013,4
18.927135258003659,-0.33180428426672481,0.47044373669321859,4
18.92108300820928,-0.35753657565852137,0.45315423531973992,4
18.914253185064979,-0.38206646465418537,0.46906722581993937,4
18.909258031331206,-0.40794591070824193,0.44126427782477484,4
18.904285057518194,-0.43223694018130043,0.46626035142578243,4
18.897576512461928,-0.45756288579419291,0.44633569284095603,4
18.89246747394704,-0.48211680303735438,0.47386459228792954,4
18.883380000672737,-0.50714474267226439,0.43949976820365683,4
18.876561267488821,-0.53088042337742891,0.42933592154028966,4
18.867906016567648,-0.5533989150726164,0.46865881363382922,4
18.861723247051586,-0.57899699008926486,0.46733643203445341,4
18.85382708621303,-0.60404156466474923,0.4270025568634786,4
18.848337578493471,-0.62739862449197048,0.4376774226362859,4
18.843763557152442,-0.65156283089680578,0.39448324264456103,4
18.837377046321656,-0.67278906366224778,0.47637042364408738,4
18.831583987643921,-0.6989221558527543,0.46244734787294461,4
18.824219147325763,-0.72384175568674447,0.47834707289665207,4
18.819216600285063,-0.75025067393446676,0.47543739217202058,4
18.813688277704159,-0.77638746277843484,0.44571348313589909,4
18.807523991455405,-0.80066185731091899,0.41598051188523127,4
18.803231341151783,-0.82363844793346441,0.39267814058253975,4
18.796319054780792,-0.84459255129515398,0.40349766860819125,4
18.790980398376952,-0.86662777896494081,0.43849461800587375,4
18.783898777422934,-0.89022739496822823,0.44968692004074118,4
18.779183146399838,-0.91505159328841401,0.40478178870415049,4
18.7741073777661,-0.93722288566007883,0.4380893782792426,4
18.769400988376656,-0.96138524373818157,0.43747447120496336,4
18.766941159156829,-0.98584375946754044,0.40274728201271615,4
18.764244318741127,-1.0083130578171895,0.36952103792880142,4
18.760780994935889,-1.0287857454802065,0.41251020653675402,4
18.75688729710425,-1.0516355130345296,0.4093902515354812,4
18.751807831817054,-1.0740715415030282,0.36183314595252847,4
18.748614789088837,-1.0941508216742575,0.40637611091448078,4
18.746576092261758,-1.1168940977543924,0.40415740567353026,4
18.743217411603975,-1.1393541544703885,0.35984116999620847,4
18.740950945214674,-1.1594463729287323,0.33518880014666613,4
18.738175338225744,-1.1780751495475741,0.37966342689913307,4
18.736951181283203,-1.1993734670555112,0.41090591545850119,4
18.735041155851079,-1.222383327559208,0.35621352119236721,4
18.732248913921573,-1.2422034166137976,0.36308882360053168,4
18.731170063314561,-1.2625770061095505,0.36343261076605621,4
18.729694108562299,-1.282945050625111,0.36991136658993223,4
18.729668657362424,-1.3037305308799585,0.34161829329907489,4
18.729268281938072,-1.3229220495736156,0.38798562753065702,4
18.7309506770805,-1.3446581344148765,0.36900246439589873,4
18.732515490788352,-1.3653334265420733,0.30392438562027801,4
18.73240942468852,-1.3824107531145291,0.33067084234219435,4
18.733474339430401,-1.4009607631601408,0.34788910992823957,4
18.735055788078832,-1.4204447428515907,0.36058848848695124,4
18.73808589195292,-1.4404785263307431,0.31992136709839969,4
18.74075031323618,-1.458256508006623,0.33155090063629156,4
18.743405492885788,-1.4766963299245868,0.32703360139831206,4
18.745135944523213,-1.4949908455070187,0.3062711864406763,4
18.749138832904482,-1.5117283660628731,0.34278611159050382,4
18.755371646514796,-1.5299533567057297,0.3299146381809519,4
18.757364985922322,-1.5483839369900396,0.27427139016140828,4
18.76086243035742,-1.5633932796095564,0.24997317753267201,4
18.766374968746462,-1.5763124583553703,0.23390266330992951,4
18.772034661797761,-1.5881745410405843,0.24138822032170934,4
18.777554593493722,-1.6005642475927315,0.21370266107015271,4
18.780304037806591,-1.6122532990414546,0.24849222137730753,4
18.789557999759172,-1.6227092380158119,0.20685299408176652,4
18.796444123454105,-1.6320729627216881,0.18847457627117351,4
18.80482695886969,-1.638544921956437,0.24407503108392631,4
18.815698910630957,-1.6469051520768989,0.17771288684913855,4
18.823421754131189,-1.6532355016295792,0.20852329181402227,4
18.833262486406085,-1.6595954244099484,0.21786959932419181,4
18.84458329546106,-1.6642548941549418,0.14206095369517369,4
18.852514288405665,-1.6651600020492774,0.22911970605172816,4
18.865341050814948,-1.6662658660810612,0.21127340076482359,4
18.877142138718053,-1.6649743186275048,0.23588752803690918,4
18.890388185193352,-1.6644973110584829,0.31511418886695947,4
18.907778304357635,-1.6611655045529483,0.22588709417823302,4
18.920006069633679,-1.6577616133049204,0.33144206778502766,4
18.938074663980618,-1.6532477359972901,0.28320225829556789,4
18.953108034847638,-1.6480295069327742,0.34435316044644476,4
18.971717191348628,-1.6427288146415675,0.35049589075203186,4
18.989958816932059,-1.6353046885955065,0.3626988042160102,4
19.007965279646349,-1.6257589771213192,0.38489039691659077,4
19.027039928381623,-1.6155662120188961,0.39425101773022669,4
19.047289254612068,-1.6065813942927969,0.38632978263137435,4
19.065849217767521,-1.5953222914961183,0.41091266928065295,4
19.085868926109015,-1.5838187841966436,0.4533440458428783,4
19.10620697202253,-1.568480300146553,0.43217070331700669,4
19.126127582196759,-1.5545923196488509,0.42776878418192599,4
19.144612475432446,-1.5392279590245321,0.44161633372288589,4
19.162852964165332,-1.522403853214171,0.42462369402601896,4
19.181854391307571,-1.5079734622356895,0.4331649008983654,4
19.197734435089728,-1.489527669963179,0.47649274839218703,4
19.216666337292391,-1.4705949170118071,0.37933434985533104,4
19.229481584366933,-1.4535626617570747,0.47574666152514306,4
19.246582513812534,-1.4330156156504765,0.43164381456086703,4
19.261151815397639,-1.413624763771745,0.44497815665106383,4
19.275340647778076,-1.393037054477074,0.43413125235220795,4
19.286236913888676,-1.3712118245783875,0.43775350516485739,4
19.298581835224933,-1.3499363984674053,0.42914842589130364,4
19.308816261093448,-1.3281019269350676,0.41649389952607385,4
19.316802278465616,-1.3061036657998919,0.45954569824891495,4
19.324032902408629,-1.2813145856875874,0.44411665405960249,4
19.331778211931457,-1.2575918432695374,0.38024774956409013,4
19.338021264753444,-1.2371579704678615,0.41137841522993446,4
19.3450807057867,-1.2151467710455721,0.42334731639828788,4
19.349511269118924,-1.1917749246045064,0.44464124572856734,4
19.354090835440147,-1.1672136140544227,0.42956210040457737,4
19.357337479643547,-1.1432956604791142,0.49328517251091958,4
19.360898764765512,-1.1158074662500237,0.46459675966916614,4
19.367210205676528,-1.0904759756569389,0.43110984455851475,4
19.370061594061415,-1.0664201090530234,0.4508948965101911,4
19.37345724125381,-1.0413126913686979,0.44802373151943076,4
19.374867367719958,-1.0161775487834133,0.38637288135592535,4
19.375170493303777,-0.99446918884311319,0.37956838950272381,4
19.374673865616906,-0.97314684308767685,0.43585382496493441,4
19.374883438013654,-0.94865690580390005,0.44963137380170415,4
19.372851995220973,-0.92347370672361961,0.45410860591883667,4
19.370956617130169,-0.89802761987323709,0.4118840634913164,4
19.369027969158218,-0.87496415789435034,0.41056808269939876,4
19.366568000665865,-0.85202567065695867,0.44216899808442761,4
19.364795748989827,-0.82724327237538819,0.42282255968416388,4
19.363405814845194,-0.80352536346134329,0.46678978393319692,4
19.359929413480312,-0.77752762449652657,0.45454840882012709,4
19.357769299292677,-0.75207784099268427,0.44851900442274933,4
19.359708897952494,-0.72695009171432012,0.43686505120864394,4
19.357004524957347,-0.70255185929088704,0.45712370553308534,4
19.353653098333965,-0.67708544084646771,0.49244055370885337,4
19.35019702856312,-0.64963165334907114,0.40890866764774153,4
19.348663636409686,-0.62670610439879226,0.43790563056580523,4
19.346622951983353,-0.60218474556059487,0.45432245217322609,4
19.344595205844133,-0.57673681038348157,0.43814005374251441,4
19.342422153369384,-0.55221360321855162,0.50685405184969057,4
19.337252692276049,-0.52420631527999362,0.48956361886346611,4
19.333131085609665,-0.49700802224577512,0.49912412914441073,4
19.329812928867433,-0.46915897892985914,0.45013104319421249,4
19.326455957263857,-0.44408966463069,0.47982421611281018,4
19.323387750004613,-0.41730326235556703,0.45819701645592681,4
19.319639219235977,-0.39183129893095625,0.48607626106548474,4
19.314453123202071,-0.36501532342814258,0.41537296296526166,4
19.310272370080305,-0.34205280794325343,0.47644032734581593,4
19.305874937356705,-0.31564502654607463,0.49716310167755734,4
19.29910412139526,-0.28854213502566139,0.48149859726370692,4
19.294578017276702,-0.26186776920491717,0.48913260498263073,4
19.288066392431901,-0.23516567848321568,0.47256265124400543,4
19.282205517868796,-0.20926703768566579,0.47185152214291215,4
19.275015417841331,-0.18374701776605828,0.49126129694774268,4
19.267575368330881,-0.15716435680565777,0.5023220945187854,4
19.260675880974482,-0.12979488086168356,0.50683762550431322,4
19.254311410791942,-0.10203569407937874,0.51482913803262853,4
19.245827203508004,-0.074379302117802304,0.57385208349512107,4
19.240047655321046,-0.042656467189926772,0.5359370353773828,4
19.23184666740125,-0.013680091397647587,0.51721163550112437,4
19.223763260916023,0.014235491680571144,0.48881477261892842,4
19.21990639034647,0.041430088061328085,0.50441713385808873,4
19.211679525852446,0.068553311175776344,0.46941616601335445,4
19.203290720082311,0.093560493842293369,0.46959349379126447,4
19.196098771728121,0.11894814571348356,0.49392611684895932,4
19.186266855712521,0.14490223631295329,0.4515345513023532,4
19.181053034777655,0.16973269108951783,0.50820466621585292,4
19.172962234985505,0.19711880197406995,0.53138153994466886,4
19.163161740524327,0.22532314939661724,0.51573395403766575,4
19.151750649561382,0.25196126015893672,0.50958982384513607,4
19.142996161200422,0.2792242446287263,0.47124533530236096,4
19.133943666861477,0.30410830088047902,0.49198949746241616,4
19.127832842815383,0.33106958271882103,0.51940157514724816,4
19.121212878169661,0.35949430639666868,0.5058894706990823,4
19.112322325106824,0.38649440309635352,0.49357763632439788,4
19.102889361563204,0.41257531676404735,0.47844569099334977,4
19.094108996628012,0.43798514855600601,0.51346892447116843,4
19.084692668024971,0.46525737465944683,0.52149185952598276,4
19.074351611409742,0.49267490709841955,0.51405771251990984,4
19.06560081970224,0.52020262766504022,0.5006563804258769,4
19.05723789050634,0.54706296300938817,0.50616916915996091,4
19.045951774284887,0.57316975325130937,0.54166462787350989,4
19.037090794449739,0.60228773872565888,0.49105788547083801,4
19.02925179246731,0.62874357661783531,0.44179225646695447,4
19.021771079768786,0.65241414051307167,0.4556460588432395,4
19.01509936197461,0.67713255883525747,0.50181908964885369,4
19.004741670418802,0.70335877883848141,0.50522525289422437,4
18.995584532932401,0.73023020414321405,0.47053221530733241,4
18.985333332850786,0.75460142314187451,0.48146401388644722,4
18.976422448193908,0.78014547130898126,0.46712260244072862,4
18.968430746569027,0.80514710899530417,0.482989085852435,4
18.958589588919775,0.83043935935269086,0.48444061807299998,4
18.948217110750129,0.85560663496858336,0.45947322422587572,4
18.942744098698618,0.88083789054385964,0.49054333037694914,4
18.933441654876685,0.90678458783640625,0.48745028665415341,4
18.926795813656732,0.93335615883642387,0.48745028665413015,4
18.920149972436782,0.95992772983644059,0.47124533530238344,4
18.911097478097837,0.9848117860881942,0.44924235782519611,4
18.903489942331092,1.0088813024554106,0.45451788070238441,4
18.895354782697407,1.0330905801779657,0.46788837284715501,4
18.887629665496089,1.0582208892592462,0.42878613330932636,4
18.881334720253122,1.081477714068658,0.43285726443718547,4
18.873846614247675,1.1046188057702331,0.4600104681995757,4
18.863852756955971,1.1284568559217654,0.39061611702052451,4
18.857925342630562,1.1495902469763237,0.41349798273919741,4
18.851086138580087,1.1717955207053272,0.431701675231417,4
18.844660673615433,1.1951865618898871,0.4714043140351929,4
18.838533214628765,1.220956531292483,0.44931648207351854,4
18.831324631333999,1.2451528707279245,0.39793640708664091,4
18.824073536524427,1.2663047450497871,0.40982387035321749,4
18.820949879463264,1.2891201058724171,0.38704029788403393,4
18.815285352907956,1.3101174322250984,0.37686815867141832,4
18.812268187320981,1.331077792043164,0.38112255382513921,4
18.807396020729445,1.351931660387045,0.378961050421109,4
18.803053326331575,1.3727781354239994,0.36005705004563043,4
18.798828213368274,1.3925638177468969,0.39148901914543693,4
18.794230024507225,1.414075829679394,0.35664176086145488,4
18.789205158273237,1.433475497817426,0.35433878239474897,4
18.788026358750248,1.4533510366739328,0.37024132327511144,4
18.785799704800308,1.4740355704347863,0.36060388081993533,4
18.783698025591868,1.4941887836752379,0.33271234965469304,4
18.779982053228196,1.5125110241586306,0.34063390599643611,4
18.77852742764799,1.5315960513780986,0.32187586934365486,4
18.775997222739875,1.5495045527756659,0.30654290424046116,4
18.773985400065044,1.5666114525758097,0.30420732254111171,4
18.771971729063484,1.5835859843275379,0.28004889895993207,4
18.769408254274218,1.5991118608536077,0.27006012928083417,4
18.771207380102506,1.6141796384523204,0.20527728180339522,4
18.769513183523507,1.6255891671903626,0.23676825615860483,4
18.768374335712405,1.6388444552993171,0.17196691356844049,4
18.770095831818004,1.6483527748645344,0.17062219899194817,4
18.773135463427579,1.6574455070171972,0.17151445332373386,4
18.77670271890409,1.6663984778145213,0.15085326593276288,4
18.778935203936051,1.6745757235886529,0.14119878270264924,4
18.782476582838331,1.6816755417081488,0.079962990577574652,4
18.785697775841861,1.684808015028608,0.11696912750069351,4
18.788823567331587,1.6905896976441284,0.096708075576164884,4
18.794246960663202,1.6902491801513406,0.14184590224170326,4
18.802078855440541,1.6917285454552307,0.13763564827038038,4
18.809769140535813,1.692547918843772,0.23805409667668612,4
18.823143858406066,1.6927583419892294,0.31559820173024589,4
18.840719235617769,1.6903946257593958,0.25767049255753388,4
18.855130717954587,1.6890018457100098,0.38441421688916749,4
18.876250459245842,1.684470335883784,0.39943995050466996,4
18.898019102492064,1.6790030080849938,0.42580501044880498,4
18.921666774990349,1.6753629563898009,0.42322930286523219,4
18.944897011749344,1.6702724011422205,0.44725497465402286,4
18.968888186917688,1.6627881310627579,0.42177108759417392,4
18.991425161880187,1.6554565606257547,0.4661948741992627,4
19.017032478530485,1.6499356313517737,0.51946568824514572,4
19.044843843835601,1.6410740793129577,0.48653850342156618,4
19.070529927059134,1.631712628308172,0.51811764715571063,4
19.09765542387467,1.6211395332735954,0.51227848359779404,4
19.125209446389874,1.6128111500819102,0.53244589017998556,4
19.152715412410082,1.6010411976313961,0.49620205362688447,4
19.178243251010969,1.5898284422755076,0.53430340133375054,4
19.205199413243474,1.5766098345993349,0.54696709434682322,4
19.232813719064602,1.5631172491926755,0.55880804837841258,4
19.261224081502959,1.5497459418740505,0.55171586333214784,4
19.288014605805898,1.5341465576531093,0.54850736451616877,4
19.314674610387154,1.5186813898073197,0.57713126495072453,4
19.342645357165459,1.5022711623553064,0.47198677791771454,4
19.364952002762813,1.4879259336789588,0.51737258179588586,4
19.390577091204236,1.4741963370764246,0.5059772358802177,4
19.411760100978686,1.4552330133193401,0.48486435552988755,4
19.434048263308735,1.4395641041588263,0.45940677966101628,4
19.454481424634224,1.4237887035241279,0.47243343466220089,4
19.474897951019134,1.4068219904536754,0.41933607837216275,4
19.492553231654608,1.3912177727287336,0.45148537926209004,4
19.512322704411282,1.3753192456792682,0.48054664751369969,4
19.532998421912836,1.3579517318101075,0.41002697131737559,4
19.548515482179607,1.340921038780273,0.43952502535949395,4
19.567088097520344,1.3246420425261327,0.42444719374915796,4
19.582321938422975,1.3062913656655937,0.4819306800857594,4
19.602054444645038,1.2877454776477997,0.40871859122644238,4
19.6171707041131,1.2704555935013246,0.4334723190292179,4
19.632395303382079,1.2514430763987043,0.43895006551027144,4
19.647614357670868,1.2320334551508374,0.40714707489038704,4
19.662598249090514,1.2147454193310878,0.39739904631355721,4
19.675182880698088,1.1962993409567488,0.40489832495063505,4
19.690705485945053,1.1796657520721645,0.37328703086452536,4
19.702644912251117,1.1624202277672246,0.35396264310619635,4
19.714737038199637,1.1466289036681339,0.34868592524129888,4
19.724562272384503,1.129677688687714,0.35761312568013087,4
19.73491328210957,1.11245434430354,0.38141370937088886,4
19.745642912712583,1.0939017744550092,0.32905550595346089,4
19.75441844414377,1.0776271863305205,0.32932527890790481,4
19.764528746019501,1.0621283232292207,0.39597887248172103,4
19.775512022758964,1.0427778484367316,0.37698596218578601,4
19.785978765591874,1.024361343290078,0.33504801844280058,4
19.798626240308288,1.0104157785618959,0.31630967211842875,4
19.804881233839367,0.99377920450003643,0.3624232437138003,4
19.815094330535828,0.97616060429734475,0.31299337381804715,4
19.820819851873242,0.95953142354241194,0.36395912038300315,4
19.831832701840394,0.9422988375245831,0.37837474071683408,4
19.843099197943996,0.92426834656279677,0.33533779870692071,4
19.848407283542123,0.90618866225547112,0.32580932531280321,4
19.855719373133805,0.88940493353134986,0.31743071999046624,4
19.861441197817758,0.87251101667958242,0.34512597569289621,4
19.871536713079649,0.85595320919095119,0.30537280233448072,4
19.877800948244381,0.83997847537117654,0.3603883283335983,4
19.886282170351045,0.82158969512548286,0.38351797675557064,4
19.895542814134362,0.80213088053207482,0.32720327745071742,4
19.900591708615849,0.78445199702346002,0.29562959755171764,4
19.898904619241939,0.76792632256543669,0.31337440860018523,4
19.898394055689938,0.75032506877950844,0.32832094017698454,4
19.896813457790216,0.73194439331692429,0.34635408591444167,4
19.896277017663984,0.712489986853166,0.31483223897145779,4
19.8943104055794,0.69490906466127367,0.34423225133804636,4
19.891659773331966,0.6757489675220345,0.37382193274744185,5
19.88753276095791,0.65515315344425407,0.34161016949154477,5
19.885016345085624,0.63612357602670144,0.37066833045684583,5
19.881155917135132,0.61565643334387588,0.33585051000036048,5
19.878115574049371,0.59703135337849744,0.3331791274065326,5
19.875209447338758,0.57853679313480466,0.36088852056369614,5
19.872413508755791,0.55845196798338126,0.40397196352468628,5
19.86826246813424,0.53613536927618544,0.36364635874918977,5
19.86374759324859,0.51620694042067772,0.3677820703210351,5
19.859361389757897,0.49601192714160813,0.39737809547242076,5
19.854423534152772,0.47423589058846094,0.38867169585506917,5
19.849360703806148,0.45299117455571203,0.36465234020332554,5
19.844581092823667,0.43306644235366409,0.38061249569067734,5
19.838733295820198,0.41249465652338202,0.37325729161729543,5
19.831705276341367,0.392733713924172,0.42050585055779205,5
19.82833365739647,0.36934708086926182,0.36118830340968494,5
19.822765383103683,0.34983054277284875,0.44056562127284071,5
19.816209537689868,0.32595879736580535,0.40336008756606856,5
19.811530873201381,0.30378196001394908,0.45383351267280198,5
19.805623929742534,0.27897439663433854,0.42615681317660159,5
19.797893406833548,0.25631059860362004,0.43441882212158811,5
19.790287858666055,0.23311548005250504,0.43434215546610377,5
19.782287054680044,0.21005827452999704,0.46354425439519803,5
19.776240349865859,0.18472308728345244,0.4664626774719336,5
19.768081301257201,0.15981457740984606,0.42524413117674364,5
19.761406026082085,0.13687125666844935,0.42912902511406381,5
19.753541286797947,0.11407693891604431,0.44272724101831512,5
19.748831200755042,0.089649844741106932,0.44924235782519234,5
19.740554570711812,0.065802127581562786,0.45940073876950732,5
19.73095241185769,0.041840525640907344,0.41780450021772053,5
19.72204351480007,0.02011993888968,0.49096745331878727,5
19.713073622960337,-0.005968793459291355,0.45537798872070351,5
19.705319071803853,-0.030353376119423459,0.47826004004161599,5
19.698468917065515,-0.056339313647669087,0.43587292642029868,5
19.688491833986909,-0.078706954027133236,0.42134976405754915,5
19.67905346473562,-0.10042014747143746,0.45972079663526527,5
19.670899961107157,-0.12493155319979543,0.48448644539484331,5
19.661145102610579,-0.15034735534630173,0.44929177534951331,5
19.652473216748831,-0.1740571594772371,0.49176381419484155,5
19.6437662126792,-0.20028195652808645,0.51779616771599168,5
19.633983629281666,-0.2276832794008401,0.54497453060829892,5
19.624969377600401,-0.25694884491180403,0.49063384070208815,5
19.613629799176287,-0.28207773104071077,0.47589830508472902,5
19.607969108546968,-0.30821267155794629,0.49696769018772691,5
19.599126039775459,-0.33470035637890039,0.52625956945609909,5
19.586703488716516,-0.3615352405233736,0.47086828241582435,5
19.577750231817362,-0.38643266043659619,0.53125618207868408,5
19.568351814277957,-0.41476610462845453,0.51405231385985861,5
19.557387160078328,-0.4414889523185499,0.50888680944975162,5
19.545900426991953,-0.46767493450805642,0.51816049601116221,5
19.534011044780137,-0.49425247586261989,0.51710967693841769,5
19.522912174205356,-0.5211058432744009,0.52979672024297952,5
19.514701372448243,-0.54972065850366736,0.51843892724890872,5
19.503733021595149,-0.57670824229059647,0.4825521996582251,5
19.491216917349135,-0.60076154909159385,0.53640804784687335,5
19.481287179289335,-0.62921996802494728,0.49528957199440565,5
19.470206791981862,-0.6547496549525631,0.52695520628258652,5
19.459626303640366,-0.68240462396176405,0.5312352862250892,5
19.449437374463926,-0.71046224209640751,0.48669818879363902,5
19.439680667640619,-0.73601041229132935,0.54773270415117847,5
19.427897776902991,-0.76444295465045276,0.54324547655951672,5
19.4151975514601,-0.79220071848038298,0.5465204164915165,5
19.403942284589405,-0.82077302219484682,0.50399882268913654,5
19.392854503975013,-0.84683218131612747,0.52342006147872744,5
19.38082905706132,-0.87367261044079303,0.55313756131286274,5
19.369568245210434,-0.90264201830050617,0.51766752003987571,5
19.357153087458414,-0.92894743025131543,0.51454335997117051,5
19.346451321028884,-0.95580634264328701,0.51273334175496021,5
19.335356147107568,-0.98239497395823516,0.495289571994388,5
19.324275759800095,-1.0079246608858501,0.5311673690236911,5
19.31119136849907,-1.0347503033966721,0.54483701945169605,5
19.29770063141914,-1.0622322411693839,0.48920068505234382,5
19.285967645503238,-1.0870908462212645,0.57148233572020235,5
19.272322360454126,-1.1161593522482436,0.52149185952596033,5
19.261219793225887,-1.1432774557568557,0.52323445622327125,5
19.249852489900814,-1.170391862612008,0.52078892515841024,5
19.239935690128132,-1.1979237052064464,0.51894721394275745,5
19.229230227045139,-1.2250473536952509,0.50547786828227104,5
19.21761482256381,-1.2509667514611946,0.56961451885128489,5
19.205155304970255,-1.2804489965739982,0.47209260323267394,5
19.194621024797023,-1.3047947643727875,0.49611815303952905,5
19.184066413029754,-1.3305965807041584,0.46712260244072862,5
19.175379740554163,-1.355365329222427,0.50787691202766583,5
19.162578568617278,-1.3808709879025445,0.47337238706355583,5
19.152174808165732,-1.4053509720764827,0.51125357312185793,5
19.142002513929867,-1.4322172777753757,0.46738393643671194,5
19.132525329817238,-1.4567102002364276,0.41519253017818891,5
19.123355393316245,-1.4781623542373614,0.42684004399102177,5
19.112859928004358,-1.4997283930194047,0.45249233805796069,5
19.103658569948941,-1.5234308038434188,0.43370913845201708,5
19.093683335197067,-1.5456660761744674,0.36752542372880226,5
19.08547509324287,-1.5646161755426027,0.36720058438886966,5
19.077003963518571,-1.58343021020886,0.34357860690232278,5
19.068553165388309,-1.6007881963425357,0.35727150646344508,5
19.058907358168838,-1.6183942836324698,0.32359567144064433,5
19.050079787487366,-1.6342906762533733,0.30667867286199108,5
19.040873595927948,-1.6488578434099193,0.3083302362994681,5
19.029830886631274,-1.6622078215564891,0.23805409667669622,5
19.021345681769319,-1.6725484527973622,0.20545295772926511,5
19.013678713445358,-1.6811793893692046,0.20355308772682185,5
19.004449205114632,-1.6879349933424486,0.17178930345116811,5
18.997863361098773,-1.6949922999471383,0.15968285323345024,5
18.989477965880269,-1.6981850565735206,0.13787739725338832,5
18.982932785052483,-1.7023302661130479,0.11102916351490888,5
18.976950346299514,-1.7041002440880018,0.085983456784219245,5
18.972174006596134,-1.7048279126161985,0.13034502311278826,5
18.964904853893614,-1.7039320463555159,0.095669414579321863,5
18.959623070244071,-1.7029315369473759,0.13486554424470823,5
18.952510313837461,-1.7003167343840095,0.076920374668007441,5
18.948699365334342,-1.6982776121825758,0.10196043444628369,5
18.944382972885059,-1.6945103120448044,0.13535850553822379,5
18.937952388314571,-1.6904487025825103,0.12189530383178313,5
18.932852877535165,-1.6858761041938557,0.1026386409016871,5
18.92987680051062,-1.6809359748876433,0.12486440677966744,5
18.926253669857836,-1.6749276595604439,0.12860886948406391,5
18.922900820282077,-1.6685259367414575,0.085660087993716355,5
18.920443125490813,-1.664387409032666,0.13617614212271054,5
18.916696868423266,-1.6577154051366545,0.14849850147766586,5
18.917078049104127,-1.6493799147398782,0.16271289724249022,5
18.917602687793789,-1.6402520643793332,0.12752537191718716,5
18.919156697643093,-1.6332568894072974,0.17392461062478179,5
18.917835576961846,-1.6235736902788593,0.15155072969589659,5
18.919672806175289,-1.615258531476119,0.12539669085572211,5
18.922805990971938,-1.608947376666932,0.22136988885841766,5
18.926546277684938,-1.5970841571311771,0.17484763178466403,5
18.929061982081038,-1.5875869275263419,0.23436493370129044,5
18.935839340600694,-1.5762956916990563,0.22412333602298917,5
18.943000864978487,-1.5659365771908771,0.26887576224768162,5
18.94941438923404,-1.5522571715119025,0.22157038240240393,5
18.95670458500679,-1.5421646414272878,0.37944407391390617,5
18.967027019082188,-1.5235088513836752,0.26031718272512955,5
18.973433150030822,-1.5103589178983663,0.24457481294418906,5
18.981662860429598,-1.4993527497619512,0.37551076199725114,5
18.992244485621637,-1.4810977605170494,0.39732222116173838,5
19.002976962129399,-1.4615209391147141,0.39920365716834272,5
19.014630469995886,-1.4423541601447418,0.38384346710515121,5
19.022325874696993,-1.4222053550339364,0.30830323281933558,5
19.031271026813037,-1.4073697551270943,0.41379989182453308,5
19.043856655998631,-1.3878188102989872,0.35351545789619526,5
19.051263296355405,-1.3693870931641348,0.47250979418614431,5
19.065871412801854,-1.3472165122686581,0.43802602570582766,5
19.079135517170108,-1.3264834966384553,0.4583181364729596,5
19.090973146233466,-1.3036122606395528,0.46888378029684152,5
19.103345792470684,-1.2803513138023224,0.43985954575779729,5
19.117791967641029,-1.2602967733547787,0.44186763048760447,5
19.130140585630748,-1.2387566111469637,0.50270315831861956,5
19.142542805095655,-1.2133777755350703,0.46171462911196737,5
19.153725987223851,-1.1899678257088482,0.49392611684895493,5
19.164278750664391,-1.1642983774258937,0.51034625154549174,5
19.18075850305598,-1.1408299926204801,0.48605913253608607,5
19.191436241238009,-1.1156918648579222,0.49103527899420024,5
19.204485514331154,-1.0913812152670133,0.54263210171966825,5
19.218763066394658,-1.064439839648351,0.49798856544964731,5
19.228924270670138,-1.0383677422399549,0.47978951204565246,5
19.237884920876219,-1.0129408501330666,0.47911228029866615,5
19.24631794721536,-0.98737419667083959,0.45892325706457532,5
19.256182993839587,-0.96354865943206125,0.44979182199882928,5
19.260106264898916,-0.93858100310307613,0.48343131790016214,5
19.270386898935698,-0.91343733036032493,0.4773307021898891,5
19.278027565311074,-0.88772721888929773,0.43722699677708304,5
19.283789202434392,-0.86384438352187232,0.44402291175671177,5
19.288896392622547,-0.83942283432712639,0.37932703378960775,5
19.291574749770938,-0.81827721646164342,0.45479255999060736,5
19.295634085532146,-0.79304667236255355,0.47378259359387459,5
19.299840575955617,-0.7667590322028639,0.41502539284011913,5
19.307166601412433,-0.74461916138561968,0.36819685517357642,5
19.310100453024006,-0.72413908041567954,0.41036524954612197,5
19.311481006262461,-0.70112182660505873,0.39344067796612231,5
19.311789676826475,-0.6790163625195067,0.38683230230461152,5
19.313151746797629,-0.65732278919305109,0.37694915254238553,5
19.313447479074526,-0.63614390144641497,0.36269880421598139,5
19.309755534958356,-0.61610087633361132,0.42956210040459225,5
19.30717798503143,-0.59210159638215654,0.43156665493303364,5
19.303010170196782,-0.56821250455835148,0.37816197896228515,5
19.300391957081786,-0.54712532167205907,0.41075054689948487,5
19.296207507306562,-0.52442754228400101,0.42751569149583163,5
19.291239939201219,-0.50092446464506146,0.37287046555743808,5
19.287290652295138,-0.48034827068513053,0.35543358173585404,5
19.281600249165606,-0.46120409701027931,0.4191242456539766,5
19.277687928794133,-0.43798054208201886,0.41780450021772769,5
19.27284533543029,-0.41500878496347582,0.44344126716626109,5
19.266828064571268,-0.39082908046860965,0.38251082415359272,5
19.261159841362502,-0.37009649021276214,0.40970196144691018,5
19.256045118594898,-0.34765050863442415,0.39134721639553693,5
19.252110618302662,-0.3260153702871591,0.37772874891431907,5
19.24697001896083,-0.30542254138665204,0.38997617028089437,5
19.242768934245031,-0.28391607443434452,0.37116214609761916,5
19.235894611986673,-0.26422579362525145,0.39548797490390231,5
19.230369846786704,-0.24270084340563791,0.38517149931417383,5
19.223773198912294,-0.22208768291109404,0.39048821157412794,5
19.216648927170947,-0.20133476106120884,0.36505547700689583,5
19.210434596827938,-0.18178608993418788,0.37924654775174554,5
19.203700035924918,-0.16156818525816163,0.3748302203043658,5
19.197759683312398,-0.14136137054252096,0.36801591563762009,5
19.192744058712062,-0.12129986216240951,0.37842607908065257,5
19.185077376489936,-0.10146612334451888,0.40340824626814897,5
19.176633120917884,-0.080429982130495681,0.40757627118643841,5
19.170054956310778,-0.05849314115178661,0.38288791082389334,5
19.164785685573992,-0.037633727827715902,0.35049589075206339,5
19.157361559527931,-0.019392102244284004,0.40528197205707955,5
19.152774460627267,0.0029141179787171012,0.41502539284009982,5
19.146069472951936,0.02524991142940447,0.38747744140210832,5
19.139873625876234,0.046122263040591527,0.40914613899753649,5
19.13435995063665,0.06844142155070454,0.3792172758662436,5
19.128024342205613,0.088786149294953987,0.35998767414823185,5
19.123267908721914,0.10844685687635636,0.37721410180175635,5
19.116132547020186,0.12840557043574119,0.40550787985007863,5
19.10995148655833,0.15033686643425792,0.35184725473364381,5
19.107577677946129,0.16996430413450803,0.3932713529883573,5
19.103113705460224,0.19160683578869353,0.40613018667208456,5
19.098925559031539,0.21403987907991961,0.4422631333439041,5
19.093173024269355,0.23821588692132245,0.39580362181038287,5
19.087116938548991,0.25961586239944445,0.37491905666690789,5
19.083965556586868,0.28044570249582623,0.38852886485810695,5
19.07644048404681,0.30093943322906913,0.37517804257598347,5
19.072493045467457,0.32164799523741827,0.33695596282717982,5
19.066122318828537,0.33947773006175552,0.3715507507141147,5
19.061906447498892,0.35992525262673247,0.4119918548016076,5
19.05679357305802,0.38250360225348778,0.39859838642045081,5
19.050208015143991,0.40391097103853024,0.38743446555029837,5
19.045473761581064,0.42516009520092979,0.42491769823450776,5
19.03904275163622,0.44815403224023953,0.42969129201662826,5
19.033545711337212,0.47166450318610131,0.40970196144691018,5
19.02843098856961,0.49411048476444019,0.38924962543226682,5
19.025158328519456,0.51573638147805045,0.3954879749039224,5
19.019633563319491,0.53726133169766577,0.39365928160198804,5
19.015700911353985,0.55902883809334725,0.38077287329838089,5
19.012156121900073,0.58012895926675245,0.42218541729059217,5
19.008776970375727,0.60360985698492442,0.414710992287875,5
19.006585434633674,0.62680938366568917,0.4324916619229493,5
19.00374499693665,0.65094472831902195,0.38952758200735227,5
19.001268393503722,0.67269190312066574,0.43110984455849888,5
18.996569258148675,0.6964560202029757,0.38350350410602307,5
18.991167619363473,0.71731728185377808,0.38689686462312889,5
18.988821535652235,0.73893024028027465,0.4080118178352824,5
18.988082351789298,0.76184469927016885,0.47588081021712053,5
18.985806504493823,0.78848764353649248,0.41263128576834029,5
18.983480752376618,0.81155665049557069,0.41288005934783173,5
18.980094207545353,0.83450807602007782,0.41085863559499264,5
18.977501871004588,0.85744841158420027,0.38643752043015001,5
18.977407892443157,0.87916231650469268,0.36900246439588785,5
18.975843078735302,0.89983760863188866,0.39971776382977497,5
18.974169925226526,0.92223553371523348,0.39642716116694549,5
18.970106753539334,0.94413725648605951,0.4038482881183546,5
18.967508872018378,0.96668048790493089,0.3468665153753917,5
18.965263734801134,0.98604134118162179,0.36528347045702542,5
18.963165752246148,1.0064592905189045,0.37604250074578538,5
18.961606483518487,1.027531686791356,0.35314630026925803,5
18.956844505054601,1.0467952902275073,0.33425190302216562,5
18.954058805683307,1.0653693285206174,0.34122813237231692,5
18.951278651292206,1.0843404709589741,0.37284069308332318,5
18.950379374479894,1.1052712575493508,0.33721941553579293,5
18.948259212004142,1.1241007903056399,0.36108071769111222,5
18.947350693558178,1.1443697366539389,0.36108071769108746,5
18.946442175112214,1.1646386830022344,0.33387807045286072,5
18.943788843789338,1.1832108729686119,0.28228944430290909,5
18.94215564199245,1.1989885473044026,0.31356032707120718,5
18.941739629205539,1.2166027393774428,0.32990622617573251,5
18.941601290802573,1.2351398111359408,0.31098305084746269,5
18.941845269931015,1.2526123935269133,0.34329578287796503,5
18.93840327529783,1.2715927775989257,0.3382875823399733,5
18.936946801390896,1.2905454367699818,0.27094244637968368,5
18.937291727013331,1.3057659140111433,0.30101586358408466,5
18.935673311830289,1.3226025327342654,0.30870803700499827,5
18.936312546777248,1.3399372020966318,0.30159613122803491,5
18.936284396501932,1.3568840089474001,0.31062588632068988,5
18.933612581911749,1.3741325184296116,0.29708108912106312,5
18.934507311321887,1.3908016508964351,0.26236666330827074,5
18.933521163153237,1.4055111392112423,0.25497456542692998,5
18.932794206101228,1.4198198267273341,0.25683983464550703,5
18.932730937618032,1.4342516406581893,0.2267699479817932,5
18.933834953323085,1.4469460350190566,0.25688305184834381,5
18.936020093336239,1.4612140593470748,0.23578161958566843,5
18.936734398202965,1.4744434708817984,0.23381959496084684,5
18.937843958888212,1.4875349693879159,0.20696029690005402,5
18.94249418699955,1.49819393820081,0.18791420933986044,5
18.944096253343851,1.5086306824316758,0.2288288218387346,5
18.944937381278805,1.5214611414944201,0.20008786708166262,5
18.947473417268938,1.5324144196318343,0.17301270600103458,5
18.948667289507608,1.5420625005523902,0.15847913072400455,5
18.950510063701241,1.5507747635003817,0.17120674573317915,5
18.956048053290154,1.5586410650094145,0.13500951055480673,5
18.959846774982346,1.5652077142817795,0.12730756582838501,5
18.964424918351188,1.570704329206432,0.1340192073771409,5
18.965852105132271,1.5780984566504479,0.15488350562922831,5
18.969799829813454,1.5858545700318345,0.078314815229305709,5
18.972888654768564,1.5889888916790227,0.10682535476453664,5
18.977444618216644,1.5928970900226744,0.084452858227860111,5
18.981581297598709,1.5952224167655231,0.083361391044086172,5
18.985067226699069,1.5983511934325243,0.15812851274864018,5
18.992936088011021,1.6024779197047465,0.077781450463429505,5
18.996545143526145,1.6049430078029303,0.14637147219080915,5
19.004759355834892,1.6053578837392983,0.12432984389641354,5
19.011625859411971,1.6040704583135579,0.14056842784641055,5
19.019277329645899,1.602110102685355,0.15812851274864304,5
19.028138595582877,1.6014567926007359,0.1780872823909167,5
19.036942563391211,1.5967000730152101,0.13725200821995512,5
19.042830737480919,1.5917192805209233,0.14967124367617715,5
19.050187898390323,1.587644732771512,0.19304273282448745,5
19.06005450723945,1.5831379626689746,0.19864015513588709,5
19.06923339927226,1.5767872815222574,0.16139425285593972,5
19.076708141616237,1.5716519410587857,0.19478872532844924,5
19.08240295287542,1.5623048512934865,0.17811844649691433,5
19.0902600127508,1.5561050214624927,0.23662755994564408,5
19.101006989770575,1.5482761118624282,0.24284393303424295,5
19.107725627209206,1.5363992425633697,0.24557132524550218,5
19.118057016816426,1.5272521974593296,0.2816595528396319,5
19.128750392361013,1.5155846144551894,0.29986121466588789,5
19.140497167312741,1.5035051406919528,0.2659700338217077,5
19.14879682802545,1.4910766192784628,0.36322637751334691,5
19.163291910439501,1.4767080738307996,0.36288239496680114,5
19.176178244678518,1.4609056597713277,0.32341552193368295,5
19.187364125882162,1.4465833224919322,0.39818042225122591,5
19.200750359087156,1.4286556263508707,0.32323527202357555,5
19.211401223116937,1.4139435782331518,0.40784173778511368,5
19.225982465411143,1.3962639832483461,0.37796378277011961,5
19.239389030210173,1.3797923356398663,0.41430258473127829,5
19.253562078398744,1.3613240773447615,0.44451639910367058,5
19.266503150963494,1.3399603569250651,0.43136726201364045,5
19.28012454703763,1.3199110753558791,0.42429024297573015,5
19.292416717647413,1.2994831729087508,0.46149819473136139,5
19.305876172445444,1.2773178508916345,0.45734221011842785,5
19.317471384605263,1.2543841971582452,0.44577574318773022,5
19.327877132656063,1.2315995464138503,0.47624806747677717,5
19.339722294298866,1.207603251639668,0.47525056606574601,5
19.35090191904613,1.1833514624023067,0.5066130787379991,5
19.360989329524905,1.1567318349072977,0.45338077418486916,5
19.367662895645818,1.1321457846335292,0.49906852448207606,5
19.373236854191322,1.1046624239084402,0.48969964969539975,5
19.379349526564148,1.0778335101185128,0.46633772174979021,5
19.383489616497837,1.0519588975684613,0.429691292016675,5
19.388986656796845,1.0284484266225995,0.51680905047870906,5
19.396538742761674,1.0004078688028883,0.46580777543328344,5
19.399618039981299,0.97441567481826397,0.46481175123998536,5
19.403228657721328,0.9485484555751329,0.41470430032475958,5
19.40330045636199,0.92524613407364154,0.49320077572011578,5
19.404502572656291,0.89755903203383358,0.46733049364462742,5
19.402548187382632,0.87137233836814065,0.42901907080461832,5
19.399566279276058,0.84745068813937241,0.49463917334454288,5
19.396532618021034,0.81982273255494054,0.47267421895544354,5
19.391138511815278,0.79381646343265988,0.47588081021709655,5
19.388119637174093,0.76724745223556212,0.47267421895546485,5
19.382725530968337,0.74124118311328058,0.47148084023226311,5
19.37640854507713,0.71551258837494647,0.54076214343930329,5
19.37148846126312,0.68552788449324886,0.49712402552461415,5
19.36449115186252,0.65848485090440345,0.48913260498265715,5
19.357236499672013,0.63197498616268444,0.5356676994449755,5
19.347439129660629,0.60351471890259933,0.54303087417511864,5
19.338821982124614,0.5742436084114404,0.48054664751370252,5
19.329728963870117,0.54881856463128287,0.54516291548858486,5
19.316764002330395,0.52106449745481509,0.4773772120508652,5
19.304909738326462,0.4970019490201647,0.48477849273172968,5
19.294101480422743,0.47199803763275305,0.55569044815802038,5
19.280864389479266,0.443718194916082,0.54584971435174257,5
19.26724128435092,0.41623810547009921,0.54897770234073051,5
19.252695299537123,0.38903569040806829,0.53131886470877143,5
19.239873796006197,0.36207398319536743,0.54095199527252569,5
19.224809428959116,0.33567316973075378,0.49625238717055609,5
19.211886978934196,0.31096356766786659,0.55975085000059155,5
19.196543089176437,0.28350750646938483,0.52592723660376384,5
19.182280323726779,0.25762507523805489,0.50785505422767174,5
19.168953376249689,0.23239154596168987,0.50785505422764476,5
19.155626428772599,0.20715801668532752,0.52104464737860468,5
19.140973952484611,0.18181060262785653,0.55640415503509644,5
19.124845096070004,0.15502747163183805,0.58269209794813848,5
19.108035916146012,0.12692990178530916,0.59846706622784418,5
19.090818542116388,0.098043668628474911,0.58506861929579579,5
19.073744626095561,0.069949795435406692,0.59907423073191957,5
19.056920659557722,0.040793281201545462,0.5671683536624148,5
19.038813675723794,0.014567347300155298,0.5993382247698088,5
19.021726821415854,-0.014453102231828829,0.56955605087437244,5
19.005717394762552,-0.042164657893491331,0.59439100301421754,5
18.989685788188481,-0.071464630136153673,0.5447045684908508,5
18.973961429226051,-0.09772383391869699,0.56727599152454722,5
18.957297555637588,-0.12489667575303987,0.62401969014265113,5
18.937563340361315,-0.15388015875041017,0.62411307664013649,5
18.918222532576838,-0.18313392282480656,0.62038007203922274,5
18.900591419461385,-0.21320592343719902,0.57768399223670663,5
18.882605713715488,-0.24022791395582122,0.59723694541982986,5
18.863421302226921,-0.26776274172753123,0.61363780797755474,5
18.844352623846198,-0.29649073026172257,0.63062456786138577,5
18.824743383311421,-0.32600553377949026,0.6240552675990082,5
18.807634349082711,-0.35661439989246979,0.61760482992026033,5
18.788561974048527,-0.38560712452349399,0.59868497470461912,5
18.772263783050896,-0.41503576816110943,0.57156488443703879,5
18.752448952874666,-0.44031109747608888,0.61554787431917846,5
18.732591611183629,-0.46863089190464624,0.60969504459212009,5
18.714576332210044,-0.49777077119793223,0.57829858049673244,5
18.698033736709615,-0.52573966964950536,0.61741607400993692,5
18.676209357559642,-0.55270805869293937,0.59983810537284465,5
18.65715361746603,-0.58050947088821392,0.66917184322103052,5
18.635409853216018,-0.61118601361403968,0.63847501383543992,5
18.613695662193692,-0.63974466756520254,0.64990002921580903,5
18.591970381210981,-0.6690975298068631,0.5928201451574131,5
18.571217884735454,-0.69515412912522656,0.60387280708431657,5
18.552551855480168,-0.72349055849436006,0.62826134874043371,5
18.531633721075075,-0.7519279343574885,0.59921318946051472,5
18.512840868751567,-0.77986541125464104,0.59974556632487175,5
18.490511045655424,-0.80510562236173921,0.57138034731056719,5
18.469256801887187,-0.82916930764693397,0.58264446864767638,5
18.451791326701304,-0.85686053171455967,0.59201440257680482,5
18.432742979914615,-0.88413247171616938,0.58208691628462561,5
18.412132093121159,-0.90952907911918146,0.61360162650298955,5
18.392276599756855,-0.93771650549932239,0.61113171986815229,5
18.371375100292337,-0.96496256892670385,0.6050343978008883,5
18.350872553299794,-0.9920818092858612,0.58415717859807459,5
18.332225007311816,-1.0190945581708286,0.61687645315752815,5
18.312235297572368,-1.0474125042726552,0.58757251436569491,5
18.292142793012189,-1.073610713273089,0.55624452393781065,5
18.273784011368544,-1.0989063741821044,0.53405402786850054,5
18.256101856580823,-1.1231523323374413,0.58307775189207134,5
18.236799863657684,-1.1496263673950908,0.55648395341199941,5
18.217523747308775,-1.1742472497749095,0.58874741048961365,5
18.199003024389022,-1.2016589511318578,0.55176113273885263,5
18.179993492463673,-1.2261511621167216,0.57436931351023268,5
18.159259479255454,-1.2508840809509207,0.60745600077339612,5
18.138885603657869,-1.2782699057336409,0.64109932561428251,5
18.119004233719338,-1.3083104847916127,0.54753506641260596,5
18.100391805939239,-1.3328082407566688,0.58061183194688626,5
18.080961141621145,-1.3590156913907547,0.53008474576269948,5
18.062758756273414,-1.3825924159970864,0.54014081069189224,5
18.043629794586764,-1.4061562023163034,0.51359862382479227,5
18.026098491114766,-1.4290803283142077,0.51378771002610069,5
18.009091114856243,-1.4524089517642826,0.49157754749926935,5
17.991712511026698,-1.4738788775563334,0.50871226789063406,5
17.976414829437203,-1.4980257375444053,0.47834707289667366,5
17.959573091108247,-1.5189735844497143,0.49578240870620272,5
17.940881896754924,-1.5396308186839613,0.49198385664246863,5
17.923633812647061,-1.5612349608511611,0.52478092363476936,5
17.902690513143927,-1.5819931415794048,0.4418425072427466,5
17.88562470190621,-1.6000251947660891,0.44344126716626175,5
17.868426522620076,-1.6180553996260443,0.40156724460431614,5
17.852579748719069,-1.6341185670270582,0.42472171804194364,5
17.834098552136844,-1.649218191554545,0.35036918067848882,5
17.817274160224652,-1.6594423782113878,0.3863154153213551,5
17.798326334557604,-1.670034095785792,0.35561311928296124,5
17.781235358221846,-1.6803869538375915,0.3530519854005672,5
17.762732693195041,-1.687542647133359,0.29141271964111198,5
17.747554015992495,-1.6936856042100601,0.3459452002640746,5
17.728814339769819,-1.6988520801261187,0.32577525196766888,5
17.710766077016913,-1.7019099089011673,0.32787263942223088,5
17.69246601645429,-1.7040374646838394,0.32421256694721623,5
17.674307565573734,-1.7055050285511602,0.38212610290016752,5
17.652878728344113,-1.7041466552334699,0.34652231035986714,5
17.633429866860546,-1.703213110961987,0.37519283637114448,5
17.6123999821029,-1.7017279145760726,0.35637709161470077,5
17.59242904173259,-1.7002575048040018,0.38049581497192164,5
17.571290817174027,-1.6970496754619413,0.38944207803719744,5
17.549468572452618,-1.6954210210672267,0.34712244643376494,5
17.530028952602702,-1.6938256365536626,0.42084230015201751,5
17.506495164885528,-1.6915111136693657,0.44472237724017438,5
17.481641393337654,-1.6889133714209317,0.41531282741280978,5
17.458363100083659,-1.6872643854321785,0.43299188228364005,5
17.434171168777866,-1.6846758848173975,0.44921146911182253,5
17.409050812806427,-1.6822068139639184,0.45860264259788397,5
17.383400984641323,-1.679730349803517,0.48061016949152774,5
17.356397902764364,-1.6793532911504725,0.52924641807272099,5
17.326778881473494,-1.676689009139734,0.47853848946019722,5
17.299921105932064,-1.6753872224745061,0.52689727162542932,5
17.270434452689614,-1.6727247887904984,0.50425755606610156,5
17.242100297021565,-1.6728587190638136,0.55907120030411517,5
17.210751249467627,-1.6708322490476624,0.57523837083478013,5
17.178470080594586,-1.669189944889645,0.59050772149633224,5
17.14541133837162,-1.666345238335496,0.63873575779425285,5
17.109554383864602,-1.6647853974041693,0.61923382267714722,5
17.074912770040829,-1.6615214067840016,0.63396030014983129,5
17.039318703303913,-1.6600976305545529,0.62668239453002772,5
17.0041069540984,-1.6597383436926272,0.69514373693192899,5
16.965069469775926,-1.6583988790165982,0.67438945117689686,5
16.927234387849584,-1.656281840990645,0.65515674676124347,5
16.890449008676917,-1.6548414298206202,0.66714492614793131,5
16.852970367707751,-1.6556420338400235,0.6677935440435343,5
16.815539783233582,-1.653001068600596,0.69503593701974764,5
16.776485663970529,-1.6528529163603158,0.72105382516683059,5
16.735992131115474,-1.6514931200902501,0.70684248308374098,5
16.69627432328361,-1.6514680942647324,0.7400027679164306,5
16.654725542694685,-1.6498287752839893,0.68332188023930385,5
16.616348050287563,-1.6486309202900298,0.68155290390099366,5
16.578117712542699,-1.6463759692354696,0.68090108985693498,5
16.539868891530531,-1.6454446986650737,0.7226109170841577,5
16.499403083576432,-1.6420993816687597,0.68583529383730291,5
16.460898768101089,-1.640502574202821,0.72336710565866602,5
16.420271018870885,-1.63927329765444,0.70952683615678958,5
16.38044671956483,-1.6373932708243633,0.73589985193043261,5
16.339175613359853,-1.6348310721581649,0.74230186062263093,5
16.297466739821552,-1.6351754255769384,0.71385134529341765,5
16.25736106947809,-1.6344830145291462,0.75866869971071982,5
16.214731164581064,-1.6344173255155559,0.76119947095867657,5
16.171961498328699,-1.6348792603689004,0.74686395155829921,5
16.130006371960871,-1.633896236650048,0.78936386538740499,5
16.08565198578097,-1.6340712554857921,0.8152750961072428,5
16.039863730989254,-1.6326375261465023,0.78710704162311873,5
15.995638016204309,-1.6330791294058091,0.78926893435161816,5
15.9512891750046,-1.6328570440963048,0.83212445913101285,5
15.904585433834352,-1.6306161681794009,0.82701609985345181,5
15.858133490473826,-1.6293055652548745,0.84347637370024398,5
15.810753122447654,-1.6281143920916499,0.84586168810486695,5
15.763242234699792,-1.6267890025532781,0.88821456143946742,5
15.713345025426975,-1.6256950792305886,0.86030566944090914,5
15.665051019349001,-1.6235643914413345,0.86936771345663599,5
15.616201664503132,-1.623279463022989,0.89530383448699002,5
15.565909199411795,-1.6220476266716908,0.88409004550483616,5
15.516297057829847,-1.6195013514698813,0.93353200420380122,5
15.463905187231154,-1.6169162614067281,0.89791929371705892,5
15.413454477517172,-1.6175357294065309,0.93795694163472043,5
15.360790477514724,-1.6154764148835827,0.94001990144389502,5
15.307977474523284,-1.6146065644696526,0.88585870402295841,5
15.258212633298882,-1.6135144894736939,0.93687340228264337,5
15.205705029592348,-1.609736238648062,0.8909910088659202,5
15.155647727370154,-1.6106259877248901,0.94727226409067211,5
15.102420985292888,-1.6109419047665154,0.96597817170485345,5
15.048142692135215,-1.6107135630006315,0.88583364135759712,5
14.998374154257352,-1.6098862241015057,0.87645744340530685,5
14.949125846939502,-1.6097281187513834,0.86238704417533585,5
14.900668051258691,-1.6098458394584787,0.94508419284816758,5
14.847568132249648,-1.610560708972085,0.98862169193061789,5
14.792063408448346,-1.6128307251855389,0.79633645008932941,5
14.747317463103387,-1.6126030948958414,0.87486329822289366,5
14.698179343913184,-1.614035254453448,0.90938983050847833,5
14.647085277224427,-1.6133218003354326,0.86003142934760113,5
14.598759849592033,-1.6134413693692586,0.89292627745639064,5
14.548597904222383,-1.6123437493931077,0.85552783685412126,5
14.500566785914511,-1.6103491263057315,0.86761021899236734,5
14.451829467523021,-1.6115220947466966,0.87914475723025876,5
14.40243585386964,-1.6122887174087603,0.83314770200967281,5
14.355779457718201,-1.6161386200457457,0.87420641404200095,5
14.306657973468578,-1.6163794671676044,0.85992816335794853,5
14.258339939143104,-1.6159695640077647,0.86253184445916431,5
14.209876598482101,-1.6164843888601093,0.87458727656984192,5
14.160744024272093,-1.6175194442724674,0.8318576093059934,5
14.114003316567235,-1.617925929323893,0.86238704417533585,5
14.065567700807193,-1.6164552334499911,0.8767898515824637,5
14.016347118390302,-1.6143116073736223,0.83955851382301505,5
13.969194519926349,-1.6157714918321888,0.83185760930601749,5
13.922483385449178,-1.6140600881089506,0.86290177923619293,5
13.874010803154524,-1.6152367532033773,0.84580919168504209,5
13.826496218753201,-1.6141760997618393,0.86238704417533596,5
13.77803842307239,-1.6142938204689345,0.87660941706943873,5
13.728782722447619,-1.6146651873124798,0.88352483472865029,5
13.679152097598365,-1.6134425925948346,0.8558391902809791,5
13.631076619448958,-1.6146248026694536,0.86826250470440436,5
13.582328211097085,-1.6165919794009183,0.86935175223731176,5
13.533480704577947,-1.6161746829341546,0.92367265775504115,5
13.481579491311575,-1.6163767151946713,0.87648594047451178,5
13.432329335666996,-1.6163509778929663,0.85795080931798551,5
13.384167697637437,-1.6142221384304429,0.86494803077956728,5
13.335570140601288,-1.614867483004474,0.89085394961904019,5
13.285516535032556,-1.6154924959844683,0.87907846374368892,5
13.23616173624052,-1.6134793896297852,0.85992816335794853,5
13.187851095221969,-1.6125400142762798,0.86046049581980588,5
13.139512729302458,-1.6135861596490209,0.88132019810217732,5
13.089992292580854,-1.6139538298391045,0.87241095190462536,5
13.041043839567719,-1.6112844282225316,0.88584303994020341,5
12.991269756709666,-1.6108541934686551,0.87694176764039078,5
12.942004814451241,-1.6118874005542816,0.89786056830384653,5
12.891589222945143,-1.6099918756341713,0.8459896344807939,5
12.844083880177473,-1.6082693819505485,0.8435421751883504,5
12.796685028883994,-1.60840188927149,0.85521637007472184,5
12.748631730655354,-1.6079956827651118,0.88588063327350408,5
12.698868737757683,-1.6067712397207359,0.85368008798206418,5
12.650921931003232,-1.6082200342189168,0.92824924710526302,5
12.598765223273682,-1.6077565295838907,0.93073933630834915,5
12.546466905862061,-1.6079530168642142,0.85523259510292127,5
12.498411759306691,-1.6076791784062516,0.86017662617063206,5
12.450114056575256,-1.6058132267138312,0.88116903689851089,5
12.400615799774418,-1.6045924803229159,0.86238704417533585,5
12.352180184014374,-1.603121784449014,0.87026107452532342,5
12.303367795703117,-1.600189495062339,0.91185533436984367,5
12.252130271005559,-1.6002684009080914,0.91415026954637124,5
12.200778861526892,-1.5990217779429488,0.88838639119652696,5
12.150890893887727,-1.5972660143781772,0.87189864774474524,5
12.101929502587476,-1.5955231891005193,0.85810606057974104,5
12.053771561211381,-1.5931296135411621,0.91646973980055257,5
12.002284087030835,-1.5921458783461224,0.88347457627120185,5
11.952646068874659,-1.591452755822143,0.84821739247723971,5
11.904984329811077,-1.5914491984412056,0.89079475842499833,5
11.854965842450227,-1.5895592185012868,0.86737028474517153,5
11.806234069038931,-1.5903350827970026,0.84577966101694646,5
11.758713939657421,-1.5896715335007139,0.88137372814499215,5
11.709191654609082,-1.5901715717392149,0.87822883314479439,5
11.65990638075662,-1.5926608273574212,0.87901847961437718,5
11.610549733637853,-1.5907800890511563,0.89301018931415066,5
11.560371153327628,-1.5908737815107532,0.89359735168937959,5
11.510231387878745,-1.5881877449536042,0.86698625183639755,5
11.461518097734752,-1.5876399287651575,0.86934217536502956,5
11.412676136195808,-1.5868255281531436,0.88348714115360372,5
11.363034421386169,-1.5863971417259979,0.95744806485649525,5
11.309326263610233,-1.5832640962018747,0.88598400671519695,5
11.259542939118525,-1.5834957016900795,0.8434368903433086,5
11.212151481131968,-1.5830987368173544,0.91446897653727666,5
11.160813009940414,-1.5809255375132967,0.84107109622862686,5
11.113559464982465,-1.5801333168220513,0.8923355634671305,5
11.063479982839503,-1.5826114824798756,0.82270623300187995,5
11.017261354021393,-1.5835548330318909,0.83164740480440624,5
10.970537281257105,-1.5827700056475686,0.88603099065626301,5
10.920752108438668,-1.5831339791841899,0.85994429948625717,5
10.872432225786465,-1.5828564440727675,0.85456711634274052,5
10.824557503774507,-1.5791428846827076,0.93059620252685715,5
10.772273972976734,-1.5782804275756996,0.88826455170624707,5
10.722380460357376,-1.5769217681561765,0.88843949548887657,5
10.672494341044942,-1.5750336365429884,0.89440135556242073,5
10.622367513883175,-1.5714210236469244,0.89803982332334698,5
10.572123105286835,-1.5667476180367981,0.86012177691824154,5
10.52379398100098,-1.5671319231674579,0.9027648159078282,5
10.473074838536704,-1.568012430610632,0.90703695795216333,5
10.422114988223093,-1.5671684567709292,0.90262954444950205,5
10.371399542412277,-1.5677842281172714,0.88409004550481163,5
10.321735647681875,-1.5689442582711211,0.89525733719355971,5
10.271437637610346,-1.568109526065073,0.86566644226051215,5
10.22282529396035,-1.5698138150264365,0.85065140053278099,5
10.175053366769118,-1.5682199927377711,0.85541105010199692,5
10.126988978580096,-1.5686079945218898,0.85758844707477599,5
10.078812553936693,-1.5675380994466988,0.85810606057976513,5
10.030606556065599,-1.5685860931461706,0.89350728305166427,5
9.9804131891415313,-1.5697387299930989,0.85764022248315741,5
9.9322404611515882,-1.568404098821075,0.86478438047038941,5
9.8836484490956273,-1.5686523392498559,0.87876271186437172,5
9.8342751670362851,-1.567962913379338,0.90498467611589928,5
9.7834273531770553,-1.5685768363989485,0.90237124262864776,5
9.7327229973266238,-1.5683983994547903,0.8881895652510069,5
9.6828183947468833,-1.5678339483257675,0.82693555941178842,0
9.6363590580794352,-1.5670528175949059,0.87678985158243927,0
9.5870978124744717,-1.5678212885836995,0.83675733981481937,0
9.5400868236925884,-1.5686211811269146,0.90237124262859958,0
9.4893824678421588,-1.5684427441827564,0.77335246439487837,0
9.4459417197140567,-1.5695572776445292,0.64604541100638868,0
9.4096525428539088,-1.5705068846529242,0.73559432320468787,0
9.3683315318272022,-1.5715186232939713,0.68090108985688691,0
9.3300827108150362,-1.5705873527235745,0.65261023045816269,0
9.293413064750208,-1.5703401023160284,0.71627313442750229,0
9.2532593379117518,-1.5730892605270652,0.69038863732996902,0
9.2144662580920773,-1.5732095410370794,0.66203371714097647,0
9.1772671398335852,-1.5729548973226102,0.71168262670982307,0
9.137304927498926,-1.5714701263110502,0.65751193513383466,0
9.1003613037036146,-1.5718810194921256,0.6390832509217601,0
9.0644673826619879,-1.5729685395291275,0.67429479627093614,0
9.0265897892208393,-1.573895966616754,0.74981220535024118,0
8.9844727215769034,-1.5750289833458337,0.71862111432001818,0
8.9440930735029589,-1.5749947158866648,0.6879483397225159,0
8.905437906711887,-1.5747197405781588,0.65027569893921455,0
8.8688987803687507,-1.574606706545759,0.69532336631263425,0
8.8298668410264654,-1.5728701377244807,0.70448676096880547,0
8.7902814012430195,-1.5728469602256956,0.76096974864000799,0
8.7475283699312332,-1.5721175826432914,0.68812984739188565,0
8.7088898380807382,-1.5706512948990374,0.75155714347107327,0
8.6666607339824218,-1.5703264147688047,0.71630025549229492,0
8.6264116056301621,-1.5704263636847822,0.73047576630539723,0
8.5853664206606748,-1.5706475906887913,0.70919820659438004,0
8.5455310313942388,-1.5695617721492114,0.73071887331480911,0
8.5044784531178266,-1.5703124713468881,0.74920125771513624,0
8.4623817170679274,-1.5699894395433862,0.71398740027844054,0
8.4222852883581218,-1.5686351882535119,0.70923342418816959,0
8.3824517474184148,-1.5674170016655156,0.74217847485473354,0
8.3407632054741523,-1.5663053065517083,0.73518675405910394,0
8.2994754643285926,-1.5649344203212587,0.69038863733001721,0
8.2607008677762224,-1.5637310203471078,0.7256309431992658,0
8.2199296605372183,-1.5632941037624954,0.73378873609607465,0
8.1787317759252787,-1.5649695309723555,0.75207393135176748,0
8.1365285484011913,-1.5627914981642927,0.75426632966372542,0
8.0941522896406131,-1.5635237140946616,0.74920125771508816,0
8.0520555535907157,-1.5632006822911606,0.69644001922162557,0
8.0129718610999792,-1.5651704188255442,0.71155393148695556,0
7.973004103785124,-1.5640827519592335,0.7501341410253094,0
7.9308814911609975,-1.5656128728335625,0.7398977529771934,0
7.8893068339978409,-1.5658267065306504,0.77182942258610721,0
7.8459855156310443,-1.5678696646580699,0.70915124708216493,0
7.8061464297111467,-1.5670485822153228,0.74456776395964619,0
7.7643273680451941,-1.5658026707263684,0.75157560629985176,0
7.722107505580535,-1.5648159503540526,0.74021650229320934,0
7.6805236067837264,-1.5656916242932235,0.76114478145722386,0
7.6377816654323212,-1.5641680384203198,0.78696952210830029,0
7.5935614956275668,-1.5642125375343792,0.75160145349838869,0
7.5513286948757887,-1.5641523935009793,0.7774611967046855,0
7.5076490872250865,-1.5634100776314614,0.73977771764983336,0
7.4660892166757744,-1.5625649669412169,0.76355468310638852,0
7.4232167556026809,-1.5609071646931669,0.71440706375527829,0
7.38313141685326,-1.5587587051127958,0.77699344129393311,0
7.3395398174094382,-1.5611950707320021,0.70679536705713153,0
7.299825706231033,-1.5609053088096525,0.75393143465345258,0
7.2574623857575702,-1.5607109484011064,0.78992618555582994,0
7.2130932129638268,-1.5619449116241828,0.74924570706845284,0
7.1709927802604696,-1.5618866159175147,0.75316908588533604,0
7.1287285579542683,-1.5640767287071951,0.77464326250380655,0
7.0852693265588655,-1.566514942653134,0.77155610678163511,0
7.0419517048455234,-1.5682931646837206,0.72373531732082119,0
7.0013350455757077,-1.5662696798448419,0.72382350688413677,0
6.960675874791086,-1.567290660119542,0.80809848285999075,0
6.9152699375307733,-1.566921420147775,0.76806641815314602,0
6.8721124087668173,-1.566715969778846,0.74683050847462229,0
6.8301517374187952,-1.5661300502052429,0.74927904235290343,0
6.7880494563887055,-1.5662041225469903,0.77082559074874213,0
6.744744772962477,-1.5670557682386619,0.72801354771292814,0
6.7039292058819413,-1.5697956848160457,0.76403429836482106,0
6.6610160816207795,-1.571049979633159,0.7408460975445651,0
6.6194210928635897,-1.5727198618628266,0.73550754499895032,0
6.5781019301636121,-1.5735992324554573,0.73740677966101031,0
6.5366707310092522,-1.5730207061887755,0.74295957197958362,0
6.4949470708571084,-1.5744240039948805,0.75625790695556394,0
6.4524550789886916,-1.5739630591627716,0.77545965666513816,0
6.4088875077923646,-1.5746786401525652,0.75472610802380424,0
6.3665020073981324,-1.5760726963250171,0.75395720108927233,0
6.3241368385979442,-1.5760107039648865,0.73542830378147406,0
6.2828564907593076,-1.5741103455407721,0.75413386150512052,0
6.2405135018798887,-1.5724599365996443,0.7516346843047399,0
6.1982788528013799,-1.5725321606146627,0.76832652738662166,0
6.1551102340770285,-1.5731209185362314,0.79636084450243239,0
6.1103772270191925,-1.5719667119076188,0.7377115577448935,0
6.0689293929242609,-1.5725794980766858,0.7550900538153773,0
6.0265383475498382,-1.5743706583943871,0.75862480246960329,0
5.9839121393062769,-1.5740402332839638,0.73511125349361317,0
5.9426059148934129,-1.5739930275376786,0.79866101694912717,0
5.8977331464802347,-1.5733664447760018,0.75866869971071971,0
5.8551180281970474,-1.5722418113750791,0.74692340223216003,0
5.8131481152153768,-1.5723177320435582,0.7454282670721698,0
5.7712902386880813,-1.5738515495713488,0.6942448928674595,0
5.732337065919026,-1.5759555024808787,0.79978606824294496,0
5.6874310276246902,-1.5777115445906986,0.74060631484490302,0
5.6458397355209584,-1.5791166907235326,0.75154606555594039,0
5.6036161764028378,-1.5783947064480515,0.75207393135176748,0
5.5613685890372153,-1.5793935068019849,0.74692340223216003,0
5.5194171593228489,-1.5781457469862987,0.75216617753829984,0
5.4771677236304939,-1.5792769153886486,0.70364718265324311,0
5.4376850786677764,-1.5813734749912554,0.75638633409915224,0
5.3951838451657039,-1.5815743704012286,0.74000276791645503,0
5.3536054913490929,-1.5820529401951493,0.79883126529012083,0
5.3087197846487939,-1.5823529337723867,0.80379076064629928,0
5.2635619485447407,-1.5831787028898301,0.76576857351768701,0
5.2205330911757315,-1.5832398369444638,0.80836287648225014,0
5.1751142156283052,-1.5837971733116127,0.76660527940372514,0
5.1320650266652663,-1.5853143558988281,0.76362010292520655,0
5.0892602422050217,-1.5882912836720857,0.76393621974031845,0
5.0463489662705854,-1.5894132104407808,0.74696427182564096,0
5.0043772049621822,-1.5896214991576763,0.74084609754461384,0
4.9627822162049924,-1.5912913813873448,0.75419641881276167,0
4.9204078057711413,-1.5918912292692964,0.73836959940532165,0
4.8789470333891032,-1.5934305917772802,0.75167529773954256,0
4.8367327159046312,-1.5920467672597169,0.77062034596154816,0
4.7934335774586003,-1.5925013088061384,0.76629026365345143,0
4.7503899334757449,-1.5936213872481035,0.76158218750519702,0
4.7076110255897277,-1.5947451623435303,0.75878940402907857,0
4.6649755757125106,-1.5950765774751883,0.73982273317984015,0
4.6234046152028228,-1.5950256750754432,0.79924804684824158,0
4.5785078185421355,-1.5961198769431801,0.73052515396425433,0
4.5374607852459192,-1.5964734719956057,0.78041476645368435,0
4.4936229329725705,-1.597582460477188,0.75631294983025521,0
4.4511253961239632,-1.5975186197903284,0.77303660814321951,0
4.4077253111839312,-1.5957210561869397,0.73505084745759519,0
4.3664264800779975,-1.5951443782469887,0.72373531732082119,0
4.3257691576201012,-1.5960329904732733,0.75631294983030328,0
4.2832716207714938,-1.5959691497864128,0.73293728619744636,0
4.2420903711001259,-1.5964532645605241,0.75198905486599343,0
4.1998852952493024,-1.5944075998008778,0.75160145349838892,0
4.1576524944975333,-1.5943474557674797,0.78723396139164969,0
4.113423083059125,-1.5950537951236212,0.78245683408959099,0
4.0694935259254308,-1.5932488382133094,0.75669813784523521,0
4.0269830507897098,-1.5941115738653648,0.74215229947893424,0
3.9852926605187164,-1.5931322467999722,0.73794852034058345,0
3.9438392814435872,-1.5941421371142894,0.78940956885154334,0
3.8994830469369575,-1.59444952399845,0.75625790695556394,0
3.8569910550685407,-1.5939885791663411,0.78696952210830029,0
3.8127893685310923,-1.5927093977962343,0.78693778342288234,0
3.7685710470530651,-1.5926215288618764,0.76140725523923525,0
3.7258364990085866,-1.5905684707953078,0.73505084745759519,0
3.6845376679026458,-1.5899917928553569,0.71385134529341765,0
3.6444319975591881,-1.5892993818075665,0.79400507774674389,0
3.599831358549757,-1.5881470235056838,0.77513391824210964,0
3.5562767256405508,-1.5879360281565624,0.77082559074869395,0
3.513012705402403,-1.5858755767830717,0.73982273317984004,0
3.471441744892708,-1.5858246743833257,0.73977771764983336,0
3.4298818743433941,-1.5849795636930812,0.74230186062267911,0
3.3881730008050894,-1.5853239171118538,0.7942986204680238,0
3.3435834517560465,-1.5833773505194726,0.80600775724556151,0
3.2983302141381898,-1.5815539103418566,0.73794852034048708,0
3.2569211949046064,-1.5793869674941776,0.76864431913739661,0
3.213745182873339,-1.5805051976094129,0.73269870291683903,0
3.1725805681425427,-1.5797979999477763,0.77527711682420031,0
3.1290444185006407,-1.5782633241144897,0.74465721316925093,0
3.087203176913917,-1.5786058292065324,0.72330571882448802,0
3.0465717310302622,-1.5776412887549851,0.83887398452177986,0
2.9994357675068812,-1.5779098607778037,0.77344934897664752,0
2.9559931710520502,-1.5791567622879938,0.77797147887804896,0
2.912289535153846,-1.5801352310478896,0.76585554655193722,0
2.8692569811313859,-1.5804611011993561,0.77748975280321686,0
2.8255699801737535,-1.580248257523504,0.74701256937157434,0
2.7835963705386177,-1.5805889142888176,0.76812422781692968,0
2.7404351451211966,-1.5806482000167197,0.75870162097472593,0
2.6978218751647489,-1.5793911985673814,0.76590989968314471,0
2.6547874728155492,-1.5798494367672644,0.7659714952358665,0
2.6117512221396169,-1.580440043015563,0.7774897528031206,0
2.5680642211819986,-1.5802271993397117,0.77513391824220623,0
2.5245206782331664,-1.5792219957000908,0.74501117756506552,0
2.4826701950127941,-1.5802263410342157,0.77533080947394539,0
2.4391063204699321,-1.5806771859271764,0.78222625891614772,0
2.3951675217025823,-1.5795340692589486,0.74448948708510176,0
2.3533429150564444,-1.5786852619152425,0.77090839334751904,0
2.3100363833034905,-1.5796692756553297,0.80437059672780598,0
2.2648674572390561,-1.5812892530632716,0.78225818876301945,0
2.2209120235311346,-1.5813374488307916,0.73977771764983347,0
2.1793447596748976,-1.5810218103342129,0.7424925073882187,0
2.1376303411564095,-1.5817632678982356,0.7728750408603966,0
2.0942025313154176,-1.5819512250210943,0.73741054312133192,0
2.0527694838343322,-1.581505066802829,0.7587894040290788,0
2.0101340339571152,-1.5818364819344879,0.74701256937162208,0
1.9681604243219795,-1.5821771386997989,0.79916123528170313,0
1.9232654759880319,-1.5831389725191203,0.70692100281638826,0
1.8835439715027107,-1.5833786827904355,0.7515571434710252,0
1.8413148674043924,-1.5830538026602037,0.78738905777033485,0
1.797081759312519,-1.584024878113178,0.77044746583764023,0
1.7537900141734184,-1.5839499474659338,0.75184142076400873,0
1.7115479717879865,-1.584551643674617,0.7424214878446036,0
1.6698354015962238,-1.5851607331902233,0.73989775297714522,0
1.6282607444330708,-1.5853745668873103,0.74936792919532091,0
1.5861547667495159,-1.5857133753258914,0.76821093415581887,0
1.5429898446786297,-1.5860373971506272,0.76569246400877333,0
1.4999665322898181,-1.5857014270600116,0.75154606555598868,0
1.4577392765182324,-1.5852441788813634,0.78010176967031042,0
1.4139420874329574,-1.5834410702977832,0.72798686302549631,0
1.3730422087989993,-1.5827375692896082,0.77982779443206784,0
1.3292246881196874,-1.5823905092386088,0.78239653637534201,0
1.2852637094315682,-1.5828358091513781,0.75864309329542601,0
1.2426467428216625,-1.5818435437988718,0.78924080444445166,0
1.1983052949288791,-1.5810919862957009,0.7755348076409605,0
1.1547358754058195,-1.5819399353339119,0.75687415850503215,0
1.1122217036166333,-1.5830674070827992,0.754196418812762,0
1.0698472931827894,-1.5836672549647517,0.73814405120764071,0
1.028441970602664,-1.5812355760202399,0.79445233765498613,0
0.98381175836554746,-1.5822011064930219,0.77987049820292109,0
0.94000532764661671,-1.581059838151524,0.7516346843046916,0
0.89778916183541924,-1.5798083816823763,0.8128000245568473,0
0.85212033680500099,-1.5793030770087331,0.71869834720658965,0
0.81175917199836078,-1.5779451290653972,0.76355468310633989,0
0.76885713769758013,-1.5784052155920119,0.7709083933475197,0
0.72555060594463328,-1.579389229332099,0.74230186062267911,0
0.68386760898055599,-1.5778804300730416,0.76102445071989278,0
0.64110533603511044,-1.5778128927327204,0.76571058600654585,0
0.59808017531956637,-1.5776092906905212,0.77068156503915097,0
0.55481245842795346,-1.5758135754138634,0.79164931197556532,0
0.5103294008531023,-1.5757220098260447,0.74257099477100619,0
0.46865379719594813,-1.5736837383733207,0.79630856984494358,0
0.42391154850445645,-1.5731913719867903,0.72094989946658627,0
0.38340138070882546,-1.5730228881524733,0.79867491613326547,0
0.33852491564217502,-1.5726610414876285,0.72156553700164028,0
0.29799626457923978,-1.5738162381374758,0.74456776395964652,0
0.25615871964598114,-1.5738940071326857,0.77287504086030023,0
0.21273090980499632,-1.5740819642555444,0.74225325655653462,0
