display_minus_y_over_21,display_x_over_21_plus_offset,speed_over_29.5,voltage_V
-0,20.053927105611642,0.45112404577044263,0
-0.001080482627842338,20.079252942590198,0.45956450220367573,0
-0.00046042714664433032,20.10557134965314,0.45025421795653603,0
-0.0010494649963751119,20.129852930910843,0.45170575994667772,0
-0.0014578913861804548,20.156324672425566,0.46652985688755833,0
-0.0017495355567635194,20.18227732641142,0.4617343202360315,0
-0.001396478878185852,20.208214778739489,0.47195331712740363,0
-0.00050030613140874961,20.23530117593528,0.4834417702158641,0
0.00014102576336058736,20.262522665593519,0.48574524588516665,0
0.00039857663629001242,20.289882288045753,0.48574511077086058,0
0.0018135495500468139,20.317085535714646,0.48472033109998064,0
0.0029706421241420295,20.344294864046656,0.47540381807092724,0
0.0028140170986987521,20.370502501299608,0.4616314802366957,0
0.0038056956511268039,20.396166728371234,0.45968850656072063,0
0.0060928548771785459,20.422058575725949,0.45497314299850711,0
0.0066855549695002906,20.447215876594932,0.45474171021142729,0
0.0076833124972332757,20.473138127265216,0.45817365823316691,0
0.0078983105430200425,20.498691584526856,0.47316998411352379,0
0.0080330002214222557,20.526312270909308,0.47665826017589918,0
0.010320159447471292,20.552204118264019,0.47195331712740363,0
0.0092822296467770255,20.579336120433169,0.48347030916228562,0
0.012244484598511463,20.606502884123376,0.46747402040359393,0
0.011679762650003124,20.631816559775707,0.46454032920141874,0
0.016180181176759151,20.658559804089244,0.44943675249310172,0
0.017120188439088496,20.682030830572291,0.4206801925686508,0
0.019355676375044237,20.705729477338426,0.43836982024007726,0
0.0213727973108137,20.731111358158941,0.42731856382832517,0
0.024222591219394678,20.753504685274009,0.41996115666890688,0
0.025447834210264579,20.778130737287896,0.42440890645839274,0
0.028051905729791132,20.801046192263389,0.41522654289886468,0
0.030926015539597257,20.824471613773085,0.42506154278609659,0
0.034328043979336427,20.848400921153857,0.41593001943800145,0
0.037177837887914698,20.870794248268925,0.40257144093908387,0
0.041829754686486489,20.893015998942865,0.43197924839545948,0
0.047070379868051487,20.918321871474451,0.42291783761006968,0
0.052339642126899628,20.939367314296653,0.39444498339844053,0
0.057888061138986098,20.961309759051037,0.3986764542599478,0
0.063040541178617376,20.982874289402108,0.38321878361165385,0
0.066108702087373808,21.003584382462794,0.36057390967155173,0
0.072483715096956031,21.022280249913077,0.38581521148732545,0
0.078569171201937002,21.045113615936526,0.39631571692884449,0
0.08471669874838772,21.065105682043207,0.38687043855161174,0
0.089494516229137844,21.087195380586259,0.40493119784796222,0
0.096845058131209721,21.108966248899513,0.39887440522537693,0
0.10595820958378627,21.128888387380378,0.39726433367026476,0
0.11381539370222797,21.150260058969423,0.39957957732224975,0
0.12331840515195479,21.170302088254942,0.3752870348070394,0
0.13085084020236981,21.188841580921881,0.35794028307162412,0
0.14157942410969868,21.20614395910594,0.35190083252153948,0
0.15151309058446605,21.22256149668404,0.35246406916086476,0
0.16300619704782635,21.239458597480773,0.36218041867925888,0
0.17398658231951458,21.256496871403062,0.34125423021342582,0
0.18388985391775459,21.271624290987884,0.36693104528111359,0
0.19685601302701561,21.290810160525393,0.37740875857257039,0
0.20755420205781169,21.306822420716166,0.32084197731520286,0
0.21856322440678577,21.319600264929072,0.32238982712990533,0
0.2330597103165192,21.332554043788591,0.33384093815081234,0
0.24662929913620246,21.344497010574379,0.34779132783956707,0
0.26406709305083659,21.356348767413458,0.36607833209746293,0
0.27946616014939235,21.369281263952075,0.32518795983574694,0
0.29435074825702368,21.376804385913584,0.30759586358043756,0
0.30904432475336124,21.387171848123423,0.31267728212526874,0
0.32581134411837065,21.392456164522994,0.33880878419134053,0
0.34578970977856033,21.397148425436324,0.35727176697353386,0
0.36521280141993256,21.40017569428462,0.34850367019930195,0
0.38461461664773616,21.402299880537619,0.3631388897549685,0
0.40581855476553336,21.404252490349489,0.39146237087715707,0
0.42860753046155003,21.402295221871274,0.38176415727408425,0
0.44839744788725155,21.398988751226263,0.37898756534407185,0
0.47063114956445623,21.395366490683006,0.40475964368159684,0
0.49294819909669652,21.389806012818276,0.40613107013952171,0
0.51459319239089985,21.383099630417373,0.42720837387941557,0
0.53796736087142671,21.373125388391472,0.46058457348257931,0
0.56223803156546281,21.362871840446012,0.4576685730664059,0
0.58427112705757211,21.350734801147102,0.44002245396120354,0
0.60540468084851029,21.33874805596842,0.43286269075692974,0
0.62667021429693981,21.326887282257509,0.41361288769354998,0
0.64495188691331529,21.314322365376444,0.41279410771502817,0
0.6632834730205478,21.298400101381286,0.43062476984847309,0
0.68215209622068296,21.2833687586552,0.4190288534833832,0
0.69986937635528756,21.268751814311109,0.42010523049875426,0
0.71727406537247806,21.251818738242232,0.43682845900670303,0
0.73452853780626781,21.23398561990961,0.42464773247917892,0
0.74947120564604575,21.216594262943001,0.40290458705654841,0
0.7645640900692191,21.200102948240133,0.41107873791228183,0
0.78000428166240543,21.181925359151329,0.43177332176974942,0
0.79357852112489236,21.16121009871776,0.42401651160933113,0
0.80668259222284444,21.142442176600341,0.40230401885154976,0
0.8195409409317449,21.124196382343349,0.41080616847309409,0
0.83091407904413206,21.103145772148267,0.41232793056239336,0
0.84219779032617859,21.083775355676007,0.40093956939448022,0
0.85452214142983285,21.064767651949275,0.40995716365311741,0
0.86499269835340031,21.043738324075093,0.42413910368625535,0
0.87492317869641956,21.021689063132513,0.40169429773964915,0
0.88311232590250266,21.002391614617625,0.38372911079858008,0
0.89218277788383948,20.982169801186537,0.4042115373628013,0
0.90018219516703568,20.960295157016642,0.4313783639460978,0
0.90618368066204114,20.935756870034215,0.4449489742465198,0
0.91258718410481221,20.911854521053755,0.43540812474999829,0
0.92121306531124625,20.889190604430105,0.41447539320768007,0
0.92754537884959143,20.867742519968438,0.41342744586252556,0
0.93344527956364365,20.844368379511518,0.45613593873697805,0
0.94173729323909494,20.818485248567782,0.46138009152914844,0
0.94710319634790385,20.794349198641122,0.42474584131402199,0
0.95160299211972543,20.771782572627298,0.40942358322117589,0
0.95545504755473787,20.749102136471933,0.40653201495963381,0
0.96022184212918249,20.726916465192982,0.4044599334758211,0
0.96356117637252292,20.704377202163176,0.41268471446736021,0
0.96636347352296614,20.680947017864298,0.41707311857695911,0
0.96762152812308011,20.657682329343437,0.4206241360040221,0
0.97054364698039397,20.633862069315018,0.45179895152068722,0
0.97314101676968112,20.607209630364494,0.47383262307845841,0
0.97807450705419985,20.581147524442585,0.47205410063825742,0
0.9830079973387239,20.555085418520676,0.48553708649013255,0
0.98583285259114528,20.527136780913757,0.47042966601937725,0
0.98653867266009565,20.502336112127182,0.43256929742331768,0
0.98765562913976757,20.478558416740565,0.43332246325794826,0
0.9895219107372073,20.45373038496998,0.45983303313696361,0
0.99082683934052185,20.426979337535698,0.50169178489819555,0
0.9918070188758179,20.397396111179315,0.47734242463542242,0
0.9926600160405179,20.373366472857153,0.45570730778403351,0
0.99395582618087375,20.346228390024891,0.45257789774491669,0
0.99275185960358059,20.322505420606298,0.42947212431119292,0
0.99256117745901895,20.297984057739281,0.44444748152709168,0
0.99234921890088601,20.272559612276968,0.44875763022412285,0
0.99459928152016563,20.247593447712383,0.48321804874711066,0
0.99610434019773542,20.218385095427756,0.4865801931835485,0
0.99653708248876594,20.192945448307654,0.45285299593051065,0
0.99709876494962324,20.167502760855999,0.4942585390678727,0
0.9997460482297621,20.137492974791389,0.50837753465643809,0
1.0007870175181128,20.110489984421566,0.45707736126709392,0
0.99930997316288361,20.086128036669447,0.46173391498436772,0
0.9984046819531478,20.05865460407567,0.48688664638525592,0
0.99776335005838113,20.031433114417432,0.4742722350190639,0
0.99766513423181402,20.005360569626923,0.47780629609345865,0
0.99533846166627615,19.977791568880946,0.47589763619065145,0
0.99395692311670047,19.952007451004661,0.49177556824126273,0
0.99210345840334591,19.922620123741861,0.518012438014126,0
0.99129671248691209,19.893853532823243,0.52602527027039747,0
0.99187183458678874,19.863505356665563,0.5006820759001912,0
0.99048725654955927,19.837592226989951,0.48603760419455977,0
0.98865202876212488,19.808978970523118,0.48512753333296543,0
0.98662578936339129,19.783210054304622,0.46536585730830399,0
0.98329799031572895,19.75695549420438,0.47915215993714166,0
0.98342422046464217,19.729457738958146,0.50765565703224347,0
0.98079407524464624,19.699959641885361,0.49620023553815806,0
0.98082176010026279,19.673755044963961,0.48382951949133468,0
0.97732246805562573,19.645697360004686,0.4826273067567351,0
0.97529318916923557,19.619799431986859,0.47795885579549191,0
0.9719349952450459,19.592254753893339,0.48387713534775845,0
0.97169264181038562,19.565540190437744,0.49839747811679208,0
0.97126055845283299,19.536248431327145,0.50296274215880332,0
0.97010346587873508,19.509039102995139,0.5019402417055715,0
0.96864290065018721,19.479900678336321,0.49278429209573538,0
0.96738118380747962,19.453726484730495,0.44784036209337774,0
0.96732856029570891,19.429589116929908,0.44672757855215323,0
0.96684352395965067,19.403525693134068,0.46623430356634449,0
0.96557876762929185,19.377222487728915,0.47551063081478534,0
0.96674563759982368,19.350087445228205,0.47559794382560155,0
0.96586770177895875,19.323775118828383,0.47656873776509201,0
0.96600001090317955,19.296535387180803,0.49037468097711689,0
0.96534348157014649,19.268668838525926,0.45714226156142723,0
0.96595075634579752,19.245161328064192,0.43886888601493979,0
0.96572967932470577,19.219349847203894,0.45978668104426562,0
0.96705588434159451,19.193501882364913,0.46161122151321377,0
0.96967149105679917,19.167623514210359,0.4493429551698605,0
0.96999656959156344,19.143089990017113,0.43967328765340047,0
0.97341317271463457,19.118354486067169,0.44566078399802583,0
0.97514443516693172,19.093271471029485,0.43841799104661233,0
0.97702895369029163,19.069217510054866,0.42105248903890202,0
0.97854792811772096,19.046075752670216,0.40820846445118147,0
0.98137150168173282,19.023548650966639,0.43277927964741097,0
0.98437696839408773,18.997790173616739,0.43758802515944395,0
0.98822294485379258,18.974851713862719,0.41801063327574095,0
0.99024552200993787,18.951181747954529,0.41722250493586394,0
0.99435241829696086,18.92836621933672,0.39806192003524632,0
0.9991465682602817,18.907341654251724,0.39108942676744662,0
1.0031427613033927,18.885303236761441,0.38971501862840402,0
1.0078110105845353,18.864410723807328,0.38753882827937147,0
1.0138884832708701,18.843097731808104,0.38417043300229514,0
1.0206440911705386,18.823188667943704,0.39215918439059838,0
1.0286495874290424,18.801572047372463,0.39485504163526314,0
1.0348772766987779,18.781159097636976,0.37769966434753588,0
1.0418907649381135,18.76124395310946,0.37662185354292599,0
1.0504636931660418,18.741808371800573,0.36717961018043771,0
1.0589380761006655,18.723665948816524,0.36784960193167043,0
1.0668571850164745,18.703858533767434,0.36784960193165944,0
1.0753315679510982,18.685716110783385,0.35162441410535339,0
1.0853866672878889,18.668956333613259,0.35575363586448339,0
1.0960712700355684,18.651536295788706,0.3515506349174447,0
1.1066634064652507,18.635667439887648,0.32493848107808615,0
1.1176970741821823,18.622111675379827,0.31841789679385657,0
1.1304160825698848,18.608903421959745,0.31334149125134952,0
1.1421278855001555,18.596751585586748,0.32997118675534792,0
1.1582206147170517,18.584367366141482,0.34289345235545099,0
1.1734654735228756,18.574326641405019,0.33364446961477784,0
1.188934778304185,18.562860706212831,0.31582285925354409,0
1.2026627499485611,18.554146583448336,0.30937798672574085,0
1.2212739689198613,18.550093404991369,0.31985028877560218,0
1.237407969275488,18.544936886640034,0.31340569746787561,0
1.2558160186848817,18.543212001234089,0.34599954351457285,0
1.2761672891047082,18.54182854625277,0.36729848697697148,0
1.2970920704692726,18.542884154132459,0.35684231186331278,0
1.3162116894561895,18.543982326653943,0.35950904894949587,0
1.3372003000614594,18.547747182319522,0.39245537812177034,0
1.3598408169733169,18.550440419280232,0.40632342513592606,0
1.3820415603971723,18.556371112550377,0.43120722361187508,0
1.4059884342448565,18.565229552894824,0.4548224914678371,0
1.4299383475801943,18.574217005038598,0.46460212419493913,0
1.4535835065726648,18.586696896758905,0.44771304594345485,0
1.4749758929249392,18.59664823812912,0.4144262485238499,0
1.4951062329677764,18.60779108900886,0.4285527135281742,0
1.5166974677058966,18.620706661432063,0.43144567435327436,0
1.5355991958034783,18.634460151613936,0.42435804704656177,0
1.5549120603117703,18.649236615195761,0.43815507379999241,0
1.5738715386747555,18.665441329564867,0.46255785075993777,0
1.5952899987274993,18.681975313032375,0.46093625355579282,0
1.6147439613562364,18.697264783479955,0.45063399532392479,0
1.6327327081136271,18.716074056488083,0.43216960547236621,0
1.6453059677380841,18.735011023421606,0.4193694027367616,0
1.6599574675181163,18.754544404046857,0.43539017266660673,0
1.6761319334349012,18.773009206298799,0.4319643471561867,0
1.6906453745821426,18.792158591857621,0.44261312303649336,0
1.7048267059976427,18.813639310799026,0.43771339932388625,0
1.7169115603316527,18.833749545252733,0.41061607673629941,0
1.7302463030244926,18.852152222999599,0.40504301094068262,0
1.7409158549780055,18.872424912899763,0.41594535980542996,0
1.7526290862407856,18.893189327344782,0.44177043253499404,0
1.7654133522017035,18.915606572528606,0.42888050810319672,0
1.7741579200707065,18.93631190280011,0.42599636865614893,0
1.7861685450126341,18.958747389973279,0.42913736617318682,0
1.7949222313445934,18.979839755642768,0.41430228121741453,0
1.8020361693205749,19.002519787214435,0.42161060436185405,0
1.8102984108744304,19.024656408604777,0.42050292145004642,0
1.8185606524282862,19.046793029995115,0.41250708702115868,0
1.8233445488843412,19.069140752136828,0.43264929986660466,0
1.8326869435992963,19.093317239663961,0.46687961033783709,0
1.8393580685996247,19.119105715745732,0.46481835517179126,0
1.84690137991224,19.143582791513325,0.44769179343871801,0
1.8505764861299099,19.168151077227627,0.43269765132245375,0
1.853969396106693,19.191693349210418,0.42216133748510604,0
1.8573592665958223,19.215106609393882,0.4395592524275625,0
1.8598982271862308,19.240734352486822,0.43231250334409116,0
1.8609519771801231,19.263557279641674,0.41578757919017606,0
1.8620300430752432,19.28741230119115,0.43446521135980404,0
1.8662239494598929,19.312097437378554,0.48044168280593957,0
1.8719243428546217,19.340490472099344,0.48103775616378069,0
1.8726490226044266,19.365773744436101,0.44669206096583097,0
1.8732356437214435,19.39067302170643,0.46281797208930492,0
1.8746475771475519,19.417747257575996,0.4743885472515556,0
1.8757803538204219,19.443924491513378,0.47427205487056645,0
1.8764186462275401,19.471016969372286,0.4750485807894696,0
1.880130226297045,19.497133396678528,0.48114330777507969,0
1.8814284169915796,19.52485573187629,0.49659801931976166,0
1.8840220883597405,19.552805687357139,0.49407077702331437,0
1.8846694992298147,19.580285200614032,0.48344855892189759,0
1.8856885331711217,19.607110533879609,0.47089434797370699,0
1.8869472105261702,19.633155715686108,0.47081753386108594,0
1.8873215436183164,19.659996250609474,0.4665298568875697,0
1.8862471399657872,19.685580111186685,0.48213716562207298,0
1.8851137043594419,19.714134283480004,0.4870167503932159,0
1.8862464810323147,19.740311517417386,0.48622175644015236,0
1.8888492708634343,19.768648508296216,0.4941560333441104,0
1.8897454436102115,19.795734905492012,0.48581956119388764,0
1.891166495499276,19.823196176759559,0.48961429640103871,0
1.8887193422933923,19.850748657973821,0.48823443084234203,0
1.886907771473705,19.877898902132316,0.49321248345129198,0
1.8873155389300327,19.906158566848291,0.49321248345126728,0
1.885503968110348,19.933308811006782,0.48835281562830712,0
1.8843492560904369,19.960959900704804,0.49568582403122946,0
1.8837194232128023,19.988985864474579,0.50594372901360418,0
1.8827210067515969,20.017795020034995,0.49361472489161184,0
1.8798627171349918,20.044324527849305,0.470866332672225,0
1.8786745707508967,20.070556487754715,0.47549875016554194,0
1.8772498204407033,20.097697610918537,0.49196956155526911,0
1.8754595260345928,20.125750937672326,0.52171280555209332,0
1.8726924210475777,20.156150799466477,0.51269386084120572,0
1.8707488705704074,20.183175072157201,0.49540305431670956,0
1.86948649479423,20.211732284782073,0.51511788010805759,0
1.8691449371327897,20.241042285882017,0.51834480446458997,0
1.8684074404989024,20.269974372578645,0.51409412593394566,0
1.8672800838678594,20.298786568470621,0.50879687998385748,0
1.8657537487767182,20.327091838159951,0.4769051819726825,0
1.8642834061517337,20.352297784333853,0.46625354804645253,0
1.8632454763510369,20.379429786503,0.47470884223622983,0
1.8611517092904601,20.405554016929983,0.46052685243864472,0
1.8607220064870917,20.431122675849409,0.473374696020885,0
1.8605988158258295,20.458749442894973,0.47571016057318116,0
1.860046251827931,20.484579165744613,0.46300761454597494,0
1.8601475071421467,20.510780722334452,0.47433861258265408,0
1.8623330815872454,20.537836716214674,0.46985831616817197,0
1.8629379396301797,20.563510064280973,0.45490419825505057,0
1.8621183768296581,20.58895883239574,0.46067644286744058,0
1.8626094921410212,20.615280279790241,0.46621322770557821,0
1.8632234686469142,20.641340663254521,0.44669646140975366,0
1.8640497331776753,20.665459789065768,0.44213451663914399,0
1.8650383722424522,20.690995004338067,0.45022896922248734,0
1.8662727336962781,20.716008091749938,0.43340315384017736,0
1.8685051821445773,20.739577726716746,0.43303395229507258,0
1.8685790820699222,20.764618177112631,0.46878351875035673,0
1.8715504554846152,20.792171976200827,0.47206159640240253,0
1.8736934771025684,20.817421804890454,0.44686997020932018,0
1.876597981788902,20.842137344393429,0.4325910626220732,0
1.8794751310863564,20.865691777702448,0.40929849117331818,0
1.8818030853403067,20.887839242545084,0.40805318840961352,0
1.8845482549802752,20.911267704386336,0.42283133029464248,0
1.8867867824038822,20.935095362951799,0.43613057730449983,0
1.8904679675968541,20.959921672264759,0.43864455627872706,0
1.8929704543354275,20.984001273765763,0.42256497679480692,0
1.8950648441509359,21.007186913666139,0.40883181846285993,0
1.8989461594181658,21.02955591812875,0.42352082541082275,0
1.9030080861453322,21.05411508284838,0.42380386072527515,0
1.9079178832835655,21.076330752859207,0.40287470190361518,0
1.9129505416163208,21.098285358939819,0.4085520192967303,0
1.9201843012991757,21.120575314781945,0.39742708660745035,0
1.9251865647554089,21.141239802869279,0.37740263138414815,0
1.9308274500854898,21.161631065700167,0.38600118695643948,0
1.9394400382970043,21.182210424503896,0.39107737945371174,0
1.9453509619173566,21.203111653868984,0.37396486578394572,0
1.9519960132172183,21.222317487853463,0.37375869727708128,0
1.9605934039904691,21.242251787660557,0.38420872804231487,0
1.971226482092147,21.260976335968781,0.37157090789766928,0
1.9825876088980212,21.27774746529774,0.36254499258554729,0
1.9935740731450144,21.295043762818683,0.35548728154436088,0
2.0046590826853099,21.311046902014791,0.3332533493288567,0
2.0160822809326513,21.324976731426975,0.33797322349455938,0
2.0292090567766841,21.340028142722868,0.35646332406126791,0
2.0422129714261867,21.355340617948976,0.34034413275975806,0
2.0559145399033616,21.367409556202539,0.31174390312467593,0
2.0679307677097594,21.379130983368359,0.32808416788172273,0
2.0844599014602663,21.390745998929681,0.35306414478235282,0
2.1015820647698353,21.400152612244639,0.34312926093289181,0
2.1181854279124215,21.409442375086499,0.32085933371475489,0
2.1339513207953069,21.416041132131809,0.30670766458884963,0
2.1505863605028304,21.42119947706361,0.32483800127359824,0
2.1689037013934738,21.426576321283825,0.34585061266751499,0
2.1890366048131247,21.426876100356886,0.34980396413249781,0
2.2081683817506543,21.428490320075685,0.35086787711749734,0
2.2284271858524867,21.428658047017862,0.36622147038998043,0
2.2492759800257187,21.426488359914345,0.38352415674770612,0
2.2712791567521382,21.424033286228159,0.3994623463805772,0
2.2934703056022001,21.418604860494312,0.40724357194050897,0
2.3153701397484139,21.411763385630969,0.39162066452292832,0
2.3349216954487835,21.403815530541703,0.39167032607312868,0
2.3565454123294156,21.396206065545506,0.41604240162563105,0
2.3778322221914112,21.385248374429892,0.41579319310307017,0
2.3976946112099506,21.374066103362747,0.42187642463434677,0
2.4181409113245937,21.360288394651256,0.42981767454297742,0
2.4375617690558871,21.346793032190881,0.41595272631623598,0
2.4576759594387831,21.335346656861969,0.42342757338747772,0
2.4766583253704817,21.319667214807684,0.44087427408909624,0
2.4960275118116733,21.303978651758726,0.44551921580728587,0
2.5147246420148339,21.287144184173606,0.44822762482812667,0
2.5316999576953907,21.2684140639088,0.42619398212847281,0
2.5474436219430352,21.252165571146804,0.42060832030153816,0
2.5635163564347669,21.2334567332029,0.43068285035607246,0
2.5792235468305762,21.215660098848964,0.40457624357072636,0
2.592361052292707,21.198311306524154,0.42586980573507061,0
2.6094409922418733,21.178546051533168,0.45953754201302011,0
2.6256183510022093,21.158802078863083,0.42714005101905284,0
2.6379457415935175,21.139923386935681,0.40964968376887317,0
2.6520813340501244,21.121131142165805,0.44879621719911988,0
2.6682161399833229,21.099581004305126,0.45150727394232676,0
2.6823426139769735,21.080401724137264,0.42205449318135096,0
2.6954254086613516,21.060730719424551,0.4229434637492851,0
2.707059466601057,21.039803040365683,0.41861144046767218,0
2.7164954626783189,21.018669023344628,0.401054294888601,0
2.7258329134622761,20.998828164648412,0.3820528600037863,0
2.7351946801474583,20.980019400346823,0.40010723047369245,0
2.7459139989477257,20.95859695641154,0.43353301054296622,0
2.7547856025432171,20.935410911927463,0.43073931616722821,0
2.7622571011964721,20.913032381886485,0.41599734521196252,0
2.7709103377917876,20.89152957145679,0.42388697538864412,0
2.7791402800257665,20.868487740429828,0.47265614166361508,0
2.7881755398436727,20.841296249503465,0.50298915683860856,0
2.7947609364347867,20.814162524876689,0.47317943894527353,0
2.800243621762815,20.789507387421157,0.41554254909946481,1
2.8045220110468101,20.768494983662389,0.3943897569351501,1
2.8105812468072249,20.746407920867192,0.40947181185132625,1
2.8165054634225024,20.7240658748049,0.45632302807909397,1
2.8239934412024335,20.696910867857223,0.46910571893949399,1
2.8292334436290636,20.67290687006145,0.42805362786959084,1
2.8343688217870846,20.649938006991857,0.42097425925395643,1
2.8383315804660145,20.626480459708965,0.43665795895495246,1
2.842776665460081,20.601591621307239,0.45374547082877759,1
2.8486370528346496,20.576540327459053,0.43716935215566499,1
2.852090129809556,20.553352965101048,0.42438543626157127,1
2.8550061696915647,20.529274681473975,0.41507994822465966,1
2.8574490017213852,20.507014724363721,0.43177637763757187,1
2.8625205506386973,20.48133661350824,0.43711023114335373,1
2.8661147257340454,20.458662258015988,0.41381904742289544,1
2.8686591425448245,20.435238154380226,0.41932178163765077,1
2.8712035593556031,20.411814050744464,0.41932178163764133,1
2.8737479761663849,20.388389947108703,0.43691695245452944,1
2.8790926028616224,20.363350814586745,0.45829295400220132,1
2.8822270097438043,20.337589296905293,0.45740937724201125,1
2.8862791952530773,20.312451555899578,0.41513278253312902,1
2.888491502332112,20.291358785646395,0.40080875320062331,1
2.8920644010138918,20.267781347558845,0.42098350779556293,1
2.8948697376519861,20.244480175059298,0.41701729307728452,1
2.8947033714086468,20.220990906586906,0.41593181000060125,1
2.8989331288901945,20.197914314038886,0.43578827704893874,1
2.90259545440232,20.172656682228517,0.47501881964963294,1
2.9047786482932345,20.144852258078711,0.47739527113867314,1
2.9062368329676063,20.119130264707501,0.44506285260459577,1
2.9081183120033067,20.094947291933554,0.46094901577287567,1
2.9106974448666767,20.067520782187064,0.46932290393859349,1
2.912944467998305,20.042425605823148,0.4354616001922651,1
2.914838104984621,20.018758680246513,0.44302800486439697,1
2.9149977694977154,19.992680054792892,0.44018431480964554,1
2.9157370239308524,19.969298515798929,0.4179019353419165,1
2.9172468798953228,19.945769723016294,0.40351228045246068,1
2.9199627897030767,19.924148744239567,0.41575649278334098,1
2.9222158918100098,19.899311591474312,0.45164876490892125,1
2.9253533381798453,19.873679085592183,0.44104898867765807,1
2.9262124143198531,19.849907470868679,0.44464467136126151,1
2.9258532786659761,19.823711994941956,0.46709439514027512,1
2.9282018865785551,19.797452672052533,0.45778405808089023,1
2.9305808893676666,19.772483467156388,0.44203544617097296,1
2.9341355511235285,19.748131958272872,0.43839889776607843,1
2.9353601713594588,19.723448139959398,0.43820158281527266,1
2.9374934517595213,19.699001062923685,0.45722358513275618,1
2.9424178235810841,19.672551921603787,0.46464257619743349,1
2.9456963680713644,19.647432422587418,0.45196838059147942,1
2.9489718730739907,19.622183911771721,0.43943885795004994,1
2.9513782312519785,19.598375813069531,0.45423036054182231,1
2.9535796620688108,19.571345459715694,0.47274267516715113,1
2.9572298296303208,19.545571780708013,0.44544532858203306,1
2.9595042081508232,19.521637710538052,0.43959920794428897,1
2.9630406329807704,19.496512130858566,0.47548864721011846,1
2.9657365480633566,19.468566533583203,0.45119602200473224,1
2.9706322828076361,19.446377821972696,0.41210223133746593,1
2.9722680394542853,19.422716977059174,0.43640293413584452,1
2.9756755241143975,19.397594437711248,0.43734486418849194,1
2.9804149632999661,19.374247660238343,0.411071151690028,1
2.988693537336395,19.353270018000632,0.39847173101365274,1
2.9924288105521879,19.331108669374135,0.38824983690107395,1
2.9959365983048465,19.310243519404036,0.41032574381927278,1
3.0000009417647271,19.285621825595637,0.41999799557006423,1
3.0038712341256595,19.263715460236241,0.39861595545989731,1
3.0073455875141342,19.241431180473533,0.41550071107496911,1
3.0103936070536292,19.217478868314231,0.40343548570129956,1
3.0141592751459467,19.196607637681016,0.3722516597944785,1
3.0175502806793912,19.176261575239785,0.37196455457119704,1
3.0253374099377144,19.156328188722927,0.37693862983326248,1
3.0305335778487952,19.135939561639898,0.38386181201885722,1
3.0338881095303996,19.114045357606731,0.37116318657267716,1
3.0383410312990229,19.094965090506324,0.37290758297337528,1
3.0431169443364237,19.073166454625358,0.3820249082872112,1
3.0504004708660362,19.053761276632041,0.37467286609445494,1
3.0584485199516771,19.033950821251395,0.37028749521824322,1
3.0660051242592177,19.015184621591604,0.37122576919599687,1
3.072748574208279,18.994759510529889,0.38205257127328135,1
3.0822271231126783,18.975431658699428,0.35245334570305337,1
3.0884048988915591,18.958376056078031,0.34863263131173083,1
3.0955503667883808,18.938586883018285,0.36305294276724986,1
3.1037699088709938,18.92057955249668,0.36363632698537646,1
3.1137824553806417,18.90201361013596,0.3508709654595803,1
3.1216486113179451,18.885434530401632,0.31784908793005562,1
3.1288883033320025,18.869644723121059,0.32471273739598272,1
3.1399992399286676,18.853892717693103,0.35000997799384309,1
3.1523995782236458,18.838110308949574,0.32743904081098635,1
3.1612230261275238,18.823832159282251,0.33899859982742631,1
3.173847810397985,18.806624540083,0.35528383750879328,1
3.1837982854661635,18.790899897639058,0.31097164045412118,1
3.1935516699477349,18.777761571844788,0.3241715339257954,1
3.2059520082427158,18.761979163101262,0.33771365024311378,1
3.2177623564662938,18.748534168403424,0.34035079371933313,1
3.2313383537280194,18.733369455672523,0.33475478825079108,1
3.2448857139124621,18.722465172651006,0.32026737603466016,1
3.2583874817821137,18.709625712639568,0.30821637506856225,1
3.2710565766789621,18.699774806333576,0.31879824945184637,1
3.2854426888115102,18.686139993205266,0.31911988914318801,1
3.2993056796010287,18.677680853707873,0.28901343816344305,1
3.3139757457737109,18.670622602013744,0.30073409887417024,1
3.3303402710801229,18.664298896805338,0.32851384929505062,1
3.3485008403012233,18.657545591557152,0.32629055518060279,1
3.3648836025335553,18.65199595714472,0.29205196589991805,1
3.3803047516232518,18.649437916769291,0.29085560014873885,1
3.3971412030934403,18.646717420947404,0.32543422026372404,1
3.4164214388151262,18.643681135227276,0.32518794883341989,1
3.4335887183286542,18.644050841926148,0.32645474060462104,1
3.4530890788497599,18.644881869854309,0.3462882042251651,1
3.4724635386886846,18.645844949913354,0.35059667305361636,1
3.4921688265709463,18.649898232493161,0.37360099279989828,1
3.5135624946116302,18.654428037960034,0.3717128074969186,1
3.5331297238610984,18.658097325473413,0.36640113047293554,1
3.5532947799565267,18.665237770242424,0.37977715600349282,1
3.5735735787835177,18.671730115683236,0.38755037961385203,1
3.5944015726540188,18.679629429590427,0.3769210211938453,1
3.6129056039798981,18.68745445766632,0.35222261211519429,1
3.6291646994401336,18.698559506693442,0.3715976944075835,1
3.6486351411955438,18.709072500234328,0.38839597380691609,1
3.6669633583483878,18.720386927555193,0.38234739724553457,1
3.6849138734546991,18.732097511268716,0.41483610341948579,1
3.7061334851215921,18.745667263683231,0.40372863181993229,1
3.7211639686365663,18.759382952012487,0.37205631318847365,1
3.7374899328251665,18.773326260624831,0.41377163414916318,1
3.7579571798866378,18.787817337623988,0.41179174414410707,1
3.7743999262944579,18.80124155870746,0.37205631318847365,1
3.7893136275902126,18.815476334565584,0.36156242929501825,1
3.8025693436040777,18.830524705529921,0.36862432300789688,1
3.8186435064283133,18.844732118404036,0.36630439529887077,1
3.8313865012505008,18.859921662493928,0.36821840089530866,1
3.8460787960584315,18.875710660607108,0.38247520034017651,1
3.859502965581612,18.892433144631156,0.38930723794120703,1
3.8723189081074723,18.910718971904924,0.39457210058900105,1
3.8855064737045599,18.928350619187384,0.40481200984431909,1
3.8992432343451573,18.947389234936221,0.4147014749599186,1
3.9139841609555326,18.965242421838649,0.40249034195291628,1
3.9251451576871492,18.984470856017957,0.38257214593242711,1
3.9346116952850383,19.002964743711541,0.37620878830362647,1
3.9433319472528132,19.022637979588417,0.40419325649023047,1
3.9550482180032471,19.043531405832766,0.42319865043770338,1
3.9647166434746386,19.065118536378666,0.40176649387683366,1
3.9748400398722983,19.084113269611773,0.38765277592330721,1
3.9822982455306337,19.104978014998178,0.39221655644170861,1
3.9905179342573494,19.125308471197922,0.37509912363792253,1
3.9969051052175439,19.144520385845517,0.37873002346922724,1
4.0052628525770482,19.165234837111694,0.40160208754923105,1
4.0124814148216394,19.186879733957177,0.42164303559324029,1
4.0221741561942501,19.209498958897701,0.43064966910801633,1
4.0291621934880588,19.232311042600255,0.41408510302110413,1
4.036761497266836,19.253688794852412,0.4094674489639753,1
4.0432246554183546,19.27612600448321,0.39608836578757534,1
4.0493782619401077,19.296376094188542,0.38958009940010707,1
4.0563359043573808,19.317898059897814,0.38674091458464249,1
4.0622255515641674,19.337896206667605,0.41134299109446021,1
4.0683535604962886,19.36253573788165,0.44657989074094356,1
4.0727992682452978,19.386956769807284,0.42516917649746278,1
4.0788695269120145,19.409145076834093,0.39510029639442995,1
4.0859257146225927,19.429373884218528,0.40524856303269841,1
4.0938163331052131,19.452164685600181,0.40999207913881641,1
4.0988368334873639,19.473603244483478,0.40908841061368278,1
4.1027485436311242,19.497262366939371,0.4185326606972069,1
4.1080512402541585,19.519726939554182,0.40190891674613655,1
4.1114046368914501,19.54159205814571,0.40948741433628183,1
4.1172413311197307,19.564818540230259,0.41096695558891017,1
4.1200850460530045,19.58695384374667,0.39304256085715938,1
4.125231447117331,19.608260350499084,0.40783167007974774,1
4.1302975398142667,19.631634086372305,0.40832794356161667,1
4.1336478969639101,19.653370193164506,0.3972277031589444,1
4.1380419334228122,19.675598024501561,0.40630296372133023,1
4.1429578095363588,19.698071718111041,0.45985335351953149,1
4.1509608890621381,19.725635956067833,0.4899018078170953,1
4.1569842737256542,19.751310622008063,0.42654501269208417,1
4.1609671737738427,19.772515479945163,0.39775947196213152,1
4.1651154878436962,19.795265439142643,0.40164786180933582,1
4.167695243462,19.817148799723512,0.39542693145860447,1
4.1723410812852668,19.839112526798797,0.40273661170965158,1
4.1753258943389824,19.861760837180963,0.41739832000887267,1
4.1807818470330691,19.885254463858839,0.45287119048482349,1
4.1863016289678727,19.911457338322609,0.45608738656511805,1
4.1902254970622419,19.935632507975814,0.45145403585404592,1
4.1948335793452616,19.961469629362497,0.43953681121351384,1
4.1973117501826129,19.984517136468877,0.43992621951155048,1
4.2032061946762944,20.010194842740663,0.44666972301784058,1
4.2072438055022356,20.033721913065669,0.4221830821270775,1
4.2071583703812152,20.057475285799832,0.40079938092806977,1
4.2089492875422634,20.078731829373403,0.41301345131534595,1
4.2110862301849163,20.103723634464377,0.40233384018787371,1
4.2140072139979212,20.123662697060649,0.39591077090262966,1
4.2166416803939777,20.147868270029427,0.42481981961379728,1
4.2200254719078014,20.171023506614233,0.41446809718806776,1
4.2236610647859827,20.193914638937272,0.42025113207863302,1
4.22603157186707,20.217868268970506,0.41782041102976519,1
4.2279879030497876,20.240669913804453,0.41912941304193491,1
4.2306193299581905,20.264746474973901,0.41978577167759445,1
4.235664146241561,20.287217128251825,0.48006597725765032,1
4.2410263509292463,20.317683472756539,0.44391767629711693,1
4.2413472549320472,20.336780259388657,0.42440890645841678,1
4.2448556654396423,20.365224979745921,0.44487348790675674,1
4.2448444597106993,20.386653099760618,0.39797065049533359,1
4.250159314284347,20.409633719572742,0.38556196283249522,1
4.2538417811657308,20.429038492982365,0.38195373564268537,1
4.257477374043912,20.4519296253054,0.41776416463726235,1
4.2625404272531977,20.475174349379294,0.40476386692142696,1
4.2665263667890372,20.496508219115722,0.38754839262357471,1
4.268845202580029,20.518268648560376,0.4162707693649943,1
4.2757346945805299,20.542373890587768,0.43180595103355973,1
4.2805337884748482,20.565366671726121,0.41788518234754896,1
4.2827631974354938,20.588807294893599,0.39515170553677392,1
4.282739833755941,20.609719367710984,0.38616453988774857,1
4.285589627664522,20.632112694826052,0.39870441795309908,1
4.2875307614089726,20.65426928066336,0.36723913691511051,1
4.2909401505124292,20.673035075739456,0.36932690408624091,1
4.2968693110586988,20.694710375900513,0.38576720774932671,1
4.3007080734987921,20.715273215172527,0.39501456540429852,1
4.3061488287546146,20.738121782853767,0.40632543871191207,1
4.3129684125390995,20.759259753496611,0.40442644304317765,1
4.3175065866061031,20.782129603498745,0.38325461089104912,1
4.3237556989335069,20.800957523079916,0.37092059882506256,1
4.3271060560831502,20.822693629872109,0.39882943116426872,1
4.3333022154320435,20.844749884768039,0.37775277356964426,1
4.3373654238476194,20.863887513584331,0.39240601832943006,1
4.345268200280854,20.887194362163296,0.41162973649038609,1
4.3500247413480331,20.908380978111055,0.3799749603492113,1
4.3575845317873245,20.928081576971948,0.36203493111597468,1
4.3642113461612606,20.946513340160458,0.3498234963764939,1
4.3719925430883837,20.964659716766295,0.35816083117224784,1
4.3788985142155585,20.983988481886989,0.38961047948069766,1
4.3867678562846129,21.005876200673345,0.36929657060776605,1
4.3933612362943704,21.022888834069246,0.3279526746249864,1
4.3999637347670868,21.040288502863131,0.33413165796122984,1
4.406830192554775,21.057940114592558,0.33198410147176693,1
4.414449014947877,21.074670401737347,0.35169656197889571,1
4.4214991236831498,21.094641185523123,0.34857947486723628,1
4.4277026436957598,21.111533928114365,0.31178645281036121,1
4.4359266535985338,21.126571860210102,0.31128516429726788,1
4.4449334229832589,21.141978585714483,0.35174198591463945,1
4.4541694356303632,21.161639660265131,0.39192598251568328,1
4.46660767610968,21.180321643931556,0.39355288330067489,1
4.482703115347495,21.195432139400967,0.37012296275084988,1
4.4939231440329275,21.21169026186417,0.34281235185338732,1
4.5065098432964037,21.225721740091672,0.33349600128055984,1
4.5178253777874904,21.240557692430706,0.32990238523515703,1
4.5303999191003594,21.254073123460891,0.31556828789951702,1
4.5419186231533484,21.26658078274891,0.29978658119085538,1
4.5538059107899205,21.278305250246287,0.32388613915313358,1
4.5681856144804289,21.291778116634674,0.36092839393775283,1
4.5846162029376361,21.304686290520834,0.35659693664989195,1
4.5992294710665833,21.317120981851485,0.32908746345289291,1
4.6134164053465572,21.327887640785534,0.31359972427123545,1
4.629209653618318,21.335647504024799,0.3110772620272656,1
4.644127676090136,21.344589755778912,0.31670977374318449,1
4.6614317325480368,21.350764993447555,0.32332554183937146,1
4.6781032461074012,21.357471479971291,0.32025742873325469,1
4.6955058478586098,21.362353559315096,0.30379808660701019,1
4.7111987930378278,21.365856033176531,0.29368928378786124,1
4.7277912799182111,21.369208212917737,0.31065333890669661,1
4.745304584913332,21.373313181134012,0.34265683885281939,1
4.7659684464505752,21.374245857877487,0.33531547493887981,1
4.7829855093806968,21.373715522312622,0.32828333867734588,1
4.8028301375841567,21.372731264055517,0.35538722227265168,1
4.8226018180839434,21.368650722614536,0.34737198560623728,1
4.8412403924441278,21.36575865035152,0.33341768877055944,1
4.8593236927854919,21.361201586023469,0.33742382465889381,1
4.8783399691922087,21.357913357367799,0.36218742887035543,1
4.8984042460842527,21.349824329152977,0.38343619533109774,1
4.9180695445161886,21.341228374735511,0.38644561841649394,1
4.9381125449946595,21.332236263925388,0.39412658078435298,1
4.9585423659826287,21.323235032120596,0.38872314350122156,1
4.9772625303986047,21.312854194833438,0.36653087288736441,1
4.9947176090174841,21.303535855256474,0.36334040968042952,1
5.0123788966859264,21.292018234427818,0.36910151634347244,1
5.0298035804282817,21.281409776857572,0.37561601169143177,1
5.0478334516803027,21.269108964238274,0.39101623268239061,1
5.0653171673764685,21.255530194951927,0.39971434020039009,1
5.0829085468288948,21.241045302738723,0.38386106118557889,1
5.0992652353607602,21.228913026228998,0.3613405438471779,1
5.112970172792318,21.213745273166538,0.36286488377508724,1
5.1272060683414686,21.199210417774491,0.37829087630677655,1
5.1425689910549268,21.183229069605822,0.38992530365975092,1
5.156234415146999,21.166384163152095,0.39803728829174029,1
5.1722268412713435,21.149742554328999,0.40265820608132596,1
5.1878537232997681,21.134013149095871,0.40424115987961984,1
5.2014674761017439,21.114975042053569,0.40138029184769397,1
5.2138191825942766,21.097128444520791,0.37933483127461204,1
5.226456124815348,21.080436872518849,0.36009252700573285,1
5.2367721439794517,21.063800026484937,0.33796896436005519,1
5.2459428990533343,21.047835602431682,0.37607889055645738,1
5.2596734340745268,21.028278407860508,0.40313362309026329,1
5.2701987017758469,21.009571292374233,0.39139260397756159,1
5.2793889754640544,20.988959403213606,0.38614100523720163,1
5.2886248414670591,20.9702826910429,0.40566208632267858,1
5.2985401243718089,20.947588371103677,0.41244769746205634,1
5.3073648539640965,20.92788868553302,0.40225247907921985,1
5.3165277722634281,20.906115690178439,0.39685985311636468,1
5.3222427403414887,20.885843913568511,0.39252865994165953,1
5.3292075967783763,20.863864580251743,0.41663313125627893,1
5.3371948561109601,20.841473888884536,0.4114568455366297,1
5.3435241301616516,20.819896792623542,0.41183922840564674,1
5.3516403296640673,20.797503060924775,0.41442508886665891,1
5.3561431649235427,20.775065446710283,0.41576610470073427,1
5.3634766049440126,20.752302921602876,0.40415280591655262,1
5.3668432945762232,20.730924764767021,0.4016074487048128,1
5.3730162730682043,20.708189602643628,0.41976050666338538,1
5.3780196715687438,20.685094768106264,0.4151202949139316,1
5.3820006671735889,20.662411291619343,0.41923486754407735,1
5.3873817677206617,20.638920300689325,0.43307902173495599,1
5.3909364294765236,20.614568791805809,0.42382139350624987,1
5.39556516541818,20.591999125460429,0.41999799557006423,1
5.3988710652973362,20.568040732638014,0.42176149543084729,1
5.4016824809107353,20.544997583737121,0.40964893521964019,1
5.4052796954937374,20.522452240044199,0.40456591736233077,1
5.4077164485482552,20.499934259335291,0.41888329865577723,1
5.4099817086058017,20.475613153767345,0.44581657681365938,1
5.4105373120913516,20.449912442717032,0.4241697914223434,1
5.41298926258413,20.428039521004766,0.42173382206729243,1
5.417431308090551,20.403021670803707,0.44254028717894284,1
5.4193097476386027,20.378709686230433,0.47363015677853199,1
5.4219874257952725,20.349990018159104,0.48929394126404807,1
5.4256345538691315,20.324087327352093,0.47858619422514015,1
5.4279527669051832,20.296537886469388,0.45448755591622453,1
5.4276574604920116,20.273051658328555,0.43065246053289014,1
5.4261682581861779,20.248173663379124,0.4478919859373714,1
5.427245701326358,20.22271881460124,0.44756212322955063,1
5.4297597232606067,20.198004592972197,0.4476567134275109,1
5.4321296075867602,20.172648352678067,0.45563731085429687,1
5.4346223531074376,20.14703104845373,0.46136384742994513,1
5.4341342772837278,20.120838612858563,0.45703838964405175,1
5.4337994575310677,20.09567523132646,0.4535934383007672,1
5.432546859151322,20.069888073118619,0.46630237034670047,1
5.4335969469026288,20.043272118146781,0.45749079485336469,1
5.4380511503596622,20.018770315143037,0.44424408931094544,1
5.4373264706098512,19.993487042806283,0.44457303180795604,1
5.4354565267698289,19.968876192450178,0.44001662686321596,1
5.4377096288767595,19.944039039684924,0.44123815897042479,1
5.4382895482635369,19.919370423029235,0.41734667069546194,1
5.4389272179157153,19.89715303056078,0.42118175041542399,1
5.4402716598585217,19.872079136517765,0.45136492315162247,1
5.4414750036808828,19.846492235608999,0.4602177707228709,1
5.4422793690431384,19.820398408497585,0.47383794988053596,1
5.4431883586740026,19.793269446659995,0.44547363924059563,1
5.4445844719069081,19.770388753205559,0.42434620244608084,1
5.4446455911267053,19.745603286076772,0.44390091720329045,1
5.4461189732393436,19.720526351702201,0.4504874280885402,1
5.4475832368890185,19.695062381929645,0.44028608454891227,1
5.447275772525237,19.671060106591497,0.44801706323697699,1
5.4478161785725252,19.644714336544546,0.47303872380785705,1
5.4511871893808026,19.61804365560468,0.45296843249653118,1
5.4510056256991977,19.593909328135645,0.44855059158679661,1
5.4528384729324531,19.56766216657245,0.44209912477565305,1
5.4560336695676979,19.544480884877558,0.4326997076489813,1
5.4576329523625144,19.519271898372104,0.44173897257413131,1
5.4578321302150998,19.494870426309742,0.4576608627329769,1
5.4591309798431098,19.467861355276806,0.43737551324330237,1
5.4600295693226064,19.445766893944569,0.41553037573343521,1
5.4612572290461925,19.421212087430426,0.44070385911913107,1
5.4636392713229585,19.396371894333612,0.42404760237090006,1
5.4654282840406649,19.373740103483158,0.40452090222502757,1
5.4677330574376937,19.351096151306479,0.41250811726916908,1
5.4695007937418314,19.327561277860731,0.42402632402313978,1
5.4729386732784713,19.303728856506083,0.41514276076576118,1
5.4765419668367787,19.281441536411819,0.4202734785936898,1
5.4803545089323045,19.257083946865187,0.44797219906006519,1
5.4834949947897966,19.231580452782389,0.42744105236056906,1
5.4855510063101232,19.20932961666681,0.41588098274196883,1
5.4902752480574275,19.185337780197266,0.43318127601233397,1
5.49513450894987,19.161600926994819,0.41468506018625823,1
5.5006871024939175,19.139913060923835,0.38685107830512905,1
5.5051035504107002,19.119284652231492,0.3673157608222371,1
5.5082457940674363,19.099331705851363,0.3988378118663457,1
5.5132248766667518,19.075204776919371,0.41524014151402372,1
5.518396728676608,19.053784055441717,0.37960535825259134,1
5.5229542747138414,19.03366865361513,0.40015096144455753,1
5.5297567566167158,19.010273230837313,0.43047435158335023,1
5.5357886369882507,18.987025061848165,0.40634662243949887,1
5.5426579876194904,18.966467898655566,0.37455198333825812,1
5.5494287929574284,18.947203893787805,0.37693862983325838,1
5.5556412847888978,18.926145885055679,0.37808483276478799,1
5.5627989106363342,18.906872759193245,0.3576183591104885,1
5.5690691527332099,18.888265974648352,0.37253859418064894,1
5.5768350055779612,18.867429505536201,0.39606728424255294,1
5.5856414982443265,18.84695574916957,0.38041086113245293,1
5.5931920235765613,18.827931525911122,0.36306103048720129,1
5.6034837268394426,18.810262585482587,0.35062359421335526,1
5.6117245453356297,18.793158337556275,0.35141675616007167,1
5.621491369456221,18.775114523055983,0.3476266053418462,1
5.6302661855576543,18.758772184599412,0.33592553356620403,1
5.6403304033573978,18.742399442827271,0.35916303565272684,1
5.6532221864304795,18.725572778362888,0.3590201908835135,1
5.6628935047454219,18.708951133986762,0.32431766908816939,1
5.6736692921226943,18.695401450142054,0.34265915416488846,1
5.6859042163960059,18.678073940138145,0.36241642305312993,1
5.7004253476736961,18.664694110276937,0.32826704393606193,1
5.7125239711134634,18.652533152909264,0.33334772776897753,1
5.7286136608427061,18.64001992166467,0.32633932347271954,1
5.7423385929994284,18.631176787100848,0.29200361464880381,1
5.7567264629312263,18.623092521675204,0.31672813306211822,1
5.7739479771116669,18.61481235715598,0.33202559205867271,1
5.7905430273688667,18.607321465090514,0.33101835330753615,1
5.8083167760804706,18.600577280836994,0.34343774352162898,1
5.8271524410272564,18.595098891924305,0.33829814054864632,1
5.8454041948779452,18.592215940655962,0.35730472343536751,1
5.8668794529744179,18.589256981098693,0.38575507433445339,1
5.8887007365524937,18.590033283058826,0.37333803559448925,1
5.9088275609968397,18.590075038533229,0.37155605116797524,1
5.930415280136474,18.591889515551099,0.40303818583454376,1
5.9537339322616738,18.595986680646636,0.38888151305696195,1
5.9729660122917521,18.601858289743262,0.39586921191637364,1
5.9967079587782832,18.607494475436066,0.43698355826838947,1
6.0198811916069745,18.616371157769855,0.42371268368897569,1
6.0412279856444524,18.624387322150149,0.42489807569590005,1
6.0639219316456554,18.634824307402102,0.44660764492165378,1
6.0863823132084223,18.646299467711799,0.42996493814923326,1
6.1062699703498557,18.65809345825129,0.42012954112992473,1
6.1270693271430741,18.670253201867869,0.42318627345757631,1
6.1469721817227772,18.682692251404003,0.40531225151422706,1
6.1651988140946647,18.695170825250379,0.41293943981345432,1
6.1858844281563146,18.707978668195157,0.42471798200886185,1
6.2040398706237792,18.722911506560326,0.40957028854477062,1
6.2206541100285691,18.738138852502836,0.40194450804288651,1
6.2375231902853709,18.753231105982902,0.40289670242734427,1
6.2522519589451315,18.770568245688018,0.41100887818615373,1
6.2697809374893563,18.786290356506939,0.40678522701227221,1
6.2846204093930309,18.802850385084529,0.40930876331490296,1
6.3007705594085959,18.820283092941846,0.43024345216677912,1
6.3165673232788482,18.839144051586441,0.43035344769275596,1
6.3313264868151391,18.857771309284839,0.41506914977354226,1
6.3444124676312734,18.876567103092807,0.40955291005739675,1
6.3571237858885237,18.895888065092759,0.39578722414374812,1
6.3678797251847286,18.914351549470773,0.40001745784208553,1
6.3785675140641649,18.935398310166903,0.41439924130860467,1
6.3901305287435388,18.955262682348181,0.43240372123819476,1
6.4020182924909417,18.977959233451564,0.4431303457816857,1
6.4134858013646729,18.999245775757011,0.42778962600090698,1
6.4237989276852216,19.020817704645122,0.4213957070111492,1
6.4329515924772904,19.04241699651725,0.41032187720617769,1
6.4397833342123851,19.06407101435741,0.39324151411624203,1
6.4478649643063068,19.084017475490729,0.37617630340373892,1
6.454009452365101,19.103880529798076,0.38595214387755317,1
6.4608381546125422,19.125405535838905,0.40319586274432501,1
6.4681826175393144,19.146918380553505,0.4126127300250953,1
6.4743970138141309,19.1697487062454,0.41200468474257834,1
6.4794327116345372,19.19183232412534,0.39581956706519628,1
6.4853466747425488,19.212862565289754,0.41101894536935646,1
6.4901670450504385,19.236758429023403,0.40453034445252373,1
6.4961917114023624,19.257011559060295,0.40540651621083135,1
6.5008861810280711,19.281039474924825,0.43084043080397366,1
6.5045400108321694,19.304704678043834,0.41568664109075826,1
6.5097076883100646,19.326914267391544,0.42072512264359135,1
6.5156854806587843,19.350653756341853,0.42895448067707398,1
6.5216450360815896,19.373619174496188,0.43621275677469851,1
6.5267445631427128,19.398412040162022,0.43948614613299464,1
6.531300974135628,19.422055960960126,0.4499345735194204,1
6.5339871118217916,19.44845473451748,0.45363361134149904,1
6.5388105216173278,19.472479610050456,0.41513024737189075,1
6.5424217985942859,19.494338647978868,0.41587827455517562,1
6.5477609690691558,19.518351362185616,0.43753993277859998,1
6.5497598530790135,19.542959172210161,0.44694362213826777,1
6.5553812197947723,19.56799790014842,0.46197022271387905,1
6.5601182422476212,19.593831981203547,0.43521776474943846,1
6.5615557732633567,19.616516775564399,0.42394799279473361,1
6.5627870952295311,19.641400851176943,0.44372642490219871,1
6.5650499385543579,19.66626060413703,0.45198909663883235,1
6.5668182976134304,19.692035601018642,0.44269239909266683,1
6.5687989446973729,19.715869340247217,0.4239122850578172,1
6.5693582104255102,19.739607511323594,0.43526189798240533,1
6.5707245515368227,19.76474657020324,0.45421981980621795,1
6.5732665516148847,19.790503325095511,0.43325276137341856,1
6.5738045409294541,19.813338413576592,0.42487434342525676,1
6.5745201022163,19.838234650515361,0.42722478852582529,1
6.5757088713553324,19.861312560937311,0.4278483068491985,1
6.578358535189655,19.886163192902728,0.43874837054446725,1
6.5779014769974049,19.910570745628199,0.44554230424679947,1
6.5795378563989937,19.936219771042044,0.44116383043978774,1
6.5806159222941112,19.96007479259152,0.42378032494571372,1
6.5814330683619131,19.983806883004782,0.42927707785449964,1
6.5849731554344464,20.008120185451986,0.4506759273835006,1
6.5882918360191471,20.033987710154243,0.42739110400612651,1
6.5876511268793125,20.056076090823364,0.38833256396350369,1
6.5879008409776922,20.077627141974279,0.4137015813375729,1
6.5905505048120157,20.102477773939693,0.45317036296947755,1
6.5937372057392354,20.128219327174179,0.44180798105506797,1
6.5948122321466993,20.151945336924324,0.44572087483882383,1
6.5963348688167169,20.178242461666365,0.45416039273539244,1
6.5985916331662358,20.202844191027797,0.45290310517385374,1
6.5998533500089405,20.229018384633623,0.45817936268827786,1
6.6000622690794231,20.254313818296605,0.43554756706719178,1
6.6029394183768773,20.277868251605629,0.43142210422012484,1
6.6041677008553981,20.302623315418842,0.43524527668825952,1
6.6047360850464951,20.326748521893204,0.42947212431118226,1
6.6055623495772586,20.350867647704451,0.44690259259594117,1
6.6074657277814701,20.376897627853161,0.44120112643486747,1
6.6084057350437941,20.400368654336212,0.41231989138423736,1
6.6076543226600499,20.423234146132863,0.41917045882865739,1
6.6101598488862718,20.447442759433194,0.42979210484868863,1
6.6127851968193694,20.471261297003984,0.42073648319208673,1
6.6153953473142098,20.494434775578135,0.42062230098652936,1
6.6191781172881399,20.518096938365584,0.44284850367100248,1
6.6233902605987014,20.543556145348955,0.45144524437036027,1
6.6256531039235282,20.568415898309041,0.42698563109906768,1
6.6277414147637312,20.591343514610763,0.40521980253483947,1
6.6299465078231492,20.61375204338362,0.41454103511772744,1
6.6337323172847364,20.637543217970393,0.43227588105319109,1
6.6353413412974458,20.662031137190283,0.41702556199770785,1
6.6362539931708966,20.684341057479379,0.40644785516746207,1
6.6397667248545531,20.707493253732629,0.41296436069184556,1
6.6439119994367548,20.730114201130782,0.391250887393849,1
6.6463384989840044,20.750968507648583,0.39069848269115198,1
6.6499680128868777,20.773601616372964,0.40988880076819445,1
6.6542452671265631,20.796348535238888,0.4042196763138845,1
6.6569600418900094,20.818486879086855,0.40492790149694902,1
6.6626525985101894,20.841071342506321,0.38666199471401425,1
6.6666020641941968,20.860857070650816,0.35156299549407405,1
6.670788133804292,20.879733635536894,0.35446265623126078,1
6.6751304989730977,20.899768266285367,0.38098100688377434,1
6.6820820624150663,20.921032208395985,0.36879569416011082,1
6.6869037144113603,20.939506536226293,0.35873448457314799,1
6.6933152012727799,20.959750545268513,0.3630815319203971,1
6.699045513433207,20.978461614376577,0.3762297980219077,1
6.7083088814691845,20.999283795121183,0.39723577005885163,1
6.714225884064847,21.020443048084925,0.36712643555046059,1
6.7227655245726945,21.037926123704782,0.34286002457973458,1
6.728102937248317,21.056388290208861,0.34766834876649494,1
6.7371674568984456,21.074246239900475,0.36375570378762073,1
6.7459984121101382,21.093142364649825,0.36166900353016568,1
6.7550568527849597,21.110742290742785,0.36001196893351473,1
6.7642655100431845,21.129242259099481,0.3691915511287967,1
6.7743706695149273,21.147462921536622,0.34236218782151329,1
6.7838810416283657,21.162341438517458,0.351013192852213,1
6.7978240113185286,21.179180773014604,0.35730118526595095,1
6.8083689442782696,21.194163979142314,0.32335739733986368,1
6.8177625341724895,21.209561583652022,0.30917467476012256,1
6.8264840678286767,21.22381328362556,0.31270820520799675,1
6.8376676226622708,21.23852326449683,0.31215504271915268,1
6.8489223674002941,21.250778980849304,0.3115696953795466,1
6.861367968543334,21.264297452211046,0.32647065728018887,1
6.8746948744616194,21.276891558656594,0.32270229936495248,1
6.8888878877168951,21.287916241189301,0.31087198337381583,1
6.9022920625149187,21.298314106714713,0.31875301090999753,1
6.9175196366164915,21.309443478394293,0.32944601344664143,1
6.9323451927703177,21.319936912071903,0.3268084986809483,1
6.94917908086369,21.328059488056695,0.32646535522013542,1
6.9656079115216505,21.335417114240187,0.30248226019527902,1
6.9794731362212428,21.343480606051465,0.30701117601483952,1
6.9965436282407127,21.350694018777844,0.31015569891862055,1
7.0114099794224289,21.357443069943383,0.31067936598390206,1
7.0299396083379406,21.360878656510558,0.32906317226560144,1
7.0473513285521081,21.366147771252347,0.3265472806049658,1
7.065853602078743,21.368422251625571,0.32262619888727612,1
7.0835305632962866,21.368521773399564,0.3334644858626416,1
7.1033009621076664,21.369862767861921,0.3674159219492984,1
7.1247445436392081,21.371035226214708,0.36204167075571081,1
7.143968786894729,21.371098264010012,0.35723703956940878,1
7.1648054231173566,21.368412529709182,0.3502600235874605,1
7.1827749807271557,21.364503564709331,0.33037684080865093,1
7.2012815754298511,21.361485520978544,0.35888051949700234,1
7.2223244207020363,21.356600505426023,0.37796733006043154,1
7.2428788606837777,21.352888757393686,0.34378754899871089,1
7.259489108379241,21.346042924324856,0.34424285413221611,1
7.2782457466470492,21.337210228629633,0.36723787316514606,1
7.296606445942408,21.327999618531098,0.36755369236532914,1
7.3149549872871482,21.318272961235248,0.3542260107104182,1
7.3315044452295597,21.308846892179858,0.37292867316050493,1
7.349887702626889,21.295117828773279,0.39572524178718416,1
7.3679297318295225,21.283333063351296,0.38109041680567018,1
7.3847809046271422,21.270285542920046,0.38868161483880687,1
7.4022555018603517,21.256319738235714,0.38249140861040043,1
7.4187350515867392,21.243926397795775,0.37917312558249483,1
7.4350279108778903,21.229084873500156,0.38250744213205312,1
7.4505653660759723,21.215035661989852,0.36324610591018608,1
7.4645524997484225,21.200893922658903,0.3547447985821956,1
7.4782726346182464,21.186371228593085,0.38071442888839496,1
7.494142199548067,21.169990683700203,0.39943361258283555,1
7.5097721210641453,21.154390290266399,0.35967848182086304,1
7.5226231091093307,21.141308008314095,0.35880946590672869,1
7.5378601311406088,21.125458712276309,0.3768116993886223,1
7.5495914526852035,21.108659410795941,0.37034490176349832,1
7.5603867586768008,21.090462261843861,0.36306397291874004,1
7.572010416465135,21.074569083290349,0.36052252181596772,1
7.5826828612622013,21.056632998268483,0.37557349406110918,1
7.5936040679359742,21.03830379718552,0.39440333350431178,1
7.6044796822949552,21.018039419112633,0.40722562375258986,1
7.616669014253473,20.998776732118802,0.39018432160147448,1
7.6270744602479246,20.980459692362068,0.39187129679860155,1
7.6362525759855195,20.959331756004126,0.39816298366186614,1
7.6448133462628327,20.939380127497927,0.39743676808060963,1
7.6532117420061354,20.918012409530672,0.40920734502157846,1
7.6623898577437304,20.896884473172733,0.40560989822061189,1
7.6670246726606948,20.874572830426011,0.3979759211597747,1
7.6758342048147155,20.854228085858711,0.39722913512025454,1
7.6826822790323872,20.832767840070815,0.40405310959749446,1
7.6916025144303175,20.811645984375989,0.4108824885120011,1
7.6985612918919006,20.789408627460567,0.40726966272664372,1
7.703592045781317,20.767474899117154,0.42049771677960929,1
7.7105143493910653,20.743689400609796,0.41408272129565377,1
7.7184213003562645,20.723365938363397,0.4013339258037476,1
7.7247292979933819,20.700885759507106,0.42053250590842767,1
7.7289468975243167,20.677293119761771,0.44006558631859399,1
7.7349423040440248,20.652496809180686,0.4456479162897064,1
7.7407011066376326,20.628609661858011,0.41711849096805248,1
7.7437916790042678,20.606463514889299,0.42450617096810966,1
7.7492713248446421,20.581679365634443,0.44859289272597547,1
7.7525559483102269,20.556817890216728,0.44040784237048247,1
7.7590944708981358,20.533170524503369,0.42336548446231687,1
7.762295746508685,20.510247266407134,0.43170811569126327,1
7.7672565921820826,20.485346266679176,0.44639053791610661,1
7.7717138351267643,20.460973475474763,0.42931267713955806,1
7.7746481119346909,20.437669262643656,0.42579611615241675,1
7.7774321721592132,20.413465007548812,0.44295903711596735,1
7.7794152359758728,20.388117888249354,0.43748979013921385,1
7.7833779946547974,20.364660340966466,0.43327934749002206,1
7.7878321981118273,20.340158537962722,0.4355562060489338,1
7.7895877764653525,20.316107617319659,0.44712669575067365,1
7.7922003436929037,20.290100237365778,0.44561751611937545,1
7.7935721410245886,20.266187449516718,0.42935645754697677,1
7.7944190592139808,20.241899787595901,0.43418909745901885,1
7.7961655191045471,20.217461831554854,0.42541445457710203,1
7.7975525138744937,20.194194102702436,0.40985477375258705,1
7.7998572872715259,20.171550150525757,0.42242017733697129,1
7.801210847677293,20.146863291880727,0.44188211686041412,1
7.8019136282585926,20.121933611294825,0.45410471318437834,1
7.8024601132811862,20.095845864846527,0.44378216845867552,1
7.8031902492513643,20.07207729045458,0.43264086974425825,1
7.8044118299996406,20.047264460341779,0.43780454908134475,1
7.8060323892080259,20.022958556431622,0.44124203450019084,1
7.805049829118559,19.997681364757977,0.47231076834078173,1
7.8068462024999796,19.969886061602846,0.45832108669809885,1
7.8077083181276388,19.946243458678669,0.43250075867753757,1
7.8085400388787729,19.92131073776121,0.44993667509636681,1
7.8125861454127357,19.895914973156842,0.45650851392265707,1
7.8150819304210692,19.870426680731828,0.45156816743852762,1
7.8168131928733695,19.845343665694145,0.44761168075652152,1
7.8171230739698672,19.820165082504257,0.44324715770077516,1
7.8155110104695087,19.795548151485043,0.41989060553631175,1
7.8131769772402508,19.773142663043746,0.42058629766539596,1
7.8125933956108877,19.748372397572744,0.44252807169117503,1
7.8141987573810123,19.723421434665944,0.43083478424607435,1
7.8130008697790219,19.699956488846009,0.42494891879343488,1
7.8139767281382486,19.675665786593633,0.44167185631467565,1
7.8146703902565919,19.650349070609749,0.46118570105579426,1
7.8214120824064093,19.624373411845369,0.45427085611508838,1
7.822771721787479,19.599944576798997,0.43750400812091911,1
7.8252887832093787,19.57535936696928,0.43860076026395062,1
7.8250950615771684,19.550708992302937,0.42834242120131255,1
7.8246708149941657,19.527225804493661,0.40940452182300302,1
7.8282710690648161,19.504809472600066,0.40478785524844468,1
7.8290224814485656,19.481943980803415,0.42230214367297547,1
7.8329639637139206,19.457583350925226,0.41308398985869332,1
7.836198673688652,19.436079222621601,0.40702766088602654,1
7.8398974730526065,19.412369732403171,0.43459528504758038,1
7.8425404351566907,19.387652470442568,0.42501421286419999,1
7.8449711092359014,19.364876466135001,0.4275935796316353,1
7.8478658727043387,19.339895099912631,0.42709772009468805,1
7.8508153469505286,19.317235946078167,0.41709551341318929,1
7.8554197669909627,19.293634185338163,0.42072855526278274,1
7.8597845436176472,19.270812576057242,0.41308398985869332,1
7.862595959231049,19.247769427156349,0.40990176184214533,1
7.8670987944905271,19.225331812941857,0.40055649029385082,1
7.871619866675915,19.20366826952333,0.41551473321922217,1
7.8756933285987589,19.179433611112916,0.40877268681069157,1
7.8789371570364484,19.158316518207272,0.40187795261459314,1
7.8853619368927852,19.135317251822109,0.4158396933996964,1
7.8898647721522668,19.112879637607616,0.41304273439674,1
7.89500015031029,19.089910774538023,0.41363823264789895,1
7.8992420657424498,19.067350229187316,0.39661022455408129,1
7.9053316963793918,19.046553284385404,0.38280625938012774,1
7.9098710054907047,19.025663811762847,0.37334126466766426,1
7.9157270716892079,19.005905042018675,0.36750922733136826,1
7.9226207382216725,18.9863799732207,0.37931964848289479,1
7.9305246496992154,18.96592749917497,0.37935383447501442,1
7.9380690960561431,18.946645252317868,0.38154904571946086,1
7.9483121675165789,18.926912123100077,0.36919799543850323,1
7.9558930877253387,18.909178017834911,0.34741924142772479,1
7.9634618499834895,18.890927865372436,0.36258444258131817,1
7.9725626968413534,18.871996169934629,0.3509580813479361,1
7.9816014722577506,18.8559057744136,0.34180768349629548,1
7.9904687546771784,18.838012254033536,0.36067134201655898,1
8.0001035991402887,18.819842468065474,0.34624555650098388,1
8.0104530526685735,18.804624751824168,0.34396709364995437,1
8.0214046542188751,18.787585668734486,0.33367128976437849,1
8.0317875421113438,18.773787082285793,0.33633891855812897,1
8.0452254807402852,18.758238374488464,0.35285155944710883,1
8.0575242342543074,18.743620112270445,0.32401903748287347,1
8.0696167787187658,18.731201131304122,0.32327277770977014,1
8.08350232761026,18.718223538498684,0.33458028901386788,1
8.0963441971924883,18.704754221148388,0.32234625750773488,1
8.1090875214814151,18.692578062122934,0.31852118115391304,1
8.1249953180623145,18.683296206524656,0.30595771645519321,1
8.1392755242378492,18.676118064025868,0.31425165108635211,1
8.1566198996128225,18.667576835576433,0.34241442229269325,1
8.1742464712286704,18.660061620858507,0.34618784384125528,1
8.1921096467706214,18.651637242882167,0.36555006633651155,1
8.2131555315304574,18.646881239128973,0.3651357412596663,1
8.2322946691317007,18.643331946543093,0.33857260721434362,1
8.2506784026398723,18.64057496674252,0.34891892467031987,1
8.2711282183530024,18.637898353436363,0.3730558246800918,1
8.2925657209092343,18.638812788190492,0.37706637590962788,1
8.3134783443231832,18.639352348872869,0.37339122604466374,1
8.3343319357833163,18.642862221271347,0.36733172638147588,1
8.3541540058847978,18.646396416322283,0.37416049256846895,1
8.3752034062431289,18.652741507974422,0.39192110054239637,1
8.3967351329165982,18.657655308507728,0.37499467965588323,1
8.4157275695329297,18.664307069063437,0.37478879790641878,1
8.4365373264775165,18.671432312174662,0.40030129991110935,1
8.4576535955642083,18.68061566341202,0.39992369173218656,1
8.4768691964676108,18.691263749415349,0.39279611661331221,1
8.4964655389052002,18.701644690825347,0.40945500755099629,1
8.5167582534820525,18.714203631166136,0.40760446886777174,1
8.5357250925087467,18.725244833230562,0.38905671968358185,1
8.5534420431766147,18.737993592001821,0.41377163414917051,1
8.5725183037588195,18.753679218842059,0.42159473155302335,1
8.5900168874265113,18.768111211667701,0.40937022054187128,1
8.6069102835845381,18.784235559542392,0.42129392679391447,1
8.6243285588848462,18.800734781488842,0.41566574383043431,1
8.6401934731718733,18.81701246381532,0.42750879496263039,1
8.6574024999349639,18.835581955214131,0.42612940531148674,1
8.6718733882550652,18.85292517558236,0.39501170531388768,1
8.6855615170932143,18.869899602541949,0.3837336457119298,1
8.6991085478109191,18.886361022635782,0.39126146316970439,1
8.7126950918681132,18.904499596120882,0.39102893412214762,1
8.7242125142327041,18.922428791312239,0.37071679289011217,1
8.7359574220604159,18.939061787847198,0.37255753450438117,1
8.7482424064686857,18.956714717450556,0.39677712537478343,1
8.7594277191015273,18.976975246024491,0.41192023373537368,1
8.7729035599148091,18.995890930637113,0.39321204107409979,1
8.7818695342716335,19.015042038653565,0.3733633608483799,1
8.7932488980034282,19.032587238778493,0.39239712062881771,1
8.8016340007518092,19.054462796238621,0.42483123499446351,1
8.8094017580399093,19.077514661550488,0.4125351671514863,1
8.8180082672761184,19.097835996755563,0.39692975966469124,1
8.8252207505454034,19.119222870002393,0.40489524070971661,1
8.8339774763650123,19.140444247471208,0.40155609318451213,1
8.8422032440670364,19.16103272726961,0.39085344528568139,1
8.8467079837698552,19.182483447479139,0.4077733624781637,1
8.8551082839565005,19.20500406393591,0.41758620111575667,1
8.8622009455189108,19.226781012912276,0.43059334655066506,1
8.8697412173438739,19.251129076880542,0.44616914255893952,1
8.8759799295199127,19.274991496967061,0.43093226231082432,1
8.8836065886875719,19.297530355413169,0.41607759392089094,1
8.8886514049709398,19.320001008691097,0.43556536267525842,1
8.8965876157683592,19.344726987062671,0.42697765766079798,1
8.9007116139369895,19.366444851865527,0.41233103544694732,1
8.9046294030560542,19.390361997920074,0.42206006926739537,1
8.9083939361040709,19.413250089911553,0.42586012493284925,1
8.9116791823245904,19.437698484821201,0.42335754223795752,1
8.9162082379286343,19.460181299425354,0.40582087143239992,1
8.919061071324867,19.48270363833975,0.41461582125729962,1
8.9233565624904685,19.506224628001643,0.4193150835270118,1
8.9272500357083153,19.529109679661566,0.43814149678249886,1
8.9312103776545229,19.554832990906707,0.43867912378362678,1
8.9345911296806921,19.577859215692186,0.41560707452034346,1
8.9382328015341788,19.601008371613879,0.42596207394360069,1
8.9406124270782303,19.625349037045098,0.43075309725350736,1
8.9431088348414924,19.649170614947444,0.43780315748293763,1
8.9457645776511221,19.674279270511516,0.44155455473838412,1
8.9509717684685111,19.698166013250496,0.44430618902658786,1
8.9540204107629346,19.723523571418554,0.45128046842094233,1
8.9557735723837428,19.748653509303523,0.42379565362254196,1
8.9587492669744968,19.770914784287708,0.40972289251981592,1
8.9599501940641471,19.79450874190697,0.4343697266860721,1
8.963892299084435,19.819457982356141,0.43075309725350491,1
8.964826227371459,19.842670985240535,0.42837579127979614,1
8.9686333132466114,19.867365242422608,0.43542195387256438,1
8.9698433587992152,19.891346235439858,0.44451381865885808,1
8.97097005649678,19.917265445778582,0.44789171573389869,1
8.9718024000028489,19.941642595188483,0.43202005282723654,1
8.9737891260620959,19.965734358015716,0.43780315748294957,1
8.9769545505757407,19.990572828654905,0.44498593570007544,1
8.9775442111804082,20.015601117724565,0.45313561305375222,1
8.9809887924472918,20.041336590295934,0.43279194079437039,1
8.9820395029535369,20.064030505651456,0.40198684430829573,1
8.9829551943146431,20.086469437739879,0.42583992858167519,1
8.9863876176309105,20.111688863113937,0.46536585730830399,1
8.9883092327610399,20.138492914058617,0.45421981980621795,1
8.9902959588202833,20.162584676885849,0.42874451083657783,1
8.9935660076025421,20.186388012798858,0.43356411625653024,1
8.9971091341627236,20.210830327045386,0.43516330883447057,1
8.9981963185208009,20.235072383992847,0.4403988945163983,1
9.0008520613304306,20.260181039556919,0.45338534843385259,1
9.004290563622007,20.285658488529634,0.45594446184924803,1
9.0057949633661085,20.311181542475705,0.44592018573266257,1
9.0075329275486489,20.335666421364039,0.42784830684918651,1
9.0096333963394635,20.359110084863069,0.44600418530715474,1
9.0129642348747812,20.385493656762641,0.44924919667373769,1
9.0148159417888873,20.409330436322772,0.43716350506849483,1
9.0187580468091788,20.434279676771947,0.44326310841447786,1
9.0195964692905513,20.458914849780506,0.43751023605019707,1
9.0196582112652823,20.483439252979078,0.42956398591745454,1
9.0217647590314041,20.50714094007677,0.42855404384659029,1
9.0246571057671225,20.531340432382429,0.43476971702547684,1
9.0274235518206645,20.555671976818978,0.42407373392927833,1
9.0277127792585308,20.578900181361156,0.4225901644971673,1
9.0289289037864364,20.603139197977058,0.45670785414570436,1
9.0320140199327028,20.630044897737054,0.46679418684895763,1
9.0346728022299825,20.655282565100453,0.42591877143213769,1
9.0364910747799083,20.677700214867976,0.428486469302442,1
9.0409580589424845,20.703024329388906,0.44073366610474668,1
9.0446088492589318,20.726560520708585,0.40892377480037584,1
9.0480911860660544,20.748422598968553,0.40276565411401533,1
9.0501825363939101,20.771479227069605,0.42861092339593165,1
9.0545053829483937,20.79616132292545,0.43328324652664107,1
9.0586658549688561,20.819427329320245,0.41740166763544945,1
9.0637167502275329,20.842156006196827,0.41527522376221815,1
9.0692834061655354,20.864872521747177,0.39657486094077921,1
9.073257187750766,20.885690344286296,0.38001309156787055,1
9.0759537255882865,20.907054617338293,0.39495731093310693,1
9.0809955023840061,20.929396258816887,0.39206718450392813,1
9.0854820051609089,20.95007290823045,0.38660992037136027,0
9.0917919072413724,20.971481063798176,0.37903230915025388,0
9.0968987949662097,20.991110417159327,0.38296445434061616,0
9.1048849192544861,21.012479048416811,0.41611763434047572,0
9.1126435580796237,21.035143878330693,0.41012309145382386,0
9.1192052615244439,21.05628792963665,0.3830792498549393,0
9.127016853328092,21.075724424235773,0.37218626707128166,0
9.1331643808745433,21.095716490342451,0.37655822679638157,0
9.1417556926724863,21.115392766550887,0.37630905497785699,0
9.1485418420927864,21.135111607401122,0.36824730361856012,0
9.1550640321981192,21.154578505315811,0.38382692149171932,0
9.1649629826202954,21.174998449004644,0.39711414294926528,0
9.1747147559467255,21.194647362229066,0.39447503639144776,0
9.1847335280757783,21.214677230188357,0.36319285392660544,0
9.1927361314907223,21.231269384539146,0.34675337431874459,0
9.201941749261298,21.249640341096512,0.36667682228649184,0
9.2114052473715358,21.268005216990769,0.35289427138218149,0
9.2226070391310451,21.283489268658002,0.344973682832937,0
9.2320462213400649,21.300822050157631,0.33923722292848979,0
9.2419586114012606,21.316336505140441,0.32944598439428013,0
9.2522578219719556,21.331841839128575,0.32352096042605899,0
9.2629134581756123,21.346047934128759,0.33653604159908324,0
9.2765499157236597,21.360829160499769,0.34636084222592917,0
9.2895143170336762,21.374464482334609,0.33692360117025233,0
9.3034950422640819,21.387430422520357,0.32699003013585154,0
9.3176789370564013,21.398068069655082,0.31431760424875099,0
9.3319826535555883,21.408315641060263,0.31546409058940289,0
9.3467960517587958,21.418293027540564,0.33059268236258577,0
9.3622906246630002,21.429803353955013,0.33268367997547682,0
9.3783599902003409,21.438331207327131,0.32032133287798115,0
9.3950254247843947,21.444779670252213,0.33563540692822563,0
9.4132715757706116,21.452610778991222,0.34719124119702094,0
9.4315980351242139,21.458374658609419,0.34084423817730275,0
9.4503916233546903,21.462062188112139,0.34778570555254429,0
9.4694947632149393,21.467936837540325,0.35416170025452898,0
9.4894092996344135,21.469919850667768,0.37274629534579584,0
9.5112457806507518,21.471341211624537,0.36783450902505527,0
9.5307248647582892,21.471269156957401,0.36848922879814439,0
9.5526142987531362,21.469462182599415,0.40591415255515784,0
9.5761738759804871,21.467357660332528,0.38492462440449532,0
9.5954297958009498,21.463289280217772,0.37558180024217386,0
9.6170839075581149,21.456969933214857,0.40758150786664227,0
9.6393766411891342,21.4503773609555,0.41180702041269396,0
9.6614084549928307,21.443661857559928,0.39890474788554697,0
9.6817336517121895,21.43569576048132,0.38833116735459183,0
9.7015126928756974,21.426451706735651,0.40708188971545461,0
9.7223944453022764,21.414729065818744,0.41838451537753735,0
9.7427817134631027,21.403921668823358,0.39750467366309522,0
9.759746628992291,21.390226049063909,0.40634100104050369,0
9.7795573467207326,21.376850577408185,0.3963628479369018,0
9.7961688761046055,21.364583208436017,0.37952644301882743,0
9.8133916719734522,21.350881508013455,0.3896533132202416,0
9.8310225647653677,21.338073769191517,0.39075742739850988,0
9.8477083235413225,21.323481147499887,0.37719915587195818,0
9.863405113785765,21.310719013651305,0.36362647522855746,0
9.8785557484743496,21.296678923135669,0.39938442401774421,0
9.894376681601722,21.278234189453539,0.42863264362411191,0
9.9121894675419782,21.262195074985282,0.41331317241922227,0
9.9272762729898538,21.245445736683756,0.39408044484276433,0
9.9413345965667244,21.228849732834018,0.3871044572884822,0
9.9536832635716035,21.210874123501913,0.40787034013412243,0
9.9672787794476623,21.191061945663638,0.39692474959460272,0
9.9786141620198023,21.17388472977996,0.37996887807757396,0
9.9893821126225255,21.154526474633929,0.39639436959242946,0
10.001058723389368,21.135404960765651,0.40236635936659609,0
10.01023987861462,21.11440603620704,0.37646855355879805,0
10.016906059683951,21.096177166065463,0.37255525571467174,0
10.025577533205178,21.075448426431734,0.41239388192042253,0
10.035906992008304,21.053906091691797,0.4381151708589755,0
10.045546157647472,21.030443781619724,0.43369392743766277,0
10.053152675445867,21.008320234845844,0.39958490319478013,0
10.060936765216539,20.988257836529655,0.40269386139058072,0
10.066713804736066,20.96514476000295,0.41510471758051098,0
10.073813680318093,20.943420409953283,0.40236729426800782,0
10.07936627386214,20.921732543882303,0.40630307888377815,0
10.085416391159594,20.899258445689121,0.40530959996122978,0
10.091880684355422,20.877936332695224,0.40160744870483983,0
10.094956059283794,20.855145126729877,0.41682178960808219,0
10.098528957965573,20.831567688642327,0.42069327066876583,0
10.102629775277288,20.808494136425864,0.42427493017468787,0
10.10697023600275,20.784640432750319,0.42931845321510104,0
10.111964516040333,20.761158562814973,0.42834778544188651,0
10.115789216086466,20.737317020465653,0.43127461179742466,0
10.119868756984616,20.71334038565389,0.42433688224754523,0
10.121252712266907,20.689943645002145,0.4264556899483028,0
10.125197234019916,20.665712026923288,0.44725411837167067,0
10.127689979540591,20.640094722698944,0.45691453143252503,0
10.130185764548926,20.61460643027393,0.44430864105849099,0
10.133617565110264,20.590515985320629,0.42459198130770265,0
10.133709079206588,20.567020636185124,0.42985878309666298,0
10.134543839445367,20.542216927066995,0.43931454331233288,0
10.135255738489631,20.517674281879078,0.44476526103528558,0
10.137496682645953,20.492321081916508,0.46290145607338601,0
10.137902069548105,20.465720328602458,0.47783291123725413,0
10.137521657480651,20.438621770080434,0.47433897282902565,0
10.137678282506091,20.412414132827479,0.4652053000459207,0
10.137580066679526,20.38634158803697,0.45165762206774362,0
10.138546806575794,20.361663850386613,0.42996299575353009,0
10.138764221354299,20.338036449120221,0.44288523082227682,0
10.140342227735548,20.31192438001947,0.47111997883073564,0
10.139452133964074,20.285096006422329,0.45943828799744496,0
10.140286894202859,20.260292297304201,0.45943828799743297,0
10.139396800431385,20.233463923707063,0.47771680937552735,0
10.138506706659914,20.206635550109926,0.4800794345770738,0
10.13915781595111,20.179512668935448,0.47575237729550052,0
10.13518531605429,20.153273310492992,0.49779932178283109,0
10.13513397423093,20.123714406789066,0.51793115582855109,0
10.13304086610383,20.095107230985345,0.505279584844327,0
10.129931434056342,20.067169436830728,0.48995219518050775,0
10.128651480287724,20.040221172428932,0.49957707602889462,0
10.127706675738498,20.011070586443889,0.50306339692983659,0
10.126159723167254,19.983741367307225,0.47999145148235511,0
10.126436169899572,19.957143654324732,0.47542030611423686,0
10.124385614599614,19.930342643711608,0.47275585341125875,0
10.122092376398257,19.90419277275824,0.46898545893812921,0
10.118764577350595,19.877938212657995,0.47314966459676,0
10.115559639497459,19.851422588627543,0.48901173746647608,0
10.113991410512645,19.823190286895585,0.51141267940905244,0
10.111886144434937,19.794067063894552,0.51329932863717209,0
10.108767593924487,19.76574223434195,0.50634851808879411,0
10.106809504942527,19.73739004180533,0.4864491635416624,0
10.10451626674117,19.711240170851962,0.48137073071745351,0
10.103859737408138,19.683373622197085,0.50262825880380713,0
10.09996450639105,19.654938022834497,0.48844165648519339,0
10.09818702886902,19.6287759905549,0.48819259416399141,0
10.097254382270405,19.600141451767168,0.51059031756115036,0
10.093742932275157,19.571567719610577,0.49932614149885041,0
10.09245386004358,19.5442324198108,0.4845968347776996,0
10.092073447976128,19.517133861288777,0.48699062909609137,0
10.090004655750249,19.489558779879683,0.49900301414980452,0
10.087917626598458,19.461209627674624,0.48489002150030852,0
10.086787889413241,19.435161405536569,0.49160825613659243,0
10.085327324184684,19.406022980877754,0.51179998746309263,0
10.082211813161894,19.377827163124479,0.48786574571635988,0
10.080557196834388,19.351404066914668,0.45149365289373661,0
10.079470012476312,19.327162009967207,0.44900035234584612,0
10.0789819366526,19.30096957437204,0.46745009294603307,0
10.077201419642918,19.274678530293112,0.4781918454704735,0
10.075267646562176,19.247358432151124,0.48228806129806967,0
10.075924834828683,19.2204935745753,0.48015768808628961,0
10.075415482591401,19.193398056384833,0.49039216211890729,0
10.075529554789703,19.165384253941287,0.4988930857097213,0
10.076675148346661,19.137346128845284,0.48917925954364416,0
10.074363673219388,19.110422187095946,0.47345748709119001,0
10.073359836716344,19.084241912827007,0.47312398403585171,0
10.073627164985705,19.057257164446526,0.44102241913518536,0
10.073095254646441,19.034680099564106,0.41829200359808194,0
10.074325953857681,19.010254304849287,0.43396045130690503,0
10.076852133742543,18.986056130417555,0.45327807466055103,0
10.077902221493847,18.959440175445717,0.48281437639251823,0
10.080091494360071,18.931893774894569,0.49818822067571067,0
10.081746769621047,18.903585464873679,0.47109112980397388,0
10.082974429344631,18.879030658359536,0.43846240144651899,0
10.087560612459148,18.854654826823563,0.43740284853242667,0
10.089696932346859,18.830336761587176,0.4184726846257511,0
10.091875805061719,18.807824861541381,0.39889571305157429,0
10.095746097422644,18.785918496181985,0.4196066148239686,0
10.100848041216482,18.761530503319783,0.42758215376051684,0
10.105344797500655,18.738834865506636,0.41581032363502329,0
10.11073805599834,18.715859921773927,0.41057327455029774,0
10.117325210388694,18.694276744849816,0.41369286053751458,0
10.125438370403458,18.671754001351726,0.40597145704072451,0
10.133348360856308,18.651559550904654,0.36695292089019038,0
10.13975058261067,18.633078737827532,0.3568722732901542,0
10.148470687934347,18.614414186983055,0.35279219350049773,0
10.15710136642768,18.597429829861401,0.33199448836632744,0
10.165753321334581,18.581348555335044,0.31301800491994514,0
10.175881368375039,18.567685061348794,0.29786341155183121,0
10.187077410625985,18.555545386302022,0.30409965447021065,0
10.201671489607346,18.54526183962469,0.31486426065770318,0
10.216145746881834,18.535368368676899,0.31945824426030045,0
10.23394077200701,18.529527267018683,0.3192509511161809,0
10.250335692189955,18.524493679803559,0.31219213425599801,0
10.268209743994102,18.522006884927873,0.35975046033112235,0
10.29064229405715,18.521348855437608,0.37320563223947872,0
10.310148733553568,18.522437906964424,0.38592741232620958,0
10.333826850799383,18.525364844871337,0.43260946167819503,0
10.358075439502278,18.530601833839924,0.44049232226869889,0
10.381844741377687,18.537399125726676,0.4498906207656907,0
10.405935752833464,18.546899584736209,0.46263404668964664,0
10.429427655754878,18.558350422393449,0.47224118806690213,0
10.453945001059646,18.569518913799573,0.48363654235796405,0
10.478118078682055,18.582502691390964,0.5082916707514471,0
10.503880991169584,18.597256150194262,0.5132065561165281,0
10.527086376674053,18.612973498224001,0.50762997380326214,0
10.55070593807689,18.629842831453022,0.49736934696393514,0
10.570991291990026,18.647565284098494,0.46780599116050187,0
10.591105152906188,18.663484611884929,0.4456373640208347,0
10.610046394343252,18.678915255458069,0.45259505633412395,0
10.630439412012649,18.695731585176688,0.47049666878252433,0
10.649954164394448,18.713601291610832,0.46598820858076295,0
10.667813970982005,18.732413604950516,0.44713474492927746,0
10.684360059970023,18.750224227211145,0.45319521394946255,0
10.703503189280587,18.768748113636601,0.47658059856988594,0
10.722403635689759,18.787923139721812,0.45390797991911125,0
10.737174957176663,18.807066444617522,0.43951377082234838,0
10.752483315756464,18.827100670782301,0.45440494332553449,0
10.768697295012736,18.847242626425508,0.44696289653079063,0
10.78258731172439,18.867310296237413,0.40798330117607789,0
10.79334629050825,18.885902792414754,0.41598378071107805,0
10.805224935792694,18.908212308120152,0.42536194650597675,0
10.817030633373472,18.927425540641675,0.40976038514787244,0
10.826570118675031,18.949015711519131,0.40814681268603525,0
10.834415144842861,18.969871335910863,0.40595644693374255,0
10.841774805207898,18.992029239622102,0.40898598343333514,0
10.847835945411655,19.013830511250934,0.41595209484013579,0
10.856239285085953,19.036480139507027,0.43333263446548265,0
10.863116619135843,19.060069334337104,0.41955735425134988,0
10.869945321383288,19.081594340377936,0.41703745502915762,0
10.876687636288038,19.104928551940912,0.41391401208389694,0
10.883123439050681,19.126204655377759,0.40456446007112401,0
10.890096278906217,19.14837168008367,0.4310608364416737,0
10.897501531586041,19.17246476078483,0.44029179488696674,0
10.901551300362595,19.196507878307152,0.4409846904743473,0
10.906647787936068,19.221171732173655,0.43928982072874573,0
10.911078298246807,19.244947705102646,0.44101765294723161,0
10.916564645817424,19.269731449773804,0.44480831958580447,0
10.919720951868115,19.294182885015008,0.43853367628884921,0
10.925575883022308,19.318183437895527,0.41683692300558706,0
10.929957761530606,19.33989522203527,0.41345901894333276,0
10.935803574221842,19.363508739517805,0.43117362725720698,0
10.939334542831412,19.387435006567024,0.43259106262206121,0
10.94158522820563,19.411778712329799,0.44229054571709953,0
10.94436991118509,19.436884327562314,0.4452742680479832,0
10.947529256723433,19.461464774602845,0.44538515853084165,0
10.950442879872723,19.486567349503805,0.45774464450873298,0
10.953377779435584,19.512573007000061,0.45268337397928116,0
10.955634543785104,19.537174736361489,0.44143231826613266,0
10.956865865751281,19.562058811974033,0.43600680889449084,0
10.959752133511694,19.586000280681038,0.4361517439947834,0
10.96124133581753,19.610878275630466,0.45421981980621606,0
10.963660474701065,19.63689609445295,0.43516330883452303,0
10.965871646735794,19.659562646824462,0.43001883246067851,0
10.967247106310063,19.685088741102089,0.45968850656071913,0
10.96915048451427,19.711118721250802,0.45874780109411278,0
10.971038665280215,19.736503642402873,0.45341448310476112,0
10.973700487065148,19.761870321565599,0.45271703089752929,0
10.974041385793115,19.787291726696356,0.46176099136412535,0
10.976211762799943,19.813702661579939,0.46405689523953209,0
10.976558740503217,19.83938209030935,0.44210339312536179,0
10.977124085206661,19.863378284984382,0.4432515925195043,0
10.977989863076909,19.889174564186895,0.44221783216467109,0
10.979454749481523,19.913020464741699,0.44339402358810825,0
10.980452507009256,19.938942715411983,0.46852112086954961,0
10.980308039934425,19.965666399862251,0.46864872374397132,0
10.98298201966997,19.991549126222292,0.46351857757239551,0
10.984498577364683,20.017588227365675,0.47429978087991648,0
10.985010969089624,20.044812757355469,0.46411982927326095,0
10.984179248338489,20.069745478272925,0.45933493461779007,0
10.985839943641297,20.096426598081393,0.46852112086956121,0
10.985032538791389,20.122391413393473,0.46304603960344987,0
10.985259694787787,20.148460917852429,0.46064353899494181,0
10.984833031472068,20.174158588571181,0.46635325632282348,0
10.985204325076563,20.20087011169522,0.48010277704767568,0
10.984943075782507,20.228112883674356,0.49617544534781066,0
10.985356922214143,20.256630571988989,0.48114114768016064,0
10.986087680939255,20.282171867924401,0.46276827845848051,0
10.986710775908106,20.308619286786669,0.46621739791524225,0
10.987579593266011,20.33454457778851,0.45952811226177315,0
10.989473853007254,20.360187522539235,0.44923474580285833,0
10.990444255146118,20.384948667015564,0.43408362035562775,0
10.990107018660741,20.408966144011497,0.43528185982646006,0
10.990693639777756,20.43386542128183,0.45128526559139531,0
10.991430477478172,20.459664740815899,0.46622443825785276,0
10.992314492274339,20.486235090814379,0.45248439799836804,0
10.993401676632422,20.51047714776184,0.45320098721296792,0
10.996477674315722,20.536995812123848,0.46953141491209871,0
10.998123172180271,20.563031872935674,0.44566221955894803,0
10.996496533996575,20.587079753247178,0.43784306674593082,0
10.997347114428562,20.612230973453048,0.43966563167305794,0
11.001010062695618,20.636283211970039,0.44881364531269075,0
11.003429201579154,20.662301030792523,0.44220270842503923,0
11.005916490879461,20.685735573296888,0.43279194079437794,0
11.007924493352277,20.710730418719418,0.44907329475813057,0
11.010841155989223,20.735962005419704,0.42576416473647838,0
11.012143667859821,20.758391816513456,0.42146685460392219,0
11.012601348807006,20.783294134115341,0.43084326941818901,0
11.017148641336968,20.806551019515464,0.42767340801816717,0
11.02261067300636,20.830302669791998,0.42159645100772319,0
11.024444142994552,20.853365378556163,0.4301428341917431,0
11.029414729885847,20.878161284553553,0.43589533319986667,0
11.033962022415805,20.901418169953672,0.4075695174615761,0
11.038086020584435,20.923136034756531,0.40361040548550442,0
11.042237374141946,20.946015005753338,0.40438601764182336,0
11.046106531458562,20.967867963018637,0.4017966842086152,0
11.05281845148679,20.989912056588334,0.40660865516496952,0
11.05798308947703,21.011992634136718,0.39332518693169927,0
11.063633093270074,21.03277093236559,0.39076207235024485,0
11.070200875690199,21.054173007270204,0.38647942948633129,0
11.077247944937813,21.074014779256654,0.38162307797234396,0
11.084825972303024,21.094489448913514,0.38180563773351223,0
11.093024384616166,21.113916822517965,0.38435747551137428,0
11.100737431126509,21.134646475441926,0.38507564640393288,0
11.109832345653171,21.153794543126821,0.38181017872192424,0
11.119323199152285,21.173320525215026,0.37737868958440196,0
11.127767333854479,21.192225770959048,0.36245470919850176,0
11.136577012652598,21.210218813113105,0.35605806924795119,0
11.145257751280889,21.228214895598718,0.37027978500322412,0
11.155384187166197,21.247338640631153,0.37175892413552591,0
11.164706587155994,21.265190509659654,0.36048805271569029,0
11.17479958867712,21.282895124899483,0.35242076300345249,0
11.184352513617704,21.299579807070913,0.35488395298937708,0
11.195470957522181,21.317002076059627,0.34168378908307273,0
11.206126593725836,21.33120817105981,0.34621559925135198,0
11.218528360353323,21.3483420131343,0.351013192852213,0
11.229579935529438,21.362926022537795,0.33501515588180403,0
11.242055931549002,21.377734611892819,0.34866334065670429,0
11.256567614897003,21.391333449748977,0.34986750860727411,0
11.270686398760192,21.40468338500115,0.33944214592431826,0
11.284906767404344,21.416869173727811,0.33422323361149847,0
11.300134341505926,21.427998545407387,0.33017347037568368,0
11.31596102414187,21.437177538439261,0.33643212441467085,0
11.332834425574731,21.446977267815321,0.31673633775591192,0
11.346825550956504,21.454908707495711,0.32444407597431191,0
11.365593541597352,21.462985678507145,0.34250238942313199,0
11.382879361129339,21.468386845379818,0.32920399720804855,0
11.401061682874845,21.473508706332932,0.33798593695248702,0
11.420085796056112,21.476029048978585,0.328183674553511,0
11.437676369930969,21.477937776274725,0.32814939607271482,0
11.456903652674143,21.47812982586936,0.36411656048912011,0
11.478589917107083,21.478651144562392,0.38352888474375729,0
11.500003103762092,21.478533484921901,0.38349325613480706,0
11.52162553895432,21.476345555829042,0.39317721337170253,0
11.543715103023422,21.472081276620703,0.38005805255524039,0
11.563051331211273,21.465945667385142,0.36160440919824888,0
11.582801735297489,21.460962043348864,0.38124592898503168,0
11.603762514403046,21.452593709214486,0.38743164306845246,0
11.623323188566376,21.445032889523201,0.38172388153161468,0
11.643231169899712,21.43578579544598,0.39217254315005878,0
11.662316878411611,21.424492754568853,0.39522906823770254,0
11.681399547435854,21.413070701892398,0.39812326221880751,0
11.701007095602384,21.402023523287696,0.40291956403921358,0
11.720332447528031,21.389950330951486,0.40720229173422923,0
11.738712665437712,21.376092255745579,0.41355750260242446,0
11.758274621289448,21.36310990015096,0.40958286794555404,0
11.775074122796967,21.347869179131131,0.40580996665706992,0
11.792527443616605,21.333000291851498,0.40983613167860694,0
11.808780789568269,21.316481614164616,0.40188204995346399,0
11.824281770914514,21.300884261062372,0.40997349051921295,0
11.841032640619586,21.283579351253294,0.41156202936629976,0
11.856131604018071,21.26734606014908,0.39979338751219878,0
11.870552432203217,21.249708840910046,0.3974838225678361,0
11.884211777319983,21.232605910857664,0.38782344608900987,0
11.897088362954801,21.215134187396639,0.40069877763923289,0
11.910048296444657,21.195724246614141,0.40990011383893382,0
11.922501587718145,21.176713502555849,0.41273396714613564,0
11.934273704290641,21.156169818563409,0.41273450916846488,0
11.945026457455093,21.136166504420736,0.3929454352628059,0
11.954115146362348,21.11671876178562,0.39795775577951248,0
11.964330862433902,21.095824526373878,0.41496091764748355,0
11.973238939881226,21.07418662348174,0.41851923484152137,0
11.984879076796236,21.05351696802153,0.41746309845404717,0
11.993268354076577,21.031762214656293,0.40899259075119959,0
12.002977427931766,21.011267175968765,0.40982685104717081,0
12.012146425206405,20.989752204212841,0.41451417635155108,0
12.019627042322622,20.967760709569845,0.41056406890803721,0
12.027245718071626,20.946153209993277,0.4317774134816092,0
12.034536605264952,20.92158451969528,0.43427787658887379,0
12.04149842221419,20.899476174579185,0.4262994753207846,0
12.048291785654104,20.875693716403383,0.4509450615768969,0
12.054535954050513,20.850504289761197,0.44148347819866079,0
12.06109575305199,20.827760006643132,0.43080622750559544,0
12.067499256494758,20.803857657662675,0.44194834621466106,0
12.073638800622557,20.779703365746673,0.43679441161761162,0
12.077202580841377,20.755738892261142,0.42665110143076079,0
12.08077851901081,20.73229046597292,0.42709772009468949,0
12.083046818556006,20.708098372204304,0.43098242438481527,0
12.087777139278618,20.684364559333414,0.43332000913344587,0
12.090816040355152,20.660025211776126,0.43408120526790361,0
12.09373208023716,20.635946928149053,0.43847254015810677,0
12.09895992471318,20.611426883155964,0.44671861587501444,0
12.104445649528863,20.586900757499766,0.44862633339225227,0
12.107076453682332,20.561667448341851,0.45470174964824656,0
12.110474819879483,20.53615787359594,0.42563366136318198,0
12.112665850544952,20.51416202074746,0.41190461661684435,0
12.115066129747632,20.490095898446611,0.44391924620360118,0
12.116008553742677,20.464386066401627,0.44403149964667316,0
12.116858511419727,20.440227416280141,0.43516452180683129,0
12.118341011995325,20.415537517303555,0.44984842564142408,0
12.120443897518854,20.389800322274557,0.4741527764940644,0
12.123412890379374,20.362493703332721,0.4800076653969963,0
12.124466017618332,20.33600676016021,0.45268476587674938,0
12.126215516996549,20.311697815918496,0.45735466901622207,0
12.12738542645473,20.284691785217113,0.46724104987660386,0
12.128462869594914,20.25923693643923,0.44868569241441569,0
12.129294590346046,20.234304215521774,0.44776471467678464,0
12.130761893483376,20.208969257548546,0.45219555033019304,0
12.131323575944233,20.183526570096891,0.45611910518720572,0
12.133555401637599,20.157786334736333,0.46317033601402913,0
12.134356727512202,20.131563495825596,0.47939341566363142,0
12.134866738682957,20.103927607785362,0.4778618760157845,0
12.13451064251673,20.077861143657966,0.44362625405547901,0
12.135756539166232,20.054080407939789,0.45290391503628186,0
12.135634007438444,20.026975768754653,0.46878414892915687,0
12.136321590581481,20.001401029172111,0.45497430765022517,0
12.138430555080316,19.975921857741771,0.45630392634542516,0
12.139372979075361,19.950212025696789,0.45212415935924383,0
12.140330600508673,19.925147252648443,0.43427795244386647,0
12.139771334780534,19.901409081572069,0.43539087047416952,0
12.140596976556358,19.876218337055953,0.46308730574320317,0
12.140480523803877,19.849371721469474,0.46736148410356376,0
12.139230964911786,19.82371357506096,0.44919865744285437,0
12.140839366169562,19.798891623953487,0.44440965740472743,0
12.141668047433038,19.773829891236705,0.45301445867484369,0
12.142220611430938,19.748000168387062,0.44826408483863872,0
12.142674630135534,19.72346360386226,0.43894906602751943,0
12.14505971189995,19.698752422564773,0.44550072561710702,0
12.146530054524934,19.673546476390875,0.47039842381631014,0
12.146782185356031,19.645916669013754,0.47452234087564077,0
12.147079908501917,19.620222038626554,0.4492353309899132,0
12.147269967891544,19.595433531166215,0.44661916985253253,0
12.149381971878032,19.570083371535198,0.43541060125396286,0
12.152445188855792,19.546776118372538,0.42714717562722143,0
12.151735706544249,19.522137905032423,0.44128533850021268,0
12.15321212814454,19.497189982457179,0.44631128448842777,0
12.155201270936503,19.47210088675638,0.45078124293981836,0
12.15653659441635,19.44663995731538,0.43868126855318412,0
12.160238433267962,19.423059478896274,0.42859448104411452,0
12.164189033996276,19.399085884416074,0.43913487119769073,0
12.166568036785387,19.374116679519929,0.45818351243883271,0
12.168139964191328,19.34774658682052,0.44097383079934854,0
12.169014237769598,19.324620031093659,0.40194490363091323,0
12.173016509788015,19.30283963720203,0.40559889248755576,0
12.17646958676292,19.279652274844025,0.41514276076575296,0
12.180057682882964,19.256719895753118,0.4150799482246505,0
12.181828458674753,19.233314034106698,0.43602196762731549,0
12.183550602664095,19.20784398367103,0.43948870248321237,0
12.188415942531842,19.18436515406724,0.43327934749003805,0
12.191967564800052,19.159884633384394,0.42472602382800018,0
12.196467360571873,19.137318007370574,0.40864839010959403,0
12.201099136001181,19.114877352824521,0.40265371529636834,0
12.204189708367815,19.092731205855813,0.39209583383838448,0
12.209238699183148,19.071571548308373,0.38878771319708455,0
12.214023730683513,19.050159947825389,0.38773204134474731,0
12.218038160652538,19.028895601131076,0.38410877548390232,0
12.224259770946967,19.008224627796935,0.38270244979103185,0
12.228148300233816,18.987092333233505,0.4034124674133856,0
12.233016679589214,18.963742515429047,0.40993111820178629,0
12.239870832782193,18.942540293239805,0.40232570385083538,0
12.246448868709583,18.92057008091771,0.42516139225639071,0
12.256490052296515,18.897743708847607,0.41823086620735994,0
12.263869084631773,18.876916360730121,0.39728488867160477,0
12.272798438492668,18.85618154043328,0.3806900250855525,0
12.279704262975743,18.83717251883262,0.37330821042444245,0
12.288654893250206,18.817340781131072,0.38119938788684238,0
12.299189279414485,18.799020701042782,0.3714354310791228,0
12.309999782844345,18.781468611087341,0.35622857186955786,0
12.319404102356668,18.764466011976346,0.33699802148164715,0
12.329489596569983,18.748996352799502,0.32131470508723875,0
12.341042064453895,18.735557438764779,0.34167567977086211,0
12.35197846856593,18.717873296678455,0.35409902227653489,0
12.363752342937671,18.702880160388681,0.33459109503508966,0
12.377122131149836,18.689914728909475,0.33369660439086157,0
12.391541677646572,18.677699045573775,0.33307267289992826,0
12.405046485003876,18.664988597361667,0.32933420301865207,0
12.420012187056468,18.65405087069302,0.34295902588638122,0
12.436117074223976,18.642182698445065,0.35148072170248212,0
12.452510236607674,18.631598563527277,0.35115782623570602,0
12.471303348727318,18.624314009423994,0.33978329036998989,0
12.488183634713058,18.61797814288936,0.35137844744854879,0
12.508674245454083,18.611557147071132,0.34893529666082279,0
12.526281298455611,18.608689397460573,0.3484196349493332,0
12.547519952625997,18.606639601161714,0.36919024498986347,0
12.567607263730855,18.605004203244853,0.36513876745146207,0
12.588553321508986,18.606962893719839,0.37965869896998167,0
12.610030337404705,18.609554481865235,0.37660707261765675,0
12.630487989892385,18.612686439860401,0.40395460847929748,0
12.654146588523878,18.620260842874682,0.44538164938472308,0
12.678551472785481,18.626655897705668,0.42892427808580952,0
12.699673820847481,18.636097272541683,0.41013204768057793,0
12.720295605668417,18.646195867700566,0.41573085654070785,0
12.740956903828847,18.657971616250716,0.4365035508432526,0
12.763420324879261,18.669575788359744,0.43792936551677497,0
12.784336463891696,18.68121644444745,0.42725338492850073,0
12.806247650410951,18.691284636290764,0.42839608694917286,0
12.826552522938414,18.704359623828868,0.42206309941234066,0
12.845451211548337,18.717984102211414,0.42058577457020391,0
12.865000679982725,18.731851402534829,0.42655609883915935,0
12.884550148417112,18.745718702858241,0.42936376515623897,0
12.903236549002171,18.761284438893824,0.42637975994239496,0
12.920264964305332,18.777663770035616,0.42782210785411173,0
12.938453841136978,18.794015738193391,0.41656269455807571,0
12.95329939201596,18.810833790369639,0.40574657993417002,0
12.967914417944154,18.828819029402954,0.41656069883503755,0
12.982796442674974,18.847185223171135,0.41768211127421301,0
12.997288607408645,18.865431526134664,0.40503727709998377,0
13.010988894197405,18.882922000291565,0.39908620940378131,0
13.024701338936779,18.900928521645778,0.40507452370819225,0
13.038674703503469,18.919057974136205,0.41109043402707807,0
13.051392100736027,18.938636959734811,0.41211891478047658,0
13.063590697801605,18.958099094860323,0.40960486055683548,0
13.074647070264616,18.978362663765811,0.41354195257086079,0
13.08660298442879,18.998475938551074,0.41509759628873272,0
13.097791336549287,19.01886547892434,0.41643029824482219,0
13.108605026110897,19.039780187489583,0.40994507206541358,0
13.118117156023583,19.060209252173088,0.39984116242638612,0
13.12698762457476,19.080782530313705,0.40397802665627197,0
13.134850887668506,19.102412225501403,0.41183413484906728,0
13.143487791781245,19.124023678699764,0.4198265557071279,0
13.153546077249784,19.145730700050319,0.40014535538059298,0
13.158932121727855,19.166257055343653,0.39368307471433356,0
13.166540543969594,19.188021842993795,0.40921781376446498,0
13.174529707745521,19.209519486050606,0.43325232374648331,0
13.182204998715623,19.234122533285969,0.4442391981938279,0
13.188431552941049,19.257468906175177,0.4271204452975837,0
13.196316092448368,19.280001683958172,0.41292383037198732,0
13.202119352312463,19.301809036250113,0.39794736881832082,0
13.206630170990588,19.3235177800583,0.41053937625758025,0
13.211954144027194,19.346885435268408,0.4221148268877295,0
13.215212034858837,19.370172723984098,0.41378295511700436,0
13.219357309441042,19.39279367138225,0.40649672543222976,0
13.222210142837271,19.415316010296646,0.41795169401999399,0
13.228184895698339,19.438926487447624,0.4351636868459331,0
13.231982863110535,19.463233709231716,0.43897322718741744,0
13.235783870010383,19.487669942815131,0.44420251266476996,0
13.241009297753683,19.512330756350078,0.42970565722802911,0
13.246953655738222,19.534651115507774,0.41795169401998666,0
13.249836884010985,19.558463572415452,0.42333711151182379,0
13.252582053650956,19.5818920342567,0.44267147596287398,0
13.255388013043985,19.607900732084513,0.46160942887488843,0
13.258955455505394,19.633375140725672,0.42208637872377053,0
13.260884431299235,19.655015679365668,0.42766824271725767,0
13.262407067969255,19.681312804107709,0.45205463665947093,0
13.265044573852963,19.705647388875811,0.42874451083653925,0
13.267663842810757,19.729207902847946,0.42676660876121253,0
13.270682090228656,19.753275343022722,0.43665866045095308,0
13.272812953895999,19.778009124515037,0.4584978384394478,0
13.276017891749134,19.804524748545489,0.46151110929013456,0
13.277513173030277,19.829660767093578,0.45005463335467272,0
13.280687716006886,19.854886273130749,0.45335483090610085,0
13.284764840172313,19.880090496847021,0.42861092339592521,0
13.287101912889218,19.902624997087646,0.41014850860379615,0
13.289586162701875,19.92593052779268,0.43142210422012689,0
13.291207344665198,19.950934494209882,0.43674170249271504,0
13.292804210727294,19.97490636623246,0.44587442259254995,0
13.294320768422008,20.000945467375839,0.45038241886488328,0
13.295671912095056,20.025439467258842,0.43669497702729987,0
13.297409876277598,20.049924346147176,0.4393135989128209,0
13.299540739944941,20.074658127639491,0.4559130499899724,0
13.299261253724969,20.101126828822657,0.45501283130185,0
13.298939214677857,20.125789364815233,0.44831471507157644,0
13.302767576966582,20.1513867045926,0.45497291570932269,0
13.304136957565545,20.176654775271572,0.4237306828847357,0
13.304147028250178,20.19898597788157,0.43581198348005518,0
13.307867726782639,20.225489440585793,0.45536651118672111,0
13.3080584089272,20.25001080345281,0.43784239167983674,0
13.31095987412588,20.274597331156457,0.44572508747136458,0
13.313102895743835,20.299847159846085,0.4436744979883227,0
13.31432509924705,20.324344200060644,0.43103272459441816,0
13.318365749560645,20.34800028218498,0.43155794805619357,0
13.321390075953849,20.37232574595841,0.4257641647364544,0
13.322584924068188,20.395661679979018,0.41225875373136511,0
13.325959597119052,20.418429881165839,0.41899119789077632,0
13.328459044369973,20.442380470867516,0.43772060792219086,0
13.328664923952802,20.467546892731175,0.45250329600467842,0
13.330559183694049,20.4931898374819,0.43334998938712882,0
13.332002793685092,20.516132655441407,0.42297462533054297,0
13.333740757867634,20.540617534329741,0.43249976950429186,0
13.33598232477889,20.56457420469453,0.44506128266488787,0
13.339426906045771,20.5903096772659,0.45090829605157617,0
13.340139427844965,20.615076902405342,0.43042282187039899,0
13.343787178673759,20.638484081925693,0.426721932389936,0
13.346934366261491,20.662548481768916,0.43304287782609385,0
13.34866929095638,20.686904348857915,0.43427725397941858,0
13.351948458201594,20.711094720168909,0.43580888925749678,0
13.354202183063462,20.73556743773101,0.42645644256123316,0
13.358485516278455,20.758572380195591,0.4141792043692783,0
13.362762770518142,20.781319299061511,0.40665564927575742,0
13.366512106127889,20.803562332056352,0.39382222883340628,0
13.370498045663728,20.824896201792779,0.4000271450239008,0
13.374649399221235,20.847775172789589,0.40456347054151248,0
13.378647496707691,20.869625089723332,0.40589433926921636,0
13.383701431454018,20.892482778399238,0.41391745626710391,0
13.389133068246885,20.914944310682493,0.43114745285555195,0
13.39718302177587,20.939022189725868,0.43506597084345372,0
13.401343493796336,20.962288196120664,0.39410393634751956,0
13.40723010151547,20.982157331091123,0.38595214387757182,0
13.414316684102573,21.00367625646884,0.3874316056360792,0
13.421999335736391,21.023115791399515,0.38818809026162521,0
13.428576236619476,21.044904901702118,0.3940698613626975,0
13.433713519220843,21.065824373056547,0.38471739535050498,0
13.441930168459905,21.086025817456967,0.37938123967717519,0
13.449738720775899,21.10533330025676,0.36610712851086108,0
13.457789955993295,21.123989643396801,0.38085015547434337,0
13.467173145736146,21.144421748411858,0.36825804160475112,0
13.476336210679577,21.160986539778634,0.34375542418891669,0
13.482969104028825,21.179676326565801,0.35074663602416878,0
13.492024505215996,21.197147240859429,0.36619716558167703,0
13.503038324851865,21.215604644574327,0.36444105728645537,0
13.512852169619759,21.232412257881972,0.35588018005972383,0
13.523712733184574,21.249840607533802,0.36657801193768641,0
13.535847501009439,21.266593494873415,0.34746973986994145,0
13.545505050218626,21.282243042318669,0.32497821911073099,0
13.554646838748486,21.297904751090144,0.32484165020654182,0
13.565956294264264,21.312482679830527,0.3162253618476274,0
13.575451468939439,21.326716137814724,0.32444858186142445,0
13.588688948027382,21.340990437983091,0.33782504136984171,0
13.600885787293716,21.354902025405934,0.33407024013065101,0
13.614488810477583,21.368264121984332,0.33445126533841502,0
13.628325398099893,21.380588043504996,0.34261288981963367,0
13.644848452875094,21.391945035467661,0.3384942405942839,0
13.658292141012604,21.404020054384336,0.32511272011564624,0
13.673381656481395,21.414765430997491,0.32538551546475575,0
13.688950458777676,21.423950504692478,0.32688273227051334,0
13.705784346871047,21.43207308067727,0.34111081488856376,0
13.724264062295704,21.438866014358538,0.3339883316718294,0
13.741411823194902,21.443883186164779,0.31722409074992841,0
13.758433683411923,21.449032410101911,0.33485669406062901,0
13.7777643087353,21.453610860873699,0.33959712714266083,0
13.79565835526461,21.457448684496647,0.33434623034615146,0
13.814922111859621,21.459188875683218,0.34093841193424118,0
13.833802087432796,21.461067199663791,0.35133820175983527,0
13.854405159216977,21.459419640420698,0.34506592524002344,0
13.872423348629225,21.457574864210095,0.3414526003756691,0
13.892480264857554,21.454649348299956,0.3695738126207051,0
13.913574781419843,21.451957533336014,0.38454355118665984,0
13.935001407713871,21.446934384989493,0.39722200397406071,0
13.956646401008078,21.44022800258859,0.40092588677897883,0
13.977895455329829,21.433143705784378,0.38294944068817366,0
13.996928210863219,21.425079000222009,0.37065046057332568,0
14.016077748615828,21.416495207130772,0.37665580225794709,0
14.035206009954866,21.407008331444239,0.38141796988130183,0
14.054190133685811,21.396879437092622,0.38284894141808057,0
14.072232162888444,21.385094671670636,0.37186240159663914,0
14.08939592680348,21.374363282964179,0.38170985709207417,0
14.10832533975667,21.361912176224653,0.37403752906209631,0
14.124724581115672,21.351586064905526,0.36916906266802962,0
14.141008321943868,21.336357505211922,0.3890359894020381,0
14.15838437388377,21.323684858852427,0.37550256205410892,0
14.174860884122509,21.311162506613158,0.36376106948624803,0
14.189894736591874,21.297641503626394,0.39245384758955332,0
14.20837349979486,21.28249027009565,0.40659488677414468,0
14.223349601998818,21.266518042921653,0.37756762938286592,0
14.23837129651757,21.252480992737578,0.38543092362681242,0
14.255035778879952,21.236985288450647,0.37097957197110731,0
14.26733757188163,21.222496038031956,0.3591020640570613,0
14.281672012724087,21.206668024315071,0.39052749164576922,0
14.297022777486927,21.19017062894909,0.37852219567145934,0
14.3078454388674,21.173134586190962,0.36280378608732161,0
14.320491499551427,21.156830049587008,0.37955800059679135,0
14.332702107923518,21.138470445188474,0.37962100903395918,0
14.342726812383777,21.120420550025067,0.35917902458149076,0
14.352253993090626,21.103156886983857,0.36970194029757109,0
14.362377242844186,21.083813833495611,0.39025786788235706,0
14.370667974831225,21.063352238455213,0.39760731708533059,0
14.38259638696243,21.043966620325165,0.38771265846041292,0
14.389741854859246,21.024177447265423,0.38069002508554362,0
14.398431565306396,21.004222778427664,0.39333290698010487,0
14.408407637964206,20.984108694475008,0.38356424997821231,0
14.414779464842038,20.964337763404604,0.3813446093152707,0
14.425022536302468,20.944604634186817,0.37098180647504697,0
14.431163838229514,20.926000889973484,0.37938616816721688,0
14.439169334488016,20.904384269402243,0.39986628481637226,0
14.445252886149655,20.883329301001673,0.40311742329856731,0
14.451689823956604,20.860846081813822,0.39689827322700155,0
14.457920552713992,20.840562143877666,0.39147522359529929,0
14.463982827962056,20.818604092881799,0.39826291868515823,0
14.469415599799234,20.79730630254036,0.39731420641131104,0
14.475091054537804,20.775357372539162,0.40493495440096228,0
14.479464949627451,20.752922798656225,0.42722424893371269,0
14.483913074109177,20.728162972053827,0.43334162818589439,0
14.490214992770987,20.705424769598878,0.42035870680847809,0
14.496255991605484,20.682563636007714,0.428362399504577,0
14.500200513358497,20.658332017928853,0.42192836095016284,0
14.506907489455719,20.636358765275201,0.41415451724137331,0
14.508669146784552,20.612565868230796,0.4174661788701502,0
14.511354661715771,20.58965477146079,0.41760481387220177,0
