PEPD	D276N	1	2	Jan 27, 2026	208
PEPD	R184Q	1	1	Oct 01, 2025	211
PEPD	G278D	1	2	Nov 26, 2024	212
PEPD	G448R	1	2	Jun 04, 2026	213
INPP5E	R515W	1	2	Aug 19, 2025	397
INPP5E	R563H	1	2	Oct 04, 2024	398
INPP5E	R435Q	1	2	Oct 30, 2025	399
INPP5E	R378C	1	2	Sep 08, 2025	400
ADAMTSL2	R113H	1	2	Dec 19, 2024	694
TMEM43	S358L	1	2	Jan 03, 2026	734
CC2D2A	R1528C	1	2	Nov 05, 2025	744
WASHC5	V626F	1	2	Nov 19, 2024	1161
WASHC5	L619F	1	2	Jul 22, 2025	1162
PJVK	R183W	1	2	Feb 13, 2026	1297
VANGL1	R274Q	1	1	Apr 25, 2025	1347
LPL	A203T	1	1	Nov 17, 2025	1519
LPL	G215E	1	2	Feb 01, 2026	1522
LPL	P234L	1	2	Dec 21, 2025	1527
LPL	R270H	1	2	Dec 26, 2025	1530
LPL	G169E	1	1	Nov 20, 2025	1532
LPL	D277N	1	2	Dec 31, 2025	1539
LPL	W113R	1	2	Apr 03, 2025	1540
LPL	A361T	1	1	May 04, 2022	1543
LPL	R102S	1	1	Dec 16, 2022	1545
LPL	D207E	1	1	Oct 18, 2021	1547
LPL	R270C	1	2	Sep 10, 2025	1548
LPL	L392V	1	1	Nov 07, 2025	1551
LPL	I252T	1	2	Dec 09, 2025	1554
L2HGDH	P302L	1	2	Feb 01, 2024	1607
L2HGDH	G55D	1	1	Nov 30, 2023	1610
L2HGDH	H98R	1	2	Aug 01, 2024	1612
ALDH3A2	P315S	1	2	Dec 15, 2025	1640
ALDH3A2	K266N	1	2	Apr 29, 2026	1643
ALDH3A2	N386S	1	2	Apr 29, 2026	1644
FIG4	I41T	1	2	Feb 01, 2026	1721
CBLIF	Q23R	0	2	Jan 27, 2026	1742
CBLIF	S46L	1	2	Mar 02, 2026	1746
MRAP	M1I	1	2	Sep 30, 2017	1841
D2HGDH	V444A	1	1	Jan 10, 2025	1852
SLC6A19	D173N	1	2	Jan 19, 2026	2019
ALG3	R171Q	1	2	Sep 22, 2025	2129
NCF2	A128V	1	1	Apr 09, 2026	2246
NCF2	R395W	0	2	Feb 03, 2026	2248
BCKDHA	Y438N	1	2	Feb 12, 2026	100009
BCKDHA	G290R	1	2	Aug 22, 2025	2377
BCKDHA	F409C	1	2	Aug 04, 2023	2378
BCKDHA	G249S	1	2	May 23, 2026	2380
BCKDHA	T310R	1	2	May 10, 2025	2381
ASL	R95C	1	2	Apr 29, 2026	2398
ASL	Q286R	1	2	Feb 01, 2026	2399
ASL	R385C	1	2	Nov 16, 2025	2401
ASL	V178M	1	2	Mar 20, 2026	2402
ASL	R379C	1	2	Feb 01, 2026	2403
EXT1	R340L	1	2	Jan 19, 2025	2495
EXT1	G339D	1	2	Jun 01, 2023	2498
EXT1	R340C	1	2	May 05, 2025	2500
PUS1	R144W	1	2	Apr 29, 2026	2536
CLN5	R63H	1	2	Oct 01, 2025	2567
CLN5	C77Y	1	2	Mar 06, 2026	2569
NHLRC1	C26S	1	1	Aug 31, 2020	2586
NHLRC1	P69A	1	2	Apr 01, 2026	2587
NHLRC1	I198N	1	1	Oct 10, 2019	2591
HSPB8	K141E	1	2	Jan 12, 2026	2618
HSPB8	K141N	1	1	Apr 06, 2022	2619
BBS9	G141R	1	1	Oct 17, 2024	2659
RAI1	S1808N	0	1	Feb 05, 2022	2949
XDH	R149C	1	1	May 01, 2025	2956
FKTN	F176S	1	2	Jul 11, 2023	3204
FKTN	R307Q	1	2	Oct 24, 2025	3208
FKTN	G125S	0	2	Feb 04, 2026	3211
FKTN	A114T	1	1	Feb 05, 2024	3213
FKTN	A170E	1	2	Dec 19, 2023	3214
MPO	R569W	1	2	Jun 22, 2026	3626
TRPM4	E7K	1	1	Jul 13, 2023	3770
SERPING1	R466C	1	2	Dec 06, 2025	3947
FXN	I154F	1	1	May 14, 2024	3981
FXN	M1I	1	2	Sep 08, 2025	3983
NSD1	C2202Y	1	2	May 20, 2022	4146
ZMPSTE24	P248L	1	1	May 18, 2021	4275
ATL1	R239C	1	2	Dec 26, 2025	4346
ATL1	S259Y	1	1	Sep 27, 2024	4347
ATL1	H258R	1	2	Jul 31, 2025	4348
ATL1	R217Q	1	2	Aug 12, 2025	4349
ATL1	M408V	1	1	Aug 23, 2022	4351
ATL1	R415W	1	2	Jun 25, 2025	4352
APOA5	S19W	0	2	Feb 04, 2026	4403
SELENON	M1V	1	2	Oct 06, 2025	4491
SELENON	R432Q	1	2	Oct 22, 2025	4492
SELENON	W419S	1	1	Jan 24, 2023	4493
SELENON	G281S	1	2	Jan 25, 2026	4496
ALG1	S258L	1	2	May 29, 2026	4724
ALG1	Q342P	1	2	May 29, 2026	4725
ALG1	S150R	1	1	Sep 29, 2022	4726
SLC26A4	G497S	1	2	Jan 17, 2026	43510
SLC26A4	L236P	1	2	Apr 24, 2026	4817
SLC26A4	T416P	1	2	Mar 01, 2026	4818
SLC26A4	E384G	1	2	Apr 01, 2026	4820
SLC26A4	G209V	1	2	Jan 25, 2026	4821
SLC26A4	A372V	1	2	Mar 27, 2025	4823
SLC26A4	H723R	1	2	Dec 15, 2025	4825
SLC26A4	T721M	1	2	Jan 06, 2026	4826
SLC26A4	L445W	1	2	Jul 08, 2026	4829
SLC26A4	T193I	1	2	Jan 17, 2025	4830
SLC26A4	S133T	1	2	Mar 07, 2025	4834
SLC26A4	V138F	1	3	Sep 19, 2018	4835
SLC26A4	Y530H	1	2	Feb 12, 2026	4836
SLC26A4	E29Q	1	2	Jul 28, 2026	4839
SLC26A4	Q514K	1	2	Apr 06, 2023	4841
SLC26A4	F335L	1	3	Aug 19, 2020	4842
GAN	E486K	1	2	Dec 07, 2023	5030
AAAS	Q15K	1	2	Apr 29, 2026	5044
AAAS	S263P	1	2	Jul 17, 2025	5045
ELAC2	S217L	0	2	Feb 04, 2026	5055
ELAC2	A541T	0	2	Feb 04, 2026	5056
ELAC2	E622V	0	2	Dec 23, 2025	5059
SPINK5	K420E	0	2	Feb 04, 2026	5269
MUTYH	Y151C	1	2	May 01, 2026	5293
MUTYH	G368D	1	2	Jun 01, 2026	5294
AMACR	S52P	1	2	Feb 02, 2026	5523
CST3	A25T	0	2	Feb 03, 2026	5635
SLC34A2	G106R	1	1	Jul 21, 2023	5717
KRIT1	D137G	1	2	Apr 25, 2024	5725
KRIT1	Q201E	1	2	Feb 05, 2023	5726
SLC7A9	V170M	1	2	Mar 16, 2023	5780
SLC7A9	G105R	1	2	Apr 29, 2026	5781
SLC7A9	G195R	1	2	Oct 03, 2025	5783
SLC7A9	G259R	1	2	Mar 29, 2024	5784
SLC7A9	R333W	1	2	Apr 29, 2026	5787
RP1	N985Y	0	2	Feb 04, 2026	5969
RP1	T373I	0	2	Jun 01, 2026	5970
LITAF	G112S	1	2	May 01, 2026	6057
LITAF	T115N	1	2	Nov 03, 2025	6058
LITAF	W116G	1	1	Jan 27, 2022	6059
RPS26	M1V	1	2	Jun 01, 2026	6122
RPS26	M1L	1	2	Oct 28, 2024	6123
COX15	R217W	1	2	Apr 29, 2026	6175
SLC7A7	M1L	1	1	May 05, 2023	6208
SLC7A7	L334R	1	2	May 23, 2026	6209
ASS1	G14S	1	2	May 14, 2026	6324
ASS1	S180N	1	2	May 23, 2026	6326
ASS1	G324S	1	2	Apr 29, 2026	6327
ASS1	R363W	1	2	May 23, 2026	6328
ASS1	G390R	1	2	Jun 01, 2026	6329
ASS1	R304W	1	2	May 23, 2026	6330
ASS1	S18L	1	2	Apr 29, 2026	6331
ASS1	R86C	1	2	Apr 29, 2026	6332
ASS1	W179R	1	2	Apr 29, 2026	6335
ASS1	G362V	1	2	May 01, 2025	6336
ASS1	K310Q	1	2	May 06, 2024	6339
PRKRA	P222L	1	2	Jun 23, 2025	6346
KLF11	T220M	0	2	Jan 11, 2026	6499
BUB1B	T40M	0	2	Jan 25, 2026	6758
BUB1B	R550Q	0	2	Feb 03, 2026	6766
GNPAT	R211H	1	2	May 22, 2024	6841
GNPAT	R211C	1	2	Aug 15, 2023	6842
NPHS1	C265R	1	1	Apr 24, 2025	6874
NPHS1	V822M	1	2	Apr 29, 2026	6875
PRKN	A82E	0	2	Feb 02, 2026	7038
PRKN	C212Y	1	2	May 28, 2024	7046
PRKN	V56E	1	2	Jun 04, 2025	7047
PRKN	R275W	1	2	Jun 01, 2026	7050
PRKN	K211N	1	2	Apr 11, 2025	7051
SERPINI1	S49P	1	1	Mar 16, 2024	7086
SERPINI1	G392E	1	2	Jan 01, 2026	7089
SERPINI1	G392R	1	1	Jun 29, 2016	7090
CFTR	R117H	1	4	Mar 03, 2004	7109
CFTR	R347P	1	4	Mar 03, 2004	7110
CFTR	A455E	1	4	Mar 03, 2004	7111
CFTR	R560T	1	4	Mar 03, 2004	7113
CFTR	Y563N	1	3	Dec 08, 2017	7114
CFTR	P574H	1	3	Dec 08, 2017	7119
CFTR	G551D	1	4	Mar 03, 2004	7120
CFTR	A559T	1	3	Mar 17, 2017	7123
CFTR	Y913C	1	2	Jul 29, 2025	7128
CFTR	V470M	0	2	Feb 04, 2026	7130
CFTR	G458V	1	2	Feb 02, 2026	7132
CFTR	N1303K	1	4	Mar 03, 2004	7136
CFTR	R334W	1	4	Mar 03, 2004	7139
CFTR	G85E	1	4	Mar 03, 2004	7143
CFTR	V520F	1	3	Mar 17, 2017	7150
CFTR	Q1291H	1	2	Jan 20, 2026	7152
CFTR	F311L	1	3	Dec 08, 2017	7153
CFTR	S492F	1	3	Mar 17, 2017	7155
CFTR	R560K	1	3	Mar 17, 2017	7156
CFTR	R1066H	1	3	Mar 17, 2017	7158
CFTR	R1066C	1	3	Mar 17, 2017	7162
CFTR	R1283M	1	3	Dec 08, 2017	7167
CFTR	R347L	1	2	Oct 21, 2025	7171
CFTR	E92K	1	3	Mar 17, 2017	7181
CFTR	R347H	1	3	Mar 17, 2017	7182
CFTR	G91R	1	3	Aug 31, 2018	7183
CFTR	G480C	1	2	Jun 23, 2025	7187
CFTR	T338I	1	3	Mar 17, 2017	7193
CFTR	I556V	0	2	Feb 04, 2026	7196
CFTR	Y109C	1	2	Oct 21, 2025	7197
CFTR	L1065P	1	3	Mar 17, 2017	7208
CFTR	Q1071P	1	2	Mar 25, 2026	7209
CFTR	H1085R	1	2	Mar 10, 2025	7210
CFTR	I1234V	1	3	Mar 17, 2017	7215
CFTR	G1249E	1	2	Aug 13, 2026	7216
CFTR	G1244V	1	2	Aug 06, 2026	53798
CFTR	A561E	1	3	Mar 17, 2017	7240
FOXC2	S125L	1	1	-	7260
FOXC2	R121H	1	1	Feb 02, 2022	7261
ATP8B1	G308V	1	2	Apr 14, 2026	7262
ATP8B1	I661T	1	2	Apr 14, 2026	7267
ATP8B1	D554N	1	2	Apr 14, 2026	7269
ATP8B1	T456M	1	2	Apr 14, 2026	7273
ROR2	R184C	1	1	Apr 23, 2024	7308
HSPB1	S135F	1	2	Nov 27, 2025	7478
HSPB1	R127W	1	2	Nov 09, 2025	7479
HSPB1	T151I	1	2	Jun 01, 2026	7480
HSPB1	P182L	1	1	Dec 02, 2024	7481
HSPB1	R136W	1	1	Sep 06, 2023	7482
HSPB1	P182S	1	2	Sep 25, 2023	7483
HSPB1	R140G	1	2	Aug 24, 2025	7484
PITX1	E130K	1	1	Aug 07, 2023	7505
TBX1	G319S	0	2	Feb 02, 2026	7564
WNT10B	R332W	1	1	Mar 10, 2023	7630
LIG4	R278H	1	2	May 29, 2025	7675
LIG4	A3V	0	2	Feb 04, 2026	7676
LIG4	T9I	0	2	Feb 04, 2026	7677
PMM2	R141H	1	2	May 23, 2026	7706
PMM2	N216I	1	2	May 23, 2026	7707
PMM2	V129M	1	2	Apr 29, 2026	7708
PMM2	R162W	1	2	Apr 29, 2026	7709
PMM2	D65Y	1	2	May 23, 2026	7710
PMM2	F119L	1	2	May 23, 2026	7711
PMM2	D188G	1	2	Jun 11, 2024	7712
PMM2	G117R	1	1	Dec 07, 2021	7713
PMM2	D223E	1	1	Feb 05, 2024	7714
PMM2	T237R	1	2	May 23, 2026	7716
PMM2	C241S	1	2	May 23, 2026	7717
PMM2	I132T	1	2	May 23, 2026	7718
PMM2	V231M	1	2	May 23, 2026	7719
PMM2	C9Y	1	2	Dec 17, 2025	7720
PMM2	L32R	1	2	May 23, 2026	7721
PMM2	T226S	1	2	May 23, 2026	7722
PMM2	P113L	1	2	May 23, 2026	7723
PMM2	V44A	1	2	May 31, 2023	7725
CYP1B1	G61E	1	3	Nov 19, 2025	7730
CYP1B1	G365W	1	3	Nov 19, 2025	7732
CYP1B1	R469W	1	3	Nov 19, 2025	7733
CYP1B1	D374N	1	3	Nov 19, 2025	7734
CYP1B1	E387K	1	3	Nov 19, 2025	7735
CYP1B1	M1T	1	3	Nov 19, 2025	7736
CYP1B1	G232R	1	1	Feb 19, 2025	7740
CYP1B1	N423Y	1	2	Apr 28, 2023	7743
CYP1B1	Y81N	0	3	Nov 19, 2025	7744
OSMR	I691T	1	1	Apr 23, 2025	7808
KRT12	M129T	1	1	Jul 24, 2020	7927
EYA1	R440Q	1	2	Jul 31, 2025	7935
EYA1	S487P	1	1	May 21, 2023	7940
TWIST1	I156V	1	2	Jun 12, 2026	7982
WNT7A	R292C	1	1	Mar 25, 2024	8060
EFEMP1	R345W	1	2	Apr 13, 2026	8072
PITX2	R144P	1	2	Jun 23, 2022	8087
PITX2	R122H	1	1	Jan 28, 2016	8090
PITX2	R115H	1	2	Feb 04, 2026	8094
CAV3	P105L	1	1	Sep 09, 2024	8276
CAV3	G56S	0	2	Feb 04, 2026	8278
CAV3	A46T	1	2	Jun 01, 2026	8281
CAV3	A46V	1	1	Jan 25, 2016	8282
CAV3	N33K	1	1	Jul 25, 2022	8289
CSTB	G4R	1	1	Jul 21, 2025	8397
CTSK	G146R	1	2	May 23, 2026	8421
CTSK	A277V	1	2	Apr 29, 2026	8423
CTSK	G79E	1	2	Apr 30, 2024	8424
CTSK	L309P	1	2	Jan 06, 2026	8426
SLC12A3	L850P	1	2	Jan 28, 2026	8584
SLC12A3	C421R	1	2	Apr 29, 2026	8585
SLC12A3	R209W	1	2	May 02, 2025	8586
SLC12A3	R655H	1	2	Apr 29, 2026	8588
SLC12A3	R655L	1	1	May 26, 2022	8589
SLC12A3	A588V	1	2	Sep 23, 2025	8591
SLC12A3	P349L	1	2	Jun 19, 2026	8592
SLC12A3	L623P	1	2	Apr 29, 2026	8595
SLC12A3	T163M	1	2	Apr 29, 2026	242798
KCNJ11	R201H	1	2	Jan 01, 2026	8666
KCNJ11	V59M	1	2	Sep 16, 2025	8667
KCNJ11	R201C	1	2	Dec 10, 2024	8668
KCNJ11	V59G	0	1	-	8669
KCNJ11	R50P	1	1	-	8670
KCNJ11	P254L	1	2	Jun 18, 2025	8675
KCNJ11	K23E	0	2	Feb 04, 2026	8678
KCNJ11	I167L	0	1	-	8680
KCNJ11	R301H	1	2	Nov 30, 2025	8683
KCNJ11	G53D	0	1	-	8685
KCNJ11	E282K	1	2	Dec 22, 2025	8686
GJA8	P88S	1	2	Jan 21, 2023	8721
GJA8	I247M	0	2	Jan 12, 2026	8723
GJA8	R23T	1	1	Jan 21, 2023	8724
GJA8	D47N	1	1	Jan 21, 2023	8727
PPT1	R122W	1	2	Dec 18, 2025	8899
PPT1	T75P	1	2	Jan 19, 2026	8900
PPT1	D79G	1	2	Jun 13, 2024	8901
PPT1	C45Y	1	1	Nov 07, 2023	8908
NKX2-1	W238L	1	2	Jun 18, 2024	8974
GATA4	G297S	1	2	Apr 28, 2025	9030
STAT1	Q463H	1	1	Oct 01, 2023	9046
GCNT2	G350E	1	1	Sep 23, 2025	9128
CREBBP	R1378P	1	2	Feb 19, 2024	9430
CREBBP	Y1175C	1	2	Nov 05, 2025	9432
CREBBP	E1278K	1	2	Sep 16, 2025	9433
KDM5C	A388P	1	1	Apr 05, 2017	9774
KDM5C	A77T	1	1	Apr 13, 2016	9778
GATA1	V205M	1	1	Jan 22, 2026	10423
GATA1	D218G	1	2	Oct 10, 2024	10424
GATA1	R216Q	1	2	Sep 22, 2025	10428
COL4A5	G1143D	1	1	Sep 02, 2022	10458
COL4A5	L1655R	1	2	Jan 21, 2026	10466
COL4A5	R1683Q	1	2	Jan 30, 2026	10467
NDP	S75C	1	1	-	10680
NDP	Y44C	1	2	May 11, 2025	10682
NDP	L124F	1	1	Apr 27, 2023	10684
NDP	M1V	1	2	Jul 09, 2025	10687
NDP	R121W	1	2	Oct 25, 2024	10688
NDP	L61F	1	2	Aug 03, 2024	10690
NDP	H42R	1	2	Dec 01, 2025	10691
IQSEC2	R359C	1	1	Nov 28, 2025	10865
PCDH19	N557K	1	2	Jun 04, 2025	11022
ABCD1	E291K	1	1	Oct 24, 2024	11292
ABCD1	R389G	1	2	May 29, 2023	11296
ABCD1	N148S	1	2	Feb 01, 2026	11297
ABCD1	G266R	1	2	Jun 16, 2026	11299
ABCD1	R401Q	1	2	Jul 31, 2025	11300
ABCD1	R418W	1	2	Dec 30, 2025	11301
ABCD1	S515F	1	1	Jan 31, 2023	11305
ABCD1	R518W	1	2	Feb 27, 2025	11307
ABCD1	S606L	1	2	Apr 27, 2025	11310
ABCD1	R617H	1	2	Aug 11, 2025	11312
ABCD1	R617C	1	2	Jan 19, 2026	11313
HSD17B10	R130C	1	2	Aug 26, 2025	11442
TRAPPC2	F83S	1	1	Jan 14, 2021	11513
DCX	D62N	1	2	Mar 11, 2022	11597
DCX	R192W	1	2	Nov 21, 2024	11598
DCX	T203R	1	1	Jun 28, 2021	11602
DCX	R78H	1	2	Apr 07, 2025	11607
DCX	R196H	1	2	Apr 01, 2026	11609
CACNA1F	I745T	1	1	Jan 17, 2022	11619
SLC16A2	A150V	1	2	Apr 06, 2021	11634
SLC16A2	L397P	1	1	Jul 25, 2014	11636
POU3F4	K334E	1	1	May 13, 2022	11680
GPC3	G556R	1	2	Apr 24, 2026	11695
CLCN5	S314L	1	2	Mar 11, 2025	11802
FAH	N16I	1	2	Mar 31, 2025	11865
FAH	G337S	1	2	Apr 29, 2026	11869
FAH	R381G	1	2	Jun 28, 2024	11872
FAH	Q279R	1	2	Sep 02, 2025	11875
BCKDHB	R183P	1	2	May 23, 2026	11937
BCKDHB	H206Y	1	2	Dec 04, 2024	11938
DBT	F276C	1	2	Apr 29, 2026	11943
KLKB1	S143N	0	2	Jul 30, 2025	12037
CYP21A2	I173N	1	2	Jul 18, 2026	12150
CYP21A2	V282L	1	2	Jul 18, 2026	12151
CYP21A2	P31L	1	2	Jul 18, 2026	12153
CYP21A2	G292S	1	2	Jan 22, 2026	12156
CYP21A2	P454S	1	2	Aug 27, 2026	12159
CYP21A2	R340H	1	1	Jul 26, 2023	1341485
CYP21A2	R427H	1	2	Jul 20, 2025	12175
CYP21A2	R409C	1	2	Jul 21, 2025	12179
AVP	A19T	1	2	Nov 02, 2025	12206
AVP	G54V	1	1	Jul 20, 2023	12213
AVP	G54R	1	2	Jan 21, 2025	12214
AVP	S87F	1	1	Mar 27, 2022	12216
AVP	C92Y	1	1	Sep 23, 2022	12217
TNNI3	R145G	1	2	Jan 04, 2024	12419
TNNI3	P82S	0	2	Jun 01, 2026	12421
TNNI3	D196N	1	2	Jan 18, 2026	12422
TNNI3	R192H	1	3	Nov 13, 2025	12424
TNNI3	K178E	1	2	Feb 20, 2025	12425
TNNI3	R145W	1	2	Dec 01, 2025	12426
TNNI3	R21C	1	2	Nov 18, 2024	12434
TPM1	E180G	1	2	Feb 03, 2023	12455
TPM1	D175N	1	2	Jan 31, 2026	12456
TPM1	V95A	1	2	Dec 15, 2025	12457
KRAS	G12C	1	2	Jun 03, 2026	12578
KRAS	G12R	1	2	Jul 04, 2022	12579
KRAS	G13D	1	2	Nov 04, 2025	12580
KRAS	G12D	1	2	Jan 23, 2026	12582
KRAS	G12V	1	2	Apr 03, 2025	12583
KRAS	G12S	1	2	May 12, 2025	12584
KRAS	G60R	1	3	Apr 03, 2017	12586
KRAS	D153V	1	3	Dec 03, 2024	12587
KRAS	T58I	1	3	Apr 03, 2017	12588
KRAS	V14I	1	3	Dec 03, 2024	12589
KRAS	P34R	1	2	Nov 25, 2024	12590
KRAS	G13R	1	1	Apr 15, 2011	12593
KRAS	K5N	1	3	Dec 03, 2024	12594
KRAS	K5E	1	2	Sep 24, 2025	12596
KRAS	G60S	1	2	Feb 20, 2026	12597
TF	H319R	0	2	Jan 28, 2026	12615
TF	G671E	0	2	Apr 01, 2026	12616
TF	P589S	0	2	Feb 04, 2026	12617
TF	G277S	0	2	Feb 04, 2026	12622
THBD	D486Y	0	2	Apr 01, 2026	12714
CD3G	M1V	1	2	Sep 04, 2024	12753
SURF1	Y274D	1	1	Jun 05, 2024	12766
SURF1	G124E	1	1	Jun 15, 2021	12768
SCN1A	R1648H	1	2	Apr 26, 2023	12882
SCN1A	T875M	1	2	Nov 28, 2025	12883
SCN1A	D188V	1	1	Mar 21, 2020	12884
SCN1A	I1656M	1	1	Mar 26, 2020	12886
SCN1A	W1204R	1	2	Aug 11, 2024	12887
SCN1A	L986F	1	1	Jul 05, 2022	12890
SCN1A	K1270T	1	2	Feb 20, 2025	12891
SCN1A	T1709I	1	1	Apr 25, 2024	12894
SCN1A	M145T	1	2	Feb 02, 2024	12896
SCN1A	F1499L	1	2	Oct 23, 2022	12902
PDHB	Y132C	1	1	Aug 19, 2024	13188
FGFR2	C342Y	1	2	Jun 12, 2026	13263
FGFR2	Y340H	1	2	Jun 12, 2026	13264
FGFR2	S354C	1	2	Mar 07, 2025	13265
FGFR2	C342R	1	2	Mar 02, 2026	13266
FGFR2	C342S	1	2	May 07, 2025	13267
FGFR2	A344G	1	2	Jan 20, 2025	13269
FGFR2	Y328C	1	2	Jan 05, 2026	13270
FGFR2	S347C	1	2	Dec 04, 2025	13271
FGFR2	S252W	1	2	Jul 07, 2026	13272
FGFR2	P253R	1	2	Apr 16, 2026	13273
FGFR2	T341P	1	2	Sep 26, 2024	13274
FGFR2	C342W	1	2	Jun 12, 2026	13275
FGFR2	Q289P	1	2	Jan 12, 2026	13276
FGFR2	Y375C	1	2	Oct 22, 2025	13277
FGFR2	S372C	1	1	Jul 19, 2022	13278
FGFR2	W290C	1	2	May 08, 2024	13281
FGFR2	K292E	1	1	May 04, 2022	13282
FGFR2	W290R	1	2	Jan 28, 2026	13283
FGFR2	W290G	1	2	May 26, 2026	13284
FGFR2	S351C	1	2	Sep 25, 2023	13286
FGFR2	S267P	1	2	Jul 06, 2025	13290
FGFR2	E565A	1	2	Jan 21, 2025	13294
FGFR2	K526E	1	2	Feb 27, 2026	13295
FGFR2	A648T	1	2	Jan 03, 2026	13296
FGFR2	A628T	1	1	Dec 07, 2016	13298
FGFR2	D321A	1	2	May 17, 2022	13300
TTR	V50M	1	2	Mar 19, 2026	13417
TTR	Y134C	1	2	Apr 24, 2026	13419
TTR	L78H	1	2	Jan 27, 2026	13420
TTR	T80A	1	2	Apr 01, 2026	13421
TTR	S97Y	1	2	Jun 01, 2026	13422
TTR	I104S	1	2	May 21, 2024	13423
TTR	L131M	1	1	Nov 24, 2025	13424
TTR	V142I	1	2	Mar 01, 2026	13426
TTR	S70R	1	2	Jul 20, 2026	13429
TTR	V50A	1	2	Sep 18, 2021	13430
TTR	A56P	1	2	Jan 05, 2026	13432
TTR	V50L	1	2	Sep 05, 2021	13440
TTR	E109Q	1	2	Nov 04, 2025	13442
TTR	K90N	1	1	Jul 19, 2024	13443
TTR	C30R	1	2	Nov 06, 2025	13444
TTR	I88L	1	2	Aug 06, 2026	13446
TTR	E81K	1	2	May 07, 2025	13447
TTR	I127V	1	2	May 01, 2026	13450
TTR	G67A	1	2	Mar 20, 2024	13451
TTR	G26S	0	2	Feb 04, 2026	13452
TTR	F84L	1	2	Nov 20, 2025	13453
TTR	V40I	1	2	Dec 20, 2025	13455
TTR	F53L	1	2	Oct 03, 2025	13456
TTR	L32P	1	2	May 11, 2026	13457
TTR	F64S	1	2	Dec 02, 2025	13461
TTR	G73E	1	1	May 27, 2025	13462
TTR	D38G	1	2	May 25, 2021	13463
TTR	V50G	1	1	Sep 21, 2021	13465
TTR	Y89H	1	2	Nov 17, 2025	13466
TTR	A117S	1	2	Jan 18, 2026	13468
ENPP1	L579F	1	1	May 06, 2025	13588
ENPP1	G342V	1	2	Oct 04, 2021	13591
ENPP1	G266V	1	1	Dec 05, 2013	13594
PTH1R	H223R	1	2	Jun 22, 2026	13742
PTH1R	R383Q	1	1	Jun 08, 2022	13744
PTH1R	P132L	1	1	Sep 30, 2021	13745
PTH1R	I458R	1	1	Mar 05, 2025	13747
PAX9	K91E	1	2	Jan 27, 2026	13770
PAX9	R26W	1	1	May 22, 2023	13774
ERBB2	I655V	0	2	Feb 04, 2026	13873
ERBB2	I654V	0	2	Jan 30, 2026	13874
BRAF	G464E	1	3	Mar 09, 2020	13964
BRAF	A246P	1	3	Apr 03, 2017	13965
BRAF	K601E	1	1	Aug 23, 2011	13966
BRAF	L597V	1	2	Feb 05, 2025	13969
BRAF	G469R	1	2	Oct 17, 2021	13970
BRAF	G469A	1	1	Aug 25, 2014	13971
BRAF	Q257R	1	3	Apr 03, 2017	13973
BRAF	G469E	1	3	Sep 17, 2024	13974
BRAF	L485F	1	3	Feb 28, 2020	13975
BRAF	K499E	1	2	May 24, 2026	13976
BRAF	E501K	1	2	May 21, 2025	13977
BRAF	E501G	1	2	Dec 26, 2025	13978
BRAF	N581D	1	3	Apr 03, 2017	13979
BRAF	G534R	1	2	Oct 02, 2021	13980
BRAF	D638E	1	2	Apr 07, 2025	13981
MATR3	S85C	1	2	Jan 21, 2026	14002
NDUFV1	T423M	1	2	Sep 10, 2025	14056
NDUFV1	A341V	1	2	Oct 21, 2025	14058
NDUFV1	E214K	1	2	Mar 01, 2026	14059
MTTP	R540H	1	2	Nov 10, 2025	14238
MTTP	I128T	0	2	Feb 04, 2026	14242
ITGB4	C61Y	1	2	Dec 05, 2023	14734
ITGB4	C562R	1	1	Oct 17, 2024	14735
ITGB4	R1281W	1	2	May 02, 2024	14742
ITGB4	R1225H	1	2	Apr 17, 2025	14743
SOD1	G38R	1	2	Oct 23, 2025	14752
SOD1	L39V	1	2	Jan 27, 2025	14753
SOD1	G42S	1	2	Aug 20, 2022	14754
SOD1	G42D	1	2	Nov 27, 2025	14755
SOD1	H44R	1	2	Sep 02, 2025	14756
SOD1	L107V	1	2	Apr 01, 2024	14757
SOD1	G86R	1	2	Apr 17, 2025	14758
SOD1	G94C	1	1	Oct 22, 2023	14759
SOD1	G94A	1	1	Sep 16, 2025	14760
SOD1	E101G	1	2	Apr 13, 2025	14761
SOD1	I113T	1	1	Sep 17, 2021	14762
SOD1	A5V	1	2	Feb 03, 2026	14763
SOD1	H47R	1	2	Sep 23, 2025	14764
SOD1	A5T	1	2	Aug 18, 2025	14765
SOD1	I105F	1	1	Jul 10, 2021	14767
SOD1	L145S	1	2	Nov 17, 2025	14768
SOD1	A146T	1	1	Sep 02, 2025	14769
SOD1	G17S	1	1	Jun 04, 2025	14776
SOD1	G13R	1	2	Apr 17, 2025	14780
SOD1	H81R	1	1	Jun 29, 2025	14782
SOD1	G94R	1	2	May 20, 2024	14784
HBG1	T76I	0	2	Jul 18, 2025	15005
HBG1	Q40R	0	1	Jan 21, 2022	15008
HBG1	E122K	0	1	Oct 21, 2021	15023
HBG1	E6K	0	1	May 02, 2022	15024
HBG1	R41K	0	1	May 02, 2023	15037
KRT1	L161P	1	1	Mar 20, 2023	15908
KRT1	Y482C	1	1	Jul 30, 2024	15909
KRT1	I479T	1	2	Nov 04, 2025	15911
KRT1	N188K	1	2	Aug 19, 2025	15914
GABRG2	R82Q	1	2	Sep 22, 2025	16208
FSHR	A307T	0	2	Aug 10, 2021	16246
FSHR	S680N	0	2	Aug 10, 2021	16247
FMO3	V257M	0	2	Feb 04, 2026	16305
FMO3	M66I	1	1	Sep 08, 2023	16306
FMO3	P153L	1	2	Jan 27, 2026	16308
FMO3	R492W	1	2	May 19, 2026	16309
FMO3	N61S	1	2	Jan 10, 2025	16313
FMO3	M434I	1	1	Jan 30, 2024	16314
FMO3	E32K	1	1	May 02, 2025	16316
FMO3	E308G	0	2	Feb 04, 2026	38395
F13A1	R682H	1	2	Jun 19, 2025	16524
F13A1	R261H	1	1	Sep 17, 2024	16531
F13A1	R327Q	1	2	Mar 01, 2023	16533
F13A1	R704W	1	1	May 12, 2025	16538
ERCC3	F99S	1	1	Jan 02, 2024	16583
ERCC2	A725P	1	2	Jan 16, 2026	16781
ERCC2	S541R	1	1	Jul 24, 2025	16783
ERCC2	R112H	1	2	Dec 19, 2025	16784
ERCC2	R658C	1	2	Jan 20, 2026	16785
ERCC2	R616W	1	2	Jan 19, 2026	16788
ERCC2	R722W	1	2	Feb 08, 2026	16792
ERCC2	R683W	1	2	Feb 01, 2026	16793
CDK4	R24C	1	2	Jan 20, 2026	16928
CDK4	R24H	1	2	Jun 27, 2024	16929
CRYGC	T5P	1	1	Jun 10, 2023	16943
GJA3	N63S	1	1	Jan 21, 2023	16978
GJA3	P187L	1	1	Jan 21, 2023	16980
GJA3	R76H	1	1	Jan 21, 2023	16981
C8A	Q93K	0	2	Feb 04, 2026	17039
C1QC	G34R	1	2	Dec 19, 2025	17071
COL11A1	S1535P	0	2	May 08, 2026	17137
COL6A2	G271S	1	2	Aug 09, 2024	17155
COL6A2	D621N	1	2	Aug 23, 2025	17159
COL6A2	C777R	1	2	Mar 04, 2025	17166
COL6A2	G283R	1	2	Oct 25, 2024	17167
COL3A1	G786R	1	2	May 19, 2026	17200
COL3A1	A698T	0	2	Feb 04, 2026	17205
COL3A1	G249D	1	1	Dec 29, 2017	17208
COL3A1	G1077V	1	1	Dec 04, 2024	17209
COL3A1	G1185D	1	1	Aug 12, 2016	17216
COL3A1	G1173E	1	1	Oct 16, 2018	17217
COL3A1	G1188E	1	1	Oct 27, 2023	17218
COL3A1	G666D	1	1	Aug 03, 2025	17223
COL3A1	G582S	1	2	Apr 13, 2025	17225
COL3A1	G738S	1	2	Jun 03, 2026	17227
COL3A1	G183S	1	2	Aug 29, 2025	17228
COL3A1	G297R	1	1	Mar 06, 2019	17229
APOA1	G50R	1	2	Dec 01, 2025	17917
APOA1	W74R	1	1	Mar 31, 2025	17928
IFNGR1	I87T	1	2	May 21, 2025	17944
ALDH7A1	E427Q	1	2	Mar 19, 2026	17994
ALDH7A1	N301I	1	2	Apr 29, 2026	18001
ANG	S52N	1	1	Aug 30, 2022	18080
CHRNB1	V289M	1	2	Oct 04, 2024	18372
CHRNB1	L285M	1	1	Sep 10, 2024	18373
SEPSECS	Y334C	1	2	Apr 29, 2026	18400
SEPSECS	A239T	1	2	Apr 29, 2026	18401
MED17	L371P	1	2	Aug 28, 2025	18441
CYP21A2	I237N	1	2	Jul 18, 2026	242761
FAH	Q64H	1	2	May 23, 2026	21054
FAH	D233V	1	2	Jan 20, 2026	21057
FAH	P261L	1	2	May 23, 2026	21058
PMM2	E139K	1	2	Sep 08, 2023	21143
PMM2	T237M	1	2	Apr 29, 2026	21145
KCNJ11	G334D	0	1	-	21193
KCNJ11	F35L	0	1	-	21194
KCNJ11	Q52R	0	1	-	21196
KCNJ11	I182V	0	1	-	21198
KCNJ11	R201L	1	1	May 31, 2026	21199
KCNJ11	E322K	1	2	Jul 18, 2025	21203
KCNJ11	Y330C	1	2	Jun 16, 2023	21204
KCNJ11	F333I	0	1	-	21205
SLC16A2	S33P	0	2	Feb 04, 2026	21462
FMO3	L360P	0	1	Jan 28, 2026	21464
ATL1	T156I	1	2	Feb 11, 2024	21531
CDK5RAP2	L571P	0	2	Jun 01, 2026	21642
CDK5RAP2	G1022E	0	2	Feb 04, 2026	21645
CDK5RAP2	R1045T	0	2	Feb 04, 2026	21646
CDK5RAP2	V1540L	0	2	Feb 04, 2026	21651
CDK5RAP2	Q1555H	0	2	Jan 18, 2026	21652
CDK5RAP2	E289Q	0	2	Feb 04, 2026	21657
HPS5	L624R	1	1	Jan 04, 2024	2735561
HPS5	T1098I	0	2	Feb 04, 2026	21821
COL4A5	M1V	1	2	Aug 04, 2020	24214
COL4A5	G48R	1	1	Oct 20, 2025	3254648
COL4A5	G96R	1	1	Jun 28, 2021	1458086
COL4A5	G129R	1	2	Nov 18, 2025	24265
COL4A5	G129E	1	1	Apr 20, 2025	4293984
COL4A5	G177C	1	1	Jun 16, 2022	1804616
COL4A5	G180R	1	1	Aug 01, 2022	1804102
COL4A5	G183V	1	1	Apr 25, 2024	3597862
COL4A5	G192R	1	2	Oct 07, 2025	24291
COL4A5	G195D	1	1	-	24292
COL4A5	G204D	1	2	Sep 02, 2025	24300
COL4A5	G213E	1	2	Jan 19, 2026	2138685
COL4A5	G230R	1	1	Dec 15, 2024	3724379
COL4A5	G230D	1	2	Nov 05, 2024	1443520
COL4A5	G239E	1	1	Jan 12, 2026	2737327
COL4A5	G289V	1	1	Feb 01, 2024	24330
COL4A5	G292R	1	2	Apr 26, 2022	1460453
COL4A5	G295D	1	2	Sep 30, 2025	24336
COL4A5	G307D	1	2	Aug 25, 2025	24342
COL4A5	G310R	1	1	Sep 14, 2023	2760638
COL4A5	G319R	1	1	May 15, 2024	3724381
COL4A5	G319D	1	2	Apr 10, 2024	24349
COL4A5	G325R	1	2	May 19, 2025	24352
COL4A5	G331V	1	1	May 01, 2024	3597875
COL4A5	G334V	1	2	Oct 30, 2025	24355
COL4A5	G362R	1	1	Jun 15, 2021	1807133
COL4A5	G365E	1	2	Dec 16, 2025	24364
COL4A5	G374A	1	1	Jul 16, 2023	2737330
COL4A5	G380D	1	1	Dec 30, 2025	3373712
COL4A5	G400E	1	1	Jan 03, 2022	1333248
COL4A5	G406V	1	2	Nov 11, 2025	24383
COL4A5	G409D	1	2	Aug 19, 2024	24386
COL4A5	G420E	1	1	Apr 17, 2025	4710862
COL4A5	G426R	1	2	Jan 04, 2026	24393
COL4A5	G429E	1	2	Dec 08, 2023	24395
COL4A5	G432R	1	1	Aug 22, 2017	24397
COL4A5	I444S	0	2	Feb 04, 2026	24398
COL4A5	G466E	1	1	Nov 05, 2019	24406
COL4A5	G472R	1	2	May 07, 2024	24408
COL4A5	G475S	1	2	Sep 06, 2024	24409
COL4A5	G494D	1	1	Feb 01, 2020	24416
COL4A5	G500R	1	1	Jun 10, 2025	24419
COL4A5	G521D	1	2	Jun 11, 2024	1457350
COL4A5	G524D	1	1	Nov 18, 2023	2737334
COL4A5	G536D	1	2	Apr 10, 2021	24429
COL4A5	G548D	1	2	Jun 24, 2023	24432
COL4A5	G558R	1	1	Apr 01, 2024	3766541
COL4A5	G561R	1	2	Mar 04, 2026	1520175
COL4A5	G564C	1	2	Feb 25, 2023	24436
COL4A5	G573D	1	1	Sep 17, 2023	2737335
COL4A5	G576S	1	1	May 01, 2024	3597904
COL4A5	G579R	1	1	Apr 23, 2021	1391700
COL4A5	G579E	1	1	Jun 22, 2022	2439396
COL4A5	G594S	1	2	Nov 21, 2025	3597905
COL4A5	G603V	1	2	Jul 31, 2025	1703357
COL4A5	P619L	1	1	Feb 14, 2023	2138696
COL4A5	G624D	1	2	Jun 01, 2026	24455
COL4A5	G629D	1	2	Jun 30, 2025	2737338
COL4A5	G632D	1	2	Nov 21, 2024	2138697
COL4A5	G635D	1	2	Aug 07, 2023	1335788
COL4A5	G638S	1	2	Dec 01, 2024	24461
COL4A5	G653R	1	2	May 02, 2025	4710866
COL4A5	K664N	0	2	Feb 01, 2026	24469
COL4A5	G666D	1	1	Jan 01, 2016	24470
COL4A5	G669R	1	1	Apr 30, 2022	2138699
COL4A5	G675S	1	2	Apr 09, 2025	1508138
COL4A5	G681D	1	1	Mar 20, 2022	2138701
COL4A5	I703V	0	1	May 28, 2019	24486
COL4A5	G743D	1	1	May 13, 2026	1803636
COL4A5	G763E	1	2	Apr 29, 2026	24503
COL4A5	G772A	1	1	Jun 23, 2020	24507
COL4A5	G778S	1	2	Mar 19, 2024	24509
COL4A5	G796R	1	1	Dec 30, 2025	24513
COL4A5	G802R	1	2	Sep 10, 2025	2737343
COL4A5	G808E	1	1	Mar 04, 2021	1412850
COL4A5	G811R	1	1	Feb 27, 2018	24520
COL4A5	G811V	1	2	Sep 02, 2022	24521
COL4A5	G834R	1	2	Oct 22, 2023	24529
COL4A5	G837S	1	1	May 09, 2024	3597931
COL4A5	G852R	1	1	Oct 13, 2022	2138702
COL4A5	G852E	1	1	Jun 12, 2025	2737346
COL4A5	G860R	1	1	May 28, 2024	3356563
COL4A5	G866E	1	1	-	24541
COL4A5	G869R	1	2	Apr 29, 2026	24543
COL4A5	G875E	1	1	May 28, 2021	1508169
COL4A5	G887V	1	2	Aug 21, 2025	1508191
COL4A5	G908R	1	1	May 28, 2019	24557
COL4A5	G911E	1	2	Jan 29, 2024	1705496
COL4A5	S916G	1	1	Apr 01, 2026	3389457
COL4A5	G935D	1	2	Dec 08, 2021	24567
COL4A5	G941C	1	1	Sep 16, 2018	24568
COL4A5	G1006V	1	1	Aug 07, 2022	2138704
COL4A5	G1030S	1	2	Apr 30, 2026	24591
COL4A5	G1039S	1	2	Dec 26, 2024	2506495
COL4A5	G1066S	1	2	Oct 10, 2024	24603
COL4A5	G1066A	1	1	Mar 18, 2024	3597951
COL4A5	G1069V	1	2	Sep 08, 2025	24605
COL4A5	G1086R	1	1	Jan 03, 2020	24613
COL4A5	G1107R	1	2	Nov 09, 2025	24617
COL4A5	G1116V	1	2	Nov 05, 2025	24621
COL4A5	G1143S	1	2	May 08, 2026	24630
COL4A5	G1161R	1	1	Sep 21, 2021	1455643
COL4A5	G1167S	1	1	Mar 02, 2022	1803953
COL4A5	G1179R	1	1	Jun 04, 2024	3384336
COL4A5	G1196R	1	2	Jun 20, 2024	24651
COL4A5	G1196E	1	1	Jul 25, 2023	2737348
COL4A5	G1205S	1	1	Jul 07, 2023	1360173
COL4A5	G1211E	1	1	Jun 13, 2024	24662
COL4A5	G1220D	1	2	Sep 09, 2025	24666
COL4A5	G1229D	1	2	Oct 08, 2024	2737349
COL4A5	G1241C	1	2	Dec 07, 2022	24676
COL4A5	G1244D	1	2	Jan 23, 2026	24678
COL4A5	G1252S	1	1	Jul 03, 2023	2737351
COL4A5	G1261E	1	1	Jun 26, 2025	1458106
COL4A5	Q1314H	1	1	Feb 21, 2024	3597969
COL4A5	G1339S	1	1	Aug 20, 2022	2138709
COL4A5	G1363S	1	1	Dec 29, 2025	4539053
COL4A5	G1385V	1	1	Sep 21, 2024	3255212
COL4A5	G1427W	1	1	Dec 13, 2024	4818589
COL4A5	G1433V	1	1	May 12, 2025	4854006
COL4A5	G1448R	1	2	Apr 04, 2024	1458965
COL4A5	G1457S	1	1	Apr 01, 2024	3234581
COL4A5	G1454S	1	2	Jul 01, 2022	1459581
COL4A5	G1492A	1	1	Nov 29, 2022	24739
COL4A5	R1569Q	1	2	Apr 01, 2026	24757
COL4A5	C1570S	1	2	Dec 23, 2024	24761
COL4A5	C1573R	1	1	Jun 19, 2024	3597997
COL4A5	P1590L	1	2	Dec 14, 2021	1508349
COL4A5	W1596G	1	1	Jul 09, 2026	4888000
COL4A5	Y1603C	1	2	Oct 22, 2025	1803954
COL4A5	M1607I	1	2	Aug 01, 2025	24773
COL4A5	C1644Y	1	2	Oct 17, 2024	24780
COL4A5	S1665N	1	1	Oct 10, 2021	1443814
HBG1	A137G	0	2	Jun 16, 2025	478899
FMO3	E158K	0	2	Feb 04, 2026	38394
COL6A2	D871N	1	2	Sep 10, 2025	29644
GATA2	R398W	1	2	Sep 10, 2025	29709
GATA2	T354M	1	2	Apr 23, 2025	29711
GATA2	C373R	1	2	Jun 04, 2024	29720
GATA2	R361L	1	1	Jul 06, 2021	29721
GRIN2A	N615K	1	1	Jan 01, 2019	29733
BRAF	T241M	1	2	Aug 24, 2026	29805
BRAF	T241R	1	2	Mar 13, 2025	29806
BRAF	T241P	1	2	Nov 24, 2025	29807
BRAF	W531C	1	2	Jun 22, 2025	29808
CSF1R	M875T	1	1	Aug 12, 2024	29810
CSF1R	E633K	1	2	Apr 07, 2025	29811
CSF1R	I794T	1	2	Jan 26, 2026	29813
ENPP1	P305T	1	2	Aug 10, 2025	29842
FGFR2	A337P	1	2	Sep 13, 2024	29853
FGFR2	M391R	1	1	Sep 14, 2015	29855
FGFR2	Y381D	1	2	Apr 07, 2023	29856
SCN1A	A1669E	1	1	Mar 03, 2022	29883
KDM5C	P554T	1	1	Apr 02, 2018	29997
CREBBP	T910A	0	2	May 01, 2026	30042
STAT1	R274W	1	2	Aug 11, 2026	30083
STAT1	A267V	1	2	Sep 02, 2026	30084
STAT1	R274Q	1	2	Oct 12, 2025	30085
STAT1	M202V	1	1	Jul 24, 2024	30087
STAT1	C174R	1	1	Jan 01, 2019	30088
STAT1	T288A	1	1	Jul 19, 2022	30090
STAT1	D165H	1	1	Jun 06, 2025	30092
STAT1	Q271P	1	1	Aug 11, 2026	30094
GATA4	A347V	0	2	May 01, 2026	30100
SMARCB1	R377H	1	2	Feb 11, 2026	30203
OSMR	P694L	1	2	May 20, 2025	30221
CYP1B1	F261L	1	1	May 07, 2022	30223
PMM2	Y106F	1	2	Mar 21, 2025	30225
SMARCE1	Y73C	1	1	Dec 26, 2014	30316
SMARCA4	R885C	1	2	Nov 07, 2024	30344
ALG1	R276W	1	2	Sep 19, 2024	30539
ATL1	N355K	1	1	Jan 01, 2017	30579
ATL1	R416C	1	2	Aug 28, 2025	30582
TRAF3IP2	D10N	0	2	Feb 04, 2026	30630
MRPL3	P317R	1	1	Dec 27, 2019	30643
B9D2	S101R	1	1	Aug 10, 2023	30931
ADAMTSL2	R72Q	1	1	Aug 04, 2024	30944
MSRB3	C82G	1	2	Jan 31, 2026	31055
CFAP418	R177W	1	2	Jan 12, 2026	31194
CARD14	G117S	1	1	Jan 05, 2026	31606
CAV3	R27G	1	1	Oct 16, 2024	31722
CAV3	S61R	1	1	Nov 04, 2022	31729
TNNT1	E12G	0	2	Feb 01, 2026	31865
TPM1	E62Q	1	2	Mar 18, 2024	31876
TPM1	A63V	1	2	Aug 09, 2025	31877
TPM1	E180V	1	1	Apr 29, 2024	31880
TPM1	E192K	1	2	Jan 07, 2026	31882
TPM1	S215L	1	2	May 06, 2025	31883
TPM1	D230N	1	2	Nov 28, 2025	31884
TPM1	R160H	1	2	Jul 14, 2025	31899
KRAS	K147E	1	2	Jul 23, 2024	31941
GATA1	R216W	1	2	Apr 16, 2026	31943
GNPAT	D519G	0	2	Feb 04, 2026	35465
WNT7A	G204S	1	2	Mar 25, 2024	35537
CARD14	L156P	1	2	Feb 28, 2025	35573
ABCD1	A141T	1	2	Nov 08, 2025	35642
ABCD1	R280C	1	2	Dec 15, 2025	35643
CFTR	V456A	1	3	Dec 08, 2017	35821
CFTR	L467P	1	3	Mar 17, 2017	35823
CFTR	P5L	1	2	Apr 09, 2026	35824
CFTR	L558S	1	3	Aug 31, 2018	35829
CFTR	A923D	1	1	Aug 18, 2011	35848
CFTR	G970D	1	3	Aug 31, 2018	35854
CFTR	Y1032C	1	2	Feb 28, 2026	35861
CFTR	G124R	1	1	Aug 18, 2011	35873
CFTR	G1333W	1	1	Aug 18, 2011	35880
CFTR	I1427T	1	1	Aug 18, 2011	35886
COL3A1	G564A	1	1	Aug 18, 2011	35962
COL3A1	A679T	0	2	Jun 01, 2026	35964
IFNGR1	H335P	0	2	Jan 11, 2026	36371
JAK3	R582W	1	3	Nov 14, 2023	36415
JAK3	P151R	0	3	Jan 23, 2024	36422
KCNJ11	R50Q	1	2	Dec 25, 2024	36431
TMEM43	R312W	0	2	Jun 01, 2026	36873
TFG	P285L	1	2	Jan 22, 2025	37089
NMNAT1	R207W	1	2	Dec 14, 2025	37133
NMNAT1	E257K	1	2	Mar 26, 2026	37134
NMNAT1	V9M	1	2	May 27, 2024	37140
BMP1	F249L	1	1	May 22, 2022	37306
BMP1	G12R	1	2	May 23, 2024	37307
CSF1R	G589E	1	1	Sep 05, 2021	38373
CSF1R	A770P	1	1	Oct 23, 2020	38375
CSF1R	R782H	1	2	Apr 22, 2026	38378
COL4A5	F222C	1	2	Mar 05, 2025	38751
COL4A5	G530D	1	1	Oct 05, 2021	38756
COL4A5	G612D	1	1	Jul 29, 2021	1455636
COL4A5	G893V	1	2	Aug 06, 2024	3383046
IL10RA	R262C	1	1	Jan 25, 2026	39430
IL10RA	R101W	1	2	Jun 26, 2025	39432
CFTR	M1101K	1	3	Mar 17, 2017	39516
OPLAH	V1089I	0	2	May 01, 2026	39636
ODAD1	A285T	1	2	Dec 03, 2025	39637
GRIN2A	L649V	1	2	Mar 18, 2025	39662
GRIN2A	P552R	1	2	May 13, 2024	39663
CAPN5	R243L	1	2	Oct 06, 2025	39806
CAPN5	L244P	1	1	Feb 10, 2025	39807
CHM	H507R	1	2	Oct 20, 2025	39809
MTFMT	S209L	1	2	Apr 23, 2026	39827
MTFMT	S125L	1	2	Feb 05, 2022	39829
BRAF	D22N	0	3	Apr 03, 2017	40335
BRAF	E26D	0	2	Feb 03, 2026	40337
BRAF	T244P	1	3	Apr 03, 2017	40346
BRAF	L245F	1	3	May 10, 2019	40347
BRAF	F247S	1	3	May 10, 2019	40349
BRAF	Q257K	1	2	Mar 08, 2023	40351
BRAF	Q262K	1	2	Aug 17, 2026	40352
BRAF	G464V	1	2	Jul 16, 2023	40364
BRAF	G464A	1	1	Jan 03, 2022	40365
BRAF	F468S	1	2	Feb 24, 2023	40366
BRAF	V471F	1	2	May 17, 2024	40367
BRAF	V471I	1	2	Mar 13, 2025	40368
BRAF	K483Q	1	2	Nov 13, 2023	40369
BRAF	L485S	1	3	Feb 27, 2020	40370
BRAF	K499N	1	2	Nov 29, 2025	40371
BRAF	E501A	1	2	Dec 18, 2025	40373
BRAF	E501V	1	2	May 18, 2022	40374
BRAF	L505F	1	2	Apr 01, 2024	40375
BRAF	W531L	1	1	Aug 06, 2017	40379
BRAF	C532Y	1	3	Apr 03, 2017	40380
BRAF	D565E	1	2	Dec 29, 2016	40383
BRAF	F583L	1	1	Oct 11, 2023	3220902
BRAF	G596V	1	3	Apr 03, 2017	40387
BRAF	T599I	1	3	Mar 24, 2020	40388
BRAF	V600G	1	3	Jun 25, 2020	40389
BRAF	K601I	1	2	Sep 27, 2025	40390
BRAF	Q709R	1	1	-	3572914
KRAS	Q22E	1	1	Jun 17, 2021	40451
KRAS	Q22R	1	3	Dec 03, 2024	40452
KRAS	Q22L	1	1	Aug 14, 2025	40453
KRAS	P34L	1	3	Sep 17, 2024	40454
KRAS	D119N	1	2	Sep 23, 2020	40460
KRAS	D153G	1	2	Oct 01, 2020	40465
CLCN5	Y342C	1	1	Oct 06, 2023	40985
PRKN	V380L	0	2	Feb 04, 2026	41221
PRKN	D394N	0	2	Feb 03, 2026	41222
PRKN	S167N	0	2	Feb 04, 2026	41223
LITAF	A111G	1	2	Jul 12, 2024	41229
LITAF	P135T	1	1	Dec 25, 2020	41230
BRAF	K601Q	1	2	Feb 04, 2025	41446
STIM1	R429C	1	1	Apr 23, 2024	41464
STIM1	D84G	1	1	Mar 01, 2024	41481
STIM1	H109R	1	2	Oct 08, 2025	41483
STIM1	H72Q	1	1	Mar 01, 2024	3233243
MUTYH	A345V	0	2	Feb 03, 2026	41751
MUTYH	S487F	0	2	Jun 01, 2026	41755
MUTYH	L501M	0	2	Feb 04, 2026	41756
MUTYH	R506Q	0	2	Feb 04, 2026	41757
MUTYH	V8M	0	2	Feb 04, 2026	41760
MUTYH	R217C	1	2	Jan 28, 2026	41761
MUTYH	Q310H	0	2	Feb 04, 2026	41767
UQCRC2	R183W	1	2	May 24, 2025	41880
RTEL1	R1264H	1	2	Feb 04, 2026	42018
RTEL1	M492I	1	2	Jan 06, 2026	42019
POU3F4	I232T	1	2	Oct 25, 2024	43350
TNNI3	R141Q	1	2	Mar 23, 2026	43381
TNNI3	L144P	1	1	May 14, 2015	43383
TNNI3	R145Q	1	2	May 01, 2026	43384
TNNI3	A157V	1	2	Feb 01, 2026	43388
TNNI3	R162Q	1	3	Nov 14, 2025	43389
TNNI3	R162P	1	2	Nov 18, 2025	43390
TNNI3	E182K	1	2	Sep 01, 2025	43392
TNNI3	R186Q	1	2	Apr 09, 2026	43395
TPM1	E114G	1	1	Nov 14, 2011	43415
TPM1	M141I	1	1	Jan 06, 2012	43417
TPM1	D159N	1	2	Oct 13, 2025	43420
TPM1	T282S	0	3	Nov 13, 2025	43449
SLC26A4	A357T	0	3	Feb 19, 2025	43491
SLC26A4	F354S	0	3	Nov 28, 2023	43492
SLC26A4	V402M	1	3	Feb 19, 2020	43495
SLC26A4	R409H	1	2	Jan 19, 2026	43496
SLC26A4	R409P	1	2	Feb 18, 2025	43497
SLC26A4	T410M	1	3	Sep 17, 2018	43498
SLC26A4	I455F	0	3	Sep 28, 2018	43507
SLC26A4	Q514R	1	2	Dec 12, 2025	43511
SLC26A4	C565Y	1	3	Jul 19, 2023	43519
SLC26A4	V570I	1	3	Oct 31, 2022	43521
SLC26A4	V609G	0	2	Feb 04, 2026	43526
SLC26A4	I655V	1	3	Aug 27, 2023	43528
SLC26A4	T67S	0	3	Mar 20, 2024	43531
SLC26A4	G672E	1	2	May 01, 2026	43532
SLC26A4	L676Q	1	2	Oct 04, 2025	43533
SLC26A4	D697A	1	2	Sep 06, 2025	43536
SLC26A4	I713M	0	2	Jan 27, 2026	43540
SLC26A4	K715N	1	3	Aug 22, 2023	43541
SLC26A4	Q730H	0	2	Jan 20, 2026	43543
SLC26A4	G740S	0	2	Apr 01, 2026	43544
SLC26A4	M1T	1	2	May 28, 2026	43553
SLC26A4	L117F	1	3	Nov 22, 2022	43555
SLC26A4	A189S	0	3	Sep 28, 2018	43560
SLC26A4	G197R	1	2	Jan 08, 2025	43562
SLC26A4	L236V	1	3	Oct 16, 2024	43565
SLC26A4	V239D	1	2	Jun 22, 2026	43566
SLC26A4	C282Y	1	3	Jan 24, 2023	43568
SLC26A4	I300L	0	2	Feb 02, 2026	43570
SLC26A4	N324Y	0	2	Jun 04, 2026	43574
TPM1	K259E	0	2	Feb 01, 2026	43687
TRIOBP	G131S	0	2	Jan 24, 2026	43850
TRIOBP	R1367W	0	2	Nov 08, 2025	43853
TRIOBP	E1372D	0	2	Feb 03, 2026	43854
TRIOBP	W1377R	0	2	Feb 04, 2026	43855
TRIOBP	P1393L	0	2	Jan 19, 2026	43856
TRIOBP	R1445G	0	2	Dec 23, 2025	43857
TRIOBP	L1742F	0	2	Feb 10, 2026	43859
TRIOBP	S2091T	0	2	Oct 01, 2025	43865
TRIOBP	V2300A	0	2	Jan 19, 2026	43867
PJVK	G292R	0	2	Feb 04, 2026	43873
LAMA4	Y498H	0	2	Feb 04, 2026	44348
LAMA4	R545C	0	2	Feb 04, 2026	44349
LAMA4	D667Y	0	2	Feb 01, 2026	44357
LAMA4	E937G	0	2	Feb 01, 2026	44366
LAMA4	G94S	0	2	Feb 03, 2026	44368
LAMA4	V984I	0	2	Dec 06, 2025	44370
LAMA4	R1080Q	0	2	May 01, 2026	44374
LAMA4	G1117S	0	2	Feb 04, 2026	44376
LAMA4	P1119R	0	2	Feb 04, 2026	44377
LAMA4	R154W	0	2	Feb 03, 2026	44392
LAMA4	N1549S	0	2	Feb 03, 2026	44393
LAMA4	S1564I	0	2	Jan 25, 2026	44395
LAMA4	G172S	0	2	Jan 05, 2026	44402
LAMA4	V1815I	0	2	Feb 02, 2026	44408
BRAF	G466R	1	2	Jul 24, 2025	44801
BRAF	G469V	1	1	Dec 30, 2011	44803
BRAF	T470R	1	2	Sep 17, 2024	44804
BRAF	A481E	1	2	Mar 22, 2022	44805
BRAF	V487G	1	2	Nov 10, 2025	44806
BRAF	E501Q	1	1	Apr 23, 2010	44807
BRAF	H574Y	1	1	Apr 02, 2013	44810
BRAF	N581K	1	2	Oct 31, 2018	44811
BRAF	D594N	1	1	May 13, 2010	44813
BRAF	V600M	1	1	May 09, 2012	44815
BRAF	V600L	1	1	Oct 04, 2011	44816
BRAF	K601T	1	2	Dec 20, 2025	44818
BRAF	T241K	1	3	Jun 25, 2020	44829
BRAF	F247V	1	3	May 10, 2019	44830
BRAF	Q262P	1	2	Jul 13, 2021	44831
BRAF	G265R	1	3	Jul 01, 2020	44832
BRAF	A31G	0	3	Sep 17, 2024	44833
BRAF	S323L	0	3	Apr 03, 2017	44834
ERBB2	G815R	0	2	Dec 07, 2025	44994
KRAS	Q61L	1	1	Nov 02, 2011	45116
KRAS	Q61H	1	1	Aug 12, 2024	45117
KRAS	G12A	1	2	Oct 12, 2022	45122
KRAS	G13C	1	2	Oct 25, 2025	45123
KRAS	G13V	1	1	Oct 13, 2011	45124
KRAS	V152F	1	1	May 03, 2011	45126
KRAS	F156V	1	2	Aug 14, 2018	45127
TMEM43	A366T	0	2	Feb 02, 2026	46138
TMEM43	L369F	0	2	Jun 01, 2026	46139
TMEM43	K168N	0	2	Feb 04, 2026	46148
TMEM43	M179T	0	2	Feb 04, 2026	46150
TMEM43	R28W	0	2	Mar 01, 2026	46153
TMEM43	A318V	0	2	Feb 03, 2026	46156
EYA1	Y527N	1	1	Jun 20, 2017	48103
EYA1	L583P	1	2	Apr 15, 2022	48106
EYA1	P20A	0	2	Feb 01, 2026	48108
CCDC50	R466W	0	2	Feb 01, 2026	48152
CCDC50	L121F	0	2	Feb 01, 2026	48154
CCDC50	I258N	0	2	Feb 03, 2026	48158
CCDC50	K303R	0	2	Feb 03, 2026	48159
CCDC50	M332T	0	2	Feb 03, 2026	48161
FHL2	R177Q	0	2	Feb 03, 2026	48325
FHL2	V29M	0	2	Jan 10, 2026	48333
CFTR	S364P	1	2	Nov 04, 2025	48714
TTC7A	L823P	1	2	Mar 18, 2025	50609
DGKE	R63P	1	1	Sep 26, 2025	50788
STAMBP	E42G	1	2	Jun 15, 2023	50791
STAMBP	R38C	1	2	Aug 06, 2026	50793
STAMBP	F100Y	1	1	Sep 01, 2017	50796
GNAQ	R183Q	1	2	Dec 27, 2024	50853
GJA3	N188T	1	1	Jan 21, 2023	50941
GJA3	G2D	1	1	Jan 21, 2023	50942
GJA3	G143R	1	2	May 09, 2024	50945
CFTR	R334L	1	3	Dec 08, 2017	53160
CFTR	I336K	1	3	Mar 17, 2017	53162
CFTR	S341P	1	3	Mar 17, 2017	53167
CFTR	L346P	1	3	Mar 11, 2019	53171
CFTR	L375F	1	2	Jan 24, 2026	53196
CFTR	E403D	1	2	Dec 30, 2024	53216
CFTR	D44G	1	1	Mar 26, 2018	53227
CFTR	V456F	1	2	May 04, 2024	53236
CFTR	A46D	1	3	Mar 17, 2017	53238
CFTR	K464N	1	2	Aug 05, 2025	53240
CFTR	M469V	1	2	Nov 17, 2025	53248
CFTR	G480D	1	2	Sep 15, 2025	53255
CFTR	C491R	1	1	Jul 30, 2015	53261
CFTR	Q493R	1	2	Jan 14, 2026	53263
CFTR	S50P	1	2	Aug 25, 2024	53266
CFTR	T501A	1	2	Feb 16, 2026	53270
CFTR	I502T	1	3	Aug 31, 2018	53272
CFTR	I506L	1	2	Apr 13, 2026	53275
CFTR	D513G	1	3	Dec 08, 2017	53280
CFTR	R560S	1	3	Mar 17, 2017	53339
CFTR	Y563D	1	3	Dec 08, 2017	53342
CFTR	W57R	1	2	Mar 19, 2026	53346
CFTR	W57G	1	3	Dec 08, 2017	53347
CFTR	Y569H	1	2	Sep 03, 2025	53351
CFTR	Y569D	1	3	Mar 17, 2017	53352
CFTR	Y569C	1	2	Mar 12, 2025	53353
CFTR	L571S	1	2	Aug 15, 2025	53356
CFTR	D572N	1	2	Mar 30, 2026	53358
CFTR	P574S	1	1	Jul 18, 2021	53359
CFTR	D58N	1	1	Jan 09, 2025	53361
CFTR	S589N	1	2	Mar 24, 2026	53382
CFTR	S589I	1	2	Jun 25, 2022	53384
CFTR	E60K	1	3	Mar 11, 2019	53386
CFTR	I601F	1	3	Jan 10, 2020	53391
CFTR	I601T	1	2	Aug 01, 2024	53392
CFTR	T604I	1	2	Oct 14, 2025	53395
CFTR	H609R	1	3	Dec 08, 2017	53398
CFTR	A613T	1	3	Aug 31, 2018	53401
CFTR	D614G	1	2	Feb 25, 2026	53403
CFTR	I618T	1	2	Jan 20, 2026	53404
CFTR	H620P	1	1	Dec 10, 2025	53406
CFTR	G628R	1	3	Mar 11, 2019	53408
CFTR	M1V	1	3	Mar 17, 2017	53423
CFTR	F693L	0	1	Nov 16, 2021	53436
CFTR	A72D	1	1	Feb 20, 2025	4064589
CFTR	E822K	1	1	Sep 05, 2022	53491
CFTR	G85V	1	2	Apr 09, 2026	53510
CFTR	L927P	1	3	Mar 17, 2017	53568
CFTR	G970R	1	3	Mar 17, 2017	53590
CFTR	D979V	1	3	Dec 08, 2017	53603
CFTR	Q98R	1	3	Dec 08, 2017	53606
CFTR	P99L	1	3	Dec 08, 2017	53610
CFTR	M1K	1	1	Jan 29, 2018	53621
CFTR	M1T	1	2	Jul 24, 2025	53622
CFTR	I1005R	1	2	Dec 19, 2025	53626
CFTR	A1006E	1	3	Aug 31, 2018	53627
CFTR	L102P	1	2	Mar 14, 2025	53642
CFTR	T1036N	1	3	Mar 11, 2019	53652
CFTR	I105N	1	2	Jan 10, 2026	53665
CFTR	H1054D	1	3	Mar 17, 2017	53667
CFTR	G1061R	1	3	Mar 17, 2017	53672
CFTR	L1065R	1	2	Oct 25, 2023	53676
CFTR	R1066S	1	1	Dec 03, 2025	53677
CFTR	R1066L	1	2	Dec 06, 2024	53678
CFTR	A1067P	1	1	Jan 05, 2026	53679
CFTR	R1070P	1	1	Jun 06, 2022	53686
CFTR	L1077P	1	3	Mar 17, 2017	53690
CFTR	Y109N	1	2	Mar 20, 2026	53695
CFTR	L1093P	1	1	Aug 05, 2025	53701
CFTR	W1098R	1	3	Mar 11, 2019	53707
CFTR	W1098C	1	3	Aug 31, 2018	53709
CFTR	Q1100P	1	2	Feb 23, 2026	53711
CFTR	M1101R	1	3	Mar 11, 2019	53712
CFTR	P111A	1	2	Jul 22, 2021	53718
CFTR	S1118F	1	3	Dec 08, 2017	53722
CFTR	G1123R	1	1	Aug 01, 2025	53726
CFTR	M1137R	1	2	Oct 08, 2024	53735
CFTR	M1140K	1	1	Mar 14, 2024	53738
CFTR	E116K	1	3	Sep 24, 2021	53754
CFTR	S1159P	1	3	Aug 31, 2018	53756
CFTR	S1159F	1	3	Dec 08, 2017	53757
CFTR	R117G	1	2	Jan 28, 2026	53762
CFTR	R117P	1	3	Jan 10, 2020	53764
CFTR	R117L	1	2	Dec 23, 2025	53765
CFTR	V1240G	1	3	Aug 31, 2018	53795
CFTR	G1244R	1	1	Jun 18, 2019	53796
CFTR	T1246I	1	2	Apr 22, 2026	53799
CFTR	G1247R	1	1	Dec 10, 2025	4818546
CFTR	G1249R	1	3	Mar 11, 2019	53801
CFTR	G126D	1	3	Mar 11, 2019	53812
CFTR	W1282R	1	2	Apr 29, 2025	53820
CFTR	W1282G	1	2	Feb 25, 2021	53821
CFTR	S13F	1	3	Aug 31, 2018	53845
CFTR	N1303I	1	2	Feb 03, 2026	53846
CFTR	L1324P	1	3	Aug 31, 2018	53865
CFTR	M1I	1	2	Nov 05, 2018	53869
CFTR	L1335P	1	3	Dec 08, 2017	53872
CFTR	H1375P	1	3	Aug 31, 2018	53895
CFTR	H139R	1	3	Aug 31, 2018	53909
CFTR	H139L	1	2	Oct 28, 2024	53910
CFTR	L145H	1	2	Sep 04, 2025	2680711
CFTR	G149R	1	2	Jan 29, 2018	53951
CFTR	M152V	1	2	Jan 13, 2026	53955
CFTR	Y161D	1	3	Aug 31, 2018	53965
CFTR	K162E	1	2	May 13, 2026	53968
CFTR	L165S	1	3	Dec 08, 2017	53976
CFTR	K166E	1	1	Sep 18, 2025	53978
CFTR	I175V	1	2	Jul 28, 2025	53986
CFTR	D192G	1	3	Jul 31, 2020	54005
CFTR	W19C	1	1	Feb 10, 2020	54013
CFTR	H199Y	1	3	Mar 17, 2017	54018
CFTR	H199R	1	2	Mar 10, 2025	54019
CFTR	H199Q	1	1	Feb 26, 2025	54020
CFTR	P205S	1	3	Mar 17, 2017	54026
CFTR	L227R	1	3	Mar 17, 2017	54040
CFTR	V232D	1	3	Aug 31, 2018	54041
CFTR	Q237E	1	2	Jan 15, 2026	54042
CFTR	G27R	1	3	Aug 31, 2018	54059
CFTR	G27E	1	1	Nov 09, 2023	54062
CFTR	G314R	1	2	Dec 11, 2025	54088
BRAF	F247L	1	3	May 10, 2019	55793
VPS45	T224N	1	2	Sep 09, 2025	55906
VPS45	E238K	1	2	Apr 15, 2024	55907
SLC26A3	I544N	1	2	Feb 22, 2024	55985
SLC26A3	G120S	1	2	Nov 28, 2025	55997
SLC26A3	P131R	1	1	Jan 04, 2024	55999
SLC26A3	P131L	1	2	Aug 26, 2024	56000
PPT1	G42E	1	2	Sep 02, 2025	56179
PPT1	Q91P	1	2	Jan 13, 2026	56187
PPT1	Y109D	1	2	Dec 04, 2025	56190
PPT1	M1I	1	2	Apr 29, 2026	56193
PPT1	S138L	1	2	Jan 23, 2026	56194
PPT1	Q177E	1	2	Jul 30, 2025	56198
PPT1	V181L	1	2	Dec 24, 2025	56202
PPT1	E184K	1	2	Sep 15, 2025	56204
PPT1	L222P	1	2	May 08, 2024	56210
PPT1	Y247H	1	2	Oct 16, 2025	56214
CC2D2A	T1114M	1	2	Jan 26, 2026	56304
SLC7A7	S386R	1	1	Nov 27, 2024	56351
SLC7A7	M50K	1	2	Oct 04, 2024	56363
SLC7A7	L124P	1	2	Dec 01, 2025	56366
SLC7A7	S238F	1	2	Apr 29, 2026	56376
SLC7A7	R333M	1	2	Dec 03, 2024	56383
NPHS1	S350P	1	2	Apr 29, 2026	56419
NPHS1	S366R	1	2	May 23, 2026	56420
NPHS1	R367C	1	2	May 23, 2026	56421
NPHS1	P368S	1	2	Jun 01, 2025	56423
NPHS1	P368L	1	2	May 23, 2026	56424
NPHS1	R379W	1	1	Jan 04, 2024	56427
NPHS1	R407W	1	2	Apr 29, 2026	56430
NPHS1	R460Q	1	2	Apr 29, 2026	56438
NPHS1	C465Y	1	1	Aug 28, 2023	56439
NPHS1	P519S	1	2	Apr 29, 2026	56442
NPHS1	S572N	1	2	Apr 29, 2026	56447
NPHS1	L587R	1	2	Apr 29, 2026	56450
NPHS1	C623F	1	2	Apr 29, 2026	56453
NPHS1	V709G	1	2	Dec 04, 2025	56462
NPHS1	R743C	1	2	Aug 11, 2026	56469
NPHS1	R802W	1	2	Aug 19, 2025	56471
NPHS1	A806D	1	2	Jun 29, 2026	56473
NPHS1	R831C	1	2	Apr 29, 2026	56476
NPHS1	V834F	1	1	Feb 10, 2025	56478
NPHS1	L96V	1	2	May 25, 2024	56490
NPHS1	D105N	1	2	Apr 29, 2026	56493
NPHS1	C160S	1	1	Sep 20, 2023	56506
NPHS1	P167L	1	2	Mar 13, 2024	56507
NPHS1	G270C	1	2	May 21, 2025	56523
CLN5	N143S	1	2	Apr 09, 2026	56539
CLN5	W158S	1	1	Jan 14, 2026	56542
CLN5	Y209D	1	2	Jan 07, 2026	56545
COL6A2	G268D	1	2	Oct 15, 2019	56908
RIT1	A57G	1	2	Oct 08, 2025	60506
RIT1	G95A	1	2	Dec 11, 2025	60509
TRAPPC11	G980R	1	2	Oct 04, 2024	60510
CTSF	Q321R	1	1	May 25, 2016	60675
GABRG2	R323Q	1	2	Jul 23, 2025	60708
PTH1R	R106C	0	1	Sep 20, 2024	64399
HNRNPA1	D314V	1	1	May 25, 2020	65451
HNRNPA1	D314N	1	1	Nov 18, 2019	65452
CYP21A2	R103K	0	2	Jul 30, 2021	65608
CYP21A2	D184E	0	2	Nov 01, 2024	65609
CSF1R	R777W	1	1	Nov 16, 2023	65685
BCKDHB	G278S	1	2	May 23, 2026	65771
ELAC2	F154L	1	2	Nov 17, 2025	66037
ODAD2	L927W	1	2	Sep 01, 2021	66045
CACNA1D	G403D	1	2	Nov 07, 2024	66072
EEF2	P596H	1	1	Dec 06, 2019	66077
KRT12	M129V	1	2	Mar 26, 2024	66122
KRT12	N133K	1	1	Jan 01, 2024	66124
KRT12	P15S	0	2	Jan 28, 2026	66128
KRT1	L437P	1	1	Apr 05, 2023	66620
KRT1	A454S	0	2	Jan 15, 2026	66621
KRT1	E478Q	1	1	Mar 04, 2025	66626
KRT1	E478D	1	1	Jul 09, 2023	66627
KRT1	L485P	1	1	Apr 15, 2023	66629
KRT1	L187F	1	2	Feb 16, 2024	66648
KRT1	N188S	1	2	May 15, 2023	66650
KRT1	F191I	1	1	Feb 08, 2022	66651
KRT1	F191C	1	1	Jan 30, 2026	66652
KRT1	S233L	1	2	Aug 07, 2026	66662
SERPING1	L430Q	1	1	Jul 07, 2024	68244
SERPING1	R466L	1	1	Jun 01, 2024	68247
SERPING1	T118A	0	2	Jul 09, 2025	68250
SERPING1	Y154C	1	1	Jul 07, 2024	68251
SERPING1	G184R	1	2	Sep 01, 2024	68253
SERPING1	L230P	1	1	-	68254
CYP1B1	E229K	0	3	Nov 19, 2025	68467
NCF2	A202V	1	2	Apr 29, 2026	68497
SCN1A	P358T	1	1	Aug 01, 2018	68500
SCN1A	R377Q	1	2	Sep 20, 2025	68502
SCN1A	R393S	1	1	Apr 25, 2019	68504
SCN1A	R393C	1	2	Dec 01, 2025	68505
SCN1A	R393H	1	2	Mar 18, 2025	68506
SCN1A	F403L	1	2	Oct 09, 2022	68508
SCN1A	V422E	1	1	Jan 27, 2025	68510
SCN1A	S626G	1	1	Dec 20, 2014	68512
SCN1A	S74P	1	1	Sep 27, 2025	68514
SCN1A	T812R	1	1	Nov 28, 2024	68518
SCN1A	Y84C	1	2	Aug 04, 2024	68520
SCN1A	L942P	1	1	Jul 06, 2024	68521
SCN1A	R946H	1	2	Oct 01, 2025	68523
SCN1A	G950E	1	1	Mar 30, 2015	68524
SCN1A	R101W	1	2	Jan 19, 2026	68527
SCN1A	R101Q	1	2	Jul 18, 2025	68528
SCN1A	L1207P	1	2	Feb 23, 2024	68530
SCN1A	G1233R	1	1	Oct 13, 2022	68531
SCN1A	R1245Q	1	2	Aug 10, 2026	68533
SCN1A	V1390M	1	2	Dec 01, 2025	68537
SCN1A	C1396G	1	1	Nov 27, 2023	68538
SCN1A	Y1422C	1	2	Apr 30, 2025	68540
SCN1A	A1441P	1	1	Dec 11, 2017	68543
SCN1A	P1451L	1	2	Oct 26, 2022	68544
SCN1A	G1480V	1	1	Jan 29, 2023	68549
SCN1A	I1545V	1	2	Mar 23, 2025	68551
SCN1A	C1588R	1	2	Aug 13, 2024	68552
SCN1A	R1596C	1	2	Nov 10, 2025	68553
SCN1A	D1608Y	1	2	Jul 11, 2024	68554
SCN1A	R1645Q	1	2	Dec 21, 2025	68558
SCN1A	R1657H	1	2	Oct 07, 2024	68559
SCN1A	M1714R	1	1	May 01, 2024	68564
SCN1A	C1716R	1	2	Sep 19, 2024	68565
SCN1A	G1762E	1	1	May 28, 2019	68567
SCN1A	S1773F	1	1	Mar 23, 2022	68568
SCN1A	M1780T	1	2	Feb 18, 2026	68569
SCN1A	A1783T	1	2	Nov 03, 2025	68570
SCN1A	A1783V	1	2	Feb 01, 2026	68571
SCN1A	I1922T	1	2	Jul 29, 2021	68573
SCN1A	R1928G	0	2	Mar 01, 2026	68574
SCN1A	D194N	1	2	Sep 25, 2025	68575
SCN1A	T217K	1	2	Nov 06, 2025	68577
SCN1A	T226M	1	2	Jun 04, 2024	68578
SCN1A	I227S	1	2	Aug 08, 2025	68579
SCN1A	A239T	1	2	Jun 16, 2024	68580
SCN1A	A239V	1	1	Jun 17, 2016	68581
SCN1A	W280R	1	2	Dec 31, 2022	68583
SCN1A	R322I	1	1	Jan 30, 2023	68584
SCN1A	G343D	1	2	Dec 14, 2023	68585
SCN1A	Y388H	1	2	Jan 03, 2022	68586
SCN1A	R604H	0	2	Jun 01, 2026	68589
SCN1A	Y790C	1	1	Apr 25, 2024	68590
SCN1A	T875K	1	1	May 04, 2022	68594
SCN1A	F90S	1	2	Feb 06, 2025	68596
SCN1A	I91T	1	2	Jul 02, 2025	68597
SCN1A	R931C	1	2	Sep 21, 2025	68598
SCN1A	H939Y	1	2	Sep 22, 2024	68600
SCN1A	V944A	1	1	Jun 27, 2022	68602
SCN1A	R946C	1	2	Oct 30, 2024	68604
SCN1A	W952G	1	1	Dec 20, 2014	68605
SCN1A	E954K	1	1	Oct 10, 2024	68606
SCN1A	C959R	1	2	Sep 11, 2020	68607
SCN1A	G979R	1	2	Mar 19, 2025	68609
SCN1A	I1034T	0	2	Jan 28, 2026	68613
SCN1A	T112I	1	2	Feb 05, 2024	68615
SCN1A	T1210K	1	1	Dec 20, 2014	68617
SCN1A	S1231R	1	1	Jan 23, 2024	68619
SCN1A	L1287P	1	2	May 27, 2025	68624
SCN1A	G1433E	1	2	Sep 15, 2025	68630
SCN1A	W1434R	1	2	Sep 01, 2022	68631
SCN1A	G1586E	1	2	Nov 08, 2022	68637
SCN1A	V1637E	1	3	Feb 24, 2026	68640
SCN1A	R1648C	1	2	Oct 01, 2025	68641
SCN1A	R1657C	1	2	May 28, 2025	68642
SCN1A	T1658M	1	2	May 08, 2025	68643
SCN1A	F1661S	1	2	Sep 24, 2025	68644
SCN1A	A1685V	1	2	Jun 13, 2025	68648
SCN1A	F1692S	1	2	Aug 07, 2024	68649
SCN1A	A175T	1	2	Jul 29, 2024	68656
SCN1A	Y1781C	1	1	May 23, 2024	68657
SCN1A	G177E	1	1	Sep 27, 2022	68658
SCN1A	I1782M	1	1	Dec 20, 2014	68659
SCN1A	F1808L	1	1	Jun 29, 2023	68661
SCN1A	W1812G	1	2	Mar 02, 2017	68662
SCN1A	M1852T	1	2	Jul 01, 2025	68664
SCN1A	W190R	1	2	Mar 20, 2025	68668
SCN1A	T1909I	1	2	Feb 15, 2024	68669
SCN1A	I252N	1	2	Jun 04, 2025	68672
SCN1A	S259R	1	2	Jun 10, 2022	68673
CARD14	R62Q	0	2	Jan 22, 2026	68777
CARD14	R682W	0	2	Apr 01, 2026	68778
CARD14	G714S	0	2	Jun 01, 2026	68779
CARD14	D973E	0	2	Apr 15, 2026	68780
CARD14	S200N	0	2	Apr 01, 2026	68785
GABRG2	R82W	1	2	Dec 13, 2025	1791457
COL3A1	G195R	1	2	Jun 21, 2024	74348
GRIN2A	S511L	1	2	Jan 02, 2025	80290
SMARCA4	E1056K	1	1	Jul 22, 2026	1722915
DYRK1A	R170C	0	1	Jan 17, 2024	81842
COL4A5	G213R	1	1	May 20, 2025	4081617
GRIN2A	M1T	1	2	Sep 23, 2024	88728
GRIN2A	T531M	1	2	Apr 09, 2025	88730
GRIN2A	R518H	1	2	Apr 10, 2026	88732
GRIN2A	F652V	1	1	Jan 01, 2019	88733
SMARCB1	R37H	1	2	Sep 15, 2025	88893
ABCD1	R518Q	1	2	Oct 21, 2025	92317
ABCD1	G529D	1	1	Aug 29, 2012	92318
ABCD1	R554S	1	2	Mar 18, 2025	92319
ABCD1	P560L	1	2	Nov 13, 2025	92320
ABCD1	R591W	1	2	May 04, 2025	92321
ABCD1	G116R	1	2	Jul 09, 2025	92325
ASL	R94C	1	2	May 23, 2026	92359
ASL	R12Q	1	2	Apr 29, 2026	92360
ASS1	V263M	1	2	Apr 29, 2026	92372
ASS1	R265C	1	2	Apr 29, 2026	92373
ASS1	R265H	1	2	Apr 29, 2026	92374
ASS1	R279Q	1	2	Jan 02, 2026	92375
CYP1B1	A443G	0	3	Nov 19, 2025	92435
CYP1B1	R48G	0	3	Nov 19, 2025	92436
CYP1B1	A119S	0	3	Nov 19, 2025	92437
PMM2	A108V	1	2	May 23, 2026	92800
PMM2	E197A	0	2	Jul 01, 2026	92803
PMM2	G208A	1	2	Mar 17, 2025	92804
PMM2	H218D	1	1	Jan 25, 2013	92805
BCKDHA	R346H	1	2	Jul 01, 2025	93336
BCKDHA	P39H	0	2	Feb 04, 2026	93341
BCKDHA	V412M	1	2	Dec 28, 2025	93344
BCKDHA	R124W	1	2	Mar 21, 2025	93356
BCKDHA	T151M	0	2	Jun 01, 2026	93361
BCKDHA	T211M	1	2	Apr 29, 2026	93365
BCKDHA	A220V	1	2	Apr 29, 2026	93367
BCKDHA	A285P	1	2	Jun 15, 2026	93375
BCKDHA	R297H	1	2	Sep 10, 2025	93376
BCKDHA	D302A	1	2	Dec 17, 2024	93377
BCKDHA	E327K	1	2	Dec 22, 2025	93385
PCARE	P62A	0	2	Jan 17, 2026	93472
FKTN	R203Q	0	2	Feb 04, 2026	93522
SCN1A	D589V	1	1	May 29, 2013	93634
SCN1A	R859H	1	2	Dec 08, 2025	93639
SCN1A	E1216K	1	1	Dec 10, 2012	93644
SCN1A	I1955T	0	2	May 01, 2026	93660
SCN1A	R28H	0	3	Sep 03, 2024	93664
PCDH19	P1079A	0	2	Jan 01, 2026	93674
PCDH19	R1107G	0	2	Jan 23, 2026	93675
PCDH19	N125S	1	2	Feb 08, 2022	93676
EP300	I997V	0	2	Feb 04, 2026	93736
EP300	Q2223P	0	2	Feb 03, 2026	93744
COL6A2	S399N	0	2	Feb 04, 2026	93903
COL6A2	P518S	0	2	Feb 01, 2026	93911
COL6A2	T590M	0	2	Feb 01, 2026	93920
COL6A2	R680H	0	2	Feb 04, 2026	93929
COL6A2	R784H	0	2	Jun 01, 2026	93938
COL6A2	G935R	0	2	Feb 03, 2026	93948
COL6A2	A995T	0	2	Jan 27, 2026	93951
COL6A2	I1015L	0	2	Jan 27, 2026	93952
COL6A2	E106K	0	2	Jun 01, 2026	93953
COL6A2	G167S	0	2	Jun 01, 2026	93954
COL6A2	D227N	0	2	Feb 02, 2026	93956
COL6A2	E278K	0	2	Jan 27, 2026	93961
DBT	I239V	0	2	Feb 04, 2026	94010
DBT	S242P	0	2	Feb 02, 2026	94011
DBT	C26R	0	2	Jan 31, 2026	94013
DBT	R301C	1	2	May 23, 2026	94016
DBT	K313N	1	2	Dec 19, 2024	94017
KDM5C	R1546Q	0	2	Jan 26, 2026	94879
CREBBP	P858S	0	2	Jan 27, 2026	95034
CREBBP	S893L	0	2	Jun 01, 2026	95035
CREBBP	A981T	0	2	Jun 01, 2026	95037
CREBBP	V992I	0	2	Feb 03, 2026	95040
CREBBP	S1043L	0	2	Feb 03, 2026	95042
CREBBP	P1494R	1	1	Jul 08, 2013	95048
CREBBP	P1608T	0	2	Dec 06, 2025	95050
CREBBP	N1978S	0	2	Apr 01, 2026	95057
CREBBP	G2229S	0	2	Jan 07, 2026	95065
MANBA	T701M	0	2	Feb 04, 2026	95319
RP1	A1670T	0	2	Feb 03, 2026	95352
RP1	S1691P	0	2	Feb 03, 2026	95354
RP1	C2033Y	0	2	Feb 04, 2026	95357
SLC16A2	Y280C	1	1	Jan 04, 2016	95420
INVS	A650P	0	2	Jan 09, 2026	95596
INVS	S242L	0	2	Feb 02, 2026	95599
INVS	N247S	0	2	May 01, 2026	95600
MBD5	S677N	0	2	Jun 01, 2026	95899
MBD5	V869I	0	2	Jan 13, 2026	95901
ALG1	A360V	1	2	Apr 29, 2026	95931
SELENON	N468K	0	2	Feb 04, 2026	95959
SELENON	C108Y	0	2	Feb 04, 2026	95963
SELENON	A161T	0	2	Feb 04, 2026	95966
DLG3	G102S	0	2	Jan 15, 2026	96020
NSD1	V614L	0	2	Feb 04, 2026	96042
NSD1	S726P	0	2	Feb 04, 2026	96043
NSD1	S817F	0	2	Jan 24, 2026	96047
NSD1	T1063A	0	2	Jan 24, 2026	96053
NSD1	M2250I	0	2	Feb 03, 2026	96070
NSD1	M2261T	0	2	Feb 03, 2026	96071
NSD1	A2546T	0	2	Feb 03, 2026	96079
NSD1	L2617S	0	2	Jun 01, 2026	96082
SIL1	T123I	0	2	May 01, 2026	96086
RAI1	A381V	0	2	Apr 01, 2026	96177
RAI1	A47T	0	2	Feb 01, 2026	96178
RAI1	G90A	0	2	Feb 04, 2026	96183
RAI1	P165T	0	2	Feb 04, 2026	96194
RAI1	P242L	0	2	Apr 01, 2026	96196
ALG2	V367A	0	2	Feb 02, 2026	96236
ALG2	S11P	0	2	Feb 02, 2026	96237
NPHP3	L790P	1	2	Sep 20, 2024	96511
BCKDHB	G336S	1	2	Apr 29, 2026	96562
BCKDHB	S339L	1	2	May 23, 2026	96563
BCKDHB	C349Y	1	2	Jan 13, 2025	96564
BCKDHB	G101D	1	2	Apr 29, 2026	96576
BCKDHB	E163V	1	1	Sep 04, 2013	96584
BCKDHB	R170S	1	2	Apr 20, 2026	96588
BCKDHB	R170G	1	2	Aug 30, 2025	96589
BCKDHB	R170C	1	2	Apr 29, 2026	96590
BCKDHB	R170H	1	2	Apr 29, 2026	96591
BCKDHB	N176Y	1	2	May 23, 2026	96593
BCKDHB	R183W	1	2	Apr 29, 2026	96595
BCKDHB	V251A	1	2	Apr 29, 2026	96608
BCKDHB	V301G	1	1	Feb 08, 2013	96617
BCKDHB	L325R	1	1	Jan 27, 2016	96622
BBS9	V416M	0	2	Feb 03, 2026	96647
RGS9BP	A96S	0	2	Feb 04, 2026	96676
CYP1B1	C470Y	1	3	Nov 19, 2025	96699
STX11	L58P	1	2	Apr 29, 2026	97001
DYNC2I2	T354M	1	2	Mar 03, 2026	97038
DYNC2I2	R447W	1	2	Jun 04, 2025	97039
DYNC2I2	R447Q	1	1	Feb 04, 2025	97040
GRIN2A	P13L	0	2	Jun 24, 2025	98460
GRIN2A	N1138I	0	1	Nov 18, 2024	98464
GRIN2A	P594S	0	1	Dec 08, 2025	98469
CA4	V234I	0	2	Jun 01, 2026	100558
CA4	R239Q	0	2	Feb 01, 2026	100559
CACNA1F	R1919H	0	2	Feb 01, 2026	100576
RP1	T752M	0	2	Jan 21, 2026	100579
LBR	N547D	1	2	May 07, 2019	100900
LBR	R583Q	1	1	Nov 26, 2020	100901
TFG	R106C	1	2	Sep 29, 2025	100909
COL3A1	G759D	1	1	Aug 20, 2024	101103
COL3A1	G741D	1	2	Nov 04, 2025	101106
COL3A1	G267V	1	1	Nov 15, 2017	101113
COL3A1	G1164E	1	1	Nov 15, 2018	101118
COL3A1	G714R	1	1	Feb 16, 2021	101124
COL3A1	G942R	1	1	Oct 10, 2018	101125
COL3A1	G300V	1	2	Apr 13, 2026	101127
COL3A1	G693A	1	2	Jul 17, 2025	101129
COL3A1	G303R	1	1	Sep 15, 2025	101131
COL3A1	G1116V	1	2	Jun 20, 2025	101133
COL3A1	G948R	1	1	Oct 16, 2025	101136
COL3A1	G924D	1	1	Sep 17, 2018	101139
COL3A1	G300D	1	1	Nov 20, 2023	101143
COL3A1	G705E	1	1	May 03, 2025	101152
COL3A1	G252V	1	2	Aug 09, 2025	101156
COL3A1	G924C	1	2	Oct 07, 2024	101165
COL3A1	G489E	1	1	Nov 23, 2022	101170
COL3A1	G603V	1	1	Mar 23, 2022	101172
COL3A1	G270E	1	2	Sep 25, 2025	101173
COL3A1	G300R	1	1	Mar 15, 2018	101176
COL3A1	G1170S	1	2	Dec 01, 2025	101177
COL3A1	G735R	1	1	Nov 20, 2023	101179
COL3A1	G444R	1	2	May 26, 2026	101185
COL3A1	G765V	1	1	Apr 17, 2023	101188
COL3A1	G660D	1	1	Sep 23, 2023	101189
COL3A1	G852D	1	1	May 13, 2025	101190
COL3A1	G1146E	1	2	Oct 21, 2024	101192
COL3A1	G351V	1	2	Jan 03, 2025	101195
COL3A1	G363S	1	1	Jul 09, 2025	101196
COL3A1	G1188R	1	1	Oct 24, 2016	101202
COL3A1	G222V	1	1	Jul 03, 2019	101218
COL3A1	G1173R	1	2	Apr 20, 2026	101221
COL3A1	G1284E	1	1	Jul 08, 2019	242647
COL3A1	G603D	1	1	Jul 17, 2019	101233
COL3A1	G225V	1	1	Dec 11, 2025	101236
COL3A1	G411R	1	2	Sep 30, 2025	101237
COL3A1	G1131S	1	2	May 27, 2025	101239
COL3A1	G1056D	1	1	Apr 17, 2017	101244
COL3A1	G762V	1	1	Jul 29, 2023	101245
COL3A1	G975V	1	2	May 28, 2024	101246
COL3A1	G381D	1	1	Dec 21, 2023	101248
COL3A1	G717D	1	2	Jan 06, 2026	101253
COL3A1	G939C	1	2	Nov 14, 2024	101254
COL3A1	G1011E	1	1	Feb 03, 2023	101256
COL3A1	G1107R	1	1	Jan 18, 2021	101267
COL3A1	G924V	1	1	Feb 27, 2024	101270
COL3A1	G1065R	1	2	Oct 09, 2024	101273
COL3A1	G945S	1	1	Jul 29, 2022	101278
COL3A1	G723D	1	1	Feb 22, 2019	101292
COL3A1	G1035V	1	1	Jun 18, 2024	101294
COL3A1	G249V	1	1	Mar 18, 2022	101295
COL3A1	G987S	1	2	Oct 01, 2025	101296
COL3A1	G540R	1	2	Jul 23, 2025	101297
COL3A1	G423D	1	1	May 06, 2015	101299
COL3A1	G894A	1	1	Apr 16, 2020	101303
COL3A1	G279D	1	2	Feb 03, 2026	101307
COL3A1	G978D	1	1	Jan 01, 2017	101309
COL3A1	G216E	1	2	Feb 20, 2025	101310
COL3A1	G675V	1	1	Dec 01, 2022	101311
COL3A1	G900D	1	1	Nov 28, 2025	101313
COL3A1	G924S	1	2	Feb 27, 2025	101316
COL3A1	G264E	1	2	May 31, 2021	101320
COL3A1	G732R	1	2	Apr 19, 2018	101323
COL3A1	G972A	1	1	Jun 07, 2020	101326
COL3A1	G1167R	1	1	Oct 11, 2022	101327
COL3A1	G492V	1	1	Jan 14, 2025	101340
COL3A1	G654E	1	2	Jul 27, 2025	101342
COL3A1	G621E	1	1	Apr 22, 2025	101344
COL3A1	G705R	1	1	Feb 01, 2019	101346
COL3A1	G237R	1	2	Jun 03, 2025	101349
COL3A1	G204D	1	2	Dec 03, 2021	101351
COL3A1	G1179V	1	2	Jul 01, 2022	101352
COL3A1	G243V	1	1	Feb 14, 2023	101356
COL3A1	G219D	1	1	Jan 21, 2025	101360
COL3A1	G423S	1	2	Mar 13, 2025	101361
COL3A1	G702V	1	1	Jun 18, 2020	101362
COL3A1	G504V	1	1	Oct 21, 2025	101363
COL3A1	G309E	1	1	Aug 22, 2019	101364
COL3A1	G462S	1	2	Jun 28, 2026	101365
COL3A1	G615E	1	1	Jun 14, 2019	101366
COL3A1	G261D	1	2	Nov 17, 2022	101367
COL3A1	G417R	1	1	Apr 16, 2020	101369
COL3A1	G726R	1	1	Dec 01, 2021	101370
COL3A1	G1119D	1	1	Oct 29, 2024	101371
COL3A1	G198E	1	1	May 30, 2019	101373
COL3A1	G762D	1	2	Sep 17, 2025	101377
COL3A1	G1182E	1	1	Apr 27, 2023	101381
COL3A1	G324S	1	2	Dec 23, 2025	101388
COL3A1	G321D	1	2	Oct 24, 2017	101390
COL3A1	G222D	1	2	Jul 02, 2020	101393
COL3A1	G234D	1	1	Oct 13, 2023	101399
COL3A1	G918E	1	2	Nov 12, 2025	101407
COL3A1	G963R	1	1	Jun 03, 2019	101411
COL3A1	G1092V	1	1	Oct 13, 2023	101416
COL3A1	G639R	1	1	Jun 16, 2023	101419
COL3A1	G333D	1	2	Apr 10, 2026	101430
COL3A1	G954R	1	1	Oct 20, 2022	101431
COL3A1	G663V	1	2	Oct 05, 2020	101434
COL3A1	G549E	1	1	Sep 17, 2023	101437
COL3A1	G741S	1	2	Jul 23, 2024	101444
COL3A1	G957V	1	2	Jan 08, 2026	101446
COL3A1	G801D	1	1	Jul 02, 2020	101449
COL3A1	G588D	1	2	Jul 02, 2019	101451
COL3A1	G420S	1	2	Jan 25, 2026	101452
COL3A1	G711S	1	2	Sep 24, 2024	101455
COL3A1	G366R	1	2	Dec 02, 2025	101456
COL3A1	G1167C	1	1	Jan 04, 2023	101461
COL3A1	G1191D	1	1	Jan 30, 2020	101466
COL3A1	G1035C	1	2	Jan 01, 2019	101467
COL3A1	G225A	1	2	Apr 24, 2024	101469
COL3A1	G252R	1	1	Jan 26, 2026	101470
COL3A1	G699D	1	1	Apr 01, 2018	101471
COL3A1	G180D	1	1	Jan 05, 2026	101483
COL3A1	G1158R	1	2	Dec 05, 2024	101484
COL3A1	G912D	1	1	Mar 14, 2022	101486
COL3A1	G1161E	1	2	Mar 11, 2024	101487
COL3A1	G1137D	1	1	Feb 02, 2024	101493
COL3A1	G972S	1	1	Oct 24, 2016	101496
SLC12A3	T60M	1	2	Apr 29, 2026	101514
STT3A	V626A	1	1	Jan 19, 2024	102443
NLRP5	C807R	0	1	Dec 07, 2019	103285
IFNGR1	G180R	0	2	Jan 26, 2026	111213
PLD3	V232M	0	2	Jan 26, 2026	120224
RIT1	M90I	1	2	Dec 03, 2025	120250
ADA2	Y453C	1	2	Feb 18, 2026	120299
ADA2	G47A	1	2	Jan 30, 2026	120301
ADA2	H112Q	1	2	Feb 18, 2026	120302
ADA2	R169Q	1	2	Jan 19, 2026	120303
ADA2	G47R	1	2	Dec 17, 2025	120304
ADA2	P251L	1	2	Feb 01, 2026	120305
ADA2	G47V	1	2	Dec 15, 2025	120306
MTFMT	P151L	1	1	Feb 23, 2026	120309
SLC38A8	I32S	1	2	Feb 10, 2025	125442
SLC38A8	E233K	1	2	Mar 09, 2026	125446
CC2D2A	E376A	0	2	Feb 04, 2026	126227
CC2D2A	R1170K	0	2	Jan 31, 2026	126240
CC2D2A	E241K	0	2	Feb 02, 2026	126247
SMARCA4	Y372H	0	2	Feb 04, 2026	126355
SMARCA4	R1308W	1	2	Apr 10, 2024	126361
AGRN	V1727F	1	1	Jun 14, 2022	126555
GABRG2	P83S	1	1	May 09, 2024	127233
PALLD	R617C	0	2	Dec 01, 2025	128099
PALLD	R255H	0	2	Oct 01, 2024	128114
AFF2	N165D	0	2	May 01, 2025	128285
AGRN	Q353R	0	2	Feb 03, 2026	128291
AGRN	E728V	0	2	Feb 02, 2026	128294
AGRN	L1088F	0	2	Feb 01, 2026	128298
AGRN	Q1135R	0	2	Feb 01, 2026	128299
AGRN	P1289L	0	2	Feb 01, 2026	128304
AGRN	R1322W	0	2	Feb 03, 2026	128305
AGRN	A1514T	0	2	Jul 01, 2026	128309
AGRN	V1666I	0	2	Feb 03, 2026	128312
AGRN	S1909T	0	2	Feb 03, 2026	128318
ALDH7A1	T412A	0	2	Feb 04, 2026	128345
ALDH7A1	K439Q	0	2	Feb 04, 2026	128346
ALDH7A1	I125V	0	2	Feb 04, 2026	128348
AMACR	V9M	0	2	Feb 04, 2026	128356
AMACR	G175D	0	2	Feb 04, 2026	128357
AMACR	L201S	0	2	Feb 04, 2026	128358
AMACR	E277K	0	2	Feb 04, 2026	128360
ANO10	S356G	0	2	Feb 04, 2026	128386
ANO10	R462Q	0	2	Feb 04, 2026	128387
ANO10	T561M	0	2	Feb 04, 2026	128388
MTRFR	R15Q	0	2	Feb 03, 2026	128535
CAMTA1	N1177K	0	2	Feb 03, 2026	128565
CHRNB1	I420T	0	2	Jan 14, 2026	128751
CHRNB1	E32G	0	2	Feb 04, 2026	128754
CLN5	K319R	0	2	Feb 04, 2026	128778
CNTN1	S775N	0	2	Jan 25, 2026	128794
COL6A2	A994T	0	2	Jan 28, 2026	128815
DBT	S384G	0	2	Feb 04, 2026	128885
EPB41L1	P547R	0	2	Dec 31, 2019	128997
EPB41L1	P687L	0	1	-	128999
EPB41L1	S107A	0	1	Aug 14, 2014	129000
ERCC6	G399D	0	2	Feb 04, 2026	129013
ERCC6	M1097V	0	2	Feb 04, 2026	129016
ERCC6	R1213G	0	2	Feb 04, 2026	129017
ERCC6	R1230P	0	2	Feb 04, 2026	129018
ERCC6	Q1413R	0	2	Feb 04, 2026	129020
GRIN2A	V967L	0	2	Jun 01, 2026	129195
GRIN2A	N1076K	0	2	Jun 01, 2026	129196
GRIN2A	K1185E	0	1	Jan 29, 2014	129197
GRIN2A	K221R	0	2	Jan 19, 2026	129199
INPP5E	P191R	0	2	Jan 25, 2026	129263
INPP5E	I201M	0	2	Feb 04, 2026	129275
IQSEC2	A1470T	0	2	Feb 02, 2026	129284
KDM5C	P538L	1	1	Oct 31, 2014	129374
KLF11	D137G	0	2	Nov 24, 2025	129430
KLF11	Q62R	0	2	Feb 03, 2026	129431
MED17	E69D	0	2	Jun 28, 2026	129601
MTTP	Q244E	0	2	Feb 04, 2026	129627
MTTP	H297Q	0	2	Feb 04, 2026	129628
NHLRC1	P111L	0	2	Feb 04, 2026	129767
NOP56	M475T	0	1	-	129808
NOP56	V576A	0	1	-	129809
NOP56	I121V	0	1	-	129810
PPT1	I134T	0	2	Feb 04, 2026	130022
PPT1	Q279H	0	2	Feb 04, 2026	130023
RAI1	S642L	0	2	May 01, 2026	130081
RAI1	P204S	0	2	Mar 01, 2026	130083
RAI1	E1264G	0	2	Feb 03, 2026	130087
RBBP8	K357N	0	2	Jan 02, 2026	130102
RBBP8	R589H	0	2	Jun 01, 2026	130105
SELENON	T103A	0	2	Feb 04, 2026	130284
SEPSECS	K452N	0	2	Feb 04, 2026	130288
SEPSECS	R465Q	0	2	Jan 28, 2026	130289
SLC6A19	V252I	0	2	Feb 03, 2026	130353
TGM6	M58V	0	2	Feb 03, 2026	130585
TRAPPC9	V1055I	0	2	Feb 03, 2026	130617
TRAPPC9	G933S	0	2	Feb 03, 2026	130629
STIM1	R304W	1	2	Jun 23, 2024	132887
BUB1B	V4M	0	2	Jan 04, 2026	133764
BUB1B	V618A	0	2	Feb 03, 2026	133769
BUB1B	N1004S	0	2	Mar 01, 2026	133772
BUB1B	R349Q	0	2	Feb 04, 2026	133780
BUB1B	E390D	0	2	Feb 03, 2026	133782
CREBBP	T910S	0	2	Dec 18, 2025	133924
CREBBP	P1010L	0	2	Oct 07, 2025	133926
CREBBP	S116G	0	2	Sep 19, 2023	133929
CREBBP	S128C	0	2	Jun 01, 2026	133930
CREBBP	A91T	0	1	Jun 12, 2025	133931
CREBBP	G98V	0	2	Jan 01, 2026	133932
CREBBP	A254T	0	2	Dec 29, 2025	133933
CREBBP	S299G	0	2	Jan 07, 2026	133934
CREBBP	V1924M	0	2	Jan 28, 2026	133939
CREBBP	A467T	0	2	Dec 08, 2025	133942
CREBBP	A690S	0	2	Sep 29, 2025	133945
EP300	S697R	0	2	Jun 01, 2026	134035
EP300	P925T	0	2	May 01, 2026	134039
EP300	I859T	0	2	Feb 03, 2026	134040
EP300	S106G	0	2	Jan 15, 2026	134041
EP300	M126V	0	2	May 08, 2026	134042
EP300	G211S	0	2	Jun 01, 2026	134043
EP300	N251S	0	2	Jan 17, 2026	134045
EP300	M289V	0	2	May 01, 2026	134046
EP300	M2161V	0	2	Jan 28, 2026	134049
EP300	T1890S	0	2	Oct 07, 2025	134051
EP300	P2097A	0	2	Dec 01, 2025	134052
EP300	A2138V	0	2	Mar 11, 2024	134053
EP300	L2303V	0	1	Mar 13, 2024	134054
EP300	P2380L	0	2	Jan 03, 2024	134055
EP300	S1716T	0	2	Nov 17, 2025	134056
EP300	M2130I	0	2	Jan 19, 2026	134057
EP300	M2168I	0	2	Mar 29, 2025	134058
EP300	V2340I	0	2	Oct 21, 2025	134061
EP300	P308L	0	2	Jan 21, 2026	134062
EP300	S384A	0	2	Jun 04, 2025	134063
EP300	S507G	0	2	Feb 01, 2026	134065
ERBB2	L15F	0	1	May 12, 2025	134067
ERBB2	A386D	0	2	Dec 29, 2025	134068
ERBB2	W452C	0	2	Dec 15, 2025	134072
ERBB2	R47H	0	2	Oct 13, 2025	134075
ERBB2	M31I	0	1	Aug 03, 2025	134076
ERBB2	E930D	0	2	Jan 24, 2026	134078
ERBB2	P1170A	0	2	Feb 04, 2026	134082
ERBB2	A1216D	0	2	Feb 03, 2026	134084
ERBB2	R1161Q	0	1	Nov 21, 2025	134085
ERBB2	E79A	0	2	Jul 21, 2025	134087
ERBB2	L145F	0	1	Jan 13, 2026	134089
ERBB2	R143Q	0	2	Jan 24, 2026	134090
ERCC2	A717G	1	2	Apr 01, 2026	134102
ERCC2	K751Q	0	2	Feb 04, 2026	134105
ERCC2	T325M	0	2	Jan 19, 2026	134109
ERCC2	E95G	0	2	Jan 28, 2026	134112
ERCC2	E98D	0	2	Jan 25, 2026	134113
ERCC2	D312N	0	2	Feb 04, 2026	134117
ERCC3	S704L	0	2	Jan 29, 2026	134120
EXT1	V454I	0	2	Nov 21, 2025	134200
EXT1	A486V	0	1	Oct 01, 2025	134202
FGFR2	R6P	0	2	May 12, 2026	134386
FGFR2	S57L	0	2	Jan 26, 2026	134390
FGFR2	M186T	0	2	May 09, 2026	134392
GATA1	A55T	0	1	Jan 26, 2026	134462
GATA2	P250A	0	2	Feb 03, 2026	134466
GATA2	A164T	0	2	Feb 04, 2026	134467
GPC3	R120C	0	2	Feb 02, 2026	134500
GPC3	V429M	0	2	Feb 03, 2026	134501
JAK3	R451Q	0	1	Oct 07, 2025	134565
JAK3	R615C	0	3	Apr 03, 2024	134569
JAK3	V718L	0	3	Oct 22, 2025	134572
JAK3	V722I	0	3	Apr 03, 2024	134573
JAK3	A1090T	0	3	Apr 03, 2024	134579
JAK3	P132T	0	3	Jan 23, 2024	134580
JAK3	P396L	0	3	Aug 03, 2026	134586
KDM5C	T1533P	0	2	Feb 03, 2026	134592
KDM6A	A30T	0	2	Jan 31, 2026	134594
KDM6A	L667V	0	2	Jan 28, 2026	134596
KDM6A	T778K	0	2	Feb 04, 2026	134597
KDM6A	S963T	0	1	Jan 29, 2025	134598
KDM6A	H1112L	0	2	Dec 21, 2025	134599
NOTCH1	D568N	0	1	Sep 22, 2025	134909
NOTCH1	R621H	0	2	Jan 27, 2026	134910
NOTCH1	E694K	0	2	Feb 04, 2026	134911
NOTCH1	E848K	0	2	Feb 04, 2026	134919
NOTCH1	R879W	0	1	Jan 18, 2026	134920
NOTCH1	P22S	0	2	Feb 03, 2026	134923
NOTCH1	D1064E	0	1	Oct 19, 2025	134924
NOTCH1	Q1134R	0	2	Jan 31, 2026	134926
NOTCH1	P1256L	0	2	Jun 01, 2026	134929
NOTCH1	R1279H	0	2	Jun 01, 2026	134930
NOTCH1	A1343V	0	2	Jun 01, 2026	134932
NOTCH1	P1377S	0	2	Feb 04, 2026	134934
NOTCH1	E1408K	0	1	Dec 01, 2025	134938
NOTCH1	R1608H	0	2	Feb 02, 2026	134939
NOTCH1	V1671I	0	2	Jun 01, 2026	134940
NOTCH1	R1672H	0	2	May 26, 2026	134941
NOTCH1	N104S	0	2	Feb 01, 2026	134942
NOTCH1	T123M	0	2	Apr 01, 2026	134944
NOTCH1	I2550V	0	2	Jan 14, 2026	134945
NOTCH1	P2137S	0	2	Dec 04, 2025	134946
NOTCH1	G2152R	0	2	Jan 27, 2026	134949
NOTCH1	R2179Q	0	1	Sep 10, 2025	134950
NOTCH1	V2285I	0	2	Feb 04, 2026	134954
NOTCH1	A2331T	0	2	Apr 01, 2026	134957
NOTCH1	R203H	0	2	Nov 03, 2025	134958
NOTCH1	R234H	0	2	Feb 01, 2026	134959
SMARCA4	Q201L	0	2	Feb 01, 2026	135250
SMARCA4	P197S	0	2	Jun 01, 2026	135251
MUTYH	V218F	1	2	Jan 31, 2026	135990
BMP15	N103S	0	2	Jul 14, 2021	136523
NDUFAF6	V280I	0	2	Jul 01, 2026	136605
COL3A1	P602T	0	2	Jun 01, 2026	136845
COL3A1	I1205V	0	2	Mar 27, 2026	136856
COX15	R183H	0	2	Feb 01, 2026	137016
EOMES	A120G	0	2	Sep 15, 2016	137212
FIG4	M364L	0	2	Feb 04, 2026	137375
FIG4	V654A	0	2	Feb 04, 2026	137377
GFM2	S300C	0	2	Feb 01, 2026	137472
GFM2	R573H	0	2	Jun 01, 2026	137476
GFM2	I15V	0	2	Jun 01, 2026	137478
GFM2	R744G	0	2	Feb 02, 2026	137479
GFM2	R774Q	0	2	Feb 01, 2026	137480
GFM2	N64S	0	2	Feb 01, 2026	137481
MBD5	I1337V	0	2	Jan 21, 2026	138178
MTFMT	R266C	0	2	Jan 17, 2026	138264
MTFMT	V5A	0	2	Feb 01, 2026	138269
MYH11	A1104T	0	2	Mar 27, 2026	138333
MYH11	A1234T	0	2	Feb 04, 2026	138334
PCDH19	R980C	0	2	Jan 24, 2026	138590
PCDH19	L1094V	0	2	Jan 19, 2026	138593
PUS1	D133N	0	2	Feb 02, 2026	138859
SCN1A	I1465V	0	3	May 09, 2024	138982
SPINK5	D106N	0	2	Feb 03, 2026	139254
SPINK5	Q267R	0	2	Feb 04, 2026	139256
SPINK5	A335V	0	2	Feb 04, 2026	139257
SPINK5	D386N	0	2	Feb 04, 2026	139258
SPINK5	R518C	0	2	Jan 29, 2026	139260
SPINK5	E825D	0	2	Feb 04, 2026	139262
SURF1	A56G	0	2	Mar 01, 2026	139372
HCN1	S100F	1	2	Nov 18, 2025	139572
HCN1	S272P	1	2	Nov 03, 2021	139573
HCN1	R297T	1	1	Feb 12, 2025	139574
HCN1	H279Y	1	2	Mar 02, 2023	139575
ZMPSTE24	L462R	1	1	May 04, 2025	140520
ZMPSTE24	N265S	1	2	Dec 21, 2025	140540
MUTYH	R217H	1	2	Jan 19, 2026	140877
MUTYH	S294I	0	1	Aug 22, 2025	141516
MUTYH	G155D	1	2	Dec 29, 2025	141595
MUTYH	Q310R	0	2	May 15, 2025	142590
MUTYH	P377L	1	2	Jan 22, 2026	142604
MUTYH	P442A	0	1	Aug 26, 2025	142894
RP1	G1626R	0	1	Oct 01, 2023	143135
STIM1	I115F	1	1	Dec 03, 2025	143191
CCND2	T280A	1	2	Jan 13, 2025	143981
CCND2	T280N	1	2	Dec 08, 2025	143983
CCND2	P281S	1	2	Jul 16, 2026	143984
CCND2	P281L	1	1	Sep 19, 2024	143986
STAT1	Q285R	1	1	-	144005
STAT1	T385M	1	2	Aug 11, 2026	144006
HNRNPDL	D378N	1	2	Jan 19, 2026	144073
HNRNPDL	D378H	1	2	Oct 26, 2025	144074
POC1B	R106P	1	2	Aug 23, 2022	155769
MYH11	R624H	0	2	Dec 29, 2025	155815
MYH11	D1066N	0	2	Jul 07, 2025	155816
NOTCH1	C1496Y	1	2	Feb 09, 2025	156007
JAGN1	Q162R	1	1	Jan 01, 2013	156116
GATA1	M1T	1	2	Feb 09, 2024	156265
GATA1	V74L	1	1	May 20, 2021	156266
FCGR3A	S65N	0	2	Mar 28, 2016	156330
FCGR3A	I106V	0	2	Jan 24, 2024	156331
KRAS	N116S	1	1	Jan 24, 2024	156338
PURA	K97E	1	1	Sep 07, 2024	156406
PURA	L100P	1	1	Aug 05, 2017	156407
PURA	A89P	1	2	Oct 16, 2024	156411
PURA	R199P	1	2	Nov 19, 2024	156413
DNM1	K206N	1	1	Dec 05, 2023	156558
DNM1	G359A	1	2	Feb 15, 2024	156559
HSPB1	R127L	1	2	Nov 25, 2019	157529
ATL1	R118Q	1	1	Oct 29, 2024	157549
D2HGDH	R15G	0	2	Feb 01, 2026	158420
D2HGDH	R55Q	0	2	Feb 02, 2026	158414
D2HGDH	V338I	0	2	Feb 03, 2026	158404
D2HGDH	H356Y	0	2	Jan 28, 2026	158405
D2HGDH	A361V	0	2	Feb 02, 2026	158406
D2HGDH	A426T	0	2	Jan 19, 2026	158410
NSD1	P118A	0	2	Oct 02, 2025	159309
NSD1	C132S	0	2	Aug 11, 2025	159317
NSD1	L254F	0	2	Feb 01, 2026	159441
NSD1	A256V	0	2	Oct 18, 2025	159442
NSD1	A499T	0	2	Jan 13, 2025	159268
NSD1	A564S	0	2	Jan 21, 2026	159270
NSD1	R604L	0	2	Mar 16, 2026	159272
NSD1	A691T	0	2	Feb 03, 2026	159279
NSD1	N748D	0	1	Feb 08, 2013	159282
NSD1	G982R	0	2	Jul 28, 2025	159293
NSD1	L1030S	0	2	May 02, 2022	159299
NSD1	A1036P	0	2	Feb 03, 2026	159301
NSD1	L1091I	0	2	May 01, 2026	159304
NSD1	R1188S	0	2	Mar 01, 2026	159310
NSD1	S1241T	0	2	Apr 01, 2026	159313
NSD1	R1268Q	0	2	Aug 13, 2025	159314
NSD1	T1507M	0	2	Mar 01, 2026	159335
NSD1	D1522N	0	2	Dec 01, 2025	159337
NSD1	C1606Y	1	2	Jul 30, 2022	159345
NSD1	Y1615S	1	1	Feb 08, 2013	159346
NSD1	C1619S	1	1	Feb 08, 2013	159347
NSD1	C1619G	1	1	Feb 08, 2013	159348
NSD1	M1628T	0	2	Jan 01, 2026	159349
NSD1	G1656C	1	1	Feb 08, 2013	159353
NSD1	C1674Y	1	1	May 31, 2013	159356
NSD1	C1733Y	1	1	Feb 08, 2013	159361
NSD1	G1792E	1	2	Feb 03, 2025	159364
NSD1	L1797P	1	1	Feb 08, 2013	159365
NSD1	T1807P	1	1	Feb 08, 2013	159367
NSD1	R1811Q	1	1	Feb 08, 2013	159370
NSD1	D1824G	1	1	Feb 08, 2013	159371
NSD1	R1914C	1	2	Mar 04, 2024	159375
NSD1	R1914P	1	1	Feb 08, 2013	159376
NSD1	N1933S	1	1	Feb 08, 2013	159377
NSD1	W1954C	1	1	Feb 08, 2013	159381
NSD1	R1957W	0	1	Feb 08, 2013	159382
NSD1	I1962T	1	2	Apr 29, 2026	159383
NSD1	G1973V	1	1	Feb 08, 2013	159387
NSD1	I1976K	1	1	Feb 08, 2013	159388
NSD1	R1984Q	1	2	Dec 02, 2025	159390
NSD1	Y1997H	1	2	May 31, 2025	159392
NSD1	R2005Q	1	2	Dec 16, 2025	159395
NSD1	R2017W	1	2	Jun 29, 2025	159397
NSD1	R2017Q	1	2	Oct 22, 2024	159398
NSD1	N2020S	1	2	Jul 15, 2021	159399
NSD1	C2027S	1	1	Feb 08, 2013	159401
NSD1	D2119G	1	2	Jul 15, 2021	159413
NSD1	D2126V	1	1	Feb 08, 2013	159415
NSD1	K2140E	1	2	Oct 02, 2025	159418
NSD1	R2152Q	1	2	Aug 07, 2025	159422
NSD1	C2159Y	1	1	Feb 08, 2013	159424
NSD1	H2162P	1	1	Feb 08, 2013	159426
NSD1	H2186R	1	2	Mar 03, 2025	159430
NSD1	C2202S	1	1	Feb 08, 2013	159432
NSD1	R2219H	1	2	Jan 27, 2026	159436
CDK5RAP2	I1818M	0	2	Jan 12, 2026	158164
CDK5RAP2	R1607S	0	2	Feb 01, 2026	158154
CDK5RAP2	P765R	0	2	Oct 29, 2025	158134
ROR2	V819I	0	2	Feb 04, 2026	159818
ROR2	G695R	0	2	Jan 20, 2026	159814
ROR2	H349D	0	2	Feb 02, 2026	159810
ROR2	T245A	0	2	Feb 04, 2026	159821
KCNJ11	V337I	0	2	Feb 04, 2026	158670
KCNJ11	E227K	1	2	May 13, 2026	158682
KCNJ11	A174G	1	1	Feb 08, 2013	158677
KCNJ11	C166W	1	1	Oct 31, 2013	158676
KCNJ11	S3C	1	1	Feb 08, 2013	158687
L2HGDH	R33S	0	2	Jan 27, 2026	158803
L2HGDH	L18R	0	2	Feb 03, 2026	158799
CREBBP	Q2208H	0	2	Dec 01, 2025	158398
CREBBP	S1684P	1	1	Feb 08, 2013	158385
CREBBP	Y1503C	1	1	Feb 08, 2013	158377
CREBBP	Y1482C	1	1	Feb 08, 2013	158376
CREBBP	Y1482D	1	1	Oct 10, 2013	158375
CREBBP	E1459G	1	1	Feb 08, 2013	158373
CREBBP	F1409S	1	1	Feb 08, 2013	158370
CREBBP	R1341P	1	1	Feb 08, 2013	158366
CREBBP	C404S	0	1	Feb 08, 2013	158336
CREBBP	K13E	1	1	Feb 08, 2013	158360
TSEN34	L112V	0	2	Nov 23, 2025	160119
EP300	S919N	0	2	Jan 28, 2026	158560
PCDH19	N232I	1	1	Sep 19, 2013	159561
DCX	R258P	1	1	Feb 08, 2013	158506
DCX	A251S	1	2	Jul 02, 2021	158504
DCX	F249C	1	1	Feb 08, 2013	158503
DCX	F242I	1	1	Aug 27, 2013	158501
DCX	T230P	1	1	Feb 08, 2013	158500
DCX	L228P	1	1	Feb 08, 2013	158499
DCX	I214T	1	1	Feb 08, 2013	158493
DCX	V210F	1	1	Feb 08, 2013	158492
DCX	H205L	1	1	Feb 08, 2013	158491
DCX	A204D	1	2	Nov 09, 2024	158490
DCX	T203K	1	1	Feb 08, 2013	158489
DCX	T203A	1	1	Feb 08, 2013	158488
DCX	L199P	1	2	Aug 08, 2016	158487
DCX	R196C	1	2	Sep 08, 2025	158485
DCX	R196G	1	1	Feb 08, 2013	158484
DCX	P191R	1	2	May 30, 2017	158481
DCX	P191T	1	1	Feb 08, 2013	158480
DCX	R186L	1	2	Mar 01, 2026	158478
DCX	R186C	1	2	Aug 26, 2024	158476
DCX	I184N	1	1	Feb 08, 2013	158475
DCX	K180E	1	2	Nov 30, 2022	158474
DCX	R178C	1	2	Apr 17, 2025	158472
DCX	R178G	1	1	Feb 08, 2013	158471
DCX	K174E	1	1	Feb 08, 2013	158470
DCX	K151E	1	1	Feb 08, 2013	158465
DCX	Y138C	1	1	Feb 08, 2013	158464
DCX	Y138H	1	1	Feb 08, 2013	158463
DCX	S129L	1	1	Aug 07, 2013	158460
DCX	C127Y	1	1	Feb 08, 2013	158459
DCX	V126D	1	1	Feb 08, 2013	158458
DCX	I113F	1	1	Feb 08, 2013	158454
DCX	I104F	1	1	Feb 08, 2013	158453
DCX	V101M	1	1	Feb 08, 2013	158451
DCX	G100V	1	1	Feb 08, 2013	158449
DCX	G100E	1	1	Feb 08, 2013	158448
DCX	L97R	1	1	Feb 08, 2013	158447
DCX	L91P	1	1	Feb 08, 2013	158446
DCX	R89P	1	1	Feb 08, 2013	158445
DCX	R78L	1	2	Oct 02, 2021	158443
DCX	R78C	1	2	Aug 05, 2024	158442
DCX	R76C	1	2	Sep 02, 2022	158441
DCX	S73F	1	1	Feb 08, 2013	158440
DCX	F65L	1	1	Feb 08, 2013	158438
DCX	Y64C	1	1	Feb 08, 2013	158437
DCX	D62G	1	1	Feb 08, 2013	158435
DCX	G61E	1	1	Feb 08, 2013	158434
DCX	R59H	1	2	Apr 08, 2024	158433
DCX	F57C	1	1	Feb 08, 2013	158432
DCX	R56P	1	1	Apr 02, 2014	158431
DCX	K50N	1	1	Feb 08, 2013	158429
DCX	L43S	1	1	Feb 08, 2013	158427
DCX	S32N	1	1	Feb 08, 2013	158512
DCX	M1T	1	1	Feb 08, 2013	158450
SLC16A2	A150E	1	1	Feb 08, 2013	159907
SLC16A2	G327R	1	2	Jan 31, 2024	159901
SLC16A2	R371C	1	2	Aug 30, 2023	159902
STAT1	R274G	1	2	Jan 03, 2022	160354
ENPP1	E668K	0	2	May 01, 2026	161094
COL3A1	R271Q	0	2	Mar 01, 2026	161215
COL3A1	P517L	0	2	Jan 26, 2026	161217
CSF1R	A781V	1	2	Jun 01, 2025	162118
CSF1R	R777Q	1	2	Nov 03, 2025	162111
KCNC1	R320H	1	2	Jun 18, 2026	162519
FKTN	T223I	0	2	Jan 27, 2026	162568
COL6A2	G286E	1	2	Jan 23, 2025	162532
COL6A2	G292S	1	2	Feb 01, 2026	1351958
COL6A2	G304V	1	1	May 02, 2017	162541
COL6A2	R853Q	0	2	Mar 01, 2026	162538
NHLRC1	D146N	1	2	Jan 12, 2026	162618
ESPN	P350S	0	2	Feb 02, 2025	163412
ESPN	P357S	0	2	Feb 01, 2026	178607
ESPN	F368L	0	2	Jan 06, 2026	163413
PJVK	D65E	0	1	Feb 27, 2014	179555
FHL2	A37S	0	2	Feb 01, 2026	178038
TMEM43	Y233C	0	2	Feb 03, 2026	177840
CCDC50	S209L	0	2	Jan 15, 2026	178600
CCDC50	D295Y	0	2	Jan 06, 2026	162857
TMEM43	T277S	0	2	Feb 02, 2026	165456
CCDC50	E250G	0	1	Feb 10, 2014	162856
CCDC50	K394R	0	2	Dec 28, 2025	162860
SLC26A4	M283I	0	2	Feb 02, 2026	165247
SLC26A4	T508A	1	2	Nov 08, 2023	179732
BRAF	F595L	1	3	Apr 03, 2017	177672
SLC26A4	L668P	1	2	Jan 26, 2026	177739
BRAF	A712D	1	2	Jan 08, 2026	162795
BRAF	N581S	1	1	Jul 19, 2013	177776
HPS5	L417M	0	2	Feb 04, 2026	163677
KRAS	F156I	1	2	Oct 24, 2023	163758
KRAS	M72L	1	2	May 17, 2025	179141
KRAS	Q61K	1	1	Aug 28, 2014	177777
KRAS	I36M	1	2	Jul 09, 2025	163768
KRAS	G60V	1	2	Apr 29, 2025	163766
TPM1	K266R	0	3	Nov 14, 2025	178148
TNNI3	R204C	1	2	Aug 05, 2026	177631
TNNI3	L198V	1	2	Nov 13, 2025	177694
TNNI3	R192C	1	3	Nov 13, 2025	165510
TNNI3	R170W	1	2	Nov 30, 2025	179285
TNNI3	S166F	1	2	Jun 23, 2026	177630
BLOC1S3	L108V	0	2	Feb 04, 2026	179946
TNNI3	R204H	1	2	Dec 02, 2025	177679
TNNI3	R192P	1	1	Jul 13, 2016	179536
TNNI3	D190Y	1	1	Jul 11, 2019	165511
TNNI3	R170Q	1	2	Nov 21, 2025	165516
TRIOBP	P89A	0	2	Jun 01, 2026	165582
TRIOBP	E1380G	0	2	Feb 01, 2026	178555
TRIOBP	L1424P	0	1	Sep 16, 2014	180031
TRIOBP	A1541T	0	1	Oct 11, 2013	179313
TRIOBP	R1549C	0	1	May 06, 2014	179724
TRIOBP	D1722E	0	2	Mar 13, 2025	165598
TRIOBP	A1863V	0	2	Nov 25, 2025	177980
TRIOBP	A1923T	0	2	Dec 01, 2025	178559
TRIOBP	T2152M	0	2	Jan 18, 2026	165610
POU3F4	R323H	1	1	Jul 30, 2015	179963
TRIOBP	R159S	0	2	Jun 20, 2018	165583
TRIOBP	T195I	0	2	Jan 26, 2026	178554
TRIOBP	R1344Q	0	2	Jan 19, 2026	165587
TRIOBP	P1379S	0	1	May 15, 2014	179776
TRIOBP	S1415N	0	1	Aug 07, 2014	179872
TRIOBP	P1548L	0	2	Dec 02, 2025	165595
TRIOBP	S2062G	0	1	Mar 21, 2014	165604
TRIOBP	E2246K	0	2	Apr 01, 2026	165614
POU3F4	P47S	0	2	Jan 15, 2026	178629
SCN1A	F995C	1	2	Oct 01, 2024	167641
CYP1B1	N453S	0	3	Nov 19, 2025	166969
INVS	G801E	0	2	Feb 02, 2026	167195
ALG1	S267N	0	2	Feb 04, 2026	166669
RGS9BP	A223V	0	2	Feb 03, 2026	167595
ABCD1	R554H	1	2	Jan 29, 2026	166625
CACNA1F	G1673W	0	2	Jan 04, 2026	166776
RP1	R872H	0	2	Feb 03, 2026	167602
CREBBP	A234V	0	2	Jun 20, 2025	166966
COL6A2	D869N	0	2	Apr 01, 2026	166935
AFF2	P886A	0	2	Jan 10, 2022	166659
ABCD1	E609K	1	2	Nov 28, 2025	166626
CACNA1F	P14L	0	2	Feb 01, 2026	166780
AMPD1	R75H	0	2	Jun 01, 2026	166684
MBD5	N772H	0	2	Oct 23, 2025	167263
ALG3	P424L	0	2	Jan 25, 2026	166676
ALG2	G6A	0	2	Feb 01, 2026	166675
RAI1	R1217Q	0	2	Apr 01, 2026	167562
AFF2	P166S	0	2	Apr 23, 2015	166657
ABCD1	R401G	1	1	Mar 05, 2014	166624
NDP	R74C	1	2	Jul 19, 2022	167326
LAMA4	I1817T	0	2	Feb 01, 2026	178045
LAMA4	R214H	0	2	Jan 10, 2026	178057
LAMA4	I663T	0	2	Jan 14, 2026	179474
CARS2	A219T	1	2	Aug 26, 2025	180135
MYH11	R1535Q	0	2	Jun 01, 2026	180418
TRPM4	D561A	0	2	Feb 04, 2026	180563
ITGB6	P196T	1	1	-	180686
BRAF	Q262R	1	2	Aug 21, 2025	180723
RIT1	F82L	1	2	Jun 24, 2025	181522
CAV3	L84P	1	1	Aug 15, 2014	180797
BRAF	H574Q	1	1	Aug 05, 2014	180788
TPM1	I92M	1	1	Mar 01, 2012	181684
TTR	P44S	1	2	Aug 13, 2025	181693
TTR	A65D	1	2	Aug 01, 2019	181702
TTR	T79K	1	2	May 06, 2023	181694
TTR	Y136S	1	2	Jun 02, 2023	181700
TTR	K146R	0	2	Oct 31, 2025	181706
TNNI3	K206I	1	1	Apr 03, 2013	181594
TNNI3	K206E	1	1	Jun 28, 2013	181593
TNNI3	S199N	1	2	Apr 06, 2026	181603
TNNI3	N194K	1	1	Jun 23, 2017	181602
TNNI3	K193N	1	1	Nov 27, 2013	181591
TNNI3	K183T	1	1	Feb 15, 2014	181587
TNNI3	K183E	1	1	Mar 30, 2013	181586
TNNI3	K174T	1	1	May 24, 2013	181585
TNNI3	H172D	1	1	Jan 13, 2012	181584
MUTYH	G258E	1	2	Apr 20, 2026	182691
MUTYH	R154H	1	2	Nov 26, 2025	182689
MUTYH	W103R	1	2	Aug 25, 2025	182688
RIT1	Y89H	1	2	Feb 02, 2025	183411
RIT1	A84V	1	2	Mar 24, 2025	183410
RIT1	T83P	1	2	Oct 11, 2024	183409
RIT1	F82V	1	2	Oct 29, 2025	183408
RIT1	F82I	1	2	Aug 05, 2024	183406
RIT1	E81G	1	2	Apr 29, 2026	183405
RIT1	E81Q	1	2	Mar 25, 2026	183404
RIT1	A77T	1	2	Jan 30, 2026	183403
RIT1	S35T	1	2	Nov 12, 2025	183401
MUTYH	P267L	1	2	Dec 01, 2025	185242
MUTYH	R213W	1	2	Mar 10, 2026	185274
MUTYH	V187M	1	2	Jan 04, 2026	184952
MUTYH	R154C	1	2	Jan 26, 2026	187280
MUTYH	P129L	1	2	Feb 03, 2026	185653
MUTYH	R81W	1	2	Mar 04, 2026	183896
MUTYH	P34T	0	1	Sep 09, 2025	186592
NPHP3	S1314T	0	2	Jan 21, 2026	188351
WASHC5	V1107M	0	2	Jan 27, 2026	188277
PPT1	V181M	1	2	Dec 23, 2025	188857
SLC26A4	M1I	1	2	Jan 26, 2026	188721
SLC26A4	S28R	1	2	Jan 12, 2026	188998
SLC26A4	S90L	1	2	Jan 22, 2025	188842
SLC26A4	R185T	1	3	Oct 16, 2024	188878
SLC26A4	G334V	1	2	Jan 29, 2026	189039
SLC26A4	A360V	1	2	Jan 23, 2026	188793
SLC26A4	I529S	1	2	May 26, 2025	189160
SLC26A4	V659L	1	2	Nov 13, 2025	188889
CFTR	I507V	0	2	Dec 21, 2025	188863
PMM2	M1V	1	2	Apr 29, 2026	188965
PMM2	F157S	1	2	May 23, 2026	188763
PMM2	F207S	1	2	Jan 27, 2026	189141
ALDH3A2	T184M	1	2	Apr 29, 2026	188768
NPHS1	R976S	1	2	Apr 29, 2026	188761
COQ4	R240C	1	2	Nov 18, 2025	189201
ORAI1	G98S	1	1	Mar 01, 2024	189256
ADA2	T360A	1	2	Jan 12, 2026	189342
ADA2	G383S	1	2	Dec 03, 2025	189343
STIM1	N80T	1	1	Jan 03, 2019	189363
SCN1A	R1927T	1	1	Dec 20, 2014	189893
SCN1A	L1839V	1	2	May 15, 2023	189965
SCN1A	D1755G	1	1	Dec 20, 2014	189876
SCN1A	C1741Y	1	2	Aug 30, 2023	189926
SCN1A	D1703V	1	1	Dec 20, 2014	189966
SCN1A	D1702E	1	1	Dec 20, 2014	189970
SCN1A	G1688V	1	1	Dec 20, 2014	190026
SCN1A	N1672H	1	1	Dec 20, 2014	189897
SCN1A	P1668R	1	1	Dec 20, 2014	189845
SCN1A	S1666F	1	2	Aug 05, 2022	189922
SCN1A	A1662V	1	2	Nov 14, 2023	190011
SCN1A	R1645P	1	1	Dec 20, 2014	190005
SCN1A	V1589G	1	1	Dec 20, 2014	189998
SCN1A	S1516W	1	1	Dec 20, 2014	189923
SCN1A	S1471F	1	2	Jul 21, 2025	189976
SCN1A	P1451T	1	2	Apr 28, 2022	189843
SCN1A	V1390L	1	1	Dec 20, 2014	190014
SCN1A	I1363N	1	1	Dec 20, 2014	189856
SCN1A	S1362R	1	2	Aug 30, 2023	189942
SCN1A	L1352P	1	2	Aug 31, 2023	189990
SCN1A	M1348I	1	1	Dec 20, 2014	189991
SCN1A	A1339V	1	1	Dec 20, 2014	189952
SCN1A	T1300R	1	2	Feb 16, 2024	189968
SCN1A	Y1274S	1	1	Dec 20, 2014	190028
SCN1A	A1273V	1	2	Apr 06, 2016	190013
SCN1A	A1255P	1	1	Dec 20, 2014	189879
SCN1A	A1236P	1	2	Aug 03, 2020	189933
SCN1A	E1221Q	1	2	Mar 23, 2023	190031
SCN1A	G979E	1	2	Jan 03, 2022	190016
SCN1A	V977M	1	1	Dec 20, 2014	189999
SCN1A	C968F	1	1	Dec 20, 2014	189992
SCN1A	M960R	1	1	Dec 20, 2014	189858
SCN1A	C959Y	1	2	Oct 21, 2022	189867
SCN1A	R946P	1	2	Apr 15, 2025	189882
SCN1A	R931P	1	2	Sep 01, 2025	189961
SCN1A	R931H	1	3	May 09, 2024	189869
SCN1A	Q910K	1	1	Dec 20, 2014	189874
SCN1A	L897S	1	2	Aug 30, 2023	189924
SCN1A	S872Y	1	2	Feb 01, 2021	189949
SCN1A	L863W	1	1	Dec 20, 2014	189863
SCN1A	E846G	1	1	Dec 20, 2014	189957
SCN1A	Y827D	1	1	Dec 20, 2014	189971
SCN1A	M785V	1	2	Jun 16, 2025	189917
SCN1A	P768L	1	3	May 07, 2024	189929
SCN1A	W754L	1	1	Dec 20, 2014	189901
SCN1A	W738L	1	1	Dec 20, 2014	189900
SCN1A	P657L	1	1	Dec 20, 2014	190010
SCN1A	V422A	1	1	Dec 20, 2014	189920
SCN1A	A420V	1	3	Jul 30, 2024	189996
SCN1A	M400K	1	1	Dec 20, 2014	189880
SCN1A	D382E	1	2	Aug 30, 2023	189913
SCN1A	M379K	1	1	Dec 20, 2014	189888
SCN1A	P358S	1	2	Dec 20, 2014	189872
SCN1A	M350V	1	1	Dec 20, 2014	189931
SCN1A	Y349C	1	2	Jun 03, 2024	190018
SCN1A	C345R	1	2	Sep 13, 2022	189945
SCN1A	A342V	1	1	Dec 20, 2014	189960
SCN1A	A342S	1	2	Nov 16, 2022	190017
SCN1A	C336Y	1	2	Apr 02, 2024	189962
SCN1A	K276Q	1	1	Dec 20, 2014	190021
SCN1A	C257R	1	2	Aug 21, 2018	189934
SCN1A	D249E	1	1	Dec 20, 2014	189982
SCN1A	S243Y	1	1	Dec 20, 2014	189915
SCN1A	K225N	1	2	Jun 24, 2015	189871
SCN1A	G177V	1	1	Dec 20, 2014	189904
SCN1A	M145V	1	1	Dec 20, 2014	190024
SCN1A	P113T	1	2	Aug 28, 2021	189862
SCN1A	L108P	1	1	Dec 20, 2014	189956
SCN1A	S103I	1	1	Dec 20, 2014	189899
SCN1A	A24T	1	1	Dec 20, 2014	190023
ERCC6	R670W	1	2	Jan 11, 2024	190158
BMP1	A433S	1	1	Mar 29, 2023	190234
TGM6	R111C	1	1	Aug 12, 2025	190253
TTC7A	A832T	1	1	Mar 09, 2025	190394
TTC7A	E71K	1	2	Apr 29, 2026	190395
NMNAT1	N18S	1	2	Jun 25, 2026	190977
ALDH3A2	L208P	1	1	Mar 14, 2024	191071
JAK3	R103H	1	2	Apr 07, 2025	191102
CNNM4	S245L	1	1	-	191119
RP1	G203R	1	2	Jul 30, 2025	191224
NOTCH1	A2085P	1	1	-	191239
NOTCH1	L2067P	1	1	-	191240
CACNA1F	C1029R	0	1	Sep 28, 2016	191247
OPLAH	R768H	1	1	Mar 26, 2024	191344
RP1	F227V	1	1	Jan 01, 2015	191355
KCTD17	R138H	1	2	Feb 01, 2026	191372
ORAI1	L194P	1	2	Oct 18, 2025	192288
PURA	M1L	1	1	Aug 26, 2021	192337
PURA	L102R	1	1	Jun 03, 2015	192338
PURA	I188T	1	2	Aug 07, 2023	192334
ABCD1	Y296C	1	2	Dec 05, 2025	193033
ABCD1	Y296H	1	1	Mar 15, 2015	193035
PCARE	I783T	0	2	Feb 01, 2026	193137
PCARE	A959T	0	2	Feb 01, 2026	193141
PCARE	A628T	0	2	Nov 25, 2025	193147
FGF10	V33I	0	2	Jul 25, 2025	193283
ROR2	R3W	0	2	Dec 10, 2025	193287
SLC16A2	M1L	0	2	Apr 20, 2017	193346
SLC16A2	H118P	1	1	May 19, 2015	193350
HCN1	G47V	0	2	May 01, 2026	193442
CYP21A2	S494N	0	2	Aug 25, 2025	193596
GPR179	L1855V	0	2	Feb 01, 2026	193821
GPR179	Q1869E	0	2	Feb 02, 2026	193823
GPR179	P1283S	0	2	Feb 02, 2026	193824
GPR179	A798T	0	2	Feb 02, 2026	193826
MBD5	Q1248R	0	2	Feb 02, 2026	193911
EP300	P747L	0	2	Oct 01, 2025	194036
COL6A2	G355C	1	1	Sep 02, 2015	194042
AFF2	R927H	0	2	Feb 01, 2026	194202
ALG1	D429E	0	2	Feb 04, 2026	194258
LIFR	I633M	0	2	Feb 01, 2026	194373
SAG	V403I	0	2	Feb 03, 2026	194606
CREBBP	P1053L	0	2	Jan 02, 2026	194637
BBS9	T549I	0	2	Mar 01, 2026	194684
BBS9	I550V	0	2	Jan 25, 2026	194685
COL3A1	G384V	1	1	Jul 14, 2014	194694
ALDH7A1	T523A	0	2	Mar 01, 2026	194825
PCARE	G1247S	0	2	Jan 26, 2026	195107
CREBBP	V238L	0	2	Jan 28, 2026	195218
LRIT3	S175N	0	2	Feb 04, 2026	195437
LRIT3	R111G	0	2	Feb 01, 2026	195438
LRIT3	L189F	0	2	Feb 01, 2026	195439
ATP8B1	K814N	0	2	Apr 14, 2026	195683
MYH2	V970I	0	2	Feb 01, 2026	195769
COL4A5	G615E	1	2	Nov 27, 2022	195859
SCN1A	A1797P	1	1	Apr 01, 2016	195940
COL6A2	D778N	0	2	Mar 01, 2026	195955
COL6A2	S895R	0	2	May 01, 2026	196119
COL6A2	M982V	0	2	Jan 21, 2026	196120
TYROBP	V55L	0	2	Jan 29, 2026	196360
DLX3	G278R	0	2	Jan 12, 2026	196407
TSEN34	G132R	0	2	Jan 02, 2026	196514
RAI1	R1480G	0	2	Apr 01, 2026	196545
COL11A1	F860I	0	2	Jun 01, 2026	196779
MTTP	Q95H	0	2	Feb 04, 2026	197124
SOD1	I114T	1	2	Dec 14, 2025	197145
IL10RA	S159G	0	2	Feb 04, 2026	197197
LRIT3	I541V	0	2	Feb 02, 2026	197396
LRIT3	M336L	0	2	Feb 04, 2026	197397
MYH2	R1927Q	0	2	Apr 01, 2026	197420
FXN	D209G	0	2	Feb 18, 2025	197632
PMM2	F144L	1	2	Apr 29, 2026	197658
PMM2	D148N	1	2	May 23, 2026	197659
AFF2	S374Y	0	2	Dec 31, 2019	197738
NSD1	R1052C	0	2	Feb 12, 2025	197854
PITX2	A188T	0	2	Jan 26, 2026	197884
HPS5	M115I	0	2	Feb 02, 2026	197894
COL11A1	D1472E	0	2	May 21, 2026	198019
IGF1R	R437H	0	2	Mar 01, 2026	198108
PCDH19	N1134H	0	2	Jan 19, 2026	198129
COL6A2	G271D	1	2	Oct 15, 2023	198136
ROR2	R244W	0	2	Oct 04, 2025	198176
IGF1R	V492I	0	2	Jan 16, 2026	198439
COL6A2	G292V	1	2	Feb 21, 2021	198473
NPHS1	P264R	0	2	Mar 01, 2026	198518
CC2D2A	K167N	0	2	Jan 28, 2026	198763
INVS	V305I	0	2	Jan 24, 2026	198857
L2HGDH	Y367C	0	2	Jan 19, 2026	199173
COL3A1	V44I	0	2	Jan 27, 2026	199707
COL3A1	G189S	1	2	Aug 28, 2025	199752
COL3A1	G342R	1	2	Jul 28, 2026	199715
COL3A1	G408E	1	1	Jan 03, 2013	199719
COL3A1	G414V	1	2	Jun 10, 2026	199720
COL3A1	P668S	0	2	Dec 15, 2025	199727
COL3A1	P686A	0	2	Jan 14, 2026	199698
COL3A1	G711V	1	1	Jan 02, 2013	199728
COL3A1	G822S	1	2	Oct 31, 2025	199730
COL3A1	G897S	1	2	Jun 09, 2026	199735
COL3A1	L1021I	0	2	Jan 15, 2026	199737
COL3A1	G1089V	1	1	Nov 08, 2018	199740
COL3A1	G1110E	1	1	Dec 30, 2013	199743
MYH11	T1958M	0	2	May 27, 2022	201045
MYH11	G1393R	0	2	Dec 20, 2025	201113
MYH11	Q1325E	0	2	Jan 09, 2026	201070
MYH11	A1202T	0	2	Jun 01, 2026	201027
MYH11	G290R	1	1	Dec 12, 2012	201102
TMEM43	R299T	0	2	Feb 01, 2026	202109
SCN1A	I1482L	1	1	May 28, 2019	202173
AAAS	V313A	1	2	Jun 11, 2024	202169
BCKDHB	I214K	1	2	Jan 06, 2026	1487606
ASL	T131M	0	2	Jan 28, 2026	203625
ASL	R146W	1	2	May 23, 2026	203626
ASL	R182Q	1	2	Nov 05, 2025	203613
ASL	M230V	1	2	Jan 19, 2026	1465183
ASL	G309R	1	2	Jun 28, 2024	2503913
ASL	A398D	1	2	Nov 14, 2025	1383503
ASL	S433R	1	2	Feb 10, 2024	203621
ASS1	R363Q	1	2	Apr 29, 2026	203631
DYRK1A	K179I	1	1	Sep 15, 2014	204009
DYRK1A	L236R	1	2	Jan 01, 2024	204010
DYRK1A	L286F	1	2	Feb 12, 2016	204011
BCKDHA	Q157P	1	1	Jan 01, 2013	204380
BCKDHA	R159Q	1	2	Sep 17, 2024	204378
BCKDHA	D282H	1	1	Jan 01, 2011	204377
PPT1	M1T	1	2	Jul 23, 2019	206651
MBD5	N262S	0	1	Oct 10, 2023	206062
MBD5	Q371E	0	2	Feb 01, 2026	206068
MBD5	S383P	0	1	Feb 10, 2025	206111
MBD5	S512F	0	2	Dec 29, 2025	206072
MBD5	N531D	0	2	Oct 22, 2024	206073
MBD5	D654V	0	2	Jan 30, 2026	206075
MBD5	P721L	0	2	Dec 18, 2025	206080
MBD5	G800D	0	2	Jul 14, 2025	206084
MBD5	A897S	0	2	May 21, 2025	206089
MBD5	I1265L	0	2	Oct 07, 2025	206094
MBD5	S1362P	0	2	Jan 28, 2026	206117
MBD5	S1374N	0	2	Jun 28, 2024	206100
MBD5	R1380Q	0	2	Feb 24, 2025	206118
MBD5	A1397T	0	2	Dec 25, 2025	206102
MBD5	G1432R	0	2	Oct 09, 2024	206104
MBD5	R1532Q	0	2	Dec 19, 2025	206106
MBD5	E1651K	0	2	Aug 11, 2025	206108
MBD5	R1672H	0	2	Mar 19, 2025	206109
SCN1A	S1918F	1	2	Oct 10, 2022	206880
SCN1A	R1874W	1	2	Oct 21, 2025	206873
SCN1A	M1856K	1	1	Feb 20, 2025	206869
SCN1A	E1787D	1	1	May 18, 2018	206864
SCN1A	G1754V	1	1	Mar 20, 2023	206862
SCN1A	S1723F	1	2	Dec 18, 2019	206944
SCN1A	T1721K	1	1	Jul 23, 2014	206859
SCN1A	D1702Y	1	1	Apr 19, 2018	206857
SCN1A	L1667F	1	1	Dec 29, 2014	206856
SCN1A	M1665I	1	2	Jan 31, 2023	206855
SCN1A	R1648L	1	2	Sep 10, 2024	206854
SCN1A	G1644D	1	2	Jan 26, 2026	206853
SCN1A	R1639P	1	3	May 09, 2024	206852
SCN1A	M1619V	0	2	Jan 27, 2026	206851
SCN1A	P1526R	1	2	Aug 20, 2025	206841
SCN1A	P1519T	1	2	Sep 05, 2024	206838
SCN1A	Q1504L	1	1	Aug 02, 2013	206834
SCN1A	I1498N	1	1	Feb 10, 2017	206833
SCN1A	G1480C	1	1	Nov 01, 2018	206830
SCN1A	E1454K	1	1	Oct 08, 2021	1453277
SCN1A	M1438T	1	2	Jun 04, 2025	1393964
SCN1A	G1433R	1	2	May 27, 2022	206814
SCN1A	A1429T	1	2	Mar 27, 2023	206822
SCN1A	A1343P	1	1	Jun 07, 2012	206819
SCN1A	A1339D	1	2	Jun 13, 2019	206818
SCN1A	V1336I	1	1	Jul 19, 2023	206817
SCN1A	W1284R	1	2	May 04, 2022	206811
SCN1A	G1275D	1	2	Aug 21, 2023	206810
SCN1A	T1250M	0	2	Jan 11, 2026	206807
SCN1A	A989V	1	2	Apr 25, 2024	206794
SCN1A	N980S	1	1	Nov 23, 2022	206793
SCN1A	D936Y	1	2	May 04, 2022	206790
SCN1A	M934R	1	2	Aug 16, 2023	1686148
SCN1A	A924T	0	2	Feb 17, 2026	206734
SCN1A	G908R	1	3	Jun 23, 2026	206786
SCN1A	T894S	1	1	Aug 03, 2018	206785
SCN1A	V857I	1	1	Dec 21, 2017	206784
SCN1A	T793M	0	2	Jun 23, 2025	206781
SCN1A	M785T	1	2	Aug 15, 2023	206938
SCN1A	K758Q	1	1	Nov 15, 2022	206780
SCN1A	R693M	0	2	Nov 23, 2025	206936
SCN1A	Y426C	1	2	Feb 24, 2024	206761
SCN1A	Y399D	1	1	Feb 05, 2021	206763
SCN1A	E385K	1	1	Sep 19, 2022	2159360
SCN1A	A371V	1	1	Jan 12, 2021	206759
SCN1A	N359I	1	1	Feb 25, 2014	206757
SCN1A	G329V	1	2	Nov 15, 2023	206755
SCN1A	G329C	1	2	Mar 25, 2025	206933
SCN1A	P281L	1	2	Sep 24, 2025	206750
SCN1A	K276I	1	1	May 17, 2013	206749
SCN1A	L247V	1	1	Nov 10, 2016	206931
SCN1A	T226R	1	1	Oct 23, 2014	206930
SCN1A	L224S	1	2	Oct 04, 2025	206929
SCN1A	L221P	1	2	Nov 10, 2023	206745
SCN1A	R219T	1	3	Mar 24, 2026	206744
SCN1A	A201E	1	1	Dec 31, 2020	1446124
SCN1A	S169P	1	1	Apr 10, 2014	206740
SCN1A	M145K	1	1	Sep 11, 2012	206739
SCN1A	T105I	1	2	Sep 01, 2020	206927
SCN1A	D81E	1	1	Feb 27, 2013	206831
SCN1A	I68S	1	2	Feb 23, 2024	206942
SCN1A	L61P	1	1	Oct 01, 2021	1327140
SCN1A	A23V	0	2	Jan 27, 2026	206801
ALDH7A1	G505R	1	2	Jan 26, 2026	204852
ALDH7A1	I459F	1	2	Oct 16, 2025	204849
ALDH7A1	E427D	1	2	Feb 20, 2025	204865
ALDH7A1	I357V	0	1	Oct 07, 2013	204822
ALDH7A1	F337C	0	1	Oct 01, 2025	204840
ALDH7A1	R335Q	1	2	Apr 29, 2026	204832
ALDH7A1	W203G	1	2	Apr 29, 2026	204831
GABRG2	L74V	1	1	May 10, 2012	205539
GABRG2	A106T	1	2	Dec 11, 2025	205541
GABRG2	P282T	1	1	Jun 19, 2017	205546
GABRG2	P282S	1	2	Dec 06, 2022	625863
GABRG2	R323W	1	2	Jul 25, 2025	205549
GABRG2	R363Q	0	2	Nov 10, 2025	205564
MEF2C	R15C	1	2	Sep 30, 2025	206129
NHLRC1	M358L	0	1	May 13, 2013	206180
NHLRC1	P129H	1	2	Oct 03, 2024	206187
CLN5	R2P	0	1	Sep 10, 2014	205121
CLN5	N251S	0	1	Jul 03, 2013	205116
GRIN2A	A26S	0	2	Oct 01, 2025	205647
GRIN2A	T1064A	0	2	Mar 01, 2026	205693
GRIN2A	G951V	0	2	Jan 15, 2026	205643
GRIN2A	A922V	0	2	Jan 26, 2026	205662
GRIN2A	M817V	1	2	Jul 04, 2023	205659
GRIN2A	D731N	1	2	Dec 13, 2024	205657
GRIN2A	A716T	1	2	Jan 28, 2025	205656
GRIN2A	R695Q	1	2	Mar 20, 2023	205689
GRIN2A	V685G	1	1	May 08, 2018	205655
GRIN2A	T684A	1	2	Jan 01, 2019	205654
GRIN2A	N648S	1	2	Nov 26, 2023	205652
GRIN2A	S644G	1	1	Jan 01, 2019	1325864
GRIN2A	L642M	1	1	Apr 20, 2023	2499601
GRIN2A	R518C	1	2	Apr 08, 2022	205687
GRIN2A	P336S	0	2	Apr 01, 2026	205646
GRIN2A	T141M	0	2	Jun 01, 2026	205638
PCDH19	G1139S	0	2	Jul 01, 2025	206287
PCDH19	S1118N	0	1	May 02, 2016	206308
PCDH19	R958Q	0	2	Jan 11, 2026	206362
PCDH19	L863R	0	1	Nov 06, 2013	206303
PCDH19	V675G	0	2	Apr 01, 2026	206301
PCDH19	L540F	0	2	Oct 23, 2025	206334
PCDH19	M432V	0	2	Feb 03, 2026	206295
PCDH19	R372W	1	2	Nov 01, 2024	206327
PCDH19	P344L	1	2	Feb 23, 2025	206326
PCDH19	N340S	1	2	Jul 28, 2025	206364
PCDH19	N232K	1	1	Oct 11, 2012	206322
PCDH19	N232S	1	2	May 01, 2025	206321
PCDH19	D212H	1	1	Feb 04, 2020	206320
PCDH19	T146R	1	2	Aug 25, 2026	206313
PCDH19	A142P	1	1	Apr 16, 2014	206312
PCDH19	D124Y	1	1	Sep 20, 2016	206311
PCDH19	N123K	1	2	Oct 29, 2023	206310
PCDH19	D121H	1	1	Sep 22, 2016	206309
CLCN5	R586W	1	2	Apr 01, 2025	207998
TWIST2	E75K	1	2	Sep 11, 2025	208077
TWIST2	E75Q	1	2	Apr 17, 2025	208078
STAT1	G384D	1	1	Jan 26, 2026	208142
ASS1	E191K	1	2	Apr 29, 2026	208153
ITGA3	R463W	1	1	Aug 16, 2021	208455
SLC12A3	G741R	1	2	Apr 29, 2026	208612
SCN1A	N1338T	1	1	Dec 12, 2012	208778
CREBBP	H1470R	1	1	Sep 30, 2014	208655
MAPK1	R135T	1	2	Apr 16, 2025	208698
IQSEC2	S861T	1	1	May 07, 2013	208753
VMA21	G91A	1	1	Mar 01, 2024	208802
CACNA1F	R512H	0	2	Jan 26, 2026	208890
SOS2	T376S	1	2	Jan 28, 2026	209091
SOS2	M267K	1	3	Sep 17, 2024	209092
MEF2C	K23R	1	1	Jul 28, 2014	209171
NUBPL	L104P	1	2	Nov 18, 2025	209179
CREBBP	M1872V	1	2	Mar 17, 2025	209145
SLC12A3	L272P	1	2	May 23, 2026	209191
DYRK1A	R458Q	1	2	Aug 08, 2022	209150
PEPD	L368R	1	2	Jan 06, 2026	209998
PEPD	A212P	1	2	May 24, 2024	209997
DBT	N13D	0	2	Dec 30, 2025	210825
AGRN	E665K	0	2	Feb 01, 2026	210106
SCN1A	N1779S	1	2	Oct 03, 2024	212119
SCN1A	L240P	1	1	Oct 21, 2014	212120
D2HGDH	G355S	0	2	May 01, 2026	210810
GATA2	C352R	1	2	Jul 06, 2021	211061
NSD1	Y1997C	1	2	Jun 26, 2024	211738
MEF2C	M1T	1	2	May 23, 2023	211494
BBS9	A739V	0	2	Jan 20, 2026	210514
TRAPPC9	V565M	0	2	Jan 08, 2026	212419
ERCC6	W851R	1	2	Dec 09, 2023	210955
KCNJ11	G289V	1	1	Feb 09, 2015	211229
LIG4	E600K	0	2	Feb 01, 2026	211373
CREBBP	H1804Q	1	1	Nov 17, 2014	210782
CREBBP	R1427S	1	1	Apr 28, 2015	210780
CREBBP	A1164P	1	1	Nov 24, 2014	210778
CREBBP	M1K	1	1	Nov 13, 2014	210773
RAI1	A72T	0	2	Jan 20, 2026	212004
RAI1	P1053L	0	2	Nov 02, 2025	212008
RAI1	G1752R	0	2	May 01, 2026	212012
SMARCA4	R979Q	1	2	Mar 20, 2025	212246
TGM6	R319Q	0	2	Aug 04, 2025	212403
EPB41L1	P484L	0	2	Nov 01, 2025	210943
EPB41L1	K548R	0	2	Sep 01, 2024	210945
EPB41L1	T778A	0	1	Dec 17, 2015	210949
RTEL1	G849D	0	2	Feb 03, 2026	212073
DYRK1A	F299V	1	1	Feb 09, 2015	210898
DYRK1A	A670P	0	2	Feb 03, 2026	210893
DYRK1A	M730V	0	2	Jun 12, 2025	210894
COL6A2	G298R	1	1	May 14, 2014	210750
SMARCB1	K363E	1	2	Oct 02, 2021	212263
DCX	A286S	0	2	Nov 24, 2025	210836
DCX	N94D	1	1	Feb 08, 2013	210828
KDM6A	Q1264R	1	2	Oct 06, 2015	211257
DLG3	A463V	0	2	May 01, 2025	210849
LAMA4	A225V	0	2	Mar 13, 2026	213580
LAMA4	G207D	1	1	Aug 15, 2014	213598
LAMA4	D29H	0	2	Apr 13, 2025	213572
PDHB	V140E	1	1	Jul 08, 2014	214951
PDHB	A3V	0	2	Apr 11, 2025	214950
GFM2	I728T	0	2	May 01, 2026	1633309
GFM2	V674M	0	2	Jan 05, 2026	214506
GFM2	I627T	0	2	Dec 24, 2025	214505
GFM2	C368R	0	2	Dec 30, 2025	214511
GFM2	K334R	0	2	Dec 30, 2025	214518
GFM2	F130L	0	1	May 27, 2014	214501
NDUFAF6	G28A	0	2	Jan 05, 2026	214210
NDUFAF6	A47T	0	1	Mar 22, 2013	214211
NDUFAF6	K299T	0	1	Jul 14, 2014	214208
NDUFAF6	K331R	0	2	Apr 22, 2024	214209
SURF1	R192W	1	2	Feb 03, 2025	215235
MRPS16	T130R	0	2	Jan 15, 2026	214673
MRPS16	H38N	0	2	Sep 09, 2025	214670
MRPS16	R13H	0	1	Aug 26, 2013	214669
COX15	Q52R	0	1	May 12, 2014	214254
NDUFV1	D39G	1	1	Jan 15, 2026	214848
NDUFV1	P122L	1	2	Dec 29, 2025	214852
NDUFV1	G160E	1	1	Jan 13, 2016	214856
NDUFV1	C206Y	1	1	Aug 12, 2014	214863
NDUFV1	S378R	1	1	Jun 08, 2012	214861
NDUFV1	R452P	0	1	Jan 16, 2013	214845
NUBPL	G56E	0	1	Oct 30, 2013	214872
NPHP3	E330K	1	1	Feb 15, 2024	216011
CAMTA1	Y1077C	1	1	Apr 22, 2014	216897
GATA2	N371K	1	2	Sep 10, 2024	216931
RAD21	L603P	1	1	Oct 16, 2012	216988
DHTKD1	R715C	1	1	Nov 01, 2023	242503
HSPB1	R136L	1	2	Dec 02, 2025	217230
LIFR	P724A	1	1	May 30, 2025	217274
GJA8	W45S	1	2	Sep 06, 2023	217335
GJA8	N220D	0	2	Oct 01, 2025	217323
PXDN	A1064T	0	2	Mar 01, 2026	217340
GJA3	T87M	1	1	Jan 21, 2023	217334
GJA3	P59L	1	2	Jan 01, 2025	217339
RTEL1	V516L	1	1	May 19, 2015	217519
CC2D2A	L559P	1	2	Apr 13, 2022	217610
CC2D2A	E891K	1	2	Aug 24, 2022	217615
CC2D2A	E1000V	1	2	Nov 15, 2025	217604
CC2D2A	V1045A	1	2	Jan 13, 2026	217601
CC2D2A	R1284C	1	2	Aug 25, 2025	217597
CC2D2A	I1409T	1	2	Feb 23, 2015	217609
CC2D2A	V1430A	1	2	Jun 20, 2023	217594
CC2D2A	Q1497H	1	2	Jan 17, 2026	217616
CC2D2A	D1556V	1	2	Jan 28, 2026	217607
CC2D2A	T1581A	1	1	Feb 23, 2015	217603
INPP5E	S417P	1	1	Feb 23, 2015	217664
INPP5E	C385Y	1	2	Jan 03, 2025	217659
INPP5E	T355M	1	2	Jan 27, 2026	217655
INPP5E	P315L	1	2	Feb 02, 2026	217662
INPP5E	V303M	1	2	Oct 26, 2025	217653
MKS1	P421S	1	1	Feb 23, 2015	217681
MKS1	S403L	1	2	Sep 18, 2025	217672
MKS1	G317E	1	1	Feb 23, 2015	217679
MKS1	D19Y	1	2	May 11, 2022	217675
B9D2	G155S	1	2	Feb 18, 2022	217556
B9D2	P74S	1	2	Jun 19, 2025	217558
B9D2	L36P	1	1	Feb 23, 2015	217557
CLCN2	R747H	0	2	Dec 24, 2025	217780
CLCN2	R725W	0	2	Jun 01, 2026	217779
CLCN2	E718D	0	2	Jan 13, 2026	217778
CLCN2	T668S	0	2	Feb 04, 2026	217776
CLCN2	R646Q	0	2	Dec 11, 2025	217775
CLCN2	R644C	0	2	Feb 01, 2026	217774
CLCN2	R471H	1	2	Dec 27, 2025	217791
CLCN2	R68H	0	2	Jan 28, 2026	217769
CLCN2	P48R	0	2	Jan 26, 2026	217768
CLCN2	R688Q	0	2	Jun 01, 2026	217777
KRAS	L19F	1	1	Jan 18, 2023	217822
TF	R609W	1	1	Jan 09, 2024	218294
FBLN5	R373C	1	2	Oct 20, 2025	218358
VPS11	C846G	1	2	Dec 26, 2025	218366
NPHP3	R1305C	0	2	Feb 04, 2026	218850
RNF168	E170K	0	2	Feb 02, 2026	218846
ANKRD11	G2108D	0	2	May 08, 2026	218557
TRIOBP	A531T	0	2	Jan 19, 2026	218489
EP300	P318A	0	2	Dec 21, 2025	218590
ABCD1	V582I	0	2	Jan 12, 2026	218420
ABCD1	V583E	0	2	Jan 12, 2026	218421
RTN4IP1	R103H	1	2	Dec 31, 2025	218932
NOTCH1	C1374R	1	1	Sep 10, 2014	219379
NOTCH1	C456Y	1	1	Feb 24, 2015	219377
NOTCH1	C449R	1	1	Jan 07, 2014	219376
NOTCH1	R448Q	1	1	Feb 24, 2015	219375
MUTYH	V465F	1	2	Jan 13, 2026	219953
ALDH7A1	G398V	1	1	Jan 06, 2016	220511
ALDH7A1	N195S	1	2	Apr 29, 2026	219413
HSPB1	G84R	1	2	Jun 01, 2026	220419
NOTCH1	R1356H	0	1	Feb 01, 2024	221044
ATL1	V253I	1	2	Dec 29, 2025	220424
ATL1	S398Y	1	1	Jul 06, 2015	219428
ATL1	R495W	1	2	Nov 13, 2025	219827
MKS1	R537C	0	1	Jan 18, 2026	220047
ODAD3	F58S	0	2	Mar 01, 2026	221005
TRPM4	A101T	0	2	May 01, 2026	220959
TRPM4	R108C	0	2	Feb 03, 2026	221063
ADAM17	R283C	0	1	Jan 01, 2013	221955
WNT7A	R78C	0	1	Jan 01, 2013	221926
NOTCH1	R23L	0	1	Jan 01, 2013	221942
PUS1	R295W	1	1	Feb 15, 2024	221982
COL4A5	A28S	1	1	Feb 02, 2016	222061
COL4A5	G337V	1	1	Feb 02, 2016	222062
COL4A5	G914D	1	1	Feb 02, 2016	222060
DNAJC21	P32A	1	1	Aug 27, 2025	222063
KRAS	A59S	1	2	Oct 01, 2018	222075
BRAF	L525P	1	2	Oct 04, 2024	222077
NOTCH1	R1672C	0	1	Sep 06, 2022	222757
NOTCH1	T232N	0	1	Sep 15, 2022	222755
BRAF	S467A	1	1	Apr 07, 2016	223138
BCKDHB	M1I	1	2	Apr 29, 2026	224057
BCKDHB	I134N	1	1	Jan 01, 2011	224060
BCKDHB	P185L	1	1	Jan 01, 2010	224055
BCKDHB	T322A	1	2	Oct 30, 2025	224061
DBT	G345R	1	1	Jan 01, 2013	224073
GRIN2A	S1459G	1	2	Apr 01, 2015	224108
RIT1	K23Q	1	2	May 02, 2025	224122
MEF2C	R24K	1	2	Feb 04, 2019	224136
DNM1	V47M	1	2	Feb 15, 2024	224142
CREBBP	G1746V	1	1	Apr 16, 2018	224160
COL6A2	K318N	1	2	Apr 22, 2024	224657
SEMA3D	P580S	1	1	Mar 01, 2016	224833
LBR	N547S	1	2	Dec 04, 2025	224875
RINT1	M342T	0	2	Jan 05, 2026	224922
RINT1	L660I	0	2	Feb 01, 2026	224933
ASL	E59K	1	2	Mar 31, 2025	224970
ASL	E86A	1	2	Apr 15, 2024	224971
ASL	L154P	1	2	Oct 17, 2025	224973
ASL	S254R	1	2	Jun 19, 2024	224976
NPHP3	D640E	1	2	Mar 11, 2022	224989
GRIN2A	N614S	1	2	Apr 18, 2025	224990
SMARCA4	L783P	1	1	Feb 06, 2026	225096
LIG4	Y438H	1	1	-	225274
PPT1	M1V	1	1	Mar 18, 2016	225446
KLKB1	G420E	1	2	Mar 18, 2016	225400
ASS1	G230A	1	2	May 23, 2026	225298
SLC12A3	L849H	1	2	Mar 24, 2026	225470
ATAD3A	R528W	1	2	Nov 18, 2025	225696
GTF2E2	D187Y	1	1	Apr 14, 2023	225841
FCGR3A	F176V	0	2	Jan 24, 2024	225994
ASL	M360T	1	1	Oct 28, 2023	226414
LPL	C310R	1	1	Mar 31, 2025	226449
RIT1	A77P	1	2	Apr 15, 2025	228289
COL3A1	G252C	1	2	Sep 16, 2019	228249
COL3A1	H1353Q	0	2	Feb 04, 2026	226540
CCDC50	R274Q	0	2	Dec 17, 2025	226496
CCDC50	K426E	0	2	Jun 12, 2025	227212
CACNA1D	L851W	0	2	Jan 08, 2026	227197
CACNA1D	I1121V	0	2	Feb 03, 2026	227200
CACNA1D	P1298S	0	2	Mar 01, 2026	226474
CACNA1D	T1752I	0	2	Jan 19, 2026	226476
CACNA1D	R2146K	0	2	Feb 02, 2026	226479
SLC26A4	S49R	0	3	Jul 16, 2025	227949
SLC26A4	D724G	1	2	Jan 15, 2026	228396
KRAS	Y71D	1	2	Mar 07, 2022	228267
TPM1	A166T	1	1	Mar 16, 2016	228297
TRIOBP	D168E	0	2	Jan 15, 2026	227126
TRIOBP	L1389I	0	2	Jan 25, 2026	227125
TRIOBP	E1793A	0	2	Oct 24, 2025	228035
TRIOBP	S1798L	0	1	Jan 21, 2016	228036
TRIOBP	H2191Y	0	2	Jan 25, 2026	227127
TRIOBP	N2269S	0	2	Jan 25, 2026	227128
TRIOBP	S2329N	0	1	Feb 24, 2015	228043
LAMA4	A333T	0	2	Sep 14, 2025	227482
MUTYH	M255V	1	2	Jun 23, 2025	232291
MUTYH	D208E	1	1	Aug 15, 2025	233912
TBCE	S333T	0	2	Jan 28, 2026	235262
NSD1	Q236H	0	2	Mar 01, 2025	235296
ASS1	E256K	0	2	Feb 01, 2026	235312
COL4A5	G371R	1	1	Jan 30, 2015	235348
SERPINI1	I26T	0	2	Feb 03, 2026	235396
AMACR	M261T	0	2	Feb 04, 2026	235412
MGME1	T265I	0	2	Jul 01, 2026	235425
COA8	N75S	0	2	Jan 24, 2026	235497
SIL1	R411H	0	2	Dec 30, 2025	235533
LIFR	T646N	0	2	May 01, 2026	235543
RIPK4	P701S	0	2	Mar 01, 2026	235557
COL11A1	P1536A	0	2	May 11, 2026	235592
ALG2	D10E	0	2	Feb 02, 2026	235651
COL4A5	G908E	1	2	Jan 27, 2022	235662
ADAMTSL2	T30A	0	2	May 11, 2026	235675
MGME1	S29C	0	2	Jun 01, 2026	235686
NSD1	C1640S	1	1	Feb 09, 2016	235776
KDM5C	A718P	1	1	Jul 25, 2014	235844
PPT1	P238L	1	2	Jun 23, 2025	236407
PPT1	V236E	1	2	Jul 31, 2025	236409
RP1	Y41H	1	1	Apr 09, 2019	236413
RP1	F180C	1	2	Jan 04, 2022	236412
CTRC	R37Q	0	2	Jan 13, 2026	240762
MBD5	V443M	0	2	Dec 07, 2024	241284
MBD5	Q1226P	0	2	Dec 26, 2025	241285
SCN1A	V1428F	1	1	Feb 16, 2016	238603
SCN1A	E954V	1	1	Jan 15, 2025	238601
COL3A1	G948E	1	2	Jun 26, 2022	236994
NPHP3	A150V	0	2	Jan 26, 2026	241998
TMEM43	P231L	0	2	Nov 13, 2025	241469
NSD1	S780L	0	2	Apr 01, 2026	241432
LAMA4	G244R	0	2	Feb 01, 2026	239115
RINT1	A138V	0	2	Dec 10, 2025	241408
RINT1	Y178H	0	2	Jan 24, 2026	241410
RINT1	L662S	0	2	Nov 11, 2025	241400
RINT1	F668S	0	2	Dec 19, 2025	241401
HSPB1	P60S	0	2	May 01, 2026	239028
GATA4	A412V	0	2	Feb 01, 2026	239099
WASHC5	E219K	0	2	Jan 15, 2026	240930
INVS	R706G	0	2	Feb 01, 2026	240910
NOTCH1	A1869S	0	1	Jun 25, 2025	241153
NOTCH1	T984M	0	1	Apr 30, 2025	241131
NOTCH1	R504H	0	2	Jan 24, 2026	241118
ODAD2	R413G	0	2	Jan 19, 2026	241255
ODAD2	K332R	0	2	Feb 02, 2026	241267
ODAD2	E69Q	0	2	Jan 20, 2026	241259
DRD2	A410T	0	1	Dec 13, 2025	238184
DRD2	K327E	0	2	Jun 01, 2026	238186
ELAC2	S52F	0	2	Feb 03, 2026	241272
SMARCE1	G360D	0	2	Jun 01, 2026	239487
SMARCA4	D1396G	0	2	Nov 20, 2025	238453
ODAD3	V569L	0	1	Jun 02, 2024	241943
ODAD3	T205I	0	2	Feb 01, 2026	241945
ODAD3	P50S	0	2	Feb 01, 2026	241942
ODAD1	S676N	0	2	Feb 02, 2026	241876
ODAD1	A546T	0	2	Feb 01, 2026	241873
ODAD1	A544T	0	2	Apr 09, 2026	241871
ODAD1	R405Q	0	2	Feb 01, 2026	241868
ODAD1	E244K	0	2	Feb 01, 2026	241879
ODAD1	R89P	0	2	Jan 24, 2026	241874
GPC3	P544L	0	2	Apr 06, 2026	239940
GPC3	Q332R	0	2	Dec 31, 2025	239948
GPC3	M216I	0	2	Feb 01, 2026	239944
SLC16A2	A89P	0	2	Jan 11, 2026	240686
COL4A5	G564R	1	2	Dec 05, 2025	242342
MKS1	W80C	1	1	Jun 19, 2016	242344
TPM1	E138K	1	1	May 26, 2015	242912
AGRN	G76S	1	1	Sep 09, 2020	243036
AGRN	G1675S	1	2	Jan 29, 2026	243039
GAN	R138L	1	1	Nov 25, 2015	245992
CREBBP	M1872T	1	2	Oct 10, 2024	252628
JAK3	I63V	0	3	Jan 23, 2024	252471
ADNP	V915I	0	2	Jan 01, 2026	252698
TRIOBP	R1078C	0	2	May 05, 2026	252511
KDM5C	R1435C	0	2	Jan 20, 2026	252625
SERPING1	I196N	1	1	Jun 01, 2024	252940
GJA3	T19M	1	2	Jan 21, 2023	252944
PRDM12	E172D	1	1	Mar 21, 2016	253121
EP300	F1504C	1	1	Jul 01, 2016	253314
TPM1	E173D	1	1	Feb 09, 2016	254158
HSD17B10	P198T	1	1	Aug 08, 2016	254239
EML1	T243A	1	1	Aug 30, 2024	254259
COL11A1	P1323L	0	2	May 08, 2026	258461
COL11A1	D46E	0	2	May 09, 2026	258438
AGRN	T258I	0	2	Feb 02, 2026	263204
AGRN	A375S	0	2	Apr 01, 2026	263158
AGRN	G510S	0	2	Feb 02, 2026	263163
AGRN	V554M	0	2	Feb 02, 2026	263165
AGRN	A756T	0	2	Jan 27, 2026	263169
AGRN	Q852R	0	2	Feb 02, 2026	263173
AGRN	T1026N	0	2	Feb 02, 2026	263179
AGRN	R1429C	0	2	Jan 14, 2026	263183
AGRN	P1451L	0	2	Jun 01, 2026	263185
AGRN	R1734H	0	2	Apr 01, 2026	263195
AGRN	E1883K	0	2	Jan 26, 2026	263199
CTRC	K172E	0	2	Feb 04, 2026	260158
FMO3	D132H	0	2	Jan 31, 2026	260072
FMO3	V277A	0	2	Feb 04, 2026	260077
FMO3	T532I	0	2	Jan 16, 2025	260069
LHX4	N328S	0	2	May 08, 2026	262225
NCF2	H389Q	0	2	Feb 04, 2026	256115
NCF2	K181R	0	2	Feb 04, 2026	256116
DISP1	E103K	0	2	Jan 28, 2026	262129
DISP1	E103D	0	2	Jan 28, 2026	262130
LBR	S154N	0	2	Feb 04, 2026	258619
GNPAT	S9F	0	2	Feb 02, 2026	260361
SELENON	V515M	0	2	Jan 28, 2026	261278
SELENON	R548Q	0	2	Feb 03, 2026	261280
PXDN	T1375I	0	2	Dec 23, 2025	260231
PXDN	G1363E	0	2	Dec 23, 2025	260230
PXDN	V1284L	0	2	Jan 29, 2026	260227
XDH	I703V	0	2	Jan 28, 2026	255966
TRH	L8V	0	2	-	260114
CHMP2B	S187N	0	2	Jan 27, 2026	260314
TRAPPC11	V49L	0	2	Jun 01, 2026	261442
TRAPPC11	E73D	0	2	Feb 02, 2026	261445
TRAPPC11	V660L	0	2	Feb 04, 2026	261443
TRAPPC11	T812P	0	2	Feb 04, 2026	261448
TRAPPC11	A821T	0	2	Jan 30, 2026	261449
TRAPPC11	V828A	0	2	Apr 01, 2026	261450
TRAPPC11	Q933H	0	2	Feb 04, 2026	261451
TRAPPC11	V1007M	0	2	Jan 28, 2026	261453
SIL1	K132Q	0	2	Feb 04, 2026	261601
SPINK5	S368N	0	2	Feb 04, 2026	260043
SPINK5	R711Q	0	2	Feb 04, 2026	260049
SPINK5	S887R	0	2	Feb 02, 2026	260052
NSD1	Q2474P	0	2	Feb 25, 2025	261596
NSD1	A2652V	0	1	-	261597
SEC63	T676I	0	2	Feb 01, 2026	260153
FIG4	T270A	0	2	Jan 28, 2026	260452
STX11	R49Q	0	2	Feb 02, 2026	259161
STX11	V267M	0	2	Feb 04, 2026	259163
STX11	T277A	0	2	Feb 02, 2026	259164
F13A1	E652Q	0	2	May 11, 2026	255186
F13A1	V651I	0	2	May 12, 2026	255185
BBS9	T12A	0	2	Feb 03, 2026	263130
BBS9	A455T	0	2	May 18, 2026	263117
BBS9	P516T	0	2	Feb 02, 2026	263119
BBS9	R521Q	0	2	Jan 31, 2026	263120
BBS9	I617L	0	2	Feb 02, 2026	263122
INPP5E	R264H	0	2	Jan 21, 2026	261202
ERCC6	D1355E	0	2	Jan 27, 2026	255167
ERCC6	T942M	0	2	Feb 02, 2026	255165
DNA2	V928I	0	2	Feb 01, 2026	257344
DNA2	F810L	0	2	Feb 01, 2026	257343
MMP20	T281N	0	2	Nov 12, 2018	259542
MMP20	V275A	0	2	Nov 12, 2018	259541
MMP20	K18T	0	2	Sep 05, 2021	259539
DRD2	S311C	0	2	Jan 07, 2026	256813
HPS5	M1015I	0	2	Feb 04, 2026	262986
STIM1	P569S	0	2	Feb 01, 2026	258973
STIM1	P636A	0	2	Nov 18, 2025	258975
SERPING1	V480M	0	2	Feb 04, 2026	254786
CTSF	Q153R	0	2	Feb 02, 2026	259170
CAPN5	D10E	0	2	Feb 02, 2026	259224
SLCO1B1	N130D	0	2	Jul 31, 2025	259983
CNTN1	L302P	0	2	Feb 26, 2024	258203
CNTN1	V929I	0	2	Jan 07, 2026	258197
GNS	R533H	0	2	Feb 03, 2026	258550
GJA3	L299M	0	2	Jan 28, 2026	261459
PAX9	A240P	0	2	Feb 02, 2026	259937
SLC12A3	V404I	0	2	Jan 02, 2026	255877
SLC12A3	N622S	0	2	Feb 01, 2026	255882
SLC12A3	R904Q	0	2	Mar 23, 2026	255888
MYH2	L1592M	0	2	Jan 25, 2026	260825
RAI1	P1432L	0	2	Jan 19, 2026	261936
MKS1	T355A	0	1	-	260879
ITGB4	L1779P	0	2	Feb 04, 2026	255543
ATP8B1	R952Q	0	2	Apr 14, 2026	259820
ATP8B1	R930Q	0	2	Apr 14, 2026	259819
ATP8B1	M674T	0	2	Apr 14, 2026	259817
ATP8B1	I577V	0	2	Apr 14, 2026	259816
ATP8B1	H78Q	0	2	Apr 14, 2026	259818
NPHS1	R1140S	0	2	Feb 04, 2026	259498
NPHS1	N1077S	0	2	Feb 04, 2026	259496
NPHS1	V991L	0	2	Feb 04, 2026	259493
NPHS1	R408Q	0	2	Feb 04, 2026	259482
NPHS1	L392P	0	2	Feb 04, 2026	259481
NPHS1	T294I	0	2	Feb 02, 2026	259508
NPHS1	E117K	0	2	Feb 04, 2026	259500
B9D2	I11M	0	2	Feb 04, 2026	261881
ODAD1	S675L	0	2	Feb 04, 2026	262497
ODAD1	A558T	0	2	Jan 27, 2026	262493
ODAD1	A536S	0	2	Feb 04, 2026	262491
ODAD1	P505L	0	2	Feb 04, 2026	262489
ODAD1	R366H	0	2	Feb 03, 2026	262510
ODAD1	G286R	0	2	Mar 01, 2026	262505
ODAD1	R83W	0	2	Feb 02, 2026	262487
ODAD1	R62H	0	2	Jan 26, 2026	262506
GP6	N322H	0	2	Feb 04, 2026	257428
GP6	L317Q	0	2	Feb 04, 2026	257427
GP6	R294Q	0	2	Nov 29, 2025	257425
GP6	A249T	0	2	Feb 04, 2026	257424
GP6	E237K	0	2	Feb 04, 2026	257423
GP6	P219S	0	2	Feb 04, 2026	257422
BFSP1	G345S	0	2	Jan 27, 2026	257612
RIPK4	M666V	0	2	Nov 07, 2021	261350
CFAP410	Q236R	0	2	Feb 04, 2026	259589
CFAP410	T150I	0	2	Feb 01, 2026	259587
CFAP410	V58L	0	2	Apr 01, 2026	259585
COL6A2	R489Q	0	2	Jan 20, 2026	258316
COL6A2	R867Q	0	2	Jan 24, 2026	258330
TRIOBP	R1922W	0	2	Dec 03, 2025	257222
EP300	G787S	0	2	Jul 23, 2025	258095
COL4A5	A430D	0	2	May 01, 2026	256277
KDM6A	T633A	0	2	Jan 28, 2026	261405
BMP15	S5R	0	2	May 28, 2019	259774
COL3A1	G414D	1	2	May 25, 2023	263829
COL3A1	G576D	1	1	Aug 01, 2025	263581
COL3A1	G435S	1	2	Oct 19, 2025	263854
COL3A1	G1077S	1	2	Oct 05, 2024	263685
NOTCH1	G2430A	0	2	Feb 01, 2026	264535
NOTCH1	V2229M	0	2	Jan 16, 2026	264594
NOTCH1	P2133S	0	2	Feb 02, 2026	264614
NOTCH1	G1039S	0	2	Jan 27, 2026	264180
NOTCH1	R938Q	0	2	Feb 01, 2026	264537
FXN	M76V	0	2	Oct 22, 2025	263542
TPM1	D84N	1	2	Oct 13, 2025	264474
MYH11	A1259V	0	2	Mar 27, 2026	264118
TBX1	N406H	0	2	Feb 04, 2026	263351
ERCC2	R683Q	1	2	Sep 10, 2025	264679
GRIN2A	N976S	0	2	Feb 20, 2024	264707
COL11A1	G562D	1	1	Aug 26, 2016	265698
EXT1	R340H	1	2	Mar 01, 2026	265129
EXT1	G268E	1	2	Jul 10, 2024	265126
FGFR2	C278F	1	2	Jan 25, 2026	265431
CREBBP	R1868W	1	2	Aug 07, 2024	265346
PMM2	R123Q	1	2	May 23, 2026	265255
ALDH3A2	V64D	1	2	May 28, 2024	265458
ALDH3A2	D245N	1	2	Sep 03, 2026	265459
JAK3	G589S	1	2	Sep 20, 2024	265205
SMARCB1	R366C	1	2	Sep 08, 2025	265393
ASS1	R86H	1	2	Oct 08, 2025	265960
ASS1	T284I	1	2	Oct 17, 2025	265961
COL4A5	M163T	0	2	Mar 01, 2026	266003
PURA	S237F	1	1	Aug 11, 2016	266027
SOD1	A146D	1	1	Aug 31, 2016	266063
COQ4	D68H	1	2	Nov 11, 2025	267347
SCN1A	A342E	1	1	Sep 19, 2016	279592
GJA8	D47H	1	2	Jan 21, 2023	280147
RIT1	R122L	1	2	Sep 15, 2025	280609
RIT1	D87H	1	2	Mar 04, 2025	280151
SELENON	R257Q	1	2	Oct 18, 2025	280026
SCN1A	H933Y	1	2	Mar 29, 2022	280527
SCN1A	R118S	1	2	May 28, 2019	280476
COL3A1	G1182R	1	1	Sep 24, 2020	280350
NPHP3	M1T	1	2	Apr 05, 2024	280859
NSD1	R1952W	1	2	Apr 01, 2026	279858
BRAF	F498Y	1	1	Oct 07, 2016	279935
BRAF	G464R	1	2	Oct 14, 2025	279992
BRAF	T599R	1	3	Mar 24, 2020	280033
CAPN5	R289W	1	2	Mar 14, 2025	279987
DNM1	R237W	1	2	Dec 18, 2025	280148
CREBBP	D1480G	1	2	Jul 07, 2022	279963
IQSEC2	R995Q	1	2	May 31, 2023	280590
DCX	R102G	1	1	Jan 22, 2016	280251
HSD17B10	K212E	1	2	Dec 01, 2022	280839
COL6A2	R867W	0	2	Apr 01, 2026	281164
NCF2	N419I	0	2	Mar 01, 2026	281211
PTH1R	R150C	0	2	Jul 01, 2026	281247
NCF2	V297A	0	2	Feb 02, 2026	281319
ABCD1	R389H	1	2	Oct 28, 2025	281336
RAI1	L1219F	0	2	May 01, 2026	281541
CHSY1	M442T	0	2	Jul 01, 2026	281557
NPHP3	R1074H	0	2	Jan 25, 2026	281975
ENPP1	G586R	1	2	Nov 28, 2025	282087
MMP9	R574P	0	2	Feb 04, 2026	282093
SCN1A	V422M	1	2	Oct 27, 2024	282973
COL6A2	G307V	1	1	Sep 02, 2015	283037
MTTP	D384A	0	2	Feb 04, 2026	283193
MYH2	A1460G	0	2	Dec 19, 2025	283217
CACNA1F	N735T	0	2	Jun 01, 2026	283388
HDAC4	A791T	0	2	Mar 01, 2026	283520
NSD1	V1620I	0	2	Sep 10, 2025	283556
ALDH3A2	P424S	0	2	Jan 28, 2026	283733
COL6A2	G301S	1	2	Jan 22, 2025	283758
BCKDHA	N404S	0	2	Jan 26, 2026	283770
SCN1A	R560C	0	3	Sep 03, 2024	283885
AFF2	T620A	0	2	Jul 30, 2021	283886
HDAC4	A319T	0	2	Sep 10, 2025	283931
RNF168	A128V	0	2	Feb 02, 2026	284162
RNF168	E413K	0	2	Feb 03, 2026	284163
IGF1R	N857S	0	2	Jan 19, 2026	284292
COL6A2	G286V	1	1	Nov 03, 2015	284386
KDM6A	T636M	0	2	Feb 01, 2026	284402
ROR2	R530Q	0	2	Mar 01, 2026	284633
HDAC4	V320I	0	2	Jun 01, 2026	284720
COL6A2	G262D	1	2	Oct 25, 2025	284768
COL6A2	A1006V	0	2	Jan 27, 2026	284831
ENPP1	T779P	0	2	Jan 24, 2026	284854
CREBBP	Q278P	0	2	Nov 29, 2025	285017
BCKDHB	D97V	1	1	Mar 22, 2016	285441
COL6A2	G289C	1	1	Feb 05, 2016	285962
COL6A2	G280R	1	2	Aug 10, 2023	286150
TBCE	P72S	0	2	Apr 01, 2026	286377
SIL1	G451S	0	2	Dec 06, 2025	286537
TRIOBP	R1025Q	0	2	Nov 08, 2025	286748
CHM	R367L	0	2	Jan 05, 2026	286771
TRIOBP	H1300R	0	2	Feb 04, 2026	286831
PITX1	G299A	0	2	Feb 02, 2026	286868
COL6A2	G289D	1	2	Jun 11, 2024	287030
PCARE	L792V	0	2	Feb 03, 2026	287769
CACNA1F	G1394S	0	2	Jan 04, 2026	287841
ERCC6	E1194G	0	2	Jan 22, 2026	288034
FGF10	H207P	0	2	Nov 03, 2025	288912
COL6A2	G283E	1	2	Dec 24, 2021	289114
ROR2	H571R	0	2	Dec 03, 2025	289424
WASHC5	N206S	0	2	Dec 23, 2025	289452
NDP	D23E	0	2	Feb 01, 2026	289799
ATP8B1	N45T	0	2	Apr 14, 2026	290971
DBT	R169Q	0	2	Feb 01, 2026	291455
COL11A1	I302V	0	2	May 11, 2026	291540
COL11A1	A44T	0	2	Mar 01, 2026	291550
VANGL1	A116T	0	2	Nov 12, 2018	292005
VANGL1	E347A	0	2	Dec 31, 2019	292011
GJA8	N298S	0	2	Aug 13, 2025	292469
GJA8	V129I	0	2	Sep 09, 2024	292466
GJA8	E332K	0	1	Nov 18, 2024	292470
GJA8	E368Q	0	2	Jan 21, 2023	292473
TBX19	V254A	0	2	Jan 20, 2026	293476
FMO3	V502G	0	2	Jan 27, 2026	293697
NCF2	D518H	0	2	Jan 22, 2026	294073
NCF2	P454S	0	2	May 01, 2026	294076
NCF2	R386Q	0	2	Apr 06, 2026	294081
FMO3	V236I	0	2	Jan 25, 2026	293691
LHX4	M133T	0	1	Jan 13, 2018	293864
LBR	H320R	0	2	Dec 30, 2025	295937
TBCE	V205A	0	2	Jan 29, 2026	296297
TBCE	E409G	0	2	Jan 29, 2026	296307
TBCE	P466L	0	2	Feb 02, 2026	296311
GNPAT	V495I	0	2	Jan 31, 2026	296129
KLF11	N227D	0	1	Jan 13, 2018	330629
SELENON	H259R	1	2	Aug 15, 2025	297025
MBD5	A92T	0	2	Jan 07, 2026	331331
DPYD	S492L	1	2	Jun 17, 2025	298293
KLF11	R29Q	0	2	Nov 13, 2025	330622
MBD5	N598S	0	1	Feb 17, 2023	331335
PRKRA	P11L	0	2	Nov 18, 2025	332633
PRKRA	M1L	0	2	Jan 06, 2023	332635
KLF11	P261L	0	2	Jan 19, 2026	330631
KLF11	P483L	0	2	Jun 21, 2023	330640
GAD1	R532Q	0	2	Feb 02, 2026	332241
PRKRA	I226N	0	2	May 04, 2022	332624
PRKRA	D58G	0	2	Feb 17, 2024	332631
SAG	I76V	0	2	Feb 02, 2026	335067
PCARE	T580M	0	2	Feb 03, 2026	335655
PCARE	S13C	0	2	Feb 01, 2026	335675
SAG	V403A	0	2	Feb 02, 2026	335074
XDH	V1091L	0	2	Jun 12, 2025	335762
PRKRA	P127L	0	2	Jan 12, 2018	332630
XDH	I646V	0	2	Jan 28, 2026	335777
PCARE	K421R	0	2	Feb 03, 2026	335665
PCARE	E227K	0	2	Feb 02, 2026	335668
XDH	K1313E	0	2	Jan 13, 2026	335755
XDH	V664I	0	2	Jan 18, 2026	335776
EFEMP1	R387Q	0	2	Jan 05, 2026	336621
TMEM43	S30N	0	2	Jan 19, 2026	343500
XDH	G172R	0	2	Jan 27, 2026	335799
GATA2	G237D	0	2	Mar 23, 2026	343139
SERPINI1	R36S	0	2	Jan 28, 2026	344121
XDH	D584A	0	2	Oct 19, 2025	335782
SERPINI1	A135V	0	2	Aug 02, 2025	344126
XDH	K395M	0	2	Jan 28, 2026	335791
ATP2C1	A450T	0	2	Dec 23, 2025	343326
CYP1B1	R390C	1	3	Nov 19, 2025	335952
SERPINI1	R73H	0	2	Oct 08, 2025	344123
ANO10	Q25P	0	2	Feb 04, 2026	345197
PTH1R	E546K	0	2	Jun 01, 2026	345600
CNNM4	M145T	0	2	Dec 23, 2025	337581
PTH1R	G100D	0	2	Jan 12, 2026	345581
LRIT3	P169T	0	2	Feb 01, 2026	347182
LRIT3	T503M	0	2	Feb 03, 2026	347196
TF	S174L	0	2	Jan 26, 2026	343433
CC2D2A	P1122R	1	1	Mar 16, 2024	347895
ATP2C1	S261N	0	1	Jan 13, 2018	343324
PALLD	T425N	0	2	Jul 07, 2023	348036
PALLD	H614Q	0	1	Jan 13, 2018	348041
TF	D296G	0	2	Jan 31, 2026	343441
MANBA	P784R	0	2	Feb 04, 2026	347081
MANBA	L749H	0	2	Feb 02, 2026	347084
SERPINI1	S14G	0	2	Jan 28, 2026	344119
SERPINI1	V97I	0	2	Jun 01, 2026	344125
SERPINI1	A280T	0	2	Feb 03, 2026	344131
ALG3	I107V	0	2	Jun 01, 2026	344358
SERPINI1	F7L	0	2	Feb 03, 2026	344118
SERPINI1	D173G	0	2	Feb 03, 2026	344129
SERPINI1	M395V	0	2	Jan 12, 2026	344133
MTTP	R46G	0	2	Apr 01, 2026	347020
MTTP	E98D	0	2	Feb 04, 2026	347021
MTTP	T164A	0	2	Feb 04, 2026	347023
MTTP	V168I	0	2	Jul 01, 2026	347025
MTTP	G661S	0	2	Feb 04, 2026	347040
MATR3	N787S	0	2	Jan 11, 2026	351138
SPINK5	G40A	0	2	Feb 12, 2026	351515
SPINK5	N921S	0	2	Feb 12, 2026	351537
SPINK5	H972R	0	2	Feb 02, 2026	351541
CSF1R	T507M	0	2	Mar 27, 2025	352150
CSF1R	N241D	0	2	Feb 03, 2026	352166
MANBA	V828I	0	2	Feb 04, 2026	347077
MANBA	V253I	0	2	Feb 04, 2026	347096
LRIT3	A486T	0	2	Feb 03, 2026	347195
NSD1	R1045C	0	1	Jan 12, 2026	2195434
SIL1	R92W	0	2	May 01, 2026	351086
MATR3	R841C	0	2	Feb 01, 2026	351143
LIFR	V785I	0	2	Feb 04, 2026	353617
ITGA2	E4G	0	2	Jan 12, 2018	353731
ITGA2	G793R	0	1	Jan 13, 2018	353764
ITGA2	Q812K	0	1	Jan 13, 2018	353766
SPINK5	R268C	0	2	Apr 01, 2026	351519
ITGA2	T892P	0	2	Dec 13, 2018	353771
ITGA2	K1127Q	0	2	Dec 31, 2019	353781
ITGA2	I1173T	0	2	Dec 21, 2022	353782
SPINK5	I588M	0	2	Feb 02, 2026	351527
CSF1R	T722N	0	1	Jan 13, 2018	352139
CSF1R	V268I	0	2	Jan 14, 2026	352161
CSF1R	A245T	0	1	Aug 18, 2025	352164
CSF1R	P90T	0	2	Jan 20, 2026	352173
CSF1R	T75I	0	2	Mar 26, 2025	352175
NSD1	E724K	0	1	Jul 27, 2025	352874
AMACR	R118Q	0	2	Feb 03, 2026	353255
LIFR	R860W	0	2	Jan 28, 2026	353613
LIFR	D578N	0	2	Feb 04, 2026	353625
SKIC2	T85M	0	2	Jan 25, 2026	356312
SKIC2	D887N	0	2	Feb 04, 2026	356340
SKIC2	A1071V	0	2	Feb 04, 2026	356346
ITGA2	I173V	0	2	Oct 01, 2025	353735
ITGA2	E534K	0	2	Jun 10, 2021	353753
MTTP	K879R	0	2	Feb 04, 2026	347045
MTTP	N166S	0	2	Feb 04, 2026	347024
IL17F	V155I	0	2	Feb 02, 2026	357468
GCNT2	L3S	0	2	Nov 03, 2024	354699
SEC63	V556I	0	2	Jan 28, 2026	354902
SIL1	Q80R	0	2	Jan 28, 2026	351097
FIG4	Y58C	0	2	Jan 05, 2026	355033
SPINK5	V955A	0	2	Feb 01, 2026	351538
SPINK5	K969E	0	2	Feb 12, 2026	351540
CSF1R	R921W	0	2	Oct 02, 2025	352128
CSF1R	E920D	0	2	Jan 26, 2026	352129
CSF1R	V279M	0	2	Jan 26, 2026	352160
CSF1R	A245S	0	2	Jan 27, 2026	352163
CSF1R	V5L	0	1	Jan 12, 2018	352180
CSF1R	G747R	0	2	Jan 22, 2026	352136
CSF1R	L536V	0	2	Oct 16, 2024	352149
CSF1R	G413S	0	2	Feb 01, 2026	352154
CSF1R	H362R	0	2	Feb 03, 2026	352157
CSF1R	V32G	0	2	Jul 01, 2026	352178
HOXA1	E189A	0	2	Mar 01, 2026	359958
IL17F	H161R	0	2	Feb 04, 2026	357466
IL17F	E126G	0	2	Feb 04, 2026	357469
AMACR	P238S	0	2	Feb 03, 2026	353254
LIFR	M639L	0	2	Jan 31, 2026	353622
ITGA2	R76Q	0	2	Dec 07, 2018	353733
ITGA2	M109I	0	2	Jan 13, 2018	353734
EXT1	E72K	0	2	Jan 06, 2025	361660
ITGA2	R597C	0	1	Jan 13, 2018	353757
EXT1	S50G	0	1	Mar 04, 2025	361662
ITGA2	I700T	0	1	Jan 13, 2018	353761
ITGA2	S835G	0	1	Jan 13, 2018	353769
ITGA2	N927S	0	2	Dec 31, 2019	353774
ITGA2	T1052S	0	2	Aug 18, 2025	353778
LIFR	H116Y	0	2	Feb 02, 2026	353631
ITGA2	A319T	0	2	Dec 31, 2019	353746
ITGA2	I532L	0	2	Apr 27, 2017	353752
ITGA2	Q810R	0	1	Jan 13, 2018	353765
ITGA2	T828M	0	1	Mar 06, 2018	353767
ITGA2	I893T	0	2	Aug 01, 2023	353772
SLC26A3	R197Q	0	2	Nov 24, 2025	358554
BMP1	R371H	0	2	Feb 02, 2026	362580
GCNT2	R173G	0	2	Mar 04, 2025	354705
RP1	R1595Q	0	2	Feb 01, 2026	363303
RP1	L1901F	0	2	Dec 21, 2025	363309
SEC63	I77T	0	2	Dec 16, 2025	354918
IFNGR1	L467P	0	2	Feb 04, 2026	355552
ENPP1	F708L	0	2	Jan 27, 2026	355350
HOXA1	H146N	0	2	May 12, 2016	359962
PRKN	G430D	1	2	Feb 01, 2026	356016
SKIC2	Q151R	0	2	Feb 04, 2026	356316
SKIC2	V569M	0	2	Apr 01, 2026	356328
SKIC2	V917M	0	2	Feb 04, 2026	356342
KRIT1	R26Q	0	2	Dec 19, 2025	360890
ASS1	K310R	1	2	Apr 29, 2026	365260
SKIC2	M214L	0	2	Feb 04, 2026	356318
WASHC5	I106V	0	2	Sep 04, 2025	361734
BMP1	V817A	0	2	Feb 04, 2026	362598
SLC26A3	N753S	0	2	Jan 31, 2026	358535
SLC26A3	T510M	0	2	Jan 31, 2026	358543
SLC26A3	R68Q	0	2	Jan 26, 2026	358560
RP1	G980S	0	2	Dec 11, 2025	363287
RP1	K2022Q	0	2	Aug 10, 2023	363311
SLC26A3	E698Q	0	2	Jan 25, 2026	358537
SLC26A3	C307W	0	2	Feb 04, 2026	358548
SLC26A3	I81V	0	2	Feb 02, 2026	358559
EYA1	T248M	0	1	Jan 12, 2018	363656
CFAP418	P19A	0	2	Feb 01, 2026	364002
ERCC6	V1308L	0	2	Feb 01, 2026	300041
CDK5RAP2	F885L	0	2	May 01, 2026	364762
HOXA1	H65P	0	1	Nov 10, 2018	359969
BBS9	D696N	0	2	Mar 01, 2026	360068
PGAM2	I114S	0	2	Feb 01, 2026	360276
KRIT1	I415M	0	2	Jun 01, 2026	360884
MMP20	D139N	0	2	May 16, 2018	301951
CD3E	P35S	0	2	Feb 05, 2026	302661
WASHC5	K396R	0	2	Jan 05, 2026	361726
TRAPPC9	I124V	0	2	Nov 23, 2025	362093
HPS5	R1077W	0	2	Feb 02, 2026	303867
ROR2	P548S	0	2	Jan 22, 2026	367502
LPL	A427T	0	2	Feb 04, 2026	362414
ALG2	I162V	0	1	Jan 21, 2026	364208
BMP1	V719I	0	2	Feb 04, 2026	362592
CBLIF	N255S	0	2	Jan 27, 2026	305035
MCM4	R248H	0	2	Feb 01, 2026	363220
MCM4	L650M	0	2	Feb 04, 2026	363238
RP1	S965I	0	2	Jul 21, 2025	363286
RP1	V945L	0	2	Jan 22, 2026	363285
RP1	N1779Y	0	2	Dec 04, 2024	363306
RP1	G1875A	0	2	Jan 08, 2026	363308
EYA1	R308Q	0	2	Oct 07, 2024	363652
EYA1	P261L	0	2	Jan 08, 2026	363655
ERCC6	G1322V	0	2	Feb 04, 2026	300040
ERCC6	S1161T	0	2	Dec 31, 2019	300046
HSPB8	P89R	0	2	Jan 10, 2026	307417
SLCO1B1	I499V	0	2	Dec 23, 2024	307955
KRT1	S344N	0	2	Nov 14, 2025	309647
AAAS	G533R	0	2	Feb 02, 2026	309718
IL10RA	L61V	0	2	Feb 02, 2026	302539
IL10RA	V113I	0	2	Feb 01, 2026	302544
IL10RA	I224V	0	2	Feb 04, 2026	302548
IL10RA	R351G	0	2	Feb 04, 2026	302554
IL10RA	S420L	0	2	Feb 03, 2026	302556
DCN	I177F	0	2	Jun 16, 2025	310658
LIG4	I840V	0	2	Jan 25, 2026	310976
GJA3	R133Q	0	2	Dec 04, 2025	311346
ROR2	R312H	0	2	Jan 13, 2025	367510
HPS5	G501R	0	2	Jan 29, 2026	303888
SLC7A7	I460M	0	2	Jun 01, 2026	312812
NFKBIA	G194A	0	2	Feb 01, 2026	313110
NKX2-1	V179L	0	1	Jan 12, 2018	313144
ERCC6	T1441I	0	2	Feb 02, 2026	300036
CABP4	R18H	0	2	Jan 27, 2026	305639
ERCC6	V127I	0	2	Dec 24, 2025	300095
CABP4	R152Q	0	2	Dec 15, 2025	305651
ERCC6	G1372R	0	2	Jan 27, 2026	300039
ERCC6	S1161R	0	2	Dec 31, 2019	300047
MRPS16	Y12H	0	2	Feb 01, 2026	300723
SLCO1B1	P155T	0	2	Jul 24, 2025	307937
SLCO1B1	I211M	0	2	Apr 27, 2017	307939
MMP20	I169L	0	2	Nov 12, 2018	301949
APOA1	A61T	0	2	Feb 03, 2026	302507
CD3G	V131F	0	2	Jan 26, 2026	302685
KRT1	S557G	0	2	Jul 17, 2021	309639
HPS5	P846L	0	2	Feb 02, 2026	303874
SLC12A3	R83W	1	2	Apr 29, 2026	319889
SLC12A3	G463R	1	2	Jun 25, 2026	319903
AAAS	R434Q	0	2	Jan 29, 2026	309726
AAAS	H21Q	0	1	Jan 28, 2026	309742
DCN	V306A	0	2	Oct 22, 2024	310654
SERPING1	V56A	0	2	Feb 01, 2026	305020
LIG4	A857T	0	2	Feb 02, 2026	310973
GJA3	G412R	0	2	Feb 01, 2026	311332
ALDH3A2	A188V	0	2	Jun 01, 2026	322210
CABP4	A81V	0	1	Dec 15, 2025	305642
FOXN1	R69C	0	3	Jul 29, 2024	322414
FOXN1	P395L	0	3	Oct 25, 2024	322428
KL	A107V	0	2	Jan 18, 2026	311681
CBLIF	D83N	0	2	Dec 26, 2025	305041
GPR179	F2266L	0	2	Dec 09, 2025	322967
GPR179	D1327N	0	2	Feb 02, 2026	322987
GPR179	K1150E	0	2	Feb 03, 2026	322999
GPR179	D218E	0	2	Jan 21, 2026	323035
GPR179	A25D	0	2	Jan 21, 2026	323043
NKX2-1	A365S	0	2	Jan 05, 2026	313140
NKX2-1	R10Q	0	2	Dec 30, 2025	313147
PAX9	T208S	0	2	Feb 02, 2026	313170
HSPB8	E179Q	0	2	Jan 05, 2026	307418
ITGB4	R670H	0	2	Mar 01, 2026	325157
ITGB4	A808T	0	2	Jan 24, 2026	325162
ITGB4	P835A	0	2	Dec 03, 2025	325163
ITGB4	V1481M	0	2	Nov 25, 2025	325192
ITGB4	R1803Q	0	2	Feb 01, 2026	325217
SLCO1B1	I245V	0	2	Jan 21, 2025	307942
SLCO1B1	F400L	0	2	Jul 25, 2025	307946
SLCO1B1	G488A	0	2	Jun 27, 2024	307954
SLCO1B1	L643F	0	2	Jul 24, 2025	307959
KRT1	R38H	0	2	Jan 15, 2026	309656
SLC7A9	L223M	0	2	Mar 03, 2026	328755
PEPD	R388H	0	2	Feb 04, 2026	328796
DCN	K142E	0	2	Jan 15, 2026	310659
FAH	K47E	0	2	Feb 04, 2026	317206
TYROBP	R23H	0	2	Apr 01, 2026	328896
KRT1	K633R	0	2	Feb 03, 2026	309637
B9D2	I51L	0	1	Jan 18, 2026	329345
LITAF	V81M	0	2	Nov 04, 2025	317783
GJA3	A371T	0	2	Dec 27, 2025	311334
GYS1	E539K	0	2	Jan 18, 2026	329810
GYS1	V186I	0	2	Jan 18, 2026	329823
KL	Y1003C	0	2	Feb 01, 2026	311709
DCN	P315H	0	1	Jan 13, 2018	310653
DCN	T268M	0	2	Jan 23, 2026	310656
THBD	P501L	0	2	Feb 01, 2026	337882
THBD	A473V	0	2	Feb 04, 2026	337883
TGM6	V295M	0	2	Apr 01, 2026	337915
TGM6	E406K	0	2	Jun 01, 2026	337924
TGM6	V553M	0	2	Nov 21, 2025	337934
TGM6	P564S	0	2	Jan 01, 2026	337936
ANG	K84E	0	2	Dec 24, 2025	312774
SLC12A3	K860E	0	1	Jun 03, 2024	319916
MMP9	R239H	0	2	Jan 26, 2026	338549
MMP9	Q279R	0	2	Feb 04, 2026	338550
KL	R47Q	0	2	Jan 26, 2026	311678
KL	R199C	0	2	Jan 27, 2026	311686
KL	F352V	0	2	Feb 03, 2026	311690
KL	C370S	0	2	Feb 03, 2026	311691
KL	P514S	0	2	Feb 01, 2026	311695
MRAP	T130I	0	2	Dec 31, 2019	339682
MYH2	A41V	0	1	Nov 10, 2025	321699
COL6A2	D1001E	0	2	Nov 03, 2025	340388
FOXN1	A599P	0	2	Feb 04, 2026	322436
NFKBIA	T185M	0	2	Jan 17, 2026	313111
GPR179	L2275P	0	2	Jan 26, 2026	322966
GPR179	E1630Q	0	2	Jan 25, 2026	322982
GPR179	R1190Q	0	2	Jan 18, 2026	322996
GPR179	R532H	0	2	Jan 22, 2026	323019
EP300	L223V	0	1	Dec 19, 2025	2716494
GPR179	S307R	0	2	Feb 02, 2026	323028
EP300	P870L	0	2	Dec 02, 2024	341797
EP300	L1600V	0	2	Jul 09, 2025	1549637
EP300	H2172Q	0	2	Oct 16, 2025	3047215
CLCN5	M212I	0	2	Jan 20, 2026	368474
BMP15	H200Y	0	1	Jan 13, 2018	368540
ITGB4	R556H	0	2	Jan 24, 2026	325148
LITAF	I92V	0	2	Feb 04, 2026	317782
FAH	D99G	0	2	Jan 17, 2026	317211
GRIN2A	E28A	0	2	Mar 03, 2025	317669
SLC12A3	R919C	0	2	Feb 01, 2026	319917
PMM2	Q37L	0	2	Feb 02, 2026	321215
SLC7A9	P468L	0	2	Jan 18, 2026	328743
GRIN2A	I833V	0	1	Jan 13, 2018	321610
SLC7A9	V142A	0	2	Mar 03, 2026	328761
GRIN2A	H381Y	0	2	Apr 09, 2024	321617
SLC12A3	R642H	1	2	Apr 29, 2026	319909
FOXN1	L519Q	0	3	Jul 29, 2024	322433
FOXN1	S569Y	0	3	Jul 29, 2024	322435
GPR179	P1977H	0	2	Feb 03, 2026	322976
GPR179	A975D	0	2	Feb 02, 2026	323005
GPR179	V21L	0	2	Jan 20, 2026	323044
TGM6	P347L	0	2	Jan 06, 2026	337919
TGM6	A376T	0	2	Jan 25, 2026	337922
TGM6	R412H	0	2	Oct 21, 2025	337925
TGM6	G508D	0	2	Feb 01, 2026	337930
TGM6	V527E	0	2	May 01, 2026	337931
GRIN2A	R1022C	0	2	Dec 16, 2024	321607
CA4	N177K	0	2	Dec 15, 2025	324233
FOXN1	P430S	0	3	Jul 29, 2024	322430
GPR179	R1294Q	0	2	Feb 01, 2026	322990
GPR179	R884W	0	2	Feb 03, 2026	323008
GPR179	E868D	0	2	Feb 02, 2026	323009
GPR179	R242Q	0	2	Jan 19, 2026	323031
CA4	Q79K	0	2	Jul 07, 2023	324228
RBBP8	P246A	0	2	Feb 01, 2026	326221
ITGB4	Q478H	0	2	Jan 29, 2026	325141
ITGB4	H602L	0	2	Oct 30, 2025	325150
ITGB4	K703R	0	2	Jan 22, 2026	325159
ITGB4	C736F	0	2	Feb 01, 2026	325161
ITGB4	R977C	0	2	Jan 31, 2026	325172
ATP8B1	S580N	0	2	Jun 01, 2026	327484
EP300	S798N	0	2	Jan 02, 2026	2753616
EP300	A877T	0	1	Mar 18, 2025	4737058
EP300	S1882G	0	1	Jul 20, 2025	2060537
JAK3	V217M	0	3	Jan 23, 2024	328518
PEPD	L435F	0	2	Feb 04, 2026	328791
ABCD1	R452W	0	2	Jun 01, 2026	368048
ABCD1	V604I	0	2	Jan 13, 2026	368050
ERCC2	R616P	1	2	Mar 25, 2026	329508
ERCC2	C259Y	1	2	Jan 27, 2026	329522
GYS1	M416V	0	2	Feb 01, 2026	329814
PEPD	I462T	0	2	Jan 11, 2026	328784
THBD	R403K	0	2	Apr 20, 2026	337884
THBD	G14S	0	2	Feb 04, 2026	337894
TGM6	I4M	0	2	Aug 30, 2025	337901
TGM6	R368Q	0	2	Jan 25, 2026	337921
TGM6	R665S	0	2	Mar 01, 2026	337940
MMP9	A20V	0	2	Feb 01, 2026	338546
MRAP	V50M	0	2	Aug 24, 2021	339678
MRAP	N149S	0	1	Jan 13, 2018	339684
RIPK4	A12G	0	2	Oct 30, 2019	340037
TGM6	A141E	0	2	Jan 27, 2026	337905
TGM6	N331S	0	2	Sep 26, 2025	337918
TGM6	V391M	0	2	Jan 01, 2026	337923
TGM6	R448W	0	2	Jun 01, 2026	337926
COL6A2	V835I	0	2	Dec 02, 2025	340378
MMP9	R668Q	0	2	Feb 03, 2026	338559
MRAP	C78W	0	2	Dec 31, 2019	339681
EP300	P261S	0	2	Sep 27, 2025	341784
RIPK4	G3S	0	2	Apr 30, 2025	340038
ABCD1	N13T	0	2	Jan 26, 2026	368044
CLCN5	R415Q	0	2	Dec 27, 2025	368480
BMP15	L148P	0	2	Dec 31, 2019	368538
EP300	M664V	0	1	Oct 08, 2025	3666336
BMP15	F194S	0	2	Oct 01, 2025	368539
NSD1	I2007F	1	1	Oct 21, 2014	369685
CTSK	R312G	1	1	Jun 21, 2024	370960
CTSK	L9P	1	2	Jul 09, 2025	371412
CTSK	M1I	1	1	Mar 03, 2025	371240
DPYD	M1I	1	2	Apr 11, 2023	370476
BCKDHB	A137V	1	2	Apr 29, 2026	370949
SLC26A4	T94I	1	2	Dec 31, 2025	371034
SLC26A4	A387V	1	2	Feb 06, 2024	370578
SLC26A4	S391R	1	1	Jun 27, 2025	371146
SLC26A4	R409C	1	2	Feb 11, 2026	371421
SLC26A4	Q413R	1	2	Jan 02, 2025	370080
SLC26A4	S532I	1	2	Dec 05, 2023	370114
ASS1	R272C	1	2	Apr 29, 2026	371132
FAH	M1K	1	1	Mar 03, 2022	371005
PMM2	P69S	1	2	Sep 10, 2025	371307
PMM2	I153T	1	2	May 28, 2026	371406
ALDH3A2	S365L	1	2	Sep 03, 2025	371221
NDUFB11	E121K	1	2	Jan 17, 2024	372149
SLC18A3	D398H	1	1	Jan 03, 2022	372160
RNASEH1	V142I	1	2	Jan 19, 2026	372197
TBCE	I155N	1	2	Apr 08, 2025	372201
MFSD2A	T159M	1	1	Mar 17, 2024	372260
RIT1	F82C	1	2	Jul 08, 2024	372863
SCN1A	M976T	1	2	Mar 20, 2025	373282
SCN1A	R865Q	1	2	Aug 30, 2024	372566
SCN1A	Q554H	1	1	Nov 02, 2016	373008
SCN1A	C345F	1	2	Jul 26, 2024	373136
SELENON	W419C	1	1	Apr 03, 2015	372502
SCN1A	G1749R	1	2	Feb 04, 2021	373157
SCN1A	V421M	1	2	Apr 21, 2022	372865
MUTYH	N210S	1	2	Jan 18, 2026	372416
SCN1A	P1855L	1	2	Apr 12, 2024	372740
SCN1A	A1441T	1	2	Mar 23, 2022	372966
SCN1A	Q1427L	1	1	Jan 27, 2016	372903
SCN1A	L869S	1	1	Jun 30, 2016	372972
SCN1A	E788K	1	2	Oct 31, 2024	372741
SCN1A	S364R	1	1	Jun 30, 2016	372950
NSD1	C1710F	1	1	Aug 25, 2016	373004
NSD1	N2020Y	1	1	Jan 21, 2016	372890
NSD1	K2097E	1	1	Nov 29, 2016	373211
BRAF	T589P	1	1	Nov 20, 2015	372757
BRAF	L525R	1	1	May 29, 2024	372626
WASHC5	S616F	1	1	Dec 15, 2015	372817
NSD1	Y2142S	1	1	Jan 26, 2016	372889
RP1	P1880R	1	1	Jun 10, 2016	372953
SLC26A4	A362D	1	1	Jul 07, 2016	372827
DNM1	G536E	1	1	Nov 25, 2015	372818
INPP5E	D454G	1	1	Jun 02, 2015	372388
ASL	R193Q	1	2	Jan 27, 2026	372306
AAAS	A167E	1	2	Jun 18, 2025	373167
SOS2	M267T	1	2	Jun 24, 2023	373114
CREBBP	C367F	1	1	Nov 29, 2016	373590
SLC12A3	G729D	1	2	Sep 22, 2023	373500
FAH	M1V	1	2	Apr 29, 2026	372766
JAK3	H879R	0	3	Nov 14, 2023	372390
SMARCB1	R374Q	1	2	Feb 11, 2026	372511
EP300	F1595V	1	2	Sep 24, 2025	372363
ABCD1	R163H	1	2	Nov 18, 2025	372736
EP300	L1828P	1	1	Dec 29, 2015	372823
COL4A5	G1164C	1	2	Jun 13, 2021	372992
KDM5C	E698K	1	2	Aug 30, 2019	372737
KDM6A	T786A	1	1	Dec 17, 2015	372828
SLC26A4	C565G	1	1	Mar 27, 2015	373978
MYH11	D1454H	1	1	Sep 12, 2014	374162
CREBBP	R1233K	1	2	May 29, 2024	374025
EP300	Q540R	0	1	Aug 26, 2015	374013
NDP	A105V	1	1	Dec 03, 2015	374014
NDP	R90C	1	1	Jan 01, 2016	373948
SCN1A	S570N	1	3	Jul 30, 2024	374331
KDM5C	P480L	1	2	Dec 01, 2023	374324
NIPA2	N244S	1	1	Aug 01, 2016	374448
MTFMT	R6W	0	2	Jun 01, 2026	374493
LMOD3	L550F	1	2	Mar 08, 2022	374498
LMOD3	Q335R	1	1	Aug 01, 2020	374499
MRPL3	G311S	0	2	Jun 01, 2026	374558
DHTKD1	V360A	0	2	Apr 01, 2026	374604
GAN	P562A	0	2	Apr 01, 2026	374635
HDAC4	A1074T	0	2	Dec 01, 2025	374654
FGFR2	K641R	1	2	Jan 20, 2026	374824
FGFR2	E565G	1	2	Jan 01, 2026	374823
FGFR2	N549H	1	2	Jan 26, 2026	374821
FGFR2	C342F	1	2	Aug 04, 2024	374819
FGFR2	C342G	1	2	Jan 10, 2024	374818
FGFR2	G338E	1	2	May 30, 2025	374817
FGFR2	G338R	1	2	Jun 12, 2026	374816
FGFR2	D336G	1	2	May 28, 2019	374815
FGFR2	Y308C	1	2	Jan 27, 2025	374813
FGFR2	W290S	1	1	Sep 17, 2016	374812
FGFR2	Y281C	1	2	Jun 12, 2026	374811
FGFR2	F276V	1	2	Aug 12, 2025	374809
EPHB4	R739Q	1	2	Jan 08, 2024	374836
ACP4	R111C	1	2	Jan 22, 2026	374863
ADA2	M309I	0	2	Mar 01, 2026	375247
PAX9	P20L	1	1	-	375454
INPP5E	R435W	1	2	Mar 29, 2024	375472
SCN1A	N1605I	1	1	Nov 16, 2016	375515
SCN1A	E616D	1	1	Nov 16, 2016	375511
SCN1A	S228P	1	1	Nov 16, 2016	375512
HCN1	G391D	1	2	Jan 01, 2018	375529
HCN1	M153I	1	2	Jan 01, 2021	375530
ACP4	P249L	1	1	Jan 22, 2026	375694
BRAF	D594V	1	3	May 18, 2020	375946
GNAQ	Q209L	1	1	Dec 18, 2023	375955
GNAQ	Q209R	1	1	Nov 03, 2023	375956
KRAS	A146V	1	2	Jan 01, 2026	375962
KRAS	A146P	1	2	Jul 03, 2025	375963
KRAS	K117N	1	1	Jan 28, 2026	375964
ERBB2	S310Y	1	1	Dec 01, 2020	376188
FGFR2	Y381H	1	1	Nov 28, 2022	376316
KRAS	Q22K	1	2	Feb 16, 2025	376325
CREBBP	R1446H	1	1	Jul 17, 2023	376387
FGFR2	C382R	1	2	Jan 08, 2025	376431
CLEC7A	S161L	0	2	Aug 21, 2018	376808
NOTCH1	S88N	0	2	Jan 28, 2026	376894
ANKRD11	D2036N	0	2	Jan 27, 2026	376944
CTSF	R421W	0	2	Jan 28, 2026	376976
ANKRD11	T1326M	0	2	Jun 01, 2026	376984
CCND2	R262H	0	2	Nov 18, 2025	376994
ABCD1	L253V	0	2	Mar 01, 2026	377034
GRIN2A	S632F	1	1	Sep 28, 2016	377051
DNM1	S847L	0	2	Apr 17, 2025	377087
ANKRD11	A2121V	0	1	Sep 01, 2016	377125
SOS2	D773H	0	2	Jan 05, 2026	377127
CAMTA1	S652L	0	2	Mar 01, 2026	377146
SKIC2	R324W	0	2	Apr 01, 2026	377168
ANKRD11	I1412T	0	2	May 20, 2026	377179
GATA4	V381M	0	2	Apr 01, 2026	377180
CLCN2	S661T	0	2	Jan 05, 2026	377181
SIL1	D63E	0	2	Mar 01, 2026	377234
CREBBP	L1507P	1	1	Sep 06, 2016	377310
ANKRD11	P2007L	0	2	Jan 19, 2026	377319
COA8	K8R	0	2	Jan 19, 2026	377320
KDM5C	L75P	1	1	Dec 16, 2016	377331
KLKB1	S269C	0	2	Oct 11, 2016	377355
ATP2C1	L541F	0	2	Nov 06, 2025	377375
AGRN	R4P	0	2	Feb 03, 2026	387476
AGRN	Q1565H	0	2	Feb 03, 2026	387480
NCF2	T279M	0	2	Feb 04, 2026	379274
SELENON	S354G	0	2	Jan 28, 2026	380239
PPT1	Y247C	1	2	Apr 14, 2025	379909
PARS2	N235S	0	2	Feb 01, 2026	380003
PARS2	L21R	0	2	Jan 31, 2026	381204
PARS2	R28S	0	2	Feb 01, 2026	380002
MBD5	G1703R	0	1	Sep 19, 2016	389233
MBD5	C315G	0	2	Nov 21, 2024	392439
MBD5	Q834H	0	2	Aug 03, 2025	389768
MBD5	T305A	0	1	Dec 07, 2015	382116
MBD5	I752V	0	2	Feb 01, 2026	378115
SCN1A	C1354S	1	1	Feb 02, 2016	383166
SCN1A	D366H	1	2	May 24, 2023	390594
MBD5	P1400L	0	2	Sep 03, 2025	385743
SCN1A	I1638N	1	2	Jun 25, 2018	381568
SCN1A	P1323H	1	2	Feb 08, 2022	383819
SCN1A	N357Y	1	1	Jan 17, 2017	393038
SCN1A	W384R	1	2	Jun 03, 2024	390676
SCN1A	R219S	1	1	Dec 27, 2016	378898
COL3A1	G369E	1	1	Jun 08, 2018	384345
COL3A1	G495A	1	1	Jul 18, 2018	392836
SCN1A	S940F	1	2	Sep 21, 2018	381569
SCN1A	D79N	1	1	Jun 22, 2017	379355
COL3A1	G708A	1	1	Apr 20, 2020	383538
MRPL3	M261T	0	2	Feb 01, 2026	382151
STAG1	D384H	1	1	May 23, 2019	393236
PURA	V235G	1	1	Jan 22, 2026	391357
NSD1	D2331N	0	2	Dec 24, 2025	380346
ALDH7A1	C522S	1	1	Jul 29, 2026	382292
NSD1	A1728P	1	1	Jul 17, 2023	379717
NSD1	Y1870C	1	1	Jul 29, 2016	381679
HCN1	M305L	1	1	Mar 02, 2016	384546
GFM2	H60N	0	2	Dec 02, 2025	377924
GFM2	P37S	0	2	Sep 16, 2015	380627
NSD1	P2372H	0	1	Jun 24, 2016	387084
MEF2C	S176Y	0	1	Feb 17, 2016	381860
BCKDHB	V213F	1	1	Nov 02, 2016	390609
BCKDHB	T41I	0	2	Jan 27, 2026	377557
GABRG2	T90M	1	2	Dec 17, 2025	379114
DNM1	L16M	0	2	Feb 03, 2026	380950
DNM1	S807C	0	2	Jan 17, 2026	387422
COQ4	R20Q	0	2	Feb 04, 2026	380449
NSD1	A2684T	0	2	Oct 17, 2024	392799
SURF1	R295C	0	2	Feb 02, 2026	379683
LAMA4	D29N	0	2	Nov 30, 2025	388485
DNM1	T111S	0	2	Dec 16, 2025	383891
COQ4	A142T	0	2	Feb 01, 2026	383917
COQ4	E161D	0	2	Jun 01, 2026	380493
SLC26A4	I700M	0	1	Apr 09, 2015	379535
SLC26A3	F119L	0	2	May 01, 2026	378598
NOTCH1	L2457V	0	2	Feb 02, 2026	380420
SURF1	L90P	1	2	Jan 13, 2026	381516
DNA2	N550S	0	2	Jan 28, 2026	385006
ALG2	P56L	0	2	Jan 14, 2026	382799
CDK5RAP2	S1593G	0	1	Nov 03, 2015	381386
COQ4	R205Q	0	2	Jan 27, 2026	382106
CNTN1	M417I	0	2	Jan 12, 2026	384608
CARS2	A511T	0	2	May 01, 2026	386020
CARS2	G216E	0	2	Feb 03, 2026	380445
CARS2	D196N	0	2	Jan 27, 2026	383497
CARS2	I180F	0	2	Feb 03, 2026	380033
ORAI1	S218G	0	2	Feb 04, 2026	379436
COA8	P14T	0	2	Oct 08, 2025	381449
SOS2	A208T	0	2	Jun 01, 2026	384818
DNA2	E164G	0	2	Feb 02, 2026	387145
CARS2	K561E	0	2	Jan 28, 2026	381419
CARS2	Q555P	0	2	Feb 04, 2026	380143
MTFMT	A201T	0	2	Jan 26, 2026	378175
SLC7A7	A91V	0	2	May 01, 2026	380186
SOS2	S483N	0	2	Feb 03, 2026	388232
COA8	V3A	0	2	Feb 01, 2026	381843
COA8	P14R	0	2	Jan 27, 2026	382991
NKX2-1	R243H	1	1	Feb 03, 2017	393279
HSPB8	R78M	0	2	May 28, 2026	380971
ANKRD11	A2023P	0	2	May 09, 2026	380368
GRIN2A	A548P	1	2	Jan 01, 2019	390621
UQCRC2	R148S	0	2	Jan 01, 2026	382034
GPR179	S1152P	0	2	Jan 29, 2026	385325
CREBBP	P153L	0	2	Mar 01, 2026	382751
ALG1	F185C	0	2	Feb 03, 2026	384255
SLC12A3	R399L	1	2	Apr 29, 2026	381528
CARS2	R378C	0	2	Feb 03, 2026	382065
SLC38A8	S305P	1	2	Apr 08, 2020	383461
PMM2	L104V	1	2	Mar 13, 2024	379257
ANKRD11	A181T	0	2	Oct 29, 2024	383394
ANKRD11	P2263S	0	2	May 09, 2026	380369
FOXN1	H321R	1	3	Jul 29, 2024	392379
COA8	P14A	0	2	Feb 03, 2026	379942
ELAC2	P32R	0	2	Jan 18, 2026	384867
SMARCA4	K865E	1	1	Sep 05, 2017	391724
SMARCA4	D1127G	1	1	Nov 21, 2016	381629
DYRK1A	S302F	1	2	Jan 06, 2017	381574
DYRK1A	T347A	0	2	May 01, 2026	383473
UQCRC2	R183Q	0	2	Jan 26, 2026	380582
UQCRC2	R254H	0	2	Feb 03, 2026	380590
ALG1	M112L	0	2	Feb 03, 2026	384254
GRIN2A	Q1134K	0	2	Jan 17, 2026	386177
GRIN2A	S912C	0	2	Jun 04, 2024	384088
NDP	F89L	1	1	Dec 06, 2016	378238
IQSEC2	A836V	1	2	Mar 19, 2025	377978
IQSEC2	P725L	0	2	Nov 09, 2025	390034
COL4A5	G1202C	1	2	Aug 01, 2025	384756
SMARCA4	K1024E	1	1	Jan 06, 2017	392613
IQSEC2	A1324T	0	2	Jan 12, 2026	384373
KDM5C	G875S	0	1	Mar 10, 2020	392304
CHM	R367Q	0	2	Jan 14, 2026	379660
JAK3	R103C	1	2	Apr 29, 2026	384359
MGME1	S15C	0	2	Feb 03, 2026	380041
DYRK1A	M730L	0	2	Nov 09, 2025	384537
EP300	M1588T	1	2	Dec 12, 2019	383803
KDM6A	T778M	0	2	Jan 19, 2026	379452
IQSEC2	R995W	1	2	May 23, 2025	383534
IQSEC2	G193A	0	2	Dec 05, 2025	379876
IQSEC2	E63G	0	2	Dec 13, 2025	383983
CHM	S89C	0	2	Feb 01, 2026	377662
KLF11	E181K	0	2	Sep 26, 2025	393366
KLF11	R402Q	0	2	Oct 18, 2025	393369
LIG4	L774P	1	1	Jul 07, 2014	397529
SLC12A3	R642G	1	2	Apr 29, 2026	397523
KDM6A	L1252F	1	1	Dec 12, 2014	397533
IQSEC2	M826T	1	1	Nov 10, 2014	397526
PIGP	M1T	1	2	Nov 10, 2025	397551
COL4A5	G1170D	1	2	Jun 01, 2026	397601
ALDH7A1	I191V	1	2	Jun 04, 2025	402176
EPB41L1	R638C	1	1	-	402208
SLC26A4	F683S	1	2	Dec 09, 2025	402277
IGSF3	V900M	0	2	Mar 28, 2016	402968
FCGR3A	L66R	0	2	Apr 19, 2019	402857
SLC26A9	H748R	0	2	Mar 29, 2016	403452
C8A	R485L	0	2	Nov 24, 2025	402461
C8A	E561Q	0	2	Feb 03, 2026	402464
CRYGC	R48H	0	2	Jan 26, 2026	402565
RNF168	P401Q	0	2	Feb 04, 2026	403381
PALLD	M224I	0	2	Jul 30, 2020	403285
SLC34A2	D634G	0	2	Feb 03, 2026	403456
PALLD	M224T	0	2	Jul 30, 2020	403284
TRAF3IP2	H323Q	0	2	Feb 04, 2026	403565
AGGF1	E133K	0	2	Jan 01, 2026	402345
RINT1	S40C	0	2	Feb 03, 2026	403377
TRAF3IP2	R74W	0	2	Feb 04, 2026	403566
ODAD2	I343T	0	2	Feb 03, 2026	402396
LMF1	R351Q	0	2	Jan 26, 2026	403041
SLC12A3	A728T	0	2	Apr 01, 2026	403447
CARD14	R547S	0	2	Feb 04, 2026	402485
RTEL1	Q1042H	0	2	Feb 04, 2026	403402
CACNA1F	R508Q	0	2	Feb 01, 2026	402468
SMARCA4	G951R	1	2	Dec 18, 2023	403671
HNRNPU	G487A	0	2	Nov 25, 2025	406729
HNRNPU	T292I	0	2	Dec 15, 2025	406727
HNRNPU	K423R	0	2	Dec 16, 2025	414099
SCN1A	L1423V	1	1	Jul 12, 2022	408936
SCN1A	N1055K	0	1	Feb 15, 2020	408925
MBD5	P1294L	0	2	Jan 05, 2026	406454
SCN1A	I252T	1	1	Apr 05, 2024	408928
MUTYH	L360P	1	2	Oct 14, 2025	406845
SCN1A	C1354F	1	1	May 24, 2016	408922
MBD5	V759M	0	2	Jul 09, 2025	406457
SCN1A	S1773Y	1	1	Jun 20, 2022	408934
SCN1A	M1664T	1	1	May 15, 2017	408926
SCN1A	R612Q	0	1	May 23, 2024	408923
SCN1A	V309D	0	1	Mar 05, 2024	408933
SCN1A	I1922S	1	1	Jul 06, 2023	408935
COL3A1	G399A	1	1	Sep 13, 2018	404290
COL3A1	G315V	1	1	Aug 10, 2016	404297
COL3A1	G1086V	1	1	Aug 08, 2016	404304
COL3A1	G771D	1	1	Aug 25, 2016	404287
PHOX2B	S24P	0	2	Jun 23, 2025	413921
HCN1	S651W	0	1	Dec 16, 2024	404094
ALDH7A1	A177E	1	2	Apr 29, 2026	410537
HCN1	P42S	0	2	Mar 01, 2026	404100
NSD1	A2594T	0	2	Nov 03, 2025	407359
NSD1	R2633W	0	1	Dec 06, 2022	407356
RINT1	Y726H	0	2	Mar 27, 2025	416403
HCN1	R854P	0	1	Feb 24, 2025	404095
HCN1	H53Q	0	2	Jan 19, 2026	404099
HCN1	A23V	0	1	Nov 28, 2025	404097
PRKN	G284R	1	2	Jan 26, 2026	409266
PRKN	M192L	0	2	Jan 25, 2026	415531
GABRG2	G354V	1	2	Sep 02, 2022	408211
RINT1	E507D	0	2	May 29, 2024	416380
HCN1	P43L	0	1	Oct 23, 2025	404096
BRAF	I326V	0	3	Apr 18, 2017	417225
RINT1	P246T	0	2	Nov 03, 2025	410790
RINT1	K361R	0	2	Dec 19, 2025	410794
GATA4	A75S	0	1	Dec 25, 2025	404066
GATA4	P395T	0	2	Jan 09, 2026	412737
GATA4	A443G	0	2	Dec 24, 2025	404064
WASHC5	G696S	1	2	Feb 12, 2025	410079
NOTCH1	S2364G	0	2	Jan 07, 2026	409085
NOTCH1	D1836N	0	2	Jan 28, 2026	415395
NOTCH1	R2159C	0	1	Dec 22, 2025	409068
NOTCH1	P835S	0	1	Jun 27, 2025	409042
NOTCH1	S2121N	0	1	Dec 06, 2022	409052
NOTCH1	G936S	0	1	Jul 07, 2023	409041
NOTCH1	H523Y	0	2	May 03, 2025	415384
ODAD2	A1041S	0	2	Feb 02, 2026	417179
ODAD2	Q410E	0	2	Feb 14, 2024	412249
ODAD2	S195C	0	2	Feb 01, 2026	412242
NOTCH1	T2076I	0	2	May 28, 2024	409056
NOTCH1	D809N	0	1	Oct 07, 2023	409069
ODAD2	N935K	0	2	Jan 24, 2026	417172
ODAD2	K552Q	0	2	Jan 21, 2026	417176
ODAD2	D204E	0	2	Jan 22, 2026	417178
ODAD2	S403T	0	2	Jan 20, 2025	412248
BUB1B	L258F	0	2	Dec 30, 2025	403745
MYH11	N1899S	0	2	Feb 02, 2026	413425
GRIN2A	S892G	0	1	Nov 22, 2022	411289
ODAD3	G501S	0	2	Feb 01, 2026	414140
ODAD3	T49P	0	2	Feb 03, 2026	414144
ODAD1	D270N	0	2	Feb 01, 2026	413797
TRPM4	P845L	0	2	Feb 01, 2026	409640
ODAD1	R189C	0	2	Jan 02, 2026	413799
SMARCA4	P169S	0	2	Jan 25, 2026	408689
TRPM4	R518G	0	2	Nov 16, 2025	409634
ODAD3	L142V	0	2	Feb 01, 2026	414138
SMARCB1	R53L	1	2	Jul 30, 2025	410706
TRPM4	S1143G	0	2	Jan 26, 2026	415727
PCDH19	P236R	1	2	Sep 17, 2022	408904
GPC3	K123E	0	2	Dec 17, 2025	408886
GPC3	R120H	0	2	Feb 03, 2026	415271
GPC3	R388G	0	2	Jun 11, 2025	408893
GPC3	H377R	0	1	Jun 01, 2019	408891
GPC3	R297G	0	2	Jan 05, 2026	415278
GATA1	N160S	0	1	Nov 06, 2025	406678
GPC3	H328R	0	1	Oct 09, 2023	408894
GPC3	G346V	0	1	Jul 31, 2025	408890
SLC26A4	T99R	1	1	Feb 16, 2024	417623
INPP5K	V23M	1	1	-	417780
INPP5K	G140S	1	1	Nov 01, 2022	417783
SLC12A3	P643L	1	2	Apr 29, 2026	417863
SLC12A3	R955Q	1	2	Dec 16, 2025	417864
LBR	R583L	1	1	Aug 13, 2015	419545
LBR	R512Q	1	2	Sep 11, 2025	424332
MBD5	V412I	0	2	Feb 03, 2026	420374
SCN1A	F1831C	1	1	Jul 09, 2015	419333
SCN1A	P1759S	1	1	Mar 16, 2016	420677
SCN1A	F1707L	1	1	Mar 08, 2017	421189
SCN1A	A1685P	1	1	Apr 19, 2017	420824
SCN1A	T1658P	1	2	Feb 07, 2017	420883
SCN1A	S1471Y	1	2	Jan 06, 2026	418709
SCN1A	G1371R	1	1	Jul 29, 2016	421697
SCN1A	V1366L	1	2	Mar 28, 2025	418476
SCN1A	K1313T	1	1	Jul 12, 2016	421599
SCN1A	H933Q	1	1	Sep 29, 2016	422369
SCN1A	Q910R	1	2	Jan 06, 2026	422367
SCN1A	I882F	1	1	Mar 27, 2017	424525
SCN1A	Y545H	1	1	Aug 10, 2026	421106
SCN1A	R500W	0	3	Nov 25, 2025	418475
SCN1A	L170P	1	1	Nov 30, 2015	418590
SCN1A	L117P	1	2	Oct 30, 2024	423370
COL3A1	G402S	1	1	Aug 11, 2025	424523
COL3A1	G408R	1	1	Mar 14, 2018	420551
COL3A1	G861D	1	1	Feb 14, 2017	423515
COL3A1	G1167S	1	1	Aug 04, 2015	419652
STAT1	L351F	1	1	May 09, 2016	421168
STAT1	P251L	1	1	Nov 02, 2016	422527
HDAC4	P248L	1	2	Oct 08, 2024	424498
STAMBP	H77R	1	2	Nov 15, 2022	424125
STAMBP	C311F	1	1	Mar 24, 2017	424114
STAMBP	T313I	1	1	Mar 24, 2017	420170
ATP2C1	K589R	1	1	Aug 06, 2018	421924
CACNA1D	A749T	1	1	Feb 28, 2018	421144
PURA	P24A	1	1	Jun 21, 2016	421476
PURA	I68V	1	1	Jan 23, 2018	422197
PURA	P191L	1	2	Jun 24, 2022	421477
CSF1R	L817Q	1	1	Aug 10, 2016	421705
NSD1	H1638Y	1	2	May 20, 2024	423674
NSD1	A1841P	1	1	Oct 10, 2016	422343
NSD1	R1939C	1	1	Mar 10, 2017	423903
NSD1	V1968A	1	1	May 27, 2016	421325
NSD1	G2010D	1	1	Mar 06, 2017	422150
NSD1	C2138R	1	1	Sep 29, 2016	422366
MEF2C	R401C	1	1	Jun 20, 2025	424592
HSPB1	T139M	1	2	Jul 18, 2025	421350
DNM1	A182D	1	1	Aug 01, 2016	421787
DNM1	G346V	1	1	Jul 09, 2019	421089
DNM1	G358W	1	1	Nov 23, 2016	420978
DNM1	Y390S	1	1	Aug 29, 2016	422075
DNM1	G771A	1	1	Apr 04, 2016	420895
NOTCH1	C1374F	1	1	Mar 17, 2017	424223
FGFR2	I642K	1	1	Feb 09, 2017	423420
FGFR2	Y381C	1	1	Feb 22, 2017	423481
ERCC6	L549P	1	1	Sep 09, 2016	422107
SERPING1	P171L	1	1	Feb 20, 2018	418660
NDUFV1	R386C	1	2	May 04, 2025	419230
MTRFR	C95R	1	1	Feb 27, 2015	418100
ATL1	G409C	1	2	Oct 01, 2022	421566
TPM1	E97Q	1	1	May 13, 2014	418523
MTFMT	Y118C	1	1	Jun 30, 2014	418335
MYH11	V1879I	0	2	Jan 28, 2026	418581
CREBBP	L2330F	1	1	Feb 15, 2017	423615
CREBBP	H1857P	1	1	Sep 19, 2016	422204
CREBBP	N1789T	1	1	May 10, 2016	421180
CREBBP	L1779P	1	2	Jan 01, 2024	423487
CREBBP	C1707S	1	1	Jun 01, 2016	421366
CREBBP	I1453T	1	1	May 23, 2016	421310
CREBBP	A1395D	1	1	Mar 16, 2017	424384
PMM2	P113T	1	2	Nov 03, 2025	420784
ANKRD11	P2494T	1	1	Aug 05, 2016	421226
ANKRD11	R2452C	1	1	Sep 17, 2025	422001
GRIN2A	M817R	1	2	Jan 01, 2019	423745
GRIN2A	S809R	1	2	Jan 01, 2019	422235
GRIN2A	T513I	1	2	Apr 15, 2024	424392
SMARCE1	W104S	1	1	Mar 07, 2017	424096
CHD3	R966W	1	2	Jun 03, 2026	422607
MIB1	R89C	1	1	Jul 01, 2015	418296
SMARCA4	S813L	1	2	Sep 01, 2018	421389
SMARCA4	R885H	1	2	May 27, 2024	420093
SMARCA4	R978G	1	1	Jan 25, 2017	423132
SMARCA4	I1214T	1	1	Mar 20, 2017	424260
SMARCA4	R1243Q	1	1	Jun 14, 2016	421473
JAK3	R925S	0	3	Nov 14, 2023	418267
JAK3	R142C	1	1	Feb 11, 2015	418266
DYRK1A	G159D	1	2	Dec 18, 2021	423407
DYRK1A	A268P	1	1	Aug 08, 2016	421881
DYRK1A	R316H	1	1	Apr 05, 2021	424348
ADA2	G358R	1	2	Oct 21, 2025	420337
EP300	M1339T	1	1	Sep 09, 2016	422178
PCDH19	Y458H	1	1	Aug 25, 2016	420879
PCDH19	C99S	1	1	Jul 12, 2016	421597
PCDH19	A43V	1	1	Aug 22, 2016	422031
PCDH19	E31V	1	1	Oct 18, 2016	422522
DCX	G223R	1	1	Nov 29, 2025	422444
ABCD1	T632I	1	2	Jun 12, 2026	419446
KDM6A	W1279R	1	1	May 19, 2016	421283
KDM5C	H514L	1	2	Sep 03, 2025	419589
POU3F4	G216E	1	1	Oct 13, 2016	422492
LPL	C302R	1	1	Jun 01, 2016	424622
CSF1R	R782L	1	1	Dec 31, 2016	425361
THAP1	S21F	1	2	Oct 06, 2024	425441
SCN1A	A1792D	1	1	Jun 29, 2015	427073
SCN1A	M1780V	1	1	Jun 23, 2015	427080
SCN1A	G1757E	1	2	Mar 15, 2022	427057
SCN1A	V1481I	1	2	Apr 20, 2020	426175
SCN1A	L273P	1	1	Jul 01, 2016	427002
COL3A1	G918R	1	2	Nov 01, 2016	427009
COL3A1	G999V	1	1	Jun 04, 2015	427110
STAT1	D292E	1	2	May 28, 2019	426484
CLCN2	G24D	1	2	Dec 22, 2017	427066
ALDH7A1	P197S	1	2	Apr 29, 2026	426363
ALDH7A1	R110G	1	1	Sep 08, 2022	426361
NSD1	R1984P	1	1	Apr 10, 2017	426653
NSD1	L1999P	1	1	Aug 19, 2015	427023
ASL	Q326H	1	2	Jun 23, 2025	426324
NDUFAF6	M1T	1	2	Aug 07, 2026	426457
INPP5E	R621W	1	2	Mar 04, 2025	426904
KCNC1	V425M	1	2	Sep 23, 2024	426760
SERPING1	R466P	1	1	Apr 28, 2017	426171
GRIN2A	G532V	1	2	Jan 01, 2019	427106
SMARCE1	W94R	1	1	Jul 22, 2015	427050
SMARCA4	R967P	1	1	Apr 06, 2017	426736
SMARCA4	A1186T	1	1	Apr 20, 2017	426308
EP300	D1217N	1	1	Aug 10, 2015	427031
PCDH19	D121N	1	2	Feb 13, 2025	427126
DCX	A251D	1	1	Jul 28, 2015	427044
IQSEC2	A1402T	0	2	Feb 18, 2024	426456
HPS5	R240P	1	1	Apr 25, 2024	427884
CFAP410	R73P	1	2	Apr 07, 2026	428573
CFAP410	Y107H	1	1	Jul 01, 2024	428580
CFAP410	P116L	1	2	Oct 03, 2025	428581
CFAP410	V111M	1	2	Oct 23, 2024	428582
VPS45	P468L	1	1	Jan 18, 2016	430321
SCN1A	I1867T	1	2	Aug 12, 2024	430087
SCN1A	F1718S	1	1	May 22, 2017	430125
SCN1A	L1667P	1	2	Dec 09, 2021	430088
SCN1A	L1660P	1	2	Aug 10, 2022	429924
SCN1A	R1642S	1	1	Mar 14, 2022	429766
SCN1A	D1544H	1	1	Aug 07, 2015	429417
SCN1A	M1435K	1	1	May 03, 2016	429665
SCN1A	N1378T	1	2	Aug 24, 2023	430089
SCN1A	C1354R	1	1	Sep 24, 2015	429569
SCN1A	T363P	1	2	Jul 24, 2020	429575
COL3A1	G741C	1	2	Aug 30, 2017	429978
ALDH7A1	V481E	1	1	Sep 14, 2015	429572
NSD1	E2053A	1	1	Jan 26, 2018	429327
BCKDHB	G187D	1	1	Apr 13, 2017	429468
KRIT1	A527T	1	1	Aug 20, 2019	430226
DNM1	K44N	1	1	Jul 12, 2016	430565
DNM1	L285Q	1	2	Aug 06, 2025	430274
ASS1	E283K	1	2	Apr 29, 2026	430139
PRDM12	F271V	1	1	May 23, 2017	430206
RIGI	L639P	1	1	Jan 02, 2020	429298
LIG4	G303R	1	2	Dec 28, 2023	429520
NKX2-1	M1L	1	1	May 19, 2017	430345
IGF1R	S621L	1	1	Sep 10, 2015	429770
CREBBP	R1867Q	1	2	Feb 08, 2026	429336
ANKRD11	R2452G	1	2	May 09, 2019	429712
ALDH3A2	Y279N	1	2	Jul 18, 2025	430161
ERCC2	R636W	1	2	Nov 19, 2024	430093
DYRK1A	R43C	0	2	Sep 02, 2025	430291
DYRK1A	D169G	1	2	Feb 02, 2024	430259
PCDH19	N340T	1	2	Nov 29, 2022	429996
COL4A5	G1137D	1	2	Mar 05, 2025	430135
ABCD1	R189W	1	2	Dec 31, 2025	430349
ABCD1	T254M	1	2	Jul 09, 2025	430026
CLCN5	G536V	1	1	Aug 28, 2015	429605
CLCN5	T599I	1	1	Nov 03, 2015	429927
ADA2	V349I	0	2	Jun 01, 2026	430693
CYFIP2	R87C	1	2	Dec 08, 2025	430807
NPHS1	V736M	1	1	Feb 12, 2024	430877
GATA2	T176P	1	1	-	430908
CAMK2B	K301E	1	2	Feb 20, 2026	430925
CAMK2B	E237K	1	2	Nov 25, 2024	430923
CAMK2B	P139L	1	2	Feb 03, 2026	430922
CAMK2B	E110K	1	2	Sep 08, 2022	430921
KRAS	K147R	1	1	Aug 01, 2017	431103
CAMTA1	R955W	1	1	Jan 06, 2017	431151
NDUFV1	F373S	1	1	-	431452
CSTB	G4W	1	1	-	431700
SCN1A	M1511R	1	1	Jun 20, 2015	431865
SCN1A	V244A	1	1	Jan 11, 2023	432892
SCN1A	I122M	1	1	May 22, 2018	432616
ATP2C1	N738S	1	2	Feb 26, 2025	432124
PURA	L75P	1	1	Jul 13, 2016	432206
GABRG2	F343L	1	1	Jun 22, 2017	432901
NSD1	E1970D	1	1	Jun 01, 2017	431827
BCKDHB	G102A	1	1	Nov 07, 2023	432178
DNM1	K535E	1	1	Jun 13, 2016	432194
ASS1	F391L	1	2	Jul 17, 2025	432044
SERPING1	L251P	1	2	Aug 12, 2024	432141
KRT1	L485F	1	2	May 26, 2023	432078
KRT1	A450D	1	1	Jun 01, 2016	432177
KRT1	A192P	1	1	Nov 19, 2015	432026
GRIN2A	Q1265H	0	2	May 30, 2025	431861
GRIN2A	T646R	1	1	Nov 25, 2015	432031
SMARCA4	C891Y	1	1	May 12, 2016	432165
JAK3	D144V	1	2	Mar 01, 2024	432225
TBX1	A475V	0	2	Jan 30, 2026	431834
COL4A5	G227S	1	1	Jun 09, 2017	431809
KDM5C	Y30C	1	1	May 24, 2017	431823
GABRG2	G257R	1	2	Jan 05, 2026	433102
GRIN2A	P79R	1	2	Mar 29, 2022	433130
GRIN2A	A727T	1	2	Sep 05, 2023	433124
GRIN2A	P699S	1	1	Jan 01, 2019	433125
GRIN2A	C436R	1	2	Nov 01, 2024	433127
GRIN2A	C231Y	1	1	Jan 01, 2019	433129
COL4A5	G141S	1	1	Jun 07, 2017	433187
ZMPSTE24	M3T	0	2	Jun 22, 2025	437336
CAMTA1	S339G	0	1	Jul 11, 2016	434564
SCN1A	H939D	1	1	Dec 15, 2015	436651
GATA2	R361G	1	2	Jul 06, 2021	435282
LMOD3	L85M	0	2	Dec 29, 2022	435782
LMOD3	M84I	0	2	Dec 29, 2022	435783
NSD1	I1976T	1	2	Nov 22, 2022	436064
NSD1	I2007T	1	2	Jul 10, 2022	436065
KCNJ11	R136C	1	2	Sep 15, 2025	435558
WASHC4	A289V	0	2	Dec 31, 2019	435575
NKX2-1	P150A	0	1	Nov 17, 2017	436017
L2HGDH	Y195C	1	1	Jan 28, 2016	435700
L2HGDH	T46I	0	2	May 18, 2026	435697
ANKRD11	A2266V	0	2	Mar 01, 2026	434193
RAI1	P890L	0	2	Nov 11, 2025	436496
RAI1	Q1509R	0	2	Feb 02, 2026	436501
RAI1	P1755H	0	2	Sep 07, 2022	436503
SMARCA4	R1043W	1	2	Apr 04, 2024	436813
BLOC1S3	R164H	0	2	Jan 20, 2026	434515
TGM6	R342Q	0	2	Sep 01, 2025	437002
EPB41L1	S75L	0	1	Mar 04, 2016	435071
EPB41L1	R645Q	0	2	Dec 31, 2019	435069
RTEL1	P17S	1	1	Oct 11, 2016	436596
RTEL1	R576H	0	2	Feb 01, 2026	436584
RTEL1	E966D	0	2	Feb 01, 2026	436574
RTEL1	P992L	0	2	Feb 01, 2026	436575
RTEL1	Q1019R	0	2	Feb 03, 2026	436577
DYRK1A	S273N	0	2	Aug 30, 2025	435010
DCX	V182F	1	2	Sep 01, 2022	434901
GATA1	P38L	0	2	Dec 27, 2025	435275
IQSEC2	R531P	0	2	Dec 11, 2025	435521
DYRK1A	D278V	1	2	Oct 23, 2020	437414
STAG1	R216G	1	2	Jan 01, 2026	437898
STAG1	R373Q	1	2	Oct 11, 2022	437899
SLC12A3	R852C	1	2	Mar 26, 2026	437926
DYRK1A	Y318C	1	1	Feb 16, 2016	438288
DCX	Y64N	1	1	Sep 01, 2017	438585
DPF2	C276F	1	1	Sep 14, 2017	438643
COL4A5	G183S	1	1	Sep 30, 2025	438706
KRAS	S65I	1	3	May 18, 2020	438796
COL4A5	G267V	1	1	Sep 01, 2016	439519
COL4A5	G899D	1	2	Jun 12, 2025	439521
COL4A5	G941R	1	2	Oct 20, 2025	439523
DISP1	V1261M	0	2	Jan 08, 2026	439601
ORAI1	S97C	1	1	May 04, 2022	440860
WDR37	T125I	1	2	Aug 01, 2019	440948
MTFMT	F58I	0	2	Jan 27, 2026	440931
CLCN2	R172Q	1	2	Oct 07, 2025	441164
MRAP	M1V	1	1	Sep 30, 2017	444067
C8A	D129N	0	2	Feb 02, 2026	444168
COL11A1	E513Q	0	1	Nov 01, 2021	444176
SCN1A	L1309R	1	1	Mar 01, 2017	444532
SCN1A	V250E	1	2	Dec 27, 2019	444533
SCN1A	A223P	1	1	Apr 01, 2017	444534
COL3A1	G1017R	1	2	Jan 27, 2020	444545
JAGN1	M1V	0	2	Jan 26, 2026	444596
COL4A5	G1492V	1	2	Nov 26, 2021	444822
TWIST1	E117G	1	1	Sep 30, 2023	444876
RAC1	C18Y	1	1	Nov 11, 2023	445280
RAC1	N39S	1	2	Apr 22, 2025	445281
RAC1	C157Y	1	1	Oct 09, 2019	445282
RAC1	Y64D	1	2	Dec 11, 2025	445283
RAC1	V51M	1	2	Jun 28, 2025	445284
RAC1	V51L	1	1	Mar 09, 2023	445285
SLC6A19	R14Q	0	2	Jan 28, 2026	445301
ANKRD11	R2249C	0	2	Sep 17, 2025	445313
ERCC6	T1220I	0	2	Feb 02, 2026	445426
SOS2	P191R	0	2	Mar 01, 2026	445489
TTC7A	Q377E	0	2	Feb 04, 2026	445493
ANKRD11	S739L	0	2	Sep 06, 2024	445552
TTC7A	R188L	0	2	Jan 28, 2026	445631
GRIN2A	G753A	1	1	Aug 29, 2017	445656
RIGI	E773K	0	2	Jan 23, 2026	445727
DNAJC6	L486F	0	2	Jan 14, 2026	445731
AFF2	G547D	0	2	Sep 01, 2023	445777
DNA2	Q905K	0	2	May 01, 2026	445782
ESPN	P570L	0	2	Jan 28, 2026	445819
SOS2	L672I	0	2	Feb 03, 2026	445827
DHTKD1	A517V	0	2	Jan 22, 2026	445842
STS	S577R	0	2	Jan 04, 2026	445889
EPB41L1	R474G	0	1	Jun 05, 2017	445915
NSD1	D1103N	0	2	Aug 23, 2022	445934
ERCC6	V959L	0	2	Mar 01, 2026	445943
ANKRD11	D1696E	0	2	May 01, 2026	445952
TRH	R83H	0	2	Aug 20, 2018	445972
COL4A5	P1050S	0	2	Jan 14, 2026	446016
VANGL1	K108R	0	2	Jun 01, 2022	446031
ANKRD11	E1413K	0	2	May 21, 2026	446079
HNRNPU	K28R	0	2	Feb 01, 2026	446406
SLC26A4	S28G	1	1	Jul 01, 2017	446459
SLC26A4	P76S	1	2	Nov 25, 2023	446451
SLC26A4	N392Y	1	2	Dec 09, 2025	446453
SLC26A4	T527P	1	2	May 16, 2024	446454
SLC26A4	Y556C	1	2	Sep 12, 2025	446456
SLC26A4	D669E	1	2	Jul 07, 2025	446461
SLC26A4	F692L	1	1	Jul 01, 2017	446462
LBR	G392R	1	1	Sep 11, 2025	446676
DYNC2I2	R182W	1	2	Jul 24, 2025	446625
IGF1R	E121K	1	1	Feb 23, 2023	446754
SCN1A	R101L	1	1	Dec 16, 2016	448251
TRAPPC11	A716G	0	2	Jan 29, 2026	448695
TRAPPC11	P1031R	0	2	Jan 25, 2026	448698
HSPB1	T180I	1	2	May 04, 2025	447531
THAP1	D141N	0	2	Oct 18, 2024	448685
ATL1	Q188R	1	1	Sep 22, 2016	446867
ATL1	G410R	1	2	May 25, 2022	446865
SLC12A3	A313V	1	2	Apr 29, 2026	448400
SLC12A3	C985Y	1	2	Jan 25, 2026	448395
ANKRD11	A1733V	0	2	Dec 21, 2025	446827
TTR	A65V	1	2	Jun 03, 2025	448841
TTR	E74Q	1	2	Aug 19, 2025	448842
EEF2	G95S	0	2	May 13, 2024	447303
TGM6	R127W	0	2	Jan 13, 2026	448675
TGM6	R127Q	0	2	Dec 16, 2025	448676
TGM6	V168M	0	2	Dec 24, 2025	448677
TGM6	R434H	0	2	Sep 30, 2024	448667
PCDH19	D233Y	1	2	Apr 08, 2021	447920
COL4A5	G135D	1	1	Mar 31, 2017	447209
COL4A5	G171R	1	2	Apr 29, 2026	447213
COL4A5	G420R	1	2	Mar 16, 2024	447199
COL4A5	G805E	1	2	May 12, 2022	447200
COL4A5	G1080R	1	1	Sep 13, 2016	447204
COL4A5	G1143C	1	2	Apr 04, 2024	447205
CYP21A2	R92G	1	2	Jul 22, 2025	448906
CYP21A2	S373N	1	2	Mar 10, 2021	448899
CYP21A2	I379N	1	1	Aug 01, 2017	448904
BRAF	R384G	0	3	Apr 18, 2017	448924
COL11A1	G1513D	1	2	Apr 08, 2025	449528
MUTYH	R246W	1	2	Nov 03, 2025	449417
MBD5	A110T	0	1	Nov 25, 2020	451107
SCN1A	F1765C	1	1	Oct 13, 2017	452613
SCN1A	T1722A	1	2	Dec 31, 2024	449130
SCN1A	N1391S	1	1	Jan 24, 2025	449374
SCN1A	D1288H	1	1	Mar 06, 2019	451870
SCN1A	C1185R	1	1	Jun 26, 2017	449127
SCN1A	H939Q	1	1	Nov 25, 2020	451108
SCN1A	A889T	1	2	Nov 28, 2022	452271
SCN1A	I138S	1	2	Jul 27, 2026	449901
COL3A1	G1026V	1	1	Nov 12, 2019	451054
COL3A1	L1392R	1	1	Oct 20, 2017	452922
STAT1	N355D	1	1	Jul 29, 2020	449830
STAT1	K173I	1	1	Aug 18, 2017	451429
HDAC4	F876L	1	1	Jul 12, 2017	450529
STAG1	E157K	1	1	Jun 30, 2022	451354
SOX2	R43W	1	1	May 02, 2017	449939
TRAPPC11	K876R	1	1	Jul 26, 2017	450745
PURA	I88T	1	1	Sep 15, 2017	450377
PURA	K144N	1	1	Apr 10, 2017	449824
NSD1	C1895R	1	1	Aug 23, 2017	451223
NSD1	N2057S	1	1	Nov 11, 2024	449076
NHLRC1	V55G	1	1	Aug 24, 2017	451261
KRIT1	V244L	1	1	May 19, 2023	449498
EXT1	R341W	1	2	Nov 29, 2022	451765
EXT1	R341G	1	2	Sep 08, 2025	449478
EXT1	G268R	1	2	Apr 29, 2021	449481
NOTCH1	T1344M	0	2	Jan 12, 2026	449810
FGFR2	Y340C	1	2	Jan 01, 2025	449398
FGFR2	Y105C	1	2	Sep 24, 2025	449024
DNA2	C718F	0	2	Jun 01, 2026	449651
HSPB8	E167K	0	2	Oct 20, 2025	450945
KRAS	G15V	1	1	Oct 10, 2017	452631
L2HGDH	I185F	1	1	Oct 05, 2017	452358
ATL1	F402L	1	2	Apr 14, 2025	452665
CREBBP	N1248I	1	1	Sep 12, 2017	451588
ANKRD11	K2146Q	1	1	May 01, 2017	449957
GRIN2A	P140L	0	2	Oct 02, 2025	449195
RAI1	C1690Y	1	1	Jun 26, 2017	450017
CHRNB1	R243C	1	2	Jan 11, 2026	448999
ITGB4	P200H	1	1	Jul 20, 2017	450543
SMARCA4	C936S	1	1	Oct 04, 2017	452481
SMARCA4	R1203H	1	2	Aug 25, 2025	449452
SMARCA4	E1242K	1	1	Mar 13, 2025	450008
DYRK1A	T579P	0	2	Nov 12, 2025	449735
EP300	C1692R	1	1	Jul 20, 2017	450583
EP300	C1692G	1	1	Sep 12, 2017	451791
PCDH19	P567L	1	2	Jun 17, 2022	449356
PCDH19	Y490S	1	1	Aug 10, 2017	451251
PCDH19	N234S	1	1	Sep 05, 2017	449357
PCDH19	R198L	1	2	May 21, 2025	449358
COL4A5	G192W	1	2	Nov 06, 2021	452664
COL4A5	G195V	1	2	Sep 30, 2023	451889
COL4A5	G524C	1	1	Apr 01, 2021	452626
COL4A5	G1220V	1	1	Oct 25, 2017	453113
DCX	G253R	1	1	Jul 24, 2017	450436
IQSEC2	V1488A	1	1	Oct 31, 2024	449855
STS	G370A	1	1	Mar 25, 2024	450562
SLC16A2	R297S	1	1	Sep 22, 2017	449964
AGRN	P165L	0	2	Dec 30, 2025	474141
AGRN	R2040Q	0	2	Dec 01, 2025	474168
AGRN	R400W	0	2	Jan 11, 2026	474098
AGRN	R1309Q	0	2	Dec 22, 2025	474128
TNFRSF4	V207M	0	2	Mar 01, 2026	474797
RORC	S250N	0	2	Apr 01, 2026	475713
TNFRSF4	L98P	0	1	Jan 18, 2026	474795
TNFRSF4	R10C	0	2	Mar 30, 2026	474794
VPS45	I82M	0	2	Feb 03, 2026	474244
COG2	N304K	0	2	Jan 27, 2026	478371
SELENON	R435Q	1	2	Dec 27, 2024	461629
SELENON	M1R	1	2	Aug 13, 2024	461632
MUTYH	R81P	1	2	Mar 04, 2025	464711
NMNAT1	L239S	1	2	Nov 27, 2023	464670
MBD5	G724R	0	1	Jan 21, 2026	468773
MBD5	S530N	0	2	Oct 21, 2024	468771
MBD5	F168L	0	2	Jan 28, 2026	468784
SCN1A	S1723P	1	1	Sep 01, 2022	461279
SCN1A	A1343S	1	2	Jun 20, 2023	461268
SCN1A	I978T	1	1	Jan 23, 2025	461258
PXDN	V941M	0	1	Jun 18, 2025	471913
SCN1A	V1680D	1	1	Sep 01, 2022	461278
SCN1A	A1370V	1	1	Jul 29, 2022	461269
SCN1A	L890P	1	1	Aug 31, 2021	461256
PXDN	R1198Q	0	2	Feb 01, 2026	471915
SCN1A	C1588Y	1	2	Jul 07, 2025	461276
SCN1A	G1725D	1	1	Jul 06, 2017	461280
SCN1A	V983I	1	1	Apr 19, 2018	461261
SCN1A	M956I	1	1	Nov 21, 2022	461257
SCN1A	T841R	1	1	Nov 30, 2021	461252
SCN1A	M1T	1	2	Jul 14, 2023	461262
SCN1A	C336W	1	1	Aug 21, 2017	461241
SCN1A	D194Y	1	1	Oct 11, 2017	461284
COL3A1	G921E	1	1	May 14, 2017	459778
COL3A1	G495E	1	1	Mar 07, 2023	459763
COL3A1	G1035S	1	2	Apr 21, 2023	459784
COL3A1	G1167D	1	2	Oct 13, 2024	459787
COL3A1	G1194D	1	1	Feb 01, 2018	459789
COL3A1	G207W	1	1	May 14, 2018	459795
COL3A1	R446H	0	2	May 13, 2025	459762
COL3A1	G1065E	1	2	Apr 01, 2024	459785
CRYGC	V86F	0	1	Nov 16, 2024	465773
CYP1B1	L432V	0	3	Nov 19, 2025	456637
ADAM17	R202G	0	2	Feb 04, 2026	472727
ADAM17	I50V	0	2	Jan 30, 2026	472722
SERPINI1	E330D	0	1	Dec 05, 2025	466624
ADAM17	A748V	0	2	Jan 26, 2026	472726
GATA2	R396Q	1	2	Oct 17, 2024	472437
GATA2	R361C	1	2	Sep 03, 2025	472431
TFG	T364P	0	2	Jan 25, 2026	466404
SERPINI1	A273T	0	2	Nov 02, 2025	466621
SERPINI1	K70E	0	2	Feb 03, 2026	466613
SERPINI1	R73C	0	2	Oct 11, 2025	466614
SERPINI1	V114M	0	2	Dec 30, 2025	466616
LMOD3	P552H	0	2	Jun 01, 2026	475310
LMOD3	R498Q	0	2	Jan 12, 2026	475307
LMOD3	K438M	0	2	Feb 01, 2026	475302
LMOD3	M419I	0	2	Jan 24, 2026	475298
LMOD3	E142D	0	2	Mar 01, 2026	475322
JAGN1	A135T	0	2	Feb 02, 2026	475248
LMOD3	P382S	0	2	Jan 22, 2026	475296
LMOD3	A560V	0	2	Feb 02, 2026	475312
LMOD3	Q409R	0	2	Jan 22, 2026	475297
LMOD3	G293D	0	2	Feb 02, 2026	475334
LMOD3	R83H	0	2	Feb 01, 2026	475315
LMOD3	N67S	0	1	Dec 15, 2025	475314
HNRNPDL	T119I	0	2	Feb 01, 2026	464388
JAGN1	I82V	0	2	Feb 04, 2026	475246
TRAPPC11	T1104A	0	2	Jan 25, 2026	474355
TRAPPC11	R1110H	0	2	Jan 29, 2026	474365
NSD1	A495T	0	2	Jul 15, 2021	454043
NSD1	P493A	0	2	Feb 07, 2025	454042
NSD1	H1096Y	0	2	Feb 01, 2026	454046
NSD1	Q2030P	1	1	Jul 31, 2017	454058
HCN1	P743A	0	2	Jan 11, 2026	461371
HCN1	R548H	0	1	Sep 07, 2017	461361
MEF2C	H444P	0	1	Oct 03, 2023	471459
PURA	A307V	0	1	Jul 28, 2017	475291
TRAF3IP2	P217T	0	2	Feb 01, 2026	474039
NSD1	P1726R	1	1	Apr 11, 2017	454055
NSD1	P2472S	0	1	Apr 07, 2023	454059
PRKN	P153R	0	2	Jan 19, 2026	468587
PRKN	Q34R	0	2	Feb 01, 2026	468584
HCN1	P87S	0	2	Dec 16, 2025	461373
HCN1	Y234F	1	1	Mar 12, 2024	461375
POT1	M251V	0	2	Jan 28, 2026	475100
PRKN	A46T	0	2	Jan 14, 2026	468586
BCKDHB	R168H	1	2	Apr 29, 2026	457149
POT1	I78T	1	2	Dec 29, 2025	475073
LFNG	P218L	0	1	Jun 24, 2025	465828
CFTR	P1021L	1	2	Nov 12, 2025	455774
POT1	G404V	0	2	Jun 01, 2026	475029
POT1	Q341R	0	2	Jan 13, 2026	475012
POT1	D42E	1	2	Oct 22, 2025	475035
ASL	I225M	1	1	Jun 17, 2023	459921
KRIT1	M1V	1	2	Jan 19, 2026	468215
EXT1	A331D	1	1	Oct 07, 2024	456065
GATA4	T356S	0	2	Jan 28, 2026	472768
WASHC5	S591P	1	2	Aug 03, 2021	463137
IKBKB	R526Q	0	2	Feb 04, 2026	474791
DNM1	T591M	0	2	Nov 23, 2025	476062
DNM1	R266H	0	1	Feb 05, 2024	476069
COQ4	G124S	1	2	Jan 25, 2026	476179
ASS1	G324V	1	2	Apr 01, 2025	458676
DYNC2I2	G356S	0	2	Apr 01, 2026	474844
ASS1	D124N	1	2	May 23, 2026	458673
ASS1	S180I	1	2	Apr 29, 2026	458674
PRDM12	A332E	0	2	Jan 02, 2026	475818
NOTCH1	R1107Q	0	2	Jan 27, 2026	477913
NOTCH1	E1789K	0	1	Mar 01, 2024	477944
DNM1	A250T	0	1	Oct 23, 2024	476068
NOTCH1	V776M	0	1	Dec 25, 2025	477895
DNM1	A787V	0	1	Apr 25, 2024	476063
NOTCH1	V2529I	0	2	Oct 01, 2025	477974
FGFR2	G384R	1	2	Nov 18, 2025	478046
FGFR2	A314S	1	2	Sep 04, 2026	478049
IL10RA	E454K	0	2	Jan 24, 2026	470619
CD3E	A108V	0	2	Jan 22, 2026	474802
IL10RA	T46A	0	2	Dec 31, 2025	470620
KCNC1	R228L	0	2	Jan 26, 2026	475358
CD3G	A22T	0	2	Feb 02, 2026	474800
STIM1	T535M	0	2	Jan 26, 2026	461721
STIM1	S644Y	0	2	Feb 01, 2026	461726
TBK1	V464A	0	2	Jun 01, 2026	475935
CARS2	V497I	0	2	Jan 28, 2026	475619
CARS2	G22R	0	2	Jan 28, 2026	475633
CNTN1	R977C	0	2	Dec 23, 2025	469422
SOS2	W1248C	0	2	Apr 01, 2026	475755
SOS2	T1030A	0	2	Nov 24, 2025	475751
ATL1	E353K	1	1	Oct 09, 2023	471244
CARS2	A41V	0	2	Jan 12, 2026	475617
SOS2	P1318S	0	2	Jan 01, 2026	475758
SOS2	L183F	0	2	Jan 28, 2026	475759
ATL1	R198S	1	1	May 01, 2018	471250
SOS2	L1277P	0	2	Mar 01, 2026	475757
SOS2	S1168Y	0	2	Jan 04, 2026	475753
SOS2	N749S	0	2	May 05, 2025	475744
CHSY1	K351R	0	2	Jan 29, 2026	466168
MYH11	D1757E	0	2	Jun 19, 2026	465748
MYH11	E11D	0	2	Jul 01, 2025	465723
FAH	G404S	1	2	Apr 29, 2026	459903
GAN	L125S	1	1	Dec 21, 2025	465396
GRIN2A	R1318Q	0	1	Nov 23, 2025	464062
GRIN2A	G760S	1	2	Aug 20, 2024	464051
MYH2	L1420F	0	2	Oct 28, 2025	465940
ELAC2	R464W	0	2	Jan 27, 2026	474559
FOXN1	C586Y	0	3	Jul 29, 2024	468551
CARD14	R597W	0	2	Feb 01, 2026	458090
MAP3K14	T255M	0	1	Jan 18, 2026	478061
CARD14	N237H	0	2	Jan 25, 2026	458108
STRADA	L170V	0	2	Mar 01, 2026	468884
BCKDHA	R117C	1	2	Apr 29, 2026	457143
CPT1C	A639T	0	2	Dec 21, 2025	476174
CARD14	S200I	0	2	Jan 27, 2026	458107
CARD14	E422K	0	2	Feb 03, 2026	458085
CARD14	P506L	0	2	Feb 03, 2026	458088
CARD14	C756Y	0	2	Jan 28, 2026	458095
BFSP1	G46A	0	2	Aug 04, 2025	474089
CARD14	R883H	0	2	Feb 02, 2026	458097
CARD14	R941Q	0	2	Jan 25, 2026	458099
CARD14	R962Q	0	2	Feb 01, 2026	458102
RTEL1	A929T	0	2	Feb 04, 2026	473914
COL6A2	G271V	1	2	Jan 15, 2026	476493
COL6A2	T948R	1	1	Feb 24, 2025	476477
TBX1	G319C	0	1	Dec 02, 2025	455794
BFSP1	E375D	0	2	Jan 04, 2026	474087
GPC3	R203H	0	2	Jan 26, 2026	476660
RTEL1	E941D	0	2	Feb 04, 2026	473916
ABCD1	R104H	1	2	Jun 13, 2025	458642
ABCD1	N148Y	1	1	Aug 01, 2017	458644
ABCD1	R591Q	1	2	Jan 23, 2026	458635
ABCD1	R660L	1	1	Jun 05, 2025	458637
COL6A2	G292R	1	1	Apr 08, 2022	476496
BFSP1	A592V	0	2	Jul 17, 2025	474090
BFSP1	N383S	0	1	Dec 09, 2025	474088
ODAD1	V568I	0	2	Dec 24, 2025	454967
ODAD1	D186Y	0	2	Jan 25, 2026	454972
DYRK1A	T742S	0	2	Jan 04, 2026	472249
PCDH19	D377V	1	1	Nov 05, 2020	465296
PCDH19	D90H	1	1	Jun 30, 2018	465301
TBX1	G415D	0	2	Mar 13, 2026	455789
VMA21	N61S	0	1	Jan 26, 2026	464819
RTEL1	R684Q	0	2	Mar 01, 2026	473912
RTEL1	P1034H	0	2	Feb 04, 2026	473917
SOD1	N87S	1	2	Dec 01, 2025	468253
IQSEC2	R778Q	0	2	Jan 23, 2026	471268
IQSEC2	G115C	0	2	Jan 28, 2026	471271
GPC3	M282V	0	2	May 21, 2024	476669
GPC3	R254L	0	2	Jul 14, 2025	476666
GPC3	R254Q	0	1	Jul 31, 2025	476665
COL6A2	V641M	0	1	May 01, 2025	476460
SLC16A2	V180I	0	2	Jan 21, 2026	458241
PCDH19	P1138S	0	2	Jan 02, 2026	465305
GPC3	R387Q	0	1	Jul 28, 2025	476641
GPC3	T243A	0	1	Feb 21, 2024	476664
GPC3	N195S	0	2	Jun 01, 2026	476659
GPC3	P21Q	0	1	Mar 21, 2024	476662
ABCD1	S98L	1	2	Jun 05, 2025	458641
ABCD1	Y174C	1	2	Apr 29, 2026	458646
IQSEC2	P215S	0	1	Sep 03, 2023	471276
MUTYH	A405T	0	1	Sep 09, 2025	483923
MUTYH	E350G	0	1	Aug 19, 2025	483919
MUTYH	L361R	1	1	Aug 15, 2025	483910
MUTYH	Q310L	0	1	Sep 09, 2025	485901
MUTYH	G434R	0	1	Sep 09, 2025	481816
MUTYH	Q323H	0	1	Jul 12, 2024	481813
MUTYH	Y152C	1	1	Aug 15, 2025	483914
MUTYH	R22S	0	1	Sep 09, 2025	481811
MUTYH	Q23K	0	1	Sep 09, 2025	481810
MUTYH	G9E	0	1	Sep 16, 2025	483933
CFTR	S549R	1	3	Mar 17, 2017	487375
SCN1A	V1784D	1	1	Aug 21, 2025	488186
SCN1A	I1347N	1	2	Jan 09, 2024	488378
NSD1	H1591Y	1	1	Oct 04, 2017	488392
ABCD1	R401W	1	2	Jul 09, 2025	488393
ELAC2	M343R	1	1	Nov 16, 2017	488503
ELAC2	E310A	1	1	Nov 16, 2017	488504
GRIN2A	T646A	1	2	Jan 01, 2019	488524
KCNC1	A421V	1	2	Jan 01, 2024	488536
PURA	M1V	1	2	Feb 23, 2024	489294
TUBB4B	R391H	1	2	Sep 15, 2021	492938
TUBB4B	R391C	1	2	Jan 17, 2025	492939
BCKDHA	G156D	1	1	Oct 01, 2017	493261
COL3A1	G195V	1	1	Jul 01, 2017	493305
COL6A2	R876H	1	2	Jul 10, 2026	493328
PRKN	M1V	1	2	Jan 02, 2023	493448
CAMK2B	A660T	0	2	Nov 01, 2025	493451
WASHC5	S591F	1	2	Dec 02, 2024	495056
GRIN2A	A818E	1	2	Jan 15, 2025	495226
SCN1A	Y165H	1	2	Jul 14, 2025	495270
SCN1A	P113R	1	1	Jan 01, 2018	495268
DNM1	Q148K	1	2	Oct 15, 2020	495249
PMM2	V43M	1	2	Mar 04, 2024	495321
COL3A1	G588S	1	2	Dec 10, 2021	495541
BCKDHB	G135R	1	2	Apr 29, 2026	496569
CFTR	T465N	1	2	Dec 22, 2025	495896
CFTR	F191V	1	3	Jan 10, 2020	495953
CFTR	I1023R	1	2	Jan 14, 2026	495923
ASL	I100T	1	2	Apr 29, 2026	495379
LPL	H71Q	0	2	Jan 28, 2026	495743
LPL	T379A	0	2	Feb 02, 2026	495741
APOA5	H321L	0	2	Sep 21, 2025	496500
APOA5	E255G	0	2	Aug 07, 2025	496498
APOA5	D37E	0	2	Feb 02, 2026	496494
APOA5	V153M	0	2	Mar 27, 2026	496496
CHEK1	I471V	0	2	Mar 03, 2016	496139
TTR	E82K	1	2	Aug 13, 2025	495841
PURA	R171G	1	2	Dec 30, 2025	496677
ABCD1	Y296S	1	1	Mar 23, 2017	496882
HSD17B10	R226Q	1	2	Oct 06, 2021	496894
ERCC6	P934T	1	2	May 21, 2025	496904
NDUFV1	R386H	1	2	Dec 02, 2025	496918
LRIT3	T481M	0	2	Feb 02, 2026	497895
COL11A1	G1516V	1	2	Nov 15, 2025	498797
PCARE	V615D	0	2	Jan 24, 2026	498856
COL6A2	G295R	1	2	Aug 31, 2021	498987
PEX11B	C153Y	0	2	Feb 01, 2026	500524
TMEM132E	R767Q	0	2	Jan 17, 2026	501073
MTTP	K184N	0	2	May 01, 2026	501124
EHHADH	R602Q	0	2	Aug 12, 2025	501138
EHHADH	N706I	0	2	Mar 01, 2026	501352
AGRN	H2025R	0	2	Jan 13, 2026	501491
KISS1	H90D	0	2	Dec 28, 2025	501504
EHHADH	S721G	0	1	May 09, 2017	501844
ATP8B1	R600Q	1	2	Apr 14, 2026	502324
COL6A2	G280S	1	1	Jun 02, 2017	502380
EHHADH	V90M	0	1	Jun 13, 2017	502533
CCDC50	V46I	0	1	Apr 08, 2016	504919
CACNA1D	A502T	0	2	Jan 27, 2026	505894
SLC26A4	A411P	1	2	Feb 09, 2025	504511
DYRK1A	S337F	1	2	Oct 01, 2025	505359
SLC12A3	A264G	0	2	Mar 23, 2026	504886
TRIOBP	E1495V	0	2	Jun 01, 2026	504689
TRIOBP	R1576C	0	2	Jan 05, 2026	506008
ESPN	R546C	0	2	Feb 02, 2026	508563
MBD5	L16I	0	2	Mar 12, 2025	516380
ESPN	Q236E	0	2	Jan 29, 2026	508587
ESPN	T429I	0	2	May 01, 2026	517052
SCN1A	R1213Q	0	2	Oct 23, 2025	516847
COL3A1	A1259V	0	2	Oct 09, 2025	516866
CCDC50	P233A	0	1	Feb 28, 2018	515257
NSD1	R525Q	0	2	Sep 19, 2025	516289
BDP1	I726L	0	2	Mar 01, 2023	509130
BDP1	G1180S	0	2	Jul 14, 2021	506538
BDP1	F1244I	0	2	Jul 14, 2021	508086
BDP1	T2580A	0	2	Sep 20, 2018	508148
BDP1	R504S	0	2	May 06, 2019	515793
BDP1	P1669Q	0	2	Sep 28, 2017	508601
BDP1	K2321R	0	2	Aug 30, 2018	508614
LAMA4	A41V	0	2	Nov 12, 2025	513916
BDP1	S213L	0	1	Aug 03, 2020	512221
BDP1	K722E	0	2	May 09, 2017	508134
BDP1	R757C	0	2	May 09, 2017	517819
BDP1	R1022K	0	2	May 06, 2019	515794
BDP1	I1264M	0	2	Jul 14, 2021	508087
BDP1	D38E	0	2	Jul 14, 2021	508084
BDP1	V778M	0	2	Jul 14, 2021	508085
BDP1	V1347M	0	2	Jul 14, 2021	508088
BDP1	K1469E	0	2	Jul 14, 2021	508127
BDP1	Q1676E	0	2	Jul 02, 2019	508592
BDP1	I2013L	0	2	Jul 14, 2021	506716
MEF2C	S459G	0	1	Jan 23, 2018	514957
DNM1	N529S	0	2	Oct 11, 2025	506647
TMEM38B	C254S	0	2	Feb 04, 2026	516239
DYNC2I2	W60G	0	2	Feb 04, 2026	516203
NOTCH1	N1421S	0	2	Jan 22, 2026	508351
SCN2B	P119L	0	2	Jan 10, 2026	510700
NOTCH1	T66I	0	2	Jan 07, 2026	515575
SOS2	Y1275C	0	2	Dec 23, 2023	512472
SOS2	N867S	0	3	Dec 03, 2024	506639
CCND2	S175C	0	2	Mar 01, 2026	507274
GRIN2A	K317Q	0	2	Jul 15, 2025	507365
MTFMT	L223M	0	2	Feb 01, 2026	516310
GRIN2A	E1156D	0	2	Jan 28, 2026	510015
GRIN2A	N977S	0	1	Feb 07, 2018	515190
TRPM4	R719Q	0	2	Jan 12, 2026	511349
CA4	P290L	0	2	Dec 10, 2025	514425
TRPM4	G843R	0	2	Jan 24, 2026	512492
TNNT1	E16Q	0	2	Oct 12, 2024	514879
TRIOBP	D436N	0	2	Feb 02, 2026	508575
TRIOBP	N863K	0	2	Feb 04, 2026	508111
TRIOBP	F1187L	0	2	Feb 04, 2026	516766
IQSEC2	N1105S	0	2	Dec 28, 2025	506413
TRIOBP	S217N	0	2	Feb 04, 2026	508110
TRIOBP	S493N	0	2	Feb 01, 2026	508124
IQSEC2	V447I	0	2	Nov 01, 2022	514828
COL3A1	G435C	1	1	Jul 21, 2020	519606
COL3A1	G474V	1	1	Dec 28, 2016	519609
COL3A1	G663S	1	2	Nov 15, 2023	519597
COL3A1	G690E	1	1	Nov 13, 2017	519607
TBX1	R351Q	0	2	Jan 21, 2026	518626
TBX1	G387S	0	2	Jan 07, 2026	518829
DNM1	G346S	1	1	Mar 07, 2018	520433
COL3A1	G624V	1	1	Sep 15, 2022	3894809
GJA8	D51Y	1	1	Sep 07, 2017	521485
PIGM	M1T	1	2	May 23, 2025	520658
HHAT	M1L	1	1	Jun 16, 2017	521737
TBCE	G34A	1	1	Feb 05, 2015	520626
HNRNPU	R324G	1	1	Oct 25, 2017	522110
PPT1	G118D	1	2	Oct 09, 2025	520610
SCN1A	P281T	1	1	Jan 25, 2017	521548
SOX2	P112A	1	1	Mar 10, 2017	521601
SEPSECS	N119D	1	1	Oct 18, 2017	522118
PURA	R169P	1	1	Apr 28, 2016	521089
PURA	F231S	1	1	Sep 18, 2015	520768
NSD1	C1586R	1	1	Aug 17, 2017	521656
MEF2C	L38P	1	2	Mar 10, 2022	520592
MEF2C	T20S	1	1	Nov 22, 2016	521174
BRAF	L525Q	1	2	Sep 11, 2023	520890
LPL	R197H	1	2	Jan 07, 2026	521082
DNM1	G43S	1	2	Mar 14, 2024	520545
DNM1	S45N	1	2	Jul 03, 2025	520840
DNM1	S238I	1	1	Jul 01, 2015	520714
DNM1	G359R	1	2	May 14, 2018	520737
DNM1	G397D	1	2	Jun 16, 2025	520569
SURF1	Q80H	1	1	Oct 12, 2015	520828
CCND2	P281A	1	2	Apr 01, 2024	520663
NKX2-1	L206Q	1	2	Feb 28, 2020	521215
IGF1R	Y644C	1	1	May 17, 2016	521118
MYH11	G714V	1	1	Apr 20, 2026	521045
CREBBP	N1787K	1	1	Jul 15, 2016	521033
CREBBP	R1786C	1	2	Feb 07, 2025	521902
CREBBP	C1710Y	1	1	Feb 26, 2015	520650
CREBBP	Y1450H	1	1	Jun 08, 2015	520695
PMM2	T18S	1	2	Apr 29, 2026	521048
ANKRD11	E76K	1	2	May 16, 2025	521463
GRIN2A	V187I	0	2	Oct 02, 2025	521380
SMARCE1	Y76C	1	1	Jan 05, 2018	520833
CHD3	R985W	1	2	Jan 01, 2026	520977
ADNP	Q67H	1	1	Oct 04, 2017	521542
COL6A2	G301D	1	2	Jul 13, 2022	521397
PCDH19	P566Q	1	1	Mar 07, 2018	521852
PCDH19	N340Y	1	1	Nov 05, 2015	520677
STAG2	R862G	1	1	Mar 17, 2017	521058
SLC16A2	L128P	1	1	Feb 15, 2016	520969
SLC16A2	P215Q	1	1	Aug 19, 2016	521200
BBS9	R824C	0	2	Feb 02, 2026	522244
CAPN5	L632I	0	2	Jan 26, 2026	522331
LMF1	A431D	0	2	Feb 02, 2026	522335
COL4A5	G236D	1	1	Mar 19, 2020	522498
COL4A5	G860D	1	1	May 02, 2025	522544
COL4A5	G896S	1	2	Aug 19, 2024	522413
TBCE	V111G	1	1	Dec 03, 2017	522753
GAD1	P558S	0	1	May 03, 2020	522763
LPL	C266Y	1	1	Dec 03, 2017	522719
ALDH3A2	G303V	1	1	May 03, 2020	522786
DCX	N96K	1	1	May 03, 2020	522790
KDM5C	V1148M	0	2	Aug 01, 2025	522629
ALG1	F292L	1	1	Jun 23, 2017	522809
ALG1	S293P	1	1	Jun 23, 2017	522808
ABCD1	W679R	1	1	Nov 30, 2017	522793
NDUFAF6	G240V	1	1	Dec 24, 2022	523019
DNA2	T1005I	1	1	Dec 18, 2017	522960
NDP	G67V	1	1	Dec 18, 2017	522928
PMPCB	R175C	1	2	Nov 19, 2023	523138
PMPCB	R175H	1	1	Sep 23, 2022	523140
STAG1	R377C	1	2	Feb 27, 2024	523187
STAG2	Y159C	1	1	Mar 08, 2018	523193
FSHR	M1T	1	1	Jan 01, 2017	523337
EFEMP1	Y397H	1	1	Jan 01, 2017	523395
NDUFAF6	P281A	1	1	Jan 01, 2017	523560
COL4A5	G1205V	1	1	Jan 01, 2017	523547
NOTCH1	D1517N	1	2	Sep 05, 2024	523598
NOTCH1	C1094Y	1	1	Dec 01, 2017	523596
DBT	D104G	1	1	Jul 19, 2022	527132
AGRN	R1178Q	0	2	Jan 14, 2026	541190
AGRN	R1656W	0	1	Jan 26, 2026	541181
RORC	A357V	0	1	Jan 21, 2026	542374
HNRNPU	E279D	0	1	Apr 01, 2025	532553
HNRNPU	E651A	0	2	Jun 01, 2026	532556
SELENON	M1T	1	1	Jun 27, 2022	530813
DNAJC6	I249V	0	2	Jul 31, 2025	541544
MBD5	Q347H	0	1	Dec 15, 2025	536676
MBD5	Q703R	0	1	Feb 13, 2018	536678
MBD5	I1480V	0	1	Sep 20, 2025	536663
MBD5	R202S	0	1	Jan 29, 2019	536677
MBD5	R325Q	0	1	Dec 13, 2025	536685
SCN1A	D1755Y	1	2	Nov 06, 2025	530440
SCN1A	E954D	1	1	Jul 06, 2022	530535
SCN1A	L133V	0	1	Jul 18, 2019	530465
SCN1A	A1724V	1	1	Apr 15, 2021	530420
SCN1A	N1485D	1	1	Dec 02, 2022	530510
SCN1A	D1866G	1	1	Oct 28, 2017	530427
SCN1A	G1655A	1	1	Jan 18, 2018	530512
SCN1A	Y317H	1	2	Sep 08, 2025	530489
SCN1A	M251R	1	1	Apr 04, 2018	530428
SCN1A	D45E	0	1	Oct 24, 2024	530417
SCN1A	R393P	1	1	May 21, 2021	530476
SCN1A	G1757R	1	1	Jul 30, 2025	530478
SCN1A	L479I	0	1	Feb 25, 2025	530506
SCN1A	M1I	1	1	Oct 26, 2019	530490
COL3A1	E241K	1	2	Dec 28, 2025	529313
COL3A1	G318D	1	2	Jan 27, 2026	529315
COL3A1	G1014R	1	2	Sep 27, 2021	529317
COL3A1	G570S	1	2	Jul 29, 2025	529319
STAT1	Y289C	1	1	Feb 24, 2024	541825
XDH	R607Q	0	2	Dec 06, 2025	536215
TTC7A	V450M	0	2	Feb 01, 2026	528467
TTC7A	E687D	0	1	Jan 28, 2026	528473
TTC7A	S446L	0	2	Feb 01, 2026	528475
TTC7A	Q724K	0	2	Feb 04, 2026	528469
ADAM17	V673I	0	2	Feb 04, 2026	539952
ADAM17	P491S	0	2	Feb 02, 2026	539947
SOX2	A133T	0	1	May 30, 2025	535837
NSD1	T2382I	0	2	Dec 21, 2025	524733
HCN1	P683T	0	1	Jan 15, 2020	530459
SPINK5	R441H	0	2	Jan 31, 2026	529168
TRAF3IP2	N395S	0	2	Feb 01, 2026	541102
TRAF3IP2	S94N	0	2	Dec 29, 2025	541100
SPINK5	R932K	0	2	Feb 12, 2026	529165
NSD1	L2350P	0	1	Nov 26, 2024	524693
NSD1	C2146Y	1	1	Dec 15, 2019	524707
IFNGR1	V61I	0	2	Jan 24, 2026	531675
HCN1	S9P	0	1	Oct 03, 2023	530572
NSD1	C2183G	1	2	Jul 15, 2021	524699
NSD1	I2394V	1	1	Jul 04, 2025	524687
LAMA4	K275R	0	2	Dec 29, 2025	541236
TRAF3IP2	S319R	0	1	Feb 01, 2026	541101
TRAF3IP2	S170T	0	1	Jan 26, 2026	541099
BCKDHB	R183Q	1	2	Oct 30, 2025	527135
CFTR	I507F	1	1	Dec 04, 2017	526022
HSPB1	P39L	1	2	Jan 01, 2026	533814
TWIST1	R116G	1	1	Nov 16, 2017	543078
POT1	N428S	0	2	Jan 25, 2026	541902
EXT1	R346G	1	2	Jan 16, 2025	526301
HSPB1	S135Y	1	2	Oct 23, 2020	533813
EXT1	R440H	0	1	Oct 21, 2025	526298
EXT1	R280G	1	2	Dec 22, 2023	526305
IKBKB	R536W	0	2	Apr 01, 2026	541648
DNM1	Q148R	1	2	Aug 21, 2025	542676
IKBKB	G557R	0	1	Sep 25, 2025	541643
DNM1	K539E	1	1	Jan 24, 2020	542678
FKTN	R307G	1	1	Jun 27, 2022	528827
INPP5E	G522A	1	2	Mar 31, 2025	530891
NOTCH1	A1732V	0	1	Sep 14, 2023	544165
FGFR2	G338W	1	2	Jun 12, 2026	544301
FGFR2	I324V	0	1	Apr 03, 2024	544304
FGFR2	C278W	1	1	Aug 04, 2023	544302
ODAD2	R413Q	0	2	Jan 15, 2026	541504
IL10RA	V233M	0	2	Feb 01, 2026	538062
KCNC1	G544R	0	1	Jun 18, 2025	542110
IL10RA	E25D	0	2	Jan 31, 2026	538059
KCNC1	E553D	0	2	Jan 28, 2026	542104
ORAI1	N223S	0	2	Feb 01, 2026	541944
HSPB8	E185K	0	2	Oct 10, 2024	533140
LIG4	A797S	0	2	Feb 11, 2026	533825
LIG4	S12T	0	1	Sep 30, 2025	533820
TBK1	R271Q	0	2	Nov 03, 2025	542553
TBK1	L508I	0	2	Jan 25, 2026	542554
CEBPE	L155M	0	2	Feb 01, 2026	530670
NFKBIA	R264Q	0	1	Jan 13, 2026	537325
SOS2	N1257D	0	2	Jun 04, 2026	542399
SOS2	D952N	0	2	Feb 02, 2026	542404
ATL1	M347I	1	2	May 23, 2025	538583
SOS2	T1084A	0	2	Jan 26, 2026	542409
SOS2	E707G	0	2	Feb 01, 2026	542400
SOS2	D400N	0	2	Apr 28, 2026	542405
ATL1	D102E	0	2	Jan 05, 2026	538585
SOS2	E507D	0	2	Feb 16, 2026	542411
CREBBP	G1465E	1	2	Dec 01, 2021	527965
GRIN2A	W558S	1	2	Apr 01, 2025	532714
PMM2	V60L	1	2	Apr 29, 2026	530390
ANKRD11	A1780T	0	2	Jun 01, 2026	528452
GRIN2A	R1376C	0	1	Jul 12, 2022	532712
MAP3K14	V516I	0	1	Feb 04, 2026	544325
MAP3K14	K294Q	0	2	Dec 26, 2025	544326
MAP3K14	F258L	0	2	Feb 01, 2026	544331
MAP3K14	C174Y	0	2	Feb 02, 2026	544327
MAP3K14	H674Y	0	2	Feb 02, 2026	544333
MAP3K14	S140N	0	2	Apr 24, 2026	544329
STRADA	T161I	0	2	Jan 28, 2026	536762
STRADA	P35L	0	2	Feb 03, 2026	536764
CARD14	V110A	0	2	Apr 06, 2026	527878
CARD14	A779T	0	2	Jan 11, 2026	527888
CARD14	T591M	0	2	Apr 01, 2026	527892
TTR	T69S	1	1	Oct 10, 2017	538164
CARD14	D176H	0	2	Jan 31, 2026	527891
ODAD3	H372L	0	1	Feb 06, 2025	544217
ODAD3	R133H	0	2	Jan 26, 2026	544218
JAK3	R121H	0	3	Jan 23, 2024	532747
CPT1C	M798V	0	2	Jan 15, 2026	542770
CPT1C	Q97H	0	1	Oct 27, 2025	542769
BFSP1	E647Q	0	1	Apr 10, 2023	541143
STK4	I355T	0	2	Feb 04, 2026	540524
STK4	P416L	0	2	Apr 20, 2026	540526
RTEL1	S815I	0	2	Feb 01, 2026	540960
RTEL1	T1231M	0	2	Jan 31, 2026	540956
SOD1	G148D	1	2	Jan 04, 2024	536142
DYRK1A	T523M	0	2	Oct 06, 2025	539573
DYRK1A	V568L	0	1	Oct 27, 2025	539568
DYRK1A	T393S	0	2	Jan 26, 2026	539580
DYRK1A	T544A	0	2	Jan 27, 2026	539570
ADA2	G47W	1	2	Jun 01, 2026	541731
RTEL1	D1017N	0	2	Dec 27, 2025	540961
EP300	A783V	0	2	Jan 19, 2026	538872
GPC3	D534G	0	1	Oct 01, 2024	543095
GPC3	M269L	0	1	Jun 01, 2019	543099
ABCD1	L523F	1	1	Nov 29, 2019	528338
ADA2	R171W	0	2	Jan 31, 2026	541741
ABCD1	P543L	1	2	Jan 28, 2026	528341
ABCD1	R518G	1	1	Oct 08, 2017	528337
ABCD1	T668I	1	1	Sep 25, 2023	528343
GATA1	H71R	0	1	Dec 31, 2025	533696
GPC3	M476V	0	2	Jan 26, 2026	543108
IQSEC2	H1244Y	0	2	Mar 01, 2026	538598
IQSEC2	P268H	0	1	Dec 16, 2025	538600
ABCD1	E292D	1	1	Apr 08, 2021	528346
ABCD1	E609G	1	1	May 16, 2025	528345
GATA1	A22T	0	1	Mar 04, 2025	533697
KDM6A	C1205Y	1	1	Jun 21, 2019	545087
CYFIP2	R87L	1	1	Oct 15, 2018	545427
CYFIP2	R87P	1	2	Oct 15, 2018	545429
LBR	R586H	1	2	Sep 11, 2025	545626
DPF2	R350H	1	2	May 02, 2026	545684
DPF2	D346G	1	1	-	545685
MEF2C	R79P	1	1	May 09, 2018	546222
ROR2	V623A	1	1	May 15, 2018	546195
SCN1A	W1812C	1	1	Jul 01, 2018	546874
SCN1A	F1620S	1	1	Jan 01, 2018	546875
COL3A1	G582C	1	1	Nov 01, 2016	547266
COL3A1	G1176D	1	1	Nov 01, 2016	547274
NSD1	C1920S	1	2	Apr 10, 2020	547724
NSD1	H2205Y	1	1	Nov 01, 2016	547728
FGF10	G184R	1	1	Nov 01, 2016	547377
FGF10	M134K	1	1	Nov 01, 2016	547375
FGF10	M1V	1	1	Nov 01, 2016	547371
FGFR2	A674V	1	1	Nov 01, 2016	547379
FGFR2	G493W	1	1	Nov 01, 2016	547378
ENPP1	C108F	1	1	Jun 28, 2017	547984
ENPP1	R481W	1	2	Nov 25, 2025	547983
CHD3	H886R	1	1	Feb 19, 2019	549729
CHD3	L915F	1	1	Feb 19, 2019	549730
CHD3	E921K	1	1	Feb 19, 2019	549731
CHD3	G961E	1	2	Feb 01, 2026	549732
CHD3	R985Q	1	2	Jan 07, 2026	549733
CHD3	R1121P	1	2	Mar 30, 2022	549736
CHD3	T1136I	1	1	Feb 19, 2019	549737
CHD3	W1158R	1	1	Feb 19, 2019	549738
CHD3	N1159K	1	2	Oct 23, 2020	549739
CHD3	H1161R	1	1	Feb 19, 2019	549740
CHD3	R1169W	1	2	Apr 10, 2023	549741
CHD3	H1171R	1	2	Oct 09, 2024	549742
CHD3	R1172Q	1	2	Sep 02, 2021	549743
CHD3	L1236P	1	1	Feb 19, 2019	549745
CHD3	R1342Q	1	2	Jan 01, 2025	549746
CHD3	R1881L	1	1	Feb 19, 2019	549748
COL3A1	G633R	1	1	Oct 19, 2025	549890
DBT	S399A	1	2	Jan 07, 2025	551600
DBT	R376C	1	2	Aug 28, 2025	554556
DBT	M263T	1	1	Mar 22, 2025	552494
CTSK	R46W	1	2	Apr 29, 2026	553560
DPYD	R235Q	1	1	Mar 13, 2024	555616
BCKDHB	P200L	1	1	Jun 16, 2024	553513
SLC26A4	T132I	1	1	Mar 10, 2025	550080
SLC26A4	G139A	1	2	Apr 28, 2025	556091
SLC26A4	S448L	1	2	Dec 23, 2025	549979
SLC26A4	V510D	1	1	Dec 27, 2024	557512
SLC26A4	A599V	0	2	Nov 02, 2023	555607
SLC26A4	L729P	1	2	Jun 23, 2025	552468
CFTR	G628A	1	2	Nov 06, 2025	555466
ASL	D31N	1	2	Apr 29, 2026	551039
ASL	D87G	1	2	Apr 29, 2026	557253
ASL	R94H	1	2	Nov 14, 2025	550701
ASL	R113W	1	2	Apr 29, 2026	553111
BCKDHB	M1L	1	2	Apr 29, 2026	551456
ASL	R213Q	1	2	Nov 06, 2025	558682
BCKDHB	E330K	1	2	Apr 29, 2026	557381
BCKDHB	P356L	1	2	May 13, 2025	556079
ASL	R385H	1	2	May 28, 2025	552287
SLC26A4	M147T	1	2	Oct 14, 2025	556648
BCKDHB	M1T	1	2	Jan 24, 2025	553562
SLC26A4	D87Y	1	2	Sep 10, 2025	552777
SLC26A4	V138L	1	2	Jul 08, 2025	556058
SLC26A4	P76L	1	2	Oct 23, 2024	551009
SLC26A4	Q421P	1	2	Dec 29, 2025	556159
SLC26A4	N457K	1	2	Mar 18, 2025	550172
SLC26A4	I188T	1	2	Jan 05, 2026	551311
SLC26A4	Q446R	1	2	Jan 26, 2026	550505
SLC26A4	G497R	1	2	Oct 01, 2025	550792
SLC26A4	Y530S	1	2	Jun 23, 2023	557139
SLC26A4	D669N	1	2	Jul 07, 2025	554553
CFTR	L102R	1	3	Aug 31, 2018	554293
CFTR	D110N	1	2	Aug 06, 2025	553436
CFTR	I1366N	1	3	Jan 10, 2020	551822
ASL	R126Q	1	2	Apr 29, 2026	556429
ASL	R193W	1	2	Jun 13, 2025	553200
CFTR	P1021T	1	2	May 16, 2025	550702
ASL	R297Q	1	2	Dec 03, 2024	554299
ASL	R113Q	1	2	Apr 29, 2026	555191
ASL	R236Q	1	2	Jan 12, 2026	555574
ASL	Y45N	1	1	Jan 23, 2024	551377
ASL	R95H	1	2	Apr 29, 2026	558314
ASL	E189G	1	2	May 27, 2025	555511
ASL	V434L	1	2	Mar 20, 2026	557968
ASL	R456Q	1	2	Dec 14, 2025	551210
ASS1	R127W	1	2	Dec 31, 2024	553417
ASS1	G117S	1	2	Apr 29, 2026	556029
ASS1	R335H	1	1	Nov 19, 2025	555009
ASS1	R127L	1	2	Sep 05, 2025	550586
ASS1	A258V	1	2	Apr 29, 2026	554197
ASS1	E270Q	1	2	Apr 29, 2026	557173
ERCC6	S687L	1	2	Oct 14, 2025	552600
KCNJ11	R34C	1	2	Oct 03, 2025	557416
KCNJ11	A187V	1	2	Jul 11, 2025	551187
FAH	V166G	1	2	May 23, 2026	558415
FAH	T325M	1	2	Feb 27, 2026	552826
FAH	W234G	1	2	Jul 02, 2024	554643
FAH	G343R	1	1	Nov 16, 2019	558592
FAH	P342L	1	2	Dec 19, 2025	551024
PMM2	G15A	1	2	Oct 17, 2024	553249
ALDH3A2	M1K	1	1	Apr 07, 2023	552666
ALDH3A2	R228C	1	2	Aug 18, 2025	556574
PMM2	G15R	1	2	Apr 29, 2026	557455
PMM2	I120T	1	2	Apr 29, 2026	555161
PMM2	F206L	1	1	Jul 10, 2023	556280
PMM2	G214S	1	2	Jan 25, 2026	553503
ALDH3A2	M1L	1	2	Apr 29, 2026	551717
PMM2	D185G	1	1	Jul 29, 2026	553481
ALDH3A2	M1I	1	1	Jan 04, 2024	552722
NPHS1	D310N	1	2	Apr 29, 2026	556151
BCKDHA	R159W	1	2	Sep 17, 2024	553759
BCKDHA	A253T	1	2	Apr 29, 2026	558191
BCKDHA	G188W	1	1	Dec 05, 2025	551071
BCKDHA	R265P	1	2	Oct 06, 2025	556887
NPHS1	R888K	1	2	Jun 09, 2025	554911
BCKDHA	R363W	1	2	Apr 02, 2025	558581
CHN1	Y221H	1	1	Apr 10, 2017	559835
SMARCE1	K92N	1	2	Apr 11, 2023	559876
KDM5C	R599C	1	2	Mar 22, 2026	559937
SLC16A2	P464S	1	1	Aug 07, 2014	559939
CAMK2B	P213L	1	1	Apr 26, 2022	560179
HSPB8	N138T	1	1	Feb 02, 2017	560411
HSPB8	K141M	1	1	Feb 02, 2017	560412
RAD21	A622T	1	1	Dec 13, 2018	560415
GAD1	T27K	0	2	Feb 06, 2025	560641
GRIN2A	I461N	1	1	Feb 01, 2024	560645
PURA	L202P	1	1	May 15, 2018	560683
SLC26A4	A106V	1	2	Jan 08, 2025	560910
COL3A1	E451K	1	2	Sep 16, 2024	561178
COL11A1	F47I	0	2	Nov 06, 2025	561274
RIT1	M90V	1	3	Sep 17, 2024	561681
RIT1	A77S	1	2	Jul 03, 2026	561621
FMO3	G148R	1	1	Sep 03, 2024	562009
EP300	E1013G	0	1	Jan 01, 2017	562024
CARMIL2	N530K	1	2	Jan 17, 2025	562177
COL4A5	G503V	1	2	May 12, 2021	562256
COL4A5	G1104C	1	1	Apr 25, 2024	562329
COL4A5	G1006D	1	2	Apr 29, 2026	562330
SLC12A3	S615L	1	2	Apr 29, 2026	562346
SLC12A3	G731R	1	2	May 01, 2026	562347
COL4A5	G1137C	1	2	Oct 17, 2025	562369
COL4A5	G1229S	1	2	Sep 11, 2025	562403
COL4A5	G216E	1	2	Jun 12, 2025	562417
COL4A5	G233A	1	1	Oct 14, 2021	562428
COL4A5	G177D	1	1	May 18, 2022	562438
SLC7A9	A109T	1	1	Mar 20, 2024	562447
SLC12A3	G186D	1	2	Nov 05, 2025	562449
CARMIL2	L372R	1	1	Jan 08, 2019	565278
CARMIL2	R50T	1	1	Jan 08, 2019	565285
RIT1	K23N	1	2	Oct 04, 2024	581105
AGRN	R413H	0	1	Nov 16, 2024	570656
MUTYH	L83P	1	2	Jan 25, 2026	577118
SELENON	R435W	1	2	Dec 13, 2025	571063
MBD5	A290G	0	1	Jul 15, 2025	583201
MBD5	M1254I	0	1	Nov 23, 2022	575106
SCN1A	M1823T	1	2	Feb 23, 2024	572287
SCN1A	V983D	1	1	Jun 04, 2022	568075
SCN1A	M934V	1	2	Dec 16, 2022	574036
SCN1A	M785R	1	1	Jul 19, 2022	581674
SCN1A	E385Q	1	1	Aug 31, 2021	569331
SCN1A	W314C	1	1	Aug 22, 2025	572056
SCN1A	C1756Y	1	1	Sep 01, 2022	578647
SCN1A	C1741S	1	1	Feb 03, 2022	577486
SCN1A	L1659P	1	2	Dec 01, 2025	573704
SCN1A	Q1504H	1	1	Nov 15, 2022	580452
SCN1A	A1406S	1	1	May 08, 2023	566436
SCN1A	V659L	0	1	Jan 29, 2019	580716
SCN1A	N141K	1	1	Nov 05, 2024	583385
SCN1A	A104D	1	2	Dec 11, 2023	567303
STAT1	K388Q	1	1	Nov 08, 2022	578600
COL3A1	G1038R	1	2	Dec 15, 2023	573925
GJA8	D51E	1	1	Jan 16, 2019	574353
HNRNPU	R755C	0	1	Dec 02, 2025	568783
HNRNPU	D147N	0	1	Jul 12, 2022	574129
HNRNPU	K21R	0	1	Oct 13, 2025	568095
SCN1A	L334P	1	1	Sep 30, 2024	581861
COL3A1	G501E	1	1	Feb 08, 2018	581735
MBD5	Q1268P	0	1	Sep 01, 2020	575854
MBD5	Y1322C	0	1	Oct 24, 2025	583084
TFG	I239T	0	1	Jun 14, 2023	568023
SCN1A	V1901G	0	1	Apr 26, 2018	570702
SCN1A	A1406T	1	2	Jul 23, 2024	576683
SCN1A	V1353F	1	1	Jul 09, 2018	577950
SCN1A	N999K	1	1	Aug 31, 2022	580287
SCN1A	L266P	1	2	Sep 01, 2022	576745
COL3A1	G1068C	1	2	Dec 30, 2019	572498
GABRG2	I6T	0	1	Jul 31, 2025	582700
NSD1	I1912M	1	1	May 02, 2018	578350
NSD1	D2460G	0	1	Dec 06, 2022	578917
HCN1	N448S	0	1	Jan 28, 2026	582604
HCN1	I380T	0	1	Sep 18, 2018	579671
TTC7A	T198A	0	2	Dec 22, 2025	576901
PRKN	R33Q	1	2	Apr 20, 2024	578186
CFTR	P205T	1	2	Dec 17, 2025	582431
BRAF	M23K	0	2	Dec 06, 2022	579533
TWIST1	L159F	1	1	Jun 07, 2022	572211
ASL	G41D	1	1	Jan 11, 2026	577337
EXT1	R280S	1	2	Aug 09, 2022	576662
EXT1	L191S	1	2	Apr 12, 2025	566120
HSPB1	S135A	1	1	Jul 18, 2022	565333
ALDH7A1	R329S	1	1	Dec 14, 2019	569745
SOX2	R113W	1	1	Nov 13, 2023	577696
PURA	G165S	1	2	Jan 15, 2026	580652
NOTCH1	E1446K	0	1	Apr 13, 2024	566390
NSD1	G1717R	1	1	Aug 06, 2018	573144
TRAF3IP2	Q79H	0	1	Feb 02, 2026	581633
DNM1	K617R	0	1	Oct 08, 2020	570645
FGFR2	G271V	1	2	Jan 05, 2022	573667
NSD1	Y2142D	1	1	Feb 18, 2020	575812
IKBKB	I314T	0	1	Jan 08, 2026	577767
THAP1	M1T	1	1	Nov 11, 2021	582441
HCN1	P681S	0	1	Aug 28, 2018	578466
LAMA4	A225P	0	1	Jan 22, 2025	580100
ASS1	Y359D	1	1	Nov 27, 2023	569667
STIM1	G638S	0	1	Sep 02, 2025	566360
NOTCH1	I2456V	0	2	Mar 26, 2025	567414
NOTCH1	P101T	0	1	May 15, 2024	581743
NOTCH1	P2A	0	1	Nov 15, 2025	572257
SOS2	M267R	1	2	Dec 23, 2025	577079
ATL1	Q191R	1	1	Apr 29, 2024	576063
KCNC1	N226I	0	2	Mar 05, 2026	578014
FAH	G343W	1	2	May 23, 2026	576751
WASHC5	G696D	1	2	Mar 23, 2023	578334
LITAF	S60L	0	1	Jan 02, 2025	578023
NFKBIA	S283C	0	1	Jan 01, 2026	565672
NOTCH1	R1991C	0	1	Jun 04, 2022	576963
SOS2	C280S	0	1	Oct 06, 2024	580146
GRIN2A	A60V	0	1	Feb 13, 2023	581763
TTR	A39D	1	2	Dec 29, 2025	565560
TTR	K55N	1	2	Oct 30, 2024	576496
TTR	E81G	1	2	Mar 10, 2025	572472
KCNC1	T231A	1	1	Mar 15, 2018	568146
STIM1	K567R	0	1	Dec 17, 2025	859464
GRIN2A	N1420S	0	2	Oct 21, 2025	567877
TNNI3	L135P	1	1	Sep 04, 2018	578588
SOD1	E41G	1	2	May 16, 2025	575420
COL6A2	G280D	1	2	Feb 17, 2024	570492
TTR	T80I	1	2	Mar 20, 2026	577420
EP300	S120N	0	1	Apr 29, 2024	570077
PCDH19	E31K	1	1	Nov 22, 2022	578043
GPC3	T226A	0	2	Dec 12, 2025	573779
GPC3	N132D	0	1	Oct 23, 2024	579381
ABCD1	T145A	1	1	Feb 23, 2024	572502
ABCD1	R152C	1	2	Oct 20, 2025	577418
ABCD1	A626T	1	2	Oct 21, 2025	576910
SOS2	V869I	0	2	Jan 27, 2026	578603
JAK3	R697W	0	1	Jan 19, 2026	579162
TBX1	S90R	0	1	Feb 05, 2024	566953
EP300	N439S	0	1	Feb 19, 2020	578386
PCDH19	L81R	1	1	Jan 04, 2020	575889
ABCD1	R17H	0	2	Jun 22, 2025	583372
SOD1	E101K	1	2	Sep 02, 2025	574319
DYRK1A	R71L	0	1	Jan 28, 2020	572896
IQSEC2	G571D	0	1	Jun 04, 2019	570235
SMARCB1	T357I	1	2	Jan 15, 2026	580796
KCTD17	H306D	0	2	Mar 01, 2026	569014
EP300	M543V	0	1	Sep 01, 2024	581340
GRIN2A	R1452H	0	1	Oct 30, 2024	573254
GRIN2A	R1402Q	0	2	Aug 22, 2025	580884
GRIN2A	R518L	1	1	May 29, 2018	567708
GRIN2A	E353K	0	1	Jun 23, 2025	583238
GPC3	H121Q	0	2	Jul 16, 2025	572682
MKS1	R463G	1	1	May 09, 2018	582164
TTR	D38N	1	2	Sep 13, 2022	571867
JAK3	A699S	0	1	Dec 22, 2025	570559
ODAD1	V292I	0	2	Dec 31, 2025	574685
GPC3	D315E	0	1	Apr 29, 2024	568637
GPC3	A109V	0	1	Dec 11, 2024	578171
KDM6A	R1307W	1	1	Nov 28, 2023	565844
KDM5C	M1V	1	1	May 03, 2021	579097
IQSEC2	P1279L	0	1	Oct 27, 2023	578999
IRF2BPL	F420S	1	1	Jul 10, 2018	584438
LGI4	M1T	1	1	-	585241
ABCD1	G512S	1	2	Oct 05, 2025	585301
ABCD1	R660W	1	2	Jun 06, 2026	585302
LBR	A510T	0	2	Jul 09, 2025	586109
LBR	A332V	0	2	Jan 27, 2026	586111
PRKN	T415N	1	1	Sep 01, 2017	586380
CYP21A2	R427C	1	2	Jul 22, 2025	585748
CYP21A2	R484Q	1	2	Jun 19, 2025	585750
FXN	L106S	1	2	Apr 29, 2026	585891
SLC12A3	G439S	1	2	Jun 30, 2026	586601
SLC12A3	G980R	1	2	Jan 05, 2026	586605
ANKRD11	R2249H	0	2	Feb 01, 2026	585424
ANKRD11	A2242V	0	2	Feb 01, 2026	585423
ANKRD11	S2238G	0	2	May 12, 2026	585422
ANKRD11	A2047G	0	2	Jan 19, 2026	585417
ANKRD11	T1913N	0	2	Feb 01, 2026	585414
ANKRD11	P1877S	0	2	Jan 19, 2026	585413
ANKRD11	R840Q	0	2	Jan 05, 2026	585404
ANKRD11	T680S	0	2	May 11, 2026	585403
ANKRD11	A615G	0	2	Jan 28, 2026	585401
RAI1	S910A	0	2	Apr 01, 2026	586395
TGM6	G463S	0	2	Nov 06, 2025	586815
SOD1	G17A	1	2	Apr 01, 2021	586638
SOD1	N140K	1	2	Jul 26, 2025	586635
SOD1	L145F	1	2	Dec 14, 2025	586637
PCDH19	D157A	1	1	Nov 19, 2019	586211
ABCD1	V201M	0	2	Jan 28, 2026	585357
COL4A5	G778R	1	2	Sep 01, 2022	586956
COL4A5	M1K	1	1	-	1694470
COL4A5	G123R	1	2	May 07, 2025	587093
COL4A5	G123E	1	1	Oct 30, 2025	4710860
COL4A5	G138S	1	2	Apr 29, 2026	587139
COL4A5	G233V	1	1	Oct 02, 2021	587140
COL4A5	G298D	1	1	Apr 07, 2022	2200158
COL4A5	G310E	1	2	Mar 22, 2022	1455625
COL4A5	G322V	1	2	Feb 06, 2025	3772659
COL4A5	G420V	1	1	Jun 25, 2019	587088
COL4A5	G500V	1	1	Nov 14, 2023	2627801
COL4A5	G594D	1	2	Nov 19, 2024	3597906
COL4A5	G638D	1	1	Jun 01, 2025	4854059
COL4A5	G644D	1	1	Apr 01, 2022	2138698
COL4A5	G650S	1	2	Jun 12, 2025	587099
COL4A5	G693R	1	1	Feb 15, 2021	1457360
COL4A5	G699R	1	1	Nov 13, 2023	2737340
COL4A5	G746E	1	2	Jan 03, 2020	587146
COL4A5	G893S	1	1	Feb 01, 2020	587115
COL4A5	G1018D	1	2	Sep 07, 2024	1705447
COL4A5	G1069D	1	1	Apr 22, 2025	4710870
COL4A5	G1176R	1	1	Mar 14, 2023	2737347
COL4A5	G1217D	1	1	Jun 11, 2020	1805498
COL4A5	G1223D	1	1	Jun 03, 2022	587106
COL4A5	G1229C	1	1	Apr 29, 2025	4526641
COL4A5	G1241R	1	1	Dec 17, 2025	4710871
COL4A5	G1348R	1	1	Mar 27, 2020	587107
COL4A5	L1358I	0	2	May 17, 2025	587188
COL4A5	G1454R	1	1	Aug 21, 2025	2737353
COL4A5	G1457D	1	1	Feb 06, 2026	4819435
COL4A5	C1638Y	1	2	Sep 10, 2024	1508377
MUTYH	R219G	1	2	Nov 27, 2023	587355
MYO18B	G246W	0	1	Aug 07, 2018	587504
MBD5	G1307S	0	2	Nov 19, 2025	587988
SCN1A	Y1462H	1	2	Aug 14, 2021	589810
SCN1A	N1056D	0	2	Nov 17, 2025	589852
SCN1A	L879R	1	2	Oct 04, 2024	589795
SCN1A	F218L	1	2	Aug 29, 2025	587828
HCN1	P751A	0	2	Apr 01, 2026	588384
NSD1	R1074H	0	2	Nov 04, 2024	588715
NSD1	M1247I	0	2	Jan 28, 2026	588220
NSD1	I146V	0	2	Jun 23, 2025	589178
NSD1	E990K	0	2	Dec 08, 2025	588555
RAD21	D414E	0	2	Jan 28, 2026	588115
TRAPPC9	V3I	0	2	Jan 25, 2026	588070
RAD21	Q493H	0	2	Oct 17, 2025	589776
DNM1	N75S	0	2	Nov 03, 2025	588416
CTSF	A140T	0	2	Jan 31, 2026	587848
CREBBP	E1007D	0	2	Feb 03, 2026	589114
ANKRD11	D2376E	0	2	May 08, 2026	587835
ANKRD11	P2290S	0	2	Jan 28, 2026	589152
ANKRD11	P2276S	0	2	Mar 01, 2026	589093
ANKRD11	P2059H	0	2	May 09, 2026	587809
ANKRD11	P1860S	0	2	Jan 05, 2026	588698
ANKRD11	P1837S	0	2	Jun 01, 2026	589488
CREBBP	A883S	0	1	Feb 26, 2018	588855
CREBBP	R1498Q	1	1	Sep 21, 2016	589687
CREBBP	A828S	0	2	Jan 19, 2026	589088
CREBBP	E642K	0	1	May 05, 2017	588683
ANKRD11	A1276T	0	2	Dec 26, 2025	588474
ANKRD11	G2233E	0	2	Jan 29, 2026	589705
ANKRD11	E2210Q	0	1	Apr 17, 2017	588652
ANKRD11	M2166R	0	2	May 11, 2026	588320
ANKRD11	T297M	0	2	Jan 14, 2026	588222
ANKRD11	E2261K	0	2	Mar 01, 2026	589743
ANKRD11	K1889E	0	2	May 13, 2026	589099
ANKRD11	P1523L	0	1	Jun 09, 2016	587968
RAI1	R660Q	0	2	Sep 13, 2025	589534
ANKRD11	P2022L	0	2	May 14, 2026	589339
ANKRD11	L2000F	0	2	Jan 15, 2026	588218
ANKRD11	P1638A	0	2	May 09, 2026	587810
ANKRD11	K1461R	0	2	Nov 01, 2024	589071
ANKRD11	R1195K	0	2	Dec 15, 2025	588209
ANKRD11	I728M	0	2	Oct 27, 2025	589659
RAI1	L1658M	0	2	Feb 26, 2025	589669
RAI1	V1853M	0	2	Nov 15, 2025	587934
ANKRD11	V343I	0	2	Sep 24, 2025	589606
ANKRD11	T290A	0	2	Oct 22, 2024	587936
ANKRD11	N130S	0	2	Oct 02, 2025	589607
RAI1	G101S	0	2	Dec 19, 2025	588097
RAI1	A75S	0	2	Feb 04, 2026	588756
RAI1	A309T	0	2	Dec 28, 2025	589609
RAI1	D196N	0	2	Oct 17, 2025	588858
RAI1	N678S	0	1	May 09, 2017	589026
CREBBP	P1080L	0	2	Mar 24, 2025	588879
RAI1	M1849V	0	2	Jan 26, 2026	589676
ANKRD11	D2042G	0	2	Jun 01, 2026	589039
ANKRD11	S1433P	0	1	May 22, 2017	589775
ADNP	D928H	0	2	Dec 20, 2025	589370
ADNP	Y378C	0	1	Apr 08, 2025	588109
ANKRD11	F1325L	0	2	May 10, 2025	588809
ANKRD11	A1193V	0	2	May 12, 2026	588313
ANKRD11	T1146M	0	2	Jun 04, 2025	589752
ANKRD11	A971V	0	2	May 08, 2026	587797
ANKRD11	A618T	0	2	Oct 17, 2025	587996
ANKRD11	A94P	0	2	Oct 15, 2025	587941
ADNP	S889T	0	2	May 01, 2026	588325
ADNP	N585S	0	2	Dec 30, 2025	589686
ADNP	M533V	0	2	Feb 01, 2025	589403
DYRK1A	Y624F	0	2	Jun 12, 2026	589055
ADNP	M991V	0	2	Jun 01, 2025	588466
ABCD1	A61T	0	2	Jan 24, 2026	588144
PCDH19	R198P	1	1	Nov 25, 2016	589914
KDM5C	S299N	0	2	Aug 18, 2025	589190
ABCD1	V482I	0	2	Oct 24, 2025	588052
KDM5C	S1537L	0	2	Sep 15, 2024	588411
SLC16A2	A89T	0	2	Dec 08, 2025	589223
DLG3	P594L	0	2	Jan 25, 2026	588179
IQSEC2	Q109R	0	2	Oct 29, 2025	588654
NFKBIA	S32N	1	2	Feb 01, 2022	590311
EPHB4	D802G	1	1	Mar 29, 2019	590869
EPHB4	E664K	1	2	Feb 02, 2024	590873
IKBKB	V203I	1	2	Nov 27, 2023	590941
ABCD1	L107P	1	2	Dec 23, 2024	590972
CREBBP	A1782T	1	2	Jun 24, 2026	591453
PTH1R	V204E	1	1	Apr 04, 2024	592121
KDM5C	R705H	1	1	Jul 16, 2026	592134
FERRY3	L328P	1	1	Feb 14, 2020	592163
ABCD1	D221A	1	1	Feb 09, 2018	592198
CYP1B1	R390H	1	3	Nov 19, 2025	592512
TBCE	P64L	0	2	Feb 02, 2026	593372
TBCE	G94E	0	2	Feb 02, 2026	593381
COL6A2	G298A	1	2	Oct 14, 2019	594119
EHHADH	R64H	0	1	Sep 18, 2017	594126
SLC12A3	R1009Q	1	2	Dec 23, 2025	594235
LMF1	R101T	0	2	Jan 14, 2026	594734
DYRK1A	F299S	1	2	Dec 11, 2017	594952
CYP21A2	P483S	1	2	May 01, 2026	596309
TRIOBP	R409W	0	2	Sep 25, 2025	596327
TRIOBP	Q702R	0	2	Jan 12, 2026	596785
EHHADH	Q238L	0	2	Jul 12, 2018	596964
CARD14	E138K	1	1	May 09, 2018	597197
COL6A2	G289V	1	2	Jan 09, 2023	597472
SLC26A4	N558S	1	2	May 07, 2026	597784
IGF1R	P853L	0	2	Mar 01, 2026	598673
CHN1	A223T	1	1	Nov 19, 2018	598971
CREBBP	R1868Q	1	2	Oct 07, 2025	598959
COL4A5	G213V	1	1	Feb 20, 2025	599058
COL4A5	G615R	1	1	Jul 19, 2024	599064
COL4A5	G846E	1	1	May 22, 2018	599105
COL4A5	G988E	1	1	Jun 24, 2025	599106
COL4A5	I1529T	0	1	Dec 02, 2023	599108
FOXC2	R121C	1	2	May 26, 2023	599242
RAI1	A253T	0	2	Aug 22, 2025	599469
CSF1R	A891P	1	1	Feb 01, 2017	599607
CSF1R	H776Y	1	1	Feb 01, 2017	599608
ALG3	N346S	1	1	Dec 03, 2015	617513
AGRN	L1759P	1	1	Dec 18, 2018	617537
DHTKD1	P515T	1	1	Oct 08, 2018	617591
DNAJC21	K34E	1	1	Jan 18, 2017	617607
KCNJ11	L233F	1	1	Feb 09, 2018	617651
STAG3	L421R	1	1	Jan 31, 2019	617739
DISP1	S1163G	0	2	Jan 15, 2026	618593
COL3A1	G699V	1	2	Nov 28, 2023	618030
CRIPTO	D109H	0	1	May 26, 2017	618419
LIFR	D816G	0	2	Feb 02, 2026	618196
LIFR	S664L	0	2	Jan 28, 2026	618702
DHTKD1	N350D	0	2	Jan 18, 2026	618592
CBLIF	G65R	0	2	Jan 08, 2026	618142
PUS1	T405M	0	2	May 01, 2026	618854
COL4A5	G207R	1	2	Dec 11, 2024	618579
COL4A5	G301D	1	2	Sep 27, 2023	618580
COL4A5	G1086V	1	1	Sep 12, 2017	618581
CFTR	M1R	1	2	Aug 07, 2025	618930
CFTR	Y109H	1	1	Nov 05, 2018	618894
CFTR	V317E	1	1	Nov 05, 2018	618893
CFTR	I502S	1	1	Nov 05, 2018	618895
CFTR	G509R	1	1	Nov 05, 2018	618896
CFTR	Y517C	1	1	Oct 21, 2022	618925
CFTR	V520D	1	1	Nov 05, 2018	618898
CFTR	Y563H	1	2	Nov 28, 2025	618927
CFTR	F587S	1	1	Nov 05, 2018	618900
CFTR	T1036I	1	2	Jul 28, 2025	618964
CREBBP	E1724K	1	1	Aug 05, 2025	619094
EP300	Q1824P	1	1	Jan 01, 2024	619095
COL3A1	P49A	1	2	Mar 05, 2025	619227
WDR4	R170Q	1	2	Aug 03, 2026	619601
MEF2C	R15H	1	2	Jan 21, 2026	620015
CREBBP	T1171R	1	1	Aug 17, 2017	620027
DCX	R76G	1	1	Jul 19, 2017	619981
KDM5C	R198Q	1	1	Mar 01, 2017	620008
IQSEC2	S1093W	1	1	Mar 20, 2017	620013
LIG4	Q558P	1	1	Apr 26, 2017	620632
COL11A1	G991D	1	1	Apr 20, 2017	623159
COL4A5	G494R	1	2	Apr 10, 2018	623126
ABCD1	Y27S	1	1	Sep 26, 2017	623112
ABCD1	R163C	1	2	Mar 25, 2025	623113
ABCD1	T198M	1	2	Apr 29, 2026	623114
ABCD1	R389C	1	2	Jun 15, 2026	623115
ABCD1	T658I	1	1	Aug 16, 2018	623118
NSD1	F2122L	1	2	Apr 30, 2019	623190
BCKDHB	C382Y	1	1	Dec 30, 2017	623329
ASS1	R127Q	1	2	May 23, 2026	623334
CLN5	C144Y	1	2	Aug 10, 2021	623394
BCKDHA	L111P	1	1	Dec 30, 2017	623384
RP1	P1793S	0	2	Jan 14, 2026	624326
ATL1	N436K	1	1	May 01, 2019	623841
CPT1C	G552V	1	1	Jul 01, 2018	623959
PCDH19	P561A	1	2	Oct 23, 2023	624433
ABCD1	E300D	1	1	Jul 01, 2018	624451
JAK3	W709R	1	1	Apr 29, 2026	624607
ADA2	Y456C	1	1	Mar 11, 2024	624611
COL3A1	G258A	1	2	Nov 03, 2021	625114
SCN1A	M1348T	1	1	Dec 18, 2018	625284
FOXN1	R128W	0	3	Oct 25, 2024	625945
PCDH19	P236L	1	2	May 26, 2026	626145
SERPING1	M1L	1	1	-	626353
SERPING1	M1V	1	2	Jun 01, 2025	626352
NOTCH1	T349P	0	2	Mar 15, 2022	626582
F13A1	S296R	1	1	Feb 01, 2019	627157
SLC26A4	S448W	1	1	Apr 10, 2025	627474
ROR2	R108Q	1	1	-	627539
CNNM4	R407L	1	1	Apr 01, 2025	627568
MTTP	G746E	1	1	Aug 30, 2022	627620
DYRK1A	S315R	1	1	-	627624
COL3A1	A908G	0	1	Nov 08, 2022	629631
FMO3	S310L	1	2	Apr 06, 2026	631576
SLC12A3	R83Q	1	2	Apr 29, 2026	632258
SLC12A3	R145H	1	2	Apr 29, 2026	631752
SLC12A3	A464T	1	2	Apr 29, 2026	631753
SLC12A3	T649M	1	2	Apr 29, 2026	632259
ALDH3A2	C237Y	1	2	Apr 29, 2026	631767
COL3A1	G369V	1	1	Nov 13, 2017	633178
WDR37	S119F	1	2	Mar 17, 2025	633617
WDR37	S129C	1	1	May 06, 2019	633616
WDR37	T130I	1	2	Jun 02, 2025	633618
ERCC2	E546K	1	1	Jan 01, 2019	634549
CFTR	L15P	1	3	Aug 31, 2018	634833
CFTR	L453S	1	3	Aug 31, 2018	634834
CFTR	E474K	1	3	Aug 31, 2018	634836
CFTR	I1269N	1	3	Mar 11, 2019	634832
ALG3	Y74C	1	1	Jan 01, 2019	634991
ENPP1	P334A	1	1	Jan 01, 2019	634992
COL4A5	G383R	1	2	Aug 21, 2025	635111
HCN1	G391S	1	2	Apr 27, 2025	635189
NUBPL	F242L	1	1	Jun 26, 2019	635348
COL4A5	G728E	1	2	Feb 06, 2024	635479
COL4A5	G863S	1	1	Aug 20, 2025	635542
COL4A5	G1161E	1	1	Jun 12, 2025	635536
AGRN	W1908R	1	1	Aug 06, 2026	635762
IGF1R	R40C	1	1	Jan 04, 2019	635840
IGF1R	C332Y	1	1	Jan 04, 2019	635843
IGF1R	M1054I	1	1	Jan 04, 2019	635845
IGF1R	G1152R	1	2	Sep 04, 2025	635846
IGF1R	S1180Y	1	1	Jan 04, 2019	635847
NSD1	W2032C	1	1	Apr 09, 2019	635855
ZIC2	R409W	1	1	Apr 09, 2019	635857
COL11A1	G1216D	1	1	Mar 19, 2018	636598
COL3A1	G681D	1	1	Aug 09, 2022	636412
COL3A1	G846R	1	1	Sep 03, 2018	636783
TTR	E74K	1	2	May 04, 2022	636837
ATAD3A	L406R	1	1	May 30, 2019	637018
HNRNPA1	P340A	1	1	Jun 12, 2018	637023
HSPB1	S135C	1	2	Apr 04, 2024	637060
HSPB8	K141T	1	1	Sep 18, 2025	637689
GAN	R545H	1	2	Sep 10, 2025	637092
CFTR	Q372H	1	1	Jul 09, 2019	638165
KMT2E	D907V	1	1	Feb 07, 2019	638176
COQ4	G124V	1	1	May 01, 2019	638639
COL4A5	G1602S	1	1	Jan 03, 2022	638646
GJA8	Y66H	1	1	Oct 27, 2025	655801
GJA8	P88A	1	2	Jan 01, 2024	650108
CTSK	C318Y	1	2	May 23, 2026	649051
HNRNPU	K464R	0	1	May 08, 2019	640515
HNRNPU	A227V	0	2	Jan 25, 2024	640405
SELENON	R234C	1	2	Mar 01, 2024	657794
MUTYH	M1V	1	2	Mar 09, 2025	641313
MBD5	G129R	0	2	Nov 06, 2025	643400
MBD5	K312N	0	1	Feb 05, 2024	653969
MBD5	G841S	0	2	Sep 15, 2025	646236
MBD5	P844S	0	1	Aug 13, 2024	665596
MBD5	A851V	0	2	Aug 29, 2024	658883
MBD5	N908K	0	1	Jan 01, 2023	645571
MBD5	S917R	0	2	Jan 13, 2026	649788
MBD5	I1265V	0	1	Jun 10, 2023	651055
MBD5	L1369P	0	2	Mar 19, 2025	658261
SCN1A	H1997R	0	1	Feb 24, 2020	660951
SCN1A	Q1923K	1	1	Feb 01, 2020	650819
SCN1A	D1742A	1	1	Mar 18, 2025	664615
SCN1A	T1709A	1	1	Apr 01, 2024	644805
SCN1A	R1642M	1	2	Aug 03, 2023	658621
SCN1A	E1561G	1	1	Jul 18, 2022	659736
SCN1A	D1544G	1	1	Feb 05, 2019	654231
SCN1A	P1519R	1	1	Jan 27, 2025	662819
SCN1A	V1350L	1	1	Jul 14, 2025	654455
SCN1A	P1345S	1	1	Dec 14, 2018	657600
SCN1A	G1310E	1	1	Sep 06, 2022	664717
SCN1A	L1309V	1	1	Apr 23, 2019	663230
SCN1A	L1230P	1	1	Jan 04, 2020	649785
SCN1A	T1210M	1	3	Apr 30, 2024	658067
SCN1A	E954Q	1	1	Mar 13, 2022	662140
SCN1A	M934I	1	1	Oct 03, 2018	665440
SCN1A	Q910L	1	1	Feb 04, 2022	651591
SCN1A	V724L	0	1	Mar 27, 2019	643531
SCN1A	N416K	1	1	Feb 04, 2022	651325
SCN1A	W384S	1	1	Sep 23, 2020	648421
SCN1A	G343A	1	1	Nov 02, 2023	648913
SCN1A	E311G	0	1	Feb 24, 2020	656588
SCN1A	G238V	1	1	Apr 15, 2024	646877
SCN1A	K225E	1	1	Aug 24, 2021	651146
SCN1A	Y83C	1	1	Sep 29, 2025	643007
SCN1A	P76S	1	1	Feb 19, 2025	650387
COL3A1	G276S	1	2	Oct 02, 2023	659067
COL3A1	G276V	1	1	Dec 25, 2018	658081
COL3A1	G282V	1	1	Sep 24, 2018	664376
COL3A1	G666S	1	2	Nov 12, 2025	640050
COL3A1	G684E	1	2	Jan 24, 2026	650784
COL3A1	G720D	1	1	Aug 20, 2018	654047
STAT1	C324R	1	2	Jul 13, 2021	643417
D2HGDH	L457P	1	1	Jan 12, 2026	649282
PITX2	W139S	1	2	Jun 17, 2024	647394
ALDH7A1	Y516C	1	2	Feb 15, 2024	647989
ALDH7A1	G111E	1	2	Mar 27, 2025	666201
ALDH7A1	E64D	1	1	Feb 18, 2019	646791
PURA	L132V	0	1	Jul 01, 2024	661851
GABRG2	N167K	1	2	Sep 02, 2025	651395
GABRG2	A303T	1	1	Sep 02, 2025	663033
GABRG2	S325L	1	2	Oct 13, 2025	660327
NSD1	L472F	0	2	Dec 24, 2024	655031
NSD1	I636V	0	1	Oct 17, 2024	640640
NSD1	Y1804N	1	1	Mar 11, 2019	645258
HCN1	S264C	1	1	Apr 25, 2024	658809
MEF2C	V462A	0	1	Oct 25, 2022	652831
PRKN	C253Y	1	2	Aug 07, 2025	645725
PRKN	R42P	1	2	Dec 05, 2025	644125
NHLRC1	D192V	1	1	Aug 04, 2023	648810
BCKDHB	G66W	1	2	Oct 26, 2024	664073
POT1	M1V	1	2	Jan 07, 2025	650065
BRAF	A366P	1	1	Dec 30, 2018	645347
ASL	R126W	1	2	Apr 29, 2026	643476
ASL	R456W	1	2	Oct 16, 2024	660049
EXT1	C355R	1	2	Nov 08, 2025	657060
EXT1	C334R	1	1	May 20, 2024	641444
EYA1	L580R	1	1	Mar 13, 2019	644606
DNM1	V439I	0	2	Nov 15, 2025	646235
DNM1	G810V	0	2	Jan 28, 2026	662595
ASS1	L82P	1	2	May 30, 2025	656313
ASS1	R127G	1	2	Nov 02, 2024	649412
ASS1	V353I	0	1	Jan 19, 2026	661912
NOTCH1	A2478T	0	2	Aug 29, 2025	656744
NOTCH1	V2453M	0	2	Dec 13, 2025	649474
NOTCH1	K1782Q	0	1	Nov 27, 2023	650776
NOTCH1	R1296H	0	1	Jan 17, 2026	646252
NOTCH1	D909N	0	2	Feb 03, 2026	652730
NOTCH1	T712A	0	1	Mar 31, 2025	640520
NOTCH1	D622N	0	2	Jun 11, 2025	659037
NOTCH1	V457I	0	2	Sep 17, 2025	662631
FGFR2	K659N	1	2	Jan 13, 2023	661397
SCN2B	T204M	0	2	Dec 28, 2025	655020
GJA3	V44M	1	2	Jan 21, 2023	639312
PAX9	M1K	1	1	Jul 14, 2023	649310
SOS2	P1092L	0	1	Oct 01, 2025	653679
ATL1	A350T	1	1	Jul 11, 2022	654142
ATL1	N356K	1	1	Sep 10, 2018	640724
GRIN2A	L98F	1	1	Aug 29, 2018	646422
GRIN2A	R49S	0	2	Dec 09, 2022	647840
CREBBP	K1520R	1	1	Aug 31, 2021	645503
SLC12A3	H90Y	1	1	Dec 21, 2023	653275
SLC12A3	R158Q	1	2	Apr 29, 2026	647629
SLC12A3	T180K	1	2	Apr 29, 2026	648571
SLC12A3	D486N	1	2	Apr 29, 2026	642516
SLC12A3	S555L	1	2	Apr 29, 2026	642947
PMM2	F183S	1	2	Nov 15, 2025	651739
PMM2	G228C	1	2	Apr 29, 2026	639185
GRIN2A	Q1273K	0	1	Jan 30, 2019	659992
GRIN2A	R1159L	0	1	Aug 24, 2023	660323
GRIN2A	R1159P	0	1	Aug 30, 2024	641063
GRIN2A	P1010T	0	2	May 27, 2025	641793
GRIN2A	K590N	0	1	Apr 01, 2025	638905
GRIN2A	R504W	1	2	Feb 17, 2024	650867
GRIN2A	P140A	0	1	Aug 09, 2022	654034
ALDH3A2	R228H	1	2	May 23, 2026	653859
FOXN1	V294L	1	3	Jul 29, 2024	644342
FOXN1	L325P	1	3	Jul 29, 2024	656631
CARD14	T12M	0	2	Jan 12, 2026	662047
CARD14	M119T	1	1	Nov 05, 2024	660052
CARD14	E398Q	0	1	Jul 27, 2025	656699
CARD14	A603V	0	1	Nov 24, 2025	657357
CARD14	V925I	0	2	Apr 07, 2026	650257
TTR	S43N	1	2	Apr 22, 2024	661615
TTR	R54G	1	1	Aug 08, 2024	660385
TTR	D58A	1	2	Oct 17, 2025	644083
TTR	G77R	1	2	Dec 18, 2025	660445
STK4	D97E	0	1	Jan 25, 2025	655720
STK4	R332Q	0	1	Jan 19, 2026	646884
DYRK1A	R43H	0	1	Mar 20, 2024	659251
DYRK1A	S57P	0	2	Jan 24, 2025	651500
DYRK1A	G162R	1	1	Jul 12, 2022	655610
DYRK1A	T562I	0	1	Apr 05, 2024	662754
DYRK1A	E571G	0	1	Jan 04, 2022	657128
COL6A2	A891T	0	1	Oct 08, 2024	664020
COL6A2	A900T	0	1	Sep 06, 2022	651641
COL6A2	M964I	0	1	Sep 14, 2025	657425
EP300	N1206S	0	1	Oct 29, 2024	664510
EP300	N2357S	0	1	Feb 05, 2024	660420
PCDH19	P344Q	1	2	Jul 12, 2022	647613
PCDH19	E249Q	1	1	Aug 16, 2022	664153
GPC3	Q354R	0	1	Jun 12, 2025	658048
GPC3	N133H	0	1	Feb 26, 2025	644587
ABCD1	A129D	0	1	Jan 31, 2026	649562
ABCD1	R172H	0	1	Dec 22, 2025	650300
ABCD1	G277R	1	2	Sep 24, 2025	651954
ABCD1	G298S	1	2	May 16, 2025	665751
ABCD1	E640G	1	1	Nov 29, 2022	665959
KDM6A	P1247L	1	1	Aug 27, 2021	648826
IQSEC2	R876Q	0	1	Jun 07, 2024	661935
IQSEC2	R563Q	0	1	Aug 18, 2025	642501
IQSEC2	R542L	0	1	Jul 02, 2025	660198
IQSEC2	R499L	0	1	Sep 07, 2022	654939
TRPM4	I1040T	1	2	Oct 01, 2025	652587
ANO10	C513R	1	1	Jan 04, 2016	666355
PURA	K144E	1	2	Jun 23, 2025	666300
PAX9	N17K	1	1	Jan 01, 2014	666317
KDM5C	W622C	1	1	Jan 01, 2015	666339
SLC16A2	G147R	1	1	Jan 01, 2014	666343
BRAF	K483T	1	1	Sep 26, 2024	666412
CCND2	T280I	1	2	Nov 20, 2025	666559
EP300	T1411I	1	1	Oct 16, 2018	666594
COL3A1	G756E	1	2	Jun 06, 2024	667403
EYA1	E41K	0	2	Feb 24, 2024	667110
COL4A5	S136G	0	2	Jan 04, 2026	666682
ESPN	A84S	0	2	Oct 27, 2025	668259
ESPN	V97E	0	2	Dec 15, 2025	683327
ESPN	R422Q	0	2	Dec 17, 2025	676419
SOX2	A267T	0	1	Apr 25, 2018	681395
HMX1	G122S	0	2	Feb 03, 2026	677232
NSD1	S782N	0	1	May 16, 2018	678983
BDP1	A125V	0	2	May 24, 2018	684104
BDP1	V1656I	0	2	Oct 17, 2025	682033
BDP1	M1677I	0	2	Jun 08, 2018	683304
BDP1	R1850W	0	2	Apr 01, 2020	684186
BDP1	N2555S	0	2	Jan 17, 2019	682762
ASS1	T208A	0	2	Jan 28, 2026	679427
SEC23A	L211V	0	2	Feb 03, 2026	683729
MTFMT	R6G	0	2	Jun 19, 2025	669075
RAI1	A984V	0	2	Jan 26, 2026	682587
TRIOBP	A660V	0	2	Feb 01, 2026	681083
TRIOBP	I819T	0	2	Jan 24, 2026	682566
PCDH19	G538S	0	1	Apr 06, 2018	678916
ABCD1	F681L	0	2	Nov 05, 2025	669027
IQSEC2	R200G	0	1	Mar 20, 2018	676984
SLC16A2	R226C	0	2	Dec 06, 2025	676798
MBD5	A968D	0	2	May 01, 2026	675624
TBX1	V19L	0	1	May 12, 2018	668147
B9D2	H5Q	1	1	-	684427
NOTCH1	R1211W	0	1	Jan 27, 2026	684553
SOS2	T264K	1	2	Dec 19, 2024	684626
CARD14	L124P	1	1	May 29, 2024	684676
GABRA2	T292K	1	1	Nov 24, 2022	689387
ABCD1	Y174S	1	2	Oct 17, 2024	689462
SCN1A	N1378I	1	1	Oct 12, 2018	689733
COL3A1	G1053D	1	2	Mar 03, 2022	689752
NKX2-1	P291R	1	2	Jan 24, 2020	689773
ANKRD11	D669A	1	1	Dec 31, 2017	689739
EP300	R1831T	1	1	Dec 31, 2017	689757
ALG1	S71F	1	2	Jan 05, 2026	690319
ALG1	H74L	0	1	Jan 05, 2026	690320
ALG1	P98L	1	1	Apr 24, 2023	690318
ALG1	V281F	1	2	Jan 17, 2026	690317
ALG1	D289G	1	2	May 06, 2025	690314
ALG1	S359L	1	2	Apr 29, 2026	690322
ALG1	L366Q	1	1	Jan 03, 2022	690325
ALG1	R438W	1	2	Apr 29, 2026	690315
SERPING1	I293T	1	1	-	690346
SERPING1	A458V	1	1	-	690357
SERPING1	V473M	1	2	Jan 24, 2023	690355
CC2D2A	W1519G	1	2	Jun 17, 2024	690363
PURA	L168P	1	1	Dec 10, 2018	690372
GRIN2A	S554R	1	2	Aug 08, 2022	691255
KDM5C	V583F	1	1	Jul 06, 2018	691272
CHD3	E1835K	0	1	Jul 01, 2023	2647436
SLC26A4	P123S	1	2	Nov 29, 2025	691506
SLC26A4	M147V	1	2	Jan 06, 2026	691508
SLC26A4	Y214C	1	2	Oct 13, 2025	691509
SLC26A4	T410K	1	2	Dec 17, 2024	691512
SLC26A4	Q421L	1	1	-	691513
SLC26A4	L703P	1	2	Sep 02, 2025	691518
EPHB4	C845R	1	2	May 23, 2019	691533
EPHB4	K650N	1	1	Mar 29, 2019	691540
NDUFAF8	M1V	1	1	Oct 09, 2019	691643
NDUFAF8	F55L	1	1	Oct 09, 2019	691641
TPM1	D55Y	1	1	Oct 10, 2017	691666
TPM1	E250V	1	1	Sep 08, 2017	691667
ABCD1	A141V	1	2	Jan 28, 2025	691979
ABCD1	W339R	1	1	Jul 23, 2019	691977
THAP1	G9S	1	2	Oct 01, 2025	692056
SOD1	D97V	1	1	Mar 20, 2014	692200
PCDH19	D266E	1	2	Dec 30, 2021	692247
LGI4	L344Q	1	1	Jun 28, 2019	692278
LIG4	K283E	1	2	Oct 23, 2022	694006
CFTR	K464T	1	1	Oct 04, 2019	694033
PXDN	S759L	1	1	Jul 19, 2019	694375
PXDN	M1V	1	1	Jul 19, 2019	694379
ABCD1	S656F	1	2	Aug 24, 2023	694632
RIT1	F82S	1	1	-	694696
RIT1	G31R	1	2	Nov 09, 2023	694723
CREBBP	R1664H	1	2	Jul 29, 2025	694829
CREBBP	P1538L	1	1	Sep 19, 2024	694825
CREBBP	T1426R	1	2	Apr 22, 2025	694784
CREBBP	C1240Y	1	2	Aug 21, 2025	694819
CREBBP	R601W	1	2	Sep 24, 2025	694802
SOD1	S106L	1	2	Aug 16, 2025	695024
WASHC4	K1079R	1	1	Jun 03, 2019	695111
SEPSECS	S307G	0	2	Jan 24, 2026	695635
GATA4	S359T	0	1	Nov 20, 2025	695838
ODAD2	D995N	0	2	Oct 29, 2025	696184
SERPING1	P323L	0	1	Jan 26, 2026	695822
LIG4	I658V	0	2	Feb 02, 2026	695189
ELAC2	V234I	0	1	Oct 24, 2025	695758
GPC3	R355C	0	1	Dec 09, 2025	696033
KDM5C	A1260S	0	2	Jan 15, 2026	695363
SLC16A2	A212T	0	2	Mar 16, 2025	695449
HNRNPU	S695G	0	2	Nov 26, 2025	699857
HNRNPU	G153D	0	2	Oct 26, 2025	701987
MBD5	I850M	0	2	Jan 20, 2026	698912
MBD5	A1352V	0	1	Apr 05, 2024	698946
CRYGC	S106N	0	2	Dec 27, 2025	701962
NSD1	H152Y	0	2	Dec 29, 2023	699290
NSD1	D916E	0	1	Sep 19, 2024	701983
NSD1	M1503I	0	2	Jul 02, 2025	698121
NSD1	P2387L	0	1	Jan 15, 2026	698213
HCN1	A724T	0	1	Nov 03, 2025	699883
LAMA4	R1103C	0	2	Jan 01, 2026	700170
TWIST1	G83S	0	2	May 07, 2021	702088
GATA4	G376R	0	2	Jan 27, 2026	699257
WASHC5	R449Q	0	1	Jun 17, 2025	699566
ODAD2	A858T	0	2	May 31, 2025	697699
ODAD2	R666P	0	2	Jan 15, 2026	698302
ODAD2	L178F	0	2	Dec 17, 2025	699748
SCN2B	T157M	0	2	Dec 15, 2025	700158
FAH	V61F	0	2	Jan 22, 2026	697515
ANKRD11	P2276L	0	2	Jan 27, 2026	697952
ANKRD11	S747L	0	2	Jun 01, 2026	697522
ELAC2	S627L	0	1	Jan 06, 2026	698525
ODAD1	R706Q	0	2	Dec 28, 2025	700372
ODAD1	E109K	0	2	Jul 22, 2025	699447
TRPM4	Q293R	0	2	Jan 26, 2026	698661
TRPM4	S481C	0	2	Dec 28, 2025	697797
BFSP1	D656E	0	2	Jan 04, 2026	702116
BFSP1	A296V	0	2	Jan 26, 2026	698118
BFSP1	M140V	0	2	Jun 12, 2025	701924
PCDH19	R1107H	0	2	May 08, 2025	701449
GPC3	A122V	0	2	Apr 01, 2026	701769
CCNQ	T242A	0	1	Nov 08, 2025	702042
GATA1	V121M	0	1	Jan 22, 2026	699558
CHM	N601S	0	2	Jan 26, 2026	698222
CHM	L80F	0	2	Feb 02, 2026	698157
AGRN	P998L	0	2	Dec 21, 2025	703509
AGRN	G1352D	0	1	Oct 17, 2025	705418
AGRN	R1380H	0	2	Jan 25, 2026	703974
AGRN	P1834L	0	2	Nov 17, 2025	703091
RSPO1	R240Q	0	2	Feb 02, 2026	707224
DNAJC6	N526S	0	2	Oct 20, 2025	706821
DNAJC6	T752S	0	2	Jul 16, 2025	704007
NMNAT1	S255N	0	2	Aug 15, 2025	707541
PXDN	D1187N	0	1	Jan 01, 2025	707215
PXDN	S602L	0	2	Jan 12, 2026	707008
CRYGC	R91W	0	1	Apr 11, 2022	705895
HDAC4	A1016T	0	1	May 18, 2018	702721
HDAC4	V836M	0	2	Feb 23, 2024	702324
HDAC4	P442S	0	2	Feb 01, 2023	702713
HDAC4	E374K	0	2	Apr 01, 2025	707111
HDAC4	V320A	0	2	Dec 16, 2025	707344
HDAC4	G220R	0	1	Mar 16, 2025	703519
TFG	S153A	0	2	Sep 29, 2025	703909
MRPL3	S75N	0	2	Jan 27, 2026	703970
STT3B	G46S	0	1	Apr 18, 2025	702393
TRAPPC11	F886I	0	2	Jan 13, 2026	703511
MATR3	I89V	0	1	Nov 12, 2025	706015
GABRG2	V18L	0	2	Oct 30, 2025	707436
RTN4IP1	V365A	0	2	Dec 24, 2025	704000
LAMA4	R1677C	0	2	Jul 22, 2025	706858
KRIT1	A196G	0	2	Mar 19, 2026	704866
EXT1	N373D	0	2	Jan 15, 2026	707063
SECISBP2	A141V	0	2	Dec 31, 2019	705949
SECISBP2	M233I	0	1	Mar 30, 2018	705739
SECISBP2	Q463R	0	1	Dec 31, 2019	707073
SECISBP2	G492V	0	2	Dec 31, 2019	704092
ERCC6	V129M	0	2	Feb 02, 2026	703883
HNRNPA1	G211S	0	1	Dec 31, 2019	706889
TBK1	L306I	0	2	Oct 13, 2025	706316
SOS2	P1205L	0	2	Jan 25, 2026	706612
LITAF	M94V	0	2	Nov 25, 2025	705146
ARL6IP1	N10S	0	1	Oct 17, 2025	704124
ALG1	N393K	0	2	Feb 02, 2026	707764
ANKRD11	M2601L	0	2	May 11, 2025	703249
ANKRD11	V2244I	0	2	May 13, 2026	705209
ANKRD11	P2187L	0	2	Sep 24, 2025	706361
ANKRD11	E2074A	0	2	Jan 12, 2026	707101
ANKRD11	F2065L	0	2	Jan 12, 2026	707102
ANKRD11	V1805I	0	2	Dec 22, 2025	706221
ANKRD11	P1144L	0	2	Oct 26, 2025	703225
CPT1C	Y241H	0	2	Feb 09, 2026	704286
CPT1C	L693M	0	2	Jan 22, 2026	703957
BFSP1	E16Q	0	2	Dec 22, 2025	702564
TBX1	A413G	0	2	Jan 03, 2026	704568
KCTD17	R264H	0	2	Jan 19, 2026	703874
COL4A5	N1010S	0	2	Feb 04, 2026	707019
GPC3	N308K	0	1	Nov 10, 2023	705300
AFF2	M566T	0	2	Jun 01, 2026	702723
CCNQ	R113H	0	2	Jan 15, 2026	703138
ABCD1	R231W	0	2	Nov 10, 2025	703946
ABCD1	K373E	0	1	Aug 15, 2025	703906
KDM6A	C520R	0	2	Feb 01, 2026	702624
NDUFB11	V84I	0	2	Dec 29, 2025	703984
HSD17B10	G80A	0	1	Nov 05, 2025	702573
STS	D413G	0	1	Aug 01, 2024	707559
CHM	D3G	0	1	Sep 21, 2025	704772
AGRN	E42A	0	1	Dec 31, 2025	774056
VANGL1	Q376R	0	2	Dec 19, 2018	773637
IGSF3	D1020E	0	2	Dec 31, 2019	769242
RORC	A464G	0	2	Jan 23, 2026	777933
MIB2	A722T	0	2	Dec 31, 2019	771837
HHAT	Y23C	0	2	Jan 19, 2026	775660
PTPN14	T629M	0	2	Dec 31, 2019	767748
PTPN14	A90T	0	2	Dec 31, 2019	767749
C1QC	S7T	0	2	Nov 05, 2018	775130
C1QC	S7Y	0	2	Nov 05, 2018	775131
COG2	V589I	0	2	Jan 15, 2026	775694
LUZP1	S651C	0	2	Feb 01, 2026	770680
HNRNPU	E125A	0	2	Apr 08, 2025	774114
SELENON	A160P	0	1	Jul 19, 2025	767099
KIAA0319L	G243D	0	2	Aug 23, 2018	773634
KIAA0319L	T234A	0	1	Mar 29, 2018	773635
MFSD2A	T210M	0	2	Jan 27, 2026	775535
C8A	E320D	0	2	Jun 01, 2026	773408
C8A	T407I	0	2	Feb 04, 2026	771115
C8A	D458N	0	2	Feb 03, 2026	777910
C8B	T542I	0	2	Apr 01, 2026	770848
CAMTA1	K329R	0	2	Dec 19, 2025	773626
CAMTA1	P1188S	0	2	Jan 27, 2026	770110
MBD5	E1411K	0	2	Jul 28, 2025	772185
ITGB6	G470R	0	2	Dec 31, 2019	777958
PXDN	A1059T	0	1	Dec 31, 2019	774097
PXDN	V1022M	0	1	Nov 10, 2025	772109
PXDN	T1000M	0	1	Jul 29, 2025	772728
HDAC4	V862I	0	2	Jan 26, 2023	767013
HDAC4	G390S	0	2	Apr 14, 2025	766852
HDAC4	A365V	0	1	Oct 09, 2024	766801
PCARE	A648T	0	2	Feb 01, 2026	777945
TRH	P188L	0	2	Mar 01, 2023	771857
AGTR1	A244S	0	2	Jan 05, 2026	773450
PLCH1	P1611T	0	1	May 24, 2018	774851
PLCH1	P1105S	0	1	May 24, 2018	774852
EHHADH	L715S	0	2	Oct 03, 2021	775930
EHHADH	T283A	0	2	Jul 16, 2021	767943
RNF168	K387R	0	2	Feb 03, 2026	767946
NEK10	N659S	0	2	Jul 13, 2018	778065
NEK10	N401S	0	2	May 01, 2026	769270
CRIPTO	R111G	0	2	Apr 24, 2019	778070
ADAMTS9	A87S	0	2	Dec 19, 2025	778087
LMOD3	P527S	0	1	May 21, 2024	772523
TAPT1	N522S	0	2	Apr 01, 2026	770900
HNRNPDL	L42P	0	2	Sep 01, 2025	769287
HNRNPDL	L42F	0	2	Sep 01, 2025	769288
KIF20A	S44F	0	2	Jun 01, 2026	776591
SLC36A2	S304F	0	2	Apr 01, 2026	771711
OSMR	E388K	0	2	Dec 31, 2019	776042
HTR1A	I28V	0	2	Mar 01, 2025	771709
AGGF1	E123K	0	1	Mar 30, 2018	770164
AGGF1	L582V	0	1	Jun 14, 2017	773192
AGGF1	M706L	0	2	Apr 30, 2018	768007
ERAP1	I915T	0	2	Apr 04, 2018	778211
RTN4IP1	P44T	0	2	Jan 26, 2026	772519
TRAF3IP2	H64P	0	1	Dec 11, 2025	768107
TRAF3IP2	P28R	0	1	Oct 06, 2025	769320
H1-4	K152R	0	2	Jul 01, 2024	773469
SKIC2	C247W	0	2	Feb 01, 2026	770172
BCKDHB	A6V	0	2	Feb 02, 2026	771663
USP45	M398I	0	1	Jun 13, 2018	776142
EPHB4	E890D	0	2	Jan 19, 2026	774194
EPHB4	A882T	0	2	Dec 01, 2025	768187
WEE2	Y526D	0	2	Apr 01, 2026	771416
GPNMB	P324L	0	1	Dec 31, 2019	778297
PRKAR1B	I40V	0	2	Nov 06, 2023	772884
LIMK1	G190A	0	1	Dec 31, 2019	773741
KRIT1	S736L	0	2	Dec 08, 2025	771272
OPLAH	R269C	0	2	Jan 06, 2026	776392
OPLAH	R52C	0	1	Oct 23, 2025	776394
IKBKB	M676I	0	2	Feb 01, 2026	778394
DYNC2I2	R206C	0	2	Jan 12, 2026	772498
SOHLH1	L306M	0	2	Feb 01, 2026	772940
ADAMTSL1	R1125H	0	2	Nov 01, 2022	772910
RIGI	R546Q	0	2	Feb 01, 2026	774319
RIGI	I139L	0	2	Feb 02, 2026	776417
RIGI	R71H	0	2	Feb 02, 2026	774885
SECISBP2	K527R	0	1	Apr 30, 2018	772810
DHTKD1	A70G	0	2	Feb 01, 2026	774680
FGFR2	R22W	0	2	Aug 11, 2025	767266
CEP126	Q146E	0	2	Jan 12, 2018	774477
CEP126	H308L	0	2	Aug 24, 2017	775093
CEP126	S372P	0	2	May 08, 2017	768476
CEP126	M1021T	0	2	Jun 13, 2017	773012
CBLIF	T20I	0	1	Jan 25, 2026	770216
CABP4	G17A	0	2	Jan 19, 2026	771570
CABP4	R100H	0	2	Jan 19, 2026	770051
CAPN5	A242T	0	1	Jun 06, 2017	774628
NOS1	D394A	0	2	Aug 18, 2025	774822
TULP3	R380H	0	2	Dec 31, 2019	768504
CNTN1	T582I	0	1	Dec 21, 2025	771002
CNTN1	K636T	0	1	Jun 25, 2025	767355
KRT74	R420W	0	2	Mar 01, 2026	770985
MMP19	P488T	0	2	Dec 31, 2019	776717
MMP19	R456Q	0	2	Aug 18, 2025	773261
MMP19	P245S	0	2	Dec 31, 2019	773547
TBK1	L613F	0	2	Nov 17, 2025	772806
ZMYM2	M953V	0	2	Dec 31, 2019	778692
FOS	I123V	0	1	Dec 31, 2019	770618
SLC24A4	V613I	0	2	Dec 31, 2019	768676
EML1	H749R	0	2	Jan 15, 2026	774911
LRRK1	A461T	0	2	Feb 01, 2026	768730
LRRK1	L1835F	0	2	Jan 23, 2026	773859
MYO9A	N2504T	0	2	May 04, 2021	776922
MYO9A	H1795Y	0	2	May 06, 2021	776925
MYO9A	P1476R	0	2	Dec 31, 2019	774942
MYO9A	T161I	0	2	May 05, 2021	778554
PML	T28P	0	1	Jul 06, 2018	776928
EFL1	V198A	0	2	Mar 31, 2026	776939
UQCRC2	Q318P	0	2	Jan 18, 2026	775106
CCNF	E396D	0	2	Dec 31, 2019	775366
CCNF	V714M	0	2	Jun 01, 2026	774504
SLC12A3	G695R	0	2	Jan 28, 2026	777031
SLC38A8	T427M	0	2	Jan 26, 2026	777048
LMF1	F279L	0	2	Jan 27, 2026	776957
ANKRD11	K1540R	0	2	Apr 14, 2026	771621
ANKRD11	K1464R	0	2	Sep 07, 2025	772267
ANKRD11	V216I	0	2	Nov 01, 2025	771289
LMF1	V164A	0	2	Jan 27, 2026	768737
MYH2	A1336E	0	1	Aug 13, 2025	771636
INPP5K	P289L	0	2	Apr 03, 2024	778652
KRT12	E250Q	0	1	Sep 04, 2025	770641
ITGA3	P987R	0	2	Jan 06, 2026	770643
CBX2	P471A	0	2	Jan 05, 2026	773753
KANK2	Q563R	0	2	Jan 26, 2026	779042
KANK2	A490T	0	2	Feb 01, 2026	777444
KANK2	V447M	0	2	Feb 01, 2026	777446
KANK2	V4I	0	2	Jan 19, 2026	774524
SLC7A9	A214T	0	1	Dec 30, 2025	770656
LIPE	R938S	0	2	Dec 31, 2019	778844
LIPE	N499H	0	2	Oct 01, 2025	778601
DPP9	T329M	0	2	Jun 14, 2018	769947
PRR12	A79T	0	2	Sep 01, 2025	774961
CPT1C	I722N	0	1	Dec 08, 2024	770072
GP6	G323R	0	2	Jan 23, 2026	775428
NLRP5	R511H	0	2	Mar 01, 2026	775432
MMP9	L187F	0	2	Oct 18, 2025	773609
TP53RK	T135I	0	1	Jan 27, 2026	777579
ADNP	K773E	0	2	Jun 17, 2025	777582
ATP9A	G32V	0	2	Jan 11, 2018	774966
CRKL	G221S	0	2	Feb 02, 2026	770308
GGT1	R466Q	0	2	Sep 01, 2023	771941
MYO18B	D103E	0	2	Jan 26, 2026	770474
MYO18B	A527V	0	2	Jan 12, 2026	770475
MYO18B	D1097E	0	2	Jun 01, 2026	771055
MYO18B	R2076W	0	2	Feb 01, 2026	773372
MYO18B	R2532Q	0	2	Feb 03, 2026	769161
APOL1	E256G	0	1	Jan 26, 2026	771542
APOL1	D337N	0	2	Jan 27, 2026	777703
EP300	T858A	0	2	May 04, 2025	772501
EP300	P886S	0	2	Dec 22, 2025	767051
EP300	R915H	0	2	Feb 01, 2026	772502
COL4A5	I194V	0	1	Nov 15, 2025	772107
COL4A5	R788H	0	2	Oct 16, 2024	770022
COL4A5	T1408S	0	2	Jan 28, 2026	766769
COL4A5	Q1437E	0	2	Jun 01, 2026	774123
CHRDL1	R384Q	0	1	Mar 01, 2025	777821
ABCD1	F146I	0	1	Aug 21, 2024	767404
MAOB	L482M	0	1	Mar 29, 2018	769175
KDM6A	R611H	0	2	Jan 06, 2026	767596
KDM5C	A1397V	0	1	Nov 06, 2024	767411
KDM5C	G835S	0	1	Dec 03, 2018	772666
STS	R52W	0	1	Jun 10, 2025	767432
STS	D322N	0	1	Dec 22, 2017	772258
STS	G375A	0	1	Dec 31, 2019	772496
CHM	R461S	0	1	Apr 28, 2025	772579
KIDINS220	L75F	0	1	Jun 14, 2024	777765
TNFRSF4	P157L	0	2	Jan 12, 2026	785731
ATAD3A	P311S	0	2	Jan 19, 2018	791764
ATAD3A	D474H	0	2	Jan 19, 2018	791767
MIB2	R345Q	0	2	Oct 24, 2018	780208
MIB2	V557I	0	1	Dec 04, 2017	784926
HHAT	G333R	0	2	Jan 15, 2026	790251
HHAT	T371I	0	2	Jan 26, 2026	782083
PTPN14	R877Q	0	2	Aug 18, 2025	791831
DISP1	L1239P	0	2	Oct 21, 2025	789957
LBR	I467F	0	1	Sep 10, 2025	781801
COG2	T511S	0	2	Jan 02, 2026	779620
KDF1	R145W	0	2	Jan 13, 2026	782681
KIAA0319L	T291A	0	2	Jan 01, 2026	782936
SLC6A9	A173T	0	1	Dec 02, 2025	788180
SLC6A9	G158S	0	2	Dec 29, 2025	791710
CAMTA1	R976K	0	2	Dec 01, 2025	788497
CAMTA1	T1336I	0	2	Mar 01, 2026	784438
ARL6IP6	R56L	0	2	May 01, 2026	784457
ITGB6	V438M	0	2	Mar 01, 2026	790339
GALNT3	V569I	0	2	Feb 02, 2026	782738
GAD1	V418I	0	2	Feb 02, 2026	786265
EMILIN1	S268G	0	2	May 14, 2018	788509
PCARE	R258I	0	2	Feb 01, 2026	780343
PCARE	A252D	0	2	Feb 01, 2026	781944
PPM1B	A18T	0	1	May 17, 2018	785963
TTC7A	L32V	0	1	Feb 04, 2026	791014
TTC7A	R515W	0	2	Jan 25, 2026	785633
CCDC88A	L1501V	0	2	Feb 03, 2026	787231
ADAM17	K162E	0	2	Jan 27, 2026	780336
ADAM17	H78D	0	2	Feb 04, 2026	780814
UROC1	R496Q	0	2	Dec 31, 2019	780410
UROC1	R429C	0	2	Apr 30, 2020	791949
UROC1	R188W	0	2	Feb 01, 2026	789169
UROC1	A65S	0	1	Dec 31, 2019	787257
UROC1	R20Q	0	2	Dec 30, 2021	791089
ATP2C1	V231I	0	2	Jun 13, 2025	783404
EHHADH	R483Q	0	2	Apr 27, 2021	786507
RNF168	A167T	0	1	Jan 11, 2026	791965
EOMES	Q6E	0	1	Dec 31, 2019	791474
MST1	G215R	0	2	Jul 21, 2018	783381
ADAMTS9	G598V	0	2	Nov 03, 2025	789988
ADAMTS9	I76V	0	1	Dec 19, 2025	791934
MANBA	R160C	0	2	Jan 20, 2026	790006
LRIT3	S409F	0	2	Jan 19, 2026	787276
UVSSA	G355R	0	2	Mar 01, 2023	784035
TAPT1	E465K	0	2	Feb 01, 2026	786035
KLKB1	T270A	0	2	Aug 04, 2021	789581
KLKB1	T358A	0	2	Sep 27, 2021	791993
NELFA	A334T	0	1	May 13, 2018	789469
SLC34A2	V45A	0	2	Dec 22, 2025	780909
SLC34A2	K281E	0	2	Jan 16, 2026	786814
SLC34A2	I312M	0	2	Jan 17, 2026	783418
SLC34A2	L414F	0	2	Jan 21, 2026	789280
SIL1	T51I	0	2	Jul 01, 2025	782453
SLC36A2	D171G	0	1	Sep 02, 2025	782461
SLC36A2	S26G	0	1	Jan 27, 2026	789584
NSD1	G246C	0	1	Jun 22, 2017	781739
OSMR	S202C	0	1	Oct 25, 2017	787814
OSMR	Y364H	0	2	Jan 01, 2025	791577
ANKRD55	E279K	0	2	Feb 01, 2025	785800
HTR1A	G273D	0	1	Dec 31, 2019	779885
HTR1A	A155G	0	1	Dec 31, 2019	781737
AGGF1	Y112C	0	2	Apr 26, 2018	785128
ERAP1	V588G	0	1	Jul 23, 2018	784055
ERAP1	G514R	0	2	Apr 01, 2026	790316
H1-4	A47V	0	2	Jun 01, 2026	791564
SNX14	Y397C	0	2	Jan 06, 2026	781886
USP45	F349C	0	1	Feb 25, 2018	792044
SLC26A3	I601T	0	2	Jan 29, 2026	782026
FEZF1	S85G	0	2	Feb 03, 2026	787587
GPNMB	S526R	0	1	Dec 31, 2019	781034
LFNG	V346M	0	2	Feb 01, 2026	786075
LIMK1	K66T	0	2	Dec 31, 2019	781649
SEMA3D	P615T	0	2	Aug 01, 2025	782021
KRIT1	I79V	0	2	Sep 30, 2025	783247
CTSB	N246T	0	2	Oct 27, 2025	779342
OPLAH	Q931R	0	1	Dec 24, 2025	790907
OPLAH	G640S	0	1	Jan 21, 2026	788168
OPLAH	R501Q	0	2	Jan 25, 2026	779662
IKBKB	D738N	0	1	Dec 02, 2025	790838
CYP7A1	H86N	0	2	Nov 08, 2025	782514
SOHLH1	P361L	0	1	Jan 24, 2018	780839
DHTKD1	A210S	0	2	Feb 03, 2026	785771
DHTKD1	M547I	0	2	Oct 19, 2025	779601
DHTKD1	Q611R	0	2	Mar 16, 2026	785749
DHTKD1	D707E	0	2	Feb 02, 2026	786139
HELLS	G112S	0	2	Jan 28, 2026	790454
HELLS	I816V	0	1	Jan 25, 2026	791306
CEP126	P710S	0	2	Jul 18, 2017	783645
ZBTB16	V358M	0	2	Dec 01, 2025	784657
CAT	H209Y	0	2	Nov 07, 2023	786782
CBLIF	V380I	0	2	Jan 19, 2026	788331
TUB	I263V	0	1	Jan 26, 2026	781808
NOS1	G864D	0	2	May 01, 2023	788796
NOS1	N725D	0	1	Dec 31, 2019	790129
NOS1	G595S	0	2	Feb 01, 2023	789526
NOS1	D241N	0	2	Sep 01, 2024	790463
NOS1	S153L	0	2	Dec 31, 2019	787102
TULP3	A296E	0	2	Dec 31, 2019	784226
WNT10B	P301S	0	2	Jan 15, 2026	782957
KRT74	E424K	0	2	Jan 14, 2026	790658
KRT74	G100R	0	2	Jan 11, 2026	789219
KRT1	R86S	0	2	Aug 04, 2025	784241
KRT1	R65W	0	1	Dec 26, 2025	786929
L2HGDH	N216S	0	2	Dec 01, 2025	788189
SLC24A4	V219M	0	2	Dec 20, 2018	786254
LRRK1	P543S	0	2	Jun 01, 2026	786427
LRRK1	V697I	0	2	Jan 26, 2026	782010
LRRK1	A1350T	0	2	Jan 26, 2026	785514
LRRK1	P1796H	0	2	Feb 02, 2026	779276
CHSY1	L519I	0	1	Feb 21, 2020	782891
MYO9A	R2283H	0	2	Jan 01, 2026	791639
EFL1	M756I	0	2	Mar 31, 2026	787963
EFL1	K423E	0	2	Mar 31, 2026	787964
EFL1	N83D	0	2	Jan 28, 2026	787124
IGF1R	R650Q	0	2	Jan 19, 2026	783720
BCKDK	A61S	0	2	Nov 11, 2025	783737
CARMIL2	S425F	0	2	Feb 02, 2026	784539
SLC38A8	G343R	0	2	Feb 02, 2026	782413
LMF1	E531D	0	2	Jan 25, 2026	783726
LMF1	R523H	0	2	Jan 14, 2026	780012
LMF1	R451W	0	2	Jan 26, 2026	782342
LMF1	A32V	0	2	Jan 13, 2026	790161
INPP5K	T305M	0	2	Dec 30, 2024	791338
INPP5K	G215R	0	2	Dec 31, 2019	780388
FOXN1	P7L	0	1	Jan 20, 2026	786871
FOXN1	S491L	0	1	Dec 23, 2025	791601
ITGA3	A310V	0	2	Feb 01, 2026	782041
ITGA3	L371F	0	2	Jan 27, 2026	783785
ITGA3	V474M	0	2	Jan 05, 2026	785824
DGKE	G20E	0	2	May 01, 2026	783790
CBX2	L193M	0	2	Jan 19, 2026	784364
CBX2	K283N	0	2	Jan 25, 2026	791205
CBX2	G314S	0	2	Dec 20, 2025	788684
SIN3B	S266G	0	2	Jul 01, 2026	788336
SLC7A9	P482S	0	2	Nov 10, 2025	783828
PEPD	A432T	0	2	Jun 01, 2026	787004
PEPD	D419G	0	2	Jun 01, 2026	782167
PEPD	I288T	0	2	Jan 31, 2026	781447
PEPD	R265Q	0	1	Jan 11, 2026	788815
PEPD	E170V	0	2	Feb 02, 2026	791721
PEPD	R148C	0	2	Feb 02, 2026	791722
LGI4	G394S	0	2	Dec 31, 2019	787138
ARHGEF1	P375L	0	2	Feb 04, 2026	779988
DPP9	A184G	0	2	Apr 01, 2026	788833
PRR12	A716G	0	2	Feb 01, 2023	784836
PRR12	V1125I	0	2	Nov 01, 2025	781470
PRR12	V1489A	0	2	Aug 12, 2021	788031
ACP4	G328A	0	2	Dec 31, 2019	784720
NLRP5	E89G	0	2	Dec 31, 2019	788317
NLRP5	T230M	0	1	Dec 31, 2019	786437
NLRP5	A421T	0	2	Dec 31, 2019	781885
NLRP5	T960M	0	1	Dec 31, 2019	788476
NLRP5	G1029S	0	1	Dec 31, 2019	781535
TGM6	W11G	0	2	Jan 01, 2024	781748
RSPO4	R106Q	0	2	May 18, 2018	784403
PIGP	Y94C	0	2	Feb 03, 2026	789860
CFAP410	S208L	0	1	Dec 28, 2025	786978
CFAP410	G153S	0	2	Feb 02, 2026	784886
MYO18B	R324S	0	2	Feb 01, 2026	788045
MYO18B	R1727Q	0	2	Jan 23, 2026	779210
MYO18B	R2047Q	0	2	Feb 03, 2026	781614
MYO18B	R2199Q	0	2	Jan 26, 2026	785683
PISD	R44I	0	2	Jan 15, 2026	782636
APOL1	N176S	0	2	Jan 27, 2026	787506
TRIOBP	L122S	0	2	Sep 10, 2025	790776
COL4A5	I450M	0	1	Dec 31, 2025	779560
CHRDL1	R209H	0	2	Dec 26, 2025	788059
NDUFB11	W85C	0	1	Oct 31, 2024	788165
CACNA1F	A1248T	0	1	Jan 19, 2026	780691
STS	A18T	0	2	Feb 01, 2023	779550
STS	R578H	0	2	Jul 12, 2022	781922
CTSK	D272E	0	1	Jan 12, 2026	712808
RORC	K469R	0	1	Feb 01, 2026	712886
KISS1	P110T	0	2	Nov 24, 2025	716738
HHAT	R312H	0	2	May 09, 2025	721005
HHAT	W486L	0	2	Sep 09, 2025	719245
NEK2	R288Q	0	2	Jan 17, 2026	709034
NEK2	R190H	0	2	Feb 01, 2026	711843
PTPN14	P1115L	0	2	Dec 31, 2019	717438
PTPN14	R668C	0	2	Oct 01, 2023	718897
PTPN14	S418N	0	2	Apr 01, 2026	717676
PTPN14	H360P	0	2	Feb 01, 2023	709021
DISP1	Q928R	0	2	Dec 17, 2025	714953
DISP1	G1070D	0	2	Dec 24, 2025	712422
DISP1	M1096T	0	2	Feb 01, 2026	711058
C1QC	V187I	0	2	Jan 18, 2026	714637
COG2	R510C	0	2	Dec 01, 2025	714468
LUZP1	T727A	0	2	Aug 10, 2025	720859
TBCE	R223W	0	2	Dec 14, 2025	721221
KDF1	K189R	0	2	Jan 17, 2026	718390
KIAA0319L	R777W	0	2	Apr 01, 2026	711665
TP73	A325T	0	2	May 30, 2018	714065
SLC6A9	G604S	0	2	Oct 07, 2025	719042
C8A	R485H	0	2	Feb 01, 2026	710241
C8A	R552G	0	1	Nov 28, 2025	717260
ESPN	R325H	0	2	Oct 23, 2025	716900
CAMTA1	A697V	0	2	Dec 17, 2025	712671
CAMTA1	N1218T	0	2	Jun 01, 2026	714195
BUB1	R585H	0	1	Dec 23, 2024	711115
BUB1	A226V	0	2	May 01, 2026	710415
ITGB6	D273E	0	1	May 03, 2018	713050
ITGB6	R15K	0	1	Dec 31, 2019	718905
HDAC4	V974A	0	1	Aug 14, 2017	721248
D2HGDH	R26W	0	2	Apr 01, 2025	715392
XDH	V629I	0	2	Dec 29, 2025	718983
XDH	D557N	0	1	Jan 12, 2026	721223
XDH	E133K	0	2	Jan 19, 2026	715376
CRIM1	P856S	0	2	Dec 31, 2019	710585
CRIM1	R996G	0	2	Apr 18, 2018	712502
PPM1B	D381N	0	1	Dec 31, 2019	708633
TTC7A	S53T	0	2	Feb 02, 2026	721225
TTC7A	R146Q	0	1	Jan 19, 2026	712939
TTC7A	R753Q	0	2	Jan 26, 2026	707926
CCDC88A	T1774A	0	1	Feb 03, 2026	714124
CCDC88A	T1304A	0	2	Jan 26, 2026	720749
TFG	A303V	0	1	Apr 29, 2024	709001
UROC1	G203D	0	2	Dec 31, 2019	717197
UROC1	T189M	0	1	Dec 31, 2019	717198
TF	R42L	0	1	Jan 29, 2026	716527
TF	G562V	0	1	Jan 28, 2026	711120
TF	S635L	0	1	Feb 02, 2026	713199
AGTR1	A163T	0	2	Jun 04, 2025	716448
PLCH1	D1157E	0	1	May 24, 2018	714211
IL12A	V177M	0	2	Jun 01, 2026	708885
IL12A	P186L	0	2	Aug 22, 2018	713905
TNIK	E907A	0	2	May 01, 2026	709853
EHHADH	I689T	0	2	Aug 24, 2022	712442
EHHADH	R684G	0	2	Aug 24, 2022	712443
EHHADH	L255V	0	2	Jun 28, 2021	716105
EHHADH	I203S	0	2	Dec 29, 2021	711376
RNF168	P494L	0	2	Jan 26, 2026	716856
EOMES	S91R	0	2	Jan 24, 2018	718935
ANO10	F281S	0	2	Jan 22, 2026	719010
ADAMTS9	V1597M	0	1	Jan 06, 2026	716446
CHMP2B	K55Q	0	1	Aug 03, 2025	712214
SRGAP3	Q324L	0	2	Jun 05, 2018	720298
UVSSA	R246Q	0	1	May 25, 2018	720788
TAPT1	G166C	0	2	Jan 25, 2026	708783
TAPT1	I116L	0	2	Jan 26, 2026	713074
KLKB1	F311V	0	2	Jul 17, 2025	712554
NELFA	S335A	0	1	Dec 31, 2019	721255
NELFA	A221P	0	1	Dec 31, 2019	718432
KIF20A	E63K	0	2	Mar 01, 2026	708339
CSF1R	R921Q	0	2	Oct 05, 2025	720266
CSF1R	V518M	0	2	Jan 27, 2026	711934
SLC36A2	R376C	0	1	Feb 01, 2026	715954
NSD1	D177G	0	1	Oct 05, 2023	713308
NSD1	R500T	0	1	Aug 02, 2017	713151
NSD1	E605Q	0	1	Oct 11, 2023	711672
NSD1	L1030F	0	2	Apr 08, 2022	708683
NSD1	E1388K	0	1	Dec 31, 2019	710430
OSMR	V169I	0	2	Mar 29, 2022	717723
OSMR	A950E	0	2	Jul 06, 2018	716828
HCN1	S695A	0	2	Jan 21, 2025	713218
ANKRD55	S376P	0	2	Mar 01, 2026	719615
HTR1A	P16L	0	1	Dec 31, 2019	713219
TRAF3IP2	H528R	0	1	Jan 11, 2026	715353
IFNGR1	V46I	0	1	Mar 16, 2025	720113
SNX14	Q88H	0	2	Jun 01, 2026	713326
BACH2	A418T	0	2	Jan 22, 2026	709781
TAF6	P635L	0	2	Sep 03, 2024	712377
EPHB4	A371V	0	2	Dec 24, 2025	708347
EPHB4	P231S	0	2	Jan 10, 2026	709397
KMT2E	P1784S	0	2	Feb 01, 2026	708789
SLC26A3	K723N	0	2	Feb 01, 2026	718251
SLC26A3	V425I	0	2	Jan 11, 2026	711005
FEZF1	G175R	0	2	Dec 23, 2025	718873
GPNMB	P18L	0	1	Dec 31, 2019	715719
GPNMB	N197K	0	2	Mar 01, 2023	718718
GPNMB	D433E	0	1	Dec 24, 2018	716877
LIMK1	H259Q	0	2	Jan 01, 2026	712470
LIMK1	R422Q	0	1	Dec 31, 2019	711707
MYC	S362F	0	2	Aug 18, 2025	719682
OPLAH	R997C	0	2	Jan 27, 2026	714717
OPLAH	H870D	0	1	May 06, 2024	719687
OPLAH	R641C	0	1	Dec 30, 2025	715149
OPLAH	V545M	0	2	Dec 15, 2025	714803
GTF2E2	K183R	0	2	Jun 01, 2026	715909
IKBKB	A710T	0	2	Jan 24, 2026	708040
RP1	G1522D	0	2	Jan 23, 2026	712475
COQ4	D32E	0	1	Jan 14, 2026	708214
SOHLH1	S174L	0	1	Dec 11, 2017	716396
RIGI	I916T	0	1	Jan 26, 2026	714422
RIGI	N245S	0	2	Feb 01, 2026	719465
ROR2	V874I	0	1	Dec 24, 2024	718335
DHTKD1	H908N	0	2	Dec 16, 2025	714449
SLC18A3	A13P	0	1	Jan 26, 2026	717239
HELLS	M1T	0	2	Feb 01, 2026	716400
CEP126	A178T	0	1	Feb 01, 2018	708405
IL10RA	F239S	0	2	Jan 23, 2026	718027
VPS11	R531Q	0	2	Jan 31, 2026	714058
KCNC1	Q484R	0	2	May 30, 2024	708688
HPS5	M1073V	0	2	Jun 28, 2026	707875
CAT	L176M	0	1	Apr 24, 2018	707827
CAT	R189C	0	2	Mar 01, 2026	716541
CAT	I493T	0	1	Jan 17, 2018	714498
TUB	V376I	0	2	Jan 30, 2026	719359
CLEC7A	M247L	0	1	Aug 16, 2018	718877
CLEC7A	I223S	0	2	Mar 28, 2018	720451
CLEC7A	L183F	0	2	Dec 01, 2023	717363
WASHC4	T599S	0	1	Dec 31, 2019	713251
KRT74	R392Q	0	2	Jan 14, 2026	718092
KRT74	R85W	0	2	Jan 25, 2026	719502
KRT74	G65A	0	2	Sep 29, 2025	714179
MMP19	R103C	0	2	Aug 18, 2025	709455
ZMYM2	D152H	0	2	Mar 01, 2026	710811
KL	A203S	0	2	Dec 23, 2025	710027
ITM2B	P31H	0	2	Feb 01, 2026	718098
SOS2	R630H	0	2	Nov 03, 2025	714033
FOS	K176N	0	2	Nov 01, 2022	710469
FOS	P233A	0	2	Jul 01, 2022	714336
SLC24A4	Y300C	0	2	May 01, 2025	720703
SLC24A4	A510V	0	1	May 03, 2018	721233
SLC24A4	R585Q	0	1	Aug 17, 2018	715669
EML1	G109D	0	2	Jun 01, 2026	708175
LRRK1	D324E	0	2	Nov 10, 2025	708971
LRRK1	L416M	0	2	Feb 04, 2026	719736
LRRK1	M1735V	0	2	Jan 26, 2026	708181
LRRK1	R1850C	0	2	Jan 28, 2026	720404
MYO9A	G1767E	0	2	Sep 12, 2018	711630
MYO9A	V1067M	0	2	Dec 31, 2019	709912
MYO9A	M741V	0	2	Dec 31, 2019	720503
MYO9A	E525V	0	1	Nov 15, 2018	719417
PML	A549T	0	1	May 30, 2018	708969
EFL1	V1010I	0	2	May 01, 2026	715816
EFL1	P881T	0	2	May 01, 2026	715817
EFL1	S781F	0	2	Dec 26, 2025	720725
EFL1	M776V	0	2	Jan 23, 2026	717031
EFL1	N342S	0	2	Jan 05, 2026	707938
NTRK3	V21F	0	1	Dec 31, 2019	719029
IGF1R	V388M	0	2	Jan 23, 2026	716221
SETD1A	A755T	0	2	Mar 29, 2018	712178
SLC38A8	T5I	0	1	Jan 24, 2026	709614
ANKRD11	T1746M	0	2	Oct 09, 2021	708420
ANKRD11	H1465N	0	2	Jun 29, 2025	718360
ANKRD11	S613C	0	2	Jun 06, 2025	717959
LMF1	R230Q	0	2	Jan 14, 2026	714678
FOXN1	A121V	0	3	Jul 29, 2024	712831
ERBB2	A1039T	0	1	Nov 24, 2025	712293
KRT12	T243I	0	2	May 01, 2025	717637
DLX3	A90S	0	1	Nov 15, 2025	712745
SMARCD2	I486T	0	2	Feb 12, 2026	717041
ITGB4	E642K	0	2	Jun 01, 2026	714023
ITGB4	R844L	0	1	Jan 15, 2026	717464
CBX2	A189T	0	1	Jul 14, 2025	708561
CARD14	E3K	0	2	Jun 18, 2025	720162
CARD14	R426W	0	1	Jan 23, 2026	720018
KANK2	G471S	0	2	Dec 29, 2025	709957
KANK2	R197W	0	2	Jan 15, 2026	710381
PEPD	G12R	0	1	Jan 19, 2026	708981
LGI4	I429T	0	1	Dec 31, 2019	717495
LIPE	G1058R	0	2	Dec 31, 2019	708992
LIPE	S888P	0	1	Dec 26, 2018	708271
LIPE	G742R	0	2	Oct 19, 2021	708902
LIPE	K497N	0	2	Sep 01, 2024	708000
LIPE	R404C	0	2	Feb 01, 2026	712337
LIPE	A194V	0	2	Apr 01, 2026	710784
LIPE	P146S	0	1	Dec 31, 2019	716480
LIPE	A94T	0	2	Nov 01, 2024	720457
DPP9	E566K	0	2	Apr 01, 2026	717743
PRR12	R1736G	0	2	Sep 02, 2022	713923
KLK4	G159D	0	2	Dec 31, 2019	714810
NLRP5	R85Q	0	1	Dec 31, 2024	718760
NLRP5	R302Q	0	2	Dec 01, 2025	718965
NLRP5	R786C	0	1	Oct 17, 2018	710151
NLRP5	A952V	0	1	Dec 31, 2019	708004
NLRP5	A1025D	0	1	Feb 08, 2018	714163
MGME1	R95G	0	1	Dec 24, 2025	720145
MGME1	G301R	0	2	Dec 28, 2025	708005
CST3	R79S	0	1	Apr 17, 2023	719121
CST3	G30S	0	2	Aug 27, 2025	714896
TGM6	S161G	0	2	Oct 06, 2025	712866
MMP9	R24C	0	2	Jun 01, 2026	707836
MMP9	N38S	0	2	Feb 01, 2026	708035
TP53RK	V58L	0	1	Oct 23, 2025	711244
TP53RK	T8M	0	2	Jan 28, 2026	717598
ADNP	I1062T	0	2	Mar 09, 2025	713739
ADNP	K852E	0	2	Apr 21, 2025	711607
ADNP	I359V	0	2	Jan 28, 2026	718326
RTEL1	G340S	0	2	Jan 28, 2026	711514
RTEL1	V888L	0	2	Jan 27, 2026	719059
PIGP	I66V	0	1	Feb 02, 2026	709521
CFAP410	R247H	0	1	Jan 18, 2026	716898
ADA2	R230Q	0	2	Feb 04, 2026	707866
MYO18B	M371L	0	1	Feb 01, 2026	714011
MYO18B	V587L	0	2	Jan 27, 2026	716515
MYO18B	T772M	0	2	Jan 27, 2026	716649
MYO18B	A835V	0	1	Jan 28, 2026	718163
MYO18B	Q989R	0	2	Feb 01, 2026	716650
MYO18B	V1297M	0	1	Jan 28, 2026	714190
MYO18B	R2027C	0	1	Sep 15, 2025	718656
MYO18B	G2267A	0	2	Jan 26, 2026	718328
EP300	R838H	0	1	Dec 31, 2019	718260
EP300	P2163L	0	1	Dec 20, 2025	711232
COL4A5	P396L	0	2	Jan 28, 2026	720621
COL4A5	R673G	0	2	Nov 24, 2025	715195
CCNQ	E61K	0	2	Sep 09, 2024	720975
ABCD1	R381H	0	1	Dec 22, 2025	714364
CACNA1F	G1683E	0	2	Jan 19, 2026	717130
KIDINS220	N1108S	0	2	Jul 01, 2026	712924
AGRN	G523R	0	1	Oct 24, 2025	723752
AGRN	A529V	0	1	Jan 23, 2026	734440
VANGL1	V103M	0	1	Dec 31, 2019	729082
VANGL1	R214W	0	1	Dec 31, 2019	722035
IGSF3	P586L	0	1	Oct 16, 2017	722600
TNFRSF4	A217T	0	1	Jan 18, 2026	725554
TNFRSF4	V3L	0	1	Jan 12, 2026	732025
ATAD3A	G578R	0	2	May 07, 2025	721370
MIB2	R377C	0	1	Feb 13, 2018	723677
LHX4	E129K	0	1	Dec 14, 2020	727667
HHAT	R176C	0	2	May 06, 2025	728722
DISP1	S1245R	0	1	Mar 25, 2025	732505
DISP1	N1281I	0	2	Jan 15, 2026	723968
COG2	V653I	0	2	Dec 28, 2025	729988
HNRNPU	R69P	0	2	Jul 30, 2024	728337
ESPN	A296V	0	2	Aug 22, 2025	721600
ESPN	M762L	0	2	Dec 04, 2024	728920
CAMTA1	S538T	0	2	Aug 01, 2025	732186
CAMTA1	V627I	0	1	Dec 27, 2017	731017
CAMTA1	E663D	0	2	Sep 26, 2025	725147
CAMTA1	I666M	0	2	Oct 02, 2025	730371
CAMTA1	S707C	0	2	Feb 01, 2026	724543
CAMTA1	G1004R	0	2	Jan 26, 2026	734976
CAMTA1	A1052V	0	2	Jun 29, 2023	732840
CAMTA1	E1191D	0	2	Nov 24, 2025	730882
CAMTA1	G1387D	0	2	Jan 12, 2026	728922
ITGB6	G593R	0	1	Jun 11, 2018	722783
EMILIN1	Q536R	0	2	Dec 31, 2019	729665
PCARE	L612P	0	2	Jan 24, 2026	734530
PCARE	V463F	0	2	Jun 01, 2026	728217
XDH	I892M	0	1	Jan 12, 2026	728262
TTC7A	S116L	0	2	Feb 01, 2026	724831
FSHR	G70A	0	2	Mar 29, 2018	721735
CCDC88A	K1854E	0	1	Nov 13, 2025	728573
CCDC88A	R1648T	0	2	Feb 03, 2026	728727
STAMBP	Q155H	0	2	Jun 03, 2025	722352
UROC1	Y643C	0	1	Aug 16, 2018	724727
UROC1	V115M	0	2	Dec 31, 2019	734119
TRH	R232Q	0	1	Jun 21, 2018	729310
AGTR1	V65I	0	2	Nov 23, 2025	726987
EHHADH	T335A	0	2	Jan 01, 2026	724974
EHHADH	I41V	0	2	Nov 18, 2022	733114
RNF168	C378R	0	2	Jan 22, 2026	726053
CACNA1D	A1285V	0	2	Feb 17, 2026	732287
SRGAP3	V1081M	0	1	Dec 31, 2019	729518
SRGAP3	S894G	0	1	Dec 31, 2019	729048
SRGAP3	I628V	0	1	Dec 31, 2019	725709
LRIT3	D135V	0	2	Jan 06, 2026	728146
UVSSA	V293M	0	1	Jan 08, 2018	733725
KLKB1	M203V	0	2	Sep 10, 2018	722240
NELFA	T387M	0	1	Dec 31, 2019	734801
NELFA	I338V	0	1	Dec 31, 2019	732754
SEPSECS	C431G	0	2	Jan 12, 2026	734701
SLC34A2	R513G	0	2	Aug 08, 2025	733882
MTTP	R32Q	0	1	Jan 26, 2026	733342
SLC6A19	I15M	0	2	Jan 22, 2026	726243
HSPA9	H26Y	0	1	Nov 16, 2017	725734
SLC36A2	T416N	0	1	Nov 23, 2025	725585
SLC36A2	H144Y	0	1	Oct 03, 2025	729146
DNAJC21	R274Q	0	2	Jan 20, 2026	721326
DNAJC21	E433K	0	2	Jan 30, 2026	728861
LIFR	S473P	0	1	Jan 14, 2026	723161
OSMR	R405Q	0	1	Dec 28, 2017	733346
OSMR	S800T	0	2	Mar 01, 2018	727722
HCN1	P744L	0	2	Aug 04, 2023	728708
ITGA2	A90T	0	2	Jan 13, 2018	729318
HTR1A	S182L	0	2	Jul 01, 2022	725315
CWC27	E153K	0	2	Jan 18, 2026	729142
GFM2	Q312E	0	2	Jan 24, 2026	727214
LAMA4	A125S	0	2	Mar 05, 2025	734369
STX11	S28L	0	2	Jan 28, 2026	732962
H1-4	A112V	0	2	Sep 01, 2022	725198
F13A1	T551I	0	1	Dec 31, 2019	725280
BACH2	A195T	0	2	Jan 26, 2026	734225
TAF6	A204T	0	1	Jun 12, 2025	728114
FEZF1	F185L	0	2	Jun 15, 2025	723308
GPNMB	D141Y	0	1	Dec 31, 2019	733291
LFNG	R307H	0	1	Nov 17, 2025	728667
LIMK1	G207D	0	2	Dec 31, 2019	727303
CTSB	Q334P	0	1	Oct 22, 2024	728614
CTSB	P91L	0	2	Oct 17, 2024	732968
MYC	F22L	0	2	Jan 01, 2023	722844
TRAPPC9	R1042H	0	2	Dec 20, 2025	726505
OPLAH	R658L	0	2	Jan 18, 2026	732788
EYA1	T502S	0	1	Jan 30, 2018	721834
CFAP418	R131H	0	2	Dec 29, 2025	725033
RPL35	N101H	0	1	Jan 27, 2026	731009
DYNC2I2	G36V	0	1	Jan 22, 2026	734463
ROR2	E703D	0	1	Jul 23, 2025	730310
DHTKD1	K148T	0	2	Dec 01, 2025	729952
ERCC6	A1439P	0	1	Jan 26, 2026	722125
SLC18A3	I426V	0	1	Dec 15, 2025	733836
COX15	I347T	0	1	Dec 15, 2025	722849
ALKBH8	P607R	0	2	Apr 06, 2022	721730
ALKBH8	C467S	0	2	Jun 01, 2026	732297
IL10RA	E58K	0	2	Oct 30, 2025	733184
CAT	T291A	0	1	Dec 31, 2019	727549
CAPN5	K565Q	0	1	Sep 23, 2025	725203
MED17	Q68P	0	2	Jan 26, 2026	731836
MED17	S75C	0	2	Jan 31, 2026	724157
WASHC4	M128I	0	2	Aug 01, 2025	732660
NOS1	L869P	0	1	Jun 26, 2018	721345
FERRY3	I361T	0	2	Jun 01, 2026	723335
KRT74	G507V	0	1	Jan 23, 2026	727421
KRT74	P476S	0	2	Jan 21, 2026	729449
KRT74	R48Q	0	1	Jul 03, 2025	725342
MMP19	G484R	0	2	Dec 21, 2018	721954
TBK1	K570R	0	1	Sep 06, 2018	729980
NECAP1	V237L	0	1	Nov 17, 2025	723183
POC1B	S478I	0	2	Feb 01, 2026	733918
COA8	R35K	0	2	Jan 26, 2026	725984
NFKBIA	R314H	0	1	Jan 01, 2026	725358
SLC24A4	T78A	0	2	Dec 31, 2019	723341
EML1	D515N	0	1	Sep 28, 2024	721505
MTFMT	I283V	0	2	Dec 20, 2025	724265
MYO9A	S2178T	0	2	Dec 31, 2019	731843
MYO9A	T1437I	0	1	Feb 20, 2018	723659
MYO9A	S768N	0	2	Nov 01, 2024	733376
IGF1R	E1283K	0	1	Jul 31, 2024	721865
CCNF	R691Q	0	1	Jan 31, 2018	722268
SLC12A3	I515V	0	2	Nov 17, 2025	722826
SLC12A3	H891R	0	1	Jan 28, 2026	728408
SLC38A8	V431I	0	1	Jun 04, 2025	730612
SLC38A8	M321L	0	1	Jan 10, 2026	730913
SLC38A8	V221D	0	1	Mar 14, 2024	727808
ANKRD11	R92Q	0	2	Jan 01, 2026	733593
LMF1	L128F	0	2	Jan 27, 2026	730610
INPP5K	P286A	0	2	Dec 08, 2023	727600
FOXN1	T629M	0	3	Jul 29, 2024	728480
KRT12	M301T	0	2	Nov 12, 2025	723635
MAP3K14	R368Q	0	2	Dec 28, 2025	734512
MAP3K14	R139H	0	1	Jan 12, 2026	722227
ITGA3	G840S	0	2	Oct 14, 2025	721911
MPO	R604C	0	1	Feb 25, 2018	727047
MPO	D58N	0	1	Jul 15, 2018	731283
ITGB4	D705E	0	2	Jan 31, 2026	729205
ITGB4	V1365I	0	2	Jan 28, 2026	731131
RBBP8	E414D	0	1	Jan 26, 2026	723411
KEAP1	S404L	0	1	Dec 09, 2017	725487
KEAP1	V369A	0	1	Aug 16, 2018	726614
KANK2	Y102H	0	1	Dec 25, 2025	726429
JAK3	G313E	0	3	Jan 23, 2024	733403
PEPD	G481V	0	1	Jan 24, 2026	722274
LGI4	R256S	0	1	Dec 31, 2019	733246
LIPE	D519N	0	2	Jul 01, 2026	728899
LIPE	P99S	0	2	Dec 31, 2019	723328
PRR12	G536S	0	2	Jun 01, 2026	725056
PRR12	Q772L	0	2	Nov 01, 2025	732547
NLRP5	Q254R	0	2	Mar 01, 2023	731852
NLRP5	D415N	0	2	Dec 31, 2019	733405
NLRP5	A699T	0	2	Dec 31, 2019	730054
NLRP5	H731Y	0	1	Nov 16, 2018	721700
TGM6	G370S	0	2	Jan 12, 2026	727483
AVP	D107N	0	2	Jan 25, 2026	725170
ITCH	N58S	0	1	Nov 24, 2025	724707
TP53RK	T145A	0	2	Sep 12, 2025	726027
ADNP	I939L	0	2	Jun 27, 2025	722218
ADNP	P917S	0	2	Jan 12, 2026	723547
RTEL1	A716T	0	2	Dec 23, 2025	732833
DYRK1A	R674H	0	1	Jan 04, 2024	732726
WDR4	M346V	0	2	Jan 12, 2026	726110
CFAP410	E169K	0	1	Dec 23, 2025	723013
CFAP410	G154S	0	2	Nov 25, 2025	723473
GGT1	R300W	0	1	Jan 08, 2018	733445
MYO18B	R1416Q	0	1	Jan 24, 2026	727940
APOL1	L158F	0	2	Sep 02, 2025	729570
APOL1	G270D	0	2	Nov 08, 2025	731686
TRIOBP	R1504G	0	2	Feb 02, 2026	731860
TNRC6B	S790N	0	2	Feb 23, 2025	733536
TNRC6B	A1007T	0	2	Nov 01, 2024	722166
EP300	P451A	0	1	Sep 09, 2023	723861
EP300	M480T	0	1	Jan 24, 2018	727371
COL4A5	A886G	0	2	Jul 14, 2025	731401
COL4A5	T1671M	0	2	Dec 23, 2025	733788
NDUFB11	V95I	0	2	Jan 23, 2026	734370
TFE3	A484T	0	2	Jul 23, 2018	727509
TFE3	G480A	0	1	Jun 01, 2018	723210
CACNA1F	S84Y	0	1	Sep 14, 2025	722251
CLCN5	T727S	0	2	Jan 25, 2026	730639
KIDINS220	R1059W	0	1	Oct 22, 2025	731792
BMP1	R714H	0	1	Jan 24, 2026	733432
RTEL1	A1249V	0	1	Apr 05, 2022	727168
RORC	N445S	0	1	Dec 28, 2025	739599
LHX4	A324T	0	1	Apr 09, 2023	744423
HHAT	N450S	0	1	Dec 04, 2018	737962
DISP1	R756Q	0	2	Nov 16, 2024	737719
HNRNPU	N403T	0	2	Oct 28, 2025	737792
KIAA0319L	A259T	0	1	Mar 30, 2018	738896
C8A	G554D	0	1	Dec 21, 2025	742991
C8B	R242C	0	1	Jan 22, 2026	745025
CAMTA1	G189S	0	1	Jul 24, 2024	747222
CAMTA1	S636G	0	2	Jun 01, 2026	750492
CAMTA1	H793Q	0	2	May 14, 2025	740766
CAMTA1	S1216N	0	1	Jul 05, 2025	737821
SCN1A	V760I	0	1	Oct 22, 2025	742678
CHN1	T81A	0	1	Dec 31, 2019	747780
PCARE	P1254L	0	2	Jan 17, 2026	738564
PCARE	L321V	0	2	Jan 18, 2026	738565
CRIM1	T977A	0	1	Mar 30, 2018	739188
ZNF148	T320M	0	1	Dec 31, 2019	735319
ZNF148	G40A	0	2	Dec 06, 2021	736953
HSPA9	M172I	0	1	May 08, 2018	743494
CSF1R	T587I	0	2	Jan 25, 2026	746902
CSF1R	N153H	0	1	Jan 21, 2026	740547
CSF1R	A123G	0	2	Jan 18, 2026	748366
ANKRD55	C351Y	0	1	May 03, 2018	741976
ERAP1	P184R	0	1	Aug 22, 2018	739328
BACH2	I579V	0	1	Jan 06, 2026	749763
GPNMB	A97V	0	1	Sep 19, 2018	746646
IKBKB	E529K	0	1	Jan 20, 2026	748197
IKBKB	A755S	0	2	Feb 01, 2026	746609
TMEM38B	R151Q	0	2	Jan 20, 2026	736066
CDK5RAP2	E1765D	0	1	Aug 31, 2025	739222
DYNC2I2	G36W	0	1	Jul 18, 2018	746722
SOHLH1	R188G	0	1	May 21, 2018	736461
RIGI	I617T	0	1	Jan 07, 2026	745050
GNAQ	D130N	0	1	Aug 20, 2018	736460
ROR2	Q800P	0	1	Apr 17, 2025	739294
ROR2	A241T	0	2	Jan 08, 2025	745957
DHTKD1	K421R	0	1	Jan 19, 2026	743045
SLC18A3	R11Q	0	1	Jan 27, 2026	735895
DNA2	A529S	0	2	Jan 24, 2026	738741
DNA2	V67L	0	1	Nov 09, 2025	737767
HELLS	T305A	0	2	Feb 01, 2026	739088
IL10RA	P3Q	0	2	Dec 23, 2025	737843
VPS11	R904K	0	1	Jul 02, 2025	739507
TEAD1	R217H	0	1	Dec 13, 2025	737324
WNT10B	P37R	0	2	Oct 09, 2023	736962
POC1B	T270M	0	1	Jan 18, 2026	738353
ZMYM2	D982E	0	1	Mar 29, 2018	736220
NFKBIA	N180T	0	1	May 28, 2025	747778
NFKBIA	K47R	0	1	Jan 11, 2019	739286
SLC24A4	K260E	0	1	Jan 02, 2019	741923
NIPA2	K210R	0	1	Apr 04, 2018	743216
CCNF	R406Q	0	2	Jun 01, 2026	735821
CCNF	F604I	0	1	Jul 12, 2018	747328
CCNF	Q737L	0	1	Jun 15, 2018	740892
INPP5K	S57A	0	2	Mar 09, 2023	746037
ITGB4	D966N	0	1	Jan 31, 2026	741441
KANK2	R559L	0	2	Jan 15, 2026	738899
NPHS1	S1016N	0	1	Jan 21, 2026	741334
LIPE	E521K	0	1	Jul 19, 2018	737169
LIPE	R56K	0	1	Aug 17, 2018	742550
BLOC1S3	G5S	0	1	Jan 12, 2026	748524
PRR12	P901R	0	1	Jun 10, 2018	747643
NLRP5	M483V	0	2	Dec 01, 2023	737357
TGM6	G82A	0	2	Jun 20, 2025	746688
AVP	P82L	0	1	Jun 12, 2025	746584
ADNP	Q594R	0	1	Dec 31, 2019	735993
RIPK4	A775T	0	2	Feb 05, 2024	736336
RIPK4	S367I	0	2	Apr 02, 2018	746692
MYO18B	A960V	0	2	Apr 01, 2026	744285
MYO18B	E1726K	0	1	Feb 01, 2026	745697
MYO18B	E2547Q	0	2	Jan 26, 2026	736143
CHRDL1	Y449H	0	1	Mar 31, 2025	745698
STAG2	R560K	0	1	Jan 05, 2026	748527
BCAP31	R39W	0	1	Oct 12, 2025	738655
TFE3	G480V	0	1	Jul 10, 2018	749357
CACNA1F	S660C	0	1	Dec 19, 2025	749733
CACNA1F	A276V	0	1	Jan 12, 2026	738504
POU3F4	T188M	0	1	Jan 31, 2018	746751
FGF13	S230P	0	1	May 18, 2018	741299
KIDINS220	V1101M	0	1	Jul 27, 2025	748724
DISP1	C1417R	0	1	Aug 31, 2022	752830
COG2	E704K	0	1	Apr 17, 2025	752608
HNRNPU	D395H	0	2	Jul 02, 2024	751205
HNRNPU	R303I	0	1	Dec 04, 2018	755307
HNRNPU	P120R	0	1	Apr 03, 2024	765751
ERCC3	S735P	0	1	Dec 24, 2025	762376
MBD5	D1327N	0	1	Jan 11, 2024	755372
XDH	D254E	0	1	Mar 24, 2024	757292
XDH	K64N	0	2	Nov 17, 2021	762476
CCDC88A	N512D	0	2	Nov 17, 2025	756731
CCDC88A	N489S	0	1	Jul 02, 2025	761630
EHHADH	V297F	0	1	Sep 19, 2018	765022
RNF168	A161V	0	1	Sep 15, 2024	751451
SRGAP3	G848E	0	1	Dec 31, 2019	758081
MTTP	S662T	0	2	Jan 18, 2026	766480
MATR3	H337R	0	2	Apr 01, 2026	760842
SLC36A2	C108Y	0	2	Sep 21, 2025	758229
HCN1	T757I	0	1	Aug 21, 2022	763142
SEC63	P637S	0	1	Oct 27, 2025	755540
H1-4	P161L	0	2	Feb 16, 2025	751796
PRKAR1B	A139S	0	2	May 12, 2025	759832
KRIT1	R452H	0	2	Oct 20, 2025	760738
LPL	A20V	0	1	Jan 17, 2026	753489
IKBKB	T735M	0	1	Jan 04, 2026	765148
TUB	V228I	0	1	Dec 14, 2025	764940
PUS1	P37R	0	2	Jan 14, 2026	763403
PUS1	A359V	0	2	Jan 13, 2026	764494
PAX9	S214G	0	1	Apr 26, 2018	759016
SOS2	E713Q	0	2	Sep 17, 2025	761390
MYO9A	R1220C	0	1	Jul 12, 2018	756117
EDC3	P86T	0	1	Jun 23, 2018	751757
ALDH3A2	R458Q	0	2	Jul 14, 2025	763621
FOXN1	G238D	0	3	Jul 29, 2024	756390
ITGA3	A630V	0	1	Feb 17, 2024	752154
NPHS1	P770L	0	1	Nov 18, 2025	766692
TYROBP	R70Q	0	1	Jan 20, 2026	756638
RTEL1	A1013V	0	2	Jan 25, 2026	756319
RIPK4	L766V	0	2	Aug 22, 2018	755418
CFAP410	M1V	0	1	Dec 13, 2025	756785
MYO18B	M847I	0	1	Jan 14, 2026	750979
EP300	M749V	0	2	Nov 13, 2024	753661
COL4A5	Q260R	0	2	Sep 25, 2023	753169
COL4A5	R777H	0	1	Oct 26, 2023	762995
COL4A5	L933F	0	2	Mar 31, 2025	765896
CHRDL1	M7V	0	2	Jul 26, 2018	762631
STAG2	V181M	0	2	Aug 19, 2025	757541
AFF2	F1090I	0	2	Jul 07, 2022	760908
ABCD1	A159G	0	1	Dec 24, 2025	753825
ABCD1	T410S	0	1	Dec 23, 2025	756733
KDM6A	A130T	0	2	May 26, 2023	753664
KDM6A	N621S	0	1	Jul 31, 2018	762954
CACNA1F	R1130H	0	1	Nov 09, 2025	754106
CACNA1F	A461V	0	1	Nov 27, 2025	753934
CACNA1F	G271R	0	1	Jan 19, 2026	756137
CLCN5	V618M	0	1	Nov 15, 2024	758735
STS	E169G	0	1	Aug 16, 2018	764645
KIDINS220	E14D	0	1	Jan 29, 2024	765137
RTEL1	P1237A	0	1	Aug 24, 2018	766429
BMP1	R727Q	0	1	Aug 31, 2017	782033
DISP1	S1392L	0	1	Apr 03, 2024	797836
HNRNPU	I406V	0	1	Jan 07, 2019	796590
RSPO1	G185W	0	1	Feb 13, 2025	798169
C8B	F479L	0	1	Dec 02, 2025	793337
CAMTA1	G266S	0	1	Jan 25, 2026	795531
XDH	R224Q	0	1	Sep 24, 2025	798138
RNASEH1	M118V	0	1	Jan 08, 2026	792818
CLCN2	L440F	0	1	Jan 15, 2026	800219
DNAJC21	E17G	0	1	Dec 16, 2025	798856
OSMR	M883V	0	1	Dec 31, 2019	800015
LFNG	V223I	0	1	Jan 26, 2026	800232
PUS1	Q389R	0	1	Jan 20, 2026	796027
LIG4	A631T	0	1	Jan 13, 2026	798209
MYO9A	L1945P	0	1	Dec 31, 2019	796851
LITAF	T11I	0	2	Jan 15, 2024	792607
CREBBP	G876R	0	1	Dec 11, 2025	798152
ANKRD11	V2029I	0	2	May 01, 2026	800193
ANKRD11	C477S	0	2	Dec 09, 2025	800179
DYRK1A	F713V	0	1	Aug 27, 2022	794560
EP300	P2104R	0	2	Sep 11, 2025	800269
GPC3	D204Y	0	1	Apr 07, 2025	800242
IQSEC2	P553Q	0	2	Jan 09, 2026	792590
CHM	T207A	0	1	Nov 11, 2024	796016
CREBBP	I1730V	0	1	Feb 09, 2025	800310
ENPP1	W356R	1	1	Sep 10, 2025	800816
CYP21A2	M284V	1	2	Jan 23, 2026	800926
TWIST1	T121I	1	1	Jun 02, 2025	800915
DCX	T222I	1	1	Nov 15, 2018	800524
NSD1	S2342P	0	1	Dec 09, 2019	800650
GATA2	R396W	1	2	Dec 02, 2025	800683
GATA2	R396G	1	1	Jul 02, 2015	800682
KCNJ11	E10Q	0	1	May 28, 2019	801368
VANGL1	S83L	0	1	May 28, 2019	801533
VANGL1	R173H	0	1	May 28, 2019	801534
CTSK	H276Y	1	1	May 28, 2019	801542
LHX4	V203G	0	1	May 28, 2019	801582
SCN1A	G1754E	1	2	Aug 09, 2022	801789
SCN1A	L1621P	1	2	Aug 16, 2022	801791
SCN1A	N1476K	1	2	Feb 10, 2024	801794
SCN1A	L897F	1	1	May 28, 2019	801803
SCN1A	V896I	1	2	Oct 25, 2022	801804
SCN1A	F402I	1	2	Oct 13, 2024	801813
SCN1A	N359K	1	1	May 28, 2019	801814
SCN1A	C277Y	1	2	Aug 21, 2025	801817
SCN1A	S228L	1	1	May 28, 2019	801820
GATA2	C349Y	1	2	Jun 19, 2025	802000
GATA2	C349R	1	2	Jul 06, 2021	802001
CACNA1D	V338G	0	1	May 28, 2019	801975
CACNA1D	I750F	1	1	May 28, 2019	801978
UVSSA	P620L	0	2	Nov 11, 2019	802047
CYFIP2	R87S	1	1	May 28, 2019	802171
BCKDHB	I160F	1	1	May 28, 2019	802245
BCKDHB	N176K	1	1	May 28, 2019	802246
BRAF	S215F	1	1	May 28, 2019	802377
FZD6	R405Q	0	2	May 28, 2019	802432
NOTCH1	T586P	0	1	May 28, 2019	802542
NOTCH1	A348P	0	1	May 28, 2019	802543
NOTCH1	T311P	0	1	May 28, 2019	802544
NOTCH1	T194P	0	2	Mar 15, 2022	802545
RIGI	E510V	1	1	May 28, 2019	802476
ATL1	V163A	1	1	May 28, 2019	803025
ATL1	M408T	1	2	Sep 27, 2023	803026
TPM1	Y60C	1	1	May 28, 2019	803101
FAH	P249S	1	1	May 28, 2019	803109
CREBBP	R1926G	0	2	Nov 10, 2025	803202
GRIN2A	K1107I	0	1	May 28, 2019	803215
GRIN2A	M817T	1	2	Jul 23, 2025	803217
GRIN2A	N443S	1	1	May 28, 2019	803218
TTR	G67E	1	2	Jun 27, 2025	803481
TTR	I93V	1	2	Apr 09, 2025	803482
ATP8B1	F1132V	1	1	May 28, 2019	803502
SMARCA4	V766G	0	1	May 28, 2019	803521
JAK3	R403H	1	3	Aug 03, 2026	803543
COL6A2	G301C	1	1	May 28, 2019	803641
EP300	P784L	0	2	Oct 24, 2025	803697
EP300	C1250Y	1	1	May 28, 2019	803701
PCDH19	D646E	1	1	May 28, 2019	804052
PCDH19	V642G	1	1	May 28, 2019	804053
PCDH19	D481G	1	1	May 28, 2019	804055
PCDH19	D320V	1	1	May 28, 2019	804057
COL4A5	G138C	1	1	May 28, 2019	804071
COL4A5	G669C	1	1	May 28, 2019	804073
AFF2	H612D	0	2	Feb 16, 2025	804093
ABCD1	L114P	1	2	Jun 02, 2023	804104
ABCD1	I293T	1	1	May 28, 2019	804105
ABCD1	T382P	1	1	May 28, 2019	804106
ABCD1	M501L	1	2	Feb 22, 2024	804107
SLC16A2	G421V	1	1	May 28, 2019	804030
SCN1A	C345Y	1	1	Jul 10, 2019	805380
BDP1	K737R	0	2	May 19, 2021	804558
PRKN	M1T	1	2	May 29, 2026	805243
CYP21A2	P268L	0	2	Dec 10, 2021	804728
CYP21A2	G425S	1	2	Mar 11, 2024	804725
FXN	A14E	0	1	Jul 05, 2019	804821
FXN	T23I	0	1	Sep 15, 2020	804824
SLC12A3	R209Q	1	2	Apr 29, 2026	805472
SLC12A3	R887Q	1	2	Sep 23, 2025	805469
ANKRD11	A2326G	0	2	Sep 27, 2025	804532
ANKRD11	P1925T	0	2	Mar 01, 2026	804531
ANKRD11	A1840T	0	2	Jun 12, 2024	804530
TMEM132E	V476I	0	2	Feb 03, 2026	805606
TMEM132E	H641Y	0	2	Feb 03, 2026	805608
TMEM132E	S645R	0	2	Jan 25, 2026	805609
TGM6	W251R	0	2	Oct 06, 2025	805667
SOD1	D77Y	1	2	Apr 01, 2025	805494
SOD1	R116G	1	2	Jan 01, 2026	805495
COL4A5	G153V	1	2	Jul 07, 2023	804590
COL4A5	G1066V	1	2	Dec 21, 2021	804587
COL4A5	G1205D	1	2	Dec 09, 2025	804588
SCN1A	S994L	1	2	Nov 03, 2021	808862
SCN1A	I164K	1	1	May 01, 2016	808870
TTC7A	L785P	1	1	Jun 01, 2019	808741
PALLD	R138Q	0	1	Jan 13, 2018	809701
PURA	N162D	1	1	Mar 01, 2019	809808
CSF1R	A792D	1	1	Aug 01, 2019	809825
GABRG2	Y331C	1	2	Oct 23, 2025	809836
HSPB1	R136Q	1	2	May 03, 2024	810107
ATL1	A352E	1	1	Oct 01, 2018	807112
CREBBP	H1740N	1	1	Sep 01, 2018	807979
GRIN2A	C436F	1	1	Jan 01, 2017	807990
COL4A5	G772V	1	2	Oct 17, 2024	807800
IQSEC2	T1119M	0	2	Oct 06, 2023	810613
IQSEC2	L999F	1	1	Jul 01, 2016	810615
SCN1A	P281R	1	1	May 15, 2019	807675
ZNF148	D282G	1	1	Dec 11, 2018	807528
PURA	A189P	1	1	Aug 08, 2019	807477
RTN4IP1	P105S	1	1	Aug 14, 2018	807479
RAD21	D166G	1	1	Dec 06, 2019	807667
RAD21	M1I	1	1	Jan 02, 2020	807668
DNA2	S640L	1	2	Nov 12, 2020	807407
CTSF	I416T	1	1	Feb 05, 2018	807589
SMARCA4	E559K	1	1	May 29, 2019	807689
SOD1	H49R	1	2	Dec 19, 2025	807693
COL4A5	G558D	1	2	Aug 04, 2025	807571
COL4A5	G603S	1	2	Sep 24, 2025	807573
COL4A5	G635V	1	1	Jun 07, 2019	807574
COL4A5	G772S	1	2	Jul 01, 2024	807578
COL4A5	G787R	1	1	Mar 20, 2018	807579
COL4A5	G793E	1	1	Mar 15, 2018	807580
COL4A5	G822V	1	2	Jul 16, 2023	807581
COL4A5	G869V	1	1	Jun 07, 2019	807394
COL4A5	G1066D	1	2	Dec 31, 2019	807395
COL4A5	G1258S	1	1	Jan 04, 2019	807396
PRKN	M434T	1	1	Nov 22, 2019	810783
DISP1	A1247T	0	2	Feb 03, 2026	811581
MEF2C	Q365H	1	1	Jun 10, 2019	812004
EPHB4	G462R	0	2	May 01, 2026	811623
TTR	E74G	1	2	Jan 18, 2024	811803
TRIOBP	S826L	0	2	Jan 26, 2026	811578
TRIOBP	P1030R	0	2	Feb 04, 2026	811604
COL4A5	G292E	1	1	Apr 06, 2019	811376
KDM6A	S625F	0	2	Dec 15, 2025	811049
KDM6A	G1419R	0	2	Sep 05, 2025	811686
TRAF3IP2	T429N	1	1	Nov 28, 2019	812084
INPP5E	R621Q	1	2	Oct 03, 2023	812336
CACNA1F	F742C	1	1	Jan 19, 2024	812249
SCN1A	A121P	1	2	Oct 24, 2024	812176
PURA	P260R	1	2	Aug 16, 2022	812174
ANKRD11	E2524G	1	1	Dec 11, 2019	812187
GRIN2A	G483R	1	2	Jan 05, 2024	812185
FSHR	I374N	1	1	Sep 10, 2025	812692
PMM2	H195R	1	1	Jun 28, 2022	812999
NMNAT1	I210T	1	1	Jan 09, 2020	813197
NMNAT1	R227Q	1	2	Jan 12, 2026	813196
HSD17B10	G173R	1	1	Jan 24, 2020	813313
CYP1B1	R117W	1	3	Nov 19, 2025	813356
ASS1	G117D	1	2	Jul 08, 2024	813405
ASS1	A118T	1	2	May 23, 2026	813406
ASS1	R157C	1	2	May 23, 2026	813408
AAAS	R155C	1	2	Jul 28, 2026	813665
MBD5	M1V	1	1	Oct 25, 2018	813806
SCN1A	M960T	1	2	Jul 19, 2023	813803
NHLRC1	H187P	1	2	Oct 11, 2024	813783
KCNC1	V432L	1	1	Oct 19, 2018	813805
GRIN2A	G458E	1	1	Feb 19, 2018	813787
SLC12A3	R19C	1	1	Dec 03, 2018	813955
GABRG2	D48G	0	1	-	816627
PMM2	I132F	1	2	Apr 29, 2026	818203
MUTYH	Q521K	0	1	Sep 09, 2025	819718
MUTYH	Q499K	0	1	Sep 09, 2025	819590
MUTYH	W447R	1	1	Aug 15, 2025	819183
MUTYH	E433G	0	1	Sep 09, 2025	819067
MUTYH	V415I	0	1	Sep 09, 2025	818940
MUTYH	H410R	0	1	Sep 09, 2025	818881
MUTYH	H407N	0	1	Sep 09, 2025	818854
MUTYH	T406K	0	1	Sep 09, 2025	818851
MUTYH	L392R	1	1	Aug 12, 2025	818731
MUTYH	R389S	0	1	Sep 09, 2025	818705
MUTYH	N366K	0	1	Sep 09, 2025	818519
MUTYH	C347Y	1	1	Aug 15, 2025	818383
MUTYH	S343R	0	1	Sep 09, 2025	822202
MUTYH	N307K	0	1	Aug 18, 2025	821989
MUTYH	R246P	1	1	Aug 15, 2025	827517
MUTYH	C216G	1	1	Aug 15, 2025	826957
MUTYH	D208N	1	1	Dec 10, 2019	826814
MUTYH	I198M	0	1	Sep 15, 2025	826620
MUTYH	E92A	0	1	Sep 09, 2025	823970
MUTYH	G39V	0	1	Sep 09, 2025	820507
MUTYH	R10S	0	1	Aug 06, 2019	821965
SMARCA4	K587R	0	1	Feb 18, 2026	820004
FOXN1	R320W	1	3	Jul 29, 2024	827572
NKAP	R333Q	1	2	Aug 21, 2025	827653
NKAP	R330H	1	2	Sep 19, 2024	827655
STAT1	T720I	1	1	Jan 01, 2019	827739
STAT1	Y287D	1	1	Jan 01, 2019	827742
STAT1	L280W	1	1	Jan 01, 2019	827740
STAT1	R70P	1	1	Jan 01, 2019	827738
ADA2	N370K	1	2	May 03, 2025	827684
CYFIP2	D699Y	1	1	May 01, 2019	827782
MEF2C	V65G	1	1	Aug 09, 2019	827823
DNM1	P144L	1	1	Aug 21, 2019	827806
ATL1	K406E	1	1	Aug 09, 2019	827813
CYFIP2	D699G	1	1	Aug 09, 2019	827810
TBX19	P126L	1	1	Jan 14, 2026	828147
TBX19	T203M	1	1	Dec 17, 2021	828166
COL4A5	G267R	1	1	Apr 18, 2024	829853
COL4A5	G1098D	1	2	Feb 03, 2026	829910
COL4A5	C1570F	1	1	Dec 02, 2021	830040
IFNGR1	W99R	1	1	May 10, 2019	830064
MBD5	R180K	0	1	Apr 05, 2024	833630
MBD5	M291V	0	1	Nov 01, 2022	833842
MBD5	M314T	0	1	Jul 09, 2019	833579
MBD5	P555A	0	1	Sep 21, 2019	833884
MBD5	N567S	0	1	Jan 12, 2026	833907
MBD5	L883P	0	1	Dec 06, 2022	833717
MBD5	A1320V	0	1	Jul 12, 2020	833521
MBD5	H1451Y	0	1	Mar 04, 2022	833883
MBD5	G1453D	0	1	Nov 29, 2019	833774
MBD5	Q1530R	0	1	Feb 17, 2024	833784
MBD5	S1531I	0	2	Jul 06, 2024	833803
MBD5	V1578G	0	1	Oct 23, 2024	833659
MBD5	R1672C	0	1	Apr 08, 2025	833973
GABRG2	I27V	0	1	Oct 24, 2019	833991
HCN1	P852Q	0	2	Jul 15, 2025	833771
HCN1	L727M	0	1	Sep 24, 2019	833636
HCN1	A720D	0	1	Oct 22, 2019	833981
HCN1	L396I	0	1	Apr 17, 2020	833550
HCN1	A365V	0	1	Oct 12, 2019	833982
DNM1	T200I	0	1	Sep 08, 2025	833851
DNM1	V630A	0	1	Mar 01, 2025	833564
DNM1	D645N	0	2	Jul 30, 2025	833685
DNM1	A719G	0	1	Aug 23, 2019	833986
POC1B	Q225E	0	2	Jan 19, 2026	833786
GRIN2A	M133V	0	1	Jan 12, 2024	833834
GRIN2A	G56V	0	1	Mar 04, 2024	833821
DYRK1A	I417S	0	1	Jul 31, 2019	833966
DYRK1A	K444R	0	1	Dec 15, 2025	833825
DYRK1A	P455A	0	1	Oct 25, 2019	833665
DYRK1A	G530S	0	1	Dec 07, 2023	833777
DYRK1A	P547S	0	1	Oct 10, 2019	833640
DYRK1A	A588V	0	1	Nov 03, 2025	833828
DYRK1A	V695A	0	2	Jun 01, 2026	833978
DYRK1A	A715G	0	2	Sep 27, 2025	833995
COL6A2	V752I	0	1	Jan 04, 2026	833794
TBX1	V468L	0	1	May 20, 2019	833569
SCN1A	E307K	0	1	Jan 22, 2026	833589
SCN1A	R630W	0	1	Feb 01, 2024	833615
SCN1A	V1901I	0	1	Jun 16, 2023	833528
SETD1A	R913C	1	2	Jun 21, 2023	834090
GJA8	W45L	1	2	Sep 27, 2023	845873
GJA8	P59L	1	1	Apr 30, 2025	842078
GJA8	Y66S	1	1	Jan 15, 2025	850845
GJA8	E201G	1	1	May 14, 2019	861618
RIT1	A77G	1	2	Nov 14, 2025	850519
HNRNPU	A431G	0	1	Jan 22, 2026	847073
HNRNPU	K181R	0	2	Nov 01, 2022	855425
HNRNPU	Q169H	0	1	Jan 13, 2020	836208
MUTYH	R81G	1	2	Aug 15, 2025	849076
NMNAT1	R237C	1	2	Mar 31, 2025	845745
MBD5	G228S	0	1	Mar 04, 2022	845629
MBD5	S842P	0	1	Apr 05, 2024	838133
COL3A1	G432D	1	2	Mar 23, 2025	863790
COL3A1	G552R	1	2	Apr 13, 2026	847405
COL3A1	G582D	1	1	Mar 03, 2019	851733
COL3A1	G588V	1	2	Dec 02, 2022	847253
COL3A1	G660S	1	1	May 07, 2019	860817
COL3A1	G747D	1	1	Feb 24, 2020	841016
COL3A1	G750R	1	2	May 15, 2025	844024
COL3A1	G897D	1	1	Aug 29, 2024	847002
COL3A1	G978S	1	1	Nov 26, 2019	853303
COL3A1	G1041R	1	2	May 07, 2024	846467
STAT1	T437I	1	2	Oct 07, 2025	852805
STAT1	V389G	1	1	Mar 06, 2019	860546
STAT1	T288I	1	2	Jun 16, 2024	848760
STAT1	K286Q	1	1	Nov 21, 2019	848283
SAG	C147F	1	2	Nov 28, 2025	862338
CYP1B1	R444Q	1	3	Nov 19, 2025	845455
GATA2	A372T	1	2	Jan 19, 2026	846616
NPHP3	I484M	0	2	Jan 11, 2026	836678
PDHB	M101V	1	2	Jun 05, 2025	839569
CC2D2A	P1310L	1	1	Nov 29, 2022	864462
MTTP	R540C	1	2	Jan 29, 2026	840396
ALDH7A1	D511G	1	1	Jun 03, 2025	842672
ALDH7A1	G399V	1	1	Mar 21, 2022	848879
ALDH7A1	N300D	1	1	Apr 09, 2019	848984
PURA	P24S	0	1	Oct 03, 2023	838531
PURA	G52V	0	1	Jan 16, 2024	847144
PURA	A93V	0	1	Oct 03, 2023	835271
PURA	T173A	0	1	Aug 18, 2022	851711
SPINK5	T808I	1	2	Apr 29, 2026	848986
GABRG2	E47G	0	1	Mar 26, 2020	839271
NSD1	H1616R	1	2	Oct 18, 2024	840198
NSD1	C1733F	1	2	Mar 21, 2022	861442
NSD1	C1895W	1	1	Aug 21, 2025	858719
NSD1	C2164R	1	1	Sep 06, 2022	856735
NSD1	C2178F	1	1	May 21, 2020	863997
HCN1	T657A	0	1	Oct 20, 2025	838986
HCN1	V61L	0	2	Sep 27, 2025	864598
GCNT2	Y349C	1	2	Mar 17, 2024	844536
CFTR	K163E	1	1	Mar 29, 2024	858501
TWIST1	L149R	1	1	Mar 12, 2020	835124
ASL	A149V	1	2	Apr 10, 2024	861559
ASL	E219Q	1	2	Apr 29, 2024	842417
EXT1	L427P	1	1	Mar 04, 2024	843037
EXT1	R346I	1	1	Sep 01, 2022	853602
EXT1	P337R	1	1	Nov 28, 2019	855456
EXT1	C312R	1	1	Nov 21, 2019	838405
LPL	L279V	1	2	Dec 09, 2025	855588
LPL	L279R	1	2	May 27, 2025	851236
THAP1	P26L	1	2	Apr 13, 2025	846905
DNM1	P275L	0	1	Apr 08, 2025	857447
DNM1	R361G	1	2	Jul 15, 2026	852280
DNM1	K523R	0	1	Jan 01, 2026	861220
INPP5E	R621L	1	1	Nov 29, 2022	836938
INPP5E	S364F	0	1	Jan 24, 2026	857133
NOTCH1	R1946H	0	2	Nov 13, 2025	862571
NOTCH1	P1907L	0	1	Dec 01, 2025	852599
NOTCH1	L1734Q	0	1	Dec 06, 2022	835849
NOTCH1	A1418T	0	1	Apr 29, 2024	862450
NOTCH1	D660N	0	1	Jun 12, 2025	859522
NOTCH1	G251D	0	1	Dec 16, 2024	857369
NOTCH1	V220M	0	1	Mar 20, 2025	852683
FGFR2	R678G	1	2	Dec 27, 2022	834843
FGFR2	T454M	0	1	Dec 18, 2024	864431
FGFR2	I288N	1	2	Dec 01, 2025	846218
ERCC6	L536W	1	2	Feb 18, 2025	858140
CAPN5	M638V	0	1	Nov 28, 2025	842407
TBK1	R358H	0	2	Jan 27, 2026	853808
TBK1	Q553H	0	2	Jan 15, 2026	855734
POC1B	R106Q	0	1	Oct 21, 2025	851405
LIG4	H282L	1	2	Oct 18, 2024	845678
NFKBIA	N109S	0	1	Nov 25, 2024	858355
ATL1	R239L	1	1	Aug 09, 2022	859493
CREBBP	S2393T	0	1	Jan 06, 2025	861595
CREBBP	V2149M	0	2	Oct 03, 2025	863452
CREBBP	S1687P	1	1	Jan 02, 2020	860496
CREBBP	P107L	0	1	Jan 29, 2026	859612
CREBBP	S92N	0	1	Oct 15, 2024	841522
SLC12A3	R655C	1	2	Apr 29, 2026	840885
SLC12A3	V677M	1	2	Apr 29, 2026	860860
GRIN2A	A1395V	0	1	Dec 23, 2025	851357
GRIN2A	D1131E	0	1	Sep 27, 2025	859074
GRIN2A	E1055V	0	1	Jul 07, 2023	859140
GRIN2A	E1040K	0	2	Jan 26, 2026	848851
GRIN2A	I876N	0	2	Mar 03, 2025	838900
GRIN2A	N447K	0	1	Oct 29, 2024	862803
GRIN2A	T189N	0	1	May 31, 2024	841367
CA4	L114S	0	1	Jul 30, 2025	851370
CHRNB1	V289A	1	1	Nov 22, 2019	860460
TTR	R54T	1	2	May 15, 2026	840757
TTR	A65T	1	2	Aug 10, 2022	850453
TTR	H108R	1	2	Jun 04, 2026	853918
TTR	E109V	1	2	Jan 26, 2026	846359
SLC7A9	G319R	1	1	Jan 16, 2024	836401
BCKDHA	G218A	1	2	Apr 29, 2026	834598
SOD1	F21L	1	2	Sep 27, 2024	859765
SOD1	L85F	1	2	Oct 09, 2025	855744
SOD1	V88A	1	2	Nov 25, 2024	858432
DYRK1A	Y127C	0	1	Aug 14, 2023	858799
COL6A2	H155R	0	1	Oct 03, 2023	855015
COL6A2	G265E	1	1	Aug 16, 2023	837080
SMARCB1	M27R	1	2	Oct 26, 2025	838596
EP300	M514T	0	1	Apr 27, 2024	857858
EP300	M2015V	0	1	Dec 06, 2023	859366
PCDH19	D377H	1	1	Aug 14, 2023	857424
PCDH19	S374P	1	1	Feb 04, 2022	860615
PCDH19	D264H	1	2	Aug 28, 2021	839943
PCDH19	N234D	1	1	Sep 06, 2024	848462
PCDH19	E140G	1	1	May 27, 2025	860204
PCDH19	P127S	1	2	Sep 09, 2024	864724
COL4A5	G316S	1	1	Feb 03, 2025	851082
COL4A5	G681S	1	1	Nov 18, 2021	840783
COL4A5	G872C	1	2	Oct 23, 2023	845467
COL4A5	G1146E	1	2	Jul 17, 2021	847283
COL4A5	G1229V	1	1	Jan 12, 2026	857172
GPC3	V516A	0	1	Sep 04, 2025	844020
GPC3	H412R	0	1	Jun 17, 2024	850762
GPC3	Q393P	0	1	Nov 22, 2025	835974
GPC3	T344I	0	1	Apr 29, 2024	837000
GPC3	T84I	0	1	Jan 21, 2026	835050
ABCD1	M1V	1	1	Feb 05, 2019	851448
ABCD1	N148D	1	2	Jun 13, 2022	862617
ABCD1	G266E	1	1	Nov 18, 2019	863311
ABCD1	H283D	1	1	Dec 19, 2019	839969
ABCD1	G343D	1	1	Feb 08, 2024	839309
ABCD1	Q544R	1	1	Mar 04, 2020	837244
ABCD1	P560T	1	1	Jan 04, 2020	855099
ABCD1	L654P	1	1	Dec 31, 2019	839877
GATA1	G89E	0	1	Aug 10, 2023	861781
CACNA1F	P14T	0	1	Jun 04, 2025	849206
IQSEC2	Q495H	0	1	Apr 29, 2024	852658
IQSEC2	A149V	0	1	Oct 01, 2025	847278
CHM	G314R	1	2	Apr 30, 2025	839475
SCN1A	L263P	1	1	Mar 02, 2022	846430
SCN1A	Y325C	1	1	Apr 23, 2019	855077
SCN1A	G337A	1	1	Sep 10, 2025	857067
SCN1A	L378P	1	1	Aug 17, 2021	859315
SCN1A	D382N	1	1	Oct 13, 2023	836438
SCN1A	E385A	1	1	Jan 13, 2022	834335
SCN1A	I407N	1	1	Jul 06, 2022	848499
SCN1A	E788V	1	1	Jul 23, 2022	854648
SCN1A	R931L	1	2	Jan 23, 2025	837128
SCN1A	F945L	1	2	Feb 23, 2024	838246
SCN1A	C968Y	1	2	Sep 04, 2023	861214
SCN1A	L990F	1	1	Nov 29, 2022	851350
SCN1A	L991F	1	2	Apr 06, 2022	861493
SCN1A	F1124L	0	1	May 20, 2024	861158
SCN1A	L1309H	1	1	Sep 01, 2021	838026
SCN1A	I1347T	1	2	Nov 07, 2024	851568
SCN1A	V1350M	1	2	Jul 01, 2024	838141
SCN1A	F1415S	1	1	Jul 13, 2023	856106
SCN1A	K1432I	1	1	May 20, 2019	836631
SCN1A	P1451R	1	1	Nov 29, 2022	842816
SCN1A	Y1453C	1	1	Oct 15, 2024	846248
SCN1A	Q1504K	1	1	Jan 13, 2022	852105
SCN1A	T1658K	1	1	Jul 05, 2022	841364
SCN1A	M1704T	1	1	Aug 09, 2022	850126
SCN1A	Q1719H	1	1	Dec 03, 2021	843435
SCN1A	D1727Y	1	1	Dec 03, 2019	834858
SCN1A	G1728R	1	1	Feb 04, 2022	846117
SCN1A	P1739R	1	1	Jun 25, 2024	846320
SCN1A	I1771S	1	1	Jun 17, 2019	852952
SCN1A	F1815L	1	1	Sep 05, 2023	842847
SCN1A	F1815S	1	1	Feb 19, 2023	859283
SCN1A	A1919G	1	1	Dec 16, 2019	848734
SCN1A	N94Y	1	1	Nov 29, 2021	857320
SCN1A	P113L	1	1	Dec 02, 2019	855453
SCN1A	L139F	1	2	Jun 05, 2024	842887
NMNAT1	M35T	1	1	Jul 09, 2018	866962
NMNAT1	V98G	1	2	Feb 27, 2026	866255
RP1	R1443W	1	2	Apr 12, 2024	866689
CACNA1F	L1497P	1	2	Dec 16, 2022	866413
PHOX2B	R141Q	1	2	Jul 01, 2025	869127
CREBBP	C1729S	1	1	Nov 20, 2019	869444
FGFR2	R255Q	1	1	May 31, 2018	869459
SCN1A	Q1923P	1	1	Feb 14, 2020	870160
SCN1A	L1849P	1	1	Feb 14, 2020	870161
HSPA9	L319F	1	1	Mar 30, 2020	870215
COL4A5	G289S	1	1	Mar 11, 2020	870353
COL4A5	G374R	1	2	Jan 26, 2026	870363
COL4A5	G600V	1	1	Mar 11, 2020	870364
COL4A5	G1158E	1	2	Oct 02, 2025	870365
COL4A5	G1208E	1	1	Mar 11, 2020	870366
GRIN2A	A647S	1	1	Sep 15, 2018	870418
SCN1A	G1365D	1	2	Jul 03, 2023	870417
ABCD1	P543R	1	1	Jul 05, 2019	870532
TNNT1	M1V	1	1	Apr 11, 2020	870625
HNRNPU	E140K	0	1	Aug 01, 2020	871337
SCN1A	C949S	1	1	Apr 01, 2018	871909
SCN1A	H939P	1	1	May 01, 2020	871910
SCN1A	R862L	1	2	May 04, 2022	871911
SCN1A	L858P	1	1	Jul 01, 2019	871912
COL3A1	G486V	1	2	Aug 19, 2020	872592
COL3A1	G1176V	1	1	Jul 01, 2017	872593
SOX2	D123G	1	2	Mar 30, 2021	872143
ALDH7A1	P431L	1	2	Jan 26, 2026	870697
ALDH7A1	G189E	1	1	Aug 01, 2019	870698
NSD1	A329T	1	1	Aug 01, 2019	871928
RAD21	I143T	1	1	Jul 01, 2019	871631
FGFR2	C278Y	1	1	May 01, 2017	871445
AAAS	R155H	1	2	Jan 21, 2026	872168
L2HGDH	E176D	1	2	Sep 15, 2025	870857
TPM1	L43P	1	1	May 01, 2020	871069
CREBBP	R1867W	1	2	Jun 27, 2025	871516
ALG1	M382T	1	2	Aug 29, 2023	871520
GRIN2A	P552Q	1	2	Jul 26, 2024	871812
RAI1	G1646R	0	2	Feb 01, 2026	870999
SMARCE1	R105Q	1	2	Jan 06, 2026	872720
CFAP410	E96K	1	2	Jan 17, 2024	871478
CACNA1F	M1770R	0	1	Aug 01, 2019	871505
CEP85L	M1T	1	1	Nov 29, 2022	872889
CEP85L	D65N	1	1	May 26, 2020	872890
ERLIN1	V94A	1	1	Mar 31, 2020	873226
SOD1	A5S	1	2	Mar 03, 2025	873321
SOD1	V15M	1	2	Jun 07, 2025	873322
SOD1	Q23L	1	2	Dec 16, 2024	873323
SOD1	S69P	1	1	Mar 31, 2020	873197
SOD1	H72Y	1	1	Mar 31, 2020	873198
SOD1	V88M	1	2	Apr 17, 2025	873199
SOD1	D126N	1	1	Mar 31, 2020	873200
SOD1	E134K	1	1	Mar 31, 2020	873201
SOD1	V149G	1	2	May 20, 2024	873204
SCN1A	A371P	1	1	-	873405
PISD	C300Y	1	2	-	873551
GJA8	G119E	0	1	Jan 13, 2018	876077
GJA8	E343K	0	1	Jan 13, 2018	874251
GJA8	P386L	0	1	Jan 13, 2018	874254
FMO3	G180V	0	2	Feb 02, 2026	876844
FMO3	R238Q	1	2	May 23, 2024	874042
LHX4	V75I	0	1	Apr 27, 2017	876695
LHX4	H387P	0	2	Apr 02, 2025	874815
LHX4	P389T	0	2	May 04, 2022	874816
APOA1	V43L	0	1	Apr 28, 2017	880419
HPS5	N346S	0	2	Jan 20, 2026	879403
SERPING1	T48A	0	2	Feb 01, 2026	878120
SERPING1	E57K	0	2	Sep 28, 2025	879578
SLCO1B1	N151S	0	1	Apr 27, 2017	883909
SLCO1B1	P336R	0	1	Apr 27, 2017	882039
KRT1	R432C	0	2	Dec 26, 2025	883453
KL	L109R	0	2	Jan 22, 2026	881810
KL	N131K	0	2	Jan 08, 2026	882959
KL	G766S	0	2	Dec 08, 2025	881480
ANG	P21Q	0	2	Jun 21, 2024	882866
NFKBIA	G74A	0	2	Jul 06, 2024	881868
GPR179	E1461Q	0	2	Dec 21, 2025	892175
GPR179	C1381R	0	2	Feb 01, 2026	888735
GPR179	K1227R	0	2	Jan 26, 2026	891007
GPR179	H493Y	0	2	Jan 05, 2026	890590
GPR179	G210S	0	2	Jan 05, 2026	888953
GPR179	G170R	0	2	Jan 21, 2026	889633
DLX3	D246H	0	2	Feb 01, 2026	892358
ITGB4	R515H	0	2	Feb 02, 2026	890463
PEPD	R395Q	0	2	Nov 13, 2025	891362
KLF11	G484S	0	1	Apr 20, 2018	892939
GALNT3	V267F	0	2	Feb 01, 2026	893219
GALNT3	E136G	0	2	Jan 31, 2026	894065
TSEN34	R105Q	0	2	Dec 02, 2025	894713
XDH	R1296W	0	2	Jan 31, 2026	898500
XDH	N1109T	0	2	Nov 06, 2025	896915
THBD	N116T	0	2	Nov 16, 2025	897137
TGM6	M93V	0	2	Sep 30, 2025	896739
TGM6	V208M	0	2	Sep 05, 2023	897213
TGM6	I400V	0	2	Feb 03, 2021	897278
TGM6	P493L	0	1	Jan 13, 2018	898452
TF	A76V	0	2	Jan 24, 2026	902173
ANO10	R263H	0	2	Feb 04, 2026	901814
LRIT3	T53M	0	2	Jan 05, 2026	900733
CC2D2A	I961T	0	2	Nov 02, 2025	900659
PALLD	G3V	0	2	Sep 04, 2022	902926
PALLD	H158N	0	1	Jan 13, 2018	900371
PALLD	G203V	0	1	Jan 13, 2018	901519
CSF1R	V406I	0	2	Sep 21, 2025	907435
CSF1R	R214Q	0	1	Jan 13, 2018	904890
ITGA2	M291L	0	1	Jan 13, 2018	907871
ITGA2	N1001K	0	1	Jan 13, 2018	904639
SEC63	K327E	0	1	Jan 13, 2018	904249
F13A1	Y205F	0	2	May 12, 2026	908780
SLC26A3	R554Q	0	2	Jan 15, 2026	908257
ASL	Q463R	0	1	Jun 14, 2017	911865
BMP1	R314H	0	2	Feb 04, 2026	908566
THAP1	K16R	0	1	Mar 06, 2018	908644
RP1	D163N	0	2	Aug 24, 2025	910048
EYA1	H567Q	0	1	Jan 13, 2018	908645
EYA1	R296H	0	2	Apr 24, 2025	909566
ADAMTSL2	V364I	0	2	Feb 16, 2025	912901
ABCD1	S315L	0	2	Mar 01, 2024	913631
CLCN5	R408H	0	2	Jan 18, 2026	914338
BMP15	P174S	0	1	Apr 28, 2017	914979
SCN1A	N1509H	1	1	May 03, 2020	915281
HSPB8	T140I	1	1	May 03, 2020	915312
NOTCH1	T311A	0	1	Jul 30, 2018	915667
COQ4	R102H	1	1	Jan 04, 2021	915899
SCN1A	M956T	1	2	Jan 06, 2025	915838
SMARCB1	L378P	1	1	Jan 16, 2020	916053
CSF1R	P824R	1	1	Mar 01, 2020	916346
ANKRD11	K1136T	0	1	Feb 01, 2020	916232
HSPB1	R37P	0	1	-	916740
MAPK1	P323R	1	1	Apr 01, 2020	917749
MAPK1	E322Q	1	2	Mar 12, 2025	917748
MAPK1	D318G	1	2	May 20, 2022	917746
MAPK1	D318N	1	2	Jun 12, 2026	917745
MAPK1	A174V	1	2	Dec 30, 2021	917744
MAPK1	H80Y	1	2	Oct 16, 2025	917743
MAPK1	I74N	1	1	Apr 01, 2020	917742
BCKDHB	M1V	1	2	Apr 29, 2026	917659
CFTR	S1045Y	1	2	Feb 20, 2026	917606
CYP1B1	E173K	1	2	Apr 09, 2024	917724
GRIN2A	Y730C	1	1	-	917871
CC2D2A	W1511R	1	2	Mar 14, 2024	917927
MMP20	E209Q	1	2	Jun 29, 2023	917990
COL3A1	G537S	1	1	May 19, 2025	925216
COL3A1	Q1381H	0	1	Sep 12, 2024	928381
TMEM43	S9G	0	2	Sep 06, 2024	928227
MYH11	D1235E	0	1	Sep 12, 2024	928087
FAH	R142G	1	2	Jan 16, 2026	928613
ANKRD11	I1094M	0	2	Oct 13, 2025	929029
AFF2	S1068W	1	1	Mar 02, 2020	929787
TRIOBP	A101T	0	1	May 21, 2019	930054
TRIOBP	W1477R	0	1	Sep 13, 2019	930055
COL4A5	G230V	1	2	May 07, 2024	930192
COL4A5	G432E	1	1	Jan 30, 2019	930191
COL4A5	G822R	1	2	Jan 15, 2026	930190
SCN1A	Y1781H	1	2	Oct 23, 2021	930321
SCN1A	K1591I	1	1	Jan 14, 2020	931824
SCN1A	L1340P	1	1	Jan 01, 2016	931957
SCN1A	G585A	0	1	Jan 01, 2016	931547
SCN1A	I227T	1	2	Sep 22, 2025	930374
COL3A1	G489W	1	1	Jan 01, 2016	930386
DYNC2I2	A22V	0	2	Jan 26, 2026	931223
ANKRD11	R2512Q	1	2	Jul 05, 2026	932137
GRIN2A	G498S	1	2	Jul 18, 2023	930862
RAI1	N1254D	0	1	Oct 10, 2018	930630
NPHS1	V957E	1	1	Jan 01, 2016	931014
ADNP	A858G	0	1	Apr 02, 2020	931183
SOD1	G86S	1	2	Nov 09, 2022	932081
COL4A5	G96V	1	1	Jan 01, 2016	930480
IQSEC2	R1077S	0	1	Nov 11, 2019	931517
SCN1A	M1664L	1	2	Jun 25, 2024	932443
EYA1	L513M	1	1	Jun 01, 2020	932479
CREBBP	G1465R	1	1	Jun 01, 2020	932543
ANKRD11	V1513M	0	1	May 01, 2020	932687
SOD1	G115S	1	1	Jun 01, 2020	932453
DYRK1A	G339W	1	1	Jun 01, 2020	932454
DCX	R56L	1	1	Jun 01, 2020	932639
PITX1	K138Q	1	1	Jun 20, 2020	933134
ASL	R186Q	1	2	Jan 11, 2026	933174
HNRNPU	A152V	0	1	Feb 04, 2022	951324
PPT1	G73A	1	1	Aug 13, 2019	952623
NMNAT1	V178M	1	1	Dec 16, 2024	951357
MBD5	R200L	0	1	Jun 29, 2024	944352
MBD5	P561L	0	1	Jun 07, 2020	948208
MBD5	H909Q	0	1	Feb 27, 2020	951673
SCN1A	G1655R	1	1	Nov 15, 2022	945334
SCN1A	P1451A	1	1	Jun 05, 2019	948378
SCN1A	D1288A	1	1	Aug 26, 2021	950978
SCN1A	W1204S	1	1	Dec 13, 2021	947872
SCN1A	I810N	1	1	Aug 21, 2025	948891
SCN1A	G410V	1	1	Sep 02, 2021	952846
SCN1A	S374Y	1	1	May 21, 2019	952448
COL3A1	G378D	1	2	Nov 25, 2024	948196
SOX2	F48S	1	1	Aug 27, 2021	947562
ALDH7A1	E427G	1	2	May 08, 2025	944165
GABRG2	R323G	1	1	Jun 21, 2024	946639
NSD1	R926W	0	1	May 22, 2024	952592
NSD1	C2146R	1	2	Apr 16, 2025	947720
MEF2C	G197R	0	1	Jun 07, 2020	944260
SLC26A4	H723D	1	2	Jan 30, 2026	949741
HSPB1	P182A	1	2	Jul 20, 2021	946496
NOTCH1	N2117K	0	1	Dec 06, 2022	951781
NOTCH1	T1379M	0	2	Jan 20, 2026	950236
NOTCH1	G1195R	0	1	Aug 30, 2024	945162
FGFR2	V359F	1	1	May 26, 2025	952522
CNTN1	V432M	0	1	Jun 27, 2022	947806
FAH	M1I	1	2	Oct 05, 2025	950962
GRIN2A	P21L	0	1	Dec 30, 2025	950094
SLC12A3	R642C	1	2	Apr 29, 2026	944812
GRIN2A	I1021V	0	1	Aug 21, 2025	951329
GRIN2A	T888M	0	2	Apr 01, 2026	952821
GRIN2A	D776Y	1	2	Jan 21, 2026	952584
GRIN2A	G712R	0	1	Aug 30, 2023	947194
TTR	P44L	1	1	Mar 23, 2023	948928
TTR	V52A	1	2	Dec 03, 2025	944589
DYRK1A	V126I	0	1	Aug 04, 2023	944510
COL6A2	G268V	1	1	Aug 29, 2025	945243
PCDH19	G296V	1	1	Aug 19, 2019	947804
PCDH19	P236S	1	2	Aug 04, 2025	948780
COL4A5	G380R	1	2	Mar 31, 2022	949477
GPC3	V12L	0	1	Nov 22, 2023	950034
ABCD1	L220P	1	1	Apr 25, 2024	948303
ABCD1	G343R	1	1	Mar 10, 2023	949359
ABCD1	L503P	1	1	Nov 29, 2022	947381
ABCD1	Y559H	1	1	Mar 10, 2023	951851
GATA1	R113C	0	1	Nov 17, 2025	952347
IQSEC2	T244A	0	1	May 05, 2025	951859
GJA8	Y66C	1	1	May 05, 2023	938578
HNRNPU	E75Q	0	2	Apr 01, 2026	941217
MBD5	G893D	0	1	Mar 23, 2023	933464
SCN1A	D1740H	1	2	Oct 02, 2025	938955
SCN1A	Y1684C	1	2	Jul 19, 2022	942302
SCN1A	F1472L	1	1	Sep 09, 2019	936781
SCN1A	V983F	1	1	Sep 11, 2019	943121
SCN1A	W957G	1	1	Aug 23, 2019	940625
SCN1A	L387P	1	1	Nov 08, 2019	942441
SCN1A	A239G	1	1	Sep 12, 2019	940560
COL3A1	G909D	1	1	Oct 23, 2019	938624
COL3A1	F1456L	1	1	Oct 18, 2019	938054
PCARE	S534I	0	1	Dec 24, 2025	938910
GATA2	R398Q	1	2	Aug 25, 2021	938037
CC2D2A	R925P	1	2	Jun 07, 2024	937996
PURA	S20P	0	1	Jun 28, 2024	942515
PURA	A309P	0	1	Oct 23, 2024	936460
GABRG2	I321T	1	1	Nov 13, 2019	936276
NSD1	C1895Y	1	1	Feb 17, 2021	939144
HCN1	P656R	0	1	Jun 13, 2022	935330
NHLRC1	G121S	1	2	Jul 03, 2025	933637
TWIST1	T148I	1	1	Jul 25, 2019	942829
TWIST1	P139L	1	2	Jun 12, 2026	935674
ASL	R236W	1	2	Jan 13, 2026	941054
EXT1	G198V	1	1	Dec 02, 2022	934164
ASS1	T119I	1	2	Jan 28, 2025	939977
NOTCH1	I2089V	0	1	Dec 17, 2025	935993
NOTCH1	A1869T	0	1	Jan 20, 2025	935904
NOTCH1	N379S	0	1	Sep 15, 2023	936346
IL10RA	I169T	1	1	Nov 01, 2025	943905
KCNC1	A513V	1	1	Jul 25, 2025	938939
RPS26	M1R	1	1	Oct 05, 2019	933891
SOS2	N620S	0	1	Jul 01, 2025	942617
SLC12A3	L215P	1	2	Apr 29, 2026	937539
SLC12A3	N359K	1	2	Apr 29, 2026	943091
ANKRD11	V2329M	0	2	Sep 24, 2025	943335
GRIN2A	R1376G	0	1	Sep 24, 2025	936977
GRIN2A	D937N	0	2	Jan 11, 2024	934998
GRIN2A	L840F	0	1	Jul 15, 2024	934470
GRIN2A	I654T	1	2	Aug 27, 2021	941334
GRIN2A	A635D	1	2	Feb 03, 2022	934152
TTR	G67V	1	2	Oct 29, 2025	938206
TTR	L75R	1	1	May 10, 2024	941337
TTR	E86D	1	1	Sep 06, 2022	935886
SMARCA4	R451C	1	2	Sep 08, 2025	937431
BCKDHA	G162S	1	1	Oct 20, 2023	940379
SOD1	L107F	1	1	Nov 29, 2022	934816
DYRK1A	V15I	0	2	Nov 23, 2025	937033
COL6A2	G283V	1	1	Aug 27, 2019	938437
COL6A2	D799N	0	1	Oct 07, 2025	936442
COL6A2	R930H	0	1	Jan 01, 2026	933599
PCDH19	D124H	1	2	Oct 28, 2024	943000
COL4A5	G650D	1	2	Oct 08, 2024	939371
COL4A5	G749D	1	1	Aug 04, 2021	940057
COL4A5	G1202V	1	1	Oct 16, 2019	938543
COL4A5	G1241D	1	1	Jun 11, 2019	934057
COL4A5	G1324R	1	1	Aug 26, 2020	939990
ABCD1	P193R	1	1	Mar 17, 2025	943867
ABCD1	D194N	1	1	Jan 27, 2025	943180
ABCD1	P263S	1	1	Nov 29, 2022	937387
ABCD1	C631Y	1	1	Sep 13, 2019	935868
ABCD1	H669R	1	1	Nov 10, 2019	940780
CACNA1F	E1021K	0	1	Jun 04, 2025	940354
IQSEC2	S1065G	0	1	Sep 29, 2022	937282
CTSK	I249T	1	2	Apr 29, 2026	962917
HNRNPU	R204T	0	1	Oct 22, 2024	957125
SCN1A	F1765L	1	1	Feb 10, 2024	963219
SCN1A	F1710S	1	1	Nov 06, 2023	955916
SCN1A	L1351F	1	2	Aug 29, 2024	954384
SCN1A	M976I	1	2	Apr 30, 2024	957303
SCN1A	Y790F	1	2	Oct 01, 2025	961713
SCN1A	I538T	0	1	Mar 19, 2025	960614
SCN1A	A201V	1	1	Jun 22, 2025	956579
SCN1A	G163E	1	1	Jun 23, 2023	957016
COL3A1	G933R	1	2	Aug 09, 2025	959782
COL3A1	G963V	1	1	Aug 22, 2019	955493
CC2D2A	R948Q	0	2	Jan 26, 2026	961210
GABRG2	A334V	1	1	Oct 30, 2024	962761
NSD1	R1233Q	0	1	Dec 04, 2024	957134
NSD1	T1257I	0	1	Jul 07, 2023	954262
NSD1	K2399T	0	2	Sep 07, 2025	958397
FIG4	M1L	1	1	Jun 25, 2024	959208
PRKN	C441R	1	2	Dec 11, 2024	963190
EXT1	Q352H	1	2	Dec 01, 2023	957776
DNM1	D349E	0	1	Apr 18, 2023	953653
INPP5E	G566D	0	2	Aug 08, 2025	955622
NOTCH1	A2036T	0	1	Oct 23, 2024	954533
NOTCH1	P574L	0	1	Apr 29, 2024	956015
NKX2-1	R243L	1	1	Jul 15, 2019	957394
TPM1	S206A	1	1	Apr 08, 2020	962919
GRIN2A	R1318W	0	1	Jul 08, 2024	955140
GRIN2A	F861L	0	1	Nov 02, 2025	962860
MKS1	P274L	0	1	Oct 16, 2024	959436
CARD14	T530M	0	1	Jan 22, 2026	959394
TTR	D58H	1	2	Aug 31, 2022	962411
STK4	R117Q	0	1	Jan 28, 2026	953160
DYRK1A	R412H	1	1	Sep 01, 2021	964511
DYRK1A	T710A	0	1	Jun 15, 2024	963746
DYRK1A	S754L	0	2	Dec 28, 2024	957515
ADA2	R169W	1	2	Apr 14, 2025	956376
PCDH19	D448N	1	2	Mar 19, 2024	958194
PCDH19	D121A	1	1	Jan 05, 2026	960029
COL4A5	G105A	1	2	Sep 02, 2025	959357
COL4A5	G1196V	1	1	Jan 14, 2021	961447
ABCD1	D221N	1	1	Aug 03, 2020	963694
ABCD1	G608S	1	2	Oct 07, 2024	957421
ABCD1	S633R	1	2	Dec 09, 2021	957802
IQSEC2	P1109L	0	1	Aug 15, 2025	953235
NMNAT1	M69V	1	1	Dec 30, 2024	972092
SCN1A	F995L	1	1	Oct 13, 2023	967462
SCN1A	M132I	0	1	May 20, 2024	965458
STAT1	E284G	1	1	Oct 30, 2019	965491
CC2D2A	V1588A	0	1	Dec 22, 2025	971854
CFTR	R1283S	1	2	Jan 14, 2026	971487
TWIST1	K145E	1	2	Jun 12, 2026	970861
THAP1	R29P	1	2	Jun 13, 2025	964891
DNM1	G43D	1	1	Jan 27, 2025	968753
ASS1	R304Q	1	2	Apr 29, 2026	970822
GRIN2A	M1438T	0	1	Jan 08, 2024	971390
TTR	A56D	1	1	Dec 21, 2025	965016
BCKDHA	A246T	0	1	Apr 29, 2024	971839
PCDH19	P566S	1	1	Oct 31, 2024	971984
COL4A5	G878E	1	2	Jul 07, 2021	968858
ABCD1	H97P	1	1	Sep 25, 2023	966099
GATA1	R317Q	0	1	May 27, 2025	970248
SCN1A	N115K	1	2	Nov 20, 2025	972887
CSF1R	G589R	1	2	Nov 20, 2025	973001
CNOT3	R57W	1	1	Jun 08, 2022	972977
CREBBP	L608P	1	2	Sep 16, 2025	973292
COL6A2	G358W	1	1	Dec 16, 2019	973308
COL3A1	G288C	1	1	Dec 17, 2018	973216
CAV3	I100N	1	1	Jan 28, 2019	973213
CREBBP	R1786H	1	2	Mar 24, 2025	973217
CREBBP	C1421F	1	1	Jun 28, 2018	973218
TBX1	L168P	1	1	May 16, 2018	973222
HSD17B10	I251M	1	1	Apr 01, 2020	973446
SOD1	D126A	1	1	-	973542
CYFIP2	I639M	1	1	May 28, 2020	973749
CYFIP2	E640K	1	2	Mar 30, 2026	973750
CYFIP2	A455P	1	1	Apr 28, 2020	973751
CYFIP2	D699H	1	1	Apr 28, 2020	973752
CYFIP2	Y108H	1	2	Feb 01, 2026	973753
EP300	S2371T	1	1	-	973766
CFTR	K464E	1	2	Jul 18, 2025	973893
COL4A5	G328D	1	2	Oct 03, 2025	974474
COL4A5	G412R	1	1	Feb 01, 2020	974386
COL4A5	G609A	1	1	Feb 01, 2020	974424
COL4A5	G890R	1	1	Feb 01, 2020	974427
COL4A5	G1125R	1	1	Feb 01, 2020	974429
SOS2	T264R	1	2	Jul 17, 2023	974590
RAC1	R66S	1	2	Aug 30, 2024	974895
COL4A5	G99R	1	2	Sep 23, 2024	975062
COL4A5	G778D	1	1	Jul 02, 2018	975075
COL4A5	G825R	1	2	Aug 20, 2024	975055
COL4A5	G1235V	1	2	Sep 22, 2024	975852
NSD1	S677P	0	2	May 10, 2026	975310
HOXA1	D51H	0	1	Jun 24, 2025	975717
CREBBP	S302N	0	2	Jul 24, 2024	975520
ANKRD11	A1248V	0	1	Dec 16, 2024	975643
ADNP	G375R	0	1	Dec 24, 2024	975319
DYRK1A	V695I	0	2	Nov 17, 2025	975537
EP300	N217S	0	2	May 05, 2025	975546
KDM6A	P1379A	0	2	Nov 17, 2025	975570
PAX9	R77Q	1	1	-	975792
RIT1	M90L	1	1	Nov 22, 2019	976308
SCN1A	P358A	1	1	Nov 17, 2017	976200
SCN1A	P281S	1	2	Dec 10, 2025	976292
SCN1A	I278K	1	1	Aug 20, 2018	976137
SCN1A	T162I	1	2	Oct 04, 2023	975943
HCN1	G521V	1	1	Sep 11, 2018	976076
MEF2C	S59R	1	1	Dec 20, 2018	976044
SERPING1	L398P	1	2	Jul 25, 2024	976258
CREBBP	C1720R	1	2	Feb 14, 2026	976122
ABCD1	I495N	1	1	Jul 20, 2022	976237
ABCD1	S636I	1	1	Sep 20, 2018	976062
GABRA2	T292I	1	1	May 29, 2019	976773
DNAJC30	Y51C	1	2	Mar 12, 2026	976691
CHD3	D1120V	1	1	Jun 16, 2020	976739
KDM6A	E47G	1	1	Feb 08, 2020	976704
KDM6A	A303D	1	1	Dec 11, 2019	976705
NCKAP1L	P359L	1	2	Jun 13, 2025	976846
NCKAP1L	V519L	1	1	Apr 13, 2021	976847
NCKAP1L	M371V	1	2	Apr 13, 2021	976848
NCKAP1L	R258L	1	1	Apr 13, 2021	976849
FIG4	R492P	1	1	May 28, 2020	977160
COL3A1	G891E	1	1	-	977315
ANKRD11	V686L	0	1	Mar 18, 2020	977366
HDAC4	T244K	1	2	Aug 01, 2023	977487
PCDH19	P149A	1	1	Aug 03, 2020	977610
TFE3	Y189C	1	1	Aug 03, 2020	977615
DBT	T395I	1	1	Jun 02, 2020	977616
DBT	W84C	1	2	Feb 13, 2024	977617
STAG1	E368K	1	1	Nov 01, 2019	977631
PPT1	G245R	1	1	May 19, 2025	977806
EP300	N760S	0	1	Feb 16, 2023	977890
CPT1C	M1R	1	1	Aug 18, 2020	978230
SCN1A	L988R	1	1	May 10, 2019	978265
LMF1	R364Q	0	2	Feb 04, 2026	978327
LMF1	R354W	0	2	May 01, 2026	978328
TNNI3	R146S	1	1	Nov 20, 2019	978359
PDHB	L104V	1	1	Oct 09, 2023	978596
KDM6A	Q1411R	0	1	Apr 20, 2020	978954
KDM5C	G536R	1	1	Apr 20, 2020	978953
RP1	D202E	1	2	Feb 26, 2026	979011
LPL	C310Y	1	1	Jun 11, 2020	979021
KDM6A	G1137R	1	1	Jul 06, 2020	979183
TWIST1	L159V	1	1	-	981189
HDAC4	R189W	0	1	Sep 10, 2020	981337
GABRG2	A300D	1	1	Sep 10, 2020	981261
CREBBP	Q1854P	1	2	Feb 12, 2026	981358
CREBBP	C1729Y	1	1	Sep 10, 2020	981321
GRIN2A	T690K	1	2	Sep 10, 2020	981282
PCDH19	L640P	1	1	-	981482
CTSK	F186L	1	1	-	981507
CTSK	G303R	1	1	-	981508
RIT1	Q79E	1	2	Jul 13, 2023	981604
KRAS	D154G	1	1	Aug 01, 2020	981803
RAI1	R1198S	1	1	Oct 16, 2020	981897
EPHB4	L701R	1	1	May 15, 2020	981954
CSF1R	G591E	1	2	Nov 14, 2023	982040
SCN1A	D1727G	1	2	Dec 16, 2025	982041
CC2D2A	W1519R	1	2	Apr 30, 2025	982095
CC2D2A	E312K	1	1	Jan 01, 2021	982520
NMNAT1	R66W	1	2	Sep 02, 2025	982555
SCN1A	G210D	1	2	Jul 01, 2025	982639
DNM1	N178Y	1	1	Jan 01, 2019	982937
CEBPE	V218A	1	1	Jan 01, 2019	982783
FBLN5	T141I	0	1	Jan 01, 2019	983055
CREBBP	F1921L	0	1	Jan 01, 2019	982998
TAOK1	S111F	1	1	Jan 01, 2019	982831
IQSEC2	F840S	1	1	Oct 23, 2020	982678
SCN1A	L1355R	1	1	Oct 29, 2020	983217
ROR2	R366W	1	1	Jul 29, 2021	983464
NSD1	C1689S	1	1	Oct 27, 2020	983482
CTSK	H276R	1	1	-	983497
NCDN	E433Q	1	1	Dec 12, 2024	984912
NCDN	R478Q	1	1	Dec 12, 2024	984913
NCDN	W498R	1	1	Dec 12, 2024	984914
NCDN	P652L	1	1	Dec 12, 2024	984915
NAA15	A585T	1	2	Jul 14, 2026	986212
RAC1	N26S	1	2	Feb 11, 2026	986286
DPF2	C345G	1	1	Jun 14, 2021	986144
NKX2-1	P232L	1	2	Aug 24, 2020	985241
ATL1	K407M	1	2	Jun 30, 2023	986192
CREBBP	C1720Y	1	1	Apr 27, 2018	986204
CREBBP	L1499V	1	1	Oct 19, 2022	985924
CREBBP	C1294W	1	1	Dec 19, 2018	986046
ANKRD11	R2512W	1	2	Jul 05, 2026	985348
GRIN2A	L642R	1	1	Mar 18, 2018	985631
GRIN2A	A635T	1	2	Aug 05, 2024	985807
TAOK1	R150I	1	1	Jan 30, 2020	985562
SMARCA4	T894M	1	1	Jun 21, 2018	985527
TFE3	T187M	1	2	Jan 26, 2026	985315
COL11A1	G1522V	1	1	Oct 23, 2020	986890
STAG1	R1187W	1	1	Oct 23, 2020	987233
ANO10	F337V	1	2	Jan 15, 2026	986820
PURA	I170S	1	1	Oct 23, 2020	986835
CYFIP2	E689G	1	1	Oct 23, 2020	987225
DNM1	L356R	1	1	Oct 23, 2020	987213
DNM1	N394D	1	1	Oct 23, 2020	987273
SURF1	A107S	1	1	Oct 23, 2020	987057
KCNC1	C208Y	1	1	Oct 23, 2020	987044
TPM1	D84A	1	1	Oct 23, 2020	987049
CREBBP	A1782V	1	2	Mar 04, 2025	987259
PCDH19	A565P	1	1	Oct 23, 2020	986856
NDP	R38C	1	2	Dec 19, 2024	987301
COL3A1	G876A	1	2	Nov 30, 2020	987809
CC2D2A	R1284H	1	2	Aug 25, 2025	987848
EP300	T887I	1	2	Nov 11, 2020	987884
PITX2	F111S	1	1	Nov 26, 2020	988075
NPHP3	P643L	1	2	Jul 16, 2025	988261
SLC12A3	S546G	1	1	Sep 27, 2024	988170
NPHS1	R711S	1	2	May 23, 2026	988266
COL4A5	G509R	1	2	Jan 05, 2026	988118
COL4A5	G710E	1	1	Jan 16, 2024	988156
COL4A5	R777C	0	2	Dec 01, 2024	988254
CLCN5	C291R	1	2	Feb 17, 2025	988249
COL3A1	G906S	1	1	Dec 19, 2017	988555
TTC7A	L527P	1	1	Aug 27, 2015	988520
FSHR	G446S	1	1	Jun 04, 2014	988344
ALG3	M1T	1	2	Jul 14, 2025	988293
ANO10	F204C	1	1	Aug 12, 2015	988521
CYP21A2	P31Q	1	1	Nov 23, 2018	988330
CYP21A2	G57R	1	2	Jul 13, 2018	988420
CYP21A2	V140M	1	1	Aug 20, 2014	988507
CYP21A2	I172N	1	1	May 21, 2014	988339
CYP21A2	Q319E	1	1	Jun 08, 2016	988370
CYP21A2	A351T	1	1	Sep 21, 2017	988384
CYP21A2	H366Y	1	2	Jan 27, 2026	988353
EXT1	R340G	1	2	Mar 14, 2024	988576
WASHC5	F882Y	1	1	-	989011
WASHC5	T492P	1	1	-	989010
ATL1	V40F	1	1	-	989012
ATL1	L157S	1	1	-	989013
ATL1	L192H	1	1	-	989014
ATL1	L250P	1	1	-	989015
ATL1	W515R	1	1	-	989063
KRT1	S178P	1	2	Dec 28, 2023	989261
FAH	P18L	1	1	Sep 04, 2020	989357
BCKDHB	G9S	0	2	Jan 05, 2026	992179
MED17	D469Y	0	2	Jan 26, 2026	990619
COL4A5	I353V	0	2	Nov 10, 2025	990708
COL4A5	I1359V	0	2	Jan 24, 2026	990709
ABCD1	A443T	0	1	Jun 09, 2025	991380
CHM	D10G	0	2	Jan 13, 2026	989637
CHM	T4A	0	1	Jun 10, 2024	989638
PURA	F117S	1	1	Sep 18, 2020	992336
CCNF	S621G	1	2	Jun 24, 2025	992591
HNRNPU	R268K	1	2	Aug 14, 2024	992827
TFE3	P186L	1	1	-	992855
ASS1	L160P	1	1	Apr 17, 2023	993037
NKX2-1	R195W	1	1	Nov 02, 2023	992992
CFTR	F1074L	1	2	Dec 26, 2025	993219
RNF168	D103N	0	2	Feb 02, 2026	995585
SCN1A	L1624P	1	1	Apr 22, 2020	994751
CAV3	D28E	1	1	Aug 06, 2020	995331
SLC12A3	G729V	1	2	Apr 29, 2026	994770
TGM6	D144N	0	2	Nov 12, 2025	995314
TGM6	I424L	0	1	Aug 26, 2020	995038
SCN1A	G1725S	1	2	Jul 09, 2025	995420
ITGA3	G541R	1	1	-	995569
COL3A1	G1149D	1	1	Oct 20, 2020	995572
ABCD1	S108L	1	2	Aug 06, 2026	995867
GRIN2A	N693D	1	1	Nov 16, 2020	995988
SCN1A	Q242R	1	1	-	995993
FSHR	A621V	1	1	Oct 01, 2020	996018
FSHR	A462P	1	1	Oct 01, 2020	996017
UQCRC2	G222A	1	1	Nov 23, 2020	996066
ABCD1	R152S	1	1	Jan 20, 2021	996091
COL4A5	G1439D	1	2	Jul 17, 2024	996230
SLC26A4	R24L	1	1	May 05, 2024	996636
SLC26A4	G139V	1	2	Aug 16, 2025	996638
PCDH19	D155H	1	2	May 08, 2024	996747
ABCD1	R617G	1	1	Feb 01, 2021	996792
HSD17B10	G55E	1	1	Sep 17, 2019	996911
FGF13	R11C	1	2	Apr 28, 2026	997407
FGF13	R14T	1	1	Mar 11, 2025	997408
COL11A1	P1241L	0	1	Mar 03, 2022	1011931
HNRNPU	G157R	0	1	Dec 15, 2020	1011243
HNRNPU	N132D	0	1	Oct 23, 2024	1009576
HNRNPU	G101R	0	1	Sep 06, 2022	1003533
MBD5	T111I	0	1	Feb 03, 2022	1010646
MBD5	L1196V	0	1	May 14, 2025	1010442
MBD5	V1309I	0	2	May 01, 2025	998403
SCN1A	V1637A	1	3	Feb 24, 2026	1008671
SCN1A	E1221G	1	1	Jul 05, 2022	1004237
SCN1A	Y388C	1	1	Jul 05, 2022	1003488
SCN1A	R219G	1	3	Mar 24, 2026	1000050
CC2D2A	I955T	0	1	Oct 08, 2025	1001407
HCN1	S100A	0	1	Apr 30, 2025	1011220
MEF2C	V107I	0	1	Oct 15, 2024	1003007
NOTCH1	R2179P	0	1	Oct 23, 2024	1011533
NOTCH1	C833S	0	1	Oct 14, 2022	999913
STIM1	G37A	0	1	Dec 15, 2025	1002634
SERPING1	L396P	1	1	Nov 30, 2024	1000926
CABP4	L231P	1	1	Apr 16, 2025	1007462
CABP4	R274G	0	1	Jan 18, 2026	1007029
LIG4	R278C	1	1	Nov 08, 2025	1001515
TPM1	E180K	1	1	Mar 16, 2021	1002513
GRIN2A	S1440P	0	1	May 23, 2023	998570
GRIN2A	K1340R	0	2	Dec 09, 2025	998618
GRIN2A	S1305R	0	2	Dec 28, 2025	1010982
TTR	G87R	1	2	Sep 17, 2024	1006084
JAK3	P664T	0	1	Jan 04, 2026	1009937
DYRK1A	G159V	1	1	Aug 27, 2021	998571
DYRK1A	N668S	0	1	Apr 03, 2024	1010456
COL6A2	R179Q	0	1	Jan 21, 2025	1002879
EP300	G101D	0	1	Jan 06, 2025	1011676
PCDH19	D230N	1	1	May 27, 2022	1002551
ABCD1	G277V	1	1	Nov 29, 2022	1009241
GATA1	R113L	0	1	Jul 07, 2025	999248
CLCN5	V433M	0	2	Jan 27, 2025	1000916
IQSEC2	Q53R	0	1	Oct 28, 2024	1004583
ROR2	R706Q	0	1	Sep 09, 2024	1012276
ROR2	D644N	0	1	Jun 09, 2025	1012275
STAG1	K333E	1	1	Aug 01, 2020	1013230
NSD1	E809K	0	2	Jul 20, 2025	1012754
RTN4IP1	I86V	0	1	Feb 01, 2024	1012783
ASL	G157V	1	1	Nov 01, 2020	1013002
SLC12A3	G394D	1	2	Apr 29, 2026	1012400
ANKRD11	D1142N	0	2	Jan 01, 2025	1012412
GRIN2A	A548G	1	1	Dec 01, 2020	1013092
CHD3	M1203T	1	1	Jul 01, 2021	1012890
TRPM4	P750L	0	2	Aug 03, 2025	1012458
COL6A2	G379R	1	1	Aug 01, 2020	1013198
MYO18B	K957E	0	2	Mar 01, 2026	1013204
HSD17B10	K105T	0	1	Jul 01, 2020	1013069
SCN1A	G1674S	1	2	Nov 18, 2025	1024963
SCN1A	F1620L	1	1	Nov 18, 2020	1014045
SCN1A	M1559R	1	1	Nov 08, 2022	1026796
SCN1A	D1288N	1	2	Apr 24, 2025	1024964
SCN1A	V645L	0	1	Apr 28, 2025	1014248
PURA	D112H	0	1	Aug 16, 2022	1020560
GABRG2	V287I	1	2	Dec 13, 2024	1017056
HCN1	L774P	0	1	Aug 23, 2022	1013774
HCN1	A670V	0	1	Feb 26, 2025	1016986
MEF2C	L258H	0	1	Jul 09, 2025	1015461
EXT1	Y203S	1	1	Nov 29, 2022	1020750
NOTCH1	Q1957P	0	1	Jan 13, 2026	1025481
NOTCH1	E1183K	0	1	Jul 19, 2022	1025308
RIGI	P885S	0	2	Jan 17, 2026	1017102
SERPING1	V250D	0	1	Jan 06, 2026	1022049
SERPING1	R366C	0	1	Feb 08, 2024	1021008
CNTN1	N338S	0	1	Mar 20, 2025	1018874
ATL1	R239H	1	2	Sep 22, 2025	1017361
ANKRD11	S870N	0	2	Dec 08, 2025	1018264
GRIN2A	H674Q	0	1	Jul 07, 2023	1016692
ALDH3A2	G185E	1	2	Aug 03, 2024	1019552
GPR179	E861D	0	1	Dec 22, 2025	1024919
CA4	R219H	1	1	Jan 15, 2025	1024689
SOD1	V48A	1	2	Jun 16, 2025	1018905
DYRK1A	D278G	1	1	Jul 05, 2022	1015236
DYRK1A	R618Q	0	2	Oct 15, 2024	1026544
EP300	P802L	0	1	May 10, 2024	1020521
PCDH19	P561L	1	2	Dec 20, 2024	1023566
PCDH19	P149S	1	1	Jun 19, 2023	1021031
GPC3	M441I	0	1	Feb 12, 2025	1017317
IQSEC2	R422Q	0	1	Aug 10, 2022	1018330
IQSEC2	E25G	0	1	Jul 26, 2022	1026672
DPYD	P86L	1	2	May 23, 2026	1028072
PTH1R	I458K	1	1	Nov 08, 2019	1030731
RAC1	W56C	1	1	Feb 27, 2023	1027690
GATA4	R284H	1	2	Mar 24, 2025	1029405
LPL	K331E	1	2	Jan 27, 2026	1030690
COQ4	M1T	1	1	Aug 05, 2019	1029574
IRF2BPL	G400S	1	1	Mar 25, 2019	1029892
SLC12A3	S178L	1	2	Apr 29, 2026	1028205
SOD1	D77V	1	2	Aug 18, 2025	1030809
ADA2	V458D	1	2	May 14, 2026	1027878
SMARCB1	G271E	1	1	Jun 10, 2021	1029505
HSD17B10	R29G	1	1	Nov 03, 2019	1028768
SCN1A	G329A	1	2	Sep 02, 2025	1032678
PITX1	K138N	1	1	Jul 19, 2018	1033526
COL11A1	P1364H	0	1	Apr 22, 2024	1035419
COL11A1	Q522K	0	1	Sep 10, 2023	1035417
HNRNPU	G743S	0	2	Dec 15, 2025	1046728
HNRNPU	I469V	0	1	Jun 27, 2025	1044640
SCN1A	W1812S	1	1	Feb 23, 2024	1036382
SCN1A	D1742Y	1	1	Aug 09, 2022	1039369
SOX2	R96P	1	1	Nov 20, 2020	1038715
CC2D2A	G398E	0	1	Jan 11, 2026	1040022
CC2D2A	L1551P	1	2	Feb 09, 2026	1035129
ALDH7A1	H11Q	0	1	Jan 06, 2025	1034929
PURA	E90Q	0	1	Jan 06, 2022	1043010
GABRG2	P83L	1	1	Nov 28, 2022	1042549
NSD1	C2159S	1	1	Feb 12, 2021	1038714
HCN1	K128R	0	1	Aug 23, 2022	1046687
HCN1	R88G	0	1	Nov 15, 2022	1046259
ASL	M360I	1	1	Dec 02, 2021	1040658
EXT1	L153P	1	1	Mar 04, 2021	1044040
INPP5E	R351H	1	1	Dec 22, 2025	1038331
INPP5E	R73W	0	2	Feb 02, 2026	1038719
NOTCH1	P877L	0	1	Dec 03, 2025	1045128
NOTCH1	E663V	0	1	Aug 26, 2025	1047056
ALG1	R232W	0	1	Jan 31, 2026	1044308
PMM2	V44I	1	1	Nov 29, 2022	1039261
GRIN2A	Y1423D	0	1	Jul 07, 2023	1044150
GRIN2A	S1416I	0	1	Jul 18, 2022	1038765
GRIN2A	I763M	1	1	Jul 28, 2022	1041575
GRIN2A	D199N	0	1	Jan 25, 2024	1046733
DYRK1A	H592Y	0	1	Feb 04, 2022	1046908
PCDH19	E414K	1	1	Jul 21, 2021	1045922
ABCD1	D200N	1	1	Aug 08, 2023	1039444
ABCD1	T416R	1	1	Oct 09, 2022	1037296
IQSEC2	R956H	0	1	Jun 29, 2025	1042328
IQSEC2	E490G	0	1	Dec 16, 2025	1047481
ITGB4	G234V	1	1	Dec 14, 2012	1048032
ITGB4	R283C	1	2	Mar 13, 2026	1048060
ITGB4	Y333D	1	2	Apr 20, 2024	1048061
ITGB4	C457Y	1	1	May 10, 2011	1048062
ITGB4	C671S	1	1	Apr 24, 2013	1048063
ITGB4	L822S	1	1	Oct 15, 2014	1048064
ITGB4	R1014W	1	1	Dec 14, 2012	1048066
TWIST1	L159H	1	1	Mar 29, 2021	1048585
SCN1A	R1861W	1	2	Jan 09, 2025	1048587
SLC26A4	V690E	1	1	Jun 05, 2025	1048780
CTSK	G3E	0	2	Feb 04, 2026	1050778
ZNF148	N624S	0	1	Sep 30, 2025	1049434
CLCN2	R653T	0	2	Jan 24, 2026	1049612
CHMP2B	R30G	0	2	Jan 12, 2026	1048977
CYFIP2	R1109Q	0	2	Apr 11, 2025	1049539
CREBBP	P543A	0	1	May 06, 2021	1049387
ALG1	R274H	0	2	Jan 27, 2026	1049114
CHD3	P84L	0	2	Mar 01, 2026	1049451
NOP56	R453W	0	1	Aug 01, 2025	1050721
ASL	R186W	1	2	May 01, 2026	1050820
COL11A1	P1773T	0	1	Jun 25, 2024	1056100
HNRNPU	G220V	0	2	May 08, 2024	1061461
SCN1A	L1775P	1	1	Feb 23, 2024	1057583
SCN1A	Y1694D	1	1	Nov 29, 2022	1057139
SCN1A	F1220L	1	1	Aug 24, 2022	1064343
SCN1A	P657T	0	1	Jan 06, 2025	1062173
SCN1A	M400T	1	1	Sep 17, 2024	1056951
SCN1A	L390P	1	2	Apr 11, 2024	1057080
SCN1A	F383L	1	1	Feb 23, 2024	1061224
SCN1A	E289V	1	1	Feb 06, 2023	1057584
ALG3	R354H	1	2	Jan 06, 2026	1053045
LMOD3	G326R	1	1	Jun 10, 2025	1055832
CSF1R	E644K	0	1	Nov 21, 2025	1062449
NSD1	L2277M	0	1	Feb 23, 2025	1063130
LIFR	G779V	1	1	Sep 17, 2025	1056730
CFTR	T501I	1	1	Dec 04, 2020	1052121
NOTCH1	G81D	0	1	Oct 03, 2024	1050916
NOTCH1	V76M	0	1	Feb 22, 2024	1058227
FGFR2	D321V	1	1	Nov 07, 2022	1060632
CABP4	E65K	0	1	Dec 16, 2024	1059896
ORAI1	V255I	0	1	Oct 07, 2025	1057144
ATL1	L157F	1	1	Dec 09, 2020	1051919
GRIN2A	I1460T	0	1	Aug 30, 2023	1052920
GRIN2A	C1412R	0	1	Jul 07, 2023	1051964
GRIN2A	P1148L	0	1	Jan 27, 2025	1062536
GRIN2A	S1048R	0	1	Jul 07, 2023	1064241
GRIN2A	V852M	0	1	Jan 08, 2025	1059028
GRIN2A	I601T	0	1	Aug 15, 2022	1057496
GRIN2A	V544I	1	1	Jan 05, 2024	1059500
GRIN2A	G449W	0	1	Aug 16, 2022	1054240
CARD14	V569I	0	1	Aug 08, 2025	1061836
BCKDHA	A145V	0	1	Dec 25, 2023	1062897
SOD1	I150V	1	1	Mar 31, 2025	1061106
DYRK1A	R217H	0	1	Sep 05, 2024	1051390
DYRK1A	R618W	0	2	Feb 01, 2025	1052055
DYRK1A	A734P	0	1	Feb 04, 2022	1063881
COL6A2	A613T	0	1	Dec 23, 2024	1062316
COL6A2	D749N	0	1	Oct 18, 2022	1052131
COL6A2	M801V	0	1	Aug 21, 2025	1053726
PCDH19	L433M	1	1	Nov 16, 2020	1059075
COL4A5	W1544C	1	1	Sep 02, 2025	1053313
ABCD1	V457L	0	1	Jun 23, 2024	1060733
IQSEC2	R499Q	0	1	Aug 18, 2023	1061412
IQSEC2	A155S	0	1	Oct 01, 2025	1052056
NMNAT1	N167S	1	2	May 26, 2021	1062684
NMNAT1	V82A	1	2	Nov 26, 2024	1062688
SOD1	N132K	1	1	Apr 09, 2021	1064422
SCN1A	P346L	1	1	Dec 30, 2020	1064582
PAX9	S49L	1	1	Feb 25, 2025	1064704
SCN1A	A1326D	1	2	Aug 27, 2020	1064821
NAA15	L73S	1	1	Aug 20, 2020	1064826
ASL	R168S	1	1	Oct 01, 2020	1064860
TFE3	R117Q	1	2	Dec 04, 2024	1064791
SLC26A4	S427Y	1	1	Apr 12, 2021	1065046
SCN1A	I1770F	1	1	Apr 25, 2021	1065176
SCN1A	L373S	1	2	Apr 18, 2023	1065177
SCN1A	M145R	1	1	Apr 25, 2021	1065179
SLC26A4	E29D	1	1	-	1065202
SLC26A4	A106D	1	2	Feb 02, 2024	1065204
SLC26A4	S252P	1	2	Apr 13, 2026	1065210
SLC26A4	S552R	1	1	-	1065205
SLC26A4	A664V	1	2	Jul 03, 2026	1065212
HYAL2	R378C	1	1	Jun 20, 2024	1065395
HYAL2	K148R	1	1	Mar 26, 2026	1065389
GRIN2A	A818V	1	2	Apr 22, 2025	1065504
GJA8	G22S	1	2	Jan 21, 2026	1065589
SCN1A	F1707S	1	1	Jan 17, 2020	1065622
CYFIP2	C697R	1	1	Dec 09, 2020	1065625
INPP5E	R557H	1	2	Jun 06, 2024	1065659
SCN1A	Q1923H	1	2	May 04, 2022	1066894
SCN1A	D1742N	1	1	Dec 15, 2023	1066554
SCN1A	D1727H	1	1	May 15, 2023	1066441
SCN1A	L1679P	1	1	May 04, 2020	1068270
SCN1A	E1561K	1	1	Aug 24, 2021	1068019
SCN1A	I1545K	1	1	Aug 15, 2020	1067239
SCN1A	P1519S	1	1	Sep 07, 2022	1066555
SCN1A	G1494E	1	1	Jan 15, 2026	1066435
SCN1A	C968W	1	1	Jul 30, 2020	1068194
SCN1A	G950R	1	1	Oct 06, 2025	1066562
SCN1A	W932C	1	1	Sep 01, 2021	1066993
SCN1A	R931G	1	1	Aug 30, 2020	1066442
SCN1A	M785I	1	1	May 21, 2020	1066611
SCN1A	A333T	1	1	Mar 05, 2020	1066349
SCN1A	G58R	1	1	Oct 22, 2023	1066871
COL3A1	G261R	1	1	Jun 13, 2022	1067438
COL3A1	G351S	1	1	Oct 13, 2020	1067718
COL3A1	G441E	1	1	Aug 23, 2020	1067325
COL3A1	G477W	1	1	Feb 16, 2021	1068391
COL3A1	G1074D	1	1	Oct 19, 2020	1067181
COL3A1	G1128V	1	1	Aug 18, 2020	1067115
PITX2	R144W	1	2	Jun 09, 2026	1068355
ALDH7A1	G398R	1	1	Jan 15, 2025	1067854
NSD1	G1800R	1	1	May 02, 2018	1066832
MEF2C	Y57C	1	1	May 22, 2020	1065915
SLC26A4	M147L	1	1	Jul 28, 2020	1067001
SLC26A4	G424D	1	2	Dec 02, 2023	1067344
EXT1	G339S	1	1	Jan 22, 2024	1066566
LPL	D183N	1	2	May 01, 2024	1066635
LPL	I221F	1	1	Oct 11, 2020	1066136
LPL	E269K	1	2	Feb 23, 2026	1066636
DNM1	E576K	1	1	Jan 15, 2025	1067855
INPP5E	D438N	1	1	Oct 09, 2020	1067681
FGFR2	S354F	1	2	Feb 01, 2026	1066784
ATL1	A350S	1	1	Sep 25, 2020	1068421
ATL1	K406Q	1	1	Aug 27, 2021	1068213
TPM1	T237S	1	1	Jun 17, 2024	1067773
FAH	M1L	1	1	Jul 09, 2020	1066042
CREBBP	S1687F	1	2	Dec 31, 2025	1066341
SLC12A3	R145S	1	1	Jun 30, 2020	1065972
SLC12A3	R321W	1	2	Aug 27, 2026	1067766
SLC12A3	A523T	1	2	Mar 21, 2025	1067262
CHD3	L747V	1	1	Apr 01, 2020	1066299
TTR	T60N	1	2	Jul 01, 2025	1066429
TTR	E62D	1	1	May 27, 2025	1068392
TTR	G73R	1	2	Apr 18, 2025	1067499
TTR	F84S	1	2	Oct 10, 2025	1067500
SMARCA4	K755E	1	1	Mar 25, 2020	1068028
SLC7A9	G202R	1	1	Feb 18, 2020	1066719
NPHS1	S910P	1	2	Jul 18, 2025	1065992
NPHS1	S366N	1	1	Aug 22, 2020	1066570
NPHS1	S350Y	1	1	Aug 29, 2020	1066437
BCKDHA	R265Q	1	2	Apr 29, 2026	1065902
BCKDHA	F409L	1	1	Jul 28, 2020	1066997
BFSP1	L72P	1	1	Apr 19, 2020	1066273
SOD1	D102H	1	1	Jul 18, 2022	1066874
SOD1	D125V	1	2	Sep 21, 2025	1067619
COL6A2	G262V	1	1	Mar 05, 2020	1067587
COL6A2	D621H	1	1	Sep 14, 2020	1067448
PCDH19	D124A	1	1	Dec 08, 2020	1067596
PCDH19	M1I	1	1	Oct 03, 2023	1067709
COL4A5	G51R	1	2	Dec 01, 2023	1067481
COL4A5	G138D	1	1	Nov 01, 2022	1067097
COL4A5	G273E	1	2	Mar 12, 2024	1066754
COL4A5	G368E	1	1	Nov 25, 2020	1066838
COL4A5	G457D	1	2	May 02, 2024	1067067
COL4A5	G460R	1	1	Sep 09, 2020	1067870
COL4A5	G678D	1	1	May 05, 2020	1068352
COL4A5	G1000R	1	2	Apr 29, 2026	1066338
COL4A5	G1027R	1	1	Oct 26, 2020	1067288
COL4A5	G1027E	1	1	Sep 11, 2020	1066731
COL4A5	G1036E	1	2	Jul 15, 2024	1066759
COL4A5	G1116E	1	2	Apr 19, 2024	1066732
COL4A5	G1149R	1	2	Apr 06, 2022	1066834
COL4A5	G1214R	1	2	Jun 04, 2024	1067445
COL4A5	G1241S	1	1	Nov 11, 2022	1066996
COL4A5	G1252D	1	1	Jul 23, 2020	1067667
COL4A5	G1270V	1	1	Jul 07, 2025	1066230
COL4A5	G1276D	1	1	Nov 17, 2025	1066898
COL4A5	G1276V	1	1	Jan 29, 2021	1067523
COL4A5	G1300S	1	2	Feb 02, 2022	1067226
COL4A5	G1303C	1	2	Sep 10, 2025	1066396
ABCD1	E291D	1	2	Apr 14, 2025	1067768
ABCD1	I481T	1	1	Jul 17, 2020	1066681
CHM	M1T	1	1	Sep 08, 2023	1067269
SCN1A	I1683T	1	1	Oct 20, 2020	1072577
SCN1A	I1616T	1	2	Jun 11, 2025	1074453
SCN1A	V1428D	1	1	Jul 26, 2022	1069950
SCN1A	G271V	1	2	Sep 01, 2022	1071939
COL3A1	E682K	1	2	Feb 16, 2025	1072145
COL3A1	G762S	1	1	Mar 22, 2021	1076734
STAT1	S466R	1	1	Aug 04, 2021	1074337
PITX2	R96W	1	2	Jan 20, 2025	1071052
CC2D2A	E1126K	1	1	Jan 19, 2026	1069485
ALDH7A1	Y354C	1	2	Jan 20, 2026	1074455
NSD1	H1730Q	1	1	Sep 10, 2020	1074877
HCN1	G391V	1	1	Mar 23, 2022	1074847
ENPP1	P250L	1	2	Jul 24, 2025	1076487
BCKDHB	G66R	1	1	May 08, 2020	1069097
EXT1	C355Y	1	1	Mar 23, 2020	1071748
EXT1	G343R	1	2	Jun 30, 2025	1071749
LPL	G181R	1	2	Sep 10, 2025	1072728
ASS1	A164P	1	1	Jul 14, 2021	1071056
FGFR2	A344P	1	1	Mar 10, 2020	1076383
SERPING1	P399L	1	1	Jul 22, 2023	1073879
ZIC2	R325C	1	1	Aug 26, 2021	1073377
ATL1	H189D	1	1	Jan 13, 2021	1072586
SLC12A3	T304M	1	2	Apr 29, 2026	1069508
SLC12A3	T392I	1	2	Jan 13, 2026	1069509
SLC12A3	M581K	1	2	Apr 29, 2026	1073478
PMM2	V129L	1	2	Nov 15, 2024	1068915
CHD3	H886D	1	2	Oct 08, 2022	1073248
TTR	L32V	1	2	Dec 05, 2024	1075407
TTR	W61L	1	1	Jan 10, 2023	1075408
TTR	E109K	1	2	Dec 19, 2025	1073324
TTR	I127M	1	2	Jan 06, 2025	1073325
JAK3	C193Y	1	3	Oct 10, 2025	1070168
SOD1	G94D	1	2	Sep 13, 2025	1072003
PCDH19	P561S	1	2	Feb 23, 2024	1071427
PCDH19	N447D	1	1	Aug 26, 2020	1073814
PCDH19	D341G	1	1	Jun 08, 2020	1071428
PCDH19	E249G	1	1	Aug 25, 2020	1071429
COL4A5	G365R	1	2	Jun 14, 2026	1074914
COL4A5	G406D	1	1	Feb 07, 2020	1075944
COL4A5	G545S	1	1	Mar 03, 2022	1073886
COL4A5	G603D	1	2	Feb 12, 2025	1076952
COL4A5	G621D	1	2	Aug 20, 2025	1072946
COL4A5	G647V	1	1	Mar 25, 2020	1073034
COL4A5	G872D	1	1	Aug 28, 2021	1075130
COL4A5	G1164D	1	1	Apr 12, 2020	1070190
COL4A5	G1360D	1	1	Aug 06, 2021	1072947
COL4A5	C1482W	1	1	Oct 20, 2020	1074048
ABCD1	S262W	1	2	Mar 22, 2024	1075691
ABCD1	L322P	1	2	Aug 17, 2026	1068643
ABCD1	G594R	1	1	Jun 17, 2023	1076801
GATA1	M1I	1	1	Feb 11, 2020	1068653
CACNA1F	G1007R	1	2	Feb 22, 2024	1074712
CHRDL1	C146G	1	1	-	1077002
NPHP3	L1253V	1	2	Jan 22, 2026	1077017
NPHS1	P838T	1	1	-	1077027
COL4A5	G180E	1	1	-	1077054
COL4A5	G313C	1	2	Feb 22, 2023	1077048
COL4A5	G494C	1	1	-	1077050
COL4A5	G624V	1	2	Jun 12, 2025	1077043
COL4A5	G644C	1	2	Feb 22, 2024	1077049
COL4A5	G716S	1	1	-	1077046
COL4A5	G1104D	1	2	-	1077057
COL4A5	G1264V	1	1	-	1077052
COL4A5	G1273S	1	2	Apr 29, 2025	1077059
COL4A5	G1510R	1	1	-	1077051
AGRN	A1506T	0	1	Oct 27, 2025	1092012
CTSK	E173D	0	1	Feb 04, 2024	1082561
LBR	V317I	0	1	Jul 28, 2025	1093542
HNRNPU	N792S	0	2	Feb 19, 2025	1078869
MBD5	H153Y	0	1	Mar 19, 2022	1081393
MBD5	S456L	0	2	Oct 02, 2025	1096940
MBD5	R1678I	0	1	Dec 04, 2020	1096170
TTC7A	M154I	0	1	Jan 14, 2026	1089456
ADAM17	L60I	0	2	Jan 19, 2026	1082186
CNNM4	R36W	0	1	Oct 08, 2025	1082556
STAG1	S1138T	0	1	Jan 14, 2025	1096290
ANO10	N295S	0	2	Jan 25, 2026	1086134
SPINK5	G460V	0	1	Jan 06, 2026	1093511
MEF2C	V65A	0	1	Feb 08, 2022	1078821
TRAF3IP2	R3Q	0	1	Jan 12, 2026	1087419
F13A1	A8T	0	2	Jul 14, 2021	1093088
POT1	Q301H	0	1	Oct 15, 2025	1077602
GATA4	P36A	0	1	Jan 11, 2026	1095284
CTSB	R57K	0	1	Jan 26, 2022	1088442
RP1	V142L	0	1	Mar 10, 2025	1077799
RP1	A1326P	0	1	Sep 17, 2025	1088753
DNM1	K315N	0	1	Mar 19, 2022	1091594
IL10RA	G472D	0	1	May 17, 2025	1098007
SERPING1	V45F	0	1	Oct 01, 2025	1096580
CABP4	G240R	0	1	Nov 27, 2023	1089108
TUB	G118D	0	1	Nov 03, 2025	1083846
KRT74	P24R	0	1	Dec 24, 2025	1093378
TBK1	K622R	0	2	Feb 17, 2024	1080246
POC1B	V217A	0	1	Aug 12, 2025	1084177
ATL1	V67A	0	1	Nov 27, 2024	1082137
GRIN2A	V329I	0	1	Jan 22, 2026	1085391
MAP3K14	P721S	0	1	May 03, 2022	1096320
MAP3K14	Q631E	0	1	Jun 01, 2025	1098055
CARD14	Q249P	0	1	Jan 27, 2026	1084454
BCKDHA	P39S	0	1	Jan 25, 2026	1088802
BCKDHA	A59V	0	1	Jan 28, 2026	1090704
TRPM4	S834R	0	1	Dec 08, 2025	1095276
NLRP5	R405H	0	2	Oct 01, 2024	1090359
TGM6	L440F	0	2	Jan 01, 2026	1097685
COL4A5	I190V	0	1	Nov 19, 2025	1095046
COL4A5	E562K	0	1	Dec 03, 2025	1089399
COL4A5	M620V	0	1	Dec 04, 2023	1093878
COL4A5	L1392P	0	1	Feb 06, 2024	1087146
COL4A5	P1405A	0	1	Aug 01, 2023	1085798
COL4A5	P1446H	0	1	Jul 30, 2021	1089336
GPC3	A416V	0	1	Aug 15, 2024	1080265
CACNA1F	L1745F	0	1	Nov 11, 2025	1095657
CLCN5	I266V	0	2	Dec 29, 2024	1086253
CHM	P73S	0	2	Jan 12, 2026	1095317
SCN1A	V1534D	1	2	Jun 13, 2022	1098276
LHX4	C57W	1	1	Apr 26, 2021	1098404
CACNA1D	S652L	1	2	Mar 05, 2024	1098362
PURA	Y74C	1	1	Apr 26, 2021	1098403
RAC1	P73L	1	2	May 04, 2022	1098331
CREBBP	N1789K	1	1	Apr 26, 2021	1098414
COL4A5	E46G	0	1	May 15, 2021	1098425
CTSB	S53G	0	2	Jan 19, 2026	1098730
TNIK	A999T	0	2	May 18, 2021	1098861
AGRN	P396L	0	1	Aug 26, 2025	1101670
AGRN	P757L	0	1	May 06, 2025	1112492
MBD5	V197F	0	1	Oct 01, 2020	1106641
MBD5	P536A	0	2	Dec 08, 2025	1117694
MBD5	H1387N	0	1	Jan 06, 2022	1106545
SCN1A	E1878D	0	1	Oct 30, 2024	1109496
SCN1A	Q1166K	0	2	May 17, 2024	1116769
SCN1A	N762H	0	1	Jul 17, 2023	1100047
HDAC4	V759I	0	2	Mar 01, 2026	1111485
HDAC4	R548Q	0	2	Aug 01, 2024	1115109
HDAC4	G406R	0	1	Oct 13, 2025	1099971
PCARE	P1013A	0	1	Dec 31, 2025	1102349
EFEMP1	G116S	0	1	Jun 03, 2025	1106775
TRAPPC11	P763S	0	1	Jan 06, 2026	1109171
HMX1	A32S	0	1	Jan 04, 2026	1113465
SLC6A19	W530C	0	1	Dec 03, 2025	1111821
GABRG2	P62A	0	1	Jul 28, 2022	1109734
HCN1	I693V	0	1	Oct 17, 2024	1105577
HCN1	N200S	0	2	Aug 11, 2025	1112424
CWC27	A255E	0	2	Jan 26, 2026	1117958
SLC26A3	A177V	0	1	Feb 03, 2026	1115327
ASL	T103M	0	1	Feb 22, 2024	1102089
OPLAH	R501W	0	1	Oct 21, 2025	1114440
IKBKB	F734L	0	2	Nov 05, 2025	1109884
RP1	G706R	0	2	Jan 18, 2026	1115683
DNM1	M1I	0	1	Oct 16, 2023	1114663
NOTCH1	R780Q	0	1	Oct 12, 2024	1108531
FGFR2	I88T	0	2	Nov 18, 2025	1115796
ODAD2	S191P	0	2	Jan 23, 2026	1108182
CAPN5	R496W	0	1	Mar 31, 2024	1105851
CAPN5	R570C	0	1	Apr 11, 2025	1114648
CAPN5	R613W	0	1	Dec 17, 2025	1103338
KRT74	A505V	0	2	Nov 07, 2025	1099347
POC1B	M362T	0	1	Jan 01, 2026	1103973
GRIN2A	S1341I	0	1	Nov 06, 2025	1111748
GRIN2A	S1201G	0	1	Mar 04, 2024	1112977
GRIN2A	N340K	0	1	Feb 24, 2024	1119414
ALDH3A2	N350H	0	1	Jan 20, 2026	1105636
GPR179	E2307K	0	1	Nov 13, 2025	1104891
RANGRF	V42L	0	1	Apr 09, 2025	1110143
JAK3	R222H	0	1	Jan 28, 2026	1107911
RGS9BP	Q156R	0	1	Mar 12, 2025	1112030
TRPM4	Q295H	0	2	Jan 28, 2026	1102945
ITCH	T129A	0	1	Jan 18, 2026	1110551
DYRK1A	V420A	0	1	Sep 28, 2024	1118460
KCTD17	G167S	0	1	Jan 25, 2026	1116437
COL4A5	R74Q	0	2	May 07, 2024	1118417
COL4A5	T894I	0	1	Jul 03, 2023	1109321
COL4A5	P1007S	0	1	Sep 10, 2023	1115883
GPC3	E390D	0	1	Dec 25, 2022	1099985
ABCD1	S58F	0	1	Apr 17, 2025	1115124
ABCD1	A223V	0	1	Jan 21, 2020	1100098
ABCD1	R308H	0	1	Nov 22, 2025	1101743
ABCD1	V365M	0	1	Nov 27, 2023	1102382
NDP	R2I	0	1	Jan 02, 2026	1113955
CACNA1F	G1673R	0	1	Jun 01, 2025	1103336
CACNA1F	P1445H	0	1	Jan 18, 2026	1100689
CACNA1F	E1090D	0	1	May 08, 2025	1118197
CACNA1F	L429P	0	1	Dec 03, 2025	1117428
CACNA1F	R302C	0	1	Jan 26, 2026	1104278
KDM5C	R1166C	0	1	Jul 27, 2025	1118333
CHM	V169I	0	1	May 26, 2023	1106860
CEP85L	S63R	1	1	Mar 03, 2021	1120042
GRIN2A	R1452C	0	1	Nov 03, 2025	1120231
AGRN	G1846R	0	1	Oct 19, 2025	1133725
NEK2	N189S	0	1	Nov 08, 2025	1138325
C8A	D55E	0	1	Dec 01, 2025	1121148
SCN1A	M1533I	0	1	Nov 22, 2022	1125104
STAT1	Q63R	0	1	Apr 24, 2023	1137204
HDAC4	R132Q	0	2	Apr 01, 2026	1129812
PCARE	V463I	0	1	Jan 18, 2026	1126251
PCARE	G407S	0	2	Dec 24, 2025	1141029
PCARE	E136G	0	2	Aug 19, 2025	1140948
FSHR	V562M	0	1	Dec 07, 2019	1137986
CLCN2	E664V	0	1	Nov 02, 2025	1136964
LRIT3	R70C	0	1	Jan 18, 2026	1134062
LRIT3	V369A	0	1	Dec 20, 2025	1139968
HCN1	A887T	0	1	Feb 24, 2025	1133375
LAMA4	V301I	0	2	Sep 05, 2025	1121979
PRKN	R42C	0	1	Dec 02, 2024	1126210
BACH2	G415E	0	2	Feb 02, 2026	1139633
KRIT1	Q473H	0	1	Mar 24, 2020	1127894
EXT1	V538I	0	1	Jul 03, 2025	1134051
EXT1	P56A	0	1	Jul 31, 2020	1133102
OPLAH	E1274K	0	1	Feb 01, 2026	1130802
RP1	T188K	0	1	Mar 07, 2024	1123066
CFAP418	M146L	0	1	Dec 08, 2025	1135365
INPP5E	G108E	0	1	Aug 23, 2023	1124517
TEAD1	S233L	0	2	Dec 22, 2025	1132181
SERPING1	T95I	0	2	Apr 27, 2025	1124841
POC1B	C200Y	0	1	Aug 11, 2025	1133281
ITM2B	I251V	0	2	Oct 27, 2025	1138372
CEBPE	R12Q	0	2	Aug 01, 2025	1139970
SLC12A3	T180M	0	1	Dec 30, 2025	1134717
SLC12A3	E485K	0	1	Jan 19, 2026	1122980
CARMIL2	R805H	0	2	Jan 08, 2026	1139643
GRIN2A	M894K	0	2	Apr 08, 2025	1135957
GRIN2A	Y676S	0	1	Jul 14, 2020	1131651
GRIN2A	H223L	0	1	Aug 31, 2020	1123465
GRIN2A	T189I	0	1	Jun 29, 2023	1137123
GPR179	T2165K	0	2	Dec 06, 2025	1120931
ERBB2	A270S	0	1	Nov 17, 2025	1127936
ERBB2	R929Q	0	1	Apr 13, 2025	1138756
RGS9BP	A213S	0	1	Jan 27, 2026	1140098
ARHGEF1	E380D	0	2	Jan 23, 2026	1131137
ARHGEF1	Q836E	0	2	Jan 11, 2026	1122620
BLOC1S3	R164C	0	2	Dec 04, 2025	1133758
RTEL1	P1254S	0	1	Sep 21, 2021	1121452
CFAP410	D176E	0	1	Jan 27, 2026	1139002
COL4A5	D327G	0	1	Feb 04, 2022	1122066
COL4A5	P622S	0	1	Oct 14, 2023	1140641
COL4A5	S996N	0	1	Apr 03, 2023	1129560
COL4A5	P1311S	0	1	Feb 29, 2024	1124394
COL4A5	D1413E	0	1	May 10, 2023	1123133
COL4A5	T1477M	0	1	Feb 08, 2022	1123635
GPC3	S386I	0	1	Oct 27, 2025	1124563
GATA1	S178R	0	1	Nov 08, 2022	1132744
GATA1	R247H	0	1	Oct 13, 2024	1133049
CHM	D619E	0	1	Sep 02, 2025	1140086
CHM	D143Y	0	1	Jan 13, 2024	1129243
CHM	E113G	0	1	Apr 29, 2025	1129847
SLC6A9	Y133F	0	1	May 22, 2025	1151370
MBD5	P213L	0	1	Oct 01, 2020	1141852
MBD5	G1307V	0	1	Oct 09, 2020	1161878
MBD5	S1330G	0	1	Jan 13, 2025	1155558
MBD5	F1573C	0	1	Sep 27, 2024	1152363
SCN1A	V760L	0	1	Jun 10, 2024	1146759
KIDINS220	V1283M	0	2	May 05, 2025	1160732
LRIT3	V81A	0	1	Jan 24, 2026	1160744
CC2D2A	E811K	0	1	Feb 02, 2026	1157775
GABRG2	P62R	0	1	Aug 31, 2020	1141859
RTN4IP1	D358V	0	1	Jan 22, 2026	1152804
LAMA4	L1221V	0	2	Oct 16, 2023	1158049
F13A1	T573M	0	1	Dec 07, 2019	1155638
BACH2	A479T	0	2	Jan 19, 2026	1161957
RP1	R1652C	0	2	Dec 20, 2025	1148883
CAPN5	D72N	0	1	Jan 17, 2026	1142630
CAPN5	V256I	0	1	Jan 05, 2026	1152233
CAPN5	R408Q	0	1	Dec 21, 2025	1141446
CAPN5	Q594L	0	1	Nov 19, 2024	1146891
KRT74	P189L	0	2	Sep 29, 2025	1149726
KRT74	G29C	0	2	Dec 07, 2019	1153184
GNS	D385E	0	1	Dec 09, 2025	1155309
PAX9	Y143C	0	2	Feb 06, 2024	1143974
SOS2	Q740H	0	2	Jan 19, 2026	1148491
CARMIL2	T818I	0	1	Jan 23, 2026	1153611
CARMIL2	A1360V	0	2	Feb 01, 2026	1156870
GRIN2A	Y1267H	0	1	Mar 23, 2022	1155787
MAP3K14	D554Y	0	1	Sep 19, 2025	1149710
CARD14	R275H	0	1	Nov 27, 2023	1148555
EP300	L2393V	0	2	Aug 04, 2025	1145375
COL4A5	P455S	0	1	Oct 08, 2020	1160675
COL4A5	E516Q	0	2	Nov 21, 2021	1153608
COL4A5	P809L	0	1	Mar 07, 2023	1149836
COL4A5	K1168I	0	1	Jul 16, 2025	1145629
CACNA1F	R510C	0	1	Jan 18, 2026	1161657
CACNA1F	R392Q	0	1	Jan 05, 2026	1151647
CHM	E317D	0	2	Jan 21, 2024	1146080
CHM	D162N	0	1	Jul 28, 2025	1158381
CHM	T141M	0	2	May 30, 2025	1153913
CHM	L124F	0	1	May 19, 2024	1144780
KCNJ11	R206H	1	2	Jul 10, 2025	1162197
COL3A1	G177V	1	2	May 26, 2021	1163236
COL3A1	G213D	1	2	Dec 18, 2021	1163237
CFTR	A1087P	1	2	Sep 05, 2022	1163287
BRAF	F468L	1	1	Mar 19, 2020	1163474
APOA1	L99P	1	2	Apr 26, 2025	1163527
SOD1	T138I	1	2	Jun 03, 2024	1163753
ADAMTSL2	R113C	1	2	Oct 11, 2022	1164089
PIGM	N384D	0	2	Feb 02, 2026	1166403
PIGM	F365L	0	2	Feb 02, 2026	1164402
NCF2	N448D	0	2	Jan 30, 2026	1166381
NEK2	N354S	0	2	Feb 04, 2026	1165318
COG2	I346V	0	2	Feb 02, 2026	1165357
PPT1	D28G	0	1	Jan 27, 2026	1167823
C8A	P34S	0	2	Feb 02, 2026	1169492
C8A	A36E	0	2	Jan 27, 2026	1164179
C8A	P575S	0	2	May 01, 2026	1166522
C8A	P575L	0	2	Feb 04, 2026	1166647
C8B	W452S	0	2	Jan 05, 2026	1167718
C8B	P261L	0	2	Feb 04, 2026	1170461
C8B	S118C	0	2	Jan 13, 2026	1164576
C8B	G117R	0	2	Feb 04, 2026	1169777
C8B	E108K	0	2	Feb 04, 2026	1170462
C8B	N44K	0	1	Jan 28, 2026	1166760
DNAJC6	S728N	0	2	Feb 02, 2026	1167138
TTC7A	V538L	0	2	Feb 04, 2026	1164873
CCDC88A	K1189R	0	2	Feb 02, 2026	1168915
CCDC88A	E671D	0	2	Feb 03, 2026	1170464
KIDINS220	Q1608H	0	2	Feb 04, 2026	1169867
KIDINS220	A1299G	0	2	Jan 24, 2026	1164475
ADAM17	S747L	0	2	Apr 01, 2026	1166121
RNF168	A344T	0	1	Jan 20, 2026	1168590
LRIT3	R111C	0	2	Jan 15, 2026	1169801
HMX1	E163A	0	2	Sep 25, 2025	1168750
HMX1	R162Q	0	1	Jan 24, 2026	1167299
HMX1	A150S	0	1	Feb 01, 2026	1170436
HMX1	S133T	0	2	Jan 06, 2026	1164225
CYFIP2	I783V	0	2	Jun 01, 2026	1165957
DNAJC21	N516S	0	2	Feb 03, 2026	1168207
CWC27	P256A	0	2	Feb 04, 2026	1167008
RTN4IP1	S22R	0	1	Jan 27, 2026	1164936
BACH2	L291V	0	2	Feb 02, 2026	1167842
CTSB	S235N	0	2	Jul 23, 2025	1167517
CTSB	L26V	0	2	Jan 26, 2026	1168281
OPLAH	E1274V	0	2	Dec 12, 2025	1169835
OPLAH	A879V	0	2	Jan 25, 2026	1170468
OPLAH	G683V	0	1	Oct 17, 2025	1166182
OPLAH	G584C	0	2	Feb 03, 2026	1167886
OPLAH	R459C	0	2	Jan 19, 2026	1167330
OPLAH	V340I	0	2	Feb 01, 2026	1164521
OPLAH	S284R	0	2	Feb 01, 2026	1165139
OPLAH	I245T	0	1	Oct 17, 2025	1166183
OPLAH	G148A	0	2	Feb 01, 2026	1169798
OPLAH	R31Q	0	2	Feb 01, 2026	1164523
RP1	S1689N	0	2	Dec 19, 2025	1164552
INVS	R861T	0	2	Jan 24, 2026	1168198
DNM1	S433L	0	1	Dec 23, 2025	1167127
DNM1	K444E	0	1	May 25, 2023	1167038
DNM1	P823S	0	1	Oct 10, 2023	1165202
COQ4	G50A	0	2	Feb 04, 2026	1167959
RIGI	D580E	0	2	Feb 04, 2026	1168118
RIGI	S144F	0	2	Feb 01, 2026	1169188
RIGI	R7C	0	2	Feb 04, 2026	1170307
ERLIN1	I291V	0	2	Feb 04, 2026	1167054
DHTKD1	F20L	0	2	Feb 04, 2026	1168371
DHTKD1	Y272D	0	2	Feb 04, 2026	1168372
DHTKD1	I607M	0	2	Feb 04, 2026	1170352
ODAD2	R787C	0	2	Feb 02, 2026	1166264
ODAD2	R666Q	0	2	Feb 02, 2026	1166265
ODAD2	D425Y	0	2	Sep 17, 2022	1169645
ERCC6	D394G	0	1	Jan 09, 2026	1170251
ERCC6	L321P	0	1	Dec 09, 2025	1169851
VPS11	K889R	0	2	Feb 04, 2026	1168497
CAT	G390D	0	2	Aug 06, 2020	1170467
SERPING1	T9P	0	1	Jan 31, 2026	1167822
CAPN5	R18Q	0	1	Oct 06, 2025	1167001
CAPN5	V49I	0	1	Jan 27, 2026	1169357
CAPN5	G56D	0	2	Feb 01, 2026	1164470
CAPN5	R615Q	0	1	Feb 01, 2026	1164613
TUB	K308R	0	2	Feb 01, 2026	1167843
SOS2	H1201R	0	2	Feb 03, 2026	1166294
CHSY1	R705Q	0	2	Feb 01, 2026	1167689
CHSY1	R588T	0	2	Feb 02, 2026	1170430
CHSY1	P359S	0	2	Feb 03, 2026	1167288
EFL1	A991T	0	2	Feb 04, 2026	1165403
EFL1	K711R	0	2	Feb 04, 2026	1167685
EFL1	I617V	0	2	Feb 04, 2026	1167686
EFL1	L496F	0	2	Feb 03, 2026	1165993
EFL1	E478D	0	2	Feb 04, 2026	1167286
EFL1	K265N	0	1	Jan 14, 2026	1164579
CIB1	A82T	0	1	Dec 15, 2025	1166891
CIB1	Q40P	0	1	Feb 02, 2026	1164677
CARMIL2	V181M	0	2	Feb 02, 2026	1165629
CARMIL2	I616V	0	2	Jun 01, 2026	1167736
CARMIL2	R866Q	0	2	Feb 02, 2026	1169580
CARMIL2	R889W	0	2	May 01, 2026	1168996
CARMIL2	S942N	0	2	Feb 01, 2026	1169500
CARMIL2	A1087P	0	2	Dec 25, 2025	1168955
LMF1	M159V	0	2	Sep 04, 2025	1168256
FOXN1	A555V	0	3	Jul 29, 2024	1170282
GPR179	R1307Q	0	2	Jan 05, 2026	1170832
GPR179	H493R	0	1	Feb 04, 2026	1165277
ERBB2	P1135S	0	2	Jun 03, 2025	1166658
SMARCD2	M178L	0	1	Nov 15, 2025	1166892
SMARCD2	A24V	0	2	Feb 01, 2026	1170752
CARD14	A477V	0	1	Aug 14, 2025	1166286
JAK3	I1003V	0	1	Jan 20, 2026	1164943
CREB3L3	G105R	0	2	Jan 21, 2026	1165837
CREB3L3	G112S	0	2	Dec 23, 2025	1164184
CPT1C	R514L	0	1	Jul 20, 2025	1164294
STK4	V312M	0	2	Feb 04, 2026	1169470
RTEL1	N124S	0	2	Feb 04, 2026	1169883
DYRK1A	P565S	0	1	Feb 09, 2021	1164192
DYRK1A	V691I	0	2	Aug 16, 2025	1167328
CFAP410	R212K	0	2	Feb 01, 2026	1165522
CFAP410	R117H	0	2	Feb 02, 2026	1170736
ADA2	H335R	0	2	Feb 04, 2026	1168873
APOL1	G96R	0	2	Feb 01, 2026	1166217
APOL1	E150K	0	2	Feb 04, 2026	1168875
APOL1	M228I	0	2	Feb 04, 2026	1170849
APOL1	R255K	0	2	Feb 04, 2026	1170850
APOL1	N264K	0	2	May 01, 2026	1170737
APOL1	V353E	0	1	Dec 15, 2025	1169615
KCTD17	A19T	0	2	Feb 03, 2026	1168447
COL4A5	I121V	0	1	Jul 29, 2023	1167945
COL4A5	S490L	0	2	Jan 22, 2026	1169536
COL4A5	P529Q	0	1	Jan 13, 2026	1164649
COL4A5	P604T	0	1	Jul 30, 2024	1165444
COL4A5	T660I	0	2	Feb 24, 2024	1167803
COL4A5	Y1090H	0	2	Jun 12, 2025	1169491
COL4A5	P1277T	0	1	Oct 13, 2025	1168259
COL4A5	P1343L	0	1	Dec 12, 2023	1170333
COL4A5	R1416H	0	2	Mar 14, 2024	1167717
COL4A5	D1423N	0	1	Apr 08, 2025	1168885
COL4A5	A1621V	0	1	Nov 20, 2023	1168044
COL4A5	D1659E	0	1	Jul 10, 2023	1166497
ABCD1	R456H	0	2	Dec 23, 2025	1170710
ABCD1	R464Q	0	2	Mar 07, 2025	1166065
ABCD1	G486R	0	2	Nov 25, 2024	1170323
KDM6A	N829K	0	2	Oct 06, 2025	1169395
GATA1	T403I	0	2	May 01, 2026	1168062
CACNA1F	S1949F	0	1	May 29, 2024	1168361
CACNA1F	A879T	0	1	Jan 01, 2026	1165147
CACNA1F	G479R	0	1	Jul 14, 2025	1167337
KDM5C	R1372G	0	1	Jan 18, 2026	1167490
KDM5C	R1312H	0	1	Jun 17, 2024	1164762
IQSEC2	P1223L	0	1	Oct 22, 2023	1164617
IQSEC2	P1181S	0	2	Sep 25, 2025	1168384
IQSEC2	M895T	0	1	Mar 05, 2021	1167119
IQSEC2	E500Q	0	2	Oct 18, 2024	1167227
IQSEC2	R207S	0	1	Jul 20, 2022	1169847
CHM	R446H	0	1	Mar 14, 2024	1169757
CHM	A172T	0	1	Jan 20, 2026	1166386
CHM	M149I	0	1	Mar 13, 2024	1168390
COL3A1	A364S	0	1	Sep 12, 2024	1171676
ABCD1	R74L	1	1	May 11, 2021	1172518
PRKAR1B	R335W	1	2	Jun 26, 2025	1172535
GNAQ	Q209H	1	2	Jan 31, 2022	1172602
IRF2BPL	D395H	1	1	-	1172671
ANKRD11	Q2508L	1	1	-	1172628
TAOK1	M197L	1	1	Jan 05, 2021	1172612
SMARCE1	W104R	1	1	-	1172668
NDP	T119P	1	1	May 25, 2021	1172720
EPHB4	F867S	1	1	Aug 03, 2020	1172836
CYP1B1	P193L	1	2	Mar 03, 2024	1172842
DPF2	C356G	1	1	-	1173064
KISS1	P81R	0	2	Feb 04, 2026	1174871
EPHB4	V113I	0	2	Dec 23, 2025	1174758
RAI1	S361L	0	2	Aug 15, 2022	1174954
OPN1MW	A174V	0	2	Jan 01, 2025	1174925
KDM5C	P27L	1	1	May 04, 2022	1174937
SCN1A	R931S	1	2	Apr 24, 2022	1175195
TNNI3	E179G	1	1	Feb 28, 2020	1175200
RAI1	A63T	0	2	Dec 15, 2025	1175646
COL4A5	P1216L	0	1	Jul 02, 2021	1175714
RAC1	L165V	1	1	Jun 01, 2021	1176531
WDR37	S136C	1	2	Oct 02, 2021	1175763
ATL1	I315S	1	1	Jul 01, 2021	1175850
GRIN2A	M653I	1	1	Feb 01, 2021	1176646
SMARCA4	N1223S	1	1	Nov 01, 2025	1176372
ERCC2	G47R	1	2	Feb 17, 2024	1176084
ABCD1	L173P	1	1	Jun 01, 2021	1176607
GATA1	R217T	1	1	Aug 01, 2021	1176931
COL3A1	G984R	1	2	Oct 28, 2025	1177285
SMARCA4	R549L	1	2	Jun 10, 2021	1177356
SMARCA4	L553R	1	1	Jun 10, 2021	1177363
SMARCA4	V568L	1	1	Jun 10, 2021	1177364
SMARCA4	P913L	1	2	Nov 10, 2023	1177367
SMARCA4	L1092R	1	1	Jun 10, 2021	1177368
MEF2C	I6N	1	1	May 28, 2021	1177377
SCN1A	L263V	1	1	Jun 04, 2023	1177384
TTR	S72P	1	2	Oct 28, 2025	1178327
SCN1A	C949Y	1	2	Dec 08, 2022	1179015
COL11A1	G1396C	1	1	Jun 30, 2021	1179083
SLC12A3	F495L	1	1	Jun 30, 2021	1179062
SLC7A9	A70V	1	2	Apr 29, 2026	1179051
COL4A5	G31W	1	1	Jun 30, 2021	1179119
COL4A5	G409A	1	1	Jun 30, 2021	1179155
COL4A5	G1051V	1	1	Jun 30, 2021	1179037
COL4A5	G1442D	1	2	Jun 25, 2024	1179036
NSD1	A2521D	0	2	Oct 08, 2024	1179788
ATL1	G409S	1	1	Jul 10, 2021	1180757
ANKRD11	H2519L	1	1	Jul 10, 2021	1180830
ESPN	R632C	0	2	Oct 01, 2025	1182246
HYAL2	S18A	0	2	Jun 09, 2021	1183695
NSD1	P31A	0	2	Oct 17, 2024	1181820
BDP1	A1280G	0	2	Mar 03, 2021	1181916
GCNT2	T102S	0	2	Apr 09, 2019	1182271
STAG3	T36P	0	2	Jul 15, 2021	1183740
PCDH19	L224P	1	1	Dec 02, 2019	1182517
KDM6A	I650V	0	2	Jan 05, 2026	1182946
GATA2	S447R	1	1	Jul 06, 2021	1184017
GATA2	R396L	1	2	Oct 28, 2022	1184013
GATA2	M388T	1	1	Jul 06, 2021	1184010
GATA2	L375V	1	1	Jul 06, 2021	1184009
GATA2	T358N	1	1	Jul 06, 2021	1184008
GATA2	P385Q	1	1	Jul 06, 2021	1184200
GATA2	Y377D	1	2	Jul 06, 2021	1184193
GATA2	L375F	1	2	Dec 18, 2024	1184190
GATA2	C373Y	1	1	Jul 06, 2021	1184165
GATA2	C370W	1	1	Jul 06, 2021	1184161
GATA2	R362P	1	2	Mar 29, 2024	1184157
GATA2	W360L	1	1	Jul 06, 2021	1184248
GATA2	T354R	1	1	Jul 06, 2021	1184242
GATA2	T354P	1	1	Jul 06, 2021	1184241
GATA2	C352F	1	1	Jul 06, 2021	1184240
GATA2	C352G	1	2	Jan 14, 2025	1184226
GATA2	C349F	1	1	Jul 06, 2021	1184224
GATA2	C349G	1	1	Jul 06, 2021	1184225
GATA2	A318T	1	1	Jul 06, 2021	1184147
GATA2	L315P	1	1	Jul 06, 2021	1184145
FGF13	I5S	1	1	Jul 24, 2021	1184442
GJA3	E62K	1	2	Apr 03, 2025	1184602
GJA3	S50P	1	1	Jan 21, 2023	1184603
COL4A5	G334D	1	2	Dec 13, 2024	1184578
ALG3	R266C	1	2	Jan 08, 2025	1184848
ALG3	N174S	1	2	Jun 22, 2023	1184851
CHD3	K1201N	1	1	Dec 07, 2022	1184917
CACNA1F	C1488R	1	1	Jun 17, 2021	1184973
FGFR2	D685Y	1	1	-	1185580
SCN1A	A1832E	1	1	Jun 20, 2022	1188748
SCN1A	W1358C	1	1	Dec 17, 2019	1188664
SCN1A	L948P	1	1	Mar 27, 2019	1185956
CACNA1D	R990H	1	1	Oct 22, 2025	1188651
NSD1	Q98L	0	1	Dec 03, 2020	1188678
EYA1	N38D	0	2	Jan 05, 2026	1187941
ZIC2	R325S	1	1	Apr 16, 2019	1187086
CREBBP	I1772N	1	1	Aug 01, 2024	1185935
RAI1	R836G	0	2	Nov 13, 2025	1186040
DYRK1A	H600Y	0	1	Aug 11, 2020	1186569
KDM6A	R673C	0	2	Apr 21, 2025	1188559
KDM6A	T793I	0	2	Aug 08, 2025	1188151
COL11A1	G841V	1	2	Mar 15, 2024	1189120
NSD1	R1952Q	1	1	Jul 01, 2020	1191918
GRIN2A	E803K	1	1	Sep 03, 2026	1190362
ADNP	L412V	0	2	Apr 28, 2025	1191415
SOD1	A90V	1	2	Aug 01, 2025	1191297
TRIOBP	S166T	0	2	Jan 18, 2024	1191916
TRIOBP	A322V	0	2	Jan 20, 2026	1190098
COL4A5	G621S	1	2	Nov 15, 2025	1191044
ABCD1	G277W	1	2	Aug 11, 2023	1192215
ATP8B1	A1152T	0	2	Apr 14, 2026	1192345
COL3A1	G1056S	1	2	Dec 29, 2025	1195573
NPHP3	G505E	0	2	Jan 20, 2026	1193484
ERCC6	C750Y	0	2	Jan 02, 2020	1194021
KRT1	V198G	1	1	Nov 08, 2019	1193914
ANKRD11	G1806R	0	1	Apr 17, 2021	1193412
RAI1	A1748V	0	2	Jul 06, 2025	1195766
ITGA3	R943G	0	2	Jun 01, 2026	1193275
ADNP	E909K	0	2	Jul 20, 2025	1193365
ADNP	T64M	0	2	Jan 11, 2026	1194988
DYRK1A	R550C	0	2	Jul 03, 2025	1195043
EP300	T151A	0	1	May 21, 2021	1195127
EP300	N182S	0	2	Aug 18, 2025	1195015
EP300	C1247Y	1	1	Aug 11, 2020	1194133
HNRNPU	E125D	0	2	Aug 08, 2022	1196263
DNAJC6	S720L	0	2	Feb 19, 2025	1196512
SCN1A	E1143D	1	1	Mar 25, 2020	1196788
PJVK	D29E	0	2	Jan 19, 2026	1197111
CACNA1D	D1814N	0	2	Jan 20, 2026	1197889
CC2D2A	E998V	1	1	Jun 09, 2021	1198226
NSD1	Q1851P	1	1	Feb 11, 2025	1197416
GFM2	V327L	0	2	Dec 01, 2025	1197667
BRAF	K483I	1	1	Nov 13, 2019	1198003
LPL	H466P	1	1	Dec 14, 2025	1196534
DPF2	W322R	1	1	Sep 25, 2019	1198043
CREBBP	A805T	0	2	Jun 28, 2024	1198336
RAI1	G1817R	0	2	Dec 08, 2025	1197393
EP300	Q2306R	0	2	Jan 28, 2026	1198163
SLC16A2	D424N	1	2	Apr 04, 2022	1198739
CHD3	A1938T	1	1	Mar 24, 2021	1199206
SCN1A	Y1274N	1	1	Nov 18, 2019	1200558
CRYGC	R142G	1	1	Oct 07, 2019	1200414
RNASEH1	A190V	0	2	Dec 09, 2025	1202249
SOX2	S290T	0	2	Oct 23, 2024	1201570
CACNA1D	V728I	0	2	Dec 26, 2025	1200572
WDR37	T125A	1	2	Jan 13, 2026	1199795
DPF2	D346N	1	2	Dec 02, 2024	1200174
DPF2	D349N	1	2	Mar 18, 2026	1201633
CREBBP	T1447I	1	2	Aug 11, 2026	1201902
ANKRD11	V420M	0	2	Nov 29, 2025	1202383
GRIN2A	H168Y	0	1	Apr 13, 2021	1201416
RAI1	P177L	0	2	Jan 12, 2026	1200133
RAI1	N533S	0	2	May 15, 2025	1200160
RAI1	A654T	0	2	Dec 15, 2025	1200721
RAI1	R1466Q	0	2	Nov 23, 2025	1200053
COL6A2	P823T	0	1	Jul 29, 2020	1201511
CAMTA1	R163Q	1	1	May 02, 2024	1202798
CYP1B1	M1V	1	2	Aug 08, 2024	1203967
NSD1	C2175F	1	1	Oct 18, 2019	1204515
LPL	A98T	1	2	Jan 21, 2026	1203042
NKX2-1	R243C	1	2	Apr 12, 2023	1204589
RAI1	E1427K	0	2	Oct 24, 2025	1205531
RAI1	F1607V	0	1	Mar 05, 2020	1204695
RAI1	P1812L	0	2	Jan 12, 2026	1204491
MIB1	I479V	0	1	Jun 04, 2020	1202826
EP300	P239A	0	1	Jun 15, 2020	1202713
EP300	R1814W	0	1	Sep 16, 2020	1205523
PCDH19	S743T	0	1	Mar 23, 2020	1203483
SERPING1	T95P	0	1	-	1206197
TFE3	R9P	0	1	-	1206125
SELENON	M491K	1	1	Jun 29, 2020	1207112
SCN1A	N985K	1	1	Jun 18, 2020	1206698
SCN1A	T463M	0	2	Dec 15, 2025	1206579
MEF2C	S36G	1	1	Nov 05, 2019	1208319
ANKRD11	K2325R	0	2	Jan 15, 2026	1208383
ANKRD11	A2088T	0	2	May 21, 2026	1207839
MGME1	N268I	0	2	Jan 06, 2026	1208499
TRIOBP	L1212Q	0	2	Sep 10, 2025	1206437
EP300	M2136V	0	2	Dec 31, 2025	1209170
SLC16A2	G25R	0	2	Oct 09, 2018	1208884
SPRED2	L100P	1	1	Aug 01, 2021	1209658
CEP85L	P251T	0	1	Jul 22, 2021	1209726
CEP85L	S137G	0	1	Jul 22, 2021	1209727
NSD1	R1914L	1	2	Jun 16, 2025	1210027
SLC26A4	F335V	1	2	Sep 12, 2025	1210160
TP53RK	K65Q	1	1	Jul 22, 2021	1210333
LPL	R116Q	1	1	Jul 22, 2021	1210341
NSD1	D588G	0	2	Jun 02, 2025	1210693
BRAF	Q709E	1	1	Nov 18, 2019	1210729
ADNP	N857S	0	2	Aug 12, 2025	1210870
EP300	P157T	0	2	Dec 11, 2023	1210940
CREBBP	P949L	0	2	Nov 30, 2025	1211662
SURF1	T164I	1	2	Jan 09, 2026	1212319
LPL	W141C	1	1	May 23, 2024	1212446
SOD1	D125G	1	2	Aug 04, 2023	1212596
TAPT1	L46R	0	2	Jan 25, 2026	1212785
TRIOBP	R409Q	0	2	Feb 02, 2026	1212939
IGF1R	G6R	0	2	Jan 28, 2026	1213041
RTN4IP1	M1T	1	1	Jun 23, 2021	1213927
ESPN	A173V	0	2	Nov 04, 2023	1214312
STS	K404N	0	2	Feb 14, 2024	1214357
ANKRD11	T1707M	0	1	Apr 19, 2021	1214510
RAI1	R1789Q	0	2	Jun 01, 2026	1215170
PURA	K71E	1	1	Jan 26, 2021	1215278
NSD1	M2456T	0	2	Sep 14, 2024	1215409
TRIOBP	P1086T	0	2	Feb 03, 2022	1215419
CACNA1D	R1793Q	0	2	Feb 02, 2026	1215552
IRF2BPL	R483H	1	1	Mar 06, 2025	1215799
MPZL2	P129R	1	2	Apr 02, 2026	1216057
TRIOBP	R745K	0	2	Jan 19, 2026	1216253
TRIOBP	T1802S	0	2	Aug 17, 2023	1216547
COL11A1	G838E	1	2	Dec 24, 2025	1216773
CCDC50	V336I	0	2	Jul 08, 2025	1217521
CREBBP	D1481G	1	1	Oct 09, 2020	1218033
CHD3	R1381C	1	1	Dec 31, 2019	1218410
NDP	C110F	1	2	Dec 24, 2019	1219131
EP300	T890P	0	2	Dec 22, 2025	1219136
KCNJ11	R34H	1	2	Mar 11, 2025	1219242
SCN1A	F1369L	1	1	Jan 16, 2026	1219381
KRAS	N116H	1	1	Apr 19, 2024	1219824
GRIN2A	G819V	1	1	Nov 25, 2019	1220080
TRIOBP	N617S	0	2	Dec 26, 2025	1220141
ANKRD11	T375M	0	2	Sep 16, 2024	1220390
BDP1	V1546F	0	2	Sep 09, 2019	1221682
RAI1	T1061M	0	2	Jun 12, 2025	1223210
WDR4	P266S	0	2	Feb 03, 2026	1221407
NSD1	K954T	0	2	May 04, 2025	1223065
EP300	P2312S	0	2	May 01, 2026	1222666
SNX14	S303R	0	2	Jan 26, 2026	1221844
TRIOBP	P378S	0	2	Dec 25, 2025	1221941
PARS2	A385V	0	2	Dec 27, 2025	1223582
MYO9A	G1193E	0	2	Sep 05, 2021	1225670
BDP1	N26S	0	1	Apr 07, 2020	1225194
ANKRD11	N275S	0	2	Apr 29, 2025	1228098
ESPN	R422W	0	2	Sep 27, 2025	1228456
ANKRD11	A2326V	0	2	Jan 12, 2026	1228814
HYAL2	I418L	0	2	Jun 09, 2021	1229880
SLC38A8	S220T	0	2	Feb 02, 2026	1230808
KDM6A	P493T	0	1	Sep 02, 2020	1230834
WDR4	R390Q	0	2	Feb 03, 2026	1234975
CREBBP	P84T	0	2	Sep 08, 2025	1234598
KRT74	D225V	0	2	Jan 28, 2026	1234778
MYO18B	W547C	0	2	Feb 04, 2026	1232547
ADNP	I179V	0	2	Feb 03, 2026	1236127
LPL	P241S	1	2	Nov 01, 2025	1236167
SLC6A9	P79S	1	1	-	1236206
RAI1	S1637L	0	2	Sep 15, 2025	1237244
STAG3	L16F	0	2	Jul 15, 2021	1236675
ITGA3	A719T	0	2	Feb 04, 2026	1237071
BDP1	V275I	0	2	Nov 27, 2019	1238432
MYO18B	Q2347R	0	2	Feb 04, 2026	1238640
SEMA3D	S65P	0	2	Mar 01, 2025	1238650
KLKB1	S381A	0	2	Sep 29, 2022	1238651
WDR4	K71N	0	2	Feb 04, 2026	1238762
BDP1	S1071T	0	1	Oct 25, 2018	1236605
PGM2L1	V531I	0	2	May 04, 2021	1238287
LIPE	S177T	0	2	Jun 09, 2021	1239355
BDP1	T2252P	0	2	Sep 09, 2019	1240488
NOTCH1	A18T	0	2	Jul 20, 2025	1243966
MYO18B	S1444T	0	2	Feb 03, 2026	1244014
DISP1	V1079M	0	2	Jan 19, 2026	1241865
SLC24A4	K552Q	0	2	Nov 12, 2018	1243478
LIPE	Y100H	0	2	Jun 09, 2021	1243216
CFTR	L973F	1	1	Aug 23, 2021	1244250
PMPCB	E396D	0	2	Jan 27, 2026	1245557
ADNP	A388V	0	2	Jan 05, 2026	1245671
KISS1	E20K	0	2	Feb 04, 2026	1247304
MYO18B	G2395A	0	2	Feb 03, 2026	1247582
BDP1	E1266A	0	1	Nov 18, 2019	1247603
TP53RK	R123Q	0	2	Feb 02, 2026	1245432
HLA-C	D33Y	0	1	Feb 18, 2020	1246876
KRT74	T503A	0	2	Jan 28, 2026	1247065
MYO18B	G44E	0	2	Feb 04, 2026	1245085
MYO18B	I1399V	0	2	Feb 02, 2026	1250252
LRRK1	G1938D	0	2	Dec 16, 2023	1248289
MYO18B	G2513S	0	2	Feb 03, 2026	1249400
ADAMTS9	K1740R	0	2	Jan 15, 2026	1251224
MYO9A	I2390V	0	2	May 05, 2021	1252587
ADAMTS9	V1408I	0	2	Jan 15, 2026	1253274
NSD1	P2353S	0	2	Mar 27, 2025	1253321
MYO9A	H1805Q	0	2	May 05, 2021	1253604
DNAJC30	G34R	0	2	Sep 07, 2021	1254123
ANKRD11	H526L	0	2	Jul 06, 2025	1254160
EP300	N2094S	0	1	Mar 24, 2021	1254570
CYP1B1	P437L	1	3	Nov 19, 2025	1254629
ANKRD11	V280L	0	2	Sep 07, 2025	1254678
EML1	S556P	0	2	Feb 02, 2026	1255383
TMEM132E	E86A	0	2	Dec 22, 2025	1256078
ANO10	E133K	0	2	Jan 28, 2026	1256272
TGM6	P248L	0	2	Jan 29, 2024	1256397
SLC12A3	C421G	1	2	Mar 14, 2022	1256468
DNAJB13	M309I	0	2	Feb 04, 2026	1257063
TTC12	M73L	0	2	Sep 10, 2021	1258984
MYO18B	W661R	0	2	Feb 04, 2026	1256824
KLK4	S22A	0	2	Jun 09, 2021	1258657
GAS2L2	R829W	0	2	May 04, 2022	1259731
SLC36A2	A445V	0	2	Feb 01, 2026	1257807
CREBBP	A2219V	0	2	Nov 17, 2025	1261791
LMF1	G36D	0	2	Feb 04, 2026	1262034
EHHADH	A274T	0	2	Apr 08, 2022	1263682
TP53RK	T129A	0	2	Feb 02, 2026	1261671
EHHADH	Q685K	0	2	Apr 29, 2022	1262673
GGT1	V272A	0	2	Aug 10, 2021	1262267
MYO9A	D1245G	0	2	May 05, 2021	1264137
CYP21A2	G425V	1	1	-	1264327
CYP21A2	R484P	1	2	Jun 25, 2024	1264335
CYP21A2	A348T	1	1	-	1264337
ERCC6	R850K	0	2	Apr 09, 2019	1266989
TRIOBP	R798W	0	2	Jan 19, 2026	1265581
GAS2L2	A654V	0	2	May 04, 2022	1264410
MYO18B	W1037S	0	2	Feb 03, 2026	1264522
KANK2	G118S	0	2	Feb 04, 2026	1264665
MYO18B	P177L	0	2	Feb 03, 2026	1267850
ADNP	M303I	0	2	Dec 24, 2025	1265979
TRIOBP	A998T	0	2	Dec 01, 2025	1267744
ANKRD11	P2264L	0	2	May 13, 2026	1267775
PMPCB	L35S	0	2	Jan 26, 2026	1268549
MBD5	S1038G	0	2	Apr 01, 2026	1270807
MYO9A	N1631I	0	2	May 04, 2021	1272617
LGI4	T62M	0	2	May 04, 2021	1274253
GAS2L2	A540T	0	2	May 04, 2022	1273837
EML1	A377V	0	2	Feb 02, 2026	1273877
KISS1	Q36R	0	2	Feb 01, 2026	1274010
STS	G386A	0	1	May 18, 2021	1274159
GAS2L2	L666P	0	2	May 04, 2022	1274213
MYO18B	S925L	0	2	Feb 04, 2026	1273583
CRIPTO	V22A	0	1	Nov 27, 2018	1275194
CHM	L457P	1	1	Sep 15, 2021	1275780
TAOK1	R269P	1	1	Sep 15, 2021	1275793
LMF1	P562R	0	2	Feb 02, 2026	1277320
BDP1	I837S	0	1	Jan 28, 2019	1278987
GAS2L2	A164V	0	2	May 04, 2022	1279264
ADAMTS9	S96T	0	2	Jan 28, 2026	1277022
ADNP	Q1020E	0	2	Jun 15, 2026	1278536
UBAP1	N357K	0	2	Jan 24, 2025	1279780
NSD1	V2618I	0	2	Aug 16, 2025	1277981
PGM2L1	L14P	0	2	May 04, 2021	1279361
WDR37	D220G	1	1	Sep 21, 2021	1279921
WDR37	D260N	1	1	Sep 21, 2021	1279922
MYO18B	H1119Q	0	2	Feb 04, 2026	1280072
ERAP1	G346D	0	1	Feb 16, 2021	1280185
BDP1	R94S	0	1	Jul 17, 2019	1280314
STS	V302I	0	2	Jan 12, 2026	1282545
KANK2	M401T	0	2	Feb 04, 2026	1283829
CCND2	G268R	0	2	Sep 11, 2024	1280659
CRIPTO	Y43D	0	1	Sep 29, 2019	1280750
TBX19	R69Q	1	1	Sep 23, 2021	1283918
OPN1MW	M153L	0	1	-	1284310
OPN1MW	I65T	0	2	Feb 16, 2025	1284388
OPN1MW	A180S	0	1	-	1284433
PCARE	V247D	0	1	Sep 01, 2023	1284470
LPL	V96L	1	2	Jul 24, 2026	1284647
APOL1	R284H	0	2	Jan 16, 2026	1284893
PMM2	R21G	1	2	May 23, 2026	1284906
IRF2BPL	S735C	0	1	May 01, 2026	1284940
SLC12A3	W172R	1	2	Jan 05, 2026	1285185
FZD6	M33V	0	2	Aug 10, 2021	1285287
GSX2	G107S	0	2	Aug 10, 2021	1285310
GNAQ	R183L	1	1	Apr 06, 2021	1285390
CC2D2A	A1596T	1	2	Jan 21, 2026	1285429
ADA2	M1K	1	1	Jan 31, 2022	1285515
RIPK4	R241H	1	1	Mar 26, 2021	1285557
COL6A2	G328R	1	2	Mar 21, 2026	1285560
COL3A1	G834A	1	1	Sep 23, 2020	1285589
SCN1A	D1288Y	1	1	Sep 23, 2020	1285591
CHD3	R1172W	1	2	Aug 09, 2026	1285596
PRR12	R1169W	1	2	Jul 18, 2024	1285639
KRT74	L178Q	0	2	Feb 02, 2026	1286421
RAI1	P95L	0	2	Jan 13, 2026	1286518
ADAMTS9	D1674E	0	2	Jan 26, 2026	1287404
KRT74	D149N	0	2	Jan 27, 2026	1289735
KRT74	N165K	0	2	Feb 02, 2026	1289755
RAI1	V328I	0	2	Mar 03, 2025	1289847
TRIOBP	T817S	0	2	Feb 01, 2026	1290103
EP300	P704S	0	2	Nov 24, 2025	1290618
MTFMT	V159A	0	2	Aug 07, 2025	1291353
NFS1	K146R	0	2	May 01, 2026	1292437
CREBBP	M747V	0	2	Dec 19, 2025	1292980
PITX1	G265S	0	1	Sep 22, 2021	1294420
EFEMP1	R477C	1	1	Aug 12, 2025	1294423
TTR	Y98F	1	2	Mar 19, 2026	1294424
SMARCA4	G1159A	1	1	Apr 20, 2021	1294427
GGT1	A177V	0	2	Aug 15, 2019	1294454
ADAMTS9	R1933Q	0	2	Jan 15, 2026	1294798
LIPE	R217Q	0	2	Jun 09, 2021	1295102
PTPN14	E189G	0	2	Jun 10, 2021	1295138
BDP1	M2201V	0	2	Sep 09, 2019	1296547
BDP1	Y2397D	0	1	Jul 17, 2019	1296859
CSF1R	R782C	1	2	Nov 24, 2025	1297008
SCN1A	N416S	1	2	Nov 22, 2023	1297050
SLC26A4	S532R	1	1	Sep 21, 2023	1297065
SLC26A4	S93R	1	2	Feb 06, 2024	1297066
SLC26A4	D271G	1	1	Aug 09, 2023	1297069
SLC26A4	N457D	1	1	Mar 25, 2026	1297070
SLC26A4	F572L	1	2	Jun 27, 2025	1297072
SLC26A4	C662Y	1	2	Oct 07, 2024	1297073
SLC26A4	L703V	1	2	Dec 09, 2025	1297074
KLKB1	R560Q	0	2	Oct 19, 2023	1297284
CHD3	R1609Q	0	2	Nov 14, 2023	1297596
SLC26A4	G116D	1	1	Oct 31, 2021	1297681
EP300	Q72K	0	2	Jul 20, 2023	1298318
SEPSECS	M1L	1	1	Oct 01, 2021	1298330
ATAD3A	V100M	0	1	Dec 01, 2025	1298395
CARMIL2	L661P	1	1	Apr 01, 2022	1298666
ANKRD11	A1371S	0	1	Jul 01, 2021	1298682
ANKRD11	A615V	0	2	Feb 01, 2026	1298683
HCN1	I397M	1	1	Oct 01, 2021	1298993
HCN1	H286Q	1	1	Aug 01, 2021	1298994
BCKDHB	Y244S	1	1	Jul 01, 2021	1299039
ASL	V378G	1	1	Sep 01, 2021	1299071
STAG2	Q728H	1	1	Aug 01, 2021	1299204
BMP1	C322Y	1	1	-	1299299
KRIT1	A555V	1	2	Jan 23, 2025	1299386
COL4A5	Q76H	1	1	Aug 10, 2021	1299530
PEPD	M1R	1	2	Jan 15, 2025	1299535
COL6A2	S623F	1	1	Aug 10, 2021	1299539
SLC12A3	R862P	1	2	Jul 25, 2025	1299566
DNAJC30	Y98S	1	1	Oct 05, 2021	1299584
NSD1	S2181F	1	2	Oct 13, 2025	1299646
SERPING1	L398R	1	1	Jul 26, 2024	1299734
SERPING1	L430R	1	1	Jul 06, 2024	1299736
SCN1A	T782A	1	1	-	1299760
KDM5C	S1178L	0	1	Dec 13, 2025	1299794
WASHC4	V901I	0	2	Aug 19, 2021	1300067
CLCN2	T517M	1	1	Jan 25, 2021	1300131
CFTR	G194R	1	3	Jan 10, 2020	1300164
FAH	A35T	1	1	Apr 29, 2026	1300235
SCN1A	I1673T	1	2	Jun 29, 2025	1300554
NAA15	R16G	1	1	Jan 16, 2020	1300558
ANKRD11	S860L	0	2	Oct 29, 2024	1300621
SCN1A	Q381E	1	1	Apr 25, 2022	1300705
ANKRD11	V2649M	1	1	Oct 10, 2024	1301284
SCN1A	L632Q	0	2	Dec 09, 2025	1301469
SLC26A4	G102R	1	2	Mar 06, 2026	1301849
MYH2	L1877P	1	2	Jun 09, 2025	1301892
PTH1R	D241E	1	1	Jun 01, 2021	1301904
COL3A1	G486D	1	1	Oct 29, 2021	1301908
CTSK	I249N	1	2	Oct 09, 2023	1301984
DYRK1A	C277Y	1	1	Oct 28, 2021	1302012
NSD1	N1650S	0	2	Dec 18, 2025	1302749
ALDH7A1	S317L	1	2	Dec 22, 2025	1303050
EP300	K1542E	0	2	Aug 02, 2023	1304637
STAG1	Q841E	0	1	Nov 11, 2021	1307089
PURA	E90K	1	1	Sep 30, 2024	1308534
GPC3	C252S	1	1	Jul 20, 2025	1306362
TAOK1	R442W	1	2	Jan 08, 2024	1307834
SCN1A	V1875F	1	1	Dec 31, 2023	1305714
HDAC4	L241F	1	1	Jul 18, 2023	1305765
KDM5C	V615F	1	2	Oct 26, 2025	1308631
HCN1	P210S	1	1	Oct 18, 2021	1308642
NSD1	H2205P	1	1	Jan 21, 2022	1309760
DYRK1A	S754W	0	1	Jun 13, 2022	1310957
SLC26A4	S657R	1	1	Oct 02, 2025	1311263
SCN1A	D1239H	1	1	Mar 22, 2022	1310897
RAI1	Q1519R	0	1	Jan 10, 2023	1312996
PURA	K160E	1	2	Apr 24, 2025	1313493
TNRC6B	V16M	0	2	Nov 02, 2021	1315562
NFS1	S451N	0	2	May 14, 2025	1315743
HTR1A	R220L	0	2	May 01, 2024	1315755
BDP1	A1685P	0	2	Mar 31, 2021	1315765
BDP1	G1122R	0	1	Oct 14, 2020	1317375
KANK2	Q201K	0	2	Dec 15, 2025	1317449
BRAF	N580D	1	1	Jul 25, 2024	1317489
BDP1	P916R	0	2	Jun 09, 2020	1317551
BDP1	R1844H	0	1	Jan 20, 2020	1318934
BDP1	N2549S	0	2	Mar 01, 2023	1316679
BDP1	R360C	0	1	Oct 28, 2020	1318260
BDP1	E1201A	0	2	Feb 06, 2020	1318443
BDP1	I1230V	0	1	Feb 25, 2020	1316228
BDP1	S2124G	0	1	Nov 14, 2018	1316321
BDP1	I1413T	0	1	Jun 28, 2021	1316372
CHD3	A1166P	1	1	Nov 03, 2021	1319379
CNOT3	N192S	1	1	Nov 03, 2021	1319783
TFE3	T187A	1	1	Oct 25, 2021	1320026
TFE3	H190R	1	1	Oct 25, 2021	1320027
DCX	R102S	1	1	Oct 02, 2021	1320092
CHD3	V1293A	1	1	Oct 02, 2021	1320099
ERCC6	R562W	1	1	Oct 02, 2021	1320117
SLC26A3	Q436R	1	1	Oct 02, 2021	1320137
KDM5C	W534C	1	1	Oct 02, 2021	1320173
KCNC1	R164W	1	1	Oct 02, 2021	1320194
EP300	R1831S	1	1	Oct 02, 2021	1320204
EP300	R1829P	1	1	Oct 02, 2021	1320268
NSD1	A2544V	0	1	May 04, 2021	1320464
ESPN	G251D	0	2	May 08, 2021	1320677
LFNG	W21C	0	1	Nov 04, 2021	1320690
BRAF	N236K	1	2	May 20, 2025	1320917
FMO3	R223W	1	1	Jun 20, 2019	1321151
SOS2	R215Q	0	2	Dec 15, 2025	1321414
MYO18B	I3M	0	2	Feb 04, 2026	1321829
CREBBP	R1378Q	1	2	Sep 10, 2025	1321977
COL4A5	G696D	1	2	Sep 24, 2021	1322135
COL4A5	G289D	1	2	Mar 02, 2022	1322136
AAAS	A167V	1	2	Aug 06, 2024	2735891
AAAS	R155P	1	1	May 26, 2023	2735893
AAAS	H160R	1	2	Sep 25, 2025	2735892
ABCD1	R163L	1	1	Apr 20, 2023	1323829
ABCD1	H283Y	1	2	Jun 22, 2023	1323833
ABCD1	R163P	1	1	Feb 27, 2023	2630273
ABCD1	R163G	1	2	Apr 22, 2023	1323835
ASS1	R272H	1	2	Mar 13, 2024	2501087
BCKDHA	A216V	1	2	Apr 29, 2026	1323975
COL3A1	G873C	1	1	Jul 30, 2020	1324109
COL4A5	G1270D	1	2	Mar 08, 2023	1324124
COL6A2	G298V	1	1	Aug 09, 2019	1324137
INPP5E	C342R	1	1	Mar 10, 2021	1324581
BRAF	E275K	1	2	Feb 15, 2024	1324583
MANBA	R182W	1	2	Apr 29, 2026	1324696
NOTCH1	M1L	1	1	Mar 21, 2019	1324815
GRIN2A	L812M	1	2	Jul 29, 2022	1325703
BRAF	L485W	1	1	Jun 26, 2025	1325840
CHD3	L1080H	1	1	Oct 12, 2021	1325842
SMARCA4	E488K	1	1	Jan 17, 2022	1325852
GRIN2A	I184S	1	1	Jan 01, 2019	1325858
GRIN2A	C231R	1	1	Jan 01, 2019	1325859
GRIN2A	L411Q	1	1	Jan 01, 2019	1325860
GRIN2A	A548T	1	1	Jan 01, 2019	1325862
GRIN2A	L611Q	1	2	May 16, 2022	1325863
GRIN2A	M653V	1	1	Jan 01, 2019	1325866
GRIN2A	G688A	1	1	Jan 01, 2019	1325868
GRIN2A	I694T	1	2	Jul 25, 2023	1325869
GRIN2A	M705V	1	1	Apr 20, 2026	1325870
NEK10	L513S	0	2	Feb 03, 2022	1325897
ADAMTSL2	R113L	1	2	Mar 25, 2024	1326072
ANKRD11	S747P	0	2	Mar 01, 2026	1326138
SCN1A	Y1453D	1	1	Oct 01, 2021	1327141
CREBBP	V238M	0	2	Mar 20, 2025	1327228
ALDH7A1	A495T	1	1	Jan 30, 2025	1328029
CACNA1D	N690S	0	1	Jan 06, 2026	1328066
NPHS1	Y977C	1	2	May 19, 2023	1328157
GJA8	R76H	1	2	Dec 18, 2025	1328353
COL4A5	G1185R	1	1	Jul 13, 2021	1328468
COL4A5	G1235C	1	1	Apr 15, 2021	1328473
DLG3	R198W	1	1	Sep 16, 2025	1328590
HCN1	A383V	1	1	Aug 09, 2022	1328701
PMM2	G176V	1	1	Nov 16, 2021	1328987
SURF1	R192Q	1	2	Nov 03, 2025	1329011
NOTCH1	E843G	0	1	Jun 04, 2019	1329305
COL3A1	G171S	1	2	Jun 28, 2023	1329349
ERCC2	R658G	1	1	Jun 15, 2021	1329484
NHLRC1	G131R	1	1	Nov 17, 2021	1329489
DGKE	G281E	1	1	Jun 11, 2021	1329494
PJVK	L224R	1	1	Dec 23, 2021	1329504
KDM6A	G174E	1	1	Jan 16, 2022	1329607
SLC16A2	R371H	1	1	Dec 10, 2024	1329726
SLC12A3	S615W	1	2	May 23, 2024	1330263
SLC12A3	E240G	1	1	Sep 15, 2021	1330271
CHD3	A1259V	1	1	Aug 20, 2021	1330948
EP300	D1069N	1	1	Oct 09, 2023	1331276
CYP1B1	P400S	1	3	Nov 19, 2025	1331361
CAMTA1	G886E	1	1	Mar 09, 2021	1331604
SLC12A3	A971T	1	1	Dec 01, 2021	1331704
CFTR	Q552P	1	2	Apr 16, 2025	1331723
MYH11	F1397L	0	2	Oct 25, 2024	1332137
MYH11	R34K	0	1	Sep 12, 2024	1332145
SLC12A3	Y489H	1	1	-	1332700
MEF2C	L35R	1	1	-	1332704
PRDM12	M262R	1	1	-	1332705
AFF2	C962Y	1	1	-	1332788
NDUFV1	D127G	1	1	-	1332824
CTSK	W50G	1	1	-	1332840
ASS1	P96T	1	2	Mar 10, 2026	1332899
DBT	S399C	1	2	Jan 06, 2025	1333259
CFTR	G551V	1	1	Jan 03, 2022	1333303
TTR	V142A	1	2	Nov 05, 2023	1333466
COL4A5	G814R	1	2	Jan 23, 2026	1333485
PMM2	R238P	1	2	Feb 16, 2024	1333592
COL4A5	P364S	1	1	Jan 03, 2022	1333642
RAC1	Y64C	1	1	Jan 03, 2022	1333690
HNRNPU	G373D	1	1	Jan 03, 2022	1333693
COA8	Q130E	1	1	Jan 03, 2022	1333711
PCDH19	D375V	1	1	Jan 02, 2022	1333722
STAG1	G209R	1	1	Sep 08, 2020	1333942
HEATR3	P240L	1	1	Jan 13, 2022	1334103
SLC26A4	P112S	1	2	Oct 14, 2025	1334108
SLC26A4	G95E	1	2	May 15, 2023	1334127
SOS2	P404L	0	2	Feb 13, 2025	1334211
KDM5C	R108W	1	1	May 14, 2021	1334766
STT3A	R160Q	1	1	Jun 16, 2022	1334779
STT3A	R405C	1	2	Aug 12, 2025	1334780
STT3A	R405H	1	2	Jun 16, 2022	1334781
NMNAT1	G156R	1	1	Oct 01, 2021	1334948
NDUFV1	Y204C	1	2	Jan 08, 2024	1335076
ATL1	S414R	1	1	Nov 01, 2021	1335145
RAI1	P250A	0	2	Dec 16, 2025	1335261
SMARCE1	K92Q	1	1	Aug 01, 2022	1335269
EP300	R1829C	1	2	Aug 15, 2025	1335488
PMPCB	A3V	0	2	Jun 01, 2026	1335687
KDM5C	Y190C	1	1	Sep 01, 2022	1335769
PURA	F231C	1	2	May 18, 2026	1335851
KDM5C	S522F	1	1	Jun 08, 2022	1335879
SCN1A	C1180R	1	1	Nov 21, 2018	1335962
USP45	I418T	0	2	Jul 19, 2021	1336025
AFF2	T345I	0	1	Jan 18, 2018	1336318
RAI1	R1366C	0	2	Apr 07, 2025	1336356
RAI1	V1824L	0	1	Jun 07, 2018	1336463
USP45	A209T	0	1	Oct 06, 2021	1336779
RAI1	D635V	0	2	Dec 03, 2025	1337004
CST3	A72S	0	2	Oct 16, 2024	1337079
EPB41L1	L594P	0	1	Dec 18, 2019	1337118
KDM6A	L799P	0	1	Sep 12, 2019	1337316
ANKRD11	E1415G	0	1	Feb 04, 2020	1337373
EPB41L1	R394W	0	1	May 11, 2018	1338253
ZIC2	H323R	1	1	Nov 21, 2017	1338311
KCNJ11	F315S	1	1	Dec 06, 2017	1338354
CCND2	V284E	1	2	Dec 11, 2023	1338376
KCNJ11	H186D	1	2	Jul 18, 2025	1338466
KDM6A	G1212V	1	1	Dec 27, 2018	1338470
SLC16A2	W109R	1	1	Feb 11, 2019	1338485
KDM6A	N1169K	1	1	Mar 20, 2019	1338499
KCNJ11	R206C	1	2	Jan 05, 2026	1338615
SCN1A	Q1821P	1	1	Jan 30, 2022	1338770
PCDH19	E32V	1	1	Jan 30, 2022	1338771
CYP1B1	A237E	1	3	Nov 19, 2025	1338800
CSF1R	A823T	1	1	Jan 04, 2022	1338803
NPHS1	G867D	1	2	Apr 29, 2026	1339205
KRT1	N188I	1	1	Nov 01, 2021	1339265
CLCN5	G127R	1	1	Feb 07, 2022	1339445
STAT1	V339F	1	1	Dec 28, 2021	1339527
JAK3	R775H	1	2	Dec 07, 2023	1339536
NDP	F81S	1	1	Dec 28, 2021	1339550
LIG4	G428R	1	1	Dec 28, 2021	1339553
CREBBP	R1867L	1	1	Feb 02, 2022	1339605
TRAPPC9	A412T	1	1	Aug 07, 2021	1339618
CYP1B1	V364M	1	3	Jul 20, 2026	1339668
COL3A1	G834R	1	2	Oct 28, 2025	1339754
DLX3	Q178H	1	2	Jun 08, 2023	1341362
COL3A1	P1165L	1	1	Feb 14, 2022	1341518
ANKRD11	G996V	0	1	Nov 01, 2021	1341538
ANKRD11	E1472K	0	1	Nov 01, 2021	1341541
ANKRD11	E1801K	0	1	Nov 01, 2021	1341542
ANKRD11	T2145I	0	1	Nov 01, 2021	1341543
ANKRD11	R2536W	1	2	May 06, 2025	1341546
APOA1	D181G	1	1	Feb 15, 2022	1341582
GRIN2A	A243V	1	1	Feb 22, 2022	1341968
COL4A5	G1170R	1	1	Feb 21, 2022	1341995
ADNP	K616R	0	1	Jan 12, 2022	1342109
TUBB4B	P358S	1	2	Nov 06, 2025	1342143
SMARCA4	W825C	1	1	-	1342164
EPHB4	V682M	1	1	Apr 16, 2021	1342553
CNNM4	G492D	1	1	-	1342702
DBT	S306P	1	2	May 23, 2026	1342860
L2HGDH	M1V	1	2	Oct 25, 2024	1342871
CREBBP	R1664L	1	1	Feb 01, 2022	1342894
DBT	P274T	1	1	Mar 06, 2022	1342939
HCN1	I380F	1	1	Feb 09, 2023	1342979
RAC1	A95V	0	1	Nov 19, 2021	1343133
SMARCB1	R366G	1	1	Jan 20, 2021	1343154
CAMTA1	S1496L	0	1	Jan 22, 2021	1343157
SETD1A	S252G	0	1	Feb 05, 2021	1343165
SOS2	E770K	0	1	Feb 05, 2021	1343166
DPF2	V8A	0	1	Mar 04, 2021	1343174
SETD1A	T236P	0	1	Mar 04, 2021	1343187
ANKRD11	H139Q	0	1	Apr 30, 2021	1343205
H1-4	A204P	0	1	Jul 13, 2021	1343219
DYRK1A	H276R	1	2	Sep 12, 2022	1343233
SOD1	I150M	1	1	Jan 01, 2022	1343332
COL3A1	G702R	1	1	Jul 08, 2021	1343347
COL3A1	G831R	1	1	Oct 06, 2021	1343350
NSD1	R2417S	0	2	Jun 15, 2024	1343877
SCN1A	I1867N	1	2	Nov 19, 2024	1343886
SLC16A2	H477R	0	2	Apr 01, 2025	1344031
BCKDHA	Y438H	1	2	-	1344509
NPHS1	P243L	1	1	May 22, 2022	1344646
FEZF1	Q448P	0	1	Dec 10, 2018	1344748
NPHS1	A672T	1	1	Jun 01, 2025	1344787
CSF1R	E847Q	1	1	Jun 04, 2022	1504080
COL4A5	C1684G	1	1	Jun 12, 2025	1504190
SCN1A	A1326T	1	1	Jul 11, 2022	1504271
RAI1	G487S	0	1	Apr 10, 2024	1421741
TRPM4	K1129N	0	1	Oct 25, 2024	1366729
DYRK1A	V639I	0	2	Jul 14, 2025	1476284
SCN1A	L1230F	1	1	Dec 17, 2025	1476292
RAI1	P976S	0	1	Jun 27, 2022	1476293
INPP5E	G522R	1	1	Sep 06, 2024	1476623
CLCN5	E337K	1	1	Feb 23, 2024	1505876
KDM6A	Q617R	0	1	Nov 24, 2025	1368568
GRIN2A	I1117M	0	1	Sep 30, 2024	1368674
RAI1	A1797V	0	1	Feb 10, 2025	1409495
SCN1A	Q459R	1	1	Aug 19, 2025	1436413
CSF1R	R150C	0	1	Jan 06, 2025	1518796
ASL	R12W	1	1	Oct 15, 2025	1518921
EP300	R1197W	1	1	Feb 25, 2021	1519083
CREBBP	Q1579E	0	1	Nov 03, 2025	1519110
GJA8	W45C	1	2	Mar 03, 2022	1410982
RAI1	R1307Q	0	2	Sep 10, 2025	1411155
SCN1A	A1311T	0	1	Jan 17, 2024	1411193
COL4A5	G1146R	1	1	Oct 25, 2021	1521811
SCN1A	C351S	1	1	May 15, 2023	1521850
ASL	G200V	1	2	Feb 09, 2024	1521904
RAI1	G590C	0	1	Oct 24, 2024	1522077
COL4A5	G1116R	1	2	Mar 29, 2024	1412256
CC2D2A	E1104G	1	1	Apr 18, 2021	1357393
BACH2	V451L	0	1	Jul 21, 2025	1384745
COL3A1	G693V	1	1	May 09, 2021	1384868
DYRK1A	A536V	0	1	Oct 16, 2024	1439564
COL3A1	G819D	1	2	May 01, 2023	1523561
NPHS1	R711P	1	1	Oct 19, 2021	1523657
SOS2	A319V	0	1	Feb 05, 2025	1523688
PCDH19	E249D	1	1	Sep 13, 2022	1523855
CTSK	G146A	1	2	Oct 09, 2025	1521355
ABCD1	R152P	1	2	Dec 11, 2024	1521520
SCN1A	L1800R	1	1	Oct 30, 2023	1521549
SLC12A3	G212V	1	1	Oct 09, 2021	1521732
COL3A1	G1098R	1	1	Nov 22, 2021	1466399
PEPD	R314H	0	1	Dec 02, 2024	1411868
HNRNPU	A184V	0	1	Feb 13, 2025	1412213
RAI1	R1452W	0	1	Oct 23, 2024	1494303
ERCC6	F665L	0	1	Feb 02, 2026	1494380
COL11A1	I118T	0	1	Jul 19, 2022	1523313
COL3A1	G438D	1	1	Apr 16, 2024	1523318
STAG2	F999C	1	1	Apr 26, 2022	1395977
COL11A1	P1532T	0	1	Dec 01, 2025	1396151
CYFIP2	K503R	0	1	Sep 03, 2024	1370274
ABCD1	M539I	0	1	Oct 28, 2023	1370277
CSF1R	G798R	1	1	Feb 08, 2022	1370348
RAI1	V1851L	0	1	Oct 22, 2024	1397954
SOS2	I661V	0	2	Jul 30, 2025	1425121
SCN1A	G1371V	1	1	May 27, 2022	1465452
NDUFV1	R386L	1	1	Aug 23, 2022	1465562
COL4A5	G186D	1	1	Aug 30, 2023	1465592
RAI1	V553M	0	1	Aug 06, 2024	1383809
PPT1	G73E	1	1	Mar 25, 2021	1493301
COL4A5	G1179V	1	1	Jul 29, 2021	1493509
EP300	R2308C	0	2	Jan 18, 2025	1520693
RAI1	E935K	0	2	Sep 02, 2025	1412721
RAI1	A326T	0	2	Aug 13, 2025	1412742
RAI1	G1833S	0	2	Nov 16, 2024	1412999
COL3A1	G453C	1	1	Jul 27, 2021	1467383
SCN1A	V1292L	1	1	Mar 19, 2022	1359116
HNRNPU	S97F	0	1	Oct 24, 2024	1386670
CYFIP2	D355N	0	1	May 06, 2025	1468861
COL3A1	G426E	1	1	Nov 02, 2021	1496360
PMM2	D188Y	1	2	Dec 03, 2025	1496401
RAI1	G12D	0	1	Jan 15, 2024	1525400
COL3A1	G477E	1	1	Aug 16, 2022	1525594
KDM6A	N853S	0	2	Dec 15, 2025	1360654
COL11A1	D629N	0	1	May 26, 2025	1360663
RAI1	P131L	0	2	Jan 19, 2026	1360764
SCN1A	F1361L	1	1	Mar 28, 2024	1358512
FGFR2	T320A	1	2	Jan 05, 2026	1358709
FGFR2	W290L	1	1	Nov 25, 2024	1358710
RAI1	R1542Q	0	2	Mar 22, 2025	1386116
RAI1	R1576L	0	1	Nov 03, 2023	1386181
ERCC6	R1230H	0	1	Jan 03, 2026	1413604
COL11A1	K1095E	0	1	Apr 05, 2023	1468366
ALDH3A2	T184A	1	1	Feb 10, 2021	1496161
OPLAH	E49K	0	1	Jul 12, 2022	1524894
GRIN2A	N886K	1	1	Oct 13, 2023	1524938
COL4A5	G1244R	1	1	Nov 05, 2021	1525020
FGFR2	R61H	0	2	Jan 18, 2026	1525168
GPC3	E379G	0	1	Jun 12, 2025	1360403
SCN1A	A1641T	1	1	Nov 25, 2021	1452510
COL4A5	G887D	1	1	Sep 19, 2021	1452536
COL11A1	G1560D	0	1	May 13, 2023	1479852
COL6A2	G268R	1	1	Apr 29, 2021	1479856
TWIST1	F158L	1	1	Apr 29, 2021	1480108
ABCD1	G507S	1	1	May 16, 2025	1509311
COL4A5	G647E	1	1	Nov 18, 2021	1509321
ABCD1	P560R	1	1	Aug 30, 2022	1509371
ABCD1	C631R	1	1	Jul 07, 2023	1509409
SLC26A4	P112L	1	1	Sep 27, 2023	1509517
COL4A5	G515R	1	2	Feb 28, 2024	1372042
DYRK1A	N416T	0	2	Dec 13, 2025	1399537
HNRNPU	E394Q	0	1	Dec 03, 2025	1399702
LMF1	G172R	1	2	Oct 04, 2025	1399714
SCN1A	A1441V	1	2	Feb 25, 2022	1454054
SLC12A3	G212S	1	2	Apr 29, 2026	1454109
SLC12A3	T304P	1	2	Feb 20, 2025	1454112
SLC12A3	G316A	1	2	Apr 29, 2026	1454113
SLC12A3	G316V	1	2	Apr 29, 2026	1454114
SCN1A	W873C	1	1	Feb 05, 2024	1454121
COL4A5	G1152C	1	1	Jun 12, 2025	1481511
GJA3	R76C	1	2	Sep 02, 2025	1481592
ABCD1	R104C	1	2	Aug 04, 2025	1357576
MEF2C	P167S	0	1	Aug 16, 2022	1357578
ABCD1	G608A	1	1	Mar 10, 2023	1385113
PCDH19	R198G	1	1	Apr 02, 2025	1385337
COL11A1	S741Y	0	1	Oct 28, 2024	1440109
RAI1	P246S	0	1	Oct 24, 2024	1440240
COL4A5	G1363A	1	1	Jun 08, 2021	1495154
COL4A5	G147R	1	1	Sep 21, 2022	1495185
CAMK2B	S513L	0	2	Oct 01, 2025	1495268
COL4A5	G743S	1	2	Oct 03, 2025	1495278
COL4A5	G307S	1	2	Sep 12, 2025	1522243
CC2D2A	E1104K	1	1	Nov 29, 2022	1522405
NOTCH1	Q1691H	0	1	May 14, 2024	1414457
CSF1R	D269E	0	1	Oct 17, 2024	1414638
INPP5E	D583Y	1	1	Jul 17, 2023	1414658
PEPD	M1T	1	2	Apr 29, 2026	1414673
COL11A1	A1706T	0	1	Nov 25, 2024	1468934
CC2D2A	L300F	0	1	May 14, 2025	1468962
CREBBP	P1494S	1	1	Sep 08, 2025	1388252
CSF1R	N308K	0	1	Aug 29, 2025	1415854
NOTCH1	R892H	0	1	Feb 03, 2025	1415887
RAI1	G1085E	0	1	May 21, 2024	1415925
NOTCH1	R1982Q	0	1	Dec 06, 2022	1415952
ERCC2	R666W	1	2	Apr 04, 2024	1415975
SLC12A3	V807E	1	2	Oct 07, 2025	1443034
RAI1	A980D	0	1	Nov 17, 2025	1443173
SLC26A3	G393W	1	2	Mar 27, 2024	1470278
COL4A5	G1229A	1	2	Apr 29, 2025	1470320
RAI1	P1708S	0	1	Dec 20, 2022	1470464
ASL	R126P	1	1	Oct 11, 2022	1470472
KDM5C	P1319H	0	1	Nov 10, 2025	1498035
NPHS1	G796E	1	2	Sep 21, 2024	1498356
RAI1	L251V	0	1	Jun 16, 2025	1389976
FAH	V412E	1	1	Mar 23, 2022	1388069
CC2D2A	P289T	0	1	Jan 25, 2026	1415286
SELENON	R432W	1	2	Jun 06, 2025	1415561
COL3A1	G1092C	1	1	Sep 01, 2022	1497664
SCN1A	A1370P	1	1	Oct 19, 2022	1497788
NSD1	N38S	0	1	Apr 29, 2024	1362153
PPT1	M1K	1	1	Jul 27, 2021	1389507
GRIN2A	E211D	0	1	Mar 04, 2024	1389586
MEF2C	V296A	0	1	Jan 06, 2025	1345927
COL11A1	P1773S	0	1	Apr 17, 2025	1346158
COL11A1	R352K	0	1	Dec 06, 2022	1373763
IQSEC2	M336I	0	1	May 16, 2025	1401194
ABCD1	H667D	1	1	Dec 01, 2025	1455747
COL6A2	G295V	1	1	Oct 18, 2021	1455757
SCN1A	P1732L	1	2	Jun 06, 2021	1455797
SCN1A	D1416G	1	1	Jun 12, 2021	1455814
SCN1A	F312S	1	1	Nov 11, 2021	1455840
CYP21A2	R484W	1	2	May 23, 2026	1455875
TRPM4	I376T	1	2	May 05, 2025	1455923
COL4A5	G887S	1	1	Feb 10, 2022	1455953
COL11A1	G868D	1	1	Apr 06, 2021	1455971
NSD1	L2042R	1	1	Aug 26, 2021	1456066
CAMK2B	M335K	0	1	Dec 11, 2023	1483371
ASL	R379L	1	1	Feb 03, 2023	1483440
NOTCH1	G347S	0	1	Apr 13, 2025	1483564
COL3A1	G855C	1	2	Dec 02, 2021	1483582
COL4A5	G328V	1	1	Aug 31, 2021	1512682
ASL	R146P	1	2	Jul 10, 2025	1512721
PCDH19	D197G	1	1	Jul 27, 2022	1512869
CYFIP2	F625L	0	1	Aug 27, 2023	1386979
RAI1	N543K	0	2	Oct 24, 2024	1496790
STAT1	Y701C	1	1	Oct 15, 2024	1524110
NOTCH1	R1926L	0	1	Nov 30, 2024	1416160
RAI1	P1815T	0	1	Dec 22, 2024	1416165
RAI1	P1511L	0	2	Dec 01, 2025	1416297
NPHS1	Q1197H	0	1	Feb 10, 2024	1416381
RAI1	P242S	0	1	Dec 07, 2024	1361185
COL4A5	D854G	0	1	Feb 18, 2021	1388571
EP300	P91S	0	1	Jan 13, 2025	1388681
CYFIP2	N528S	0	1	Mar 18, 2024	1443298
GRIN2A	T995A	0	1	Aug 09, 2022	1443613
SCN1A	G1419V	1	2	May 22, 2026	1444800
ASL	M230I	1	1	Dec 03, 2021	1499842
NOTCH1	E515K	0	1	Nov 08, 2025	1364150
SLC7A9	A126T	1	2	Mar 18, 2024	1364171
CAMK2B	P597L	0	1	Aug 10, 2023	1364402
HCN1	F81L	0	1	Jul 07, 2023	1391626
NPHS1	E1122K	0	1	Aug 24, 2023	1419546
SOS2	N993K	0	1	Feb 05, 2025	1446398
EP300	R2308H	0	2	Feb 27, 2025	1446432
IQSEC2	G577R	0	1	May 15, 2023	1446653
GATA4	C293W	1	1	Dec 04, 2021	1473702
SCN1A	T1658S	1	1	Mar 24, 2021	1474062
HNRNPU	L481I	0	1	Mar 18, 2025	1474063
SCN1A	A394V	1	2	Jun 01, 2023	1474078
CSF1R	D698N	0	1	Jun 30, 2025	1444192
INPP5E	C576G	1	1	Oct 15, 2021	1444511
COL6A2	G286R	1	1	May 07, 2021	1471532
LPL	R197C	1	2	Mar 04, 2025	1471786
BCKDHA	A270T	1	2	Oct 31, 2023	1499283
ERCC2	R658H	1	2	May 07, 2025	1499293
CC2D2A	L559R	1	1	Aug 09, 2022	1499411
DBT	C99Y	1	1	Mar 11, 2024	1499473
SLC12A3	D839N	1	2	Sep 04, 2025	1499557
RAI1	R1576C	0	1	Dec 22, 2025	1499558
IQSEC2	R568H	0	1	Nov 21, 2024	1391371
EP300	R2088W	0	1	Dec 06, 2022	1418856
NOTCH1	P2222L	0	1	Dec 11, 2025	1418888
GALNT3	G329R	1	2	Jan 18, 2026	1418978
RAI1	H1528Y	0	1	Oct 24, 2024	1445886
RAI1	S1630F	0	1	Feb 05, 2024	1445919
COL11A1	S1690P	0	1	Oct 18, 2025	1473405
NPHS1	C623R	1	1	Jan 02, 2024	1473484
SCN1A	A420P	1	1	Apr 01, 2024	1473513
SLC26A4	A106T	1	1	Jul 07, 2023	1473516
COL3A1	G321S	1	1	Dec 27, 2021	1347930
COL6A2	G274D	1	1	Dec 06, 2023	1348005
CAMK2B	T356M	0	2	Apr 10, 2025	1375496
IQSEC2	E127G	0	1	Sep 01, 2022	1375556
PCDH19	N234T	1	1	Dec 07, 2023	1403064
PCDH19	P323T	1	1	Jul 19, 2022	1403072
NSD1	I111V	0	2	Apr 07, 2023	1430262
SCN1A	V298M	0	1	Sep 19, 2023	1430320
SCN1A	F102S	1	1	Dec 08, 2021	1457640
EXT1	L264R	1	1	May 26, 2021	1457666
BCKDHA	R124Q	1	1	Apr 21, 2025	1484977
RAI1	R1160Q	0	2	May 01, 2026	1485167
SCN1A	T955S	1	1	Jan 02, 2024	1485218
SCN1A	W314R	1	1	Nov 26, 2020	1485341
GABRA2	V449A	0	1	Dec 02, 2024	1349771
RAI1	Q2R	0	1	Oct 29, 2024	1377204
RAI1	V350M	0	2	Oct 23, 2025	1498485
RAI1	G230R	0	2	Jun 09, 2025	1362719
EP300	M2118V	0	2	Feb 03, 2026	1362797
RAI1	A1091T	0	1	Jul 25, 2025	1362934
SCN1A	L1268R	1	1	Dec 08, 2022	1390553
SCN1A	S1713I	1	1	Oct 23, 2024	1390580
GRIN2A	R1417W	0	1	Jun 24, 2025	1417885
RAI1	G206S	0	1	Jan 06, 2026	1417973
CREBBP	L1142P	1	1	Jan 19, 2022	1417982
SCN1A	G271S	1	2	Aug 30, 2024	1418113
COL6A2	G295E	1	2	Dec 14, 2025	1445193
RAI1	G99S	0	1	Sep 17, 2024	1445248
CAMK2B	S522F	0	1	Sep 10, 2025	1472445
COL4A5	G105D	1	1	Mar 14, 2021	1472489
SCN1A	I1673V	1	1	Aug 23, 2022	1501441
NSD1	C2178R	1	1	Nov 05, 2024	1501677
KCNJ11	R301G	1	2	Jul 11, 2025	1501753
SLC16A2	A456S	0	1	Jan 26, 2026	1501818
RAI1	A1443V	0	1	Oct 24, 2024	1366112
SCN1A	G1081R	1	1	Nov 03, 2025	1393374
BACH2	P395S	0	1	Feb 21, 2025	1393578
INPP5E	N456T	1	1	Oct 03, 2023	1420962
SOD1	A146V	1	1	May 27, 2022	1475411
COL11A1	S355A	0	1	Oct 31, 2024	1475614
COL11A1	G796R	1	1	Mar 18, 2021	1475836
ALDH3A2	I224V	0	2	Feb 03, 2026	1503577
SCN1A	L895P	1	1	Jun 15, 2022	1367610
KMT2E	E1388K	0	2	Feb 01, 2026	1367688
COL3A1	G753C	1	1	Jan 08, 2023	1501070
ERCC6	S135L	0	1	May 05, 2025	1501399
NSD1	L1361V	0	2	Oct 04, 2022	1392888
COL4A5	G201D	1	1	May 29, 2021	1392961
SCN1A	S340P	1	1	Nov 25, 2023	1393116
RAI1	L1026H	0	1	Oct 26, 2024	1393133
HNRNPU	N478S	0	1	Dec 16, 2025	1393192
CSF1R	V519L	0	1	Aug 15, 2024	1420473
RAI1	S631R	0	2	Jul 29, 2025	1448000
COL3A1	G612S	1	2	Sep 24, 2024	1474997
COL4A5	G576D	1	2	Jun 12, 2025	1475138
COL4A5	G1357E	1	2	Jun 09, 2023	1475236
NOTCH1	H979Y	0	1	Jul 25, 2022	1502727
CACNA1D	V2012M	0	1	Dec 24, 2025	1502969
RAI1	A1606V	0	2	Nov 25, 2025	1367212
KCNC1	T399M	1	2	Dec 22, 2025	1367356
IQSEC2	R270Q	0	1	Apr 29, 2024	1404694
ABCD1	H283R	1	1	Jul 26, 2022	1459053
SLC12A3	C430G	1	2	May 15, 2024	1459109
SLC12A3	Y540C	1	2	Jan 23, 2025	1459110
ALDH3A2	R423H	1	2	Apr 29, 2026	1459314
SOD1	F21C	1	1	Oct 18, 2023	1459352
SERPING1	C205W	1	1	Nov 29, 2021	1486970
COL11A1	N301K	0	1	May 01, 2023	1515845
FGFR2	L357S	1	2	Jul 13, 2023	1406374
LPL	R270G	1	1	Apr 23, 2021	1500351
SERPING1	L425F	0	1	Jun 03, 2023	1364496
GRIN2A	E953D	0	1	Jan 20, 2025	1419810
RAI1	D1800N	0	2	May 16, 2025	1419823
TWIST1	R120G	1	2	Apr 22, 2025	1474221
ROR2	P106L	0	1	Nov 23, 2025	1474329
GJA3	D51H	1	2	Apr 01, 2023	1474368
DBT	D104V	1	1	Oct 27, 2021	1474388
RAI1	E628K	0	2	Jan 05, 2026	1474485
SCN1A	W952C	1	1	Mar 10, 2023	1502166
RAI1	G1864R	0	1	Dec 01, 2025	1366425
SOS2	A1082T	0	1	Oct 24, 2024	1395171
RAI1	M1413V	0	2	Jun 03, 2025	1449960
CYFIP2	V882I	0	1	Nov 03, 2025	1450101
EPHB4	P977L	0	2	May 27, 2025	1450144
SCN1A	N299D	0	2	Dec 02, 2025	1477244
CABP4	R124H	1	1	Apr 09, 2024	1477513
SLC12A3	R209P	1	2	Nov 10, 2023	1505020
NOTCH1	Q2544H	0	1	Aug 23, 2022	1505290
SCN1A	F100L	1	1	Nov 27, 2023	1396846
SOS2	T1265A	0	1	Sep 05, 2024	1424003
COL4A5	G834V	1	2	Jun 27, 2022	1424204
COL11A1	P731S	0	1	Jan 29, 2025	1424261
SOS2	N310S	0	1	May 23, 2024	1394605
COL3A1	G225D	1	1	Mar 07, 2024	1394873
SCN1A	W1358L	1	1	Oct 21, 2025	1394942
CYP21A2	R342W	1	2	Aug 26, 2025	1422248
COL6A2	P353L	0	1	Aug 23, 2022	1449466
NSD1	I1213M	0	1	Jul 18, 2022	1449604
IQSEC2	R1155G	1	1	Apr 28, 2021	1477120
NOTCH1	T2297A	0	1	Sep 27, 2024	1504762
COL11A1	G1393D	0	1	Aug 18, 2025	1368835
SLC16A2	P65R	0	1	Aug 09, 2022	1368955
COL11A1	T10A	0	1	Dec 29, 2025	1369110
RAI1	R1449Q	0	2	Feb 12, 2026	1406607
COL6A2	A157T	0	1	Jul 13, 2025	1433701
PRKN	C418R	1	1	Sep 20, 2021	1488446
COL6A2	G700D	1	2	Jul 01, 2024	1488541
COL3A1	G249S	1	1	Oct 08, 2021	1488583
TWIST1	P139S	1	2	Jan 14, 2026	1488653
SLC12A3	G463E	1	2	Apr 29, 2026	1488711
SCN1A	P113S	1	1	Oct 30, 2023	1488821
IQSEC2	G167D	0	1	Mar 10, 2025	1352862
DYRK1A	F553Y	0	1	Feb 23, 2023	1380591
SLC12A3	G201V	1	2	Jan 28, 2026	1408401
ASS1	E298K	1	2	May 23, 2026	1435108
ERCC6	T737A	0	1	Aug 30, 2023	1435182
CAMK2B	A407T	0	2	Dec 05, 2025	1421558
CTSK	L309F	1	1	Oct 02, 2022	1475911
SCN1A	L1677F	1	1	Jan 08, 2024	1475981
CC2D2A	G236E	0	1	Jan 13, 2026	1476061
COL3A1	G915S	1	1	Feb 18, 2024	1503866
RAI1	P668L	0	1	Jan 24, 2026	1367902
COL11A1	R581L	0	1	Nov 22, 2022	1368030
COL11A1	K108E	0	1	Sep 15, 2025	1368246
STIM1	S88G	1	2	Nov 02, 2024	1395833
RAI1	E882K	0	2	Sep 02, 2025	1423012
CYP21A2	M1V	1	1	Nov 25, 2025	1451630
CYP21A2	H39L	1	1	Jun 07, 2023	1451631
COL3A1	G912S	1	1	Sep 23, 2021	1479128
RAD21	I620F	1	1	Oct 28, 2021	1479168
EP300	S545N	0	1	Jul 19, 2022	1479175
CAMK2B	V457M	0	2	May 02, 2025	1506854
PEPD	I415N	1	2	Jan 25, 2026	1507015
COL11A1	Y1754C	0	1	Jul 07, 2023	1398624
COL11A1	P1011T	0	1	Oct 24, 2024	1398740
RAI1	E1261K	0	2	Oct 18, 2025	1398800
MYO18B	C178Y	0	1	Dec 17, 2025	1398822
COL11A1	P591T	0	1	Aug 13, 2024	1425650
RAI1	T508M	0	1	Dec 16, 2024	1425798
COL11A1	Q1176H	0	1	Oct 12, 2025	1425950
TBK1	R357Q	1	1	Jan 06, 2026	1453239
SLC16A2	G398D	1	1	Feb 04, 2021	1453369
DBT	P411L	1	1	May 25, 2021	1453507
HCN1	A387P	1	1	Jun 21, 2021	1480620
ITGA3	E915Q	0	1	Sep 16, 2025	1480766
RAD21	Q482H	0	2	Jan 19, 2026	1481022
GRIN2A	P64S	0	1	Jun 17, 2024	1506229
COL3A1	G408V	1	1	Oct 26, 2022	1506584
BACH2	G483S	0	1	Dec 01, 2025	1425262
HNRNPU	R762C	0	1	Aug 24, 2023	1425419
SERPING1	L349F	0	1	Oct 21, 2025	1425516
NOTCH1	E1453K	0	1	Jul 23, 2024	1425529
SCN1A	G1515R	1	1	Jul 14, 2021	1452748
TFG	R22W	1	2	Feb 16, 2025	1452866
NSD1	G388V	1	1	Aug 05, 2021	1452878
SCN1A	T137P	1	1	Apr 01, 2023	1452959
SLC26A4	Q235R	1	1	Dec 22, 2025	1452990
GRIN2A	S1384L	0	1	Jul 17, 2023	1480443
GABRA2	Y8S	0	1	Oct 24, 2024	1462517
SLC26A4	S133L	1	1	Nov 03, 2022	1490445
SCN1A	V1169G	0	1	Feb 16, 2022	1490559
COL4A5	G1492S	1	1	Aug 21, 2025	1519304
PCDH19	D596Y	1	1	Jan 11, 2022	1519314
DYRK1A	P372L	0	1	Nov 01, 2022	1519450
FAH	L41P	1	2	Apr 29, 2026	1354594
MEF2C	L363F	0	1	Feb 14, 2022	1354803
DYRK1A	D116E	0	1	Nov 01, 2023	1354837
SCN1A	N980K	1	1	Oct 10, 2021	1354881
TNNI3	K183N	1	2	Jun 08, 2026	1409842
GRIN2A	I867M	0	1	Jul 07, 2023	1437057
RAI1	P1471L	0	2	Jul 22, 2025	1437149
NOTCH1	H196R	0	1	Jul 10, 2025	1464451
SERPING1	R494Q	1	1	Oct 16, 2025	1477674
SOD1	G17C	1	1	May 07, 2021	1477719
ASL	G402R	1	1	Apr 08, 2022	1477767
NPHS1	A806T	1	1	Mar 17, 2022	1477778
SCN1A	P346S	1	1	Aug 04, 2023	1477846
DBT	R462C	1	1	Jun 14, 2023	1505569
COL11A1	P938R	0	1	Aug 04, 2025	1505629
CSF1R	R294W	0	1	Aug 04, 2023	1505679
SCN1A	S1298T	1	1	Jun 24, 2024	1505698
SCN1A	L77P	1	2	Feb 23, 2024	1369705
NOTCH1	G2291R	0	1	Mar 17, 2024	1369713
RAI1	R536C	0	1	Mar 16, 2025	1369741
HNRNPU	N713S	0	1	Nov 11, 2024	1369781
COL11A1	P1464L	0	1	Dec 02, 2022	1397371
LPL	R197L	1	2	Aug 12, 2025	1452072
TTR	I104T	1	2	Sep 11, 2025	1452255
ABCD1	H97R	1	2	Aug 24, 2023	1479518
COL11A1	G53E	0	1	Aug 03, 2025	1479575
PCDH19	P344R	1	2	Sep 29, 2025	1507139
RAI1	A984E	0	2	Oct 07, 2025	1372908
GRIN2A	D1297N	0	1	Jul 03, 2025	1400531
NOTCH1	H2018Q	0	1	Dec 06, 2022	1427536
SCN1A	L61F	1	1	Jul 07, 2023	1455017
SOD1	I150T	1	2	Dec 11, 2025	1455194
SLC6A19	G93R	1	2	Jul 04, 2022	1482366
HCN1	A714S	0	1	Sep 30, 2024	1510095
ZNF148	P638Q	1	1	Feb 19, 2021	1507969
COL4A5	G192E	1	1	Jul 07, 2023	1508006
DNM1	S264Y	0	1	Aug 12, 2024	1508025
GABRG2	T310I	1	2	May 05, 2026	1508087
COL4A5	G1261R	1	1	May 20, 2021	1508303
COL11A1	I101V	0	1	Apr 17, 2025	1345089
GJA3	G60S	1	1	Jul 26, 2022	1345145
COL11A1	I337V	0	1	Sep 04, 2025	1399947
RAI1	D849N	0	1	Jan 11, 2026	1400167
NSD1	F2043S	1	2	Sep 19, 2024	1427244
NPHS1	C160Y	1	1	Feb 05, 2022	1454548
CCDC88A	S1661P	0	1	Jan 28, 2026	1454602
TTR	T69I	1	2	Feb 16, 2026	1454801
RAI1	P1116S	0	1	Feb 24, 2025	1482108
COL11A1	K1296R	0	1	Dec 18, 2022	1482250
ALDH3A2	S365P	1	1	Mar 05, 2021	1509942
KRT1	D340H	1	1	Sep 01, 2022	1510071
COL6A2	Q888R	0	1	Oct 30, 2024	1491901
DNM1	R421Q	0	1	Aug 27, 2023	1492008
SCN1A	N1195S	0	2	Nov 03, 2025	1411637
SERPING1	F477L	1	2	Jul 28, 2024	1438889
RAI1	N977S	0	1	Aug 10, 2023	1371711
RAI1	R994Q	0	1	Dec 19, 2025	1398962
EP300	G69D	0	1	Jul 07, 2023	1399213
COL3A1	G744R	1	1	Oct 04, 2023	1426135
RAI1	P524L	0	1	Nov 04, 2024	1426385
SCN1A	S1768G	1	1	Dec 15, 2025	1453583
EXT1	G268V	1	1	Aug 15, 2021	1453691
SCN1A	L984V	1	1	Nov 15, 2022	1453730
GRIN2A	L611M	1	1	Feb 03, 2021	1453886
PCDH19	D90G	1	1	Jul 09, 2024	1481058
COL4A5	G93V	1	1	Jun 12, 2025	1481136
ASS1	Y359H	1	2	Jul 23, 2024	1508960
NOTCH1	T822A	0	1	Apr 06, 2023	1509198
COL4A5	G132R	1	1	Aug 04, 2021	1346943
COL4A5	G54V	1	1	Aug 14, 2024	1347197
COL6A2	A269T	0	1	Mar 13, 2023	1374762
SERPING1	A440V	0	1	Sep 30, 2025	1429164
AGRN	G1582R	1	2	May 27, 2025	1429166
L2HGDH	A140P	1	2	Jun 25, 2026	1429237
ABCD1	L211R	1	1	Feb 01, 2026	1456610
SCN1A	V866L	1	1	Oct 22, 2021	1456762
SCN1A	Y83D	1	1	Jun 03, 2021	1456878
ALDH3A2	D245A	1	1	Nov 01, 2023	1484478
ABCD1	L684P	1	1	Nov 29, 2022	1512177
COL11A1	E782D	0	1	Mar 20, 2025	1348782
MBD5	P490A	0	1	Oct 29, 2024	1346419
SLC26A4	G116V	1	2	Mar 21, 2024	1346580
SLC26A4	V231M	1	1	May 27, 2023	1346618
COL4A5	G261E	1	1	Feb 22, 2021	1346769
RAI1	S345L	0	1	Jun 13, 2022	1401808
ATL1	H258L	1	1	Mar 22, 2021	1456145
SCN1A	N1476S	1	1	Mar 11, 2024	1456163
LPL	G181S	1	2	Nov 11, 2024	1456311
NSD1	G1953A	1	1	Apr 26, 2021	1456428
ABCD1	G510D	1	2	Sep 23, 2024	1483831
DNM1	P861R	0	1	Aug 17, 2024	1484026
BCKDHA	G249C	1	1	Aug 10, 2022	1511580
SCN1A	M251L	1	1	Feb 21, 2021	1511616
NDP	E66K	1	1	Sep 02, 2025	1511645
RAI1	A75T	0	2	Feb 16, 2025	1348232
CAMK2B	A660V	0	1	Sep 10, 2023	1348342
COL4A5	G497D	1	2	Aug 27, 2025	1522713
CSF1R	L111I	0	1	Nov 18, 2024	1522951
COL11A1	L1442P	0	1	Oct 29, 2024	1358159
NOTCH1	M771V	0	1	Mar 19, 2023	1385785
RAI1	E551K	0	1	May 05, 2023	1385825
NOTCH1	G1250S	0	1	Jul 21, 2023	1413227
SCN1A	L247P	1	1	Jul 09, 2021	1440271
COL4A5	G1036R	1	1	Jun 20, 2021	1440595
COL3A1	G1095V	1	1	Sep 12, 2023	1467681
COL3A1	G369R	1	1	Oct 20, 2024	1467833
KIF20A	N594S	0	1	Dec 22, 2025	1495439
COL6A2	G262C	1	2	Sep 05, 2024	1495471
EYA1	V424I	0	1	May 15, 2024	1495495
SLC12A3	A464P	1	1	Dec 02, 2021	1495555
ASS1	R307S	1	2	Jul 21, 2025	1495594
TTR	H110D	1	2	Nov 20, 2025	1524375
SCN1A	G329S	1	1	Aug 13, 2024	1524618
RAI1	P129R	0	2	Sep 08, 2025	1400904
RAI1	D1012N	0	2	Jan 05, 2026	1427818
NOTCH1	R2263W	0	1	Dec 06, 2022	1427962
TWIST1	I156S	1	1	Jul 12, 2022	1455499
COL4A5	G397V	1	2	Jun 28, 2024	1455628
SCN1A	G329D	1	1	Sep 04, 2021	1483036
GRIN2A	K772E	1	1	Sep 13, 2022	1483207
SCN1A	L378Q	1	2	Aug 08, 2025	1510730
POT1	M1T	1	1	Jul 14, 2023	1510948
COL4A5	G457S	1	2	Apr 12, 2024	1347378
GRIN2A	M564R	1	1	Aug 15, 2022	1347497
COL3A1	G675S	1	1	Feb 24, 2024	1347589
PEPD	M1V	1	2	Apr 29, 2026	1403780
GALNT3	R438C	1	2	Apr 29, 2026	1403790
MMP9	E274D	0	1	Jan 13, 2026	1403813
SCN1A	A1429V	1	1	Jun 24, 2024	1403815
COL11A1	R1733C	0	1	Oct 14, 2025	1404055
STK4	G379R	0	1	Dec 26, 2025	1430947
RAI1	S1420P	0	2	Oct 12, 2025	1430985
SLC12A3	C421Y	1	2	Jan 19, 2026	1458231
SLC12A3	R852H	1	2	Mar 10, 2025	1458237
SLC12A3	T1017I	1	2	Jan 20, 2026	1458246
SCN1A	A1792T	1	1	May 15, 2023	1458250
SCN1A	R1322T	1	2	May 22, 2023	1458265
CSF1R	E847K	1	1	Dec 02, 2021	1458272
COL3A1	G957S	1	1	Mar 14, 2022	1458349
ATL1	A161V	1	1	Feb 23, 2022	1486086
RAI1	A1606T	0	2	Nov 19, 2025	1513819
GATA1	S161T	0	1	Sep 15, 2025	1350611
LIG4	P248L	1	2	Jul 24, 2024	1377838
CYFIP2	I794V	0	2	Nov 22, 2022	1375989
ABCD1	T254A	1	1	Oct 08, 2021	1403263
EPHB4	A14T	0	2	Nov 24, 2025	1430521
SCN1A	G1728E	1	1	Mar 12, 2021	1457744
SERPING1	C205Y	1	1	Jun 03, 2025	1457822
PCDH19	T404I	1	1	Mar 28, 2021	1458033
ALG1	F394L	1	1	Jul 14, 2025	1458147
BCKDHA	R287Q	1	1	Mar 10, 2025	1513404
CYFIP2	I709M	0	2	Jan 19, 2026	1377492
ABCD1	G512V	1	1	Nov 29, 2022	1524740
NHLRC1	D146E	1	1	Aug 19, 2021	1524781
TTR	D38E	1	2	Jan 25, 2026	1359774
RAI1	P798T	0	1	Jan 05, 2026	1387341
COL3A1	G294R	1	2	May 06, 2025	1469491
ABCD1	R152G	1	1	Jul 21, 2023	1469544
NOTCH1	A1634T	0	1	Sep 25, 2025	1469666
SLC12A3	N442K	1	2	Apr 29, 2026	1497328
CYFIP2	E78G	0	1	Jul 17, 2023	1497484
SCN1A	C1376Y	1	1	May 26, 2021	1389086
NOTCH1	R1438C	0	1	Dec 20, 2024	1429609
COL11A1	G1096A	0	1	Feb 24, 2025	1429655
SLC26A4	G334E	1	2	Apr 08, 2025	1457140
COL3A1	G183V	1	1	Nov 12, 2020	1457178
KCNJ11	R136L	1	2	Apr 15, 2025	1484521
GJA8	E48G	1	1	May 15, 2023	1484682
EPHB4	R902W	0	2	Mar 17, 2025	1484910
SCN1A	S1594P	1	1	Aug 13, 2021	1512562
PMM2	F144C	1	1	Aug 13, 2021	1512622
FAH	G404R	1	1	Sep 19, 2023	1348938
CHRNB1	L285P	1	1	Feb 09, 2021	1349189
ALDH7A1	T325A	1	1	Feb 24, 2021	1349216
SLC12A3	L738R	1	2	Mar 18, 2024	1376627
NMNAT1	A13D	1	1	Mar 23, 2023	1376825
DPF2	S151T	0	1	Jul 09, 2024	1405418
RAI1	V102I	0	1	Nov 07, 2025	1405472
RAI1	R1002W	0	1	Jul 07, 2023	1405639
THAP1	M1L	1	1	Mar 15, 2021	1405735
CYFIP2	A1132T	0	1	Oct 07, 2024	1432922
NSD1	I1774N	1	1	Aug 09, 2022	1459954
COL6A2	G268S	1	2	Mar 01, 2024	1460157
BCKDHB	Q346R	1	2	Jun 16, 2024	1487625
COL4A5	G970S	1	2	Sep 08, 2025	1487710
SOD1	V15L	1	2	Apr 17, 2025	1514873
COL3A1	G798D	1	1	Dec 23, 2020	1515058
CACNA1D	T2084A	0	1	Feb 18, 2025	1352016
GABRG2	S306F	1	1	Feb 10, 2022	1352245
ABCD1	R285G	1	1	Mar 11, 2024	1379703
ADA2	M1T	1	2	Jan 26, 2026	1407177
CAMK2B	R534Q	0	2	Aug 10, 2025	1407244
DBT	R462P	1	2	May 23, 2026	1407245
NOTCH1	D651N	0	1	Dec 29, 2025	1405033
RAI1	G1816S	0	2	Oct 23, 2024	1432071
ASL	S170N	1	2	Apr 29, 2026	1459454
SERPING1	C428Y	1	1	Oct 22, 2023	1459540
SLC12A3	S967F	1	2	May 08, 2025	1459728
COL6A2	T431I	0	1	Aug 10, 2022	1487402
COL4A5	G929D	1	1	Jul 07, 2021	1514624
MTFMT	K337R	0	2	Feb 23, 2026	1351497
HNRNPU	S746I	0	1	Nov 01, 2022	1351565
EP300	N625S	0	2	May 22, 2023	1379442
CYFIP2	R387H	0	2	Feb 16, 2025	1379508
SERPING1	S460P	1	1	Mar 23, 2023	1406687
RAI1	Q1389R	0	1	Nov 17, 2025	1406807
BCKDHB	G131V	1	2	Apr 10, 2024	1407094
SMARCA4	G784W	1	1	Mar 31, 2022	1471231
COL3A1	G177A	1	2	Jul 11, 2025	1471288
SERPING1	P399A	1	1	Apr 21, 2021	1471299
SCN1A	N1712K	1	1	Jul 26, 2021	1471469
CYP21A2	G292R	1	1	Jan 31, 2024	1498831
GRIN2A	E328Q	0	1	May 14, 2025	1363270
COL11A1	G1330D	0	1	May 09, 2024	1445476
STAMBP	H382R	0	1	Sep 09, 2025	1431607
GATA4	R285H	1	1	Sep 10, 2025	1458733
TTR	D58V	1	1	Nov 21, 2025	1458932
COL4A5	C1684Y	1	2	Apr 02, 2025	1458972
RAI1	E1744K	0	1	Dec 23, 2021	1486351
NKX2-1	E220K	1	1	Oct 18, 2021	1486375
COL3A1	G996R	1	2	Apr 03, 2022	1486385
NOTCH1	E488K	0	1	Jan 07, 2026	1486478
STAT1	D171N	1	2	Aug 11, 2026	1486527
COL11A1	P1356S	0	1	Dec 15, 2025	1514187
RAI1	R1149C	0	1	Mar 06, 2025	1350887
NFKBIA	H193N	0	1	Apr 05, 2024	1406233
PCDH19	D212E	1	1	Nov 08, 2022	1406235
RAI1	R1067C	0	1	Oct 24, 2024	1433088
ABCD1	R431C	0	1	Oct 12, 2023	1434389
DNM1	F409S	0	1	Jun 20, 2022	1434636
GATA1	D115Y	0	1	Oct 01, 2025	1461665
COL11A1	P1265L	0	1	Dec 11, 2025	1461856
SOD1	V120L	1	2	Dec 23, 2025	1489352
RTN4IP1	G216R	1	1	Dec 02, 2024	1489361
CYP1B1	R368C	1	3	Nov 19, 2025	1489392
ASL	R111W	1	2	Apr 29, 2026	1489478
GABRG2	T314S	1	1	Feb 18, 2022	1516815
CAMK2B	V132F	0	1	Aug 31, 2022	1516864
RAI1	D835N	0	1	Dec 09, 2024	1516891
COL11A1	A514V	0	1	Aug 24, 2025	1353876
DLX3	R228H	0	1	Dec 22, 2025	1381238
HCN1	G830A	0	1	Apr 13, 2022	1381558
IQSEC2	R1345Q	0	1	Oct 13, 2023	1381644
BMP1	M1T	1	1	Oct 27, 2022	1433797
RAI1	A510V	0	2	Oct 24, 2025	1461404
COL3A1	G570D	1	2	Oct 28, 2021	1489113
COL4A5	G1315V	1	1	Jul 07, 2021	1489240
GABRA2	K2M	0	1	Oct 26, 2025	1489259
COL4A5	G769E	1	1	Feb 18, 2022	1516172
NPHS1	R695W	1	1	Mar 26, 2022	1516229
RAI1	V469A	0	1	Oct 20, 2025	1380820
RAI1	P798S	0	1	Jul 17, 2023	1435664
NOTCH1	S169G	0	2	Jan 12, 2026	1435683
PRKN	G359D	0	1	Nov 24, 2025	1472853
TPM1	E98K	1	2	Jun 22, 2022	1472862
ADA2	H112Y	1	1	Feb 22, 2024	1472946
SOD1	C7S	1	1	Nov 04, 2024	1500887
COL11A1	R762W	0	1	Sep 10, 2025	1500894
SOD1	C7G	1	1	Oct 31, 2021	1500897
SOD1	V15G	1	1	Aug 13, 2021	1500907
COL3A1	G288S	1	1	Nov 12, 2021	1500982
SCN1A	F1373S	1	1	Aug 21, 2025	1392482
TWIST1	S140L	1	2	Oct 16, 2025	1420250
SCN1A	S525F	1	1	Feb 24, 2022	1447241
SLC26A4	S133P	1	2	Jul 11, 2025	1502303
GRIN2A	L238V	0	1	Apr 15, 2024	1502330
HNRNPU	S766A	0	1	Jan 19, 2024	1502459
COL4A5	G1170C	1	2	Oct 15, 2024	1502533
NOTCH1	P2349A	0	1	Oct 27, 2023	1460623
COL3A1	G702A	1	1	Aug 06, 2021	1488128
PCDH19	P323S	1	1	Aug 16, 2022	1488181
CAMK2B	G424E	0	1	Apr 17, 2025	1488257
TUBB4B	D26H	1	1	Mar 09, 2022	1488406
CYFIP2	I1036M	0	1	Dec 23, 2021	1488422
SLC26A4	L676P	1	1	Dec 14, 2020	1515298
CAMK2B	P523L	0	2	Dec 05, 2025	1515399
SOS2	K419T	0	1	Dec 01, 2025	1515551
RAI1	T221A	0	1	Aug 23, 2022	1380145
CSF1R	G494S	0	1	Oct 17, 2024	1380259
CSF1R	A210E	0	1	Jun 02, 2025	1407901
RAI1	S971F	0	2	Jun 17, 2024	1407944
COL6A2	P28L	0	1	Aug 04, 2023	1434664
COL4A5	G1012D	1	1	Nov 02, 2021	1434827
CSF1R	R192Q	0	1	Dec 16, 2025	1434965
NOTCH1	Q1522E	0	1	Apr 25, 2024	1463647
ADA2	W123C	1	1	Nov 28, 2023	1491344
CAMK2B	E429K	0	1	Dec 03, 2025	1518587
ABCD1	P508L	1	1	Aug 13, 2024	1410853
RAI1	A1507P	0	1	Aug 16, 2022	1438024
COL4A5	G1202D	1	1	Aug 04, 2021	1438045
COL11A1	V171A	0	1	Dec 06, 2022	1438081
COL11A1	N864S	0	1	Dec 31, 2025	1465165
COL3A1	G624E	1	2	Sep 08, 2023	1465364
COL11A1	E364K	0	1	Aug 22, 2022	1490981
TTR	C30Y	1	1	Jan 28, 2021	1490986
SCN1A	I1782L	1	1	Feb 24, 2025	1518250
NOTCH1	N959T	0	1	Dec 06, 2022	1382934
NSD1	P1665L	1	1	Aug 23, 2021	1410174
DYRK1A	T81A	0	1	May 01, 2025	1410433
SERPING1	P312R	0	1	Aug 29, 2025	1437455
RAI1	A775P	0	1	Nov 09, 2025	1464809
COL11A1	P241S	0	1	Mar 17, 2025	1464876
COL4A5	G1330A	1	1	Jan 30, 2021	1464935
NOTCH1	A929D	0	1	Jun 20, 2022	1502659
COL11A1	P1304R	0	1	Sep 10, 2024	1489925
RAI1	H79R	0	1	Jul 08, 2024	1490060
ASL	D152N	1	1	Jul 30, 2025	1490070
SURF1	G180R	1	2	Apr 14, 2025	1517342
COL4A5	G1244S	1	1	Aug 05, 2023	1517348
NOTCH1	G881S	0	1	Sep 07, 2025	1517381
BCKDHA	A253G	1	1	Jan 03, 2026	1520107
COL4A5	G932R	1	2	Sep 05, 2025	1520447
ALDH3A2	Y279H	1	1	Jul 09, 2021	1492410
RAI1	H761P	0	2	Apr 09, 2024	1492478
COL11A1	G1531A	1	1	May 31, 2021	1492520
KDM6A	L545R	0	1	Jan 07, 2026	1492554
RAI1	S378T	0	1	Sep 14, 2025	1492556
TTR	E74A	1	1	Aug 04, 2021	1519705
KCNJ11	V64M	1	2	Jan 01, 2023	1525998
KCNJ11	V252L	1	1	-	1525999
KCNJ11	G334V	1	1	-	1526000
CREBBP	C1783F	1	1	Nov 24, 2021	1526262
LITAF	T78S	1	1	Mar 18, 2022	1526424
KDM5C	D621G	1	1	Jan 04, 2022	1527871
COL4A5	G905R	1	1	Mar 09, 2022	1527901
CREBBP	A644P	1	1	Feb 27, 2022	1527909
NSD1	C1611R	1	1	Jan 01, 2022	1527924
PPT1	E184V	1	1	Jan 01, 2022	1527936
GJA3	R33L	1	2	Jan 21, 2023	1527965
COL4A5	A26T	0	1	Aug 15, 2022	1641192
GRIN2A	E58D	0	1	Jan 15, 2022	1575967
LRRK1	R1850H	0	2	Dec 23, 2025	1642768
LRRK1	A1814T	0	2	Feb 02, 2026	1642826
GPR179	R1096H	0	1	Apr 23, 2025	1643104
IQSEC2	V1198I	0	1	Sep 02, 2025	1553896
KDM5C	A939G	0	1	Aug 11, 2024	1577787
CAMK2B	P475L	0	2	Apr 17, 2025	1577815
GPR179	A1119V	0	1	Sep 08, 2025	1644628
PURA	H23R	0	1	Oct 03, 2023	1644729
KDM5C	E821V	0	1	Dec 09, 2024	1644825
CYFIP2	I1164V	0	2	Jan 26, 2026	1644835
LRRK1	R1941W	0	1	Jan 26, 2026	1644862
GPR179	G341R	0	1	Dec 15, 2025	1601447
PISD	A50V	0	1	Jan 27, 2026	1601560
SLC34A2	T330M	0	2	Jan 24, 2026	1601561
PMPCB	C312Y	0	2	Jan 25, 2026	1601646
KMT2E	P908S	0	2	Apr 01, 2026	1601685
SLC38A8	F435L	0	1	Dec 08, 2025	1601693
KIF20A	P839L	0	2	May 01, 2026	1601732
VPS11	R931C	0	1	Dec 11, 2025	1601766
KMT2E	G999C	0	2	Feb 03, 2026	1601775
SLC38A8	S248C	0	2	Feb 02, 2026	1601785
GATA1	G99S	0	1	Dec 19, 2025	1601793
PISD	T308M	0	1	Nov 18, 2025	1601802
DPF2	R83Q	0	2	Nov 12, 2025	1603274
CYFIP2	G396C	0	1	Jan 28, 2026	1603309
DISP1	T1209A	0	2	Nov 03, 2025	1637205
MBD5	S236L	0	2	Aug 18, 2025	1639029
SLC16A2	R408Q	0	2	Jan 10, 2026	1546362
ADAMTS9	V1912I	0	2	Dec 10, 2025	1546394
RAI1	P473L	0	1	Jul 19, 2022	1546540
RSPO1	K162Q	0	2	Jan 24, 2026	1616289
GATA1	H71P	0	2	Oct 03, 2025	1616386
DISP1	A1247S	0	2	Sep 02, 2025	1618248
RAI1	R44W	0	1	Sep 08, 2022	1619928
COL4A5	A1246S	0	1	Jan 24, 2026	1620029
KRT74	A487T	0	2	Jan 27, 2026	1655951
CAMK2B	P354S	0	2	Nov 27, 2025	1656082
CIB1	R50W	0	1	Nov 24, 2025	1656120
BACH2	R151P	0	2	Nov 19, 2025	1556140
RAI1	P398L	0	1	Jun 03, 2024	1533305
LRRK1	T967M	0	1	Feb 03, 2026	1533558
HCN1	K769R	0	1	Oct 30, 2024	1627880
MEF2C	L344F	0	1	Nov 08, 2022	1627918
LRRK1	V1779D	0	1	Jan 26, 2026	1672859
HNRNPU	A440G	0	1	Feb 05, 2022	1674492
RAI1	A411P	0	1	Dec 02, 2022	1674685
RTN4IP1	R121W	0	1	Oct 20, 2022	1536777
COL4A5	G1074S	0	1	Jun 23, 2023	1536848
RAI1	Q1436H	0	1	Jan 19, 2026	1536944
RAI1	A987T	0	2	Jan 13, 2026	1579442
KIF20A	R89C	0	1	Jan 15, 2026	1579704
SLC16A2	P79T	0	1	Jan 14, 2022	1646522
COL4A5	I829N	0	1	Nov 15, 2021	1581153
NSD1	R604Q	0	2	Apr 10, 2024	1581254
PURA	L224F	0	1	Feb 05, 2022	1648011
OPLAH	V434I	0	1	Nov 17, 2025	1583137
CAMK2B	E467G	0	1	Mar 29, 2025	1611955
GRIN2A	Q1134H	0	1	May 15, 2024	1604964
RAI1	A1620V	0	1	Jan 23, 2025	1548229
KANK2	N609K	0	2	Dec 24, 2025	1572287
MBD5	H1378Q	0	1	Feb 09, 2022	1572374
KANK2	A554V	0	2	Jan 12, 2026	1549658
ADAMTS9	R209H	0	1	Nov 04, 2025	1573813
CARMIL2	A1298S	0	1	Jan 22, 2026	1573953
COL4A5	R373Q	0	1	Jan 21, 2024	1573970
DNAJC21	E130D	0	2	Nov 24, 2025	1608043
HSD17B10	A95T	0	1	Dec 23, 2025	1585455
CAMK2B	S423L	0	2	Oct 13, 2025	1585503
RAI1	D248N	0	1	Aug 09, 2022	1623449
POU3F4	A237G	0	1	Jun 14, 2025	1557849
CYP7A1	D347N	0	2	Mar 01, 2026	1557936
CAMK2B	S533P	0	1	Feb 23, 2024	1657800
SLC26A3	D688H	0	1	Feb 01, 2026	1587442
NDUFV1	R52S	0	2	Jan 28, 2026	1559627
MYH2	G417A	0	1	Jun 19, 2024	1559703
RAI1	A1041S	0	1	Oct 22, 2024	1659290
PITX2	T198S	0	1	Feb 05, 2022	1659615
CAMK2B	A472V	0	2	Nov 08, 2025	1631278
IKBKB	A736T	0	1	Jan 04, 2026	1538365
NOTCH1	P1641S	0	2	Dec 28, 2025	1538676
MBD5	V37I	0	1	Feb 10, 2025	1599198
HNRNPU	Q169R	0	1	Jan 15, 2021	1599213
DNAJB13	S7T	0	2	Jan 25, 2026	1599261
RNF168	F425L	0	1	Dec 01, 2025	1600639
SKIC2	A1110P	0	1	Jan 07, 2026	1600653
CARMIL2	G845D	0	2	Jan 20, 2026	1600757
HPS5	Q320E	0	1	Jan 28, 2026	1600963
PURA	N96S	0	2	May 27, 2026	1600967
CYP1B1	P12L	0	3	Nov 19, 2025	1634683
SLC18A3	G70S	0	1	Aug 16, 2025	1651616
ANKRD11	G1134R	0	1	Oct 29, 2025	1615726
RAI1	D1800Y	0	1	Feb 09, 2022	1653161
CAMK2B	T381S	0	2	Oct 15, 2025	1653240
STAG2	I314V	0	2	Sep 01, 2025	1617200
LRRK1	R67C	0	2	Jan 26, 2026	1617209
COL4A5	S160N	0	1	Nov 26, 2020	1617346
HNRNPU	M53V	0	2	Jan 27, 2025	1618946
KDM5C	R390Q	0	2	Nov 15, 2024	1654909
POC1B	N190H	0	1	Mar 16, 2024	1654924
TRIOBP	A531P	0	2	Jan 19, 2026	1655104
CACNA1D	V309I	0	2	Feb 01, 2026	1555340
GRIN2A	M932T	0	1	Aug 29, 2025	1609725
EFEMP1	F6L	0	1	Aug 18, 2025	1575705
COL4A5	P1576S	0	1	Nov 17, 2023	1611608
CAMK2B	V515L	0	2	Feb 01, 2026	1642608
CAMK2B	P426S	0	2	Jan 21, 2026	1642629
KDM6A	N675T	0	2	Jan 02, 2026	1553294
GRIN2A	N451Y	0	1	May 17, 2021	1553392
DNM1	E102K	0	1	Jun 13, 2022	1577348
GRIN2A	A922G	0	1	Jan 15, 2022	1661245
MYO18B	S705F	0	2	Jan 19, 2026	1561258
CREB3L3	E387K	0	1	Nov 05, 2025	1561602
RAI1	A535T	0	1	Aug 18, 2025	1662755
RAI1	L308F	0	1	Mar 27, 2024	1662759
BACH2	E806D	0	2	Jan 26, 2026	1662867
COL4A5	T1511M	0	1	Feb 16, 2024	1592720
SLC38A8	A147G	0	2	Feb 02, 2026	1602546
MYO18B	W2128R	0	1	Dec 01, 2025	1543667
KMT2E	S1532N	0	2	Feb 03, 2026	1636344
GPR179	V1957I	0	1	Jan 15, 2026	1636504
CTSB	L26P	0	2	Jul 23, 2025	1636592
NKX2-1	S3F	0	1	Feb 03, 2022	1636621
COL11A1	Q921R	0	1	Sep 23, 2025	1604164
COL4A5	K1097T	0	1	Jan 13, 2026	1604334
PEPD	V181L	0	1	Oct 16, 2024	1545450
RAI1	H785R	0	2	May 19, 2025	1545477
CAMK2B	D495N	0	1	Aug 20, 2025	1606204
CYP7A1	N233S	0	2	Nov 23, 2025	1584599
RIGI	I261V	0	1	Jan 22, 2026	1584608
SLC16A2	M500I	0	2	Jan 20, 2026	1622734
ANKRD11	T1229M	0	1	Aug 11, 2025	1656907
CFAP410	R172W	0	1	Nov 24, 2025	1586608
RAI1	R1307L	0	2	Jun 26, 2024	1558879
CAMK2B	A615S	0	1	Sep 21, 2024	1658546
C8B	Q319H	0	1	Dec 23, 2025	1658665
TMEM132E	G157A	0	1	Feb 03, 2025	1644183
THBD	T506N	0	2	Oct 03, 2025	1554835
ITGB4	G1750R	0	2	Jan 25, 2026	1579019
KANK2	R326C	0	2	Jan 27, 2026	1645843
NEK2	D273G	0	1	Oct 07, 2025	1646015
ALDH3A2	R311C	0	1	Jan 16, 2024	1646104
GRIN2A	A1395E	0	1	Oct 27, 2025	1646158
RAI1	M1314V	0	1	Feb 23, 2025	1580992
MBD5	T1630N	0	1	Feb 05, 2022	1581095
C8B	S50R	0	1	Jan 06, 2026	1647919
TBCE	M305I	0	2	Oct 09, 2025	1582562
CSF1R	S157L	0	1	Sep 12, 2025	1564719
KRT74	E271D	0	2	Feb 04, 2026	1594104
MYO18B	R1141W	0	1	May 29, 2025	1594122
GRIN2A	I1460V	0	1	Jul 25, 2023	1666562
CAMK2B	G628R	0	1	Aug 29, 2025	1566504
KRT1	I312T	0	1	Jul 26, 2022	1566648
MAP3K14	P716R	0	1	Oct 16, 2025	1596075
ANKRD11	P1996L	0	1	Jan 05, 2026	1668069
LRRK1	S1858N	0	1	Jan 06, 2026	1668201
MBD5	L194I	0	1	Apr 21, 2025	1568231
HDAC4	A312T	0	2	Mar 29, 2025	1597573
SCN2B	V166I	0	2	Oct 31, 2025	1597634
EPHB4	G893R	0	2	Oct 28, 2024	1597847
KIDINS220	R1066H	0	1	Dec 01, 2025	1639753
CFAP410	A167T	0	1	Dec 15, 2025	1639925
TMEM132E	R578W	0	1	Jan 12, 2026	1571323
CSF1R	T952I	0	1	Oct 29, 2025	1571529
COL4A5	E452K	0	1	Jun 12, 2025	1548770
JAK3	P791H	0	1	Dec 23, 2025	1609051
RAI1	E923K	0	1	Jun 07, 2024	1588327
CYFIP2	A674T	0	2	Dec 01, 2024	1625833
MBD5	G610C	0	1	Jul 08, 2024	1660200
NPHS1	N577K	0	1	Dec 11, 2025	1660213
HNRNPU	N735S	0	2	Dec 01, 2025	1660216
RAI1	S25T	0	1	Jan 29, 2024	1560497
ALG1	G87R	0	1	Dec 28, 2025	1590066
VPS11	H936P	0	2	Jan 28, 2026	1662170
RAI1	P1281R	0	1	Dec 21, 2025	1562134
DNAJB13	V91G	0	2	Dec 29, 2025	1591488
EP300	S150P	0	2	Jan 13, 2025	1591621
GPR179	A998T	0	1	Sep 21, 2025	1613380
DYRK1A	T562S	0	2	Jan 05, 2026	1613480
KANK2	Y111C	0	1	Jul 09, 2025	1615267
RAI1	P1717L	0	1	Jan 14, 2022	1615332
DBT	E351Q	0	1	Dec 23, 2025	1652775
GNPAT	C650Y	0	2	Feb 01, 2026	1652792
KDM5C	D723N	0	2	Jan 01, 2026	1654598
MBD5	P1436S	0	1	Jun 20, 2022	1654669
COL11A1	D636Y	0	1	Nov 22, 2025	1654814
CTSB	P94L	0	2	Oct 25, 2024	1620131
GPR179	A2348T	0	1	Apr 28, 2025	1528615
DYRK1A	S503W	0	1	Feb 09, 2021	1528745
ALG1	A3D	0	2	Jan 21, 2026	1669865
MBD5	S799W	0	2	Jun 18, 2025	1626219
HCN1	N677S	0	1	Jun 12, 2025	1626270
RAI1	R1202Q	0	1	Feb 17, 2024	1626544
RAI1	R1237Q	0	2	Feb 26, 2025	1671798
RAI1	C532R	0	1	Dec 20, 2025	1628341
SLC16A2	S8N	0	2	Jan 26, 2026	1575047
HNRNPU	V623L	0	1	Nov 27, 2023	1610943
EP300	A922V	0	1	Oct 16, 2025	1641824
TRIOBP	A1256V	0	2	Jun 01, 2025	1552238
DNM1	V375I	0	1	Oct 27, 2021	1552454
LRRK1	D1105N	0	1	Aug 21, 2025	1576529
KMT2E	N1407S	0	2	Feb 01, 2026	1576685
CAMK2B	R631Q	0	2	Jan 20, 2025	1643178
CYFIP2	P1106S	0	1	Feb 16, 2024	1578117
HCN1	P751R	0	1	Oct 18, 2022	1578121
COL4A5	P493L	0	1	Oct 30, 2023	1578128
CHSY1	A68V	0	2	Jan 01, 2025	1578299
HCN1	P879S	0	1	May 12, 2023	1554103
PISD	V363L	0	1	Jan 05, 2026	1563829
COL4A5	S1242F	0	1	Apr 17, 2021	1593368
MYO18B	R1254C	0	1	Jul 15, 2025	1593481
CREB3L3	K246N	0	1	Feb 01, 2026	1565973
RAI1	Y276C	0	1	Mar 22, 2022	1594986
CAMK2B	S567L	0	1	Oct 10, 2025	1595168
TMEM38B	V165L	0	1	Jan 24, 2026	1584279
DNM1	M476T	0	1	Feb 08, 2021	1556685
KRT12	R20W	0	2	Jan 28, 2026	1585972
HELLS	R53C	0	2	Feb 02, 2026	1586082
CYFIP2	P117L	0	1	Feb 23, 2024	1658344
RAI1	S892L	0	1	Aug 23, 2021	1624035
TUB	E205G	0	1	Dec 17, 2025	1558531
HPS5	A728T	0	2	Jan 28, 2026	1558625
CTSB	T75A	0	2	Feb 17, 2024	1587655
ALG1	P253Q	0	1	Nov 22, 2023	1535620
GPR179	E1491K	0	2	Dec 20, 2025	1629845
GPR179	R404H	0	1	Dec 23, 2025	1629846
MBD5	N377S	0	1	Jul 13, 2023	1629957
CBX2	A452V	0	2	Jan 28, 2026	1630038
CTSB	R87Q	0	1	Sep 07, 2022	1630085
GPR179	R872W	0	1	Nov 22, 2025	1631585
BMP1	R712W	0	1	Jun 27, 2022	1631734
HNRNPU	P446A	0	1	Mar 23, 2023	1538892
CARMIL2	R505L	0	1	Jan 26, 2026	1539012
TAB2	T292A	0	1	Dec 03, 2025	1540729
KIF20A	Q656R	0	1	Jan 21, 2026	1645171
CCDC88A	R882H	0	1	Jan 05, 2026	1579926
LRRK1	R1259Q	0	1	Nov 12, 2025	1581581
LRRK1	G1702S	0	2	Jan 29, 2026	1581842
CSF1R	G182C	0	1	Aug 14, 2024	1581941
COL4A5	Q998K	0	1	Feb 22, 2021	1648466
MYO18B	S1390F	0	2	Feb 03, 2026	1583294
PIGP	V18I	0	1	Sep 02, 2025	1612440
SERPING1	A156T	0	1	Jan 24, 2026	1612503
STAG1	Q1132H	0	2	Feb 03, 2026	1650467
IQSEC2	G6R	0	1	May 05, 2025	1669059
CARMIL2	E1058K	0	1	Feb 01, 2026	1527985
KIDINS220	R1307C	0	2	Oct 08, 2025	1528271
VPS11	V770I	0	2	Feb 01, 2026	1569056
TBK1	R724C	0	1	Nov 17, 2023	1569223
MEF2C	L232V	0	1	Sep 27, 2022	1529544
EXT1	D303E	0	1	Jul 21, 2025	1670782
CST3	T142A	0	2	Dec 28, 2025	1670876
CACNA1F	R1587W	0	1	Jul 17, 2023	1670929
MBD5	T853N	0	1	Feb 03, 2022	1532884
HHAT	S182N	0	2	Feb 01, 2026	1587713
GRIN2A	L267I	0	1	Mar 01, 2021	1659814
KDF1	R107W	0	2	Jan 31, 2026	1560051
RAI1	R296Q	0	2	Jan 07, 2026	1625539
PISD	I28T	0	1	Jan 26, 2026	1589389
DBT	R179H	0	2	Dec 16, 2025	1589726
CREB3L3	I150T	0	1	Feb 14, 2024	1661509
KL	R387H	0	1	May 17, 2025	1561825
DNM1	I459V	0	1	Feb 05, 2022	1562022
CSF1R	A105V	0	1	Apr 15, 2024	1591070
DNM1	P823A	0	1	Nov 02, 2022	1591192
IQSEC2	T145S	0	1	Jul 02, 2021	1591254
MATR3	A762T	0	1	Dec 21, 2025	1599374
COL4A5	R131C	0	1	May 05, 2025	1599377
BACH2	K505R	0	1	Jan 27, 2026	1599434
MEF2C	D125E	0	1	Feb 03, 2022	1599439
CAMK2B	R633H	0	1	Dec 24, 2024	1599497
RAI1	G577S	0	2	Nov 10, 2025	1542395
RAI1	R1244H	0	1	Oct 24, 2024	1542622
STAG2	E1260D	0	2	Apr 01, 2026	1601030
RAI1	A1811G	0	1	Jan 29, 2025	1601129
CYFIP2	R1041L	0	2	Nov 28, 2025	1601142
RAI1	R592P	0	2	Jan 18, 2026	1601163
LRRK1	G68S	0	2	Feb 04, 2026	1601302
DYRK1A	T3A	0	1	Mar 09, 2021	1601373
RAI1	P53L	0	1	Jan 06, 2025	1601383
CARMIL2	T149S	0	1	Jan 20, 2026	1544019
MBD5	C1236F	0	1	Aug 22, 2022	1544142
TMEM132E	P852L	0	1	Jun 27, 2025	1652194
COL4A5	I444V	0	1	Nov 08, 2021	1615881
SLC34A2	P325L	0	1	Sep 10, 2021	1621150
VPS11	S468L	0	1	Oct 01, 2025	1621151
KANK2	R751Q	0	1	Jan 18, 2026	1627096
GPR179	R679W	0	1	Dec 23, 2025	1627357
RAI1	K675R	0	1	Feb 10, 2025	1672647
DNAJC21	R112C	0	1	Nov 24, 2025	1534566
BMP1	Q730H	0	1	Feb 11, 2021	1628927
THBD	G430S	0	1	Nov 03, 2025	1630628
SCN1A	N851D	0	1	Mar 17, 2025	1630974
CAPN5	V431A	0	1	Mar 02, 2025	1663367
MBD5	T622I	0	1	Aug 31, 2022	1563398
HNRNPU	Q807H	0	1	Feb 05, 2024	1563712
HNRNPU	T641S	0	1	Oct 26, 2023	1664990
KDM5C	R179C	0	1	Apr 05, 2024	1565331
ASL	A390V	0	1	Jan 31, 2026	1594749
CTSB	T271S	0	1	Jun 05, 2022	1666659
CNOT3	P472S	0	2	Feb 01, 2026	1666900
C8A	R59Q	0	1	Dec 03, 2025	1666981
PCDH19	H416N	0	1	Mar 03, 2025	1566897
MBD5	H762R	0	1	Feb 02, 2022	1570051
DNM1	T488A	0	1	Jul 19, 2022	1570201
MYO18B	S25L	0	1	Nov 18, 2025	1604525
CAMK2B	P518L	0	2	Feb 01, 2026	1604535
GPR179	T1253M	0	1	Nov 27, 2025	1638652
MBD5	P373A	0	1	Feb 03, 2022	1547530
GRIN2A	K919E	0	1	Feb 04, 2022	1547772
BMP1	A71S	0	2	Jan 23, 2026	1547791
CAMK2B	P437L	0	1	Jul 14, 2025	1571770
CYFIP2	E1040D	0	1	Jan 12, 2022	1571845
LBR	V322M	0	1	Nov 17, 2025	1606548
KDM6A	M1049V	0	1	Sep 03, 2024	1640308
SLC18A3	R531C	0	1	Jan 11, 2026	1555680
CREB3L3	P235H	0	1	Dec 19, 2025	1555876
ARHGEF1	R253W	0	1	Jan 08, 2026	1555887
SLC6A19	V2L	0	1	Sep 10, 2025	1585067
WNT10B	G16D	0	1	Sep 29, 2025	1585080
MYO18B	E110K	0	1	Jan 20, 2026	1585126
CHSY1	Q653E	0	2	Oct 27, 2025	1585330
EFL1	R60G	0	1	Jan 15, 2026	1622911
COQ4	A256V	0	1	Apr 29, 2025	1622966
RAI1	D909G	0	1	Aug 17, 2025	1623085
KDM5C	R1314Q	0	1	Nov 14, 2022	1557499
CSF1R	G936S	0	1	Jan 22, 2026	1557585
RAI1	R1537Q	0	2	Dec 21, 2025	1557759
CNOT3	P314S	0	2	Jun 01, 2026	1657489
NPHS1	E663K	0	1	Jan 11, 2026	1624641
CTSB	D317N	0	2	Nov 15, 2022	1559085
HHAT	C188R	0	2	Feb 01, 2026	1559146
CAMK2B	R312G	0	1	Feb 08, 2022	1559264
CYFIP2	T333M	0	2	Dec 09, 2025	1598494
TMEM132E	P325R	0	2	Jan 08, 2026	1598614
CYFIP2	C1138S	0	1	Jan 17, 2026	1598759
SOX2	N187S	0	1	Oct 17, 2022	1632434
SLC12A3	G800R	0	1	Jun 29, 2025	1632649
NPHS1	E1235K	0	1	Jan 09, 2026	1541443
MBD5	S463Y	0	1	Feb 17, 2024	1541664
TF	I448V	0	2	Feb 04, 2026	1600156
RAI1	N1254S	0	2	Sep 23, 2025	1600239
RAI1	P1906L	0	2	Apr 11, 2025	1600293
RAI1	A384T	0	1	Nov 11, 2024	1600388
STAG2	S1181G	0	1	Jan 13, 2022	1600472
RAI1	A1749T	0	2	Oct 10, 2025	1600501
NOTCH1	N459S	0	1	Dec 03, 2025	1600536
MBD5	H469P	0	1	Aug 02, 2023	1634380
CACNA1F	L1854I	0	1	Jul 29, 2025	1601983
NPHS1	A61V	0	1	Feb 22, 2024	1602037
CYFIP2	I916V	0	2	Jan 12, 2026	1602221
KL	H269Q	0	2	Dec 05, 2025	1596590
HCN1	N776D	0	1	Feb 26, 2021	1668702
CAMK2B	K33R	0	1	Apr 07, 2025	1670256
MBD5	S790R	0	1	Feb 03, 2022	1670338
CTSB	K245N	0	1	Nov 24, 2021	1532631
HNRNPU	P200A	0	1	Feb 03, 2022	1532659
LRRK1	L736V	0	1	Jan 23, 2026	1626688
RAI1	P1881L	0	2	Oct 24, 2024	1573459
MEF2C	L204R	0	1	Nov 01, 2022	1573635
COL4A5	R1441H	0	1	Feb 16, 2024	1607928
GATA1	A53D	0	1	Jan 06, 2026	1575197
CAMK2B	P526L	0	1	Aug 18, 2025	1575304
COL11A1	T573A	0	2	Nov 13, 2025	1575331
RIGI	I887L	0	1	Dec 01, 2023	1575439
PIGP	R112S	0	2	Feb 03, 2026	1609322
COL4A5	S1463C	0	1	Jun 27, 2025	1552843
RAI1	R999Q	0	1	Mar 30, 2025	1577108
MYO18B	Q397R	0	1	Jan 04, 2026	1588664
STAG2	R617W	0	2	Apr 01, 2026	1560829
RAI1	Q205K	0	1	Feb 05, 2022	1560841
CYFIP2	V1120I	0	1	Nov 18, 2024	1560975
CABP4	A23V	0	2	Aug 29, 2025	1561026
CYFIP2	V278I	0	1	Jul 07, 2023	1660788
ESPN	I425T	0	1	Sep 10, 2025	1660835
BACH2	P720T	0	1	Jan 25, 2026	1662544
MYO18B	R409Q	0	2	Jan 26, 2026	1662606
TFG	R360K	0	2	Mar 24, 2026	1562600
WDR4	A24S	0	2	Jan 26, 2026	1562835
LRRK1	D865N	0	1	Feb 01, 2026	1635857
CYFIP2	T443I	0	1	Jun 04, 2024	1544923
NSD1	R1031Q	0	2	Apr 15, 2025	1544951
PISD	V355M	0	1	Jun 17, 2025	1603979
CRYGC	R122C	0	1	Dec 03, 2021	1637655
RAI1	R1576H	0	1	Jan 11, 2025	1546773
LRRK1	D866N	0	2	Feb 01, 2026	1546924
KDF1	Q100R	0	2	Jan 27, 2026	1570987
CAMK2B	R645C	0	1	Jun 23, 2025	1639314
EP300	M1989I	0	2	Dec 12, 2024	1534102
GRIN2A	K1339E	0	2	Oct 15, 2025	1534137
CHM	V447M	0	1	Feb 03, 2024	1628505
RAI1	E1795V	0	1	Nov 26, 2024	1535828
RAI1	P202S	0	1	Feb 17, 2024	1536172
GRIN2A	P401A	0	2	Sep 10, 2024	1673727
KIF20A	S635T	0	1	Jan 25, 2026	1674012
MANBA	A825S	0	1	Jan 28, 2026	1630351
AVP	P43A	0	2	Jan 27, 2026	1630379
EDNRA	I86V	0	1	Oct 17, 2024	1537732
LRRK1	K203E	0	2	Nov 25, 2025	1537753
RTN4IP1	Q26R	0	1	Oct 29, 2024	1631904
CYP1B1	L191R	0	1	Jan 26, 2026	1632054
KDM6A	I1319V	0	1	Apr 10, 2025	1554424
KANK2	M838V	0	2	Jan 27, 2026	1554484
CREBBP	R742P	0	2	Jul 30, 2025	1578870
CYFIP2	Q398H	0	1	Jun 24, 2025	1580294
PISD	R81Q	0	2	Feb 01, 2026	1664301
TMEM132E	S321L	0	1	Dec 30, 2025	1664370
RAI1	R836Q	0	1	Nov 13, 2024	1664382
CSF1R	T467M	0	1	Feb 10, 2025	1594068
CNTN1	I516V	0	1	Jan 04, 2026	1665990
SOS2	F1227L	0	2	Dec 24, 2025	1666158
BMP1	R714C	0	1	Jul 19, 2021	1595370
GRIN2A	R1103L	0	1	Jan 21, 2026	1595661
CAPN5	I471L	0	1	Jun 23, 2024	1595664
EPHB4	R360H	0	2	Nov 14, 2025	1595738
RIGI	M387L	0	1	Jul 03, 2025	1667893
RAI1	T1150S	0	1	Feb 05, 2022	1567928
STK4	N253S	0	2	Jan 16, 2026	1567948
DNM1	R629H	0	1	Feb 08, 2022	1548471
EXT1	F435L	0	2	Jul 21, 2025	1548559
BACH2	V820M	0	1	Dec 18, 2025	1572614
MBD5	K306R	0	1	May 26, 2024	1550065
ROR2	I180V	0	2	Oct 14, 2025	1550446
COL4A5	I485V	0	1	Dec 02, 2022	1574205
MBD5	V488L	0	1	Jan 13, 2022	1574348
CSF1R	V229I	0	2	Oct 23, 2025	1574365
CAMK2B	R646H	0	1	Dec 21, 2025	1574412
COL4A5	P780A	0	1	Sep 26, 2024	1574606
CTSB	K237E	0	1	Sep 27, 2022	1608563
HNRNPU	G717R	0	1	Nov 15, 2022	1608657
ARHGEF1	P909T	0	1	Jan 23, 2026	1598356
LRRK1	E369K	0	1	Aug 30, 2025	1633834
CTSB	S254C	0	1	Jul 05, 2022	1541052
RAI1	A1371T	0	1	Jun 10, 2025	1599726
CAMK2B	E510K	0	2	Feb 03, 2026	1599890
SKIC2	V918I	0	2	Jan 21, 2026	1599990
CREB3L3	D182N	0	2	Feb 03, 2026	1600091
EPHB4	V420I	0	2	Dec 26, 2025	1582370
ERCC6	Y1279F	0	1	Aug 30, 2024	1649139
KDM5C	R828Q	0	1	Jun 24, 2021	1613065
GRIN2A	M932V	0	1	Dec 03, 2025	1652646
KIF20A	K827Q	0	1	Jan 25, 2026	1531457
MBD5	P71S	0	1	Aug 24, 2023	1531580
MBD5	Q638R	0	1	Feb 02, 2022	1531615
CYP21A2	R355C	1	1	Mar 10, 2021	1675313
ATAD3A	I7V	0	2	Jan 22, 2026	1675332
ALKBH8	E257Q	0	1	Mar 01, 2022	1675472
KIDINS220	R709H	0	2	Jul 02, 2024	1675765
SCN1A	F1478Y	1	1	Mar 01, 2022	1675807
COL4A5	G409V	1	2	Sep 10, 2024	1676179
KRAS	G77C	1	1	Mar 18, 2022	1676497
IRF2BPL	K641T	1	1	Feb 01, 2022	1676565
DPYD	V427A	0	1	Mar 21, 2022	1677165
SLC16A2	Y476C	1	1	Jun 23, 2021	1677892
EPHB4	K137M	1	1	Mar 03, 2022	1678623
CREBBP	A2243V	0	2	Jul 06, 2024	1678755
ADNP	R532Q	0	1	Oct 14, 2019	1678777
CREBBP	E1278Q	1	1	Aug 01, 2021	1679239
ANKRD11	L2515P	1	1	Aug 01, 2021	1679246
CAMTA1	S1473N	1	1	Aug 01, 2021	1679264
UBAP1	Q422R	1	1	Aug 01, 2021	1679276
COL11A1	R918G	1	1	Aug 01, 2021	1679311
ANKRD11	K1992Q	1	1	Aug 01, 2021	1679338
CREBBP	D1435E	1	1	Aug 01, 2021	1679399
ATAD3A	R528Q	1	2	Apr 01, 2025	1679823
DYNC2I2	L475F	0	1	Sep 13, 2025	1681175
DYNC2I2	P7S	0	2	Jan 26, 2026	1681273
ODAD2	Q487L	0	2	Jan 22, 2026	1681377
INPP5E	R585C	1	2	Jul 15, 2025	1683370
SOX2	G76D	1	1	May 03, 2022	1683930
RAI1	R960Q	0	2	Jan 05, 2026	1684126
SLC12A3	M1V	1	1	Apr 27, 2022	1684155
SLC12A3	T24I	1	1	Apr 27, 2022	1684159
SLC12A3	L888P	1	2	Jun 16, 2026	1684179
USP45	N778S	0	1	Dec 05, 2021	1684198
USP45	R521T	0	1	Dec 05, 2021	1684200
USP45	K67E	0	1	Dec 05, 2021	1684203
VMA21	G7R	0	2	Dec 05, 2021	1684210
THBD	P508L	0	1	Jan 08, 2025	1684336
GJA8	P88L	1	2	Feb 18, 2025	1684590
GJA8	P88Q	1	2	Jan 21, 2023	1684591
EDNRA	S420T	0	1	May 04, 2022	1685008
ABCD1	D629V	1	1	May 04, 2022	1685231
ALDH7A1	P371S	1	2	Feb 25, 2024	1685238
ANKRD11	S2589P	1	1	May 04, 2022	1685240
ASL	I100N	1	2	Jul 28, 2025	1685244
ATL1	T156P	1	2	Apr 27, 2023	1685247
CFTR	N1303Y	1	1	May 04, 2022	1685264
IKBKB	S675G	0	1	May 04, 2022	1685284
GRIN2A	M1I	1	1	May 04, 2022	1685337
LPL	G436R	1	1	May 04, 2022	1685369
MEF2C	L35P	1	2	Nov 29, 2022	1685375
NKX2-1	W238S	1	1	May 04, 2022	1685383
NSD1	H2162Q	1	1	May 04, 2022	1685385
PCDH19	D596G	1	2	Jul 30, 2022	1685394
RAC1	S71F	1	2	Feb 21, 2023	1685419
SCN1A	V983G	1	2	Dec 20, 2023	1685431
SCN1A	L108Q	1	1	May 04, 2022	1685434
SLC16A2	P463L	1	1	May 04, 2022	1685440
SOD1	I150N	1	1	May 04, 2022	1685450
TWIST1	Q122R	1	1	May 04, 2022	1685469
ZNF148	H245R	1	1	May 04, 2022	1685478
AAAS	S296Y	1	1	May 04, 2022	1685480
ALDH7A1	P170L	1	1	May 04, 2022	1685518
BCKDHA	D152N	1	2	Sep 12, 2025	1685566
BMP15	R138H	1	1	May 04, 2022	1685573
BMP15	R206H	1	1	May 04, 2022	1685574
BMP15	W221R	1	1	May 04, 2022	1685575
BMP15	I243V	1	1	May 04, 2022	1685576
BRAF	W531R	1	2	Jun 17, 2025	1685577
CFTR	G178R	1	1	May 04, 2022	1685614
MBD5	S709R	0	1	May 04, 2022	1685634
COL4A5	G380C	1	1	May 04, 2022	1685655
COL4A5	G606E	1	1	May 04, 2022	1685656
COQ4	D68N	1	1	May 04, 2022	1685665
CREBBP	C1723W	1	2	Jan 31, 2025	1685673
CSF1R	T833K	1	1	May 04, 2022	1685676
DCX	R89Q	1	1	May 04, 2022	1685689
EP300	F1595I	1	1	May 04, 2022	1685771
GABRA2	A332V	1	2	Jul 12, 2023	1685836
GABRG2	T310S	1	1	May 04, 2022	1685837
HNRNPU	L38I	1	1	May 04, 2022	1685884
KDM5C	G333R	1	1	May 04, 2022	1685904
LPL	D231N	1	1	May 04, 2022	1685930
LPL	M328I	1	2	Apr 17, 2023	1685932
MEF2C	R15P	1	2	Dec 12, 2024	1685944
NDUFB11	S139F	0	1	May 04, 2022	1685961
NKAP	M321V	1	1	May 04, 2022	1685984
NSD1	T2114R	0	1	May 04, 2022	1685987
PCDH19	T165P	1	1	May 04, 2022	1686013
PEX11B	M1V	1	2	May 07, 2024	1686020
PRKRA	C213F	1	2	Feb 23, 2023	1686097
PURA	R171P	1	1	May 04, 2022	1686115
SCN1A	W1726S	1	1	May 04, 2022	1686140
SCN1A	A1669T	1	2	May 04, 2022	1686141
SCN1A	G1371D	1	2	Nov 27, 2023	1686144
SCN1A	T1317R	1	1	May 04, 2022	1686145
SCN1A	L984P	1	1	May 04, 2022	1686147
SCN1A	C927R	1	2	Dec 03, 2024	1686149
SCN1A	S340Y	1	1	May 04, 2022	1686156
SCN1A	A239D	1	1	May 04, 2022	1686158
SMARCA4	G719D	1	1	May 04, 2022	1686217
STAT1	F172L	1	1	May 04, 2022	1686231
TNNI3	S44A	1	1	May 04, 2022	1686263
CAMK2B	I546L	0	1	May 04, 2022	1686398
EP300	N1126S	0	2	Jul 28, 2025	1686726
RAI1	P496L	0	2	Jan 28, 2026	1686774
EFL1	F505S	1	1	Jan 10, 2025	1686815
EFL1	H30R	1	1	Jan 10, 2025	1686819
SEC23A	E599K	1	1	Feb 23, 2023	1686940
DCX	T183I	1	1	May 22, 2022	1687178
SLC26A4	I529T	1	1	May 22, 2022	1687453
ATL1	H247P	1	1	May 24, 2022	1687638
KDM5C	V504M	1	2	Jun 09, 2025	1687694
VMA21	E17D	0	2	Sep 01, 2021	1690444
EP300	T891P	0	2	Feb 08, 2025	1690512
NDUFAF8	M1L	1	2	Mar 30, 2022	1690644
EP300	P882R	0	2	Jul 30, 2025	1691054
CAMTA1	E135K	1	2	Jun 20, 2024	1691186
EPHB4	G514D	1	1	Dec 20, 2021	1691321
GNAQ	G48V	1	2	Aug 30, 2023	1691370
BCKDHB	A331T	1	2	May 13, 2025	1691427
SMARCA4	R842Q	1	1	May 16, 2022	1691499
ADA2	L183P	1	1	Jun 18, 2024	1691821
KDM6A	V1228I	1	1	May 13, 2022	1691857
TWIST1	L149F	1	1	Jun 09, 2022	1693014
PITX2	F99S	1	1	Jun 23, 2022	1693131
PITX2	V136F	1	1	Jun 23, 2022	1693132
PITX2	W139C	1	1	Jun 23, 2022	1693133
PITX2	F140L	1	1	Jun 23, 2022	1693134
PITX2	R143P	1	1	Jun 23, 2022	1693135
GRIN2A	I654S	1	1	Jan 23, 2023	1693388
PAX9	G64V	1	1	May 16, 2022	1693562
PMM2	L243P	1	2	Apr 08, 2024	1693586
PMM2	G186R	1	2	Sep 24, 2025	1693595
CAMTA1	P1355S	0	2	May 08, 2023	1694487
NCDN	T713M	0	1	Apr 01, 2022	1694508
IKZF5	M371T	0	1	Jun 01, 2022	1694573
IRF2BPL	N241H	0	2	Apr 01, 2026	1694722
SETD1A	R115C	0	1	Jul 01, 2023	1694793
CNOT3	A426V	0	2	Feb 01, 2026	1694941
MBD5	P1057S	0	1	May 01, 2026	1694969
SCN1A	I1576T	1	1	Apr 01, 2024	1694977
SCN1A	C1376S	1	1	Jul 01, 2022	1694978
COL6A2	G352D	1	1	Apr 01, 2022	1695033
TNRC6B	A409S	0	1	Jun 01, 2022	1695047
KRAS	A18V	1	1	-	1695421
ALG1	G44V	1	1	-	1695426
SCN1A	G908S	0	3	Jun 23, 2026	1695472
RIT1	K23E	1	1	-	1695891
TMCO1	G24R	1	1	-	1696843
ANKRD11	K248N	1	1	May 13, 2022	1697226
SCN1A	A1440T	1	1	Jul 18, 2022	1697316
POT1	K85N	1	2	May 06, 2025	1697437
MANBA	H177R	0	2	Jan 19, 2026	1698542
SMARCA4	N916S	1	1	May 01, 2022	1698715
ANKRD11	E2562K	1	2	Jun 29, 2026	1698742
SMARCA4	L476R	1	1	Sep 03, 2021	1698826
EPHB4	G807E	1	1	Jun 03, 2021	1698833
ANKRD11	R2452P	1	1	Feb 23, 2022	1698849
NSD1	C2070R	1	1	Jan 17, 2022	1698888
EYA1	W327R	1	1	Jun 10, 2021	1698897
KRT1	E478G	1	1	Feb 02, 2022	1698955
CHRDL1	C291Y	1	1	Feb 02, 2022	1698959
STAG1	Q619H	0	1	Feb 02, 2022	1699065
GPC3	A232D	1	1	Oct 10, 2024	1699090
KDM5C	R750W	1	2	Dec 28, 2023	1699148
CHD3	W630R	1	1	Sep 02, 2022	1699187
ANKRD11	C1845F	0	1	Jul 17, 2023	1699225
AVP	C116Y	1	1	Feb 02, 2022	1699275
NSD1	N1913S	1	1	Feb 02, 2022	1699374
ANKRD11	P2494R	1	1	Feb 02, 2022	1699505
EYA1	D351Y	1	1	Jan 28, 2022	1699634
KDM6A	G100S	1	1	Jan 04, 2024	1699772
ENPP1	W190C	1	1	May 20, 2026	1699958
ENPP1	G266R	1	1	May 20, 2026	1699960
COL4A5	G438R	1	1	Jun 09, 2022	1700014
EPHB4	F671L	1	1	-	1700049
ATL1	E340K	1	1	-	1700068
ATL1	P344H	1	1	-	1700069
EP300	C1683R	1	1	-	1700088
KMT2E	E441K	1	1	-	1700163
SOX2	Y110S	1	1	-	1700169
NSD1	C1920R	1	1	-	1700226
SCN1A	D936H	1	1	Aug 15, 2022	1700647
KMT2E	R598G	1	1	Aug 15, 2022	1700657
RTEL1	D231Y	1	1	-	1700686
SELENON	M1K	1	2	Apr 30, 2021	1701096
SELENON	G239R	1	2	Jan 13, 2025	1701097
CREBBP	N1813K	1	1	Jul 01, 2022	1701277
CHD3	S1522G	0	1	Nov 01, 2025	1701308
TAOK1	D207N	1	1	Jul 01, 2022	1701315
SCN1A	T782I	1	2	Apr 01, 2021	1701394
D2HGDH	S109W	1	2	Dec 04, 2024	1701413
HTR1A	K334Q	0	1	Jul 01, 2022	1701478
IRF2BPL	P479L	1	2	Mar 26, 2024	1701617
PCDH19	T588P	1	1	Aug 26, 2021	1701751
COL3A1	G708S	1	1	Jan 01, 2020	1702196
COL3A1	G939R	1	1	Dec 01, 2019	1702197
COL3A1	G324V	1	1	Dec 01, 2019	1702202
TFE3	R117W	1	1	Oct 29, 2025	1702666
NAA15	L73F	1	1	May 25, 2022	1703067
CREBBP	Q1853P	1	2	Jan 20, 2023	1703236
COL3A1	G834S	1	1	Aug 23, 2022	1703442
MUTYH	H57D	1	1	Feb 18, 2021	1703759
STIM1	Q188R	1	1	-	1703798
GATA1	H289Y	1	2	Jan 22, 2023	1703852
IKZF5	Y121F	1	1	Jun 30, 2023	1703863
GJA8	V44M	1	2	Feb 18, 2025	1704073
ABCD1	S98W	1	1	Jul 12, 2022	1704409
EP300	Q2408R	1	1	Aug 27, 2023	1704693
SLC6A19	D517G	1	2	Apr 16, 2024	1705051
COL4A5	G171C	1	2	Apr 08, 2025	1705311
SLC26A4	G116S	1	2	Jan 27, 2024	1705440
CYP21A2	S114F	1	2	Jul 01, 2023	1705450
SCN1A	F1765S	1	2	May 17, 2024	1705492
TBK1	D118N	1	1	Sep 01, 2022	1705557
NDUFV1	G388D	1	1	Sep 01, 2022	1705562
SCN1A	F1473S	1	1	Oct 31, 2018	1705826
SCN1A	C949F	1	1	Oct 31, 2018	1705828
SCN1A	H1393P	1	1	Jan 01, 2019	1705829
ALDH7A1	G494R	1	1	Jan 01, 2023	1705833
PCDH19	V384G	1	1	Jan 01, 2024	1705840
F13A1	L276F	1	1	May 16, 2021	1705953
CFTR	I506N	1	1	Sep 05, 2022	1705989
CFTR	D579H	1	1	Sep 05, 2022	1705994
CFTR	W1098L	1	1	Sep 05, 2022	1706003
CFTR	D1270V	1	1	Dec 16, 2022	1706020
CFTR	Y563C	1	2	Sep 05, 2022	1706063
CFTR	L69R	1	1	Sep 05, 2022	1706067
CFTR	A107G	1	1	Sep 05, 2022	1706074
SCN1A	R1874P	1	1	May 09, 2023	1706132
CREBBP	C1838Y	1	1	Mar 04, 2022	1706219
CREBBP	R1786G	1	1	Sep 16, 2022	1706589
GABRG2	K328N	1	1	Mar 23, 2022	1706879
MYO9A	S1971L	0	1	May 04, 2021	1707289
SCN1A	V1464L	0	1	Sep 21, 2022	1707542
CAMK2B	T254S	0	1	May 10, 2022	1708109
NSD1	G1953V	1	1	Apr 13, 2022	1708152
CHN1	G215R	1	1	Oct 04, 2022	1708248
INPP5K	S309G	1	1	Oct 04, 2022	1708252
NAA15	E517Q	1	1	Oct 04, 2022	1708255
TAB2	P183L	1	1	Oct 04, 2022	1708259
NSD1	G1717S	1	1	Sep 27, 2022	1708478
CHD3	R1759Q	1	1	Jun 03, 2024	1708782
COL3A1	G1068D	1	1	Oct 22, 2021	1708960
CREBBP	P2005S	0	1	Dec 27, 2021	1709029
L2HGDH	Y123C	1	2	Jan 21, 2026	1709367
SCN1A	M960K	1	1	Jun 20, 2022	1709500
PURA	R72P	1	1	May 23, 2022	1709514
CHD3	Q992R	1	2	Nov 10, 2023	1709558
PURA	K87E	1	1	Oct 13, 2021	1709637
SOD1	N66S	1	2	Sep 01, 2024	1709733
DCX	G100R	1	1	Aug 24, 2021	1709795
KDM6A	G137C	1	1	Jul 05, 2021	1709839
SCN1A	I1498T	1	1	Aug 03, 2021	1709925
DNA2	L48P	1	1	Sep 22, 2022	1710082
KDM5C	D402N	1	1	Jan 13, 2023	1710153
ADAMTSL2	G168S	1	1	Oct 11, 2022	1710160
ADAMTSL2	G267V	1	1	Oct 11, 2022	1710163
ADAMTSL2	R166C	1	1	Oct 11, 2022	1710164
SCN1A	W952L	1	1	Sep 30, 2024	1710254
PCDH19	M106K	1	1	Jun 01, 2022	1710288
PCDH19	N270K	1	2	Jan 06, 2025	1710290
PCDH19	E199Q	1	1	Jun 01, 2022	1710291
PCDH19	E360K	1	2	Jun 01, 2022	1710292
GJA8	P59S	1	1	Oct 15, 2022	1710337
SOX2	S52P	1	1	Oct 15, 2022	1710347
TFE3	P186S	1	1	Aug 18, 2022	1710361
ATAD3A	M1K	1	1	Sep 27, 2025	1710696
ALKBH8	H474N	0	1	Mar 01, 2026	1711325
SETD1A	P596L	0	1	Sep 01, 2025	1711405
KLF11	S310F	0	1	Sep 01, 2022	1711491
COL3A1	G963S	1	1	Aug 01, 2022	1711521
SOD1	V149I	1	2	Feb 14, 2023	1711542
EP300	H1434L	1	1	Sep 01, 2022	1711553
STAG1	E1163G	1	1	Sep 01, 2022	1711580
PPP2R2B	I50M	0	1	Apr 01, 2024	1711615
NSD1	N1149T	0	2	Sep 01, 2022	1711618
KDM6A	C1233R	1	1	Aug 01, 2022	1711708
TFE3	N185S	1	1	Nov 01, 2022	1711709
COL4A5	G588S	1	2	Jan 01, 2026	1711716
TMCO1	G24S	1	1	Oct 24, 2022	1711875
SLC26A4	V659A	1	1	Dec 10, 2025	1712678
CNOT3	R81S	1	2	Oct 24, 2022	1713134
KDM5C	S896C	0	1	Nov 11, 2024	1714582
PURA	G42S	0	1	Mar 18, 2024	1716052
GRIN2A	H358N	0	1	Nov 15, 2022	1719657
TPM1	E181Q	1	1	Oct 30, 2023	1721605
PURA	G31S	0	1	Jul 07, 2023	1715577
RAI1	D49Y	0	1	Jan 02, 2024	1715809
GRIN2A	I755V	0	1	Jul 15, 2024	1720773
SCN1A	F811L	1	1	Apr 24, 2023	1716779
ABCD1	W601S	1	2	Sep 20, 2024	1718168
CAMK2B	S436P	0	1	Feb 06, 2023	1718329
CAMK2B	P518R	0	2	Nov 27, 2023	1718330
BCAP31	C23R	1	1	Sep 20, 2023	1718471
SCN1A	F412V	1	1	Nov 14, 2022	1721755
CAMK2B	V352A	0	1	Jan 29, 2024	1721869
KMT2E	D1110H	0	1	Oct 03, 2023	1722004
NPHS1	C863R	1	1	Sep 04, 2022	1722406
NOTCH1	N1875S	1	1	Apr 28, 2022	1723042
COL4A5	G1208R	1	1	Nov 10, 2022	1723183
PURA	A14V	0	1	Apr 21, 2023	1723468
KDM6A	I1178V	0	1	Feb 06, 2024	1723605
DYRK1A	T478I	1	1	Jul 25, 2025	1723731
TPM1	D219V	1	1	Nov 02, 2022	1727219
RAC1	A159T	1	1	Nov 01, 2022	1727258
RAC1	E62K	1	1	Nov 01, 2022	1727259
NSD1	S1027A	0	1	Sep 17, 2019	1727341
CTRC	H108Y	0	1	Aug 26, 2021	1729169
EPHB4	K108R	0	1	Dec 23, 2021	1729272
COL3A1	G1125D	1	1	Sep 28, 2022	1730760
HNRNPU	G119S	0	1	Sep 27, 2017	1732689
ANKRD11	E1294Q	0	2	Jun 12, 2026	1735814
SMARCA4	R1412L	0	1	Sep 18, 2025	1738938
CREBBP	V1414I	0	2	Dec 07, 2024	1738999
NSD1	D1419E	0	2	Nov 13, 2025	1739131
BUB1	A1068T	0	1	Nov 22, 2021	1728840
POT1	A112T	0	1	Sep 30, 2024	1730506
POT1	A135T	0	1	May 27, 2022	1737275
ANKRD11	G1390C	0	1	Jun 02, 2020	1738389
SMARCB1	P14H	1	2	May 21, 2026	1738639
EPHB4	R105H	0	1	Aug 22, 2022	1728174
EPHB4	S106F	0	1	Jul 05, 2022	1728516
PALLD	R1122Q	0	1	Sep 05, 2022	1730121
MUTYH	R87K	0	1	Sep 09, 2025	1731549
MUTYH	G353V	0	1	Sep 09, 2025	1731695
MUTYH	D94H	0	1	Sep 09, 2025	1733599
SCN1A	D1443H	1	1	Feb 20, 2018	1739737
SCN2B	Q145R	0	1	Jul 17, 2024	1739906
RAI1	C1516S	0	2	Aug 09, 2025	1741391
ANKRD11	I1042V	0	1	Mar 30, 2020	1727881
ADNP	I105L	0	1	Jan 29, 2018	1728056
MBD5	R1614S	0	1	Mar 17, 2021	1738185
SCN1A	F1385C	1	1	Jan 10, 2018	1738288
PHOX2B	Q143R	1	1	Feb 24, 2020	1739403
PALLD	T156M	0	2	Apr 11, 2024	1742382
EPHB4	R397C	0	1	Sep 26, 2022	1744277
ANKRD11	D1822N	0	2	Oct 23, 2024	1747685
MUTYH	H172Y	0	1	Sep 15, 2025	1750885
APOA5	V41M	0	1	Nov 05, 2021	1752791
COL3A1	G396S	1	2	May 27, 2022	1743597
POT1	D396H	0	1	Jan 31, 2025	1743608
EPHB4	T163M	0	1	Aug 27, 2022	1743847
SERPING1	L396R	1	1	Feb 02, 2015	1743852
LMF1	R17K	0	1	Nov 02, 2021	1745343
TMEM43	M179I	0	1	Feb 01, 2019	1747155
BUB1	S402R	0	1	Jun 30, 2021	1748801
EPHB4	A198T	0	2	Apr 22, 2025	1750553
ANKRD11	S2071L	0	2	Oct 22, 2024	1752229
BUB1	E218G	0	1	Oct 08, 2021	1754093
SMARCA4	A152T	0	1	Jul 10, 2024	1741431
MUTYH	M125L	0	1	Sep 09, 2025	1741612
MUTYH	D133G	0	1	Sep 10, 2025	1743406
LAMA4	P1781S	0	1	Nov 05, 2024	1746833
APOA5	R204H	0	1	Dec 16, 2021	1751725
SERPING1	D408G	1	2	Apr 25, 2024	1753560
ANKRD11	P2162S	0	2	May 12, 2026	1753779
SMARCA4	I1551V	0	1	Oct 29, 2024	1742802
RAI1	P1593S	0	2	Oct 23, 2024	1743004
PALLD	M17V	0	1	Sep 22, 2021	1744657
EPHB4	R213Q	0	1	Sep 05, 2022	1753227
CREBBP	Q2203E	0	1	Jan 29, 2018	1754441
PCDH19	T221S	0	2	Aug 21, 2022	1754507
CTRC	R241L	0	1	Jul 19, 2021	1757813
EPHB4	S280P	0	1	Aug 07, 2022	1763190
POT1	I423N	0	1	Jul 30, 2025	1764658
RINT1	S295P	0	1	Mar 29, 2024	1764850
ADNP	I309V	0	1	Aug 13, 2020	1766354
BUB1	V229A	0	1	Jun 21, 2021	1755887
MUTYH	G222V	1	1	Aug 15, 2025	1759197
PALLD	S263N	0	1	Feb 05, 2022	1761042
MUTYH	H12Q	0	1	Sep 16, 2025	1761112
EPHB4	V306I	0	1	Apr 21, 2022	1766039
GABRG2	S306Y	1	1	Nov 12, 2018	1766063
BUB1B	H321Y	0	1	Aug 10, 2022	1767591
CREBBP	N321S	0	2	May 01, 2025	1767605
CREBBP	A2265V	0	2	Jan 23, 2026	1755464
NOTCH1	I258V	0	1	Feb 08, 2022	1760339
MUTYH	H12L	0	1	Sep 16, 2025	1760677
LPL	Q30R	0	1	Aug 29, 2022	1765395
EPHB4	V301I	0	1	Jan 11, 2022	1765501
ABCD1	N318I	1	1	Apr 17, 2017	1767303
NSD1	T2241I	0	2	May 11, 2023	1755095
NOTCH1	P2334S	0	2	Jul 25, 2025	1756643
PHOX2B	E235Q	0	1	Jul 04, 2025	1756833
MUTYH	S227I	0	1	Sep 16, 2025	1759975
BUB1B	N268S	0	1	Apr 08, 2022	1761755
DYRK1A	I274S	1	1	Oct 02, 2017	1763578
CDK4	H296Q	0	1	Dec 27, 2019	1765001
CDK4	K297E	0	1	Sep 29, 2025	1765015
BUB1	A313T	0	1	Dec 16, 2025	1766741
EPHB4	N426S	0	1	Jun 14, 2022	1766793
EPHB4	P315T	0	1	Nov 02, 2021	1766960
COL3A1	L427Q	0	1	Jun 04, 2020	1767892
MUTYH	S298R	0	1	Sep 09, 2025	1768125
ABCD1	R431H	0	2	Mar 14, 2025	1769139
EPHB4	A453T	0	1	Oct 17, 2022	1770729
EPHB4	A453V	0	1	Oct 17, 2022	1770739
MUTYH	A445V	0	1	Sep 09, 2025	1772176
POT1	R477K	0	1	Feb 15, 2022	1772497
LMF1	D478Y	0	1	Apr 10, 2025	1772538
MUTYH	Q473K	0	1	Sep 09, 2025	1774026
CTRC	D53N	0	1	Dec 11, 2021	1775661
MUTYH	F504S	0	1	Sep 09, 2025	1776004
CREBBP	S584P	0	2	Apr 22, 2025	1779395
EPHB4	T443M	0	1	Mar 09, 2022	1770051
CTSF	V444I	0	1	Mar 14, 2018	1770138
TTR	A45S	1	1	Dec 05, 2019	1770339
EPHB4	V5M	0	2	Jun 12, 2025	1771766
MUTYH	T439N	0	1	Sep 09, 2025	1771785
MUTYH	T439I	0	1	Sep 09, 2025	1771791
RINT1	T35A	0	1	Jul 02, 2020	1773622
EPHB4	R495Q	0	2	Jul 14, 2025	1773638
CTRC	D35N	0	1	Mar 29, 2022	1773718
SERPING1	P498L	1	2	Jul 01, 2026	1773829
RAD21	L522V	0	2	Feb 01, 2026	1775332
MUTYH	G497C	0	1	Sep 09, 2025	1775546
EPHB4	V547M	0	1	Aug 22, 2021	1776991
EPHB4	V549M	0	1	Dec 29, 2021	1777144
RAD21	I579V	0	1	Aug 16, 2021	1779051
DYRK1A	R44H	0	1	Aug 30, 2019	1769870
RAI1	R44Q	0	2	Jan 01, 2026	1769871
EPHB4	R441W	0	1	Mar 03, 2022	1769916
SCN1A	G343R	1	1	Feb 15, 2019	1769972
MUTYH	G434W	0	1	Sep 09, 2025	1771364
MUTYH	Q435R	0	1	Sep 09, 2025	1771450
BUB1B	T464A	0	1	Nov 30, 2021	1771537
MUTYH	V458I	0	1	Sep 09, 2025	1773063
MUTYH	M462I	0	1	Sep 09, 2025	1773353
EPHB4	A492T	0	1	Sep 16, 2021	1773441
ABCD1	L516P	1	2	Oct 10, 2022	1774964
ADNP	R518H	0	1	Jan 25, 2019	1775104
EPHB4	T544M	0	2	Jan 01, 2024	1776838
TNNI3	S6G	0	1	Apr 09, 2022	1778323
ABCD1	Q567R	0	1	Sep 10, 2021	1778341
POT1	I595V	0	1	May 01, 2025	1780042
PALLD	R596M	0	1	Jun 19, 2021	1780115
PALLD	S629G	0	1	Jun 26, 2021	1781960
BUB1	V629I	0	1	Jun 01, 2022	1781973
POT1	A435G	0	1	Aug 19, 2024	1769475
COL3A1	G435D	1	2	Feb 24, 2021	1769481
ANKRD11	S437G	0	1	Apr 26, 2018	1769590
LPL	P459S	0	1	Aug 02, 2021	1771137
RAD21	G481R	0	1	Aug 05, 2020	1772709
SLC16A2	R408W	0	2	Mar 28, 2022	1772771
MUTYH	H454Y	0	1	Sep 09, 2025	1772772
BUB1	V508A	0	1	Jun 23, 2021	1774482
POT1	V536L	0	1	Oct 19, 2024	1776296
MYH11	V59I	0	1	Oct 29, 2018	1779554
ADNP	P591S	0	2	Dec 21, 2023	1779804
COL3A1	G618E	1	2	May 12, 2022	1781376
TRPM4	S587A	0	1	Jun 07, 2019	1779539
EPHB4	R656Q	0	1	Nov 05, 2021	1783545
MUTYH	A41S	0	1	Sep 09, 2025	1785210
BUB1	W722R	0	1	Aug 08, 2022	1786966
LMF1	V362M	0	1	Jun 02, 2022	1787306
TRPM4	R755C	0	1	Aug 06, 2024	1788664
COL3A1	G762C	1	1	Oct 12, 2022	1788993
CFTR	A763G	0	1	Oct 04, 2022	1789041
EPHB4	P366A	0	1	Apr 03, 2022	1790683
EPHB4	R80Q	0	1	May 24, 2022	1790688
PALLD	E8D	0	1	Mar 08, 2022	1792231
MBD5	N877S	0	1	Apr 27, 2018	1794047
POT1	V633L	0	1	Feb 19, 2020	1782187
EPHB4	K635N	0	1	Dec 13, 2021	1782379
LAMA4	S656N	0	1	Mar 23, 2024	1783134
MUTYH	L40R	0	1	Sep 09, 2025	1784886
SMARCA4	E686D	0	1	Feb 04, 2025	1785167
ADNP	R717C	0	2	Nov 05, 2025	1786690
PALLD	L75F	0	1	Sep 20, 2021	1788250
MUTYH	S335R	0	1	Sep 09, 2025	1788404
EPHB4	V753I	0	2	May 05, 2025	1788539
MIB1	N784S	0	1	Aug 05, 2021	1790011
BUB1	V787I	0	1	Jan 31, 2022	1790115
BUB1	I369V	0	1	Sep 18, 2022	1793531
BUB1	E867D	0	1	Aug 23, 2021	1793686
BUB1	M670V	0	1	Jan 06, 2022	1784352
COL3A1	G708D	1	2	Nov 01, 2025	1786274
COL3A1	G738R	1	1	Apr 27, 2023	1787788
RPS26	C74Y	1	1	Nov 01, 2018	1787909
COL3A1	G744C	1	2	Apr 21, 2025	1788109
BUB1	K745E	0	1	Oct 01, 2021	1788151
ERCC2	E745Q	0	1	May 12, 2022	1788157
BUB1B	D818E	0	1	Sep 01, 2021	1791535
BUB1	Y903H	0	1	Oct 14, 2021	1795004
COL3A1	G906D	1	1	Aug 25, 2021	1795121
BUB1	S667P	0	1	Feb 07, 2022	1784118
COL3A1	G360D	1	2	Jul 09, 2024	1785779
TRPM4	P700T	0	2	Jan 19, 2026	1785822
SMARCE1	S362C	0	1	Jan 03, 2024	1787444
BUB1	L8F	0	1	Jun 09, 2022	1789259
PALLD	P787S	0	1	Jul 23, 2021	1789384
BUB1	L809V	0	1	Feb 22, 2022	1791076
PALLD	H81R	0	1	Jul 31, 2021	1791135
EPHB4	R889Q	0	1	Jan 10, 2022	1794499
PALLD	H89Q	0	1	Nov 06, 2021	1794651
BUB1	D934G	0	1	Oct 10, 2022	1796225
APOA5	R94Q	0	1	Aug 02, 2021	1796430
ADNP	K930E	0	2	Nov 13, 2025	1796000
MUTYH	G70E	0	1	Apr 10, 2022	1797902
EPHB4	P983R	0	2	Oct 17, 2025	1797989
PHOX2B	R99W	1	1	Feb 01, 2018	1798154
TTR	S97F	1	1	Apr 30, 2021	1797565
ADNP	S974R	0	2	Feb 24, 2025	1797728
COL3A1	G975A	1	1	Sep 02, 2022	1797742
LMF1	V373I	0	2	Aug 09, 2025	1796601
CTRC	M1T	1	1	Feb 10, 2022	1798675
RPS26	M1T	1	2	Aug 31, 2024	1798678
NSD1	D1001N	0	2	Sep 23, 2024	1798706
POU3F4	N328S	1	1	Nov 10, 2022	1799531
SLC26A4	H36P	1	1	Nov 10, 2022	1799535
SLC26A4	P70S	1	1	Nov 10, 2022	1799536
TTR	L78V	1	1	Jan 31, 2025	1799566
ODAD2	P769H	0	2	Sep 30, 2025	1799653
ODAD1	R538H	0	1	Jun 14, 2022	1799707
ODAD1	R95H	0	1	Dec 24, 2021	1799760
ODAD2	R244H	0	1	Mar 03, 2022	1800006
ABCD1	G343V	1	2	Mar 12, 2026	1800630
DYRK1A	L285I	1	1	Nov 12, 2024	1800638
FGF10	A125D	1	1	Oct 06, 2020	1801340
CHD3	P99Q	1	1	Oct 09, 2020	1801342
KLKB1	I230N	1	1	-	1801471
SCN1A	E1216Q	1	1	Nov 20, 2022	1801478
SCN1A	G355D	1	1	Nov 20, 2022	1801479
SCN1A	P1855H	1	1	Nov 20, 2022	1801481
NKX2-1	R209P	1	2	Dec 05, 2022	1801521
SMARCA4	E1023G	1	1	Nov 29, 2022	1802555
DNM1	P682R	1	1	Nov 29, 2022	1802580
HSD17B10	P210A	1	1	-	1802990
STAT1	F404V	1	1	Dec 07, 2022	1803006
DNM1	M648T	1	1	Feb 03, 2022	1803020
DNM1	D211V	1	2	May 08, 2025	1803022
HCN1	L265H	1	1	Feb 03, 2022	1803035
HCN1	N179Y	1	1	Feb 03, 2022	1803037
HNRNPU	K21E	1	1	Feb 03, 2022	1803039
IQSEC2	N765K	1	1	Feb 03, 2022	1803040
MBD5	A586T	1	1	Feb 03, 2022	1803048
PURA	D76V	1	1	Feb 03, 2022	1803053
SCN1A	C336R	1	1	Feb 03, 2022	1803054
SCN1A	G891R	1	1	Feb 03, 2022	1803056
STS	G370C	1	1	Jul 26, 2021	1803158
CHD3	N1348T	1	1	Jul 20, 2020	1803178
MPZL2	M1I	1	1	Dec 13, 2022	1803695
SLC26A4	L195P	1	1	Dec 19, 2022	1803929
COL4A5	G1003V	1	1	Mar 14, 2022	1803952
GAD1	R457H	1	1	Apr 26, 2022	1803976
ABCD1	P525L	1	1	Jul 25, 2022	1803989
KRAS	K147M	1	1	Feb 12, 2021	1803998
MAPK1	Y316H	1	1	Nov 24, 2021	1804005
NDUFB11	S96P	1	1	Jan 16, 2018	1804013
COL4A5	G273R	1	1	Aug 01, 2022	1804104
COL4A5	G307R	1	1	Mar 21, 2022	1804105
COL4A5	G319V	1	1	Mar 15, 2022	1804106
SCN1A	I1593N	1	1	Nov 10, 2022	1804118
SLC26A4	A411T	1	2	Oct 14, 2024	1804681
PMM2	I120M	1	1	Oct 09, 2024	1804910
ANKRD11	E2116K	0	1	May 06, 2021	1804922
SLC26A4	G222S	1	1	Jun 24, 2022	1805109
DCX	V101G	1	1	Feb 02, 2022	1805112
SMARCB1	P290S	0	1	Dec 21, 2023	1805132
NDP	L103V	1	1	Mar 31, 2022	1805158
SLC16A2	P464T	1	1	Jul 17, 2023	1805190
NCDN	P216S	0	1	Mar 31, 2022	1805253
ANKRD11	V807A	0	1	Apr 09, 2025	1805306
INPP5E	Y588H	1	1	Oct 10, 2024	1805381
ANO10	M1V	1	1	Mar 31, 2022	1805383
ADNP	C667F	1	1	Mar 31, 2022	1805403
COL4A5	G702R	1	2	Dec 01, 2022	1805490
COL4A5	G1258V	1	1	Sep 18, 2025	1805492
CYP1B1	S239R	1	1	Jun 11, 2020	1805500
CREBBP	A364P	0	1	Jun 11, 2020	1805543
COX15	F280S	1	1	May 06, 2021	1805607
CAMTA1	A954T	0	1	Sep 02, 2022	1805769
TAOK1	E76A	1	1	May 06, 2021	1805844
CNOT3	M704T	1	1	May 06, 2021	1805873
PURA	F73V	1	1	Jul 16, 2023	1805900
SCN1A	E1623Q	1	1	Sep 02, 2022	1805921
EPHB4	R785Q	1	2	Jul 17, 2023	1805925
DPF2	C356S	1	1	Sep 02, 2022	1805984
COL4A5	G542V	1	1	Oct 19, 2020	1806082
ANKRD11	R1497W	0	1	Jun 24, 2022	1806101
ANKRD11	C209Y	1	1	Feb 02, 2022	1806108
COL4A5	G1394R	1	1	Dec 19, 2024	1806169
KMT2E	G1585E	0	2	Sep 17, 2025	1806179
CHD3	R1888Q	1	1	Jun 11, 2020	1806323
ABCD1	G510S	1	2	Jan 30, 2025	1806364
TWIST1	G67A	0	1	May 06, 2021	1806381
ATL1	S153T	1	1	May 06, 2021	1806383
TUBB4B	P259L	1	1	Jul 30, 2025	1806624
PURA	S127R	0	1	Nov 14, 2023	1806705
SCN1A	S1768N	1	2	Oct 11, 2025	1806814
CYP21A2	R133C	1	1	Nov 18, 2022	1807426
SMARCA4	E821D	1	1	Jul 27, 2021	1809733
CHD3	R887Q	1	2	Dec 29, 2025	1809821
PURA	R72S	1	1	May 17, 2023	1810146
ALDH7A1	N525S	1	1	Oct 04, 2024	1810213
ALDH7A1	C478S	1	2	May 03, 2024	2136321
ALDH7A1	S458N	1	1	Jul 30, 2022	2136322
ALDH7A1	G406R	1	1	May 19, 2022	2136323
NSD1	H2205R	1	2	Jan 01, 2023	2136355
NHLRC1	L126P	1	1	Nov 01, 2022	2136368
CYP21A2	H283N	1	1	Jan 23, 2022	2136374
BCKDHB	R216G	1	1	Dec 05, 2022	2136444
BCKDHB	Y256C	1	2	Dec 19, 2024	2136446
ENPP1	Y471C	1	2	Jul 06, 2026	2136472
TWIST1	A152V	1	2	Apr 10, 2026	2136496
ASL	R385L	1	2	Jul 10, 2024	2136546
ASL	D423H	1	1	Sep 23, 2022	2136547
SLC26A4	M1R	1	2	Mar 03, 2026	2136582
SLC26A4	V97E	1	1	Oct 13, 2022	2136584
SLC26A4	F141S	1	2	Dec 18, 2025	2136588
SLC26A4	N558I	1	1	Nov 28, 2022	2136592
CSF1R	N241T	0	1	Dec 03, 2024	2136597
LPL	H273R	1	2	Nov 17, 2025	2136643
LPL	L313P	1	1	Feb 03, 2022	2136644
EXT1	L562P	1	1	Nov 23, 2021	2136694
EXT1	S220N	1	1	Dec 30, 2022	2136702
TTR	T126N	1	1	Mar 08, 2022	2138147
SLC7A9	S379R	1	1	Apr 14, 2022	2138268
ADNP	G1034R	0	1	Jun 22, 2025	2138354
ADNP	M1V	1	1	Aug 19, 2022	2138355
SOD1	K4E	1	2	Apr 13, 2026	2138372
SOD1	L9Q	1	1	Aug 21, 2025	2138373
SOD1	L39Q	1	1	Jun 20, 2023	2138374
SOD1	C112Y	1	1	Sep 15, 2024	2138376
SOD1	G115A	1	1	Aug 23, 2022	2138377
SOD1	L127S	1	1	Apr 17, 2024	2138379
SOD1	E134G	1	1	Jul 27, 2022	2138380
SOD1	E134V	1	1	Aug 21, 2025	2138381
SOD1	C147R	1	1	May 12, 2022	2138382
COL6A2	G292D	1	1	Mar 01, 2022	2138406
ADA2	E328D	1	1	Nov 05, 2024	2138412
COL11A1	A767E	0	1	May 29, 2022	2141679
SERPING1	V446M	0	1	Jun 29, 2025	2143331
SOS2	L320V	0	1	Feb 19, 2025	2145325
DBT	M267L	0	1	Jan 22, 2026	2146776
RAI1	G619S	0	1	Mar 15, 2025	2147140
FAH	P249T	1	2	Apr 29, 2026	2137735
PMM2	N101K	1	1	Mar 27, 2023	2137776
PMM2	P131A	1	2	Oct 21, 2025	2137778
PMM2	G228R	1	2	May 29, 2024	2137780
PMM2	R239W	1	2	Mar 29, 2025	2137782
KANK2	S425L	0	1	Oct 29, 2025	2137800
SLC12A3	D62H	1	1	Jul 19, 2023	2137813
SLC12A3	D62G	1	2	Apr 29, 2026	2137814
SLC12A3	R145C	1	2	Apr 29, 2026	2137815
LBR	V597L	0	2	Nov 23, 2025	2137818
SLC12A3	A226T	1	2	Apr 29, 2026	2137819
SLC12A3	G374V	1	2	Jan 31, 2025	2137820
SLC12A3	R399P	1	1	May 08, 2023	2137822
SLC12A3	S475C	1	2	Apr 29, 2026	2137824
SLC12A3	A588E	1	2	Jul 09, 2025	2137825
SLC12A3	W993C	1	1	Mar 31, 2023	2137833
ALDH3A2	G185A	1	1	May 22, 2023	2137940
RAI1	P1763L	0	1	Jan 18, 2026	2139563
COL6A2	I834V	0	1	Oct 29, 2024	2139578
NOTCH1	D1533N	0	1	Aug 09, 2022	2139763
NPHS1	T6M	0	2	Mar 03, 2025	2141499
RAI1	D669N	0	2	May 27, 2025	2142913
COL4A5	H1591R	0	1	Jan 12, 2024	2144686
IQSEC2	L51V	0	1	Nov 27, 2023	2144832
GRIN2A	T382R	0	1	Apr 11, 2025	2146412
CREBBP	A146T	0	1	Nov 20, 2025	2146568
COL4A5	G929S	1	2	May 11, 2026	2149550
LAMA4	G1655E	0	1	Mar 20, 2025	2149664
APOA1	R197P	1	2	Mar 16, 2025	2137255
IL10RA	Y157C	1	1	Nov 03, 2025	2137257
GNS	K340R	1	2	May 15, 2025	2137387
LIG4	H282R	1	2	Jul 15, 2025	2137540
L2HGDH	R282W	1	1	Nov 11, 2025	2137580
L2HGDH	K81E	1	1	Sep 06, 2022	2137583
COL4A5	P504L	0	1	May 05, 2023	2139359
DYRK1A	T653M	0	1	Dec 02, 2022	2139365
ASS1	A299D	1	1	Apr 17, 2025	2140714
ERCC6	Y510C	0	1	Jun 12, 2025	2140752
ERCC6	F502C	0	1	Dec 30, 2025	2140757
SLC16A2	V218I	0	1	Feb 03, 2025	2140850
ERCC6	V1262M	0	1	Aug 11, 2025	2141044
NPHS1	R743H	0	1	Nov 16, 2025	2141065
STAG1	N670S	0	2	Apr 01, 2024	2145857
NOTCH1	K1781R	0	1	Feb 21, 2022	2147633
HCN1	Q617R	0	2	Aug 04, 2025	2147935
BCKDHB	Y195C	1	2	May 23, 2026	2147982
EP300	P2214L	0	1	Sep 07, 2025	2148961
STAG1	E760D	0	2	Dec 01, 2025	2149144
ASS1	T91P	1	2	Apr 16, 2024	2136821
KCNJ11	W91R	1	2	Jun 04, 2025	2137001
KCNJ11	R50G	1	1	Jan 28, 2022	2137003
SERPING1	G184W	1	1	Oct 29, 2024	2137092
SERPING1	T189N	1	1	Apr 06, 2022	2137094
SERPING1	G345E	1	1	May 27, 2024	2137099
NDP	G113D	1	1	Dec 02, 2024	2138555
NDP	G112E	1	1	Nov 18, 2025	2138556
PCDH19	L25P	1	1	May 15, 2024	2138631
COL4A5	G186S	1	2	Jan 21, 2026	2138683
COL4A5	G603C	1	1	May 18, 2022	2138694
COL4A5	G675D	1	2	Dec 18, 2025	2138700
COL4A5	G881R	1	1	Nov 27, 2023	2138703
COL4A5	G1170V	1	1	Mar 18, 2022	2138706
ABCD1	R113P	1	2	Jan 11, 2023	2138760
ABCD1	E302K	1	1	Feb 04, 2022	2138765
ABCD1	E376Q	0	1	Nov 08, 2025	2138767
ABCD1	H420P	1	1	Aug 22, 2022	2138768
ABCD1	G507D	1	1	Oct 03, 2023	2138770
ABCD1	W524R	1	1	Dec 18, 2023	2138772
HCN1	R715G	0	1	Jan 10, 2024	2138832
EP300	S285P	0	1	Nov 05, 2025	2140246
CARMIL2	G1431S	0	1	Jan 19, 2026	2140278
NOTCH1	R1132C	0	1	Jul 14, 2025	2140326
COL4A5	Q1257R	0	1	Jan 26, 2026	2140398
EP300	H2338R	0	2	Jul 01, 2025	2140538
SERPING1	R366H	0	1	Sep 07, 2025	2140622
RAI1	C594R	0	1	Nov 01, 2022	2140666
ANKRD11	V194I	0	1	May 21, 2024	2142079
NOTCH1	E1341K	0	2	Dec 12, 2024	2143719
NPHS1	H254Q	0	1	Jan 06, 2026	2145439
MYO18B	E168Q	0	1	Jan 02, 2026	2145582
HHAT	H263Q	0	1	Dec 24, 2021	2145610
COL4A5	D476G	0	1	Feb 01, 2026	2145738
NSD1	G1076S	0	1	Aug 25, 2022	2145793
GRIN2A	T1408M	0	1	Mar 16, 2025	2145839
CREBBP	G292V	0	1	Nov 05, 2024	2147316
ERCC6	A211T	0	1	Feb 13, 2025	2147553
ERCC6	T303M	0	1	Jan 18, 2026	2148596
EP300	S1537R	0	1	Sep 10, 2022	2148661
BRAF	M117V	0	1	Nov 15, 2022	2148718
GRIN2A	H595R	0	1	Jul 29, 2024	2149942
NPHS1	P284L	0	1	Jan 17, 2024	2150081
ABCD1	P484S	1	1	Nov 07, 2022	2151644
GATA1	S412R	0	1	Jul 23, 2025	2153356
CAMTA1	V733I	0	1	Jun 12, 2025	2153391
CREBBP	P2311L	0	1	Mar 13, 2025	2153406
KDM5C	E296D	0	1	Aug 11, 2025	2153477
PPT1	N110K	1	1	Oct 24, 2024	2153519
PEPD	F169L	0	1	Nov 03, 2025	2153622
CREBBP	S128P	0	2	Aug 30, 2022	2156721
IGF1R	A257V	0	1	May 15, 2025	2158537
RAI1	V1240I	0	1	Feb 17, 2024	2158620
KMT2E	V1625I	0	1	Sep 16, 2024	2160251
ASL	L311P	1	1	May 05, 2022	2160276
NOTCH1	R1263L	0	1	Feb 15, 2025	2160437
HNRNPU	T530A	0	1	Oct 17, 2024	2162156
DNA2	S307T	0	1	Aug 24, 2025	2151263
KDM6A	R78C	0	1	Dec 16, 2025	2151273
RAI1	V1835I	0	1	Sep 16, 2025	2152864
WDR4	Q289R	0	1	Nov 20, 2025	2152965
EP300	P934L	0	2	Aug 10, 2025	2153089
GRIN2A	H381N	0	1	Aug 16, 2022	2154793
GRIN2A	T1362S	0	1	Apr 04, 2023	2158015
CREBBP	A981V	0	1	Aug 14, 2022	2158355
KDM5C	G1368A	0	1	Dec 21, 2021	2159733
CREBBP	V1295I	0	1	Jun 12, 2025	2159895
CREBBP	A1949T	0	1	Jan 05, 2025	2161741
NOTCH1	G1433R	0	2	Aug 20, 2025	2163257
CREBBP	S132N	0	1	Aug 17, 2023	2150871
GRIN2A	D476N	0	1	Apr 29, 2025	2150884
NSD1	G625E	0	1	Feb 04, 2022	2150939
NOTCH1	E294K	0	1	Jun 14, 2022	2152360
ERCC6	R1053C	0	1	May 13, 2025	2154067
COL4A5	P630L	0	1	Oct 03, 2024	2154073
NOTCH1	P2551L	0	1	Aug 16, 2022	2156093
NSD1	Q727H	0	1	Nov 13, 2024	2157548
ERCC6	D1278N	0	1	Mar 11, 2025	2159371
MED17	G253R	1	2	Dec 01, 2025	2159503
DBT	I420T	1	2	Jan 27, 2025	2159649
CHM	R446C	0	1	Feb 04, 2024	2160975
KDM5C	E1521G	0	1	Jun 25, 2022	2162861
NSD1	A719T	0	2	Oct 01, 2025	2163023
SOS2	H306R	0	1	Apr 17, 2025	2163082
TBX1	C17R	0	1	Mar 05, 2022	2163092
STAG2	S1078P	0	1	Aug 24, 2022	2150493
L2HGDH	G60R	1	1	Jun 29, 2023	2152204
JAK3	D784N	1	2	Apr 29, 2026	2152312
NPHS1	V1084F	0	1	Aug 25, 2023	2153905
EP300	R728Q	0	1	Jun 24, 2025	2155421
SLC7A7	M1V	1	2	May 28, 2024	2155518
COL4A5	G624R	1	1	Nov 29, 2022	2155539
PEPD	G51R	0	1	Nov 08, 2025	2157266
EP300	L280P	0	2	Jun 09, 2023	2157427
RAI1	P398S	0	1	Nov 15, 2022	2157494
SLC12A3	D486A	1	1	Nov 13, 2022	2160768
SLC16A2	E40K	0	1	Jun 29, 2025	2160854
ERCC6	H1211R	0	1	Mar 14, 2024	2162326
KMT2E	T808N	0	1	Jan 05, 2026	2162628
NOTCH1	S137L	0	1	Dec 12, 2023	2164926
HNRNPU	N797S	0	1	Dec 17, 2024	2165141
RAI1	A848T	0	1	Dec 16, 2024	2165147
RAI1	T1068M	0	2	Apr 01, 2026	2166863
ANKRD11	Y579C	0	2	Apr 30, 2025	2170107
COL4A5	D303H	0	1	Dec 22, 2023	2170302
CAMTA1	E1186K	0	2	Apr 05, 2024	2170333
NOTCH1	G2328V	0	1	Mar 13, 2022	2171854
ANKRD11	A64V	0	2	Mar 17, 2025	2171935
EPHB4	L45V	0	2	Nov 18, 2024	2171957
EP300	A2388V	0	1	Mar 17, 2025	2173638
ABCD1	R236C	0	1	Mar 26, 2023	2173644
DNM1	R343H	0	1	Feb 12, 2025	2173677
ADNP	I127V	0	2	Nov 13, 2025	2173899
ABCD1	L142V	0	2	Jun 24, 2025	2175304
ITGB4	A1337T	0	1	Oct 02, 2025	2175587
SURF1	Y274C	1	2	Oct 29, 2024	2177217
COL4A5	D1064N	0	2	May 30, 2024	2164722
COL6A2	H958Q	0	1	Apr 04, 2022	2166436
CHM	P544S	0	1	Mar 13, 2024	2166571
CDK5RAP2	P35A	0	1	Sep 21, 2025	2167961
TTR	V40A	1	2	Jun 30, 2025	2169600
TTR	K90Q	1	1	Aug 30, 2024	2169603
NDP	M40V	1	1	Feb 24, 2025	2169644
COL6A2	P652S	0	1	Jun 25, 2023	2169870
NPHS1	T425I	0	1	Mar 04, 2024	2169999
MFSD2A	P55S	0	1	Dec 10, 2023	2171511
ERCC6	A393V	0	1	Dec 23, 2025	2171713
KMT2E	L1411F	0	2	May 27, 2025	2173135
OPLAH	E330K	0	1	Nov 01, 2022	2173281
COL6A2	S943F	0	1	Dec 07, 2022	2173409
EP300	Q483H	0	1	Dec 08, 2024	2175143
CAMTA1	E1200K	0	2	Oct 20, 2025	2176695
CREBBP	R2344W	0	1	Sep 05, 2024	2176777
EP300	A2365V	0	1	Jan 05, 2026	2164119
RAI1	S1274P	0	2	Oct 02, 2025	2164129
CREBBP	V952L	0	1	Jan 29, 2025	2165805
NSD1	D1103E	0	1	Mar 13, 2025	2165986
NSD1	G2604R	0	1	Oct 25, 2022	2167529
HCN1	H679R	0	2	Mar 03, 2025	2167668
KMT2E	M1063T	0	2	Sep 10, 2025	2169189
STAG1	R658Q	0	1	Oct 01, 2025	2169447
SCN1A	R1329P	1	2	Jun 01, 2026	2169505
SCN1A	L984R	1	1	Jul 10, 2023	2169506
MEF2C	G27R	1	2	Nov 10, 2025	2169514
CREBBP	V2012I	0	1	Feb 07, 2024	2170895
KMT2E	N1246K	0	1	Jul 26, 2022	2171196
COL6A2	I1015T	0	1	Jan 12, 2023	2174387
CREBBP	G1069S	0	1	Apr 24, 2025	2174589
CAMK2B	H385R	0	2	Jul 30, 2025	2174679
RAI1	L1740R	0	1	Apr 01, 2024	2176246
EP300	S2371L	0	2	May 05, 2022	2165659
SOS2	I759T	0	1	Jul 13, 2025	2167162
KLF11	R461Q	0	2	Nov 24, 2025	2167243
GFM2	N629D	0	1	Dec 23, 2025	2168944
CREBBP	A2419T	0	2	Apr 08, 2025	2169145
CREBBP	T999M	0	2	Nov 07, 2024	2174003
RAI1	A384S	0	1	Aug 15, 2022	2174029
ABCD1	I450M	0	1	Oct 11, 2025	2174262
DHTKD1	S654C	0	1	Mar 11, 2025	2178778
ITGB4	P777T	0	1	Oct 26, 2025	2178862
COL4A5	R1319Q	0	1	Dec 28, 2023	2182110
RAI1	V815L	0	2	Jan 11, 2026	2182337
CREBBP	T1986A	0	1	Mar 11, 2025	2182357
SCN1A	E517G	0	1	Nov 17, 2025	2183828
ABCD1	V287M	0	1	Jan 18, 2024	2183830
ADNP	A157S	0	1	May 02, 2024	2183897
NOTCH1	L2258P	0	1	Oct 03, 2022	2185879
FMO3	D198E	0	1	Jan 24, 2026	2187388
KMT2E	E825A	0	1	Mar 27, 2025	2187428
NSD1	D163N	0	1	Oct 16, 2022	2189224
RAI1	P512L	0	1	Nov 13, 2024	2189415
KMT2E	Q207H	0	2	Sep 15, 2024	2178457
EP300	A1268S	0	1	Feb 11, 2025	2178594
IQSEC2	E169Q	0	1	Sep 30, 2024	2180188
ADNP	T317A	0	2	Sep 02, 2025	2181976
CREBBP	A2044T	0	1	Nov 24, 2023	2182002
CCNQ	G10W	0	2	Oct 02, 2025	2183436
NPHS1	R52H	0	2	Dec 23, 2025	2183699
COL6A2	P584A	0	1	Apr 07, 2025	2185492
SLC26A3	E606K	0	1	Dec 18, 2025	2188694
COL4A5	P547L	0	1	Sep 29, 2023	2188967
RAI1	R1661Q	0	2	Jun 01, 2026	2190615
ERCC6	A211V	0	1	Dec 23, 2025	2177792
CAMTA1	D1429E	0	2	Jan 08, 2026	2178180
CREBBP	T1075A	0	1	Jan 22, 2024	2181467
RAI1	P580L	0	1	Jul 23, 2025	2183285
GABRA2	T393M	0	1	Jan 17, 2025	2184714
NPHS1	A1068T	0	1	Oct 18, 2023	2186428
NDUFV1	S21T	0	1	Feb 02, 2026	2186471
COL4A5	G905S	1	1	Jun 13, 2024	2188378
EP300	P972L	0	1	Nov 11, 2024	2188434
KMT2E	P905A	0	2	Dec 09, 2025	2189930
CREBBP	D1309N	0	1	Apr 16, 2022	2190121
CSF1R	P510A	0	1	Mar 28, 2024	2179287
NOTCH1	R1758C	0	1	Dec 07, 2023	2180924
CYFIP2	A867P	0	2	Apr 17, 2025	2182763
GATA2	T279S	0	2	Aug 21, 2024	2184317
COL11A1	P1503L	0	1	Aug 19, 2022	2186020
NAA15	P833S	0	1	Aug 14, 2025	2186135
EP300	R2180Q	0	1	Jul 07, 2023	2186168
IQSEC2	E777Q	0	1	Aug 11, 2025	2186185
NSD1	L253V	0	1	Nov 06, 2025	2194448
NSD1	R1052H	0	1	Jun 17, 2024	2196243
SOS2	P404A	0	1	Oct 03, 2023	2197830
RAI1	R1537W	0	2	Oct 29, 2025	2199616
RAI1	R660W	0	1	Nov 19, 2023	2199673
ERCC6	M713V	0	1	Dec 22, 2025	2201254
KMT2E	K438R	0	1	Jan 13, 2026	2201304
CYP1B1	R390S	1	3	Nov 19, 2025	2203048
GALNT3	R438H	1	1	Jan 15, 2025	2203164
SCN1A	A1724T	1	1	Sep 18, 2022	2203171
SCN1A	V1630L	1	1	Oct 17, 2022	2203174
SCN1A	M1555R	1	1	Aug 13, 2022	2203176
SCN1A	I1483M	1	1	Aug 21, 2025	2203179
SCN1A	G1421W	1	1	Mar 26, 2022	2203180
SCN1A	T1394I	1	1	Jun 01, 2022	2203181
SCN1A	W1358R	1	2	Jun 22, 2023	2203182
SCN1A	S1328P	1	2	Aug 11, 2023	2203183
SCN1A	E1221K	1	2	Nov 11, 2024	2203188
SCN1A	L981P	1	1	Aug 05, 2022	2203193
SCN1A	H324N	1	1	Oct 30, 2023	2203198
SCN1A	C277R	1	1	Oct 17, 2022	2203200
SCN1A	N191K	1	1	Oct 22, 2024	2203204
COL3A1	G702S	1	1	Apr 02, 2025	2203229
STAT1	L400V	1	1	Aug 09, 2025	2203236
STAT1	K388E	1	1	Jun 09, 2022	2203238
STAT1	T387A	1	1	Jun 12, 2022	2203239
STAT1	Y289H	1	1	Nov 27, 2021	2203242
ABCD1	V20E	0	1	Aug 26, 2025	2192189
KMT2E	L1399F	0	1	Nov 09, 2025	2193880
WDR4	A275T	0	1	Sep 30, 2025	2194058
KANK2	R559W	0	2	Jun 12, 2025	2195521
ERCC6	G929R	0	1	Jan 31, 2024	2197452
KMT2E	R473H	0	1	Jan 05, 2026	2199329
NSD1	I806T	0	1	Feb 22, 2024	2199402
ERCC6	T905I	0	1	Dec 29, 2025	2200932
ERCC6	R1010H	0	1	Aug 25, 2022	2202676
NPHS1	R831H	0	2	Sep 19, 2025	2202721
PPT1	E178V	1	2	Apr 24, 2023	2202734
CTSK	G303E	1	2	Jul 07, 2026	2202838
CTSK	G194S	1	1	Aug 19, 2022	2202840
ALDH3A2	R177Q	0	1	Aug 19, 2024	2191757
HDAC4	S400L	0	1	Mar 10, 2024	2191866
ADNP	M347V	0	2	Feb 12, 2025	2191887
EP300	T858I	0	1	Jun 22, 2025	2193489
ASL	R379G	1	2	Jan 20, 2026	2196834
SOD1	A96T	1	2	Jun 24, 2025	2197104
STS	S213G	0	1	Sep 04, 2023	2198984
NAA15	L205F	0	1	Dec 15, 2025	2200510
COL4A5	K798E	0	1	Feb 17, 2024	2202387
KDM6A	I1407V	0	1	Apr 05, 2024	2191346
ALDH7A1	G202D	1	2	Apr 29, 2026	2193073
CPT1C	L130V	0	1	Jul 31, 2025	2194666
RAI1	E484K	0	2	Jun 24, 2025	2194778
GRIN2A	K309R	0	1	Feb 24, 2025	2194942
NOTCH1	L590F	0	1	Jul 30, 2022	2196801
KMT2E	R1276Q	0	1	Jan 06, 2025	2200005
SLC16A2	T298I	0	1	Jun 04, 2025	2200023
ABCD1	R89W	0	1	Sep 29, 2022	2200182
ERCC6	P1095L	0	1	Dec 23, 2025	2200301
CACNA1D	R1771W	0	1	Jan 10, 2026	2203398
CC2D2A	D861N	1	2	Jan 27, 2026	2203534
PITX2	P117R	1	1	Oct 11, 2022	2203569
SLC6A19	G284R	1	2	Oct 01, 2025	2203603
SLC6A19	E501K	1	2	Dec 30, 2023	2203604
LIFR	A622V	1	2	Mar 08, 2024	2203641
ATP8B1	G308S	1	2	Apr 14, 2026	1878254
POU3F4	Q229R	1	1	Jan 09, 2023	1879006
THSD4	D395N	0	2	Apr 01, 2026	1879297
SETD1A	R404H	0	2	Mar 01, 2026	1879340
MBD5	L1049I	0	1	Apr 01, 2026	1879486
ADA2	C408Y	1	1	Nov 01, 2022	1879547
BCAP31	A236T	0	1	Jan 06, 2025	2414137
CREBBP	P928L	0	1	Dec 28, 2025	2414299
COL4A5	G737D	1	2	Apr 20, 2024	2419219
THBD	D98N	0	1	Jan 04, 2026	2419228
COL11A1	P1506S	0	1	Apr 07, 2022	2419309
CLCN5	I78V	0	2	Oct 30, 2025	2420954
EXT1	H627R	1	1	Mar 05, 2022	2421084
KMT2E	P1545L	0	1	Sep 23, 2022	2413682
BMP1	Q709H	0	1	Mar 30, 2025	2413709
KDM5C	A796T	0	1	Aug 20, 2022	2415615
SCN1A	C959G	1	1	Jul 05, 2022	2418886
SCN1A	F100V	1	1	Nov 22, 2023	2418887
POC1B	T119I	1	1	Sep 01, 2022	2419007
KMT2E	P1376L	0	1	Feb 01, 2026	2419051
GABRA2	A28S	0	1	Sep 02, 2025	2416891
NOTCH1	P55L	0	1	Jun 17, 2022	2418489
ENPP1	P40T	0	2	Mar 25, 2025	2418544
EP300	R86Q	0	1	Oct 03, 2024	2418711
NSD1	E489D	0	2	Jun 12, 2026	2418744
EP300	A1606V	0	1	Aug 10, 2023	2420319
COL11A1	Q1239K	0	1	Mar 17, 2025	2422108
CREBBP	P951T	0	1	Mar 11, 2025	2413329
RAI1	A738V	0	2	Jun 12, 2025	2413336
ABCD1	V147I	0	1	Dec 26, 2025	2413525
ANKRD11	L1456P	0	1	Oct 17, 2024	2413539
CSF1R	R748W	0	1	Apr 06, 2022	2416263
CSF1R	E955K	0	1	Jun 29, 2023	2416315
SOX2	M163V	0	2	Mar 01, 2026	2416318
EP300	Y253H	0	1	Oct 22, 2024	2416411
CREBBP	D1009Y	0	1	Jul 31, 2025	2416622
MFSD2A	R465S	0	1	Jul 30, 2022	2417971
NSD1	A801T	0	1	Jun 24, 2022	2418044
CSF1R	C953Y	0	1	May 04, 2024	2418115
MYO18B	D2164E	0	1	Oct 02, 2025	2418217
EP300	P1039L	0	2	Dec 15, 2025	2418315
CLCN5	V555I	0	2	Jan 28, 2026	2421326
CAMK2B	Q355H	0	1	Nov 26, 2022	2421589
KMT2E	T1001M	0	2	Dec 24, 2025	2428431
KDM5C	T286A	0	1	Sep 07, 2022	2428314
STT3A	I84T	1	1	-	1895409
CREBBP	P814R	0	1	May 11, 2025	1895817
SLC16A2	P530L	0	1	Dec 05, 2025	1895845
PRKN	V380I	0	1	Sep 22, 2022	1898914
CSF1R	S493R	0	1	Mar 14, 2025	1900419
CACNA1F	K516E	0	2	Dec 21, 2023	1900446
CACNA1F	W91C	0	2	Dec 21, 2023	1900447
KANK2	G104A	0	1	Apr 14, 2025	1902287
GRIN2A	A999T	0	1	May 09, 2022	1905800
SCN1A	S662L	0	1	Jul 15, 2024	1896332
CACNA1F	R1799C	0	1	Mar 26, 2025	1901730
COL6A2	S978C	0	1	Nov 21, 2023	1903632
GRIN2A	D1293H	0	1	Jul 25, 2023	1908715
KDM5C	P1365L	0	1	Nov 16, 2025	1895897
ABCD1	E374K	0	1	Nov 05, 2023	1899390
GRIN2A	D1115E	0	1	Mar 03, 2024	1899574
CAPN5	I450T	0	1	Jul 28, 2023	1901411
KDM5C	T66I	0	1	Oct 17, 2024	1901423
ITGB4	R1078C	0	1	Oct 13, 2023	1908216
NSD1	T187S	0	1	Mar 18, 2022	1902395
CYFIP2	M262T	0	1	Aug 22, 2022	1909015
KMT2E	T1041M	0	1	May 01, 2025	1910686
SCN1A	A464P	0	1	Apr 24, 2025	1914129
GRIN2A	M200I	0	1	Mar 11, 2022	1914382
COL6A2	K766T	0	1	May 21, 2025	1914479
PMM2	T226I	1	1	Nov 29, 2022	1916069
GABRA2	V284M	1	1	Dec 22, 2023	1919477
COL11A1	D234Y	0	1	Nov 13, 2024	1921253
IQSEC2	P661S	0	1	Nov 02, 2022	1912041
CSF1R	T621M	0	1	Jan 27, 2025	1912085
CREBBP	R2249C	0	1	Mar 04, 2022	1912175
CARMIL2	A332T	0	1	Feb 11, 2025	1913926
CREBBP	P61T	0	1	Nov 19, 2022	1914052
NSD1	P1420R	0	1	Dec 06, 2022	1915690
GRIN2A	D884G	0	1	Jul 17, 2023	1919094
GRIN2A	S1312T	0	1	Aug 14, 2025	1919162
MYO18B	S2225P	0	1	Mar 26, 2025	1920872
CAMTA1	V848I	0	1	Jun 29, 2023	1920900
CAMK2B	R459G	0	2	Jun 12, 2025	1920904
COL11A1	P687L	0	1	Aug 24, 2022	1911550
HCN1	G79R	0	1	Aug 23, 2022	1911657
IQSEC2	R568C	0	1	May 22, 2024	1913445
NSD1	F97Y	0	1	Mar 18, 2022	1913455
ABCD1	A100T	0	1	Feb 12, 2024	1913536
IQSEC2	P177T	0	1	Jun 19, 2022	1915143
CYFIP2	P1112L	0	1	May 15, 2023	1921856
STAG1	F622L	0	1	Nov 01, 2022	1921865
WDR4	V101L	0	2	Oct 27, 2025	1922002
CAMK2B	P512S	0	2	Dec 30, 2025	1911062
COL11A1	L45V	0	1	Nov 27, 2025	1914795
ASL	D231H	1	1	Oct 26, 2025	1914880
SCN1A	R1329L	1	1	Sep 06, 2022	1916226
SCN1A	A395D	1	2	Jan 15, 2025	1916227
COL11A1	E280D	0	1	Mar 17, 2025	1919912
BCKDHA	R189H	1	1	Sep 12, 2023	1921803
EP300	M205I	0	1	Oct 30, 2024	1922714
SOD1	V6M	1	1	Sep 08, 2024	1926438
CREBBP	M2145L	0	1	Jun 30, 2025	1928263
NOTCH1	P572H	0	1	Dec 13, 2025	1929884
EYA1	T422P	0	1	Mar 05, 2025	1931739
COL6A2	E565K	0	1	Aug 13, 2022	1935178
SCN1A	S573R	1	2	Jan 15, 2026	1926018
STAT1	M325K	1	1	May 26, 2025	1929284
GABRA2	P280L	1	2	Jul 09, 2025	1929359
WNT10B	G181D	0	1	Dec 09, 2024	1931147
ANKRD11	S580Y	0	2	Nov 06, 2025	1932833
ANKRD11	Y579D	0	2	Nov 06, 2025	1932837
INPP5E	N456K	1	1	Nov 29, 2022	1932855
CSF1R	D442E	0	1	Apr 03, 2024	1934422
GABRG2	R125H	1	1	Sep 23, 2024	1934492
NOTCH1	K2150N	0	1	Apr 05, 2023	1934747
SLC12A3	W993L	1	1	Nov 29, 2022	1936284
SLC12A3	G362S	1	1	Jan 02, 2026	1923912
COL4A5	G114R	1	1	May 14, 2024	1925306
RAI1	T436M	0	1	Oct 03, 2023	1925606
COL4A5	L1331F	0	1	Oct 28, 2023	1930856
CSF1R	V834I	0	1	Jun 13, 2022	1932483
CYFIP2	G1153R	0	1	Jun 27, 2025	1934024
CDK5RAP2	K886E	0	2	Aug 20, 2024	1927030
ITGB4	T1702I	0	1	Oct 17, 2023	1933563
KMT2E	S1575C	0	1	Feb 29, 2024	1933565
CAMK2B	I402T	0	1	Feb 23, 2024	1935245
CYFIP2	R725C	0	1	Jun 15, 2025	1938331
COL11A1	A1565T	0	1	Mar 16, 2022	1940144
COL11A1	F1580L	0	1	Jul 01, 2024	1947003
CREBBP	V1157L	0	1	Aug 29, 2022	1947147
PCDH19	P344A	1	1	Jan 16, 2022	1948906
NSD1	S51P	0	1	Jun 08, 2022	1939734
SURF1	G257R	1	2	May 30, 2024	1939932
NSD1	E990D	0	1	Aug 25, 2025	1941331
CAMK2B	G503D	0	1	Aug 04, 2023	1941339
KDM6A	A1085D	0	2	Apr 14, 2025	1941475
TRAPPC2	I89V	0	1	Mar 26, 2025	1943130
PMM2	L32V	1	1	Sep 23, 2022	1945008
RAI1	P179L	0	1	Sep 12, 2022	1945086
RAI1	H391N	0	1	Oct 13, 2023	1948495
CAMK2B	G424R	0	1	Nov 17, 2025	1950081
COL11A1	I1548T	0	1	Jun 10, 2025	1937727
RAI1	P1510S	0	1	Jan 31, 2025	1941074
RAI1	P1432S	0	1	Jun 04, 2022	1946008
COL11A1	P974A	0	1	Mar 17, 2025	1946192
CREBBP	N2179T	0	1	Mar 16, 2024	1946261
DNAJC6	R282H	0	1	Nov 13, 2025	1947761
RAI1	P57L	0	1	Mar 27, 2025	1947841
CCNQ	V168F	0	1	Oct 08, 2022	1947874
NSD1	A750V	0	2	Aug 04, 2023	1947951
ENPP1	R888Q	1	1	Sep 04, 2024	1949588
RAI1	P129L	0	1	Sep 03, 2025	1938830
CREBBP	M177V	0	2	Apr 23, 2025	1938972
CREBBP	D1009N	0	1	Oct 15, 2024	1942225
NPHS1	V234M	0	2	Feb 11, 2025	1942250
COL11A1	R166L	0	1	Nov 19, 2025	1947454
MBD5	N954S	0	1	Sep 16, 2022	1950512
NSD1	E595K	0	1	May 05, 2022	1952083
CSF1R	R919T	0	1	Apr 29, 2022	1952378
CC2D2A	D1489H	1	1	Jan 24, 2026	1957318
COL4A5	G45R	1	1	Jun 01, 2022	1958991
COL4A5	L1013F	0	1	Jan 17, 2023	1951615
ASL	G101D	1	1	Dec 25, 2021	1955055
ASL	P156Q	1	1	Sep 26, 2023	1958571
HNRNPU	G151S	0	1	Aug 15, 2022	1960288
HNRNPU	P163S	0	1	Jan 15, 2022	1962066
RAI1	N1170S	0	1	Apr 14, 2025	1963820
EP300	T845S	0	2	Dec 20, 2025	1964051
NSD1	S642F	0	1	May 19, 2025	1964083
GATA1	A22G	0	2	Oct 26, 2025	1951191
STAG2	D818E	0	1	Oct 24, 2024	1952900
KDM6A	R710Q	0	2	Dec 09, 2024	1955031
KANK2	R189W	0	1	Dec 22, 2025	1958353
NPHS1	M1T	1	2	Mar 17, 2025	1950836
NOTCH1	G1621S	0	1	Aug 24, 2022	1951006
EP300	Q2369R	0	1	Aug 09, 2022	1951051
COL6A2	D740N	0	1	May 05, 2023	1952555
RAI1	T1609I	0	1	Aug 04, 2023	1952746
RAI1	P1432R	0	1	Sep 02, 2025	1956147
COL11A1	D219V	0	1	Jun 22, 2022	1959560
RAI1	A1345T	0	1	Nov 09, 2025	1959607
RAI1	R1544Q	0	1	Dec 16, 2025	1964128
EP300	L270R	0	1	Apr 25, 2024	1964421
COL11A1	E1208G	0	1	Aug 22, 2022	1965849
EP300	M1928I	0	2	Apr 01, 2026	1965902
COL11A1	A37V	0	1	May 29, 2024	1965983
GRIN2A	S1341R	0	1	Jul 27, 2025	1966016
RAI1	L1666R	0	1	Aug 06, 2025	1971081
CNOT3	A379G	0	2	May 01, 2026	1971105
STAG1	Q651R	0	1	May 13, 2024	1971319
SLC12A3	C430S	1	2	Jan 16, 2026	1977458
ADNP	A1017G	0	1	Feb 23, 2024	1977567
ADNP	P749R	0	1	Feb 23, 2024	1977568
TRAPPC9	H579P	0	1	May 30, 2025	1967155
NFKBIA	P170R	0	1	Dec 11, 2023	1967460
PPT1	Y109C	1	2	Jan 31, 2024	1969122
ABCD1	A119S	0	1	Sep 13, 2022	1969203
CNOT3	A536T	0	2	Jun 03, 2025	1972443
SCN1A	D79G	1	1	Sep 28, 2022	1973924
ADNP	D919V	0	1	Jan 01, 2026	1975379
SOS2	T449A	0	1	Dec 22, 2025	1975525
KDM6A	D1145A	0	2	Jan 13, 2025	1977020
SCN1A	N1476Y	1	1	Jun 19, 2022	1968524
KMT2E	M1322T	0	1	Nov 03, 2025	1972201
ABCD1	G266A	1	1	Jan 13, 2024	1973153
STAG1	I914M	0	2	May 31, 2022	1973317
KMT2E	T1335M	0	1	Aug 15, 2025	1973411
NPHS1	M389I	0	1	May 05, 2023	1966495
FOXN1	P350L	1	3	Sep 27, 2024	1966519
CSF1R	V661I	0	1	Sep 29, 2025	1968238
CNOT3	S491A	0	2	Jan 27, 2026	1971451
COLGALT1	G33V	0	2	Nov 27, 2025	1971578
KMT2E	Q291E	0	1	Jul 28, 2025	1971830
ABCD1	C432Y	0	1	Mar 09, 2023	1972725
KMT2E	P1049S	0	1	Aug 04, 2023	1972922
KMT2E	E809G	0	1	Oct 13, 2022	1974529
KMT2E	P1784L	0	1	Nov 01, 2022	1976248
KMT2E	P1721L	0	1	Jul 14, 2023	1976349
CYFIP2	R1239C	0	1	Aug 15, 2022	1976502
TBX1	V252M	0	1	Nov 01, 2022	1977789
CC2D2A	R925L	1	1	Nov 20, 2023	1979504
ADNP	E843Q	0	1	Jan 15, 2025	1981124
CPT1C	A712G	0	1	Mar 25, 2025	1984465
DYRK1A	T633I	0	1	Aug 16, 2022	1984502
COL11A1	G1513S	1	1	Jun 01, 2022	1986405
SCN1A	A395G	1	2	Jul 06, 2026	1986502
COL6A2	S434G	0	1	Jul 21, 2022	1988258
RAI1	E1862A	0	1	Aug 04, 2023	1988278
RAI1	G1381S	0	1	Apr 20, 2025	1989679
LRRK1	R305Q	0	1	Mar 17, 2025	1991570
ABCD1	K336E	1	1	Jul 06, 2022	1978762
ERCC6	R670Q	1	1	Jun 30, 2023	1978975
CPT1C	A407V	0	1	Sep 23, 2025	1980532
HNRNPU	A195T	0	1	Aug 16, 2022	1980614
GABRA2	M10R	0	1	Apr 29, 2024	1982292
ALDH7A1	T325R	1	1	Jul 03, 2023	1982389
ADNP	E1004Q	0	1	Apr 08, 2024	1982422
ABCD1	R191H	0	1	Oct 15, 2025	1984027
CAMK2B	I44V	0	1	Jun 22, 2025	1984127
KMT2E	E551V	0	1	May 21, 2025	1984195
SMARCD2	T201M	0	1	Jan 11, 2026	1984292
GRIN2A	T1140I	0	1	Oct 27, 2025	1984309
KMT2E	P1491R	0	1	Oct 09, 2024	1984340
NOTCH1	A426V	0	1	May 28, 2022	1985882
RAI1	S378G	0	1	Aug 10, 2023	1986109
NPHS1	H705Y	0	1	Jun 12, 2025	1987601
GRIN2A	G1326S	0	1	Aug 09, 2022	1990908
NOTCH1	N335K	0	1	Aug 21, 2025	1985523
COL11A1	G1126R	0	1	Dec 31, 2024	1985613
IQSEC2	P1221Q	0	1	Jul 17, 2023	1978178
COL4A5	N616Y	0	1	Mar 13, 2024	1981498
ADNP	N951D	0	1	May 20, 2024	1983100
ABCD1	R418P	1	1	Sep 08, 2025	1983290
ANKRD11	T340M	0	2	Dec 21, 2025	1984896
COL11A1	F137V	0	1	Jul 01, 2022	1986804
CSF1R	E920K	0	1	Dec 09, 2024	1986836
EP300	R1137Q	0	1	Apr 19, 2022	1986979
ADNP	D906N	0	2	Aug 21, 2025	1988704
COL11A1	T1601I	0	1	Jan 18, 2026	1990267
COL3A1	G396D	1	2	Jul 19, 2023	1990321
AAAS	R119Q	0	2	Apr 30, 2025	1991786
ANKRD11	R182W	0	1	Feb 24, 2025	1991988
STAG2	E403D	0	1	Mar 28, 2022	1992102
COL4A5	G749S	1	1	Oct 17, 2022	1992310
NSD1	L2060Q	1	1	Oct 27, 2022	1992312
CHD3	R1078Q	1	2	Nov 13, 2025	1992313
COL4A5	C1533F	1	1	May 20, 2022	1992369
SCN1A	R1596S	1	1	Aug 18, 2022	1993385
SCN1A	Y790N	1	1	Feb 20, 2024	1993436
IQSEC2	K1212R	0	1	Jan 31, 2026	1993658
NSD1	E796A	0	1	Oct 24, 2025	1995023
COL11A1	S504F	0	1	Sep 02, 2025	1996938
ATL1	E195A	1	1	Aug 22, 2022	1996944
RAI1	G272S	0	1	Aug 31, 2022	1998608
CYFIP2	V754I	0	1	May 22, 2024	2000230
COL4A5	G979E	1	1	Jun 03, 2022	2002208
COL3A1	G597S	1	1	Sep 04, 2022	2003709
COL4A5	G1167D	1	1	Jul 15, 2022	2003824
SCN1A	L992M	1	1	Aug 24, 2022	1993066
PMM2	F157C	1	1	May 18, 2022	1993071
GABRA2	K389N	0	1	Aug 16, 2022	1994640
SLC7A7	M1I	1	1	May 15, 2022	1994997
COL4A5	G693V	1	1	Nov 26, 2021	1998125
COL11A1	T975N	0	1	May 28, 2022	2000122
CAMK2B	P431L	0	1	Sep 01, 2022	2001620
RAI1	P1462A	0	1	Dec 23, 2025	1994176
TNNI3	R170P	1	1	Aug 29, 2024	1994254
SCN1A	S411L	1	2	Jun 26, 2025	1999484
SCN1A	L1309P	1	1	Dec 06, 2023	2002938
ASL	E241D	1	1	Jun 18, 2022	2004648
MEF2C	I147V	0	1	Nov 08, 2022	2004843
COL4A5	G561E	1	1	May 30, 2022	1993770
COL4A5	G276S	1	2	Nov 06, 2025	1993856
MTFMT	M1L	1	1	Feb 05, 2024	1993961
CYFIP2	L115P	1	1	Jul 22, 2024	1995740
ADNP	M531L	0	1	Jul 23, 2025	1997453
KMT2E	P1748A	0	1	Aug 04, 2023	2000699
SOD1	G142V	1	1	Jul 06, 2022	2000951
SERPING1	N362K	0	1	Dec 16, 2024	2002412
ADNP	V420A	0	1	Oct 17, 2022	2002552
NSD1	C2138S	1	1	Jul 05, 2022	2004373
RAI1	F1156Y	0	1	Oct 22, 2024	2007134
CAMK2B	L545F	0	1	Sep 16, 2022	2008885
GABRA2	Q269K	0	1	Oct 17, 2022	2010542
PMM2	C241W	1	1	May 29, 2024	2010804
CREBBP	A2183V	0	2	Dec 10, 2024	2012205
SLC26A4	V231A	1	1	Jul 10, 2022	2015702
DCX	S128F	1	1	Sep 01, 2022	2015926
JAK3	A919P	0	1	Jul 23, 2022	2019189
RAI1	G952V	0	1	Sep 01, 2022	2019205
ALDH7A1	G479S	1	1	Jun 24, 2024	2019345
LPL	M1I	1	1	Jun 15, 2022	2006935
GRIN2A	S616F	1	1	Jul 13, 2022	2010115
KRAS	K5Q	1	1	Jun 24, 2022	2010214
SCN1A	E1587Q	1	1	Jun 24, 2022	2010330
EXT1	R280W	1	1	Feb 03, 2025	2011960
COL3A1	G405R	1	2	Oct 20, 2025	2013532
SLC12A3	W993R	1	1	Jul 03, 2022	2013754
CTSK	M1V	1	1	Jul 15, 2022	2017244
GRIN2A	S547P	1	1	Oct 29, 2022	2008236
RAI1	P152L	0	1	Oct 26, 2025	2009610
HNRNPU	N781T	0	1	Sep 06, 2022	2015041
COL4A5	G585R	1	1	Dec 07, 2023	2015063
HNRNPU	D27E	0	1	Oct 09, 2023	2016518
SCN1A	K758T	1	1	Jan 22, 2023	2018376
SOD1	I114M	1	1	Oct 13, 2023	2018599
COL4A5	G1306V	1	1	Nov 08, 2022	2005933
RAI1	G1438E	0	1	Oct 30, 2024	2006119
JAK3	V146G	1	1	Dec 18, 2023	2007667
COL4A5	G147E	1	1	May 22, 2023	2007884
DYRK1A	L338F	0	1	Sep 01, 2022	2009456
SCN1A	R1912G	1	1	Dec 04, 2023	2010908
GRIN2A	D102E	0	1	Sep 07, 2022	2012866
HCN1	G303V	1	1	Feb 15, 2023	2014403
COL11A1	G775E	1	1	Aug 03, 2022	2014555
ADNP	E1075K	0	1	Oct 13, 2023	2014672
TTR	F84Y	1	1	Jul 07, 2022	2014715
SCN1A	T235A	1	1	Aug 09, 2022	2016244
SCN1A	M1856R	1	1	Aug 25, 2022	2016301
NOTCH1	S1087R	0	1	Jul 13, 2022	2016425
IQSEC2	R995P	1	1	Feb 02, 2025	2017921
FOXC2	C498R	0	2	Dec 31, 2025	2024336
COL11A1	V405L	0	1	May 30, 2025	2024498
COL11A1	D357V	0	1	Sep 15, 2022	2025914
NPHS1	E588G	0	1	Aug 30, 2022	2027852
CREBBP	N522S	0	2	Dec 17, 2025	2027947
HCN1	A387T	1	1	Aug 30, 2022	2027999
DLX3	T169M	0	1	Oct 24, 2024	2029478
NOTCH1	K2156E	0	1	Sep 09, 2022	2029616
COL4A5	G914A	1	1	Sep 19, 2022	2031218
COL4A5	G435E	1	1	Apr 07, 2023	2031252
SCN1A	R1636G	1	1	Oct 05, 2022	2031256
COL4A5	G914S	1	2	Apr 29, 2026	2032817
RAI1	L1239P	0	1	Oct 24, 2024	2032861
NPHS1	D310Y	1	1	Aug 18, 2023	2032904
SCN1A	C351G	1	1	Sep 27, 2022	2032918
COL11A1	E1280D	0	1	Oct 21, 2024	2020465
SCN1A	E954G	1	1	Aug 09, 2022	2020613
SCN1A	S243P	1	1	Jul 30, 2022	2020670
GRIN2A	S1291F	0	1	Aug 05, 2022	2020732
DYRK1A	R622G	0	1	Sep 12, 2022	2022273
COL4A5	G207V	1	1	Aug 13, 2022	2023909
CAMK2B	K147N	1	1	Sep 13, 2022	2023959
SCN1A	M974R	1	1	Sep 22, 2022	2025866
STAG2	Q352E	0	1	Oct 24, 2022	2025872
SCN1A	D81V	1	1	Aug 27, 2022	2027352
COL4A5	G653A	1	1	Dec 03, 2022	2027560
CYFIP2	Y675H	0	1	May 08, 2023	2020293
COL4A5	G1107E	1	1	Oct 04, 2024	2021989
COL11A1	W4R	0	1	Aug 11, 2022	2023535
IQSEC2	G485E	0	1	Sep 03, 2022	2028805
COL3A1	G441R	1	2	May 15, 2025	2032118
PMM2	D65G	1	2	Nov 01, 2025	2019866
RAI1	G90V	0	1	Oct 24, 2024	2021308
SOS2	I1228V	0	2	Jan 08, 2026	2021349
ATL1	V405G	1	1	Oct 03, 2022	2021433
SLC16A2	M1R	1	1	Aug 19, 2022	2024767
COL3A1	G1131V	1	1	Jan 26, 2023	2024940
ADNP	A200V	0	1	Sep 27, 2022	2024949
COL3A1	G774D	1	1	Oct 17, 2022	2024969
SCN1A	D81Y	1	1	Oct 12, 2022	2024986
RAI1	K1578R	0	1	Nov 08, 2022	2024997
GRIN2A	S1291T	0	1	Oct 24, 2022	2026592
SCN1A	S1328A	1	1	Feb 03, 2025	2026678
COL4A5	G1339D	1	1	Aug 31, 2022	2028029
GJA3	F203L	1	1	Oct 17, 2022	2028307
PMM2	R162P	1	1	Apr 24, 2023	2028388
SMARCA4	T1032N	1	1	Oct 13, 2022	2029925
GJA8	F32V	1	1	Mar 08, 2023	2030122
SCN1A	S1231I	1	1	Oct 21, 2022	2034846
SCN1A	I252L	1	1	Oct 19, 2022	2036212
CREBBP	P20L	0	1	Jan 19, 2024	2036234
SCN1A	W873S	1	1	Oct 21, 2022	2036406
CREB3L3	A409T	0	2	Jan 06, 2026	2039715
SOS2	E431K	1	1	Mar 14, 2022	2039738
NOTCH1	V1307I	0	2	Jun 01, 2026	2040005
EP300	N2379H	0	1	Aug 21, 2023	2040025
KANK2	R309Q	0	2	Feb 01, 2026	2041493
FOXC2	L372F	0	1	Jan 02, 2024	2041544
RAI1	R348H	0	1	Jun 17, 2024	2041591
ANKRD11	L119F	0	1	Jan 27, 2025	2041602
EP300	P2220R	0	2	Oct 27, 2025	2043341
SCN1A	L1717R	1	1	Mar 22, 2022	2043430
DPF2	S51N	0	1	Dec 09, 2024	2044861
ROR2	V612L	0	1	Jan 18, 2026	2044949
ANKRD11	L2027V	0	2	Nov 25, 2025	2045053
LRRK1	N1700S	0	1	Sep 16, 2025	2046526
EP300	L1563V	0	1	Oct 16, 2024	2046539
COLGALT1	R155G	0	2	Oct 28, 2025	2046588
PLD3	G63S	0	2	Jan 05, 2026	2046591
NFKBIA	E51K	0	1	Apr 04, 2024	2046707
RAI1	P324L	0	1	Aug 29, 2025	2046725
KDF1	R21Q	0	1	Dec 29, 2025	2046799
NOTCH1	W1813S	0	1	Jan 30, 2026	2036064
KRT74	R443H	0	1	Jan 31, 2026	2037472
NCKAP1L	S402L	0	2	Feb 02, 2026	2039307
SLC36A2	T196I	0	1	Jan 15, 2026	2039419
KRT74	S381G	0	1	Jan 27, 2026	2039430
RAI1	T65M	0	2	Jan 31, 2026	2041177
SOS2	S482N	0	1	Jan 05, 2026	2041230
RAI1	A1251T	0	1	Nov 03, 2025	2041304
RAI1	P360L	0	1	Jul 04, 2025	2042716
KMT2E	I684T	0	2	Nov 04, 2024	2042865
COLGALT1	R226Q	0	2	Feb 01, 2026	2042888
OPLAH	P908S	0	1	Jan 13, 2026	2042941
BCKDHA	D302G	1	1	Dec 16, 2021	2044440
NOTCH1	E1555V	0	1	Sep 03, 2025	2044449
NCKAP1L	T730M	0	1	Jan 19, 2026	2046294
COL6A2	R719Q	0	1	Aug 03, 2025	2046419
EYA1	L483P	1	1	Oct 13, 2022	2033782
PPT1	M1L	1	2	Apr 23, 2024	2035352
SCN1A	R1322S	1	1	Oct 13, 2022	2035368
COL11A1	P1323S	0	1	Mar 09, 2025	2035413
COL3A1	G456S	1	2	Jun 09, 2025	2035506
RAI1	D563N	0	1	Nov 01, 2025	2037190
GATA1	V371M	0	1	Jun 18, 2022	2037240
ABCD1	R234H	0	1	Dec 16, 2024	2037255
KMT2E	S1424P	0	1	Feb 03, 2026	2038956
KRT74	L422M	0	1	Nov 03, 2025	2039129
EP300	M693V	0	2	Jan 06, 2025	2040538
HNRNPU	A603T	1	1	Nov 28, 2022	2042325
RAI1	G816V	0	1	Oct 16, 2024	2042486
RAI1	P1276T	0	1	Dec 31, 2025	2042487
CREBBP	V994M	0	2	Oct 28, 2025	2043993
OPLAH	S642C	0	1	Jan 16, 2026	2044071
PXDN	N914S	0	1	Jul 13, 2025	2044339
ALDH3A2	S212R	1	1	Dec 21, 2021	2045727
RAI1	T1136M	0	1	Jan 31, 2026	2045960
COL3A1	G717R	1	1	Nov 16, 2022	2036633
ABCD1	R456P	0	1	Apr 13, 2023	2038473
CC2D2A	K1604R	0	1	Jan 06, 2026	2038655
XDH	Y1255F	0	1	Jul 11, 2025	2041833
CDK5RAP2	D1195E	0	1	Dec 11, 2024	2042000
INPP5E	S386P	1	2	Mar 17, 2026	2042055
CREBBP	A1003G	0	1	Aug 14, 2024	2043585
TRPM4	D804N	0	1	Dec 15, 2025	2043731
NCKAP1L	D66H	0	1	Jan 26, 2026	2045630
PMPCB	A375T	0	1	Jan 29, 2026	2048265
CAMTA1	T959M	0	1	Dec 26, 2025	2048456
NFKBIA	S288G	0	1	Oct 22, 2024	2048652
ABCD1	R456C	0	2	Dec 16, 2025	2051799
EP300	Q874H	0	1	Nov 23, 2022	2053659
WDR4	T199I	0	1	Jan 07, 2026	2055144
EPHB4	P235S	0	1	Sep 16, 2025	2055171
BMP1	G713S	0	1	Jan 28, 2026	2055220
GJA3	Y66H	1	1	Feb 01, 2022	2055275
KMT2E	K234R	0	1	Sep 18, 2024	2055298
COL3A1	K779N	1	1	Feb 07, 2022	2057045
TTR	A117D	1	1	Nov 01, 2022	2057055
CACNA1D	H1740R	0	1	Oct 27, 2025	2057088
KRT1	Q4E	0	1	Nov 20, 2025	2057106
GRIN2A	G1418C	0	1	Jul 09, 2020	2060396
PLD3	C300Y	0	2	Jan 12, 2026	2060536
CREB3L3	L234V	0	1	Oct 06, 2025	2049558
EP300	P2292A	0	2	Jan 01, 2026	2049580
KDF1	F219L	0	2	Oct 22, 2025	2049806
KMT2E	V1662A	0	2	May 01, 2026	2049885
KMT2E	R178C	0	1	Jul 18, 2025	2049915
STAG2	C711Y	0	1	Aug 24, 2024	2053343
PLD3	P76A	0	2	Sep 10, 2025	2055115
SERPING1	E42K	0	1	Dec 30, 2023	2055125
NOTCH1	A2374S	0	1	Jun 07, 2022	2056542
KMT2E	N1195S	0	2	Mar 01, 2026	2056592
EP300	V2140I	0	1	Aug 04, 2025	2060168
ABCD1	S58C	0	2	Jun 17, 2025	2060249
KMT2E	T1542M	0	1	Dec 22, 2025	2060255
AVP	H121Y	0	2	Jun 12, 2025	2047616
NOTCH1	F1239V	0	1	Feb 11, 2023	2047630
COL11A1	V968M	0	1	Jul 23, 2024	2047753
ERCC6	R1303Q	0	2	Feb 01, 2026	2049267
CREBBP	T244M	0	1	Oct 11, 2022	2049391
ERCC6	G1410R	0	1	Jan 24, 2026	2049403
COL4A5	S916N	0	1	Mar 27, 2025	2050934
FOXC2	D202N	0	1	Dec 09, 2025	2051078
GRIN2A	N1282S	0	1	Oct 22, 2024	2052562
RAI1	C1785G	0	1	Apr 24, 2023	2054280
NCKAP1L	P939S	0	2	Jan 04, 2026	2054335
LRRK1	T1883M	0	1	Dec 13, 2025	2054403
NCKAP1L	H73Y	0	1	Jan 24, 2026	2054556
ADAMTS9	R702Q	0	1	Jan 10, 2024	2056063
PIGM	P348S	0	1	Oct 08, 2025	2056194
BACH2	G305R	0	1	Jan 19, 2026	2056230
KMT2E	H1394Q	0	2	Mar 01, 2026	2058002
KMT2E	P1433A	0	1	Jan 08, 2024	2058023
CAMTA1	P1219A	0	2	Dec 01, 2025	2058069
RAI1	K1720Q	0	1	Oct 21, 2022	2058113
SOD1	H81Y	1	1	May 08, 2022	2059610
ANKRD11	A416T	0	2	Jun 18, 2026	2047148
COL11A1	N310H	0	1	Dec 06, 2022	2047151
ADNP	D932G	0	1	Jun 04, 2022	2047161
OPLAH	G889R	0	1	Jan 27, 2026	2048940
OPLAH	T301S	0	1	Jan 27, 2026	2048943
KMT2E	P1747A	0	1	Dec 09, 2025	2049045
ERCC6	N115S	0	1	Jan 21, 2026	2050466
NPHS1	N547K	0	1	Dec 14, 2023	2050536
RAI1	A1203T	0	2	Oct 02, 2025	2050593
EP300	M153V	0	2	Oct 01, 2024	2052288
CSF1R	P510L	0	2	Sep 21, 2025	2053848
COL11A1	P974T	0	2	Dec 15, 2025	2053921
RAI1	A1300T	0	1	Aug 20, 2025	2053962
RAI1	P664L	0	1	Aug 29, 2025	2055779
BCKDHA	P39R	0	1	Feb 04, 2026	2055815
ADNP	F879S	0	1	Aug 16, 2022	2055908
EP300	A2390T	0	2	May 30, 2025	2055942
CREBBP	P901L	0	2	Jun 24, 2024	2057452
NSD1	R1200W	0	2	Jul 28, 2023	2057529
GRIN2A	G56S	0	1	Oct 29, 2024	2057543
SLC12A3	R334W	1	2	Jun 10, 2026	2059379
CREBBP	G1355R	0	1	Aug 04, 2023	2063800
CREBBP	A138T	0	2	Jun 13, 2025	2064121
STAG1	S24N	0	2	Jan 05, 2026	2064148
SCN1A	I173F	1	1	Nov 13, 2023	2065528
CARD14	G554A	0	1	Sep 02, 2025	2065824
ABCD1	G239S	0	1	Mar 14, 2023	2065877
COL11A1	Q1374R	0	1	May 13, 2024	2067269
HCN1	R781G	0	1	Jun 04, 2022	2067284
NCKAP1L	I58V	0	2	Feb 04, 2026	2067313
COL11A1	A1235D	0	1	Mar 01, 2024	2067395
CAMTA1	E1462K	0	1	Jan 12, 2026	2069027
NFS1	R140Q	0	1	Dec 15, 2025	2069095
LRRK1	E2002K	0	1	Dec 13, 2025	2069273
PLD3	G452E	0	2	Mar 11, 2025	2072245
CYFIP2	I639F	1	1	May 16, 2022	2062031
CREBBP	H1470P	1	1	Apr 07, 2025	2063697
CYFIP2	R727Q	0	1	Oct 03, 2023	2065354
EPHB4	D576E	0	2	Apr 21, 2026	2065355
VPS11	M155L	0	1	Feb 01, 2026	2065358
IQSEC2	R612H	0	1	Nov 27, 2023	2066815
ASL	M256T	1	2	Aug 22, 2025	2066939
HNRNPU	F457L	0	1	Aug 13, 2024	2067100
EP300	T148A	0	1	Dec 24, 2022	2073328
NSD1	S2263T	0	1	Apr 10, 2023	2073444
ANKRD11	P753L	0	2	Jun 22, 2025	2073536
RAI1	R1172H	0	2	Feb 02, 2026	2073546
COL3A1	G360V	1	1	Jul 26, 2024	2073641
ITGB4	V423M	0	1	Jun 12, 2025	2075056
COL11A1	D611N	0	1	Jul 23, 2024	2061235
SLC6A19	M628T	0	1	Dec 31, 2024	2061274
SLC38A8	P57L	0	1	Oct 28, 2025	2061370
STAG2	I1060V	0	2	May 13, 2025	2061448
SCN1A	F1415L	1	1	Dec 26, 2021	2061575
CYFIP2	F710L	0	1	Jun 16, 2023	2063156
NSD1	D732N	0	2	Jan 28, 2026	2064771
RAI1	G520S	0	2	Aug 12, 2025	2065050
SERPING1	T214M	0	1	Jan 25, 2026	2066511
NSD1	T972A	0	1	Dec 08, 2025	2070024
GP6	E215K	0	1	Oct 21, 2025	2071178
ERCC6	R837H	0	1	Mar 13, 2024	2060862
SLC7A9	P482L	1	2	Apr 29, 2026	2060879
DISP1	R1132Q	0	1	Sep 27, 2024	2060914
CAMTA1	E462K	0	2	Jul 25, 2023	2061112
EP300	G238D	0	2	Mar 01, 2026	2062549
KDM5C	K1241R	0	1	Oct 24, 2025	2062730
SCN1A	E1708K	1	1	Oct 03, 2023	2062795
DBT	R291Q	1	1	Feb 02, 2024	2064599
CREBBP	A2419V	0	2	Jun 02, 2025	2066079
KDF1	P67L	0	1	Oct 13, 2025	2067962
TGM6	E379K	0	1	Nov 03, 2025	2069539
COL4A5	G690V	1	1	Jan 02, 2022	2069619
KMT2E	S1232N	0	2	Mar 13, 2023	2071091
ADNP	P739S	0	2	Aug 01, 2025	2072396
PURA	A308V	0	1	Oct 23, 2024	2072497
TRIOBP	S1481F	0	1	Sep 12, 2024	2072592
KMT2E	G257D	0	2	Sep 05, 2025	2072783
SOS2	V719I	0	1	Jul 27, 2025	2075439
SOS2	C1064Y	0	2	Mar 07, 2025	2075477
TRPM4	M284L	0	1	Nov 11, 2025	2075666
STIM1	S572G	0	1	Aug 21, 2022	2077167
CREBBP	N2111S	0	2	May 11, 2025	2077299
NSD1	C2202F	1	1	Apr 29, 2024	2077350
NSD1	P2349S	0	2	Aug 29, 2025	2079220
NPHS1	L3M	0	1	Feb 23, 2024	2079269
SOS2	R623C	0	1	Feb 24, 2025	2080587
EP300	A2259T	0	2	Apr 01, 2025	2080651
NSD1	R632Q	0	2	Aug 29, 2025	2080948
NOTCH1	T790I	0	1	Nov 27, 2025	2080986
GRIN2A	N1076S	0	1	Feb 26, 2024	2082309
TBK1	T599M	0	1	Aug 06, 2025	2082320
NAA15	N717H	0	2	Jan 01, 2026	2082397
RAI1	G913S	0	1	Jul 02, 2025	2082539
CYP21A2	R370W	1	2	Jul 18, 2026	2084270
SLC38A8	T356N	0	1	Dec 16, 2025	2084300
KMT2E	N482S	0	1	Nov 14, 2025	2084333
CAMTA1	A855T	0	2	Dec 15, 2025	2085753
KMT2E	N325S	0	1	Jun 06, 2025	2076824
NSD1	P2212S	1	1	Feb 02, 2022	2076910
GRIN2A	N1066Y	0	1	Oct 23, 2024	2076983
RAI1	Q163R	0	2	Sep 24, 2025	2078483
EPHB4	L494P	1	1	Feb 08, 2022	2078593
CREBBP	S93N	0	1	Jun 12, 2025	2078594
NSD1	F890Y	0	1	Apr 10, 2024	2080335
RAI1	T1393A	0	1	Oct 02, 2025	2082069
CREBBP	P882S	0	1	Jul 29, 2025	2082130
CREBBP	A763S	0	1	Jul 29, 2025	2082131
ABCD1	E477K	0	1	Sep 18, 2023	2082210
SCN1A	D518E	0	1	Jul 30, 2024	2083619
COL4A5	D327E	0	1	Jan 18, 2026	2083715
CBLIF	L74F	0	1	Mar 28, 2021	2085373
DNM1	D215V	0	1	Aug 19, 2024	2088873
WDR4	L235P	0	2	Jan 06, 2026	2074642
NPHS1	E189K	0	1	Feb 14, 2024	2074694
KMT2E	P1325S	0	2	Feb 03, 2026	2074720
KMT2E	T1766I	0	2	Dec 28, 2025	2074721
ERCC6	R915Q	0	1	Sep 07, 2025	2074818
EP300	P2128A	0	2	Sep 05, 2025	2076442
COL11A1	L837I	0	1	Apr 17, 2025	2076674
NSD1	P2388L	0	2	Jun 29, 2025	2076676
CABP4	G207R	0	1	Apr 18, 2024	2077988
CREB3L3	H114P	0	1	Jan 07, 2025	2078027
PEPD	I45V	0	1	Dec 26, 2025	2078029
GRIN2A	E1137V	0	1	May 23, 2023	2078066
OPLAH	R615W	0	1	Oct 24, 2025	2079786
SOX2	M276I	0	1	Jul 07, 2023	2080063
CACNA1D	I145V	0	1	Sep 27, 2025	2083337
KMT2E	R963C	0	2	Jan 15, 2026	2084890
TGM6	L135H	0	1	Jun 13, 2025	2084918
COL6A2	D682N	0	1	Dec 30, 2024	2084979
CSF1R	I499K	0	1	Jan 06, 2026	2085206
TRAPPC9	T95I	0	2	Sep 26, 2025	2085214
CYFIP2	I1009T	0	1	Jan 07, 2024	2074222
NOTCH1	V1874I	0	1	Jul 05, 2022	2074241
WDR4	A408V	0	1	Jan 13, 2026	2075990
ASL	H33Q	0	1	Dec 23, 2024	2077933
ANKRD11	H1488Q	0	2	Apr 14, 2026	2079487
SCN1A	A1653V	1	1	Dec 22, 2023	2081155
RAI1	R273H	0	1	Nov 17, 2025	2081282
LMF1	L563R	0	2	Dec 21, 2025	2082783
COL3A1	G480R	1	1	Jan 22, 2023	2084590
SCN1A	S1232R	1	1	May 10, 2023	2086222
SCN1A	N1349T	1	1	Jun 17, 2022	2086559
MBD5	M417R	1	1	Oct 21, 2024	2097844
FOXC2	S232N	0	2	Apr 23, 2025	2099712
ADNP	N887S	0	2	Jan 26, 2025	2099733
ADNP	R225Q	0	1	Aug 17, 2023	2099963
RAI1	Y141H	0	1	Jul 26, 2022	2101320
SCN1A	V237L	1	1	Oct 02, 2023	2101470
ADNP	N832I	0	1	Nov 01, 2022	2101582
KMT2E	P72L	0	1	Oct 15, 2024	2090661
TWIST1	R116P	1	1	Mar 14, 2022	2093953
SCN1A	I1214K	1	1	Jun 26, 2024	2094348
GRIN2A	D1075N	0	1	Aug 09, 2022	2096069
COL11A1	E1741K	0	1	May 15, 2023	2097578
STAT1	Q67P	1	1	Jul 08, 2022	2097602
COL4A5	G612R	1	1	May 31, 2022	2099251
BMP1	P706T	0	1	Aug 30, 2022	2102669
DYRK1A	V676E	0	1	Mar 17, 2022	2095410
COL6A2	V459I	0	1	Jun 01, 2022	2095566
COL11A1	G1522D	1	1	Jul 26, 2022	2095627
PMM2	D12H	1	2	Mar 23, 2026	2098914
NDUFV1	C382Y	1	1	Jul 01, 2024	2098948
GRIN2A	F147S	0	1	Mar 22, 2022	2099067
SMARCE1	G101S	1	1	Apr 08, 2022	2100458
RAI1	T1393P	0	1	May 15, 2024	2100590
ANKRD11	Q1956E	0	1	May 16, 2022	2100640
TNNI3	Q175P	1	1	Feb 08, 2022	2088002
COL11A1	P446L	0	1	Feb 24, 2024	2091554
COL4A5	G1282R	1	2	Sep 10, 2025	2093247
RAI1	S455F	0	1	Aug 16, 2022	2094815
RAI1	G161D	0	1	Jul 26, 2022	2096540
NKX2-1	S6N	0	1	Sep 02, 2025	2096653
PURA	M1I	1	1	May 17, 2022	2098281
CFTR	L578P	1	1	Apr 08, 2022	2098461
DPF2	L128R	0	1	Jul 26, 2022	2098639
CYP1B1	R117L	1	1	Jul 16, 2023	2098650
KRT1	I195N	1	1	Feb 14, 2024	2098673
COL4A5	G678S	1	1	Mar 26, 2022	2100121
GRIN2A	D776N	1	1	Feb 03, 2025	2100167
RAI1	S1628F	0	1	Jul 26, 2022	2100301
SCN1A	E951K	1	1	Sep 08, 2025	2100352
EP300	P113L	0	1	May 02, 2025	2103313
SLC26A4	Y530D	1	1	Mar 01, 2022	2105136
COL11A1	S854F	0	1	Nov 17, 2023	2108402
SCN1A	V887E	1	2	Aug 04, 2025	2113707
RAI1	L1652F	0	1	Aug 30, 2023	2104313
COL11A1	N1771S	0	1	Feb 28, 2022	2104549
LBR	M1V	1	1	Jan 27, 2025	2106050
GABRA2	L160P	0	1	Sep 07, 2022	2106248
SOS2	S1260N	0	2	Oct 28, 2024	2106362
COL4A5	G588D	1	1	Aug 04, 2023	2106379
SCN1A	V1390A	1	1	May 17, 2022	2107915
NOTCH1	S1326F	0	1	Sep 05, 2022	2109746
HNRNPU	Q176H	0	1	May 13, 2022	2109879
HNRNPU	L419F	0	1	Aug 10, 2022	2111451
COL11A1	H419R	0	1	Aug 30, 2023	2111533
SLC26A4	Q514P	1	1	Mar 28, 2022	2113124
KMT2E	G1196S	0	1	Oct 05, 2022	2115012
COL11A1	L1025I	0	1	Apr 09, 2025	2116443
NOTCH1	D1815G	0	1	Feb 22, 2022	2102151
CREBBP	T817I	0	1	Feb 27, 2022	2103980
GJA8	G46E	1	2	Jan 15, 2026	2103996
RAI1	L1024R	0	1	Aug 15, 2022	2106031
KCTD17	G300R	0	1	Mar 13, 2022	2107604
COL4A5	G917D	1	1	Mar 08, 2022	2107712
SLC12A3	Y540H	1	1	Mar 15, 2022	2112745
ANKRD11	D134G	0	1	Apr 30, 2024	2102069
DYRK1A	S301N	0	1	Aug 09, 2022	2103794
HCN1	D880E	0	1	Aug 15, 2022	2103870
COL11A1	Q692K	0	1	Mar 11, 2022	2108927
NOTCH1	G1894S	0	1	Jun 26, 2025	2110386
CYFIP2	V5I	0	1	Aug 10, 2023	2110786
CSF1R	L91R	0	1	Apr 24, 2023	2112364
RAI1	D809V	0	1	Aug 16, 2022	2120306
SCN1A	G854E	1	1	Jan 27, 2026	2120357
COL11A1	P1170S	0	1	Mar 04, 2025	2122120
NSD1	N1913I	1	1	Apr 06, 2022	2122221
COL4A5	G54R	1	2	Jan 05, 2026	2122283
COL3A1	G606C	1	1	Apr 21, 2022	2128970
COL4A5	G696C	1	1	Oct 25, 2022	2129081
NPHS1	D105A	1	1	Apr 22, 2022	2129116
PMM2	D188E	1	1	Mar 27, 2022	2118354
CREBBP	T950K	0	1	Apr 07, 2023	2118483
GATA2	R398G	1	1	Oct 13, 2022	2121724
NOTCH1	N2295S	0	1	Aug 09, 2022	2127090
HCN1	R195S	1	1	Aug 23, 2022	2128837
COL11A1	E1741A	0	1	Mar 01, 2024	2116226
COL4A5	G1134S	1	1	Mar 31, 2022	2119767
KDM6A	T767I	0	1	Jul 07, 2023	2121207
COL11A1	R1605L	0	1	May 20, 2022	2126521
SLC12A3	S475F	1	1	Mar 23, 2022	2115869
COL11A1	T1554K	0	1	Jul 17, 2023	2117247
COL11A1	G545A	0	1	Jul 13, 2025	2117561
COL3A1	G252S	1	2	Sep 18, 2024	2120816
SCN1A	D936A	1	1	May 05, 2022	2134121
SLC26A4	P140R	1	2	Jun 06, 2024	2134324
NOTCH1	A2085V	0	1	Apr 30, 2022	2132082
SCN1A	N1414K	1	1	Mar 04, 2024	2133727
RAI1	L257R	0	1	Oct 24, 2024	2135470
SCN1A	V406A	1	1	May 15, 2024	2135605
COL3A1	G243R	1	1	Apr 23, 2022	2129799
EXT1	M1L	1	1	Apr 24, 2022	2130082
SCN1A	E78K	1	1	Apr 29, 2022	2131886
ABCD1	A144T	1	1	Nov 29, 2022	2129372
RAI1	R1147Q	1	1	Oct 13, 2023	2129534
GRIN2A	P327T	0	1	Apr 28, 2022	2131294
IQSEC2	A1313V	0	1	Jun 17, 2024	2131449
EP300	I567V	0	1	Apr 20, 2023	2136090
WNT10B	C256Y	1	1	Jun 13, 2024	2136157
SLC26A9	S324L	0	1	Jan 04, 2022	2210752
MTFMT	P11L	0	1	Mar 05, 2024	2210992
GAS2L2	R344H	0	2	Jun 01, 2022	2212826
TP73	A2S	0	1	Sep 17, 2021	2216015
STAG1	I526T	0	1	May 11, 2022	2216096
GAS2L2	S399L	0	1	Sep 16, 2021	2205136
HNRNPU	T474I	0	1	Jul 26, 2022	2210321
SLC34A2	C687S	0	1	Nov 08, 2022	2210419
SETD1A	A1305T	0	1	Aug 02, 2022	2212273
CAT	Q424R	0	1	Mar 25, 2022	2215761
ERCC3	V405I	0	1	May 18, 2022	2206581
TSEN34	P164S	0	1	Dec 08, 2021	2206611
ITGA2	V843A	0	1	Oct 26, 2021	2208198
SLC24A4	V417M	0	1	Sep 21, 2021	2208313
KIDINS220	N851S	0	1	Apr 13, 2022	2211665
ANKRD11	D1332N	0	2	May 21, 2026	2215144
GAS2L2	G433R	0	1	Aug 13, 2021	2215452
UROC1	E395K	0	1	Oct 06, 2021	2205958
IRF2BPL	S313L	0	1	Sep 01, 2021	2209587
SETD1A	R457Q	0	1	Feb 17, 2022	2209634
KIDINS220	S1421N	0	1	Jun 18, 2021	2211190
CEP85L	A7V	0	1	Jun 17, 2022	2212915
NLRP5	G403V	0	1	Dec 05, 2022	2213127
AFF2	G390A	0	1	Feb 11, 2022	2216410
CEP85L	A109T	0	1	May 25, 2022	2217982
ANKRD55	R369Q	0	1	Jun 29, 2022	2218027
ODAD2	K867E	0	1	Aug 12, 2021	2223229
MED17	G74R	0	1	Jun 24, 2022	2226425
IQSEC2	R359H	1	2	Nov 14, 2025	2228369
LIPE	Q133E	0	1	Nov 12, 2021	2229798
RNF168	P510S	0	1	Apr 17, 2021	2230149
CEP126	T461M	0	1	Oct 27, 2022	2217241
PRR12	E259K	0	1	Dec 19, 2022	2220876
EP300	T148M	0	2	May 27, 2025	2220933
TNRC6B	P556S	0	1	Jul 13, 2021	2222816
SETD1A	R1395C	0	1	Oct 12, 2021	2224241
SOHLH1	D130N	0	1	May 25, 2022	2227668
TNRC6B	G644E	0	1	Jun 17, 2022	2227669
ADAMTS9	N1390S	0	1	Nov 15, 2021	2227738
CNOT3	S467T	0	1	Oct 06, 2021	2218749
F13A1	Q469E	0	1	May 18, 2022	2222361
EP300	P873A	0	1	May 26, 2022	2222387
OSMR	P960L	0	1	Jul 14, 2021	2225428
KDM5C	R789H	0	1	May 19, 2026	2227269
ESPN	C397R	0	1	Apr 06, 2022	2227503
TNRC6B	Q915R	0	1	Jan 05, 2022	2218339
AP1S2	V38I	0	2	Nov 25, 2023	2218349
MST1	D472E	0	1	Mar 16, 2022	2221601
MYO18B	D2432N	0	1	Apr 28, 2022	2225141
LIMK1	V24M	0	1	Nov 10, 2022	2227142
CHD3	R1991Q	0	1	Sep 29, 2022	2230380
RP1	K1558N	0	1	Aug 10, 2021	2242688
DBT	L240P	0	1	Aug 12, 2021	2244335
SLC34A2	L371I	0	1	Aug 13, 2021	2244402
ANKRD11	D938E	0	1	Apr 03, 2025	2231529
DYRK1A	A263S	0	1	Jun 28, 2021	2231600
PRR12	P226S	0	1	Aug 12, 2021	2243951
GP6	V232I	0	1	Jun 18, 2021	2232951
MUC1	L407F	0	1	Jun 23, 2021	2233079
DNA2	N568S	0	1	Jul 06, 2021	2234586
ADAMTSL1	V1477M	0	1	Jul 06, 2021	2234764
DPYD	V902A	0	1	Jul 13, 2021	2236534
DISP1	F199L	0	1	Jul 28, 2021	2239723
ANKRD11	K1554R	0	1	Jul 28, 2021	2239821
KDM5C	P1545S	0	1	Aug 12, 2021	2243501
DPYD	V482I	0	1	Jul 09, 2021	2235853
OPN1MW	V320I	0	1	Jul 15, 2021	2237824
CHD3	R1650T	0	1	Jul 13, 2023	2239340
CHD3	L326Q	0	2	Jan 01, 2026	2241299
TTC12	N286D	0	1	Aug 10, 2021	2242980
SERPINI1	I53V	0	1	Aug 12, 2021	2243122
NSD1	T2356M	0	2	Dec 05, 2024	2244688
EPB41L1	N555S	0	1	Sep 17, 2021	2244713
TNRC6B	L791I	0	1	Aug 30, 2021	2247417
IQSEC2	G5R	0	1	Sep 13, 2021	2248988
NLRP5	M725V	0	1	Sep 22, 2021	2249191
WEE2	V451I	0	1	Oct 06, 2021	2254000
OPLAH	Q583R	0	1	Oct 12, 2021	2254280
DNAJC6	A700T	0	1	Sep 01, 2021	2248573
GNPAT	K315R	0	1	Sep 16, 2021	2250296
TBCE	R380T	0	1	Sep 27, 2021	2252200
GNS	S537N	0	1	Oct 06, 2021	2253927
KLF11	G151R	0	1	Aug 17, 2021	2246492
SETD1A	I1173V	0	1	Sep 17, 2021	2251459
ADAMTS9	N695S	0	1	Sep 17, 2021	2251566
MRAP	G118D	0	1	Dec 14, 2021	2253492
IGSF3	P6L	0	1	Oct 12, 2021	2254974
TNRC6B	A1779T	0	1	Oct 05, 2021	2255081
KRT1	I114F	0	1	Oct 26, 2021	2256834
ITGB4	A1053T	0	1	Oct 26, 2021	2256877
BUB1	S314F	0	1	Sep 01, 2021	2247662
GJA8	T120A	0	1	Sep 01, 2021	2247682
GPR179	G744S	0	1	Oct 12, 2021	2254749
MBD5	R240M	0	1	Jan 18, 2022	2256158
TAB2	N337S	0	1	Oct 29, 2021	2258053
NOP56	D226E	0	1	Nov 09, 2021	2260121
CNOT3	S396N	0	2	Jan 03, 2025	2261768
MYO9A	Y1111H	0	1	Dec 14, 2021	2267229
ARHGEF1	A289V	0	1	Jan 03, 2022	2268783
EP300	Y468C	0	1	Jan 07, 2022	2270785
ERAP1	R887W	0	1	Jan 07, 2022	2270788
GGT1	R517K	0	1	Nov 09, 2021	2259807
ZSWIM7	R64H	0	1	Aug 23, 2021	2261567
PRR12	P1006L	0	1	Dec 27, 2022	2266825
MUC1	A27T	0	1	Aug 08, 2022	2268440
AFF2	I604T	0	1	Nov 15, 2021	2261217
KDM6A	G50S	0	2	Sep 07, 2025	2262932
IL17F	H160R	0	1	Jan 04, 2022	2269604
MBD5	N1466H	0	1	Jan 04, 2022	2269753
PRR12	E737K	0	1	Aug 17, 2022	2271582
EPHB4	A416G	0	1	Nov 12, 2021	2260610
ODAD1	G564S	0	1	Dec 20, 2024	2260657
BDP1	V1649I	0	1	Dec 07, 2021	2265851
HDAC4	Q558L	0	1	Jan 04, 2022	2269165
UROC1	V482A	0	1	Jan 07, 2022	2270942
PRR12	S904L	0	1	Dec 05, 2022	2272779
MBD5	D468H	0	1	Jul 24, 2022	2275015
GAS2L2	W576R	0	1	Mar 11, 2022	2278354
TULP3	N342D	0	1	Feb 11, 2022	2280011
FCGR2C	V149M	0	1	Aug 08, 2022	2281929
NSD1	L472I	0	1	Feb 10, 2022	2276375
ODAD1	A643S	0	1	Jun 03, 2022	2273287
TAOK1	M998I	0	2	Sep 01, 2025	2273934
IGSF3	M543T	0	1	Jan 27, 2022	2274266
IQSEC2	P1355S	0	2	Oct 29, 2025	2275834
DNA2	I130V	0	1	Feb 03, 2022	2275876
WDR37	T180M	0	2	Aug 01, 2023	2279214
SLC26A4	T717I	0	1	Feb 03, 2022	2275353
CHST8	A91V	0	1	Feb 03, 2022	2275365
PRR12	I1246V	0	1	Feb 11, 2022	2277095
PPM1B	S466C	0	1	Mar 16, 2022	2278870
DPP9	Q256K	0	1	Mar 29, 2022	2280485
UBAP1L	P224Q	0	1	Mar 29, 2022	2280561
ATAD3A	V562I	0	1	Mar 29, 2022	2280612
SLCO1B1	P370S	0	1	Apr 08, 2022	2282421
LRIT3	T177S	0	1	May 09, 2022	2287977
PGM2L1	R237K	0	1	Jun 09, 2022	2294948
CRIPTO	R41Q	0	1	Dec 03, 2021	2296700
ADNP	P587S	0	1	Jul 05, 2022	2290966
STS	D541N	0	1	May 04, 2022	2287467
BACH2	I755L	0	1	May 05, 2022	2287590
ALG2	V266M	0	1	May 11, 2022	2288963
ABCD1	A725G	0	1	Jun 10, 2026	2290303
ESPN	A402T	0	1	May 11, 2022	2288515
CAMTA1	C1182W	0	1	May 27, 2022	2291747
NSD1	H485R	0	2	Mar 19, 2024	2306071
PRR12	P1926L	0	1	Jul 12, 2022	2301262
ANKRD11	P2463R	1	1	Aug 12, 2022	2301325
SETD1A	T274M	0	1	Jul 22, 2022	2302112
LIFR	T73A	0	1	Jul 19, 2022	2302317
BDP1	K647E	0	1	Dec 03, 2021	2305431
CEP85L	K220T	0	2	Dec 01, 2024	2312619
SPINK5	K821R	0	1	Jul 12, 2022	2300977
KLKB1	A178T	0	1	Apr 12, 2022	2305273
NSD1	P1170L	0	1	Aug 12, 2022	2306726
GGT1	I547V	0	1	Sep 16, 2022	2311955
SLC26A3	S563N	0	1	Sep 16, 2022	2311960
SETD1A	T325A	0	1	Aug 02, 2022	2304876
CDK5RAP2	R908Q	0	1	Aug 11, 2022	2306684
HEATR3	P198S	0	1	Sep 14, 2022	2311685
INPP5K	D255N	0	1	Sep 14, 2022	2311796
NSD1	M842V	0	2	May 07, 2025	2312775
GAS2L2	G532E	0	1	Sep 29, 2022	2314558
CBX2	P483L	0	1	Nov 17, 2022	2317768
PRR12	G504A	0	1	Nov 07, 2022	2322912
MYO18B	A1549S	0	1	Nov 17, 2022	2326315
D2HGDH	A32V	0	1	Nov 17, 2022	2326327
COL4A5	E284V	0	1	Sep 29, 2022	2314452
MYH2	I210V	0	1	Oct 03, 2022	2315966
LUZP1	V944M	0	1	Feb 17, 2022	2320575
ANKRD11	A1775P	0	1	Nov 07, 2022	2322549
PRR12	P1475T	0	2	Apr 01, 2026	2324279
SETD1A	A1312V	0	1	Nov 08, 2022	2324430
LGI4	V48I	0	1	Feb 25, 2022	2325952
CMPK2	M412V	0	1	Oct 03, 2022	2315509
ENPP1	K391R	0	1	Oct 03, 2022	2315518
ABCD1	I450V	0	1	Nov 08, 2022	2323715
TSEN34	E266G	0	1	Nov 10, 2022	2325681
RIPK4	Y330C	0	1	Oct 26, 2022	2319779
TNRC6B	A656T	0	1	Sep 17, 2022	2321458
GGT1	L5F	0	1	Nov 09, 2022	2324927
MGME1	I234V	0	1	Nov 17, 2022	2326782
GFM2	I645V	0	1	Dec 01, 2022	2330725
NELFA	A361T	0	1	Dec 13, 2022	2334028
KANK2	R480Q	0	1	Dec 13, 2022	2334055
ANKRD11	D1998E	0	1	Dec 13, 2022	2334358
CTSF	A41G	0	1	Dec 27, 2022	2339194
BDP1	I588T	0	1	Dec 15, 2022	2335332
HSD17B10	A78V	0	1	Dec 15, 2022	2335350
CPT1C	D802N	0	1	Dec 28, 2022	2340624
OPLAH	H73R	0	1	Nov 17, 2022	2327176
PLCH1	E1166D	0	1	Nov 18, 2022	2327370
CRIM1	V427I	0	1	Dec 06, 2022	2333292
SLC36A2	I97V	0	1	Dec 06, 2022	2333464
ATP8B1	D247H	0	1	Dec 01, 2022	2330256
TNRC6B	H368R	0	1	Dec 05, 2022	2333054
MAN2B2	R28Q	0	1	Dec 16, 2022	2336220
ZNF148	G588E	0	1	Feb 03, 2022	2347601
PRR12	G463A	0	2	Jun 01, 2026	2347665
CHD3	Y776C	0	1	Nov 25, 2021	2344010
IRF2BPL	P242S	0	2	May 01, 2026	2344250
PRR12	P448R	0	2	Jan 01, 2026	2344327
SLC24A4	V288M	0	1	Aug 23, 2021	2349089
TYMS	R185K	0	1	Sep 06, 2022	2350980
NKAP	S265N	0	1	Sep 01, 2021	2352503
ALPI	L388F	0	1	Jun 29, 2022	2354468
DPP9	A43T	0	1	Dec 19, 2022	2343666
IGSF3	V484I	0	1	Aug 11, 2022	2345094
ITGB4	A1689T	0	2	Apr 12, 2024	2345256
TNRC6B	V769A	0	1	Dec 07, 2021	2346925
SETD1A	P937L	0	2	Apr 01, 2022	2346982
SETD1A	P1118R	0	2	Apr 01, 2026	2352296
IRF2BPL	S218F	0	1	Dec 01, 2022	2353683
DLG3	G31S	0	1	Oct 29, 2021	2346213
LGI4	A186T	0	1	Jul 19, 2022	2346310
GAS2L2	R492C	0	1	Jan 04, 2022	2348178
OSMR	A524G	0	1	Sep 01, 2021	2351557
CHD3	P692L	0	1	Aug 16, 2021	2351570
GPNMB	I497V	0	1	Jan 18, 2022	2351792
ZIC2	H166R	0	2	Feb 13, 2025	2356761
EPHB4	T251M	0	1	Dec 09, 2024	2356892
IRF2BPL	S169G	0	1	Jun 09, 2022	2357008
NLRP5	R275Q	0	1	Jan 10, 2022	2354665
MIB2	R553H	0	1	Apr 12, 2022	2358196
DLG3	P221L	0	1	Feb 26, 2024	2362584
TRAPPC10	G983S	0	1	Nov 08, 2021	2362643
BDP1	R2599Q	0	1	Aug 30, 2021	2366006
EPHB4	A345T	0	1	Feb 23, 2023	2360268
PRR12	T355M	0	1	Nov 19, 2022	2362161
CEP126	K193R	0	1	Oct 22, 2021	2364143
PRR12	P1324S	0	1	Nov 22, 2021	2367436
PMPCB	T280S	0	2	Aug 01, 2024	2369206
STAG1	I115V	0	2	Nov 17, 2025	2355493
TMEM222	V179I	0	1	May 09, 2022	2355500
PRR12	P1472L	0	1	Jan 26, 2022	2355549
TNRC6B	T1139S	0	1	Oct 29, 2021	2359230
CEP85L	R332Q	0	1	Oct 26, 2021	2361940
SEMA3D	L38S	0	1	Jun 30, 2022	2366973
WDR4	L35F	0	1	Jul 08, 2025	2358538
SETD1A	K1569Q	0	1	Oct 29, 2021	2363030
PRR12	P1422L	0	1	Mar 11, 2022	2364709
EHHADH	R221Q	0	1	Sep 17, 2021	2364781
CEP85L	M339V	0	1	Dec 06, 2022	2366773
USP45	N500S	0	1	Oct 27, 2021	2368300
CHD3	A1945T	0	1	Jan 31, 2022	2368521
PXDN	S871N	0	1	Dec 13, 2022	2370006
PRR12	R734Q	0	2	Jul 01, 2022	2370125
TTC12	A347T	0	1	Jan 18, 2022	2371513
VANGL1	G434S	0	1	Dec 20, 2022	2380714
CHD3	R540H	0	2	Feb 01, 2025	2380902
TRAPPC10	M612V	0	1	Jun 27, 2022	2375095
GP6	R211Q	0	1	Nov 09, 2021	2375111
MPO	A394V	0	1	Feb 10, 2022	2378375
SLC38A8	M395V	0	1	Jul 12, 2022	2385390
SETD1A	G522R	0	1	Sep 27, 2021	2368631
TFE3	G470S	0	2	Feb 01, 2026	2368736
SETD1A	Y743C	0	1	Oct 06, 2022	2370731
PRR12	T74P	0	2	Oct 01, 2023	2376395
ZNRF3	A635V	0	1	Dec 19, 2022	2379749
IRF2BPL	A226V	0	1	Oct 12, 2021	2379786
TNRC6B	S517P	0	1	Jul 06, 2021	2380020
TRIOBP	K413R	0	1	Jul 13, 2021	2381810
KMT2E	K463E	0	2	Jul 01, 2024	2371742
USP45	V813I	0	1	Feb 11, 2022	2371969
LRRK1	A486V	0	1	Jun 27, 2022	2372108
TRAPPC10	E722D	0	1	Dec 03, 2021	2372128
SETD1A	R1288C	0	2	Jun 05, 2025	2373443
CHD3	G1651R	0	1	Jul 14, 2022	2374266
IGSF3	R429H	0	1	Jan 05, 2022	2375695
NOS1	R1203H	0	1	Aug 12, 2021	2375825
CHD3	R1650S	0	2	Dec 01, 2025	2379210
UVSSA	R691Q	0	1	Jul 06, 2021	2379226
GAS2L2	R441Q	0	1	Jan 26, 2022	2381095
MAN2B2	R50Q	0	1	Nov 08, 2022	2382727
ADAMTSL2	V118I	0	1	Oct 12, 2022	2382784
NEK10	R103H	0	1	Nov 01, 2022	2387619
PRR12	P799H	0	1	Dec 07, 2021	2387630
PRR12	G786R	0	1	Jun 21, 2021	2389031
SETD1A	A233V	0	1	Jul 13, 2022	2392597
PRR12	P769A	0	2	Oct 01, 2025	2394307
ADNP	R306Q	0	2	Aug 19, 2024	2385710
SOHLH1	A275V	0	1	Jan 19, 2022	2393834
HDAC4	G407E	0	1	Dec 20, 2022	2394172
NOS1	G7S	0	1	Oct 06, 2021	2395714
CHD3	A1962T	0	1	Jul 26, 2022	2395762
PRR12	G220S	0	1	Aug 30, 2022	2395865
FCGR2C	P83Q	0	2	Jan 01, 2023	2397613
THSD4	G94S	0	1	Nov 30, 2022	2385042
SETD1A	P1351L	0	1	Aug 16, 2022	2386854
TNRC6B	N356I	0	2	Apr 01, 2026	2386998
EP300	T1868M	0	1	Sep 15, 2021	2389788
TRAPPC9	D847N	0	1	Jul 06, 2021	2389864
ZNRF3	R878Q	0	1	Jan 26, 2022	2393437
CEP85L	I783V	0	1	Sep 30, 2021	2395238
PRR12	E872D	0	1	Aug 02, 2021	2395299
GPNMB	R535H	0	1	Jul 14, 2021	2389386
CREBBP	A254V	0	2	Jul 27, 2025	2389633
ITGB4	R401Q	0	1	Dec 01, 2022	2393202
SETD1A	W1221C	0	1	Nov 10, 2022	2393268
BDP1	N1289I	0	1	May 25, 2022	2396460
PRR12	A1663T	0	1	Dec 27, 2022	2396267
TNRC6B	N850D	0	1	Mar 25, 2022	2398033
RAD21	M287V	0	1	Aug 03, 2022	2401370
STAG1	P940S	0	1	Oct 04, 2022	2401403
PPM1B	S376N	0	1	Sep 16, 2021	2401489
MTTP	T432I	0	1	Jan 10, 2022	2401591
JAK3	A261V	0	1	Apr 13, 2022	2408807
STAG3	P849L	0	1	Jul 20, 2021	2399360
KMT2E	T1455M	0	2	Mar 09, 2024	2403217
ADAMTSL1	N1523S	0	1	Jun 23, 2021	2406661
CHD3	A1933T	0	1	Dec 15, 2022	2410075
HYAL2	R367W	0	1	Sep 16, 2021	2410242
TRAPPC10	R915H	0	1	Aug 30, 2021	2412115
NLRP5	V464A	0	1	Feb 11, 2022	2412204
PRR12	A1038V	0	1	Mar 29, 2022	2398855
TF	R696H	0	1	May 30, 2022	2400492
PRR12	R867H	0	2	Jul 01, 2025	2400505
TNRC6B	I56V	0	1	Jul 20, 2021	2400570
PRR12	A1524V	0	1	Dec 01, 2022	2404321
DPP9	S236N	0	2	Apr 25, 2022	2406383
IRF2BPL	P521S	0	1	May 01, 2026	2407919
EP300	M2239T	0	2	Sep 24, 2025	2401988
ANKRD11	D1219N	0	2	May 05, 2025	2402065
CREBBP	E72D	0	2	Nov 10, 2024	2404060
EPHB4	P168L	0	1	Oct 26, 2022	2407744
AFF2	R599W	0	1	Dec 13, 2021	2407833
WDR37	V316I	0	1	Aug 26, 2022	2410569
CCDC50	M447V	0	1	Dec 19, 2022	2410608
SCN1A	V907G	1	1	Jan 24, 2023	2412681
ROR2	G214R	1	1	Jan 04, 2022	2412792
SCN1A	E168Q	1	1	Jan 19, 2023	2412982
SURF1	G195D	1	1	Jan 31, 2023	2413125
SURF1	G260E	1	1	Jan 31, 2023	2413141
CTRC	C155Y	1	1	Jul 12, 2022	2428696
TRAPPC2	Y103C	0	1	-	2428760
ERCC2	A725T	1	2	Jul 12, 2023	2428974
PRR12	P924Q	0	1	Jul 11, 2023	2428996
PMM2	C9F	1	2	Oct 02, 2025	2429015
PMM2	D223N	1	2	Jun 03, 2024	2429140
F13A1	G313R	1	1	Jan 25, 2023	2429375
EP300	P1440T	1	1	Feb 15, 2023	2429476
IQSEC2	R939C	1	1	May 15, 2023	2429567
MEF2C	Y323N	0	1	-	2429771
ANKRD11	G1682C	0	1	Aug 18, 2021	2429792
ANKRD11	D1831Y	0	1	Aug 18, 2021	2429793
MEF2C	P101T	1	1	Jul 05, 2022	2429818
CACNA1D	F926S	0	1	Jul 05, 2022	2429890
DPF2	A3G	0	1	Apr 13, 2022	2429902
COQ4	T77I	1	1	Aug 11, 2022	2429966
KMT2E	A460S	0	1	Apr 13, 2022	2429980
KMT2E	L1159P	1	1	Oct 31, 2022	2429981
SMARCB1	A180P	0	1	Mar 26, 2021	2430013
HNRNPU	C453G	0	1	May 10, 2022	2430024
PCDH19	V506I	0	1	May 10, 2022	2430066
TNRC6B	G745R	0	1	Feb 16, 2022	2430082
CC2D2A	W1410C	1	1	Jan 23, 2023	2430136
DCX	P179H	1	2	Apr 05, 2024	2430137
SCN1A	V1767F	1	1	-	2430160
SCN1A	M1333I	1	1	-	2430161
SCN1A	L1265M	1	1	-	2430162
SCN1A	D1544N	1	2	Feb 07, 2024	2430247
SLC6A19	R57H	1	1	Jan 17, 2023	2430279
LIPE	R611C	0	2	Jan 16, 2024	2430297
SURF1	G205E	1	1	Jan 30, 2023	2430302
ENPP1	C120S	1	1	Mar 20, 2026	2430746
TWIST1	S176R	1	1	Aug 19, 2022	2430914
RIT1	M37I	1	1	Jan 01, 2022	2431215
DNM1	G359E	1	1	Aug 12, 2022	2431369
STT3A	R405S	1	1	Apr 20, 2022	2431752
RAC1	Y64H	1	1	Dec 09, 2022	2431922
ABCD1	P534T	1	2	May 10, 2025	2435953
LPL	V227A	1	2	Jan 29, 2026	2441229
COL6A2	G280V	1	1	Sep 14, 2022	2435801
SETD1A	E1007K	0	1	Nov 22, 2024	2435839
ALDH3A2	P114L	1	1	Dec 22, 2021	2440904
NSD1	G2010V	1	1	Jun 13, 2022	2441643
MEF2C	S36R	1	1	Oct 15, 2020	2442358
MEF2C	I8L	1	1	Dec 16, 2019	2442376
BCKDHB	L194F	1	2	Apr 29, 2026	2442395
CCDC50	H223Q	0	1	Mar 01, 2023	2442773
CACNA1D	R619P	1	1	May 05, 2023	2443440
KDM5C	A1078V	1	1	May 24, 2023	2443443
GJA8	T39K	1	2	Jul 30, 2024	2444115
COL4A5	G808R	1	1	Mar 04, 2025	2444150
TFE3	T187K	1	1	Feb 23, 2023	2444265
COL4A5	G545D	1	1	Feb 23, 2023	2444297
PRKAR1B	R306Q	1	1	Dec 31, 2024	2444586
RAD21	D230H	1	1	Mar 19, 2023	2444617
PURA	G165C	1	1	Mar 20, 2023	2444854
ERCC3	A423T	0	1	Jan 01, 2022	2445243
EXT1	S77R	0	1	Jan 01, 2022	2445246
PHOX2B	A259G	0	1	Jan 01, 2022	2445252
BUB1B	K1040R	0	1	Jan 01, 2022	2445267
ELAC2	R166Q	0	1	Jan 01, 2022	2445268
PHOX2B	A247G	0	1	Jan 01, 2022	2445269
SLC49A4	P38S	0	1	Jan 01, 2022	2445277
SLC49A4	T378N	0	1	Jan 01, 2022	2445280
ERCC3	K12N	0	1	Jan 01, 2022	2445295
PHOX2B	S219R	0	1	Jan 01, 2022	2445302
ELAC2	T57I	1	1	Jan 01, 2022	2445344
ELAC2	P142L	1	1	Jan 01, 2022	2445347
EXT1	M215K	1	1	Jan 01, 2022	2445361
ERCC3	I156V	1	1	Jan 01, 2022	2445379
ERCC3	M590R	0	1	Jan 01, 2022	2445410
DLX3	N179K	1	1	Mar 01, 2023	2445428
ACP4	V246M	1	1	Mar 01, 2023	2445431
MYH11	I256V	1	1	Nov 17, 2022	2445447
ESPN	E658K	1	1	Feb 28, 2023	2445625
SLC26A4	L68P	1	2	Dec 09, 2025	2445630
SLC26A4	D573H	1	1	Feb 28, 2023	2445631
SLC26A4	V577G	1	1	Feb 28, 2023	2445632
CACNA1D	V401L	1	1	Dec 21, 2022	2446012
NSD1	L1734P	1	1	Sep 21, 2022	2446217
ANKRD11	S1769G	0	1	Feb 25, 2021	2446250
ASL	S447N	1	2	Mar 26, 2024	2446277
RAC1	Q61E	1	1	Sep 26, 2023	2446363
FGFR2	N549T	1	1	Oct 03, 2022	2446487
COL11A1	G1171D	1	1	Aug 05, 2021	2446721
LMF1	T102M	0	1	Aug 15, 2025	2447058
PALLD	A90T	0	1	Jan 15, 2023	2447267
BUB1B	F977L	0	1	Dec 25, 2022	2450821
NOTCH1	S2370N	0	1	Jan 07, 2023	2452185
ADAMTSL2	G411S	0	1	Feb 27, 2023	2458963
EPHB4	P319R	0	1	Nov 17, 2022	2450398
EPHB4	E532K	0	1	Nov 27, 2022	2450400
CREB3L3	S60P	0	1	Feb 15, 2023	2456985
OPN1MW	Y116S	0	1	Feb 16, 2023	2457219
WDR37	N415S	0	1	Mar 01, 2023	2461819
CLTRN	E175G	0	1	Feb 07, 2023	2461903
SMARCE1	S362A	0	1	May 01, 2025	2449563
CTRC	K111E	0	1	Feb 26, 2023	2449715
CTRC	R112K	0	1	Feb 28, 2023	2449716
MUTYH	T406R	0	1	Sep 09, 2025	2453344
MUTYH	W128G	1	1	Aug 18, 2025	2453346
MUTYH	S226R	0	1	Sep 16, 2025	2453348
MUTYH	A445S	0	1	Sep 09, 2025	2453352
MUTYH	A16P	0	1	Sep 15, 2025	2453353
MUTYH	S71G	0	1	Sep 09, 2025	2453354
MUTYH	L423M	0	1	Sep 09, 2025	2453367
MUTYH	G475R	0	1	Sep 09, 2025	2453369
ADAMTSL2	A448T	0	1	Feb 07, 2023	2454810
SETD1A	R990G	0	1	Mar 14, 2023	2456641
CEP126	A777T	0	1	Jan 31, 2023	2456688
HDAC4	V895I	0	1	Jan 23, 2023	2456920
CCNF	S734L	0	1	Feb 15, 2023	2458263
CFTR	I869V	0	1	Dec 18, 2022	2447405
CFTR	A1009S	0	1	Mar 08, 2023	2447415
RIT1	D87N	1	1	May 01, 2025	2447640
BUB1	G739E	0	1	Nov 24, 2022	2451230
KLKB1	R591H	0	1	Feb 15, 2023	2458232
POT1	V583A	0	1	Sep 10, 2025	2459266
H1-4	T45I	0	1	Jan 23, 2023	2459362
LIPE	A676V	0	1	Jan 11, 2023	2460536
HDAC4	R579W	0	2	Nov 25, 2025	2462290
ADAMTSL2	R427L	0	1	Feb 16, 2023	2462310
WDR37	A229V	0	1	Jan 10, 2023	2462352
CEP126	R963Q	0	1	Feb 13, 2023	2462353
FCGR2C	S177L	0	1	Feb 07, 2023	2465865
EP300	L658I	0	2	Jan 18, 2024	2467748
CRIPTO	I19F	0	1	Feb 07, 2023	2471094
ANKRD11	E969Q	0	2	Dec 30, 2025	2471181
AGGF1	K140E	0	1	Feb 27, 2023	2473128
PRR12	P968A	0	1	Jan 11, 2023	2462056
CEP126	R278Q	0	1	Feb 23, 2023	2463724
KIDINS220	V1552A	0	1	Jan 10, 2023	2475398
H1-4	A111V	0	1	Mar 01, 2023	2463445
BUB1	I737T	0	1	Jan 30, 2023	2464856
EPHB4	R444L	0	1	Mar 13, 2023	2466651
CBX2	G246S	0	1	Feb 28, 2023	2468458
SLC38A8	V372I	0	1	Jan 25, 2023	2462753
TBX19	V228I	0	1	Jan 23, 2023	2464600
BLOC1S3	E68D	0	1	Feb 07, 2023	2467959
MYO18B	T604A	0	1	Jan 17, 2023	2475905
HDAC4	P651S	0	1	Feb 15, 2023	2484896
ANKRD11	V2182L	0	1	Feb 16, 2023	2486381
CREBBP	A146P	0	1	Feb 21, 2023	2486388
EP300	M299V	0	1	Feb 23, 2023	2488148
NIPA2	R214Q	0	1	Feb 23, 2023	2488271
CDK5RAP2	A1358V	0	1	Feb 23, 2023	2488424
MYH2	K136N	0	1	Jan 23, 2023	2477343
ANKRD11	R838Q	0	1	Feb 15, 2023	2484464
MRPL3	R166Q	0	1	Feb 23, 2023	2488053
SECISBP2	N287S	0	1	Feb 01, 2023	2480553
SIN3B	P263L	0	1	Feb 16, 2023	2485879
MUC1	P91L	0	1	Feb 22, 2023	2487509
RNASEH1	S22C	0	1	Jan 10, 2023	2474680
PDHB	D37E	0	1	Jan 10, 2023	2474767
ANKRD11	E922D	0	1	Jan 18, 2023	2476350
SLC38A8	A362V	0	1	Jan 18, 2023	2476429
FHL2	K183R	0	1	Feb 14, 2023	2483438
GJA3	Q403E	0	1	Feb 15, 2023	2485303
NLRP5	N470S	0	1	Feb 22, 2023	2486861
CBX2	A375T	0	1	Mar 07, 2023	2495164
HDAC4	A928T	0	1	Mar 07, 2023	2495435
PALLD	T450I	0	1	Feb 05, 2023	2497005
TRIOBP	S1908G	0	1	Mar 01, 2023	2492939
TAOK1	D151N	1	1	Mar 27, 2023	2492953
BMP15	M177L	0	1	Mar 02, 2023	2493163
MYO9A	R1713G	0	1	Mar 06, 2023	2494768
ITGB4	D376E	0	1	Mar 14, 2023	2496459
NSD1	I516V	0	2	Jan 19, 2025	2496471
TBX1	G118S	0	1	Apr 07, 2023	2496831
EMILIN1	V943I	0	1	Mar 06, 2023	2494571
PRR12	P1315L	0	1	Mar 14, 2023	2496129
BUB1B	T284I	0	1	Jan 05, 2023	2497652
ALDH7A1	W470G	1	1	Apr 22, 2025	2497677
MMP9	R51C	1	1	Mar 31, 2021	2498140
NPHP3	G533D	1	1	Mar 23, 2023	2498164
ATP8B1	R934G	1	1	Mar 23, 2023	2498172
ALKBH8	G567E	0	1	Jun 01, 2026	2498532
THSD4	S648T	0	1	Apr 01, 2024	2498618
ANKRD11	R44C	0	2	Jun 12, 2026	2498678
FOXN1	M223R	1	1	Jun 01, 2023	2498698
SMARCA4	G1420D	0	1	Nov 01, 2023	2498753
JAK3	L875H	1	1	Jan 01, 2023	2498766
TTC7A	S15F	0	1	Jan 01, 2024	2498818
SCN1A	D188G	1	1	Jan 01, 2023	2498842
COL3A1	G609E	1	2	Sep 21, 2024	2498858
TBX1	R201C	1	1	Mar 01, 2023	2498900
NPHP3	L1007R	1	1	Feb 01, 2023	2498938
HCN1	T260I	1	1	Feb 01, 2023	2498972
BCKDK	R327W	1	1	Apr 27, 2023	2500177
NSD1	C1640Y	1	1	May 06, 2021	2500698
CHD3	L929F	1	1	May 06, 2021	2500710
ALDH7A1	Y354S	1	1	Jun 24, 2022	2500759
CYFIP2	V551L	1	1	May 02, 2023	2500808
ANKRD11	R2581C	1	1	May 02, 2025	2501486
SMARCA4	E985K	1	1	May 02, 2023	2501584
PDHB	M1V	1	1	May 08, 2023	2501782
DNM1	G346D	1	1	Mar 13, 2023	2501933
ABCD1	H667R	1	1	May 12, 2023	2501953
SCN1A	I1479T	1	1	May 09, 2023	2502135
LITAF	P135A	1	1	Dec 22, 2022	2502274
HSD17B10	L236F	1	1	-	2502293
WNT10B	L18Q	1	1	-	2502298
ROR2	K285R	1	1	-	2502303
RAC1	K132E	1	1	Nov 09, 2023	2503252
CACNA1F	T328A	0	1	-	2503479
BUB1B	Q467H	1	1	Mar 15, 2023	2503511
KRAS	V7E	1	1	Apr 03, 2023	2503842
PMM2	G214R	1	1	Apr 26, 2023	2503914
CYP21A2	R355H	1	1	Apr 25, 2023	2503931
FMO3	S195L	1	1	Apr 26, 2023	2503941
MEF2C	K30T	1	1	May 08, 2023	2504091
CNOT3	K737E	1	1	Jun 07, 2023	2504169
COL3A1	G348S	1	1	Aug 04, 2026	2504291
SCN1A	A905T	1	2	Feb 16, 2025	2504563
ATL1	R403P	1	2	Jan 30, 2025	2504637
NPHS1	L334P	1	1	Jun 13, 2023	2504645
GATA1	E200K	1	1	Jun 13, 2023	2504848
PURA	K160Q	1	1	Jan 16, 2025	2504912
SCN1A	Y1460C	1	1	May 26, 2023	2505357
TFE3	P186T	1	1	Jun 20, 2023	2505508
EP300	Q1915H	0	1	-	2505570
PCDH19	D481N	1	1	Nov 23, 2025	2505843
ABCD1	R74W	1	2	Dec 08, 2023	2506019
DPYD	M1L	1	1	May 12, 2023	2506136
STIM1	D84A	1	1	Jun 15, 2023	2506361
SCN1A	R1636P	1	2	Aug 13, 2024	2506369
CREBBP	T1220I	0	1	Jun 21, 2023	2506388
JAK3	G528D	1	1	Sep 23, 2022	2506461
JAK3	L369P	1	1	Sep 23, 2022	2506466
ANKRD11	R2585H	1	2	Sep 05, 2025	2506622
STAT1	T437N	1	1	Jun 19, 2023	2506763
IQSEC2	R935C	1	1	Jun 22, 2023	2506867
NKX2-1	R243P	1	1	Feb 25, 2020	2506927
NKX2-1	V235A	1	1	Feb 11, 2020	2506929
NKX2-1	Q234L	1	1	Feb 28, 2020	2506931
NKX2-1	H242D	1	1	Feb 28, 2020	2506932
NKX2-1	I237M	1	1	Mar 02, 2020	2506933
NKX2-1	Q202L	1	1	Mar 09, 2020	2506935
HEATR3	N376S	0	1	Apr 10, 2023	2507762
KIAA0319L	W74R	0	1	May 17, 2023	2511381
LMF1	E493K	0	1	Mar 14, 2024	2516624
ATAD3A	R579P	0	1	Mar 23, 2023	2516672
TNRC6B	W538R	0	1	Mar 20, 2023	2509022
GAS2L2	V568L	0	1	Apr 26, 2023	2510563
GABRA2	A407E	0	1	Apr 13, 2023	2515954
GPR179	G1768D	0	1	May 17, 2023	2516066
IRF2BPL	S540N	0	1	Apr 18, 2023	2516144
ADAMTS9	R1594H	0	1	Mar 23, 2023	2516202
STAG1	A1114V	0	1	Mar 22, 2023	2519527
RIPK4	V405I	0	1	Mar 22, 2023	2519690
PRR12	R635H	0	1	May 03, 2023	2520716
SECISBP2	Q781R	0	1	May 23, 2023	2520735
CAMTA1	A443T	0	1	Apr 17, 2023	2508368
BDP1	I1087R	0	1	May 05, 2023	2508670
PRR12	P982L	0	1	May 17, 2023	2510284
SLC6A19	Q159R	0	1	Apr 11, 2023	2510459
ANKRD11	S481L	0	1	Apr 13, 2023	2512218
ERAP1	Q851K	0	1	May 15, 2023	2514005
GP6	P260L	0	2	May 09, 2024	2520335
DPYD	M426I	0	1	May 31, 2023	2520613
MED17	L377V	0	1	May 18, 2023	2508253
CCNF	R451H	0	1	Jun 01, 2023	2511824
TNRC6B	K464T	0	1	Mar 27, 2023	2513290
HDAC4	A989T	0	2	Jun 01, 2024	2515150
TNRC6B	A980T	0	1	May 18, 2023	2515201
XDH	M277V	0	1	May 03, 2023	2518586
MAN2B2	R975H	0	1	May 09, 2023	2518619
SPINK5	I293T	0	1	May 17, 2023	2519818
SLC26A3	N153S	0	1	Apr 20, 2023	2523040
PRR12	A1531T	0	1	May 05, 2023	2524750
MARK2	D744N	0	1	Apr 07, 2023	2524817
ERCC6	V1101I	0	1	Mar 17, 2023	2526463
ITGB4	V794I	0	2	Jan 26, 2026	2528131
OSMR	F750L	0	1	Mar 27, 2023	2529913
RSPO4	G146S	0	1	Mar 15, 2023	2526022
BFSP1	R565Q	0	1	Mar 24, 2023	2529822
BMP15	G29R	0	1	Mar 29, 2023	2531359
ZFP36L2	T96A	0	1	Apr 07, 2023	2534780
FCGR3A	S197P	0	1	Apr 07, 2023	2534950
TFE3	A474T	0	1	Jun 06, 2023	2525671
WEE2	S255L	0	1	Jun 01, 2023	2525699
NSD1	S510G	0	1	Mar 28, 2023	2525915
GJA8	G335E	0	1	Mar 24, 2023	2529426
ANKRD11	A2047T	0	2	Mar 19, 2025	2530868
OPLAH	T1181I	0	1	Apr 04, 2023	2532738
MIB2	S935A	0	1	Apr 07, 2023	2534278
MIB2	Q58H	0	1	Apr 07, 2023	2534279
NELFA	A492S	0	1	Apr 07, 2023	2534326
NSD1	P8S	0	1	Apr 07, 2023	2534358
PRDM12	P239T	0	1	Apr 07, 2023	2534489
PRDM12	T328A	0	1	Apr 07, 2023	2534490
PXDN	I998V	0	1	Apr 07, 2023	2534509
PXDN	T1000A	0	1	Apr 07, 2023	2534511
TRAPPC10	S4P	0	1	Apr 07, 2023	2534699
CTSF	V18A	0	1	May 09, 2023	2521854
TNRC6B	S1223G	0	1	May 09, 2023	2521928
SETD1A	E971Q	0	1	May 23, 2023	2521933
EP300	A2289T	0	1	Apr 18, 2023	2523405
CMPK2	G10R	0	1	May 17, 2023	2528602
TFE3	G481V	0	1	Mar 23, 2023	2528748
CNOT3	P437L	0	1	May 17, 2023	2532224
WDR37	A286T	0	1	Mar 28, 2023	2534145
CHRDL1	M38V	0	1	Apr 07, 2023	2534168
ANKRD11	T2225M	0	1	Mar 26, 2024	2536541
DNAJC21	T462A	0	1	May 09, 2023	2545610
PRR12	P1044L	0	1	Apr 25, 2023	2536077
SLC12A3	T431S	0	1	Apr 12, 2023	2536259
H1-4	A214V	0	1	Apr 08, 2023	2537819
AFF2	T444A	0	2	Apr 07, 2023	2537940
SETD1A	R944W	0	1	Apr 18, 2023	2537960
CBLIF	E331K	0	1	May 15, 2023	2538034
RAI1	R329Q	0	2	Aug 17, 2023	2544935
ANKRD11	E982Q	0	2	Oct 22, 2024	2545198
CEP126	R278W	0	1	Mar 21, 2023	2539310
EPHB4	V965I	0	1	Apr 20, 2023	2539546
GAS2L2	N747S	0	1	Jun 02, 2023	2541228
ANKRD11	V1709A	0	1	May 03, 2023	2542925
MYO18B	T553S	0	1	May 31, 2023	2535562
CHD3	G1011D	1	1	Jun 01, 2023	2537079
SETD1A	R1358P	0	2	Feb 16, 2025	2546048
EPHB4	T140R	0	1	May 09, 2023	2557233
CRIM1	L550F	0	1	Jun 07, 2023	2559067
BUB1	T213M	0	1	May 19, 2023	2560891
MUTYH	N143Y	0	1	Sep 15, 2025	2562474
TRAF3IP2	A117E	0	1	May 23, 2023	2549968
ODAD1	H262R	0	2	Jan 25, 2024	2555123
RIGI	G649E	0	1	Jun 07, 2023	2558593
SMARCE1	E365K	0	1	Jun 02, 2025	2560631
PRR12	V793M	0	2	Feb 16, 2025	2560674
BUB1B	A784T	0	1	May 25, 2023	2562096
APOL1	D337G	0	1	Jun 07, 2023	2558420
OPLAH	T279A	0	1	Jun 12, 2023	2559816
AGRN	Q739R	0	1	Jun 14, 2023	2560180
HDAC4	A62T	0	1	Jun 14, 2023	2560205
RINT1	S40N	0	1	Apr 03, 2023	2561617
PALLD	Y438C	0	1	May 05, 2023	2563410
MYO9A	R1370Q	0	1	May 31, 2023	2554168
WDR4	A246V	0	1	Jun 06, 2023	2557603
LMF1	I290L	0	1	Mar 24, 2023	2566285
CFTR	P1462S	0	1	Apr 22, 2023	2567876
PRR12	G681R	0	2	Jun 01, 2023	2569232
GPC3	F20C	0	1	Apr 07, 2023	2569338
BUB1	Q123R	0	1	May 31, 2023	2565821
DPYD	V507I	0	1	Jun 12, 2023	2567628
MUTYH	R60T	1	1	Aug 06, 2024	2567633
MUTYH	S507F	0	1	Sep 09, 2025	2567641
MUTYH	H514D	0	1	Sep 09, 2025	2567646
MUTYH	T455S	0	1	Sep 09, 2025	2567648
MUTYH	G123E	0	1	Sep 09, 2025	2567650
MUTYH	I118V	0	1	Sep 09, 2025	2567654
MUTYH	D94N	0	1	Sep 09, 2025	2567655
MUTYH	L158P	1	1	Aug 15, 2025	2567657
SETD1A	P626S	0	1	Apr 11, 2023	2568646
TNRC6B	N1353S	0	1	May 04, 2023	2568747
SOHLH1	A294V	0	1	Apr 07, 2023	2570335
EPHB4	S222R	0	1	Mar 21, 2023	2565139
POT1	H386R	0	1	Aug 14, 2025	2565258
BUB1B	A553T	0	1	Mar 19, 2023	2565437
PRR12	P1502L	0	2	Mar 24, 2023	2570100
APOA1	H159Q	0	1	May 06, 2023	2566616
ERCC2	A163V	0	1	May 14, 2023	2566698
STAG3	N1001S	0	1	May 24, 2023	2569598
PRR12	A1481S	0	1	Mar 20, 2023	2569709
NOS1	F262V	0	1	Mar 01, 2024	2570851
GJA3	P59Q	1	1	Jun 01, 2023	2570856
POU4F1	T95A	0	1	Sep 01, 2025	2570870
GABRA2	T294I	1	2	Aug 01, 2025	2571202
NOTCH1	C370R	1	1	May 01, 2023	2571349
ATL1	P342S	1	1	Jan 07, 2025	2571508
ATL1	S398F	1	1	Jul 13, 2023	2571511
ATL1	F413L	1	1	Jan 13, 2025	2571513
ATL1	N440T	1	1	-	2571515
DYRK1A	L198P	1	1	Jul 10, 2023	2571595
SCN1A	S1760Y	0	1	Apr 01, 2023	2571621
NAA15	A719T	1	1	Jul 05, 2023	2571784
NSD1	C2183S	1	1	Jun 08, 2023	2571813
CSF1R	E664K	1	1	Apr 08, 2025	2571852
COL6A2	P341T	1	1	May 09, 2023	2572201
MEF2C	N81D	1	1	Apr 13, 2023	2572329
TWIST1	E117D	1	1	-	2572412
SCN1A	G396R	1	2	Nov 27, 2023	2572473
MYH2	Y1884S	1	1	Feb 17, 2023	2572621
PURA	D76A	1	1	Oct 27, 2022	2572627
CYP21A2	P31S	1	1	Apr 14, 2023	2573056
CYP21A2	S166C	1	1	Apr 17, 2023	2573057
CREBBP	H365P	1	1	Jun 26, 2023	2573091
TNNI3	R204L	1	1	Jun 19, 2023	2573400
ERCC2	R601L	1	2	Apr 11, 2024	2573404
CFTR	A559P	1	2	Dec 02, 2024	2573429
NSD1	C1643S	1	1	-	2574130
GJA8	I34T	1	1	Jul 28, 2023	2574629
ELAC2	P493L	1	1	Aug 07, 2023	2574724
MBD5	T543I	1	1	Jun 17, 2024	2574750
GJA8	G60S	1	2	Feb 01, 2023	2574784
ABCD1	L504F	1	1	Jun 27, 2024	2574959
DCX	P353S	1	1	-	2575083
KCNC1	S341R	1	1	-	2575090
SERPING1	P399R	1	1	-	2575091
NDUFAF6	M1L	1	1	Aug 09, 2023	2575720
KRAS	T50P	1	1	Feb 07, 2023	2575733
COL3A1	G891R	1	2	Nov 11, 2023	2575879
CSF1R	P824L	1	1	Aug 09, 2023	2575888
FGF10	G119R	1	1	Nov 22, 2022	2575897
EP300	E1514Q	1	1	Jul 11, 2023	2576103
SLC12A3	A356V	1	2	Apr 29, 2026	2576610
CYP1B1	A106D	1	3	Nov 19, 2025	2577219
JAK3	T714M	1	2	Apr 29, 2026	2577241
ASL	R146G	1	1	Jul 28, 2023	2577248
CFTR	T1036A	1	1	Jul 28, 2023	2577297
SCN1A	R377L	1	2	Jan 15, 2026	2577833
GJA8	A41P	1	1	May 22, 2024	3253733
GJA3	G38E	1	1	May 22, 2024	3253734
GATA1	T296P	1	1	Sep 04, 2023	2578025
DNM1	N394S	1	1	Aug 25, 2023	2578048
NSD1	S1909P	1	1	Aug 30, 2023	2578222
SCN1A	V1556A	1	1	Aug 27, 2023	2578314
CREBBP	D1403G	0	1	Jan 19, 2023	2578513
THSD4	T631M	0	1	Jul 01, 2023	2578744
PRR12	P226T	0	1	Apr 01, 2026	2578837
BDP1	F1557L	0	1	Aug 01, 2023	2578979
SOHLH1	S223C	0	1	Jul 01, 2023	2579078
KMT2E	P1806L	1	1	Jul 11, 2025	2579497
RAI1	P210R	1	1	Sep 20, 2023	2580159
CACNA1D	V259D	1	1	Dec 15, 2021	2580195
KDM5C	Y535C	1	1	Mar 22, 2023	2580594
CREBBP	R2104C	1	1	Sep 19, 2023	2580828
EP300	L1633R	1	1	-	2580919
KDF1	I243L	1	1	-	2581057
NPHS1	R711H	1	2	May 23, 2026	2581211
KLF11	N357S	0	2	Mar 17, 2025	2581278
DPYD	I948T	1	1	Aug 28, 2023	2581397
COL3A1	G1083D	1	2	Apr 28, 2026	2581766
SLC16A2	S239R	1	1	May 25, 2023	2581791
SCN1A	E1810G	1	1	Sep 30, 2023	2581803
NSD1	P1904S	1	1	Apr 23, 2023	2582645
LPL	I221N	1	1	Sep 01, 2023	2583060
CSF1R	Y923C	1	1	Oct 05, 2023	2583156
SCN1A	M934L	1	1	Oct 03, 2023	2583178
NSD1	M1787V	1	1	Oct 07, 2022	2584337
TTR	D38Y	1	1	Sep 08, 2023	2584356
ALDH7A1	T331N	1	1	Dec 09, 2022	2584375
CHD3	I1228S	1	1	-	2584426
INVS	H260Y	1	1	-	2584432
HCN1	M376R	1	1	-	2584433
NSD1	G1792R	1	1	-	2584511
THAP1	F45C	1	1	-	2584745
COL4A5	G994R	1	1	-	2585041
SCN1A	W1726R	1	1	-	2585306
WDR4	M1V	1	1	-	2585312
NCKAP1L	M1T	1	1	-	2585458
ATAD3A	R176Q	0	1	Apr 11, 2023	2585652
H1-4	A141V	0	1	Aug 22, 2023	2588960
TFE3	G480E	0	1	Jun 30, 2023	2589029
PRR12	P1694A	0	1	Jul 25, 2023	2590711
PLCH1	Y1267C	0	1	Aug 08, 2023	2592377
TNRC6B	S343A	0	1	Sep 12, 2023	2594314
MARK2	S675G	0	1	Aug 18, 2023	2595856
OSMR	V151I	0	1	Aug 21, 2023	2588617
PRR12	L1501P	0	1	Jul 30, 2023	2590179
IRF2BPL	V178M	0	1	Jul 05, 2023	2591838
KIAA0319L	T261M	0	1	Jun 26, 2023	2593772
H1-4	A30V	0	1	Jun 23, 2023	2599030
GAS2L2	R586Q	0	1	Sep 12, 2023	2599144
TTC12	T659A	0	1	Aug 15, 2023	2599159
BUB1	M845V	0	1	Jun 24, 2023	2586139
LMF1	V106A	0	1	Jul 05, 2023	2586480
STAG3	K1123E	0	1	Aug 21, 2023	2589984
PML	R872H	0	1	Aug 08, 2023	2590030
PRR12	P1487L	0	1	Jun 22, 2023	2591545
SETD1A	E928K	0	2	Jan 01, 2026	2593347
IRF2BPL	V323M	0	2	Feb 16, 2025	2593424
PRR12	A540V	0	1	Aug 19, 2023	2598786
MUTYH	V485G	0	1	Sep 09, 2025	2587449
MUTYH	S343N	0	1	Sep 09, 2025	2587455
MUTYH	E64A	0	1	Sep 09, 2025	2587458
MUTYH	H312Y	0	1	Aug 18, 2025	2587461
MST1	M448T	0	1	Jul 05, 2023	2589507
H1-4	A204T	0	2	Feb 01, 2026	2591290
NKAP	D111H	0	1	Sep 13, 2023	2593078
WASHC4	I332V	0	1	Jul 25, 2023	2593082
PRR12	E1539K	0	1	Jun 29, 2023	2599437
CAV3	V146M	0	1	Sep 05, 2023	2606537
COL4A5	G135V	1	2	Dec 10, 2024	2609904
AMPD1	R717K	0	1	Jul 11, 2023	2610236
RAI1	T1520A	0	1	Jul 19, 2023	2612910
NOTCH1	V726I	0	2	May 31, 2025	2602196
MUC1	V405I	0	1	Jun 29, 2023	2607544
HSD17B10	M123L	0	1	Jul 19, 2023	2612745
PRR12	G439R	0	1	Jun 29, 2023	2600008
TP73	D607E	0	1	Jul 14, 2023	2603483
AFF2	R870C	0	1	Jun 28, 2023	2606803
HSPB1	R188Q	0	1	Jul 11, 2023	2607142
GRIN2A	N615S	1	1	Aug 18, 2023	2610446
GAS2L2	W372R	0	1	Jul 17, 2023	2612311
IQSEC2	L1076P	1	1	Sep 05, 2023	2616580
SETD1A	I700T	0	1	Sep 13, 2023	2623491
BDP1	V408I	0	1	Jul 25, 2023	2614301
DNA2	I926V	0	1	Aug 21, 2023	2619801
PALLD	A73V	0	1	Jul 17, 2023	2623022
SLC36A2	I370V	0	1	Sep 13, 2023	2623211
NSD1	D1004E	0	1	Sep 13, 2023	2623351
SCN2B	P49L	0	1	Feb 09, 2024	2625023
EPHB4	R441Q	0	1	Jul 10, 2023	2626721
EPHB4	V482L	0	1	Jul 15, 2023	2626722
EPHB4	G47S	0	1	Aug 11, 2023	2626724
EPHB4	R269G	0	1	Aug 13, 2023	2626725
EP300	N779S	0	1	Aug 08, 2023	2617360
FZD6	D634N	0	1	Aug 22, 2023	2617641
KISS1	P52R	0	1	Aug 10, 2023	2617687
MRPL3	F95S	0	1	Aug 19, 2023	2619363
TAF6	G640S	0	1	Sep 08, 2023	2620878
SMARCE1	G329V	0	1	Oct 30, 2025	2626156
POT1	C503G	1	1	-	2626816
CYFIP2	D296V	1	1	Jul 10, 2023	2626976
COL4A5	G1122E	1	2	Sep 09, 2023	2627146
CYP21A2	P433L	1	1	Sep 01, 2023	2627163
ATP8B1	P870R	1	1	Apr 19, 2023	2627550
TWIST1	Q109E	1	1	May 21, 2026	2627611
CLN5	H117P	1	1	-	2627619
CLN5	Y209C	1	2	Jan 07, 2026	2627620
CLN5	G121R	1	1	-	2627622
CAMTA1	R163G	1	1	May 31, 2023	2627808
ASL	M125T	1	1	Mar 08, 2023	2627868
STAG2	W315R	1	1	Apr 19, 2023	2627880
COL4A5	G1018V	1	1	Jun 15, 2023	2627907
EXT1	Y203C	1	2	Jan 27, 2026	2628012
CYP1B1	R355P	1	1	Jan 01, 2022	2628045
MPZL2	R94W	1	1	Nov 10, 2023	2628069
ABCD1	D312G	1	1	Nov 10, 2023	2628324
CREBBP	R1786P	1	1	Oct 03, 2023	2630658
PURA	R99P	1	1	Sep 20, 2023	2630996
SOD1	G94S	1	1	Nov 18, 2025	2634277
EP300	K1235R	0	1	Oct 16, 2024	2634356
COL4A5	G1057E	1	2	Aug 18, 2023	2634407
CYP21A2	P387L	1	1	Sep 01, 2023	2635968
COL4A5	G573S	1	1	Aug 18, 2022	2636191
HSD17B10	N127S	1	1	Aug 22, 2022	2636224
TWIST1	A152P	1	2	Jul 23, 2024	2630238
ZIC2	R325H	1	1	Feb 08, 2023	2630311
KRAS	P34Q	1	1	Feb 28, 2023	2630513
DNM1	G60E	1	1	Feb 23, 2023	2630523
COL4A5	G1448C	1	1	Oct 03, 2023	2633972
EP300	H2339Y	0	1	Nov 04, 2024	2634019
GABRA2	T295S	1	1	Nov 08, 2022	2635567
RAI1	D1643H	0	1	Oct 24, 2024	2635683
PITX2	Q103R	1	1	Dec 12, 2022	2637269
COL4A5	G236S	1	2	Apr 03, 2024	2629848
CLCN5	S615N	1	2	May 30, 2025	2631675
RIGI	E330K	1	1	Jan 10, 2023	2635241
ABCD1	G298D	1	2	Mar 22, 2024	2635355
CREBBP	S1078P	0	2	Feb 10, 2025	2636768
COL4A5	G1039C	1	1	Oct 11, 2022	2636792
COL3A1	G606D	1	1	Sep 09, 2022	2636926
CREBBP	A1870P	1	1	Sep 07, 2022	2637055
CNOT3	R57G	1	1	Sep 15, 2022	2629348
STS	R449H	1	1	May 31, 2023	2634838
SEMA3D	I676T	0	1	Oct 01, 2023	2636517
NPHS1	P674L	1	1	-	2637927
NPHS1	G967R	1	1	-	2637929
ATAD3A	A574V	0	2	Aug 21, 2025	2638045
CAMTA1	V17I	0	1	Nov 01, 2022	2638129
SETD1A	S1013L	0	2	Mar 01, 2026	2646443
SETD1A	A1129V	0	2	Aug 19, 2024	2646448
SETD1A	P1411L	0	1	Feb 01, 2024	2646455
SETD1A	V1513M	0	1	Mar 01, 2025	2646459
LIPE	G1074A	0	1	Sep 01, 2023	2650042
LIPE	A418T	0	1	Oct 01, 2023	2650043
LIPE	A149V	0	1	Jul 01, 2022	2650044
GJA8	P344A	0	1	Mar 01, 2022	2639125
IRF2BPL	A517V	0	2	Jan 01, 2026	2644384
CREBBP	R2353Q	0	1	Jul 01, 2023	2646129
CREBBP	Q503H	0	2	Oct 17, 2024	2646142
GRIN2A	T1108S	0	1	May 01, 2022	2646196
RAI1	R1561P	0	1	Jul 01, 2022	2647525
KRT12	Q475R	0	2	Nov 02, 2023	2647749
KDF1	D385N	0	2	Mar 01, 2026	2638549
TMEM222	R208W	0	1	Jun 01, 2026	2638556
KIAA0319L	E308D	0	1	Jan 01, 2023	2638645
WDR37	N71S	0	2	Jul 02, 2025	2640272
DNA2	S264N	0	1	Jan 01, 2024	2640531
ZMYM2	M519I	0	1	Feb 01, 2026	2643666
POU4F1	G180V	0	1	Jun 01, 2026	2643868
POU4F1	L46F	0	1	May 01, 2026	2643871
THSD4	T185M	0	2	Oct 01, 2023	2645499
THSD4	S903N	0	2	Apr 01, 2026	2645504
THSD4	T1012M	0	1	Mar 01, 2026	2645506
MYO9A	Q1247R	0	1	Aug 01, 2024	2645508
ANKRD11	E982D	0	2	Oct 30, 2025	2647083
ANKRD11	A305T	0	2	Oct 15, 2025	2647092
ANKRD11	S35F	0	1	Aug 01, 2022	2647102
INPP5K	P286H	0	1	Jul 01, 2022	2647185
CHD3	A241T	0	1	Oct 01, 2025	2647423
CHD3	R281C	0	2	Sep 01, 2025	2647425
CPSF3	K473R	0	1	Mar 01, 2026	2650663
EMILIN1	N238S	0	1	Oct 01, 2023	2650758
EMILIN1	A391E	0	1	Jun 01, 2026	2650761
EMILIN1	G781R	0	1	May 01, 2022	2650762
SLC26A9	V172M	0	1	Apr 01, 2026	2639857
NOS1	G827S	0	1	Feb 01, 2023	2643376
ANKRD11	R1512H	0	1	Jun 01, 2023	2647077
PRR12	A373V	0	2	Apr 01, 2026	2650256
PRR12	T1492M	0	2	Aug 29, 2025	2650266
PRR12	A1772S	0	1	Oct 01, 2025	2650270
PRR12	G1813R	0	1	Feb 01, 2026	2650272
CNOT3	G402S	0	2	Jun 01, 2026	2650418
HDAC4	R1045C	0	1	Mar 01, 2022	2652065
HDAC4	A555V	0	1	Sep 01, 2022	2652074
TNRC6B	A142V	0	1	Jul 01, 2022	2653170
TNRC6B	G499R	0	1	Dec 01, 2025	2653174
TNRC6B	G784V	0	1	Feb 01, 2025	2653177
TNRC6B	G917A	0	1	Jun 01, 2026	2653179
TNRC6B	P1120Q	0	1	Mar 01, 2026	2653183
TNRC6B	A1743P	0	1	Sep 01, 2025	2653190
RP1	E402V	0	1	Jun 01, 2023	2658607
EXT1	K177E	0	1	Apr 01, 2023	2658775
TRIOBP	R605Q	0	1	Oct 01, 2022	2653118
MAN2B2	I602V	0	2	Apr 01, 2026	2654627
CC2D2A	G1405S	0	1	May 01, 2022	2654684
GSX2	I12V	0	1	May 01, 2023	2654757
H1-4	A5V	0	2	Aug 01, 2025	2656299
H1-4	A144V	0	1	Jul 01, 2024	2656305
H1-4	A162V	0	1	Nov 01, 2022	2656306
HLA-C	A24T	0	1	Jun 01, 2026	2656389
STS	I3F	0	1	Sep 01, 2022	2659916
AFF2	T345K	0	1	Mar 01, 2023	2661600
AFF2	S387Y	0	1	Sep 01, 2025	2661603
AFF2	M784R	0	1	Feb 01, 2023	2661609
AFF2	A979P	0	1	Aug 01, 2022	2661612
OPN1MW	T103A	0	1	Feb 01, 2024	2661789
EPB41L1	R572C	0	1	Mar 01, 2022	2652296
ADNP	A920V	0	1	Apr 01, 2022	2652400
ADNP	I197V	0	2	Mar 01, 2023	2652404
SOD1	G148C	1	1	Oct 01, 2023	2652587
MRAP	P122L	0	1	Jun 01, 2022	2652594
DYRK1A	V171M	0	1	Dec 01, 2022	2652656
DYRK1A	S302Y	1	1	Oct 01, 2023	2652660
RIPK4	T325I	0	1	Jul 01, 2022	2652683
UROC1	R188Q	0	1	Jan 01, 2023	2654096
STAG1	M1129L	0	1	Feb 01, 2023	2654170
METTL27	P229L	0	1	Mar 01, 2026	2657570
TAF6	M26L	0	2	Jan 13, 2025	2657736
STAG3	Q1137E	0	1	Jan 01, 2023	2657745
NEK10	A770V	0	1	Nov 01, 2025	2653633
NEK10	R365Q	0	1	May 01, 2025	2653635
NEK10	G67S	0	1	Jun 01, 2026	2653636
ERAP1	V647I	0	1	Jul 01, 2025	2655598
MYC	T73A	1	1	Jul 01, 2023	2658815
ADAMTSL1	T128K	0	1	Oct 01, 2022	2659093
ADAMTSL1	V1304M	0	1	Dec 01, 2022	2659100
UBAP1	N485D	0	1	Jun 01, 2023	2659153
GRIN2A	V617M	1	1	Feb 06, 2024	2661900
IGF1R	S1193W	1	1	Sep 08, 2023	2662030
FMO3	R51G	1	1	Apr 15, 2025	2662180
SETD1A	A148T	1	1	Nov 24, 2025	2662996
SMARCA4	S1238A	1	1	Jul 01, 2023	2663773
SETD1A	R889W	1	1	Jan 09, 2024	2664066
GNAQ	R183G	1	1	Jun 29, 2024	2664271
CHD3	D971A	1	1	May 17, 2023	2664700
IGF1R	M1K	1	1	Jun 09, 2023	2664702
PPT1	M112T	1	1	Nov 15, 2023	2665094
RTEL1	V641M	1	1	Oct 17, 2023	2678459
ATP8B1	E981K	1	2	Apr 14, 2026	2679846
ATP8B1	I694N	1	2	Apr 14, 2026	2679849
BCKDHA	L103P	1	2	Oct 06, 2025	2680117
BCKDHA	Y413C	1	2	Apr 15, 2024	2680119
BCKDHB	T273I	1	2	May 22, 2025	2680128
DBT	G132R	1	2	Oct 30, 2024	2674733
DPYD	S201R	1	2	Feb 04, 2026	2674903
ERCC2	G675R	1	2	Oct 17, 2024	2675053
CYP1B1	D192V	1	2	Feb 21, 2024	2681133
FKTN	S17R	1	2	Jan 27, 2026	2675716
FKTN	H172R	1	1	Aug 27, 2023	2675717
NPHS1	V736A	1	2	Nov 18, 2023	2677324
ASS1	R272L	1	2	Jun 03, 2025	2679049
ASS1	G90D	1	1	Apr 22, 2023	2679051
ASS1	Q40L	1	1	Mar 11, 2022	2679104
CYP1B1	L385F	1	2	Oct 28, 2024	2681123
CYP1B1	D291G	1	2	Nov 08, 2024	2681130
FAH	G343E	1	2	Nov 08, 2024	2675349
FAH	G170V	1	2	May 23, 2026	2675352
ASL	G206V	1	2	Dec 27, 2024	2678624
ASL	E241K	1	2	May 01, 2024	2678738
SLC26A4	N457I	1	2	Feb 05, 2025	2678904
SLC26A4	R409L	1	1	Mar 28, 2023	2678922
SLC26A4	S391N	1	2	Sep 10, 2024	2678934
SLC26A4	D573Y	1	2	Mar 28, 2025	2678941
SLC26A4	I539V	1	1	Nov 15, 2023	2678942
SLC26A4	F223S	1	2	Nov 30, 2022	2678944
ASS1	E191Q	1	2	Apr 29, 2026	2678946
KMT2E	K1356N	1	1	Sep 02, 2023	2672119
SCN1A	H1375P	1	2	Oct 31, 2023	2672178
GJA8	F70V	1	1	Aug 01, 2024	2672348
STIM1	T509P	0	2	Apr 01, 2026	2672453
ALKBH8	T478A	0	1	Jan 01, 2026	2672483
MYO9A	E464K	0	1	May 01, 2026	2672591
HEATR3	E632Q	0	1	Nov 01, 2023	2672636
RAI1	R1904K	0	1	Nov 01, 2023	2672692
GGT1	K52E	0	1	Mar 01, 2026	2672900
BCKDHB	Q159K	1	1	Nov 01, 2023	2673070
AFF2	R907G	0	1	Nov 01, 2023	2673263
COL4A5	G403R	1	1	Dec 01, 2023	2681735
COL4A5	G276V	1	1	Apr 28, 2025	2682387
STAT1	Y356D	1	1	Jan 03, 2024	2683749
F13A1	R78C	1	2	Mar 31, 2026	2683978
THAP1	R29Q	1	1	Aug 16, 2023	2684079
COL4A5	G632V	1	2	Apr 29, 2026	2684109
CHMP2B	Q206H	1	1	Mar 07, 2023	2684154
SOS2	E9G	1	1	Dec 01, 2023	2686011
MAN2B2	N541S	0	2	Jan 21, 2026	2687997
MAN2B2	Q243P	0	2	Jan 21, 2026	2688006
MAN2B2	M446V	0	2	Jan 21, 2026	2688008
MAN2B2	V320M	0	2	Jan 21, 2026	2688011
ERAP1	K528R	0	1	Jan 24, 2024	2688359
ERAP1	T12I	0	1	Jan 24, 2024	2688453
ERAP1	I276M	0	1	Jan 24, 2024	2688460
ERAP1	D575N	0	1	Jan 24, 2024	2688495
ERAP1	M349V	0	1	Jan 24, 2024	2688496
ERAP1	R725Q	0	1	Jan 24, 2024	2688505
ERAP1	Q730E	0	1	Jan 24, 2024	2688532
ERAP1	R127P	0	1	Jan 24, 2024	2688544
H1-4	K183R	0	2	Jun 01, 2026	2690479
ABCD1	G277E	1	1	May 29, 2023	2690502
RPS26	M1K	1	1	Apr 25, 2023	2690689
NOTCH1	V1976D	1	1	Jan 24, 2024	2690894
STAT1	D171H	1	1	Oct 18, 2023	2690904
DYRK1A	R124Q	1	1	Sep 01, 2023	2690976
DYRK1A	A332S	1	1	Sep 01, 2023	2690977
NSD1	H1872Q	1	1	Jan 25, 2024	2691013
THSD4	S585L	0	1	Feb 08, 2023	2691040
THSD4	P610L	0	2	Jan 01, 2024	2691041
THSD4	A653S	0	1	Dec 01, 2022	2691043
DYRK1A	G159R	1	1	Dec 07, 2023	2691880
ABCD1	P560S	1	1	Dec 21, 2023	2691890
GATA1	T267I	1	1	Mar 04, 2025	2691904
COL4A5	G1033V	1	1	Jun 05, 2023	2692323
SCN1A	G58V	1	1	Jan 25, 2024	2692373
MEF2C	L45P	1	1	Dec 04, 2023	2692484
TAOK1	M231K	1	1	Dec 14, 2023	2692505
TAOK1	L218P	1	1	Nov 01, 2023	2692584
SCN1A	G1371S	1	1	Nov 12, 2023	2695304
EP300	A2165V	0	1	Nov 18, 2023	2697099
IQSEC2	R243G	0	1	Oct 16, 2024	2700413
SCN1A	P707S	0	1	Dec 11, 2023	2700513
SMARCA4	R1157W	1	2	Dec 18, 2023	2703875
RAI1	L45M	0	1	Apr 29, 2024	2703971
SCN1A	G1618R	1	1	Feb 06, 2024	2703974
KMT2E	R181M	0	1	Oct 17, 2024	2693138
ALDH7A1	G494A	1	1	Nov 11, 2023	2695147
EPHB4	G374R	0	2	Aug 09, 2025	2699959
KMT2E	Q1251K	0	1	May 07, 2024	2700061
ADNP	K32E	0	1	Jan 02, 2024	2700218
RAI1	K1809N	0	1	Oct 24, 2024	2701629
MYO18B	R876Q	0	1	Jan 20, 2026	2701638
SCN1A	E1221D	1	1	Jun 09, 2023	2703456
COL3A1	G687A	1	1	Dec 16, 2023	2703534
ANKRD11	A1224T	0	1	Oct 10, 2025	2703700
CAMK2B	V133A	0	1	Dec 02, 2024	2705055
NOTCH1	E159Q	0	1	Dec 24, 2023	2705163
SLC12A3	R334G	1	1	Nov 17, 2023	2694567
IQSEC2	Q1422K	0	1	Feb 14, 2024	2696019
COL4A5	G1382D	1	1	Sep 30, 2024	2696250
SMARCA4	G951A	1	1	Apr 08, 2024	2696362
EPHB4	A955V	0	2	Dec 13, 2025	2701266
NCF2	M1T	1	1	Dec 13, 2023	2702941
KMT2E	I122V	1	1	Feb 17, 2025	2703001
EPHB4	C197G	1	1	Nov 11, 2025	2704988
HNRNPU	D83E	0	1	Aug 13, 2024	2692710
SLC12A3	S967T	1	1	Jun 05, 2023	2692823
GABRA2	E86D	0	1	Oct 13, 2023	2692842
ADNP	A1006E	0	2	Oct 24, 2024	2694130
CREBBP	A261V	0	1	Nov 19, 2023	2697514
NOTCH1	N676Y	0	1	Nov 28, 2023	2699435
COL3A1	G1062S	1	1	Jan 29, 2024	2702615
COL11A1	T94A	0	1	Dec 21, 2023	2704329
SCN1A	Y165C	1	1	Jan 21, 2024	2710626
COL11A1	N1746S	0	1	Aug 18, 2025	2712579
NOTCH1	S773I	0	1	Jun 27, 2025	2714325
EP300	V1118I	0	1	Dec 30, 2023	2716024
KRT74	G373R	0	1	Jan 06, 2026	2716154
KDF1	I282S	1	1	Mar 03, 2024	2717585
SLC16A2	V415I	0	1	Jan 06, 2025	2717649
COL11A1	T21I	0	1	Nov 14, 2022	2717837
SURF1	M1I	1	1	May 25, 2023	2717838
KMT2E	A1513S	0	1	Feb 05, 2024	2717869
DYRK1A	T653A	0	1	Nov 27, 2023	2719367
ABCD1	E291A	1	1	Jun 20, 2023	2719512
ABCD1	L493H	1	2	Mar 11, 2025	2708443
KMT2E	P1220T	0	1	Aug 31, 2024	2708727
SCN1A	I99V	1	1	Dec 04, 2025	2710260
PLD3	L490V	0	2	Dec 27, 2025	2710408
CREBBP	P1947S	0	2	Oct 19, 2025	2710524
LAMA4	P269S	0	1	May 29, 2023	2712099
STAG1	A975G	0	1	Mar 16, 2025	2712145
GRIN2A	I83V	0	1	Jan 28, 2024	2713848
SCN1A	V1630A	1	1	Jun 24, 2023	2715522
EP300	M205V	0	1	Mar 15, 2023	2715573
COL3A1	G813V	1	1	Jun 16, 2023	2717255
GABRA2	F42I	1	1	Sep 14, 2023	2718827
ANKRD11	S517Y	0	1	Sep 23, 2025	2718867
SCN1A	I1347F	1	1	Feb 05, 2024	2718930
RAI1	T1651P	0	1	Nov 03, 2025	2719182
TRAPPC2	F126L	0	1	Oct 15, 2024	2706464
COL4A5	G1258D	1	1	Jul 09, 2024	2706610
SCN1A	S1150N	0	1	Jan 09, 2024	2708136
GP6	R272Q	0	2	Oct 24, 2025	2708203
HNRNPU	M1L	1	1	Apr 26, 2024	2708305
ABCD1	D442E	0	1	Jan 25, 2024	2711556
GP6	R299Q	0	2	Jul 06, 2024	2713200
HNRNPU	L439H	0	1	Nov 27, 2023	2713306
CREBBP	N190S	0	1	Dec 19, 2025	2714932
SLC38A8	C107G	0	1	Mar 17, 2024	2715069
ALDH7A1	G143R	1	1	Aug 30, 2023	2715235
KRT1	R65Q	0	1	Dec 11, 2023	2716655
KMT2E	V1790A	0	1	Jan 08, 2024	2716817
RAI1	L1060F	0	1	May 29, 2024	2716835
KRT12	V410G	0	1	Dec 28, 2023	2716869
CYFIP2	M464T	0	1	Feb 26, 2024	2716903
NOTCH1	R2098C	0	1	Aug 04, 2023	2718621
CARMIL2	G508S	0	1	Jul 07, 2025	2718711
SCN1A	L133P	1	1	Jan 23, 2026	2705922
SCN1A	N1712D	1	1	Mar 21, 2024	2705925
CYP1B1	M1R	1	1	Dec 27, 2023	2705933
COL4A5	G301V	1	1	Feb 16, 2024	2706119
ADNP	T317I	0	1	Jun 29, 2025	2706136
GALNT3	C561S	1	1	Jan 04, 2024	2707591
NOTCH1	N1023D	0	1	Aug 28, 2025	2707652
SCN1A	L1675F	1	1	Jan 12, 2024	2707845
RAI1	G1513D	0	1	Oct 24, 2024	2709533
ASL	D237E	1	1	Jan 16, 2024	2709572
HNRNPU	P465S	0	1	Nov 13, 2023	2712804
CREB3L3	R392Q	0	1	Nov 25, 2024	2712938
KDM6A	A746T	0	1	Oct 10, 2025	2714479
KRT74	P108L	0	1	Jan 09, 2023	2716280
KRAS	F156S	1	1	Aug 30, 2024	2716407
ABCD1	R89Q	0	1	Jun 15, 2025	2716502
NOTCH1	A1635T	0	1	May 14, 2024	2716527
SLC38A8	V270I	0	1	May 22, 2024	2716582
NOTCH1	E1382K	0	1	Feb 01, 2026	2717936
SCN1A	R1657L	1	1	Apr 06, 2023	2718059
ABCD1	G277A	1	1	Jun 29, 2025	2718203
SOS2	D952Y	0	1	Jan 18, 2026	2718254
MCM4	P191S	0	1	Jan 26, 2026	2720340
SCN1A	I1437K	1	1	Jun 21, 2023	2721857
EP300	S2374A	0	1	May 13, 2024	2722033
CREBBP	G587S	0	1	Dec 27, 2023	2722204
ABCD1	R152H	1	2	Sep 19, 2025	2723850
GRIN2A	V11M	0	1	Dec 07, 2023	2725470
COL3A1	G273E	1	2	Jul 16, 2023	2725494
KCNJ11	E282Q	1	1	Nov 15, 2023	2725519
COL3A1	G987C	1	1	Aug 23, 2025	2725531
SCN1A	D1256A	1	1	Aug 21, 2025	2727049
HNRNPU	G222V	0	1	Nov 27, 2023	2727056
IQSEC2	I313L	0	1	Oct 03, 2023	2727330
COL4A5	G1394C	1	1	Jan 24, 2024	2732386
COL4A5	G403E	1	1	Jun 26, 2024	2732395
COL11A1	G1282A	0	1	Nov 28, 2023	2732435
SLC12A3	V1015M	1	2	Nov 13, 2025	2732553
PJVK	C343S	1	2	May 30, 2024	2720001
SOS2	N1161D	0	1	Jan 26, 2026	2721653
COL11A1	P1801S	0	1	Sep 04, 2024	2723170
ENPP1	R888W	1	1	Aug 11, 2024	2723422
CREBBP	T1986M	0	1	Oct 23, 2024	2724959
ABCD1	R172C	0	1	Apr 28, 2023	2724977
CSF1R	W50L	0	1	Oct 23, 2024	2726733
RAI1	A1114T	0	1	Feb 12, 2024	2728728
KDM5C	R1474Q	0	1	Aug 30, 2023	2730353
GRIN2A	K1339N	0	1	Aug 17, 2023	2732083
NPHS1	R32W	0	1	Sep 12, 2023	2732110
STS	M78V	0	1	May 23, 2023	2720982
ADNP	D932V	0	1	Dec 07, 2023	2721113
CREBBP	T999A	0	1	Jun 09, 2023	2721294
ODAD1	D425N	0	1	Dec 03, 2025	2721315
SLC36A2	P424R	0	1	Mar 02, 2023	2721333
KLF11	M477V	0	1	Jul 11, 2025	2721342
RAI1	Q261R	0	1	Oct 23, 2024	2722723
NOTCH1	A1743T	0	1	Apr 23, 2025	2724634
SOS2	T1051A	0	2	Dec 08, 2025	2726183
EP300	N452S	0	1	Jun 26, 2024	2728199
ADNP	A291T	0	1	Dec 15, 2023	2729659
SCN1A	T812P	1	1	Jul 09, 2023	2729711
HCN1	A387G	1	1	Oct 05, 2023	2729721
DNM1	G139A	1	1	Jan 26, 2026	2729722
GP6	P313L	0	2	Oct 22, 2025	2729728
DYRK1A	Q45L	0	1	Oct 22, 2024	2729880
KMT2E	T1616N	0	1	Oct 23, 2024	2731357
EP300	N2405D	0	2	Feb 16, 2025	2731452
NOTCH1	A495T	0	1	Jun 23, 2025	2733069
PMM2	D65N	1	2	Feb 06, 2025	2733135
NPHS1	A25V	0	1	Oct 04, 2023	2733238
SLC12A3	P349S	1	2	Oct 31, 2024	2733260
ABCD1	P42L	0	1	Dec 03, 2025	2720529
EP300	I1952V	0	1	Nov 06, 2023	2720650
ATP8B1	V1155A	0	1	Jul 17, 2023	2720842
NOTCH1	R1761W	0	1	Nov 05, 2025	2720846
HNRNPU	D280N	0	1	Jan 26, 2026	2724330
HNRNPU	N772S	0	2	Jun 10, 2025	2725768
ANKRD11	A2201V	0	2	Jul 31, 2025	2725825
CREBBP	V2149L	0	1	Nov 24, 2023	2725928
GRIN2A	C1448Y	0	1	Dec 08, 2025	2726077
NOTCH1	R112L	0	1	May 29, 2023	2726117
EP300	T1856M	0	1	Dec 14, 2023	2727499
ADNP	T718S	0	1	Oct 06, 2023	2727514
COL3A1	G906R	1	1	Feb 04, 2023	2727832
CREBBP	G1316S	0	2	Dec 11, 2023	2729191
DYRK1A	D330Y	0	1	Apr 29, 2024	2729306
KMT2E	P1683R	0	1	Oct 17, 2024	2729527
EP300	H2324N	0	1	Sep 02, 2025	2730886
ASL	Q286P	1	1	Nov 29, 2022	2731175
MANBA	V133M	0	1	Jan 28, 2026	2731202
RAI1	V449I	0	2	Oct 29, 2025	2731250
NFKBIA	N229D	0	1	Oct 03, 2023	2731297
ABCD1	R275Q	1	1	Oct 30, 2023	2732781
COL3A1	G384D	1	1	Apr 08, 2023	2734340
COL3A1	G564D	1	1	May 11, 2023	2734342
COL3A1	G573D	1	1	Jul 20, 2023	2734343
COL3A1	G999D	1	2	Mar 26, 2026	2734350
COL4A5	G1018S	1	1	Jul 03, 2024	2734471
ALG3	R354C	1	2	Jun 02, 2025	2734602
PMM2	I132N	1	2	Aug 03, 2025	2736318
SLC12A3	V179D	1	2	Apr 29, 2026	2736343
SLC12A3	G216E	1	1	Apr 15, 2023	2736345
SLC12A3	C430Y	1	2	Apr 29, 2026	2736350
SLC12A3	P735R	1	1	May 19, 2023	2736352
SLC12A3	L849F	1	1	Sep 08, 2023	2736354
SOS2	I522V	0	1	Dec 29, 2025	2737951
ABCD1	E331V	1	1	Feb 24, 2025	2738141
ABCD1	T18K	0	1	May 23, 2023	2739797
BCKDHA	G249V	1	1	Oct 15, 2023	2741565
NOTCH1	S2121R	0	1	Mar 23, 2024	2746560
RAI1	E1847D	0	1	Jan 02, 2024	2746606
COL4A5	G286A	1	1	Jun 29, 2023	2733476
NMNAT1	P241S	1	1	Aug 22, 2023	2733823
COL3A1	G384R	1	1	Jun 13, 2024	2733896
COL11A1	P546H	0	1	Oct 24, 2024	2733966
FMO3	P70L	1	1	Mar 07, 2023	2734029
FMO3	R223Q	1	2	May 23, 2025	2734030
FMO3	M260V	1	2	Jan 11, 2026	2734031
FMO3	G421V	1	2	Jun 29, 2026	2734033
GALNT3	E281G	1	1	Nov 24, 2023	2734291
GALNT3	G256V	1	1	Mar 28, 2023	2734292
SCN1A	L1835F	1	1	Dec 02, 2024	2734295
SCN1A	I1770N	1	1	Sep 19, 2023	2734296
SCN1A	E1503K	1	1	Sep 15, 2023	2734301
SCN1A	T955I	1	1	May 23, 2023	2734307
SCN1A	L842R	1	1	Jun 02, 2025	2734310
SCN1A	G396E	1	1	Nov 11, 2024	2734312
SCN1A	S340F	1	1	Jul 16, 2024	2734314
SCN1A	A175V	1	1	Jul 30, 2023	2734318
SCN1A	L93S	1	1	Jul 09, 2023	2734319
SCN1A	P76T	1	1	Feb 14, 2023	2734321
NDUFV1	A211V	1	1	Dec 13, 2023	2735677
APOA1	L165R	1	1	Mar 19, 2024	2735760
GJA3	D3Y	1	2	Apr 20, 2023	2735992
LIG4	Q280R	1	1	Oct 23, 2022	2736055
LIG4	R278L	1	2	Jan 09, 2026	2736056
LIG4	R278P	1	1	Jun 20, 2023	2736057
EP300	P1958L	0	1	Aug 20, 2025	2737567
EP300	R2056W	0	1	Oct 13, 2023	2737631
EP300	A171V	0	1	Aug 23, 2023	2737654
EP300	N2305S	0	2	Mar 01, 2026	2737667
RAI1	D957H	0	1	May 09, 2024	2737797
RAI1	T696K	0	1	Oct 03, 2023	2739572
CREBBP	N1612S	0	2	May 23, 2025	2740971
BUB1	N534D	0	1	Nov 27, 2025	2742681
NOTCH1	D78N	0	1	Jan 07, 2023	2744584
SCN1A	D1497G	1	1	Oct 20, 2025	2744756
FGFR2	G663E	1	2	May 10, 2024	2735492
FGFR2	A362S	1	1	May 28, 2025	2735493
KCNJ11	D204E	1	1	Jan 23, 2023	2735540
KCNJ11	L164P	1	1	Apr 12, 2023	2735541
SERPING1	Y154S	1	1	Apr 03, 2025	2735607
SERPING1	G345R	1	1	Dec 25, 2023	2735614
SOD1	D102N	1	1	Nov 08, 2023	2736984
STS	G354R	1	2	Apr 23, 2023	2737074
TRAPPC2	S73L	1	1	Aug 29, 2024	2737082
NDP	I123N	1	1	Oct 22, 2023	2737210
CHM	Q273H	1	1	Dec 08, 2022	2737270
PCDH19	P393L	1	1	Apr 08, 2024	2737276
PCDH19	D377N	1	1	Feb 20, 2024	2737278
ANKRD11	T278M	0	1	Oct 17, 2023	2737374
ABCD1	P84S	1	2	Jun 27, 2025	2737399
ABCD1	R120P	1	2	Jan 17, 2023	2737402
ABCD1	Y174H	1	1	Sep 08, 2023	2737405
ABCD1	P263L	1	1	Mar 02, 2023	2737408
ABCD1	L279P	1	1	Dec 15, 2023	2737409
ABCD1	S290W	1	1	Aug 11, 2025	2737410
ABCD1	L493P	1	1	Oct 15, 2023	2737415
ABCD1	P534S	1	1	Jan 29, 2025	2737416
ABCD1	Q556R	1	1	Nov 07, 2023	2737417
ABCD1	R591P	1	2	Jul 15, 2025	2737418
ABCD1	E640K	1	1	Oct 02, 2024	2737420
SOS2	A1174V	0	1	May 18, 2025	2740542
EYA1	S267G	0	1	Nov 04, 2023	2740702
CHM	D353G	0	1	Jul 07, 2023	2742474
KMT2E	T1791S	0	1	Oct 24, 2024	2743948
ABCD1	G414D	1	1	Oct 07, 2024	2745952
COL3A1	G768R	1	1	Apr 05, 2024	2747389
GRIN2A	N193K	0	1	Jul 26, 2024	2747485
COL4A5	G1391V	1	2	Apr 27, 2024	2747780
ASL	R182P	1	2	Mar 31, 2025	2747788
ALDH7A1	R518T	1	2	Apr 19, 2024	2734771
NHLRC1	C46Y	1	1	Aug 18, 2025	2734827
KRIT1	K675N	1	1	Nov 04, 2024	2735042
SLC26A4	Y78C	1	2	Sep 24, 2025	2735063
SLC26A4	G209E	1	2	Nov 13, 2025	2735064
SLC26A4	G222D	1	1	Oct 27, 2022	2735065
SLC26A4	Q413P	1	1	Dec 21, 2022	2735067
SLC26A4	T420I	1	2	Dec 09, 2025	2735068
SLC26A4	G439R	1	2	Jun 24, 2025	2735069
SLC26A4	F667L	1	1	Jan 16, 2024	2735072
SLC26A4	G672R	1	1	Mar 26, 2023	2735073
LPL	G186E	1	2	Sep 22, 2025	2735126
LPL	E190G	1	1	Jan 25, 2023	2735128
LPL	G237D	1	2	Jul 08, 2025	2735129
LPL	S286G	1	2	Dec 17, 2025	2735131
THAP1	K16E	1	1	Dec 26, 2025	2735166
EXT1	G339V	1	1	Feb 24, 2023	2735203
TTR	I104N	1	1	Dec 20, 2022	2736721
ATP8B1	G446R	1	2	Apr 14, 2026	2736747
ATP8B1	R296C	1	2	Apr 14, 2026	2736748
JAK3	R651W	1	2	Jan 12, 2024	2736844
AVP	P55L	1	1	Jun 11, 2023	2736933
KRT1	S254L	0	1	Mar 08, 2023	2738351
PMM2	D148Y	1	1	Nov 29, 2022	2740347
ANKRD11	M1548I	0	2	May 13, 2026	2741879
TRIOBP	R237Q	0	1	Jun 06, 2025	2742133
NOTCH1	A1278V	0	1	Dec 12, 2024	2745570
GRIN2A	S954T	0	1	Nov 27, 2023	2749562
ADNP	S441F	0	1	Oct 13, 2023	2749600
COL11A1	E413D	0	1	Aug 02, 2023	2749623
ADNP	L948R	0	1	Oct 24, 2024	2749787
ADNP	D735A	0	1	Oct 24, 2024	2749788
CREBBP	Y1539N	1	1	May 31, 2023	2754891
COL11A1	G1471V	1	1	Mar 10, 2025	2755129
SCN1A	S474R	1	1	Nov 10, 2023	2756865
DYRK1A	R85I	0	1	Jan 06, 2024	2758236
SLC38A8	F227Y	0	1	Jan 20, 2026	2758342
ZIC2	C258Y	1	1	Dec 11, 2023	2760100
SCN1A	F1774L	1	1	Oct 15, 2023	2760205
COL4A5	G1354W	1	1	Aug 16, 2023	2746481
SCN1A	R377P	1	1	May 30, 2023	2749176
COL3A1	G729A	1	1	May 30, 2023	2749419
GABRA2	V383L	0	1	Nov 15, 2023	2751071
COL3A1	G1005A	1	2	Nov 14, 2024	2757881
GRIN2A	A716V	1	1	Jun 07, 2023	2748805
PURA	E283D	0	1	May 05, 2025	2749031
LIG4	R163S	0	1	Jul 13, 2025	2750557
HNRNPU	G111A	0	1	Oct 09, 2023	2750591
HNRNPU	P737L	0	1	Jan 06, 2025	2752192
GATA4	P308R	1	1	Sep 25, 2023	2752218
KRAS	K147N	1	1	Jan 09, 2024	2752227
GRIN2A	P32S	0	1	May 17, 2025	2752412
COL4A5	G793R	1	1	Aug 17, 2023	2752543
GABRA2	V360I	0	1	Dec 01, 2025	2754087
ANO10	Y217C	0	1	Jan 28, 2026	2755628
DNM1	R66P	1	1	Jan 23, 2025	2755885
SCN1A	S1232I	1	1	Sep 03, 2023	2757466
COL4A5	G75V	1	1	Sep 05, 2023	2757600
COL4A5	P1198S	0	1	Sep 08, 2023	2759078
SCN1A	Y1241D	1	1	Aug 02, 2025	2759459
COL3A1	G756R	1	1	Apr 05, 2024	2760806
RAI1	E868D	0	1	Oct 24, 2024	2748561
TGM6	I495V	0	1	Aug 11, 2025	2750321
IL10RA	R117C	1	1	Sep 17, 2025	2751753
COL3A1	G474D	1	1	Mar 06, 2024	2751919
SCN1A	C1756R	1	1	Sep 05, 2024	2753511
ALDH7A1	R329W	1	1	Aug 18, 2023	2753721
ABCD1	A159T	0	1	Oct 13, 2023	2755229
SCN1A	N1476I	1	1	Aug 27, 2023	2755440
ALDH7A1	G143A	1	1	Aug 31, 2023	2756963
COL3A1	G591C	1	1	Feb 11, 2025	2763894
SMARCB1	E31G	1	1	Apr 08, 2024	2764125
SCN1A	S1666T	1	1	Dec 12, 2023	2769024
COL11A1	P675S	0	1	Oct 16, 2023	2769108
SCN1A	D1443G	1	1	Aug 22, 2024	2772236
CYFIP2	S138C	0	1	Apr 05, 2024	2772374
CAMK2B	T277S	0	1	Dec 06, 2023	2759508
CAMK2B	R621W	0	1	Feb 10, 2024	2759559
CYFIP2	Y703C	1	1	Oct 09, 2024	2759831
SCN1A	L1514I	1	1	Sep 15, 2023	2763446
CFTR	M952I	1	1	Oct 15, 2023	2768661
HNRNPU	L290F	1	1	Nov 07, 2023	2768940
RAI1	V653A	0	1	Sep 30, 2024	2763021
GRIN2A	H1190L	0	1	Sep 05, 2024	2763137
INPP5E	K580N	1	1	Oct 11, 2023	2764906
GP6	P310L	0	2	Dec 16, 2025	2765005
COL4A5	G1057R	1	1	Oct 07, 2023	2766704
ABCD1	L654Q	1	1	Oct 07, 2023	2766757
COL4A5	G159V	1	1	Nov 16, 2023	2768084
COL3A1	G1062D	1	1	Dec 10, 2023	2768135
RAI1	S117G	0	1	Oct 24, 2024	2768389
CLCN2	A687D	0	1	Mar 31, 2025	2769935
GRIN2A	H1058D	0	1	Oct 13, 2023	2769940
COL4A5	M1I	1	1	Jun 05, 2023	2770173
EXT1	R346S	1	1	Oct 30, 2023	2772987
COL4A5	G1357R	1	1	Nov 01, 2023	2773229
CYFIP2	G758S	0	1	Dec 22, 2023	2762157
COL11A1	G1300S	0	1	Jun 03, 2023	2762174
ASL	G206S	1	1	Sep 22, 2023	2762630
GRIN2A	M1438I	0	1	Sep 22, 2023	2762662
STAG2	S1101I	0	1	Dec 11, 2023	2762698
TTR	E109G	1	1	Sep 22, 2023	2762712
GRIN2A	R1169G	0	1	Apr 09, 2024	2762824
SCN1A	I953M	1	1	Nov 08, 2023	2764522
PCDH19	Y166D	1	1	Sep 01, 2024	2765982
CAMK2B	G611A	0	1	Dec 07, 2023	2766090
COL11A1	V39A	0	1	Oct 05, 2023	2766119
COL4A5	G920V	1	1	Oct 12, 2023	2767798
KCNJ11	V44A	1	1	May 22, 2024	2767975
ASL	E59V	1	1	Oct 23, 2023	2771347
KRT1	L485H	1	1	Oct 23, 2023	2771357
GRIN2A	S1356C	1	1	Jan 03, 2024	2772634
COL4A5	G1033S	1	1	Nov 01, 2023	2772780
FMO3	S493L	0	1	Jan 26, 2026	2772827
COL4A5	G1451E	1	2	Feb 04, 2025	2775428
PMM2	L193V	1	1	Aug 20, 2023	2776039
STAG1	S771P	0	1	Oct 13, 2023	2777640
KMT2E	V35A	0	2	May 18, 2025	2777654
KMT2E	G1657E	0	1	Aug 17, 2023	2777785
SCN1A	T217I	1	1	Nov 19, 2023	2779481
EPHB4	R508W	1	1	Jul 28, 2023	2781273
COL11A1	L153F	0	1	Oct 14, 2025	2784764
KDM5C	T772N	0	1	Dec 03, 2025	2788125
HNRNPU	A230P	0	1	Mar 16, 2024	2781030
IQSEC2	R542W	0	1	Aug 18, 2025	2782642
GJA8	P88R	1	1	Feb 02, 2024	2782760
PPT1	Y109S	1	1	Mar 12, 2023	2784262
EP300	L2406F	0	1	Aug 30, 2023	2785983
RAI1	I1575V	0	1	Feb 02, 2024	2786235
KMT2E	Y784H	0	1	Aug 10, 2023	2775767
RAI1	R1661P	0	1	Aug 17, 2023	2775802
SCN1A	I1347V	1	2	Aug 06, 2026	2775809
COL11A1	T462S	0	1	Aug 11, 2023	2776933
AAAS	M1V	1	2	Apr 29, 2026	2776934
SLC26A4	N457S	1	1	Nov 24, 2023	2778550
CREBBP	P2131S	0	1	Nov 28, 2022	2778607
KMT2E	P1459A	0	1	Jan 21, 2025	2778660
PMM2	I153M	1	1	Dec 18, 2022	2780329
SLC12A3	G980W	1	1	Mar 03, 2023	2780349
SMARCA4	R1203C	1	2	Jul 30, 2025	2780427
JAK3	I430T	1	1	Jun 06, 2023	2780436
COL4A5	G210E	1	1	Sep 12, 2023	2780479
COL4A5	G672D	1	1	Sep 13, 2024	2780480
STAG1	T1102S	0	1	Oct 20, 2023	2782194
RAI1	K547E	0	1	Jan 08, 2024	2785448
GRIN2A	T1038I	0	1	Nov 27, 2023	2787210
KMT2E	S837P	0	1	Mar 18, 2023	2778309
ASL	M230T	1	1	Aug 04, 2023	2780117
ANKRD11	S1451R	0	1	May 23, 2025	2781512
COL4A5	P803L	0	1	Nov 19, 2022	2781806
HNRNPU	G58R	0	1	May 11, 2025	2781829
FAH	S129F	1	1	May 08, 2023	2785104
CYFIP2	L263H	0	1	Feb 12, 2024	2786701
COL3A1	G177S	1	1	Oct 13, 2025	2791562
CREBBP	L833F	0	1	Sep 10, 2023	2791759
DYRK1A	A535D	0	1	Oct 23, 2024	2795147
EP300	M2227I	0	2	Mar 15, 2025	2798428
BMP1	V722A	0	1	May 03, 2023	2798114
RAI1	A384V	0	1	Dec 22, 2023	2789009
STAG1	H1148Q	0	1	Oct 24, 2024	2789220
GRIN2A	S1399G	0	1	Aug 04, 2023	2792700
IQSEC2	P76S	0	1	Feb 25, 2023	2794080
ADNP	S316A	0	1	Oct 03, 2023	2796080
GRIN2A	L229V	0	1	Dec 26, 2023	2796171
CAMK2B	R492G	0	1	Apr 21, 2025	2790414
COL11A1	R642S	0	1	Sep 10, 2023	2790572
HCN1	L673R	0	1	Jul 17, 2023	2795440
PXDN	R1161Q	0	1	Oct 03, 2023	2795530
SCN1A	R1639C	1	1	Nov 10, 2023	2797256
EP300	S916T	0	1	Nov 05, 2025	2797493
KMT2E	P1688L	0	1	Oct 23, 2024	2797495
COL3A1	G414S	1	2	Nov 27, 2025	2798833
GP6	I282T	0	1	Dec 06, 2023	2799060
GRIN2A	F210S	0	1	Nov 27, 2023	2799221
PRKRA	F68Y	0	1	Oct 09, 2025	2800856
CREBBP	Q2140R	0	1	May 22, 2024	2802379
NOTCH1	K185Q	0	1	May 23, 2023	2803550
CREBBP	G2224A	0	1	May 30, 2023	2805391
PMM2	P69L	1	1	Dec 24, 2023	2805486
FGFR2	E565K	1	1	Mar 21, 2024	2807327
NFKBIA	M1T	0	1	Feb 05, 2024	2808955
COL3A1	G555R	1	1	Dec 02, 2022	2812440
COL11A1	Q561P	1	1	Aug 23, 2023	2813956
RAI1	A1811D	0	1	Oct 28, 2024	2813960
GJA8	V64A	1	2	Mar 14, 2024	2814004
SCN1A	V1215I	1	1	Nov 14, 2022	2814171
CAMK2B	S488T	0	2	Apr 20, 2025	2805025
COL3A1	G795D	1	2	Oct 24, 2025	2805195
COL3A1	G471E	1	1	Apr 25, 2024	2810051
GRIN2A	N693K	1	1	Dec 21, 2022	2811707
HNRNPU	L428F	0	1	Aug 04, 2023	2811714
DCX	Y64D	1	1	Apr 03, 2023	2811793
SCN1A	S374P	1	1	Nov 03, 2022	2811808
NPHS1	L96Q	1	1	Nov 04, 2022	2811928
FAH	F12L	1	2	Jul 25, 2025	2811930
CYFIP2	C1138Y	0	1	Aug 17, 2023	2812074
ASL	G206D	1	1	Feb 01, 2024	2813481
DPF2	R62Q	0	1	Jan 02, 2024	2813492
SCN1A	F1361V	1	1	Jan 05, 2024	2813553
SCN1A	W1284C	1	1	Nov 19, 2022	2815332
PMM2	F119S	1	1	Dec 23, 2022	2804450
RAI1	P1034H	0	1	Dec 18, 2024	2804695
SLC12A3	R955P	1	2	Feb 25, 2024	2806284
COL11A1	G1123A	0	1	Oct 23, 2023	2808124
SCN1A	I1782V	1	1	Dec 25, 2022	2813384
COL11A1	K1004R	0	1	Jan 15, 2023	2807441
ADNP	K757N	0	1	Oct 24, 2024	2807516
ADNP	E723Q	0	1	Oct 24, 2024	2807517
PURA	M1T	1	1	Oct 07, 2022	2807849
PURA	G38R	0	1	Aug 17, 2023	2809254
SLC26A4	Q413L	1	1	Dec 12, 2023	2809546
POT1	M1I	1	1	Nov 16, 2022	2811140
GRIN2A	I876F	0	1	Jan 05, 2023	2812848
ABCD1	G529V	1	1	Jun 24, 2024	2817425
COL3A1	G807R	1	1	Dec 24, 2025	2822583
SCN1A	R1657S	1	1	Apr 06, 2023	2822596
ALDH7A1	R329T	1	1	Nov 01, 2023	2827572
SCN1A	G361C	1	1	Jul 17, 2023	2829623
ALDH7A1	P106T	1	1	Mar 14, 2023	2816828
SCN1A	S1773P	1	1	Dec 07, 2023	2817041
ANKRD11	A602S	0	2	Feb 17, 2025	2817098
GRIN2A	C429R	1	1	Aug 30, 2024	2818624
KDM6A	S703L	0	1	Nov 19, 2023	2818647
SLC26A4	F515L	1	2	Feb 15, 2025	2818686
GATA4	C296S	1	1	Aug 25, 2023	2820525
ABCD1	D194V	1	1	Jan 27, 2025	2825518
ABCD1	S103R	1	1	Dec 31, 2022	2825615
COL11A1	H324R	0	1	Jan 24, 2025	2828949
ABCD1	S284P	1	2	Apr 29, 2026	2829099
PCDH19	E140K	1	1	Aug 07, 2023	2829184
COL4A5	G896V	1	1	Nov 24, 2022	2816516
SOS2	T376I	1	1	Dec 17, 2022	2821826
NPHS1	P120T	0	1	Dec 18, 2022	2821873
COL11A1	P1545S	0	1	Dec 22, 2022	2823263
ALDH3A2	Y269C	1	1	Dec 22, 2022	2823348
GRIN2A	Q201H	0	1	Aug 04, 2023	2825037
COL4A5	G60R	1	1	Aug 07, 2023	2826673
SCN1A	L209R	1	1	Jan 07, 2023	2826806
SLC12A3	R399G	1	1	Jan 07, 2023	2826924
NDUFV1	R40G	1	1	Sep 08, 2023	2817980
RAI1	D1140N	0	1	Apr 10, 2024	2818096
GABRA2	N37D	0	1	Jun 03, 2024	2819470
CREBBP	Q943R	0	1	Dec 08, 2022	2819480
EP300	V2307G	0	1	Mar 25, 2024	2819651
HNRNPU	G362V	1	1	Oct 09, 2023	2822962
CLCN5	G576R	1	1	Dec 21, 2022	2822984
SCN1A	C968S	1	1	Jan 05, 2023	2826387
COL11A1	N680H	0	1	Mar 01, 2023	2827954
KRAS	R68G	1	1	Jan 13, 2023	2828010
FIG4	M1V	1	1	Jan 13, 2023	2828266
ABCD1	L306R	1	1	May 08, 2023	2828351
ASL	R94S	1	1	Jan 18, 2023	2829866
RAI1	K1083R	0	1	Nov 27, 2023	2831149
COL4A5	G1238D	1	1	Jun 12, 2025	2832913
SCN1A	F412L	1	2	Jul 23, 2024	2834332
ABCD1	A626V	1	1	Sep 12, 2023	2836431
ANKRD11	L2478P	1	1	Feb 24, 2025	2837880
ANKRD11	A1481V	0	2	Dec 24, 2025	2839575
SLC12A3	V677G	1	1	Feb 27, 2023	2841259
SCN1A	M1852V	1	1	Dec 27, 2023	2841279
PMM2	V129A	1	1	Feb 28, 2023	2841506
KDM5C	V273L	0	1	Aug 17, 2023	2830856
HCN1	A294V	1	1	Sep 29, 2023	2833978
TPM1	E54A	1	1	Apr 05, 2023	2834088
SCN1A	D936G	1	1	Oct 27, 2023	2834229
SCN1A	H789L	1	1	Feb 18, 2025	2835642
CAMK2B	S595N	0	1	Aug 10, 2023	2835829
EP300	G96E	0	1	Nov 12, 2023	2837545
SCN1A	Y1422H	1	2	Sep 02, 2025	2839015
CREBBP	Q881H	0	1	Sep 25, 2025	2839231
SMARCA4	Y732H	1	1	Mar 03, 2023	2841082
COL4A5	G606V	1	1	Mar 03, 2023	2842591
CSF1R	I222M	0	1	Jan 06, 2025	2831775
COL3A1	G969E	1	1	Feb 09, 2023	2831927
CTSK	G194V	1	1	Sep 26, 2025	2835384
SCN1A	G1655W	1	1	Feb 14, 2023	2837161
SCN1A	G361S	1	1	Jan 06, 2025	2838838
PMM2	T18A	1	1	Oct 04, 2023	2840279
KMT2E	F328S	0	1	Aug 17, 2023	2840624
COL4A5	G837D	1	1	Jan 24, 2023	2831715
TPM1	E145K	1	1	Aug 04, 2023	2833135
DYRK1A	I193T	0	1	Aug 10, 2023	2833275
SLC12A3	D62V	1	1	Feb 05, 2023	2834764
RAI1	S1488T	0	1	Aug 04, 2023	2834903
SCN1A	L1324P	1	1	Oct 30, 2023	2839972
SCN1A	L1399P	1	1	May 08, 2023	2840258
ALG1	P388L	1	2	Nov 13, 2025	2841570
MEF2C	P452T	0	1	Aug 24, 2023	2843618
SCN1A	F402L	1	1	May 13, 2024	2846673
CREBBP	T2431M	0	1	Apr 12, 2024	2848185
HNRNPU	P5S	0	1	Oct 13, 2023	2848327
KMT2E	G484S	0	1	Nov 24, 2024	2850017
GRIN2A	V1139G	0	1	Apr 02, 2023	2851565
KMT2E	H1709R	0	1	Aug 17, 2023	2852725
EP300	Q2288R	0	2	Jul 28, 2025	2854720
RAI1	K1538N	0	1	Oct 24, 2024	2854797
KCNC1	T400N	1	1	Jul 27, 2023	2856264
COL3A1	G1113D	1	1	Apr 15, 2023	2856353
CNTN1	L19S	0	1	Sep 16, 2025	2844497
COL4A5	G763R	1	1	Mar 14, 2023	2845836
CREBBP	P688A	0	1	Oct 04, 2025	2845882
ANKRD11	S153C	0	2	Aug 15, 2025	2845911
PMM2	G228S	1	1	Nov 29, 2022	2846077
NOTCH1	N1226S	0	2	Oct 08, 2024	2849424
COL3A1	G660R	1	1	May 01, 2023	2849569
COL4A5	G397D	1	1	Dec 30, 2025	2850977
COL11A1	G1012D	1	1	Nov 11, 2024	2851011
COL3A1	G546R	1	1	Apr 06, 2023	2852637
CREBBP	R1441W	0	1	Mar 17, 2025	2854209
SCN1A	I173N	1	2	Jan 27, 2025	2855720
POU3F4	H172D	0	1	Apr 25, 2025	2844085
GJA8	G22C	1	1	Mar 14, 2023	2845763
SCN1A	I1545T	1	1	Jan 20, 2026	2847117
SCN1A	R1636L	1	1	Jul 28, 2025	2848849
SCN1A	R393G	1	1	Mar 23, 2023	2848903
RAI1	K1546R	0	1	Oct 06, 2024	2850727
RAI1	R1521G	0	1	Oct 03, 2023	2857076
COL4A5	G1297V	1	1	Apr 18, 2023	2857217
PURA	Q10L	0	1	Oct 24, 2024	2844991
TNNI3	G137S	1	1	Apr 26, 2023	2847012
PMM2	C241R	1	1	Mar 18, 2023	2847057
SCN1A	T105S	1	1	Mar 22, 2023	2848612
CPT1C	T265P	0	1	Apr 07, 2023	2853297
ADAMTS9	S1826N	0	1	Jun 12, 2025	2853490
SMARCE1	Y126D	1	1	Aug 29, 2023	2855068
COL3A1	G693E	1	1	Jul 28, 2023	2856561
ABCD1	L220R	1	1	Nov 29, 2022	2856657
COL4A5	G994A	1	1	Aug 14, 2023	2861242
ABCD1	M539L	0	1	Jan 11, 2024	2862981
SCN1A	A1819T	1	1	Jul 22, 2024	2863180
COL4A5	G766R	1	1	Jun 13, 2023	2864665
COL4A5	G976V	1	1	May 16, 2023	2864863
KMT2E	L1404Q	0	1	Aug 04, 2023	2864976
SOD1	Q23P	1	1	May 22, 2023	2866770
KMT2E	T1347I	0	1	Jun 03, 2024	2868191
SOS2	R1312W	0	1	Jan 05, 2026	2868272
KMT2E	C1235Y	0	1	Jun 19, 2025	2869856
KMT2E	S1051G	0	1	Oct 13, 2023	2870239
SCN1A	A121G	1	1	Apr 18, 2023	2857476
KDF1	R101H	0	1	Jul 11, 2025	2857743
GALNT3	L366R	1	2	Apr 29, 2026	2859309
ADAMTS9	N997S	0	1	Oct 14, 2025	2861006
GRIN2A	T1262S	0	1	Jan 28, 2026	2862842
CSF1R	G690S	0	1	Aug 27, 2025	2864531
COL3A1	G207R	1	1	Oct 22, 2024	2864568
MFSD2A	V250A	0	1	Mar 25, 2025	2866259
KMT2E	M1063V	0	1	Jan 13, 2025	2869399
KMT2E	I213V	0	1	Aug 04, 2025	2869652
COL4A5	G99A	1	1	Apr 18, 2023	2857287
COL4A5	G1232D	1	1	Mar 18, 2025	2858852
ADAMTS9	G245R	0	1	Nov 18, 2023	2860584
PMM2	R239T	1	1	May 05, 2023	2862116
SCN1A	G1754A	1	1	May 08, 2023	2862362
COL4A5	G536S	1	1	Mar 17, 2024	2862472
SCN1A	W1812L	1	1	May 13, 2023	2864086
DYRK1A	S753G	0	1	Oct 13, 2023	2865865
KDM6A	G66S	0	1	Dec 11, 2023	2869010
EP300	G116S	0	1	Dec 01, 2023	2869251
SCN1A	A1118S	1	1	Jun 20, 2023	2859956
ADAMTS9	S1638L	0	1	Jul 07, 2024	2865216
ADNP	G696D	0	1	Oct 24, 2024	2866806
CSF1R	P132A	0	1	Feb 08, 2023	2871705
COL4A5	S1610G	0	1	Mar 09, 2025	2875429
RAI1	G1840R	0	1	Jan 19, 2025	2882048
KMT2E	R489W	0	1	Mar 11, 2025	2876713
SOS2	N991D	0	1	May 31, 2024	2876740
SERPING1	S64T	0	1	Mar 16, 2025	2878114
CAMK2B	P526R	0	1	Feb 05, 2024	2878183
EP300	P2043Q	0	1	Jan 06, 2026	2878436
KMT2E	V559I	0	1	Mar 28, 2023	2879864
COL3A1	G318C	1	1	Feb 06, 2023	2879992
ALDH7A1	T231R	1	1	May 26, 2025	2880021
NOTCH1	R2549H	0	1	Jun 23, 2023	2881667
EP300	S227F	0	1	Oct 23, 2024	2872764
ASS1	M377T	1	1	Jul 17, 2023	2877802
MEF2C	R189Q	0	1	Oct 03, 2023	2879600
CAMK2B	E508Q	0	1	Jan 28, 2026	2881169
ADNP	P410L	0	1	Oct 24, 2024	2881247
RAI1	M1314T	0	1	Apr 17, 2025	2872001
COL4A5	G78S	1	1	Feb 01, 2023	2874060
KMT2E	R489Q	0	1	Aug 15, 2024	2880861
KMT2E	S1355G	0	1	Sep 10, 2025	2880863
COL3A1	G828E	1	1	Jan 24, 2024	2883995
ALDH7A1	G398W	1	1	Dec 13, 2023	2884006
COL4A5	G359R	1	1	Jun 18, 2023	2884116
ABCD1	A647S	1	1	Aug 15, 2023	2884134
RAI1	G1040R	0	1	May 22, 2024	2884170
CAMK2B	A558V	0	1	Nov 11, 2024	2889466
SLC26A4	G424R	1	1	Mar 18, 2023	2893911
ERCC2	T709P	1	2	Dec 30, 2025	2894087
CREBBP	S92G	0	1	Nov 02, 2023	2894180
ANKRD11	A2275T	0	2	Jul 03, 2024	2883498
CREBBP	P2242L	0	1	Aug 17, 2023	2883527
ABCD1	G51R	0	2	Apr 01, 2026	2883809
SLC12A3	R135G	1	1	Jun 04, 2023	2892089
RAI1	T1669M	0	1	Jun 09, 2024	2892302
TF	S688T	0	1	Jan 19, 2026	2883316
GP6	P314H	0	2	Dec 28, 2025	2884793
ANKRD11	F1396Y	0	1	Sep 11, 2023	2886854
EP300	Q912H	0	1	Apr 12, 2023	2888499
RAI1	Y157F	0	1	Aug 24, 2023	2888504
NOTCH1	A1707T	0	1	Apr 29, 2023	2894761
COL4A5	G1424S	1	2	Aug 21, 2025	2894892
SOS2	I735V	0	1	Apr 15, 2023	2896631
KANK2	S323G	0	1	Dec 06, 2025	2884299
HSPB1	P39R	1	1	Mar 26, 2023	2884503
SOS2	N589S	0	1	Dec 04, 2024	2886103
COL3A1	G1029C	1	2	May 05, 2025	2886107
COL4A5	V253I	0	1	Aug 28, 2025	2886110
DYRK1A	I274V	0	1	Mar 04, 2024	2886396
TP53RK	A56P	0	2	Apr 14, 2025	2887807
DYRK1A	M30L	0	1	Mar 22, 2024	2887810
GRIN2A	T1212K	0	1	Sep 15, 2023	2887955
EP300	S800A	0	1	Apr 14, 2025	2887983
BMP1	R712Q	0	1	Jul 29, 2025	2889850
COL4A5	R266Q	0	1	Oct 03, 2025	2891503
KMT2E	R1135Q	0	2	Feb 17, 2025	2893162
ITGB4	P1452L	0	1	Jan 21, 2024	2894567
CAMK2B	G564E	0	1	Jun 27, 2025	2894614
EPHB4	R206Q	0	1	Jan 04, 2026	2895886
ANKRD11	V2044A	0	2	Sep 04, 2024	2897338
NDUFV1	S31P	0	1	Feb 14, 2024	2897409
RAI1	G1209V	0	1	Sep 01, 2023	2901014
SLC12A3	R887P	1	1	Nov 29, 2022	2902768
NCF2	E235K	0	1	Aug 25, 2023	2902800
CREBBP	L843V	0	1	Aug 03, 2025	2904320
LITAF	P73S	0	1	Jul 12, 2023	2904344
EP300	P175L	0	1	Dec 25, 2023	2907851
SEC63	L34F	0	1	Mar 11, 2024	2908031
NOTCH1	P2438S	0	1	Dec 30, 2022	2897271
FMO3	M1V	1	2	Apr 29, 2026	2898902
GALNT3	R438L	1	1	Aug 29, 2023	2900321
EP300	P1971S	0	2	Jun 13, 2025	2902060
COL4A5	P662L	0	1	Sep 17, 2023	2902194
KMT2E	N1138D	0	1	Aug 29, 2025	2902196
SURF1	M1L	1	1	Sep 08, 2023	2905830
SLC26A4	E303G	1	1	Sep 21, 2023	2905869
DBT	I413T	1	1	Oct 05, 2023	2907289
NCF2	Y394D	1	2	Apr 29, 2026	2907299
SCN1A	I415T	1	1	Feb 01, 2023	2907325
KDM6A	N842K	0	1	Aug 14, 2024	2907415
GRIN2A	R899P	0	1	Dec 11, 2023	2907423
ITGB4	A1129T	0	1	Mar 19, 2024	2907532
COL4A5	G784V	1	1	Jan 10, 2024	2907593
ANKRD11	A64T	0	1	Jun 26, 2025	2898220
NOTCH1	G2186S	0	1	Sep 30, 2024	2898345
RPL35	R94Q	0	1	Jun 25, 2024	2901784
SLC7A7	M1T	1	2	Jan 26, 2026	2901913
ITGB4	N1229D	0	1	Mar 06, 2024	2903706
COL11A1	E408D	0	1	Feb 25, 2024	2906862
RAI1	G1802S	0	2	Nov 15, 2024	2906930
CREBBP	P846R	0	1	Feb 25, 2025	2908562
COL11A1	T289I	0	1	Nov 24, 2023	2908647
ANKRD11	G2169E	0	1	Jul 07, 2023	2897903
KDM5C	Q1493R	0	1	Apr 10, 2024	2899515
RAI1	D593A	0	1	Jan 27, 2026	2899522
ITGB4	R59W	0	1	Oct 17, 2025	2899557
EP300	G762D	0	2	Jun 17, 2024	2899711
RAI1	R1202W	0	2	Jul 18, 2025	2899729
KDM6A	S267G	0	2	Jan 06, 2025	2899801
ABCD1	A57T	0	1	Dec 08, 2025	2899802
NOTCH1	D932N	0	1	Aug 23, 2023	2901525
PMM2	C192S	1	1	Nov 13, 2025	2903111
NOTCH1	T551I	0	1	Sep 30, 2023	2904664
RAI1	G955E	0	1	Nov 23, 2025	2906487
NAA15	N796D	0	1	Nov 09, 2025	2906639
GRIN2A	S1425L	0	1	Apr 10, 2024	2906772
TBK1	R384Q	0	1	Jan 20, 2026	2908308
NOTCH1	N2117Y	0	1	Sep 10, 2023	2910689
KDM6A	R784G	0	2	May 25, 2025	2910742
SLC18A3	P208R	0	1	Oct 08, 2025	2910745
SOS2	P7R	0	1	Apr 20, 2023	2914347
ADNP	V962D	0	2	Dec 22, 2025	2914447
CAMK2B	T371M	0	1	Oct 24, 2024	2914490
SOS2	S669G	0	1	Dec 09, 2025	2914493
PARS2	Q296R	0	1	Sep 30, 2024	2917714
CREBBP	G2126C	0	1	Oct 01, 2025	2918047
RAI1	P1069S	0	1	Jun 12, 2025	2919541
SERPING1	M1R	1	1	Jun 05, 2023	2910260
ALDH7A1	N448K	1	2	Jul 21, 2025	2910308
LMF1	S137L	1	2	Jan 16, 2024	2910386
JAK3	R402H	1	2	Sep 23, 2025	2910454
TMEM132E	G948R	0	1	Aug 29, 2024	2913741
NOTCH1	P2216L	0	1	Jun 04, 2025	2913834
EP300	V319I	0	2	Oct 13, 2025	2914089
ITGB4	P1624L	0	1	Mar 12, 2024	2915516
ADNP	S978F	0	1	Apr 29, 2024	2915523
COL4A5	G1235A	1	1	Jul 30, 2024	2915529
COL11A1	D470N	0	1	Aug 14, 2025	2915740
WNT10B	K208R	0	1	Aug 07, 2023	2915752
NOTCH1	N678S	0	1	Dec 01, 2023	2918978
SCN1A	P1838L	1	1	Jan 28, 2023	2910145
SCN1A	F1774S	1	1	Jan 02, 2025	2910146
SCN1A	I415K	1	2	Mar 07, 2025	2910148
EP300	M556V	0	1	Jun 22, 2025	2910186
ALDH7A1	V80G	1	1	Jan 20, 2023	2910193
COL4A5	L1469V	0	1	Jan 08, 2024	2911775
ANKRD11	K770R	0	2	Sep 26, 2024	2911972
GRIN2A	K441T	0	1	Sep 19, 2023	2913437
SELENON	P6S	0	1	Jan 18, 2024	2913660
CREBBP	T312A	0	1	Feb 03, 2023	2915321
TTR	K90E	1	1	Aug 17, 2023	2916831
NOTCH1	R1633S	0	1	Nov 17, 2022	2916894
ANKRD11	A305V	0	1	Aug 10, 2025	2916943
CAMTA1	T480A	0	1	Oct 04, 2025	2916995
SCN1A	D79E	1	1	Sep 08, 2023	2917122
WNT10B	R228Q	0	1	Oct 01, 2025	2920324
COL4A5	P309S	0	1	Jun 02, 2023	2920544
BCKDHA	D302N	1	1	Jan 28, 2024	2909617
KMT2E	H1814R	0	1	Mar 30, 2025	2911176
HCN1	N598S	0	2	Dec 21, 2025	2911335
ABCD1	V365L	0	1	May 05, 2024	2911467
CREBBP	M288V	0	1	Jan 19, 2026	2914828
DYRK1A	R412C	0	1	Oct 09, 2024	2916344
RAI1	S1639L	0	1	Sep 06, 2025	2916381
CAMK2B	R645H	0	2	Feb 06, 2024	2918096
ERCC6	R1039T	0	1	Oct 05, 2023	2918265
CREBBP	I314T	0	1	Nov 13, 2023	2918316
EP300	T992A	0	1	Aug 10, 2023	2920039
NOTCH1	A6V	0	2	Dec 17, 2024	2920804
TTR	T69P	1	1	Dec 20, 2023	2920997
STAT1	R321G	1	1	Jun 17, 2024	2925337
TWIST1	P136A	1	1	Apr 15, 2024	2925392
GATA2	S92N	0	2	Aug 21, 2024	2926951
GATA2	T235A	0	2	Jun 07, 2025	2924964
STIM1	M571R	0	1	Apr 01, 2023	2928528
MKS1	M1T	1	1	Sep 19, 2023	2924446
GATA2	T162P	0	1	Mar 07, 2023	2924471
GATA1	M399T	0	1	Jul 31, 2025	2931674
GABRG2	T181S	1	1	Apr 22, 2023	2944513
MKS1	M1K	1	1	Feb 25, 2023	2944723
PITX2	A126P	1	1	Jan 30, 2023	2942566
GATA1	G368S	0	1	Jun 12, 2025	2936604
CC2D2A	I373V	0	1	May 22, 2023	2938541
STAT1	E563V	1	1	Apr 29, 2024	2936500
CC2D2A	E376Q	0	1	Jan 04, 2024	2939762
GABRG2	R82L	1	1	Apr 08, 2023	2939813
GABRG2	T112P	1	1	Jan 02, 2024	2941514
CARD14	D973G	0	1	Nov 04, 2025	2946878
CC2D2A	R1528S	1	1	Jan 10, 2023	2948795
CARD14	R151Q	0	1	Nov 10, 2025	2953891
RAI1	D720V	0	1	Jun 23, 2023	2956350
GPC3	S97N	0	1	May 07, 2024	2956497
COL11A1	R1410Q	0	1	Oct 11, 2025	2958107
CREBBP	E1963K	0	1	Nov 02, 2023	2958420
COL11A1	P38L	0	1	Jun 30, 2024	2961741
PMM2	I153K	1	1	Mar 18, 2023	2961803
EP300	H879P	0	1	Nov 18, 2024	2963571
COL11A1	E264Q	0	1	Dec 20, 2024	2965217
COL11A1	V434A	0	1	Aug 16, 2023	2957646
STK4	M368V	0	1	Dec 18, 2025	2961120
IQSEC2	A259V	0	1	Nov 06, 2023	2961197
COL11A1	L1701F	0	1	Aug 01, 2025	2962978
GP6	R297H	0	2	Jul 31, 2025	2964895
PCDH19	T146M	1	1	Feb 18, 2023	2964915
RAI1	P246L	0	1	Aug 17, 2023	2966021
COL11A1	S1121Y	0	1	Apr 16, 2024	2967553
CAMK2B	S447C	0	1	Feb 23, 2024	2967778
HNRNPU	K181T	0	2	Jun 24, 2025	2955487
VPS11	A588T	0	1	Aug 12, 2024	2955629
RAI1	S223Y	0	1	Sep 06, 2023	2960653
EPHB4	R102W	0	1	Nov 18, 2025	2964100
GATA4	G64E	1	1	Oct 23, 2025	2967408
SOS2	P1211L	0	1	Jul 28, 2025	2967412
GNPAT	K674N	0	1	Nov 03, 2023	2955123
BMP1	R721Q	0	1	Jan 11, 2025	2957019
CAMK2B	R75H	0	1	Jul 14, 2025	2957105
CREBBP	P686T	0	1	Mar 15, 2025	2957133
RAI1	D49N	0	1	Oct 13, 2023	2958456
KMT2E	H1669Q	0	1	Jul 21, 2025	2958486
LIG4	H530R	0	1	Jan 19, 2026	2960400
RAI1	P1033S	0	2	Dec 09, 2025	2960466
EP300	P1986Q	0	1	Oct 06, 2023	2962027
COL11A1	A1037T	0	1	May 26, 2025	2962299
ROR2	L421V	0	1	May 15, 2025	2962302
CYFIP2	I1036V	0	1	Mar 08, 2024	2964048
KDM5C	E792Q	0	1	Feb 14, 2023	2965615
HNRNPU	K186M	0	1	Oct 31, 2024	2965645
CREBBP	M866V	0	1	Aug 10, 2023	2968061
PURA	S17L	0	1	Mar 30, 2025	2968185
CYFIP2	R1109W	0	2	Oct 02, 2025	2969722
TTC7A	M552I	0	1	Jul 10, 2025	2970063
BLOC1S3	A151V	0	1	Dec 16, 2022	2973408
MEF2C	N180S	0	1	Oct 03, 2023	2973550
DYRK1A	H374R	0	1	Aug 24, 2023	2976738
CACNA1F	R1285H	1	1	Sep 02, 2025	2976749
ROR2	E936K	0	1	Oct 17, 2023	2980365
KMT2E	G1206A	0	1	Feb 19, 2025	2969452
COL11A1	N1771T	0	1	Nov 28, 2025	2973145
HNRNPU	Q176R	0	2	Feb 20, 2026	2974474
EP300	S973A	0	1	Nov 01, 2022	2979688
BMP1	H716D	0	1	Feb 23, 2024	2969225
CCNQ	W115C	0	1	Jul 14, 2025	2970739
SCN1A	S1231N	1	1	Jun 14, 2023	2972409
ITGB4	C1553W	0	1	Aug 26, 2025	2968619
NDUFV1	R40W	1	2	Dec 13, 2025	2970239
COL11A1	R1362Q	0	1	Jul 17, 2024	2980658
SLC26A4	W482R	1	1	Dec 01, 2023	2988253
SLC26A4	A387S	1	1	Feb 14, 2023	2988283
NOTCH1	G841R	0	1	Oct 10, 2025	2993652
RAI1	N1250S	0	1	Sep 17, 2024	2982733
COL11A1	M178V	0	1	Oct 29, 2023	2984707
SCN1A	C1354G	1	1	Jul 29, 2023	2986259
VPS11	R73H	0	1	Jun 17, 2024	2986466
LPL	R102T	1	1	Jul 25, 2023	2988064
HNRNPU	P470R	0	1	May 24, 2024	2988142
SLC26A4	A156P	1	2	Jun 25, 2025	2991556
NOTCH1	S1181F	0	1	Jan 24, 2023	2995131
ADA2	G383D	1	1	May 05, 2023	2982423
DYRK1A	D735V	0	1	Oct 13, 2023	2986064
GRIN2A	R1022H	0	1	Nov 14, 2025	2987503
BMP1	M1V	1	1	Oct 12, 2023	2987540
PMM2	N216D	1	1	Sep 22, 2025	2989370
RAI1	D523Y	0	1	Aug 30, 2023	2991166
SLC16A2	S292N	0	1	Dec 15, 2024	2982151
EP300	P1610S	0	1	Feb 09, 2023	2985545
CACNA1F	G1394R	0	1	Mar 12, 2024	2987204
COL4A5	P349L	0	1	Jan 03, 2023	2988853
EP300	V897A	0	1	Nov 11, 2023	2988935
CAMK2B	L486P	0	2	Aug 20, 2025	2989028
CAMK2B	P444S	0	1	Aug 17, 2023	2992201
COL11A1	N329S	0	1	Jul 22, 2024	2993956
EP300	S545R	0	1	Jun 04, 2024	2998945
CLCN2	R652H	0	1	Jan 15, 2026	3003861
BCKDHB	D311V	1	1	Aug 28, 2023	3004088
CSF1R	Q121R	0	1	Nov 30, 2022	3005537
CACNA1D	V1297I	0	1	Nov 03, 2024	3009176
NPHS1	H1204R	0	1	Mar 24, 2024	3009298
EP300	S529P	0	2	Apr 08, 2025	2998275
HNRNPU	T191A	0	1	Jun 19, 2024	2998443
COL11A1	D234E	0	1	Jun 15, 2025	2998486
COL4A5	A430T	0	1	Nov 09, 2025	2998585
IQSEC2	R646C	0	1	Jan 28, 2024	3001815
PMM2	V231L	1	1	Nov 29, 2022	3001933
CAMK2B	P528S	0	1	Mar 19, 2025	3003400
RAI1	T1290A	0	1	Aug 24, 2023	3003579
COL11A1	E308G	0	1	Nov 07, 2024	3003753
ALG1	P98S	1	1	Feb 22, 2024	2996365
DYRK1A	Q63K	0	1	Jan 27, 2025	3001285
COL11A1	Q88L	0	1	Sep 19, 2023	3002977
BMP1	L708R	0	1	Feb 11, 2023	3006362
CYFIP2	E746A	0	1	Jul 01, 2024	3006618
STAG2	A570V	0	2	May 03, 2025	3006646
COL11A1	P1079S	0	1	Sep 18, 2023	3006682
IQSEC2	R1409Q	0	1	Jun 20, 2023	3008380
COL11A1	T62R	0	1	Feb 08, 2023	2997661
COL11A1	L1475F	0	1	Nov 06, 2024	2999452
DPF2	D168N	0	1	Aug 24, 2023	3004578
GP6	P308L	0	2	Oct 24, 2025	3014521
COL4A5	G1104S	1	1	May 21, 2023	3017907
GRIN2A	N451S	0	1	Dec 26, 2025	3019462
RAI1	E301D	0	1	Apr 01, 2024	3019704
NOTCH1	E360K	0	1	Aug 05, 2024	3019784
TGM6	C140Y	0	1	Jul 03, 2025	3021254
POU3F4	R97G	0	1	Nov 17, 2023	3021428
EP300	T845I	0	1	Apr 09, 2023	3022979
CREBBP	N55K	0	1	Dec 02, 2024	3010429
ATP8B1	T284R	0	1	Jun 27, 2023	3010530
RAI1	L266P	0	1	Feb 05, 2024	3012384
ABCD1	V365E	0	1	Dec 03, 2023	3014105
PMM2	R239S	1	1	Dec 13, 2025	3017548
CFTR	D110E	1	2	May 24, 2024	3019253
SOS2	P1318A	0	1	Aug 06, 2024	3021082
ANKRD11	P1970T	0	1	Mar 07, 2023	3010154
ASL	R213P	1	1	Oct 20, 2023	3011645
SCN1A	P768A	1	1	Oct 05, 2023	3017016
CTSK	Y283H	1	1	Mar 05, 2024	3017115
ALG1	M382V	1	2	Apr 17, 2024	3018852
SURF1	M1V	1	1	Mar 11, 2025	3020380
ANKRD11	R82Q	0	1	Mar 02, 2023	3022112
CREBBP	E1012D	0	1	Jan 11, 2024	3009695
COL3A1	G531A	1	1	Jul 06, 2023	3009715
ASS1	F72I	1	1	Jun 19, 2023	3012916
ABCD1	P7S	0	1	Sep 10, 2023	3012932
EP300	Y257C	0	1	Nov 06, 2023	3016518
KMT2E	T94I	0	1	Nov 27, 2023	3016657
RAI1	A1644T	0	1	Oct 24, 2024	3018471
OPLAH	G1170S	0	1	Nov 27, 2023	3020082
ASL	D115Y	1	1	Feb 21, 2024	3024136
EXT1	A282T	0	1	Feb 27, 2024	3024192
SCN1A	D81N	1	1	-	3024230
SCN1A	Q429K	1	1	-	3024319
SETD1A	S341F	0	1	Feb 01, 2024	3024665
CCDC6	P446L	0	1	Jan 01, 2024	3024687
RP1	Y487H	0	1	Jun 01, 2025	3024720
DPP9	E420Q	0	1	Oct 01, 2024	3024747
VPS35L	R905C	0	1	Feb 01, 2026	3024800
PLCH1	R45C	0	1	Mar 01, 2026	3024958
PRR12	T1773M	0	2	Jan 12, 2024	3024972
OPN1MW	I178V	0	1	Jan 01, 2024	3025002
PTPN14	T1046R	0	1	Dec 01, 2023	3025009
SOHLH1	R75H	0	1	Dec 01, 2023	3025401
TNRC6B	R736C	0	1	Jan 01, 2024	3025427
FGF13	Y8C	0	1	Jan 01, 2024	3025497
ALKBH8	N49S	0	1	May 01, 2026	3025512
H1-4	P19S	0	2	Sep 01, 2024	3025591
ZMYM2	L1106V	0	1	Feb 01, 2026	3025669
EP300	L1520V	0	1	Feb 01, 2024	3025714
GABRA2	L14F	0	1	Jan 01, 2024	3025746
SETD1A	P35S	0	1	Jan 01, 2024	3025831
SKIC2	R1039Q	0	1	Feb 01, 2024	3025926
EP300	Q2241H	0	1	Dec 01, 2023	3026078
TNRC6B	K36N	0	1	Jun 01, 2025	3026122
CEP85L	M279I	0	1	Jan 01, 2024	3026135
HDAC4	A325V	0	2	Jun 01, 2026	3026227
STAT1	N658S	1	1	Feb 01, 2024	3026523
ADNP	K1035R	0	1	Aug 01, 2025	3026609
ANKRD11	D1275E	0	1	Jan 01, 2024	3026866
HNRNPU	G233S	0	1	Jan 01, 2024	3026990
KDM6A	C445R	0	1	Jan 01, 2024	3027079
ADA2	G364R	1	1	Mar 01, 2025	3027269
NSD1	A1837D	1	1	Nov 29, 2023	3027455
FIG4	G288D	1	1	Dec 20, 2023	3027470
RP1	R793G	1	1	Oct 01, 2023	3028102
RP1	V944M	0	1	Oct 01, 2023	3028109
CA4	T263R	0	1	Oct 01, 2023	3028477
NEK2	D343N	1	1	Oct 01, 2023	3028575
NEK2	R337P	1	1	Oct 01, 2023	3028579
CHM	L550P	1	1	Oct 01, 2023	3028614
F13A1	G274R	1	2	Mar 25, 2024	3028895
TBK1	E147K	0	1	Jun 15, 2025	3031123
EP300	P994L	0	1	May 26, 2024	3031130
EP300	G2198R	0	1	Dec 03, 2025	3033027
NUP37	V227I	0	1	May 11, 2020	3034765
EP300	M532V	0	1	Oct 30, 2025	3034952
PRR12	A1427V	0	2	Oct 07, 2024	3036698
STAG3	P1103L	0	1	Jan 01, 2026	3039847
PRR12	G377V	0	1	Jun 01, 2025	3039865
UVSSA	K377R	0	1	Jun 01, 2026	3040176
KRT74	V257D	0	1	Feb 04, 2026	3041164
SIN3B	P735L	0	1	Jun 01, 2026	3041466
SETD1A	P598L	0	1	Jan 19, 2025	3057700
PUS1	M1R	1	1	Feb 23, 2024	3032548
PRR12	V1270A	0	1	Aug 21, 2025	3032565
CHD3	R281H	0	2	Sep 01, 2025	3032672
MUC1	G210R	0	1	Aug 25, 2025	3036300
CHD3	R1682Q	0	1	Nov 09, 2022	3057310
PRKAR1B	R333Q	0	1	Jun 24, 2025	3057463
CREBBP	V2376I	0	1	Jan 01, 2026	3032053
CYP21A2	I78T	1	1	May 03, 2024	3032291
EP300	T132S	0	2	Dec 03, 2025	3035831
EP300	R2263Q	0	1	Aug 23, 2025	3031700
SETD1A	N516S	0	1	Jan 09, 2025	3031795
SIN3B	A374T	0	1	Aug 01, 2025	3044602
PRR12	A976P	0	1	Jun 10, 2024	3048179
CHD3	V461I	0	1	Jul 26, 2021	3051581
HDAC4	A106V	0	1	Jan 18, 2025	3051903
ALPI	R92C	0	1	Mar 19, 2025	3053635
CCNQ	Y241C	0	1	Jan 02, 2024	3053647
IRF2BPL	V76I	0	1	Jan 29, 2024	3053674
IRF2BPL	S310F	0	1	Aug 13, 2025	3055038
TYMS	P15S	0	1	Oct 01, 2024	3055385
KANK2	T557S	0	1	May 14, 2025	3039611
EP300	G1251R	0	1	Sep 22, 2025	3039679
EP300	D1119N	0	2	Apr 26, 2025	3044319
INPP5K	G215S	0	1	Apr 01, 2026	3046148
CHD3	V1624L	0	1	Jun 01, 2026	3047835
RIPK4	R780Q	0	1	Feb 05, 2025	3049637
NLRP5	S1084G	0	1	Aug 01, 2024	3044040
VMA21	G65A	0	1	Jul 17, 2023	3045664
ITGA3	P354S	0	1	Sep 01, 2025	3047461
IRF2BPL	I27L	0	1	Aug 27, 2025	3047526
TNRC6B	P1352S	0	1	Jul 01, 2024	3048926
TAOK1	R433H	0	1	Sep 01, 2024	3049147
COL6A2	E879K	0	1	Jun 01, 2026	3049172
MAP3K14	I630M	0	1	Apr 02, 2019	3049266
MAN2B2	T810M	0	1	Feb 11, 2026	3050702
IQSEC2	E544K	0	1	Mar 17, 2025	3040318
COL11A1	G1453R	1	1	Jun 30, 2026	3040363
UVSSA	D405N	0	1	May 01, 2026	3041833
CNOT3	T385M	0	1	Dec 30, 2025	3047066
H1-4	T142M	0	1	Apr 12, 2025	3058172
EP300	M2170V	0	1	Aug 19, 2024	3058372
GCNT2	A274T	0	1	Jul 01, 2024	3052839
SETD1A	A702P	0	1	Nov 24, 2024	3054928
EMILIN1	R541Q	0	1	Apr 23, 2024	3052775
PRR12	N1252K	0	1	Aug 11, 2024	3054312
PRR12	T770M	0	1	Dec 01, 2025	3053703
SLC16A2	S210Y	1	1	Mar 26, 2018	3062067
SMARCA4	L893R	1	1	Apr 28, 2017	3062125
FMO3	T201P	0	1	Mar 14, 2024	3220931
CLCN5	G249V	1	1	-	3062282
SCN1A	K1627M	1	1	Jul 27, 2023	3063577
ALDH7A1	F196I	1	1	Mar 17, 2024	3064148
COL11A1	G901E	1	2	Mar 17, 2024	3064166
SCN1A	G177A	1	1	Apr 24, 2025	3067152
SCN1A	I236V	1	1	Aug 05, 2025	3067154
SCN1A	T146K	1	1	Mar 25, 2024	3064852
FGFR2	L699S	1	1	Mar 25, 2024	3064462
NEK10	P728S	1	1	Mar 25, 2024	3064479
ITCH	M1I	1	1	Mar 25, 2024	3064498
CFTR	W1098S	1	1	Mar 25, 2024	3064503
SCN1A	F811S	1	1	Mar 25, 2024	3064538
COL4A5	G1033D	1	1	Mar 29, 2024	3064726
DPF2	C324G	1	1	Mar 26, 2024	3064790
GJA3	P59A	1	1	Mar 25, 2024	3064923
ADA2	S483R	1	1	Mar 25, 2024	3064951
GATA2	P368R	1	1	Mar 25, 2024	3064960
SLC7A7	A102V	1	1	Mar 25, 2024	3065026
DBT	N400S	1	1	Mar 26, 2024	3065184
NSD1	K1272I	0	1	Mar 26, 2024	3065271
CREBBP	F724L	0	1	Mar 26, 2024	3065282
CREBBP	Q1491K	1	1	Mar 26, 2024	3065360
GATA2	P27S	0	1	Mar 26, 2024	3065366
TBX19	K206R	1	1	Mar 26, 2024	3065395
AVP	R97H	1	1	Mar 26, 2024	3065457
SCN1A	F1223C	1	1	Mar 26, 2024	3065501
CAV3	D43G	1	1	Mar 26, 2024	3065550
SCN1A	A1724P	1	1	Mar 29, 2024	3065909
CBX2	S111F	0	1	Mar 29, 2024	3065910
COL4A5	G1110V	1	1	Dec 12, 2022	3066217
GATA4	Y299C	1	1	Jun 07, 2022	3066303
RP1	N541S	0	1	Mar 01, 2024	3067183
GPNMB	G76C	0	1	Mar 01, 2024	3067283
COL6A2	G310C	1	1	Mar 01, 2024	3067563
CFTR	C590S	1	1	Mar 01, 2024	3067710
ADNP	L823W	1	1	Mar 28, 2024	3067113
SCN1A	I138V	1	1	Apr 04, 2024	3067895
SCN1A	Q381R	1	1	Apr 04, 2024	3068116
JAK3	E1019K	1	1	Apr 04, 2024	3068186
ATP8B1	R296S	1	1	Apr 04, 2024	3068233
CSF1R	A780V	1	2	Mar 30, 2023	3068555
SOD1	I150S	1	1	Apr 11, 2023	3068571
COL4A5	C1527W	1	1	Nov 05, 2023	3068581
COL4A5	G120D	1	2	Sep 23, 2024	3068625
ANKRD11	R2512P	1	1	Feb 09, 2024	3069076
CHD3	R1169P	1	2	Jul 17, 2025	3069189
COL3A1	G1026A	1	2	May 05, 2025	3075297
TPM1	Q144E	1	1	May 11, 2023	3075681
CYP7A1	H201L	0	1	Oct 02, 2023	3079769
DLG3	A65T	0	1	Mar 12, 2024	3082778
EP300	M657I	0	1	Feb 17, 2024	3089277
EP300	Q918H	0	2	Oct 20, 2025	3089282
ADNP	V463A	0	1	Jan 22, 2024	3089604
CREBBP	Y650H	1	1	Dec 16, 2023	3077340
CRIM1	V611M	0	1	Feb 28, 2024	3077436
ADAMTSL1	R640Q	0	1	Oct 10, 2023	3078827
DCTN4	V366I	0	1	Dec 08, 2023	3080652
CTSB	Y227C	0	1	Oct 20, 2023	3078746
ADNP	E1024Q	0	1	Dec 13, 2023	3089663
EPHB4	H85R	0	1	Feb 06, 2024	3089681
ERAP1	D406N	0	1	Jul 13, 2022	3090030
ERAP1	A556T	0	1	Jan 10, 2022	3090034
FEZF1	L56V	0	1	Mar 06, 2023	3094535
GGT1	R182Q	0	1	Dec 14, 2023	3099634
GJA8	S388A	0	1	Sep 20, 2023	3099956
GPNMB	N447S	0	1	Dec 17, 2023	3101354
GPR179	T593A	0	1	Dec 16, 2023	3101622
GPR179	E1112K	0	1	Nov 09, 2023	3101627
AFF2	S746P	0	1	Jan 08, 2024	3092408
AFF2	S1037I	0	1	Feb 28, 2024	3092444
AFF2	M136T	0	1	Dec 13, 2023	3092465
FMO3	K33R	0	1	Oct 02, 2023	3095895
GFM2	S654T	0	1	Oct 05, 2023	3099455
GFM2	S654Y	0	1	Oct 05, 2023	3099456
GP6	R262H	0	2	Dec 30, 2024	3101077
AGGF1	Y161C	0	1	Oct 28, 2023	3095593
AGRN	G1815D	0	1	Oct 10, 2023	3097104
GRIN2A	S1370P	0	1	Nov 07, 2023	3102471
HPS5	V702I	0	1	Jan 16, 2024	3106855
KLF11	R196Q	0	1	Dec 18, 2023	3115268
HDAC4	G560S	0	2	Jun 09, 2025	3104581
HDAC4	R586H	0	1	Jan 31, 2024	3104582
HDAC4	V1009I	0	1	Dec 21, 2023	3104585
HDAC4	M121T	0	1	Feb 13, 2024	3104588
INPP5K	V341M	0	1	Dec 08, 2023	3109856
ITGB4	R663K	0	1	Feb 12, 2024	3111450
ITGB4	I1040L	0	1	Feb 07, 2024	3111457
ITGB6	A654V	0	1	Jan 24, 2024	3111501
ALPI	R198L	0	1	Jan 23, 2024	3113272
HHAT	T492M	0	1	Dec 22, 2023	3105676
HTR1A	D285E	0	1	Oct 02, 2023	3107478
ALDH3A2	V363I	0	1	Dec 16, 2023	3109467
IRF2BPL	T316I	0	1	Nov 29, 2023	3110861
ITCH	P453A	0	1	Oct 02, 2023	3111090
ITGA2	R804Q	0	1	Jan 02, 2024	3111184
ITGA2	A9S	0	1	Feb 27, 2024	3111185
H1-4	A10V	0	1	Dec 27, 2022	3103552
H1-4	K117R	0	1	Feb 09, 2022	3103554
H1-4	K119T	0	1	Aug 24, 2022	3103555
H1-4	A125V	0	1	Dec 27, 2023	3103557
H1-4	A13V	0	1	Sep 28, 2022	3103559
H1-4	A132V	0	1	Nov 21, 2023	3103560
H1-4	A176G	0	1	Feb 17, 2024	3103568
H1-4	A178V	0	1	Feb 17, 2022	3103569
H1-4	T18I	0	1	Dec 19, 2022	3103570
H1-4	P188S	0	1	Sep 23, 2023	3103572
H1-4	A193T	0	1	Jul 15, 2021	3103573
H1-4	K210N	0	1	Dec 21, 2023	3103575
H1-4	A30G	0	1	Jan 04, 2022	3103580
IGSF3	R1107H	0	1	Sep 20, 2023	3108903
KDM5C	E546V	1	1	Aug 27, 2024	3113869
KIAA0319L	V248I	0	1	Feb 16, 2023	3114079
ANKRD11	T462R	0	2	Nov 24, 2025	3122121
ANKRD11	G1014A	0	1	Nov 28, 2023	3122245
ANKRD11	K1206R	0	2	Feb 11, 2024	3122272
ANKRD11	M1605I	0	1	Dec 28, 2023	3122348
ANKRD11	P1933L	0	1	Jan 23, 2024	3122451
MBD5	A1259T	0	1	Dec 14, 2023	3124052
METTL27	H155R	0	1	Dec 18, 2023	3125566
LGI4	A186V	0	1	Sep 01, 2021	3118532
ATAD3A	A110V	0	1	Jan 19, 2024	3130692
LBR	R111K	0	1	Oct 03, 2023	3118004
ANG	R75G	0	1	Feb 05, 2024	3118056
MED17	H324Q	0	1	Jan 08, 2024	3124992
LIPE	P903S	0	1	Jan 30, 2024	3119051
LIPE	V1068G	0	1	Jan 04, 2024	3119054
LRRK1	R863Q	0	1	Jan 03, 2024	3121124
LRRK1	V1247I	0	1	Oct 06, 2023	3121133
ANKRD11	S2064C	0	1	May 26, 2026	3122507
MAN2B2	R395H	0	1	Feb 28, 2024	3122524
ANKRD11	L2251P	0	1	Feb 27, 2024	3122565
APOL1	F199V	0	1	Nov 21, 2023	3128019
C8A	A135V	0	1	Dec 12, 2023	3136080
C8B	S310N	0	1	Feb 28, 2024	3136090
CCNF	G465R	0	1	Jan 04, 2024	3139921
CDK5RAP2	S374L	0	1	Feb 14, 2024	3141572
CDK5RAP2	R437H	0	1	Dec 27, 2023	3141573
CEP85L	R398W	0	1	Mar 07, 2024	3143073
CHSY1	D531E	0	1	Jan 23, 2024	3144785
BUB1	A636V	0	1	Jan 03, 2024	3135595
BUB1B	Q481R	0	1	Dec 19, 2023	3135599
CHRNB1	R53G	0	1	Oct 14, 2023	3144651
BDP1	I121V	0	1	Jan 22, 2024	3133626
BDP1	A1734T	0	1	Nov 14, 2023	3133633
CAMTA1	S701G	0	1	Dec 28, 2023	3136901
CAMTA1	S301A	0	1	Jan 03, 2024	3136912
CAMTA1	G328S	0	1	Dec 27, 2022	3136914
CHD3	R343H	0	2	Jan 01, 2026	3144104
CHD3	P1939S	0	1	Jan 03, 2024	3144122
CHD3	G1941E	0	1	Nov 17, 2023	3144123
CHD3	P1966L	0	1	Jan 09, 2024	3144125
BCAP31	R39Q	0	1	Feb 17, 2024	3133235
CNTN1	L998P	0	1	Jun 18, 2021	3146729
CMPK2	R234Q	0	1	Jan 16, 2024	3146248
COL3A1	G423A	1	2	Oct 19, 2025	3147563
COL3A1	G795R	1	1	Jan 23, 2024	3147564
COL4A5	G644V	1	1	Feb 09, 2024	3147610
COG2	N459S	0	1	Sep 19, 2023	3147080
RP1	N960S	0	1	Jan 31, 2024	3155785
SETD1A	R426W	0	1	Oct 24, 2023	3160573
SETD1A	P435L	0	1	Dec 22, 2023	3160574
SETD1A	R467H	0	1	Feb 27, 2023	3160575
SETD1A	L1389V	0	1	Jan 16, 2024	3160594
SETD1A	T271A	0	1	Nov 07, 2022	3160601
PXDN	R1376H	0	1	Oct 31, 2023	3150066
RFC4	P15L	0	1	Dec 18, 2023	3153359
RSPO4	Q193R	0	1	Jan 29, 2024	3156767
MMP19	P276S	0	1	Oct 27, 2023	3158513
PURA	R169H	1	1	Sep 21, 2023	3149819
RAI1	P917L	0	1	Dec 16, 2023	3151197
RAI1	L193P	0	1	Dec 17, 2023	3151204
MUTYH	K492E	0	1	Sep 09, 2025	3151353
RIGI	D529E	0	1	Nov 28, 2023	3154287
RIGI	F33L	0	1	Aug 10, 2021	3154293
MMP19	K49R	0	1	Jan 02, 2024	3158028
SECISBP2	R496H	0	1	Feb 06, 2024	3159407
SLC26A4	T183A	0	1	Nov 21, 2023	3163859
SLC6A9	R558Q	0	1	Feb 27, 2024	3165499
SLC7A7	I461V	0	1	Jan 29, 2024	3165609
SOHLH1	W328R	0	1	Oct 27, 2023	3167461
STAG1	R1127Q	0	1	Feb 21, 2024	3170868
STAG3	S771L	0	1	Jan 17, 2024	3170879
STAG3	H86R	0	1	Jan 30, 2024	3170881
STAMBP	T224A	0	1	Nov 13, 2023	3170911
SLC24A4	Y279C	0	1	Dec 28, 2023	3163566
TAOK1	R427H	0	2	Dec 01, 2025	3173775
TAOK1	R283W	0	1	Oct 27, 2023	3173783
TAOK1	R285H	0	1	Oct 06, 2023	3173784
TAOK1	A320T	0	1	Jan 16, 2024	3173785
TAPT1	I503V	0	1	Dec 09, 2023	3173825
SLC16A2	L469F	0	1	Feb 12, 2024	3163089
SLC16A2	V492I	0	1	Dec 11, 2023	3163090
SLC16A2	Q6P	0	1	Jan 03, 2024	3163091
SLC16A2	Q16R	0	1	Jan 03, 2024	3163092
MYO9A	H724Q	0	1	Dec 08, 2023	3166558
MYO9A	Y1112C	0	1	Jan 03, 2024	3166647
MYO9A	R1220H	0	1	Sep 25, 2023	3166663
TAF6	A51T	0	1	Mar 09, 2022	3173560
SLC36A2	R111H	0	1	Nov 09, 2023	3164485
THSD4	R574H	0	1	Dec 20, 2023	3177162
THSD4	R83G	0	1	Dec 14, 2023	3177168
THSD4	N268S	0	1	Oct 14, 2023	3177181
TNRC6B	R417G	0	1	Dec 19, 2023	3180710
TNRC6B	M1416T	0	1	Nov 03, 2023	3180723
NCKAP1L	R645M	0	1	Dec 07, 2023	3182402
USP45	S761L	0	1	Oct 10, 2023	3187693
TNIK	E840D	0	1	Dec 27, 2022	3180353
TRAPPC10	P1199L	0	1	Dec 12, 2023	3181953
TFE3	A484V	0	2	Mar 01, 2026	3176513
UVSSA	R337Q	0	1	Feb 06, 2024	3188088
UVSSA	R468Q	0	1	Jan 08, 2024	3188091
UVSSA	A105V	0	1	Aug 16, 2021	3188096
UVSSA	S191C	0	1	Dec 08, 2023	3188101
UVSSA	R246W	0	1	Jul 06, 2021	3188105
NELFA	A404T	0	1	Oct 20, 2023	3192648
ZNRF3	V515M	0	1	Dec 16, 2023	3199179
NOS1	N991S	0	1	Feb 28, 2024	3201280
OPN1MW	F279V	0	1	Sep 23, 2023	3204387
ZBTB16	S253G	0	1	Dec 12, 2023	3191915
ZIC2	A207T	0	1	Jan 09, 2024	3193560
NLRP5	V590M	0	1	Dec 06, 2023	3200657
NLRP5	K646E	0	1	Aug 16, 2022	3200660
NSD1	G1150A	0	1	Nov 07, 2023	3202267
NSD1	A1927D	1	1	Mar 05, 2024	3202274
NSD1	S2379P	0	1	Dec 13, 2023	3202277
NSD1	E26G	0	2	Feb 02, 2024	3202278
WDR37	T389M	0	1	Oct 06, 2023	3190007
WDR37	G419S	0	1	Nov 06, 2023	3190008
WDR37	A461S	0	2	Dec 28, 2022	3190009
WDR37	L259V	0	1	Feb 28, 2024	3190011
WDR37	V291A	0	2	Jan 01, 2026	3190013
NEK10	H539R	0	1	Feb 28, 2024	3191709
MRAP	S109R	0	1	Sep 20, 2023	3203845
ODAD2	S444N	0	1	Mar 07, 2024	3203978
MTFMT	L306V	0	1	Oct 13, 2023	3214689
OSMR	R45H	0	1	Aug 26, 2022	3207175
PML	V556I	0	1	Nov 10, 2022	3215821
PML	R315Q	0	1	Oct 05, 2023	3215830
PMPCB	I450V	0	1	Nov 29, 2023	3215850
MUC1	A383S	0	1	Dec 31, 2023	3218827
MUC1	N133T	0	1	Jun 10, 2022	3218857
PRKN	A91T	0	1	Dec 05, 2022	3218870
PRR12	P408L	0	2	Feb 16, 2025	3219264
PRR12	R654Q	0	1	Oct 20, 2023	3219271
PRR12	G679R	0	1	Jan 08, 2024	3219272
PRR12	P796L	0	1	Nov 17, 2023	3219277
PRR12	R829H	0	1	Aug 02, 2021	3219279
PRR12	S865N	0	1	Mar 11, 2024	3219280
PRR12	G977A	0	2	May 01, 2025	3219285
PRR12	A1133V	0	1	Jan 17, 2024	3219290
PRR12	G1151V	0	1	Jan 19, 2024	3219291
PRR12	A1429T	0	1	Nov 17, 2023	3219299
PRR12	S1494N	0	1	Nov 17, 2023	3219300
PRR12	T1709M	0	1	Dec 21, 2023	3219306
PRR12	R1736Q	0	2	Mar 01, 2025	3219307
LFNG	T145M	1	1	Apr 02, 2024	3220895
PHOX2B	A108T	0	1	Nov 29, 2023	3223585
BUB1B	F822L	0	1	Jan 08, 2024	3221392
BUB1B	T1042I	0	1	Dec 31, 2023	3221422
BUB1B	V149I	0	1	Mar 02, 2024	3221428
BUB1B	M300V	0	1	Sep 23, 2023	3221450
PALLD	K108E	0	1	Jan 29, 2024	3226803
PALLD	S149N	0	1	Dec 22, 2023	3226816
CDK4	T3A	0	1	Dec 29, 2023	3230247
CFTR	S756N	0	1	Feb 28, 2024	3231853
MUTYH	H312P	0	1	Aug 18, 2025	3233015
MUTYH	A400S	0	1	Sep 09, 2025	3233019
MUTYH	T417S	0	1	Sep 09, 2025	3233023
MUTYH	T455N	0	1	Sep 09, 2025	3233027
MUTYH	E46G	0	1	Sep 09, 2025	3233034
MUTYH	E79D	0	1	Sep 09, 2025	3233036
MUTYH	W85G	1	1	Aug 15, 2025	3233037
MUTYH	Y121H	1	1	Aug 15, 2025	3233041
MUTYH	K127R	0	1	Sep 10, 2025	3233043
MUTYH	S136G	0	1	Sep 15, 2025	3233045
MUTYH	A245D	0	1	Sep 16, 2025	3233053
MUTYH	P247Q	1	1	Aug 18, 2025	3233054
MUTYH	V261L	0	1	Sep 15, 2025	3233056
MUTYH	Q15P	0	1	Sep 15, 2025	3233057
MUTYH	R266L	0	1	Sep 15, 2025	3233058
MUTYH	S18N	0	1	Sep 09, 2025	3233060
SMARCA4	D67E	0	1	Feb 14, 2024	3233084
SMARCE1	Q300P	0	1	Dec 29, 2023	3223103
SMARCE1	E331D	0	1	Jan 02, 2024	3223104
KRAS	K117T	1	1	Apr 03, 2017	3224559
KCNE3	P39S	0	1	Mar 12, 2024	3224707
BUB1	N354K	0	1	Jan 20, 2024	3223983
BUB1	C633Y	0	1	Dec 10, 2023	3224022
BUB1	H92R	0	1	Oct 20, 2023	3224062
BUB1	I185V	0	1	Nov 24, 2023	3224109
BUB1	I197T	0	1	Nov 30, 2023	3224111
BUB1	D310E	0	1	Feb 28, 2024	3224133
EPHB4	A873T	0	1	Sep 24, 2023	3224279
EPHB4	I878V	0	1	Oct 27, 2023	3224280
RINT1	A130S	0	1	Oct 11, 2023	3227655
LMF1	E493Q	0	1	Jan 31, 2024	3227805
VPS11	G903D	0	1	Mar 01, 2024	3233695
SLC12A3	L700P	1	2	Sep 10, 2025	3233922
COL4A5	G831E	1	2	Oct 10, 2024	3234030
SCN1A	I241N	1	1	May 06, 2024	3234115
PPP2R2B	V304I	0	1	Apr 01, 2024	3234382
SETD1A	E391D	0	2	Mar 21, 2025	3234454
SCN1A	Y1599H	1	1	May 02, 2024	3235099
COL4A5	G438S	1	1	Dec 09, 2022	3235208
COL4A5	R1569P	1	1	Sep 28, 2021	3235211
COL4A5	G1379R	1	1	Oct 10, 2023	3235212
IGF1R	I1205N	1	1	Feb 29, 2024	3235256
RAC1	N43K	1	1	Feb 22, 2024	3235757
CHD3	P1160T	1	1	Jan 09, 2024	3235799
SCN1A	T1872A	1	1	May 14, 2024	3235882
TBX1	A21T	1	2	May 27, 2025	3235917
COL4A5	G1119D	1	1	Jan 11, 2024	3236026
AVP	C110S	1	1	Oct 05, 2021	3236029
COL4A5	G403A	1	1	Aug 29, 2022	3236033
COL4A5	G787E	1	1	Jun 28, 2022	3236218
COL4A5	G722V	1	1	Oct 19, 2023	3236219
COL4A5	G1199R	1	1	Jan 12, 2022	3236227
COL4A5	G1110E	1	1	Nov 03, 2023	3236230
COL4A5	G1015R	1	1	Jan 04, 2024	3236235
COL4A5	G298C	1	1	Mar 08, 2024	3236354
COL4A5	C1638R	1	2	Mar 07, 2024	3236356
GJA8	Y66D	1	1	Feb 18, 2025	3236402
STIM1	D84E	1	1	May 22, 2024	3236678
CYP1B1	A383T	1	1	-	3236696
CYP1B1	F445I	1	2	Jul 29, 2024	3236697
SLC12A3	G439V	1	1	Jul 31, 2024	3236716
SCN1A	S940Y	1	2	May 26, 2026	4854630
ASL	P208R	1	2	Apr 24, 2024	3237464
ASL	L260F	1	1	Jan 11, 2024	3237468
NDP	G67W	1	1	Dec 06, 2023	3237510
KRAS	R68W	1	1	Dec 25, 2023	3238829
L2HGDH	G57R	1	1	Mar 07, 2024	3238838
SMARCA4	L768P	1	1	-	3238740
ZNRF3	L104P	1	1	May 29, 2024	3238957
ZNRF3	P179L	1	1	May 29, 2024	3238960
ZNRF3	C296Y	1	1	May 29, 2024	3238962
ZNRF3	R307Q	1	1	May 29, 2024	3238963
ZNRF3	C319Y	1	1	May 29, 2024	3238964
ZNRF3	P322R	1	1	May 29, 2024	3238965
ZNRF3	R334W	1	1	May 29, 2024	3238966
ALKBH8	V106M	0	1	May 01, 2024	3239032
IQSEC2	E43K	0	1	May 01, 2024	3239134
TTC12	G373R	1	1	-	3239646
NPHS1	G796R	1	2	May 23, 2026	3239956
ABCD1	L229P	1	2	Oct 21, 2024	3240094
PMM2	Y106C	1	1	Mar 24, 2024	3240154
ASL	K69R	1	1	Mar 14, 2024	3240461
SLC26A4	V422I	1	2	May 12, 2025	3240501
SLC26A4	A227P	1	1	Jan 23, 2024	3240502
CTSK	L7P	1	1	Jan 03, 2024	3241228
ERCC2	R511Q	1	2	Apr 18, 2024	3241411
FAH	C193R	1	2	May 23, 2026	3241519
NDP	L61I	1	1	-	3242164
SERPING1	P200L	1	1	Jun 15, 2024	3242422
SLC12A3	G141R	1	1	Jun 29, 2022	3242433
SERPING1	L347P	1	1	Jun 01, 2024	3242451
SERPING1	H334P	1	1	Jun 01, 2024	3242454
SEPSECS	S147N	1	1	Jun 18, 2024	3242529
SERPING1	M370K	1	1	Jun 01, 2024	3242572
NDP	K54N	1	2	Dec 23, 2025	3248708
NMNAT1	R227W	1	1	Jan 01, 2019	3248782
NDP	R121Q	1	1	Jan 01, 2022	3249058
NDP	K104Q	1	2	Dec 01, 2024	3249783
CACNA1F	P1489R	1	1	Jan 01, 2023	3250037
EYA1	A510V	0	1	-	3250371
POU3F4	G64E	1	1	Jun 05, 2024	3250397
RAI1	R592W	1	1	Jun 05, 2024	3250398
SAT1	A12T	0	1	Jun 01, 2024	3250627
EMILIN1	A524V	0	1	Jun 01, 2024	3250645
ASL	L227P	1	1	Jun 01, 2024	3250959
AFF2	S901F	0	1	Jun 01, 2024	3251007
BRAF	S136A	0	1	Jun 01, 2024	3251225
ALDH3A2	T184R	1	2	Apr 15, 2024	3251390
CYP1B1	I471S	1	1	Apr 08, 2024	3251434
CSF1R	F849I	1	1	Apr 08, 2024	3251449
LPL	H268Y	1	2	Apr 04, 2024	3251541
FMO3	G191C	1	2	Apr 22, 2024	3251858
COL4A5	G950R	1	2	Apr 19, 2024	3251895
ATP8B1	I344F	1	2	Apr 14, 2026	3251916
NAA15	H709P	1	1	May 02, 2024	3251942
BCKDHB	G278D	1	1	Jun 20, 2024	3251982
CFTR	G458E	1	1	Jun 11, 2024	3251984
SERPING1	P498S	1	1	Jul 06, 2024	3252000
SERPING1	L430P	1	1	Jul 06, 2024	3252002
SERPING1	T270N	1	1	Jul 07, 2024	3252006
SERPING1	S240P	1	1	Jul 07, 2024	3252007
SERPING1	P498R	1	1	Jul 06, 2024	3252009
SERPING1	T270P	1	1	Jul 07, 2024	3252010
COL4A5	G141D	1	2	Jul 13, 2025	3252034
SCN1A	G343C	1	1	Jul 08, 2024	3252045
NAA15	I397R	1	1	Dec 07, 2023	3252335
SLC12A3	A166V	1	2	Feb 23, 2026	3252869
CREBBP	R1774H	1	1	May 30, 2024	3252870
MAPK1	P323H	1	1	Feb 05, 2024	3253018
COL6A2	G552R	1	1	Dec 09, 2023	3253061
MARK2	G135R	1	1	Oct 30, 2025	3253647
GJA3	M1V	1	1	Jan 21, 2023	3253655
GJA8	V79L	1	1	Jan 21, 2023	3253656
GJA3	F32L	1	1	Jan 21, 2023	3253669
GJA8	S258F	1	2	Jan 24, 2025	3253671
GJA3	W45S	1	1	Jan 21, 2023	3253680
GJA3	D47N	1	2	Feb 19, 2025	3253681
GJA3	E48G	1	1	Jan 21, 2023	3253683
GJA3	S195F	1	1	Jan 21, 2023	3253692
GJA3	L11S	1	1	Jan 21, 2023	3253697
GJA8	G22R	1	1	Jan 21, 2023	3253707
GJA8	I31T	1	1	Jan 21, 2023	3253708
GJA3	G22S	1	2	May 14, 2025	3253713
GJA8	T56P	1	1	Jan 21, 2023	3253716
GJA8	P59A	1	1	Jan 21, 2023	3253717
GJA8	G60R	1	1	Jan 21, 2023	3253720
GJA8	S73P	1	1	Jan 21, 2023	3253724
GJA8	S73F	1	1	Jan 21, 2023	3253725
CCND2	T280P	1	2	Dec 30, 2025	3254550
NPHS1	S569R	1	1	Jul 17, 2023	3254584
ADNP	C109Y	1	1	Jul 17, 2023	3254632
CHD3	N917D	1	1	Jul 17, 2023	3254729
DYRK1A	K290E	1	1	Jul 17, 2023	3254763
SURF1	Q196R	1	1	Jul 17, 2023	3254788
OPLAH	G1132W	1	1	Jul 17, 2023	3254835
PAX9	S119F	1	1	Jul 17, 2023	3254837
COL4A5	G1445D	1	1	Jul 01, 2022	3254905
CLCN5	K301I	1	1	Sep 21, 2024	3255100
COL4A5	G343E	1	1	Sep 19, 2024	3255166
IQSEC2	L781R	1	1	May 21, 2020	3255173
CHD3	G1139E	1	1	Dec 21, 2023	3255201
TTC7A	A798V	1	1	Jul 05, 2024	3255331
SERPING1	L243P	1	2	Aug 06, 2025	3255464
SERPING1	F236V	1	1	Jul 21, 2024	3255465
SERPING1	C205R	1	1	Jul 21, 2024	3255466
SERPING1	L12R	1	1	Jul 20, 2024	3255467
SERPING1	F169S	1	2	Jul 19, 2025	3255485
SERPING1	L193P	1	1	Jul 21, 2024	3255486
SERPING1	F225S	1	1	Jul 21, 2024	3255487
SERPING1	F477S	1	1	Jul 21, 2024	3255492
SERPING1	P399S	1	2	Jul 21, 2024	3255493
SERPING1	L353P	1	1	Jul 21, 2024	3255495
SERPING1	M324R	1	1	Jul 21, 2024	3255496
SERPING1	L410P	1	1	Jul 21, 2024	3255498
SERPING1	P489R	1	1	Jul 21, 2024	3255499
SCN1A	Q1427K	1	1	Jan 01, 2024	3255525
SCN1A	D936E	1	1	Jan 01, 2024	3255527
SERPING1	M409T	1	1	Jul 26, 2024	3255531
SERPING1	S350P	1	1	Jul 30, 2024	3255556
PURA	W264S	1	1	Apr 21, 2022	3255587
SERPING1	L427P	1	1	Jul 27, 2024	3256123
SERPING1	H443R	1	1	Jul 27, 2024	3256133
SERPING1	A459P	1	1	Jul 28, 2024	3256136
SERPING1	A459D	1	1	Jul 28, 2024	3256137
SERPING1	S460Y	1	1	Jul 28, 2024	3256138
SERPING1	L481P	1	1	Jul 28, 2024	3256139
SERPING1	V480E	1	1	Jul 28, 2024	3256140
SERPING1	F471S	1	1	Jul 28, 2024	3256141
SERPING1	R466G	1	1	Jul 28, 2024	3256142
SERPING1	E451G	1	1	Jul 27, 2024	3256528
STS	G128R	1	1	Sep 26, 2023	3256558
NSD1	P1904L	1	1	Feb 22, 2024	3256583
STIM1	I115T	1	1	Feb 28, 2024	3256588
COL3A1	G1191V	1	1	Feb 27, 2024	3256590
ITGB4	R1281P	1	1	Feb 19, 2024	3256594
SEPSECS	G441R	1	2	Apr 23, 2024	3256764
COL4A5	P1590R	1	1	Jun 12, 2024	3256876
COL4A5	G270V	1	1	Jun 03, 2024	3256885
DPP9	M726I	1	1	Jul 22, 2024	3256926
ASS1	L185F	1	1	Jul 23, 2024	3256953
THSD4	P241S	0	2	Oct 04, 2024	3257175
HEATR3	G405R	0	1	Apr 01, 2026	3257615
SERPING1	G493E	1	1	Aug 02, 2024	3257750
CREBBP	Y1503F	1	1	May 20, 2023	3258003
BCKDK	A24T	0	1	May 07, 2024	3260627
BCKDK	G12R	0	1	Jun 13, 2024	3260629
BUB1	K389T	0	1	Jun 24, 2024	3262110
BUB1	F748L	0	1	Mar 31, 2024	3262133
BUB1B	E218G	0	1	May 17, 2024	3262207
BUB1B	G1013R	0	1	Apr 01, 2024	3262227
BUB1B	T284R	0	1	May 15, 2024	3262260
BUB1B	A693T	0	1	Jun 12, 2024	3262275
CREBBP	M2161I	0	1	Apr 09, 2024	3269464
D2HGDH	G16C	0	1	May 16, 2024	3270748
ZNRF3	H561R	0	1	Jun 19, 2024	3259950
ZNRF3	G853S	0	1	Mar 21, 2024	3259952
CBX2	G285S	0	1	May 23, 2024	3263668
CDK5RAP2	I899T	0	1	May 28, 2024	3265484
CDK5RAP2	P45S	0	1	Apr 20, 2024	3265492
CHST8	T403A	0	1	May 15, 2024	3267251
DGKE	M541V	0	1	Mar 15, 2024	3271721
CFTR	N417S	0	1	Jun 04, 2024	3266623
CFTR	F931L	0	1	Mar 22, 2024	3266646
CHD3	H613R	0	1	Mar 25, 2024	3266842
CHD3	R285Q	0	2	Nov 12, 2025	3266844
CTRC	C13Y	0	1	Apr 01, 2024	3270181
BDP1	E1041G	0	1	Jun 16, 2024	3260756
CCNF	L247V	0	1	May 24, 2024	3264562
CEP85L	S432A	0	1	Apr 01, 2024	3266281
CEP85L	H387R	0	1	Jun 11, 2024	3266282
CMPK2	T437M	0	1	May 24, 2024	3267988
EPHB4	S825N	0	2	Apr 10, 2025	3275992
GFM2	I657V	0	1	May 13, 2024	3281244
GFM2	K468Q	0	1	Jun 10, 2024	3281245
EP300	R568Q	0	1	May 15, 2024	3275595
EP300	G1543V	0	1	Mar 31, 2024	3275596
EP300	T564A	0	1	May 14, 2024	3275606
GAS2L2	R829Q	0	1	Apr 04, 2024	3280788
GAS2L2	R181Q	0	1	Mar 26, 2024	3280791
GAS2L2	P395L	0	1	Jun 19, 2024	3280798
GPR179	W1758R	0	1	May 23, 2024	3282336
HHAT	R425H	0	1	May 28, 2024	3284211
HHAT	R403Q	0	1	Jun 13, 2024	3284215
HHAT	D493N	0	1	Jun 17, 2024	3284216
ADNP	Y332F	0	2	Sep 30, 2024	3273310
ELAC2	R630G	0	1	May 16, 2024	3275095
EWSR1	S371N	0	1	May 02, 2024	3276728
F13A1	S50N	0	1	Apr 08, 2024	3276939
FGFR2	I383T	0	1	May 13, 2024	3278667
GP6	R319Q	0	2	Mar 24, 2025	3282012
HDAC4	P363R	0	2	Oct 01, 2025	3283686
IGF1R	V944I	0	1	May 26, 2024	3285491
ERCC6	I692V	0	1	Apr 08, 2024	3276303
AGRN	V761A	0	1	Mar 15, 2024	3276485
GJA3	G239S	0	1	Apr 17, 2024	3281437
H1-4	A35V	0	1	Mar 18, 2024	3283264
H1-4	A125T	0	1	Jun 17, 2024	3283265
H1-4	P161S	0	1	May 07, 2024	3283266
H1-4	K110E	0	1	Apr 17, 2024	3283268
H1-4	K110T	0	1	Apr 17, 2024	3283269
H1-4	G91A	0	1	May 15, 2024	3283271
H1-4	P19L	0	1	May 23, 2024	3283272
MAN2B2	Y94H	0	1	May 13, 2024	3292846
MST1	R451G	0	1	Mar 19, 2024	3296472
KANK2	R410Q	0	1	Jun 03, 2024	3287313
KANK2	T582M	0	1	Jun 05, 2025	3287314
KMT2E	D1054E	0	1	Apr 01, 2024	3289182
LIFR	R10Q	0	1	May 02, 2024	3290643
LMF1	G565R	0	1	Mar 28, 2024	3290913
LMF1	P336S	0	1	Sep 05, 2024	3290916
ANKRD11	A416V	0	1	Apr 23, 2024	3296251
ITGB4	R1074C	0	1	Jun 24, 2024	3286843
MYH11	M952I	0	1	May 22, 2024	3297362
NDUFAF8	A27T	0	1	Jun 05, 2024	3299050
KDM6A	L777S	0	1	Mar 30, 2024	3287963
KIAA0319L	R117Q	0	1	Jun 17, 2024	3288073
KIDINS220	S1461L	0	1	May 30, 2024	3288238
MUTYH	E106G	1	1	Mar 15, 2024	3297039
MUTYH	E92G	0	1	Sep 09, 2025	3297044
MUTYH	G471R	0	1	Sep 09, 2025	3297045
MUTYH	V284L	0	1	Sep 09, 2025	3297046
MUTYH	E60Q	0	1	Apr 11, 2024	3297047
MUTYH	T122A	0	1	Sep 09, 2025	3297049
MUTYH	G372V	1	1	Aug 15, 2025	3297053
MUTYH	L183I	0	1	Sep 16, 2025	3297057
MUTYH	P44S	0	1	Sep 09, 2025	3297064
ANO10	N551S	0	1	Mar 30, 2024	3298732
NLRP5	Q938H	0	1	Jun 10, 2024	3300085
NUP37	M293T	0	1	Mar 25, 2024	3301560
PRR12	E693D	0	1	Jun 03, 2024	3310406
PRR12	V1953I	0	1	Mar 18, 2024	3310408
PRR12	P1541R	0	1	Mar 20, 2024	3310416
PRR12	P499L	0	1	May 16, 2024	3310421
NSD1	S646N	0	1	Jun 16, 2024	3301120
NSD1	E924K	0	1	May 26, 2024	3301126
NSD1	P2089S	0	1	May 26, 2024	3301127
PRKAR1B	R68Q	0	1	May 10, 2024	3309976
PXDN	V1460M	0	1	Mar 19, 2024	3311809
NOTCH1	A90V	0	1	May 02, 2024	3300427
NOTCH1	V2443M	0	2	Feb 03, 2026	3300483
ODAD1	V382E	0	1	Apr 23, 2024	3302145
ODAD2	E434D	0	1	Apr 09, 2024	3302156
PALLD	R255S	0	1	Jun 03, 2024	3304113
PALLD	K111E	0	1	Apr 20, 2024	3304124
POT1	T459I	0	1	Jun 24, 2024	3308983
RAI1	R1778W	0	1	Mar 15, 2024	3312558
RTEL1	T1000R	0	1	May 07, 2024	3315627
SEPSECS	R384H	0	1	Apr 15, 2024	3317468
SETD1A	A1346V	0	1	May 03, 2024	3317686
SETD1A	R1236Q	0	1	Jun 05, 2024	3317687
SETD1A	P717L	0	1	May 28, 2024	3317689
SETD1A	R1205Q	0	1	May 20, 2024	3317690
SETD1A	D1384N	0	1	May 28, 2024	3317692
SETD1A	R956C	0	1	Apr 06, 2024	3317693
SMARCE1	E379G	0	1	Apr 01, 2024	3320849
ARL6IP1	V143I	0	1	Jun 10, 2024	3315186
SEC63	K572R	0	1	Jun 16, 2024	3317172
TNRC6B	T51A	0	1	Mar 30, 2024	3327739
SCN1A	Y1903D	1	1	Jun 28, 2024	3316549
SCN2B	H143Y	0	1	Mar 21, 2024	3316558
SIN3B	A999V	0	1	Apr 26, 2024	3318561
RINT1	I263V	0	1	Jun 14, 2024	3314480
SLC38A8	W333C	0	1	May 23, 2024	3319726
SLC49A4	I138V	0	1	Apr 09, 2024	3319914
STAG3	T378A	0	1	Apr 06, 2024	3323050
TP53RK	G12S	0	1	Jun 17, 2024	3328228
USP45	L590S	0	1	Mar 25, 2024	3331592
USP45	D288G	0	1	Apr 24, 2024	3331593
XDH	A1093E	0	1	May 16, 2024	3333359
TRPM4	V1174G	0	1	Mar 20, 2024	3329231
TRPM4	P501A	0	1	Apr 24, 2024	3329234
TRPM4	P468S	0	1	Jun 24, 2024	3329248
WEE2	S37L	0	1	Apr 04, 2024	3333050
UBAP1L	T93A	0	1	Mar 20, 2024	3330512
BCKDHB	R183G	1	2	May 21, 2024	3335960
FKTN	W305C	1	2	May 13, 2024	3335983
SURF1	V177G	1	2	May 07, 2024	3336110
COL4A5	G509S	1	2	Mar 03, 2025	3336415
SETD1A	S1396P	0	1	May 22, 2024	3336428
SLC12A3	Q617R	1	2	May 24, 2024	3336569
SLC12A3	G729A	1	2	Apr 29, 2026	3336574
ALDH3A2	G400R	1	2	Oct 24, 2025	3336603
SERPING1	S150F	1	1	Aug 09, 2024	3336698
SERPING1	S173R	1	1	Aug 09, 2024	3336719
SERPING1	W265R	1	1	Aug 12, 2024	3336792
SERPING1	F236S	1	1	Aug 11, 2024	3336803
SERPING1	R241P	1	1	Aug 11, 2024	3336825
SERPING1	A185D	1	1	Aug 10, 2024	3336826
SERPING1	I274V	1	1	Aug 15, 2024	3336841
EP300	C1692S	1	1	May 27, 2022	3337078
IGF1R	E83K	1	1	Jun 10, 2026	3337175
IGF1R	D1153G	1	1	May 27, 2022	3337178
SCN1A	R1596L	1	1	Jan 26, 2023	3337545
SCN1A	V5A	1	1	Oct 30, 2023	3337547
SOX2	P44L	1	1	Aug 09, 2022	3337615
CACNA1D	I750S	1	1	Aug 08, 2023	3337877
CHD3	R802Q	1	1	Jul 04, 2022	3337906
CSF1R	I794F	1	1	Sep 20, 2023	3337972
SERPING1	L287P	1	1	Aug 16, 2024	3338002
SERPING1	L287R	1	1	Aug 16, 2024	3338003
SERPING1	F313L	1	1	Aug 16, 2024	3338006
SERPING1	V332G	1	1	Aug 16, 2024	3338009
SERPING1	M324K	1	1	Aug 16, 2024	3338010
SERPING1	A292P	1	1	Jul 15, 2024	3338022
SERPING1	A333D	1	1	Aug 16, 2024	3338034
GABRA2	L215S	1	1	-	3338106
GABRA2	L154V	1	1	-	3338108
SERPING1	H207R	1	1	Aug 10, 2024	3338294
COL3A1	G1020C	1	1	Aug 15, 2024	3338322
TTR	T79I	1	2	May 27, 2024	3338365
TFE3	L191P	1	1	Jun 27, 2024	3338578
PTH1R	E469K	1	1	Sep 02, 2024	3338640
BRAF	P367A	1	1	Jan 24, 2024	3338728
TTR	G87E	1	2	Aug 31, 2024	3338803
DCX	G67E	1	1	Feb 20, 2024	3338808
NHLRC1	L279P	1	1	Dec 15, 2023	3338809
ALDH7A1	Q453R	1	2	Jan 23, 2025	3338816
ABCD1	G298V	1	1	Oct 10, 2025	3338820
SCN1A	F1463L	1	1	May 16, 2023	3338838
SCN1A	L1423F	1	2	Mar 19, 2025	3338839
SCN1A	R1316G	1	1	Jun 06, 2023	3338840
ALDH3A2	D48Y	1	1	Jul 11, 2024	3338952
ASS1	H294Y	1	2	Sep 30, 2024	3338976
ALDH7A1	G202V	1	1	Jul 02, 2024	3339181
ALDH7A1	S457I	1	2	Jul 01, 2025	3339413
HSD17B10	S20L	1	1	-	3339520
CYP21A2	R150P	1	1	Jun 26, 2024	3339653
ALDH3A2	P121L	1	1	Jun 14, 2024	3340051
KDM5C	Y525C	1	1	Aug 27, 2024	3340073
COL4A5	G632S	1	1	Sep 10, 2024	3340120
SCN1A	E1587V	1	1	Sep 30, 2023	3340196
COL3A1	G894D	1	1	Mar 11, 2024	3340203
PCDH19	G322R	1	1	Oct 11, 2023	3340318
PITX2	S286L	1	1	Nov 14, 2023	3340404
SERPING1	M413R	1	1	Sep 09, 2024	3340470
CNNM4	V475M	1	1	Jul 20, 2024	3340493
LPL	I276T	1	1	Sep 23, 2024	3340534
TPM1	A166V	1	1	Dec 13, 2023	3340563
SCN1A	E1795G	1	1	Dec 28, 2023	3340591
TFE3	R113K	1	1	Mar 11, 2024	3340595
IGF1R	A116T	1	1	Dec 21, 2023	3340623
ADNP	M1T	1	1	Feb 04, 2024	3340634
ADNP	T443A	1	1	Mar 21, 2024	3340676
SCN1A	S1760C	1	1	Jun 27, 2023	3340700
TWIST1	S144N	1	2	Apr 03, 2025	3340704
IQSEC2	D894Y	1	1	Sep 23, 2025	3340735
SCN1A	D1443Y	1	1	Jul 13, 2023	3340738
ANKRD11	A2017T	1	1	Jan 25, 2024	3340813
SCN1A	A1819E	1	1	Jan 25, 2026	3340831
CACNA1D	Y545C	1	1	Dec 16, 2023	3341037
NSD1	A24S	1	1	Aug 19, 2023	3341084
EP300	R1462Q	0	1	Feb 28, 2025	3341119
KDM6A	P1018L	1	1	Sep 30, 2024	3341164
ZNRF3	H327Q	0	1	Aug 01, 2024	3341555
SETD1A	E1066V	0	1	Aug 01, 2024	3341718
GJA8	R233Q	0	1	Aug 01, 2024	3341757
AFF2	G482R	0	1	Aug 01, 2024	3341853
BCKDHB	L333W	1	1	Jul 01, 2024	3342026
CHD3	R1187G	1	2	Aug 01, 2024	3342107
SCN1A	I1377M	1	1	Sep 01, 2024	3342223
COL4A5	G1235S	1	1	Aug 23, 2024	3342298
EP300	L2411V	0	1	Feb 02, 2024	3342324
SETD1A	R1495H	1	1	Jul 24, 2026	3342435
COQ4	A71T	1	2	Apr 28, 2026	3342649
GABRA2	T66I	1	1	Oct 09, 2022	3342660
SURF1	R179K	1	1	Aug 16, 2023	3342728
KDM5C	R744W	1	1	Jan 05, 2024	3342776
NSD1	L1682P	1	1	Mar 18, 2024	3343841
PURA	V77E	1	1	Sep 21, 2023	3343865
IRF2BPL	H466D	1	1	Jan 12, 2024	3343912
BRAF	L711P	1	1	Mar 25, 2024	3343956
TWIST1	R110Q	1	1	Feb 23, 2024	3343959
SLC16A2	C417R	1	1	Mar 04, 2024	3343962
ASL	P208S	1	1	May 23, 2026	3347046
POU3F4	S228L	1	1	Dec 09, 2024	3346292
PRKAR1B	V302M	1	1	Jun 02, 2025	3344452
GJA3	G22V	1	1	Apr 16, 2026	3345933
COL3A1	G1026E	1	1	Jun 16, 2025	3347387
TMEM132E	E86Q	0	1	Oct 14, 2025	3348808
COL4A5	G186R	1	1	Mar 01, 2024	3349521
RAI1	R1724Q	0	1	Aug 05, 2024	3349696
NSD1	N190S	0	1	May 10, 2024	3350123
EP300	S2328P	0	1	Mar 06, 2025	3350459
CREBBP	P542S	0	1	Mar 30, 2020	3350676
EP300	I967S	0	1	Jan 07, 2025	3351204
CREBBP	R2072Q	0	1	Apr 16, 2024	3351808
EP300	E1011K	0	2	May 29, 2026	3352249
INPP5E	V443I	0	1	Dec 22, 2025	3352306
EP300	M2133T	0	2	Aug 21, 2025	3353440
EP300	I196T	0	1	Feb 16, 2025	3353817
CYFIP2	R1075C	0	1	Jan 26, 2026	3354565
EP300	S2062T	0	1	Jul 27, 2025	3355457
COL11A1	G1150S	0	1	Mar 28, 2024	3355596
CREBBP	V819M	0	1	Jan 13, 2026	3356247
EP300	P2003T	0	1	Oct 02, 2025	3356706
EP300	A1892T	0	2	Mar 25, 2026	3358022
AVP	G96D	1	1	Sep 06, 2024	3358364
EP300	N493S	0	1	Jul 01, 2024	3358560
ITGA3	R274Q	1	2	Sep 19, 2025	3358856
SERPING1	G493R	1	2	Jul 26, 2024	3358886
HCN1	G391C	1	1	Dec 15, 2021	3358955
TAOK1	R150T	1	1	Jul 15, 2024	3359006
CSF1R	A763T	1	1	Jul 15, 2024	3359066
EEF2	D110N	1	1	Dec 07, 2023	3361085
EP300	Q641K	1	1	May 22, 2024	3362786
SLC26A4	T721A	1	1	May 20, 2023	3362830
NCDN	P533L	1	1	-	3363194
SMARCB1	R37C	1	2	Aug 12, 2026	3363753
KDM6A	G174R	1	1	Apr 17, 2024	3364974
KCNC1	M430I	1	2	Dec 05, 2023	3365213
TUBB4B	P259S	1	1	-	3366296
IGF1R	G1155A	1	1	Aug 30, 2024	3366330
FMO3	F140S	1	1	Aug 28, 2024	3366396
COL3A1	G1092A	1	2	Mar 03, 2025	3366496
FOXN1	V294I	1	3	Jul 29, 2024	3367209
COL4A5	G603R	1	2	Apr 22, 2024	3367289
KDM5C	R705C	1	1	Jan 31, 2026	3368204
COL4A5	G1113R	1	1	Feb 15, 2024	3369277
COL4A5	G1149S	1	1	Oct 15, 2024	3370330
CLCN5	G703D	1	1	Sep 13, 2024	3370333
SCN1A	F1373I	1	1	Sep 11, 2024	3370353
ITGB4	C72R	1	1	Jun 21, 2024	3370491
HCN1	G382R	1	1	Jul 09, 2025	3372095
IQSEC2	T356P	1	1	Jul 09, 2025	3372841
MAPK1	Q119H	1	1	Apr 26, 2024	3373126
KCNC1	V227A	0	1	Oct 03, 2025	3373332
BRAF	T241A	1	1	May 01, 2024	3373467
CTSF	L324S	1	1	May 29, 2024	3373769
COL11A1	G961D	1	1	Oct 29, 2024	3374723
MEF2C	G27E	1	1	Sep 27, 2024	3375472
HYAL2	S261F	1	1	Jun 20, 2024	3375477
COL3A1	G732E	1	1	May 21, 2026	3375728
SCN1A	F383S	1	1	May 07, 2024	3375730
IQSEC2	K498E	0	2	Dec 16, 2025	3375761
TWIST1	R116W	1	1	Oct 18, 2024	3376165
CHD3	R1795W	1	2	Feb 10, 2025	3376186
DPF2	R300L	1	1	Apr 14, 2023	3376275
PURA	G194W	1	1	Jun 13, 2024	3376430
RFC4	E344K	1	1	Apr 21, 2025	3376523
COL11A1	G676E	1	1	Feb 02, 2022	3376589
COL11A1	G712A	1	1	Jun 24, 2022	3376600
SLC7A9	R250K	1	2	Jan 22, 2024	3376792
NSD1	D1819G	1	1	Sep 19, 2024	3376857
LPL	T211K	1	1	Dec 21, 2023	3376967
GABRA2	V284L	1	1	Oct 09, 2024	3377080
PURA	V66A	1	1	Oct 09, 2024	3377120
PURA	V91G	1	1	Oct 08, 2024	3377122
EPHB4	D758G	1	1	Oct 09, 2024	3377140
RAC1	Y32H	1	1	Oct 09, 2024	3377146
CHD3	L1007W	1	1	Oct 10, 2024	3377249
KDM5C	T393I	1	1	Sep 20, 2024	3377320
KDM5C	P531L	1	2	Oct 09, 2024	3377327
KDM5C	G536E	1	2	Jun 15, 2025	3377331
STAG2	T149A	1	1	Nov 11, 2025	3377345
SLC7A9	G195E	1	1	May 21, 2020	3377378
COL3A1	G678R	1	1	May 26, 2020	3377415
COL11A1	G1024E	1	1	Jun 24, 2022	3377511
COL4A5	G301S	1	1	Aug 07, 2024	3380927
COL4A5	G638R	1	2	Dec 27, 2025	3380928
COL4A5	G828R	1	2	Jun 11, 2024	3380929
SCN1A	S1713R	1	1	Oct 11, 2023	3380952
COL3A1	G249C	1	2	May 12, 2025	3380959
COL3A1	G618V	1	2	Feb 25, 2026	3380960
F13A1	R409Q	1	2	Nov 12, 2024	3380999
F13A1	G211R	1	1	Apr 15, 2024	3381001
PRKN	V3E	1	1	Apr 10, 2024	3381019
CFTR	Y1073C	1	2	Jun 15, 2026	3381026
CFTR	E1104V	1	1	May 03, 2024	3381027
CREBBP	K434I	1	1	Nov 27, 2024	3381760
KDM5C	D562V	1	1	Nov 27, 2024	3381761
CNNM4	Y716C	1	1	May 27, 2024	3381786
NDP	C128W	1	1	May 27, 2024	3381811
KISS1	N115K	1	1	-	3381872
ASS1	N184K	1	1	-	3381969
FSHR	A419P	1	1	-	3381987
CSF1R	P855T	1	1	-	3382005
CYP21A2	E432K	1	1	-	3382047
ITGA3	D378V	1	1	-	3382049
COL4A5	G1134R	1	1	-	3382355
RIT1	M90T	1	2	Mar 01, 2026	3382471
ALDH7A1	G505V	1	2	Mar 19, 2024	3382561
HCN1	F167L	1	1	-	3382566
SCN1A	M787K	1	1	-	3382607
NSD1	C1905G	1	1	-	3382676
IGF1R	P1212T	1	1	-	3382778
D2HGDH	M153V	1	1	-	3382850
COL4A5	G743V	1	1	-	3382913
NSD1	C2121F	1	1	-	3382923
COL4A5	G406C	1	1	-	3382944
COL3A1	G1107A	1	1	-	3383165
COL4A5	G1333R	1	2	Jun 01, 2026	3383220
FGFR2	E325V	1	1	May 29, 2024	3383781
TAOK1	F257S	1	1	Dec 06, 2024	3383963
NCKAP1L	M371L	1	1	Oct 04, 2024	3383987
NPHS1	C417Y	1	1	Oct 04, 2024	3384039
GALNT3	H415R	1	1	Oct 04, 2024	3384047
SLC26A4	E384Q	1	2	Sep 02, 2025	3384109
ALDH7A1	T192K	1	1	Oct 18, 2024	3384681
COL6A2	L870V	0	1	Oct 17, 2024	3385227
SCN1A	T1721P	1	1	Nov 26, 2024	3385393
COL3A1	G1101A	1	2	Nov 05, 2024	3386484
SLC26A4	F32L	1	2	Dec 30, 2025	3387798
CNOT3	G9R	1	1	Aug 13, 2023	3387804
CNOT3	H699Y	1	1	Aug 13, 2023	3387817
CNOT3	R735L	1	1	Aug 13, 2023	3387818
CNOT3	L747P	1	1	Aug 13, 2023	3387819
TULP3	S370T	0	1	Jun 01, 2026	3387919
FCGR3A	A78D	0	1	Nov 01, 2024	3387944
PALLD	R341H	0	1	Oct 01, 2024	3388179
TAB2	T226A	0	1	Sep 01, 2024	3388257
HEATR3	R337K	0	1	Oct 01, 2024	3388412
ANKRD11	P1626L	0	1	Sep 01, 2024	3388757
EMILIN1	R502H	0	1	Sep 01, 2024	3388990
CHD3	R1881C	1	1	Oct 01, 2024	3389177
EP300	T1878A	0	1	Sep 01, 2024	3389613
COL3A1	G1017V	1	1	Nov 01, 2024	3390236
CAMTA1	G150S	1	1	Jun 12, 2024	3390711
DISP1	S144C	1	1	-	3390848
NDP	I48T	1	1	Dec 13, 2024	3390853
LPL	H210Y	1	1	Dec 18, 2024	3391032
COL3A1	K707N	1	1	Dec 18, 2024	3391162
WNT10B	F213C	1	1	Dec 18, 2024	3391173
THAP1	R29G	1	1	Jun 22, 2023	3391238
FKTN	G424V	1	1	Jul 22, 2023	3391287
NSD1	V1796G	1	1	Jun 20, 2024	3391512
COL4A5	G72V	1	1	Nov 18, 2024	3392544
CHD3	L888P	1	1	Dec 19, 2024	3393069
FAH	S2F	1	1	Dec 19, 2024	3393135
ASL	H252Y	1	1	Dec 19, 2024	3393176
BRAF	G265A	1	1	Dec 19, 2024	3393207
H1-4	L66P	1	1	-	3393326
MMP19	D310N	0	1	Jul 26, 2024	3397033
MMP19	S164L	0	1	Jul 02, 2024	3397038
MMP19	R475Q	0	1	Nov 13, 2024	3397040
MMP19	F195L	0	1	Nov 10, 2024	3397044
MMP20	M15T	0	1	Dec 04, 2024	3397051
MST1	S702P	0	1	Sep 03, 2024	3399071
MST1	T709M	0	1	Oct 07, 2024	3399075
NIPA2	I226V	0	1	Oct 25, 2024	3405699
NKAP	S31G	0	1	Sep 03, 2024	3405795
NKAP	R122K	0	1	Aug 04, 2024	3405796
MUTYH	Q271K	0	1	Sep 15, 2025	3400119
MUTYH	T346A	0	1	Sep 09, 2025	3400120
MUTYH	L369M	0	1	Sep 09, 2025	3400127
MUTYH	P488S	0	1	Sep 09, 2025	3400128
MUTYH	R13G	0	1	Sep 16, 2025	3400140
MUTYH	E140D	1	2	Feb 06, 2026	3400141
MUTYH	E64D	0	1	Sep 09, 2025	3400144
MUTYH	Q19K	0	1	Sep 09, 2025	3400145
MUTYH	Q252R	1	1	Aug 15, 2025	3400146
MUTYH	M173I	0	1	Sep 15, 2025	3400147
MUTYH	S74T	0	1	Sep 09, 2025	3400156
MUTYH	L411V	0	1	Sep 09, 2025	3400158
MUTYH	E413V	0	1	Sep 09, 2025	3400160
MYO9A	I737V	0	1	Aug 27, 2024	3401698
NOTCH1	Q2123P	0	1	Oct 28, 2024	3406886
NOTCH1	L1392V	0	1	Oct 28, 2024	3406899
NOTCH1	P2128A	0	1	Nov 18, 2024	3406922
NOTCH1	K1170E	0	1	Dec 07, 2024	3406928
MYO18B	R2231Q	0	1	Nov 13, 2024	3401369
NCDN	V367I	0	1	Jul 16, 2024	3403323
NOTCH1	G1660E	0	1	Sep 27, 2024	3406839
NOTCH1	F1590L	0	1	Oct 22, 2024	3406854
NOTCH1	A1732P	0	1	Oct 24, 2024	3406869
NOTCH1	Q1733P	0	1	Oct 24, 2024	3406870
NLRP5	A873T	0	1	Sep 02, 2024	3406193
NLRP5	S6L	0	1	Oct 04, 2024	3406194
NLRP5	R411H	0	1	Aug 02, 2024	3406195
NPHS1	N159S	0	1	Aug 07, 2024	3407397
OSMR	T588S	0	1	Sep 03, 2024	3412613
APOA5	S197R	0	1	Oct 28, 2024	3414463
APOA5	S200T	0	1	Oct 28, 2024	3414484
APOA5	E189A	0	1	Oct 28, 2024	3414494
APOA5	F187V	0	1	Oct 28, 2024	3414500
NUP37	V58I	0	1	Dec 07, 2024	3408808
PALLD	I723V	0	1	Nov 10, 2024	3413656
NSD1	P651S	0	2	Apr 17, 2025	3407952
NSD1	E1248G	0	2	Jun 01, 2026	3407964
NSD1	V2640M	0	1	Oct 11, 2024	3407970
NSD1	P1523S	0	1	Oct 21, 2024	3407971
NSD1	R1322Q	0	1	Nov 21, 2024	3407972
ODAD1	G440R	0	1	Sep 11, 2024	3409752
ODAD2	R349S	0	1	Nov 09, 2024	3409777
PLD3	V324I	0	1	Sep 03, 2024	3420205
PML	R291Q	0	1	Aug 12, 2024	3421381
POT1	V4I	0	1	Aug 20, 2024	3423112
PURA	R245Q	1	1	Jun 26, 2024	3428460
PUS1	K110R	0	1	Nov 10, 2024	3428474
RINT1	S150N	0	1	Sep 08, 2024	3433618
PTPN14	N31S	0	1	Nov 13, 2024	3427784
PTPN14	M726V	0	1	Aug 06, 2024	3427797
RAD21	P616L	1	1	Nov 22, 2024	3429437
PRR12	P1465L	0	1	Aug 01, 2024	3425840
PRR12	A649V	0	1	Nov 08, 2024	3425841
PRR12	P408Q	0	1	Jul 22, 2024	3425843
PRR12	G220R	0	1	Aug 04, 2024	3425850
PRR12	T493P	0	1	Jul 14, 2024	3425852
RFC4	N308S	0	1	Aug 04, 2024	3432477
PRKAR1B	K48R	0	1	Nov 26, 2024	3425090
RIPK4	P307L	0	1	Dec 05, 2024	3433744
RNASEH1	E92Q	0	1	Sep 10, 2024	3433984
RNASEH1	D138E	0	1	Jul 27, 2024	3433985
SCN2B	N126K	0	1	Jul 06, 2024	3438210
SERPING1	T103I	0	1	Dec 05, 2024	3440083
SETD1A	T421S	0	1	Sep 03, 2024	3440133
SETD1A	P1408L	0	1	Dec 04, 2024	3440136
SETD1A	N811S	0	2	Nov 21, 2024	3440137
SETD1A	P1318L	0	1	Jul 02, 2024	3440141
SLC16A2	R302H	0	2	Aug 02, 2024	3442773
SLC38A8	G331R	0	1	Nov 14, 2024	3444352
SMARCA4	G495A	0	1	Jul 02, 2024	3445966
SMARCE1	Q355H	0	1	Nov 15, 2024	3446154
RTEL1	T1036A	0	1	Nov 22, 2024	3435956
RTEL1	P412L	0	1	Nov 23, 2024	3435957
RTEL1	L272V	0	1	Nov 25, 2024	3435972
RTEL1	P295L	0	1	Dec 04, 2024	3436021
RTEL1	E886G	0	1	Dec 06, 2024	3436028
ATAD3A	N445S	0	1	Dec 03, 2024	3441235
SOHLH1	P315L	0	1	Nov 08, 2024	3447140
SOS2	R736K	0	2	Oct 02, 2025	3447364
SOS2	P1288Q	0	1	Oct 22, 2024	3447366
SOS2	K765R	0	1	Oct 22, 2024	3447367
SOS2	I1252V	0	1	Oct 28, 2024	3447379
RSPO1	T15M	0	1	Oct 04, 2024	3435852
SLC26A3	N162S	0	1	Jun 25, 2024	3443574
TMEM43	N345K	0	1	Sep 25, 2024	3458418
TPM1	I154T	1	1	Oct 29, 2024	3460488
SRGAP3	M756V	0	1	Oct 08, 2024	3449338
THSD4	E120K	0	1	Aug 28, 2024	3456290
THSD4	T287A	0	1	Oct 07, 2024	3456291
STS	V261A	0	1	Aug 20, 2024	3450911
THBD	A123V	0	1	Aug 10, 2024	3456070
THBD	A531E	0	1	Jul 05, 2024	3456072
TNRC6B	I184V	0	1	Jul 10, 2024	3459563
TNRC6B	N1055S	0	2	Apr 09, 2025	3459564
STAG2	I112T	0	2	Apr 01, 2025	3450204
TBX19	R9Q	0	1	Nov 25, 2024	3453843
TFE3	A139V	0	1	Jul 26, 2024	3455673
TFE3	R566C	0	1	Oct 12, 2024	3455676
TRPM4	M784L	0	1	Sep 02, 2024	3462145
TRPM4	A739G	0	1	Nov 04, 2025	3462149
TRPM4	P547L	0	1	Nov 27, 2024	3462162
TTC12	R357Q	0	1	Aug 01, 2024	3463128
TTC7A	V626M	0	1	Oct 11, 2024	3463479
UBAP1L	A88V	0	1	Oct 04, 2024	3464991
TULP3	T299A	0	1	Jul 02, 2024	3464470
TULP3	T164A	0	1	Sep 02, 2024	3464476
UQCRC2	I221V	0	1	Oct 06, 2024	3466341
WEE2	R410Q	0	1	Jul 09, 2024	3469859
TTR	E109D	1	2	Nov 09, 2025	3464275
UVSSA	T332A	0	1	Sep 04, 2024	3467552
UVSSA	M219V	0	1	Nov 25, 2024	3467553
UVSSA	Q694R	0	1	Sep 11, 2024	3467565
AVP	V111M	0	1	Oct 19, 2024	3467739
WDR4	S359G	0	1	Oct 31, 2024	3469406
CBX2	T403S	0	1	Aug 20, 2024	3485704
BDP1	G1294R	0	1	Nov 28, 2024	3480347
BDP1	G1604E	0	1	Dec 05, 2024	3480349
BDP1	D2421G	0	1	Oct 07, 2024	3480361
C8B	R323Q	0	1	Nov 10, 2024	3483706
CAT	T434S	0	1	Aug 01, 2024	3485393
CAV3	S142N	0	1	Oct 22, 2024	3485524
CCNF	H207R	0	1	Jun 28, 2024	3487418
CCNF	P685S	0	1	Aug 27, 2024	3487419
BRAF	A145S	0	1	Oct 22, 2024	3481727
BRAF	M117T	0	1	Oct 22, 2024	3481730
BUB1	R650K	0	1	Oct 18, 2024	3483078
BUB1	F135L	0	1	Oct 18, 2024	3483079
BUB1	L122F	0	1	Dec 07, 2024	3483113
BUB1B	P301S	0	1	Jul 05, 2024	3483124
BUB1B	V106I	0	1	Aug 19, 2024	3483175
CCDC50	N215K	0	1	Nov 08, 2024	3486742
CEP126	G761R	0	1	Nov 08, 2024	3490480
BUB1	H528P	0	1	Aug 22, 2024	3483050
BUB1	P153S	0	1	Sep 22, 2024	3483061
CAMK2B	R631W	0	1	Oct 01, 2024	3484460
CAMTA1	A849T	0	1	Jul 16, 2024	3484601
CDK5RAP2	A772V	0	1	Oct 29, 2024	3489527
CDK5RAP2	K755N	0	1	Nov 25, 2024	3489545
CHST8	G62S	0	1	Aug 07, 2024	3492770
CHST8	R151Q	0	1	Nov 21, 2024	3492775
DCN	S310N	0	1	Jul 15, 2024	3500122
CEP85L	R347H	0	1	Oct 17, 2024	3490938
CEP85L	K276E	0	1	Aug 07, 2024	3490940
ADAMTSL1	F508Y	0	1	Sep 08, 2024	3492348
CMPK2	G25R	0	1	Sep 26, 2024	3494124
ADNP	M722I	0	1	Nov 11, 2024	3501474
CHD3	A1946T	0	1	Nov 26, 2024	3491941
CHD3	N1737S	0	1	Jul 26, 2024	3491950
CHD3	R887P	1	1	Dec 30, 2024	3491962
COL3A1	G897V	1	1	Jul 29, 2024	3495456
COL3A1	G894C	1	1	Oct 03, 2024	3495464
COL3A1	T1411A	0	1	Nov 25, 2024	3495470
COL3A1	G447C	1	1	Nov 22, 2024	3495471
CYP1B1	N439D	0	1	Jul 09, 2024	3499058
CFTR	L761F	0	1	Sep 27, 2024	3491671
CFTR	Q1463K	0	1	Nov 14, 2024	3491699
CREBBP	M1I	1	1	Aug 01, 2024	3496978
CRIM1	S156R	0	1	Jul 07, 2024	3497070
AFF2	R896K	0	1	Sep 26, 2024	3503856
DPP9	V589I	0	1	Sep 08, 2024	3505011
EP300	P748L	0	1	Sep 10, 2024	3508828
FKTN	V224I	0	1	Jun 28, 2024	3515584
AGGF1	I342V	0	1	Dec 06, 2024	3506669
DYRK1A	T566S	0	1	Aug 01, 2024	3506139
EPHB4	A944T	0	1	Sep 24, 2024	3509393
EPHB4	S502G	0	1	Dec 08, 2024	3509420
EPHB4	R362Q	0	1	Oct 12, 2024	3509422
F13A1	R547H	0	1	Dec 05, 2024	3511236
FCGR3A	D83N	0	1	Sep 26, 2024	3514344
GATA4	S61A	0	1	Oct 21, 2024	3519022
GATA4	G65A	0	1	Oct 21, 2024	3519025
GATA4	A59G	0	1	Oct 22, 2024	3519050
HDAC4	G902S	0	1	Aug 10, 2024	3524417
HDAC4	A77E	0	1	Nov 13, 2024	3524419
HDAC4	K162E	0	1	Aug 01, 2024	3524424
HDAC4	V783M	0	1	Dec 04, 2024	3524430
HEATR3	S246Y	0	1	Nov 08, 2024	3524612
ALKBH8	A269T	0	1	Nov 08, 2024	3526074
ALKBH8	K26R	0	1	Nov 09, 2024	3526085
GAS2L2	R506Q	0	1	Dec 10, 2024	3518885
GAS2L2	T523A	0	1	Jul 10, 2024	3518889
GATA2	S463P	0	1	Aug 21, 2024	3518987
GATA2	S462P	0	1	Aug 21, 2024	3518988
GATA2	S262I	0	1	Aug 21, 2024	3518989
INPP5K	V347I	0	1	Aug 27, 2024	3529233
GJA3	P254L	0	1	Sep 09, 2024	3520269
H1-4	A116V	0	1	Oct 16, 2024	3523583
H1-4	A123V	0	1	Sep 26, 2024	3523585
H1-4	S150T	0	1	Sep 03, 2024	3523587
HHAT	A491T	0	1	Dec 03, 2024	3525410
HYAL2	I171V	0	1	Aug 19, 2024	3527247
IL7	D46N	0	1	Nov 24, 2024	3528868
ITGB4	M798V	0	1	Oct 01, 2024	3530599
GP6	A228T	0	1	Sep 20, 2024	3521392
GTF2E2	K13R	0	1	Nov 10, 2024	3523196
IGSF3	M75V	0	1	Jun 28, 2024	3528383
IRF2BPL	V325A	0	1	Aug 01, 2024	3530010
IRF2BPL	T308A	0	2	Aug 26, 2024	3530011
IRF2BPL	P253S	0	1	Oct 07, 2024	3530016
ITGA2	I960V	0	1	Jun 26, 2024	3530335
KANK2	P370S	0	1	Jul 09, 2024	3531687
KANK2	K234R	0	1	Oct 02, 2024	3531695
KEAP1	P408S	0	1	Oct 20, 2024	3533255
L2HGDH	S23F	0	1	Sep 08, 2024	3536710
LAMA4	I1327R	0	1	Aug 10, 2024	3536938
LAMA4	S1279P	0	1	Oct 11, 2024	3536944
LAMA4	H1801R	0	1	Oct 22, 2024	3536953
LAMA4	S1786G	0	1	Oct 28, 2024	3536961
LAMA4	K1787R	0	1	Oct 28, 2024	3536965
LIPE	R644Q	0	1	Jul 16, 2024	3538454
LIPE	A1057P	0	1	Nov 10, 2024	3538458
LMF1	I142V	0	1	Jul 01, 2024	3538656
LRRK1	N407S	0	1	Jul 09, 2024	3540447
LRRK1	G595S	0	1	Jul 17, 2024	3540448
ANKRD11	T1913A	0	1	Oct 07, 2024	3543680
AMACR	N309S	0	1	Jul 08, 2024	3534555
KRT74	R379C	0	1	Oct 07, 2024	3536170
ANKRD11	E1369D	0	1	Oct 01, 2024	3543342
ANKRD11	A2013V	0	1	Nov 26, 2024	3543430
ANKRD11	S1549T	0	1	Jul 08, 2024	3543506
KRIT1	R485H	0	1	Oct 08, 2024	3535777
LBR	M578V	0	1	Nov 26, 2024	3537444
LPL	I399V	0	1	Sep 05, 2024	3539207
LUZP1	K582R	0	1	Sep 24, 2024	3541267
KLKB1	M589I	0	1	Nov 14, 2024	3535388
MAN2B2	R899Q	0	1	Aug 27, 2024	3542450
MAOB	Q475L	0	1	Jul 05, 2024	3542531
ALG1	M1V	1	1	Jan 23, 2024	3580756
SLC12A3	I360T	1	1	Dec 27, 2023	3580997
SLC12A3	T375N	1	2	Jan 14, 2026	3580999
SLC12A3	Q445H	1	1	Jan 08, 2024	3581009
SLC12A3	L525F	1	2	Jul 13, 2026	3581018
SLC12A3	P560H	1	1	Jun 19, 2024	3581021
SLC12A3	R852L	1	2	Mar 23, 2024	3572996
NDUFV1	M1I	1	1	Jan 18, 2024	3600151
FMO3	R387G	1	1	Jan 19, 2024	3574020
FMO3	R387C	1	1	May 25, 2024	3574022
ITGA3	R524C	0	1	Mar 25, 2024	3582259
SLC7A9	M1V	1	2	May 29, 2026	3583629
NPHS1	M1I	1	1	Jan 02, 2024	3583759
BCKDHA	A285S	1	1	Apr 20, 2024	3583913
ERCC2	C663R	1	1	Feb 08, 2024	3583939
NCF2	Q285H	1	2	Apr 29, 2026	3574675
NKX2-1	R191L	1	2	Aug 15, 2024	3576568
COL3A1	G1041A	1	2	Feb 07, 2025	3585122
CYP1B1	M132R	1	1	Jan 29, 2024	3586582
CYP1B1	R117P	1	3	Nov 19, 2025	3586583
PUS1	M1L	1	1	Jun 17, 2024	3574397
CLN5	F122S	1	1	Apr 04, 2024	3576342
SLC12A3	N949K	1	1	May 28, 2024	3581072
SLC12A3	R958G	1	2	Jan 05, 2026	3581074
PMM2	F31L	1	2	Feb 25, 2025	3581380
PMM2	P131L	1	1	Jan 05, 2024	3581387
ANKRD11	K2602N	1	1	Jan 30, 2024	3581411
ITGB4	R252C	1	2	Jun 05, 2024	3582853
ITGB4	D1175N	0	1	Mar 12, 2024	3582973
GALNT3	D277E	1	1	Apr 16, 2024	3584564
PTH1R	W298G	1	1	Apr 03, 2024	3589209
SLC26A4	N558H	1	1	Feb 09, 2024	3594212
SLC26A3	D652N	1	1	Jun 13, 2024	3594222
SLC26A3	S438P	1	1	Jan 10, 2024	3594226
SLC26A3	A347T	1	2	Aug 21, 2025	3594229
SLC26A3	E293K	1	1	Feb 13, 2024	3594231
FKTN	M1L	1	1	Mar 08, 2024	3596206
COL4A5	M1R	1	1	Feb 08, 2024	3597846
COL4A5	G189V	1	1	Jan 04, 2024	3597864
COL4A5	G195C	1	1	Mar 06, 2024	3597866
COL4A5	G264S	1	1	May 06, 2024	3597869
COL4A5	G331S	1	1	May 20, 2024	3597874
COL4A5	G337D	1	1	May 23, 2024	3597876
COL4A5	G362W	1	1	Apr 19, 2024	3597880
COL4A5	G368R	1	1	Jun 03, 2024	3597882
COL4A5	G380S	1	2	Jul 28, 2025	3597884
COL4A5	G383V	1	1	Apr 18, 2024	3597886
COL4A5	G386R	1	2	Mar 19, 2025	3597887
COL4A5	G400V	1	1	May 25, 2024	3597889
COL4A5	G423R	1	1	May 13, 2024	3597890
COL4A5	G457C	1	1	Jun 15, 2024	3597894
COL4A5	G561V	1	2	Apr 02, 2024	3597901
COL4A5	G573R	1	1	Apr 09, 2024	3597902
COL4A5	G609S	1	1	Apr 19, 2024	3597907
COL4A5	G612S	1	1	Apr 16, 2024	3597908
COL4A5	G618R	1	1	Jan 03, 2024	3597909
COL4A5	G740R	1	1	Feb 27, 2024	3597918
COL4A5	G746R	1	1	Jan 07, 2024	3597920
COL4A5	G757R	1	1	Jan 12, 2024	3597923
COL4A5	G775S	1	2	Oct 03, 2025	3597924
COL4A5	G784D	1	1	Jun 03, 2024	3597925
COL4A5	G825E	1	2	Oct 20, 2025	3597930
COL4A5	G869A	1	1	May 03, 2024	3597935
COL4A5	G878A	1	2	Oct 08, 2025	3597937
COL4A5	G884R	1	1	Feb 12, 2024	3597939
COL4A5	G944E	1	1	Feb 10, 2024	3597941
COL4A5	G1021R	1	1	May 29, 2024	3597947
COL4A5	G1024R	1	1	May 29, 2024	3597948
COL4A5	G1134C	1	1	May 11, 2024	3597957
COL4A5	G1164S	1	2	Jun 21, 2024	3597961
COL4A5	G1333A	1	1	Apr 23, 2024	3597972
COL4A5	G1351V	1	1	Mar 08, 2024	3597973
COL4A5	G1354R	1	2	Sep 10, 2025	3597974
COL4A5	G1366E	1	1	Feb 20, 2024	3597975
COL4A5	G1391R	1	1	Dec 29, 2023	3597976
COL4A5	G1397V	1	1	Feb 13, 2024	3597978
COL4A5	G1436R	1	1	Apr 20, 2024	3597983
COL4A5	G1439S	1	1	Jan 03, 2024	3597984
COL4A5	G1448S	1	1	Dec 28, 2023	3597986
COL4A5	G1457C	1	1	Jan 10, 2024	3597988
AVP	P26L	1	1	Mar 13, 2024	3587176
AGTR1	S115T	0	1	May 17, 2024	3588657
SEPSECS	N65S	1	2	Nov 26, 2025	3590478
NSD1	R1473Q	0	1	Jun 03, 2024	3592039
NSD1	R2537S	0	2	Dec 13, 2025	3592078
BCKDHB	A91V	1	1	Feb 14, 2024	3594154
BCKDHB	K222R	1	1	Jan 07, 2024	3594158
SLC6A19	P579L	1	1	May 04, 2024	3591672
NSD1	R440Q	0	1	Jun 20, 2024	3591974
NSD1	R926Q	0	1	Jan 20, 2024	3592015
ADAMTSL2	G267S	1	1	Jun 04, 2024	3596752
MAPK1	N82D	1	1	Apr 05, 2024	3587857
ENPP1	M1R	1	1	May 23, 2024	3593042
ENPP1	Y570C	1	1	Feb 29, 2024	3593080
ENPP1	N792S	1	2	Sep 14, 2024	3593097
ENPP1	E866K	1	2	Nov 21, 2024	3593105
ASL	M250K	1	1	Jan 06, 2024	3594754
ASS1	P285Q	1	1	Apr 19, 2024	3596480
ASS1	V306G	1	1	Apr 09, 2024	3596481
SURF1	G77R	1	2	Jan 26, 2026	3596602
SURF1	M1R	1	1	Jun 17, 2024	3596605
CLCN5	G532D	1	1	Jan 22, 2024	3598389
CLCN5	E597A	1	1	Apr 02, 2024	3598395
CLCN5	D797V	0	1	Jun 13, 2024	3598400
TGM6	A640V	0	2	Nov 19, 2025	3571515
SCN1A	Q381H	1	1	Sep 26, 2024	3571535
SCN1A	F1431C	1	1	Jul 29, 2024	3571540
SCN1A	V1336F	1	1	Jun 24, 2024	3571544
SCN1A	I1214R	1	1	Mar 27, 2024	3571608
CYP21A2	R342P	1	1	Apr 08, 2024	3572102
GRIN2A	I755N	1	1	Jul 08, 2024	3572542
SCN1A	Y1694H	1	1	Dec 04, 2024	3572879
COL4A5	G1092E	1	1	Apr 25, 2025	3572889
DNM1	T65N	1	1	Dec 26, 2024	3572927
ATAD3A	L93P	1	1	Jan 12, 2025	3572945
SCN1A	Q1914P	1	1	Oct 25, 2024	3572984
COL4A5	G313R	1	2	Jul 31, 2025	3572993
CNOT3	E147K	1	1	Aug 13, 2023	3600324
EYA1	L486R	1	1	Jan 09, 2025	3601098
EYA1	L587F	1	1	Jan 09, 2025	3601108
MSRB3	G98C	1	1	Jan 09, 2025	3601282
POU3F4	A116S	1	1	Jan 09, 2025	3601655
POU3F4	H147Q	1	1	Jan 09, 2025	3601662
POU3F4	F227S	1	1	Jan 09, 2025	3601669
POU3F4	R234G	1	1	Jan 09, 2025	3601672
POU3F4	R234W	1	1	Jan 09, 2025	3601673
POU3F4	R282W	1	1	Jan 09, 2025	3601678
POU3F4	L311Q	1	1	Jan 09, 2025	3601685
POU3F4	V321E	1	1	Jan 09, 2025	3601687
POU3F4	F326I	1	1	Jan 09, 2025	3601688
SLC26A4	G368R	1	1	Jan 09, 2025	3601716
SLC26A4	G381R	1	1	Jan 09, 2025	3601729
SLC26A4	A403S	1	1	Jan 09, 2025	3601730
SLC26A4	A403V	1	1	Jan 09, 2025	3601731
SLC26A4	T410P	1	1	Jan 09, 2025	3601732
SLC26A4	S427P	1	1	Jan 09, 2025	3601735
SLC26A4	L445F	1	1	Jan 09, 2025	3601737
SLC26A4	A451E	1	1	Jan 09, 2025	3601739
SLC26A4	P516A	1	1	Jan 09, 2025	3601743
SLC26A4	W518R	1	1	Jan 09, 2025	3601744
SLC26A4	K531Q	1	1	Jan 09, 2025	3601745
SLC26A4	Y536N	1	1	Jan 09, 2025	3601747
SLC26A4	R549G	1	1	Jan 09, 2025	3601748
SLC26A4	L660H	1	1	Jan 09, 2025	3601756
SLC26A4	C662R	1	1	Jan 09, 2025	3601757
SLC26A4	C706R	1	1	Jan 09, 2025	3601760
SLC26A4	D710Y	1	1	Jan 09, 2025	3601761
SLC26A4	D716V	1	1	Jan 09, 2025	3601762
SLC26A4	A109P	1	1	Jan 09, 2025	3601770
SLC26A4	G131A	1	1	Jan 09, 2025	3601773
SLC26A4	H135P	1	1	Jan 09, 2025	3601774
SLC26A4	Y27D	1	1	Jan 09, 2025	3601784
SLC26A4	D271Y	1	1	Jan 09, 2025	3601786
SLC26A4	C282R	1	1	Jan 09, 2025	3601787
SLC26A4	E29K	1	2	Apr 08, 2025	3601788
SLC26A4	V328D	1	1	Jan 09, 2025	3601794
SMARCA4	Y732D	1	1	Jan 30, 2025	3601964
NSD1	R2005P	1	1	Dec 18, 2024	3601979
SOD1	G148A	1	2	Dec 28, 2025	3602194
GABRA2	R94Q	1	1	Jan 27, 2026	3602196
PURA	A192V	1	1	Apr 08, 2025	3602286
NSD1	N2020H	1	1	Jan 09, 2024	3602586
KDM5C	R1252C	1	1	Apr 21, 2026	3602927
COL11A1	E275K	0	1	Jan 27, 2025	3603576
COL11A1	V1248A	0	1	Jan 19, 2026	3610253
COL4A5	G1098V	1	1	Feb 09, 2024	3613730
SOS2	M724V	0	1	Jan 27, 2025	3615153
COL11A1	T412I	0	1	May 18, 2024	3615210
COL11A1	S283R	0	1	Nov 16, 2024	3604809
EP300	T1913P	0	1	Oct 30, 2024	3606700
TBX1	D18E	0	1	Aug 02, 2024	3608141
LRRK1	R1774Q	0	1	Feb 12, 2024	3608451
CSF1R	R748Q	0	1	Feb 15, 2024	3610213
PEPD	R27W	1	1	Aug 05, 2024	3611581
GRIN2A	N940T	0	1	May 05, 2024	3613282
EPHB4	G68S	0	1	Jan 10, 2026	3604437
NSD1	T2337P	0	1	Feb 02, 2024	3606157
RAI1	K148Q	0	1	May 30, 2025	3607703
COL11A1	K249N	0	1	Feb 24, 2024	3609595
EP300	K1001N	0	1	Feb 03, 2025	3611477
SEC63	R55K	0	1	Apr 20, 2024	3613051
COL11A1	R1062C	0	1	Oct 30, 2024	3617680
NOTCH1	R955L	0	1	Jan 27, 2025	3607471
CACNA1D	I1137V	0	1	May 04, 2024	3615477
COL11A1	M1597V	0	1	Feb 09, 2025	3615547
ANKRD11	S73L	0	1	Jul 02, 2025	3616838
NSD1	W2663R	0	1	Apr 06, 2023	3618599
CSF1R	E705K	0	1	Jan 06, 2025	3618717
GP6	G336E	0	1	Feb 23, 2024	3620532
KDM5C	A1197V	0	1	Dec 16, 2025	3622014
CAMK2B	Q651K	0	1	May 24, 2024	3627270
RAI1	E1261Q	0	1	Jan 19, 2026	3627404
PRKN	D394G	0	1	Apr 07, 2024	3628853
GRIN2A	A33T	0	1	Dec 24, 2024	3618282
NOTCH1	A83T	0	1	Oct 16, 2024	3619809
TTR	A140V	1	1	Sep 08, 2024	3621650
SLC12A3	P331H	1	1	Sep 05, 2024	3621861
STAG1	N141S	0	1	Mar 17, 2025	3625059
NKX2-1	L259Q	0	1	Sep 28, 2024	3625062
RAI1	G963E	0	1	Jan 14, 2025	3625097
SCN1A	V1196M	0	1	Oct 14, 2024	3625116
HNRNPU	K215T	0	1	Apr 15, 2024	3625129
EP300	P551A	0	1	Jul 06, 2025	3626907
NOTCH1	P820H	0	1	Jun 25, 2024	3617842
NSD1	R788L	0	1	Nov 12, 2024	3619552
IQSEC2	P275S	0	1	Sep 03, 2024	3621368
TYROBP	P6S	0	1	Sep 09, 2025	3624662
CREBBP	S27N	0	1	Sep 03, 2025	3624883
CREBBP	S977L	0	1	Apr 09, 2025	3628140
EP300	R580Q	1	1	Jan 24, 2025	3619170
NOTCH1	E483K	0	1	Aug 10, 2024	3620984
COL3A1	G795C	1	1	Jul 13, 2024	3625950
COL4A5	V918I	0	1	Sep 16, 2024	3627600
NSD1	S1241G	0	1	Aug 29, 2024	3627620
SLC12A3	N359S	1	1	Feb 21, 2024	3627689
TRAPPC11	S985Y	0	1	Jan 14, 2026	3629305
EP300	G226C	0	1	Apr 24, 2024	3629428
SCN1A	N1485S	1	1	Jun 15, 2024	3629455
ASL	R126L	1	1	Nov 08, 2024	3629754
STAG1	H478L	1	1	Nov 21, 2024	3629946
COL4A5	G319S	1	1	Dec 03, 2024	3636312
COL4A5	G397R	1	1	Apr 22, 2024	3636313
COL4A5	G423V	1	1	Apr 09, 2024	3636314
COL4A5	G463D	1	1	Dec 04, 2024	3636315
COL4A5	G548C	1	1	Sep 12, 2024	3636317
COL4A5	G570E	1	1	Jul 08, 2024	3636318
COL4A5	G585E	1	1	Feb 22, 2024	3636320
COL4A5	G840V	1	1	Jun 23, 2024	3636325
COL4A5	G899C	1	1	Aug 07, 2024	3636326
COL4A5	G1063A	1	1	Apr 03, 2024	3636328
COL4A5	G1179A	1	1	May 14, 2025	3636330
COL4A5	G1454V	1	1	May 23, 2024	3636332
ABCD1	G298C	1	1	Aug 07, 2024	3636349
ABCD1	R418G	1	1	Jan 20, 2025	3636352
ABCD1	Q611E	1	1	Jul 04, 2024	3636355
DYRK1A	D439N	0	1	Jun 03, 2024	3637823
CREB3L3	T415M	0	1	Feb 14, 2025	3630551
PCDH19	E414G	1	2	Feb 23, 2025	3630763
CREBBP	G2238R	0	1	Nov 05, 2024	3632502
SCN1A	N1845K	1	1	Nov 03, 2024	3633998
SCN1A	S1768I	1	1	Sep 30, 2024	3634002
SCN1A	D1755H	1	1	Aug 24, 2024	3634003
SCN1A	T1722I	1	1	Jan 27, 2025	3634004
SCN1A	T1658A	1	1	Dec 17, 2024	3634005
SCN1A	Q1489E	1	1	Mar 06, 2024	3634011
SCN1A	F1486L	1	1	Jun 29, 2024	3634012
SCN1A	I1482N	1	1	Oct 10, 2025	3634013
SCN1A	N1417H	1	1	Feb 23, 2024	3634015
SCN1A	A1339T	1	1	Jun 22, 2024	3634020
SCN1A	Y1279H	1	1	Jun 12, 2024	3634023
SCN1A	F987L	1	1	May 17, 2024	3634035
SCN1A	R946L	1	1	Nov 05, 2024	3634038
SCN1A	V944M	1	1	Feb 26, 2025	3634039
SCN1A	R859L	1	1	Dec 08, 2024	3634045
SCN1A	Y426H	1	1	Jan 19, 2025	3634055
SCN1A	N386K	1	1	Apr 18, 2024	3634057
SCN1A	W384G	1	1	Dec 19, 2025	3634058
SCN1A	C345S	1	1	Feb 23, 2024	3634061
SCN1A	T160S	1	1	Feb 17, 2024	3634066
SCN1A	D79A	1	1	Apr 29, 2024	3634069
SCN1A	P76L	1	1	Oct 24, 2024	3634070
COL3A1	G228R	1	1	Oct 30, 2024	3634083
COL3A1	G240R	1	1	Jan 11, 2025	3634084
COL3A1	G381V	1	2	Jul 14, 2025	3634086
COL3A1	G387V	1	1	Feb 26, 2025	3634087
COL3A1	G426V	1	1	Oct 07, 2024	3634089
COL3A1	G447D	1	1	Apr 10, 2024	3634090
COL3A1	G513S	1	1	Jul 22, 2024	3634093
COL3A1	G609V	1	1	Jan 29, 2025	3634096
COL3A1	G747V	1	1	May 18, 2024	3634097
COL3A1	G843V	1	1	Aug 04, 2024	3634099
COL3A1	G849A	1	1	Sep 03, 2024	3634100
COL3A1	G861S	1	1	Feb 04, 2024	3634101
COL3A1	G1053A	1	1	Dec 03, 2024	3634103
SOS2	Q68E	0	1	May 06, 2024	3636094
SLC16A2	A176V	0	1	Mar 07, 2024	3637683
SOD1	E122K	1	1	Dec 09, 2024	3637818
NSD1	N357S	0	1	Feb 17, 2025	3630079
NOTCH1	V2421M	0	1	Sep 29, 2025	3630255
EP300	A27V	0	1	Jul 11, 2024	3630372
COL3A1	G876R	1	1	Oct 21, 2024	3630427
EP300	D2401G	0	1	Oct 24, 2024	3631959
COL11A1	E341K	0	1	Apr 02, 2024	3633578
COL11A1	D191H	0	1	Jan 23, 2025	3633585
COL11A1	I127V	0	1	Feb 02, 2024	3633586
GJA8	P59R	1	1	Apr 22, 2024	3633609
RIT1	D87A	1	1	May 26, 2024	3633617
NSD1	K1121N	0	1	Aug 19, 2024	3635577
ANKRD11	D74G	0	1	Jun 19, 2024	3637152
GRIN2A	R1414S	0	1	Jul 02, 2024	3637272
NSD1	C1596Y	1	1	Feb 04, 2024	3638746
MEF2C	V85L	0	1	Apr 05, 2024	3640469
DYRK1A	H610Q	0	1	Dec 09, 2024	3631364
NSD1	N194S	0	1	Nov 04, 2024	3631418
NSD1	K2003E	1	1	Jan 11, 2024	3631773
IQSEC2	A209S	0	1	Sep 14, 2025	3634910
ASL	D152Y	1	1	Mar 16, 2024	3636722
SLC26A4	G424V	1	1	Mar 26, 2024	3636763
SMARCA4	Y732F	1	1	Feb 17, 2024	3636864
BBS9	V30D	1	1	Jun 05, 2024	3646242
COL11A1	K1751N	0	1	Apr 10, 2024	3649383
GABRA2	M361V	0	1	Jul 12, 2024	3651477
NSD1	R1012H	0	1	Jun 12, 2025	3652921
MEF2C	P243Q	0	1	Jul 01, 2024	3654775
CNOT3	Q40R	1	1	Jun 13, 2024	3656548
IL10RA	M1I	1	1	Jan 15, 2025	3656591
PURA	E305G	0	1	Jun 03, 2024	3645577
RAI1	L1391P	0	1	Nov 04, 2024	3645753
RAI1	P1518H	0	1	Oct 24, 2024	3647295
TTR	T80N	1	1	Apr 08, 2024	3649160
ASS1	V263E	1	1	May 07, 2024	3649201
CD3G	M1K	1	1	May 08, 2024	3652400
ENPP1	C177R	1	1	Jul 24, 2024	3654422
COL4A5	G261R	1	1	Mar 10, 2024	3645306
GABRA2	P404A	0	1	Feb 10, 2025	3646960
HNRNPU	D83G	0	1	Dec 02, 2024	3648655
GRIN2A	N614K	1	1	Apr 05, 2024	3648870
SLC26A4	A372T	1	1	Feb 22, 2024	3655441
EP300	G137A	0	1	Nov 15, 2024	3655645
LAMA4	P269Q	0	1	May 01, 2024	3651796
PURA	C272S	0	1	Oct 24, 2024	3651929
KDF1	F251L	1	1	May 29, 2024	3655049
DCX	L43W	1	1	Jul 08, 2024	3655199
NSD1	L2461V	0	1	May 21, 2023	3657060
EP300	I1264L	0	1	Jul 31, 2024	3661045
ADAMTS9	A1170V	0	1	Feb 06, 2025	3664678
EYA1	R12P	0	1	Jan 24, 2025	3666382
NSD1	M800I	0	1	Mar 22, 2024	3668096
NSD1	M713R	0	1	Jun 14, 2025	3669762
SLC36A2	A348V	0	1	Sep 15, 2025	3669857
LIG4	Q280P	1	1	Jun 22, 2024	3657447
COL3A1	G537V	1	1	Jul 05, 2024	3658822
NOTCH1	Q307E	0	1	Oct 31, 2024	3660661
ADNP	T440S	0	1	Sep 23, 2024	3660850
MBD5	V34E	1	1	Sep 13, 2024	3662228
KMT2E	S253T	0	1	Feb 03, 2025	3664140
NSD1	Q2598R	0	1	Nov 12, 2022	3665746
NOTCH1	K1537E	0	1	Sep 09, 2024	3665774
GRIN2A	A60T	0	1	Dec 03, 2024	3665919
SLC26A4	Y127H	1	1	May 21, 2024	3669304
KDM5C	R778Q	0	1	Dec 02, 2024	3669449
EP300	A2377T	0	1	May 06, 2024	3658639
EP300	L18V	0	1	Jan 07, 2025	3661913
CYFIP2	E1038K	0	1	Nov 18, 2024	3661944
EXT1	M1T	1	1	Aug 27, 2024	3663602
EP300	D2398N	0	1	Apr 09, 2025	3665393
NSD1	V203I	0	1	Jan 30, 2024	3666931
COL3A1	G612A	1	2	Jan 20, 2026	3666960
ANKRD11	P1894T	0	1	Feb 10, 2025	3667250
NOTCH1	T491I	0	1	Jan 08, 2025	3668680
NSD1	G1497V	0	2	Apr 17, 2025	3668933
EP300	R2142K	0	1	Oct 16, 2024	3669049
KMT2E	G115S	0	1	Mar 31, 2025	3670402
NOTCH1	N280K	0	1	Mar 04, 2024	3670542
NSD1	K1040T	0	1	Jul 19, 2023	3670621
RAI1	A162V	0	1	Sep 05, 2024	3657939
EXT1	R346K	1	2	Jun 23, 2025	3659932
NSD1	C1611Y	1	1	May 22, 2024	3661561
HNRNPU	G114E	0	1	Sep 16, 2024	3663164
NSD1	D984N	0	1	Sep 04, 2024	3663200
PMM2	F183L	1	1	Sep 19, 2024	3664783
EYA1	L13Q	0	1	Jan 29, 2025	3664811
TTR	I88M	1	1	Jan 27, 2025	3664844
HNRNPU	V405M	0	1	Dec 02, 2024	3664862
NSD1	E720D	0	1	Sep 22, 2023	3666829
NSD1	P2590S	0	1	Jul 12, 2023	3670011
NSD1	S224L	0	2	Feb 16, 2025	3670127
CREB3L3	A325T	0	1	Jan 30, 2025	3670232
NSD1	A976T	0	1	Jun 22, 2025	3672985
KLF11	P350S	0	1	Oct 29, 2024	3673177
COL11A1	E293D	0	1	Jul 13, 2024	3672663
CSF1R	R549H	0	1	Sep 10, 2025	3672160
KMT2E	L1590F	0	1	Oct 14, 2024	3673563
PURA	G45S	0	1	Sep 16, 2024	3675182
NSD1	R941H	0	1	Aug 11, 2025	3676688
COL11A1	D357N	0	1	Mar 02, 2024	3676706
SCN1A	G891E	1	1	Dec 16, 2024	3677023
CREBBP	A860V	0	1	May 22, 2024	3682033
ALDH7A1	A199T	1	1	May 03, 2024	3682058
COL11A1	D191E	0	1	Feb 22, 2024	3685053
COL11A1	P1440R	0	1	May 22, 2024	3676442
COL11A1	D1316Y	0	1	May 21, 2024	3676550
NSD1	L2461P	0	1	Jun 12, 2025	3681455
SCN1A	R28L	1	1	Jun 04, 2024	3681577
EP300	T1890I	0	1	Dec 18, 2024	3681825
CAMK2B	G460V	0	1	Aug 21, 2024	3676140
COL11A1	A247V	0	1	Oct 02, 2025	3677788
EPHB4	R729W	0	1	Feb 24, 2025	3684460
EP300	R202Q	0	1	Jul 16, 2024	3684494
COL11A1	P333A	0	1	Jul 17, 2024	3684562
RAI1	D248E	0	1	Jul 22, 2024	3684713
NSD1	R1171L	0	1	Jul 23, 2024	3684826
KCNC1	K457R	0	1	Sep 15, 2024	3685889
NOTCH1	K2160E	0	1	May 11, 2024	3686132
IQSEC2	V194A	0	1	Jul 15, 2024	3673741
COL11A1	L1439F	0	1	Feb 28, 2025	3675365
ADNP	L402V	0	1	Jan 23, 2025	3675555
COL4A5	G328S	1	2	Oct 03, 2025	3677203
COL4A5	G784R	1	1	Jan 21, 2025	3677204
SOX2	P89Q	0	1	Sep 16, 2024	3677332
COL3A1	G870A	1	1	Sep 12, 2024	3677451
COL11A1	A596T	0	1	Aug 03, 2025	3679193
KMT2E	L326W	0	1	Sep 16, 2024	3680593
CREBBP	T1593S	0	1	Apr 08, 2024	3680901
NSD1	S478P	0	1	Jun 18, 2024	3682283
KMT2E	E611D	0	1	Oct 24, 2024	3682587
GRIN2A	R856W	0	1	Nov 09, 2024	3682589
ANKRD11	V51L	0	1	Oct 24, 2024	3684010
PAX9	M1L	1	1	Oct 30, 2024	3688458
NSD1	T694I	0	1	Aug 29, 2025	3690133
NSD1	S2308C	0	1	Oct 17, 2024	3690212
DPF2	E239K	0	1	Sep 09, 2024	3690331
KMT2E	T922I	0	1	Sep 24, 2024	3690413
NSD1	A1527T	0	1	Aug 08, 2023	3693775
NSD1	T694S	0	1	Sep 22, 2023	3693816
NSD1	R2346W	0	1	Jul 11, 2024	3695223
NSD1	G2628R	0	1	Dec 03, 2024	3697329
STAG1	P1136A	0	1	Oct 15, 2025	3700635
NSD1	N2682K	0	1	Mar 03, 2024	3688254
NCKAP1L	T198R	0	1	Jan 11, 2025	3689779
GRIN2A	V69L	0	1	Aug 08, 2024	3689916
CYFIP2	I1212T	0	1	May 21, 2024	3691482
COL11A1	I1775T	0	1	Nov 13, 2024	3693124
COL3A1	G255W	1	1	Nov 14, 2024	3693355
ANKRD11	D1227N	0	2	Jul 15, 2025	3694988
DLX3	N72S	0	1	Jan 01, 2025	3695090
CREBBP	L151V	0	1	Sep 10, 2024	3695178
NSD1	I538V	0	1	Sep 03, 2024	3696686
DPF2	R137Q	0	1	May 06, 2024	3698369
COL11A1	P702H	0	1	Aug 29, 2024	3698396
CYFIP2	R725H	0	1	Mar 17, 2025	3700099
CREBBP	C176S	0	1	Jan 08, 2025	3701364
NFKBIA	V203M	0	1	Jan 12, 2026	3690976
LPL	S286R	1	1	Feb 19, 2024	3691103
CREBBP	P1277S	0	1	Nov 11, 2024	3691146
CNOT3	A531T	0	1	May 23, 2024	3697887
KDM5C	K255R	0	1	Jul 01, 2024	3698047
CNOT3	N276T	0	2	Jan 19, 2025	3698090
COL11A1	S1551T	0	1	Jan 20, 2025	3699641
COL3A1	G678C	1	1	Mar 30, 2025	3687044
COL3A1	G204C	1	1	Jun 11, 2024	3688779
GRIN2A	A638T	1	1	Dec 09, 2024	3692399
BMP1	M1L	1	1	Dec 26, 2024	3692495
GABRA2	I197V	0	1	Jan 20, 2025	3692533
KMT2E	L168S	0	1	Oct 24, 2024	3693944
NSD1	A2268T	0	1	Aug 24, 2024	3694292
NSD1	K2495R	0	1	Dec 05, 2024	3695676
COL11A1	F1797S	0	1	Apr 17, 2025	3696042
KMT2E	K1371R	0	1	Oct 15, 2024	3697667
COL11A1	M438V	0	1	Jan 03, 2025	3702006
COL11A1	P1299R	0	1	Sep 21, 2025	3701676
COL6A2	Q60R	0	1	Aug 29, 2024	3701203
NOTCH1	G317R	0	1	May 31, 2024	3702465
NSD1	K1180R	0	1	Nov 19, 2024	3702927
NSD1	T1098A	0	1	Sep 14, 2025	3703328
SOS2	I930M	0	1	Oct 30, 2024	3704797
NOTCH1	N956S	0	1	Nov 19, 2025	3704825
GRIN2A	R1241W	0	1	Sep 02, 2024	3704906
NOTCH1	A882V	0	1	Jul 05, 2024	3706386
NSD1	C792W	0	1	Oct 07, 2023	3706456
NSD1	D212H	0	2	Jun 12, 2025	3708409
TGM6	V99I	0	2	Oct 24, 2025	3710193
SLC6A19	T185M	0	1	Dec 24, 2024	3711811
PMPCB	I311V	0	1	Apr 17, 2024	3711850
EP300	Q2274K	0	1	Aug 31, 2024	3713651
NOTCH1	P743A	0	1	May 02, 2024	3714829
EP300	H2348R	0	1	Nov 27, 2024	3714994
NSD1	T747K	0	2	Aug 11, 2025	3704281
MEF2C	N16K	1	1	Aug 18, 2024	3704386
KMT2E	S1340Y	0	1	Sep 18, 2024	3704554
TMEM132E	T1055R	0	1	Sep 28, 2024	3706103
SOS2	I1071V	0	1	Feb 05, 2025	3706116
NOTCH1	K631T	0	1	Apr 27, 2024	3706258
SCN1A	R862P	1	1	Apr 09, 2024	3706341
SCN1A	T146R	1	1	Jan 11, 2025	3706342
CREBBP	R971G	0	1	Sep 27, 2024	3709410
EP300	S2396G	0	2	Jan 01, 2025	3709488
STS	Y252F	0	1	Mar 15, 2024	3709572
GP6	G302D	0	2	Jun 03, 2026	3711236
NOTCH1	K267R	0	1	Apr 24, 2025	3711262
NOTCH1	E1270K	0	1	Sep 13, 2024	3711287
NSD1	N693S	0	1	Jun 22, 2025	3712985
HNRNPU	L74F	0	1	Nov 11, 2024	3713073
NSD1	Q2430H	0	2	Nov 03, 2025	3714579
NSD1	L1137M	0	1	Aug 23, 2023	3704028
RAI1	N29Y	0	1	Jan 28, 2026	3704134
NSD1	P2512S	0	1	Dec 07, 2024	3705513
EP300	V1271I	0	1	Mar 19, 2024	3705515
CREBBP	M2053V	0	1	Jan 01, 2025	3705669
NSD1	P231S	0	1	Oct 23, 2023	3705689
NSD1	T4S	0	1	Apr 16, 2024	3707368
NOTCH1	D809E	0	1	May 10, 2024	3707375
CREBBP	M2013I	0	1	Apr 17, 2024	3709141
ASS1	I297T	1	1	Oct 07, 2024	3709168
NSD1	V2442M	0	1	Mar 31, 2025	3710960
EP300	P1875S	0	1	Nov 16, 2024	3712484
KMT2E	Y877D	0	1	Dec 19, 2025	3712568
NSD1	R1311H	0	1	Jan 19, 2025	3712789
NOTCH1	L819P	0	1	Sep 15, 2024	3713819
COL11A1	M1696I	0	1	Feb 20, 2024	3713879
NSD1	N1416S	0	2	Sep 28, 2025	3715462
NSD1	T122A	0	1	Jan 24, 2023	3715534
COL4A5	N616D	0	1	Oct 14, 2024	3715639
COL6A2	D1003G	0	1	May 25, 2024	3703382
CEBPE	R12W	0	1	Nov 23, 2025	3705138
SOS2	V1102I	0	1	Nov 04, 2024	3705317
KDM5C	E1478G	0	1	Aug 14, 2024	3705372
RAI1	S1459C	0	1	Sep 02, 2025	3706809
FGFR2	K65E	0	1	Feb 24, 2024	3706969
RAI1	D777E	0	1	Jun 05, 2024	3708706
CREBBP	T950M	0	1	Dec 24, 2024	3708777
EP300	P846L	0	1	Apr 24, 2024	3708815
NSD1	R1023L	0	1	Dec 08, 2024	3710261
NSD1	K1467N	0	1	Mar 17, 2024	3710375
STAG1	Y896C	0	1	Oct 22, 2024	3710690
ANKRD11	A341G	0	1	Jun 17, 2024	3715038
NSD1	N841S	0	1	Mar 19, 2025	3715379
NSD1	V1651A	0	1	Nov 15, 2024	3716921
SOS2	Y346H	0	1	Oct 30, 2024	3716428
KDM6A	E22G	0	1	Oct 27, 2024	3716683
SOX2	D158E	0	1	Jan 20, 2025	3718043
NSD1	K906R	0	1	May 14, 2024	3718068
EP300	R2226W	0	1	Jul 21, 2025	3720048
NSD1	A495S	0	1	Dec 11, 2023	3726833
COL3A1	G1122V	1	1	Nov 05, 2025	3728532
CHM	M289T	0	1	Mar 01, 2024	3716286
RAI1	R1005W	0	1	Apr 10, 2024	3719543
GRIN2A	R244H	0	1	Jul 28, 2025	3719699
NSD1	H1616Q	1	1	Oct 16, 2024	3719712
NSD1	C2146S	1	1	Jan 21, 2025	3719715
NSD1	R2152P	1	1	Nov 27, 2024	3719716
NSD1	C2175S	1	1	Jan 01, 2025	3719717
NKX2-1	I237F	1	1	Jan 28, 2025	3721485
TTR	F53C	1	2	Sep 04, 2025	3723125
ABCD1	L190P	1	1	May 05, 2024	3724613
ABCD1	A223D	1	1	Jan 18, 2025	3724614
ABCD1	T254P	1	1	Feb 01, 2026	3724615
ABCD1	E302D	1	1	Jan 01, 2025	3724620
ABCD1	C511R	1	1	Oct 13, 2024	3724627
ABCD1	Y547C	1	1	Aug 28, 2024	3724631
PSENEN	A41S	0	1	Nov 27, 2024	3726312
NSD1	I516L	0	1	Nov 04, 2024	3717361
NOTCH1	K1335R	0	1	Nov 11, 2024	3717471
KMT2E	S1193N	0	1	Feb 17, 2025	3719033
NSD1	R1045H	0	1	May 07, 2025	3720667
NSD1	Q1259H	0	2	Jul 22, 2024	3720668
NSD1	A1837P	1	1	Oct 18, 2023	3720670
NSD1	P1904R	1	1	Feb 16, 2023	3720671
NHLRC1	F33S	1	1	Aug 05, 2024	3720676
SLC26A4	S314L	1	1	May 23, 2025	3720765
HNRNPU	E46D	0	1	Mar 18, 2025	3720913
INPP5E	G476R	1	1	Sep 16, 2024	3720920
FGFR2	Y340S	1	1	Sep 01, 2024	3720968
KCNJ11	H46Y	1	1	Mar 18, 2024	3721001
SERPING1	S170P	1	1	Apr 02, 2024	3721029
NSD1	N729T	0	1	Sep 02, 2024	3721033
CBLIF	I220T	1	1	Jul 14, 2025	3721037
ADNP	E851D	0	1	Dec 02, 2024	3724365
NOTCH1	S2471L	0	1	Aug 01, 2024	3726163
NOTCH1	P2320L	0	1	May 22, 2024	3727694
CAMK2B	S79N	0	1	Jan 27, 2025	3727746
GRIN2A	V522M	1	1	Sep 25, 2025	3718737
RNASEH1	C148R	1	1	Sep 30, 2024	3720299
SCN1A	D1703Y	1	1	Sep 09, 2024	3720366
SCN1A	W1284S	1	1	May 08, 2024	3720369
SCN1A	N804K	1	1	Jul 25, 2024	3720372
COL3A1	G567E	1	1	Oct 01, 2024	3720386
ATP2C1	I580V	1	1	May 28, 2024	3720536
DYRK1A	N587S	0	1	Feb 24, 2025	3720580
AVP	G96C	1	1	May 02, 2024	3723687
AVP	G88R	1	1	Mar 31, 2025	3723689
AVP	C59Y	1	1	Jun 04, 2024	3723690
COL3A1	G336R	1	1	Nov 06, 2024	3725606
COL4A5	G681V	1	1	Jan 15, 2025	3729049
COL4A5	G1324E	1	1	Jul 12, 2024	3730354
NSD1	N201K	0	1	Mar 08, 2023	3730508
CREBBP	D1725E	1	1	Aug 14, 2024	3730890
NSD1	A1772P	1	1	Nov 30, 2022	3730896
STAT1	N179K	1	1	Jun 22, 2023	3731323
CARD14	G800S	0	1	Dec 12, 2024	3753046
CC2D2A	E376K	0	1	Feb 13, 2024	3752304
CC2D2A	L1550P	1	1	Dec 06, 2024	3754178
GATA1	T263M	1	1	Oct 22, 2024	3748558
STIM1	H109Y	1	1	Apr 10, 2024	3763455
THAP1	N12K	1	1	Aug 20, 2024	3764153
SLC26A4	S552I	1	1	Aug 24, 2024	3764154
SMARCB1	R190Q	1	1	Mar 05, 2026	3764163
DYRK1A	M1L	1	1	Aug 24, 2024	3764212
ABCD1	L313P	1	1	Jan 28, 2025	3764502
NFKBIA	S36A	1	1	Jan 01, 2024	3764637
EP300	R1627W	1	1	Jan 01, 2024	3764638
COL3A1	G279R	1	1	-	3764712
EP300	G1375V	1	1	Mar 04, 2025	3765498
CFTR	T1064P	1	1	Jul 20, 2020	3765543
KMT2E	R409W	1	1	Dec 06, 2024	3765807
NSD1	C2167R	1	1	Aug 29, 2024	3766054
ANKRD11	R2523W	1	2	Aug 25, 2024	3766064
HNRNPC	R99Q	1	1	Aug 28, 2024	3766075
NAA15	L353P	1	1	Aug 27, 2024	3766100
NAA15	Q25P	1	1	Feb 21, 2025	3766445
EXT1	S344F	1	1	-	3767120
CREBBP	C1790R	1	1	Feb 21, 2025	3767134
COX15	G70D	1	1	Feb 27, 2024	3767191
ELAC2	A648V	1	1	Feb 27, 2024	3767199
NDUFAF6	E179G	1	1	Feb 27, 2024	3767217
NDUFV1	V115E	1	1	Feb 27, 2024	3767221
PARS2	P293A	1	1	Feb 27, 2024	3767223
SCN1A	A1343V	1	1	Feb 27, 2024	3767232
GAN	Y347C	1	1	-	3767269
CHM	K292E	1	1	Feb 05, 2025	3767366
PPT1	D43N	1	1	Feb 07, 2025	3767384
SCN1A	A1783G	1	1	Sep 08, 2024	3767577
CREBBP	Y1733D	1	1	Dec 27, 2024	3768131
SLC26A4	P140H	1	1	Dec 03, 2024	3768304
SLC12A3	L215F	1	2	Feb 20, 2026	3768496
NSD1	G1973D	1	1	Feb 11, 2025	3768593
COL3A1	G789A	1	2	Oct 21, 2025	3768977
DPF2	E326K	1	1	Jan 09, 2025	3769178
GATA4	T226I	1	1	Sep 26, 2024	3769594
EP300	L1631R	1	1	Sep 27, 2024	3769596
STAG2	Y159H	1	1	Mar 16, 2026	3769851
DCX	P179R	1	2	Apr 08, 2025	3769854
CAMK2B	K299E	1	1	Sep 13, 2024	3769908
DLG3	S475L	0	1	Jan 31, 2025	3770147
GABRG2	I145N	1	1	Jan 08, 2025	3770197
SCN1A	P346Q	1	1	Jan 09, 2025	3770207
SCN1A	A786V	1	1	Jan 09, 2025	3770208
SCN1A	P1526T	1	1	Jan 09, 2025	3770210
ZMYM2	D977A	0	1	Jun 01, 2026	3770461
PRR12	P650S	0	1	Feb 01, 2025	3770672
SPRED2	V269L	0	1	Feb 01, 2026	3770697
OPN1MW	P298A	0	1	Feb 01, 2025	3770853
IQSEC2	M29R	0	1	Jan 01, 2025	3771106
PRR12	A998S	0	2	Aug 04, 2025	3771128
ANKRD11	D1192N	0	1	Jan 01, 2025	3771295
ANKRD11	D1916N	0	1	Feb 01, 2025	3771407
CAMTA1	A552T	0	1	Feb 01, 2025	3771682
IQSEC2	R986H	0	1	Jan 01, 2025	3772202
BCKDHB	S184F	1	1	Feb 01, 2025	3772597
SCN1A	P1323T	1	1	Mar 04, 2025	3773645
DNM1	L526P	1	1	Mar 04, 2025	3773646
KCNC1	D144N	1	1	Sep 18, 2024	3773830
SMARCA4	K785E	1	1	Sep 03, 2024	3773836
DNM1	D215Y	1	1	Oct 30, 2023	3773862
PRDM12	A152D	1	1	Mar 05, 2025	3773873
SCN1A	L986V	1	1	Dec 16, 2024	3774334
SCN1A	N338S	1	1	Dec 16, 2024	3774335
NMNAT1	I47N	1	1	Nov 29, 2024	3774486
COL11A1	G1216C	1	1	Mar 11, 2025	3774559
COL4A5	G1267D	1	1	Jan 29, 2024	3774587
COL4A5	G872V	1	1	Sep 27, 2023	3775232
TPM1	K264R	1	1	Mar 04, 2025	3775259
NOTCH1	G200V	1	1	Aug 18, 2023	3775410
KRAS	L53W	1	1	Feb 26, 2025	3775823
DNM1	G139V	1	2	Mar 01, 2026	3775929
COL6A2	G298E	1	1	Feb 22, 2024	3775946
COL4A5	G1012C	1	1	Dec 29, 2023	3776111
COL4A5	G641R	1	1	Jan 22, 2024	3776137
STAT1	L400P	1	1	Mar 26, 2024	3776300
CHD3	Q1196P	1	1	Nov 24, 2024	3776754
PDHB	R192Q	1	1	Feb 27, 2024	3776790
SLC26A4	M1L	1	1	Apr 08, 2025	3777243
SLC26A4	Q514H	1	1	Apr 08, 2025	3777246
HLA-C	T167S	0	1	Mar 01, 2025	3777797
PRR12	A1331T	0	1	Nov 01, 2025	3778098
HSPA9	P21S	0	1	Mar 01, 2025	3778101
CFTR	R153I	1	1	Mar 01, 2025	3778316
CREBBP	D1701G	1	1	Mar 01, 2025	3778517
SMARCA4	N944T	1	1	Mar 31, 2025	3778711
COL3A1	G318S	1	1	Mar 20, 2025	3778717
SCN1A	T1300K	1	1	Mar 18, 2025	3778727
EPHB4	P688L	1	1	Oct 18, 2024	3778837
SOD1	I152N	1	1	Apr 17, 2025	3778877
SOD1	F65C	1	1	Apr 17, 2025	3778879
SOD1	Q23R	1	1	Apr 17, 2025	3778880
CYP1B1	N203S	1	1	Nov 21, 2022	3779557
FMO3	G330E	1	1	Jun 16, 2023	3779673
CHD3	A885T	1	1	Apr 15, 2025	3780969
TPM1	D14E	1	1	Apr 15, 2025	3780971
HSD17B10	R184Q	1	1	Apr 15, 2025	3780972
SMARCE1	K146E	1	1	Oct 14, 2024	3780998
SOX2	M49T	1	1	Jan 27, 2026	3781022
SCN1A	V220A	1	1	Oct 18, 2024	3781056
CSF1R	E664V	1	1	Mar 05, 2025	3781323
SOD1	L68P	1	1	Apr 23, 2025	3781333
SOD1	V120F	1	1	-	3781334
RTEL1	D367E	0	1	Dec 20, 2024	3790984
RTEL1	V1243A	0	1	Jan 08, 2025	3791043
RTEL1	K134R	0	1	Jan 10, 2025	3791055
RTEL1	V993A	0	1	Jan 13, 2025	3791062
RTEL1	R844L	0	1	Jan 16, 2025	3791067
RTEL1	S814G	0	1	Jan 20, 2025	3791079
RTEL1	S775R	0	1	Jan 25, 2025	3791093
RTEL1	G781S	0	1	Feb 24, 2025	3791182
RTEL1	V708I	0	1	Mar 03, 2025	3791197
SETD1A	D1012Y	0	1	Jan 07, 2025	3794581
SETD1A	P1183A	0	2	Mar 06, 2025	3794583
SETD1A	R1230W	0	1	Dec 25, 2024	3794584
POT1	V436A	0	1	Mar 04, 2025	3782009
POT1	K430E	0	1	Mar 13, 2025	3782013
PRR12	S1032R	0	1	Jan 01, 2025	3783681
PRR12	A1555V	0	1	Mar 11, 2025	3783682
PRR12	G212S	0	1	Feb 18, 2025	3783683
PRR12	K818N	0	1	Feb 26, 2025	3783693
PRR12	P1015Q	0	1	Dec 24, 2024	3783696
PXDN	S1380P	0	1	Jan 09, 2025	3785646
RBBP8	S18N	0	1	Jan 22, 2025	3787354
SEC63	R226C	0	1	Jan 14, 2025	3793915
PTH1R	A97V	0	1	Feb 19, 2025	3784862
RAI1	P1518S	0	1	Mar 01, 2025	3786612
RAI1	A589V	0	1	Feb 19, 2025	3786615
SCN1A	T204I	1	1	May 23, 2025	3793180
SCN2B	P151L	0	1	Feb 22, 2025	3793187
SOHLH1	A288V	0	1	Dec 25, 2024	3799791
SRGAP3	V621I	0	1	Feb 08, 2025	3801354
THSD4	Q30E	0	1	Jan 07, 2025	3806773
ATAD3A	R579H	0	1	Feb 20, 2025	3795263
SLC26A3	I195V	0	1	Jan 15, 2025	3797183
SLC26A3	T28R	0	1	Jan 03, 2025	3797185
SLC26A9	I532V	0	1	Feb 25, 2025	3797237
SMARCE1	D334G	0	1	Jul 16, 2025	3799016
SPINK5	Y114D	0	1	Feb 25, 2025	3800749
STAG3	V1078I	0	1	Jan 08, 2025	3802108
SLC18A3	A261V	0	1	Jan 07, 2025	3796723
SLC6A19	H616R	0	1	Feb 04, 2025	3798220
SLC7A7	I311T	0	1	Jan 18, 2025	3798324
TRAPPC10	S295L	0	1	Feb 14, 2025	3810090
TRH	G105A	0	1	Feb 19, 2025	3810231
TP73	M452I	0	1	Feb 26, 2025	3809729
UVSSA	Q172R	0	1	Feb 04, 2025	3814669
TNRC6B	N218S	0	1	Feb 22, 2025	3809184
TNRC6B	T155I	0	1	Jan 02, 2025	3809188
TNRC6B	N492S	0	1	Feb 08, 2025	3809189
TNRC6B	P545S	0	1	Feb 11, 2025	3809194
TNRC6B	D869G	0	1	Jan 26, 2025	3809195
TNRC6B	G1379S	0	1	Jan 02, 2025	3809202
WDR37	V149M	0	1	Mar 10, 2025	3815959
WDR4	G11A	0	1	Mar 14, 2025	3815971
WDR4	S370T	0	1	Feb 12, 2025	3815976
UROC1	R500K	0	1	Jan 18, 2025	3813849
XDH	T871S	0	1	Dec 14, 2024	3817602
XDH	A1084T	0	1	Jan 18, 2025	3817604
XDH	E692D	0	1	Jan 29, 2025	3817608
BDP1	F2308L	0	1	Jan 27, 2025	3824127
CARD14	G133S	0	1	Feb 09, 2025	3827379
CCNF	E529K	0	1	Jan 17, 2025	3829113
CCNF	T555A	0	1	Mar 04, 2025	3829114
CDK4	V174L	0	1	Dec 20, 2024	3830863
CDK4	E265Q	0	1	Jan 21, 2025	3830869
CDK5RAP2	D820G	0	1	Dec 11, 2024	3830896
CDK5RAP2	A1774V	0	1	Jan 26, 2025	3830898
CHD3	P657S	0	1	Mar 03, 2025	3832780
CHD3	N1257S	0	1	Jan 25, 2025	3832785
CHD3	R271W	0	1	Dec 14, 2024	3832786
CHD3	D605G	0	1	Jan 09, 2025	3832790
CNNM4	V704M	0	1	Dec 22, 2024	3834546
CNOT3	P391S	0	1	Jan 17, 2025	3834572
CREBBP	V2048M	0	1	Feb 13, 2025	3836283
CRIM1	I483V	0	1	Dec 25, 2024	3836341
CAMK2B	R312W	0	1	Jan 20, 2025	3827011
CAMTA1	S382A	0	1	Mar 03, 2025	3827099
CAMTA1	G839R	0	1	Dec 30, 2024	3827100
CAMTA1	H440P	0	1	Jan 01, 2025	3827101
CAMTA1	E506K	0	1	Jan 27, 2025	3827102
CAMTA1	T596A	0	1	Jan 18, 2025	3827106
CCDC50	T137A	0	1	Jan 08, 2025	3828655
CEP85L	Q141E	0	1	Dec 11, 2024	3832098
CLTRN	N45S	0	1	Feb 08, 2025	3834233
BMP15	R145H	0	1	Mar 11, 2025	3824650
ACP4	R232Q	0	1	Mar 03, 2025	3824970
CA4	R246K	0	1	Jan 31, 2025	3826449
CEP126	P919Q	0	1	Feb 12, 2025	3831656
CEP126	M953T	0	1	Mar 07, 2025	3831660
ADAMTSL1	I1292V	0	1	Feb 24, 2025	3831733
ADAMTSL1	A1525T	0	1	Feb 11, 2025	3831865
CIB1	R50L	0	1	Jan 08, 2025	3833392
CLCN2	S419G	0	1	Jan 07, 2025	3833764
COL3A1	G801S	1	1	Dec 24, 2024	3835232
BFSP1	I585T	0	1	Mar 06, 2025	3824220
BFSP1	I187V	0	1	Dec 30, 2024	3824222
BUB1B	Q500R	0	1	Jan 03, 2025	3826084
BUB1B	T859A	0	1	Jan 27, 2025	3826109
BUB1B	T471K	0	1	Mar 05, 2025	3826131
CC2D2A	R71H	0	1	Jan 09, 2025	3827993
CC2D2A	A216E	0	1	Feb 18, 2025	3828000
CHST8	A397T	0	1	Dec 12, 2024	3833289
COG2	A723T	0	1	Feb 07, 2025	3834875
D2HGDH	C37S	0	1	Jan 10, 2025	3838078
DNAJC21	R254K	0	1	Mar 07, 2025	3841556
DNAJC30	T144A	0	1	Jan 09, 2025	3841582
FIG4	A784T	0	1	May 28, 2026	3850379
DNA2	R1045G	0	1	Mar 06, 2025	3840651
AGGF1	T581A	0	1	Feb 19, 2025	3842205
DPP9	R649Q	0	1	Feb 08, 2025	3842304
ELAC2	M262L	0	1	Feb 07, 2025	3844267
ERAP1	P144L	0	1	Dec 11, 2024	3845704
ERCC6	R165K	0	1	Dec 28, 2024	3845769
ERCC6	R48C	0	1	Jan 24, 2025	3845773
ADNP	S921L	0	1	Feb 13, 2025	3838523
AFF2	I233V	0	1	Jan 09, 2025	3840000
AFF2	A248V	0	1	Jan 07, 2025	3840012
DISP1	D1275N	0	1	Jan 22, 2025	3840195
DLG3	P38L	0	1	Jan 10, 2025	3840306
EPHB4	S927N	0	1	Dec 17, 2024	3845457
EPHB4	P249L	0	1	Dec 28, 2024	3845466
EPHB4	V887M	0	1	Jan 11, 2025	3845468
EPHB4	A636V	0	1	Apr 14, 2025	3845472
EPHB4	V63M	0	1	Mar 11, 2025	3845475
EPHB4	R206L	0	1	Jan 04, 2025	3845476
F13A1	N198D	0	1	Dec 16, 2024	3846989
ALG1	A31V	0	1	Dec 13, 2024	3851836
GGT1	R203Q	0	1	Feb 21, 2025	3853877
INPP5K	R212Q	0	1	Feb 13, 2025	3860643
INPP5K	N42D	0	1	Feb 07, 2025	3860647
KIAA0319L	A168T	0	1	Jan 27, 2025	3863655
KIAA0319L	L131F	0	1	Dec 17, 2024	3863660
KIAA0319L	P232L	0	1	Feb 27, 2025	3863664
GPNMB	P389L	0	1	Jan 15, 2025	3855024
GPNMB	P520T	0	1	Feb 11, 2025	3855027
GPR179	Q1583K	0	1	Jan 04, 2025	3855250
HCN1	N778S	0	1	Feb 09, 2025	3856972
HDAC4	A557T	0	1	Dec 31, 2024	3857034
ITGA2	P12R	0	1	Jan 30, 2025	3861507
ITGA3	V469I	0	1	May 14, 2025	3861520
ITGB6	G554D	0	1	Jan 01, 2025	3861712
GAS2L2	R511H	0	1	Jan 22, 2025	3852957
GNPAT	I488V	0	1	Feb 22, 2025	3854548
GP6	N322K	0	1	Jan 21, 2025	3854808
GSX2	T88A	0	1	Jan 24, 2025	3856195
H1-4	P173L	0	1	Jan 20, 2025	3856510
H1-4	G166A	0	1	Feb 09, 2025	3856511
H1-4	S172R	0	1	Jan 22, 2025	3856514
H1-4	A132T	0	1	Feb 14, 2025	3856516
HNRNPU	E75K	0	1	Jan 15, 2025	3858279
GJA3	L300V	0	1	Jan 08, 2025	3854055
IRF2BPL	A153T	0	1	Dec 31, 2024	3861251
KRT74	L510P	0	1	Dec 28, 2024	3865650
LIPE	R286Q	0	1	Dec 23, 2024	3867320
LMF1	G21E	0	1	Jan 15, 2025	3867459
LMF1	A353S	0	1	Mar 06, 2025	3867471
LUZP1	L866P	0	1	Jan 30, 2025	3869075
MGME1	M276V	0	1	Jan 22, 2025	3872760
MPO	G48S	0	1	Feb 13, 2025	3874188
MUTYH	A238P	1	1	Aug 15, 2025	3875923
MUTYH	S105P	1	1	Aug 15, 2025	3875924
MUTYH	A220D	1	1	Aug 15, 2025	3875925
MUTYH	P244T	0	1	Sep 16, 2025	3875927
MUTYH	T424P	1	1	Aug 15, 2025	3875930
MUTYH	V166A	0	1	Sep 15, 2025	3875931
MUTYH	K3R	0	1	Sep 15, 2025	3875935
MUTYH	P442S	0	1	Sep 09, 2025	3875936
KMT2E	N1010S	0	1	Jan 31, 2025	3865154
KMT2E	N224S	0	1	Jan 09, 2025	3865158
KRT1	H225Q	0	1	Mar 08, 2025	3865374
KRT12	R19Q	0	1	Feb 07, 2025	3865386
LIG4	E705K	0	1	Jan 02, 2025	3867125
MMP19	P320L	0	1	Feb 02, 2025	3873736
MMP20	P131S	0	1	Dec 26, 2024	3873750
MMP9	S363R	0	1	Jan 10, 2025	3873809
MTTP	G420A	0	1	Feb 12, 2025	3875620
NAA15	I36T	1	1	Mar 31, 2025	3877374
NAA15	A3T	0	1	Feb 05, 2025	3877376
ANKRD11	P1868Q	0	1	Jan 29, 2025	3866450
MAOB	I264V	0	1	Feb 09, 2025	3869951
MYO9A	E1663D	0	1	Mar 07, 2025	3877035
LAMA4	P868H	0	1	Mar 11, 2025	3866196
MIB2	V364I	0	1	Mar 03, 2025	3872850
MYH2	I1490M	0	1	Feb 20, 2025	3876385
AAAS	R432C	0	1	Mar 10, 2025	3881362
NUBPL	I101V	0	1	Dec 24, 2024	3881478
APOL1	M228R	0	1	Feb 10, 2025	3886541
APOL1	M212L	0	1	Feb 14, 2025	3886551
NSD1	S1086G	0	1	Feb 13, 2025	3881154
ODAD1	V193M	0	1	Feb 13, 2025	3882544
ODAD2	R413W	0	1	Mar 06, 2025	3882565
OPN1MW	V104I	0	1	Feb 25, 2025	3882806
NOTCH1	A1640S	0	1	Dec 31, 2024	3880465
NOTCH1	S2303G	0	1	Feb 10, 2025	3880489
NOTCH1	N265S	0	1	Jul 15, 2025	3880505
PARS2	V449I	0	1	Dec 31, 2024	3885793
PARS2	M282L	0	1	Feb 08, 2025	3885796
PDHB	P139S	0	1	Feb 19, 2025	3887400
NLRP5	T629A	0	1	Mar 03, 2025	3879963
SOHLH1	P177T	0	1	Jul 20, 2022	3892524
SMARCB1	R373K	1	1	Mar 28, 2024	3893254
COL3A1	S1067C	0	1	Mar 17, 2025	3894258
LPL	L330P	1	1	Nov 23, 2022	3894920
TPM1	K205N	1	1	Jan 28, 2025	3895282
TNNI3	K138N	1	1	Sep 18, 2024	3895298
COL4A5	G1167A	1	1	Mar 28, 2025	3895486
ERCC6	P1042L	1	1	Mar 17, 2025	3895585
LPL	C243S	1	2	Mar 26, 2025	3895920
SLC12A3	T649R	1	1	Mar 25, 2025	3895952
ALG3	I69T	1	2	Nov 01, 2025	3896067
LPL	S220R	1	1	Apr 21, 2025	3896141
CYP1B1	M1I	1	2	Oct 23, 2025	3896352
AAAS	L469P	1	1	Apr 07, 2025	3896450
SLC26A4	Q383E	1	1	Apr 07, 2025	3896453
CYP21A2	C170R	1	1	Apr 23, 2025	3896660
CHMP2B	Q206P	1	1	Oct 29, 2023	3896799
FKTN	F247L	1	1	Jun 27, 2021	3896870
SOD1	P67R	1	1	Jun 12, 2023	3897013
SOD1	R116S	1	1	Sep 03, 2024	3897014
TPM1	D159A	1	1	Oct 18, 2021	3897044
SOX2	M240V	0	1	Nov 04, 2024	3897205
SETD1A	E1592K	1	1	Sep 21, 2023	3897621
MANBA	Y401C	1	1	Sep 10, 2024	3897625
SCN1A	I1646N	1	1	Jan 01, 2025	3897768
NSD1	C1635G	1	1	Jan 01, 2025	3897788
SMARCB1	R366S	1	2	Dec 15, 2025	3897791
HCN1	M379R	1	1	Jan 01, 2025	3897806
SCN1A	A1236T	1	1	Jan 01, 2025	3897828
ATL1	Y417N	1	1	May 01, 2025	3898192
MAN2B2	V644M	0	1	Jun 01, 2026	3898208
HSPA9	T116I	0	1	Apr 01, 2025	3898399
NDP	H43R	1	2	Feb 24, 2026	3898476
COL3A1	G450V	1	1	-	3899366
COL6A2	K635N	1	1	-	3899380
RAC1	P50L	1	1	Aug 19, 2026	3899459
DCX	R178H	1	1	Nov 18, 2024	3899812
DLX3	N179H	1	1	May 09, 2025	3900721
GRIN2A	V409L	1	1	May 15, 2025	3901163
CHD3	R1169Q	1	2	May 28, 2025	3901359
NSD1	C1596R	1	1	Dec 05, 2024	3901479
SLC26A4	Q421K	1	1	Dec 05, 2024	3901481
KDM5C	P554S	1	1	Dec 03, 2024	3901499
CAMTA1	D875N	1	1	Jun 13, 2025	3901566
TTR	P31L	1	1	May 08, 2025	3901847
GRIN2A	T749I	1	1	Mar 23, 2025	3901886
GRIN2A	M496V	1	1	Mar 23, 2025	3901887
GRIN2A	E691K	1	1	Mar 23, 2025	3901888
FAH	T125R	1	2	Sep 22, 2025	3902107
COL3A1	G336S	1	1	Oct 21, 2025	3902396
ABCD1	R401L	1	2	May 18, 2025	3902430
FXN	G137V	1	1	May 29, 2025	3902437
LPL	S278C	1	1	May 28, 2025	3902607
SPRED2	G277R	0	2	Jun 05, 2026	3904840
MIB2	R302H	0	1	May 01, 2025	3904845
MAN2B2	Q418K	0	1	Nov 01, 2025	3904900
ATAD3A	A99T	0	1	May 01, 2026	3904979
AFF2	R161C	0	1	Apr 01, 2025	3905522
RAD21	N382S	0	1	Jun 01, 2025	3905605
COQ4	T144N	1	1	Sep 30, 2024	3906251
COQ4	R160Q	1	1	Sep 30, 2024	3906252
IQSEC2	R369W	1	1	Dec 22, 2024	3906464
KDM5C	M506V	1	1	Dec 16, 2024	3906495
SCN1A	L215W	1	1	Dec 22, 2024	3906499
SELENON	G281D	1	1	Jun 13, 2025	3907156
CYP21A2	L309F	1	1	Jun 10, 2025	3907234
SLC26A4	G557V	1	1	Jun 24, 2025	3907551
COL4A5	G1273C	1	1	Jun 03, 2025	3907664
KCNJ11	R34G	1	1	May 20, 2025	3907675
SMARCA4	G1031D	1	1	Dec 27, 2024	3907885
POU3F4	W325S	1	1	Feb 16, 2025	3910026
FCGR3A	D82N	0	1	Feb 16, 2025	3910128
SPRED2	T165I	0	1	Feb 16, 2025	3910192
MBD5	L1036F	0	2	Mar 01, 2026	3910214
HDAC4	T718M	0	1	Feb 16, 2025	3910269
SRGAP3	R866H	0	1	Feb 16, 2025	3910274
SRGAP3	R108Q	0	1	Feb 16, 2025	3910275
EDNRA	R41H	0	1	Feb 16, 2025	3910431
NSD1	T157S	0	1	Feb 16, 2025	3910496
NSD1	I274M	0	1	Feb 16, 2025	3910497
NSD1	P2225R	0	2	Jul 03, 2025	3910499
CEP85L	L658V	0	2	Mar 01, 2026	3910558
EPHB4	P218S	0	1	Feb 16, 2025	3910626
KMT2E	T1343A	0	1	Feb 16, 2025	3910632
RAD21	P278L	0	1	Feb 16, 2025	3910702
KRT74	T528I	0	1	Feb 16, 2025	3910964
ZMYM2	N1256S	0	1	Feb 16, 2025	3911016
PAX9	H239N	0	1	Feb 16, 2025	3911036
GRIN2A	T47R	0	1	Feb 16, 2025	3911146
SETD1A	T325M	0	2	Mar 17, 2025	3911163
SETD1A	G444R	0	1	Feb 16, 2025	3911164
SETD1A	K929R	0	1	Feb 16, 2025	3911166
ANKRD11	F1810L	0	1	Feb 16, 2025	3911201
ANKRD11	T1658S	0	1	Feb 16, 2025	3911202
ANKRD11	R893L	0	1	Feb 16, 2025	3911203
CHD3	A473T	0	1	Feb 16, 2025	3911228
TAOK1	R49H	0	1	Feb 16, 2025	3911246
PRR12	L824F	0	2	Jan 01, 2026	3911423
PRR12	R1749C	0	1	Feb 16, 2025	3911425
CNOT3	P584L	0	1	Feb 16, 2025	3911433
EPB41L1	D582N	0	1	Feb 16, 2025	3911453
ADNP	S738L	0	1	Feb 16, 2025	3911469
TNRC6B	I522T	0	1	Feb 16, 2025	3911523
IQSEC2	A209V	0	1	Feb 16, 2025	3911561
IQSEC2	A209T	0	1	Feb 16, 2025	3911562
SLC26A4	K77I	1	1	Jul 02, 2025	3911977
CFTR	G509D	1	1	Jul 02, 2025	3911982
ALDH3A2	S380N	1	1	Jul 02, 2025	3911983
MPO	R128G	0	1	Apr 08, 2025	3912711
MTTP	S305L	0	1	May 20, 2025	3914511
MYO18B	M2111I	0	1	Apr 14, 2025	3916024
MYO18B	M2140V	0	1	Jun 06, 2025	3916034
MYO9A	N1460S	0	1	Apr 18, 2025	3916402
NPHS1	R1123Q	0	1	May 01, 2025	3921402
NOTCH1	H501Q	0	1	May 10, 2025	3921060
NOTCH1	G248R	1	1	Apr 25, 2025	3921067
MMP9	G629R	0	1	May 06, 2025	3912192
NLRP5	A453T	0	1	Jun 09, 2025	3920309
NLRP5	I355M	0	1	Apr 18, 2025	3920326
ODAD1	A367T	0	1	Jun 07, 2025	3923838
ODAD3	R52H	0	1	Mar 20, 2025	3923851
MUTYH	G188W	1	1	Apr 30, 2025	3914937
MUTYH	S510C	0	1	Sep 09, 2025	3914948
MUTYH	D243V	1	1	Aug 15, 2025	3914951
MUTYH	P247L	1	1	Aug 15, 2025	3914953
MUTYH	P377R	1	1	Aug 15, 2025	3914955
MUTYH	S483Y	0	1	Sep 09, 2025	3914959
MUTYH	W399S	0	1	Sep 09, 2025	3914964
MYO9A	I1120V	0	1	Apr 09, 2025	3916412
NDUFAF6	I17V	0	1	Mar 26, 2025	3918387
NDUFAF6	E122D	0	1	May 17, 2025	3918388
NSD1	M1423T	0	1	Apr 12, 2025	3922006
PMPCB	G29R	0	1	May 20, 2025	3935074
PMPCB	I298V	0	1	May 25, 2025	3935075
PRR12	P1475R	0	1	May 19, 2025	3938603
PRR12	A106T	0	1	Apr 08, 2025	3938611
APOL1	A339V	0	1	May 01, 2025	3934954
PEPD	G318S	0	1	May 13, 2025	3930829
POT1	D617G	0	1	Mar 19, 2025	3936267
POT1	M575K	0	1	Apr 10, 2025	3936278
PLD3	N19S	0	1	Jun 07, 2025	3933899
RIGI	I489V	0	1	Apr 10, 2025	3945758
RP1	N625T	0	1	Mar 17, 2025	3947222
RBBP8	D729G	0	1	May 19, 2025	3943434
RTEL1	I878V	0	1	Mar 27, 2025	3948503
PUS1	R283K	0	1	May 16, 2025	3941116
PXDN	A411T	0	1	May 29, 2025	3941269
RNASEH1	V122M	0	1	Mar 18, 2025	3946282
RTEL1	V206L	0	1	Mar 24, 2025	3948246
RTEL1	G1053E	0	1	Mar 30, 2025	3948278
RTEL1	P409R	0	1	May 25, 2025	3948417
SEC63	F86L	0	1	May 20, 2025	3951879
RAI1	A1345V	0	1	May 07, 2025	3942525
RAI1	G1527V	0	1	May 20, 2025	3942527
RINT1	S17P	0	1	May 23, 2025	3946007
SETD1A	P595A	0	2	Dec 01, 2025	3952777
SETD1A	R936C	0	1	Jun 08, 2025	3952784
SETD1A	R1146C	0	1	May 05, 2025	3952785
SETD1A	G1385A	0	1	Apr 25, 2025	3952799
SETD1A	G1102D	0	1	May 28, 2025	3952804
SLC26A4	F62L	0	1	May 21, 2025	3956099
SNX14	I270L	0	1	Mar 22, 2025	3959393
SOHLH1	S119P	0	1	May 13, 2025	3959658
SOHLH1	M272V	0	1	May 30, 2025	3959659
STAG1	G680E	0	1	Jun 10, 2025	3962890
STAG2	I931L	0	1	Mar 28, 2025	3962892
STAG3	G1212R	0	1	Mar 21, 2025	3962901
STAG3	R866Q	0	1	Jun 11, 2025	3962906
SLC38A8	A428V	0	1	Jun 10, 2025	3956806
SMARCA4	L1285S	0	1	Apr 11, 2025	3958415
STS	D109N	0	1	Apr 11, 2025	3963640
STS	R431H	0	1	Apr 11, 2025	3963641
STS	M525I	0	1	Apr 21, 2025	3963645
SLC34A2	I48F	0	1	Apr 01, 2025	3956498
SOX2	T26I	0	1	May 06, 2025	3959987
TF	N637K	0	1	May 28, 2025	3967876
TFE3	A139T	0	1	May 19, 2025	3967956
TRAPPC9	G983D	0	1	Mar 17, 2025	3973082
TRH	A28V	0	1	May 13, 2025	3973197
TTC12	S657G	0	1	Mar 22, 2025	3975201
TTC12	L47F	0	1	Apr 10, 2025	3975203
TP73	T556A	0	1	May 19, 2025	3972541
TRPM4	G163A	0	1	Apr 06, 2025	3974260
TRPM4	M599L	0	1	Apr 02, 2025	3974290
TULP3	I82V	0	1	Jun 06, 2025	3976072
TULP3	I207T	0	1	May 01, 2025	3976078
UVSSA	R599Q	0	1	Jun 12, 2025	3979291
TNRC6B	G1002R	0	1	May 14, 2025	3971794
TNRC6B	G998E	0	1	May 17, 2025	3971795
TNRC6B	V1723I	0	1	May 23, 2025	3971796
TNRC6B	N1415S	0	1	Jun 10, 2025	3971801
ZBTB16	T317P	0	1	Apr 11, 2025	3983482
WEE2	K43R	0	1	Jun 03, 2025	3981480
BDP1	N2264S	0	1	Apr 18, 2025	3991235
BFSP1	K287R	0	1	Apr 13, 2025	3991353
BFSP1	E568G	0	1	Mar 17, 2025	3991359
WDR37	I205V	0	1	May 04, 2025	3980974
BCKDHB	E43G	0	1	Mar 27, 2025	3990966
BDP1	D1394G	0	1	Jun 12, 2025	3991231
CARD14	A10T	0	1	Jun 07, 2025	3995396
CCDC88A	V1655M	0	1	Apr 05, 2025	3997306
CEP126	L993Q	0	1	May 28, 2025	4000558
CEP126	V431M	0	1	Jun 07, 2025	4000568
CHN1	V146I	0	1	May 23, 2025	4002468
CAMTA1	S450L	0	1	May 17, 2025	3995011
CHD3	D407H	0	1	May 28, 2025	4002103
CHD3	R343C	0	1	May 20, 2025	4002105
CHD3	S73G	0	1	Mar 17, 2025	4002109
COL3A1	G897C	1	1	Apr 08, 2025	4005347
CC2D2A	L1516P	0	1	Apr 15, 2025	3996249
CDK4	G47R	0	1	Apr 10, 2025	3999639
CDK4	K106N	0	1	Jun 11, 2025	3999648
CDK5RAP2	E1532K	0	1	May 19, 2025	3999664
CDK5RAP2	R1711H	0	1	May 06, 2025	3999666
CDK5RAP2	R953H	0	1	Mar 26, 2025	3999667
CREB3L3	G159V	0	1	May 05, 2025	4006742
CCNF	T463M	0	1	Apr 15, 2025	3997626
CEP85L	R222W	0	1	May 17, 2025	4001186
CIB1	R130Q	0	1	Apr 08, 2025	4002922
CNOT3	S408N	0	1	May 27, 2025	4004377
CNTN1	R698K	0	1	May 25, 2025	4004504
CPT1C	R222Q	0	1	May 14, 2025	4006440
CTRC	H130P	0	1	Mar 22, 2025	4008112
CTSB	M52V	0	1	Jun 09, 2025	4008141
ADAMTS9	G260S	0	1	Jun 07, 2025	4009714
EP300	I859V	0	1	Apr 11, 2025	4018321
EP300	S255L	0	1	Jun 07, 2025	4018331
AFF2	P1200H	0	1	Mar 15, 2025	4021560
AFF2	I858V	0	1	Apr 04, 2025	4021582
CYP7A1	A338T	0	1	Jun 11, 2025	4009066
ADAMTSL1	H955Q	0	1	Apr 13, 2025	4010072
ADAMTSL1	D786E	0	1	Apr 18, 2025	4010089
DISP1	T1446M	0	1	Mar 20, 2025	4011864
DISP1	S953N	0	1	Apr 03, 2025	4011869
DISP1	T138A	0	1	Apr 10, 2025	4011872
ERAP1	V58I	0	1	Apr 03, 2025	4019117
ERAP1	G493R	0	1	Jun 07, 2025	4019119
ADNP	N453S	0	1	May 18, 2025	4019218
ADAMTS9	T1174A	0	1	Mar 27, 2025	4009732
EHHADH	T143I	0	1	Jun 10, 2025	4017007
EHHADH	V172I	0	1	Mar 26, 2025	4017008
HDAC4	A479T	0	1	May 18, 2025	4034062
HDAC4	D1003N	0	1	May 18, 2025	4034063
HDAC4	R1045H	0	1	Apr 07, 2025	4034067
HNRNPC	A182T	0	1	Apr 03, 2025	4035720
HNRNPU	R224G	0	1	Apr 13, 2025	4035774
GJA8	V433I	0	1	Jun 10, 2025	4029910
H1-4	A164V	0	1	Mar 27, 2025	4033323
FCGR3A	R19Q	0	1	Apr 16, 2025	4024149
FCGR3A	D122E	0	1	May 29, 2025	4024155
GFM2	I598T	0	1	Jun 03, 2025	4029472
GGT1	R549H	0	1	Mar 16, 2025	4029633
GPNMB	G144W	0	1	Mar 27, 2025	4031332
FZD6	V284I	0	1	May 01, 2025	4027501
GCNT2	I326V	0	1	Jun 09, 2025	4028901
GP6	V106I	0	1	Apr 24, 2025	4031006
GP6	R329Q	0	1	May 21, 2025	4031009
KIAA0319L	T558A	0	1	Mar 30, 2025	4042554
KLK4	V251I	0	1	Mar 22, 2025	4044347
KMT2E	P781S	0	1	Apr 07, 2025	4044511
LRRK1	P48S	0	1	Mar 18, 2025	4049544
KDM6A	S752F	0	1	Mar 27, 2025	4042376
KL	R594H	0	1	Apr 13, 2025	4043794
KL	H712R	0	1	Apr 30, 2025	4043805
LAMA4	Q387K	0	1	Apr 16, 2025	4045943
LAMA4	T264A	0	1	Jun 02, 2025	4045955
ITGB4	R1103G	0	1	Mar 31, 2025	4040134
KRT74	T513S	0	1	Apr 15, 2025	4045127
KRT74	A138T	0	1	Apr 01, 2025	4045128
KRT74	A479V	0	1	Apr 15, 2025	4045129
IGSF3	T1031M	0	1	Jun 12, 2025	4037984
KIF20A	Q530R	0	1	Jun 12, 2025	4043203
LPL	Q429E	0	1	Jun 03, 2025	4048227
LRIT3	S190P	0	1	Mar 22, 2025	4048539
MAN2B2	R777Q	0	1	Apr 01, 2025	4050920
ANKRD11	P2058S	0	1	May 18, 2025	4054346
ANKRD11	M868I	0	1	Jun 06, 2025	4054387
MIB2	A613V	0	1	Jun 08, 2025	4054674
MBD5	E13V	0	1	Mar 27, 2025	4052263
MBD5	P1720S	0	1	May 20, 2025	4052265
ANKRD11	R1019K	0	1	Mar 24, 2025	4054008
ANKRD11	S1360T	0	1	Mar 24, 2025	4054135
ANKRD11	D1731E	0	1	Apr 04, 2025	4054184
SCN1A	M1714I	1	1	Jan 01, 2025	4055861
SCN1A	R1657P	1	1	Jun 23, 2025	4056328
EP300	H1451Y	1	1	-	4056384
POU3F4	E257K	1	1	Feb 22, 2023	4056410
RAD21	F114L	1	1	Dec 15, 2022	4056412
D2HGDH	C272R	1	1	Jan 25, 2023	4056413
ANKRD11	V2563D	1	1	Jan 20, 2023	4056416
GATA4	N274K	1	1	Oct 17, 2023	4056434
TFE3	L203P	1	1	Nov 09, 2023	4056438
SLC12A3	G362D	1	1	May 30, 2025	4061374
SLC26A4	A406T	1	1	Mar 20, 2025	4061677
ASL	M1T	1	1	Feb 04, 2025	4061682
COL4A5	P364L	1	1	Sep 10, 2025	4065099
COL4A5	G1098A	1	1	Feb 27, 2025	4065115
COL4A5	G304E	1	2	Mar 04, 2026	4065117
RTEL1	R518K	0	1	Mar 31, 2026	4060955
RTEL1	I984V	0	1	May 14, 2026	4060966
RTEL1	F784L	0	1	Aug 09, 2025	4060974
CFTR	E60G	1	1	Jan 13, 2025	4064643
ASS1	E283D	1	1	Apr 25, 2025	4062535
CYP1B1	V241E	1	1	-	4070518
CYP1B1	M244I	1	1	Jun 20, 2025	4070527
DCX	P191L	1	1	Jan 15, 2025	4070579
TRAPPC11	L172S	1	1	Dec 10, 2025	4071601
SCN1A	F1789S	1	1	Jul 03, 2024	4071997
SCN1A	L405S	1	1	Jun 17, 2025	4071998
SETD1A	T1681I	1	1	Aug 13, 2024	4072001
SLC26A4	V722F	1	1	Jul 22, 2024	4072002
THAP1	S21C	1	1	Sep 10, 2024	4072017
TNNI3	A157E	1	1	Jun 16, 2025	4072018
CHN1	Y143C	1	1	Apr 22, 2024	4072045
COL3A1	G1020D	1	1	Dec 17, 2024	4072048
ASL	A300S	1	1	Jun 28, 2025	4072074
ASL	G305R	1	1	Jun 28, 2025	4072075
BRAF	D361V	1	1	May 10, 2022	4072207
ABCD1	K533E	1	1	-	4072425
FGFR2	C62R	1	1	Jan 30, 2025	4072434
RAC1	T35A	1	1	Jan 29, 2025	4072487
SCN1A	L233R	1	1	Jan 28, 2025	4072712
CAT	Q255R	0	1	Oct 24, 2019	4074778
CREBBP	C1729R	1	2	Dec 01, 2025	4074786
CREBBP	C1710S	1	1	Sep 11, 2019	4074787
CREBBP	K1492E	1	1	Mar 11, 2020	4074788
KDM6A	N1328S	0	1	Mar 30, 2020	4074837
GABRA2	V284G	1	1	Jul 17, 2020	4074841
ANKRD11	A1639G	0	1	May 14, 2020	4075020
SLC6A19	I562V	0	1	Oct 24, 2019	4075066
SCN1A	A821P	1	1	Mar 30, 2020	4075188
CLCN2	K608N	0	1	Oct 16, 2019	4075219
HDAC4	M966L	0	1	Nov 13, 2019	4075276
CNNM4	R556P	1	1	-	4073592
SCN1A	Y1694F	1	1	Apr 25, 2025	4073630
SCN1A	Y1507H	1	1	Apr 25, 2025	4073632
GRIN2A	F637L	1	1	May 16, 2025	4073637
PCDH19	V64E	1	1	Aug 12, 2024	4073663
GRIN2A	A508T	1	1	Oct 21, 2024	4073667
SCN1A	P1739T	1	1	Feb 20, 2025	4073683
SCN1A	D320G	1	1	Mar 03, 2025	4073685
GRIN2A	G740W	1	1	Mar 24, 2025	4073688
SCN1A	R865P	1	1	Feb 11, 2025	4074368
FGFR2	V359A	1	1	Jun 04, 2025	4074751
EP300	L1398F	1	1	Feb 13, 2025	4075467
APOA5	R223C	1	1	Dec 05, 2024	4075749
PTH1R	I222S	1	1	-	4075760
CYP21A2	L434P	1	1	Feb 24, 2023	4075783
PTH1R	S229P	1	1	-	4075801
CHD3	V1151D	1	1	-	4075815
ADNP	S802F	1	1	Apr 22, 2024	4076152
COL4A5	G702D	1	2	Jan 31, 2026	4076645
NMNAT1	F163S	1	1	-	4077047
SMARCE1	E95D	1	1	Aug 12, 2025	4077082
SCN1A	S993R	1	1	Feb 26, 2025	4077373
SCN1A	T1722N	1	1	May 30, 2024	4077484
ABCD1	H669Y	1	2	Apr 29, 2026	4081076
ABCD1	L211P	1	1	Oct 23, 2024	4081078
CHD3	R827H	1	1	Apr 28, 2025	4081242
FMO3	M1I	1	1	Apr 21, 2025	4081684
THAP1	W36C	1	1	Sep 06, 2024	4081839
JAK3	R350W	1	1	-	4082102
CREBBP	M1610I	0	1	-	4082125
BMP1	R279G	1	1	Sep 05, 2025	4082206
RAC1	G60R	1	1	Sep 15, 2025	4082372
EP300	L633P	1	1	May 02, 2023	4082423
SOX2	R43L	1	1	Mar 06, 2025	4082573
ALG3	L189P	1	1	Mar 04, 2025	4082581
SCN1A	P1905L	1	1	Feb 28, 2025	4083323
NOTCH1	C182Y	1	1	Mar 14, 2025	4083382
UBAP1	N198S	0	2	Aug 01, 2025	4083725
TNRC6B	N65S	0	1	Aug 01, 2025	4084171
CEP85L	L729S	0	1	Aug 01, 2025	4084197
KLF11	K171R	0	1	Jul 01, 2025	4084415
AFF2	R597H	0	1	Jul 01, 2025	4084482
KDM5C	T1185A	0	1	Jul 01, 2025	4084628
D2HGDH	A474T	1	1	Jul 01, 2025	4084883
TAOK1	D373Y	0	1	Jul 01, 2025	4084901
AFF2	C962F	0	1	Jun 01, 2025	4084932
COL6A2	I234T	0	1	Jun 01, 2025	4084991
CHD3	A1597T	0	1	Aug 01, 2025	4085035
D2HGDH	K380R	1	1	Jul 01, 2025	4085421
SMARCA4	Q788P	1	1	May 01, 2026	4085568
TPM1	A242T	1	1	Aug 01, 2025	4085578
KIAA0319L	P962A	0	1	Aug 01, 2025	4085614
NDP	C110Y	1	1	Jul 01, 2025	4085992
PTH1R	P119L	1	1	Aug 23, 2025	4086058
LAMA4	Q520H	0	1	Aug 23, 2025	4086060
PARS2	D424V	1	1	Aug 23, 2025	4086062
CHD3	M763T	1	1	Sep 15, 2025	4086072
CLCN5	P607R	1	1	-	4086171
TNNI3	D152E	1	1	-	4086222
CHD3	E1376G	1	1	Sep 26, 2025	4087719
KIDINS220	T1105A	0	1	Jun 24, 2025	4092009
ANKRD11	D1675E	0	1	Aug 01, 2025	4100443
ANKRD11	P2188L	0	1	Jul 02, 2025	4100478
ANKRD11	S2237C	0	1	Jul 02, 2025	4100601
ANKRD11	E1018K	0	1	Jan 16, 2026	4100763
ANKRD11	G2262D	0	1	Aug 22, 2025	4100769
ITGB6	N698S	0	1	Aug 21, 2025	4088522
KDM6A	G74D	0	1	Jul 08, 2025	4091369
KIAA0319L	N210S	0	1	Aug 27, 2025	4091618
LBR	A189T	0	1	Aug 11, 2025	4096811
ANKRD11	P1315R	0	1	Aug 29, 2025	4100318
LAMA4	E639K	0	1	Jun 18, 2025	4096199
LAMA4	N30S	0	1	Aug 20, 2025	4096217
LUZP1	A180V	0	1	Aug 11, 2025	4101514
KLK4	A20T	0	1	Aug 03, 2025	4094074
KLKB1	V562I	0	1	Aug 19, 2025	4094116
LGI4	I508V	0	1	Jul 31, 2025	4097501
LRRK1	T37M	0	1	Jun 25, 2025	4100922
LRRK1	K1181R	0	1	Aug 12, 2025	4100937
MIB2	R655Q	0	1	Aug 31, 2025	4107616
MIB2	A744T	0	1	Jul 02, 2025	4107641
MIB2	D235E	0	1	Jul 01, 2025	4107646
MMP9	L533F	0	1	Aug 26, 2025	4109196
MUTYH	V328A	0	1	Aug 27, 2025	4112842
MUTYH	S486T	0	1	Sep 05, 2025	4112846
MUTYH	G356V	0	1	Aug 20, 2025	4112876
MUTYH	Q78R	0	1	Jun 25, 2025	4112893
MUTYH	A41T	0	1	Sep 09, 2025	4112894
MUTYH	R482M	0	1	Aug 22, 2025	4112904
MUTYH	D91N	0	1	Aug 28, 2025	4112905
MUTYH	H312Q	0	1	Aug 27, 2025	4112931
METTL27	D133N	0	1	Aug 21, 2025	4106996
METTL27	P10S	0	1	Aug 14, 2025	4106997
MUC1	A161T	0	1	Aug 22, 2025	4112207
MUTYH	Q233R	0	1	Aug 27, 2025	4113839
MUTYH	E275Q	0	1	Aug 27, 2025	4113899
MUTYH	A17S	0	1	Aug 27, 2025	4113907
MCM4	T313A	0	1	Aug 29, 2025	4105147
ANKRD55	R341G	0	1	Aug 04, 2025	4108413
MTFMT	A238V	0	1	Aug 10, 2025	4111704
MUTYH	N503S	0	1	Aug 27, 2025	4113409
MUTYH	S507P	0	1	Aug 27, 2025	4113426
MUTYH	H514P	0	1	Aug 27, 2025	4113456
MUTYH	P44Q	0	1	Aug 27, 2025	4113511
MUTYH	A67V	0	1	Aug 27, 2025	4113582
MAN2B2	V613M	0	1	Aug 20, 2025	4102778
MBD5	H1610Q	0	1	Aug 02, 2025	4104691
MBD5	L594V	0	1	Jun 19, 2025	4104694
MPO	I664L	0	1	Sep 05, 2025	4109867
MUTYH	E385G	0	1	Aug 27, 2025	4113115
MUTYH	H407R	0	1	Aug 27, 2025	4113166
MUTYH	E413Q	0	1	Aug 27, 2025	4113173
MUTYH	Q470E	0	1	Aug 27, 2025	4113279
MUTYH	M478K	0	1	Aug 27, 2025	4113311
MUTYH	S487T	0	1	Aug 27, 2025	4113345
MUTYH	C489S	0	1	Aug 27, 2025	4113348
NSD1	V799I	0	1	Jun 20, 2025	4122970
NSD1	I790M	0	1	Jun 17, 2025	4122973
NSD1	R553K	0	1	Jun 17, 2025	4122974
NSD1	S2334F	0	1	Jul 14, 2025	4122977
MYO9A	V1047I	0	1	Aug 02, 2025	4115805
MYO9A	T828A	0	1	Sep 04, 2025	4115834
NLRP5	S579L	0	1	Aug 25, 2025	4120737
NLRP5	V897I	0	1	Jun 18, 2025	4120712
NLRP5	R393H	0	1	Aug 27, 2025	4120730
NPHS1	Q1211E	0	1	Aug 26, 2025	4122123
APOA5	P215S	0	1	Aug 12, 2025	4124161
OPN1MW	A350T	0	1	Sep 11, 2025	4125693
APOL1	V346L	0	1	Jul 15, 2025	4127282
OSMR	S811N	0	1	Aug 06, 2025	4129194
NDUFAF8	T69M	0	1	Jul 22, 2025	4118278
NDUFV1	R401K	0	1	Aug 05, 2025	4118334
NKAP	S224G	0	1	Sep 11, 2025	4120209
NKAP	R196K	0	1	Jul 04, 2025	4120210
NOTCH1	F1744L	0	2	Sep 11, 2025	4121668
ODAD3	H169Y	0	1	Aug 30, 2025	4125203
PML	I533V	0	1	Aug 13, 2025	4140411
PARS2	I390T	0	1	Aug 12, 2025	4131235
ABCD1	Q611H	1	2	Aug 12, 2025	4136564
PTH1R	P269L	0	1	Sep 05, 2025	4147200
ROR2	A894T	0	1	Jun 24, 2025	4156134
ROR2	I552V	0	1	Aug 23, 2025	4156139
RP1	A851T	0	1	Jun 29, 2025	4156214
PRR12	P1670L	0	1	Aug 24, 2025	4145106
PRKN	D62E	0	1	Aug 09, 2025	4144570
RAI1	P1398L	0	1	Aug 08, 2025	4150084
RNF168	A101V	0	1	Aug 04, 2025	4155347
RNF168	R350K	0	1	Sep 10, 2025	4155356
RAD21	E453D	0	1	Jun 19, 2025	4149683
RAD21	S454P	0	1	Jun 19, 2025	4149684
RBBP8	C30Y	0	1	Sep 10, 2025	4151322
RBBP8	R730Q	0	1	Aug 25, 2025	4151325
RINT1	L365S	0	1	Jul 04, 2025	4154575
RIPK4	D729N	0	1	Aug 12, 2025	4154725
RTEL1	Q852E	0	1	Jul 09, 2025	4157590
RTEL1	H1058R	0	1	Jul 10, 2025	4157595
RTEL1	D894G	0	1	Jul 25, 2025	4157619
RTEL1	D772G	0	1	Aug 02, 2025	4157636
RTEL1	A413V	0	1	Aug 02, 2025	4157639
RTEL1	V643I	0	1	Aug 12, 2025	4157663
RTEL1	A913D	0	1	Aug 13, 2025	4157665
RTEL1	I505V	0	1	Aug 20, 2025	4157678
SETD1A	R944Q	0	2	Apr 01, 2026	4163096
SETD1A	A323T	0	1	Aug 05, 2025	4163100
SETD1A	T996N	0	1	Aug 02, 2025	4163102
SETD1A	M519V	0	1	Aug 21, 2025	4163111
SLC12A3	Y37C	0	1	Aug 31, 2025	4165954
SLC26A3	M348I	0	1	Aug 29, 2025	4167195
SIN3B	D1021N	0	1	Jun 18, 2025	4165380
SMARCA4	S1417R	0	1	Jun 25, 2025	4170136
SECISBP2	T219S	0	1	Jun 18, 2025	4161861
SLC36A2	P23S	0	1	Aug 25, 2025	4167988
SLC36A2	Y188H	0	1	Aug 29, 2025	4167992
TAF6	T187A	0	1	Jul 15, 2025	4179723
STAG1	R301H	1	1	Jul 30, 2025	4176068
TBCE	T105I	0	1	Aug 28, 2025	4181078
TBX19	S260A	0	1	Aug 12, 2025	4181239
SOHLH1	G292R	0	1	Aug 02, 2025	4171721
TGM6	S455R	0	1	Jul 02, 2025	4183725
TNRC6B	S1161T	0	1	Aug 24, 2025	4188450
TRAPPC10	R1140Q	0	1	Aug 04, 2025	4190041
TRAPPC10	R728K	0	1	Jun 18, 2025	4190051
TRAPPC9	F271L	0	1	Aug 28, 2025	4190157
TTR	V48M	1	2	Nov 17, 2025	4193819
TRAF3IP2	R180Q	0	1	Jul 15, 2025	4189782
UBAP1	N277S	0	1	Aug 13, 2025	4194755
UBAP1	A84E	0	1	Aug 22, 2025	4194762
UQCRC2	N421D	0	1	Aug 13, 2025	4196577
UROC1	R502Q	0	1	Aug 03, 2025	4196750
TYMS	E150D	0	1	Sep 11, 2025	4194481
TYMS	L13S	0	1	Aug 23, 2025	4194483
USP45	A722V	0	1	Aug 11, 2025	4197729
WDR37	T345M	0	1	Aug 26, 2025	4200676
WDR37	T167P	0	1	Aug 13, 2025	4200677
WDR37	P169A	0	1	Jul 12, 2025	4200679
BDP1	S1361L	0	1	Aug 10, 2025	4204171
BDP1	V792I	0	1	Jul 12, 2025	4204201
UVSSA	R41H	0	1	Aug 25, 2025	4198231
WEE2	F448L	0	1	Jul 03, 2025	4201289
WEE2	I176T	0	1	Jul 12, 2025	4201290
BFSP1	V240A	0	1	Aug 02, 2025	4206513
ZNF148	V587A	0	1	Aug 01, 2025	4206599
VPS45	I370V	0	1	Aug 15, 2025	4199302
BDP1	C743R	0	1	Aug 21, 2025	4204373
BDP1	R989K	0	1	Aug 30, 2025	4204595
ZMPSTE24	P53L	0	1	Aug 11, 2025	4206149
ZMYM2	M375T	0	1	Aug 02, 2025	4206174
BMP1	R76Q	0	1	Aug 15, 2025	4214232
BMP15	R75Q	0	1	Aug 28, 2025	4214253
ACP4	E90K	0	1	Aug 07, 2025	4217775
ACP4	R25Q	0	1	Aug 14, 2025	4217786
ACP4	R135H	0	1	Aug 28, 2025	4217818
C8A	I252V	0	1	Aug 23, 2025	4217456
CARD14	G519D	0	1	Aug 11, 2025	4219080
CDK4	K211R	0	1	Jul 17, 2025	4224572
CDK4	E86D	0	1	Jul 31, 2025	4224575
CDK4	D228A	0	1	Aug 19, 2025	4224577
CDK5RAP2	T1005M	0	1	Jul 15, 2025	4224629
CDK5RAP2	E362K	0	1	Aug 29, 2025	4224630
ZNRF3	R874Q	0	1	Aug 25, 2025	4213392
CEP126	R134Q	0	1	Aug 13, 2025	4225832
CEP126	A926T	0	1	Aug 24, 2025	4225840
CBLIF	S10N	0	1	Aug 21, 2025	4219982
CBX2	R92H	0	1	Aug 13, 2025	4220047
CCDC88A	L675F	0	1	Jul 15, 2025	4221695
CCND2	R22Q	0	1	Jul 12, 2025	4222059
CCNF	R688C	0	1	Aug 11, 2025	4222087
CEP85L	V252I	0	1	Aug 11, 2025	4226534
D2HGDH	R481K	0	1	Aug 24, 2025	4237252
CHEK1	I414V	0	1	Jul 15, 2025	4227980
CYP1B1	P160L	0	1	Sep 01, 2025	4236721
CYP21A2	W406R	0	1	Aug 30, 2025	4236740
CHD3	R1987Q	0	1	Aug 08, 2025	4227745
CHD3	R1635C	0	1	Aug 28, 2025	4227747
CHD3	M991T	0	1	Aug 05, 2025	4227748
CHD3	G1932R	0	1	Jul 02, 2025	4227752
CHD3	L1610P	0	1	Aug 14, 2025	4227755
CNOT3	T478A	0	1	Jun 19, 2025	4230934
ADAMTSL2	I342V	0	1	Jul 11, 2025	4232782
DGKE	V119A	0	1	Aug 21, 2025	4239844
CHST8	P98L	0	1	Sep 10, 2025	4228667
COL3A1	G261S	1	2	Sep 05, 2025	4232233
COL3A1	G687R	1	1	Jul 30, 2025	4232240
ADAMTSL1	L1132V	0	1	Jul 15, 2025	4232398
ADAMTSL1	S1365N	0	1	Sep 11, 2025	4232401
CRIM1	G252S	0	1	Aug 11, 2025	4234145
CTSF	S28R	0	1	Jun 16, 2025	4235858
DISP1	M1083I	0	1	Aug 29, 2025	4240820
DYRK1A	L84V	0	1	Sep 01, 2025	4245909
EOMES	A69T	0	1	Jul 12, 2025	4249438
EP300	S150L	0	1	Jul 22, 2025	4249446
EP300	G266V	0	1	Jul 31, 2025	4249461
EP300	P731A	0	1	Aug 30, 2025	4249466
AGGF1	N308S	0	1	Jun 18, 2025	4251440
AFF2	R870H	0	1	Aug 11, 2025	4247526
EEF2	D531A	1	1	Oct 08, 2025	4246759
EMILIN1	A280T	0	1	Aug 26, 2025	4248665
F13A1	M513V	0	1	Jun 16, 2025	4252289
F13A1	E44D	0	1	Aug 10, 2025	4252293
ADNP	I916F	0	1	Aug 24, 2025	4244651
GNS	V307I	0	1	Aug 30, 2025	4264761
GPR179	R1410K	0	1	Aug 20, 2025	4265985
FSHR	S673P	0	1	Jun 18, 2025	4260250
GAS2L2	V72I	0	1	Aug 03, 2025	4262017
GAS2L2	S742L	0	1	Aug 22, 2025	4262018
GJA3	D43E	0	1	Aug 13, 2025	4263839
HCN1	S833G	0	1	Aug 07, 2025	4269169
HDAC4	V646M	0	1	Aug 10, 2025	4269299
HDAC4	R1034H	0	1	Sep 03, 2025	4269301
GP6	G285E	0	1	Aug 22, 2025	4265265
GP6	S293N	0	1	Aug 26, 2025	4265269
H1-4	P118R	0	1	Aug 22, 2025	4268282
H1-4	P173S	0	1	Jun 25, 2025	4268283
H1-4	A158V	0	1	Aug 27, 2025	4268284
H1-4	G37R	0	1	Aug 04, 2025	4268286
H1-4	A47T	0	1	Aug 14, 2025	4268288
H1-4	S78N	0	1	Aug 29, 2025	4268290
ITGA2	I806L	0	1	Aug 12, 2025	4277146
HEATR3	N449S	0	1	Aug 27, 2025	4269505
HEATR3	T591A	0	1	Aug 25, 2025	4269509
HNRNPU	A80V	0	1	Jun 25, 2025	4271552
HYAL2	R153Q	0	1	Aug 30, 2025	4273045
ALPI	V373I	0	1	Aug 09, 2025	4276465
IRF2BPL	E359D	0	1	Jun 17, 2025	4276709
IGSF3	S357G	0	1	Sep 05, 2025	4274508
HPS5	R337K	0	1	Jun 29, 2025	4272075
COL4A5	C1482G	1	1	Apr 10, 2025	4277232
COL4A5	G684R	1	1	Aug 15, 2025	4277260
GJA3	D47G	1	1	Sep 18, 2025	4277287
BBS9	A750G	1	1	Aug 06, 2025	4277325
SCN1A	T184P	1	1	Sep 24, 2025	4277462
TPM1	L94Q	1	1	Sep 24, 2025	4277488
COL11A1	G1303D	1	1	Sep 24, 2025	4277508
CSF1R	D802G	1	1	Sep 10, 2025	4277572
COL4A5	P1118R	1	1	Sep 10, 2025	4277605
F13A1	R78H	1	1	Sep 10, 2025	4277619
ATP8B1	L213I	1	1	Sep 10, 2025	4277624
DPP9	R828C	1	1	Sep 10, 2025	4277662
CIROP	E376K	1	1	Sep 10, 2025	4277705
LAMA4	S1615G	1	1	Sep 10, 2025	4277792
GALNT3	H563P	1	1	Sep 10, 2025	4277847
TBX19	T189I	1	1	Sep 10, 2025	4277977
DGKE	G130D	1	1	Sep 10, 2025	4278125
COL4A5	G48E	1	1	Sep 10, 2025	4278145
CFTR	T604A	1	1	Sep 10, 2025	4278170
SLC26A3	G128S	1	1	Sep 10, 2025	4278173
TNRC6B	T1666M	1	1	Sep 10, 2025	4278328
SCN1A	D1137H	1	1	Sep 10, 2025	4278335
SMARCE1	P69L	1	1	Apr 03, 2025	4278586
SLC26A4	I136N	1	1	Sep 21, 2022	4278592
NKAP	R360C	1	1	May 18, 2024	4278625
JAK3	R101G	1	1	Mar 31, 2025	4278628
CREBBP	R1446P	1	1	Nov 26, 2024	4278636
IGF1R	F1131V	1	1	Mar 31, 2025	4278639
GABRG2	R177P	1	1	Aug 20, 2025	4279025
SLC7A9	Q177R	1	1	Aug 11, 2025	4279041
TNNI3	V188G	1	1	Aug 27, 2025	4279105
KRAS	K117R	1	1	May 02, 2025	4279977
CFTR	I853T	1	1	Mar 01, 2024	4280024
GATA2	C373G	1	1	Feb 03, 2025	4280067
DGKE	P498R	1	1	Sep 26, 2025	4280381
ABCD1	A396E	1	1	Mar 12, 2024	4280627
COL4A5	G1095V	1	1	Sep 16, 2025	4280671
NIPA2	A75T	0	1	Sep 01, 2025	4280789
AFF2	K632E	0	1	Sep 01, 2025	4281052
NSD1	R1019C	0	1	Sep 01, 2025	4281214
EXT1	S77G	0	1	Sep 01, 2025	4281292
COL4A5	G138R	1	2	Dec 01, 2025	4281540
F13A1	L355P	1	1	Apr 11, 2025	4282351
RAI1	A241G	1	1	Apr 17, 2025	4282354
FGFR2	N549D	1	1	Apr 09, 2025	4282428
RAD21	G92S	1	1	Apr 08, 2025	4282467
MEF2C	M29I	1	1	Sep 22, 2025	4291113
COL6A2	K267N	1	1	Sep 30, 2025	4291124
ABCD1	R104P	1	1	Feb 25, 2025	4291723
TTR	F64Y	1	1	Apr 11, 2025	4292006
SCN1A	R1645G	1	1	Jun 27, 2024	4292082
STAT1	K388N	1	1	Apr 09, 2025	4292085
SOD1	I113M	1	1	Mar 14, 2025	4292153
L2HGDH	G156V	1	1	Dec 26, 2024	4292202
COL4A5	G233D	1	1	Jul 25, 2024	4292640
NSD1	P1726L	1	1	Feb 13, 2025	4292886
COL4A5	G576R	1	1	Mar 13, 2025	4293430
COL4A5	G270E	1	1	Dec 09, 2024	4293573
KCNJ11	V59A	1	1	Aug 14, 2024	4293637
SCN1A	V1350A	1	1	May 10, 2025	4293649
BCKDK	R312S	1	1	Oct 17, 2025	4294341
GATA4	R307T	1	1	Oct 28, 2025	4294343
SLC26A4	R24G	1	1	Dec 12, 2022	4294355
CHD3	L1080F	1	1	Feb 16, 2023	4294357
GABRG2	T310P	1	1	Jan 14, 2025	4294391
NEK10	M662K	1	1	Aug 15, 2025	4294416
MUC1	S1032T	0	1	Dec 01, 2025	4296269
NSD1	R2039H	1	1	Nov 05, 2025	4314458
NSD1	G1589R	1	1	Oct 07, 2024	4314447
SURF1	G124R	1	1	Oct 06, 2025	4353612
COL4A5	G279C	1	1	Sep 11, 2025	4463793
CACNA1F	R290C	1	1	Sep 25, 2025	4492034
COL4A5	G1391W	1	1	Jul 21, 2025	4525740
COL3A1	G1074V	1	1	Oct 22, 2025	4525913
COL4A5	G1193E	1	1	Jul 10, 2025	4525996
SETD1A	Q825R	0	1	Aug 23, 2025	4526384
GABRA2	S299R	1	1	Oct 24, 2025	4526429
FOS	R155C	1	1	-	4526463
COL4A5	G343R	1	1	Nov 26, 2024	4526560
SLC7A9	Q237K	1	1	Oct 03, 2025	4526834
CLCN5	L539R	1	1	Oct 03, 2025	4526843
CLCN5	G600V	1	1	Oct 03, 2025	4526846
SCN1A	A1343G	1	1	Apr 18, 2025	4527372
FGFR2	Y340N	1	1	May 08, 2025	4528017
SCN1A	C1354Y	1	1	Apr 28, 2025	4528262
SCN1A	P791T	1	1	Sep 09, 2025	4530658
CYP1B1	S485F	1	3	Nov 19, 2025	4530671
CYP1B1	R523T	1	3	Nov 19, 2025	4530672
FGFR2	N331I	1	1	Dec 17, 2025	4530776
SMARCE1	E120K	1	1	May 16, 2025	4530782
SCN1A	T1570S	1	1	May 20, 2025	4530864
EYA1	L513P	1	1	-	4531236
SCN1A	L1318R	1	1	-	4531255
SLC26A4	L506R	1	1	-	4531292
SLC16A2	G462W	1	1	Jul 30, 2025	4531351
ATL1	K345E	1	1	Oct 27, 2025	4531482
IGF1R	Y113C	1	1	Oct 29, 2024	4531516
CREBBP	L1747R	1	1	Oct 24, 2025	4531607
SLC12A3	T352K	1	1	Oct 02, 2025	4531615
COL11A1	G481R	1	1	Jan 30, 2025	4531636
TAOK1	N229K	1	1	Nov 25, 2024	4531644
SMARCA4	E533K	1	1	Sep 14, 2025	4531702
SCN1A	D823V	1	1	Oct 10, 2024	4531780
SCN1A	K276E	1	1	Aug 27, 2025	4531781
ADA2	D502G	1	1	Oct 07, 2025	4531812
EP300	D1507E	1	1	Mar 19, 2025	4531854
FSHR	I545V	0	1	Apr 29, 2025	4531865
ALG3	R163H	1	1	Sep 09, 2025	4531886
CSF1R	P818H	1	1	Jan 16, 2025	4531974
NSD1	Y2142H	1	1	Feb 06, 2025	4531987
MEF2C	T20K	1	1	Nov 16, 2025	4532004
EPHB4	G622C	1	1	Feb 22, 2026	4532045
RAC1	D57E	1	1	Oct 31, 2025	4532075
MARK2	G770D	1	1	Jun 12, 2025	4532117
PCDH19	D264N	1	1	Apr 17, 2025	4532135
COL4A5	G204S	1	2	Sep 23, 2025	4532139
COL4A5	G1282E	1	1	Dec 19, 2024	4532143
COL4A5	G1433S	1	1	Oct 30, 2025	4532144
COL4A5	C1644G	1	1	Dec 13, 2024	4532146
COL4A5	G1303D	1	1	Oct 02, 2025	4532255
SLC26A4	G222V	1	1	May 30, 2025	4532316
PURA	R199H	1	1	Nov 28, 2025	4532782
RFC4	L289R	1	1	Sep 26, 2025	4532813
COL4A5	A1656E	1	1	Dec 04, 2025	4533196
TFE3	R196P	1	1	Dec 03, 2025	4533212
SCN1A	F1415V	1	1	Nov 07, 2025	4533267
PLCH1	L1566R	0	1	Oct 01, 2025	4533534
TFE3	A223T	0	1	Oct 01, 2025	4533590
CDK5RAP2	Q958P	0	1	Oct 01, 2025	4533726
SETD1A	P595S	0	1	Nov 01, 2025	4533789
MAN2B2	A54P	0	1	Nov 01, 2025	4533807
WDR37	A6S	0	1	Nov 01, 2025	4534131
SCN1A	M1714K	1	1	Oct 01, 2025	4534623
SCN1A	M956V	1	1	Nov 01, 2025	4534624
H1-4	A120T	0	1	Nov 01, 2025	4534645
CEP85L	K660E	0	1	Oct 01, 2025	4534729
CACNA1F	A78V	0	1	Nov 01, 2025	4535278
SCN1A	K1654E	1	1	Nov 01, 2025	4535410
CYP1B1	P118R	1	1	Sep 25, 2025	4535961
COL4A5	L1469R	1	1	Sep 04, 2025	4537369
CREBBP	M1385K	1	1	-	4537392
ATL1	A277P	1	1	-	4537484
CYP21A2	A363V	1	1	Oct 09, 2025	4538550
SCN1A	L969F	1	1	Jan 05, 2026	4538581
RAC1	K116N	1	1	Jun 27, 2025	4539929
TTR	T95A	1	1	Jul 15, 2025	4542259
RTEL1	A101T	1	1	Apr 01, 2025	4542399
COL4A5	G207C	1	1	Nov 09, 2025	4542494
MIB2	V870I	0	1	Oct 29, 2025	4551514
LUZP1	K387R	0	1	Nov 03, 2025	4548521
NLRP5	K35E	0	1	Sep 25, 2025	4558107
NLRP5	M935I	0	1	Nov 11, 2025	4558118
NLRP5	L414F	0	1	Dec 11, 2025	4558120
CTRC	R195M	0	1	Sep 29, 2025	4560144
NLRP5	R405C	0	1	Nov 26, 2025	4558102
NOS1	G142S	0	1	Sep 22, 2025	4558650
PML	R861Q	0	1	Nov 05, 2025	4569962
PML	R670H	0	1	Sep 27, 2025	4569967
ANKRD11	L758P	0	1	Nov 19, 2025	4578023
ANKRD11	T1214A	0	1	Oct 18, 2025	4578039
ANKRD11	K1278E	0	1	Oct 21, 2025	4578196
ANKRD11	C958S	0	1	Oct 30, 2025	4578225
ANKRD11	V2221L	0	1	Dec 02, 2025	4578266
ADNP	P895R	0	1	Oct 07, 2025	4570882
AGRN	H1559R	0	1	Nov 17, 2025	4572568
ANKRD11	S2051L	0	1	Oct 15, 2025	4577889
ANKRD11	Q1150R	0	1	Dec 05, 2025	4577967
STT3B	T651S	0	1	Sep 28, 2025	4590942
BFSP1	T603A	0	1	Nov 25, 2025	4596125
BFSP1	H154R	0	1	Sep 26, 2025	4596154
ATAD3A	I301V	0	1	Nov 26, 2025	4589851
ATAD3A	R520Q	0	1	Sep 21, 2025	4589892
BUB1B	T493A	0	1	Oct 28, 2025	4599690
BUB1B	V526I	0	1	Oct 05, 2025	4599934
CAMTA1	S1012N	0	1	Sep 25, 2025	4604870
WEE2	R563H	0	1	Oct 28, 2025	4605032
USP45	R563H	0	1	Oct 21, 2025	4603065
USP45	R411Q	0	1	Nov 26, 2025	4603076
CAMTA1	I37M	0	1	Oct 15, 2025	4604796
CARD14	L556P	0	1	Oct 29, 2025	4605664
TRPM4	H453R	0	1	Nov 12, 2025	4615285
TTR	F84I	1	1	Nov 17, 2025	4615388
CHSY1	N562S	0	1	Nov 26, 2025	4615593
ERCC6	I800V	0	1	Oct 21, 2025	4618694
FXN	S81T	0	1	Sep 22, 2025	4620433
HYAL2	R349Q	0	1	Dec 04, 2025	4621870
INPP5K	R176Q	0	1	Oct 30, 2025	4622093
INVS	L666P	0	1	Nov 20, 2025	4622166
LFNG	N280S	0	1	Nov 13, 2025	4623619
LIPE	M842T	0	1	Oct 14, 2025	4623699
LRIT3	P354S	0	1	Nov 25, 2025	4623836
TBX1	A362T	0	1	Nov 05, 2025	4615059
HDAC4	S925N	0	1	Sep 25, 2025	4621386
HDAC4	S678N	0	1	Sep 27, 2025	4621388
LAMA4	V631I	0	1	Sep 30, 2025	4614438
LMF1	T395S	0	1	Nov 17, 2025	4614521
COL4A5	P1129L	0	1	Nov 03, 2025	4616279
DYNC2I2	G8R	0	1	Oct 02, 2025	4618165
KDM5C	T1184A	0	1	Nov 19, 2025	4622816
KDM6A	H649P	0	1	Oct 28, 2025	4622819
CEP85L	R380W	0	1	Sep 22, 2025	4613964
CEP85L	I186T	0	1	Dec 11, 2025	4613966
EPHB4	S292G	0	1	Nov 20, 2025	4614150
GNPAT	I672V	0	1	Sep 25, 2025	4620970
GP6	P311L	0	1	Nov 24, 2025	4621012
GPNMB	I490V	0	1	Sep 26, 2025	4621059
GYS1	N626S	0	1	Sep 26, 2025	4621254
MSRB3	T167A	0	1	Nov 05, 2025	4625240
MTTP	I725V	0	1	Nov 03, 2025	4625321
MYO18B	R2178W	0	1	Dec 11, 2025	4625504
MYO18B	S1656L	0	1	Oct 21, 2025	4625520
MYO18B	N2234D	0	1	Nov 26, 2025	4625525
RAI1	G1454V	0	1	Oct 07, 2025	4628797
RAI1	T207S	0	1	Nov 12, 2025	4628807
RBBP8	K547R	0	1	Nov 19, 2025	4628871
SETD1A	P434A	0	1	Oct 15, 2025	4630537
SETD1A	N50S	0	1	Oct 30, 2025	4630540
SETD1A	R1266H	0	2	Dec 03, 2025	4630543
SETD1A	P1310A	0	1	Oct 23, 2025	4630556
STAG1	N410I	0	1	Oct 18, 2025	4632330
STAG3	R90Q	0	1	Sep 22, 2025	4632347
STS	V261M	0	1	Dec 02, 2025	4632436
TULP3	R291Q	0	1	Oct 21, 2025	4633973
OSMR	R403Q	0	1	Oct 28, 2025	4626710
OSMR	N172S	0	1	Sep 26, 2025	4626713
PARS2	R19H	0	1	Sep 28, 2025	4626902
PRR12	A978T	0	1	Nov 24, 2025	4628491
PRR12	T1460S	0	1	Nov 24, 2025	4628512
SECISBP2	D595G	0	1	Nov 07, 2025	4630443
SOX2	P112L	1	2	Jan 24, 2026	4631863
ODAD2	D161G	0	1	Nov 20, 2025	4631920
TRAPPC9	T275A	0	1	Sep 24, 2025	4633541
TTC12	R128H	0	1	Nov 23, 2025	4633859
TTC12	V336L	0	1	Dec 09, 2025	4633860
TTC12	I126V	0	1	Oct 07, 2025	4633861
TTC12	S608G	0	1	Sep 25, 2025	4633870
NOTCH1	A39V	0	1	Sep 17, 2025	4635463
NSD1	G1497D	0	1	Dec 11, 2025	4626495
NSD1	R1660H	1	1	Nov 10, 2025	4626502
CDK4	V261I	0	1	Sep 16, 2025	4633106
THBD	H565Q	0	1	Nov 13, 2025	4633107
TMEM38B	A183S	0	1	Oct 07, 2025	4633232
WNT10B	P186S	0	1	Nov 12, 2025	4634818
ZNF148	A381V	0	1	Sep 25, 2025	4635145
ACP4	M156T	0	1	Nov 03, 2025	4636908
ALPI	R92H	0	1	Dec 11, 2025	4640095
MYO9A	F1647L	0	1	Oct 29, 2025	4625642
PJVK	I118V	0	1	Sep 28, 2025	4627700
RIGI	Q852K	0	1	Sep 22, 2025	4629168
RIPK4	Y671C	0	1	Nov 12, 2025	4629190
RIPK4	G366S	0	1	Oct 29, 2025	4629191
RIPK4	D669E	0	1	Nov 24, 2025	4629195
ROR2	M452V	0	1	Nov 26, 2025	4629313
RORC	Q124R	0	1	Oct 08, 2025	4629325
RTEL1	S189T	0	1	Oct 03, 2025	4629531
RTEL1	L418S	0	1	Nov 02, 2025	4629583
SLC16A2	G122R	1	1	Nov 13, 2025	4631014
ODAD1	E108K	0	1	Sep 26, 2025	4631071
TBK1	N388S	0	1	Dec 02, 2025	4632764
TFE3	V58I	0	1	Nov 26, 2025	4633009
WDR37	I225V	0	1	Oct 14, 2025	4634689
CCDC88A	V1570I	0	1	Dec 04, 2025	4649782
CCNF	R133H	0	1	Nov 24, 2025	4650051
CCNF	A269G	0	1	Oct 18, 2025	4650059
CCDC50	A343T	0	1	Nov 20, 2025	4649537
CCDC50	V290A	0	1	Nov 20, 2025	4649538
BDP1	M421V	0	1	Nov 02, 2025	4645661
BDP1	A1635T	0	1	Nov 20, 2025	4645689
BDP1	N2614S	0	1	Nov 26, 2025	4645693
BDP1	A1083T	0	1	Dec 10, 2025	4645694
B9D2	I161L	0	1	Dec 08, 2025	4645009
CEP126	S982N	0	1	Sep 28, 2025	4652200
CEP126	M392V	0	1	Nov 02, 2025	4652207
DPP9	K122R	0	1	Oct 22, 2025	4662007
EWSR1	T137A	0	1	Nov 26, 2025	4665707
CPT1C	P292L	0	1	Nov 08, 2025	4656296
CREB3L3	R385Q	0	1	Oct 17, 2025	4656525
CRIM1	A267V	0	1	Sep 27, 2025	4656600
CRIPTO	A144T	0	1	Oct 22, 2025	4656645
MUTYH	S35F	0	1	Nov 04, 2025	4659765
MUTYH	E167D	0	1	Sep 15, 2025	4659645
MUTYH	S296P	0	1	Sep 15, 2025	4659673
MUTYH	L237I	0	1	Sep 17, 2025	4659694
CHST8	T103A	0	1	Nov 26, 2025	4653697
CST3	A129T	0	1	Oct 24, 2025	4657324
GAS2L2	R393Q	0	1	Oct 28, 2025	4670928
POT1	H480Y	0	1	Dec 09, 2025	4673914
POT1	C464S	0	1	Sep 30, 2025	4673499
POT1	S317C	0	1	Oct 31, 2025	4673637
HEATR3	T356A	0	1	Oct 01, 2025	4675299
H1-4	K23T	0	1	Nov 24, 2025	4674613
H1-4	A69V	0	1	Dec 08, 2025	4674615
ERCC6	Q953K	1	1	Jul 03, 2025	4680870
FGFR2	T341M	1	1	Jul 02, 2025	4680903
CEP85L	K646E	0	1	Dec 01, 2025	4681583
EMILIN1	R336Q	0	1	Dec 01, 2025	4681624
SCN1A	F1678Y	1	1	Jan 01, 2026	4681902
KCNJ11	G334S	1	1	Jan 09, 2025	4682447
COL11A1	G1345V	1	1	Apr 24, 2025	4683163
WDR37	L77I	0	1	Sep 28, 2022	4683478
WDR37	A443V	0	1	Sep 09, 2025	4683479
ATL1	T550I	0	1	Jul 29, 2025	4683855
INPP5K	S33R	0	1	Nov 28, 2025	4684167
PLD3	R424C	0	1	Dec 24, 2024	4684375
PLD3	D477G	0	2	Apr 25, 2025	4684376
CAMTA1	A385V	0	1	Jul 14, 2025	4684556
COL3A1	G231R	1	1	Dec 04, 2025	4684981
ZIC2	H357Q	1	1	Mar 07, 2025	4685000
SCN1A	G1725C	1	1	Jul 09, 2025	4685065
DNM1	V174M	1	1	Jul 11, 2025	4685075
D2HGDH	T266I	1	1	Jul 09, 2025	4685138
ZIC2	R409P	1	1	Jul 01, 2025	4685230
ADA2	G48W	1	1	-	4685454
VPS35L	F294S	1	1	Jan 07, 2026	4685472
HDAC4	E247K	1	1	-	4685502
SLC26A3	M136V	1	1	Dec 31, 2025	4685520
POU3F4	R329P	1	1	Nov 18, 2025	4685572
CACNA1D	F747L	1	1	May 05, 2025	4686615
OSMR	N846Y	0	1	-	4686619
SLC26A4	D669V	1	2	Jan 15, 2026	4686660
NSD1	R358W	0	1	Jan 26, 2026	4687852
KMT2E	G295C	0	1	Jan 28, 2026	4687860
ACP4	L85P	1	1	Jan 22, 2026	4687880
ACP4	M282T	1	1	Jan 22, 2026	4687882
SOD1	G73D	1	1	Jun 03, 2025	4687924
FGFR2	Y656H	1	1	Jul 09, 2025	4687933
TPM1	E145D	1	1	Nov 25, 2024	4688011
SETD1A	E1700D	0	1	Jan 29, 2026	4688026
CAMTA1	V1318I	0	1	Jan 30, 2026	4688067
ASS1	G156D	1	2	Dec 11, 2025	4688391
MAN2B2	R903Q	0	1	May 06, 2026	4688943
MAN2B2	Q788R	0	1	May 06, 2026	4688945
MAN2B2	L961F	0	1	Jan 22, 2026	4689025
MAN2B2	A841V	0	1	Jan 22, 2026	4689075
MAN2B2	R681H	0	1	Jan 22, 2026	4689076
MAN2B2	Y676H	0	1	Jan 22, 2026	4689077
MAN2B2	M671T	0	1	Jan 22, 2026	4689078
MAN2B2	R365C	0	1	Jan 22, 2026	4689083
MAN2B2	G624R	0	1	Jan 21, 2026	4689130
MAN2B2	T892M	0	1	Jan 21, 2026	4689146
MAN2B2	I210F	0	1	Jan 28, 2026	4689158
MAN2B2	R97H	0	1	Jan 28, 2026	4689159
MAN2B2	R572H	0	1	Jan 28, 2026	4689163
GRIN2A	I514S	1	1	Aug 02, 2025	4689803
KRAS	T20M	1	1	Jul 30, 2025	4689816
EP300	Q1379E	1	1	Jul 29, 2025	4689846
SOS2	S16T	0	1	Aug 01, 2025	4694792
CYFIP2	L678V	0	1	Jun 23, 2025	4694983
NOTCH1	A1973T	0	1	Feb 24, 2025	4696367
GP6	A284V	0	1	Dec 14, 2025	4696555
INPP5E	E612V	1	1	Jan 04, 2026	4696572
KRAS	R68S	1	2	Jun 08, 2026	4698285
CSF1R	A95T	0	1	Aug 15, 2025	4698343
COL3A1	G603S	1	1	Sep 04, 2025	4698482
EP300	S2017A	0	1	Feb 01, 2026	4703053
EP300	D2392N	0	1	Jun 27, 2025	4704410
CREBBP	G268V	0	1	Jul 14, 2025	4690915
IQSEC2	A374V	0	1	Apr 22, 2025	4692792
SOS2	I668V	0	1	Apr 10, 2025	4694454
COL3A1	G654A	1	1	Nov 05, 2025	4694515
NSD1	K699R	0	1	Jul 14, 2025	4699518
EP300	M95V	0	1	Jun 14, 2025	4699623
SOD1	V15A	1	1	Nov 07, 2025	4699222
ITGB4	P200R	1	1	Jan 02, 2026	4701072
EP300	N1535S	0	1	Mar 20, 2025	4702307
IGF1R	G1122C	1	1	Sep 27, 2025	4695117
TNNI3	R186G	1	1	Oct 01, 2025	4695161
NOTCH1	R1368C	0	1	Mar 20, 2025	4695229
NSD1	P25S	0	1	Jan 13, 2026	4695307
TTR	T126I	1	1	Feb 12, 2025	4695352
IQSEC2	P7L	0	1	Mar 19, 2025	4698831
EP300	M2016V	0	1	May 30, 2025	4700378
RAI1	Q1035R	0	1	Oct 06, 2025	4703595
CREBBP	T573S	0	1	Nov 23, 2025	4703622
COL4A5	G1134D	1	1	Nov 10, 2025	4705906
CHRDL1	E369K	0	1	Jan 16, 2026	4703875
ASL	G66D	1	1	Sep 10, 2025	4705763
COL11A1	G1036R	0	1	May 02, 2025	4707351
NOTCH1	G1459D	0	1	Jun 08, 2025	4707524
NSD1	N1149S	0	1	Nov 03, 2025	4707526
ABCD1	D194E	1	1	Dec 03, 2025	4705094
NSD1	N1041K	0	1	Jul 09, 2025	4706581
SLC16A2	P59L	0	1	Dec 08, 2025	4708147
BCKDHA	P259H	1	1	May 19, 2025	4708281
TTR	Y134S	1	1	Dec 29, 2025	4710458
AVP	C98G	1	1	Apr 08, 2025	4710565
EP300	R2226Q	0	1	Oct 05, 2025	4710631
NDP	C126R	1	1	Jan 06, 2026	4710739
NDP	A118D	1	1	Jul 31, 2025	4710741
NDP	R41K	1	1	Jun 16, 2025	4710743
PCDH19	L433P	1	1	Jan 13, 2026	4710821
PCDH19	D375Y	1	1	Mar 30, 2025	4710822
SOS2	K1001N	0	1	Mar 19, 2025	4717208
STAG2	K36Q	1	1	Jul 16, 2025	4723329
TBK1	Q565P	1	2	Mar 06, 2026	4709988
ATL1	I333K	1	1	Apr 28, 2025	4710136
COL11A1	P1325S	0	1	Jul 09, 2025	4716775
RAI1	T69I	0	1	Jun 09, 2025	4718579
GP6	F286C	0	1	Jan 05, 2026	4718620
ADNP	W53R	0	1	Jun 16, 2025	4720315
SOS2	I522M	0	1	Nov 12, 2025	4709541
LPL	V227F	1	1	Oct 22, 2025	4709571
EXT1	R270W	1	1	Jun 22, 2025	4709656
HNRNPU	K544Q	0	1	Mar 31, 2025	4709706
ASS1	Y291S	1	2	Oct 01, 2025	4709708
FGFR2	K367E	0	1	Jul 28, 2025	4709774
SURF1	V177A	1	1	Jan 26, 2026	4709789
PURA	G39C	1	1	Oct 22, 2025	4709793
PURA	Q10R	0	1	Oct 02, 2025	4709796
PURA	S17P	0	1	Nov 18, 2025	4709798
KCNJ11	F333S	1	1	Oct 09, 2025	4709807
SERPING1	M1T	1	1	Feb 10, 2025	4709830
SERPING1	T68I	1	1	Mar 20, 2025	4709831
SERPING1	P476L	1	1	Mar 18, 2025	4709835
ATL1	P342L	1	1	Jun 27, 2025	4709884
ATL1	R198G	1	1	Oct 28, 2025	4709885
MEF2C	L449F	0	1	Jul 14, 2025	4709944
NDP	L61V	1	1	May 19, 2025	4711426
COL3A1	G888D	1	1	Apr 24, 2025	4718292
CYFIP2	L756R	0	1	Jul 21, 2025	4719926
COL4A5	G669S	1	1	Nov 18, 2025	4710867
ABCD1	P143A	1	1	Jan 02, 2026	4710903
KRT12	E147G	0	1	Jun 03, 2025	4711137
CD3G	M1T	1	1	Mar 26, 2025	4712950
HCN1	P862L	0	1	Mar 03, 2025	4715952
COL11A1	A231V	0	1	May 23, 2025	4720617
EYA1	T203A	0	1	Feb 18, 2025	4720706
TTR	Y98H	1	1	Jul 16, 2025	4722536
EYA1	A568T	0	1	May 16, 2025	4736798
CREBBP	T2380S	0	1	Oct 24, 2025	4736904
COL3A1	G675D	1	1	Aug 03, 2025	4724683
COL4A5	G1339C	1	1	Aug 04, 2025	4724832
NSD1	R1173C	0	1	Nov 09, 2025	4732930
SOS2	K895R	0	1	Apr 13, 2025	4727544
COL4A5	G973V	1	1	Dec 22, 2025	4733854
ANKRD11	E709Q	0	1	Mar 20, 2025	4737052
CREBBP	N435T	0	1	Mar 19, 2025	4738596
SELENON	M1L	1	1	Jul 22, 2025	4738773
KRT74	G515R	0	1	Jan 05, 2026	4740305
KMT2E	A768P	0	1	Dec 10, 2025	4740425
EP300	H2172L	0	1	Oct 06, 2025	4740488
RAI1	Y59H	0	1	Jan 05, 2026	4740532
EP300	T1061A	0	1	Sep 10, 2025	4741974
CREBBP	P1077L	0	1	Jun 19, 2025	4745583
GRIN2A	I461S	1	1	May 30, 2025	4745847
NSD1	R1984G	1	1	Feb 09, 2025	4747480
NOTCH1	N2058D	0	1	Nov 16, 2025	4738183
EP300	W1995C	0	1	Jan 28, 2026	4738272
KRT12	L146P	0	1	Jun 25, 2025	4738359
EP300	V863L	0	1	Jun 13, 2025	4739795
ADA2	G47E	1	1	Jun 08, 2025	4739836
NSD1	E1520K	0	1	Jan 09, 2026	4741595
NFKBIA	V160M	0	1	Jun 09, 2025	4743354
COL11A1	Q512R	0	1	May 26, 2025	4743399
COL11A1	G1378C	0	1	Sep 11, 2025	4743440
COL11A1	E1578Q	0	1	Jul 14, 2025	4743466
CREBBP	L2256V	0	1	Sep 17, 2025	4743598
DNM1	D180A	1	1	Jul 23, 2025	4745019
NOTCH1	A1325T	0	1	Dec 02, 2025	4745211
DBT	G75E	1	1	Mar 31, 2025	4746873
CYP1B1	C209R	1	1	Dec 24, 2025	4746965
SCN1A	P1739L	1	1	Jul 27, 2025	4747033
SCN1A	F1472S	1	1	Apr 02, 2025	4747042
SCN1A	S886F	1	1	Jan 04, 2026	4747056
SCN1A	Y317C	1	1	Jun 15, 2025	4747063
COL3A1	G264R	1	1	Aug 22, 2025	4747087
COL3A1	G501A	1	1	Nov 12, 2025	4747088
RTN4IP1	L356P	1	1	Aug 21, 2025	4737591
SLC16A2	Q502L	0	1	Aug 14, 2025	4737622
ANKRD11	R357S	0	1	Apr 21, 2025	4737706
NOTCH1	A683V	0	1	Jul 07, 2025	4737732
NOTCH1	L102M	0	1	Jun 06, 2025	4737743
ANKRD11	S957N	0	1	Jan 02, 2026	4739588
ANKRD11	A217V	0	1	Oct 21, 2025	4741158
EP300	Q2155L	0	1	Jul 09, 2025	4741352
EP300	A662T	0	1	Sep 11, 2025	4741463
NSD1	H740Y	0	1	Mar 11, 2025	4742949
KMT2E	K242E	0	1	Mar 31, 2025	4744639
RAI1	E511D	0	1	Dec 08, 2025	4744796
SCN1A	N1338D	1	1	Mar 13, 2025	4737183
ASL	M21I	1	1	Dec 29, 2025	4737329
GP6	L317P	0	1	Dec 10, 2025	4737395
COL4A5	A1381T	0	1	Oct 01, 2025	4739069
KRIT1	G235R	1	1	Feb 20, 2025	4739086
SLC36A2	R402H	0	1	Oct 15, 2025	4742565
EP300	S622C	0	1	Oct 10, 2025	4742688
DYRK1A	D148V	0	1	Aug 11, 2025	4744404
NSD1	V2034G	1	1	Aug 08, 2025	4746253
EP300	A662V	0	1	Feb 26, 2025	4748420
NOTCH1	E383K	0	1	Nov 15, 2025	4749916
FMO3	D232Y	1	1	Nov 16, 2025	4750109
SCN1A	D1866V	1	1	Mar 16, 2025	4750118
SCN1A	L224W	1	2	Jan 17, 2026	4750119
KDM5C	R1461Q	0	1	Apr 09, 2025	4751814
NOTCH1	G42D	0	1	Jun 07, 2025	4754549
NOTCH1	E564K	0	1	Aug 04, 2025	4754652
HNRNPU	G49D	0	1	Jul 08, 2025	4747642
CREBBP	A2226G	0	1	Feb 03, 2025	4747663
SOS2	A656T	0	1	Aug 09, 2025	4749620
TTR	I127T	1	1	Sep 15, 2025	4751063
NOTCH1	P60S	0	1	Jun 11, 2025	4749042
ABCD1	A62V	0	1	Oct 27, 2025	4749162
LRRK1	C568F	0	1	Mar 22, 2025	4752386
NOTCH1	S746R	0	1	Jun 15, 2025	4752549
NSD1	Q2579E	0	1	May 02, 2025	4752730
NOTCH1	A2548V	0	1	Dec 10, 2025	4752735
CHRDL1	V355I	0	1	Dec 27, 2025	4748477
GRIN2A	S1390L	0	1	Jun 29, 2025	4748549
SCN1A	D320N	0	1	Apr 18, 2025	4750307
RAI1	T1669A	0	1	May 05, 2025	4752332
KDM6A	P982L	0	1	Jul 30, 2025	4753736
CREBBP	M2314T	0	1	Feb 05, 2026	4755406
SETD1A	A756T	0	1	Feb 04, 2026	4755418
ABCD1	T632P	1	1	Jan 26, 2026	4755481
COL4A5	G615A	1	1	Jan 26, 2026	4755486
COL4A5	G1457R	1	1	Jan 26, 2026	4755487
GFM2	P732L	1	1	-	4755559
SETD1A	S290I	1	1	Aug 04, 2025	4755737
CSF1R	I646N	1	1	Feb 06, 2026	4756102
COL3A1	G1134A	1	1	Aug 18, 2025	4756180
COL3A1	G873A	1	1	Jul 10, 2025	4756700
COL3A1	G291S	1	1	Jul 14, 2025	4757428
COL3A1	G945D	1	1	Sep 03, 2025	4757844
COL3A1	G1125S	1	1	May 12, 2025	4758654
CAMTA1	H847R	0	1	Feb 09, 2026	4759212
COL11A1	G1153A	1	1	Mar 27, 2025	4759227
SMARCB1	R377L	1	1	Sep 01, 2025	4795211
CREBBP	L2121F	0	1	Jun 10, 2025	4759942
NPHP3	R170S	0	1	Jan 06, 2026	4761421
SOX2	T126M	0	1	Dec 04, 2025	4768258
GJA8	G46R	1	1	Jul 31, 2025	4768435
RAI1	P1798S	0	1	Oct 01, 2025	4770207
COL11A1	F60L	0	1	Mar 09, 2025	4764576
COL4A5	V1578M	0	1	Oct 16, 2025	4768037
SOS2	R1250G	0	1	Aug 17, 2025	4769713
CREBBP	I1649L	0	1	Apr 01, 2025	4772593
KDM5C	R1465L	0	1	Nov 21, 2025	4772763
CREBBP	Y1298F	0	1	Dec 19, 2025	4772855
KDM6A	S114C	0	1	Feb 10, 2025	4760539
KMT2E	S1002I	0	1	Jan 26, 2026	4760698
TPM1	L185F	1	1	Jul 27, 2025	4763869
SOS2	F1031S	0	1	Jan 10, 2026	4769212
COL11A1	D141G	0	1	Aug 06, 2025	4760193
KMT2E	T1136P	0	1	Jun 16, 2025	4762012
EXT1	C355W	1	1	Apr 27, 2025	4763815
D2HGDH	A474E	1	1	Aug 18, 2025	4765381
COL11A1	V167L	0	1	Nov 13, 2025	4768621
CREBBP	D1224N	0	1	Jul 23, 2025	4770716
EP300	A180T	0	1	Aug 29, 2025	4777844
SOS2	S541P	0	1	Jan 09, 2026	4779454
CNOT3	V502M	0	1	Dec 18, 2025	4779664
SURF1	R192P	1	1	Oct 02, 2025	4773815
TTR	E82V	1	1	Mar 25, 2025	4775502
CSF1R	P54S	0	1	Mar 05, 2025	4775631
ANKRD11	R82W	0	1	Jun 24, 2025	4777460
CREBBP	P134S	0	1	Oct 10, 2025	4777480
EP300	P451S	0	1	Oct 21, 2025	4777609
STS	A114V	0	1	Mar 19, 2025	4781082
SURF1	G257E	1	1	Jan 18, 2026	4775086
ANKRD11	T319M	0	1	Oct 20, 2025	4775221
NSD1	N756S	0	1	Feb 01, 2026	4777209
SOS2	G452S	0	1	Aug 17, 2025	4780623
RAI1	D909E	0	1	Jul 21, 2025	4773267
SOS2	G182D	0	1	Nov 12, 2025	4778166
GABRG2	W121R	1	1	Jun 19, 2025	4789499
GABRG2	T314A	1	1	Dec 11, 2025	4789503
GATA1	G368A	0	1	Apr 07, 2025	4783754
GATA1	S413P	0	1	Jan 23, 2026	4783761
CC2D2A	T1114A	1	1	Dec 02, 2025	4789745
CARD14	S66G	0	1	Sep 28, 2025	4792086
GABRG2	A402S	0	1	Jan 05, 2026	4792185
CARD14	Q606H	0	1	Jul 03, 2025	4794045
CAMK2B	R260G	1	1	Aug 12, 2025	4795448
CACNA1D	Y1108C	1	1	Aug 14, 2025	4795454
NSD1	G1973R	1	1	Aug 12, 2025	4795472
ADNP	Q345E	0	1	Feb 16, 2026	4795836
SMARCA4	P109Q	0	1	Feb 19, 2026	4795851
ZIC2	Q36E	0	1	Feb 18, 2026	4795866
SOS2	D177V	1	1	Jan 26, 2026	4796475
SLC38A8	P311L	1	1	Oct 05, 2025	4796483
CACNA1D	G233D	1	1	-	4796565
CIB1	A146T	0	1	Feb 23, 2026	4796739
COL4A5	G1241A	1	1	Jan 21, 2026	4796777
DYRK1A	S597T	0	1	Jul 14, 2025	4797105
SCN1A	R377G	1	1	Jan 18, 2026	4800291
SCN1A	G361V	1	1	Feb 15, 2025	4800293
SCN1A	G271D	1	1	Aug 24, 2025	4800295
COL3A1	G312E	1	1	Oct 06, 2025	4800317
COL3A1	G393V	1	1	Aug 14, 2025	4800319
COL3A1	G564V	1	1	Dec 16, 2025	4800320
COL3A1	G576C	1	1	Sep 22, 2025	4800321
COL3A1	G591A	1	1	Nov 01, 2025	4800322
COL3A1	G648S	1	1	Jul 27, 2025	4800324
COL3A1	G684R	1	1	Dec 24, 2025	4800327
COL3A1	G807E	1	1	Apr 14, 2025	4800328
COL3A1	G864V	1	1	Jan 04, 2026	4800329
HHAT	R131P	0	1	Nov 04, 2025	4802161
PCDH19	F394C	1	1	Jul 14, 2025	4802171
PCDH19	P344S	1	1	Jul 27, 2025	4802172
PCDH19	N123S	1	1	Jan 21, 2026	4802174
COL4A5	G210R	1	1	Jul 16, 2025	4802178
COL4A5	G386E	1	1	Jan 21, 2025	4802179
COL4A5	G585W	1	1	Jan 24, 2026	4802181
COL4A5	G624C	1	1	May 30, 2025	4802182
COL4A5	G687W	1	1	Apr 22, 2025	4802183
COL4A5	G687R	1	1	Aug 25, 2025	4802184
COL4A5	G1030V	1	1	Mar 05, 2025	4802187
COL4A5	G1238V	1	1	Nov 22, 2025	4802189
ABCD1	T145P	1	1	Mar 23, 2025	4802198
ABCD1	R163S	1	1	Sep 29, 2025	4802199
ABCD1	A170D	1	1	May 23, 2025	4802200
ABCD1	V489A	0	1	Feb 09, 2025	4802204
ABCD1	Y547F	1	1	Apr 24, 2025	4802205
ABCD1	H659R	1	1	Aug 29, 2025	4802208
SLC6A19	G93W	1	1	Jan 26, 2026	4808711
COL11A1	I267M	0	1	Oct 14, 2025	4799911
COL11A1	P241L	0	1	May 04, 2025	4799912
GJA8	F52L	1	1	Feb 20, 2025	4799939
GJA8	G60D	1	1	Feb 16, 2025	4799940
SCN1A	V1680F	1	1	May 30, 2025	4800256
SCN1A	L1640R	1	1	Nov 17, 2025	4800258
SCN1A	R1639L	1	1	Mar 25, 2025	4800259
SCN1A	K1591E	1	1	Dec 03, 2025	4800262
SCN1A	C1588S	1	1	Mar 31, 2025	4800263
SCN1A	M1555L	1	1	Jul 27, 2025	4800264
SCN1A	F1431S	1	1	May 27, 2025	4800267
SCN1A	L1399R	1	1	Dec 19, 2025	4800268
SCN1A	N1338S	1	1	Mar 16, 2025	4800269
SCN1A	S843G	1	1	May 27, 2025	4800279
SCN1A	E788G	1	1	Mar 11, 2025	4800283
SCN1A	Y426F	1	1	Jul 22, 2025	4800288
COL11A1	E280K	0	1	Nov 06, 2025	4806896
CHRDL1	R225H	0	1	Jun 10, 2025	4797736
NOTCH1	P1417R	0	1	Sep 09, 2025	4797996
SOX2	G219S	0	1	Nov 17, 2025	4799503
CYFIP2	V14M	0	1	Mar 31, 2025	4799516
BFSP1	G494R	0	1	Aug 04, 2025	4799664
ALDH7A1	S458G	1	1	Aug 29, 2025	4801534
ALDH7A1	R122L	1	1	Jul 13, 2025	4801537
NSD1	V2345A	0	1	Oct 02, 2025	4801583
GRIN2A	S1077N	0	1	Jan 26, 2026	4802911
SOD1	H121R	1	1	Dec 20, 2025	4803212
NSD1	G1716R	1	1	Dec 11, 2025	4804962
CREBBP	E1016D	0	1	Oct 31, 2025	4806728
CHRDL1	V380I	0	1	Nov 26, 2025	4808414
NOTCH1	K1632E	0	1	Jul 13, 2025	4808432
JAK3	G397V	1	1	Feb 09, 2025	4808482
NSD1	S1402T	0	1	Jan 17, 2026	4808499
COL11A1	E32G	0	1	Oct 01, 2025	4797548
NSD1	H1692R	1	1	May 06, 2025	4799106
EP300	P8L	0	1	Nov 13, 2025	4799335
DISP1	S96T	0	1	Dec 10, 2025	4801072
CSF1R	K606Q	0	1	Jul 31, 2025	4802624
RAI1	L1241F	0	1	Feb 03, 2026	4804396
NSD1	I2365V	0	1	Feb 27, 2025	4804410
ADNP	G288C	0	1	Sep 15, 2025	4807745
ABCD1	R538C	0	1	Aug 21, 2025	4807940
BFSP1	E269K	0	1	Sep 23, 2025	4811582
COL11A1	A767V	0	1	Feb 27, 2025	4810919
NSD1	P15S	0	1	Nov 04, 2025	4811101
TBX1	V19A	0	1	Apr 28, 2025	4810339
ADAMTS9	R209C	0	1	Mar 16, 2025	4810378
COL11A1	P923H	0	1	Jan 21, 2026	4810696
KCNJ11	G334R	1	1	-	4812811
FGFR2	P180S	0	1	Feb 20, 2026	4812941
SLC12A3	I189L	1	1	Jan 01, 2025	4813298
SLC12A3	G202D	1	1	Jan 01, 2025	4813302
SLC12A3	Y300H	1	1	Jan 01, 2025	4813303
SLC12A3	Y438C	1	1	Jan 01, 2025	4813304
SLC12A3	S475A	1	1	Jan 01, 2025	4813305
RORC	V331M	1	1	Dec 22, 2025	4813333
ZNF148	M234I	1	1	Mar 05, 2026	4813599
CC2D2A	L1371P	1	1	Jul 10, 2025	4813728
ERCC6	L897P	1	1	Jan 01, 2025	4813851
COL4A5	G1366R	1	1	Jul 01, 2025	4814123
PCDH19	E360G	1	1	May 19, 2025	4814149
NOTCH1	C1479Y	1	1	Jan 11, 2025	4814198
COL4A5	S1568R	1	1	Jun 13, 2026	4814252
NPHS1	R711C	1	1	Oct 07, 2025	4815381
CLN5	R96P	1	1	May 14, 2025	4815511
BCKDHB	G131R	1	1	Oct 13, 2025	4817019
BCKDHB	G172W	1	1	Mar 07, 2024	4817022
BCKDHB	S199R	1	1	Jan 16, 2026	4817024
BCKDHB	H206R	1	1	Jun 16, 2024	4817025
BCKDHB	Y244H	1	1	Apr 04, 2024	4817027
BCKDHB	T322I	1	1	Oct 30, 2025	4817029
COL4A5	G279R	1	1	Oct 23, 2025	4818592
SLC12A3	P367L	1	2	Apr 29, 2026	4818182
SLC12A3	N526S	1	1	May 09, 2024	4818190
SLC12A3	R862C	1	1	Jul 25, 2025	4818207
SLC12A3	I895F	1	1	Apr 24, 2024	4818209
SLC12A3	S178P	1	1	Apr 08, 2024	4818213
ASL	P208T	1	1	Aug 13, 2024	4818352
SLC26A4	V402L	1	1	Dec 09, 2024	4818361
SLC26A4	A574T	1	1	Jan 07, 2025	4818366
ASL	Y321N	1	1	Oct 08, 2025	4818373
CFTR	G461R	1	1	May 05, 2025	4818470
CFTR	G461V	1	1	May 05, 2025	4818471
CFTR	P67S	1	2	Apr 23, 2026	4818493
CFTR	A872E	1	1	Jan 23, 2026	4818509
CFTR	G1069R	1	1	Dec 22, 2024	4818530
CFTR	F1078S	1	1	Oct 21, 2025	4818531
CFTR	E1104K	1	1	Jun 24, 2025	4818532
CFTR	R1239S	1	1	Nov 26, 2025	4818544
ASS1	R363L	1	1	Nov 13, 2025	4818548
COL4A5	G743A	1	1	Apr 30, 2024	4818581
ASS1	D124E	1	1	Jul 25, 2025	4818582
COL4A5	G846R	1	1	Sep 05, 2025	4818583
COL4A5	G926S	1	1	Jun 06, 2025	4818584
COL4A5	G1045V	1	1	Nov 26, 2025	4818585
COL4A5	G1388D	1	1	Sep 10, 2025	4818587
COL4A5	G1391E	1	1	Sep 10, 2025	4818588
COL4A5	G171D	1	1	Nov 03, 2025	4818591
BCKDHA	L427V	1	1	Oct 06, 2025	4814466
PDHB	M1T	1	1	Sep 09, 2025	4814480
PUS1	R144Q	1	1	Aug 29, 2025	4816255
RTEL1	M492V	1	1	Oct 15, 2024	4816345
RTEL1	C1268R	1	1	Dec 30, 2025	4816357
LPL	Y289H	1	1	Feb 27, 2025	4817966
LPL	R333C	1	1	Sep 29, 2025	4817968
MTTP	D169V	1	1	Aug 06, 2024	4817993
PMM2	V52G	1	1	Jan 27, 2026	4818139
PMM2	Q177H	1	1	Oct 09, 2025	4818141
FAH	W234L	1	1	Sep 19, 2025	4817561
COL11A1	G568V	1	1	Jan 16, 2026	4818945
SLC7A9	G95E	1	1	Jun 25, 2026	4818957
COL3A1	G753S	1	1	Dec 11, 2025	4818980
COL6A2	G463V	1	1	Feb 11, 2026	4819148
GABRG2	A334G	1	1	Jan 05, 2026	4819182
EXT1	P235R	1	1	-	4819329
EXT1	M1V	1	1	-	4819348
BACH2	S255R	0	1	Mar 09, 2026	4819413
SOS2	D1105H	0	1	Mar 13, 2026	4819427
ZNF148	Q48H	0	1	Mar 13, 2026	4819428
CAMTA1	V1395M	0	1	Mar 14, 2026	4819446
TAOK1	E22K	0	1	Mar 16, 2026	4819551
MBD5	H932Q	0	1	Mar 16, 2026	4819560
PRR12	Q1097E	0	1	Apr 26, 2023	4819618
RTEL1	E251G	0	1	Jan 24, 2022	4819620
NOTCH1	Y670C	1	1	Oct 28, 2025	4819623
ADNP	K14R	0	1	Jan 22, 2025	4819643
SOX2	H297D	0	1	Jan 08, 2025	4819645
L2HGDH	K136R	1	1	Sep 12, 2024	4819689
CAMTA1	S449N	0	1	Mar 19, 2026	4819974
MEF2C	T370A	1	1	Mar 25, 2026	4820046
POU3F4	A312E	1	1	Feb 04, 2022	4820154
SETD1A	R793P	0	1	Mar 23, 2026	4820204
COL4A5	G509V	1	1	Jan 28, 2026	4820328
COL3A1	G288R	1	1	Nov 19, 2025	4820419
PRR12	G581S	0	1	Feb 01, 2026	4820657
PLCH1	R1406H	0	1	Apr 01, 2026	4820693
CIROP	G70E	0	1	Feb 01, 2026	4820860
GGT1	A42T	0	1	Mar 01, 2026	4821175
STIM1	R499H	0	1	Mar 01, 2026	4821216
TFE3	V157I	0	1	Jan 01, 2026	4821322
AFF2	V246M	0	1	Mar 01, 2026	4821403
CMPK2	D181N	0	1	Jan 01, 2026	4821492
AFF2	R927C	0	1	Mar 01, 2026	4821690
CHD3	P239S	0	1	Jan 01, 2026	4821736
AFF2	M566K	0	1	Mar 01, 2026	4821756
AFF2	T441I	0	1	Mar 01, 2026	4821903
EP300	H1434R	1	1	Mar 01, 2026	4821933
COL4A5	P692L	0	1	Jan 01, 2026	4822463
KDM6A	I1283V	0	1	Mar 01, 2026	4822536
ADNP	V912A	0	1	Jan 01, 2026	4822550
KDM5C	A1444D	0	1	Jan 01, 2026	4822984
SCN1A	L1660V	1	1	Feb 01, 2026	4823245
DYRK1A	L446R	1	1	Mar 01, 2026	4823646
RAC1	L160P	1	1	Mar 01, 2026	4823705
MBD5	N966S	0	1	Apr 01, 2026	4823724
ASS1	V31G	1	1	Mar 01, 2026	4823778
CHD3	A3E	0	1	Jan 01, 2026	4823884
EP300	T371A	1	1	Apr 12, 2026	4823915
EP300	A861V	1	1	Nov 11, 2021	4823916
RINT1	A754T	0	1	Mar 06, 2026	4825985
CFTR	S909R	0	1	Mar 12, 2026	4827540
RTEL1	L794V	0	1	Mar 02, 2026	4827708
RTEL1	V888A	0	1	Mar 10, 2026	4827713
MRAP	G83S	0	1	Feb 25, 2026	4829278
TGM6	G84A	0	1	Dec 16, 2025	4834817
POT1	F606L	0	1	Feb 13, 2026	4824167
MUTYH	F68L	0	1	Feb 04, 2026	4825333
BDP1	M2456I	0	1	Dec 18, 2025	4828915
DCX	A163S	0	1	Jan 14, 2026	4832668
ASS1	K155Q	0	1	Dec 15, 2025	4835901
CDK4	E67D	0	1	Feb 17, 2026	4824894
NOTCH1	V1676D	1	1	Mar 12, 2026	4828353
CDK5RAP2	V491M	0	1	Dec 16, 2025	4828750
ADNP	N832Y	0	1	Mar 02, 2026	4831907
SMARCE1	N327K	0	1	Feb 17, 2026	4824670
ATAD3A	R194W	0	1	Jan 22, 2026	4827947
CHD3	R1511H	0	1	Dec 15, 2025	4828294
TUBB4B	E410V	1	1	Feb 20, 2026	4830016
AVP	C105Y	1	1	Feb 19, 2026	4839844
STS	I371M	0	1	Feb 17, 2026	4840133
TRPM4	I1165M	0	1	Dec 31, 2025	4841820
APOA5	S80R	0	1	Dec 30, 2025	4843562
ACP4	K326E	0	1	Dec 18, 2025	4837742
CFTR	S1311N	0	1	Dec 31, 2025	4841330
TRPM4	A850G	0	1	Feb 13, 2026	4844628
ELAC2	N738D	0	1	Jan 09, 2026	4839224
ANKRD11	R1175K	0	1	Feb 27, 2026	4840752
TTR	A65S	1	1	Feb 18, 2026	4840856
RAI1	Q1311P	0	1	Mar 10, 2026	4841028
EPHB4	V612A	0	1	Jan 02, 2026	4842538
LAMA4	V443L	0	1	Dec 31, 2025	4842582
SCN1A	D188Y	1	1	Mar 12, 2026	4840535
GJA8	L80M	1	1	Mar 04, 2026	4840569
ODAD1	K421R	0	1	Dec 24, 2025	4842062
MUTYH	A32V	0	1	Dec 30, 2025	4843752
MUTYH	V485L	0	1	Jan 08, 2026	4843753
MUTYH	Y151S	1	1	Jan 08, 2026	4843754
RTEL1	T764A	0	1	Dec 29, 2025	4844083
NKX2-1	L224M	1	1	Mar 10, 2026	4845370
DNM1	K44R	1	1	Mar 17, 2026	4845385
DISP1	V947M	1	1	Dec 19, 2025	4845551
GPNMB	C413S	1	1	Jan 11, 2025	4845665
MMP20	L189P	1	1	Apr 30, 2025	4845908
ATP8B1	L127P	1	1	Apr 14, 2026	4846250
ATP8B1	C306R	1	1	Apr 14, 2026	4846635
COL6A2	I851V	0	1	Mar 18, 2026	4847112
COL3A1	G594A	1	1	Mar 18, 2026	4847123
SLC26A4	Q514L	1	1	Mar 25, 2026	4847681
SLC26A4	T485R	1	1	Feb 26, 2026	4847810
MAP3K14	P254L	0	1	Feb 11, 2026	4847905
MAN2B2	R71Q	0	1	Feb 11, 2026	4847911
CYP21A2	S302Y	1	1	Feb 24, 2026	4848081
COL3A1	G714V	1	1	Feb 13, 2026	4848221
SLC26A4	G389R	1	1	Feb 18, 2026	4848249
SOD1	I113S	1	1	May 13, 2026	4848410
SETD1A	Q722L	0	1	Apr 30, 2026	4848465
MAN2B2	R664W	0	1	Apr 09, 2026	4848714
TBX19	R100H	1	1	Apr 07, 2026	4848823
CAMK2B	A199V	1	1	May 28, 2025	4849224
PPT1	T75N	1	1	Jul 14, 2025	4849359
ALG3	R171W	1	1	Jun 04, 2025	4849462
ABCD1	G92R	1	1	May 26, 2025	4849478
SLC6A9	S224F	1	1	Mar 26, 2026	4849494
COL4A5	C1573Y	1	2	May 29, 2026	4849515
KCNJ11	R192C	1	1	Oct 03, 2024	4849535
NSD1	C2121Y	1	1	Jan 09, 2026	4849626
SCN1A	Y1684H	1	1	Jan 16, 2026	4851464
NKX2-1	W238G	1	1	Jan 13, 2026	4849974
CREBBP	H1487P	1	1	Dec 15, 2025	4850036
CREBBP	V1361A	1	1	Jun 16, 2025	4850037
ALDH7A1	A229D	1	1	Mar 15, 2024	4850091
PRR12	S592L	1	1	Nov 13, 2024	4850098
FGFR2	S702L	1	1	Aug 29, 2025	4850222
COL4A5	G923D	1	1	Mar 13, 2026	4850526
BCKDHA	F262I	1	1	Dec 31, 2025	4850634
D2HGDH	A205V	1	1	Jul 29, 2025	4850644
SMARCA4	V992G	1	1	Oct 24, 2025	4850764
CNOT3	M88I	1	1	Apr 03, 2025	4850786
CHD3	T911I	1	1	Sep 18, 2025	4850798
ABCD1	V419A	1	1	May 12, 2026	4851269
RAI1	Q227R	0	1	Apr 06, 2026	4851322
EP300	K2042Q	0	1	Apr 07, 2026	4851331
STAG1	E56G	0	1	Apr 09, 2026	4851344
ADNP	D25E	0	1	Apr 09, 2026	4851345
KLF11	N227T	0	1	Apr 11, 2026	4851353
DYNC2I2	G259V	1	1	Jan 08, 2026	4851370
CNOT3	V483M	0	1	Apr 15, 2026	4851387
SCN1A	C277S	1	1	Jan 01, 2021	4851537
MKS1	I125N	1	1	Apr 20, 2026	4851559
COL3A1	G1158S	1	1	Jan 26, 2026	4851859
SCN1A	R393L	1	1	Aug 31, 2025	4852170
SLC26A4	I253V	0	1	Apr 28, 2026	4852272
KDM6A	R601S	0	1	May 04, 2026	4852285
EP300	A357T	0	1	May 05, 2026	4852288
CREBBP	I1038T	0	1	May 06, 2026	4852299
COL4A5	G1223S	1	1	Apr 16, 2026	4852334
COL4A5	G684A	1	1	May 06, 2026	4852343
COL4A5	G881E	1	1	May 08, 2026	4852359
COL4A5	G722R	1	1	May 07, 2026	4852360
SERPING1	M370R	1	1	Nov 20, 2025	4852403
SLC6A9	R214W	1	1	Apr 01, 2026	4852413
ATL1	Q509P	1	1	May 09, 2024	4852487
GPR179	G1389D	0	1	Dec 10, 2025	4852744
ZMYM2	G1053E	0	1	Oct 07, 2025	4852752
ZMYM2	Y557C	0	1	May 23, 2025	4852753
CLCN5	L333F	1	1	May 04, 2024	4852860
COL4A5	G362V	1	1	Dec 14, 2023	4852872
FAH	L230R	1	1	Jun 06, 2024	4852938
ATP8B1	D454V	1	1	Mar 07, 2024	4852941
SLC26A4	V231E	1	1	May 13, 2026	4853134
LBR	R512W	1	1	Jul 02, 2025	4853933
CSF1R	V613M	1	1	Jan 14, 2026	4853940
BRAF	G460R	1	1	Jun 24, 2025	4854074
POU3F4	V321A	1	1	Sep 04, 2025	4854105
KDF1	H254Y	1	1	Aug 29, 2025	4854153
TWIST1	K145T	1	1	Nov 24, 2025	4854177
TAOK1	T185M	1	1	Aug 08, 2025	4854266
CYFIP2	A455T	1	1	Sep 28, 2025	4854298
COL4A5	G542E	1	1	Jan 22, 2026	4854374
COL4A5	C1527Y	1	1	Jul 09, 2025	4854402
CFTR	L15R	1	1	Dec 03, 2025	4854625
PCDH19	S276P	1	1	Oct 20, 2025	4855225
COL3A1	G288V	1	1	Dec 17, 2025	4855259
COL4A5	G1182D	1	1	May 13, 2025	4855535
SLC7A9	G173R	1	1	Jan 07, 2026	4855657
NSD1	P2153S	1	1	Jul 09, 2025	4855692
FGFR2	P286R	1	1	Jun 01, 2025	4856149
SCN1A	W932R	1	1	Jul 08, 2025	4856336
CHD3	E375Q	1	1	Jun 02, 2026	4856410
HSD17B10	R184W	1	1	Feb 05, 2026	4856636
CMPK2	G421D	0	1	Apr 01, 2026	4857148
COL4A5	G564D	1	1	May 18, 2026	4857278
TAOK1	A219V	1	1	Jun 12, 2024	4857293
COL4A5	G666S	1	1	May 29, 2026	4857305
FGF10	L140F	1	1	Jul 01, 2026	4857307
PCDH19	D264G	1	1	Apr 20, 2026	4857428
GRIN2A	F708C	1	1	May 27, 2026	4857491
GRIN2A	N816K	1	1	Jan 17, 2024	4857505
GATA2	N351D	1	1	Jan 15, 2024	4857717
COL3A1	G609R	1	1	-	4857863
GRIN2A	K1455N	0	1	Apr 23, 2026	4858219
LMF1	R101K	0	1	Mar 29, 2026	4859223
NOTCH1	R20Q	0	1	Mar 30, 2026	4861112
SLC16A2	E30G	0	1	Jun 11, 2026	4864558
BUB1B	I331M	0	1	Apr 18, 2026	4867996
ADNP	A429T	0	1	May 14, 2026	4868051
CC2D2A	K582N	0	1	Mar 31, 2026	4868294
DPF2	D346H	1	1	May 22, 2026	4870080
POT1	D291V	0	1	Mar 17, 2026	4862378
POT1	V28I	0	1	Apr 22, 2026	4862393
SCN1A	D1443V	1	1	Jun 01, 2026	4864129
TRPM4	R248S	0	1	Jun 10, 2026	4865981
BRAF	T313A	0	1	May 15, 2026	4867678
IQSEC2	L884R	1	1	Jun 03, 2026	4858474
MUTYH	R97K	0	1	May 18, 2026	4860473
TMEM43	T143R	0	1	May 13, 2026	4865753
COL6A2	I928V	0	1	May 14, 2026	4869287
RINT1	I38V	0	1	Mar 17, 2026	4863321
RP1	S1404N	0	1	May 23, 2026	4863455
SOS2	R550L	1	1	May 01, 2026	4864952
CDK4	S36G	0	1	Apr 03, 2026	4868601
CFTR	V1447L	0	1	Mar 23, 2026	4868819
NSD1	D2008H	1	1	Jun 08, 2026	4871700
KRAS	V152I	1	1	Feb 02, 2025	4871712
SERPING1	I293S	1	1	Sep 01, 2025	4871727
GRIN2A	T410I	1	1	Jan 07, 2026	4871755
COL3A1	G384C	1	1	Jan 15, 2026	4871879
TNRC6B	D291N	0	1	May 01, 2026	4872365
PRR12	R705C	0	1	May 01, 2026	4872423
ZMYM2	R516Q	0	1	Apr 01, 2026	4872600
RP1	E395K	0	1	Jun 01, 2026	4872611
DPF2	Y72C	0	1	May 01, 2026	4872651
CCNF	R751C	0	1	Jun 01, 2026	4872669
CCDC50	E412V	0	1	Jun 01, 2026	4874086
SCN1A	W1271R	1	1	May 01, 2026	4874133
POU4F1	G170D	0	1	Jun 01, 2026	4874186
TAOK1	R493H	0	1	May 01, 2026	4874224
CCDC50	E90Q	0	1	Apr 01, 2026	4874246
ZMYM2	I241T	0	1	Apr 01, 2026	4874286
LGI4	A184T	0	1	Apr 01, 2026	4872084
TBK1	S5C	0	1	Jun 01, 2026	4873739
RAI1	G677C	0	1	Apr 01, 2026	4873879
SETD1A	P925A	0	1	Jun 01, 2026	4875369
PRKAR1B	S251R	0	1	Jun 01, 2026	4875375
LUZP1	S989F	0	1	Apr 01, 2026	4875503
EMILIN1	R314W	0	1	Jun 01, 2026	4873369
HDAC4	T918M	0	1	Apr 01, 2026	4873412
ANKRD11	P2312A	0	1	Jun 01, 2026	4874997
CHD3	P527A	0	1	Apr 01, 2026	4874750
HNRNPU	K489Q	0	1	Apr 01, 2026	4874778
SCN1A	N1349S	1	1	Jan 07, 2026	4876692
SOS2	S554P	0	1	Jun 09, 2026	4879416
SCN1A	D1484Y	1	1	Jun 16, 2026	4879424
NSD1	W1806R	1	1	Jun 09, 2026	4879437
TAOK1	L315F	1	1	May 04, 2026	4879646
SMARCA4	I1151N	1	1	May 22, 2026	4879662
EYA1	G555R	1	1	Jun 15, 2026	4879877
AAAS	G408R	1	1	Jul 28, 2026	4879879
AAAS	L209S	1	1	Jul 28, 2026	4879880
COL4A5	G1415V	1	1	Jun 02, 2026	4879882
COL4A5	G1060R	1	1	Jun 02, 2026	4879883
FGF10	G100R	1	1	Apr 28, 2026	4880193
BRAF	L577I	1	1	Aug 06, 2026	4880319
SCN1A	N1011Y	1	1	Aug 06, 2026	4880328
FOXC2	I102N	1	1	Jan 23, 2024	4888329
FOXC2	L80V	1	1	Sep 20, 2023	4888356
GJA8	N55Y	1	1	Nov 23, 2023	4888363
FGFR2	Y381N	1	1	May 17, 2024	4888373
NOTCH1	C532Y	1	1	May 08, 2024	4888374
CTSK	Y264C	1	1	Apr 18, 2026	4881746
MEF2C	Y33D	1	1	Jan 08, 2026	4880772
SOX2	R98P	1	1	Feb 12, 2026	4882493
CREBBP	Q1415R	1	1	Dec 19, 2025	4884109
GRIN2A	L649P	1	1	Apr 17, 2025	4884153
SCN1A	R1325T	1	1	Nov 18, 2025	4881871
SCN1A	F1789L	1	1	Apr 03, 2025	4882014
STAT1	H629Y	1	1	Aug 11, 2026	4884324
STAT1	E545K	1	1	Aug 11, 2026	4884325
STAT1	N89Y	1	1	Aug 11, 2026	4884326
SEPSECS	T325S	1	1	Aug 01, 2016	4884327
SEPSECS	Y433H	1	1	Mar 01, 2021	4884333
INPP5K	W381R	1	1	Jun 29, 2026	4884358
MBD5	P162A	0	1	Jun 08, 2026	4884509
NSD1	R1952G	1	1	Aug 12, 2026	4884601
MUTYH	P273R	1	1	Jun 08, 2026	4884602
MEF2C	S36N	1	1	Jul 24, 2026	4884876
BCKDHA	G244E	1	1	Apr 28, 2026	4884880
COL4A5	G325V	1	1	Apr 08, 2026	4885703
ABCD1	Y296D	1	1	Jul 01, 2025	4885746
CREBBP	Q1415P	1	1	Oct 27, 2025	4886391
SOD1	G73R	1	1	Aug 07, 2025	4886421
PITX2	Q103P	1	1	Jan 28, 2025	4886525
ALG3	M157T	1	1	Aug 13, 2018	4886898
CST3	G26C	0	1	Aug 06, 2026	4886945
KRAS	D153H	1	1	Aug 12, 2026	4887018
COL3A1	G546V	1	1	Jun 08, 2026	4887435
ABCD1	F540C	1	1	Feb 18, 2026	4887817
SCN1A	V896L	1	1	Feb 14, 2026	4887819
FGFR2	L617F	1	1	Feb 04, 2026	4887820
COL3A1	G450C	1	1	Feb 04, 2026	4887851
NSD1	C2121G	1	1	Feb 18, 2026	4887881
SCN1A	C1864R	1	1	Feb 11, 2026	4887908
ATL1	G409V	1	1	Jan 30, 2026	4887928
ZIC2	H286Q	1	1	Jan 31, 2026	4887938
NOTCH1	L1678R	1	1	Feb 07, 2026	4888021
NSD1	I1784S	1	1	Mar 01, 2026	4888028
NDUFV1	R128W	1	1	Feb 10, 2026	4888035
BRAF	N580Y	1	1	Feb 22, 2026	4888056
CAMTA1	R101G	1	1	Jan 28, 2026	4888077
NAA15	L120P	1	1	Feb 11, 2026	4888138
SCN1A	M379V	1	1	Feb 19, 2026	4888157
PEPD	E340K	1	1	Apr 29, 2026	4888478
FMO3	V368L	1	1	Apr 29, 2026	4888482
ALDH7A1	A495V	1	1	Apr 29, 2026	4888586
AAAS	S296P	1	1	Apr 29, 2026	4888601
PPT1	G287R	1	1	Apr 29, 2026	4888618
PPT1	A284T	1	1	Apr 29, 2026	4888626
COL4A5	G1294A	1	1	Apr 29, 2026	4888667
SLC12A3	L271P	1	1	Apr 29, 2026	4888672
FXN	M1L	1	1	Apr 29, 2026	4889038
BCKDHA	A328T	1	1	Apr 29, 2026	4889204
ALDH3A2	G109R	1	1	Apr 29, 2026	4889491
ASL	A331T	1	1	Apr 29, 2026	4889493
BCKDHB	G95A	1	1	Apr 29, 2026	4889494
BCKDHB	P240T	1	1	Apr 29, 2026	4889495
CYP21A2	I314V	1	1	Apr 29, 2026	4889498
CYP21A2	Y337D	1	1	Apr 29, 2026	4889499
CYP21A2	R370Q	1	1	Apr 29, 2026	4889500
FMO3	Q124R	1	1	Apr 29, 2026	4889505
SLC12A3	T60A	1	1	Apr 29, 2026	4889516
SLC12A3	R261H	1	1	Apr 29, 2026	4889517
SLC12A3	K478E	1	1	Apr 29, 2026	4889518
CYP21A2	V335I	1	1	Apr 29, 2026	4889520
CYP21A2	M258L	1	1	Apr 29, 2026	4889604
HPS5	I454N	1	1	Apr 29, 2026	4889685
INVS	H827Q	1	1	Apr 29, 2026	4889695
CYP21A2	M1K	1	1	Apr 29, 2026	4890098
GALNT3	M1I	1	1	Apr 29, 2026	4890099
JAK3	M1T	1	1	Apr 29, 2026	4890104
SEPSECS	M1R	1	1	Apr 29, 2026	4890117
COL4A5	G1297W	1	1	Apr 29, 2026	4890141
FMO3	M497I	1	1	Apr 29, 2026	4890143
PEPD	M479K	1	1	Apr 29, 2026	4890162
PEPD	G248D	1	1	Apr 29, 2026	4890312
HPS5	L295F	1	1	Apr 29, 2026	4890341
AAAS	Q193R	1	1	Apr 29, 2026	4890375
CLN5	R14Q	1	1	Apr 29, 2026	4890392
ASL	L405F	1	1	Apr 29, 2026	4890393
CYP21A2	P387S	1	1	Apr 29, 2026	4890426
CYP21A2	L439F	1	1	Apr 29, 2026	4890427
PPT1	L280V	1	1	May 23, 2026	4890544
ALDH7A1	E491Q	1	1	May 23, 2026	4890594
ASL	L262F	1	1	May 23, 2026	4890610
ASL	V335M	1	1	May 23, 2026	4890612
CYP21A2	R436H	1	1	Apr 29, 2026	4890626
NSD1	C1635S	1	1	Jul 24, 2026	4890693
IQSEC2	F1061S	1	1	Jul 17, 2026	4890698
