pid,label,risk
p100001,0,0.012819
p100002,0,0.004405
p100003,0,0.005479
p100004,0,0.012002
p100005,0,0.029451
p100006,0,0.002219
p100007,0,0.002594
p100008,0,0.003908
p100009,0,0.001397
p100010,0,0.018258
p100011,0,0.004637
p100012,0,0.003069
p100013,1,0.992993
p100014,0,0.003149
p100015,0,0.021174
p100016,1,0.977828
p100017,0,0.006995
p100018,0,0.002790
p100019,0,0.001111
p100020,0,0.004101
p100021,0,0.002334
p100022,0,0.014952
p100023,0,0.020316
p100024,0,0.004885
p100025,0,0.004087
p100026,0,0.059480
p100027,0,0.012540
p100028,0,0.003658
p100029,0,0.001507
p100030,0,0.015555
p100031,0,0.002170
p100032,0,0.009562
p100033,0,0.008942
p100034,0,0.004510
p100035,0,0.010352
p100036,0,0.003058
p100037,0,0.003957
p100038,0,0.007257
p100039,0,0.001447
p100040,0,0.002906
p100041,0,0.002153
p100042,0,0.004039
p100043,0,0.006716
p100044,0,0.004088
p100045,0,0.011011
p100046,0,0.006010
p100047,1,0.022111
p100048,0,0.006303
p100049,1,0.992117
p100050,0,0.001435
p100051,0,0.001970
p100052,0,0.002365
p100053,0,0.003568
p100054,0,0.004528
p100056,0,0.010222
p100057,0,0.004988
p100058,0,0.002746
p100059,0,0.007514
p100060,0,0.020842
p100061,0,0.005340
p100062,0,0.006885
p100063,0,0.015723
p100064,0,0.003427
p100065,0,0.004468
p100066,0,0.010174
p100067,0,0.008540
p100068,1,0.993250
p100069,0,0.006849
p100070,0,0.002974
p100071,0,0.005858
p100072,1,0.662877
p100073,1,0.013188
p100074,0,0.004389
p100075,0,0.003416
p100076,0,0.634927
p100077,0,0.003968
p100078,0,0.002436
p100079,0,0.005461
p100080,0,0.003650
p100081,0,0.005060
p100082,0,0.001293
p100083,0,0.012637
p100084,0,0.005035
p100085,0,0.001838
p100086,0,0.004380
p100087,0,0.003772
p100088,1,0.012313
p100089,0,0.001229
p100090,0,0.003131
p100091,0,0.002667
p100092,0,0.108636
p100093,0,0.002621
p100094,0,0.001680
p100095,0,0.002214
p100096,0,0.003494
p100097,0,0.005792
p100098,0,0.014894
p100099,0,0.003459
p100100,1,0.002950
p100101,0,0.008174
p100102,0,0.005083
p100103,0,0.012457
p100105,0,0.004451
p100106,0,0.003261
p100107,0,0.083662
p100108,0,0.004979
p100109,0,0.002021
p100110,0,0.020248
p100111,1,0.003270
p100112,0,0.008040
p100113,0,0.002237
p100114,0,0.014818
p100115,0,0.002358
p100116,0,0.005094
p100117,0,0.001927
p100118,0,0.004594
p100119,0,0.009312
p100120,0,0.004814
p100121,0,0.002452
p100122,0,0.004196
p100123,0,0.042390
p100124,0,0.004332
p100126,0,0.022109
p100127,0,0.004117
p100128,0,0.004013
p100129,0,0.005672
p100130,0,0.007497
p100131,0,0.025265
p100132,0,0.002266
p100133,0,0.002847
p100134,0,0.905241
p100135,0,0.003978
p100136,0,0.009772
p100137,0,0.006340
p100138,0,0.006921
p100139,0,0.005166
p100140,0,0.005501
p100141,0,0.005391
p100142,0,0.002924
p100143,0,0.576367
p100144,0,0.002379
p100145,0,0.003570
p100146,0,0.003071
p100147,0,0.003476
p100148,0,0.004014
p100149,0,0.022870
p100150,0,0.027281
p100151,0,0.003308
p100152,0,0.005344
p100153,0,0.004993
p100154,0,0.008151
p100155,0,0.008577
p100156,0,0.003391
p100157,0,0.003420
p100158,0,0.058510
p100159,0,0.002930
p100160,0,0.136453
p100161,0,0.007685
p100162,1,0.940882
p100163,0,0.054560
p100164,0,0.003328
p100165,0,0.007154
p100166,0,0.001692
p100167,0,0.002241
p100168,0,0.005736
p100169,0,0.002260
p100170,0,0.023803
p100171,0,0.003769
p100172,0,0.002885
p100173,0,0.003608
p100174,0,0.005989
p100175,0,0.002894
p100176,0,0.006153
p100177,0,0.001548
p100178,0,0.004805
p100179,0,0.005815
p100180,0,0.008785
p100181,0,0.004994
p100182,0,0.004371
p100183,0,0.005154
p100184,0,0.003845
p100185,0,0.002925
p100186,0,0.002690
p100187,0,0.005382
p100188,0,0.004733
p100189,0,0.005952
p100190,0,0.989850
p100191,0,0.003633
p100192,0,0.006098
p100193,0,0.017427
p100194,0,0.003689
p100195,0,0.001941
p100196,0,0.001640
p100197,0,0.028202
p100198,0,0.001506
p100199,0,0.008435
p100200,0,0.272034
p100201,0,0.043468
p100202,0,0.002243
p100203,0,0.004031
p100204,0,0.006463
p100205,0,0.007839
p100206,0,0.011907
p100207,0,0.129264
p100208,0,0.010848
p100209,0,0.001952
p100210,0,0.011290
p100211,0,0.002427
p100212,0,0.005072
p100213,0,0.006965
p100214,0,0.003372
p100215,0,0.001516
p100216,0,0.010119
p100217,1,0.988737
p100218,1,0.008057
p100219,0,0.005382
p100220,0,0.001435
p100221,0,0.005396
p100222,0,0.002476
p100223,0,0.013992
p100224,0,0.003117
p100225,0,0.002740
p100226,0,0.009352
p100227,0,0.013665
p100228,0,0.004125
p100229,0,0.002279
p100230,0,0.004596
p100231,0,0.022076
p100232,1,0.994358
p100233,0,0.009626
p100234,0,0.001586
p100235,0,0.027454
p100236,0,0.007526
p100237,0,0.002976
p100238,0,0.021627
p100239,0,0.002257
p100240,0,0.005435
p100241,0,0.003848
p100242,0,0.007831
p100243,0,0.003109
p100244,0,0.022023
p100245,0,0.007833
p100246,0,0.003111
p100247,0,0.001760
p100248,0,0.003318
p100249,0,0.022730
p100250,0,0.004387
p100251,0,0.004295
p100252,0,0.004165
p100253,0,0.003861
p100254,0,0.003946
p100255,0,0.450326
p100256,0,0.003465
p100257,0,0.002823
p100258,0,0.005511
p100259,0,0.004057
p100260,0,0.020674
p100261,0,0.003728
p100262,0,0.002325
p100263,0,0.070039
p100264,0,0.001199
p100265,0,0.002156
p100266,0,0.051875
p100267,0,0.005459
p100268,0,0.004143
p100269,0,0.009111
p100270,0,0.009626
p100271,0,0.010533
p100272,0,0.011913
p100273,0,0.004465
p100274,0,0.007447
p100275,1,0.017580
p100276,0,0.005110
p100277,0,0.007687
p100278,0,0.004415
p100279,0,0.001168
p100280,0,0.004715
p100281,0,0.006340
p100282,0,0.006630
p100283,0,0.001945
p100284,0,0.012634
p100285,0,0.003078
p100286,0,0.003737
p100287,0,0.002092
p100288,0,0.003315
p100289,0,0.003224
p100290,0,0.004387
p100291,0,0.003693
p100292,0,0.004631
p100293,0,0.011294
p100294,0,0.007565
p100295,0,0.006692
p100296,0,0.018982
p100297,0,0.002035
p100298,0,0.004794
p100299,0,0.008334
p100300,0,0.001802
p100301,0,0.008980
p100302,0,0.005444
p100303,0,0.004894
p100304,0,0.006145
p100305,0,0.003545
p100306,0,0.004660
p100307,0,0.003428
p100308,0,0.002240
p100309,0,0.002587
p100310,0,0.001776
p100311,0,0.006022
p100312,1,0.008547
p100313,0,0.016928
p100314,0,0.003554
p100315,0,0.007029
p100316,0,0.001952
p100317,0,0.002873
p100318,0,0.003555
p100319,0,0.005573
p100320,0,0.008512
p100321,0,0.008286
p100322,0,0.005556
p100323,0,0.002182
p100324,0,0.012621
p100325,0,0.012640
p100326,0,0.991509
p100327,0,0.003144
p100328,0,0.002763
p100329,0,0.002499
p100330,0,0.002322
p100331,0,0.005308
p100332,0,0.002723
p100333,1,0.992802
p100334,1,0.992877
p100335,0,0.004152
p100336,0,0.003676
p100337,0,0.019634
p100338,0,0.017320
p100339,0,0.050340
p100340,0,0.004232
p100341,0,0.002102
p100342,0,0.007331
p100343,0,0.011808
p100344,0,0.003350
p100345,0,0.015935
p100346,0,0.008254
p100347,0,0.007821
p100348,0,0.002411
p100349,0,0.425855
p100350,0,0.003519
p100351,0,0.001950
p100352,0,0.012037
p100353,0,0.008445
p100354,0,0.004486
p100355,0,0.009360
p100356,1,0.986438
p100357,0,0.431691
p100358,0,0.007363
p100359,0,0.033645
p100360,0,0.002200
p100361,0,0.008806
p100362,1,0.992665
p100363,0,0.003892
p100364,0,0.004622
p100365,0,0.003462
p100366,0,0.003552
p100367,1,0.990842
p100368,0,0.008618
p100369,0,0.003578
p100370,0,0.002084
p100371,0,0.002440
p100372,0,0.005084
p100373,0,0.005327
p100374,0,0.006190
p100375,0,0.005231
p100376,0,0.001512
p100377,0,0.003374
p100378,0,0.008390
p100379,0,0.004728
p100380,0,0.003975
p100381,0,0.011818
p100382,0,0.004071
p100383,0,0.003101
p100384,0,0.003575
p100385,0,0.261717
p100386,0,0.001708
p100387,0,0.008549
p100388,0,0.002329
p100389,0,0.005727
p100390,0,0.005043
p100391,0,0.003695
p100392,0,0.003004
p100393,0,0.005945
p100394,0,0.003293
p100395,0,0.009263
p100396,0,0.003769
p100397,0,0.003555
p100398,0,0.023827
p100399,0,0.005579
p100400,0,0.009169
p100401,0,0.003108
p100402,0,0.001814
p100403,0,0.013349
p100404,0,0.006279
p100405,0,0.003484
p100406,0,0.008555
p100407,0,0.003267
p100408,0,0.002984
p100409,0,0.013847
p100410,0,0.003433
p100411,0,0.003885
p100412,0,0.004356
p100413,0,0.008257
p100414,0,0.005158
p100415,0,0.002440
p100416,0,0.022907
p100417,0,0.009908
p100418,0,0.003671
p100419,0,0.010009
p100420,0,0.012050
p100421,0,0.012337
p100422,0,0.001208
p100423,0,0.002182
p100424,0,0.003250
p100425,0,0.003009
p100426,0,0.011455
p100427,0,0.022946
p100428,0,0.005983
p100429,0,0.003617
p100430,0,0.046608
p100431,0,0.001474
p100432,0,0.002866
p100433,0,0.015299
p100434,0,0.003585
p100435,0,0.003639
p100436,0,0.001777
p100437,0,0.002814
p100438,0,0.002296
p100439,0,0.007114
p100440,0,0.008582
p100441,0,0.111442
p100442,0,0.001647
p100443,0,0.001825
p100444,0,0.004145
p100445,0,0.002751
p100446,0,0.002864
p100447,0,0.020208
p100448,0,0.003098
p100449,0,0.003132
p100450,0,0.003232
p100451,0,0.009959
p100452,0,0.004352
p100453,0,0.004444
p100454,0,0.004027
p100455,0,0.004691
p100456,0,0.003038
p100457,0,0.004633
p100458,0,0.004483
p100459,0,0.012144
p100460,0,0.002028
p100461,0,0.002720
p100462,1,0.732547
p100463,0,0.001345
p100464,0,0.003845
p100465,0,0.002933
p100466,0,0.007081
p100467,0,0.002308
p100468,0,0.005952
p100469,0,0.015794
p100471,0,0.001889
p100472,0,0.011970
p100473,0,0.001457
p100474,0,0.004457
p100475,0,0.005455
p100476,0,0.002667
p100477,0,0.011965
p100478,0,0.008934
p100479,0,0.004692
p100480,0,0.003460
p100481,0,0.017626
p100482,0,0.991018
p100483,0,0.004304
p100484,0,0.002319
p100485,0,0.011579
p100486,0,0.002955
p100487,0,0.004139
p100488,0,0.003181
p100489,0,0.009309
p100490,0,0.004321
p100491,0,0.018672
p100492,0,0.010373
p100493,0,0.002957
p100494,0,0.036650
p100495,0,0.003796
p100496,0,0.003013
p100497,0,0.003450
p100498,0,0.003595
p100499,0,0.028543
p100500,0,0.017971
p100501,0,0.031674
p100502,0,0.002306
p100503,0,0.007253
p100504,1,0.944667
p100505,0,0.004565
p100506,0,0.007732
p100507,0,0.001649
p100508,0,0.008642
p100509,0,0.003851
p100510,0,0.031096
p100511,0,0.003633
p100512,0,0.518051
p100513,0,0.003223
p100514,0,0.027199
p100515,0,0.002719
p100516,0,0.511119
p100517,0,0.003748
p100518,0,0.013500
p100519,0,0.024654
p100520,0,0.035006
p100521,0,0.011732
p100522,0,0.001705
p100523,0,0.003917
p100524,0,0.005590
p100525,0,0.001490
p100526,0,0.003026
p100527,1,0.004082
p100528,0,0.008274
p100529,0,0.003153
p100530,0,0.002042
p100531,0,0.009456
p100532,0,0.008005
p100533,0,0.006534
p100534,0,0.002507
p100535,0,0.012189
p100536,0,0.005785
p100537,0,0.004601
p100538,0,0.013347
p100539,0,0.003926
p100540,1,0.991283
p100541,0,0.012173
p100542,0,0.008491
p100543,1,0.919503
p100544,0,0.017688
p100545,0,0.018313
p100546,0,0.005047
p100547,0,0.003070
p100548,0,0.014554
p100549,0,0.003266
p100550,0,0.006203
p100551,0,0.002943
p100552,0,0.001701
p100553,0,0.008425
p100554,0,0.001927
p100555,0,0.393300
p100556,0,0.002741
p100557,0,0.002230
p100558,0,0.009431
p100559,0,0.030785
p100560,0,0.119792
p100561,0,0.005262
p100562,0,0.015883
p100563,0,0.003853
p100564,0,0.004712
p100565,0,0.002209
p100566,0,0.002700
p100567,0,0.002154
p100568,0,0.008322
p100569,0,0.003455
p100570,0,0.003280
p100571,0,0.016668
p100572,0,0.003546
p100573,0,0.004786
p100574,0,0.002417
p100575,0,0.002717
p100576,0,0.003271
p100577,0,0.014701
p100578,0,0.002800
p100579,1,0.990573
p100580,1,0.090953
p100581,0,0.004115
p100582,0,0.018491
p100583,0,0.003879
p100584,0,0.002773
p100585,0,0.004158
p100586,0,0.006574
p100587,0,0.006787
p100588,0,0.004403
p100589,0,0.005460
p100590,0,0.034832
p100591,0,0.798185
p100592,0,0.002277
p100593,0,0.005517
p100594,0,0.002816
p100595,0,0.003380
p100596,0,0.014697
p100597,0,0.003687
p100598,0,0.002608
p100599,0,0.003941
p100600,0,0.001399
p100601,0,0.001412
p100602,0,0.002345
p100603,0,0.453487
p100604,0,0.005192
p100605,0,0.008059
p100606,0,0.002618
p100607,0,0.011829
p100608,0,0.004832
p100609,0,0.002169
p100610,0,0.007459
p100611,0,0.006435
p100612,1,0.005781
p100613,0,0.002585
p100614,0,0.006884
p100615,0,0.003147
p100616,0,0.011353
p100617,0,0.002622
p100618,0,0.007892
p100619,0,0.004964
p100620,0,0.004130
p100621,0,0.006432
p100622,0,0.006132
p100623,0,0.002760
p100624,0,0.004301
p100625,0,0.001878
p100626,0,0.010647
p100627,0,0.006524
p100628,0,0.004344
p100629,0,0.005270
p100630,0,0.002624
p100631,0,0.007853
p100632,1,0.001536
p100633,0,0.004933
p100634,0,0.003073
p100635,0,0.001566
p100636,0,0.002934
p100637,0,0.003428
p100638,0,0.006371
p100639,0,0.005349
p100640,0,0.014145
p100641,0,0.002709
p100642,0,0.003181
p100643,0,0.002484
p100644,0,0.042093
p100646,0,0.766327
p100647,0,0.072954
p100648,0,0.004983
p100649,0,0.004094
p100650,0,0.005671
p100651,0,0.009274
p100652,0,0.003269
p100653,0,0.002850
p100654,0,0.002874
p100655,0,0.004103
p100656,0,0.004001
p100657,0,0.007032
p100658,1,0.991032
p100659,0,0.009050
p100660,0,0.003617
p100661,0,0.003524
p100662,0,0.005308
p100663,0,0.008787
p100664,0,0.007017
p100665,0,0.024833
p100666,0,0.003243
p100667,0,0.004053
p100668,0,0.990948
p100669,0,0.004393
p100670,0,0.002996
p100671,1,0.002121
p100672,0,0.001953
p100673,1,0.010429
p100674,0,0.001492
p100675,1,0.989789
p100676,0,0.011599
p100677,0,0.019560
p100678,0,0.002899
p100679,0,0.012420
p100680,0,0.001904
p100681,0,0.002321
p100682,0,0.160688
p100683,0,0.002240
p100684,0,0.003582
p100685,0,0.002186
p100686,0,0.005768
p100687,0,0.001763
p100688,0,0.040720
p100689,0,0.008815
p100690,0,0.002160
p100691,0,0.009905
p100692,0,0.002867
p100693,1,0.974344
p100694,0,0.005774
p100695,0,0.006435
p100696,0,0.001805
p100697,0,0.003987
p100698,0,0.003727
p100699,0,0.002064
p100700,0,0.002607
p100701,0,0.002232
p100702,0,0.039751
p100703,0,0.003850
p100704,0,0.007243
p100705,1,0.989938
p100706,0,0.965397
p100707,0,0.028412
p100708,0,0.005771
p100709,0,0.006244
p100710,0,0.005670
p100711,0,0.002163
p100712,0,0.001907
p100713,0,0.002426
p100714,0,0.002742
p100715,0,0.001905
p100716,0,0.001416
p100717,0,0.005727
p100718,0,0.001713
p100719,0,0.002469
p100720,0,0.001517
p100721,0,0.002055
p100722,0,0.002784
p100723,0,0.004047
p100724,0,0.003514
p100725,0,0.002954
p100726,0,0.005879
p100727,0,0.003703
p100728,0,0.002540
p100729,0,0.007869
p100730,0,0.003508
p100731,0,0.004146
p100732,0,0.007053
p100733,0,0.002302
p100734,0,0.777741
p100735,0,0.001584
p100736,0,0.006099
p100737,1,0.052793
p100738,1,0.960116
p100739,1,0.990068
p100740,0,0.003785
p100741,1,0.171280
p100742,0,0.002662
p100743,0,0.003330
p100744,0,0.006434
p100745,0,0.003093
p100746,0,0.001409
p100747,0,0.002984
p100748,0,0.003436
p100749,0,0.001840
p100750,0,0.001721
p100751,0,0.024302
p100752,0,0.005702
p100753,0,0.009103
p100754,0,0.002356
p100755,0,0.010486
p100756,0,0.002183
p100757,0,0.003452
p100758,0,0.002814
p100759,0,0.969785
p100760,0,0.013640
p100761,0,0.005089
p100762,0,0.003022
p100763,0,0.003918
p100764,0,0.003144
p100765,0,0.002836
p100766,0,0.010040
p100767,0,0.011915
p100768,0,0.024354
p100769,0,0.003249
p100770,0,0.005354
p100771,0,0.003703
p100772,0,0.002714
p100773,0,0.001579
p100774,0,0.012923
p100775,0,0.010286
p100776,0,0.002163
p100777,0,0.002830
p100778,0,0.004362
p100779,0,0.009857
p100780,0,0.005651
p100781,0,0.001947
p100782,0,0.016830
p100783,0,0.176924
p100784,0,0.004596
p100785,0,0.965307
p100786,0,0.002712
p100787,0,0.013558
p100788,0,0.006480
p100789,0,0.006247
p100790,0,0.005819
p100791,0,0.002303
p100792,0,0.002600
p100793,0,0.001699
p100794,0,0.002619
p100795,0,0.009719
p100796,0,0.001713
p100797,0,0.264183
p100798,0,0.002584
p100799,0,0.004917
p100800,0,0.001977
p100801,0,0.001547
p100802,0,0.006496
p100803,0,0.006239
p100804,0,0.004004
p100805,0,0.001649
p100806,0,0.040406
p100807,0,0.004862
p100808,0,0.009117
p100809,0,0.002187
p100810,0,0.003428
p100811,1,0.006889
p100812,0,0.012451
p100813,0,0.002117
p100814,0,0.003999
p100815,0,0.001891
p100816,0,0.005870
p100817,0,0.011611
p100818,0,0.002392
p100819,0,0.042294
p100820,0,0.007979
p100821,0,0.002605
p100822,0,0.002535
p100823,1,0.033215
p100824,0,0.010077
p100825,0,0.004150
p100826,0,0.005239
p100828,0,0.008077
p100829,0,0.002959
p100830,0,0.008633
p100831,0,0.003618
p100832,0,0.007647
p100833,0,0.002151
p100834,0,0.002394
p100835,0,0.002176
p100836,1,0.979971
p100837,1,0.990209
p100838,1,0.127634
p100839,0,0.001717
p100840,0,0.988900
p100841,0,0.017428
p100842,0,0.007127
p100843,0,0.003683
p100844,0,0.003098
p100845,0,0.031215
p100846,0,0.005765
p100847,0,0.012314
p100848,0,0.005863
p100849,0,0.004002
p100850,0,0.008264
p100851,0,0.002658
p100852,0,0.003502
p100853,0,0.001399
p100854,0,0.031954
p100855,0,0.003146
p100856,0,0.003487
p100857,0,0.003198
p100858,0,0.005338
p100859,0,0.002953
p100860,0,0.076305
p100861,0,0.003967
p100862,1,0.991711
p100863,0,0.985531
p100864,0,0.006038
p100865,0,0.007205
p100866,0,0.002839
p100867,0,0.198968
p100868,0,0.002074
p100869,0,0.002367
p100870,1,0.039312
p100871,0,0.005580
p100872,0,0.008182
p100873,0,0.009857
p100874,0,0.010536
p100875,0,0.006395
p100876,0,0.004203
p100877,0,0.003569
p100878,0,0.003565
p100879,0,0.276591
p100880,0,0.018605
p100881,0,0.004215
p100883,0,0.002960
p100884,0,0.003489
p100885,0,0.005563
p100886,0,0.014954
p100887,0,0.002763
p100888,0,0.009226
p100889,0,0.003418
p100890,0,0.002248
p100891,0,0.003657
p100892,0,0.004250
p100893,0,0.004061
p100894,0,0.026739
p100895,0,0.003222
p100896,0,0.009219
p100897,0,0.003853
p100898,0,0.002702
p100899,0,0.004226
p100900,0,0.001497
p100902,0,0.003345
p100903,0,0.003559
p100904,0,0.002980
p100905,0,0.001481
p100906,0,0.006585
p100907,1,0.006488
p100908,0,0.002307
p100909,0,0.009337
p100910,0,0.006334
p100911,0,0.019501
p100912,0,0.002529
p100913,0,0.006800
p100914,0,0.006782
p100915,0,0.004081
p100916,0,0.005023
p100917,0,0.003393
p100918,0,0.127158
p100919,0,0.012116
p100920,0,0.005839
p100921,0,0.031442
p100922,0,0.009303
p100923,0,0.021979
p100924,0,0.017841
p100925,0,0.002007
p100926,0,0.004994
p100927,0,0.002240
p100928,0,0.003619
p100929,0,0.010642
p100930,0,0.005265
p100931,0,0.003196
p100932,0,0.002289
p100933,0,0.003895
p100934,0,0.003900
p100935,0,0.008266
p100936,0,0.007374
p100937,0,0.001662
p100938,0,0.002156
p100939,0,0.002997
p100940,0,0.004026
p100941,0,0.001798
p100942,0,0.005943
p100943,0,0.007772
p100944,0,0.002684
p100945,0,0.001688
p100946,1,0.899618
p100947,0,0.002934
p100948,0,0.003631
p100949,0,0.002325
p100950,0,0.031048
p100951,0,0.003929
p100952,0,0.026129
p100953,0,0.015594
p100954,0,0.002039
p100955,0,0.005121
p100956,0,0.002889
p100957,0,0.005507
p100958,0,0.004245
p100959,0,0.001781
p100960,0,0.007462
p100961,0,0.009695
p100962,0,0.009261
p100963,0,0.004187
p100964,0,0.001400
p100965,0,0.016023
p100966,0,0.003428
p100967,0,0.004991
p100968,0,0.012803
p100969,0,0.002869
p100970,0,0.004008
p100971,0,0.008703
p100972,0,0.003264
p100973,0,0.006961
p100974,1,0.970857
p100975,0,0.004509
p100976,0,0.007339
p100977,0,0.006600
p100978,0,0.007029
p100979,0,0.002195
p100980,0,0.010136
p100981,0,0.124312
p100982,0,0.002732
p100983,0,0.004989
p100984,0,0.039893
p100985,0,0.001714
p100986,0,0.004211
p100987,0,0.004335
p100988,0,0.002358
p100989,0,0.004155
p100990,0,0.017234
p100991,0,0.001565
p100992,1,0.970941
p100993,0,0.001822
p100994,0,0.005844
p100995,1,0.002295
p100996,0,0.001891
p100997,0,0.003200
p100998,0,0.016472
p100999,0,0.003059
p101000,0,0.004334
p101001,0,0.002977
p101002,0,0.002220
p101003,0,0.005547
p101004,0,0.073012
p101005,0,0.002372
p101006,0,0.005775
p101007,0,0.011425
p101008,0,0.001639
p101009,0,0.003316
p101010,0,0.001645
p101011,0,0.001510
p101012,0,0.029486
p101013,0,0.005508
p101014,0,0.005264
p101015,0,0.013505
p101016,0,0.013795
p101017,0,0.005767
p101018,0,0.003056
p101019,0,0.001428
p101020,0,0.008213
p101021,0,0.007218
p101022,0,0.004595
p101023,0,0.002964
p101024,0,0.003838
p101025,0,0.001822
p101026,0,0.001883
p101027,0,0.012061
p101028,0,0.002473
p101029,0,0.002482
p101030,0,0.004038
p101031,0,0.001585
p101032,0,0.003153
p101033,0,0.011820
p101034,0,0.002982
p101035,0,0.006216
p101036,0,0.004490
p101037,0,0.002508
p101038,0,0.001393
p101039,0,0.009242
p101040,0,0.004032
p101041,0,0.003739
p101042,0,0.009244
p101043,0,0.014236
p101044,0,0.003679
p101045,0,0.019569
p101046,0,0.004439
p101047,0,0.003383
p101048,0,0.002128
p101049,0,0.003916
p101050,0,0.003444
p101051,0,0.005694
p101052,0,0.005937
p101053,0,0.064329
p101054,0,0.005936
p101055,0,0.007354
p101056,0,0.002676
p101057,0,0.001506
p101058,0,0.002409
p101059,0,0.014969
p101060,0,0.005457
p101061,0,0.003352
p101062,0,0.003980
p101063,0,0.004050
p101064,0,0.008301
p101065,0,0.003472
p101066,0,0.002275
p101067,0,0.002854
p101068,0,0.002342
p101069,0,0.004819
p101070,0,0.014343
p101071,0,0.002854
p101073,0,0.002656
p101074,0,0.003293
p101075,0,0.004446
p101076,0,0.004601
p101077,0,0.002658
p101078,0,0.006911
p101079,0,0.007699
p101080,0,0.003122
p101081,0,0.004737
p101082,0,0.002112
p101083,0,0.013871
p101084,0,0.007422
p101085,0,0.003662
p101086,0,0.021897
p101087,0,0.025068
p101088,0,0.004273
p101089,0,0.005870
p101090,1,0.015341
p101091,0,0.009471
p101092,0,0.024370
p101093,0,0.006751
p101094,0,0.001932
p101095,0,0.005682
p101096,0,0.002408
p101097,0,0.004559
p101098,0,0.004785
p101099,0,0.001440
p101100,0,0.007477
p101101,0,0.002085
p101102,0,0.002815
p101103,0,0.002240
p101104,0,0.010198
p101105,0,0.013322
p101106,0,0.005163
p101107,0,0.005453
p101109,0,0.004736
p101110,0,0.002262
p101111,0,0.013907
p101112,0,0.002940
p101113,0,0.017963
p101114,0,0.009420
p101115,0,0.001612
p101116,0,0.006049
p101117,0,0.002476
p101118,0,0.037854
p101119,0,0.003875
p101120,0,0.002319
p101121,0,0.004480
p101122,0,0.006573
p101123,0,0.061658
p101124,0,0.002149
p101125,0,0.004047
p101126,0,0.004203
p101127,0,0.029120
p101128,0,0.012825
p101129,0,0.008997
p101130,0,0.003175
p101131,0,0.010976
p101132,0,0.030323
p101133,0,0.001983
p101134,0,0.003224
p101135,0,0.013467
p101136,0,0.014258
p101137,0,0.007181
p101138,0,0.011613
p101139,0,0.002615
p101140,0,0.004662
p101141,0,0.006514
p101142,0,0.003302
p101143,0,0.009341
p101144,0,0.004189
p101145,0,0.004000
p101146,0,0.002519
p101147,0,0.002328
p101148,0,0.013141
p101149,0,0.003040
p101150,0,0.011509
p101151,0,0.003925
p101152,0,0.004213
p101153,0,0.001787
p101154,0,0.004105
p101155,0,0.001863
p101156,0,0.014225
p101157,1,0.018264
p101158,0,0.006734
p101159,0,0.002066
p101160,0,0.003676
p101161,0,0.003571
p101162,0,0.005022
p101163,0,0.002368
p101164,0,0.031660
p101165,0,0.002575
p101166,0,0.003310
p101167,0,0.006177
p101168,0,0.003348
p101169,0,0.005503
p101170,0,0.005396
p101171,0,0.003253
p101172,0,0.016113
p101173,0,0.007000
p101174,0,0.001994
p101175,0,0.002886
p101176,0,0.012789
p101178,0,0.032491
p101179,0,0.001531
p101180,0,0.008820
p101181,0,0.004154
p101182,0,0.003802
p101183,0,0.005472
p101184,0,0.001979
p101185,0,0.011221
p101186,0,0.012918
p101187,0,0.019959
p101188,0,0.004070
p101189,1,0.010638
p101190,1,0.987750
p101191,0,0.003065
p101192,0,0.006494
p101193,0,0.001667
p101194,0,0.004073
p101195,0,0.003312
p101196,0,0.002481
p101197,0,0.005705
p101198,0,0.004098
p101199,0,0.003965
p101200,0,0.007975
p101201,0,0.008124
p101202,0,0.005841
p101203,0,0.005476
p101204,0,0.002499
p101205,0,0.006259
p101206,0,0.002468
p101207,0,0.009254
p101208,0,0.003209
p101209,0,0.013813
p101210,0,0.009175
p101211,0,0.005483
p101212,0,0.002414
p101213,0,0.003309
p101214,0,0.004386
p101215,0,0.007466
p101216,0,0.007862
p101217,0,0.002675
p101218,0,0.005329
p101219,0,0.004042
p101220,0,0.004629
p101221,0,0.007904
p101222,0,0.012487
p101223,0,0.005799
p101224,0,0.002767
p101225,0,0.002502
p101226,0,0.003148
p101227,0,0.007218
p101228,0,0.007929
p101229,0,0.008279
p101230,0,0.004814
p101231,0,0.005101
p101232,0,0.002904
p101233,0,0.004300
p101234,0,0.001428
p101235,0,0.006698
p101236,0,0.010893
p101237,0,0.006528
p101238,0,0.001150
p101239,0,0.001797
p101240,0,0.003243
p101241,0,0.017633
p101242,0,0.099216
p101243,0,0.001819
p101244,0,0.004329
p101245,1,0.015740
p101246,0,0.421466
p101247,0,0.006661
p101248,0,0.004418
p101249,0,0.001608
p101250,0,0.016279
p101251,0,0.001607
p101252,0,0.010656
p101253,0,0.003152
p101254,0,0.004501
p101255,0,0.020506
p101256,0,0.004109
p101257,1,0.142230
p101258,0,0.006921
p101259,0,0.012555
p101260,0,0.002813
p101261,0,0.004924
p101262,1,0.049326
p101263,0,0.009275
p101264,0,0.006786
p101265,0,0.003426
p101266,0,0.004122
p101267,0,0.009217
p101268,0,0.003337
p101269,0,0.002445
p101270,0,0.003777
p101271,0,0.004517
p101272,0,0.009588
p101273,0,0.001706
p101274,0,0.015225
p101275,0,0.003212
p101276,0,0.010703
p101277,0,0.001831
p101278,0,0.058192
p101279,0,0.007535
p101280,0,0.002084
p101281,0,0.011934
p101282,0,0.001686
p101283,0,0.006320
p101284,0,0.002414
p101285,0,0.004181
p101286,0,0.029424
p101287,0,0.001582
p101288,0,0.002801
p101289,0,0.002524
p101290,0,0.030971
p101291,1,0.002373
p101292,0,0.006421
p101293,0,0.010580
p101294,0,0.990737
p101295,1,0.007323
p101296,0,0.008086
p101297,0,0.006718
p101298,0,0.001882
p101299,0,0.010010
p101300,1,0.012970
p101301,0,0.003676
p101302,0,0.003312
p101303,0,0.014042
p101304,0,0.002714
p101305,0,0.004578
p101306,0,0.000915
p101307,0,0.004618
p101308,0,0.004708
p101309,0,0.007436
p101310,0,0.052176
p101311,0,0.002416
p101312,0,0.002362
p101313,0,0.013646
p101314,0,0.023428
p101315,0,0.002826
p101316,0,0.002748
p101317,0,0.028680
p101318,0,0.006663
p101319,0,0.008524
p101320,0,0.002607
p101321,0,0.002837
p101322,0,0.002819
p101323,0,0.011937
p101324,0,0.001681
p101325,0,0.004003
p101326,0,0.002875
p101327,1,0.992990
p101328,0,0.002681
p101329,0,0.059846
p101330,0,0.009819
p101331,0,0.003997
p101332,0,0.002042
p101333,0,0.048835
p101334,0,0.003668
p101335,0,0.007359
p101336,0,0.005757
p101338,0,0.004663
p101339,0,0.002649
p101340,0,0.002834
p101341,1,0.975844
p101342,0,0.002289
p101343,0,0.002572
p101344,0,0.004485
p101345,0,0.092226
p101346,0,0.008612
p101347,0,0.010791
p101348,0,0.005157
p101349,0,0.005611
p101350,0,0.012097
p101351,0,0.001969
p101352,0,0.003072
p101353,0,0.003460
p101354,0,0.002278
p101355,0,0.002101
p101356,0,0.002812
p101357,1,0.952647
p101358,0,0.002075
p101359,0,0.002142
p101360,0,0.003013
p101361,0,0.006160
p101362,0,0.003315
p101363,0,0.020743
p101364,0,0.023108
p101365,0,0.009136
p101366,0,0.004814
p101367,1,0.980923
p101368,0,0.001815
p101369,0,0.002518
p101370,0,0.001371
p101371,0,0.007390
p101372,0,0.021386
p101373,0,0.028021
p101374,0,0.003140
p101375,1,0.988243
p101376,0,0.003913
p101377,0,0.009238
p101378,0,0.008204
p101379,0,0.004658
p101380,0,0.001581
p101381,0,0.009250
p101382,0,0.010506
p101383,0,0.015563
p101384,0,0.010114
p101385,0,0.006529
p101386,0,0.006121
p101387,0,0.398509
p101388,0,0.005989
p101389,0,0.003417
p101390,0,0.009681
p101391,0,0.004312
p101392,0,0.002877
p101393,0,0.043953
p101394,0,0.004416
p101395,0,0.007617
p101396,0,0.002600
p101397,0,0.005598
p101398,0,0.001530
p101399,0,0.004774
p101400,0,0.006864
p101401,0,0.022935
p101402,0,0.002948
p101403,0,0.042864
p101404,0,0.988748
p101405,1,0.987327
p101406,0,0.034635
p101407,0,0.001692
p101408,0,0.002610
p101409,0,0.002819
p101410,0,0.005154
p101411,0,0.004236
p101412,0,0.007090
p101413,1,0.993124
p101414,0,0.001861
p101415,0,0.001763
p101416,0,0.009353
p101417,0,0.015002
p101418,0,0.007663
p101419,0,0.010985
p101420,0,0.003533
p101421,0,0.001381
p101422,0,0.002562
p101423,0,0.002431
p101424,0,0.005440
p101425,0,0.403999
p101426,0,0.006019
p101427,0,0.011529
p101428,0,0.010763
p101429,0,0.005497
p101430,0,0.001829
p101431,0,0.009793
p101432,0,0.003300
p101433,0,0.001772
p101434,0,0.002579
p101435,0,0.003093
p101436,0,0.009102
p101437,0,0.003558
p101438,0,0.007720
p101439,0,0.003318
p101440,0,0.003314
p101441,0,0.004478
p101442,0,0.006249
p101443,0,0.003631
p101444,1,0.962119
p101445,0,0.003204
p101446,0,0.003561
p101447,0,0.012651
p101448,0,0.008699
p101450,0,0.002138
p101451,0,0.010620
p101452,0,0.001906
p101453,0,0.005488
p101454,0,0.003187
p101455,0,0.006073
p101456,0,0.002663
p101457,0,0.002330
p101458,0,0.011669
p101459,0,0.002930
p101460,0,0.002102
p101461,0,0.004428
p101462,0,0.001741
p101463,0,0.003656
p101464,0,0.002521
p101465,0,0.048111
p101466,0,0.006687
p101467,0,0.002445
p101468,0,0.003121
p101469,0,0.002786
p101470,0,0.244822
p101471,0,0.006674
p101472,0,0.002450
p101473,0,0.014621
p101474,0,0.008069
p101475,0,0.008896
p101476,0,0.002635
p101477,0,0.008038
p101478,0,0.021080
p101479,0,0.019205
p101480,0,0.004128
p101481,0,0.004991
p101482,0,0.009353
p101483,0,0.989830
p101484,0,0.003451
p101485,0,0.006476
p101486,0,0.002968
p101487,0,0.002549
p101488,0,0.169353
p101489,0,0.002775
p101490,0,0.005940
p101491,0,0.002176
p101492,0,0.008534
p101493,0,0.003794
p101494,0,0.004679
p101495,0,0.003288
p101496,0,0.038296
p101497,0,0.005142
p101498,0,0.001765
p101499,0,0.002919
p101500,0,0.006073
p101501,0,0.001770
p101502,0,0.008688
p101503,0,0.002086
p101504,0,0.003757
p101505,0,0.007341
p101506,0,0.007542
p101507,0,0.004315
p101508,0,0.065337
p101509,0,0.030488
p101510,0,0.004952
p101511,0,0.005490
p101512,0,0.005365
p101513,0,0.001910
p101514,0,0.007549
p101515,0,0.016995
p101516,0,0.007243
p101517,1,0.411415
p101518,0,0.006229
p101519,0,0.039816
p101520,0,0.025820
p101521,0,0.002102
p101522,0,0.006207
p101523,0,0.004846
p101524,0,0.004741
p101525,0,0.015773
p101526,0,0.002606
p101527,1,0.987493
p101528,0,0.004780
p101529,0,0.007189
p101530,0,0.002013
p101531,0,0.005096
p101532,0,0.005249
p101533,0,0.004324
p101534,0,0.004098
p101535,0,0.004229
p101536,0,0.007949
p101537,0,0.020690
p101538,0,0.035995
p101540,0,0.005692
p101541,0,0.004949
p101542,0,0.010737
p101543,0,0.013163
p101544,0,0.003411
p101545,0,0.003923
p101546,0,0.004477
p101547,0,0.019666
p101548,0,0.049451
p101549,0,0.004721
p101550,0,0.032998
p101551,0,0.011195
p101552,0,0.002546
p101553,0,0.009360
p101554,0,0.002138
p101555,0,0.008266
p101556,0,0.002664
p101557,0,0.003949
p101558,0,0.005839
p101559,0,0.991303
p101560,0,0.003092
p101561,1,0.988095
p101562,0,0.001834
p101563,0,0.009122
p101564,0,0.012709
p101565,0,0.001493
p101566,0,0.001485
p101567,0,0.005536
p101568,0,0.001780
p101569,0,0.014705
p101570,0,0.002862
p101571,0,0.006391
p101572,0,0.008230
p101573,0,0.086880
p101574,0,0.004194
p101575,0,0.008580
p101576,0,0.010466
p101577,0,0.003621
p101578,0,0.001732
p101579,0,0.002233
p101580,0,0.001635
p101581,0,0.002565
p101582,0,0.002124
p101583,0,0.003605
p101584,0,0.005447
p101585,0,0.002189
p101586,0,0.010946
p101587,0,0.052801
p101589,0,0.008571
p101590,0,0.004004
p101591,0,0.002234
p101592,0,0.025110
p101593,0,0.005090
p101594,0,0.005233
p101595,0,0.008478
p101596,1,0.992425
p101597,0,0.005170
p101599,0,0.003179
p101600,0,0.014706
p101601,1,0.002659
p101602,0,0.056134
p101603,0,0.005124
p101604,0,0.003705
p101605,0,0.003878
p101606,0,0.005251
p101607,0,0.002044
p101608,0,0.003249
p101609,0,0.001315
p101610,0,0.003797
p101611,0,0.006560
p101612,0,0.001375
p101613,0,0.020125
p101614,0,0.006443
p101615,0,0.006149
p101616,0,0.003459
p101617,0,0.257860
p101618,1,0.006169
p101619,0,0.003623
p101620,0,0.003269
p101621,0,0.002542
p101622,0,0.002981
p101623,0,0.009646
p101625,0,0.079555
p101626,0,0.007094
p101627,0,0.016176
p101628,0,0.002465
p101629,0,0.004731
p101631,0,0.006122
p101632,0,0.008828
p101633,0,0.002546
p101634,0,0.005229
p101635,0,0.004375
p101636,0,0.003607
p101637,0,0.008062
p101638,0,0.001235
p101639,0,0.003585
p101640,0,0.001733
p101641,0,0.003216
p101642,0,0.001195
p101643,0,0.005670
p101644,0,0.001128
p101645,0,0.006115
p101646,0,0.003510
p101647,0,0.005134
p101648,0,0.087080
p101649,0,0.004917
p101650,0,0.007570
p101651,0,0.020354
p101652,0,0.007369
p101653,0,0.004269
p101654,0,0.002341
p101655,0,0.991470
p101656,0,0.228228
p101657,0,0.006003
p101658,0,0.004656
p101659,0,0.003667
p101660,0,0.010048
p101661,0,0.002902
p101662,0,0.011037
p101663,0,0.014685
p101664,0,0.032276
p101665,0,0.007988
p101666,0,0.011995
p101667,0,0.002257
p101668,0,0.009479
p101669,0,0.002994
p101670,0,0.007368
p101671,0,0.004600
p101672,0,0.002117
p101673,0,0.001432
p101674,0,0.004646
p101675,0,0.006249
p101676,0,0.054699
p101677,0,0.002178
p101678,0,0.005041
p101679,0,0.002219
p101680,0,0.001341
p101681,0,0.008457
p101682,0,0.013169
p101683,0,0.006256
p101684,0,0.003113
p101686,0,0.005652
p101687,0,0.005889
p101688,0,0.002305
p101689,0,0.003285
p101690,0,0.002051
p101691,0,0.004438
p101692,0,0.001607
p101693,0,0.003233
p101694,0,0.004101
p101695,0,0.003151
p101696,1,0.992136
p101697,0,0.003572
p101698,0,0.002341
p101699,0,0.003636
p101700,0,0.003942
p101701,0,0.004704
p101702,0,0.002560
p101703,0,0.004499
p101704,0,0.048101
p101705,0,0.003908
p101706,0,0.025706
p101707,0,0.004550
p101709,0,0.005659
p101710,0,0.004756
p101711,0,0.011892
p101712,1,0.010079
p101713,0,0.011670
p101714,0,0.003893
p101715,0,0.005317
p101716,0,0.004743
p101717,0,0.001969
p101718,0,0.043708
p101719,0,0.008954
p101720,0,0.006562
p101721,0,0.002981
p101722,0,0.007554
p101723,0,0.002363
p101724,1,0.020999
p101725,0,0.004816
p101726,0,0.008170
p101727,0,0.004352
p101728,0,0.014358
p101729,1,0.948638
p101730,0,0.005619
p101731,0,0.003444
p101732,0,0.025382
p101733,0,0.988574
p101734,0,0.004215
p101735,0,0.008623
p101736,0,0.003965
p101737,0,0.005776
p101738,0,0.006975
p101739,1,0.993510
p101740,0,0.008716
p101741,0,0.006128
p101742,0,0.001736
p101743,0,0.003188
p101744,0,0.002525
p101745,0,0.001860
p101746,0,0.003230
p101747,0,0.017438
p101748,1,0.162916
p101749,0,0.001476
p101750,1,0.566001
p101751,0,0.003388
p101752,0,0.004403
p101753,0,0.005599
p101754,0,0.002752
p101755,0,0.149470
p101756,0,0.002499
p101757,0,0.002180
p101758,0,0.005744
p101759,0,0.011062
p101760,0,0.002693
p101761,0,0.006156
p101762,0,0.002196
p101763,0,0.012972
p101764,0,0.003421
p101765,0,0.020357
p101766,0,0.003701
p101767,0,0.004583
p101768,0,0.002746
p101769,0,0.003265
p101770,0,0.013586
p101771,0,0.002904
p101772,0,0.002351
p101773,0,0.006921
p101774,0,0.006634
p101775,0,0.082627
p101776,0,0.003075
p101777,0,0.002632
p101778,0,0.004569
p101779,0,0.008945
p101780,0,0.003426
p101781,0,0.008798
p101782,0,0.013300
p101783,0,0.005324
p101784,0,0.005752
p101786,0,0.007732
p101787,0,0.001697
p101788,0,0.002984
p101789,0,0.004409
p101790,0,0.004245
p101791,0,0.003200
p101792,0,0.003764
p101793,0,0.005385
p101794,0,0.076539
p101795,0,0.004810
p101796,0,0.008728
p101797,0,0.002762
p101798,0,0.027848
p101799,0,0.036261
p101800,0,0.990170
p101801,0,0.003424
p101802,0,0.001928
p101803,0,0.006595
p101804,0,0.003950
p101805,1,0.977823
p101806,0,0.003835
p101807,0,0.002564
p101808,0,0.006561
p101809,0,0.006562
p101810,0,0.096948
p101811,0,0.006293
p101812,0,0.003986
p101813,0,0.009466
p101814,0,0.008268
p101815,0,0.002145
p101816,0,0.007315
p101817,0,0.005367
p101818,0,0.001376
p101819,0,0.002832
p101820,0,0.007869
p101821,0,0.004644
p101822,0,0.011080
p101823,0,0.008079
p101824,0,0.002177
p101825,0,0.050152
p101826,0,0.004532
p101827,0,0.004261
p101828,0,0.003498
p101829,0,0.018614
p101830,0,0.014952
p101831,0,0.002230
p101832,0,0.004087
p101833,0,0.100663
p101834,0,0.007490
p101835,0,0.018305
p101836,0,0.004158
p101837,0,0.002121
p101838,0,0.005079
p101839,0,0.002908
p101840,0,0.003593
p101841,0,0.004708
p101842,0,0.005705
p101844,0,0.003764
p101845,0,0.107463
p101846,0,0.025750
p101847,0,0.005297
p101848,0,0.003531
p101849,0,0.002677
p101850,0,0.009179
p101851,0,0.003905
p101852,0,0.008013
p101853,0,0.003245
p101855,0,0.002540
p101856,0,0.003927
p101857,1,0.991941
p101858,0,0.007672
p101859,0,0.002643
p101860,0,0.003098
p101861,0,0.010557
p101862,0,0.005878
p101863,0,0.002833
p101864,0,0.003382
p101865,0,0.001721
p101866,0,0.004101
p101867,0,0.096362
p101868,0,0.002305
p101869,0,0.001476
p101870,0,0.001899
p101871,0,0.005153
p101872,0,0.003971
p101873,0,0.001691
p101874,0,0.002134
p101875,0,0.007684
p101876,0,0.008581
p101877,0,0.011752
p101878,0,0.004653
p101879,1,0.618499
p101880,1,0.017473
p101881,0,0.001277
p101882,0,0.010316
p101883,1,0.007987
p101884,0,0.029759
p101885,0,0.020492
p101886,0,0.002123
p101887,0,0.003230
p101888,0,0.005943
p101889,0,0.002113
p101890,0,0.095529
p101891,0,0.014578
p101892,0,0.005510
p101893,0,0.006088
p101894,0,0.038994
p101895,0,0.003399
p101896,0,0.005755
p101897,0,0.003647
p101898,0,0.003751
p101899,0,0.002438
p101900,0,0.003773
p101901,0,0.008988
p101902,0,0.004558
p101903,0,0.003666
p101904,0,0.017516
p101905,0,0.046686
p101906,0,0.006633
p101907,0,0.004911
p101908,0,0.071905
p101909,0,0.004501
p101910,0,0.002023
p101911,1,0.645199
p101912,0,0.006336
p101913,0,0.003864
p101914,0,0.002457
p101915,0,0.002120
p101916,0,0.005233
p101917,0,0.001645
p101918,0,0.003416
p101919,0,0.004512
p101920,0,0.002226
p101921,0,0.002818
p101922,1,0.988616
p101923,0,0.005433
p101924,0,0.028957
p101925,0,0.002574
p101926,0,0.012228
p101927,0,0.016431
p101928,0,0.004255
p101929,0,0.010521
p101930,0,0.005991
p101931,0,0.005688
p101932,0,0.007815
p101933,1,0.990629
p101934,1,0.976236
p101935,0,0.003601
p101936,0,0.001728
p101937,0,0.257184
p101938,0,0.003178
p101939,0,0.003575
p101940,0,0.002158
p101941,0,0.005973
p101942,0,0.007251
p101943,0,0.005447
p101944,0,0.003303
p101945,0,0.003093
p101946,0,0.001677
p101947,0,0.003444
p101948,0,0.033594
p101949,0,0.003217
p101950,0,0.002940
p101951,0,0.008619
p101952,0,0.003504
p101953,0,0.003604
p101954,0,0.006775
p101955,0,0.002809
p101956,1,0.011566
p101957,0,0.004883
p101958,0,0.037787
p101959,0,0.040969
p101960,0,0.002996
p101961,0,0.007006
p101962,0,0.003524
p101963,0,0.004982
p101964,0,0.021606
p101965,0,0.002447
p101966,0,0.002971
p101967,0,0.006611
p101968,0,0.009807
p101969,0,0.003192
p101970,0,0.004538
p101971,0,0.004286
p101972,0,0.005268
p101973,0,0.004043
p101974,0,0.003737
p101975,0,0.005701
p101976,0,0.002371
p101977,0,0.009265
p101978,0,0.003581
p101979,0,0.002713
p101980,0,0.001551
p101981,0,0.002067
p101982,1,0.985361
p101983,0,0.004982
p101984,0,0.028254
p101985,0,0.002574
p101986,0,0.016990
p101987,0,0.001836
p101988,0,0.024047
p101989,0,0.005189
p101990,1,0.643930
p101991,0,0.010675
p101992,0,0.002565
p101993,0,0.001631
p101994,0,0.007576
p101995,0,0.004522
p101996,0,0.004765
p101997,0,0.115307
p101998,0,0.002231
p101999,0,0.002321
p102000,0,0.004456
p102001,0,0.003055
p102002,0,0.002318
p102003,0,0.007027
p102004,0,0.001823
p102005,0,0.029414
p102006,0,0.006973
p102007,0,0.004820
p102008,0,0.012317
p102009,0,0.002951
p102010,0,0.003093
p102011,0,0.028300
p102012,0,0.222080
p102013,0,0.007948
p102014,0,0.010050
p102015,0,0.012699
p102016,0,0.008712
p102017,0,0.007015
p102018,0,0.005952
p102019,0,0.006488
p102020,1,0.023736
p102021,0,0.002668
p102022,1,0.003400
p102023,0,0.008774
p102024,0,0.002514
p102025,0,0.004817
p102026,0,0.003684
p102027,0,0.004509
p102028,0,0.001648
p102029,0,0.009788
p102030,0,0.002990
p102031,0,0.007118
p102032,0,0.002068
p102033,0,0.006358
p102034,0,0.003635
p102035,0,0.001510
p102036,0,0.005341
p102037,0,0.006752
p102038,0,0.003356
p102039,0,0.003567
p102042,0,0.003854
p102043,0,0.020278
p102044,0,0.001580
p102045,0,0.021068
p102046,0,0.003210
p102047,0,0.005828
p102048,0,0.002775
p102049,0,0.003870
p102050,0,0.001344
p102051,0,0.020749
p102052,0,0.008616
p102053,0,0.003850
p102054,0,0.002669
p102055,0,0.002450
p102057,0,0.047476
p102058,0,0.004910
p102059,0,0.004479
p102060,0,0.002634
p102061,0,0.005111
p102062,0,0.063161
p102063,0,0.003986
p102064,0,0.002835
p102065,0,0.013329
p102066,0,0.001771
p102067,0,0.003742
p102068,0,0.004932
p102069,0,0.004344
p102070,1,0.990721
p102071,0,0.031689
p102072,0,0.001126
p102073,0,0.017274
p102074,0,0.273371
p102075,0,0.003710
p102076,0,0.135696
p102077,0,0.003111
p102078,0,0.003009
p102079,0,0.003993
p102080,0,0.036189
p102081,0,0.011594
p102082,0,0.001933
p102083,0,0.002103
p102084,0,0.002069
p102085,0,0.001918
p102086,0,0.001870
p102087,0,0.003680
p102088,0,0.002865
p102090,0,0.002746
p102091,0,0.003683
p102092,0,0.004191
p102093,0,0.001839
p102094,0,0.002606
p102095,0,0.006358
p102096,0,0.002304
p102097,0,0.001420
p102098,0,0.006768
p102099,0,0.005413
p102100,0,0.004947
p102101,0,0.008347
p102102,0,0.004768
p102103,0,0.003808
p102104,0,0.003084
p102105,0,0.046206
p102106,0,0.012050
p102107,0,0.009976
p102108,0,0.002379
p102109,1,0.008040
p102110,0,0.017908
p102111,0,0.004165
p102112,0,0.002434
p102113,0,0.003611
p102114,0,0.006664
p102115,0,0.003878
p102116,0,0.003212
p102117,0,0.003509
p102118,0,0.004966
p102119,0,0.012836
p102120,0,0.002050
p102121,0,0.004673
p102122,0,0.002940
p102123,0,0.003144
p102124,0,0.002880
p102125,0,0.002876
p102126,0,0.013654
p102127,0,0.005213
p102128,1,0.014570
p102129,1,0.081597
p102130,0,0.006069
p102131,0,0.003388
p102132,0,0.001866
p102133,0,0.005117
p102134,0,0.007469
p102135,0,0.003513
p102136,0,0.006637
p102137,0,0.004552
p102138,0,0.005266
p102139,0,0.001854
p102140,0,0.005342
p102141,0,0.005593
p102142,0,0.005368
p102143,0,0.002878
p102144,0,0.021304
p102145,0,0.002904
p102146,0,0.006798
p102147,0,0.007721
p102148,0,0.003147
p102149,0,0.006748
p102150,0,0.004709
p102151,0,0.010911
p102152,0,0.003008
p102153,0,0.009024
p102154,0,0.005153
p102155,0,0.002353
p102156,0,0.008908
p102157,0,0.022756
p102158,1,0.036753
p102159,0,0.004299
p102160,0,0.001308
p102161,0,0.001053
p102162,0,0.002146
p102163,0,0.030954
p102164,0,0.980686
p102165,0,0.068828
p102166,0,0.750021
p102167,0,0.003050
p102168,0,0.001581
p102169,0,0.008890
p102170,0,0.021288
p102171,0,0.004746
p102172,0,0.004862
p102173,1,0.012961
p102175,0,0.020636
p102176,0,0.003830
p102177,0,0.004954
p102178,0,0.007810
p102179,0,0.001441
p102181,0,0.002701
p102182,0,0.019253
p102183,0,0.001796
p102184,0,0.003314
p102185,0,0.004649
p102186,0,0.006594
p102187,0,0.004893
p102188,0,0.002547
p102189,0,0.002589
p102190,0,0.004725
p102191,0,0.001697
p102192,0,0.008899
p102193,0,0.003717
p102194,0,0.002607
p102195,0,0.016010
p102196,0,0.002262
p102197,0,0.011883
p102198,0,0.004808
p102199,0,0.005458
p102200,0,0.006828
p102201,0,0.004615
p102202,0,0.001845
p102203,0,0.009503
p102204,0,0.006651
p102205,0,0.003501
p102206,0,0.002201
p102207,0,0.005153
p102208,0,0.004061
p102209,0,0.003793
p102210,0,0.011503
p102211,0,0.004655
p102212,0,0.002685
p102213,0,0.008255
p102214,0,0.002961
p102215,0,0.016685
p102216,0,0.004484
p102217,0,0.007403
p102218,0,0.009790
p102219,0,0.015260
p102220,0,0.003790
p102221,0,0.001270
p102222,0,0.001812
p102223,0,0.008913
p102224,0,0.004016
p102225,0,0.003802
p102226,0,0.002303
p102227,0,0.018654
p102228,0,0.003940
p102229,0,0.002513
p102230,0,0.001570
p102231,0,0.003893
p102232,0,0.002430
p102233,0,0.009616
p102234,0,0.003311
p102235,0,0.003970
p102237,0,0.002893
p102238,0,0.003475
p102239,0,0.014142
p102241,0,0.002621
p102242,0,0.003373
p102243,0,0.003411
p102244,0,0.005168
p102245,0,0.004570
p102246,0,0.001804
p102247,0,0.016037
p102248,0,0.003233
p102249,0,0.006195
p102250,0,0.014394
p102251,0,0.008510
p102252,0,0.002923
p102253,0,0.003053
p102254,0,0.975258
p102255,0,0.011707
p102256,0,0.003175
p102257,0,0.002870
p102258,0,0.004451
p102259,0,0.012637
p102260,1,0.031665
p102261,0,0.002768
p102262,0,0.003519
p102263,0,0.002910
p102264,0,0.002235
p102265,0,0.002931
p102266,0,0.002285
p102267,1,0.125225
p102268,0,0.006925
p102269,0,0.002516
p102270,0,0.015448
p102271,0,0.032548
p102272,0,0.006292
p102273,0,0.005544
p102274,0,0.004792
p102275,0,0.008564
p102276,0,0.005401
p102277,0,0.001837
p102278,0,0.016536
p102279,0,0.008052
p102280,0,0.003976
p102281,0,0.001294
p102282,0,0.001633
p102283,0,0.003877
p102284,0,0.006109
p102285,0,0.001903
p102286,0,0.224118
p102287,0,0.006536
p102288,0,0.007802
p102289,0,0.001837
p102290,0,0.003038
p102291,0,0.002833
p102292,0,0.002445
p102293,0,0.002346
p102294,0,0.002119
p102295,0,0.003369
p102296,0,0.004107
p102298,0,0.003331
p102299,0,0.009312
p102300,0,0.051024
p102301,0,0.008241
p102302,0,0.022842
p102303,0,0.001409
p102304,0,0.009602
p102305,0,0.006726
p102306,1,0.981518
p102307,0,0.002664
p102308,0,0.008805
p102309,0,0.002778
p102310,0,0.003132
p102311,0,0.003573
p102312,0,0.004969
p102313,1,0.981754
p102314,0,0.003270
p102315,0,0.004860
p102316,0,0.001911
p102317,0,0.005940
p102318,0,0.004631
p102319,0,0.003549
p102320,0,0.013500
p102321,0,0.002149
p102322,0,0.002577
p102323,0,0.001800
p102324,0,0.007114
p102325,0,0.005983
p102326,0,0.008375
p102327,0,0.010275
p102328,0,0.005334
p102329,0,0.007942
p102330,0,0.003038
p102331,0,0.002777
p102333,0,0.006805
p102334,0,0.011794
p102335,0,0.002525
p102336,0,0.008420
p102337,0,0.002498
p102338,0,0.018233
p102339,0,0.005010
p102340,0,0.006564
p102341,0,0.004465
p102342,0,0.004030
p102343,0,0.002554
p102344,0,0.015800
p102345,0,0.001455
p102346,0,0.005337
p102347,1,0.020489
p102348,0,0.969856
p102349,0,0.013405
p102350,0,0.002731
p102351,0,0.002989
p102352,0,0.002767
p102353,0,0.013683
p102354,0,0.028539
p102355,0,0.007242
p102356,0,0.015580
p102357,0,0.006755
p102358,0,0.002344
p102359,0,0.007262
p102360,0,0.001971
p102361,0,0.006592
p102362,0,0.003878
p102363,0,0.009552
p102364,0,0.001657
p102365,0,0.004585
p102366,0,0.005903
p102367,0,0.001359
p102368,0,0.014740
p102369,0,0.002368
p102370,0,0.992895
p102371,0,0.016887
p102372,0,0.006734
p102373,0,0.005812
p102374,0,0.003502
p102375,0,0.002266
p102376,0,0.008404
p102377,0,0.003188
p102379,0,0.004216
p102380,0,0.003656
p102381,0,0.003461
p102382,0,0.004131
p102383,0,0.001690
p102384,0,0.038874
p102385,0,0.002016
p102386,0,0.002001
p102387,0,0.005332
p102388,0,0.002942
p102389,0,0.001823
p102390,1,0.012046
p102391,0,0.328014
p102392,0,0.007301
p102393,0,0.003847
p102394,0,0.004014
p102395,0,0.004695
p102396,0,0.013737
p102397,0,0.003412
p102398,1,0.032495
p102399,0,0.003780
p102400,0,0.021707
p102401,1,0.079492
p102402,0,0.005937
p102403,0,0.008126
p102404,0,0.008592
p102405,0,0.008697
p102406,0,0.005325
p102407,0,0.004930
p102408,0,0.005239
p102409,0,0.004433
p102410,0,0.016311
p102411,0,0.007725
p102412,0,0.002858
p102413,0,0.008451
p102414,0,0.015212
p102415,0,0.003882
p102416,0,0.036050
p102417,0,0.002778
p102418,0,0.001901
p102419,0,0.024696
p102420,0,0.002667
p102421,1,0.992344
p102422,0,0.003632
p102423,0,0.004740
p102424,0,0.012381
p102425,0,0.002254
p102426,0,0.003874
p102427,0,0.009613
p102428,0,0.008460
p102429,0,0.002086
p102430,0,0.002291
p102431,0,0.007386
p102432,0,0.006630
p102433,0,0.012559
p102434,0,0.003884
p102435,0,0.989562
p102436,1,0.994421
p102437,0,0.006649
p102438,0,0.003157
p102439,0,0.035589
p102440,0,0.004260
p102441,0,0.006268
p102442,0,0.029470
p102443,0,0.009314
p102444,0,0.001483
p102445,0,0.004371
p102446,0,0.004016
p102447,0,0.002229
p102448,0,0.011342
p102449,0,0.016061
p102450,0,0.016311
p102451,0,0.003286
p102452,0,0.979520
p102454,0,0.006108
p102455,0,0.002576
p102456,0,0.005780
p102457,0,0.009799
p102458,0,0.003555
p102459,0,0.004384
p102460,0,0.001818
p102461,0,0.004372
p102462,0,0.032543
p102463,0,0.004347
p102464,0,0.002109
p102465,0,0.001624
p102466,0,0.002882
p102467,0,0.027164
p102468,1,0.070783
p102469,0,0.011554
p102470,0,0.007037
p102471,0,0.018443
p102472,0,0.005077
p102473,0,0.032713
p102474,0,0.004974
p102475,0,0.073077
p102476,0,0.002261
p102477,0,0.018128
p102478,1,0.992829
p102479,0,0.002551
p102480,0,0.989748
p102481,1,0.986351
p102482,0,0.004182
p102483,0,0.011519
p102484,0,0.006890
p102485,0,0.004900
p102486,0,0.002132
p102487,0,0.012526
p102488,0,0.007493
p102489,0,0.002209
p102490,0,0.002096
p102491,0,0.049814
p102492,0,0.011240
p102493,0,0.002290
p102494,0,0.002092
p102495,1,0.061196
p102496,0,0.005852
p102497,0,0.002349
p102498,0,0.003618
p102499,0,0.001216
p102500,0,0.004342
p102501,0,0.013971
p102502,0,0.008298
p102503,0,0.007423
p102504,0,0.022828
p102505,0,0.002779
p102506,0,0.018153
p102507,0,0.014089
p102508,0,0.010355
p102509,0,0.003524
p102510,0,0.003143
p102511,0,0.001812
p102512,0,0.003693
p102513,0,0.003189
p102514,0,0.002259
p102515,0,0.003498
p102516,0,0.143629
p102517,0,0.016659
p102518,0,0.025721
p102519,0,0.001865
p102520,0,0.005149
p102521,0,0.001548
p102522,0,0.002656
p102523,0,0.001750
p102524,0,0.005095
p102525,0,0.002163
p102526,0,0.001626
p102527,0,0.001559
p102528,0,0.010927
p102529,0,0.002658
p102530,0,0.005512
p102531,0,0.003496
p102532,0,0.009021
p102533,0,0.001713
p102534,0,0.009887
p102536,0,0.078626
p102537,0,0.007670
p102538,0,0.003231
p102539,0,0.005600
p102540,0,0.034893
p102541,0,0.011542
p102542,1,0.517733
p102543,0,0.004723
p102544,0,0.004665
p102545,0,0.001645
p102546,0,0.012308
p102547,0,0.129826
p102548,0,0.026368
p102549,0,0.005321
p102550,0,0.013803
p102551,0,0.001545
p102552,0,0.001672
p102553,0,0.002040
p102554,0,0.003554
p102555,0,0.003963
p102556,0,0.002780
p102557,0,0.015925
p102558,0,0.009866
p102559,0,0.002000
p102560,0,0.014204
p102561,0,0.001636
p102562,0,0.001925
p102563,0,0.003168
p102564,0,0.004890
p102565,0,0.002762
p102566,0,0.010878
p102567,0,0.004836
p102568,0,0.002918
p102569,0,0.005428
p102570,0,0.013858
p102571,0,0.003415
p102572,0,0.009865
p102573,0,0.008337
p102574,0,0.007479
p102575,0,0.004381
p102576,0,0.010353
p102577,0,0.005275
p102578,0,0.005457
p102579,0,0.009172
p102580,0,0.005650
p102581,0,0.002206
p102582,1,0.015173
p102583,0,0.003651
p102584,0,0.005331
p102585,0,0.009206
p102586,0,0.012648
p102587,0,0.006832
p102588,0,0.003620
p102589,0,0.002261
p102590,1,0.002639
p102591,0,0.002933
p102592,0,0.004562
p102593,0,0.642552
p102594,0,0.002979
p102595,0,0.004893
p102596,0,0.014931
p102597,0,0.011292
p102598,0,0.003383
p102599,0,0.011044
p102600,0,0.013677
p102601,0,0.005434
p102602,0,0.001668
p102603,0,0.005168
p102604,0,0.006705
p102605,0,0.003334
p102606,0,0.002879
p102607,0,0.006146
p102608,0,0.003480
p102609,0,0.003424
p102611,0,0.043144
p102612,0,0.002373
p102613,0,0.004580
p102614,0,0.005001
p102615,0,0.006796
p102616,0,0.006857
p102617,0,0.003306
p102618,0,0.006278
p102619,0,0.002178
p102620,0,0.003304
p102621,0,0.008627
p102622,0,0.010533
p102623,0,0.002704
p102624,0,0.010286
p102625,0,0.002240
p102626,0,0.003143
p102627,0,0.002128
p102628,0,0.002447
p102630,0,0.025819
p102631,0,0.003352
p102632,0,0.003316
p102633,0,0.003456
p102634,0,0.002589
p102635,0,0.004704
p102636,0,0.002833
p102637,0,0.010265
p102638,0,0.005944
p102639,0,0.042736
p102640,0,0.007733
p102641,0,0.004818
p102642,0,0.006481
p102643,1,0.012162
p102644,1,0.016104
p102645,0,0.003502
p102646,0,0.010678
p102647,0,0.002582
p102648,0,0.014926
p102649,0,0.024107
p102650,0,0.004624
p102651,0,0.017133
p102652,0,0.005872
p102653,0,0.004308
p102654,0,0.007960
p102655,0,0.003344
p102656,0,0.003276
p102657,0,0.002922
p102658,0,0.002543
p102659,0,0.005766
p102660,0,0.025920
p102661,0,0.004694
p102662,0,0.003812
p102663,0,0.993904
p102664,0,0.006846
p102665,0,0.006783
p102666,0,0.004499
p102667,0,0.037805
p102668,0,0.003378
p102669,0,0.008151
p102670,0,0.002473
p102671,1,0.005633
p102672,0,0.004688
p102673,0,0.001723
p102674,0,0.002307
p102675,0,0.008681
p102676,0,0.056873
p102677,0,0.005219
p102678,0,0.002881
p102679,0,0.003540
p102680,0,0.007781
p102681,0,0.009780
p102682,0,0.003544
p102683,0,0.004936
p102684,0,0.002236
p102685,0,0.006496
p102686,0,0.006030
p102687,0,0.002347
p102688,0,0.004348
p102689,0,0.017359
p102690,0,0.009539
p102691,0,0.003921
p102692,0,0.006416
p102693,0,0.016154
p102694,0,0.001972
p102695,0,0.003902
p102696,0,0.010447
p102697,0,0.005617
p102698,0,0.009732
p102699,0,0.001345
p102700,0,0.002052
p102701,0,0.003572
p102702,0,0.007129
p102703,0,0.004481
p102704,0,0.003411
p102705,0,0.031997
p102706,0,0.005998
p102707,0,0.001905
p102708,1,0.003387
p102709,0,0.003472
p102710,0,0.001649
p102711,0,0.004831
p102712,0,0.002076
p102713,0,0.002449
p102714,0,0.012906
p102715,0,0.011665
p102716,0,0.003148
p102717,0,0.994742
p102718,0,0.004983
p102719,0,0.004253
p102720,0,0.006165
p102721,0,0.048228
p102722,0,0.001322
p102723,0,0.003869
p102724,0,0.002523
p102725,0,0.002376
p102726,0,0.011835
p102727,0,0.001153
p102728,0,0.007920
p102729,0,0.005894
p102730,0,0.004311
p102731,0,0.001589
p102732,0,0.006933
p102733,0,0.006941
p102734,0,0.006920
p102735,0,0.013507
p102736,0,0.007217
p102737,0,0.007674
p102738,0,0.006610
p102739,0,0.013856
p102740,0,0.010621
p102741,0,0.007430
p102742,0,0.003287
p102743,0,0.006296
p102744,0,0.001865
p102745,0,0.002524
p102746,1,0.991605
p102747,0,0.002291
p102748,0,0.002132
p102749,1,0.023907
p102750,0,0.008033
p102751,0,0.006064
p102752,0,0.006587
p102753,0,0.004256
p102754,0,0.002657
p102755,0,0.002891
p102756,0,0.006040
p102757,0,0.003794
p102758,0,0.013948
p102759,0,0.002428
p102760,0,0.001952
p102761,0,0.012674
p102762,0,0.013310
p102763,0,0.001873
p102764,0,0.004451
p102765,0,0.013793
p102766,0,0.003119
p102767,0,0.006393
p102768,0,0.022960
p102769,0,0.008337
p102770,0,0.005841
p102771,1,0.007385
p102772,0,0.011484
p102773,0,0.009148
p102774,0,0.004433
p102775,0,0.007342
p102776,0,0.003058
p102777,0,0.002144
p102778,0,0.004863
p102779,0,0.191005
p102780,1,0.053737
p102781,0,0.001426
p102782,0,0.003635
p102783,0,0.001531
p102784,1,0.981242
p102785,0,0.006736
p102786,0,0.007856
p102787,1,0.989993
p102788,0,0.002862
p102789,0,0.006420
p102790,0,0.002362
p102791,0,0.001638
p102792,0,0.231599
p102793,0,0.024243
p102794,0,0.001477
p102795,0,0.002465
p102796,0,0.016051
p102797,0,0.001821
p102798,0,0.002510
p102799,0,0.023266
p102800,0,0.005460
p102801,0,0.004044
p102802,0,0.002068
p102803,0,0.008707
p102804,0,0.001385
p102805,0,0.002349
p102806,0,0.003699
p102807,0,0.028294
p102808,0,0.003419
p102809,0,0.010901
p102810,0,0.004248
p102811,0,0.991824
p102812,0,0.008237
p102813,0,0.005803
p102814,0,0.019844
p102815,0,0.002766
p102816,0,0.002366
p102817,0,0.993084
p102818,0,0.002552
p102819,0,0.989785
p102820,0,0.002147
p102821,0,0.001682
p102822,0,0.002784
p102823,0,0.002749
p102824,0,0.004591
p102825,0,0.004171
p102826,0,0.002800
p102827,0,0.002205
p102828,0,0.015112
p102829,0,0.021159
p102830,1,0.834558
p102831,0,0.987569
p102832,0,0.008155
p102833,0,0.056777
p102834,0,0.967345
p102835,0,0.005070
p102836,0,0.012512
p102837,0,0.027276
p102838,0,0.001888
p102839,0,0.008003
p102840,0,0.004205
p102841,0,0.010657
p102842,0,0.004182
p102843,0,0.006765
p102844,1,0.993554
p102845,0,0.013910
p102846,0,0.014231
p102847,0,0.003631
p102848,0,0.004627
p102849,0,0.002626
p102850,0,0.005926
p102851,0,0.010051
p102852,0,0.006962
p102853,0,0.003287
p102854,0,0.004663
p102855,0,0.012464
p102856,0,0.002520
p102857,0,0.002048
p102858,0,0.001468
p102859,0,0.008347
p102860,0,0.002700
p102861,0,0.007622
p102862,0,0.005887
p102863,0,0.003796
p102864,0,0.021524
p102865,0,0.003283
p102866,0,0.001311
p102867,0,0.004904
p102868,0,0.102291
p102869,0,0.006888
p102870,0,0.013677
p102871,0,0.001708
p102872,0,0.005930
p102873,0,0.003942
p102874,0,0.004772
p102875,0,0.005682
p102876,0,0.003988
p102877,0,0.003443
p102878,0,0.004179
p102880,0,0.004033
p102881,0,0.002151
p102882,0,0.009445
p102883,0,0.015407
p102884,0,0.003352
p102885,0,0.091965
p102886,0,0.026203
p102887,0,0.008378
p102888,1,0.990230
p102889,0,0.004457
p102890,0,0.009013
p102891,0,0.005966
p102892,0,0.003900
p102893,0,0.011239
p102894,0,0.010880
p102895,0,0.005110
p102896,0,0.004168
p102897,0,0.015364
p102898,0,0.001507
p102899,0,0.026783
p102900,0,0.003613
p102901,0,0.017432
p102902,0,0.011609
p102903,0,0.007676
p102904,0,0.009028
p102905,0,0.002291
p102906,0,0.010431
p102907,0,0.008368
p102908,0,0.003004
p102909,0,0.001938
p102910,0,0.002667
p102911,0,0.003822
p102912,0,0.002858
p102913,0,0.005885
p102914,0,0.003857
p102915,0,0.994243
p102916,0,0.990165
p102917,0,0.003301
p102918,0,0.008533
p102919,0,0.005059
p102920,0,0.208985
p102921,0,0.006065
p102922,0,0.002404
p102923,0,0.005195
p102924,0,0.005734
p102925,0,0.007536
p102926,0,0.001586
p102927,0,0.003149
p102928,0,0.002258
p102929,0,0.001839
p102930,0,0.001447
p102931,0,0.008599
p102932,0,0.016764
p102933,0,0.003060
p102934,1,0.009680
p102935,0,0.003677
p102936,0,0.009192
p102937,1,0.015534
p102938,0,0.004441
p102939,0,0.003128
p102940,0,0.018762
p102941,0,0.004171
p102942,0,0.006190
p102943,0,0.002386
p102944,0,0.005185
p102945,0,0.002578
p102946,0,0.003492
p102947,0,0.006389
p102948,0,0.002075
p102949,0,0.007288
p102950,0,0.004160
p102951,0,0.014258
p102952,0,0.007433
p102953,0,0.002585
p102954,0,0.001972
p102955,0,0.004243
p102956,0,0.003293
p102957,0,0.008225
p102958,0,0.001867
p102959,0,0.002290
p102960,0,0.001752
p102961,0,0.002823
p102962,0,0.018784
p102963,0,0.001800
p102964,0,0.006205
p102965,0,0.027311
p102966,0,0.002138
p102967,0,0.004236
p102968,0,0.002504
p102969,0,0.009188
p102970,0,0.008270
p102971,1,0.948240
p102972,1,0.988934
p102973,0,0.003855
p102974,0,0.001613
p102975,0,0.002634
p102976,0,0.013853
p102977,0,0.015019
p102978,0,0.009751
p102979,0,0.006159
p102980,0,0.002263
p102981,0,0.002150
p102982,0,0.005780
p102983,0,0.002210
p102984,0,0.006471
p102985,0,0.002592
p102986,0,0.010802
p102987,0,0.003874
p102988,0,0.019735
p102989,1,0.984690
p102990,0,0.007082
p102991,0,0.003101
p102992,0,0.701503
p102993,0,0.048708
p102994,0,0.002371
p102995,0,0.002688
p102996,0,0.002582
p102997,0,0.007007
p102998,0,0.002516
p102999,0,0.004096
p103000,0,0.018280
p103001,1,0.987601
p103002,0,0.002675
p103003,0,0.038942
p103004,0,0.001235
p103005,0,0.002732
p103006,0,0.004575
p103007,0,0.007360
p103008,0,0.011232
p103009,0,0.008527
p103010,0,0.044812
p103011,0,0.008365
p103012,0,0.006276
p103013,0,0.006776
p103014,0,0.008414
p103015,0,0.002770
p103016,0,0.004230
p103017,0,0.003725
p103018,0,0.002801
p103019,0,0.001989
p103020,0,0.002566
p103021,0,0.008148
p103022,0,0.007275
p103023,0,0.001534
p103024,0,0.021820
p103025,0,0.017448
p103026,0,0.006878
p103027,0,0.002920
p103028,0,0.027842
p103029,0,0.002144
p103030,0,0.002317
p103031,0,0.016980
p103032,0,0.008182
p103033,0,0.021974
p103034,0,0.001503
p103035,0,0.012566
p103036,0,0.001565
p103037,1,0.002507
p103038,0,0.001314
p103039,0,0.021182
p103040,0,0.010659
p103041,0,0.006888
p103042,0,0.002745
p103043,0,0.004954
p103044,0,0.003080
p103045,0,0.004616
p103046,0,0.001780
p103047,0,0.002867
p103048,0,0.002444
p103049,0,0.008318
p103050,0,0.020199
p103051,0,0.007497
p103052,0,0.001840
p103053,0,0.001809
p103054,0,0.006634
p103055,0,0.001335
p103056,0,0.003601
p103057,0,0.006360
p103058,0,0.003631
p103059,0,0.004348
p103060,0,0.004234
p103061,0,0.010411
p103062,0,0.008014
p103063,0,0.009282
p103064,0,0.006952
p103065,0,0.004330
p103066,0,0.122221
p103067,0,0.004188
p103068,0,0.010377
p103069,0,0.010232
p103070,0,0.006209
p103071,0,0.006367
p103072,0,0.061862
p103073,1,0.130495
p103074,0,0.005130
p103075,0,0.004000
p103076,0,0.001864
p103077,0,0.003578
p103078,0,0.002672
p103079,0,0.002718
p103080,1,0.092967
p103081,0,0.001957
p103082,0,0.002401
p103083,0,0.003408
p103084,0,0.002041
p103085,0,0.003652
p103086,0,0.009212
p103087,0,0.013771
p103088,0,0.005942
p103089,0,0.003390
p103090,0,0.001518
p103091,0,0.005358
p103092,0,0.002681
p103093,0,0.001734
p103094,0,0.002581
p103095,0,0.016365
p103096,0,0.028383
p103097,0,0.007925
p103098,0,0.007816
p103099,0,0.002039
p103100,0,0.018883
p103101,0,0.004126
p103102,0,0.002230
p103103,0,0.009895
p103104,0,0.003597
p103105,0,0.003709
p103106,0,0.001379
p103107,0,0.002121
p103108,0,0.005684
p103109,0,0.003235
p103110,0,0.004055
p103111,0,0.002403
p103112,0,0.001224
p103113,0,0.006812
p103114,0,0.005292
p103115,0,0.018584
p103116,0,0.004967
p103117,0,0.005486
p103118,0,0.003031
p103119,0,0.002348
p103120,0,0.005433
p103121,0,0.003067
p103122,0,0.005317
p103123,0,0.004104
p103125,0,0.003391
p103126,0,0.005445
p103127,0,0.002824
p103128,0,0.004176
p103129,0,0.007519
p103130,0,0.002220
p103131,0,0.005439
p103132,0,0.024732
p103133,0,0.009254
p103134,0,0.001594
p103135,0,0.001634
p103136,0,0.006938
p103137,0,0.011438
p103138,0,0.014587
p103139,0,0.002969
p103140,0,0.002433
p103141,0,0.005968
p103142,0,0.011044
p103143,0,0.002423
p103144,0,0.001903
p103145,0,0.007393
p103146,0,0.007501
p103147,0,0.002133
p103148,1,0.987783
p103149,0,0.008008
p103151,0,0.004326
p103152,0,0.001217
p103153,0,0.024968
p103154,0,0.004948
p103155,0,0.003532
p103156,0,0.002069
p103157,0,0.042530
p103158,0,0.007416
p103159,1,0.043231
p103160,0,0.002418
p103161,0,0.008058
p103162,0,0.001602
p103163,0,0.009073
p103164,0,0.002154
p103165,0,0.006237
p103166,0,0.005820
p103167,0,0.004270
p103168,0,0.004196
p103169,0,0.003240
p103170,0,0.007229
p103171,0,0.004722
p103172,0,0.004577
p103173,0,0.002088
p103174,0,0.003750
p103175,0,0.001521
p103176,0,0.017346
p103177,0,0.987956
p103178,0,0.002046
p103179,0,0.002496
p103181,0,0.007971
p103182,0,0.008838
p103183,0,0.489627
p103184,0,0.006955
p103185,0,0.004749
p103186,0,0.002385
p103187,0,0.005830
p103188,0,0.003135
p103189,0,0.004163
p103190,0,0.003614
p103191,0,0.004098
p103192,0,0.008066
p103193,0,0.006390
p103194,1,0.979454
p103195,0,0.002647
p103196,0,0.015717
p103198,0,0.004445
p103199,0,0.007266
p103200,0,0.003774
p103201,0,0.001699
p103202,0,0.016721
p103203,0,0.004288
p103204,0,0.004635
p103205,0,0.003295
p103206,0,0.003636
p103207,1,0.991809
p103208,0,0.003769
p103209,0,0.005219
p103210,0,0.049733
p103211,0,0.002573
p103212,0,0.002776
p103213,0,0.004641
p103214,0,0.004369
p103215,0,0.008968
p103216,0,0.004173
p103217,0,0.002887
p103218,0,0.004813
p103219,0,0.014343
p103220,0,0.005031
p103221,0,0.991875
p103222,0,0.002750
p103223,0,0.004312
p103224,0,0.004418
p103225,0,0.004447
p103226,0,0.001632
p103227,0,0.007941
p103228,0,0.004704
p103229,0,0.300864
p103230,0,0.001884
p103231,0,0.004899
p103232,0,0.002312
p103233,0,0.039564
p103234,0,0.005813
p103235,0,0.002112
p103236,0,0.006063
p103237,0,0.426734
p103238,0,0.006134
p103239,0,0.005387
p103240,0,0.006878
p103241,0,0.006243
p103242,0,0.014730
p103243,0,0.005124
p103244,0,0.005516
p103245,0,0.009663
p103246,0,0.003819
p103247,0,0.004351
p103248,0,0.004135
p103249,1,0.984824
p103250,0,0.008860
p103251,0,0.006626
p103252,0,0.001568
p103253,0,0.006121
p103254,0,0.002076
p103255,0,0.017732
p103256,0,0.008271
p103257,0,0.005368
p103258,0,0.008326
p103259,1,0.985749
p103260,0,0.005005
p103261,1,0.031304
p103262,0,0.003732
p103263,0,0.005531
p103264,0,0.017261
p103266,0,0.004387
p103267,0,0.008018
p103268,0,0.001748
p103269,0,0.007101
p103270,0,0.003085
p103271,0,0.008122
p103272,0,0.003665
p103273,0,0.005211
p103274,0,0.001430
p103275,0,0.007584
p103276,0,0.003682
p103277,0,0.001708
p103278,1,0.007530
p103279,0,0.001393
p103280,0,0.004904
p103281,0,0.014894
p103282,0,0.008388
p103283,0,0.004305
p103284,0,0.001820
p103285,0,0.004607
p103286,0,0.004572
p103287,0,0.010478
p103288,0,0.009904
p103289,0,0.003268
p103290,0,0.002552
p103291,0,0.214461
p103292,0,0.001566
p103293,1,0.032609
p103294,0,0.003545
p103295,0,0.001924
p103296,0,0.004378
p103298,0,0.002601
p103299,0,0.006460
p103300,0,0.003098
p103301,0,0.003533
p103302,0,0.002509
p103303,0,0.010359
p103304,0,0.017450
p103305,0,0.002851
p103306,0,0.003043
p103307,0,0.002607
p103308,0,0.070853
p103309,0,0.022739
p103310,0,0.003723
p103311,0,0.006870
p103312,0,0.001302
p103313,0,0.002251
p103314,0,0.006189
p103315,0,0.015582
p103316,0,0.002791
p103317,1,0.986298
p103318,0,0.004458
p103319,0,0.004530
p103320,0,0.011323
p103321,0,0.004180
p103322,0,0.004183
p103323,0,0.003716
p103324,0,0.003750
p103325,0,0.007718
p103326,0,0.002679
p103327,0,0.004023
p103328,0,0.002912
p103329,0,0.005110
p103330,0,0.007996
p103331,0,0.007056
p103332,0,0.005984
p103333,0,0.004607
p103334,0,0.002643
p103335,0,0.002097
p103336,0,0.023173
p103337,0,0.004727
p103338,0,0.005452
p103339,0,0.002083
p103340,0,0.010776
p103341,0,0.004614
p103342,0,0.009033
p103343,0,0.010117
p103344,0,0.003706
p103345,0,0.011853
p103346,0,0.018715
p103347,0,0.006496
p103348,0,0.019725
p103349,0,0.002057
p103350,0,0.002241
p103351,0,0.001979
p103352,0,0.007031
p103353,0,0.002478
p103354,0,0.003128
p103355,0,0.003235
p103356,0,0.010147
p103358,0,0.003022
p103359,0,0.001509
p103360,0,0.001485
p103362,0,0.004675
p103363,0,0.004041
p103364,0,0.017744
p103365,1,0.993633
p103366,0,0.009218
p103367,1,0.053957
p103368,0,0.004926
p103369,0,0.004073
p103370,0,0.009751
p103371,0,0.001836
p103372,0,0.002555
p103373,0,0.002230
p103374,0,0.005833
p103375,0,0.003670
p103376,0,0.002731
p103377,0,0.002675
p103378,0,0.002720
p103379,0,0.470326
p103380,0,0.006994
p103381,0,0.002058
p103382,0,0.002262
p103383,0,0.005066
p103384,0,0.004109
p103385,0,0.002399
p103386,0,0.003639
p103387,0,0.005801
p103388,0,0.003344
p103389,0,0.005468
p103390,0,0.002530
p103391,0,0.006856
p103392,0,0.011852
p103393,0,0.004352
p103394,0,0.002669
p103395,1,0.004361
p103396,0,0.004062
p103397,0,0.006488
p103398,0,0.005115
p103399,0,0.002323
p103400,0,0.092572
p103401,0,0.001514
p103402,0,0.002516
p103403,0,0.003147
p103404,0,0.003643
p103405,0,0.027972
p103406,0,0.022955
p103407,0,0.004714
p103408,0,0.008500
p103409,0,0.002743
p103410,0,0.018293
p103411,0,0.003726
p103412,0,0.002331
p103413,0,0.008482
p103414,0,0.073882
p103415,0,0.003441
p103416,0,0.015664
p103417,0,0.004165
p103418,0,0.004831
p103419,0,0.004521
p103420,0,0.006250
p103421,0,0.004918
p103422,0,0.003965
p103423,0,0.007158
p103424,0,0.021315
p103425,0,0.001745
p103426,0,0.004050
p103427,0,0.003024
p103428,0,0.002190
p103429,1,0.013375
p103430,0,0.002991
p103431,0,0.002650
p103432,0,0.003873
p103433,0,0.002508
p103434,0,0.006221
p103435,1,0.988935
p103436,0,0.019922
p103437,0,0.007859
p103438,0,0.006531
p103439,0,0.003886
p103440,0,0.477317
p103441,0,0.004160
p103442,0,0.002517
p103443,0,0.001474
p103444,0,0.003657
p103445,0,0.003129
p103446,0,0.003119
p103447,0,0.004042
p103448,0,0.008882
p103449,0,0.004449
p103450,0,0.004040
p103451,0,0.004490
p103452,1,0.607051
p103453,0,0.002824
p103454,0,0.017028
p103455,0,0.029513
p103456,0,0.005027
p103457,0,0.002147
p103458,0,0.023003
p103459,0,0.003689
p103460,0,0.002629
p103461,0,0.004068
p103462,0,0.002777
p103463,0,0.002233
p103464,0,0.057798
p103465,0,0.002987
p103466,0,0.004436
p103467,0,0.002906
p103468,0,0.002389
p103469,0,0.003663
p103470,0,0.007228
p103471,0,0.004038
p103472,0,0.017546
p103473,0,0.006657
p103474,0,0.008242
p103475,0,0.010352
p103476,0,0.016803
p103477,0,0.006140
p103478,0,0.003026
p103479,0,0.004691
p103480,0,0.992731
p103481,0,0.002299
p103482,0,0.007537
p103483,0,0.020756
p103484,0,0.005267
p103485,0,0.015629
p103486,0,0.001512
p103487,0,0.003698
p103488,0,0.005858
p103489,0,0.002593
p103490,0,0.018055
p103491,0,0.002950
p103492,0,0.001676
p103493,0,0.005316
p103494,0,0.013262
p103495,0,0.002543
p103496,0,0.005401
p103497,0,0.003212
p103498,0,0.002094
p103499,0,0.002015
p103500,0,0.014701
p103501,0,0.012031
p103502,0,0.004311
p103503,0,0.003128
p103504,0,0.002999
p103505,0,0.005214
p103506,0,0.004403
p103507,0,0.002725
p103508,0,0.005805
p103509,0,0.003257
p103510,0,0.002008
p103511,0,0.001658
p103512,0,0.002323
p103513,0,0.004227
p103514,0,0.005566
p103515,0,0.003423
p103516,0,0.008334
p103517,0,0.002941
p103518,0,0.993159
p103519,0,0.033582
p103520,0,0.004089
p103521,0,0.003334
p103522,0,0.003634
p103523,0,0.002519
p103524,0,0.001877
p103525,1,0.985200
p103526,0,0.002588
p103527,0,0.002713
p103528,0,0.003640
p103529,0,0.002960
p103530,0,0.005443
p103531,0,0.003393
p103532,0,0.003625
p103533,0,0.001404
p103534,0,0.003934
p103535,0,0.000975
p103536,0,0.990362
p103537,0,0.004154
p103538,0,0.007776
p103539,0,0.004039
p103540,0,0.660066
p103541,0,0.009433
p103542,0,0.006083
p103543,0,0.004534
p103544,0,0.007214
p103545,0,0.003935
p103546,0,0.005782
p103547,0,0.005772
p103548,0,0.006739
p103549,0,0.012156
p103550,0,0.018717
p103551,0,0.003643
p103552,0,0.016739
p103553,0,0.002766
p103555,0,0.002293
p103556,0,0.006704
p103557,0,0.011770
p103558,0,0.047228
p103559,0,0.011448
p103560,0,0.003266
p103561,0,0.008369
p103562,1,0.990614
p103563,0,0.003808
p103564,0,0.012116
p103565,0,0.006570
p103566,0,0.003491
p103567,0,0.004622
p103568,1,0.017103
p103569,0,0.006464
p103570,0,0.006368
p103571,0,0.003256
p103572,0,0.006851
p103573,0,0.004104
p103574,0,0.003180
p103575,0,0.002267
p103576,0,0.027265
p103577,1,0.005424
p103578,0,0.002625
p103579,0,0.057062
p103580,0,0.005303
p103581,0,0.020161
p103582,0,0.005683
p103583,0,0.025411
p103584,0,0.005864
p103585,0,0.007514
p103587,0,0.017316
p103588,0,0.005868
p103589,0,0.005424
p103590,0,0.007971
p103591,0,0.001990
p103592,0,0.026298
p103593,0,0.226890
p103594,0,0.031295
p103595,0,0.004630
p103596,0,0.003958
p103597,0,0.003630
p103598,0,0.004513
p103599,0,0.001579
p103600,0,0.022612
p103601,0,0.002647
p103602,0,0.002425
p103603,0,0.019229
p103604,0,0.006804
p103605,0,0.002292
p103606,0,0.011443
p103607,0,0.001312
p103608,0,0.003830
p103609,0,0.008881
p103610,0,0.023545
p103611,0,0.005737
p103612,0,0.005475
p103613,0,0.157813
p103614,0,0.008721
p103615,0,0.003241
p103616,0,0.003281
p103617,0,0.002003
p103618,0,0.004041
p103619,0,0.002618
p103620,0,0.044759
p103621,0,0.003416
p103622,0,0.020025
p103623,1,0.993227
p103624,0,0.005982
p103625,0,0.005390
p103626,0,0.015149
p103627,0,0.003428
p103628,0,0.012887
p103629,0,0.002483
p103630,0,0.007962
p103631,0,0.002509
p103632,0,0.005096
p103633,0,0.003626
p103634,0,0.006824
p103635,0,0.060360
p103636,0,0.003390
p103637,0,0.003239
p103638,0,0.003375
p103639,0,0.004842
p103640,0,0.005304
p103641,0,0.002912
p103642,0,0.021216
p103644,0,0.013628
p103645,0,0.009657
p103646,0,0.003221
p103647,0,0.004169
p103648,0,0.002607
p103649,0,0.006610
p103650,0,0.012370
p103651,0,0.013047
p103652,0,0.013118
p103653,0,0.001907
p103654,0,0.003602
p103655,0,0.004562
p103656,0,0.005729
p103657,0,0.054858
p103658,0,0.004162
p103659,0,0.002810
p103660,0,0.011851
p103661,0,0.004221
p103662,1,0.885859
p103663,1,0.971301
p103664,0,0.017315
p103665,0,0.005742
p103666,0,0.003006
p103667,0,0.017424
p103668,0,0.002055
p103669,0,0.002505
p103670,0,0.015111
p103671,0,0.004312
p103672,0,0.002105
p103673,0,0.002709
p103674,0,0.234345
p103675,0,0.005026
p103676,0,0.007237
p103677,0,0.012811
p103678,0,0.004571
p103679,0,0.006384
p103680,0,0.373100
p103681,0,0.002049
p103682,0,0.011993
p103683,0,0.006361
p103684,0,0.012178
p103685,0,0.001855
p103686,1,0.990529
p103687,0,0.001548
p103688,0,0.002752
p103689,0,0.008453
p103690,0,0.005549
p103691,1,0.519785
p103692,0,0.009667
p103693,0,0.007094
p103694,0,0.002983
p103695,0,0.006611
p103696,0,0.002603
p103697,0,0.002493
p103698,0,0.004240
p103699,0,0.001732
p103700,0,0.002944
p103701,0,0.003546
p103702,0,0.007200
p103703,0,0.006404
p103704,0,0.005131
p103705,0,0.004372
p103706,0,0.002576
p103707,0,0.006372
p103708,0,0.003384
p103709,0,0.004192
p103710,0,0.003407
p103711,0,0.007664
p103712,0,0.002201
p103713,0,0.017094
p103714,0,0.006678
p103715,0,0.057441
p103716,0,0.004546
p103717,0,0.012981
p103718,0,0.012940
p103719,0,0.002105
p103720,0,0.004821
p103721,0,0.002525
p103722,0,0.009858
p103723,0,0.001694
p103724,0,0.003451
p103725,0,0.004825
p103726,0,0.006841
p103727,0,0.003798
p103728,0,0.013508
p103729,0,0.003884
p103730,0,0.013117
p103731,0,0.004467
p103732,0,0.002856
p103733,0,0.003399
p103734,0,0.011028
p103735,0,0.003715
p103736,0,0.026395
p103737,0,0.001778
p103738,0,0.003711
p103739,0,0.002441
p103740,0,0.001529
p103741,0,0.003453
p103742,0,0.002541
p103743,0,0.004019
p103744,1,0.992667
p103745,0,0.001367
p103746,0,0.001514
p103747,0,0.002161
p103748,0,0.008972
p103749,0,0.006730
p103750,0,0.004194
p103751,0,0.001562
p103752,0,0.015333
p103753,0,0.002603
p103754,0,0.003605
p103755,0,0.001434
p103756,0,0.008781
p103757,0,0.011741
p103758,0,0.004242
p103759,0,0.003916
p103760,0,0.002835
p103761,0,0.006944
p103762,0,0.010160
p103763,0,0.001964
p103764,0,0.008440
p103765,0,0.024265
p103766,0,0.010169
p103767,0,0.002056
p103768,0,0.005644
p103769,0,0.002264
p103770,0,0.004002
p103771,0,0.009764
p103772,0,0.014410
p103773,0,0.005847
p103774,0,0.002455
p103775,0,0.089302
p103776,0,0.003931
p103777,0,0.003206
p103778,0,0.034150
p103779,0,0.001678
p103780,0,0.003974
p103781,0,0.007312
p103782,0,0.010368
p103783,0,0.002416
p103784,0,0.006710
p103785,0,0.002597
p103786,0,0.002333
p103787,0,0.004019
p103788,0,0.003110
p103789,0,0.008658
p103790,0,0.012507
p103791,0,0.014270
p103792,0,0.003081
p103793,0,0.003007
p103794,0,0.007804
p103795,0,0.040654
p103796,0,0.031594
p103797,0,0.013829
p103798,0,0.001751
p103799,0,0.009056
p103800,0,0.003301
p103801,0,0.018202
p103802,0,0.013616
p103803,0,0.049682
p103804,0,0.003259
p103805,0,0.005924
p103806,0,0.002420
p103807,0,0.003699
p103808,0,0.002353
p103809,0,0.005879
p103810,0,0.001489
p103811,0,0.003139
p103812,0,0.016838
p103813,0,0.005037
p103814,0,0.007464
p103815,1,0.991799
p103816,0,0.002233
p103817,0,0.006600
p103818,0,0.007164
p103819,1,0.992004
p103820,0,0.014338
p103821,0,0.003646
p103822,0,0.001725
p103823,0,0.004425
p103824,0,0.002304
p103825,0,0.011270
p103826,0,0.006146
p103827,0,0.020030
p103828,0,0.005888
p103829,0,0.002409
p103830,0,0.001934
p103831,0,0.002923
p103832,0,0.004676
p103833,0,0.010494
p103834,0,0.002804
p103835,0,0.004080
p103836,0,0.005259
p103837,0,0.005900
p103838,0,0.042625
p103839,0,0.031416
p103840,0,0.002736
p103841,0,0.009483
p103842,0,0.004597
p103843,0,0.002017
p103844,0,0.042663
p103845,0,0.004671
p103846,0,0.004772
p103847,0,0.005724
p103848,0,0.004287
p103849,0,0.013632
p103850,0,0.018670
p103851,0,0.002710
p103852,0,0.006044
p103853,0,0.041109
p103854,0,0.003859
p103855,0,0.077747
p103856,0,0.006880
p103857,0,0.003989
p103858,0,0.008985
p103859,0,0.006365
p103861,0,0.006788
p103862,0,0.009575
p103863,1,0.097954
p103864,0,0.001886
p103865,0,0.003307
p103866,0,0.010741
p103867,0,0.011711
p103868,0,0.015845
p103869,0,0.006801
p103870,0,0.008317
p103871,1,0.018399
p103872,0,0.006919
p103873,0,0.007221
p103874,0,0.002108
p103875,0,0.027468
p103876,0,0.003795
p103877,0,0.003686
p103878,0,0.002523
p103879,0,0.022690
p103880,0,0.415905
p103881,0,0.007694
p103882,0,0.003563
p103883,0,0.001531
p103884,0,0.054966
p103885,0,0.009577
p103886,0,0.010604
p103887,0,0.004161
p103888,0,0.005926
p103889,0,0.007227
p103890,0,0.003196
p103891,0,0.986219
p103892,0,0.002557
p103893,0,0.001404
p103894,0,0.005377
p103895,0,0.003679
p103896,0,0.001671
p103898,0,0.026390
p103899,0,0.006438
p103900,0,0.006575
p103901,0,0.005772
p103902,0,0.020052
p103903,0,0.007425
p103904,0,0.006566
p103905,1,0.714032
p103906,0,0.004882
p103907,0,0.020279
p103908,0,0.003140
p103909,0,0.002565
p103910,0,0.003561
p103911,0,0.009202
p103912,0,0.005733
p103913,0,0.006882
p103914,0,0.003903
p103915,0,0.009800
p103916,0,0.004522
p103917,0,0.003954
p103918,0,0.008126
p103919,0,0.007143
p103920,0,0.003942
p103921,0,0.002616
p103922,0,0.003788
p103923,0,0.008497
p103924,0,0.008146
p103925,0,0.987425
p103926,0,0.008551
p103927,0,0.008626
p103928,0,0.002022
p103929,0,0.002658
p103930,0,0.010052
p103931,0,0.004354
p103932,0,0.005419
p103933,0,0.011735
p103934,0,0.003723
p103935,0,0.012773
p103936,0,0.003769
p103937,0,0.001893
p103938,0,0.001987
p103939,0,0.002936
p103940,0,0.009717
p103941,0,0.004691
p103942,0,0.035182
p103943,0,0.004830
p103944,0,0.011550
p103945,0,0.748423
p103946,0,0.561080
p103947,0,0.006528
p103948,0,0.003338
p103949,0,0.001869
p103950,0,0.007642
p103951,0,0.001882
p103952,0,0.003486
p103953,0,0.005934
p103954,0,0.004436
p103955,0,0.323472
p103956,0,0.004607
p103957,0,0.032963
p103958,0,0.007659
p103959,0,0.009730
p103960,0,0.002648
p103961,0,0.018964
p103962,0,0.003243
p103963,0,0.006636
p103964,0,0.001502
p103965,0,0.990876
p103966,0,0.006030
p103968,0,0.002324
p103969,0,0.009578
p103970,0,0.008627
p103971,0,0.008183
p103972,0,0.043739
p103973,0,0.007494
p103974,0,0.003199
p103975,0,0.007545
p103976,0,0.011716
p103977,0,0.002345
p103978,0,0.002490
p103979,0,0.015216
p103980,0,0.002395
p103981,0,0.003567
p103982,0,0.003765
p103983,0,0.002281
p103984,0,0.006562
p103985,0,0.012181
p103986,0,0.001852
p103987,0,0.015639
p103988,0,0.987448
p103989,0,0.005519
p103990,0,0.003429
p103991,0,0.012867
p103992,0,0.002753
p103993,0,0.007292
p103994,0,0.003430
p103995,1,0.255406
p103996,0,0.006809
p103997,0,0.005029
p103998,0,0.055506
p103999,0,0.023203
p104000,0,0.006598
p104001,0,0.003693
p104002,0,0.001736
p104003,0,0.003809
p104004,0,0.004605
p104005,0,0.013557
p104006,0,0.010809
p104007,0,0.006336
p104008,0,0.008094
p104009,0,0.009596
p104010,0,0.002793
p104011,0,0.004655
p104012,0,0.006805
p104013,0,0.003800
p104014,0,0.008576
p104015,0,0.004245
p104016,0,0.009943
p104017,0,0.002806
p104018,0,0.001842
p104019,0,0.004111
p104020,0,0.003145
p104021,0,0.013245
p104022,0,0.754658
p104023,0,0.013304
p104024,0,0.001076
p104025,1,0.036715
p104026,0,0.033714
p104027,0,0.006721
p104028,0,0.005868
p104029,0,0.006187
p104030,0,0.001831
p104031,0,0.004120
p104032,0,0.011884
p104033,0,0.095966
p104034,0,0.004925
p104035,0,0.003826
p104036,0,0.002537
p104037,0,0.002910
p104038,0,0.006374
p104039,0,0.005537
p104040,0,0.004421
p104041,0,0.002089
p104042,0,0.001698
p104043,0,0.012735
p104044,0,0.002605
p104045,0,0.001541
p104046,0,0.003037
p104047,0,0.009358
p104048,0,0.003178
p104049,1,0.854006
p104050,0,0.040995
p104051,1,0.980912
p104052,0,0.002664
p104053,1,0.027296
p104054,0,0.001940
p104055,0,0.002155
p104056,0,0.007993
p104057,0,0.011213
p104058,0,0.007527
p104059,0,0.003137
p104060,0,0.025315
p104062,0,0.009584
p104063,0,0.007236
p104064,0,0.010449
p104065,0,0.005926
p104067,0,0.004717
p104068,0,0.004993
p104069,0,0.013217
p104070,0,0.001749
p104071,0,0.003194
p104072,0,0.003566
p104073,0,0.003034
p104074,0,0.002052
p104075,0,0.004196
p104076,0,0.002948
p104077,0,0.007636
p104078,0,0.004602
p104079,0,0.357474
p104080,0,0.004513
p104081,0,0.001558
p104082,0,0.008262
p104083,0,0.004629
p104084,0,0.009024
p104085,0,0.010139
p104086,0,0.003185
p104087,0,0.003685
p104088,0,0.006006
p104089,0,0.002310
p104090,0,0.006957
p104091,0,0.015158
p104092,0,0.018538
p104093,0,0.004265
p104094,0,0.005811
p104095,0,0.003076
p104096,0,0.001750
p104097,0,0.009021
p104098,0,0.005547
p104099,0,0.006539
p104100,0,0.010087
p104101,0,0.003828
p104102,0,0.003343
p104103,0,0.108298
p104104,0,0.035760
p104105,0,0.001836
p104106,1,0.017914
p104107,0,0.015154
p104108,0,0.002248
p104109,0,0.002804
p104111,0,0.009628
p104112,0,0.035528
p104113,0,0.105484
p104114,0,0.003054
p104115,0,0.006049
p104116,0,0.002187
p104117,0,0.002240
p104118,0,0.006160
p104119,0,0.004245
p104120,0,0.004645
p104121,0,0.034863
p104122,0,0.004377
p104123,0,0.002076
p104124,0,0.001590
p104125,0,0.006202
p104126,0,0.008779
p104127,0,0.002471
p104128,0,0.003018
p104129,0,0.002316
p104130,1,0.008754
p104131,0,0.003767
p104132,0,0.010262
p104133,0,0.006345
p104134,0,0.004871
p104135,0,0.004991
p104136,0,0.006309
p104137,0,0.002297
p104138,0,0.010490
p104139,0,0.001651
p104140,0,0.002196
p104142,0,0.007983
p104143,0,0.006817
p104144,0,0.003198
p104145,0,0.009751
p104146,0,0.019844
p104147,0,0.004867
p104148,0,0.009627
p104149,0,0.001761
p104150,0,0.011312
p104151,0,0.011836
p104152,0,0.003168
p104153,0,0.002923
p104154,0,0.021637
p104155,0,0.002172
p104156,0,0.001495
p104157,0,0.005180
p104158,0,0.003236
p104159,0,0.008362
p104160,0,0.038779
p104161,0,0.004450
p104162,0,0.079790
p104163,0,0.007986
p104164,0,0.008181
p104165,0,0.003665
p104166,0,0.004165
p104167,0,0.003489
p104168,0,0.003841
p104169,0,0.004748
p104170,0,0.003632
p104171,0,0.014763
p104172,0,0.008129
p104173,0,0.015294
p104174,0,0.003779
p104175,0,0.003324
p104176,0,0.003871
p104177,0,0.010651
p104178,0,0.005762
p104179,0,0.015867
p104180,0,0.003118
p104181,0,0.003258
p104182,0,0.024323
p104183,0,0.020396
p104184,1,0.992409
p104185,0,0.005914
p104186,0,0.009890
p104187,1,0.009729
p104188,0,0.001855
p104189,0,0.003512
p104190,0,0.001737
p104191,0,0.001739
p104192,0,0.012944
p104193,0,0.002402
p104194,0,0.002405
p104195,0,0.015749
p104196,0,0.003762
p104197,0,0.003294
p104198,0,0.011454
p104199,0,0.007645
p104200,0,0.009565
p104201,0,0.005075
p104202,0,0.020612
p104203,0,0.005230
p104204,0,0.012286
p104205,0,0.019812
p104206,0,0.002896
p104207,0,0.005755
p104208,0,0.003875
p104209,0,0.002158
p104210,1,0.033406
p104211,0,0.010262
p104212,0,0.005193
p104213,0,0.003143
p104214,0,0.002331
p104215,0,0.006409
p104216,0,0.005699
p104217,0,0.014844
p104218,0,0.008247
p104219,0,0.002397
p104220,0,0.006929
p104221,0,0.007782
p104222,0,0.006501
p104223,0,0.004131
p104224,0,0.004237
p104225,0,0.004923
p104226,0,0.005661
p104227,0,0.002876
p104228,0,0.002266
p104229,0,0.003241
p104230,0,0.005840
p104231,0,0.002962
p104232,0,0.003598
p104233,0,0.011717
p104234,0,0.002224
p104235,0,0.002323
p104236,0,0.015127
p104237,0,0.002357
p104238,0,0.005395
p104239,0,0.006049
p104240,0,0.004188
p104241,0,0.004204
p104242,0,0.010362
p104243,0,0.007844
p104244,0,0.003510
p104245,0,0.007080
p104246,0,0.002138
p104247,0,0.008684
p104248,0,0.006026
p104249,0,0.001627
p104250,0,0.003211
p104251,0,0.008357
p104252,0,0.003580
p104253,0,0.016896
p104254,0,0.008655
p104255,0,0.007123
p104256,0,0.004026
p104257,0,0.002101
p104258,0,0.001618
p104259,0,0.003211
p104260,0,0.001790
p104261,0,0.006496
p104262,0,0.004898
p104263,0,0.002887
p104264,0,0.017027
p104265,0,0.001914
p104266,0,0.001935
p104267,0,0.004988
p104268,0,0.988177
p104269,0,0.005202
p104270,0,0.008126
p104271,0,0.003412
p104272,0,0.003691
p104273,0,0.023813
p104274,1,0.011572
p104275,0,0.063526
p104276,0,0.003040
p104277,0,0.002692
p104278,0,0.007673
p104279,0,0.003708
p104280,0,0.013879
p104281,1,0.010142
p104282,0,0.004581
p104283,0,0.002311
p104284,0,0.009432
p104285,0,0.001693
p104286,0,0.005469
p104287,0,0.011810
p104288,1,0.978495
p104289,0,0.010648
p104290,0,0.010162
p104291,0,0.006651
p104292,0,0.002603
p104293,0,0.008429
p104294,0,0.001330
p104295,0,0.001311
p104296,0,0.006049
p104297,0,0.004985
p104298,0,0.008669
p104299,0,0.001909
p104300,0,0.012526
p104301,0,0.003089
p104302,0,0.005776
p104303,0,0.002468
p104304,0,0.003999
p104305,0,0.002159
p104306,0,0.002408
p104307,0,0.005806
p104308,0,0.004794
p104309,0,0.002250
p104310,0,0.002617
p104311,0,0.027658
p104312,0,0.021842
p104313,0,0.006221
p104314,0,0.006981
p104315,0,0.026257
p104316,0,0.008794
p104317,0,0.004911
p104318,1,0.002373
p104319,0,0.002306
p104320,1,0.088434
p104321,0,0.003548
p104322,0,0.004304
p104323,0,0.074773
p104324,0,0.002092
p104325,0,0.002324
p104326,0,0.009218
p104327,0,0.002677
p104328,0,0.001108
p104329,0,0.009541
p104330,0,0.002695
p104331,0,0.004440
p104332,0,0.005985
p104333,0,0.008252
p104334,0,0.006568
p104335,0,0.003106
p104336,0,0.007125
p104337,0,0.004433
p104338,0,0.003680
p104339,0,0.012551
p104340,0,0.003185
p104341,0,0.006263
p104342,0,0.008849
p104343,0,0.005445
p104344,0,0.479028
p104345,0,0.019611
p104346,0,0.003868
p104347,0,0.002938
p104348,0,0.002822
p104349,0,0.001915
p104350,0,0.003756
p104351,0,0.009019
p104352,0,0.069832
p104353,0,0.002876
p104355,0,0.003693
p104356,0,0.005271
p104357,0,0.005577
p104358,0,0.004357
p104359,0,0.001288
p104360,0,0.004226
p104361,0,0.004874
p104362,0,0.005674
p104363,0,0.002136
p104364,0,0.009213
p104365,0,0.006331
p104366,0,0.001302
p104367,1,0.986330
p104368,0,0.002576
p104369,0,0.007024
p104370,0,0.004119
p104371,0,0.002392
p104372,0,0.003812
p104373,0,0.025133
p104374,0,0.015074
p104375,0,0.004233
p104376,0,0.012022
p104377,0,0.003377
p104378,0,0.008515
p104379,0,0.001242
p104380,0,0.081194
p104381,0,0.003352
p104382,0,0.002743
p104383,0,0.002732
p104384,0,0.003289
p104385,0,0.003927
p104386,0,0.001591
p104387,0,0.127897
p104388,0,0.019014
p104389,0,0.002285
p104390,0,0.007767
p104391,0,0.062086
p104392,0,0.001553
p104393,0,0.002065
p104394,0,0.007007
p104395,0,0.002380
p104396,0,0.002757
p104397,0,0.001638
p104398,0,0.002532
p104399,0,0.002587
p104400,0,0.003395
p104401,0,0.019422
p104402,0,0.003857
p104403,0,0.004806
p104404,0,0.002690
p104405,0,0.002981
p104406,0,0.004918
p104407,0,0.001622
p104408,0,0.005500
p104409,0,0.002432
p104410,0,0.003215
p104411,0,0.004537
p104412,0,0.003473
p104413,0,0.007184
p104414,0,0.016053
p104415,0,0.003200
p104416,0,0.001986
p104417,0,0.022610
p104418,0,0.065658
p104419,0,0.012120
p104420,0,0.026157
p104421,0,0.015328
p104422,0,0.007484
p104423,0,0.002511
p104424,0,0.015326
p104425,0,0.003080
p104426,0,0.003130
p104427,0,0.016845
p104428,0,0.002789
p104429,0,0.007219
p104430,0,0.007293
p104431,0,0.004183
p104432,0,0.003518
p104433,0,0.007469
p104434,0,0.470693
p104435,0,0.004308
p104436,0,0.006315
p104437,0,0.007924
p104438,0,0.179612
p104439,0,0.008139
p104440,0,0.003945
p104441,0,0.012507
p104442,0,0.005434
p104443,0,0.003130
p104444,0,0.005654
p104445,1,0.993270
p104446,0,0.005250
p104447,0,0.001650
p104448,0,0.002383
p104449,0,0.019395
p104450,0,0.003289
p104451,0,0.003335
p104452,0,0.007496
p104453,0,0.034097
p104454,0,0.005762
p104455,0,0.006047
p104456,1,0.991269
p104457,0,0.005558
p104458,0,0.003286
p104459,0,0.002150
p104460,0,0.003562
p104461,0,0.003364
p104462,0,0.003628
p104463,0,0.004882
p104464,0,0.002902
p104465,0,0.002180
p104466,0,0.002413
p104467,0,0.052269
p104468,0,0.018483
p104469,0,0.016852
p104470,0,0.005501
p104471,0,0.002851
p104472,0,0.004414
p104473,0,0.008831
p104474,1,0.143337
p104475,0,0.004993
p104476,0,0.027902
p104477,0,0.032467
p104478,0,0.032205
p104479,0,0.002034
p104480,0,0.004215
p104481,0,0.007760
p104482,0,0.004478
p104483,1,0.011482
p104484,0,0.001738
p104485,0,0.022167
p104486,0,0.002906
p104487,0,0.004921
p104488,0,0.001940
p104489,0,0.001738
p104490,0,0.004127
p104491,0,0.004134
p104492,0,0.003560
p104493,0,0.001801
p104494,0,0.015172
p104495,0,0.003233
p104496,0,0.005111
p104497,0,0.009336
p104498,0,0.004660
p104499,0,0.004523
p104501,0,0.005231
p104502,0,0.017591
p104503,0,0.004306
p104504,0,0.002147
p104505,0,0.004389
p104506,0,0.004583
p104507,1,0.008280
p104508,0,0.001889
p104509,0,0.017011
p104510,0,0.005887
p104511,0,0.007074
p104512,0,0.096338
p104513,0,0.007971
p104514,0,0.348876
p104515,0,0.003587
p104516,0,0.006012
p104517,0,0.020545
p104518,0,0.002133
p104519,0,0.005386
p104520,0,0.005626
p104521,0,0.001911
p104522,0,0.005111
p104523,0,0.003281
p104524,1,0.977270
p104525,0,0.050474
p104526,0,0.010504
p104527,0,0.002891
p104528,0,0.007672
p104529,0,0.005692
p104530,1,0.985357
p104531,0,0.015585
p104532,0,0.077446
p104533,0,0.003903
p104534,0,0.007276
p104535,1,0.992719
p104536,0,0.002863
p104537,0,0.024279
p104538,0,0.015448
p104539,0,0.002506
p104540,0,0.004816
p104541,1,0.029206
p104542,0,0.002868
p104543,0,0.005840
p104544,0,0.003163
p104546,0,0.020419
p104547,0,0.002471
p104548,0,0.011322
p104549,0,0.002882
p104550,0,0.003463
p104551,0,0.002203
p104552,0,0.002226
p104553,0,0.002810
p104554,0,0.003939
p104555,0,0.988535
p104556,0,0.013572
p104557,0,0.123120
p104558,0,0.003311
p104559,0,0.006952
p104560,0,0.013813
p104561,0,0.002480
p104562,0,0.031805
p104563,0,0.002898
p104564,0,0.001963
p104565,0,0.003448
p104566,0,0.008877
p104567,0,0.004627
p104568,0,0.006974
p104569,0,0.003335
p104570,0,0.004762
p104571,0,0.003006
p104572,0,0.002345
p104573,0,0.001976
p104574,0,0.002278
p104575,0,0.001480
p104576,0,0.006990
p104577,0,0.002489
p104578,0,0.002304
p104579,0,0.001837
p104580,0,0.003489
p104581,0,0.005036
p104582,0,0.004372
p104583,0,0.012761
p104584,0,0.025289
p104585,0,0.004650
p104586,0,0.021750
p104587,0,0.001584
p104588,0,0.005554
p104589,0,0.002376
p104590,0,0.005167
p104591,0,0.007566
p104593,0,0.002658
p104594,0,0.004399
p104595,0,0.002206
p104596,0,0.001969
p104597,0,0.003341
p104598,0,0.007098
p104599,0,0.007160
p104600,0,0.004838
p104601,0,0.006972
p104602,0,0.005013
p104603,0,0.001714
p104604,0,0.007233
p104606,0,0.005149
p104607,0,0.029357
p104608,0,0.004697
p104609,0,0.001580
p104610,0,0.009415
p104611,0,0.016413
p104612,0,0.002272
p104613,0,0.020139
p104614,0,0.002702
p104615,0,0.004249
p104616,1,0.844003
p104617,0,0.003743
p104618,0,0.001969
p104619,0,0.001382
p104620,0,0.003866
p104621,0,0.002347
p104622,0,0.004176
p104623,0,0.376205
p104624,1,0.984638
p104625,0,0.002956
p104626,0,0.004004
p104627,0,0.003305
p104628,0,0.003313
p104629,0,0.003603
p104630,0,0.002523
p104631,0,0.002712
p104632,0,0.003222
p104633,0,0.003270
p104634,0,0.044697
p104635,0,0.007557
p104636,0,0.006188
p104637,0,0.019526
p104638,0,0.010382
p104639,0,0.007788
p104640,0,0.008151
p104641,0,0.002819
p104642,0,0.009690
p104643,0,0.001631
p104644,0,0.005003
p104645,0,0.001434
p104646,0,0.002767
p104647,0,0.019538
p104648,0,0.003177
p104649,0,0.004490
p104650,0,0.002452
p104651,0,0.001929
p104652,0,0.003445
p104653,0,0.003629
p104654,0,0.007678
p104655,0,0.002013
p104656,0,0.008422
p104657,0,0.003662
p104658,0,0.003224
p104659,0,0.004205
p104660,0,0.010286
p104661,0,0.002465
p104662,0,0.003686
p104663,0,0.006594
p104664,0,0.003283
p104665,0,0.002998
p104666,1,0.005408
p104667,0,0.049829
p104668,0,0.990241
p104669,0,0.012030
p104670,0,0.003975
p104671,0,0.003321
p104672,0,0.005534
p104673,0,0.010472
p104674,0,0.005240
p104675,0,0.001782
p104676,0,0.004741
p104677,0,0.004226
p104678,0,0.006729
p104679,0,0.001876
p104680,0,0.002300
p104681,0,0.007454
p104682,0,0.005858
p104683,0,0.012087
p104684,0,0.008554
p104685,0,0.002411
p104686,0,0.006153
p104687,0,0.005149
p104688,0,0.001847
p104689,0,0.002931
p104690,0,0.008729
p104691,0,0.002426
p104692,0,0.001895
p104693,0,0.013978
p104694,0,0.002433
p104695,0,0.030200
p104696,0,0.003767
p104697,0,0.013789
p104698,0,0.002498
p104699,0,0.002603
p104700,0,0.002032
p104701,0,0.003742
p104702,0,0.005406
p104703,0,0.003572
p104704,0,0.002437
p104705,0,0.002413
p104706,0,0.002891
p104707,0,0.028309
p104708,0,0.004154
p104709,0,0.005056
p104710,0,0.002728
p104711,0,0.008092
p104712,0,0.002789
p104713,0,0.010669
p104714,0,0.011059
p104715,0,0.002632
p104716,0,0.003092
p104717,0,0.004824
p104718,0,0.018267
p104719,0,0.043790
p104720,0,0.004205
p104721,0,0.011428
p104722,0,0.350518
p104723,0,0.003351
p104724,0,0.006837
p104725,0,0.014155
p104726,0,0.003869
p104727,0,0.016448
p104728,1,0.063072
p104729,0,0.005319
p104730,0,0.002882
p104731,0,0.006239
p104732,0,0.021375
p104733,0,0.001932
p104734,1,0.980342
p104735,0,0.002406
p104736,0,0.002649
p104737,0,0.044140
p104738,1,0.194564
p104739,0,0.003783
p104740,0,0.009204
p104741,0,0.004719
p104742,0,0.002071
p104743,0,0.002295
p104744,0,0.001586
p104745,0,0.010607
p104746,0,0.001555
p104747,0,0.038860
p104748,0,0.002659
p104749,0,0.002712
p104750,0,0.002478
p104751,0,0.014286
p104752,0,0.003116
p104753,0,0.004186
p104754,1,0.010568
p104755,0,0.003310
p104756,0,0.005142
p104757,0,0.002813
p104759,0,0.009199
p104760,0,0.007863
p104761,0,0.007880
p104762,0,0.005373
p104763,0,0.005605
p104764,0,0.010976
p104765,0,0.001774
p104766,0,0.001590
p104767,0,0.003349
p104768,0,0.003340
p104769,1,0.992169
p104770,0,0.001802
p104771,0,0.002058
p104772,0,0.006268
p104773,0,0.002153
p104774,0,0.005693
p104775,0,0.003813
p104776,0,0.015100
p104777,0,0.011798
p104778,0,0.010392
p104779,0,0.004461
p104781,0,0.002818
p104782,0,0.002433
p104783,0,0.009621
p104784,0,0.003350
p104785,1,0.007700
p104786,0,0.001641
p104787,1,0.164804
p104788,0,0.003697
p104789,0,0.004110
p104790,0,0.011908
p104791,0,0.016664
p104792,0,0.004047
p104793,0,0.003353
p104794,0,0.003272
p104795,0,0.003035
p104796,0,0.068338
p104797,0,0.003417
p104798,0,0.007947
p104799,0,0.002773
p104800,1,0.987143
p104802,0,0.091069
p104803,0,0.002071
p104804,1,0.537967
p104805,0,0.501581
p104806,0,0.003970
p104807,0,0.003884
p104808,0,0.001986
p104809,0,0.031107
p104810,0,0.003537
p104811,0,0.007028
p104812,0,0.013641
p104813,0,0.004716
p104814,0,0.015587
p104815,0,0.008179
p104816,0,0.007199
p104817,0,0.002761
p104818,0,0.003451
p104819,0,0.014060
p104820,0,0.003676
p104821,0,0.033866
p104822,0,0.006102
p104823,0,0.022041
p104824,0,0.009980
p104825,0,0.005287
p104826,0,0.019197
p104827,0,0.009588
p104828,0,0.006188
p104829,0,0.001934
p104830,0,0.003682
p104831,0,0.003796
p104832,0,0.005253
p104833,0,0.001819
p104834,0,0.014177
p104835,0,0.008204
p104836,0,0.006901
p104837,0,0.003470
p104838,0,0.012848
p104839,0,0.001594
p104840,0,0.012464
p104841,0,0.004427
p104842,0,0.004816
p104843,0,0.003833
p104844,0,0.009505
p104845,0,0.009684
p104846,0,0.001571
p104847,0,0.993645
p104848,0,0.008903
p104849,0,0.004026
p104850,0,0.003229
p104851,0,0.003264
p104852,0,0.005456
p104853,0,0.004973
p104854,0,0.003342
p104855,0,0.003352
p104856,0,0.003433
p104857,0,0.018271
p104858,0,0.002128
p104859,0,0.002681
p104860,0,0.008631
p104861,0,0.001963
p104862,0,0.012275
p104863,0,0.004032
p104864,0,0.020375
p104865,0,0.002342
p104866,0,0.006775
p104867,0,0.014939
p104868,0,0.004324
p104869,0,0.015142
p104870,0,0.437890
p104871,0,0.002110
p104872,0,0.008939
p104873,0,0.013993
p104874,0,0.011003
p104875,0,0.021378
p104876,0,0.006042
p104877,0,0.063876
p104878,0,0.003308
p104879,0,0.001295
p104880,0,0.017603
p104881,0,0.007824
p104882,0,0.003066
p104883,0,0.006870
p104884,0,0.003953
p104885,0,0.002789
p104886,0,0.002056
p104887,0,0.006518
p104888,0,0.003529
p104889,0,0.008588
p104890,0,0.003750
p104891,0,0.003674
p104892,0,0.006071
p104893,1,0.223382
p104894,0,0.003303
p104895,0,0.005064
p104896,0,0.002278
p104897,0,0.002936
p104898,0,0.004387
p104899,0,0.007943
p104900,0,0.008792
p104901,0,0.007518
p104902,0,0.009036
p104903,0,0.006503
p104904,0,0.002256
p104905,0,0.002604
p104906,0,0.011230
p104907,0,0.002340
p104908,0,0.004091
p104909,0,0.003847
p104910,0,0.014809
p104911,0,0.009228
p104912,0,0.004631
p104913,0,0.011916
p104914,0,0.039808
p104915,0,0.008815
p104916,0,0.030315
p104917,0,0.139088
p104918,0,0.001878
p104919,0,0.006569
p104920,0,0.030956
p104921,0,0.014385
p104922,0,0.001280
p104923,0,0.003680
p104924,0,0.005260
p104925,0,0.002392
p104926,0,0.002869
p104927,0,0.002484
p104928,0,0.003286
p104929,0,0.003390
p104930,0,0.008163
p104931,0,0.005047
p104932,1,0.991078
p104933,0,0.013354
p104934,0,0.002127
p104935,0,0.009655
p104936,0,0.003835
p104937,0,0.011279
p104938,0,0.004103
p104939,0,0.011186
p104940,0,0.004518
p104941,0,0.011555
p104942,0,0.017480
p104943,0,0.006639
p104944,0,0.002954
p104945,0,0.009576
p104946,0,0.989040
p104947,0,0.002446
p104948,0,0.003573
p104949,0,0.016384
p104950,0,0.002253
p104951,0,0.007379
p104952,0,0.007004
p104953,0,0.008268
p104954,0,0.002989
p104955,0,0.005042
p104956,0,0.016627
p104957,0,0.002334
p104958,0,0.004283
p104959,0,0.003455
p104960,0,0.004724
p104961,0,0.082924
p104962,0,0.005537
p104963,0,0.002144
p104964,0,0.001103
p104965,0,0.002410
p104966,0,0.003854
p104967,0,0.002403
p104968,0,0.005381
p104969,0,0.010832
p104970,0,0.005872
p104971,0,0.001973
p104972,0,0.004733
p104973,0,0.002759
p104974,0,0.003030
p104975,0,0.003428
p104976,0,0.004658
p104977,0,0.004063
p104978,0,0.001775
p104979,0,0.002889
p104980,1,0.984075
p104981,0,0.009589
p104982,0,0.006446
p104983,0,0.990617
p104984,0,0.001606
p104985,0,0.002043
p104986,0,0.002674
p104987,0,0.014031
p104988,0,0.004421
p104989,0,0.002570
p104990,0,0.002290
p104991,0,0.031084
p104992,0,0.006509
p104993,0,0.002722
p104994,0,0.004796
p104995,0,0.002205
p104996,1,0.055813
p104997,0,0.003373
p104998,0,0.009359
p104999,0,0.004451
p105000,0,0.120727
p105001,0,0.003567
p105002,0,0.013378
p105003,0,0.002321
p105004,0,0.005975
p105005,0,0.005236
p105006,0,0.002793
p105007,0,0.006295
p105008,0,0.004075
p105009,0,0.003688
p105010,0,0.007564
p105011,0,0.016223
p105012,0,0.002954
p105013,0,0.003146
p105014,0,0.001714
p105015,0,0.002499
p105016,0,0.195850
p105017,1,0.012841
p105018,0,0.005175
p105019,0,0.013987
p105020,0,0.006177
p105021,0,0.004585
p105022,0,0.011167
p105023,0,0.002416
p105024,0,0.004533
p105025,0,0.004031
p105026,0,0.003865
p105027,0,0.003242
p105028,0,0.038494
p105029,0,0.002899
p105030,1,0.009158
p105031,0,0.003132
p105032,0,0.008025
p105033,0,0.004948
p105034,0,0.006000
p105035,0,0.009023
p105036,0,0.002747
p105037,0,0.235111
p105038,1,0.980787
p105039,0,0.004233
p105040,0,0.008694
p105041,0,0.008585
p105042,1,0.988840
p105043,0,0.010401
p105044,0,0.016209
p105045,1,0.981825
p105046,0,0.011166
p105047,0,0.007270
p105048,0,0.001904
p105049,0,0.005662
p105050,0,0.001664
p105051,0,0.002301
p105052,0,0.004438
p105053,0,0.006409
p105054,0,0.002338
p105055,1,0.994746
p105056,0,0.008826
p105057,0,0.001808
p105058,0,0.005526
p105059,0,0.015484
p105060,0,0.019774
p105061,1,0.031747
p105062,0,0.010888
p105063,0,0.011086
p105064,0,0.002272
p105065,0,0.003921
p105066,0,0.004782
p105067,0,0.018969
p105068,0,0.002437
p105069,0,0.004213
p105070,0,0.006994
p105071,0,0.002444
p105072,0,0.004009
p105073,0,0.024421
p105074,0,0.008665
p105075,0,0.010061
p105076,0,0.010522
p105077,0,0.004507
p105078,0,0.002815
p105079,0,0.002829
p105080,0,0.004578
p105081,1,0.161098
p105082,0,0.020555
p105083,0,0.007340
p105084,0,0.006978
p105085,0,0.005819
p105086,0,0.001955
p105087,0,0.014251
p105088,0,0.019773
p105089,0,0.981549
p105090,0,0.002252
p105091,0,0.003303
p105092,0,0.007575
p105093,0,0.001725
p105094,0,0.002851
p105095,0,0.016116
p105096,0,0.023469
p105097,0,0.008505
p105098,0,0.001467
p105099,0,0.033509
p105100,0,0.003987
p105101,0,0.030092
p105102,1,0.092090
p105103,0,0.050254
p105104,0,0.003877
p105105,0,0.003269
p105106,0,0.010487
p105107,0,0.005323
p105108,0,0.023236
p105109,0,0.006262
p105110,0,0.003410
p105111,0,0.004484
p105112,0,0.006448
p105113,0,0.004392
p105114,0,0.004969
p105115,0,0.003317
p105116,0,0.004482
p105117,0,0.001462
p105118,0,0.003736
p105119,0,0.006143
p105120,0,0.009604
p105121,0,0.002137
p105122,1,0.990396
p105123,0,0.021861
p105124,0,0.011798
p105125,0,0.004899
p105126,0,0.001239
p105127,0,0.003007
p105128,0,0.003682
p105129,0,0.007149
p105130,0,0.018894
p105131,0,0.002658
p105132,0,0.027370
p105133,0,0.005908
p105134,0,0.003309
p105135,0,0.001981
p105136,0,0.004845
p105137,0,0.004730
p105138,0,0.014083
p105139,0,0.002382
p105140,0,0.004027
p105141,0,0.003053
p105142,0,0.001561
p105143,0,0.002875
p105144,0,0.006964
p105145,0,0.001717
p105146,0,0.005510
p105147,0,0.047311
p105148,0,0.003287
p105149,0,0.002556
p105150,0,0.003083
p105151,0,0.025843
p105152,0,0.001768
p105153,0,0.006967
p105154,0,0.068789
p105155,0,0.004652
p105156,0,0.007628
p105157,0,0.002921
p105158,0,0.001353
p105159,0,0.011675
p105160,0,0.033329
p105161,0,0.003685
p105162,0,0.002229
p105163,0,0.004055
p105164,0,0.008908
p105165,0,0.991687
p105166,0,0.007642
p105167,0,0.004514
p105168,0,0.011591
p105169,0,0.005756
p105170,0,0.001612
p105171,0,0.002706
p105172,0,0.002118
p105173,0,0.039807
p105174,0,0.017351
p105175,0,0.021991
p105176,0,0.015363
p105177,0,0.007897
p105178,0,0.010825
p105179,0,0.002903
p105180,1,0.038516
p105181,0,0.014373
p105182,0,0.002766
p105183,0,0.012577
p105184,0,0.021512
p105185,0,0.006497
p105186,0,0.003956
p105187,0,0.003143
p105188,0,0.007886
p105189,0,0.013230
p105190,1,0.991035
p105191,0,0.005105
p105192,0,0.008702
p105193,0,0.154831
p105194,0,0.006780
p105195,0,0.002005
p105196,0,0.006596
p105197,0,0.010407
p105198,0,0.001547
p105199,0,0.005911
p105200,0,0.001716
p105201,0,0.002038
p105202,0,0.003679
p105203,0,0.003876
p105204,0,0.004743
p105205,0,0.005088
p105206,0,0.003212
p105207,0,0.010836
p105208,0,0.004089
p105209,0,0.034575
p105210,0,0.005342
p105211,0,0.005317
p105212,0,0.002282
p105213,0,0.004403
p105214,0,0.001316
p105215,0,0.002562
p105216,0,0.009465
p105217,0,0.002326
p105218,0,0.057774
p105219,0,0.002976
p105220,0,0.011460
p105221,0,0.003283
p105222,0,0.193493
p105223,0,0.008881
p105224,0,0.001945
p105225,0,0.002704
p105226,0,0.003413
p105227,0,0.004962
p105228,0,0.003188
p105229,0,0.002633
p105230,0,0.004174
p105231,0,0.010544
p105232,0,0.003205
p105233,0,0.002460
p105234,0,0.008515
p105235,0,0.002132
p105236,0,0.001520
p105237,0,0.007748
p105238,0,0.005844
p105239,0,0.005305
p105240,0,0.005702
p105241,0,0.674742
p105242,0,0.004423
p105243,0,0.016510
p105244,0,0.041864
p105245,0,0.003566
p105246,0,0.002616
p105247,0,0.005535
p105248,0,0.002572
p105249,0,0.005137
p105250,0,0.007187
p105251,0,0.002684
p105252,0,0.002931
p105253,0,0.003737
p105254,0,0.003365
p105255,0,0.009498
p105256,0,0.003388
p105257,0,0.002913
p105258,0,0.004198
p105259,1,0.992352
p105260,0,0.002924
p105261,0,0.005836
p105262,0,0.005140
p105263,0,0.005145
p105264,0,0.003025
p105265,0,0.008239
p105266,0,0.415610
p105267,0,0.002111
p105268,0,0.003383
p105269,0,0.007796
p105270,1,0.009039
p105271,0,0.001576
p105272,0,0.006143
p105273,0,0.004489
p105274,0,0.005927
p105275,0,0.004207
p105276,0,0.005450
p105277,0,0.003033
p105278,0,0.021666
p105279,0,0.003833
p105280,0,0.001268
p105281,0,0.002529
p105282,0,0.033781
p105283,0,0.005145
p105285,0,0.024339
p105286,0,0.001170
p105287,1,0.006724
p105288,0,0.001883
p105289,0,0.004033
p105290,0,0.001813
p105291,0,0.005482
p105292,0,0.004054
p105293,0,0.001775
p105294,0,0.003982
p105295,0,0.006268
p105296,0,0.004967
p105297,0,0.002374
p105298,0,0.002416
p105299,0,0.005034
p105300,0,0.005133
p105301,0,0.010526
p105302,0,0.002439
p105303,0,0.005170
p105304,0,0.029987
p105305,0,0.003364
p105306,0,0.006112
p105307,0,0.003187
p105308,1,0.006023
p105309,0,0.002282
p105310,0,0.005444
p105311,0,0.005428
p105312,0,0.002442
p105313,0,0.003200
p105314,0,0.003183
p105315,0,0.006140
p105316,0,0.002426
p105317,0,0.002479
p105318,0,0.008121
p105319,0,0.002814
p105320,1,0.992229
p105321,0,0.005044
p105322,0,0.002461
p105323,0,0.006508
p105324,0,0.011714
p105325,0,0.005886
p105326,0,0.004223
p105327,0,0.004229
p105328,0,0.001558
p105329,0,0.016136
p105330,0,0.003386
p105331,0,0.074456
p105332,0,0.004850
p105333,0,0.035240
p105334,0,0.002529
p105335,0,0.002299
p105336,0,0.002153
p105337,0,0.007372
p105338,0,0.003159
p105339,0,0.002135
p105340,0,0.009933
p105341,0,0.002102
p105342,0,0.006011
p105343,0,0.003386
p105344,0,0.023478
p105345,0,0.013519
p105346,0,0.001345
p105347,0,0.007313
p105348,0,0.002820
p105349,0,0.012067
p105350,0,0.020374
p105351,0,0.009152
p105352,0,0.005559
p105353,0,0.007480
p105354,0,0.002757
p105356,0,0.007174
p105357,0,0.006012
p105358,0,0.001557
p105359,0,0.004386
p105360,0,0.003480
p105361,0,0.004004
p105362,0,0.002152
p105363,0,0.003740
p105364,0,0.003292
p105365,0,0.010907
p105366,0,0.001656
p105367,0,0.009113
p105368,0,0.001623
p105369,0,0.023074
p105370,0,0.002834
p105371,0,0.007096
p105372,0,0.010664
p105373,0,0.010188
p105374,0,0.023814
p105375,0,0.008032
p105376,0,0.004886
p105377,0,0.002333
p105378,0,0.003153
p105379,0,0.003175
p105380,0,0.028808
p105381,0,0.020311
p105382,0,0.006186
p105383,0,0.002195
p105384,0,0.002555
p105385,0,0.002272
p105386,0,0.004695
p105387,0,0.015568
p105388,0,0.010852
p105389,0,0.004087
p105390,0,0.001616
p105391,0,0.007159
p105392,0,0.012591
p105393,0,0.005986
p105394,0,0.001196
p105395,0,0.983700
p105396,0,0.005392
p105397,0,0.002256
p105398,0,0.010305
p105399,0,0.005823
p105400,0,0.007599
p105401,0,0.006649
p105402,0,0.016445
p105403,0,0.003820
p105404,0,0.002911
p105405,1,0.992968
p105406,0,0.002945
p105407,0,0.006588
p105408,0,0.005337
p105409,0,0.003703
p105410,1,0.004875
p105411,0,0.002195
p105412,0,0.007416
p105413,0,0.003881
p105414,0,0.011206
p105415,0,0.002903
p105416,0,0.016024
p105417,0,0.003157
p105418,0,0.004104
p105419,0,0.003648
p105420,0,0.009516
p105421,0,0.003337
p105422,0,0.003539
p105423,1,0.017177
p105424,0,0.004152
p105425,0,0.002949
p105426,0,0.005515
p105427,0,0.004350
p105428,0,0.005876
p105429,0,0.009019
p105430,0,0.002593
p105431,1,0.004785
p105432,0,0.006890
p105433,0,0.001595
p105434,0,0.002869
p105435,0,0.006567
p105436,0,0.002868
p105437,0,0.015334
p105438,0,0.002176
p105439,0,0.004860
p105441,0,0.004725
p105442,0,0.005352
p105443,0,0.003723
p105444,0,0.011850
p105445,0,0.031050
p105446,0,0.012381
p105447,0,0.005307
p105448,0,0.002734
p105449,0,0.006716
p105450,0,0.008263
p105451,0,0.002380
p105453,0,0.001923
p105454,0,0.017826
p105455,0,0.002287
p105457,0,0.004487
p105458,0,0.030624
p105459,0,0.003417
p105460,0,0.014801
p105461,0,0.008381
p105462,0,0.001999
p105463,0,0.005601
p105464,0,0.005911
p105465,0,0.003057
p105466,0,0.005561
p105467,0,0.003665
p105468,0,0.002832
p105469,0,0.115209
p105470,0,0.003451
p105471,0,0.003013
p105472,0,0.007693
p105473,0,0.002287
p105474,1,0.990989
p105475,0,0.003024
p105476,0,0.011747
p105477,0,0.004077
p105478,0,0.011194
p105479,0,0.007256
p105480,0,0.019799
p105481,0,0.002211
p105482,0,0.008104
p105483,1,0.984231
p105484,0,0.001494
p105485,0,0.026864
p105486,0,0.004026
p105487,0,0.006361
p105488,0,0.057040
p105489,0,0.004007
p105490,0,0.009899
p105491,0,0.010628
p105492,0,0.002141
p105493,0,0.014821
p105494,0,0.002815
p105495,0,0.004558
p105496,1,0.005589
p105497,0,0.030332
p105498,0,0.002567
p105500,0,0.004882
p105501,0,0.001198
p105502,0,0.002154
p105503,0,0.022946
p105504,0,0.004079
p105505,0,0.012866
p105506,0,0.005829
p105507,0,0.004055
p105508,0,0.004743
p105509,0,0.066787
p105510,0,0.006906
p105511,0,0.005545
p105512,0,0.004868
p105513,0,0.003653
p105514,0,0.004776
p105515,0,0.001446
p105516,0,0.010220
p105517,0,0.054542
p105518,0,0.001914
p105519,0,0.003491
p105520,0,0.002335
p105521,0,0.004529
p105522,0,0.004344
p105523,0,0.014029
p105524,0,0.023494
p105525,0,0.003793
p105526,0,0.002035
p105527,0,0.032334
p105528,0,0.010078
p105529,0,0.003589
p105530,0,0.020897
p105531,0,0.002583
p105532,0,0.002688
p105533,0,0.006067
p105534,0,0.002855
p105535,0,0.002488
p105536,0,0.002374
p105537,0,0.002863
p105538,0,0.005107
p105539,0,0.002378
p105540,0,0.002331
p105541,0,0.004560
p105542,0,0.015762
p105543,0,0.019861
p105544,0,0.030669
p105545,0,0.010783
p105546,0,0.002382
p105547,0,0.005800
p105548,0,0.020625
p105549,0,0.005221
p105550,0,0.963809
p105551,0,0.004559
p105552,0,0.003535
p105553,0,0.002611
p105554,0,0.002523
p105555,0,0.035959
p105556,0,0.004572
p105557,0,0.008879
p105558,0,0.002293
p105559,0,0.003379
p105560,0,0.019045
p105561,0,0.004765
p105562,0,0.022259
p105563,0,0.002468
p105564,0,0.005864
p105565,0,0.009557
p105566,0,0.014139
p105567,0,0.010053
p105568,0,0.004986
p105569,0,0.010546
p105570,0,0.002813
p105571,0,0.002731
p105572,0,0.003244
p105573,0,0.002578
p105574,0,0.002798
p105575,0,0.004974
p105576,0,0.003256
p105577,0,0.008384
p105578,0,0.002276
p105579,0,0.010961
p105580,0,0.002055
p105581,0,0.009644
p105582,0,0.009581
p105583,0,0.003258
p105584,0,0.002990
p105585,0,0.019242
p105586,1,0.986513
p105587,0,0.030603
p105588,0,0.004692
p105589,0,0.006926
p105590,0,0.002074
p105591,0,0.012090
p105592,0,0.002638
p105593,0,0.143483
p105594,0,0.009545
p105595,0,0.006545
p105596,0,0.006208
p105597,0,0.236813
p105598,0,0.003341
p105599,1,0.990134
p105600,0,0.002654
p105601,0,0.007552
p105602,0,0.015732
p105603,0,0.012721
p105604,0,0.002763
p105605,0,0.002289
p105606,0,0.005216
p105607,0,0.004188
p105608,0,0.002185
p105609,0,0.006174
p105610,0,0.003506
p105611,0,0.003015
p105612,0,0.002628
p105613,0,0.005118
p105614,0,0.002243
p105615,0,0.011932
p105616,0,0.011850
p105617,0,0.002345
p105618,0,0.009060
p105619,0,0.006180
p105620,0,0.002748
p105621,0,0.002046
p105622,0,0.022318
p105623,0,0.002577
p105624,0,0.002454
p105625,0,0.002031
p105626,0,0.002350
p105627,0,0.005641
p105628,0,0.004292
p105629,0,0.015560
p105630,0,0.005826
p105631,0,0.005275
p105632,0,0.019799
p105633,0,0.005227
p105634,0,0.002058
p105635,0,0.020514
p105636,0,0.004011
p105637,0,0.002834
p105638,0,0.007242
p105639,1,0.008280
p105640,1,0.990636
p105641,0,0.002725
p105642,0,0.002921
p105643,0,0.008812
p105644,0,0.035058
p105645,1,0.990841
p105646,0,0.014143
p105647,0,0.002170
p105648,0,0.002042
p105649,0,0.003533
p105650,0,0.008815
p105651,0,0.004767
p105652,0,0.419253
p105653,0,0.008195
p105654,0,0.010073
p105655,0,0.011657
p105656,0,0.039106
p105657,0,0.002578
p105658,0,0.003350
p105659,1,0.988630
p105660,0,0.003559
p105661,0,0.005042
p105662,0,0.001472
p105663,0,0.006941
p105664,0,0.002990
p105665,0,0.003064
p105666,0,0.007130
p105667,1,0.004748
p105668,0,0.002897
p105669,1,0.990066
p105671,0,0.005456
p105672,0,0.003562
p105673,0,0.012630
p105674,0,0.004961
p105675,0,0.004170
p105676,0,0.001946
p105677,0,0.004539
p105678,0,0.017901
p105679,0,0.002052
p105680,0,0.003476
p105681,0,0.027856
p105682,0,0.003602
p105683,0,0.004708
p105684,0,0.003824
p105685,0,0.012468
p105686,0,0.002764
p105687,0,0.013081
p105688,0,0.011817
p105689,0,0.002589
p105690,0,0.004292
p105691,0,0.003520
p105692,0,0.002400
p105693,0,0.007056
p105694,0,0.003044
p105695,0,0.004755
p105696,0,0.013161
p105697,0,0.008716
p105698,0,0.002967
p105699,0,0.004118
p105700,0,0.003103
p105701,0,0.006145
p105702,0,0.003748
p105703,0,0.010372
p105704,0,0.003905
p105705,0,0.014946
p105706,0,0.021449
p105707,0,0.006082
p105708,0,0.005672
p105709,0,0.020492
p105710,0,0.003495
p105711,0,0.002738
p105712,0,0.002851
p105713,0,0.001895
p105714,0,0.003031
p105715,0,0.009709
p105716,0,0.004653
p105717,0,0.004479
p105718,0,0.025290
p105719,0,0.003119
p105720,0,0.005564
p105721,0,0.006349
p105722,0,0.016916
p105723,0,0.001533
p105724,0,0.004148
p105725,0,0.012011
p105726,0,0.003422
p105727,0,0.001975
p105728,0,0.005864
p105729,0,0.008234
p105730,0,0.009797
p105731,0,0.002984
p105733,0,0.006345
p105734,0,0.003886
p105735,0,0.002922
p105736,0,0.002037
p105737,0,0.001202
p105738,0,0.007273
p105739,0,0.004409
p105740,0,0.001941
p105741,1,0.928773
p105742,0,0.002969
p105743,0,0.006973
p105744,0,0.001162
p105745,0,0.006320
p105746,0,0.005895
p105747,0,0.002591
p105748,0,0.003080
p105749,0,0.014922
p105750,0,0.008542
p105751,0,0.009886
p105752,0,0.002804
p105753,1,0.991468
p105754,0,0.004624
p105755,0,0.009966
p105756,0,0.015578
p105757,0,0.010126
p105758,0,0.003237
p105759,0,0.058064
p105760,0,0.043318
p105761,0,0.002652
p105762,0,0.002063
p105763,0,0.001324
p105764,0,0.002280
p105765,0,0.004620
p105766,0,0.006936
p105767,0,0.004484
p105768,0,0.011149
p105769,0,0.008340
p105770,0,0.004211
p105771,0,0.002325
p105772,0,0.017902
p105773,0,0.001152
p105774,0,0.002198
p105775,0,0.001964
p105776,0,0.002167
p105777,0,0.002359
p105778,0,0.004050
p105779,0,0.019248
p105780,0,0.002359
p105781,1,0.990976
p105782,0,0.001649
p105783,0,0.003796
p105784,0,0.004895
p105785,0,0.008174
p105786,0,0.005386
p105787,0,0.003805
p105788,1,0.015774
p105789,0,0.006498
p105790,0,0.009899
p105791,0,0.017020
p105792,0,0.005320
p105793,0,0.009493
p105794,0,0.002371
p105795,0,0.042109
p105797,0,0.004083
p105798,0,0.052869
p105799,0,0.002868
p105800,0,0.004706
p105801,0,0.003701
p105802,0,0.037183
p105803,0,0.014118
p105804,0,0.002881
p105805,0,0.011408
p105806,0,0.001534
p105807,0,0.006456
p105808,0,0.005388
p105809,1,0.991155
p105810,0,0.004778
p105811,0,0.003307
p105812,0,0.003216
p105813,0,0.013589
p105814,0,0.002594
p105815,0,0.001309
p105816,0,0.005302
p105817,0,0.012589
p105818,0,0.001062
p105819,0,0.004249
p105820,0,0.002838
p105821,0,0.008245
p105822,0,0.003662
p105823,0,0.001890
p105824,1,0.157369
p105825,0,0.003408
p105826,0,0.003718
p105827,0,0.007140
p105828,0,0.009748
p105829,0,0.003853
p105830,0,0.008016
p105831,1,0.989821
p105832,0,0.002860
p105833,0,0.003187
p105834,0,0.003094
p105835,0,0.004769
p105836,0,0.012796
p105837,0,0.002162
p105838,0,0.031851
p105839,0,0.005630
p105840,0,0.010453
p105841,0,0.002709
p105842,0,0.005359
p105843,0,0.006433
p105844,0,0.054406
p105845,0,0.029368
p105846,0,0.016855
p105847,0,0.003400
p105848,0,0.009034
p105849,0,0.010027
p105850,0,0.001672
p105851,0,0.013541
p105852,0,0.005035
p105853,0,0.004885
p105854,0,0.045958
p105855,0,0.004968
p105856,0,0.004578
p105857,0,0.007032
p105858,0,0.011018
p105859,0,0.003768
p105860,0,0.002392
p105861,0,0.006666
p105862,1,0.012352
p105863,0,0.001454
p105864,0,0.003359
p105865,0,0.005175
p105866,0,0.064832
p105867,0,0.003632
p105868,0,0.045930
p105869,1,0.006891
p105870,0,0.003250
p105871,0,0.016394
p105872,0,0.009984
p105873,0,0.004136
p105874,0,0.013641
p105875,0,0.006774
p105876,0,0.001878
p105877,0,0.005365
p105878,0,0.033214
p105879,0,0.002801
p105880,0,0.003422
p105881,0,0.002321
p105882,0,0.001927
p105883,0,0.002850
p105884,0,0.005308
p105885,1,0.993437
p105886,0,0.012059
p105887,0,0.003887
p105888,0,0.003551
p105889,0,0.016684
p105890,0,0.002076
p105891,0,0.001765
p105892,1,0.033113
p105893,0,0.009180
p105894,0,0.001875
p105895,0,0.003508
p105896,0,0.003712
p105897,0,0.004495
p105898,0,0.002220
p105899,0,0.001654
p105900,0,0.001966
p105901,0,0.014492
p105902,0,0.001956
p105903,0,0.022182
p105904,0,0.003002
p105905,1,0.662293
p105906,0,0.012637
p105907,0,0.031049
p105908,0,0.007365
p105909,0,0.002841
p105910,0,0.001792
p105911,0,0.003261
p105912,1,0.035425
p105913,0,0.063328
p105914,0,0.005062
p105915,1,0.991176
p105916,0,0.002773
p105917,0,0.002515
p105918,0,0.022184
p105919,0,0.001382
p105920,0,0.004836
p105921,0,0.002779
p105922,0,0.079227
p105923,0,0.002131
p105924,0,0.015711
p105925,0,0.006856
p105926,0,0.083385
p105928,0,0.007298
p105929,0,0.018946
p105930,0,0.004405
p105931,0,0.030455
p105932,0,0.005167
p105933,0,0.002183
p105934,0,0.007223
p105935,0,0.001955
p105936,0,0.003719
p105937,0,0.014451
p105938,0,0.009064
p105939,0,0.005666
p105940,0,0.002415
p105941,0,0.010309
p105942,0,0.004718
p105943,0,0.022472
p105944,0,0.013777
p105945,0,0.003196
p105946,0,0.006478
p105947,0,0.003250
p105948,0,0.036969
p105949,0,0.003388
p105950,0,0.027250
p105951,0,0.003657
p105952,0,0.006759
p105953,0,0.004431
p105954,0,0.022703
p105955,0,0.002248
p105956,0,0.002444
p105957,0,0.010994
p105958,0,0.002040
p105959,0,0.027912
p105960,0,0.003729
p105961,0,0.003222
p105963,0,0.005560
p105964,0,0.046678
p105965,0,0.005943
p105966,0,0.011604
p105967,0,0.004854
p105968,0,0.008086
p105969,1,0.007125
p105970,0,0.017730
p105971,0,0.001995
p105972,0,0.002933
p105973,0,0.003528
p105974,0,0.005310
p105975,0,0.006211
p105976,0,0.010204
p105977,0,0.011274
p105978,0,0.004855
p105979,1,0.012860
p105980,0,0.006671
p105981,0,0.002683
p105982,0,0.002493
p105983,0,0.001867
p105984,0,0.010938
p105985,0,0.005974
p105986,0,0.003161
p105987,0,0.002471
p105988,0,0.001246
p105989,0,0.017753
p105990,0,0.039992
p105991,0,0.001545
p105992,0,0.004116
p105993,0,0.002033
p105994,0,0.004894
p105995,0,0.007596
p105996,0,0.006259
p105997,0,0.009784
p105998,0,0.025835
p105999,1,0.014466
p106000,0,0.003314
p106001,0,0.003019
p106002,0,0.006826
p106003,0,0.002550
p106004,0,0.036458
p106005,0,0.018540
p106006,0,0.002016
p106007,0,0.008143
p106008,0,0.017033
p106009,0,0.005349
p106010,0,0.013296
p106011,0,0.005501
p106012,0,0.007114
p106013,0,0.002671
p106014,0,0.008559
p106015,0,0.004891
p106016,0,0.008514
p106017,0,0.003837
p106018,0,0.006425
p106019,0,0.007595
p106020,0,0.008959
p106021,0,0.015845
p106022,0,0.001856
p106023,0,0.001367
p106024,0,0.010293
p106025,0,0.053457
p106026,0,0.011113
p106027,0,0.002735
p106028,0,0.002403
p106029,0,0.003409
p106030,0,0.041959
p106031,0,0.002081
p106032,0,0.006899
p106033,0,0.126956
p106034,0,0.012466
p106035,0,0.003124
p106036,0,0.001596
p106037,1,0.037246
p106038,0,0.006943
p106039,0,0.009175
p106040,0,0.004100
p106041,0,0.002900
p106042,0,0.004000
p106043,0,0.001298
p106044,0,0.033227
p106045,0,0.005572
p106046,0,0.006021
p106047,0,0.002690
p106048,0,0.024546
p106049,0,0.005776
p106050,0,0.002611
p106051,0,0.003953
p106052,0,0.005510
p106053,0,0.003630
p106054,0,0.004386
p106055,0,0.003755
p106056,0,0.021634
p106057,0,0.005107
p106058,1,0.001367
p106059,0,0.001174
p106060,0,0.005086
p106061,0,0.022475
p106062,0,0.005205
p106063,0,0.004232
p106064,1,0.991603
p106065,0,0.017065
p106066,0,0.002317
p106067,0,0.008780
p106068,0,0.009534
p106069,0,0.010996
p106070,0,0.005471
p106071,0,0.610925
p106072,0,0.004069
p106073,0,0.003519
p106074,0,0.004921
p106075,0,0.021373
p106076,0,0.010303
p106077,0,0.002468
p106078,0,0.024130
p106079,0,0.002337
p106080,0,0.002340
p106081,0,0.002792
p106082,0,0.002839
p106083,0,0.002148
p106084,0,0.004172
p106085,0,0.003673
p106086,0,0.024760
p106087,0,0.320984
p106088,0,0.003046
p106089,0,0.002106
p106090,0,0.003385
p106091,0,0.003003
p106092,0,0.004625
p106093,0,0.004332
p106094,0,0.004517
p106095,0,0.010180
p106096,0,0.012645
p106097,0,0.005113
p106098,0,0.341378
p106099,0,0.002303
p106100,0,0.001916
p106101,0,0.002308
p106102,0,0.006454
p106103,0,0.003112
p106104,0,0.003475
p106105,0,0.008139
p106106,0,0.004106
p106107,0,0.680581
p106108,0,0.002779
p106109,0,0.008538
p106110,0,0.004188
p106111,0,0.012095
p106112,0,0.006695
p106113,0,0.006704
p106114,1,0.983735
p106115,0,0.033330
p106116,0,0.003346
p106117,0,0.002529
p106118,0,0.004282
p106120,0,0.003773
p106121,0,0.003599
p106122,0,0.015269
p106123,0,0.002032
p106124,0,0.731116
p106125,0,0.177878
p106126,0,0.003298
p106127,0,0.004781
p106128,0,0.988805
p106129,1,0.067404
p106130,0,0.001549
p106131,0,0.002766
p106132,0,0.011911
p106133,0,0.005262
p106134,0,0.003968
p106135,0,0.004523
p106136,0,0.003755
p106137,0,0.007127
p106138,0,0.005947
p106139,0,0.002885
p106140,0,0.001628
p106141,0,0.001848
p106142,0,0.001630
p106143,0,0.002988
p106144,0,0.069220
p106145,0,0.004505
p106146,0,0.005933
p106147,0,0.003805
p106148,0,0.005750
p106149,0,0.003126
p106150,0,0.019528
p106151,0,0.002271
p106152,0,0.001902
p106153,0,0.002195
p106154,0,0.278949
p106155,0,0.004862
p106156,0,0.007723
p106157,0,0.004828
p106158,1,0.522182
p106159,0,0.001772
p106160,0,0.008937
p106161,0,0.002175
p106162,0,0.012346
p106163,0,0.009341
p106164,0,0.055397
p106165,0,0.008269
p106166,0,0.004551
p106167,0,0.001654
p106168,0,0.002652
p106169,0,0.016217
p106170,0,0.003078
p106171,1,0.985199
p106172,0,0.008375
p106173,0,0.002263
p106174,0,0.003400
p106175,0,0.066641
p106176,0,0.005981
p106177,0,0.009108
p106178,0,0.003955
p106179,0,0.078878
p106180,0,0.004078
p106181,0,0.016659
p106182,0,0.009395
p106183,0,0.002095
p106184,0,0.003372
p106185,0,0.002087
p106186,0,0.010950
p106187,0,0.005665
p106188,0,0.019913
p106189,0,0.002497
p106190,0,0.285632
p106191,0,0.001909
p106192,0,0.004642
p106193,0,0.005585
p106194,0,0.002010
p106195,0,0.003623
p106196,0,0.002191
p106197,0,0.004060
p106198,0,0.002223
p106199,0,0.002215
p106200,0,0.004020
p106201,0,0.001560
p106202,0,0.004237
p106203,0,0.021099
p106204,0,0.010929
p106205,0,0.004188
p106206,0,0.003267
p106207,0,0.002748
p106208,0,0.002649
p106209,0,0.002969
p106210,0,0.004762
p106211,0,0.002145
p106212,0,0.004210
p106213,0,0.001757
p106214,1,0.003441
p106215,0,0.001985
p106216,0,0.003697
p106217,0,0.004137
p106218,0,0.005122
p106219,0,0.005067
p106220,0,0.007061
p106221,0,0.004184
p106222,0,0.008832
p106223,0,0.004609
p106224,0,0.001398
p106225,0,0.008214
p106226,0,0.002861
p106227,0,0.008177
p106228,0,0.003386
p106229,0,0.002348
p106230,0,0.992532
p106231,0,0.003966
p106232,0,0.004142
p106233,0,0.002579
p106234,0,0.003359
p106235,0,0.002650
p106236,0,0.002296
p106237,0,0.007698
p106238,0,0.002774
p106239,0,0.004012
p106240,0,0.004181
p106241,0,0.005704
p106242,0,0.001596
p106243,0,0.007645
p106244,0,0.004771
p106245,0,0.003451
p106246,1,0.983107
p106247,0,0.006102
p106248,0,0.047845
p106249,0,0.001563
p106250,0,0.003092
p106251,0,0.002334
p106252,0,0.002162
p106253,0,0.002109
p106254,0,0.017618
p106255,0,0.002614
p106256,0,0.002954
p106257,0,0.003396
p106258,0,0.006778
p106259,0,0.003167
p106260,0,0.001796
p106261,0,0.012062
p106262,0,0.004214
p106263,0,0.002152
p106264,0,0.006077
p106265,0,0.005552
p106266,0,0.002873
p106267,0,0.002882
p106268,0,0.006186
p106269,0,0.016893
p106270,0,0.002141
p106271,0,0.002635
p106272,0,0.001983
p106273,0,0.004507
p106274,0,0.006058
p106275,0,0.010679
p106276,0,0.004243
p106277,0,0.002870
p106278,0,0.002227
p106279,0,0.005097
p106280,0,0.003542
p106281,0,0.002568
p106282,0,0.004998
p106283,0,0.001977
p106284,0,0.005155
p106286,0,0.009304
p106287,0,0.003424
p106288,0,0.006168
p106289,0,0.008689
p106290,0,0.005102
p106291,0,0.001934
p106292,0,0.006587
p106293,1,0.014444
p106294,0,0.001848
p106295,0,0.004378
p106296,0,0.003715
p106297,0,0.008839
p106298,0,0.004885
p106299,0,0.006370
p106300,0,0.004295
p106301,0,0.001544
p106302,0,0.001659
p106303,0,0.009938
p106304,0,0.003863
p106305,0,0.019172
p106306,0,0.002365
p106307,0,0.004163
p106308,0,0.002335
p106309,0,0.003785
p106310,0,0.007242
p106311,0,0.009602
p106312,0,0.310235
p106313,0,0.002221
p106314,0,0.013357
p106315,0,0.007619
p106316,0,0.001298
p106317,0,0.002437
p106318,0,0.002214
p106319,0,0.005678
p106320,0,0.003071
p106321,0,0.002206
p106322,0,0.002668
p106323,0,0.004432
p106324,0,0.007073
p106325,0,0.031396
p106326,0,0.007554
p106327,0,0.013649
p106328,0,0.008317
p106329,0,0.027188
p106330,0,0.237334
p106331,0,0.001204
p106332,0,0.419713
p106333,0,0.006178
p106334,0,0.009584
p106335,0,0.008787
p106336,0,0.003979
p106337,0,0.002971
p106338,0,0.006877
p106339,0,0.012006
p106340,0,0.037936
p106341,0,0.002530
p106342,0,0.002338
p106343,0,0.005351
p106344,0,0.006022
p106345,0,0.016615
p106346,0,0.003537
p106347,0,0.006179
p106348,0,0.002469
p106349,0,0.004553
p106350,0,0.007345
p106351,0,0.103861
p106352,0,0.009006
p106353,0,0.034438
p106354,0,0.002170
p106355,0,0.001077
p106356,0,0.005524
p106357,0,0.008905
p106358,1,0.016196
p106359,0,0.004564
p106360,0,0.010627
p106361,0,0.007832
p106362,0,0.004959
p106363,0,0.010701
p106364,0,0.017337
p106365,0,0.022023
p106366,0,0.003780
p106367,0,0.002208
p106368,0,0.002972
p106369,0,0.006183
p106370,0,0.007768
p106371,0,0.007556
p106372,0,0.003165
p106373,0,0.026777
p106374,0,0.987476
p106375,0,0.024786
p106376,1,0.990074
p106377,0,0.009299
p106378,0,0.011819
p106379,0,0.004308
p106380,0,0.010145
p106381,0,0.001534
p106382,0,0.557109
p106383,0,0.001931
p106384,0,0.019516
p106385,0,0.004232
p106386,0,0.004679
p106387,0,0.010454
p106388,0,0.012614
p106389,0,0.004014
p106390,0,0.001986
p106391,0,0.003254
p106392,0,0.003704
p106393,0,0.001718
p106394,0,0.001977
p106395,0,0.036190
p106396,0,0.003662
p106397,0,0.003609
p106398,0,0.004038
p106399,0,0.005328
p106400,0,0.047894
p106401,1,0.990751
p106402,0,0.013069
p106403,0,0.003379
p106404,0,0.002670
p106405,0,0.002247
p106406,0,0.008144
p106407,0,0.002957
p106408,0,0.001568
p106409,0,0.016495
p106410,0,0.004379
p106411,0,0.004450
p106412,0,0.002745
p106413,0,0.002664
p106414,0,0.021900
p106415,0,0.061571
p106416,0,0.910556
p106417,0,0.002657
p106418,0,0.053557
p106419,0,0.004266
p106420,0,0.005529
p106421,0,0.010062
p106422,0,0.378886
p106423,0,0.009301
p106425,0,0.004060
p106426,0,0.040649
p106427,0,0.036229
p106428,0,0.077245
p106429,1,0.129375
p106430,0,0.004739
p106431,0,0.012785
p106432,0,0.003954
p106433,1,0.993234
p106434,0,0.002033
p106435,0,0.004401
p106436,0,0.003307
p106437,0,0.006506
p106438,0,0.001876
p106439,0,0.002563
p106440,0,0.013567
p106441,0,0.003512
p106442,0,0.005304
p106443,0,0.004204
p106444,0,0.001924
p106445,1,0.991456
p106446,0,0.002952
p106447,0,0.003942
p106448,0,0.002923
p106449,0,0.008691
p106450,0,0.004874
p106451,1,0.984870
p106452,0,0.002509
p106453,0,0.002315
p106454,0,0.009918
p106455,0,0.002116
p106456,0,0.003563
p106457,0,0.004861
p106458,0,0.002917
p106459,0,0.003825
p106460,0,0.002603
p106461,0,0.001652
p106462,0,0.001634
p106463,0,0.005309
p106464,0,0.005743
p106465,0,0.006111
p106466,0,0.045002
p106467,0,0.011230
p106468,0,0.006632
p106469,0,0.006463
p106470,0,0.001820
p106471,0,0.004691
p106472,0,0.021104
p106473,0,0.007540
p106474,0,0.003075
p106475,0,0.005841
p106476,0,0.001326
p106477,0,0.002605
p106478,0,0.004011
p106480,0,0.010145
p106481,0,0.003993
p106482,0,0.013859
p106483,0,0.010409
p106484,0,0.003464
p106486,0,0.008823
p106487,0,0.005324
p106488,1,0.991898
p106489,0,0.003893
p106490,0,0.003482
p106491,0,0.005894
p106492,0,0.003622
p106493,0,0.003357
p106494,0,0.004531
p106495,0,0.982055
p106496,0,0.004385
p106497,0,0.003137
p106498,1,0.993031
p106499,0,0.001771
p106500,0,0.011751
p106501,0,0.009099
p106502,0,0.006280
p106503,0,0.005113
p106504,0,0.006577
p106505,0,0.025643
p106506,0,0.037961
p106507,1,0.992878
p106508,0,0.002299
p106509,0,0.003324
p106510,0,0.003761
p106511,1,0.991872
p106512,0,0.007853
p106513,0,0.003011
p106514,0,0.004837
p106515,1,0.987892
p106516,0,0.007773
p106517,0,0.002146
p106518,0,0.009882
p106519,0,0.009947
p106520,0,0.002071
p106521,0,0.005432
p106522,0,0.023354
p106523,0,0.004418
p106524,0,0.005306
p106525,0,0.005779
p106526,0,0.001800
p106527,0,0.009690
p106528,0,0.002116
p106529,0,0.121279
p106530,0,0.006099
p106531,0,0.024293
p106532,0,0.027713
p106533,0,0.002810
p106534,0,0.008714
p106535,0,0.006985
p106536,0,0.010342
p106537,0,0.002110
p106538,0,0.003640
p106539,0,0.007182
p106540,0,0.003499
p106541,0,0.284114
p106542,0,0.011953
p106543,0,0.003577
p106544,0,0.008653
p106545,0,0.001397
p106546,0,0.889022
p106547,0,0.002533
p106548,0,0.002367
p106549,0,0.003533
p106550,0,0.001072
p106551,0,0.011572
p106552,0,0.320999
p106553,0,0.002744
p106554,0,0.007449
p106555,0,0.011658
p106556,0,0.008139
p106557,0,0.002312
p106558,0,0.006365
p106559,0,0.004102
p106560,0,0.003481
p106561,0,0.004736
p106562,0,0.004826
p106564,0,0.003492
p106565,0,0.003404
p106566,0,0.008185
p106567,0,0.003838
p106568,0,0.004567
p106569,0,0.032623
p106570,0,0.005500
p106571,0,0.002776
p106572,0,0.003906
p106573,0,0.003470
p106574,0,0.069578
p106575,0,0.968692
p106576,0,0.002815
p106577,0,0.006621
p106578,0,0.009753
p106579,0,0.005339
p106580,0,0.008208
p106581,0,0.003473
p106582,0,0.002200
p106583,0,0.007344
p106584,0,0.003707
p106585,0,0.005767
p106586,0,0.001689
p106587,0,0.010424
p106588,0,0.003119
p106589,0,0.001636
p106590,0,0.009706
p106592,0,0.003480
p106593,0,0.003088
p106594,0,0.009992
p106595,0,0.002981
p106596,0,0.003440
p106597,0,0.016930
p106598,0,0.004770
p106599,0,0.002840
p106600,0,0.007937
p106601,0,0.005728
p106602,0,0.013498
p106603,0,0.035084
p106604,0,0.041085
p106605,0,0.060603
p106606,0,0.003032
p106607,0,0.001682
p106608,1,0.990852
p106609,0,0.006752
p106610,0,0.003957
p106611,0,0.002310
p106612,0,0.042519
p106613,0,0.009132
p106614,0,0.005662
p106615,0,0.009291
p106616,0,0.060186
p106617,0,0.005719
p106618,1,0.991272
p106619,0,0.004736
p106620,0,0.018454
p106621,0,0.005544
p106622,0,0.002468
p106623,0,0.002065
p106624,0,0.006453
p106625,0,0.002199
p106626,0,0.032610
p106627,0,0.003516
p106628,0,0.037696
p106629,0,0.004245
p106630,0,0.002003
p106631,0,0.003734
p106632,0,0.040492
p106633,0,0.002991
p106634,0,0.011774
p106635,0,0.005284
p106636,0,0.042951
p106637,0,0.004715
p106638,0,0.005992
p106639,0,0.007500
p106640,0,0.003619
p106641,0,0.016228
p106642,0,0.001440
p106643,0,0.008325
p106644,1,0.985752
p106645,0,0.987382
p106646,0,0.273125
p106647,0,0.003566
p106648,0,0.002834
p106649,0,0.016828
p106650,0,0.002751
p106651,0,0.002797
p106652,0,0.008423
p106653,0,0.001926
p106654,0,0.003576
p106655,0,0.002125
p106656,0,0.007703
p106657,0,0.002122
p106658,0,0.008770
p106659,0,0.003315
p106660,0,0.007895
p106661,1,0.981032
p106663,0,0.002097
p106664,0,0.242330
p106665,0,0.006188
p106666,0,0.002664
p106667,0,0.003491
p106668,0,0.008386
p106669,0,0.004139
p106670,0,0.004089
p106671,0,0.009293
p106672,0,0.003120
p106673,0,0.006678
p106674,0,0.007987
p106675,0,0.004219
p106676,0,0.002248
p106677,0,0.002086
p106678,0,0.005058
p106679,0,0.009456
p106680,0,0.006497
p106681,0,0.003317
p106682,0,0.002647
p106683,0,0.002727
p106684,0,0.007128
p106685,0,0.001699
p106686,0,0.004699
p106687,0,0.002275
p106688,0,0.010099
p106689,0,0.007551
p106690,0,0.005335
p106691,0,0.003944
p106692,0,0.002312
p106693,0,0.008105
p106694,0,0.006261
p106695,0,0.005649
p106696,0,0.003987
p106697,0,0.668417
p106698,0,0.006900
p106699,0,0.004110
p106700,0,0.027844
p106701,0,0.003674
p106702,0,0.007067
p106703,0,0.019667
p106704,0,0.993020
p106705,0,0.004663
p106706,0,0.008974
p106707,0,0.002402
p106708,0,0.006042
p106709,0,0.016311
p106710,0,0.004813
p106711,0,0.014208
p106712,0,0.004531
p106713,0,0.002903
p106714,1,0.007677
p106715,0,0.009968
p106716,0,0.014611
p106717,0,0.014098
p106718,1,0.007228
p106719,0,0.003079
p106720,1,0.156019
p106721,0,0.009642
p106722,0,0.009424
p106723,0,0.003808
p106724,0,0.029259
p106725,0,0.149398
p106726,0,0.002344
p106727,0,0.017686
p106728,0,0.002512
p106730,0,0.395908
p106731,0,0.009571
p106732,0,0.005564
p106733,0,0.006899
p106734,0,0.004981
p106735,0,0.007471
p106736,0,0.013762
p106737,0,0.003343
p106738,0,0.003429
p106739,0,0.003000
p106740,0,0.002053
p106741,0,0.017550
p106742,0,0.001609
p106743,0,0.003143
p106744,0,0.003693
p106745,0,0.002677
p106746,0,0.992146
p106747,0,0.003000
p106748,0,0.003932
p106749,0,0.004997
p106750,1,0.979747
p106751,0,0.003190
p106752,0,0.006838
p106753,0,0.004205
p106754,0,0.004703
p106755,0,0.004076
p106756,0,0.004325
p106757,0,0.002401
p106758,0,0.006128
p106759,0,0.001169
p106760,0,0.005848
p106761,0,0.003362
p106762,0,0.012396
p106763,0,0.001359
p106764,0,0.022027
p106765,0,0.005012
p106766,0,0.001737
p106767,0,0.006521
p106768,0,0.002704
p106769,0,0.005573
p106770,0,0.002956
p106771,0,0.002565
p106772,0,0.003026
p106773,0,0.002555
p106774,0,0.017137
p106775,0,0.002386
p106776,0,0.004172
p106777,0,0.008095
p106778,0,0.006370
p106779,0,0.012619
p106780,0,0.004521
p106781,0,0.005385
p106782,0,0.003750
p106783,0,0.016678
p106784,0,0.013721
p106785,0,0.003078
p106786,0,0.004298
p106787,0,0.992280
p106788,0,0.024628
p106789,0,0.001818
p106790,0,0.003825
p106791,0,0.003840
p106792,0,0.003007
p106793,0,0.002291
p106794,0,0.002964
p106795,0,0.011212
p106796,0,0.006353
p106797,0,0.004096
p106798,0,0.004207
p106799,0,0.023088
p106800,0,0.006513
p106801,0,0.001926
p106802,0,0.004734
p106803,0,0.370284
p106804,0,0.001728
p106805,0,0.001912
p106806,0,0.009265
p106807,0,0.001262
p106808,0,0.006398
p106809,0,0.001923
p106810,0,0.005470
p106811,0,0.005106
p106812,0,0.001829
p106813,0,0.005216
p106814,0,0.002485
p106815,0,0.004655
p106816,0,0.004736
p106817,0,0.004098
p106818,0,0.016825
p106819,0,0.005549
p106820,0,0.003291
p106821,0,0.001406
p106822,0,0.011087
p106823,0,0.003854
p106824,0,0.002318
p106825,0,0.007765
p106826,1,0.825648
p106827,0,0.006917
p106828,0,0.016723
p106829,0,0.015873
p106830,0,0.011302
p106831,0,0.009767
p106832,0,0.002737
p106833,0,0.003333
p106834,0,0.002315
p106835,0,0.036439
p106836,1,0.035571
p106837,0,0.003587
p106838,0,0.009428
p106839,0,0.010016
p106840,0,0.002384
p106841,0,0.003647
p106842,0,0.004233
p106843,0,0.006136
p106844,0,0.009217
p106845,0,0.004902
p106846,0,0.005522
p106847,0,0.002235
p106848,0,0.003847
p106849,0,0.010406
p106850,0,0.018925
p106851,0,0.002055
p106852,0,0.005342
p106853,0,0.992219
p106854,0,0.003477
p106855,1,0.980598
p106856,0,0.004514
p106857,0,0.016610
p106858,0,0.002772
p106859,0,0.002116
p106860,0,0.001640
p106861,0,0.003041
p106862,0,0.004217
p106863,0,0.041922
p106864,0,0.005228
p106865,0,0.008584
p106866,0,0.002931
p106867,0,0.002842
p106868,1,0.008676
p106869,0,0.002449
p106870,0,0.017852
p106871,0,0.003894
p106872,0,0.026863
p106873,0,0.012191
p106874,0,0.004551
p106875,0,0.007536
p106876,0,0.006005
p106877,0,0.014312
p106878,0,0.023865
p106879,0,0.006180
p106880,0,0.003104
p106881,0,0.010122
p106882,0,0.016689
p106883,0,0.002895
p106884,0,0.007203
p106885,0,0.001956
p106886,0,0.003680
p106887,0,0.002755
p106888,0,0.007638
p106889,0,0.029168
p106890,0,0.003533
p106891,0,0.002774
p106892,0,0.004484
p106893,0,0.003440
p106894,0,0.003056
p106895,0,0.026394
p106897,0,0.003852
p106898,0,0.005360
p106899,0,0.003990
p106900,1,0.037143
p106901,0,0.041140
p106902,0,0.004293
p106903,0,0.003617
p106904,0,0.003909
p106905,0,0.006923
p106906,0,0.003135
p106907,0,0.002763
p106908,0,0.012725
p106909,0,0.087048
p106910,0,0.002122
p106911,0,0.002316
p106912,0,0.004512
p106913,0,0.992760
p106914,1,0.993846
p106915,0,0.006982
p106916,0,0.010706
p106917,0,0.007109
p106918,0,0.005653
p106919,0,0.002044
p106920,0,0.003561
p106921,0,0.005480
p106922,0,0.007664
p106923,0,0.038650
p106924,0,0.002097
p106925,0,0.005886
p106926,0,0.002163
p106927,0,0.005288
p106928,0,0.003143
p106929,0,0.015965
p106930,0,0.003692
p106931,0,0.002103
p106932,0,0.003402
p106934,0,0.004508
p106935,0,0.021168
p106936,0,0.004981
p106937,0,0.002589
p106938,0,0.001828
p106939,0,0.987524
p106940,0,0.003522
p106941,0,0.005372
p106942,0,0.005975
p106943,1,0.050154
p106944,0,0.002449
p106945,0,0.001595
p106946,0,0.003887
p106947,0,0.006268
p106948,0,0.058773
p106949,0,0.010863
p106950,0,0.003568
p106951,0,0.003848
p106952,0,0.012720
p106953,0,0.004868
p106954,0,0.004999
p106955,0,0.003873
p106956,0,0.010746
p106957,0,0.016400
p106958,0,0.001791
p106959,0,0.006077
p106960,0,0.003892
p106961,0,0.003985
p106962,0,0.010480
p106963,0,0.002912
p106964,0,0.018694
p106965,0,0.001451
p106966,0,0.004718
p106967,0,0.014302
p106968,0,0.005810
p106969,1,0.990075
p106970,0,0.003045
p106971,0,0.015754
p106972,0,0.991230
p106973,0,0.003194
p106974,0,0.003165
p106975,0,0.004650
p106976,0,0.001651
p106977,0,0.002042
p106978,0,0.003459
p106979,0,0.010960
p106980,0,0.002342
p106981,0,0.006545
p106982,0,0.002914
p106983,0,0.037663
p106984,1,0.809909
p106985,0,0.004639
p106986,0,0.007100
p106987,0,0.007610
p106988,0,0.002025
p106989,0,0.002152
p106990,0,0.002981
p106991,0,0.006664
p106992,0,0.004006
p106993,0,0.007912
p106994,0,0.035949
p106995,0,0.002005
p106996,0,0.003507
p106997,0,0.002489
p106998,0,0.062420
p106999,0,0.004267
p107000,0,0.004595
p107001,0,0.002910
p107002,0,0.011350
p107003,0,0.002258
p107004,0,0.014242
p107005,0,0.005182
p107006,0,0.003342
p107007,0,0.007136
p107008,0,0.040539
p107009,0,0.002906
p107010,0,0.001388
p107011,0,0.009196
p107012,0,0.003893
p107013,0,0.002569
p107014,0,0.047232
p107015,0,0.003103
p107016,0,0.002389
p107017,0,0.001753
p107018,0,0.016367
p107019,0,0.005793
p107020,0,0.002587
p107021,1,0.003220
p107022,1,0.005987
p107023,0,0.004440
p107024,0,0.001954
p107025,0,0.001909
p107026,0,0.004784
p107027,0,0.003529
p107028,0,0.013515
p107029,0,0.014990
p107030,0,0.004435
p107031,0,0.103425
p107032,0,0.003160
p107033,0,0.006098
p107034,0,0.004802
p107035,0,0.001900
p107036,0,0.002684
p107037,0,0.004677
p107038,0,0.004140
p107039,0,0.005290
p107040,0,0.002131
p107041,0,0.012808
p107042,0,0.002059
p107043,0,0.004582
p107044,0,0.001556
p107045,0,0.991929
p107046,0,0.005039
p107047,0,0.006461
p107048,0,0.003470
p107049,0,0.003404
p107050,0,0.021940
p107051,0,0.006317
p107052,0,0.005291
p107053,0,0.001332
p107054,0,0.004123
p107055,0,0.026946
p107056,0,0.002056
p107057,0,0.003095
p107058,0,0.033168
p107059,0,0.003088
p107060,0,0.003562
p107061,0,0.004392
p107062,0,0.003301
p107063,1,0.977450
p107064,0,0.006295
p107065,0,0.001920
p107066,0,0.002542
p107067,0,0.006007
p107068,0,0.002722
p107069,0,0.002567
p107070,0,0.003204
p107071,0,0.011377
p107072,0,0.001366
p107073,0,0.010951
p107074,0,0.020765
p107075,0,0.002617
p107076,0,0.007352
p107077,0,0.004758
p107078,0,0.002892
p107079,0,0.004301
p107080,0,0.003771
p107081,0,0.006297
p107082,0,0.001531
p107083,0,0.033235
p107084,0,0.002468
p107085,0,0.008429
p107086,0,0.053952
p107087,0,0.005112
p107088,0,0.010226
p107089,0,0.014708
p107090,0,0.010289
p107091,0,0.002391
p107092,0,0.024334
p107093,0,0.014213
p107094,0,0.004591
p107095,0,0.001210
p107096,0,0.005484
p107097,0,0.006937
p107098,0,0.001998
p107099,0,0.003023
p107100,0,0.007927
p107101,0,0.004142
p107102,0,0.002553
p107103,0,0.001867
p107104,0,0.001668
p107105,0,0.004871
p107106,0,0.002352
p107107,0,0.012873
p107108,0,0.002078
p107109,0,0.004494
p107110,0,0.001938
p107111,1,0.991010
p107112,0,0.008013
p107113,0,0.006884
p107114,0,0.004144
p107115,0,0.027739
p107116,0,0.002996
p107117,0,0.003039
p107118,0,0.010269
p107119,0,0.003711
p107120,0,0.002957
p107121,0,0.005986
p107122,0,0.066532
p107123,0,0.012923
p107124,0,0.004991
p107125,0,0.023972
p107126,0,0.003552
p107127,0,0.008848
p107128,0,0.002463
p107129,0,0.047394
p107130,0,0.003029
p107131,0,0.025628
p107132,0,0.002228
p107133,0,0.004654
p107134,0,0.004326
p107135,0,0.007487
p107136,0,0.006611
p107138,1,0.006921
p107139,0,0.003133
p107140,0,0.006125
p107141,0,0.003376
p107142,0,0.044714
p107143,0,0.007454
p107144,0,0.003954
p107145,0,0.004278
p107146,0,0.003335
p107147,0,0.310781
p107148,0,0.002344
p107149,0,0.003382
p107150,0,0.002618
p107151,0,0.001858
p107152,0,0.024664
p107153,0,0.027029
p107154,0,0.003109
p107155,0,0.007864
p107156,0,0.001212
p107157,0,0.004911
p107158,0,0.001844
p107159,0,0.004921
p107160,0,0.002658
p107161,0,0.002064
p107162,0,0.017243
p107163,0,0.002375
p107164,0,0.001718
p107165,0,0.017294
p107166,0,0.031909
p107167,0,0.045796
p107168,0,0.989218
p107169,0,0.002125
p107170,0,0.041528
p107171,0,0.003725
p107172,0,0.004338
p107173,0,0.006501
p107174,0,0.014540
p107175,0,0.004529
p107176,0,0.001402
p107177,0,0.002147
p107178,0,0.039208
p107179,0,0.991400
p107180,0,0.008809
p107181,0,0.002497
p107182,0,0.010254
p107183,0,0.003272
p107184,0,0.003940
p107185,0,0.003560
p107186,0,0.014462
p107187,0,0.012571
p107188,0,0.002443
p107189,0,0.002714
p107190,0,0.001374
p107191,0,0.002166
p107192,0,0.006593
p107193,0,0.002331
p107194,0,0.005794
p107195,0,0.001923
p107196,0,0.006543
p107197,0,0.002824
p107198,0,0.001790
p107199,0,0.001995
p107200,0,0.006979
p107201,0,0.002431
p107202,0,0.003034
p107203,0,0.014513
p107204,0,0.003694
p107205,0,0.003223
p107206,0,0.007440
p107207,0,0.015589
p107208,0,0.004713
p107209,0,0.013136
p107210,0,0.005421
p107211,0,0.005247
p107212,0,0.010796
p107213,0,0.009199
p107214,0,0.002179
p107215,0,0.029866
p107216,0,0.001814
p107217,0,0.005531
p107218,0,0.012016
p107219,0,0.003786
p107220,0,0.003772
p107221,0,0.002325
p107222,0,0.003479
p107223,0,0.025531
p107224,0,0.004100
p107225,0,0.003034
p107226,0,0.002553
p107227,0,0.001799
p107228,0,0.010104
p107229,0,0.002875
p107230,0,0.003872
p107231,0,0.013168
p107232,0,0.005527
p107233,0,0.002234
p107234,0,0.008762
p107235,0,0.004438
p107236,0,0.001897
p107237,0,0.002310
p107238,0,0.003213
p107239,0,0.001552
p107240,0,0.993715
p107241,0,0.024130
p107242,0,0.004915
p107243,0,0.003021
p107244,0,0.001906
p107245,0,0.003014
p107246,1,0.237212
p107247,0,0.002724
p107248,0,0.010110
p107249,0,0.004855
p107250,1,0.006970
p107251,0,0.012036
p107252,0,0.016319
p107253,0,0.003104
p107254,0,0.002442
p107256,0,0.001342
p107257,0,0.006076
p107258,0,0.003242
p107259,0,0.005372
p107260,0,0.038868
p107261,0,0.003475
p107262,1,0.988900
p107263,0,0.005627
p107264,0,0.002308
p107265,0,0.004859
p107266,0,0.281346
p107267,1,0.033740
p107268,0,0.004957
p107269,0,0.018662
p107270,0,0.003390
p107271,0,0.003206
p107272,0,0.663752
p107273,0,0.007486
p107274,0,0.004549
p107275,0,0.003215
p107276,0,0.003932
p107277,0,0.004629
p107278,0,0.009760
p107279,1,0.992551
p107280,0,0.011829
p107281,0,0.005596
p107282,0,0.008704
p107283,1,0.991365
p107284,0,0.008057
p107285,0,0.019212
p107286,0,0.002515
p107287,0,0.009195
p107288,0,0.328224
p107289,0,0.005542
p107290,0,0.004722
p107291,0,0.002746
p107292,0,0.002118
p107293,0,0.011022
p107294,0,0.006164
p107295,0,0.005579
p107296,0,0.001953
p107297,1,0.328580
p107298,0,0.005801
p107299,0,0.012021
p107300,0,0.001926
p107301,0,0.006545
p107302,0,0.001316
p107303,0,0.004932
p107304,0,0.002220
p107305,0,0.027015
p107306,0,0.020964
p107307,0,0.007010
p107308,0,0.004964
p107309,0,0.001967
p107310,0,0.003575
p107311,0,0.021789
p107312,0,0.004796
p107313,0,0.016281
p107314,0,0.007812
p107315,0,0.004379
p107316,0,0.002474
p107317,0,0.005897
p107318,0,0.002636
p107319,0,0.006453
p107320,0,0.003186
p107321,0,0.002618
p107322,0,0.017052
p107323,0,0.001669
p107324,0,0.001959
p107325,0,0.002133
p107326,0,0.003253
p107327,0,0.006599
p107328,0,0.015535
p107329,0,0.004476
p107330,0,0.007038
p107331,0,0.004737
p107332,0,0.012605
p107333,0,0.017545
p107334,0,0.002234
p107335,0,0.006088
p107336,0,0.003174
p107337,0,0.003775
p107338,0,0.165977
p107339,0,0.001840
p107341,0,0.001493
p107342,0,0.004068
p107343,0,0.009950
p107344,0,0.001972
p107345,0,0.002235
p107346,0,0.004337
p107347,0,0.043334
p107348,0,0.005322
p107349,0,0.004794
p107350,1,0.018112
p107351,0,0.002457
p107352,0,0.004140
p107353,0,0.006881
p107354,0,0.003962
p107355,0,0.001564
p107356,0,0.002175
p107357,0,0.005776
p107358,0,0.019810
p107359,0,0.984671
p107360,0,0.003635
p107361,0,0.002241
p107362,1,0.992469
p107363,0,0.002812
p107364,0,0.007693
p107365,0,0.003647
p107366,0,0.005681
p107367,0,0.007559
p107368,0,0.012515
p107369,0,0.003931
p107370,0,0.008027
p107371,0,0.009010
p107372,1,0.014389
p107373,0,0.013064
p107374,0,0.002227
p107375,1,0.421033
p107376,0,0.004019
p107377,0,0.026783
p107378,0,0.010461
p107379,0,0.003784
p107380,0,0.003019
p107381,0,0.003217
p107382,0,0.005747
p107383,0,0.004452
p107384,0,0.003636
p107385,0,0.005632
p107386,0,0.003415
p107387,0,0.009110
p107388,0,0.001731
p107389,0,0.005222
p107390,0,0.008199
p107391,0,0.014306
p107392,0,0.072995
p107393,0,0.017807
p107394,0,0.003953
p107395,0,0.050653
p107396,0,0.006625
p107397,0,0.037320
p107398,0,0.007244
p107399,0,0.004778
p107400,0,0.005015
p107401,0,0.002716
p107402,0,0.005267
p107403,0,0.006063
p107404,0,0.006692
p107405,0,0.040043
p107406,0,0.005147
p107407,0,0.001718
p107408,0,0.004407
p107409,0,0.004728
p107410,0,0.007929
p107411,0,0.008577
p107412,0,0.009595
p107413,0,0.003037
p107414,0,0.003174
p107415,0,0.002345
p107416,0,0.004489
p107417,0,0.001869
p107418,0,0.004639
p107419,0,0.016101
p107420,0,0.003539
p107421,0,0.003841
p107422,0,0.005060
p107423,0,0.009431
p107424,1,0.005239
p107425,0,0.121732
p107426,0,0.001931
p107427,0,0.009461
p107428,0,0.004847
p107429,0,0.004314
p107430,0,0.004802
p107431,0,0.004494
p107432,0,0.003027
p107433,0,0.010878
p107434,0,0.001657
p107435,0,0.311552
p107436,0,0.001830
p107437,0,0.004611
p107438,1,0.957335
p107439,0,0.001867
p107440,0,0.004144
p107441,0,0.004946
p107442,0,0.001868
p107443,0,0.006904
p107444,0,0.002722
p107445,0,0.993807
p107446,0,0.004177
p107447,0,0.004953
p107448,0,0.004318
p107449,0,0.002090
p107450,0,0.001846
p107451,0,0.003046
p107452,0,0.003686
p107453,0,0.002489
p107454,0,0.005445
p107455,0,0.058044
p107456,0,0.006395
p107457,0,0.001713
p107458,0,0.011072
p107459,0,0.045188
p107460,0,0.005507
p107462,0,0.007949
p107463,0,0.006511
p107464,0,0.001785
p107465,0,0.002528
p107466,0,0.002359
p107467,0,0.004388
p107468,0,0.001677
p107469,0,0.007550
p107470,0,0.006531
p107471,0,0.816475
p107472,0,0.003565
p107473,0,0.003533
p107474,0,0.009384
p107475,0,0.067182
p107476,0,0.002699
p107477,0,0.002415
p107478,0,0.007692
p107479,0,0.002612
p107480,0,0.002729
p107481,0,0.004247
p107482,0,0.007832
p107483,0,0.007389
p107484,0,0.002324
p107485,0,0.010706
p107486,0,0.006361
p107487,0,0.004026
p107488,0,0.005062
p107489,0,0.007086
p107490,0,0.002706
p107491,0,0.014703
p107492,0,0.007034
p107493,0,0.007536
p107494,0,0.002655
p107495,0,0.003155
p107496,0,0.004527
p107497,0,0.003309
p107498,0,0.013002
p107499,0,0.042577
p107500,0,0.004586
p107501,0,0.010616
p107502,0,0.002637
p107503,0,0.014921
p107504,0,0.012828
p107505,0,0.003521
p107506,0,0.002117
p107507,0,0.001881
p107508,0,0.008451
p107509,0,0.008477
p107510,0,0.008286
p107511,1,0.219958
p107512,0,0.002522
p107513,0,0.006382
p107514,0,0.003854
p107515,0,0.003139
p107516,0,0.003489
p107517,0,0.010511
p107518,0,0.008369
p107519,0,0.011480
p107520,0,0.006468
p107521,0,0.003707
p107522,0,0.004116
p107523,0,0.003935
p107524,0,0.009155
p107525,1,0.035946
p107526,0,0.001877
p107527,0,0.004659
p107528,0,0.525031
p107529,0,0.009571
p107530,0,0.002231
p107531,0,0.002784
p107532,1,0.979528
p107533,0,0.002647
p107534,0,0.002210
p107535,0,0.002102
p107536,0,0.047499
p107537,0,0.011478
p107538,0,0.005175
p107539,0,0.001693
p107540,0,0.008347
p107541,0,0.018664
p107542,0,0.009405
p107543,0,0.005579
p107544,0,0.003762
p107545,0,0.004183
p107546,0,0.003778
p107547,1,0.231005
p107548,0,0.002880
p107550,0,0.002969
p107551,0,0.009015
p107552,0,0.001555
p107553,0,0.007343
p107554,0,0.004801
p107555,0,0.024078
p107556,0,0.006865
p107557,0,0.016104
p107558,0,0.007587
p107559,0,0.180247
p107560,0,0.002053
p107561,0,0.008493
p107562,0,0.022238
p107563,1,0.005086
p107564,0,0.006729
p107565,0,0.004059
p107566,0,0.016113
p107567,1,0.025230
p107568,0,0.002816
p107569,0,0.003694
p107570,0,0.011085
p107571,0,0.001655
p107572,0,0.008930
p107573,0,0.990995
p107574,0,0.001967
p107575,0,0.008348
p107576,0,0.007397
p107577,0,0.003061
p107578,0,0.004270
p107579,0,0.002430
p107580,0,0.003987
p107581,0,0.005304
p107582,0,0.005164
p107583,0,0.024843
p107584,0,0.004500
p107585,0,0.003732
p107586,0,0.003703
p107587,0,0.002869
p107588,0,0.028238
p107589,0,0.029542
p107590,0,0.003337
p107591,0,0.005554
p107592,0,0.004926
p107593,0,0.004914
p107594,0,0.002361
p107595,0,0.001534
p107596,0,0.003118
p107597,0,0.002231
p107598,0,0.006196
p107599,1,0.008182
p107600,0,0.002493
p107601,0,0.010355
p107602,0,0.002580
p107603,0,0.003093
p107605,0,0.033445
p107606,0,0.021759
p107607,0,0.002911
p107608,0,0.005678
p107609,0,0.010153
p107610,0,0.007680
p107611,0,0.003540
p107612,0,0.003919
p107613,0,0.005442
p107614,0,0.006212
p107615,0,0.005706
p107616,0,0.002744
p107617,0,0.007696
p107618,0,0.003730
p107619,0,0.003091
p107620,0,0.002294
p107621,0,0.001838
p107622,0,0.003321
p107623,0,0.030874
p107624,0,0.011515
p107625,0,0.004192
p107626,0,0.002194
p107627,0,0.002621
p107628,0,0.007521
p107629,0,0.002942
p107630,0,0.002381
p107631,0,0.002082
p107632,0,0.380016
p107633,0,0.990426
p107634,0,0.004814
p107635,0,0.002975
p107636,0,0.002580
p107637,0,0.001881
p107638,1,0.017147
p107639,0,0.006025
p107640,0,0.002642
p107641,0,0.010212
p107642,0,0.007913
p107643,0,0.002066
p107644,0,0.025495
p107645,0,0.003316
p107646,0,0.002561
p107647,0,0.007915
p107648,0,0.003980
p107649,0,0.004193
p107650,0,0.008191
p107651,0,0.004875
p107652,0,0.002490
p107653,0,0.013171
p107654,0,0.010780
p107655,0,0.007739
p107656,0,0.005535
p107657,0,0.008077
p107658,0,0.003701
p107659,0,0.006288
p107660,0,0.003414
p107661,0,0.034889
p107662,0,0.005904
p107663,0,0.004429
p107664,1,0.986582
p107665,1,0.990513
p107666,0,0.008260
p107667,0,0.001424
p107668,0,0.005373
p107669,0,0.004471
p107670,1,0.992449
p107671,0,0.003784
p107672,0,0.879555
p107673,0,0.069588
p107674,1,0.225107
p107675,0,0.001766
p107676,0,0.003292
p107677,0,0.002272
p107678,0,0.002718
p107679,0,0.002833
p107680,0,0.001488
p107681,0,0.011664
p107682,0,0.004475
p107683,0,0.003144
p107684,1,0.979922
p107685,0,0.002841
p107686,0,0.002905
p107687,0,0.004756
p107688,0,0.023680
p107689,0,0.003662
p107690,0,0.001548
p107691,1,0.002286
p107692,0,0.006064
p107693,0,0.002925
p107694,0,0.003153
p107695,0,0.006562
p107696,0,0.005633
p107697,0,0.003045
p107698,0,0.002856
p107699,0,0.008841
p107700,0,0.005280
p107701,0,0.008030
p107702,0,0.006100
p107703,1,0.992157
p107704,0,0.003862
p107705,0,0.006572
p107706,0,0.004695
p107708,0,0.007257
p107709,0,0.021946
p107710,0,0.004631
p107711,0,0.001624
p107712,0,0.011089
p107713,0,0.003077
p107714,0,0.008092
p107715,0,0.001834
p107716,0,0.001951
p107717,0,0.012002
p107718,0,0.005097
p107719,0,0.005431
p107720,0,0.003275
p107721,1,0.007285
p107722,0,0.002742
p107723,0,0.003847
p107724,0,0.002041
p107725,0,0.003737
p107726,0,0.002944
p107727,0,0.029550
p107728,0,0.004956
p107729,0,0.002538
p107730,0,0.003305
p107731,0,0.002210
p107732,0,0.001797
p107733,0,0.002507
p107734,0,0.004166
p107735,0,0.007842
p107736,0,0.003901
p107737,0,0.002079
p107738,0,0.002202
p107739,0,0.003264
p107740,0,0.002289
p107741,0,0.002528
p107742,0,0.004855
p107743,0,0.005434
p107744,0,0.003231
p107745,0,0.003412
p107746,1,0.991261
p107747,0,0.025002
p107748,0,0.002718
p107749,0,0.006458
p107750,0,0.003092
p107751,0,0.010398
p107752,0,0.005940
p107753,0,0.002503
p107754,1,0.008395
p107755,0,0.003005
p107756,0,0.009773
p107757,0,0.002465
p107758,0,0.003730
p107759,0,0.372475
p107760,0,0.002731
p107761,0,0.005640
p107762,0,0.007596
p107763,0,0.002055
p107764,0,0.082767
p107765,0,0.001060
p107766,0,0.023626
p107767,0,0.010798
p107768,0,0.009033
p107769,0,0.008020
p107770,0,0.002509
p107771,0,0.002546
p107772,0,0.003515
p107773,0,0.006734
p107774,0,0.003804
p107775,0,0.009261
p107776,0,0.002632
p107777,0,0.011625
p107778,0,0.003551
p107779,0,0.007912
p107780,0,0.547571
p107781,0,0.002596
p107782,0,0.019120
p107783,0,0.005193
p107784,0,0.003988
p107785,0,0.005532
p107786,0,0.027308
p107787,0,0.005188
p107788,0,0.003662
p107789,0,0.003834
p107790,0,0.002327
p107791,0,0.003392
p107792,0,0.002297
p107793,1,0.985046
p107794,0,0.014154
p107795,0,0.011535
p107796,0,0.992781
p107797,0,0.002495
p107798,0,0.004474
p107799,0,0.006767
p107800,0,0.002926
p107801,0,0.002768
p107802,0,0.001206
p107803,0,0.004132
p107804,0,0.005726
p107805,0,0.001639
p107806,0,0.003862
p107807,0,0.001975
p107808,0,0.003031
p107809,0,0.006036
p107810,0,0.011480
p107811,0,0.003822
p107812,0,0.002479
p107813,0,0.002895
p107814,0,0.015035
p107815,0,0.010401
p107816,0,0.013066
p107817,0,0.010575
p107818,0,0.025005
p107819,0,0.004799
p107820,0,0.002553
p107821,0,0.004082
p107822,0,0.001810
p107823,0,0.001796
p107824,0,0.004512
p107825,0,0.001824
p107826,0,0.005847
p107827,0,0.001786
p107828,0,0.004352
p107829,0,0.003844
p107830,1,0.957839
p107831,0,0.009801
p107832,0,0.007903
p107833,0,0.004159
p107834,0,0.004708
p107835,0,0.004663
p107836,0,0.002560
p107837,0,0.006369
p107838,0,0.002929
p107839,0,0.001840
p107840,0,0.006963
p107841,0,0.006283
p107842,0,0.022863
p107843,0,0.003575
p107845,0,0.001424
p107846,0,0.003772
p107847,1,0.667408
p107848,0,0.002926
p107849,0,0.002045
p107850,0,0.008005
p107851,0,0.002676
p107852,0,0.010361
p107853,0,0.002809
p107854,0,0.002684
p107855,0,0.006178
p107856,0,0.005757
p107858,0,0.004257
p107859,0,0.003079
p107861,0,0.002860
p107862,0,0.010911
p107863,0,0.036428
p107864,0,0.002927
p107865,0,0.003584
p107866,0,0.006184
p107867,0,0.007471
p107868,0,0.002848
p107870,0,0.023186
p107871,0,0.002624
p107872,0,0.008975
p107873,0,0.044030
p107874,1,0.979694
p107875,0,0.003768
p107876,0,0.002760
p107877,0,0.004086
p107878,0,0.008061
p107879,0,0.005557
p107880,0,0.003655
p107881,0,0.007078
p107882,0,0.003442
p107883,0,0.003372
p107885,0,0.004026
p107886,0,0.006381
p107887,0,0.003925
p107888,0,0.002510
p107889,0,0.003942
p107890,0,0.019628
p107891,0,0.005053
p107892,0,0.003017
p107893,0,0.004444
p107894,0,0.002138
p107895,0,0.009163
p107896,1,0.639098
p107897,0,0.010639
p107898,0,0.004915
p107899,0,0.233039
p107900,0,0.005109
p107901,0,0.001874
p107902,0,0.042098
p107903,0,0.001742
p107904,0,0.004407
p107905,0,0.003630
p107906,0,0.004731
p107907,0,0.001813
p107908,0,0.006848
p107909,0,0.006591
p107910,0,0.029904
p107911,0,0.032485
p107912,1,0.425202
p107913,0,0.012601
p107914,0,0.004460
p107915,0,0.001746
p107916,0,0.007557
p107917,1,0.992806
p107918,0,0.006566
p107919,0,0.004766
p107920,0,0.002199
p107921,0,0.014023
p107922,0,0.003694
p107923,0,0.014010
p107924,0,0.006865
p107925,0,0.006285
p107926,0,0.002412
p107927,0,0.063013
p107928,0,0.003500
p107929,0,0.006934
p107930,0,0.002240
p107931,0,0.003169
p107932,0,0.011469
p107933,0,0.004383
p107934,0,0.002962
p107935,0,0.002037
p107936,0,0.007144
p107937,0,0.002508
p107938,0,0.005452
p107939,1,0.007178
p107940,0,0.010635
p107941,0,0.001874
p107942,0,0.002572
p107943,0,0.002676
p107944,0,0.003030
p107945,0,0.002940
p107946,0,0.025750
p107947,0,0.006959
p107948,0,0.005769
p107949,0,0.005782
p107950,0,0.004006
p107951,0,0.004416
p107952,0,0.005172
p107953,0,0.008088
p107954,0,0.002011
p107955,0,0.003161
p107956,0,0.002525
p107957,0,0.003391
p107958,0,0.003499
p107959,0,0.003755
p107960,0,0.003387
p107961,0,0.004202
p107962,0,0.014965
p107963,1,0.002624
p107964,0,0.008184
p107965,0,0.006654
p107966,0,0.020160
p107967,0,0.013135
p107968,0,0.006906
p107969,0,0.002698
p107970,0,0.004535
p107971,0,0.004075
p107972,0,0.005447
p107973,0,0.007037
p107974,0,0.010191
p107975,0,0.004572
p107976,0,0.004355
p107977,0,0.003405
p107978,0,0.015599
p107979,1,0.036995
p107980,0,0.004207
p107981,0,0.012718
p107982,0,0.001700
p107983,0,0.006637
p107984,0,0.005950
p107985,0,0.005355
p107986,0,0.050041
p107987,0,0.011017
p107988,0,0.001759
p107989,0,0.004015
p107990,0,0.011441
p107991,0,0.006841
p107992,0,0.003071
p107993,0,0.006476
p107994,0,0.007009
p107995,0,0.654741
p107996,0,0.020935
p107997,0,0.006920
p107998,0,0.003556
p107999,0,0.003620
p108000,0,0.002791
p108001,0,0.020488
p108002,0,0.004847
p108003,0,0.005598
p108004,0,0.006242
p108005,0,0.003921
p108006,0,0.007000
p108007,1,0.986248
p108008,0,0.003941
p108009,1,0.004038
p108010,0,0.003714
p108011,0,0.020186
p108012,0,0.004531
p108013,0,0.010221
p108014,0,0.003437
p108016,0,0.012042
p108017,0,0.002536
p108018,0,0.003036
p108019,0,0.005158
p108020,0,0.018180
p108021,0,0.002267
p108022,0,0.085839
p108023,0,0.009372
p108024,0,0.008167
p108025,0,0.003071
p108026,0,0.006223
p108027,0,0.009469
p108028,0,0.007955
p108029,0,0.019736
p108030,0,0.007617
p108031,0,0.002578
p108032,0,0.004015
p108033,0,0.004372
p108034,0,0.006121
p108035,0,0.002294
p108036,0,0.005692
p108037,0,0.003733
p108038,0,0.002845
p108039,0,0.003056
p108040,0,0.087611
p108041,0,0.002918
p108042,1,0.992957
p108043,0,0.004763
p108044,0,0.021982
p108045,0,0.003641
p108046,0,0.007863
p108047,1,0.991774
p108048,0,0.004258
p108049,0,0.030104
p108050,0,0.004184
p108051,0,0.004146
p108052,0,0.002027
p108053,0,0.003172
p108054,1,0.007782
p108055,0,0.003039
p108056,0,0.003343
p108057,0,0.004450
p108058,0,0.003461
p108059,0,0.096475
p108060,0,0.003533
p108061,0,0.002893
p108062,0,0.014328
p108063,0,0.003630
p108064,0,0.276466
p108065,0,0.003866
p108066,0,0.006244
p108067,0,0.001214
p108068,0,0.001814
p108069,0,0.005894
p108070,0,0.001790
p108071,0,0.002321
p108072,0,0.001650
p108073,0,0.006214
p108074,0,0.006880
p108075,0,0.011351
p108076,0,0.002290
p108077,0,0.006008
p108078,0,0.002708
p108079,0,0.003654
p108080,0,0.005254
p108081,0,0.005379
p108082,0,0.004842
p108083,0,0.013304
p108084,0,0.006251
p108085,0,0.004311
p108086,1,0.020006
p108087,0,0.001435
p108088,0,0.002443
p108089,0,0.008663
p108090,0,0.003791
p108091,0,0.022490
p108092,1,0.851814
p108093,0,0.005824
p108094,0,0.007102
p108095,0,0.002232
p108096,0,0.011453
p108097,0,0.010523
p108098,0,0.002208
p108099,0,0.006539
p108100,0,0.001727
p108102,0,0.001929
p108103,0,0.002866
p108104,0,0.002085
p108105,0,0.011879
p108106,0,0.004449
p108107,0,0.006754
p108108,0,0.014996
p108109,0,0.001650
p108110,0,0.007255
p108111,0,0.004571
p108112,0,0.001685
p108113,0,0.039110
p108114,0,0.003257
p108115,0,0.992056
p108116,0,0.017665
p108117,0,0.010312
p108118,0,0.004748
p108119,0,0.013200
p108120,0,0.025977
p108121,0,0.002775
p108122,0,0.007150
p108123,0,0.003870
p108124,1,0.986947
p108125,0,0.009326
p108126,0,0.002547
p108127,0,0.002875
p108128,0,0.014371
p108129,0,0.033372
p108130,0,0.014201
p108131,0,0.005378
p108132,0,0.011600
p108133,0,0.008074
p108134,0,0.981845
p108135,0,0.002702
p108136,0,0.002579
p108137,0,0.525578
p108138,0,0.014445
p108139,0,0.003178
p108140,0,0.007572
p108141,1,0.608606
p108142,0,0.007141
p108143,1,0.992953
p108144,1,0.985936
p108145,0,0.003139
p108146,1,0.027804
p108147,0,0.005762
p108148,0,0.005069
p108149,0,0.002978
p108150,0,0.002035
p108151,0,0.003165
p108152,0,0.008828
p108153,0,0.012074
p108154,0,0.027361
p108155,0,0.006116
p108156,0,0.002710
p108157,0,0.005582
p108158,0,0.003014
p108159,0,0.002861
p108160,0,0.010576
p108161,0,0.017987
p108162,0,0.002850
p108163,1,0.990422
p108164,0,0.005078
p108165,0,0.003316
p108166,0,0.003154
p108167,0,0.037551
p108168,0,0.003912
p108169,0,0.005740
p108170,0,0.012983
p108171,1,0.045448
p108172,0,0.011528
p108173,0,0.002323
p108174,0,0.009021
p108175,0,0.001799
p108176,1,0.067551
p108177,0,0.065724
p108178,0,0.002310
p108179,0,0.015340
p108180,0,0.011018
p108181,0,0.003063
p108182,0,0.004511
p108183,0,0.002128
p108184,0,0.010657
p108185,0,0.006295
p108186,0,0.003923
p108187,0,0.003283
p108188,0,0.130032
p108189,0,0.007129
p108190,0,0.002243
p108191,0,0.007925
p108192,0,0.003416
p108193,0,0.021864
p108194,0,0.007556
p108195,1,0.007097
p108196,0,0.010775
p108197,0,0.004696
p108198,0,0.006147
p108199,0,0.003021
p108200,0,0.002886
p108201,0,0.003344
p108202,0,0.002440
p108203,0,0.004919
p108204,0,0.007489
p108205,0,0.001799
p108206,0,0.003756
p108207,0,0.007606
p108208,0,0.002624
p108209,0,0.021615
p108210,1,0.988796
p108211,0,0.002054
p108212,0,0.010572
p108213,0,0.004563
p108214,0,0.008863
p108215,0,0.001576
p108216,0,0.004289
p108217,1,0.002751
p108218,0,0.004064
p108219,0,0.053378
p108220,0,0.004455
p108221,0,0.011308
p108222,0,0.025158
p108223,0,0.008994
p108224,0,0.010132
p108225,0,0.001036
p108226,0,0.008744
p108227,0,0.005136
p108228,0,0.008929
p108229,0,0.003183
p108230,0,0.001613
p108231,0,0.005628
p108233,0,0.002989
p108234,0,0.019975
p108235,0,0.004835
p108236,0,0.002382
p108237,0,0.011940
p108238,0,0.002585
p108239,0,0.003309
p108240,0,0.284566
p108241,0,0.091057
p108242,0,0.004850
p108243,0,0.011940
p108244,0,0.003572
p108245,0,0.006423
p108246,0,0.005194
p108247,0,0.010671
p108248,0,0.003765
p108249,0,0.005672
p108250,0,0.009753
p108251,0,0.005625
p108252,0,0.006038
p108253,0,0.003201
p108254,0,0.001520
p108255,0,0.001643
p108256,0,0.004494
p108257,0,0.004062
p108258,0,0.002186
p108259,0,0.007004
p108260,0,0.004316
p108261,0,0.001743
p108262,0,0.006760
p108263,0,0.041992
p108264,0,0.003432
p108265,0,0.006043
p108266,0,0.002317
p108267,0,0.003379
p108268,0,0.001201
p108269,0,0.004341
p108270,0,0.005358
p108271,0,0.006303
p108272,0,0.003708
p108273,0,0.002831
p108274,0,0.002741
p108275,0,0.005338
p108276,0,0.001950
p108277,0,0.005284
p108278,0,0.003560
p108279,0,0.001974
p108280,0,0.008876
p108281,0,0.001024
p108282,0,0.005103
p108283,0,0.002968
p108284,1,0.002601
p108285,0,0.002485
p108286,0,0.002018
p108287,0,0.001917
p108288,0,0.002745
p108289,0,0.002219
p108290,0,0.013162
p108291,0,0.002198
p108292,0,0.002708
p108293,0,0.002202
p108294,0,0.003865
p108295,0,0.019446
p108296,1,0.974187
p108297,0,0.007030
p108298,0,0.003656
p108299,0,0.006140
p108300,0,0.003666
p108301,0,0.009077
p108302,0,0.004780
p108303,0,0.002757
p108304,0,0.007206
p108305,0,0.003179
p108306,0,0.001808
p108307,0,0.003148
p108308,0,0.008546
p108309,0,0.036160
p108310,0,0.003068
p108311,0,0.009538
p108312,0,0.001832
p108313,0,0.007750
p108314,0,0.003230
p108315,0,0.003437
p108316,0,0.002737
p108317,0,0.002697
p108318,0,0.018966
p108319,0,0.002718
p108320,0,0.063646
p108321,0,0.016221
p108322,0,0.005237
p108323,0,0.002919
p108324,0,0.015782
p108325,0,0.003282
p108326,0,0.002887
p108327,0,0.159962
p108328,0,0.003347
p108329,0,0.002253
p108330,0,0.002074
p108331,0,0.003272
p108332,0,0.001721
p108333,0,0.001981
p108334,0,0.003332
p108335,0,0.006498
p108336,0,0.002656
p108337,0,0.009772
p108338,0,0.005802
p108339,0,0.004186
p108340,0,0.771984
p108341,0,0.017759
p108342,0,0.008272
p108343,0,0.012577
p108344,0,0.002220
p108345,0,0.005913
p108346,0,0.003336
p108347,0,0.001648
p108348,0,0.003719
p108349,0,0.003139
p108350,0,0.006101
p108351,0,0.012398
p108352,0,0.005366
p108353,0,0.002340
p108354,0,0.006109
p108355,1,0.992600
p108356,0,0.008909
p108357,0,0.020396
p108358,0,0.003166
p108359,0,0.004275
p108360,0,0.027562
p108361,1,0.139634
p108362,0,0.012342
p108363,0,0.002724
p108364,0,0.003391
p108365,0,0.019426
p108366,0,0.003185
p108367,0,0.003788
p108368,0,0.002181
p108369,0,0.003939
p108370,0,0.002576
p108371,0,0.002511
p108372,0,0.006305
p108373,0,0.041176
p108374,0,0.017522
p108375,0,0.012620
p108376,0,0.004609
p108377,0,0.003102
p108378,0,0.001967
p108379,0,0.004112
p108380,0,0.007446
p108381,1,0.146480
p108382,0,0.003683
p108383,0,0.005792
p108385,0,0.001633
p108386,0,0.003684
p108387,0,0.005020
p108388,1,0.006519
p108389,0,0.003224
p108390,0,0.005751
p108391,0,0.003103
p108392,0,0.017493
p108393,0,0.013199
p108394,0,0.002901
p108395,0,0.006231
p108396,0,0.001970
p108397,0,0.007839
p108398,0,0.004395
p108399,0,0.001455
p108400,0,0.905580
p108401,0,0.001601
p108402,0,0.008303
p108403,0,0.047443
p108404,0,0.001296
p108405,0,0.002848
p108406,0,0.010075
p108407,0,0.002170
p108408,0,0.016296
p108409,0,0.002575
p108410,0,0.003744
p108411,0,0.006271
p108412,0,0.002678
p108413,0,0.004313
p108414,0,0.001841
p108415,0,0.003495
p108416,0,0.003092
p108417,1,0.989487
p108418,0,0.003479
p108419,0,0.002031
p108420,0,0.004045
p108421,0,0.003503
p108422,0,0.006883
p108423,0,0.007528
p108424,0,0.006186
p108425,0,0.002827
p108426,0,0.004589
p108427,0,0.093378
p108428,0,0.002746
p108429,0,0.003628
p108430,0,0.003047
p108431,0,0.004849
p108432,0,0.003852
p108433,0,0.971175
p108434,0,0.004383
p108435,0,0.002607
p108436,0,0.004250
p108437,0,0.008146
p108438,0,0.007521
p108439,0,0.332786
p108440,0,0.003379
p108441,0,0.006003
p108442,0,0.003199
p108443,0,0.017463
p108444,0,0.004133
p108445,0,0.006564
p108446,0,0.016461
p108447,0,0.007806
p108448,0,0.003269
p108449,0,0.179813
p108450,0,0.002575
p108451,0,0.006244
p108452,0,0.003387
p108453,0,0.002462
p108454,0,0.003062
p108455,0,0.004034
p108456,0,0.002748
p108457,0,0.036577
p108458,0,0.009953
p108459,0,0.020167
p108460,0,0.009288
p108461,0,0.002356
p108462,0,0.002585
p108463,0,0.002697
p108464,0,0.003644
p108465,0,0.002936
p108466,0,0.007807
p108467,0,0.002776
p108468,0,0.002461
p108469,0,0.020788
p108470,0,0.002616
p108471,0,0.002978
p108472,0,0.004748
p108473,0,0.005502
p108474,1,0.990474
p108475,0,0.001671
p108476,0,0.005230
p108477,0,0.003700
p108478,0,0.331205
p108479,0,0.003111
p108480,0,0.010385
p108481,0,0.013503
p108482,1,0.006650
p108483,0,0.006499
p108484,0,0.001952
p108485,0,0.013781
p108486,0,0.011130
p108487,0,0.007437
p108488,0,0.006490
p108489,0,0.006193
p108490,0,0.025402
p108491,0,0.005885
p108492,0,0.003589
p108493,0,0.091098
p108494,0,0.247804
p108495,0,0.006901
p108496,0,0.004424
p108497,0,0.002813
p108498,0,0.010525
p108499,0,0.092119
p108500,0,0.002157
p108501,0,0.003300
p108502,0,0.003635
p108503,0,0.004612
p108504,0,0.003697
p108505,0,0.016553
p108506,0,0.001916
p108507,0,0.010893
p108508,0,0.006423
p108509,0,0.008586
p108510,0,0.004644
p108511,0,0.005585
p108512,0,0.004145
p108513,0,0.069271
p108514,0,0.006462
p108515,0,0.001954
p108516,0,0.004393
p108517,0,0.002313
p108518,0,0.006053
p108519,0,0.012593
p108520,0,0.006258
p108521,0,0.002782
p108522,0,0.002041
p108523,0,0.002171
p108524,0,0.001879
p108525,0,0.003311
p108526,0,0.012722
p108527,0,0.004744
p108528,0,0.003707
p108529,0,0.007422
p108530,0,0.018442
p108531,0,0.005287
p108532,0,0.008352
p108533,0,0.037234
p108534,0,0.003045
p108535,0,0.005596
p108536,0,0.023981
p108537,0,0.020702
p108538,0,0.032770
p108539,0,0.005876
p108540,0,0.001656
p108541,0,0.004158
p108542,0,0.014867
p108543,0,0.006772
p108544,0,0.004802
p108545,0,0.002929
p108546,0,0.013785
p108547,0,0.007575
p108548,0,0.004984
p108549,0,0.009389
p108550,0,0.005918
p108551,0,0.001952
p108552,0,0.013617
p108553,0,0.009587
p108554,0,0.001282
p108555,0,0.001903
p108556,0,0.005685
p108557,0,0.003762
p108558,0,0.004755
p108559,1,0.004605
p108560,0,0.037960
p108561,0,0.007223
p108562,0,0.001821
p108563,0,0.003340
p108565,0,0.002412
p108566,0,0.002391
p108567,0,0.051984
p108568,0,0.003016
p108569,1,0.059224
p108570,0,0.001479
p108571,0,0.007372
p108572,0,0.001759
p108573,0,0.006791
p108574,1,0.991650
p108575,0,0.003437
p108576,0,0.002339
p108577,0,0.019870
p108578,0,0.006015
p108579,0,0.003663
p108580,0,0.004075
p108581,0,0.002232
p108582,0,0.005788
p108583,0,0.005558
p108584,0,0.001682
p108585,1,0.992092
p108586,0,0.020163
p108587,0,0.004997
p108588,0,0.003262
p108589,0,0.009474
p108590,0,0.173452
p108591,0,0.005089
p108592,0,0.004922
p108593,0,0.003709
p108594,0,0.004854
p108595,0,0.008192
p108596,0,0.002856
p108597,0,0.002583
p108598,0,0.012854
p108599,0,0.041146
p108600,0,0.003923
p108601,0,0.007092
p108602,0,0.003777
p108603,0,0.005971
p108604,0,0.009492
p108605,0,0.003532
p108606,0,0.002828
p108607,0,0.007775
p108608,0,0.004451
p108609,0,0.005972
p108610,0,0.003393
p108611,0,0.003661
p108612,0,0.003112
p108613,0,0.001916
p108614,0,0.008582
p108615,0,0.002957
p108616,0,0.005569
p108617,0,0.042206
p108618,0,0.110118
p108619,0,0.009880
p108620,0,0.005217
p108621,0,0.007006
p108622,0,0.002236
p108623,0,0.005604
p108624,0,0.007383
p108625,0,0.003815
p108626,0,0.003451
p108627,0,0.002773
p108628,0,0.019042
p108629,0,0.004773
p108630,0,0.001632
p108631,0,0.003978
p108632,0,0.003708
p108633,0,0.021860
p108634,0,0.007968
p108635,0,0.002672
p108636,0,0.001934
p108637,0,0.001729
p108638,0,0.003760
p108639,0,0.018308
p108640,0,0.015492
p108641,0,0.002654
p108642,0,0.003735
p108643,0,0.003722
p108644,0,0.006307
p108645,0,0.011114
p108646,0,0.006857
p108647,0,0.002041
p108648,1,0.987082
p108649,0,0.002951
p108650,0,0.002356
p108651,0,0.001539
p108652,0,0.003687
p108653,0,0.005733
p108654,0,0.001504
p108655,0,0.007663
p108656,0,0.004146
p108657,0,0.046039
p108658,0,0.002910
p108659,0,0.005377
p108660,0,0.022054
p108661,0,0.005279
p108662,0,0.004396
p108663,0,0.005473
p108664,0,0.012471
p108665,0,0.003202
p108666,0,0.002430
p108667,0,0.020439
p108668,0,0.026053
p108669,0,0.012583
p108670,0,0.006091
p108671,0,0.094209
p108672,0,0.006060
p108673,0,0.006605
p108674,0,0.001789
p108675,0,0.001741
p108676,0,0.003666
p108677,0,0.001426
p108678,0,0.006075
p108679,0,0.012335
p108680,0,0.002420
p108681,0,0.010536
p108682,0,0.002888
p108683,0,0.004296
p108684,0,0.005671
p108685,0,0.010448
p108686,0,0.070005
p108687,0,0.023417
p108688,0,0.008384
p108689,1,0.990306
p108690,0,0.009281
p108691,0,0.001819
p108692,0,0.022878
p108693,0,0.002040
p108694,0,0.007096
p108695,0,0.003343
p108696,0,0.002240
p108697,0,0.006551
p108698,0,0.002298
p108699,0,0.018460
p108700,0,0.003229
p108701,1,0.989324
p108702,0,0.005153
p108704,0,0.011979
p108705,0,0.005401
p108706,0,0.010773
p108707,0,0.001283
p108708,0,0.004115
p108709,0,0.004337
p108710,0,0.009834
p108711,0,0.010365
p108712,0,0.005160
p108713,0,0.024164
p108714,0,0.013661
p108715,0,0.008722
p108716,0,0.004225
p108717,1,0.002189
p108718,0,0.001997
p108719,0,0.005815
p108720,0,0.007267
p108721,0,0.003887
p108722,0,0.008460
p108723,0,0.004402
p108724,0,0.002762
p108725,0,0.001325
p108726,0,0.001142
p108727,1,0.248041
p108728,0,0.003034
p108729,0,0.002463
p108730,0,0.015701
p108731,0,0.003126
p108732,0,0.007152
p108733,0,0.002126
p108734,1,0.988161
p108735,0,0.015315
p108736,0,0.009090
p108737,0,0.003620
p108738,0,0.003636
p108739,0,0.007522
p108740,0,0.006252
p108741,0,0.012563
p108742,0,0.004205
p108743,0,0.003096
p108744,0,0.001048
p108745,0,0.005152
p108746,0,0.033789
p108747,0,0.004036
p108748,0,0.007314
p108749,0,0.520186
p108750,1,0.384423
p108751,0,0.005945
p108752,0,0.029025
p108753,0,0.004193
p108754,0,0.002844
p108755,0,0.006327
p108756,0,0.002896
p108757,0,0.004969
p108758,0,0.011638
p108759,0,0.002869
p108760,0,0.002089
p108761,0,0.006107
p108762,0,0.002030
p108763,0,0.001471
p108764,0,0.003125
p108765,0,0.002015
p108766,0,0.019128
p108767,0,0.028538
p108768,0,0.005551
p108769,0,0.001646
p108770,0,0.009203
p108771,0,0.003162
p108772,0,0.001809
p108773,0,0.001438
p108774,0,0.004765
p108775,0,0.005018
p108776,0,0.033563
p108777,0,0.001933
p108778,0,0.003961
p108779,0,0.003535
p108780,0,0.010492
p108781,0,0.003750
p108782,0,0.005362
p108783,0,0.005380
p108784,0,0.002561
p108785,0,0.003020
p108786,0,0.004040
p108787,0,0.011677
p108788,0,0.002653
p108789,0,0.006323
p108790,0,0.045963
p108791,0,0.005675
p108792,0,0.003239
p108793,0,0.002267
p108794,0,0.002468
p108795,0,0.002421
p108796,0,0.040094
p108797,0,0.006485
p108798,0,0.002112
p108799,0,0.007991
p108800,0,0.004500
p108801,0,0.004637
p108802,0,0.011247
p108803,0,0.005188
p108804,1,0.988975
p108805,0,0.017609
p108806,0,0.009561
p108807,0,0.008790
p108808,0,0.004907
p108809,0,0.003857
p108810,0,0.002227
p108811,0,0.004780
p108812,0,0.009996
p108813,0,0.003770
p108814,0,0.004013
p108815,0,0.014331
p108816,0,0.007685
p108817,0,0.006029
p108818,0,0.003470
p108819,0,0.002364
p108820,0,0.007599
p108821,0,0.013136
p108822,0,0.003112
p108823,0,0.026999
p108824,0,0.065631
p108825,0,0.003710
p108826,0,0.002668
p108827,0,0.006792
p108828,0,0.007742
p108829,0,0.002614
p108830,0,0.002814
p108831,0,0.004306
p108832,0,0.002030
p108833,1,0.988119
p108834,0,0.003935
p108835,0,0.007463
p108836,0,0.004253
p108837,0,0.005368
p108838,0,0.001807
p108839,0,0.006395
p108840,0,0.008240
p108841,0,0.016127
p108842,0,0.001807
p108843,0,0.012035
p108844,0,0.002353
p108845,0,0.012075
p108846,0,0.007859
p108847,0,0.003948
p108848,0,0.011816
p108849,1,0.969106
p108850,0,0.003985
p108851,0,0.001613
p108852,0,0.004742
p108853,0,0.001372
p108854,0,0.002704
p108855,0,0.530981
p108856,0,0.008413
p108857,0,0.001866
p108858,0,0.017762
p108859,0,0.001818
p108860,0,0.004629
p108861,0,0.013712
p108862,0,0.003293
p108863,0,0.002017
p108864,0,0.004467
p108865,0,0.006207
p108866,0,0.012011
p108867,0,0.002195
p108868,0,0.002738
p108869,0,0.005864
p108870,0,0.003239
p108871,1,0.035979
p108872,0,0.002847
p108873,0,0.001404
p108874,0,0.001261
p108875,0,0.007380
p108876,0,0.004273
p108877,0,0.004225
p108878,0,0.001882
p108879,0,0.002196
p108880,0,0.004108
p108881,0,0.030870
p108882,0,0.002758
p108883,0,0.002993
p108884,0,0.005084
p108885,0,0.005229
p108886,0,0.002277
p108887,0,0.104242
p108888,0,0.003494
p108889,0,0.001794
p108890,0,0.004932
p108891,0,0.004221
p108892,0,0.003196
p108893,0,0.005711
p108894,0,0.003516
p108895,0,0.007335
p108896,0,0.975623
p108898,0,0.026179
p108900,0,0.017572
p108901,0,0.025489
p108902,0,0.002778
p108903,0,0.034226
p108904,0,0.002662
p108905,0,0.003127
p108906,0,0.002601
p108907,0,0.003735
p108908,0,0.001947
p108909,0,0.015692
p108910,0,0.008162
p108911,0,0.012161
p108912,0,0.007882
p108913,0,0.002554
p108914,0,0.002957
p108915,0,0.004082
p108916,0,0.003289
p108917,0,0.002420
p108918,0,0.984740
p108919,0,0.069102
p108920,0,0.004185
p108921,0,0.005520
p108922,0,0.003889
p108923,0,0.005237
p108924,0,0.004984
p108925,0,0.004017
p108926,0,0.038535
p108927,0,0.011363
p108928,0,0.004956
p108929,0,0.008486
p108930,0,0.097422
p108931,0,0.002865
p108932,0,0.004915
p108933,0,0.007240
p108934,0,0.001334
p108935,0,0.002195
p108936,0,0.008079
p108937,0,0.001521
p108938,0,0.009301
p108939,0,0.004046
p108940,0,0.066989
p108941,0,0.002553
p108942,0,0.003952
p108943,0,0.026385
p108944,0,0.010749
p108945,0,0.008481
p108946,0,0.002824
p108947,0,0.001870
p108948,0,0.010217
p108949,0,0.005677
p108950,0,0.006555
p108951,0,0.008309
p108952,1,0.993234
p108953,0,0.018870
p108954,0,0.002569
p108955,0,0.002375
p108956,0,0.002700
p108957,0,0.005296
p108958,0,0.004333
p108959,0,0.004059
p108960,0,0.004570
p108961,0,0.007202
p108962,0,0.002693
p108963,0,0.538379
p108964,0,0.001847
p108965,0,0.056748
p108966,0,0.003813
p108967,0,0.007365
p108968,0,0.003535
p108969,0,0.007830
p108970,0,0.002079
p108971,0,0.006460
p108972,0,0.002689
p108973,0,0.020335
p108975,0,0.003854
p108976,0,0.015491
p108977,0,0.989753
p108978,0,0.002971
p108979,0,0.005650
p108980,0,0.013027
p108981,0,0.005796
p108982,0,0.001580
p108983,0,0.009036
p108984,0,0.002339
p108985,0,0.001300
p108986,0,0.002160
p108987,0,0.006216
p108988,0,0.006222
p108989,0,0.002470
p108990,0,0.421909
p108991,0,0.002800
p108992,0,0.024597
p108993,0,0.003671
p108994,0,0.013673
p108995,0,0.003294
p108996,0,0.005484
p108997,0,0.002652
p108998,0,0.006390
p108999,0,0.002299
p109000,0,0.003506
p109001,0,0.003110
p109002,0,0.002853
p109003,0,0.002061
p109004,0,0.006719
p109005,1,0.017340
p109006,0,0.002897
p109007,0,0.002743
p109008,0,0.002925
p109009,0,0.003239
p109010,0,0.003110
p109011,0,0.004142
p109012,0,0.004720
p109013,0,0.004032
p109014,0,0.007527
p109015,0,0.002439
p109016,0,0.002096
p109017,0,0.004781
p109018,0,0.002637
p109019,0,0.015247
p109020,0,0.009202
p109021,0,0.004583
p109022,0,0.002538
p109023,1,0.981481
p109024,0,0.006190
p109025,0,0.004189
p109026,0,0.004550
p109027,0,0.002474
p109028,0,0.003433
p109029,0,0.004657
p109030,0,0.010855
p109031,0,0.007046
p109032,0,0.003895
p109033,0,0.001532
p109034,0,0.022641
p109035,0,0.005675
p109036,0,0.002766
p109037,0,0.020665
p109038,0,0.008964
p109039,0,0.019647
p109040,0,0.004375
p109041,0,0.007030
p109042,0,0.018244
p109043,0,0.992009
p109044,0,0.014935
p109045,0,0.007736
p109046,0,0.017692
p109047,0,0.002567
p109048,0,0.011448
p109049,0,0.002598
p109050,0,0.989963
p109051,0,0.004087
p109052,0,0.002354
p109053,0,0.012608
p109054,0,0.001238
p109055,0,0.003789
p109056,0,0.132896
p109057,0,0.003407
p109058,0,0.004516
p109059,0,0.001865
p109060,0,0.008965
p109061,0,0.005874
p109062,0,0.001256
p109063,0,0.003014
p109064,0,0.026037
p109065,0,0.003952
p109066,0,0.006713
p109067,0,0.002054
p109068,0,0.003555
p109069,0,0.010635
p109070,0,0.008492
p109071,0,0.007158
p109072,0,0.003377
p109073,0,0.003025
p109074,0,0.004897
p109075,0,0.007678
p109076,0,0.002994
p109077,0,0.001942
p109078,0,0.005101
p109079,0,0.011691
p109080,1,0.987188
p109081,0,0.007049
p109082,0,0.006768
p109083,0,0.002234
p109084,0,0.011326
p109085,0,0.003548
p109086,0,0.002853
p109087,0,0.011383
p109088,0,0.003641
p109089,0,0.003672
p109090,0,0.002315
p109091,0,0.099343
p109093,0,0.007571
p109094,0,0.002303
p109095,0,0.966470
p109096,0,0.005570
p109097,0,0.002182
p109098,0,0.018054
p109099,0,0.002861
p109100,0,0.005097
p109101,0,0.002134
p109102,0,0.028960
p109103,0,0.022129
p109104,0,0.004108
p109105,0,0.005921
p109106,0,0.003112
p109107,0,0.002093
p109108,0,0.006911
p109109,0,0.009564
p109110,0,0.002251
p109111,0,0.005540
p109112,0,0.007855
p109113,0,0.002315
p109114,0,0.005044
p109115,0,0.005740
p109116,0,0.004228
p109117,0,0.001416
p109118,0,0.003397
p109119,0,0.017698
p109120,0,0.012896
p109121,0,0.004199
p109122,0,0.010527
p109123,0,0.004000
p109124,0,0.004346
p109125,0,0.003819
p109126,0,0.003473
p109127,0,0.158746
p109128,0,0.004100
p109129,0,0.060931
p109130,0,0.679890
p109131,0,0.018558
p109132,0,0.002000
p109133,0,0.002875
p109134,0,0.014006
p109135,0,0.007506
p109136,0,0.007254
p109137,0,0.003497
p109138,0,0.002321
p109139,0,0.011760
p109140,0,0.004202
p109141,0,0.002817
p109142,0,0.003797
p109143,0,0.002459
p109144,0,0.002866
p109145,1,0.982871
p109146,0,0.041552
p109147,0,0.003198
p109148,1,0.991739
p109149,0,0.002151
p109150,0,0.012719
p109151,0,0.004164
p109152,0,0.014796
p109153,0,0.024527
p109154,0,0.004675
p109155,0,0.014785
p109156,0,0.007969
p109157,0,0.002098
p109158,0,0.001754
p109159,0,0.002783
p109160,0,0.002084
p109161,0,0.039636
p109162,0,0.014116
p109163,0,0.015951
p109164,0,0.004756
p109165,1,0.032604
p109166,0,0.005933
p109167,1,0.160095
p109168,0,0.001427
p109169,0,0.021151
p109170,0,0.006873
p109171,0,0.005780
p109172,0,0.082086
p109173,0,0.004202
p109174,0,0.094843
p109175,0,0.025163
p109177,0,0.003387
p109178,0,0.019813
p109179,0,0.002752
p109180,0,0.017856
p109181,0,0.002458
p109182,0,0.002724
p109183,0,0.003101
p109184,0,0.002895
p109186,0,0.002952
p109187,0,0.002180
p109188,0,0.001989
p109189,0,0.001881
p109190,0,0.019681
p109191,0,0.003101
p109192,0,0.006328
p109193,0,0.006016
p109194,0,0.002719
p109195,1,0.005573
p109196,0,0.006200
p109197,1,0.009101
p109198,0,0.002957
p109199,0,0.005859
p109200,0,0.013570
p109201,0,0.003079
p109202,1,0.014839
p109203,0,0.023381
p109204,0,0.016638
p109205,0,0.002158
p109206,0,0.002272
p109207,0,0.005990
p109208,0,0.003855
p109209,0,0.003825
p109210,0,0.003949
p109211,0,0.013301
p109212,0,0.006612
p109213,0,0.001557
p109214,0,0.010502
p109215,0,0.003285
p109216,0,0.002250
p109217,0,0.008724
p109218,1,0.003344
p109219,0,0.992371
p109220,0,0.005389
p109221,0,0.003473
p109222,1,0.773991
p109223,0,0.012172
p109224,0,0.003828
p109225,0,0.003434
p109226,0,0.003358
p109227,0,0.006572
p109228,0,0.003175
p109229,0,0.005443
p109230,0,0.007170
p109231,0,0.001819
p109232,0,0.010884
p109233,0,0.005021
p109234,0,0.005706
p109235,0,0.006384
p109236,0,0.003576
p109237,0,0.026424
p109238,0,0.002571
p109239,0,0.004556
p109240,0,0.064990
p109241,0,0.002693
p109242,0,0.003101
p109243,0,0.001627
p109244,0,0.005020
p109245,0,0.019911
p109246,0,0.005823
p109247,0,0.046487
p109248,0,0.002261
p109249,0,0.020656
p109250,0,0.014641
p109251,0,0.005174
p109252,0,0.010062
p109253,0,0.001600
p109254,0,0.002932
p109255,0,0.003716
p109256,0,0.003559
p109257,0,0.332872
p109258,0,0.007976
p109259,0,0.005979
p109260,0,0.008690
p109261,0,0.011468
p109262,0,0.005227
p109263,1,0.989300
p109264,0,0.011634
p109265,0,0.005727
p109266,1,0.027782
p109267,0,0.002005
p109268,0,0.003899
p109269,0,0.003365
p109270,0,0.002763
p109271,0,0.005975
p109272,0,0.004661
p109273,1,0.009640
p109274,0,0.001519
p109275,0,0.003722
p109276,0,0.011468
p109277,0,0.002913
p109278,0,0.003016
p109279,0,0.003462
p109280,0,0.004694
p109281,0,0.002252
p109282,0,0.010771
p109283,0,0.005210
p109284,0,0.014970
p109285,0,0.011029
p109286,0,0.004955
p109287,0,0.067103
p109288,0,0.001798
p109289,0,0.005783
p109290,1,0.010720
p109291,0,0.001891
p109292,0,0.006434
p109293,0,0.003288
p109294,0,0.005677
p109295,0,0.002591
p109296,0,0.002359
p109297,0,0.003981
p109298,0,0.002466
p109299,1,0.002206
p109300,0,0.004424
p109301,0,0.003576
p109302,0,0.003910
p109303,0,0.010678
p109304,0,0.007937
p109305,0,0.008987
p109306,0,0.048536
p109307,0,0.004816
p109308,0,0.004096
p109309,0,0.008728
p109310,0,0.005442
p109311,0,0.056521
p109312,0,0.005995
p109313,0,0.004744
p109314,0,0.002023
p109315,0,0.002867
p109316,0,0.135328
p109317,0,0.019808
p109318,0,0.004631
p109319,0,0.009184
p109320,0,0.024708
p109321,0,0.018288
p109322,0,0.023031
p109323,0,0.006173
p109324,0,0.001987
p109325,0,0.003811
p109326,0,0.002893
p109327,0,0.020411
p109328,0,0.003678
p109329,0,0.001374
p109330,0,0.005656
p109331,0,0.004123
p109332,1,0.553584
p109333,0,0.003404
p109334,0,0.002376
p109335,0,0.005314
p109336,0,0.037889
p109337,1,0.991476
p109338,1,0.992412
p109339,0,0.019676
p109340,0,0.004405
p109341,0,0.001248
p109342,0,0.231705
p109343,0,0.003336
p109344,0,0.001845
p109345,0,0.005077
p109346,0,0.002567
p109347,0,0.007482
p109348,0,0.002332
p109349,1,0.133827
p109350,0,0.006337
p109351,0,0.004874
p109352,0,0.002549
p109353,0,0.004327
p109354,0,0.019685
p109355,0,0.003812
p109356,0,0.008720
p109357,0,0.013662
p109358,1,0.969111
p109359,0,0.008876
p109360,0,0.001705
p109361,0,0.006682
p109362,0,0.005668
p109363,0,0.003813
p109364,0,0.003678
p109365,0,0.009045
p109366,0,0.001489
p109367,0,0.001800
p109368,0,0.004807
p109369,0,0.004449
p109370,0,0.002999
p109371,0,0.003442
p109372,0,0.002106
p109373,0,0.003571
p109374,0,0.008241
p109375,0,0.003618
p109376,0,0.001222
p109377,0,0.059234
p109378,0,0.006660
p109379,0,0.002160
p109381,0,0.004574
p109382,0,0.004698
p109383,0,0.002653
p109384,0,0.002345
p109385,0,0.001959
p109386,0,0.004076
p109387,0,0.002456
p109388,1,0.001901
p109389,0,0.010363
p109390,0,0.001707
p109391,0,0.002283
p109393,0,0.015881
p109394,0,0.005095
p109395,0,0.002860
p109396,0,0.016715
p109397,0,0.007392
p109398,0,0.003199
p109399,0,0.004292
p109400,0,0.016993
p109401,0,0.020664
p109402,0,0.163618
p109403,0,0.003411
p109404,0,0.009227
p109405,0,0.003263
p109406,0,0.002970
p109407,0,0.008266
p109408,0,0.001449
p109409,0,0.016436
p109410,0,0.024052
p109411,0,0.002338
p109412,0,0.003336
p109413,0,0.002400
p109414,0,0.027739
p109415,0,0.004907
p109416,0,0.002398
p109417,0,0.002811
p109418,0,0.014155
p109419,0,0.003335
p109420,0,0.004973
p109421,0,0.002364
p109422,0,0.012280
p109423,0,0.002787
p109424,0,0.004250
p109425,0,0.002538
p109426,0,0.002318
p109427,0,0.008024
p109428,0,0.005734
p109429,0,0.013934
p109430,0,0.005240
p109431,0,0.001970
p109432,0,0.002505
p109433,0,0.002635
p109434,0,0.001953
p109435,0,0.003122
p109436,0,0.981794
p109437,0,0.005030
p109438,0,0.004207
p109439,0,0.007413
p109440,0,0.004086
p109441,0,0.002598
p109442,0,0.002295
p109443,0,0.005123
p109444,0,0.002558
p109445,0,0.003689
p109446,0,0.002850
p109447,0,0.005843
p109448,0,0.025782
p109449,0,0.014398
p109450,0,0.011983
p109451,0,0.004271
p109452,0,0.002691
p109453,0,0.007868
p109454,0,0.017398
p109455,0,0.001957
p109456,0,0.002658
p109457,0,0.003961
p109458,0,0.003519
p109459,0,0.956958
p109460,0,0.001448
p109461,0,0.008767
p109462,0,0.004540
p109463,0,0.004986
p109464,0,0.008249
p109465,0,0.003447
p109466,0,0.003951
p109467,0,0.003970
p109468,1,0.022934
p109469,0,0.005024
p109470,0,0.024114
p109471,0,0.001140
p109472,0,0.003689
p109473,0,0.006151
p109474,0,0.002768
p109475,0,0.005773
p109476,0,0.003651
p109477,0,0.007032
p109478,0,0.003105
p109479,0,0.005806
p109480,0,0.003623
p109481,0,0.002048
p109482,0,0.014232
p109483,0,0.004372
p109484,0,0.016459
p109485,0,0.002908
p109486,0,0.008646
p109487,0,0.016928
p109488,0,0.003805
p109489,0,0.010037
p109490,0,0.003876
p109491,0,0.007061
p109492,0,0.002065
p109493,0,0.004561
p109494,0,0.009039
p109495,0,0.002345
p109496,0,0.013689
p109497,0,0.003404
p109498,0,0.002375
p109499,0,0.004587
p109500,0,0.003617
p109501,1,0.988858
p109502,0,0.009063
p109503,0,0.008404
p109504,0,0.002619
p109505,0,0.006546
p109506,0,0.001737
p109507,0,0.010008
p109508,0,0.005429
p109509,0,0.003396
p109510,0,0.006223
p109511,0,0.005548
p109512,0,0.019063
p109513,0,0.003206
p109514,0,0.009808
p109515,0,0.003765
p109517,0,0.003355
p109518,0,0.006968
p109519,0,0.003747
p109520,0,0.005412
p109521,0,0.003907
p109522,0,0.004783
p109523,0,0.015166
p109524,1,0.992227
p109525,0,0.004485
p109526,0,0.005254
p109527,0,0.002534
p109528,0,0.003589
p109529,0,0.028409
p109530,0,0.009543
p109531,0,0.002408
p109532,0,0.003424
p109533,0,0.004075
p109534,0,0.004917
p109535,0,0.003999
p109536,0,0.004649
p109537,0,0.011079
p109538,0,0.013284
p109539,0,0.003885
p109540,0,0.007509
p109541,0,0.013553
p109542,0,0.002723
p109543,0,0.008402
p109544,0,0.008127
p109545,0,0.002952
p109546,0,0.007054
p109547,0,0.005225
p109548,0,0.003674
p109549,0,0.002796
p109550,0,0.005773
p109551,0,0.012363
p109552,0,0.005925
p109553,0,0.004109
p109554,0,0.019041
p109555,0,0.005570
p109556,0,0.017145
p109557,0,0.004846
p109558,0,0.007532
p109560,0,0.010914
p109561,0,0.003262
p109562,0,0.005831
p109563,0,0.002508
p109564,0,0.005455
p109565,0,0.016741
p109566,0,0.006982
p109567,0,0.002167
p109568,0,0.001226
p109569,0,0.002363
p109570,0,0.002425
p109571,0,0.020403
p109572,0,0.009005
p109573,0,0.004921
p109574,0,0.007122
p109575,0,0.001409
p109576,0,0.013612
p109577,0,0.013956
p109578,0,0.010373
p109579,0,0.008095
p109580,0,0.007696
p109581,0,0.003519
p109582,0,0.009716
p109583,0,0.003712
p109584,0,0.005710
p109585,0,0.005095
p109586,0,0.005267
p109587,0,0.003102
p109588,1,0.007258
p109589,0,0.002862
p109590,0,0.013198
p109591,0,0.002036
p109593,0,0.001517
p109594,0,0.025945
p109595,0,0.010443
p109596,0,0.002703
p109597,0,0.007374
p109598,0,0.001514
p109599,0,0.004412
p109600,0,0.004161
p109601,0,0.966601
p109602,0,0.004812
p109603,0,0.007081
p109604,0,0.008665
p109605,0,0.005073
p109606,0,0.003640
p109607,0,0.003051
p109608,0,0.058223
p109609,0,0.035849
p109610,0,0.048060
p109611,0,0.002035
p109612,0,0.019951
p109613,0,0.003595
p109614,0,0.007537
p109615,0,0.005148
p109616,0,0.048464
p109617,1,0.001480
p109618,0,0.004576
p109619,0,0.024729
p109620,0,0.004314
p109621,0,0.007252
p109622,0,0.002540
p109623,0,0.001682
p109624,0,0.002487
p109625,0,0.005903
p109626,0,0.004658
p109627,0,0.008475
p109628,0,0.005154
p109629,0,0.006968
p109631,0,0.011360
p109632,0,0.005717
p109633,0,0.045326
p109634,0,0.005120
p109635,0,0.001884
p109636,0,0.012422
p109637,0,0.047306
p109638,0,0.109208
p109639,1,0.964359
p109640,0,0.108466
p109641,0,0.009527
p109642,0,0.008008
p109643,0,0.002405
p109644,0,0.004262
p109645,0,0.043503
p109646,0,0.002635
p109647,0,0.007604
p109648,0,0.002903
p109649,0,0.001524
p109650,0,0.004905
p109651,0,0.003064
p109652,0,0.005987
p109653,0,0.001354
p109654,1,0.990807
p109655,0,0.058008
p109656,1,0.593880
p109657,0,0.010159
p109658,0,0.003010
p109659,0,0.009383
p109660,0,0.016410
p109661,0,0.053387
p109662,0,0.004161
p109663,0,0.002525
p109664,0,0.002145
p109665,0,0.004128
p109666,0,0.008285
p109667,0,0.004237
p109668,0,0.003329
p109669,0,0.007298
p109670,0,0.003302
p109671,0,0.002707
p109672,0,0.008178
p109673,0,0.018343
p109674,0,0.004618
p109675,0,0.001473
p109676,0,0.005777
p109677,0,0.002874
p109678,0,0.004842
p109679,0,0.012353
p109680,0,0.006812
p109681,0,0.002459
p109682,0,0.005071
p109683,0,0.001303
p109684,0,0.002319
p109685,0,0.003802
p109686,0,0.005682
p109687,0,0.007047
p109688,0,0.019864
p109689,0,0.006589
p109690,0,0.003410
p109691,0,0.005968
p109692,0,0.003120
p109693,0,0.031735
p109694,0,0.005640
p109695,0,0.005029
p109696,0,0.004429
p109697,0,0.003034
p109698,0,0.006990
p109699,0,0.012952
p109700,0,0.024112
p109701,0,0.002735
p109702,1,0.002064
p109703,0,0.004164
p109704,0,0.010293
p109705,0,0.007081
p109706,0,0.002001
p109707,0,0.001306
p109708,0,0.011006
p109709,0,0.001567
p109710,0,0.019534
p109711,0,0.001665
p109712,0,0.001334
p109713,0,0.018177
p109714,0,0.059659
p109715,0,0.089682
p109716,0,0.006203
p109717,0,0.002730
p109718,0,0.005021
p109719,0,0.002003
p109720,0,0.006775
p109721,1,0.985489
p109722,0,0.003458
p109723,0,0.007852
p109724,0,0.021040
p109725,1,0.484398
p109726,0,0.010764
p109727,0,0.006342
p109728,0,0.058442
p109729,0,0.003994
p109730,0,0.011961
p109731,0,0.989220
p109732,0,0.019148
p109733,0,0.003450
p109734,0,0.004961
p109735,0,0.003532
p109737,0,0.002248
p109738,0,0.006041
p109739,0,0.004546
p109740,0,0.005441
p109741,0,0.005135
p109742,0,0.002022
p109743,0,0.002554
p109744,0,0.004542
p109745,0,0.004217
p109746,0,0.001470
p109747,0,0.933860
p109748,0,0.006577
p109749,0,0.003292
p109750,0,0.012695
p109751,0,0.005899
p109752,0,0.005257
p109753,0,0.009744
p109754,0,0.022573
p109755,0,0.003155
p109756,0,0.008551
p109757,0,0.003316
p109758,0,0.012203
p109759,0,0.003693
p109760,0,0.004868
p109761,0,0.021400
p109762,0,0.005345
p109763,0,0.001915
p109764,0,0.003502
p109765,0,0.012390
p109766,0,0.009743
p109767,0,0.007842
p109768,0,0.157374
p109769,0,0.002617
p109770,0,0.006136
p109771,0,0.003658
p109772,0,0.007083
p109773,0,0.004368
p109774,0,0.007888
p109775,0,0.007297
p109776,0,0.004523
p109777,0,0.004701
p109778,0,0.006222
p109779,0,0.003324
p109780,0,0.019922
p109781,0,0.015605
p109782,0,0.003101
p109783,0,0.001673
p109784,0,0.003745
p109785,0,0.019191
p109786,0,0.004315
p109787,0,0.004350
p109788,0,0.004290
p109789,0,0.009925
p109790,0,0.002646
p109791,0,0.005557
p109792,0,0.001840
p109793,0,0.005167
p109794,0,0.011793
p109795,0,0.002791
p109796,0,0.001864
p109797,0,0.003618
p109798,0,0.007538
p109799,0,0.005118
p109800,0,0.001743
p109801,0,0.013129
p109802,0,0.027850
p109803,0,0.001303
p109804,0,0.002216
p109805,0,0.815184
p109806,0,0.002642
p109807,0,0.003965
p109808,0,0.002561
p109809,0,0.059701
p109810,0,0.011520
p109811,0,0.006818
p109812,0,0.008165
p109813,0,0.007225
p109814,0,0.002701
p109815,0,0.002656
p109816,0,0.007203
p109817,0,0.047131
p109818,0,0.017037
p109819,0,0.030291
p109820,0,0.005007
p109821,0,0.003087
p109822,0,0.001979
p109823,0,0.020959
p109824,0,0.018590
p109825,0,0.008361
p109826,0,0.003757
p109827,0,0.003294
p109828,0,0.001383
p109829,0,0.007285
p109830,0,0.003930
p109831,0,0.015454
p109832,0,0.015492
p109833,0,0.010137
p109834,0,0.002747
p109835,0,0.001654
p109836,0,0.011843
p109837,0,0.027889
p109838,0,0.001523
p109839,0,0.013354
p109840,0,0.016534
p109841,0,0.007979
p109842,1,0.984968
p109843,0,0.005459
p109844,0,0.013419
p109845,0,0.003043
p109846,0,0.003944
p109847,0,0.022988
p109848,0,0.003071
p109849,0,0.003762
p109850,0,0.011169
p109851,0,0.008239
p109852,0,0.015224
p109853,0,0.019319
p109854,0,0.003288
p109855,0,0.002380
p109856,0,0.006500
p109857,0,0.040668
p109858,0,0.003164
p109859,0,0.002067
p109860,0,0.008748
p109861,0,0.001721
p109862,0,0.008150
p109863,0,0.013617
p109864,0,0.039200
p109865,0,0.002151
p109866,0,0.021833
p109867,0,0.004161
p109868,0,0.020896
p109869,0,0.002577
p109870,0,0.001156
p109871,0,0.002752
p109872,0,0.096055
p109873,0,0.010201
p109874,1,0.992261
p109875,0,0.001593
p109876,0,0.003125
p109877,0,0.004798
p109878,0,0.004725
p109879,0,0.001579
p109880,0,0.006584
p109881,0,0.002660
p109882,0,0.002139
p109883,0,0.010261
p109884,0,0.001844
p109885,0,0.002908
p109886,0,0.005332
p109887,0,0.073579
p109888,1,0.988678
p109889,0,0.001703
p109890,0,0.007559
p109891,0,0.002722
p109892,0,0.008208
p109893,0,0.003659
p109894,0,0.006318
p109895,0,0.004463
p109896,0,0.003248
p109897,0,0.002827
p109898,0,0.003020
p109899,0,0.005190
p109900,0,0.002809
p109901,0,0.002998
p109902,0,0.004018
p109903,0,0.009561
p109904,0,0.002258
p109905,0,0.002505
p109906,0,0.011026
p109907,0,0.004531
p109908,0,0.005645
p109909,0,0.003511
p109910,0,0.075580
p109911,0,0.022382
p109912,0,0.006774
p109913,0,0.004838
p109914,0,0.005170
p109915,0,0.002858
p109916,0,0.004139
p109917,0,0.001794
p109918,0,0.004598
p109919,0,0.001513
p109920,0,0.004666
p109921,0,0.004488
p109922,0,0.003111
p109923,0,0.003193
p109924,0,0.003346
p109925,0,0.006493
p109926,0,0.007597
p109927,0,0.007029
p109928,0,0.015783
p109929,0,0.005309
p109930,0,0.001231
p109931,0,0.002723
p109932,0,0.016190
p109933,0,0.050725
p109934,0,0.003649
p109935,0,0.040471
p109936,0,0.055604
p109937,0,0.015989
p109938,0,0.001862
p109939,0,0.006958
p109940,0,0.003093
p109941,0,0.003238
p109942,0,0.002394
p109943,0,0.005025
p109944,0,0.002936
p109945,0,0.002924
p109946,0,0.016729
p109947,0,0.010076
p109948,0,0.015211
p109949,0,0.004317
p109950,0,0.003032
p109951,0,0.002958
p109952,1,0.984112
p109953,0,0.222497
p109954,0,0.005857
p109955,0,0.011457
p109956,0,0.002454
p109957,0,0.001617
p109958,0,0.017632
p109959,1,0.989234
p109960,0,0.002927
p109961,1,0.991623
p109962,0,0.003356
p109963,0,0.004493
p109964,0,0.003007
p109965,0,0.004378
p109966,0,0.023412
p109967,0,0.004503
p109968,0,0.005608
p109969,0,0.004298
p109970,0,0.006239
p109971,0,0.003209
p109972,0,0.021720
p109973,0,0.003880
p109974,0,0.003782
p109975,0,0.004346
p109976,0,0.003994
p109977,0,0.004224
p109978,0,0.004653
p109979,0,0.003574
p109980,0,0.020933
p109981,0,0.004233
p109982,0,0.028891
p109983,0,0.002258
p109984,0,0.001404
p109985,0,0.006290
p109986,0,0.003588
p109987,0,0.007453
p109988,0,0.003352
p109989,0,0.007944
p109990,0,0.011801
p109991,0,0.007255
p109992,0,0.005326
p109993,0,0.004891
p109994,0,0.005790
p109995,0,0.004069
p109996,0,0.003238
p109997,0,0.016338
p109999,0,0.004138
p110000,0,0.003211
p110001,0,0.003810
p110002,0,0.001862
p110003,0,0.003752
p110004,1,0.990440
p110005,0,0.001860
p110006,0,0.007958
p110007,0,0.003535
p110008,1,0.019379
p110009,0,0.017072
p110010,0,0.009530
p110011,0,0.001593
p110012,0,0.002218
p110013,0,0.007122
p110014,0,0.001669
p110015,0,0.005224
p110016,0,0.007944
p110017,0,0.008830
p110018,0,0.013636
p110019,0,0.006361
p110020,0,0.008714
p110021,0,0.010612
p110022,0,0.003767
p110023,0,0.016598
p110024,0,0.004237
p110025,0,0.002850
p110026,0,0.002633
p110027,0,0.002599
p110028,0,0.002678
p110029,0,0.013575
p110030,0,0.003071
p110031,1,0.038186
p110032,0,0.987083
p110033,1,0.993060
p110034,0,0.004420
p110035,0,0.006372
p110036,0,0.020848
p110037,0,0.009249
p110038,0,0.003559
p110040,0,0.012760
p110041,0,0.132404
p110042,0,0.006352
p110043,0,0.007045
p110044,0,0.006056
p110045,0,0.002967
p110046,0,0.021177
p110047,0,0.032306
p110048,1,0.003974
p110049,0,0.974946
p110050,0,0.002858
p110051,0,0.004624
p110052,0,0.006313
p110053,0,0.001920
p110054,0,0.004092
p110055,0,0.008392
p110056,0,0.002539
p110057,0,0.007575
p110058,0,0.011448
p110059,0,0.009531
p110060,0,0.001635
p110061,0,0.011459
p110062,0,0.003263
p110063,0,0.003440
p110064,0,0.007632
p110065,0,0.001889
p110066,0,0.015685
p110067,0,0.037942
p110068,0,0.004392
p110069,0,0.002666
p110070,0,0.002191
p110071,0,0.008479
p110072,0,0.005346
p110073,0,0.004804
p110074,1,0.010563
p110075,0,0.004178
p110076,0,0.003068
p110077,0,0.018684
p110078,0,0.002182
p110079,0,0.001663
p110080,0,0.002454
p110081,0,0.021349
p110082,0,0.002468
p110083,0,0.004640
p110084,0,0.005300
p110086,0,0.002275
p110087,1,0.011889
p110088,0,0.045485
p110089,0,0.008724
p110090,0,0.002125
p110091,0,0.002589
p110092,0,0.004027
p110093,0,0.002173
p110094,0,0.001585
p110095,0,0.001662
p110096,0,0.037349
p110097,0,0.012332
p110098,0,0.006565
p110099,0,0.001677
p110100,0,0.001895
p110101,0,0.001352
p110102,0,0.002162
p110103,0,0.007002
p110104,0,0.003518
p110105,0,0.006153
p110106,1,0.211048
p110107,0,0.009940
p110108,0,0.001636
p110109,0,0.001865
p110110,0,0.001916
p110111,0,0.076547
p110112,0,0.003595
p110113,0,0.003806
p110114,0,0.003656
p110115,0,0.001820
p110116,0,0.002381
p110117,0,0.005828
p110118,0,0.007355
p110119,0,0.002911
p110120,0,0.002399
p110121,0,0.009884
p110122,0,0.992422
p110123,0,0.005268
p110124,0,0.004610
p110125,0,0.004365
p110126,0,0.004747
p110128,0,0.052145
p110129,0,0.006889
p110130,0,0.010499
p110131,0,0.002679
p110132,0,0.018519
p110133,0,0.004451
p110134,0,0.006241
p110135,0,0.003557
p110136,0,0.002632
p110137,0,0.003658
p110138,0,0.004038
p110139,0,0.009308
p110140,0,0.006673
p110141,0,0.007547
p110142,0,0.004324
p110143,0,0.003202
p110144,0,0.004170
p110145,0,0.005236
p110146,0,0.013751
p110147,0,0.010403
p110148,0,0.002293
p110149,0,0.009663
p110150,0,0.016320
p110151,0,0.003965
p110152,0,0.015180
p110153,0,0.002447
p110154,0,0.003384
p110155,0,0.004625
p110156,0,0.026595
p110157,0,0.002549
p110158,1,0.004721
p110159,0,0.004399
p110160,0,0.003897
p110161,0,0.010760
p110162,0,0.003707
p110163,1,0.990254
p110164,0,0.992008
p110165,0,0.024177
p110166,0,0.001935
p110167,0,0.004989
p110168,0,0.005323
p110169,0,0.011082
p110170,0,0.002342
p110171,0,0.004475
p110172,0,0.006544
p110173,0,0.017059
p110174,0,0.001887
p110175,0,0.002259
p110176,0,0.011554
p110177,0,0.004743
p110178,0,0.003490
p110179,0,0.003147
p110180,0,0.007025
p110181,1,0.011674
p110182,0,0.001910
p110183,0,0.005544
p110184,0,0.025285
p110185,0,0.002906
p110186,0,0.001532
p110187,0,0.006932
p110188,0,0.020908
p110189,0,0.032063
p110190,0,0.007213
p110191,0,0.009338
p110192,0,0.003737
p110193,0,0.002471
p110194,1,0.990416
p110195,0,0.027528
p110196,0,0.003386
p110197,0,0.005582
p110198,0,0.007646
p110199,0,0.004108
p110201,0,0.002890
p110202,0,0.020431
p110203,0,0.006765
p110204,0,0.003670
p110205,0,0.010628
p110206,0,0.003971
p110207,0,0.012735
p110208,0,0.006372
p110209,0,0.004679
p110210,0,0.004119
p110211,0,0.010179
p110212,0,0.008066
p110213,0,0.004157
p110214,0,0.003013
p110215,0,0.002759
p110216,1,0.966226
p110217,0,0.001494
p110218,0,0.002131
p110219,0,0.002152
p110220,0,0.002051
p110221,0,0.021669
p110222,0,0.004240
p110223,0,0.002899
p110224,0,0.004691
p110225,0,0.001282
p110226,0,0.007986
p110227,0,0.004115
p110229,0,0.005044
p110230,0,0.004141
p110231,0,0.004173
p110232,0,0.007406
p110233,0,0.002588
p110234,1,0.969817
p110235,0,0.006530
p110236,0,0.015119
p110237,0,0.008998
p110238,0,0.002756
p110239,0,0.002773
p110240,0,0.989676
p110241,0,0.002290
p110242,0,0.002761
p110243,0,0.005185
p110244,0,0.029651
p110245,0,0.004896
p110246,0,0.010142
p110247,0,0.004121
p110248,0,0.005809
p110249,0,0.008619
p110250,0,0.001514
p110251,0,0.011545
p110252,0,0.001404
p110253,0,0.002841
p110254,0,0.004449
p110255,0,0.001705
p110256,0,0.024112
p110257,0,0.001438
p110258,0,0.004907
p110259,0,0.004593
p110260,0,0.004839
p110261,0,0.002401
p110262,0,0.003516
p110263,0,0.011051
p110264,0,0.004394
p110265,0,0.016988
p110266,0,0.023734
p110267,0,0.006640
p110268,0,0.005644
p110269,0,0.003436
p110270,0,0.022284
p110271,0,0.094895
p110272,0,0.003327
p110273,0,0.002026
p110274,0,0.008400
p110275,0,0.012178
p110276,0,0.006861
p110277,0,0.003460
p110278,0,0.003168
p110279,0,0.002472
p110280,0,0.004492
p110281,0,0.006091
p110282,0,0.009863
p110283,0,0.014260
p110284,0,0.003593
p110285,0,0.001976
p110286,0,0.002135
p110287,0,0.001324
p110288,1,0.993442
p110289,0,0.002648
p110290,0,0.005017
p110291,0,0.003519
p110292,0,0.023939
p110293,0,0.004184
p110294,0,0.993288
p110295,0,0.002230
p110296,0,0.003384
p110297,0,0.005736
p110298,0,0.003756
p110299,0,0.015508
p110300,0,0.033951
p110301,0,0.014845
p110302,0,0.021597
p110303,0,0.004469
p110304,0,0.004159
p110305,0,0.007982
p110306,0,0.002893
p110307,0,0.010676
p110309,0,0.001650
p110310,0,0.009905
p110311,0,0.002920
p110312,0,0.001636
p110313,0,0.003552
p110314,0,0.002244
p110315,0,0.004066
p110316,0,0.250849
p110317,0,0.011852
p110318,0,0.001691
p110319,0,0.007596
p110320,0,0.006066
p110321,0,0.016646
p110322,0,0.003697
p110323,0,0.002842
p110324,0,0.002782
p110325,0,0.005366
p110326,0,0.002174
p110327,0,0.015435
p110328,0,0.003844
p110329,0,0.001485
p110330,0,0.001849
p110331,0,0.002568
p110332,0,0.002912
p110333,0,0.010349
p110334,0,0.001975
p110335,0,0.005167
p110336,0,0.004288
p110337,0,0.002217
p110338,0,0.005572
p110339,0,0.001815
p110340,0,0.003085
p110341,0,0.008155
p110342,0,0.002372
p110343,0,0.002783
p110344,0,0.004641
p110345,0,0.008558
p110346,0,0.001989
p110347,0,0.013207
p110348,0,0.005153
p110349,0,0.001791
p110350,0,0.003255
p110351,0,0.006408
p110352,0,0.005709
p110353,0,0.002824
p110354,0,0.002203
p110355,0,0.002739
p110356,0,0.328101
p110357,0,0.002821
p110358,0,0.002897
p110359,0,0.005649
p110360,0,0.030470
p110361,0,0.006934
p110362,0,0.004150
p110363,0,0.988606
p110364,0,0.003821
p110365,0,0.018148
p110366,0,0.991717
p110367,0,0.004178
p110368,0,0.021105
p110369,0,0.014748
p110370,0,0.019853
p110371,0,0.005804
p110372,0,0.047685
p110373,0,0.015584
p110374,0,0.005193
p110375,0,0.002981
p110376,0,0.001869
p110377,0,0.027005
p110378,0,0.002926
p110379,0,0.991459
p110380,0,0.002588
p110381,0,0.003337
p110382,0,0.004574
p110383,0,0.023042
p110384,0,0.001284
p110385,0,0.010835
p110386,0,0.002178
p110387,0,0.003565
p110388,0,0.021398
p110390,0,0.003458
p110391,0,0.008560
p110392,0,0.004409
p110393,0,0.004542
p110394,0,0.002141
p110395,0,0.002514
p110396,0,0.008153
p110397,0,0.048268
p110398,0,0.001810
p110399,0,0.002269
p110400,0,0.003070
p110401,0,0.007787
p110402,0,0.002133
p110403,0,0.017680
p110404,0,0.001626
p110405,0,0.004069
p110406,0,0.003208
p110407,0,0.011642
p110408,0,0.004981
p110409,0,0.004652
p110410,0,0.003410
p110411,1,0.968704
p110412,0,0.010861
p110413,0,0.002860
p110414,0,0.002256
p110415,0,0.002391
p110416,0,0.005776
p110417,0,0.003963
p110418,0,0.004147
p110419,0,0.006295
p110420,0,0.035069
p110421,0,0.011830
p110422,0,0.006789
p110423,0,0.002134
p110424,0,0.004845
p110425,0,0.008419
p110426,1,0.056117
p110427,0,0.005784
p110428,0,0.008215
p110429,0,0.005213
p110430,0,0.003423
p110431,0,0.017458
p110432,0,0.002179
p110433,0,0.051914
p110434,0,0.004794
p110435,0,0.001776
p110436,0,0.005522
p110437,0,0.003629
p110438,0,0.017680
p110439,0,0.004133
p110440,0,0.024799
p110441,0,0.003816
p110442,0,0.007163
p110443,0,0.003225
p110444,0,0.001830
p110446,0,0.003610
p110447,0,0.008716
p110448,0,0.004513
p110449,0,0.002360
p110450,0,0.007787
p110451,0,0.001604
p110452,0,0.007683
p110453,0,0.002648
p110454,0,0.001932
p110455,0,0.003353
p110456,0,0.003203
p110457,0,0.001420
p110458,1,0.002917
p110459,0,0.012207
p110460,0,0.002729
p110461,0,0.005338
p110462,0,0.423970
p110463,0,0.002191
p110464,0,0.002172
p110465,0,0.026440
p110466,0,0.018446
p110467,0,0.004100
p110468,0,0.002012
p110469,0,0.004032
p110470,0,0.020289
p110471,0,0.018086
p110472,0,0.003193
p110473,0,0.003079
p110474,0,0.005488
p110475,0,0.004539
p110476,0,0.010872
p110477,0,0.005933
p110478,0,0.009470
p110479,0,0.011222
p110480,0,0.004886
p110481,0,0.003463
p110482,0,0.007192
p110483,0,0.002102
p110484,0,0.001906
p110485,0,0.003710
p110486,0,0.004103
p110487,1,0.488824
p110488,0,0.031676
p110489,0,0.003040
p110490,0,0.006667
p110491,0,0.002741
p110492,0,0.003199
p110493,0,0.001942
p110494,0,0.006556
p110495,0,0.006748
p110496,0,0.001859
p110497,0,0.003739
p110498,0,0.006809
p110499,0,0.023336
p110500,0,0.004542
p110501,0,0.006113
p110502,0,0.004615
p110503,0,0.002635
p110504,0,0.006846
p110505,0,0.004266
p110506,0,0.003532
p110507,0,0.003191
p110508,1,0.990446
p110509,1,0.973664
p110510,0,0.010888
p110511,0,0.006039
p110512,0,0.005785
p110513,0,0.001720
p110514,0,0.003256
p110515,0,0.001288
p110516,0,0.008583
p110517,0,0.007803
p110518,0,0.006381
p110519,0,0.018347
p110520,0,0.025240
p110521,0,0.001662
p110522,0,0.007726
p110523,0,0.001528
p110524,0,0.004630
p110525,0,0.004303
p110526,0,0.007168
p110527,0,0.008245
p110528,0,0.032201
p110529,0,0.003054
p110530,0,0.005563
p110531,0,0.008956
p110532,0,0.002476
p110533,0,0.026788
p110534,0,0.004764
p110535,0,0.018988
p110536,0,0.071262
p110537,0,0.008001
p110538,0,0.004351
p110539,0,0.003589
p110540,0,0.009685
p110541,0,0.004446
p110542,0,0.006346
p110543,0,0.002812
p110544,0,0.040606
p110545,0,0.037070
p110546,0,0.002411
p110547,0,0.003749
p110548,0,0.042803
p110549,0,0.002091
p110550,0,0.101934
p110551,0,0.004304
p110552,0,0.003006
p110553,0,0.002948
p110554,0,0.001290
p110555,0,0.001549
p110556,0,0.002694
p110557,0,0.011687
p110558,0,0.002258
p110559,0,0.005541
p110560,0,0.001655
p110561,0,0.001689
p110562,0,0.002881
p110563,0,0.005756
p110564,0,0.006987
p110565,0,0.008217
p110566,0,0.008359
p110567,0,0.004567
p110568,0,0.005119
p110569,0,0.015595
p110570,0,0.002026
p110571,0,0.002460
p110572,0,0.002510
p110573,0,0.002039
p110574,1,0.976634
p110575,0,0.008062
p110576,0,0.002273
p110577,0,0.005244
p110578,0,0.002871
p110579,0,0.030308
p110580,0,0.002847
p110581,0,0.390161
p110582,0,0.001638
p110583,0,0.007364
p110584,0,0.048944
p110585,0,0.003192
p110586,0,0.002097
p110587,0,0.004943
p110588,1,0.991524
p110589,0,0.008926
p110590,0,0.004010
p110591,1,0.064766
p110592,0,0.452067
p110593,0,0.004030
p110594,0,0.021207
p110595,0,0.002159
p110596,0,0.003053
p110597,1,0.992935
p110598,0,0.013878
p110599,0,0.009295
p110600,1,0.044508
p110601,0,0.004213
p110602,1,0.003601
p110603,0,0.009003
p110604,0,0.001618
p110605,0,0.025004
p110606,0,0.005451
p110607,0,0.001961
p110608,0,0.005970
p110609,0,0.003754
p110610,0,0.031209
p110611,0,0.004425
p110612,0,0.034187
p110613,0,0.007760
p110614,0,0.020088
p110615,0,0.002997
p110616,0,0.006105
p110617,0,0.002821
p110618,0,0.002296
p110619,0,0.081713
p110620,0,0.041084
p110621,0,0.004042
p110622,0,0.016190
p110623,0,0.007218
p110624,0,0.007593
p110625,0,0.002468
p110626,0,0.990909
p110627,0,0.005113
p110628,0,0.002567
p110629,0,0.004323
p110630,0,0.003973
p110631,0,0.002469
p110632,0,0.006916
p110633,0,0.002597
p110634,0,0.014259
p110635,0,0.006159
p110636,0,0.049082
p110637,0,0.009324
p110638,0,0.002477
p110639,0,0.007633
p110640,0,0.064833
p110641,0,0.006046
p110642,0,0.004032
p110643,0,0.003646
p110644,0,0.003269
p110645,0,0.002404
p110646,0,0.004087
p110647,0,0.004733
p110648,0,0.001975
p110649,0,0.006393
p110650,0,0.004317
p110651,0,0.010010
p110652,0,0.003202
p110653,0,0.007451
p110654,0,0.008918
p110655,0,0.011361
p110656,0,0.005807
p110657,0,0.012885
p110658,1,0.015367
p110659,0,0.003736
p110660,0,0.002201
p110661,0,0.004146
p110662,0,0.002028
p110663,0,0.007256
p110664,0,0.313201
p110665,0,0.005412
p110666,0,0.014175
p110667,0,0.015308
p110668,0,0.030988
p110669,0,0.002809
p110670,0,0.001831
p110671,0,0.002142
p110672,0,0.004321
p110673,0,0.004871
p110674,0,0.001730
p110675,0,0.006946
p110677,0,0.008799
p110678,0,0.002165
p110679,0,0.001574
p110680,0,0.002932
p110681,0,0.007296
p110682,0,0.003758
p110683,0,0.017754
p110684,0,0.001027
p110685,1,0.017681
p110686,0,0.060107
p110687,0,0.014543
p110688,0,0.003464
p110689,0,0.020333
p110690,0,0.002572
p110691,0,0.002590
p110692,0,0.015981
p110693,1,0.003013
p110694,0,0.003936
p110695,0,0.004932
p110696,0,0.005828
p110697,0,0.002121
p110698,0,0.003529
p110699,0,0.005146
p110700,0,0.003522
p110701,0,0.023340
p110702,0,0.004239
p110703,0,0.003013
p110705,0,0.004771
p110706,0,0.003227
p110707,0,0.002317
p110708,1,0.013201
p110709,0,0.003027
p110710,0,0.002730
p110711,1,0.983228
p110712,0,0.002287
p110713,0,0.992375
p110714,0,0.010505
p110715,0,0.002364
p110716,0,0.003840
p110717,0,0.007019
p110718,0,0.001975
p110719,0,0.002269
p110720,0,0.004797
p110721,0,0.004406
p110722,0,0.001997
p110723,0,0.006768
p110724,0,0.001712
p110725,0,0.007954
p110726,0,0.005187
p110727,0,0.002163
p110728,0,0.011306
p110730,0,0.005019
p110731,0,0.003634
p110732,0,0.002831
p110733,0,0.021181
p110734,0,0.039875
p110735,0,0.002179
p110736,1,0.841524
p110737,0,0.003913
p110738,1,0.989040
p110739,0,0.003527
p110740,0,0.002421
p110741,0,0.005944
p110742,0,0.002016
p110743,0,0.003504
p110744,1,0.037551
p110745,0,0.004369
p110746,0,0.001778
p110747,0,0.003607
p110748,0,0.002037
p110749,0,0.004717
p110750,1,0.984621
p110751,0,0.009916
p110752,0,0.010946
p110753,0,0.014013
p110754,0,0.011078
p110755,1,0.028034
p110756,0,0.015411
p110757,0,0.028552
p110758,1,0.018527
p110759,0,0.007231
p110760,0,0.001742
p110761,0,0.011566
p110762,0,0.003070
p110763,0,0.004933
p110764,0,0.004937
p110765,1,0.970245
p110766,0,0.001749
p110767,0,0.001884
p110768,0,0.004911
p110769,1,0.992673
p110770,0,0.009127
p110771,0,0.010680
p110772,0,0.016315
p110773,0,0.353714
p110774,0,0.003247
p110775,1,0.921951
p110776,0,0.010979
p110777,0,0.001695
p110778,1,0.982897
p110779,0,0.002238
p110780,0,0.004639
p110781,0,0.009976
p110782,0,0.003457
p110783,0,0.005980
p110784,0,0.026920
p110785,0,0.002034
p110786,1,0.993257
p110787,0,0.001429
p110788,0,0.003420
p110789,0,0.001370
p110790,0,0.002149
p110791,0,0.003982
p110792,0,0.004637
p110793,0,0.004670
p110794,1,0.989977
p110795,0,0.005252
p110796,0,0.007986
p110797,0,0.006890
p110798,0,0.010448
p110799,0,0.001909
p110800,0,0.005104
p110801,0,0.001969
p110802,0,0.002206
p110803,0,0.005187
p110804,0,0.004607
p110805,0,0.050387
p110806,0,0.043370
p110807,0,0.003271
p110808,0,0.002573
p110809,0,0.069121
p110810,0,0.002019
p110811,0,0.010265
p110812,0,0.002538
p110813,0,0.005217
p110814,0,0.008442
p110815,0,0.007999
p110816,0,0.003571
p110817,0,0.003163
p110818,0,0.007650
p110819,0,0.003792
p110820,0,0.003215
p110821,0,0.002868
p110822,0,0.002247
p110823,0,0.005361
p110824,0,0.002525
p110825,0,0.003878
p110826,0,0.004665
p110827,0,0.002519
p110828,0,0.003350
p110829,0,0.017809
p110830,0,0.003405
p110831,0,0.135047
p110832,0,0.002199
p110833,0,0.003471
p110834,0,0.007220
p110835,0,0.002282
p110836,0,0.005258
p110837,0,0.002224
p110838,0,0.002219
p110840,0,0.008104
p110841,0,0.003788
p110842,0,0.003987
p110843,0,0.005916
p110844,0,0.010487
p110845,0,0.001961
p110846,0,0.014800
p110847,0,0.031911
p110848,0,0.003215
p110849,0,0.040481
p110850,0,0.003108
p110851,0,0.002945
p110852,0,0.002902
p110853,0,0.011058
p110854,0,0.011428
p110855,0,0.005569
p110856,0,0.019840
p110857,0,0.004842
p110858,0,0.015518
p110859,0,0.003514
p110860,0,0.003349
p110861,0,0.005108
p110862,0,0.005205
p110863,0,0.010418
p110864,0,0.011162
p110865,0,0.007969
p110867,0,0.003510
p110868,0,0.002946
p110869,0,0.083093
p110870,0,0.016777
p110871,0,0.005150
p110872,0,0.002097
p110873,0,0.005416
p110874,0,0.003106
p110875,0,0.009033
p110876,0,0.003128
p110877,0,0.004075
p110878,0,0.142706
p110879,0,0.002239
p110880,0,0.004089
p110881,1,0.992326
p110882,0,0.008303
p110883,0,0.005383
p110884,0,0.001963
p110885,0,0.036216
p110886,0,0.001985
p110887,0,0.069555
p110888,0,0.001647
p110889,0,0.001877
p110890,0,0.038529
p110891,0,0.004521
p110892,0,0.002829
p110893,0,0.017685
p110894,0,0.005759
p110895,0,0.001883
p110896,0,0.006151
p110897,0,0.002866
p110898,0,0.005643
p110899,0,0.013555
p110900,0,0.008224
p110901,0,0.002091
p110902,0,0.983052
p110903,0,0.007067
p110904,0,0.047532
p110905,0,0.005245
p110906,1,0.036121
p110907,0,0.004012
p110908,0,0.006289
p110909,0,0.988263
p110910,0,0.002079
p110911,0,0.002260
p110912,0,0.004558
p110913,0,0.004815
p110914,0,0.004252
p110915,0,0.004402
p110916,0,0.001769
p110917,1,0.984967
p110918,0,0.006348
p110919,0,0.005684
p110920,0,0.002241
p110921,0,0.002643
p110922,0,0.020267
p110923,0,0.020415
p110924,0,0.004908
p110925,0,0.003512
p110926,0,0.001431
p110927,0,0.004033
p110928,0,0.011293
p110929,0,0.002319
p110931,0,0.136095
p110932,0,0.247669
p110933,0,0.002801
p110934,0,0.013169
p110935,0,0.003910
p110936,0,0.001394
p110937,0,0.001897
p110938,1,0.986734
p110939,0,0.002477
p110940,0,0.003526
p110941,0,0.004009
p110942,0,0.003523
p110943,0,0.003596
p110944,0,0.004904
p110945,0,0.036670
p110946,0,0.003886
p110947,1,0.307171
p110948,0,0.002088
p110949,0,0.001631
p110950,0,0.002747
p110951,0,0.020501
p110952,0,0.003203
p110953,0,0.004775
p110954,0,0.002226
p110955,0,0.005788
p110956,0,0.007342
p110957,0,0.008293
p110958,0,0.003421
p110959,0,0.004361
p110960,0,0.002331
p110961,0,0.008459
p110962,0,0.004490
p110963,0,0.027345
p110964,0,0.001798
p110965,0,0.006733
p110966,0,0.002234
p110967,0,0.001785
p110968,0,0.004292
p110969,0,0.009062
p110970,0,0.002062
p110971,0,0.002721
p110972,0,0.003310
p110973,0,0.009411
p110974,0,0.002676
p110975,0,0.010697
p110976,0,0.003897
p110977,0,0.002562
p110978,0,0.002191
p110979,0,0.003312
p110980,0,0.003946
p110981,0,0.001905
p110982,0,0.005161
p110983,0,0.003591
p110984,0,0.003046
p110985,0,0.001683
p110986,0,0.004753
p110987,0,0.021044
p110988,0,0.002835
p110989,0,0.003458
p110990,0,0.008566
p110992,0,0.016939
p110993,0,0.003962
p110994,0,0.003541
p110995,0,0.004805
p110996,0,0.003852
p110997,0,0.003367
p110998,0,0.013067
p110999,0,0.004457
p111000,0,0.005893
p111001,0,0.015137
p111002,0,0.023171
p111003,0,0.004978
p111004,0,0.006440
p111005,0,0.001914
p111006,0,0.003533
p111007,1,0.989940
p111008,0,0.001894
p111009,0,0.021184
p111010,0,0.002104
p111011,0,0.002144
p111012,0,0.005272
p111013,0,0.003761
p111014,0,0.007767
p111015,0,0.001978
p111016,0,0.003165
p111017,0,0.006012
p111018,0,0.026760
p111019,0,0.004802
p111020,0,0.990503
p111021,0,0.005131
p111022,0,0.001205
p111023,0,0.002407
p111024,0,0.007976
p111025,0,0.003536
p111026,1,0.992260
p111027,0,0.001809
p111028,0,0.005686
p111029,1,0.005833
p111030,0,0.014104
p111031,0,0.955155
p111032,0,0.006978
p111033,0,0.021490
p111034,0,0.004613
p111035,1,0.634423
p111036,0,0.007090
p111037,0,0.070166
p111038,0,0.002730
p111039,0,0.003468
p111040,0,0.012587
p111041,0,0.005721
p111042,0,0.003701
p111043,0,0.005546
p111044,0,0.023626
p111045,0,0.003841
p111046,0,0.072084
p111047,0,0.005702
p111048,0,0.002355
p111049,0,0.052287
p111050,0,0.018962
p111051,0,0.004032
p111052,0,0.002202
p111053,0,0.002781
p111054,1,0.065905
p111055,1,0.984476
p111056,0,0.002241
p111057,0,0.001458
p111058,0,0.003468
p111059,0,0.013426
p111060,0,0.002782
p111061,0,0.007428
p111062,0,0.013980
p111063,0,0.002027
p111064,0,0.001514
p111065,0,0.001875
p111066,0,0.005000
p111067,0,0.005322
p111068,0,0.007163
p111069,0,0.002864
p111070,0,0.011263
p111071,0,0.005958
p111072,1,0.971659
p111073,0,0.010678
p111074,0,0.001960
p111075,0,0.001994
p111076,0,0.017226
p111077,0,0.009633
p111078,0,0.002075
p111079,0,0.003492
p111080,0,0.005406
p111081,0,0.003396
p111082,0,0.009509
p111083,0,0.004036
p111084,0,0.009896
p111085,0,0.003291
p111086,0,0.003405
p111087,1,0.029595
p111088,0,0.005736
p111089,0,0.004840
p111090,0,0.002463
p111091,0,0.003328
p111092,0,0.011875
p111093,0,0.095134
p111094,0,0.004757
p111095,0,0.004357
p111096,0,0.002039
p111097,0,0.008113
p111098,0,0.002092
p111099,1,0.990823
p111100,0,0.003715
p111101,0,0.030536
p111102,1,0.007867
p111103,0,0.006569
p111104,0,0.003348
p111105,0,0.002933
p111106,0,0.010995
p111107,0,0.002055
p111108,0,0.019449
p111109,0,0.021956
p111110,0,0.004749
p111111,0,0.003724
p111112,0,0.006405
p111113,0,0.021740
p111114,0,0.014435
p111115,0,0.993781
p111116,0,0.005581
p111117,0,0.006937
p111118,0,0.014847
p111119,0,0.008425
p111120,0,0.002253
p111121,0,0.002614
p111122,0,0.003184
p111123,0,0.003948
p111124,0,0.007043
p111125,0,0.005397
p111126,0,0.001246
p111127,0,0.005040
p111128,0,0.002906
p111129,0,0.010695
p111130,1,0.979045
p111131,0,0.002603
p111132,0,0.002422
p111133,0,0.008341
p111134,0,0.003474
p111135,0,0.002338
p111136,0,0.002948
p111137,0,0.004155
p111138,0,0.010904
p111139,0,0.016239
p111140,0,0.012860
p111141,0,0.005802
p111142,0,0.007039
p111143,0,0.004292
p111144,0,0.010811
p111145,0,0.003279
p111146,0,0.003054
p111147,0,0.002730
p111148,0,0.004699
p111149,0,0.003113
p111150,0,0.004859
p111151,0,0.001367
p111152,0,0.005344
p111153,0,0.037519
p111154,0,0.018239
p111155,0,0.009288
p111156,0,0.009087
p111157,0,0.002187
p111158,0,0.018230
p111159,0,0.006495
p111160,0,0.020239
p111161,0,0.006100
p111162,0,0.003362
p111163,0,0.005177
p111164,0,0.002213
p111165,0,0.003407
p111166,0,0.003579
p111167,0,0.003110
p111168,0,0.002807
p111169,0,0.005349
p111170,0,0.036418
p111171,0,0.001264
p111172,0,0.002889
p111173,0,0.005727
p111174,0,0.010181
p111175,0,0.002498
p111176,0,0.003667
p111177,0,0.012667
p111178,0,0.004582
p111179,0,0.001985
p111180,0,0.002814
p111181,0,0.005722
p111182,0,0.966193
p111183,0,0.003902
p111184,0,0.019025
p111185,0,0.003256
p111186,0,0.006622
p111187,0,0.001914
p111188,0,0.003593
p111189,0,0.001412
p111190,0,0.003250
p111191,0,0.001774
p111192,0,0.002989
p111193,0,0.003013
p111194,0,0.004596
p111195,0,0.008067
p111196,0,0.011112
p111197,0,0.017711
p111198,0,0.003110
p111199,0,0.021381
p111200,0,0.006062
p111201,0,0.024369
p111202,0,0.011555
p111203,0,0.005980
p111204,1,0.003524
p111205,0,0.013622
p111207,1,0.994890
p111208,0,0.005539
p111209,0,0.009631
p111210,0,0.001815
p111211,0,0.013580
p111212,0,0.009283
p111213,0,0.003183
p111214,0,0.006039
p111215,0,0.002341
p111216,0,0.004298
p111217,0,0.006912
p111218,0,0.009087
p111219,0,0.009022
p111220,0,0.002370
p111221,0,0.004545
p111222,0,0.005026
p111223,0,0.003989
p111224,0,0.014103
p111225,0,0.164001
p111226,0,0.024801
p111227,0,0.003342
p111228,0,0.002995
p111229,0,0.002510
p111230,0,0.007127
p111231,0,0.023280
p111232,0,0.004432
p111233,0,0.005558
p111234,0,0.002507
p111235,0,0.003961
p111236,0,0.005919
p111237,0,0.005543
p111238,0,0.002645
p111239,0,0.991309
p111240,0,0.078643
p111241,0,0.005078
p111242,0,0.978021
p111243,0,0.004640
p111244,0,0.013785
p111245,0,0.002992
p111246,0,0.004691
p111247,0,0.002395
p111248,0,0.011889
p111249,0,0.007890
p111250,0,0.002448
p111251,0,0.004943
p111252,0,0.016110
p111253,0,0.005295
p111254,0,0.003017
p111255,0,0.016188
p111256,0,0.001280
p111257,0,0.001870
p111258,0,0.018777
p111259,0,0.001730
p111260,0,0.002843
p111261,0,0.003496
p111262,0,0.010530
p111263,0,0.004441
p111264,0,0.002363
p111265,0,0.005328
p111266,0,0.009465
p111267,0,0.003956
p111268,0,0.003387
p111269,0,0.001375
p111270,0,0.003265
p111271,0,0.009821
p111272,0,0.009303
p111273,0,0.003019
p111274,0,0.007793
p111275,0,0.001808
p111276,0,0.004197
p111277,0,0.002587
p111278,0,0.005919
p111279,0,0.006863
p111280,0,0.006198
p111281,0,0.019555
p111282,0,0.006136
p111283,0,0.163147
p111284,0,0.002912
p111285,0,0.003452
p111286,0,0.002961
p111287,0,0.051103
p111288,0,0.004707
p111289,0,0.031283
p111290,0,0.009219
p111291,0,0.003510
p111292,0,0.004287
p111293,0,0.003543
p111294,0,0.004503
p111295,0,0.001855
p111296,0,0.003090
p111297,0,0.008844
p111298,0,0.014462
p111299,0,0.002238
p111300,0,0.140226
p111301,1,0.990174
p111302,0,0.005618
p111303,0,0.005848
p111304,0,0.004083
p111305,0,0.006353
p111306,0,0.004779
p111307,0,0.008933
p111308,0,0.004815
p111309,0,0.002622
p111310,0,0.003293
p111311,0,0.039183
p111312,0,0.012525
p111313,0,0.006454
p111314,0,0.004532
p111315,0,0.001246
p111316,0,0.002762
p111317,0,0.005660
p111318,1,0.004889
p111319,0,0.002102
p111320,0,0.006431
p111321,0,0.010501
p111322,0,0.004228
p111323,0,0.007814
p111324,0,0.004340
p111325,0,0.002275
p111326,0,0.012581
p111327,1,0.009665
p111328,0,0.042532
p111329,0,0.014518
p111330,0,0.008292
p111331,0,0.002385
p111332,0,0.008041
p111333,0,0.026586
p111334,0,0.002659
p111335,0,0.002864
p111336,0,0.003577
p111337,0,0.004197
p111338,0,0.002819
p111339,0,0.043360
p111340,0,0.009282
p111341,0,0.003344
p111342,0,0.011600
p111343,0,0.002996
p111344,0,0.004200
p111345,0,0.004975
p111346,0,0.003694
p111347,0,0.002501
p111348,0,0.006254
p111349,0,0.004894
p111350,0,0.006507
p111351,1,0.039736
p111352,0,0.969734
p111353,1,0.894454
p111354,1,0.006216
p111355,0,0.002109
p111356,0,0.028802
p111357,0,0.004335
p111358,0,0.002119
p111359,0,0.002656
p111360,0,0.002794
p111361,0,0.004027
p111362,0,0.006182
p111363,0,0.018329
p111364,0,0.003396
p111365,0,0.001920
p111366,0,0.007441
p111367,0,0.005164
p111368,0,0.008312
p111369,0,0.018551
p111370,0,0.001926
p111371,0,0.013527
p111372,0,0.001642
p111373,0,0.003510
p111374,0,0.006405
p111375,0,0.002775
p111376,0,0.004663
p111377,0,0.005999
p111378,0,0.005626
p111379,0,0.012330
p111380,0,0.001656
p111381,0,0.001258
p111382,0,0.001383
p111383,0,0.001834
p111384,0,0.005713
p111385,0,0.004121
p111386,0,0.005512
p111387,0,0.008023
p111388,0,0.018407
p111389,0,0.013559
p111390,0,0.003668
p111391,0,0.004181
p111392,0,0.008814
p111393,0,0.005887
p111394,0,0.003407
p111395,0,0.002350
p111396,0,0.463750
p111397,0,0.003027
p111398,0,0.004356
p111399,0,0.002249
p111400,0,0.004447
p111401,0,0.005900
p111402,0,0.002993
p111403,0,0.002396
p111404,0,0.006008
p111405,0,0.004952
p111406,0,0.004159
p111407,0,0.001301
p111408,0,0.004584
p111409,0,0.005745
p111410,0,0.003093
p111411,0,0.016020
p111412,0,0.002343
p111413,0,0.002507
p111414,0,0.004023
p111415,0,0.007578
p111416,0,0.003127
p111417,1,0.836428
p111418,1,0.982216
p111419,0,0.013618
p111421,0,0.007346
p111422,0,0.006717
p111423,0,0.002715
p111424,0,0.004260
p111425,0,0.003135
p111426,0,0.003738
p111427,0,0.008613
p111428,0,0.002755
p111429,0,0.020489
p111430,0,0.003211
p111431,0,0.066835
p111432,0,0.004420
p111433,0,0.014567
p111434,0,0.051106
p111435,0,0.003775
p111436,0,0.003747
p111437,0,0.002466
p111438,0,0.006089
p111439,0,0.002738
p111440,0,0.003877
p111441,0,0.003664
p111442,0,0.005654
p111443,0,0.016511
p111444,0,0.006796
p111445,0,0.013853
p111446,0,0.005132
p111447,1,0.987714
p111448,0,0.004092
p111449,1,0.001902
p111450,0,0.014904
p111451,0,0.003015
p111452,0,0.002683
p111453,0,0.004780
p111454,0,0.015525
p111455,0,0.004335
p111456,0,0.007047
p111457,0,0.003690
p111458,0,0.012345
p111459,0,0.001897
p111460,0,0.001731
p111461,0,0.002168
p111462,0,0.600344
p111463,0,0.003270
p111464,0,0.006391
p111465,1,0.992936
p111467,0,0.008242
p111468,0,0.289343
p111469,0,0.003160
p111470,0,0.007458
p111471,0,0.019812
p111472,0,0.003347
p111473,0,0.001817
p111474,0,0.002285
p111475,0,0.002608
p111476,0,0.023504
p111477,0,0.011550
p111479,0,0.004945
p111480,0,0.003906
p111481,0,0.001974
p111482,0,0.004028
p111484,0,0.001875
p111485,0,0.007375
p111486,0,0.004819
p111487,0,0.009643
p111488,0,0.004385
p111489,0,0.016871
p111490,0,0.003007
p111491,0,0.002449
p111492,0,0.017446
p111493,0,0.989569
p111494,0,0.004316
p111495,0,0.009250
p111496,0,0.003872
p111497,0,0.003485
p111498,0,0.002120
p111499,0,0.004177
p111500,0,0.001852
p111501,0,0.002299
p111502,0,0.005048
p111503,0,0.002851
p111504,0,0.004068
p111505,0,0.001405
p111506,0,0.002426
p111507,0,0.005177
p111508,0,0.026753
p111509,0,0.021112
p111510,0,0.006122
p111511,0,0.006915
p111512,1,0.965895
p111513,0,0.016834
p111514,0,0.003032
p111515,0,0.006583
p111516,0,0.055214
p111517,0,0.002778
p111518,0,0.002674
p111519,0,0.005372
p111520,0,0.017065
p111521,0,0.003273
p111522,0,0.002543
p111523,1,0.986028
p111524,0,0.002423
p111525,0,0.002538
p111526,0,0.002303
p111527,0,0.006287
p111528,0,0.002893
p111529,1,0.027521
p111530,0,0.006309
p111531,0,0.002950
p111532,0,0.005013
p111533,0,0.021271
p111534,0,0.002033
p111535,0,0.015524
p111536,0,0.003893
p111537,1,0.046848
p111538,0,0.004680
p111539,0,0.001460
p111540,1,0.017156
p111541,0,0.002354
p111542,0,0.003598
p111543,0,0.001674
p111544,0,0.013244
p111545,0,0.001673
p111546,0,0.003145
p111547,0,0.003646
p111548,0,0.012336
p111549,0,0.004913
p111550,0,0.008932
p111551,0,0.723461
p111552,0,0.010551
p111553,0,0.008695
p111554,1,0.216947
p111555,0,0.002081
p111556,0,0.004668
p111557,0,0.011899
p111558,0,0.004150
p111559,0,0.021624
p111560,0,0.002786
p111561,0,0.007729
p111562,0,0.002988
p111563,0,0.006745
p111564,0,0.003657
p111565,0,0.001820
p111566,0,0.003783
p111567,0,0.002316
p111568,0,0.002918
p111569,0,0.098799
p111570,0,0.002874
p111571,0,0.002253
p111572,0,0.003558
p111573,0,0.004080
p111574,0,0.001400
p111575,0,0.006487
p111576,0,0.002542
p111577,0,0.006492
p111578,0,0.002519
p111579,0,0.002030
p111580,1,0.980508
p111581,0,0.014380
p111582,0,0.007010
p111583,0,0.011851
p111584,0,0.001887
p111585,0,0.012358
p111586,0,0.015194
p111587,0,0.006180
p111588,0,0.184752
p111589,0,0.002817
p111590,0,0.005188
p111591,0,0.007205
p111592,0,0.003176
p111593,1,0.141960
p111594,0,0.019025
p111595,0,0.002708
p111596,0,0.003511
p111597,0,0.001831
p111598,0,0.002126
p111599,0,0.014644
p111600,0,0.014714
p111601,0,0.001953
p111602,0,0.004029
p111603,0,0.007212
p111604,0,0.004289
p111605,0,0.004006
p111606,0,0.001921
p111607,0,0.009182
p111608,0,0.012750
p111609,0,0.004375
p111610,0,0.003316
p111611,0,0.027590
p111612,0,0.002310
p111613,0,0.002456
p111614,0,0.005993
p111615,0,0.011593
p111616,0,0.001391
p111617,0,0.010293
p111618,0,0.037036
p111619,0,0.007094
p111620,0,0.006153
p111621,0,0.386527
p111622,0,0.004937
p111623,0,0.013517
p111624,0,0.012321
p111625,0,0.025328
p111626,0,0.008353
p111627,0,0.003674
p111628,0,0.004498
p111629,0,0.002702
p111630,0,0.002041
p111631,0,0.007383
p111632,0,0.056120
p111633,0,0.004049
p111634,0,0.001614
p111635,0,0.009157
p111636,0,0.002852
p111637,0,0.009622
p111638,0,0.005092
p111639,0,0.006112
p111640,0,0.003090
p111641,0,0.047487
p111642,0,0.031052
p111643,0,0.010221
p111644,0,0.002891
p111645,0,0.002917
p111646,0,0.003894
p111647,0,0.001807
p111648,0,0.003498
p111649,0,0.002679
p111650,0,0.001792
p111651,0,0.002701
p111652,0,0.004733
p111653,0,0.003291
p111654,0,0.008472
p111655,0,0.001914
p111656,0,0.006374
p111657,1,0.006035
p111658,0,0.002118
p111659,0,0.003032
p111660,0,0.003839
p111661,0,0.009347
p111662,0,0.005867
p111663,0,0.014150
p111664,0,0.002399
p111665,0,0.005183
p111666,0,0.003018
p111667,0,0.013926
p111668,0,0.004345
p111669,0,0.004750
p111670,0,0.001706
p111671,0,0.002236
p111672,0,0.003456
p111673,0,0.004960
p111674,0,0.004011
p111675,0,0.002940
p111676,0,0.003012
p111677,0,0.010175
p111678,0,0.055591
p111679,0,0.003059
p111680,0,0.002704
p111681,0,0.004664
p111682,0,0.016688
p111683,0,0.004410
p111684,0,0.006991
p111685,0,0.096773
p111686,0,0.003133
p111687,0,0.004162
p111688,0,0.004125
p111689,0,0.003569
p111690,1,0.003691
p111691,0,0.001656
p111692,1,0.012181
p111693,0,0.009106
p111694,0,0.002648
p111696,0,0.003012
p111697,1,0.983997
p111698,0,0.002251
p111700,0,0.007957
p111701,0,0.005456
p111702,0,0.014939
p111703,0,0.007257
p111704,0,0.010604
p111705,0,0.013483
p111706,1,0.006241
p111707,0,0.020419
p111708,0,0.001931
p111709,0,0.887473
p111710,0,0.002394
p111711,0,0.007950
p111712,0,0.005148
p111713,0,0.005390
p111714,0,0.004331
p111715,0,0.003337
p111716,0,0.027598
p111717,0,0.002226
p111718,0,0.003805
p111719,0,0.003136
p111720,0,0.002220
p111721,0,0.002951
p111722,0,0.005968
p111723,0,0.014848
p111724,0,0.004143
p111725,0,0.008740
p111726,0,0.006523
p111727,0,0.009869
p111728,0,0.002730
p111729,0,0.007553
p111730,0,0.002877
p111731,0,0.003508
p111732,0,0.001982
p111733,0,0.068579
p111734,0,0.004259
p111735,0,0.002751
p111736,0,0.002334
p111737,0,0.001972
p111738,0,0.005895
p111739,0,0.001679
p111740,0,0.028364
p111741,0,0.004497
p111742,0,0.005324
p111743,0,0.002239
p111744,0,0.009857
p111745,0,0.002479
p111746,0,0.003255
p111747,0,0.005402
p111748,0,0.003115
p111749,0,0.002151
p111750,1,0.008347
p111751,0,0.007612
p111752,0,0.005685
p111753,0,0.062670
p111754,0,0.006878
p111755,0,0.004078
p111756,0,0.001838
p111757,0,0.014767
p111758,0,0.010775
p111759,0,0.008933
p111760,0,0.014803
p111761,0,0.003964
p111762,0,0.011263
p111763,0,0.004294
p111764,0,0.002346
p111765,0,0.006222
p111766,0,0.015795
p111767,0,0.016779
p111768,0,0.008675
p111769,0,0.005468
p111770,0,0.002797
p111771,0,0.006297
p111772,0,0.006687
p111773,0,0.005130
p111774,0,0.003994
p111775,0,0.006678
p111776,0,0.006256
p111777,0,0.010096
p111778,0,0.079389
p111779,0,0.001200
p111780,0,0.006024
p111781,0,0.002023
p111782,0,0.003262
p111783,0,0.008591
p111784,0,0.001345
p111785,0,0.005143
p111786,0,0.002567
p111787,0,0.006313
p111788,0,0.007568
p111789,0,0.029160
p111790,0,0.120701
p111791,0,0.003472
p111792,0,0.003147
p111793,0,0.002731
p111794,0,0.012706
p111795,0,0.002486
p111796,0,0.001589
p111797,0,0.009323
p111798,0,0.017643
p111799,0,0.004595
p111800,0,0.004326
p111801,0,0.007091
p111802,0,0.002473
p111803,0,0.002542
p111804,0,0.003920
p111805,0,0.003638
p111806,1,0.993444
p111807,0,0.005330
p111808,0,0.006965
p111810,0,0.013239
p111811,0,0.003476
p111812,0,0.006137
p111813,0,0.018174
p111814,0,0.002706
p111815,0,0.004474
p111816,0,0.002934
p111817,0,0.004823
p111818,0,0.023184
p111819,0,0.002736
p111820,0,0.008207
p111821,0,0.008124
p111822,0,0.003106
p111823,1,0.020311
p111824,0,0.020843
p111825,0,0.002963
p111826,0,0.003734
p111827,0,0.001850
p111828,0,0.007358
p111829,0,0.020982
p111830,0,0.003593
p111831,0,0.001639
p111832,0,0.011344
p111833,0,0.004231
p111834,0,0.001787
p111835,0,0.001547
p111836,0,0.012397
p111837,0,0.010753
p111838,0,0.007072
p111839,0,0.142263
p111840,0,0.001706
p111841,0,0.021252
p111842,0,0.023279
p111843,0,0.003947
p111844,0,0.002284
p111845,0,0.005086
p111846,0,0.004396
p111847,0,0.003669
p111848,0,0.081453
p111850,0,0.003703
p111851,0,0.001419
p111852,0,0.002795
p111853,0,0.006311
p111855,0,0.003185
p111856,1,0.012103
p111857,0,0.004902
p111858,0,0.027401
p111859,0,0.980372
p111861,0,0.002729
p111862,0,0.009724
p111863,0,0.003291
p111864,0,0.002178
p111865,0,0.001704
p111866,0,0.013820
p111867,0,0.005410
p111868,0,0.005931
p111869,0,0.002904
p111870,1,0.007353
p111871,0,0.003620
p111872,0,0.010056
p111873,0,0.006862
p111874,0,0.073655
p111875,0,0.002244
p111876,0,0.006067
p111877,0,0.005374
p111878,0,0.002379
p111879,0,0.006554
p111880,0,0.013271
p111881,0,0.029917
p111882,0,0.009054
p111883,0,0.003214
p111884,0,0.002347
p111885,0,0.004581
p111886,0,0.002838
p111887,0,0.007459
p111888,0,0.011471
p111889,0,0.012464
p111892,0,0.029946
p111893,0,0.990215
p111894,0,0.010903
p111895,0,0.013709
p111896,0,0.004200
p111897,0,0.003030
p111898,0,0.003686
p111899,0,0.001513
p111900,0,0.002740
p111901,0,0.014109
p111902,0,0.993522
p111903,0,0.029069
p111904,0,0.011083
p111905,0,0.005046
p111906,0,0.003984
p111907,0,0.003101
p111908,1,0.003949
p111909,0,0.002333
p111910,0,0.002919
p111911,0,0.002018
p111912,0,0.004403
p111913,0,0.003149
p111914,0,0.003081
p111915,0,0.004492
p111916,0,0.003117
p111917,0,0.003612
p111918,0,0.003539
p111919,0,0.001622
p111920,1,0.980678
p111921,0,0.316263
p111922,0,0.020296
p111923,0,0.004485
p111924,0,0.003090
p111925,0,0.002467
p111926,0,0.007360
p111927,0,0.006382
p111928,0,0.014911
p111929,0,0.002032
p111930,0,0.001847
p111931,0,0.003523
p111932,0,0.011549
p111933,0,0.062326
p111934,0,0.991984
p111935,0,0.006021
p111936,0,0.001676
p111937,0,0.001960
p111938,0,0.003873
p111939,0,0.006685
p111940,0,0.001832
p111941,0,0.022564
p111942,0,0.007570
p111943,0,0.005529
p111944,0,0.003454
p111945,1,0.006412
p111946,0,0.002923
p111947,0,0.005064
p111948,0,0.005785
p111949,0,0.006886
p111950,0,0.001696
p111951,0,0.004173
p111952,0,0.010780
p111953,0,0.006277
p111954,0,0.987889
p111955,0,0.042903
p111956,0,0.001879
p111957,0,0.005528
p111958,0,0.003500
p111959,0,0.009243
p111960,0,0.003418
p111961,0,0.003854
p111962,0,0.003113
p111963,0,0.016152
p111964,0,0.004380
p111965,0,0.003086
p111966,0,0.004915
p111967,0,0.002753
p111968,0,0.003619
p111969,0,0.002207
p111970,0,0.033713
p111971,0,0.001714
p111972,0,0.006322
p111973,0,0.046915
p111974,0,0.011413
p111975,0,0.981960
p111976,0,0.001564
p111977,0,0.007671
p111978,0,0.002256
p111979,0,0.005138
p111980,0,0.002659
p111981,0,0.003911
p111982,0,0.008495
p111983,0,0.001352
p111984,0,0.001997
p111985,0,0.004796
p111986,0,0.988776
p111987,0,0.015828
p111988,0,0.021669
p111989,0,0.004700
p111990,0,0.032337
p111991,0,0.016845
p111992,0,0.003594
p111993,0,0.002553
p111994,0,0.003560
p111995,0,0.003832
p111996,0,0.003827
p111997,0,0.002602
p111998,0,0.002740
p111999,0,0.004016
p112000,0,0.005021
p112001,0,0.003141
p112002,0,0.006032
p112003,0,0.045242
p112004,0,0.031358
p112005,0,0.010900
p112006,0,0.004253
p112007,0,0.002831
p112008,0,0.004345
p112009,0,0.010059
p112010,0,0.002528
p112011,0,0.005793
p112012,0,0.005639
p112013,0,0.003479
p112014,0,0.005321
p112015,0,0.017489
p112016,0,0.007196
p112017,0,0.003649
p112018,0,0.002508
p112019,0,0.004241
p112020,0,0.001815
p112021,0,0.029322
p112022,0,0.004511
p112023,0,0.051488
p112024,0,0.001489
p112025,0,0.024503
p112026,0,0.005975
p112027,0,0.521663
p112028,0,0.006186
p112029,0,0.002885
p112030,0,0.016543
p112031,0,0.006242
p112032,0,0.002405
p112033,0,0.011476
p112034,0,0.002256
p112035,0,0.130689
p112036,0,0.002044
p112037,0,0.004988
p112038,0,0.002912
p112039,0,0.009329
p112040,0,0.005673
p112041,0,0.002224
p112042,0,0.002309
p112043,0,0.004185
p112044,0,0.003482
p112045,0,0.002516
p112046,0,0.001070
p112047,0,0.002929
p112048,0,0.027603
p112049,0,0.004115
p112050,1,0.983869
p112051,0,0.007255
p112052,0,0.059625
p112053,0,0.005229
p112054,0,0.005697
p112055,0,0.014745
p112056,0,0.005006
p112057,0,0.034195
p112058,0,0.002154
p112059,0,0.004169
p112060,1,0.951644
p112061,0,0.003710
p112062,0,0.007272
p112063,0,0.035597
p112064,0,0.033447
p112065,0,0.070791
p112066,0,0.005364
p112067,0,0.002655
p112068,0,0.010322
p112069,0,0.001900
p112070,0,0.002793
p112071,0,0.008116
p112072,0,0.007116
p112073,0,0.001983
p112074,0,0.002176
p112075,0,0.004063
p112076,0,0.009877
p112077,0,0.002144
p112078,0,0.001455
p112079,0,0.018185
p112080,0,0.003977
p112081,0,0.002561
p112082,0,0.005733
p112083,0,0.002569
p112084,0,0.003006
p112085,0,0.005196
p112086,0,0.026268
p112087,0,0.002946
p112088,0,0.002756
p112089,0,0.045495
p112090,0,0.003332
p112091,0,0.007350
p112092,0,0.060015
p112093,0,0.001964
p112094,0,0.007201
p112095,0,0.004056
p112096,0,0.027365
p112097,1,0.013015
p112098,0,0.004286
p112099,0,0.002915
p112100,0,0.003745
p112101,0,0.002299
p112102,0,0.002295
p112103,0,0.007066
p112104,0,0.013160
p112105,0,0.007468
p112106,0,0.015427
p112107,0,0.978510
p112108,0,0.021549
p112109,0,0.059638
p112110,0,0.002835
p112111,0,0.005324
p112112,0,0.003956
p112113,0,0.002671
p112114,0,0.028886
p112115,1,0.988821
p112116,0,0.002979
p112117,0,0.044129
p112118,0,0.003169
p112119,0,0.006343
p112120,0,0.003218
p112121,0,0.004793
p112122,0,0.006380
p112123,0,0.002669
p112124,0,0.007980
p112125,0,0.010613
p112126,0,0.009607
p112127,0,0.005052
p112128,0,0.009520
p112129,0,0.003401
p112130,0,0.004096
p112131,0,0.011053
p112132,0,0.002434
p112133,0,0.017793
p112134,1,0.007370
p112135,0,0.002260
p112136,0,0.001714
p112137,0,0.032396
p112138,0,0.003209
p112139,0,0.002456
p112140,0,0.022475
p112141,0,0.010212
p112142,0,0.003107
p112143,0,0.020350
p112144,0,0.001446
p112145,0,0.015002
p112146,0,0.041548
p112147,0,0.010314
p112148,0,0.002880
p112149,0,0.002077
p112150,0,0.983992
p112151,0,0.004346
p112152,0,0.014116
p112153,1,0.136261
p112154,0,0.019109
p112155,1,0.103467
p112156,0,0.007711
p112157,0,0.004501
p112158,0,0.009722
p112159,0,0.073063
p112160,0,0.006596
p112161,0,0.007008
p112162,0,0.003865
p112163,0,0.005175
p112164,0,0.005033
p112165,0,0.002215
p112166,1,0.007056
p112167,0,0.002335
p112168,0,0.009881
p112169,0,0.004122
p112170,0,0.006186
p112171,0,0.001436
p112172,0,0.002966
p112173,0,0.004641
p112174,0,0.002982
p112175,0,0.002693
p112176,0,0.014259
p112177,0,0.002380
p112178,0,0.003627
p112179,0,0.001577
p112180,0,0.018042
p112181,0,0.002585
p112182,1,0.011836
p112183,0,0.002028
p112184,0,0.001961
p112185,0,0.002417
p112186,0,0.001540
p112187,0,0.004145
p112188,0,0.067007
p112189,0,0.005134
p112190,0,0.002601
p112191,0,0.005988
p112192,0,0.005835
p112193,0,0.005571
p112194,0,0.005407
p112195,0,0.005126
p112196,0,0.002727
p112197,0,0.005777
p112198,0,0.003389
p112199,0,0.006632
p112200,0,0.008407
p112201,0,0.003518
p112202,0,0.004185
p112203,0,0.002400
p112204,0,0.036161
p112205,0,0.002643
p112206,0,0.061890
p112207,0,0.004330
p112208,0,0.003797
p112209,0,0.001645
p112210,0,0.010694
p112211,0,0.014449
p112212,0,0.025062
p112213,0,0.009618
p112214,0,0.040915
p112215,0,0.003991
p112216,0,0.003423
p112217,0,0.003463
p112218,0,0.010906
p112219,0,0.002240
p112220,0,0.006557
p112221,0,0.002444
p112222,0,0.003261
p112223,0,0.001911
p112224,0,0.002053
p112225,0,0.011666
p112226,0,0.001750
p112227,0,0.004414
p112228,0,0.001937
p112229,0,0.005471
p112230,0,0.011406
p112231,1,0.066664
p112232,0,0.003892
p112233,0,0.003731
p112234,0,0.003475
p112235,0,0.002264
p112236,0,0.004212
p112237,0,0.002867
p112238,0,0.005306
p112239,0,0.016096
p112240,0,0.006007
p112241,0,0.010273
p112242,0,0.005066
p112243,0,0.005136
p112244,0,0.004239
p112245,0,0.004020
p112246,0,0.004438
p112247,0,0.001842
p112248,0,0.004520
p112249,0,0.002448
p112250,0,0.003209
p112251,0,0.007539
p112252,0,0.002731
p112253,0,0.001709
p112254,0,0.007700
p112255,0,0.008129
p112256,0,0.006856
p112257,0,0.012200
p112258,0,0.002367
p112259,0,0.001342
p112260,0,0.003382
p112261,0,0.007245
p112262,0,0.006564
p112263,0,0.062686
p112264,0,0.010064
p112265,0,0.005042
p112266,0,0.006577
p112267,0,0.002957
p112268,1,0.989578
p112269,0,0.004777
p112270,0,0.002652
p112271,0,0.002614
p112272,0,0.002025
p112273,0,0.002076
p112274,0,0.005176
p112275,0,0.010147
p112276,0,0.002066
p112277,0,0.025073
p112278,0,0.004558
p112279,0,0.008437
p112280,0,0.002523
p112281,0,0.001769
p112282,0,0.004205
p112283,0,0.005095
p112284,0,0.002286
p112285,0,0.036158
p112286,0,0.005853
p112287,0,0.001947
p112288,0,0.002892
p112289,0,0.001673
p112290,0,0.008155
p112291,0,0.017611
p112292,0,0.003726
p112293,0,0.019584
p112294,0,0.035399
p112295,0,0.110095
p112296,0,0.001649
p112297,1,0.012876
p112298,0,0.002458
p112299,0,0.001466
p112300,0,0.002159
p112301,0,0.003502
p112302,1,0.005748
p112303,0,0.005445
p112304,0,0.019984
p112305,0,0.012128
p112306,0,0.012349
p112307,0,0.006822
p112308,0,0.005326
p112309,0,0.002534
p112310,0,0.003097
p112311,0,0.988411
p112312,0,0.014227
p112313,0,0.005710
p112314,0,0.003234
p112316,0,0.008132
p112317,0,0.002305
p112318,0,0.002564
p112319,0,0.003546
p112320,0,0.024727
p112321,0,0.004651
p112322,0,0.009111
p112323,0,0.005547
p112324,0,0.007108
p112325,0,0.973455
p112326,0,0.008632
p112327,0,0.004435
p112328,0,0.009891
p112329,0,0.010990
p112330,0,0.003214
p112331,0,0.001653
p112332,0,0.804485
p112333,0,0.012270
p112334,0,0.034551
p112335,0,0.024890
p112336,0,0.002013
p112337,0,0.002396
p112338,0,0.011090
p112339,0,0.004344
p112340,0,0.034184
p112341,0,0.001478
p112342,0,0.004348
p112343,0,0.003717
p112344,0,0.003177
p112345,1,0.975787
p112346,0,0.015515
p112348,0,0.003258
p112349,0,0.003988
p112350,0,0.002023
p112351,0,0.009183
p112352,0,0.007378
p112353,0,0.115517
p112354,0,0.004691
p112355,0,0.122591
p112356,0,0.003843
p112357,0,0.030594
p112358,0,0.020376
p112359,0,0.003217
p112360,0,0.010220
p112361,0,0.004406
p112362,0,0.002101
p112363,1,0.032180
p112364,0,0.026743
p112365,0,0.002108
p112366,0,0.001849
p112367,0,0.004120
p112368,0,0.013540
p112369,0,0.010336
p112370,0,0.019935
p112371,0,0.011305
p112372,0,0.019705
p112373,0,0.014099
p112374,0,0.003519
p112375,0,0.003044
p112376,0,0.002841
p112377,0,0.004649
p112378,0,0.001894
p112379,0,0.004936
p112380,0,0.008484
p112381,0,0.021656
p112382,0,0.020226
p112383,0,0.014650
p112384,0,0.002989
p112385,0,0.003743
p112386,0,0.011052
p112387,0,0.003242
p112388,0,0.011412
p112389,0,0.002724
p112390,0,0.003955
p112391,0,0.001427
p112392,0,0.005124
p112393,0,0.022320
p112394,0,0.009272
p112395,0,0.021904
p112396,0,0.005034
p112397,0,0.002614
p112398,0,0.004778
p112399,0,0.001919
p112400,0,0.012381
p112401,0,0.005282
p112402,0,0.004382
p112403,0,0.004714
p112404,0,0.006648
p112405,0,0.003020
p112406,0,0.006220
p112407,0,0.037982
p112408,0,0.001590
p112409,0,0.002014
p112410,0,0.003227
p112411,1,0.124727
p112412,0,0.006021
p112413,0,0.015201
p112414,0,0.013232
p112415,0,0.001906
p112416,1,0.949650
p112417,0,0.005101
p112418,0,0.001527
p112419,0,0.002519
p112420,0,0.009259
p112421,0,0.003437
p112422,0,0.003899
p112423,0,0.004294
p112424,0,0.008722
p112425,0,0.004643
p112426,0,0.004201
p112427,0,0.254175
p112428,0,0.003552
p112429,0,0.004663
p112430,0,0.001789
p112431,0,0.009029
p112432,0,0.010730
p112433,0,0.005763
p112434,0,0.004455
p112435,0,0.016133
p112436,0,0.003318
p112437,0,0.003824
p112438,0,0.006655
p112439,0,0.003043
p112440,0,0.005720
p112441,0,0.009214
p112442,0,0.002710
p112443,0,0.008874
p112444,0,0.005669
p112445,0,0.003490
p112446,0,0.002216
p112447,0,0.143384
p112448,0,0.010663
p112449,0,0.004557
p112450,0,0.002861
p112451,0,0.007159
p112452,0,0.006163
p112453,0,0.002490
p112454,0,0.517620
p112455,0,0.003252
p112456,0,0.003387
p112457,0,0.003236
p112458,0,0.005784
p112459,0,0.002854
p112460,0,0.008144
p112461,0,0.004153
p112462,0,0.001933
p112463,0,0.001595
p112464,1,0.010873
p112465,0,0.003194
p112466,0,0.002172
p112467,0,0.008541
p112468,0,0.002866
p112469,0,0.001894
p112470,0,0.006109
p112471,0,0.003756
p112472,0,0.005802
p112473,0,0.010559
p112474,0,0.022695
p112475,0,0.003146
p112476,0,0.001940
p112477,0,0.008156
p112478,0,0.014448
p112479,0,0.008274
p112480,0,0.013213
p112481,0,0.003221
p112482,0,0.007574
p112483,0,0.002525
p112484,0,0.004672
p112485,0,0.007598
p112486,0,0.009616
p112487,0,0.007312
p112488,0,0.010586
p112489,0,0.002853
p112490,0,0.001552
p112491,0,0.006860
p112492,0,0.018667
p112493,0,0.004587
p112494,0,0.003703
p112495,0,0.025815
p112496,0,0.004819
p112497,0,0.008506
p112498,0,0.003914
p112499,0,0.003160
p112500,0,0.012992
p112501,0,0.001635
p112502,0,0.002880
p112503,0,0.006948
p112504,0,0.039610
p112505,0,0.004161
p112506,0,0.004254
p112507,0,0.002237
p112508,0,0.005041
p112510,0,0.009499
p112511,0,0.005031
p112512,0,0.003571
p112513,0,0.007970
p112514,0,0.016649
p112515,0,0.002397
p112516,0,0.001865
p112517,0,0.002561
p112518,0,0.002130
p112519,0,0.037701
p112520,0,0.937165
p112521,0,0.046022
p112522,0,0.002232
p112523,0,0.003816
p112524,0,0.003373
p112525,0,0.004270
p112526,0,0.051827
p112527,0,0.004530
p112528,0,0.006482
p112529,0,0.002663
p112530,0,0.008023
p112531,0,0.005490
p112532,0,0.003504
p112533,0,0.007926
p112534,0,0.007420
p112535,0,0.006205
p112536,0,0.003248
p112537,0,0.018861
p112538,1,0.977802
p112539,0,0.005265
p112540,0,0.003167
p112541,0,0.001648
p112542,0,0.002953
p112543,0,0.006125
p112544,0,0.001991
p112545,0,0.002967
p112546,0,0.003155
p112547,0,0.007686
p112548,0,0.009697
p112549,0,0.014998
p112550,0,0.003178
p112551,0,0.021116
p112552,0,0.002249
p112553,0,0.009857
p112554,1,0.008097
p112555,0,0.005699
p112556,0,0.002341
p112557,0,0.003136
p112558,0,0.002936
p112559,0,0.002299
p112560,0,0.005492
p112561,0,0.002676
p112562,0,0.003192
p112563,0,0.005768
p112564,0,0.002879
p112565,0,0.008436
p112566,0,0.003272
p112567,0,0.007197
p112568,0,0.009323
p112569,1,0.035954
p112570,0,0.004504
p112571,0,0.002446
p112572,0,0.006755
p112573,0,0.003193
p112574,0,0.001958
p112575,0,0.002286
p112576,0,0.002432
p112577,0,0.003201
p112578,0,0.009200
p112579,0,0.001841
p112580,0,0.051992
p112581,0,0.003246
p112582,0,0.009138
p112583,0,0.007512
p112584,0,0.006337
p112585,0,0.010470
p112586,0,0.001875
p112588,0,0.001733
p112589,0,0.003899
p112590,1,0.990754
p112591,0,0.002316
p112592,0,0.002653
p112593,0,0.003625
p112594,0,0.005970
p112595,0,0.006636
p112596,0,0.988944
p112597,0,0.006857
p112598,0,0.007085
p112600,0,0.006970
p112601,0,0.002407
p112602,1,0.992868
p112603,0,0.005787
p112604,0,0.002191
p112605,0,0.007501
p112606,0,0.003069
p112607,0,0.003943
p112608,1,0.980603
p112609,0,0.001856
p112610,1,0.985250
p112611,0,0.002825
p112612,0,0.036007
p112613,0,0.011957
p112614,0,0.016636
p112615,0,0.003424
p112616,0,0.002531
p112617,0,0.004151
p112618,0,0.005759
p112619,0,0.012476
p112620,0,0.010902
p112621,0,0.002395
p112622,0,0.008622
p112623,0,0.002034
p112624,0,0.006389
p112625,0,0.002342
p112626,0,0.004433
p112627,0,0.003206
p112628,0,0.003855
p112629,0,0.097338
p112630,0,0.006048
p112631,0,0.005371
p112632,0,0.005197
p112633,0,0.008671
p112634,0,0.002152
p112635,0,0.011632
p112636,0,0.012585
p112637,0,0.005590
p112638,0,0.010110
p112639,0,0.002209
p112640,1,0.992013
p112641,0,0.001776
p112642,0,0.005370
p112643,0,0.011942
p112644,0,0.004421
p112645,0,0.020340
p112646,0,0.004329
p112647,1,0.992480
p112648,0,0.012021
p112649,0,0.054443
p112650,0,0.003659
p112651,0,0.014795
p112652,0,0.003115
p112653,0,0.002252
p112654,0,0.002921
p112655,0,0.001979
p112656,0,0.264736
p112657,0,0.013851
p112658,0,0.015510
p112659,0,0.052078
p112660,0,0.047058
p112661,0,0.006319
p112662,0,0.006848
p112663,0,0.003190
p112664,0,0.004481
p112665,0,0.007762
p112666,0,0.003390
p112667,0,0.005572
p112668,0,0.009742
p112669,0,0.030783
p112670,0,0.004962
p112671,0,0.002487
p112672,0,0.005277
p112673,0,0.010937
p112674,0,0.012651
p112675,0,0.008418
p112676,0,0.008693
p112677,0,0.002834
p112678,0,0.012110
p112679,0,0.033012
p112680,0,0.003862
p112681,0,0.003061
p112682,0,0.004946
p112683,0,0.004564
p112684,0,0.002159
p112685,0,0.008189
p112686,0,0.006834
p112687,0,0.005148
p112688,0,0.002964
p112689,0,0.024876
p112690,0,0.002164
p112691,0,0.003196
p112692,0,0.004688
p112693,0,0.115044
p112694,0,0.002613
p112695,0,0.002962
p112696,0,0.012078
p112697,0,0.003793
p112698,0,0.011465
p112699,0,0.004561
p112700,0,0.005643
p112701,0,0.002812
p112702,0,0.136867
p112703,0,0.002200
p112704,0,0.991472
p112705,0,0.006065
p112706,0,0.014621
p112707,0,0.019408
p112708,0,0.002632
p112709,0,0.003589
p112710,0,0.009974
p112711,0,0.006817
p112712,0,0.022159
p112713,0,0.005250
p112714,0,0.004311
p112715,0,0.017560
p112716,0,0.024653
p112717,0,0.010982
p112718,0,0.005059
p112719,0,0.989201
p112720,0,0.006854
p112721,0,0.005471
p112722,0,0.075396
p112723,0,0.024296
p112724,0,0.002365
p112725,0,0.039242
p112726,0,0.128729
p112727,0,0.003300
p112728,0,0.004603
p112729,0,0.006386
p112730,0,0.007787
p112731,0,0.019144
p112732,0,0.001726
p112733,0,0.002120
p112734,0,0.001878
p112735,0,0.010811
p112736,0,0.006285
p112737,0,0.010722
p112738,0,0.003621
p112739,0,0.003256
p112740,0,0.006189
p112741,0,0.011275
p112742,0,0.005708
p112743,0,0.003869
p112744,0,0.003623
p112745,0,0.014213
p112746,0,0.006445
p112747,0,0.006337
p112748,0,0.004149
p112749,0,0.006832
p112750,0,0.003119
p112751,0,0.003004
p112752,0,0.014456
p112753,0,0.015734
p112754,0,0.569526
p112755,0,0.005231
p112756,0,0.021608
p112757,0,0.015145
p112758,0,0.006270
p112759,0,0.013501
p112760,0,0.063913
p112761,0,0.003932
p112762,0,0.008799
p112763,1,0.983508
p112764,0,0.004000
p112765,0,0.001803
p112766,0,0.010650
p112767,0,0.006943
p112768,0,0.003307
p112769,1,0.990470
p112770,0,0.993107
p112771,0,0.004662
p112772,0,0.013232
p112773,0,0.005997
p112774,0,0.003648
p112775,0,0.005352
p112776,0,0.002804
p112777,0,0.001669
p112778,0,0.002347
p112779,0,0.005911
p112780,0,0.022229
p112781,0,0.077090
p112782,0,0.027312
p112783,0,0.010593
p112784,0,0.001730
p112785,0,0.005080
p112786,0,0.004941
p112787,0,0.053367
p112788,1,0.980809
p112789,0,0.002808
p112790,0,0.006014
p112791,0,0.002872
p112792,0,0.009625
p112793,0,0.001803
p112794,0,0.002102
p112795,0,0.002354
p112796,0,0.003810
p112797,0,0.007210
p112798,0,0.003059
p112799,0,0.016534
p112800,0,0.003969
p112801,0,0.003209
p112803,0,0.002346
p112804,0,0.004705
p112805,0,0.009158
p112806,0,0.002000
p112807,1,0.004062
p112808,0,0.007387
p112809,0,0.152435
p112810,0,0.003397
p112811,0,0.003562
p112812,0,0.004183
p112813,0,0.006788
p112814,0,0.004227
p112815,0,0.008345
p112816,1,0.990284
p112817,0,0.002734
p112818,0,0.003384
p112819,0,0.012636
p112820,1,0.099950
p112821,0,0.010727
p112822,0,0.003937
p112823,0,0.006080
p112824,0,0.006276
p112825,0,0.001721
p112826,1,0.987058
p112827,0,0.005964
p112828,1,0.982570
p112829,0,0.001923
p112830,0,0.010968
p112831,0,0.001999
p112832,0,0.003057
p112833,0,0.005007
p112834,0,0.006746
p112835,0,0.006670
p112836,0,0.027171
p112837,0,0.012722
p112838,0,0.004493
p112839,0,0.296955
p112840,0,0.002522
p112841,0,0.003818
p112842,0,0.001421
p112843,0,0.024222
p112844,0,0.015866
p112845,0,0.001521
p112846,0,0.409401
p112847,0,0.003090
p112848,0,0.001431
p112849,0,0.008805
p112850,0,0.001830
p112851,0,0.002574
p112852,0,0.005020
p112853,0,0.003893
p112854,0,0.001486
p112855,0,0.002629
p112856,0,0.005689
p112857,0,0.004679
p112858,0,0.002863
p112859,1,0.990061
p112860,0,0.005506
p112861,0,0.022324
p112862,0,0.004676
p112863,0,0.005110
p112864,0,0.054688
p112865,0,0.038056
p112866,0,0.007577
p112867,0,0.005773
p112868,0,0.002892
p112869,0,0.003729
p112870,0,0.017636
p112871,0,0.019082
p112872,1,0.263388
p112873,0,0.003665
p112874,0,0.004209
p112875,0,0.004844
p112876,0,0.009503
p112877,0,0.017127
p112878,0,0.003773
p112879,0,0.002252
p112880,0,0.005352
p112881,0,0.001225
p112882,1,0.018970
p112883,0,0.001679
p112884,0,0.008568
p112885,0,0.006885
p112886,0,0.002323
p112887,0,0.004133
p112888,1,0.991653
p112889,0,0.002687
p112890,0,0.006252
p112891,0,0.986427
p112892,0,0.131950
p112893,0,0.002960
p112894,0,0.002869
p112895,0,0.006101
p112896,0,0.008581
p112897,0,0.004851
p112898,0,0.002740
p112899,0,0.003745
p112900,0,0.017400
p112901,0,0.005094
p112902,0,0.006953
p112903,0,0.006246
p112904,0,0.001800
p112905,0,0.003361
p112906,0,0.003049
p112907,0,0.004488
p112908,0,0.012293
p112909,0,0.001634
p112910,0,0.001651
p112911,0,0.004956
p112912,0,0.005721
p112913,0,0.001456
p112914,0,0.002840
p112915,0,0.001932
p112916,0,0.002015
p112917,0,0.007562
p112918,0,0.005449
p112919,0,0.002072
p112920,0,0.015325
p112921,0,0.018129
p112922,0,0.002394
p112923,0,0.011991
p112924,0,0.002149
p112925,0,0.004569
p112926,0,0.989123
p112927,0,0.002785
p112928,0,0.003941
p112929,0,0.005277
p112930,0,0.004761
p112931,0,0.007953
p112932,0,0.003085
p112933,0,0.003701
p112934,0,0.002317
p112935,0,0.002265
p112936,0,0.006448
p112937,0,0.007005
p112938,0,0.015515
p112939,0,0.003382
p112940,0,0.008084
p112941,0,0.034136
p112942,0,0.005647
p112943,0,0.004729
p112944,1,0.991286
p112945,0,0.002404
p112946,0,0.004225
p112947,1,0.991738
p112948,0,0.002366
p112949,0,0.001790
p112950,0,0.008012
p112951,0,0.004857
p112952,0,0.001607
p112953,0,0.002405
p112954,0,0.013475
p112955,1,0.992137
p112956,0,0.004475
p112957,0,0.001472
p112958,0,0.002494
p112959,0,0.005566
p112960,0,0.004219
p112961,0,0.001493
p112962,0,0.005793
p112963,0,0.003224
p112964,1,0.273752
p112965,0,0.031499
p112966,1,0.002401
p112967,0,0.005393
p112968,0,0.004967
p112969,0,0.002553
p112970,0,0.008854
p112972,0,0.015952
p112973,0,0.002401
p112974,0,0.001897
p112975,0,0.005789
p112976,0,0.006822
p112977,0,0.003896
p112978,0,0.003460
p112979,0,0.002153
p112980,0,0.017820
p112981,0,0.012306
p112982,0,0.004476
p112983,0,0.003471
p112984,0,0.002082
p112985,0,0.006457
p112986,0,0.011397
p112987,0,0.003891
p112988,0,0.008711
p112989,0,0.001977
p112990,0,0.002542
p112991,0,0.010382
p112992,0,0.993144
p112993,0,0.037485
p112994,0,0.003558
p112995,0,0.007225
p112996,0,0.003640
p112997,0,0.005668
p112998,0,0.039111
p112999,1,0.862147
p113000,0,0.003324
p113001,0,0.004928
p113002,0,0.004939
p113003,0,0.004370
p113004,0,0.001845
p113005,0,0.017614
p113006,0,0.002525
p113007,0,0.002137
p113008,0,0.003224
p113010,0,0.014916
p113011,0,0.004380
p113012,0,0.002519
p113013,0,0.004078
p113014,0,0.002151
p113015,0,0.010360
p113016,0,0.002157
p113017,0,0.004656
p113018,0,0.003735
p113019,0,0.005639
p113020,0,0.004563
p113021,0,0.004167
p113022,0,0.003295
p113023,1,0.058392
p113024,0,0.003211
p113025,0,0.184991
p113026,0,0.001942
p113027,0,0.006509
p113028,0,0.005641
p113029,1,0.003774
p113030,0,0.003970
p113031,0,0.002235
p113032,0,0.004564
p113033,0,0.002609
p113034,0,0.003876
p113035,0,0.006013
p113036,1,0.003031
p113037,0,0.002071
p113038,0,0.005189
p113039,0,0.008218
p113040,0,0.002447
p113041,0,0.002120
p113042,0,0.004490
p113043,0,0.006942
p113044,0,0.003065
p113045,0,0.005162
p113046,0,0.002156
p113047,0,0.011384
p113048,0,0.005101
p113049,0,0.002429
p113050,0,0.003322
p113051,0,0.004115
p113052,0,0.003399
p113053,0,0.003456
p113054,0,0.004930
p113055,0,0.003688
p113056,0,0.030867
p113057,0,0.004323
p113058,0,0.002282
p113059,0,0.001563
p113060,0,0.028743
p113061,0,0.003176
p113062,0,0.016850
p113063,0,0.003065
p113064,0,0.069834
p113065,0,0.017946
p113066,0,0.011621
p113067,0,0.001558
p113068,0,0.007010
p113069,0,0.003772
p113070,0,0.002634
p113071,0,0.005547
p113072,0,0.004792
p113073,0,0.002905
p113074,0,0.003387
p113075,0,0.007690
p113076,0,0.003098
p113077,0,0.003066
p113078,0,0.003754
p113079,0,0.003875
p113080,0,0.008320
p113081,0,0.005142
p113082,0,0.003130
p113083,0,0.017515
p113084,0,0.005887
p113085,0,0.007179
p113086,0,0.005660
p113087,0,0.001928
p113088,0,0.003255
p113089,0,0.006714
p113090,0,0.036574
p113091,0,0.001728
p113092,0,0.004272
p113093,0,0.002776
p113094,0,0.028617
p113095,0,0.002317
p113096,0,0.004292
p113097,0,0.004515
p113098,0,0.012372
p113099,0,0.989808
p113100,0,0.005812
p113101,0,0.028543
p113102,0,0.003630
p113103,0,0.004018
p113104,0,0.012710
p113105,0,0.008283
p113106,1,0.001380
p113107,0,0.002910
p113108,0,0.002525
p113109,0,0.008425
p113110,0,0.004067
p113111,0,0.004035
p113112,0,0.005884
p113113,0,0.007025
p113114,0,0.008893
p113115,0,0.015294
p113116,0,0.002522
p113117,0,0.001197
p113118,0,0.003043
p113119,1,0.598223
p113120,0,0.044579
p113121,0,0.003242
p113122,0,0.001716
p113123,0,0.001781
p113124,0,0.025385
p113125,0,0.011019
p113126,0,0.002212
p113127,0,0.011524
p113128,0,0.004043
p113129,1,0.003105
p113130,0,0.001591
p113131,0,0.002925
p113132,0,0.015087
p113133,0,0.012404
p113134,0,0.009433
p113135,1,0.622051
p113136,0,0.003814
p113137,0,0.005160
p113138,0,0.002955
p113139,0,0.007958
p113140,0,0.026422
p113141,0,0.002835
p113142,0,0.001904
p113143,0,0.002648
p113144,0,0.004126
p113145,0,0.002931
p113146,0,0.006283
p113147,1,0.948029
p113148,0,0.003141
p113149,0,0.026983
p113151,0,0.002981
p113152,0,0.007222
p113153,1,0.987845
p113154,0,0.003158
p113155,0,0.003569
p113156,0,0.002619
p113157,0,0.003157
p113158,0,0.003435
p113159,0,0.002479
p113160,0,0.003485
p113161,0,0.002944
p113162,0,0.002228
p113163,0,0.011654
p113164,0,0.001470
p113165,0,0.003232
p113166,0,0.005576
p113167,0,0.006573
p113168,0,0.015317
p113169,0,0.003226
p113170,0,0.002132
p113171,0,0.002721
p113172,0,0.005416
p113173,0,0.007982
p113174,0,0.004214
p113175,0,0.003386
p113176,0,0.003655
p113177,0,0.001834
p113178,0,0.001678
p113179,0,0.009775
p113180,0,0.003951
p113181,0,0.002479
p113182,0,0.003862
p113183,0,0.006955
p113184,0,0.006646
p113185,0,0.002598
p113186,0,0.003013
p113187,0,0.002963
p113188,0,0.002556
p113189,0,0.002977
p113190,0,0.924202
p113191,0,0.017659
p113193,0,0.005248
p113194,0,0.047379
p113195,0,0.007656
p113196,0,0.002332
p113197,0,0.003789
p113198,0,0.388691
p113199,0,0.013073
p113200,0,0.004198
p113201,0,0.003102
p113202,0,0.006371
p113203,0,0.002431
p113204,0,0.006099
p113205,0,0.001537
p113206,0,0.002189
p113207,0,0.006952
p113208,0,0.003186
p113209,0,0.003373
p113210,0,0.004258
p113211,0,0.015319
p113212,0,0.007249
p113213,0,0.003510
p113214,0,0.004872
p113215,0,0.002757
p113216,0,0.005527
p113217,0,0.003556
p113218,0,0.002493
p113219,0,0.011740
p113220,0,0.003121
p113221,0,0.004258
p113222,0,0.001875
p113223,0,0.007007
p113224,0,0.004329
p113225,0,0.001404
p113226,0,0.005931
p113227,0,0.252637
p113228,0,0.013966
p113229,0,0.005981
p113230,0,0.038610
p113231,0,0.005869
p113232,0,0.009906
p113233,0,0.001444
p113234,0,0.004862
p113235,0,0.005381
p113236,0,0.003313
p113237,0,0.002381
p113238,0,0.004534
p113239,0,0.007688
p113240,0,0.001840
p113241,0,0.012137
p113242,0,0.004142
p113243,0,0.013383
p113244,0,0.006616
p113245,0,0.003352
p113246,0,0.005790
p113247,0,0.024609
p113249,0,0.003838
p113250,0,0.006657
p113251,0,0.004503
p113252,0,0.003349
p113253,0,0.005837
p113254,0,0.014767
p113255,0,0.001609
p113256,0,0.003643
p113257,0,0.006301
p113258,0,0.003530
p113259,0,0.018537
p113260,1,0.015531
p113261,0,0.002428
p113262,0,0.006257
p113263,0,0.002982
p113264,0,0.003883
p113265,0,0.002583
p113266,0,0.005187
p113267,0,0.003615
p113268,0,0.002800
p113269,0,0.006417
p113270,0,0.003121
p113271,0,0.002523
p113272,1,0.976228
p113273,0,0.002779
p113274,0,0.237540
p113275,0,0.029283
p113276,0,0.188360
p113277,1,0.961486
p113278,0,0.103682
p113279,0,0.003393
p113280,0,0.006485
p113281,0,0.004339
p113282,0,0.039990
p113283,0,0.003739
p113284,0,0.012460
p113285,0,0.002836
p113286,0,0.006160
p113287,0,0.005954
p113288,0,0.002298
p113289,0,0.003176
p113290,0,0.857309
p113292,0,0.009366
p113293,0,0.003181
p113294,0,0.003442
p113295,0,0.003578
p113296,0,0.003452
p113297,0,0.005870
p113298,0,0.005057
p113299,0,0.029959
p113300,0,0.014178
p113301,0,0.004821
p113303,0,0.006981
p113304,0,0.002691
p113305,0,0.004801
p113306,0,0.002776
p113307,0,0.018361
p113308,0,0.989455
p113309,0,0.002256
p113310,0,0.008026
p113311,0,0.004839
p113312,0,0.002753
p113313,0,0.006189
p113314,0,0.004923
p113315,0,0.007954
p113316,0,0.001497
p113317,0,0.031111
p113318,0,0.069761
p113319,0,0.016780
p113320,0,0.034233
p113321,0,0.002024
p113322,0,0.007120
p113323,0,0.008427
p113324,0,0.008308
p113325,0,0.001991
p113326,0,0.017919
p113327,0,0.005276
p113328,0,0.003399
p113329,0,0.001434
p113330,0,0.004672
p113331,0,0.002884
p113332,0,0.003699
p113333,0,0.010631
p113334,1,0.127685
p113335,0,0.004955
p113336,0,0.002911
p113337,0,0.983055
p113338,0,0.004255
p113339,0,0.004040
p113340,0,0.007778
p113341,0,0.009205
p113342,0,0.002805
p113343,0,0.002621
p113344,0,0.008573
p113345,0,0.002338
p113346,0,0.007809
p113347,0,0.001750
p113348,0,0.004011
p113349,0,0.004605
p113350,0,0.006385
p113351,0,0.006460
p113352,0,0.008811
p113353,0,0.007408
p113354,0,0.002042
p113355,0,0.001586
p113356,0,0.004207
p113357,0,0.001829
p113358,0,0.008966
p113359,0,0.003461
p113360,0,0.021577
p113361,0,0.007488
p113362,0,0.001957
p113363,0,0.003404
p113364,0,0.009881
p113365,0,0.002692
p113366,0,0.001842
p113367,0,0.008459
p113368,0,0.001810
p113369,0,0.004038
p113370,0,0.029129
p113371,0,0.001588
p113372,0,0.003394
p113373,0,0.001960
p113374,0,0.009304
p113375,0,0.018683
p113376,0,0.001084
p113377,1,0.984123
p113378,0,0.003343
p113379,0,0.003101
p113380,0,0.001980
p113381,0,0.001564
p113382,0,0.014020
p113383,0,0.002704
p113384,0,0.003832
p113385,0,0.009974
p113386,0,0.004415
p113387,0,0.002905
p113388,1,0.013237
p113389,0,0.004579
p113390,0,0.013013
p113391,0,0.989386
p113392,1,0.991542
p113393,0,0.005515
p113394,0,0.002298
p113395,0,0.003717
p113396,0,0.001976
p113397,0,0.003363
p113398,0,0.001709
p113399,0,0.008361
p113400,0,0.023518
p113401,0,0.003287
p113402,0,0.003098
p113403,0,0.993339
p113404,1,0.992254
p113405,0,0.002715
p113407,1,0.048256
p113408,0,0.005169
p113409,0,0.009111
p113410,0,0.010519
p113411,0,0.008586
p113412,0,0.002996
p113413,0,0.001486
p113414,0,0.004513
p113415,0,0.007564
p113416,0,0.985072
p113417,0,0.002798
p113418,0,0.012725
p113419,0,0.010562
p113420,0,0.006597
p113421,0,0.003642
p113422,0,0.005695
p113423,0,0.057610
p113424,0,0.003078
p113425,0,0.049062
p113426,0,0.003185
p113427,0,0.005819
p113428,1,0.990477
p113429,0,0.945455
p113430,0,0.003713
p113431,0,0.002951
p113432,0,0.008819
p113433,0,0.009061
p113434,0,0.001307
p113435,0,0.004579
p113437,0,0.003975
p113438,0,0.040678
p113439,0,0.120019
p113440,0,0.002755
p113441,0,0.016434
p113442,0,0.006070
p113444,0,0.002070
p113445,0,0.123577
p113446,0,0.003252
p113447,0,0.002304
p113448,0,0.004366
p113449,0,0.003634
p113450,0,0.007870
p113451,0,0.011227
p113452,0,0.988171
p113453,0,0.004148
p113454,0,0.003584
p113455,0,0.004055
p113456,0,0.001467
p113457,0,0.008342
p113458,0,0.024447
p113459,0,0.007581
p113461,0,0.025484
p113462,0,0.002332
p113463,0,0.023713
p113464,0,0.003479
p113465,0,0.017789
p113466,0,0.003873
p113467,0,0.011581
p113468,0,0.037606
p113469,0,0.025397
p113470,0,0.002809
p113471,0,0.010355
p113472,0,0.002718
p113473,0,0.005655
p113474,0,0.004332
p113475,0,0.003453
p113476,0,0.034836
p113477,0,0.003767
p113478,0,0.980071
p113479,0,0.003006
p113480,0,0.018857
p113481,0,0.002654
p113482,0,0.005190
p113483,0,0.004303
p113484,0,0.010409
p113485,0,0.001505
p113486,0,0.007066
p113487,0,0.005977
p113488,0,0.008751
p113489,1,0.025748
p113490,0,0.015989
p113491,0,0.031752
p113492,0,0.008428
p113493,0,0.001464
p113494,0,0.003272
p113495,0,0.002819
p113496,0,0.004933
p113497,0,0.002147
p113498,0,0.005153
p113499,0,0.002547
p113500,0,0.006943
p113501,0,0.004154
p113502,0,0.004884
p113503,0,0.003505
p113504,0,0.016351
p113505,0,0.006160
p113506,0,0.010602
p113507,0,0.006806
p113508,0,0.003772
p113509,0,0.032610
p113510,0,0.009470
p113511,0,0.025436
p113512,0,0.003005
p113513,0,0.004866
p113514,0,0.004757
p113515,0,0.002758
p113516,0,0.040572
p113517,0,0.004738
p113518,0,0.006569
p113519,0,0.005555
p113520,0,0.002935
p113521,0,0.005442
p113522,0,0.005182
p113523,0,0.005989
p113524,0,0.003522
p113525,0,0.003721
p113526,1,0.222577
p113527,0,0.003247
p113528,0,0.016612
p113529,0,0.029270
p113530,0,0.005737
p113531,0,0.003738
p113532,0,0.003965
p113533,0,0.060549
p113534,0,0.021306
p113535,0,0.004722
p113536,0,0.002853
p113537,0,0.008414
p113538,0,0.006086
p113539,0,0.003071
p113540,0,0.003631
p113541,0,0.011324
p113542,0,0.005949
p113543,0,0.002998
p113544,0,0.003102
p113545,0,0.010793
p113546,0,0.002039
p113547,0,0.004273
p113548,0,0.006641
p113549,0,0.002718
p113550,0,0.001784
p113551,0,0.011487
p113552,0,0.019936
p113553,0,0.214285
p113554,0,0.006315
p113555,0,0.003939
p113556,0,0.007592
p113557,0,0.003498
p113558,0,0.012750
p113559,0,0.014858
p113560,0,0.002870
p113561,0,0.005923
p113562,1,0.061775
p113563,0,0.023776
p113564,0,0.004480
p113565,0,0.003416
p113566,1,0.990987
p113567,0,0.028207
p113568,0,0.029907
p113569,0,0.020567
p113570,0,0.001550
p113571,0,0.006744
p113572,0,0.005702
p113573,0,0.010390
p113574,0,0.004188
p113575,0,0.004122
p113576,0,0.001939
p113577,0,0.006629
p113578,0,0.007314
p113579,0,0.009218
p113580,0,0.015454
p113581,0,0.004883
p113582,0,0.003957
p113583,0,0.006263
p113584,0,0.001976
p113585,0,0.016321
p113586,0,0.003375
p113587,0,0.017764
p113588,0,0.002220
p113589,0,0.001396
p113590,0,0.007858
p113591,0,0.005862
p113592,0,0.004158
p113593,0,0.009540
p113594,0,0.002227
p113595,0,0.001843
p113596,0,0.003127
p113597,0,0.002913
p113598,0,0.004394
p113600,0,0.054699
p113601,0,0.008878
p113602,0,0.002406
p113603,0,0.001783
p113604,0,0.003069
p113605,0,0.014764
p113606,0,0.004412
p113607,0,0.002269
p113608,0,0.007945
p113609,0,0.003493
p113610,0,0.003130
p113611,0,0.002079
p113612,0,0.003610
p113613,0,0.032237
p113614,0,0.005238
p113615,0,0.001718
p113616,0,0.004158
p113617,0,0.002852
p113618,1,0.977673
p113619,0,0.007125
p113620,0,0.002308
p113621,0,0.005931
p113622,0,0.002460
p113623,0,0.002198
p113624,0,0.005109
p113625,0,0.005597
p113626,1,0.320447
p113627,0,0.005195
p113628,0,0.006839
p113629,0,0.001643
p113630,0,0.003877
p113631,0,0.005235
p113632,0,0.006783
p113633,0,0.003805
p113634,0,0.008045
p113635,0,0.993294
p113636,1,0.991317
p113637,0,0.002892
p113638,0,0.007845
p113639,0,0.002884
p113640,0,0.003769
p113641,0,0.006120
p113642,0,0.005739
p113643,0,0.041558
p113644,0,0.004412
p113645,0,0.007413
p113646,0,0.002832
p113647,0,0.004113
p113648,0,0.004294
p113649,0,0.006895
p113650,0,0.008514
p113651,0,0.003874
p113652,0,0.008841
p113653,0,0.003135
p113654,0,0.028826
p113655,0,0.009839
p113656,0,0.003749
p113657,0,0.008272
p113658,0,0.002082
p113659,0,0.072966
p113660,0,0.002985
p113661,0,0.992103
p113662,0,0.011008
p113663,0,0.008310
p113664,0,0.008062
p113665,0,0.001726
p113666,0,0.002868
p113667,0,0.003489
p113668,0,0.001753
p113669,0,0.003352
p113670,0,0.005429
p113671,0,0.433448
p113672,0,0.002763
p113673,0,0.001178
p113674,0,0.011886
p113675,0,0.015800
p113676,0,0.005467
p113677,0,0.004226
p113678,0,0.019588
p113679,0,0.005492
p113680,0,0.003251
p113681,0,0.002633
p113682,0,0.002451
p113684,0,0.004352
p113685,0,0.002890
p113686,0,0.020169
p113687,0,0.464435
p113688,0,0.251019
p113689,0,0.006429
p113690,0,0.022508
p113691,1,0.094525
p113692,0,0.012173
p113693,0,0.008447
p113694,0,0.007415
p113695,0,0.003453
p113696,0,0.002240
p113697,0,0.005225
p113698,0,0.001413
p113699,0,0.003004
p113700,0,0.005467
p113701,0,0.009637
p113702,0,0.002932
p113703,0,0.006334
p113704,0,0.011136
p113705,0,0.003522
p113706,0,0.010430
p113707,0,0.006707
p113708,0,0.006768
p113709,0,0.004849
p113710,0,0.002180
p113711,0,0.002283
p113712,0,0.002164
p113713,0,0.981315
p113714,0,0.003840
p113715,0,0.008483
p113716,0,0.029671
p113717,0,0.005295
p113718,0,0.004481
p113719,0,0.007255
p113720,0,0.002830
p113721,0,0.005625
p113722,0,0.005847
p113723,0,0.043594
p113724,0,0.019198
p113725,0,0.022869
p113726,0,0.002672
p113727,0,0.002062
p113728,0,0.008490
p113729,1,0.004484
p113730,0,0.004118
p113731,0,0.005208
p113732,0,0.235976
p113733,0,0.005529
p113734,0,0.004587
p113735,0,0.003615
p113736,0,0.037317
p113737,0,0.002682
p113738,0,0.002628
p113739,0,0.005848
p113740,0,0.003987
p113741,0,0.006587
p113742,0,0.005318
p113743,0,0.005574
p113744,0,0.002769
p113745,0,0.002074
p113746,0,0.003036
p113747,0,0.016939
p113748,1,0.005670
p113749,0,0.002247
p113750,0,0.002053
p113751,0,0.003070
p113752,0,0.003400
p113753,0,0.002620
p113754,0,0.022321
p113755,0,0.030766
p113756,0,0.003923
p113757,0,0.004050
p113758,0,0.004225
p113759,0,0.002357
p113760,0,0.007123
p113761,0,0.002756
p113762,0,0.005765
p113763,0,0.004799
p113764,0,0.009064
p113765,0,0.004700
p113766,0,0.220850
p113767,0,0.990404
p113768,0,0.011871
p113769,0,0.004048
p113770,0,0.002950
p113771,0,0.003026
p113772,0,0.005442
p113773,0,0.001258
p113774,0,0.012112
p113775,0,0.003745
p113776,0,0.012247
p113777,0,0.002589
p113778,0,0.006096
p113779,0,0.009620
p113780,0,0.005333
p113781,0,0.002452
p113782,0,0.007479
p113783,1,0.987279
p113784,1,0.991924
p113785,0,0.004187
p113786,0,0.003941
p113787,1,0.993139
p113788,0,0.003399
p113789,0,0.003421
p113790,0,0.004913
p113791,0,0.001717
p113792,0,0.005419
p113793,1,0.001843
p113794,0,0.002666
p113795,0,0.004105
p113796,0,0.004077
p113797,0,0.006810
p113798,0,0.001924
p113799,0,0.004284
p113801,0,0.009761
p113802,0,0.021846
p113803,0,0.003080
p113804,0,0.009342
p113805,0,0.007405
p113806,0,0.006044
p113807,0,0.012746
p113808,0,0.003013
p113809,0,0.007966
p113810,0,0.001912
p113811,0,0.069024
p113812,0,0.012371
p113813,0,0.024949
p113814,0,0.006166
p113815,0,0.003640
p113816,0,0.007739
p113817,0,0.013865
p113818,0,0.043985
p113819,0,0.003793
p113820,0,0.001583
p113821,0,0.004764
p113822,1,0.981803
p113823,0,0.006099
p113824,0,0.002211
p113825,0,0.003846
p113826,0,0.003805
p113827,0,0.001933
p113828,0,0.003730
p113829,0,0.004759
p113830,0,0.002237
p113831,0,0.007698
p113832,0,0.003720
p113833,0,0.002518
p113834,0,0.006861
p113835,0,0.003815
p113836,0,0.003399
p113837,0,0.002523
p113838,0,0.004521
p113839,0,0.005495
p113840,0,0.015499
p113841,0,0.002857
p113842,0,0.928008
p113843,0,0.007993
p113844,0,0.003672
p113845,0,0.002543
p113846,0,0.009111
p113847,0,0.002804
p113848,0,0.014873
p113849,0,0.040607
p113850,0,0.024458
p113851,0,0.003667
p113852,0,0.012512
p113853,0,0.002486
p113854,0,0.017504
p113855,0,0.001677
p113856,0,0.007303
p113857,0,0.003379
p113858,0,0.003539
p113859,0,0.053878
p113860,0,0.019278
p113861,0,0.018474
p113862,0,0.002897
p113863,0,0.003498
p113864,0,0.002042
p113865,0,0.001588
p113866,0,0.007360
p113867,0,0.002558
p113868,0,0.005029
p113869,0,0.002561
p113870,0,0.054509
p113871,0,0.004393
p113872,1,0.405336
p113873,0,0.005780
p113874,0,0.057687
p113875,0,0.001603
p113876,0,0.007311
p113877,0,0.001925
p113878,0,0.002503
p113879,0,0.029698
p113880,0,0.020923
p113881,0,0.002738
p113882,0,0.004365
p113883,0,0.004038
p113884,0,0.001583
p113885,0,0.002598
p113886,1,0.986917
p113887,1,0.004625
p113888,0,0.004610
p113889,0,0.002228
p113890,0,0.002405
p113891,0,0.024160
p113892,0,0.770286
p113893,0,0.091098
p113894,0,0.020621
p113895,0,0.002048
p113896,0,0.002588
p113897,1,0.991597
p113898,0,0.003576
p113899,0,0.008756
p113901,0,0.003790
p113902,0,0.002489
p113903,0,0.002703
p113904,0,0.006092
p113905,0,0.006709
p113906,0,0.003577
p113907,0,0.009036
p113908,0,0.003652
p113909,0,0.001763
p113910,0,0.005480
p113911,0,0.008324
p113912,0,0.011854
p113913,0,0.021261
p113914,0,0.021404
p113915,0,0.005468
p113916,0,0.007476
p113917,0,0.043770
p113918,0,0.008193
p113919,0,0.015902
p113920,0,0.004771
p113921,0,0.007752
p113922,0,0.006193
p113923,0,0.001821
p113924,0,0.002002
p113925,0,0.003743
p113926,0,0.007852
p113927,0,0.001959
p113928,0,0.006296
p113929,0,0.005513
p113931,0,0.004055
p113932,0,0.002878
p113933,0,0.004484
p113934,1,0.989744
p113935,0,0.002918
p113936,0,0.003376
p113937,0,0.001325
p113938,0,0.004085
p113939,0,0.004038
p113940,0,0.005305
p113941,0,0.003856
p113942,0,0.006782
p113943,0,0.008359
p113944,1,0.010631
p113945,0,0.004590
p113946,0,0.006257
p113947,0,0.012196
p113948,0,0.003762
p113949,0,0.001407
p113950,0,0.004868
p113951,0,0.005034
p113952,0,0.003119
p113953,0,0.007803
p113954,0,0.001527
p113955,0,0.002105
p113956,0,0.017787
p113957,0,0.013039
p113958,0,0.001421
p113959,0,0.018505
p113960,0,0.016089
p113961,1,0.004880
p113962,0,0.002446
p113963,0,0.002650
p113964,0,0.006073
p113965,0,0.002147
p113966,0,0.006524
p113968,0,0.088193
p113969,0,0.006524
p113970,0,0.010111
p113971,0,0.003715
p113972,0,0.026072
p113973,0,0.004007
p113974,0,0.008103
p113975,0,0.006571
p113977,0,0.002444
p113978,0,0.022517
p113979,0,0.012363
p113980,0,0.064277
p113981,0,0.001684
p113982,0,0.005795
p113983,0,0.008759
p113984,0,0.003797
p113985,1,0.003573
p113986,0,0.006723
p113987,0,0.004610
p113988,0,0.006146
p113989,0,0.009583
p113990,0,0.005482
p113991,0,0.003676
p113992,0,0.041295
p113993,0,0.002809
p113994,0,0.003895
p113995,0,0.003833
p113996,0,0.132809
p113997,0,0.009706
p113998,0,0.002269
p113999,0,0.002261
p114000,0,0.005636
p114001,0,0.004247
p114002,0,0.009625
p114003,0,0.001927
p114004,0,0.014360
p114005,0,0.005041
p114006,0,0.013403
p114007,0,0.002898
p114008,0,0.006873
p114009,0,0.001852
p114010,0,0.004142
p114011,0,0.004014
p114012,0,0.002089
p114013,0,0.017971
p114014,0,0.011653
p114015,0,0.003923
p114016,0,0.004825
p114017,0,0.043601
p114018,0,0.002538
p114019,0,0.005714
p114020,0,0.006879
p114021,0,0.002829
p114022,0,0.003652
p114023,0,0.008149
p114024,0,0.003667
p114025,0,0.061569
p114026,0,0.003366
p114027,0,0.004198
p114028,0,0.002540
p114029,0,0.002651
p114030,0,0.011609
p114031,0,0.002177
p114032,0,0.003328
p114033,0,0.033073
p114034,0,0.001972
p114035,0,0.005290
p114036,0,0.004191
p114037,0,0.096114
p114038,0,0.002019
p114039,0,0.001615
p114040,0,0.002946
p114041,0,0.005131
p114042,0,0.007431
p114043,0,0.007425
p114044,0,0.047370
p114045,0,0.009142
p114046,0,0.073662
p114047,0,0.018325
p114048,0,0.021310
p114049,0,0.137578
p114050,0,0.008592
p114051,0,0.005455
p114052,0,0.003532
p114053,0,0.003229
p114054,0,0.991292
p114055,0,0.006773
p114056,0,0.003858
p114057,0,0.011342
p114058,0,0.003359
p114059,0,0.009362
p114060,0,0.002415
p114061,0,0.029807
p114062,0,0.017941
p114063,0,0.002349
p114064,0,0.012593
p114065,0,0.001201
p114066,0,0.029053
p114067,0,0.001620
p114068,0,0.003667
p114069,0,0.004396
p114070,0,0.001318
p114071,0,0.003827
p114072,0,0.002190
p114073,0,0.002330
p114074,0,0.008656
p114075,0,0.004795
p114076,0,0.003749
p114077,0,0.011751
p114078,0,0.005882
p114079,0,0.016616
p114080,0,0.024166
p114081,0,0.005236
p114082,0,0.003102
p114083,0,0.029771
p114084,0,0.012676
p114085,0,0.011644
p114086,0,0.007132
p114087,0,0.004787
p114088,0,0.023669
p114089,0,0.013414
p114090,0,0.002685
p114091,0,0.003579
p114092,0,0.036698
p114093,0,0.017321
p114094,0,0.033362
p114095,0,0.005514
p114096,0,0.028075
p114097,0,0.004293
p114098,0,0.226116
p114099,0,0.004659
p114100,1,0.992516
p114101,0,0.007362
p114102,0,0.004047
p114103,0,0.013258
p114104,0,0.002724
p114105,0,0.009216
p114106,0,0.003494
p114107,0,0.002292
p114108,1,0.007605
p114109,1,0.073616
p114110,0,0.007810
p114111,0,0.001877
p114112,0,0.003366
p114113,1,0.990954
p114114,0,0.006795
p114115,0,0.010074
p114116,0,0.012338
p114117,0,0.006518
p114118,0,0.017155
p114119,0,0.003313
p114120,0,0.005075
p114121,0,0.003666
p114122,0,0.004338
p114123,0,0.008147
p114124,0,0.006104
p114125,0,0.003801
p114126,0,0.008418
p114127,1,0.989553
p114128,0,0.003385
p114129,0,0.002119
p114130,0,0.319181
p114131,0,0.008558
p114132,0,0.002465
p114133,0,0.007517
p114134,0,0.007464
p114135,0,0.003189
p114136,0,0.972878
p114137,0,0.001579
p114138,0,0.015874
p114139,0,0.003165
p114140,0,0.004328
p114141,0,0.012474
p114142,0,0.001298
p114143,0,0.002807
p114144,0,0.027930
p114145,0,0.004759
p114146,0,0.002010
p114147,0,0.002958
p114148,0,0.002990
p114149,0,0.013175
p114150,0,0.002181
p114151,0,0.001910
p114152,0,0.003303
p114153,0,0.006098
p114154,0,0.003689
p114155,0,0.003739
p114156,0,0.002379
p114157,0,0.003328
p114158,0,0.002756
p114159,0,0.007200
p114160,0,0.001630
p114161,0,0.002348
p114162,0,0.002397
p114163,0,0.013262
p114164,0,0.010872
p114165,1,0.990008
p114166,0,0.002538
p114167,0,0.001690
p114168,0,0.965108
p114169,0,0.011599
p114170,0,0.002774
p114171,0,0.007564
p114172,0,0.005119
p114173,0,0.003183
p114174,0,0.025899
p114175,0,0.003732
p114176,0,0.005922
p114177,0,0.002983
p114178,0,0.008087
p114179,0,0.004115
p114180,0,0.014946
p114181,1,0.987653
p114182,0,0.004249
p114183,0,0.002192
p114184,0,0.092581
p114185,0,0.004292
p114186,0,0.001996
p114187,1,0.787076
p114188,0,0.004233
p114189,0,0.006699
p114190,0,0.007189
p114191,0,0.007078
p114192,0,0.002378
p114193,0,0.006203
p114194,0,0.002419
p114195,0,0.016679
p114196,0,0.002187
p114197,0,0.011820
p114198,0,0.005998
p114199,0,0.017518
p114200,0,0.006144
p114201,0,0.992751
p114202,1,0.034843
p114203,0,0.001382
p114204,0,0.003694
p114205,0,0.010115
p114206,0,0.011231
p114207,0,0.015042
p114208,0,0.004971
p114209,0,0.210993
p114210,0,0.004518
p114211,0,0.005174
p114212,0,0.003325
p114213,0,0.006203
p114214,0,0.005680
p114215,0,0.005062
p114216,0,0.002817
p114217,0,0.003848
p114218,0,0.012116
p114219,0,0.003954
p114220,0,0.003396
p114221,0,0.005812
p114222,0,0.002578
p114223,0,0.006272
p114224,0,0.001409
p114225,0,0.005183
p114226,0,0.002301
p114227,0,0.002999
p114228,0,0.003800
p114229,0,0.002853
p114230,0,0.002561
p114231,0,0.006710
p114232,0,0.037394
p114233,0,0.004786
p114234,0,0.010689
p114235,0,0.005958
p114236,0,0.009602
p114237,0,0.018518
p114238,0,0.004128
p114240,0,0.003710
p114241,0,0.001816
p114242,0,0.005824
p114243,0,0.017841
p114244,0,0.003824
p114245,0,0.006300
p114246,0,0.006633
p114247,0,0.026304
p114248,0,0.278608
p114249,0,0.001595
p114250,0,0.001431
p114251,0,0.004567
p114252,0,0.002987
p114253,0,0.004877
p114254,0,0.002936
p114256,0,0.003251
p114257,0,0.992144
p114258,0,0.002195
p114259,0,0.003716
p114260,1,0.175221
p114261,0,0.006686
p114262,0,0.007234
p114263,0,0.003762
p114264,0,0.022765
p114265,0,0.004226
p114266,0,0.002341
p114267,0,0.006523
p114268,0,0.010592
p114269,0,0.004899
p114270,0,0.006638
p114271,0,0.001268
p114272,0,0.002634
p114273,0,0.984366
p114274,0,0.001658
p114275,0,0.008393
p114276,1,0.621038
p114277,0,0.004527
p114278,0,0.006421
p114279,0,0.012594
p114280,0,0.001813
p114281,0,0.002055
p114282,0,0.001789
p114283,0,0.010310
p114284,0,0.002396
p114285,0,0.002918
p114286,0,0.023377
p114287,0,0.003289
p114288,0,0.003334
p114289,0,0.005555
p114290,0,0.014846
p114291,0,0.004135
p114292,0,0.002991
p114293,0,0.003723
p114294,0,0.007560
p114295,1,0.971949
p114296,0,0.003292
p114297,0,0.001261
p114298,0,0.018104
p114299,0,0.001345
p114300,0,0.010927
p114301,0,0.003236
p114302,0,0.010049
p114303,0,0.001854
p114304,0,0.002038
p114305,0,0.005017
p114306,0,0.002795
p114307,0,0.002447
p114308,0,0.006074
p114309,0,0.992444
p114310,0,0.002443
p114311,0,0.006937
p114312,0,0.010568
p114313,0,0.003559
p114314,0,0.030877
p114315,1,0.993486
p114316,0,0.004096
p114317,0,0.003509
p114318,0,0.014241
p114319,0,0.003733
p114320,0,0.002588
p114321,0,0.005190
p114322,0,0.005424
p114323,0,0.003573
p114324,0,0.008752
p114325,0,0.001492
p114326,0,0.003064
p114327,0,0.006088
p114328,0,0.005165
p114329,0,0.002913
p114330,0,0.004823
p114331,0,0.024876
p114332,0,0.008863
p114333,0,0.003469
p114334,0,0.107794
p114335,0,0.001653
p114336,0,0.029216
p114337,0,0.003148
p114338,0,0.074025
p114339,0,0.003142
p114340,0,0.005582
p114341,0,0.278162
p114342,0,0.003079
p114343,0,0.002721
p114344,0,0.002187
p114345,0,0.010761
p114346,0,0.002056
p114347,0,0.005181
p114348,0,0.015155
p114349,0,0.009836
p114350,0,0.005870
p114351,0,0.002674
p114352,1,0.451538
p114353,0,0.003635
p114354,0,0.002818
p114355,0,0.002455
p114356,0,0.004441
p114357,0,0.001598
p114358,0,0.013334
p114359,0,0.005040
p114360,0,0.003341
p114361,0,0.005359
p114362,0,0.004434
p114363,0,0.002725
p114364,0,0.007546
p114365,0,0.001490
p114366,0,0.002141
p114367,0,0.003586
p114368,0,0.004964
p114369,0,0.002057
p114370,0,0.004047
p114371,0,0.002994
p114372,0,0.004130
p114373,0,0.006789
p114374,0,0.003286
p114375,0,0.016820
p114376,0,0.015487
p114377,0,0.022632
p114378,0,0.008282
p114379,0,0.004007
p114380,0,0.006812
p114381,0,0.021870
p114382,0,0.007149
p114383,0,0.016291
p114384,0,0.006382
p114385,0,0.004621
p114386,0,0.005487
p114387,1,0.978313
p114388,0,0.073040
p114389,0,0.003380
p114390,0,0.006251
p114391,0,0.004716
p114392,0,0.002938
p114393,0,0.021723
p114394,0,0.016506
p114395,0,0.011329
p114396,0,0.003872
p114397,1,0.989368
p114398,0,0.003644
p114399,0,0.041305
p114400,0,0.001393
p114401,0,0.002785
p114402,0,0.084145
p114403,0,0.002573
p114404,1,0.983942
p114405,0,0.003840
p114406,0,0.008574
p114407,0,0.049719
p114408,0,0.008081
p114409,0,0.004044
p114410,0,0.003275
p114411,0,0.003174
p114412,0,0.004064
p114413,0,0.005119
p114414,0,0.023243
p114415,0,0.003444
p114416,0,0.006054
p114417,0,0.007281
p114418,0,0.004387
p114419,0,0.008921
p114420,0,0.002698
p114421,1,0.612777
p114422,0,0.002357
p114423,0,0.006462
p114424,0,0.003383
p114425,0,0.004504
p114426,0,0.002981
p114427,0,0.005889
p114428,0,0.002679
p114429,0,0.003666
p114430,0,0.006149
p114431,0,0.001850
p114432,1,0.986176
p114433,0,0.003663
p114434,0,0.004920
p114435,1,0.207864
p114436,0,0.001865
p114437,0,0.001786
p114438,0,0.014199
p114439,0,0.020237
p114440,0,0.002165
p114441,0,0.010798
p114442,0,0.005126
p114443,0,0.002529
p114444,1,0.070981
p114445,0,0.002840
p114446,0,0.002293
p114447,0,0.005084
p114448,1,0.975970
p114449,0,0.002615
p114450,0,0.003817
p114451,0,0.005519
p114452,0,0.007855
p114453,0,0.007109
p114454,0,0.984432
p114455,0,0.016560
p114456,0,0.003493
p114457,0,0.003250
p114458,0,0.010123
p114459,0,0.006798
p114461,0,0.816343
p114462,0,0.005751
p114463,0,0.002533
p114464,1,0.990500
p114465,0,0.010793
p114466,0,0.003507
p114467,0,0.003940
p114468,0,0.003859
p114469,0,0.002594
p114470,0,0.002194
p114471,0,0.912266
p114472,0,0.006160
p114473,0,0.002198
p114474,0,0.006622
p114475,0,0.009070
p114476,0,0.006475
p114477,0,0.003907
p114478,0,0.002039
p114479,0,0.003572
p114480,0,0.002126
p114481,0,0.002782
p114482,0,0.006445
p114483,0,0.001244
p114484,0,0.001402
p114485,0,0.006974
p114486,0,0.007016
p114487,0,0.002745
p114488,0,0.019095
p114489,0,0.003939
p114490,0,0.029922
p114491,0,0.004651
p114492,0,0.004051
p114493,0,0.005566
p114494,0,0.007161
p114495,0,0.003121
p114496,0,0.001741
p114497,0,0.002468
p114498,0,0.005282
p114499,0,0.001723
p114500,0,0.007180
p114501,0,0.002304
p114502,0,0.007975
p114503,0,0.019691
p114504,0,0.004977
p114505,0,0.002044
p114506,0,0.002333
p114507,0,0.002559
p114508,0,0.004692
p114509,0,0.009542
p114510,0,0.009420
p114511,0,0.001316
p114512,0,0.002840
p114513,0,0.989580
p114514,0,0.023904
p114515,0,0.003040
p114516,0,0.003183
p114517,0,0.008463
p114518,1,0.993209
p114519,0,0.019273
p114520,0,0.014977
p114521,0,0.011455
p114522,0,0.020195
p114523,0,0.005238
p114524,0,0.013699
p114525,0,0.003436
p114526,0,0.001290
p114527,0,0.002031
p114528,0,0.007530
p114529,0,0.002056
p114530,0,0.010070
p114531,0,0.003929
p114532,0,0.103467
p114533,0,0.003667
p114534,0,0.001896
p114535,0,0.005560
p114536,0,0.002646
p114537,0,0.003300
p114538,0,0.017015
p114539,0,0.015630
p114540,0,0.090367
p114541,0,0.005469
p114542,0,0.002970
p114543,0,0.007536
p114544,0,0.006347
p114545,0,0.986100
p114546,0,0.004861
p114547,0,0.002631
p114548,0,0.018257
p114549,0,0.057959
p114550,0,0.001990
p114551,0,0.002449
p114552,0,0.016366
p114553,0,0.001822
p114554,0,0.005091
p114555,0,0.005883
p114556,0,0.001673
p114557,0,0.003256
p114558,0,0.005463
p114559,0,0.005400
p114560,0,0.003617
p114561,0,0.003471
p114562,0,0.007318
p114563,0,0.002344
p114564,0,0.014446
p114565,0,0.020129
p114566,0,0.025533
p114567,0,0.029868
p114568,1,0.011797
p114569,0,0.003923
p114570,0,0.011397
p114571,0,0.004937
p114572,0,0.015793
p114573,0,0.003784
p114574,0,0.004495
p114575,0,0.002075
p114576,0,0.003732
p114577,0,0.002706
p114578,0,0.002773
p114579,0,0.001376
p114580,0,0.009870
p114581,1,0.992106
p114582,0,0.002965
p114583,0,0.004483
p114584,0,0.001747
p114585,1,0.022703
p114586,0,0.003531
p114587,0,0.086353
p114588,0,0.003329
p114589,0,0.001676
p114590,0,0.005430
p114591,1,0.011536
p114592,0,0.011855
p114593,0,0.003007
p114594,0,0.002683
p114595,0,0.015580
p114596,0,0.149680
p114597,0,0.002388
p114598,1,0.965564
p114599,0,0.004929
p114600,0,0.014551
p114601,0,0.005997
p114602,0,0.002618
p114603,0,0.008487
p114604,0,0.003301
p114605,0,0.007041
p114606,0,0.004450
p114607,0,0.004553
p114608,0,0.062213
p114609,0,0.002425
p114610,0,0.001889
p114611,0,0.003079
p114612,0,0.001539
p114613,0,0.001567
p114614,0,0.002062
p114615,0,0.002341
p114616,0,0.009421
p114617,0,0.011105
p114618,0,0.002036
p114619,0,0.004037
p114620,0,0.008207
p114621,0,0.011765
p114622,0,0.010223
p114623,0,0.003570
p114624,0,0.009110
p114625,0,0.006492
p114626,0,0.003869
p114627,0,0.002419
p114628,0,0.003903
p114629,0,0.010794
p114630,0,0.002863
p114631,0,0.070335
p114632,0,0.004239
p114633,0,0.003356
p114634,0,0.003625
p114635,0,0.070540
p114636,0,0.002773
p114637,0,0.004157
p114638,1,0.083810
p114639,0,0.003917
p114640,0,0.001816
p114641,0,0.011348
p114642,0,0.002632
p114643,0,0.032565
p114644,0,0.003640
p114645,0,0.002211
p114646,0,0.006885
p114647,0,0.002894
p114648,0,0.002930
p114649,0,0.004464
p114650,0,0.001966
p114651,0,0.053245
p114652,0,0.004402
p114653,0,0.019581
p114654,0,0.020638
p114655,0,0.002135
p114656,0,0.002707
p114657,0,0.007311
p114658,0,0.002013
p114659,0,0.002673
p114660,0,0.010031
p114661,0,0.008828
p114662,0,0.005118
p114663,0,0.003015
p114664,0,0.002884
p114665,0,0.001507
p114666,0,0.002714
p114667,0,0.011600
p114668,0,0.003110
p114669,0,0.002633
p114670,0,0.018770
p114671,0,0.004706
p114672,0,0.002707
p114673,1,0.060752
p114674,0,0.004322
p114675,0,0.004285
p114676,0,0.003343
p114677,0,0.002745
p114678,0,0.005873
p114679,1,0.992165
p114680,0,0.002484
p114681,0,0.016045
p114682,0,0.016901
p114683,0,0.003590
p114684,0,0.002153
p114685,0,0.004041
p114686,0,0.002829
p114687,0,0.001852
p114688,0,0.002887
p114689,0,0.003378
p114690,0,0.001901
p114691,0,0.002414
p114692,0,0.005323
p114693,0,0.007080
p114694,0,0.002148
p114695,0,0.013419
p114696,0,0.007439
p114697,0,0.004464
p114698,0,0.068074
p114699,0,0.004951
p114700,0,0.004225
p114701,0,0.002530
p114702,0,0.002495
p114703,0,0.002139
p114704,0,0.002065
p114705,0,0.002369
p114706,0,0.014078
p114707,0,0.004683
p114708,0,0.006804
p114709,0,0.006914
p114710,1,0.296600
p114711,0,0.001493
p114712,0,0.004358
p114713,0,0.003453
p114714,0,0.019162
p114715,0,0.009466
p114716,0,0.005072
p114717,0,0.006693
p114718,0,0.004508
p114719,0,0.038796
p114720,0,0.007398
p114721,0,0.013186
p114722,0,0.016534
p114723,0,0.006413
p114724,0,0.003590
p114725,0,0.004772
p114726,0,0.022761
p114727,0,0.010399
p114728,0,0.009302
p114729,0,0.002839
p114731,0,0.003370
p114732,0,0.002050
p114733,0,0.013194
p114734,0,0.001101
p114735,0,0.004637
p114736,0,0.004426
p114737,0,0.004825
p114738,0,0.001841
p114739,0,0.003970
p114740,0,0.006159
p114741,0,0.002249
p114742,0,0.003189
p114743,0,0.008931
p114744,0,0.007584
p114745,0,0.007208
p114746,0,0.009142
p114747,0,0.006919
p114748,0,0.003923
p114749,0,0.003834
p114750,0,0.006794
p114751,0,0.002516
p114752,0,0.023130
p114753,0,0.003968
p114754,0,0.004675
p114755,0,0.006370
p114756,0,0.049874
p114757,0,0.002339
p114758,0,0.010051
p114759,0,0.009348
p114760,0,0.004948
p114761,0,0.033697
p114762,0,0.002596
p114763,0,0.006113
p114764,0,0.057213
p114765,0,0.005105
p114766,0,0.031474
p114767,0,0.005408
p114768,0,0.002230
p114769,0,0.008441
p114770,0,0.003220
p114771,0,0.003866
p114772,0,0.001236
p114773,0,0.005808
p114774,0,0.018085
p114775,1,0.991899
p114776,0,0.381420
p114777,0,0.007925
p114778,0,0.013437
p114779,1,0.987110
p114780,0,0.004559
p114781,0,0.002125
p114782,0,0.020317
p114783,0,0.009115
p114784,0,0.002565
p114785,0,0.003385
p114786,0,0.056994
p114787,0,0.007976
p114788,0,0.002798
p114789,0,0.016143
p114790,0,0.004420
p114791,0,0.002220
p114792,0,0.016738
p114793,0,0.003140
p114794,0,0.001902
p114795,0,0.003052
p114796,0,0.001458
p114797,0,0.012281
p114798,0,0.050594
p114799,1,0.299819
p114800,0,0.002424
p114801,0,0.004976
p114803,0,0.990969
p114804,0,0.003673
p114805,0,0.011606
p114806,0,0.002901
p114807,0,0.004563
p114808,0,0.004484
p114809,0,0.003033
p114810,0,0.005388
p114811,0,0.010722
p114812,0,0.005191
p114813,0,0.003094
p114814,0,0.009987
p114815,0,0.015557
p114816,0,0.002545
p114817,0,0.006124
p114818,0,0.003954
p114819,0,0.001498
p114820,0,0.005160
p114821,0,0.005054
p114822,0,0.002628
p114823,0,0.002355
p114824,0,0.002940
p114825,0,0.023283
p114826,0,0.004331
p114827,0,0.002414
p114828,0,0.003549
p114829,0,0.002580
p114830,1,0.991341
p114831,0,0.027713
p114832,0,0.032741
p114833,0,0.003869
p114834,0,0.001759
p114835,0,0.003032
p114836,0,0.002765
p114837,0,0.001971
p114838,0,0.005779
p114839,0,0.019129
p114840,0,0.004064
p114841,0,0.011020
p114842,0,0.002507
p114843,0,0.006568
p114844,0,0.002358
p114845,0,0.003420
p114846,0,0.004367
p114847,0,0.003518
p114848,0,0.005652
p114849,0,0.012043
p114850,0,0.017484
p114851,0,0.003264
p114852,0,0.018616
p114853,0,0.006643
p114854,0,0.002757
p114855,0,0.002605
p114856,0,0.001871
p114857,0,0.023102
p114859,0,0.005869
p114860,0,0.012045
p114861,0,0.022594
p114862,0,0.002801
p114863,0,0.007109
p114864,1,0.111740
p114865,0,0.003411
p114866,0,0.018424
p114867,0,0.001409
p114868,0,0.017342
p114869,0,0.005143
p114870,0,0.008322
p114871,0,0.003045
p114872,0,0.003452
p114873,0,0.010741
p114874,0,0.002247
p114875,0,0.043324
p114876,0,0.004619
p114877,0,0.003875
p114878,0,0.003541
p114879,0,0.001659
p114880,0,0.005259
p114881,0,0.004128
p114882,0,0.011432
p114883,1,0.993277
p114884,0,0.001901
p114885,0,0.059705
p114886,0,0.003464
p114887,0,0.003581
p114888,0,0.004176
p114889,0,0.003133
p114890,0,0.003375
p114891,0,0.001740
p114892,0,0.022577
p114893,1,0.989637
p114894,0,0.003977
p114895,0,0.002724
p114896,0,0.005671
p114897,0,0.009763
p114898,0,0.002053
p114899,0,0.007738
p114900,0,0.003507
p114901,0,0.004328
p114902,0,0.006801
p114903,0,0.005556
p114904,0,0.014129
p114905,0,0.003226
p114906,0,0.001485
p114907,0,0.002700
p114908,0,0.008553
p114909,0,0.036195
p114910,0,0.002036
p114911,0,0.002186
p114912,0,0.344842
p114913,0,0.006642
p114914,0,0.005046
p114915,0,0.001858
p114916,0,0.007820
p114917,1,0.980542
p114918,0,0.004217
p114919,0,0.006425
p114920,0,0.005012
p114921,0,0.006794
p114922,0,0.015774
p114923,0,0.003092
p114924,0,0.003836
p114925,0,0.005040
p114926,0,0.003115
p114927,0,0.002637
p114928,0,0.008582
p114929,0,0.023589
p114930,0,0.126362
p114931,0,0.017988
p114932,0,0.004052
p114933,0,0.005810
p114934,0,0.004054
p114935,0,0.005104
p114936,0,0.001338
p114937,1,0.111693
p114938,0,0.006487
p114939,0,0.011486
p114940,0,0.003303
p114942,0,0.004473
p114943,0,0.003272
p114944,0,0.005174
p114946,0,0.002449
p114947,0,0.003173
p114948,0,0.031639
p114949,0,0.038834
p114950,0,0.005733
p114951,0,0.001302
p114952,0,0.002429
p114953,0,0.001972
p114954,0,0.002884
p114955,0,0.012782
p114956,0,0.006366
p114957,0,0.007868
p114958,0,0.009360
p114959,0,0.015388
p114960,0,0.007079
p114961,0,0.010231
p114962,0,0.004698
p114963,0,0.003006
p114964,0,0.004985
p114965,0,0.002714
p114967,0,0.002939
p114968,0,0.003521
p114969,0,0.005124
p114970,0,0.015269
p114971,0,0.018217
p114972,0,0.004310
p114973,0,0.003129
p114974,0,0.990787
p114975,0,0.002645
p114976,0,0.002020
p114977,0,0.491908
p114978,0,0.006595
p114979,0,0.192901
p114980,0,0.001920
p114981,0,0.047936
p114982,0,0.009746
p114983,0,0.032483
p114984,0,0.012122
p114985,0,0.035068
p114986,0,0.008918
p114987,0,0.003761
p114988,0,0.007652
p114989,0,0.003387
p114990,0,0.005237
p114991,0,0.001705
p114992,0,0.002307
p114993,0,0.002077
p114994,0,0.036617
p114995,0,0.002311
p114996,0,0.001622
p114997,1,0.005117
p114998,0,0.006998
p114999,0,0.002348
p115000,0,0.005798
p115001,0,0.002933
p115002,0,0.010737
p115003,0,0.008731
p115004,0,0.002939
p115005,0,0.050187
p115006,0,0.003130
p115007,0,0.011173
p115008,0,0.002211
p115009,0,0.004951
p115010,0,0.003040
p115011,0,0.002632
p115012,0,0.008158
p115013,0,0.005944
p115014,0,0.002415
p115015,0,0.005635
p115016,0,0.003001
p115017,0,0.006346
p115018,0,0.003516
p115019,0,0.006520
p115020,0,0.002348
p115021,0,0.004390
p115022,0,0.002283
p115023,0,0.003317
p115024,0,0.004838
p115025,0,0.005400
p115026,0,0.002048
p115027,0,0.009461
p115028,0,0.004587
p115029,0,0.002448
p115030,0,0.002426
p115031,1,0.003438
p115032,0,0.003360
p115033,0,0.006695
p115034,0,0.004508
p115035,0,0.005605
p115036,0,0.018007
p115037,0,0.002763
p115038,0,0.003581
p115039,0,0.003652
p115040,0,0.008768
p115041,0,0.023485
p115042,1,0.101952
p115043,0,0.004911
p115044,0,0.002552
p115045,0,0.002783
p115046,0,0.005073
p115047,0,0.005183
p115048,0,0.003725
p115049,0,0.002219
p115050,0,0.002678
p115051,0,0.045933
p115052,0,0.022652
p115053,0,0.022256
p115054,0,0.041793
p115055,0,0.001275
p115056,0,0.017991
p115057,0,0.001728
p115058,0,0.008065
p115059,0,0.003944
p115060,0,0.001951
p115061,0,0.007276
p115062,0,0.010352
p115063,0,0.003434
p115064,0,0.001955
p115065,0,0.006279
p115067,0,0.003809
p115068,0,0.002149
p115069,0,0.002709
p115070,0,0.020065
p115071,0,0.008688
p115072,0,0.040409
p115073,0,0.005319
p115074,0,0.002863
p115075,1,0.986949
p115076,0,0.009305
p115077,0,0.003472
p115078,0,0.007162
p115079,0,0.001988
p115080,0,0.004830
p115081,0,0.032327
p115082,0,0.004130
p115083,0,0.002655
p115084,0,0.004760
p115085,0,0.002402
p115086,0,0.002431
p115087,0,0.004532
p115088,0,0.089124
p115089,0,0.007135
p115090,0,0.003496
p115091,0,0.003745
p115092,0,0.007839
p115093,0,0.008723
p115094,0,0.003357
p115095,0,0.019508
p115096,0,0.024999
p115097,0,0.004279
p115098,0,0.009474
p115099,0,0.003356
p115100,0,0.017172
p115101,0,0.004338
p115102,0,0.007705
p115103,0,0.004514
p115104,0,0.002258
p115105,0,0.009622
p115106,0,0.006407
p115107,0,0.004599
p115108,0,0.001941
p115109,0,0.008145
p115110,0,0.007923
p115111,0,0.991394
p115112,0,0.041978
p115113,0,0.003749
p115114,0,0.004007
p115115,0,0.002693
p115116,0,0.004269
p115117,0,0.002183
p115118,0,0.004019
p115119,0,0.001511
p115120,0,0.003028
p115121,0,0.014985
p115122,0,0.009124
p115123,0,0.002643
p115124,0,0.014864
p115125,0,0.003227
p115126,0,0.002851
p115127,0,0.009678
p115128,0,0.008615
p115129,0,0.001694
p115130,0,0.001422
p115131,0,0.014387
p115132,0,0.003417
p115133,0,0.006129
p115134,0,0.002818
p115135,0,0.033130
p115136,0,0.001552
p115137,1,0.009162
p115138,0,0.011171
p115140,0,0.012593
p115141,0,0.002144
p115142,0,0.002094
p115143,0,0.001831
p115144,0,0.001616
p115145,0,0.001773
p115146,0,0.005690
p115147,0,0.003317
p115148,0,0.003056
p115149,0,0.103434
p115150,0,0.004350
p115151,0,0.002439
p115152,0,0.001707
p115153,0,0.085960
p115154,0,0.008848
p115155,0,0.010886
p115156,0,0.001928
p115157,0,0.003814
p115158,1,0.990767
p115159,0,0.009136
p115160,0,0.006651
p115161,0,0.010519
p115162,1,0.734778
p115163,0,0.001459
p115164,0,0.002900
p115165,0,0.148938
p115166,0,0.002732
p115167,0,0.002719
p115168,0,0.010228
p115169,1,0.004402
p115170,0,0.002836
p115171,0,0.012968
p115172,0,0.014921
p115173,0,0.009425
p115174,0,0.005057
p115175,0,0.002762
p115176,0,0.004586
p115177,0,0.004283
p115178,0,0.001773
p115179,0,0.017732
p115180,0,0.001590
p115181,0,0.005097
p115182,0,0.002473
p115183,0,0.004689
p115184,1,0.992286
p115185,0,0.003250
p115186,0,0.003626
p115187,0,0.005798
p115188,0,0.002667
p115189,0,0.006240
p115190,1,0.838018
p115191,0,0.010880
p115192,0,0.643096
p115193,0,0.001949
p115194,0,0.005350
p115195,0,0.006627
p115196,0,0.008783
p115197,0,0.002239
p115198,0,0.004305
p115199,1,0.990557
p115200,0,0.018449
p115201,0,0.004090
p115202,0,0.027518
p115203,0,0.005582
p115204,0,0.002665
p115205,0,0.005858
p115206,0,0.002304
p115207,0,0.002237
p115208,0,0.002800
p115209,0,0.003936
p115210,0,0.004748
p115211,0,0.003283
p115212,0,0.002410
p115213,0,0.004478
p115214,1,0.007202
p115215,0,0.007139
p115216,0,0.002875
p115217,0,0.002253
p115218,0,0.003930
p115219,0,0.029705
p115220,0,0.014867
p115221,0,0.075894
p115222,0,0.006120
p115223,0,0.990167
p115224,0,0.363875
p115225,0,0.008189
p115226,0,0.006342
p115227,0,0.003490
p115228,0,0.036742
p115229,0,0.002531
p115230,0,0.003677
p115232,0,0.006018
p115233,0,0.012766
p115234,0,0.005806
p115235,0,0.010705
p115236,0,0.002015
p115237,0,0.002077
p115238,0,0.002995
p115239,0,0.006364
p115240,0,0.001860
p115241,0,0.051586
p115242,0,0.002025
p115243,0,0.002259
p115244,0,0.002407
p115245,0,0.002870
p115246,0,0.003169
p115247,0,0.007104
p115248,0,0.001362
p115249,0,0.002605
p115250,0,0.006057
p115251,0,0.004606
p115252,0,0.001935
p115253,0,0.007874
p115254,0,0.003134
p115255,0,0.006890
p115256,0,0.003156
p115257,0,0.005564
p115258,0,0.129866
p115259,0,0.005014
p115260,0,0.025944
p115261,1,0.337054
p115262,0,0.006005
p115263,0,0.002673
p115264,0,0.002862
p115265,0,0.004642
p115266,0,0.034239
p115267,0,0.003973
p115268,0,0.001886
p115269,0,0.004526
p115270,0,0.003181
p115271,0,0.003336
p115272,0,0.011198
p115273,0,0.010312
p115274,0,0.016444
p115275,0,0.003690
p115276,0,0.011309
p115277,0,0.004036
p115278,0,0.004686
p115279,0,0.011226
p115280,0,0.003036
p115281,0,0.006349
p115282,0,0.005598
p115283,0,0.011735
p115284,0,0.003764
p115286,0,0.010044
p115287,0,0.002151
p115288,0,0.002801
p115289,0,0.005191
p115290,0,0.004561
p115291,0,0.006292
p115292,0,0.016004
p115293,0,0.667040
p115294,0,0.002773
p115295,0,0.003879
p115296,0,0.049721
p115297,0,0.009222
p115298,0,0.006877
p115299,0,0.082627
p115300,0,0.003014
p115301,0,0.004246
p115302,0,0.001565
p115303,0,0.011434
p115304,0,0.012496
p115305,0,0.015856
p115306,0,0.002527
p115307,0,0.001383
p115308,0,0.002462
p115309,0,0.034970
p115310,0,0.002445
p115311,0,0.013373
p115312,0,0.015129
p115313,0,0.003118
p115314,0,0.001592
p115315,0,0.153191
p115316,0,0.002410
p115317,0,0.006310
p115318,0,0.003204
p115319,0,0.003825
p115320,0,0.001875
p115321,0,0.003344
p115322,0,0.025727
p115323,0,0.004745
p115324,0,0.003773
p115325,0,0.001375
p115326,0,0.002150
p115327,0,0.002489
p115328,0,0.002444
p115329,0,0.014808
p115330,0,0.004960
p115331,0,0.003234
p115332,0,0.002610
p115333,0,0.005380
p115334,0,0.001276
p115335,0,0.004116
p115336,0,0.015268
p115337,0,0.005089
p115338,0,0.019854
p115339,0,0.004014
p115340,0,0.984305
p115341,0,0.003774
p115342,0,0.004212
p115343,0,0.002891
p115344,0,0.004052
p115345,0,0.006507
p115346,0,0.029664
p115347,0,0.004678
p115348,0,0.003563
p115349,0,0.002473
p115350,0,0.005617
p115351,0,0.003115
p115352,0,0.006352
p115353,0,0.002874
p115354,0,0.003506
p115355,0,0.004264
p115356,0,0.033144
p115357,0,0.004927
p115358,0,0.002981
p115359,0,0.007008
p115360,0,0.002424
p115361,0,0.005720
p115362,0,0.008893
p115363,0,0.001938
p115364,1,0.018656
p115365,0,0.016095
p115366,0,0.003778
p115367,0,0.003394
p115368,0,0.001728
p115369,0,0.003867
p115370,0,0.003566
p115371,0,0.008772
p115372,0,0.003286
p115373,0,0.002815
p115374,0,0.003743
p115375,0,0.001746
p115376,0,0.005649
p115377,0,0.004424
p115378,0,0.001972
p115379,0,0.004922
p115380,1,0.988731
p115381,0,0.078973
p115382,0,0.006915
p115383,0,0.004253
p115384,0,0.003504
p115385,0,0.002557
p115386,0,0.002127
p115387,0,0.004774
p115388,0,0.002637
p115389,1,0.974735
p115390,0,0.008250
p115391,0,0.003087
p115392,0,0.004531
p115393,0,0.007909
p115394,0,0.013346
p115396,0,0.004460
p115397,0,0.003937
p115398,0,0.003676
p115399,0,0.002284
p115400,0,0.044144
p115401,0,0.019489
p115402,0,0.009782
p115403,0,0.004910
p115404,0,0.001915
p115405,0,0.002900
p115406,0,0.005362
p115407,0,0.002488
p115408,1,0.044476
p115409,0,0.019510
p115410,0,0.014426
p115411,0,0.012568
p115412,0,0.346270
p115413,0,0.001814
p115414,0,0.002020
p115415,0,0.988132
p115416,0,0.002728
p115417,0,0.004315
p115418,0,0.007108
p115419,0,0.009325
p115420,0,0.005627
p115421,0,0.424483
p115422,0,0.020462
p115423,0,0.005835
p115424,0,0.006374
p115425,0,0.015886
p115426,0,0.003325
p115427,0,0.002526
p115428,0,0.008903
p115429,0,0.004443
p115430,0,0.004229
p115431,0,0.002944
p115432,0,0.009098
p115433,0,0.005336
p115434,0,0.013392
p115435,0,0.014720
p115436,0,0.005691
p115437,0,0.021648
p115438,0,0.011213
p115439,0,0.003203
p115440,0,0.008398
p115441,1,0.055710
p115442,0,0.005380
p115443,0,0.014758
p115444,0,0.001963
p115445,0,0.986834
p115446,0,0.003027
p115447,0,0.002195
p115448,0,0.001776
p115449,0,0.002672
p115450,0,0.007074
p115451,0,0.003843
p115452,0,0.003284
p115453,0,0.005245
p115454,0,0.002594
p115455,0,0.012783
p115456,0,0.001475
p115457,0,0.008647
p115458,0,0.002118
p115459,0,0.001878
p115460,0,0.002271
p115461,0,0.007759
p115462,0,0.002451
p115463,1,0.983336
p115464,0,0.002973
p115465,0,0.037204
p115466,0,0.001798
p115467,0,0.002740
p115468,0,0.011503
p115469,0,0.004780
p115470,0,0.017114
p115471,0,0.002412
p115472,0,0.004719
p115473,0,0.008580
p115474,0,0.002715
p115475,0,0.002623
p115476,0,0.005380
p115477,0,0.005593
p115478,0,0.015869
p115479,0,0.007656
p115480,0,0.002952
p115481,0,0.003841
p115482,0,0.008164
p115483,0,0.002514
p115484,0,0.007120
p115485,0,0.001637
p115486,0,0.014971
p115487,1,0.001777
p115488,0,0.017447
p115490,0,0.003701
p115491,0,0.012245
p115492,0,0.001234
p115493,0,0.001880
p115494,0,0.005807
p115495,0,0.005373
p115496,0,0.011836
p115497,0,0.002221
p115498,0,0.007905
p115499,0,0.005631
p115500,0,0.049209
p115501,0,0.002492
p115502,0,0.008888
p115503,0,0.006766
p115504,0,0.037358
p115505,0,0.003467
p115506,0,0.003496
p115507,0,0.002722
p115508,0,0.004712
p115509,0,0.005144
p115510,0,0.007449
p115511,0,0.006635
p115512,0,0.005326
p115513,0,0.006815
p115514,0,0.002513
p115515,0,0.041998
p115516,0,0.002728
p115517,0,0.003855
p115518,0,0.009007
p115519,0,0.001893
p115520,0,0.002052
p115521,0,0.003380
p115522,0,0.003139
p115523,0,0.001954
p115524,0,0.014889
p115525,0,0.001867
p115527,1,0.004728
p115528,0,0.006593
p115529,0,0.012131
p115530,0,0.001926
p115531,0,0.013677
p115532,0,0.015746
p115533,0,0.011970
p115534,0,0.002874
p115535,0,0.003509
p115536,1,0.993209
p115537,0,0.003704
p115538,0,0.003141
p115539,0,0.330039
p115540,0,0.003313
p115541,0,0.008138
p115542,0,0.011634
p115543,0,0.003681
p115544,0,0.001404
p115545,0,0.006999
p115546,0,0.003093
p115547,0,0.010089
p115548,0,0.018998
p115549,0,0.005234
p115550,0,0.009649
p115551,0,0.005317
p115552,0,0.002965
p115553,0,0.003791
p115554,0,0.002085
p115555,0,0.007247
p115556,0,0.002120
p115557,0,0.005565
p115558,0,0.002841
p115559,0,0.002411
p115560,0,0.001668
p115561,0,0.002226
p115562,0,0.002787
p115563,0,0.011027
p115564,0,0.007042
p115565,0,0.001830
p115566,0,0.004894
p115567,0,0.006612
p115568,0,0.005537
p115569,0,0.004832
p115570,0,0.002054
p115571,0,0.003528
p115572,0,0.002565
p115573,0,0.001769
p115574,0,0.004005
p115575,0,0.003236
p115576,0,0.002290
p115577,0,0.010910
p115578,0,0.003169
p115579,0,0.003991
p115580,0,0.010581
p115581,0,0.169667
p115582,0,0.009291
p115583,0,0.007981
p115584,0,0.002046
p115586,0,0.003131
p115588,0,0.003777
p115589,0,0.004931
p115590,0,0.004079
p115591,0,0.989969
p115592,0,0.009887
p115593,0,0.974874
p115594,1,0.971836
p115595,1,0.010207
p115596,0,0.009776
p115597,0,0.005904
p115598,0,0.003938
p115599,0,0.002141
p115600,0,0.075265
p115601,0,0.003346
p115602,0,0.004635
p115603,0,0.002998
p115605,0,0.023035
p115606,0,0.002036
p115607,0,0.266277
p115608,0,0.004686
p115609,0,0.026685
p115610,0,0.002242
p115611,0,0.003876
p115612,0,0.005792
p115613,0,0.028386
p115614,0,0.004716
p115615,0,0.005598
p115616,0,0.001955
p115617,0,0.003748
p115618,0,0.017814
p115619,0,0.021719
p115620,0,0.003633
p115621,0,0.001688
p115622,0,0.004808
p115623,0,0.029585
p115624,1,0.033477
p115625,1,0.049300
p115627,1,0.989283
p115628,0,0.002462
p115629,0,0.004152
p115630,0,0.010263
p115631,0,0.003095
p115632,0,0.012197
p115633,1,0.987001
p115634,0,0.042578
p115635,0,0.003871
p115636,1,0.022245
p115637,0,0.006538
p115638,0,0.005157
p115639,0,0.015277
p115640,0,0.044917
p115641,0,0.001904
p115642,0,0.007216
p115643,0,0.009608
p115644,0,0.004354
p115646,0,0.016426
p115647,0,0.012103
p115648,0,0.003329
p115649,0,0.015159
p115651,0,0.002343
p115652,0,0.005072
p115653,0,0.002237
p115654,0,0.003695
p115655,0,0.207473
p115656,0,0.002604
p115657,0,0.004266
p115658,0,0.002785
p115659,0,0.002512
p115660,0,0.002740
p115661,0,0.002069
p115662,0,0.003956
p115663,0,0.012076
p115664,0,0.004072
p115665,0,0.006330
p115666,0,0.032643
p115667,0,0.004273
p115668,0,0.007376
p115669,0,0.002533
p115670,0,0.028222
p115671,0,0.002566
p115672,0,0.001975
p115673,0,0.613099
p115674,0,0.003907
p115675,0,0.004010
p115676,0,0.003297
p115677,0,0.006400
p115678,0,0.003617
p115679,0,0.002372
p115680,0,0.002993
p115681,0,0.003022
p115682,0,0.005772
p115683,0,0.009867
p115684,0,0.006587
p115685,0,0.003696
p115687,0,0.005711
p115688,0,0.005062
p115689,0,0.001480
p115690,0,0.003266
p115691,0,0.001908
p115692,0,0.008252
p115693,0,0.002245
p115694,0,0.005867
p115695,0,0.005992
p115696,0,0.004483
p115697,0,0.006779
p115698,0,0.004276
p115699,0,0.003562
p115700,0,0.009449
p115701,0,0.009472
p115702,0,0.003897
p115703,0,0.005157
p115704,0,0.004612
p115705,0,0.003973
p115706,0,0.017100
p115707,0,0.003866
p115708,0,0.006140
p115709,0,0.003322
p115710,0,0.002957
p115711,0,0.012354
p115712,0,0.002529
p115713,0,0.004848
p115714,0,0.001633
p115715,0,0.001909
p115716,0,0.001651
p115717,0,0.001297
p115718,0,0.002868
p115719,0,0.005917
p115720,0,0.007022
p115721,0,0.003786
p115722,0,0.002909
p115723,0,0.002534
p115724,0,0.002108
p115725,0,0.021603
p115726,0,0.003711
p115727,0,0.002310
p115728,0,0.002665
p115729,0,0.002138
p115730,0,0.003640
p115731,0,0.015949
p115732,0,0.018742
p115733,0,0.012800
p115734,0,0.002545
p115735,0,0.428145
p115736,0,0.014056
p115737,0,0.006502
p115738,0,0.006533
p115739,0,0.003338
p115740,0,0.002899
p115741,0,0.001048
p115742,1,0.025246
p115743,1,0.006312
p115744,0,0.005678
p115745,0,0.006774
p115746,0,0.005041
p115747,0,0.010927
p115748,0,0.510845
p115749,0,0.004054
p115750,0,0.005270
p115751,0,0.037807
p115752,0,0.001613
p115753,0,0.006285
p115754,0,0.059766
p115755,0,0.002062
p115756,0,0.001561
p115757,0,0.008432
p115758,0,0.003182
p115759,0,0.065052
p115760,0,0.003863
p115761,0,0.007934
p115762,0,0.013831
p115763,0,0.058098
p115764,0,0.002500
p115765,0,0.004613
p115766,0,0.003917
p115767,1,0.052134
p115768,1,0.364726
p115769,0,0.005089
p115770,0,0.013415
p115771,0,0.005745
p115772,0,0.005277
p115773,0,0.004465
p115774,0,0.001565
p115775,1,0.984789
p115776,0,0.001529
p115777,0,0.006179
p115779,0,0.004244
p115780,0,0.991904
p115781,0,0.054998
p115782,0,0.009967
p115783,0,0.002672
p115784,0,0.008124
p115785,0,0.008856
p115786,0,0.010915
p115787,0,0.006397
p115788,0,0.066027
p115789,0,0.001784
p115790,0,0.001689
p115791,0,0.026110
p115792,0,0.002269
p115793,0,0.005026
p115794,0,0.101631
p115795,0,0.989749
p115796,0,0.005648
p115797,0,0.006289
p115798,0,0.003567
p115799,0,0.011719
p115800,0,0.007399
p115801,0,0.004300
p115802,0,0.972371
p115803,0,0.028539
p115804,0,0.003021
p115805,0,0.001318
p115806,0,0.002666
p115807,0,0.002338
p115808,0,0.002597
p115809,0,0.004898
p115810,0,0.059406
p115811,0,0.014567
p115812,0,0.002358
p115813,0,0.064103
p115814,0,0.005821
p115815,0,0.136764
p115816,0,0.006097
p115817,0,0.016217
p115818,0,0.771518
p115819,0,0.008766
p115820,0,0.044366
p115821,0,0.007667
p115822,0,0.004035
p115823,0,0.002738
p115824,0,0.006697
p115825,0,0.006618
p115826,1,0.004240
p115827,0,0.003098
p115828,0,0.005643
p115829,0,0.012072
p115830,0,0.007782
p115831,0,0.002615
p115832,0,0.003789
p115833,0,0.004412
p115834,0,0.004819
p115835,1,0.990300
p115836,0,0.002013
p115837,0,0.002603
p115838,0,0.013142
p115839,0,0.005646
p115840,0,0.002861
p115841,0,0.990064
p115842,0,0.234287
p115843,0,0.003920
p115844,0,0.006187
p115846,0,0.003913
p115847,0,0.003125
p115848,0,0.004739
p115849,0,0.001846
p115850,0,0.022263
p115851,0,0.001260
p115852,0,0.004411
p115853,0,0.004752
p115854,0,0.002593
p115855,0,0.002443
p115856,0,0.008136
p115857,0,0.002848
p115858,0,0.010007
p115859,0,0.009872
p115860,0,0.005207
p115861,1,0.992083
p115862,0,0.005145
p115863,0,0.005571
p115864,0,0.020656
p115865,0,0.009715
p115866,0,0.003211
p115867,0,0.003650
p115868,0,0.004276
p115869,0,0.002995
p115870,0,0.004004
p115871,0,0.056652
p115872,0,0.002081
p115873,0,0.002369
p115874,0,0.003929
p115875,0,0.007995
p115877,0,0.002467
p115878,0,0.008717
p115879,0,0.001664
p115880,0,0.001572
p115881,0,0.005830
p115882,0,0.007082
p115883,0,0.009312
p115884,0,0.002089
p115885,0,0.001729
p115886,0,0.001839
p115887,0,0.001750
p115888,0,0.014104
p115889,0,0.020070
p115890,0,0.003205
p115891,0,0.022178
p115892,0,0.001911
p115893,0,0.004062
p115894,0,0.020825
p115895,0,0.007415
p115896,0,0.003957
p115897,0,0.004910
p115898,1,0.098115
p115899,0,0.008159
p115900,0,0.001852
p115901,0,0.003698
p115902,0,0.006116
p115903,0,0.005406
p115904,0,0.002544
p115905,0,0.012968
p115906,0,0.003607
p115907,0,0.007357
p115908,0,0.002218
p115909,0,0.029175
p115910,0,0.005001
p115911,0,0.101346
p115912,0,0.003003
p115913,0,0.003691
p115914,0,0.002550
p115915,0,0.003130
p115916,0,0.004684
p115917,0,0.003410
p115918,0,0.045747
p115919,0,0.034298
p115920,1,0.890775
p115921,0,0.025739
p115922,0,0.005974
p115923,0,0.021840
p115924,0,0.008478
p115925,0,0.006215
p115926,0,0.009892
p115927,0,0.005370
p115928,1,0.983457
p115929,0,0.003946
p115930,0,0.015238
p115931,0,0.011360
p115932,0,0.009743
p115933,0,0.004590
p115934,0,0.005639
p115935,0,0.003257
p115936,0,0.009091
p115937,0,0.984458
p115938,0,0.034248
p115939,0,0.014385
p115940,0,0.005560
p115941,0,0.004019
p115942,0,0.002946
p115943,0,0.005129
p115944,0,0.005231
p115945,0,0.002207
p115946,0,0.013750
p115947,0,0.010190
p115948,0,0.004559
p115949,0,0.005516
p115950,0,0.030562
p115951,0,0.012853
p115952,0,0.002946
p115953,0,0.006286
p115954,0,0.008077
p115955,0,0.002477
p115956,1,0.989502
p115957,0,0.007915
p115958,0,0.001485
p115959,0,0.011868
p115960,0,0.002162
p115961,0,0.061503
p115962,0,0.005302
p115963,0,0.009068
p115964,0,0.001998
p115965,0,0.019057
p115966,0,0.002078
p115967,0,0.003197
p115968,0,0.010077
p115969,0,0.002601
p115970,0,0.013338
p115971,0,0.044616
p115972,0,0.002986
p115973,0,0.002795
p115974,0,0.008608
p115975,0,0.003101
p115976,1,0.002836
p115977,0,0.076981
p115978,0,0.001532
p115979,0,0.350109
p115980,1,0.982663
p115981,0,0.014067
p115982,0,0.001747
p115983,0,0.006932
p115984,0,0.001911
p115985,0,0.002615
p115986,0,0.012053
p115987,0,0.008063
p115988,1,0.989341
p115989,0,0.027922
p115990,0,0.006342
p115991,0,0.009650
p115992,0,0.012562
p115993,0,0.002459
p115994,0,0.006115
p115995,0,0.003074
p115996,0,0.003733
p115997,0,0.017206
p115998,0,0.002029
p115999,0,0.003731
p116000,0,0.004902
p116001,0,0.001861
p116002,0,0.028567
p116003,0,0.007058
p116004,0,0.002103
p116005,0,0.006389
p116006,0,0.001680
p116007,0,0.003258
p116008,0,0.032495
p116009,0,0.019926
p116010,0,0.005566
p116011,0,0.027073
p116012,0,0.003071
p116013,0,0.007460
p116014,0,0.003062
p116015,0,0.006644
p116016,0,0.005471
p116017,0,0.003588
p116018,0,0.004733
p116019,0,0.982577
p116020,0,0.011013
p116021,0,0.002886
p116022,0,0.013264
p116023,0,0.009183
p116024,0,0.217754
p116025,0,0.005457
p116026,0,0.007190
p116027,0,0.003028
p116028,0,0.001786
p116029,0,0.007698
p116030,0,0.009956
p116031,0,0.004702
p116032,0,0.066355
p116033,0,0.004876
p116034,0,0.003069
p116035,0,0.003949
p116036,0,0.004501
p116037,0,0.003624
p116038,0,0.005451
p116039,1,0.991445
p116040,0,0.001733
p116041,0,0.001884
p116042,0,0.002027
p116043,0,0.020192
p116044,0,0.004009
p116045,0,0.003118
p116046,0,0.007548
p116047,0,0.004350
p116048,0,0.015770
p116049,1,0.991072
p116050,0,0.007426
p116051,0,0.027019
p116052,0,0.004673
p116053,0,0.002498
p116054,0,0.991204
p116055,0,0.004409
p116056,0,0.003274
p116057,0,0.002337
p116058,0,0.004947
p116059,0,0.006239
p116060,0,0.001809
p116061,0,0.010465
p116062,0,0.004538
p116063,0,0.005732
p116064,0,0.001802
p116065,0,0.001563
p116066,1,0.017546
p116067,0,0.005938
p116068,0,0.022053
p116069,0,0.002089
p116070,0,0.002021
p116071,0,0.007348
p116072,0,0.007047
p116073,0,0.043787
p116074,0,0.216134
p116075,0,0.004540
p116076,1,0.003192
p116077,0,0.005444
p116078,0,0.002445
p116079,0,0.012026
p116080,0,0.003149
p116081,0,0.004883
p116082,0,0.006961
p116083,0,0.006365
p116084,0,0.004859
p116085,1,0.994149
p116086,0,0.001607
p116087,0,0.004565
p116088,0,0.011316
p116089,0,0.005244
p116090,0,0.002863
p116091,1,0.231636
p116092,0,0.010588
p116093,0,0.007783
p116094,0,0.006287
p116095,0,0.008531
p116096,0,0.003571
p116097,0,0.005764
p116098,0,0.007486
p116099,0,0.002441
p116100,0,0.007352
p116101,0,0.001013
p116102,0,0.003182
p116103,0,0.003840
p116104,0,0.006790
p116105,0,0.006179
p116106,0,0.011115
p116107,0,0.004403
p116108,0,0.013052
p116109,0,0.004784
p116110,0,0.064700
p116111,0,0.005167
p116112,0,0.001902
p116113,0,0.020085
p116114,0,0.011038
p116115,0,0.007842
p116116,0,0.009089
p116117,0,0.016101
p116118,0,0.004353
p116119,0,0.039410
p116120,0,0.002115
p116121,0,0.008493
p116122,1,0.992420
p116123,0,0.013024
p116124,1,0.016396
p116125,1,0.596523
p116126,0,0.003502
p116127,0,0.003417
p116128,0,0.002104
p116129,0,0.023316
p116130,0,0.001974
p116131,0,0.002187
p116132,0,0.058968
p116133,0,0.002593
p116134,0,0.004226
p116135,0,0.006791
p116136,0,0.002315
p116137,0,0.007094
p116138,0,0.005431
p116139,0,0.004232
p116140,1,0.987431
p116141,0,0.001754
p116142,0,0.011260
p116143,0,0.002864
p116144,0,0.003798
p116145,0,0.002051
p116146,0,0.004678
p116147,0,0.023474
p116148,0,0.003049
p116149,0,0.003009
p116150,0,0.004912
p116151,0,0.003459
p116152,0,0.130104
p116153,0,0.006070
p116154,0,0.005713
p116155,0,0.025994
p116156,0,0.019603
p116157,0,0.003400
p116158,0,0.002099
p116159,0,0.004292
p116160,0,0.003723
p116161,0,0.003085
p116162,0,0.003063
p116163,0,0.004169
p116164,0,0.001899
p116165,0,0.088597
p116166,0,0.002757
p116167,0,0.002005
p116168,0,0.007003
p116169,0,0.003316
p116170,0,0.012577
p116172,1,0.003123
p116173,0,0.012441
p116174,0,0.003508
p116175,0,0.993435
p116176,0,0.007559
p116177,0,0.091509
p116178,0,0.005786
p116179,0,0.008185
p116180,0,0.002236
p116181,0,0.005772
p116182,0,0.022639
p116183,0,0.001925
p116184,0,0.018874
p116185,0,0.018922
p116186,0,0.001724
p116187,0,0.001574
p116188,0,0.005401
p116189,0,0.010560
p116190,0,0.001718
p116191,0,0.010801
p116192,0,0.019050
p116193,0,0.001140
p116194,0,0.003718
p116195,1,0.002650
p116196,0,0.003515
p116197,0,0.017916
p116198,0,0.003349
p116199,0,0.468042
p116200,0,0.003493
p116201,0,0.002979
p116202,0,0.055776
p116203,0,0.003912
p116204,0,0.003044
p116205,0,0.005422
p116206,1,0.991823
p116207,0,0.001899
p116208,0,0.009053
p116209,0,0.002246
p116210,0,0.004867
p116211,0,0.001440
p116212,0,0.009886
p116213,0,0.001665
p116214,0,0.008315
p116215,0,0.001270
p116216,0,0.003019
p116217,0,0.006493
p116218,1,0.002840
p116219,0,0.006863
p116220,0,0.008017
p116221,1,0.981930
p116222,0,0.004373
p116223,1,0.991610
p116224,0,0.021625
p116225,0,0.004973
p116226,0,0.009031
p116227,0,0.004203
p116228,0,0.005011
p116229,0,0.004553
p116230,0,0.002259
p116231,0,0.012056
p116232,0,0.003247
p116233,0,0.001309
p116234,0,0.004486
p116235,0,0.005867
p116236,0,0.025513
p116237,1,0.009561
p116238,0,0.002460
p116239,0,0.004083
p116240,0,0.009881
p116241,0,0.002251
p116242,0,0.003107
p116243,0,0.015859
p116244,0,0.002064
p116245,0,0.007641
p116246,0,0.006293
p116247,0,0.003752
p116248,0,0.004525
p116249,0,0.007911
p116250,0,0.002361
p116251,0,0.003859
p116252,0,0.036304
p116253,0,0.006598
p116254,0,0.005157
p116255,0,0.010429
p116256,0,0.002867
p116257,0,0.002905
p116258,0,0.001430
p116259,0,0.008791
p116260,0,0.007616
p116261,0,0.004784
p116262,0,0.001798
p116263,1,0.988127
p116264,0,0.002332
p116265,0,0.006615
p116266,0,0.001377
p116267,0,0.004972
p116268,0,0.003268
p116269,0,0.003925
p116270,0,0.085261
p116271,0,0.016634
p116272,0,0.004860
p116273,0,0.002554
p116274,0,0.009527
p116275,0,0.014712
p116276,0,0.006615
p116277,0,0.005444
p116278,0,0.001557
p116279,0,0.006953
p116280,0,0.003888
p116281,0,0.010464
p116282,0,0.002928
p116283,0,0.026993
p116284,0,0.002223
p116285,0,0.001821
p116286,0,0.010668
p116287,0,0.004129
p116288,0,0.003770
p116289,0,0.008096
p116290,0,0.006880
p116291,0,0.002635
p116292,0,0.002088
p116293,0,0.005946
p116294,0,0.007677
p116295,0,0.001401
p116296,0,0.002671
p116297,0,0.009113
p116298,0,0.033696
p116299,0,0.007068
p116300,0,0.003481
p116301,0,0.003847
p116302,0,0.003423
p116303,1,0.002686
p116304,0,0.014801
p116305,0,0.014253
p116306,0,0.003264
p116307,0,0.022410
p116308,0,0.002584
p116309,0,0.002559
p116310,0,0.001452
p116311,0,0.013472
p116312,0,0.001994
p116313,0,0.066397
p116314,0,0.002330
p116315,0,0.023611
p116316,0,0.014488
p116317,0,0.013719
p116318,0,0.013431
p116319,0,0.004120
p116320,0,0.006242
p116321,0,0.038174
p116322,1,0.977822
p116323,0,0.002769
p116324,0,0.004891
p116325,0,0.001383
p116326,0,0.006806
p116327,0,0.003875
p116328,0,0.003418
p116329,0,0.007426
p116330,0,0.013966
p116331,0,0.012529
p116332,0,0.013814
p116333,0,0.004023
p116334,0,0.003999
p116335,0,0.005346
p116336,0,0.262071
p116337,0,0.002675
p116338,0,0.005969
p116339,0,0.032427
p116340,0,0.004904
p116341,0,0.002307
p116342,0,0.003061
p116343,0,0.002485
p116344,0,0.004459
p116345,0,0.028126
p116346,0,0.010145
p116347,0,0.004025
p116348,0,0.004476
p116350,0,0.006205
p116351,0,0.012701
p116352,0,0.004482
p116353,0,0.010108
p116354,0,0.007331
p116355,0,0.001869
p116356,0,0.002397
p116357,0,0.014460
p116358,0,0.011845
p116359,0,0.002499
p116360,0,0.002343
p116361,0,0.003775
p116362,0,0.006161
p116363,0,0.004120
p116364,0,0.005489
p116365,0,0.029398
p116366,0,0.005906
p116367,0,0.038078
p116368,0,0.006034
p116369,0,0.073393
p116370,0,0.004905
p116371,0,0.012060
p116372,0,0.012844
p116373,0,0.002069
p116374,0,0.003316
p116375,0,0.004060
p116376,0,0.001587
p116377,0,0.004182
p116378,0,0.008842
p116379,1,0.020831
p116380,0,0.004473
p116381,0,0.003251
p116382,1,0.003159
p116383,0,0.008907
p116384,0,0.003062
p116385,0,0.006924
p116386,0,0.004114
p116387,0,0.005745
p116388,0,0.010279
p116389,0,0.002136
p116390,0,0.002592
p116391,0,0.100809
p116392,1,0.990626
p116393,0,0.002406
p116394,0,0.015814
p116395,0,0.006704
p116396,0,0.003594
p116397,0,0.001123
p116398,0,0.002170
p116399,0,0.648107
p116400,0,0.003468
p116401,0,0.003707
p116402,0,0.004842
p116403,1,0.987465
p116404,0,0.006225
p116405,0,0.010744
p116406,0,0.004271
p116407,0,0.008189
p116408,0,0.013127
p116409,0,0.035024
p116410,0,0.007152
p116411,0,0.004190
p116412,0,0.001315
p116413,0,0.005012
p116414,0,0.002681
p116415,0,0.005122
p116416,0,0.009412
p116417,0,0.001677
p116418,0,0.004486
p116419,0,0.019146
p116420,0,0.002982
p116421,0,0.002579
p116422,0,0.002608
p116423,0,0.002818
p116424,0,0.006948
p116425,0,0.006163
p116426,0,0.013565
p116427,0,0.007576
p116428,0,0.002990
p116429,0,0.002655
p116430,0,0.003414
p116431,0,0.003823
p116432,0,0.025738
p116433,0,0.003985
p116434,0,0.004882
p116435,0,0.156952
p116436,0,0.008805
p116437,0,0.002085
p116438,0,0.003762
p116439,0,0.919229
p116440,0,0.001717
p116441,0,0.003487
p116442,0,0.002506
p116443,0,0.014918
p116444,0,0.003145
p116445,0,0.016750
p116446,0,0.005350
p116447,0,0.002350
p116448,0,0.001486
p116449,0,0.001351
p116450,0,0.003438
p116451,0,0.010648
p116452,0,0.007480
p116453,0,0.002129
p116454,0,0.061668
p116455,0,0.004776
p116456,0,0.004981
p116457,0,0.003817
p116458,0,0.001909
p116459,0,0.004234
p116460,1,0.007847
p116461,0,0.002665
p116462,0,0.005886
p116463,0,0.002783
p116464,0,0.003266
p116465,0,0.011595
p116466,0,0.018494
p116467,0,0.014405
p116468,0,0.002169
p116469,1,0.980476
p116470,0,0.002690
p116471,0,0.003781
p116472,0,0.001928
p116473,0,0.003168
p116474,0,0.004914
p116475,0,0.006725
p116476,0,0.044897
p116477,0,0.010114
p116478,0,0.003084
p116479,0,0.002841
p116480,0,0.002686
p116481,0,0.007775
p116482,0,0.004259
p116483,0,0.001970
p116484,0,0.014942
p116485,0,0.002477
p116486,0,0.004283
p116487,0,0.008570
p116488,1,0.014382
p116489,0,0.007718
p116490,0,0.002700
p116491,0,0.012258
p116492,0,0.011368
p116493,0,0.008889
p116494,0,0.017679
p116495,0,0.011535
p116496,0,0.002080
p116497,0,0.029316
p116498,0,0.009806
p116499,0,0.007910
p116500,0,0.002651
p116501,0,0.003402
p116502,0,0.990159
p116504,0,0.004833
p116505,0,0.001657
p116506,0,0.008851
p116507,0,0.003294
p116508,0,0.016546
p116509,0,0.006952
p116510,0,0.009934
p116511,0,0.010916
p116512,0,0.004465
p116513,0,0.017986
p116514,0,0.005917
p116515,0,0.003031
p116516,0,0.022216
p116517,0,0.002157
p116518,0,0.001735
p116519,0,0.001957
p116520,0,0.100832
p116521,0,0.003290
p116523,0,0.005699
p116524,0,0.013064
p116525,0,0.024960
p116526,0,0.005459
p116527,0,0.005503
p116528,0,0.005831
p116529,0,0.003756
p116530,0,0.001566
p116531,0,0.026695
p116532,0,0.010690
p116533,0,0.008333
p116534,0,0.002148
p116535,0,0.010359
p116536,0,0.003027
p116537,0,0.003735
p116538,0,0.003215
p116539,0,0.006669
p116540,0,0.004979
p116541,0,0.002253
p116542,0,0.018053
p116543,0,0.003144
p116544,0,0.001655
p116545,0,0.002173
p116546,0,0.004842
p116547,0,0.131203
p116548,0,0.002868
p116549,0,0.011878
p116550,0,0.002813
p116551,0,0.004766
p116552,0,0.003141
p116553,0,0.004276
p116554,0,0.002249
p116555,0,0.003836
p116556,0,0.050156
p116557,0,0.003818
p116558,0,0.003863
p116559,0,0.002537
p116560,0,0.002839
p116561,0,0.005655
p116562,0,0.009065
p116563,0,0.003668
p116565,0,0.006649
p116566,0,0.004224
p116567,0,0.992690
p116568,0,0.003948
p116569,0,0.001326
p116570,0,0.003042
p116571,0,0.003903
p116572,0,0.002557
p116573,0,0.004011
p116574,0,0.002363
p116575,0,0.002298
p116576,0,0.005370
p116577,0,0.002715
p116578,1,0.992043
p116579,0,0.010464
p116580,0,0.001380
p116581,0,0.013856
p116582,0,0.001673
p116583,0,0.003615
p116584,0,0.035988
p116585,0,0.001905
p116586,0,0.002733
p116587,0,0.002764
p116588,0,0.003351
p116589,0,0.004785
p116590,0,0.007189
p116591,0,0.993972
p116592,0,0.003594
p116593,0,0.001441
p116594,0,0.011625
p116595,0,0.002389
p116596,0,0.011971
p116597,0,0.004235
p116598,0,0.014728
p116599,0,0.004686
p116600,0,0.007920
p116601,0,0.003556
p116602,0,0.012032
p116603,0,0.004374
p116604,0,0.005595
p116605,0,0.006917
p116606,0,0.002989
p116607,0,0.002737
p116608,0,0.006209
p116609,0,0.018798
p116610,0,0.009791
p116611,0,0.006519
p116612,0,0.002587
p116613,0,0.006332
p116614,0,0.002526
p116615,0,0.003969
p116616,0,0.001453
p116617,0,0.003017
p116618,0,0.007825
p116619,0,0.012210
p116620,0,0.010643
p116621,0,0.008933
p116622,0,0.013007
p116623,0,0.002606
p116624,0,0.002910
p116625,0,0.062970
p116626,0,0.014983
p116627,0,0.001605
p116628,0,0.003590
p116629,0,0.019302
p116630,0,0.005081
p116631,0,0.004602
p116632,0,0.014779
p116633,0,0.003332
p116634,0,0.007422
p116635,0,0.002957
p116636,0,0.012301
p116637,0,0.006551
p116638,0,0.114501
p116639,0,0.030721
p116640,0,0.003020
p116641,0,0.013305
p116642,0,0.993862
p116643,0,0.047390
p116644,0,0.002860
p116645,0,0.002503
p116646,0,0.067169
p116647,0,0.006409
p116648,0,0.008350
p116649,0,0.002153
p116650,0,0.002981
p116651,0,0.022237
p116652,0,0.005030
p116653,0,0.005444
p116654,0,0.024647
p116655,0,0.002702
p116656,0,0.005072
p116657,0,0.003147
p116658,0,0.005861
p116659,0,0.004375
p116660,0,0.003148
p116661,0,0.079663
p116662,0,0.005856
p116663,0,0.005623
p116664,0,0.003722
p116665,0,0.009631
p116666,0,0.004996
p116667,0,0.007961
p116668,0,0.004623
p116669,0,0.006731
p116670,0,0.002594
p116671,0,0.001713
p116672,0,0.009084
p116673,1,0.004104
p116674,0,0.003204
p116675,0,0.006704
p116676,0,0.004330
p116677,0,0.014742
p116678,0,0.006303
p116679,0,0.010865
p116680,0,0.007401
p116681,0,0.008230
p116682,0,0.010625
p116683,0,0.015502
p116684,0,0.002608
p116685,0,0.007417
p116686,0,0.003204
p116687,0,0.004861
p116688,0,0.471241
p116689,0,0.041444
p116690,0,0.891092
p116691,0,0.003079
p116692,0,0.003178
p116693,0,0.022013
p116694,0,0.004991
p116695,0,0.005788
p116696,0,0.002084
p116697,0,0.008528
p116698,0,0.004783
p116699,0,0.003360
p116700,0,0.007690
p116701,0,0.037999
p116702,0,0.002249
p116703,0,0.014850
p116704,0,0.002430
p116705,0,0.002783
p116706,0,0.007720
p116707,0,0.002906
p116708,0,0.001259
p116709,0,0.019401
p116710,0,0.007070
p116711,0,0.002692
p116712,0,0.014468
p116713,0,0.003469
p116714,0,0.002080
p116715,0,0.002530
p116716,0,0.003480
p116717,0,0.006323
p116718,1,0.060435
p116719,0,0.003920
p116720,0,0.005042
p116721,0,0.019975
p116722,0,0.003272
p116723,0,0.003623
p116724,0,0.008252
p116725,0,0.005797
p116726,0,0.001714
p116727,0,0.002204
p116728,0,0.003716
p116729,0,0.989438
p116730,0,0.003285
p116731,0,0.005594
p116732,0,0.014369
p116733,0,0.002097
p116734,0,0.001974
p116735,0,0.002067
p116736,0,0.011434
p116737,0,0.007527
p116738,0,0.121628
p116739,0,0.004680
p116740,0,0.003429
p116741,0,0.042278
p116742,0,0.001986
p116743,1,0.989803
p116744,0,0.008945
p116745,0,0.010492
p116746,0,0.003251
p116747,0,0.005958
p116748,0,0.002583
p116749,0,0.001785
p116750,0,0.010762
p116751,0,0.005374
p116752,0,0.009261
p116753,0,0.003498
p116754,0,0.009518
p116755,0,0.030386
p116756,0,0.006866
p116757,0,0.004512
p116758,0,0.019295
p116759,0,0.006493
p116760,0,0.005483
p116761,0,0.014955
p116762,0,0.002833
p116763,0,0.001752
p116764,0,0.007928
p116765,0,0.001795
p116766,0,0.001548
p116767,0,0.003304
p116768,0,0.008114
p116769,0,0.001646
p116770,0,0.004223
p116771,0,0.001572
p116772,0,0.001489
p116773,0,0.003333
p116774,0,0.004007
p116775,0,0.002221
p116776,0,0.018198
p116777,0,0.004332
p116778,1,0.026294
p116779,0,0.004451
p116781,0,0.001322
p116782,0,0.003714
p116783,0,0.002460
p116784,0,0.009912
p116785,0,0.002899
p116786,0,0.002844
p116787,0,0.002833
p116788,0,0.002811
p116789,1,0.105297
p116790,1,0.009735
p116791,0,0.003980
p116792,0,0.002280
p116793,0,0.004477
p116794,0,0.007468
p116795,0,0.022807
p116796,0,0.002378
p116797,0,0.005049
p116798,0,0.035076
p116799,0,0.003229
p116800,0,0.007330
p116801,0,0.005459
p116802,0,0.013417
p116803,0,0.005884
p116804,0,0.019340
p116805,0,0.005690
p116806,0,0.004026
p116807,0,0.003182
p116808,0,0.004890
p116809,0,0.005556
p116810,0,0.007318
p116811,0,0.006195
p116812,0,0.002694
p116814,0,0.009273
p116815,0,0.001823
p116816,0,0.053210
p116817,0,0.006463
p116818,0,0.002922
p116819,0,0.001895
p116820,0,0.001931
p116821,0,0.005541
p116822,0,0.008914
p116823,0,0.071239
p116824,0,0.042798
p116825,0,0.002087
p116826,0,0.006204
p116827,0,0.004343
p116828,0,0.002988
p116829,0,0.001628
p116830,0,0.004654
p116831,0,0.076221
p116832,1,0.992755
p116833,0,0.007464
p116834,0,0.007311
p116835,0,0.002087
p116836,0,0.002091
p116837,0,0.001940
p116838,0,0.003631
p116839,0,0.025226
p116840,0,0.009913
p116841,0,0.003655
p116842,0,0.017330
p116843,0,0.003743
p116844,0,0.001956
p116845,0,0.004095
p116846,0,0.001898
p116847,0,0.011289
p116848,0,0.003630
p116849,0,0.006436
p116850,0,0.004647
p116851,0,0.011563
p116852,0,0.001772
p116853,0,0.001522
p116854,0,0.002004
p116855,0,0.010145
p116856,0,0.007220
p116857,0,0.003362
p116858,1,0.432081
p116859,0,0.004294
p116860,0,0.004017
p116861,0,0.001293
p116862,0,0.012280
p116863,0,0.003011
p116864,0,0.001726
p116865,0,0.002145
p116866,0,0.005924
p116867,0,0.010222
p116868,0,0.013101
p116869,0,0.002685
p116870,1,0.993518
p116871,0,0.008640
p116872,0,0.005752
p116874,0,0.002430
p116875,0,0.005903
p116876,0,0.006337
p116877,0,0.001594
p116878,0,0.008406
p116879,0,0.009874
p116880,0,0.002076
p116881,0,0.003576
p116882,0,0.007350
p116883,0,0.006896
p116884,0,0.023031
p116885,0,0.004131
p116886,0,0.006030
p116887,1,0.991113
p116888,0,0.010587
p116889,0,0.005259
p116890,1,0.064256
p116891,0,0.007148
p116892,0,0.031287
p116893,0,0.005711
p116894,0,0.011866
p116895,0,0.157117
p116896,0,0.008542
p116897,0,0.022367
p116898,0,0.002853
p116899,0,0.007545
p116900,0,0.004134
p116901,0,0.003203
p116902,0,0.005976
p116904,0,0.003291
p116905,0,0.004655
p116906,0,0.001996
p116907,0,0.006647
p116908,0,0.006846
p116909,0,0.059502
p116910,1,0.515873
p116911,0,0.002978
p116912,0,0.002193
p116913,0,0.006479
p116914,0,0.016131
p116915,0,0.001351
p116916,0,0.005222
p116917,0,0.008102
p116918,0,0.036808
p116919,0,0.004782
p116920,0,0.004496
p116921,0,0.003185
p116922,0,0.009404
p116923,0,0.005309
p116924,0,0.002410
p116925,0,0.002880
p116926,0,0.021028
p116927,0,0.009761
p116928,0,0.001746
p116929,0,0.992088
p116930,0,0.136486
p116931,0,0.990315
p116932,0,0.005244
p116933,0,0.005439
p116934,0,0.007521
p116935,0,0.158374
p116936,0,0.001971
p116937,0,0.002479
p116938,0,0.005635
p116939,0,0.029918
p116940,0,0.002564
p116941,0,0.001214
p116942,0,0.031895
p116943,0,0.006094
p116944,0,0.010525
p116945,0,0.042819
p116946,1,0.006453
p116947,0,0.006820
p116948,0,0.006164
p116949,0,0.008787
p116950,1,0.004569
p116951,0,0.001824
p116952,0,0.018105
p116953,0,0.010611
p116954,0,0.002718
p116955,1,0.294971
p116956,0,0.003598
p116957,0,0.011134
p116958,0,0.002101
p116959,0,0.003394
p116960,0,0.003637
p116961,0,0.001656
p116962,0,0.002981
p116963,0,0.018556
p116964,0,0.012632
p116965,0,0.002062
p116966,0,0.014737
p116967,0,0.002751
p116968,0,0.005475
p116969,0,0.009152
p116970,0,0.005818
p116971,0,0.015729
p116972,0,0.002950
p116973,0,0.005968
p116974,0,0.002757
p116975,0,0.008114
p116976,0,0.177449
p116977,0,0.010314
p116978,0,0.012281
p116979,0,0.010732
p116980,0,0.006444
p116981,0,0.004229
p116982,0,0.003684
p116983,0,0.007751
p116984,0,0.003731
p116985,0,0.005336
p116986,0,0.003216
p116987,0,0.002386
p116988,0,0.002395
p116989,0,0.003818
p116990,0,0.001909
p116991,0,0.006766
p116992,0,0.005946
p116993,0,0.084157
p116994,0,0.004422
p116995,0,0.004239
p116996,0,0.008941
p116997,0,0.003178
p116998,0,0.006185
p116999,0,0.005990
p117000,0,0.052076
p117001,0,0.008127
p117002,0,0.005912
p117003,0,0.067274
p117004,0,0.002660
p117005,0,0.008285
p117006,0,0.003435
p117007,0,0.001695
p117008,0,0.018533
p117009,0,0.014053
p117010,0,0.037827
p117011,0,0.004289
p117012,0,0.003844
p117013,0,0.003500
p117014,0,0.007455
p117015,0,0.005249
p117016,0,0.002530
p117017,0,0.018207
p117018,0,0.012298
p117019,0,0.011375
p117020,0,0.010638
p117021,0,0.002673
p117022,0,0.003945
p117023,0,0.008728
p117024,0,0.003242
p117025,0,0.003365
p117026,0,0.021068
p117027,0,0.003977
p117028,0,0.004513
p117029,0,0.002098
p117030,0,0.005119
p117031,0,0.009611
p117032,0,0.006266
p117033,0,0.001810
p117034,0,0.002866
p117035,0,0.004137
p117036,0,0.005742
p117037,0,0.002326
p117038,0,0.002194
p117039,0,0.005116
p117040,0,0.002631
p117041,0,0.009390
p117042,0,0.009175
p117043,0,0.008263
p117044,0,0.011581
p117045,0,0.002328
p117046,0,0.003889
p117047,0,0.006403
p117048,0,0.007716
p117049,0,0.002728
p117050,0,0.006596
p117051,0,0.004275
p117052,0,0.002869
p117053,0,0.003424
p117054,0,0.005645
p117055,0,0.001749
p117056,0,0.365478
p117057,0,0.001894
p117058,0,0.966703
p117059,0,0.005156
p117060,0,0.022417
p117061,0,0.006346
p117062,0,0.009231
p117063,0,0.993749
p117064,0,0.013128
p117065,0,0.001116
p117066,0,0.010230
p117067,0,0.005518
p117068,0,0.003591
p117069,1,0.811435
p117070,0,0.003438
p117071,0,0.002736
p117072,0,0.002366
p117073,0,0.003810
p117074,0,0.002159
p117075,0,0.008695
p117076,0,0.002397
p117077,0,0.031312
p117078,0,0.002237
p117079,0,0.002629
p117080,0,0.007406
p117081,0,0.002125
p117082,0,0.021960
p117084,0,0.006388
p117085,0,0.006562
p117086,0,0.008592
p117087,0,0.002987
p117088,0,0.003374
p117089,0,0.020143
p117090,0,0.018419
p117091,0,0.002315
p117092,0,0.002963
p117093,0,0.007162
p117094,0,0.006366
p117095,0,0.004450
p117096,0,0.004332
p117097,0,0.017145
p117098,0,0.055028
p117099,0,0.006522
p117100,0,0.988740
p117101,0,0.002960
p117102,0,0.005975
p117103,0,0.002501
p117104,0,0.004767
p117105,0,0.002275
p117106,0,0.015635
p117107,0,0.008099
p117108,0,0.012611
p117109,0,0.001903
p117110,0,0.153195
p117111,0,0.009266
p117112,0,0.005861
p117113,0,0.009934
p117115,0,0.004421
p117116,0,0.017755
p117117,0,0.003085
p117118,0,0.003612
p117119,0,0.010758
p117120,0,0.007733
p117121,0,0.004781
p117122,0,0.006365
p117123,0,0.702469
p117124,1,0.991608
p117125,0,0.005440
p117126,0,0.005949
p117127,0,0.002844
p117128,0,0.004345
p117129,0,0.004671
p117130,0,0.019807
p117131,0,0.022680
p117132,0,0.007057
p117133,0,0.006135
p117134,0,0.003556
p117135,0,0.001555
p117136,0,0.002786
p117137,0,0.003150
p117138,0,0.005432
p117139,0,0.011752
p117140,0,0.162867
p117141,0,0.024885
p117142,1,0.008977
p117143,0,0.001810
p117144,0,0.003433
p117145,0,0.011617
p117146,0,0.004326
p117147,0,0.002335
p117148,0,0.002842
p117149,0,0.001650
p117150,0,0.005815
p117151,0,0.011798
p117152,0,0.003434
p117153,0,0.005173
p117154,0,0.004263
p117155,0,0.007636
p117156,0,0.002646
p117157,0,0.002026
p117158,0,0.013400
p117159,1,0.988773
p117160,0,0.041795
p117161,0,0.003556
p117162,0,0.003482
p117163,0,0.003623
p117164,0,0.017947
p117165,0,0.006764
p117166,0,0.002864
p117167,0,0.006473
p117168,0,0.002095
p117169,0,0.003127
p117170,0,0.003593
p117171,0,0.003656
p117172,0,0.004528
p117173,0,0.001581
p117174,0,0.003080
p117175,0,0.006885
p117176,0,0.009931
p117177,0,0.002610
p117178,0,0.003486
p117180,0,0.002347
p117181,0,0.003868
p117182,0,0.005891
p117183,0,0.003062
p117184,0,0.006947
p117185,0,0.022030
p117186,0,0.001404
p117187,0,0.004669
p117188,0,0.030509
p117189,0,0.003665
p117190,0,0.008269
p117191,0,0.008665
p117192,0,0.003674
p117193,0,0.001671
p117194,0,0.008090
p117195,0,0.196945
p117196,0,0.001952
p117197,0,0.001143
p117198,0,0.011516
p117199,0,0.002988
p117200,0,0.009458
p117201,0,0.007092
p117202,0,0.007022
p117203,0,0.021143
p117204,0,0.002487
p117205,0,0.004519
p117206,0,0.001770
p117207,0,0.010539
p117208,0,0.003761
p117209,0,0.003000
p117210,0,0.006108
p117211,0,0.005224
p117212,0,0.002531
p117214,0,0.011609
p117215,0,0.019464
p117216,0,0.003142
p117217,1,0.975477
p117218,0,0.008752
p117219,0,0.002251
p117220,0,0.033117
p117221,0,0.004973
p117222,0,0.009303
p117223,0,0.002966
p117224,0,0.014041
p117225,0,0.002978
p117226,0,0.020311
p117227,0,0.009014
p117228,0,0.002178
p117229,0,0.012040
p117230,0,0.010006
p117231,0,0.004184
p117232,0,0.003929
p117233,0,0.006907
p117234,0,0.002317
p117235,0,0.006036
p117236,0,0.005102
p117237,0,0.001442
p117238,0,0.003189
p117239,0,0.002910
p117240,0,0.053482
p117241,0,0.003581
p117242,0,0.001441
p117243,0,0.002606
p117244,0,0.001444
p117245,0,0.003367
p117246,0,0.001451
p117247,0,0.004607
p117248,0,0.002207
p117249,0,0.004748
p117250,0,0.004193
p117251,0,0.035504
p117252,0,0.007930
p117253,0,0.010644
p117254,0,0.004224
p117255,0,0.004759
p117256,0,0.005476
p117257,0,0.025065
p117258,0,0.002909
p117259,0,0.005838
p117260,0,0.080719
p117261,0,0.005643
p117262,0,0.006524
p117263,0,0.006961
p117264,0,0.002160
p117265,0,0.028426
p117266,0,0.003609
p117267,0,0.003998
p117268,0,0.014479
p117269,0,0.002269
p117270,0,0.006861
p117271,0,0.001729
p117272,1,0.004629
p117273,0,0.004488
p117274,0,0.003016
p117275,0,0.001936
p117277,0,0.001928
p117278,0,0.006625
p117279,0,0.006593
p117280,0,0.003955
p117281,0,0.004296
p117282,0,0.006887
p117283,0,0.003588
p117284,0,0.011269
p117285,0,0.020973
p117286,0,0.136607
p117287,0,0.007218
p117288,0,0.007807
p117289,0,0.001529
p117291,0,0.003400
p117292,0,0.009022
p117293,0,0.006093
p117294,0,0.005607
p117295,0,0.001962
p117296,0,0.004547
p117297,0,0.003998
p117298,0,0.002655
p117299,1,0.994881
p117300,0,0.004673
p117301,0,0.001657
p117302,0,0.001448
p117303,0,0.109268
p117304,0,0.003021
p117305,0,0.001696
p117306,0,0.004068
p117307,0,0.005451
p117308,0,0.990496
p117309,0,0.003645
p117310,0,0.049679
p117311,0,0.007145
p117312,0,0.010574
p117313,0,0.013262
p117314,0,0.008557
p117315,0,0.009175
p117316,0,0.004855
p117317,0,0.006836
p117318,0,0.003133
p117319,0,0.002013
p117320,1,0.989378
p117321,0,0.007859
p117322,0,0.004578
p117323,0,0.002224
p117324,0,0.009673
p117325,1,0.967623
p117326,0,0.005950
p117327,0,0.010517
p117328,0,0.002204
p117329,0,0.002423
p117330,0,0.001243
p117331,0,0.003566
p117332,0,0.005413
p117333,0,0.002013
p117334,0,0.007073
p117335,1,0.991533
p117336,0,0.008500
p117337,0,0.002868
p117338,0,0.002304
p117339,1,0.009018
p117340,0,0.004324
p117341,0,0.007068
p117342,0,0.001915
p117343,0,0.021740
p117344,0,0.004709
p117345,0,0.002355
p117346,0,0.005993
p117347,0,0.021167
p117348,0,0.002007
p117349,0,0.014404
p117350,0,0.572406
p117351,0,0.001967
p117352,0,0.004843
p117353,0,0.008289
p117354,0,0.049031
p117355,0,0.003380
p117356,0,0.012577
p117357,0,0.004232
p117358,0,0.011467
p117359,0,0.014042
p117360,0,0.003909
p117361,0,0.005631
p117362,0,0.002261
p117363,0,0.004743
p117364,0,0.007320
p117365,1,0.992637
p117366,0,0.006058
p117367,0,0.004525
p117368,0,0.006985
p117369,0,0.003214
p117370,0,0.002257
p117371,0,0.003027
p117372,0,0.006926
p117373,0,0.022264
p117374,0,0.003516
p117375,0,0.001580
p117376,0,0.002317
p117377,0,0.005361
p117378,0,0.015475
p117379,0,0.003343
p117380,0,0.003247
p117381,0,0.003006
p117382,0,0.002353
p117383,0,0.024100
p117384,0,0.110843
p117385,0,0.001515
p117386,0,0.008280
p117387,0,0.002852
p117388,0,0.156346
p117389,0,0.004922
p117390,0,0.014334
p117391,0,0.003373
p117392,0,0.011497
p117393,0,0.002040
p117394,0,0.002742
p117395,0,0.002644
p117396,0,0.004875
p117397,1,0.041498
p117398,0,0.001920
p117399,1,0.988601
p117400,0,0.003265
p117401,0,0.002981
p117402,0,0.003199
p117403,0,0.007862
p117404,0,0.003206
p117405,0,0.002315
p117406,0,0.771900
p117407,1,0.991821
p117408,0,0.002912
p117409,0,0.006576
p117410,0,0.016940
p117411,0,0.010088
p117412,0,0.006393
p117413,0,0.049630
p117414,0,0.006147
p117415,0,0.003111
p117416,0,0.003154
p117417,0,0.001942
p117418,0,0.992680
p117419,0,0.002429
p117420,0,0.010203
p117421,0,0.003806
p117422,0,0.005126
p117423,0,0.004422
p117424,0,0.003821
p117425,0,0.002759
p117426,0,0.004479
p117427,0,0.001471
p117428,0,0.002724
p117429,0,0.003975
p117430,0,0.011783
p117431,0,0.005548
p117432,0,0.002713
p117433,0,0.002573
p117434,0,0.001805
p117435,0,0.001440
p117436,0,0.005585
p117437,0,0.002752
p117438,0,0.005079
p117439,0,0.009496
p117440,0,0.001966
p117441,0,0.008437
p117442,0,0.003463
p117443,0,0.001681
p117444,0,0.011446
p117445,0,0.065262
p117446,0,0.002363
p117447,0,0.003995
p117448,0,0.004284
p117449,0,0.005304
p117450,0,0.021716
p117451,0,0.003692
p117452,0,0.006339
p117453,0,0.006615
p117454,0,0.003867
p117455,0,0.013374
p117456,0,0.062933
p117457,0,0.013590
p117458,0,0.002857
p117459,0,0.004233
p117460,0,0.002378
p117462,1,0.956023
p117463,0,0.003486
p117464,0,0.042756
p117465,0,0.005847
p117466,0,0.004331
p117467,0,0.003460
p117468,0,0.002180
p117469,0,0.021263
p117470,0,0.011816
p117471,0,0.005158
p117472,0,0.003015
p117473,0,0.002931
p117474,0,0.005789
p117475,0,0.011750
p117476,0,0.265758
p117477,0,0.012054
p117478,0,0.004595
p117479,0,0.003639
p117480,0,0.004745
p117481,0,0.002958
p117482,0,0.017400
p117483,0,0.023408
p117484,0,0.012132
p117485,0,0.004477
p117486,0,0.003808
p117487,0,0.002789
p117488,0,0.019235
p117489,0,0.005172
p117490,1,0.988223
p117491,0,0.034044
p117492,1,0.957681
p117493,0,0.004306
p117494,0,0.006814
p117495,0,0.009695
p117496,0,0.005258
p117497,0,0.002505
p117498,0,0.002162
p117499,0,0.007581
p117500,0,0.017134
p117501,0,0.001361
p117502,0,0.016698
p117503,0,0.002723
p117504,0,0.002611
p117505,0,0.005220
p117506,0,0.001764
p117507,0,0.003027
p117508,0,0.003862
p117509,0,0.016376
p117510,0,0.014619
p117511,0,0.021371
p117512,0,0.006015
p117513,0,0.407957
p117514,0,0.004235
p117515,0,0.002738
p117516,0,0.006239
p117517,1,0.020691
p117518,0,0.013086
p117519,0,0.003057
p117520,0,0.008210
p117521,1,0.987861
p117522,0,0.249341
p117523,0,0.018808
p117524,0,0.009449
p117525,0,0.002048
p117526,0,0.002417
p117527,0,0.010582
p117528,0,0.001858
p117529,0,0.002159
p117530,0,0.008351
p117531,0,0.004820
p117532,0,0.001915
p117533,0,0.002589
p117534,1,0.990430
p117535,0,0.004029
p117536,0,0.008415
p117537,0,0.002988
p117538,0,0.007042
p117539,0,0.004952
p117540,0,0.006580
p117541,0,0.008089
p117542,1,0.499891
p117543,0,0.008889
p117544,0,0.003464
p117545,0,0.001164
p117546,0,0.006172
p117547,0,0.003953
p117548,0,0.001997
p117549,0,0.003754
p117550,0,0.003719
p117551,0,0.002576
p117552,0,0.003101
p117553,0,0.015659
p117554,0,0.001921
p117555,0,0.095442
p117556,0,0.005307
p117557,0,0.005294
p117558,0,0.002988
p117559,0,0.014710
p117560,0,0.003086
p117561,0,0.006351
p117562,0,0.001785
p117563,0,0.023017
p117564,0,0.002677
p117565,0,0.001427
p117566,1,0.207961
p117567,0,0.002210
p117568,0,0.004472
p117569,0,0.002881
p117570,0,0.021586
p117571,0,0.002322
p117572,0,0.005792
p117573,0,0.002670
p117574,0,0.007102
p117575,0,0.001455
p117576,0,0.008768
p117577,0,0.003392
p117578,0,0.001512
p117579,0,0.009861
p117580,0,0.004842
p117581,0,0.007451
p117582,0,0.004121
p117583,0,0.002612
p117584,0,0.002032
p117586,0,0.005081
p117587,0,0.002189
p117588,0,0.024907
p117589,0,0.018100
p117590,0,0.009380
p117591,0,0.021698
p117592,1,0.991913
p117593,0,0.004588
p117594,0,0.004169
p117595,0,0.003363
p117596,0,0.010207
p117597,0,0.002061
p117598,1,0.986473
p117600,0,0.005663
p117601,0,0.004071
p117602,0,0.003245
p117603,0,0.014374
p117604,0,0.002590
p117605,0,0.021599
p117606,0,0.013395
p117607,0,0.007190
p117608,0,0.001868
p117609,0,0.009372
p117610,0,0.001975
p117611,0,0.003109
p117612,0,0.002635
p117613,0,0.006466
p117614,0,0.992184
p117615,0,0.002909
p117616,0,0.002878
p117617,0,0.002007
p117618,0,0.015648
p117619,0,0.006770
p117620,1,0.989705
p117621,0,0.006645
p117622,0,0.003386
p117623,0,0.004976
p117624,0,0.028354
p117625,0,0.002347
p117626,0,0.010501
p117627,0,0.011106
p117628,0,0.003926
p117629,0,0.004067
p117630,0,0.027168
p117631,1,0.987418
p117632,0,0.022842
p117633,0,0.002313
p117634,0,0.024715
p117635,0,0.007556
p117636,0,0.048441
p117637,0,0.002707
p117638,0,0.002177
p117639,0,0.006168
p117640,0,0.006728
p117641,0,0.001480
p117642,0,0.001571
p117643,0,0.002120
p117645,0,0.004383
p117646,0,0.093800
p117647,0,0.966445
p117648,0,0.013018
p117649,0,0.012815
p117651,0,0.005936
p117652,0,0.155992
p117653,0,0.010294
p117654,0,0.062048
p117655,0,0.019565
p117656,0,0.003365
p117657,0,0.354830
p117658,0,0.037257
p117659,0,0.003444
p117660,1,0.009076
p117661,0,0.002333
p117662,0,0.012823
p117663,0,0.004583
p117664,0,0.012525
p117665,0,0.002545
p117666,0,0.007512
p117667,0,0.030002
p117668,0,0.010654
p117669,0,0.989119
p117670,0,0.013259
p117671,0,0.005074
p117672,0,0.004404
p117673,0,0.091580
p117674,0,0.017065
p117675,0,0.002804
p117676,0,0.002077
p117677,0,0.003913
p117678,0,0.006968
p117679,0,0.002133
p117680,0,0.003345
p117681,0,0.011101
p117682,0,0.001423
p117683,1,0.003538
p117684,0,0.001324
p117685,0,0.002756
p117686,0,0.008451
p117687,0,0.006076
p117688,0,0.002418
p117689,0,0.006563
p117690,0,0.022256
p117691,1,0.993855
p117692,0,0.005236
p117693,0,0.002431
p117694,0,0.006739
p117695,0,0.003448
p117696,0,0.031752
p117697,0,0.001268
p117698,0,0.005558
p117699,0,0.021865
p117700,0,0.005080
p117701,0,0.015529
p117702,0,0.003581
p117703,0,0.001744
p117704,0,0.005323
p117705,1,0.020807
p117706,0,0.006032
p117707,0,0.003029
p117708,0,0.006277
p117709,0,0.001746
p117710,0,0.003213
p117711,0,0.003692
p117712,0,0.002261
p117714,1,0.971056
p117715,0,0.002793
p117716,0,0.007431
p117717,1,0.978389
p117718,0,0.005867
p117719,0,0.003065
p117720,0,0.016379
p117721,1,0.750577
p117722,0,0.002909
p117723,0,0.009375
p117724,1,0.994020
p117725,0,0.021617
p117726,0,0.002471
p117727,0,0.005662
p117728,0,0.001651
p117729,0,0.002872
p117730,0,0.001870
p117731,0,0.010527
p117732,0,0.002638
p117733,0,0.004150
p117734,0,0.004918
p117735,0,0.003924
p117736,0,0.004603
p117737,0,0.001630
p117738,0,0.002467
p117739,0,0.992164
p117740,0,0.002720
p117741,0,0.003346
p117742,0,0.004755
p117743,0,0.002393
p117744,0,0.003584
p117745,0,0.041825
p117746,0,0.002809
p117747,0,0.194985
p117748,0,0.006927
p117749,0,0.008459
p117750,0,0.005929
p117751,0,0.019693
p117753,0,0.001745
p117754,0,0.001214
p117755,0,0.003701
p117756,0,0.001948
p117757,0,0.009678
p117758,0,0.007281
p117759,0,0.005766
p117760,0,0.011168
p117761,1,0.141874
p117762,0,0.002180
p117763,0,0.005164
p117764,0,0.011631
p117765,0,0.001919
p117766,0,0.006422
p117767,0,0.006570
p117768,1,0.993536
p117769,0,0.020740
p117770,0,0.001902
p117771,0,0.005725
p117772,0,0.003034
p117773,0,0.003842
p117774,0,0.009095
p117776,0,0.990567
p117777,0,0.012695
p117778,0,0.006919
p117779,0,0.002750
p117780,0,0.006579
p117781,0,0.002259
p117782,0,0.004823
p117783,0,0.004183
p117784,0,0.002736
p117785,0,0.003764
p117786,0,0.005298
p117787,0,0.001589
p117788,0,0.001426
p117789,0,0.004616
p117790,0,0.002925
p117791,0,0.002913
p117792,0,0.152693
p117793,0,0.052043
p117794,0,0.002043
p117795,0,0.040908
p117796,0,0.002940
p117797,0,0.002436
p117798,0,0.057096
p117799,0,0.004708
p117800,0,0.002309
p117801,0,0.007977
p117802,0,0.005398
p117803,0,0.001249
p117804,0,0.004954
p117805,1,0.002316
p117806,0,0.002329
p117807,0,0.001384
p117808,0,0.001743
p117809,0,0.001211
p117810,0,0.003238
p117811,0,0.004525
p117812,0,0.027546
p117813,0,0.002576
p117814,0,0.001818
p117815,0,0.007384
p117816,0,0.003030
p117817,0,0.007094
p117818,0,0.002414
p117819,0,0.002673
p117820,0,0.989820
p117821,0,0.003999
p117822,0,0.007181
p117823,0,0.002001
p117824,0,0.003098
p117825,0,0.008832
p117826,0,0.010290
p117827,0,0.004723
p117828,0,0.003094
p117829,0,0.004491
p117830,0,0.002426
p117831,0,0.001626
p117832,0,0.008613
p117833,0,0.002038
p117835,0,0.006412
p117836,0,0.017113
p117837,0,0.001972
p117838,0,0.039496
p117839,0,0.270188
p117840,0,0.004139
p117841,0,0.045676
p117842,0,0.005514
p117843,1,0.989370
p117844,0,0.002483
p117845,0,0.003845
p117846,0,0.003475
p117847,0,0.018216
p117848,0,0.001917
p117849,0,0.024967
p117850,0,0.002494
p117851,0,0.002922
p117852,0,0.002559
p117853,0,0.004331
p117854,0,0.180071
p117855,0,0.010052
p117856,1,0.954518
p117857,0,0.017418
p117858,0,0.001510
p117859,0,0.005329
p117860,0,0.004985
p117861,0,0.005871
p117862,0,0.003034
p117863,0,0.167352
p117864,0,0.006519
p117865,0,0.008845
p117866,0,0.001828
p117867,0,0.003190
p117868,0,0.007721
p117869,0,0.002414
p117870,0,0.091334
p117871,1,0.063979
p117872,0,0.003782
p117873,0,0.283657
p117874,0,0.008866
p117875,0,0.004441
p117876,0,0.005476
p117877,0,0.064429
p117878,0,0.002650
p117879,0,0.002634
p117880,0,0.004533
p117881,0,0.002712
p117882,0,0.004472
p117883,0,0.006909
p117884,0,0.001894
p117885,0,0.022402
p117886,1,0.037331
p117887,0,0.001885
p117888,0,0.001672
p117889,0,0.001788
p117890,0,0.003920
p117891,1,0.020241
p117892,0,0.005940
p117894,0,0.991160
p117895,0,0.003644
p117896,0,0.001936
p117897,0,0.004073
p117898,0,0.001415
p117899,0,0.009689
p117900,0,0.004886
p117901,0,0.042498
p117902,0,0.009118
p117903,0,0.006732
p117904,0,0.005922
p117905,0,0.001556
p117906,0,0.002785
p117907,0,0.009254
p117908,0,0.001921
p117909,0,0.005324
p117910,0,0.003217
p117911,0,0.036923
p117912,0,0.005258
p117913,0,0.006196
p117914,0,0.011882
p117915,0,0.002747
p117916,0,0.305316
p117917,0,0.002509
p117918,0,0.093302
p117919,1,0.989997
p117920,0,0.011508
p117921,0,0.002600
p117922,0,0.004541
p117923,0,0.006534
p117924,0,0.002188
p117925,0,0.002650
p117926,0,0.011330
p117927,0,0.002568
p117928,0,0.008831
p117929,0,0.002447
p117930,0,0.004676
p117931,1,0.017572
p117932,0,0.002144
p117933,0,0.001770
p117934,0,0.002021
p117935,0,0.004648
p117936,0,0.003299
p117937,0,0.002015
p117938,0,0.016337
p117939,0,0.001874
p117940,0,0.007250
p117941,0,0.001923
p117942,0,0.006538
p117943,0,0.003457
p117944,0,0.003072
p117945,0,0.002363
p117946,0,0.007764
p117947,0,0.012245
p117948,0,0.002721
p117949,0,0.001985
p117950,0,0.016900
p117951,0,0.003488
p117952,0,0.008590
p117953,0,0.001963
p117954,0,0.013712
p117955,0,0.013162
p117956,0,0.004415
p117957,0,0.004370
p117958,0,0.003583
p117959,0,0.005137
p117960,0,0.003743
p117961,0,0.009110
p117962,0,0.009409
p117963,0,0.005450
p117964,0,0.019482
p117965,0,0.002325
p117966,0,0.002730
p117967,0,0.002800
p117968,1,0.976726
p117969,0,0.134856
p117970,0,0.001595
p117971,0,0.002938
p117972,0,0.005141
p117973,0,0.002011
p117974,0,0.024200
p117975,0,0.005403
p117976,0,0.003641
p117977,0,0.003446
p117978,0,0.002722
p117979,0,0.191864
p117980,0,0.003734
p117981,1,0.988656
p117982,0,0.001657
p117983,0,0.009291
p117984,0,0.013242
p117985,0,0.011718
p117986,0,0.004897
p117987,0,0.036877
p117988,0,0.004589
p117989,0,0.003348
p117990,0,0.005336
p117991,0,0.005467
p117992,0,0.003074
p117993,0,0.002983
p117994,0,0.007444
p117995,0,0.004884
p117996,0,0.003124
p117997,0,0.001979
p117998,0,0.008946
p117999,0,0.993448
p118000,0,0.001750
p118001,0,0.003741
p118002,0,0.988165
p118003,0,0.003103
p118004,0,0.005481
p118005,1,0.002633
p118006,0,0.007439
p118007,0,0.003991
p118008,0,0.003129
p118009,0,0.002120
p118010,0,0.001539
p118011,0,0.002433
p118012,0,0.005412
p118013,0,0.011677
p118014,0,0.009451
p118015,0,0.002206
p118016,0,0.003967
p118017,0,0.013514
p118018,0,0.002034
p118019,0,0.016641
p118020,0,0.004196
p118021,0,0.008590
p118022,0,0.018961
p118023,0,0.002528
p118024,0,0.001967
p118025,0,0.010465
p118026,0,0.006053
p118027,0,0.004576
p118028,0,0.005416
p118029,0,0.002662
p118030,1,0.252064
p118031,0,0.002065
p118032,0,0.006949
p118033,0,0.016580
p118034,0,0.001683
p118035,0,0.003264
p118036,0,0.002528
p118037,0,0.004156
p118038,0,0.001369
p118039,0,0.003445
p118040,0,0.053910
p118041,0,0.004926
p118042,0,0.003837
p118043,0,0.006259
p118044,0,0.002108
p118045,0,0.002067
p118046,0,0.002528
p118047,0,0.007074
p118048,0,0.006259
p118049,0,0.091524
p118050,0,0.002334
p118051,0,0.005870
p118052,0,0.002966
p118053,0,0.005205
p118054,0,0.004332
p118055,0,0.007964
p118056,0,0.004768
p118057,0,0.006545
p118058,1,0.014748
p118059,0,0.003873
p118060,0,0.006386
p118061,0,0.044316
p118062,0,0.004830
p118063,0,0.005243
p118064,0,0.002744
p118065,0,0.011379
p118066,0,0.005374
p118067,0,0.003555
p118068,0,0.004033
p118069,1,0.001515
p118070,0,0.010454
p118071,0,0.002322
p118072,0,0.002211
p118073,0,0.001999
p118074,0,0.001789
p118075,0,0.009273
p118076,0,0.002756
p118077,0,0.001923
p118078,0,0.005452
p118079,0,0.989381
p118080,0,0.005053
p118081,0,0.006555
p118082,0,0.008028
p118083,1,0.990311
p118084,0,0.004603
p118085,0,0.002735
p118086,0,0.002534
p118087,0,0.006580
p118088,0,0.002375
p118089,0,0.003342
p118090,0,0.001739
p118091,0,0.002063
p118092,0,0.006786
p118093,0,0.992409
p118094,0,0.003028
p118095,0,0.001945
p118096,0,0.002547
p118097,0,0.002068
p118098,0,0.021624
p118099,0,0.004114
p118100,0,0.002689
p118101,0,0.001611
p118102,0,0.004367
p118103,0,0.003152
p118104,0,0.003385
p118105,0,0.008174
p118106,0,0.003034
p118107,0,0.002438
p118108,0,0.003983
p118109,0,0.025365
p118110,0,0.002423
p118111,0,0.018575
p118112,0,0.004646
p118113,0,0.002497
p118114,0,0.006890
p118115,0,0.010066
p118116,0,0.001940
p118117,0,0.003488
p118118,0,0.036796
p118119,0,0.006356
p118120,0,0.003941
p118121,0,0.127870
p118122,0,0.005485
p118123,0,0.003016
p118124,0,0.017855
p118125,0,0.011607
p118126,0,0.024707
p118127,0,0.001130
p118128,0,0.004932
p118129,0,0.003180
p118130,0,0.002481
p118131,0,0.086579
p118132,0,0.006894
p118133,0,0.011916
p118134,0,0.006971
p118135,0,0.003838
p118136,0,0.003669
p118137,0,0.011627
p118138,0,0.002975
p118139,0,0.002092
p118140,0,0.004501
p118141,0,0.008875
p118142,0,0.005220
p118143,0,0.012656
p118144,0,0.006672
p118145,0,0.001407
p118146,0,0.002946
p118147,0,0.013981
p118148,0,0.010561
p118149,0,0.005100
p118150,0,0.003586
p118151,0,0.008502
p118152,0,0.001967
p118153,0,0.004869
p118154,1,0.008812
p118156,0,0.007582
p118157,0,0.003509
p118158,0,0.003416
p118159,0,0.006204
p118160,0,0.990949
p118161,0,0.014588
p118162,0,0.001680
p118163,0,0.002067
p118164,0,0.013639
p118165,0,0.007622
p118167,0,0.005729
p118168,0,0.007869
p118169,0,0.001590
p118170,0,0.002366
p118171,0,0.010857
p118172,0,0.003298
p118173,0,0.001711
p118174,0,0.002612
p118175,0,0.017618
p118176,0,0.005596
p118177,0,0.002430
p118178,0,0.117348
p118179,0,0.006880
p118180,0,0.002613
p118181,0,0.008856
p118182,0,0.003021
p118183,0,0.004202
p118184,0,0.001948
p118185,0,0.003055
p118186,0,0.009402
p118187,0,0.002385
p118188,0,0.009229
p118189,0,0.006132
p118190,0,0.002150
p118191,0,0.018153
p118192,0,0.001933
p118193,0,0.017369
p118194,0,0.007619
p118195,0,0.991660
p118196,0,0.013336
p118197,0,0.247989
p118198,0,0.003892
p118199,0,0.003861
p118200,0,0.008592
p118201,0,0.004412
p118202,0,0.002083
p118203,0,0.001328
p118204,0,0.008581
p118205,0,0.005556
p118206,0,0.002520
p118207,0,0.030278
p118208,0,0.017521
p118209,0,0.004422
p118210,0,0.003526
p118211,0,0.002555
p118212,0,0.004605
p118213,1,0.002517
p118214,0,0.006337
p118215,0,0.004506
p118216,0,0.012194
p118217,0,0.157003
p118218,0,0.004460
p118219,0,0.005818
p118220,0,0.013974
p118221,0,0.002643
p118222,0,0.005172
p118223,0,0.002983
p118224,0,0.002247
p118225,0,0.025656
p118226,0,0.984638
p118227,0,0.015957
p118228,0,0.026273
p118229,0,0.013337
p118231,1,0.976462
p118232,0,0.004194
p118233,0,0.006699
p118234,0,0.003741
p118235,0,0.003940
p118236,0,0.001763
p118237,0,0.327486
p118238,0,0.002227
p118239,0,0.004757
p118240,0,0.003414
p118241,0,0.004621
p118242,0,0.009504
p118243,0,0.007202
p118244,0,0.003552
p118245,0,0.001614
p118246,0,0.002523
p118247,0,0.017116
p118248,0,0.001166
p118249,0,0.003136
p118250,0,0.993971
p118251,0,0.002160
p118252,0,0.009839
p118253,0,0.001624
p118254,0,0.015590
p118255,0,0.019209
p118256,0,0.003153
p118257,0,0.004249
p118258,0,0.002591
p118259,0,0.016738
p118260,0,0.005750
p118261,0,0.004716
p118262,0,0.001492
p118263,0,0.002495
p118264,1,0.002823
p118265,1,0.019176
p118266,0,0.004991
p118267,0,0.001373
p118268,0,0.003708
p118269,0,0.009424
p118270,0,0.002549
p118271,0,0.009910
p118272,0,0.002169
p118273,0,0.002420
p118274,0,0.005074
p118275,1,0.015453
p118276,0,0.007151
p118277,0,0.033904
p118278,0,0.012906
p118279,0,0.008510
p118280,0,0.009299
p118281,0,0.004081
p118282,0,0.005559
p118283,0,0.006308
p118284,0,0.005838
p118285,0,0.025979
p118287,0,0.021595
p118288,0,0.006304
p118289,0,0.105805
p118290,0,0.105075
p118291,0,0.004974
p118292,1,0.726872
p118293,0,0.001634
p118294,0,0.011813
p118295,0,0.001342
p118296,0,0.008921
p118297,0,0.563016
p118299,0,0.001728
p118300,0,0.004130
p118301,0,0.003074
p118302,0,0.016037
p118303,0,0.001981
p118304,0,0.016534
p118305,0,0.003478
p118306,1,0.991072
p118307,0,0.021128
p118308,0,0.005584
p118309,0,0.002562
p118310,0,0.010843
p118311,1,0.011366
p118312,0,0.004703
p118313,1,0.026453
p118314,0,0.001238
p118315,0,0.013062
p118316,0,0.009754
p118317,0,0.009990
p118318,0,0.010761
p118319,0,0.001928
p118320,0,0.002406
p118321,0,0.002210
p118322,0,0.032342
p118323,0,0.008744
p118324,0,0.005454
p118325,0,0.002877
p118326,0,0.006667
p118327,0,0.027193
p118328,0,0.037376
p118329,0,0.007035
p118330,0,0.041819
p118331,0,0.006710
p118332,0,0.009626
p118333,0,0.005776
p118334,0,0.015363
p118335,0,0.004041
p118336,0,0.002815
p118337,0,0.113911
p118338,0,0.005064
p118339,0,0.016761
p118340,0,0.011173
p118341,0,0.019775
p118342,0,0.001780
p118343,0,0.001631
p118344,0,0.993502
p118345,0,0.211851
p118346,0,0.020932
p118347,0,0.006827
p118348,0,0.004461
p118349,0,0.017859
p118350,0,0.022044
p118351,0,0.005455
p118352,0,0.004169
p118353,0,0.002222
p118354,0,0.004080
p118355,0,0.003168
p118356,0,0.006678
p118357,0,0.007400
p118358,0,0.003422
p118359,0,0.022969
p118360,0,0.004526
p118361,0,0.006565
p118362,0,0.002459
p118363,0,0.002140
p118364,0,0.003464
p118365,0,0.004773
p118366,0,0.003466
p118367,0,0.030732
p118368,0,0.003225
p118369,0,0.008245
p118370,0,0.173705
p118371,0,0.002292
p118372,0,0.002091
p118373,0,0.003013
p118374,0,0.002743
p118375,0,0.001565
p118376,0,0.002681
p118377,0,0.034419
p118378,0,0.022889
p118379,0,0.008220
p118380,0,0.003283
p118381,0,0.004279
p118382,0,0.003667
p118383,0,0.004638
p118384,0,0.032399
p118386,1,0.007436
p118387,0,0.006025
p118388,1,0.979839
p118389,0,0.003666
p118390,0,0.473751
p118391,0,0.017162
p118392,0,0.003708
p118393,0,0.002954
p118394,0,0.007093
p118395,0,0.992674
p118396,1,0.989307
p118397,0,0.030718
p118398,0,0.003257
p118399,0,0.006407
p118400,0,0.012837
p118401,0,0.003738
p118402,0,0.001636
p118403,0,0.026344
p118404,0,0.003420
p118405,0,0.005994
p118406,0,0.008782
p118407,0,0.007086
p118408,0,0.022572
p118409,0,0.148455
p118410,0,0.001539
p118411,0,0.035531
p118412,0,0.029934
p118413,0,0.018806
p118414,0,0.003347
p118415,0,0.035173
p118416,0,0.004462
p118417,0,0.007287
p118418,0,0.026762
p118419,0,0.002111
p118420,0,0.004505
p118421,0,0.004565
p118422,0,0.004973
p118423,0,0.004573
p118424,0,0.002397
p118425,0,0.002260
p118426,0,0.002984
p118427,0,0.005462
p118428,0,0.003643
p118429,1,0.539255
p118430,0,0.080296
p118432,0,0.002302
p118433,0,0.003288
p118434,0,0.003907
p118435,0,0.003219
p118436,0,0.006032
p118437,0,0.001981
p118438,0,0.006647
p118439,0,0.006944
p118440,1,0.973504
p118441,0,0.002070
p118442,0,0.004128
p118443,0,0.004285
p118444,0,0.001829
p118446,0,0.003260
p118447,0,0.052522
p118448,0,0.004814
p118449,1,0.980320
p118450,0,0.015470
p118451,0,0.004574
p118452,0,0.005138
p118453,0,0.001897
p118454,0,0.002852
p118455,0,0.002967
p118456,0,0.002402
p118457,0,0.004434
p118458,0,0.980202
p118459,0,0.001881
p118460,0,0.006411
p118461,1,0.990359
p118462,0,0.002435
p118463,0,0.004564
p118464,0,0.005104
p118465,0,0.003102
p118466,0,0.007517
p118467,0,0.001946
p118468,0,0.024372
p118469,0,0.001943
p118470,0,0.002628
p118471,0,0.001670
p118472,0,0.012253
p118473,0,0.003166
p118474,0,0.014755
p118475,0,0.001615
p118476,0,0.023089
p118477,0,0.009141
p118478,0,0.003890
p118479,0,0.008017
p118480,0,0.005172
p118481,0,0.022933
p118482,0,0.059123
p118483,0,0.992704
p118484,0,0.034324
p118485,0,0.003192
p118486,0,0.002093
p118487,0,0.015308
p118488,0,0.024678
p118489,0,0.002500
p118490,0,0.004377
p118491,0,0.005598
p118492,0,0.002774
p118493,0,0.004864
p118494,0,0.004660
p118495,0,0.016710
p118496,0,0.004714
p118497,0,0.002868
p118498,0,0.014766
p118499,0,0.026776
p118500,0,0.003731
p118501,1,0.009181
p118502,0,0.003815
p118503,0,0.003709
p118504,0,0.001970
p118505,0,0.011957
p118506,0,0.075989
p118507,0,0.008430
p118508,0,0.005627
p118509,0,0.003016
p118510,0,0.001798
p118511,0,0.003665
p118512,0,0.002339
p118513,0,0.239476
p118514,0,0.002070
p118515,1,0.986590
p118516,0,0.024724
p118517,0,0.001942
p118518,0,0.002929
p118519,0,0.003808
p118520,0,0.018356
p118521,0,0.013485
p118522,1,0.992665
p118523,0,0.005986
p118524,0,0.005108
p118525,0,0.003696
p118526,0,0.002074
p118527,0,0.008811
p118528,0,0.003637
p118529,1,0.275161
p118530,0,0.004842
p118531,0,0.012536
p118532,0,0.004382
p118533,0,0.003648
p118534,0,0.002183
p118535,0,0.008015
p118536,0,0.003333
p118537,0,0.185045
p118538,0,0.014822
p118539,1,0.009635
p118540,0,0.006593
p118541,0,0.002996
p118542,0,0.007855
p118543,0,0.010300
p118544,0,0.002629
p118545,0,0.003285
p118546,0,0.004852
p118547,0,0.001802
p118548,0,0.002270
p118549,0,0.017661
p118550,0,0.001304
p118551,0,0.016049
p118552,0,0.003331
p118553,0,0.012665
p118554,0,0.006321
p118555,0,0.598805
p118556,0,0.003734
p118557,0,0.002251
p118558,0,0.001896
p118559,0,0.004389
p118560,0,0.018406
p118561,0,0.003916
p118562,0,0.002690
p118563,0,0.004680
p118564,0,0.004856
p118565,0,0.003663
p118566,0,0.008057
p118567,0,0.003744
p118568,0,0.001321
p118569,0,0.003969
p118570,0,0.031495
p118571,0,0.026815
p118572,1,0.987673
p118573,0,0.981106
p118574,0,0.001774
p118575,0,0.002994
p118576,0,0.018738
p118577,1,0.714482
p118578,0,0.004215
p118579,0,0.062061
p118580,0,0.031868
p118581,0,0.005908
p118582,0,0.010787
p118583,1,0.991466
p118584,0,0.005215
p118585,0,0.002612
p118586,0,0.001572
p118587,0,0.004681
p118588,0,0.003721
p118589,0,0.002965
p118590,0,0.005177
p118591,0,0.008492
p118592,0,0.011236
p118593,0,0.004546
p118594,0,0.014240
p118595,0,0.002438
p118596,0,0.004646
p118597,0,0.003092
p118598,0,0.005145
p118599,0,0.009704
p118600,0,0.001668
p118601,0,0.002861
p118602,0,0.001759
p118603,0,0.009339
p118604,0,0.005286
p118605,0,0.004789
p118606,0,0.001841
p118607,0,0.001959
p118608,0,0.004695
p118609,0,0.001717
p118610,0,0.008410
p118611,1,0.991948
p118612,0,0.007593
p118613,1,0.988973
p118614,0,0.136041
p118615,0,0.004775
p118616,0,0.004340
p118617,0,0.002548
p118618,0,0.002377
p118619,0,0.002258
p118620,1,0.031390
p118621,0,0.007023
p118622,0,0.007289
p118623,0,0.002830
p118624,0,0.009034
p118625,0,0.002017
p118626,0,0.002688
p118627,0,0.003935
p118628,0,0.004652
p118629,0,0.003719
p118630,1,0.990160
p118631,0,0.001326
p118632,1,0.002715
p118633,0,0.004127
p118634,0,0.003927
p118635,0,0.010609
p118636,0,0.004387
p118637,0,0.003163
p118638,0,0.019836
p118639,0,0.009544
p118640,0,0.003068
p118641,0,0.261665
p118642,0,0.003919
p118643,0,0.010478
p118644,0,0.003149
p118645,0,0.002039
p118646,0,0.007015
p118647,0,0.002349
p118648,0,0.005326
p118649,0,0.008208
p118650,0,0.002105
p118651,0,0.001875
p118652,0,0.003011
p118653,0,0.007169
p118654,1,0.147258
p118655,0,0.004159
p118656,0,0.044068
p118657,0,0.006545
p118658,0,0.002543
p118659,0,0.001551
p118660,0,0.005881
p118661,0,0.003368
p118662,0,0.010394
p118663,0,0.010666
p118664,0,0.001218
p118665,0,0.008831
p118666,0,0.006293
p118667,0,0.006562
p118668,0,0.035385
p118669,0,0.007566
p118670,0,0.001991
p118671,0,0.003930
p118672,0,0.006431
p118673,0,0.004768
p118674,1,0.045010
p118675,0,0.015195
p118676,0,0.010187
p118677,0,0.008741
p118678,0,0.011156
p118679,0,0.019763
p118680,0,0.004144
p118681,0,0.076117
p118682,0,0.001688
p118683,0,0.003298
p118684,0,0.003925
p118685,0,0.001969
p118686,0,0.001998
p118687,0,0.002440
p118688,0,0.993791
p118689,0,0.003043
p118690,0,0.008778
p118691,0,0.994236
p118692,0,0.005645
p118693,0,0.003095
p118694,0,0.002144
p118695,0,0.010439
p118696,0,0.627658
p118697,0,0.002906
p118698,0,0.002154
p118699,0,0.003102
p118700,0,0.002324
p118701,0,0.002841
p118702,0,0.001797
p118703,0,0.061407
p118704,0,0.002724
p118705,0,0.001892
p118706,0,0.003655
p118707,0,0.102735
p118708,0,0.001574
p118709,0,0.004354
p118710,0,0.008159
p118711,0,0.316132
p118712,0,0.010665
p118713,0,0.002308
p118714,0,0.007665
p118715,0,0.012068
p118716,0,0.004800
p118717,0,0.003543
p118718,0,0.002372
p118719,0,0.002618
p118720,0,0.003857
p118722,0,0.008161
p118723,0,0.003752
p118724,0,0.003384
p118725,0,0.004992
p118726,0,0.001402
p118727,0,0.002283
p118728,0,0.001605
p118729,0,0.009016
p118730,0,0.003139
p118731,0,0.019533
p118732,0,0.007313
p118733,0,0.002855
p118734,0,0.003860
p118735,0,0.003220
p118736,0,0.001771
p118737,0,0.001918
p118738,0,0.022567
p118739,0,0.025866
p118740,0,0.005587
p118741,0,0.147512
p118742,0,0.002823
p118743,0,0.001855
p118744,0,0.023715
p118745,0,0.010365
p118746,1,0.992924
p118747,0,0.145019
p118748,0,0.010174
p118749,0,0.016005
p118750,0,0.001889
p118751,0,0.105484
p118752,0,0.004249
p118753,0,0.007469
p118754,0,0.001807
p118755,0,0.003768
p118756,0,0.002524
p118757,0,0.004917
p118758,0,0.002135
p118759,0,0.003013
p118760,0,0.001563
p118761,0,0.002216
p118762,0,0.006351
p118763,0,0.005566
p118764,0,0.006539
p118765,0,0.003100
p118766,0,0.002746
p118767,0,0.003827
p118768,0,0.007344
p118769,0,0.001750
p118770,0,0.002532
p118771,0,0.003331
p118772,0,0.002015
p118773,0,0.006206
p118774,0,0.011700
p118775,0,0.001866
p118776,0,0.001708
p118777,0,0.001622
p118778,0,0.004095
p118779,0,0.014774
p118780,0,0.007617
p118781,0,0.002020
p118782,0,0.007420
p118783,1,0.991931
p118784,0,0.003064
p118785,0,0.002148
p118786,0,0.007405
p118787,0,0.003908
p118788,0,0.001548
p118789,0,0.006472
p118790,0,0.003949
p118791,0,0.004771
p118792,0,0.017963
p118793,0,0.005252
p118794,0,0.003313
p118795,1,0.094601
p118796,0,0.004661
p118797,0,0.004952
p118798,0,0.005086
p118799,0,0.007993
p118800,0,0.020360
p118801,0,0.576740
p118802,0,0.003421
p118803,0,0.126860
p118804,1,0.980718
p118805,0,0.005377
p118806,0,0.003620
p118807,0,0.003493
p118808,0,0.002221
p118809,0,0.007668
p118810,0,0.036321
p118811,0,0.005737
p118812,0,0.014439
p118813,0,0.005800
p118814,0,0.004270
p118815,0,0.003040
p118816,0,0.008360
p118817,0,0.002635
p118818,0,0.004137
p118819,0,0.010015
p118820,0,0.002840
p118821,0,0.007688
p118822,0,0.003802
p118823,0,0.008338
p118824,0,0.003246
p118825,0,0.004984
p118826,0,0.008678
p118827,0,0.004681
p118828,0,0.046648
p118829,0,0.002193
p118830,0,0.002042
p118831,0,0.006773
p118832,0,0.005850
p118833,0,0.004625
p118834,0,0.002429
p118835,0,0.012743
p118836,0,0.008191
p118837,0,0.014108
p118838,0,0.011157
p118839,0,0.003490
p118840,0,0.004088
p118841,0,0.007992
p118842,0,0.007393
p118843,0,0.001575
p118845,0,0.004161
p118846,0,0.002548
p118847,0,0.029346
p118848,1,0.982658
p118849,1,0.914455
p118850,0,0.003993
p118851,0,0.003945
p118852,0,0.050365
p118853,0,0.002930
p118854,0,0.004329
p118855,0,0.001930
p118856,0,0.050873
p118857,0,0.281169
p118858,0,0.003885
p118860,0,0.024356
p118861,0,0.050840
p118862,0,0.003034
p118863,0,0.001836
p118864,0,0.001636
p118865,0,0.004448
p118866,0,0.003678
p118867,0,0.021036
p118868,0,0.007314
p118869,0,0.010288
p118870,0,0.026663
p118871,0,0.008341
p118872,0,0.003342
p118873,0,0.003408
p118874,0,0.001858
p118875,0,0.124596
p118876,0,0.004614
p118877,0,0.007126
p118878,0,0.013265
p118879,0,0.002118
p118880,0,0.016607
p118881,0,0.008806
p118882,0,0.051427
p118883,0,0.002325
p118884,0,0.003175
p118885,0,0.259383
p118886,0,0.097032
p118887,0,0.001688
p118888,0,0.003809
p118889,0,0.004164
p118890,0,0.003845
p118891,0,0.003537
p118892,0,0.005559
p118893,0,0.002029
p118894,0,0.001811
p118895,0,0.010755
p118896,0,0.429839
p118897,0,0.003947
p118898,0,0.010523
p118899,0,0.004638
p118900,0,0.017361
p118901,0,0.002202
p118902,0,0.002610
p118903,0,0.004228
p118904,0,0.001844
p118905,0,0.004025
p118906,1,0.767467
p118907,0,0.041594
p118908,0,0.006921
p118909,0,0.012699
p118910,0,0.004265
p118911,0,0.009531
p118912,0,0.005983
p118913,0,0.002821
p118914,0,0.027900
p118915,0,0.011540
p118917,0,0.027578
p118918,0,0.195809
p118919,0,0.004683
p118920,0,0.004508
p118921,0,0.002782
p118922,0,0.002805
p118923,0,0.004941
p118924,0,0.003393
p118925,0,0.002150
p118926,0,0.001960
p118927,0,0.005645
p118928,0,0.001731
p118929,0,0.012374
p118930,0,0.022183
p118931,0,0.002391
p118932,0,0.019582
p118933,0,0.001941
p118934,0,0.010197
p118935,0,0.004339
p118936,0,0.003076
p118937,0,0.003760
p118938,0,0.004356
p118940,0,0.008901
p118941,0,0.002546
p118942,0,0.001663
p118943,0,0.267914
p118944,0,0.003259
p118945,0,0.003362
p118946,0,0.004797
p118947,0,0.010369
p118948,0,0.009658
p118949,0,0.003136
p118950,0,0.004861
p118951,0,0.003860
p118952,0,0.002219
p118953,0,0.011877
p118954,1,0.986303
p118955,0,0.002198
p118956,0,0.012401
p118957,0,0.004008
p118958,0,0.008392
p118959,0,0.011438
p118960,0,0.003524
p118961,0,0.004271
p118962,0,0.005689
p118963,1,0.989144
p118964,0,0.002344
p118965,0,0.005723
p118966,1,0.992307
p118967,0,0.012464
p118968,0,0.002306
p118969,0,0.007512
p118970,0,0.003741
p118971,0,0.004648
p118972,0,0.001431
p118973,0,0.004024
p118974,0,0.017215
p118975,0,0.003090
p118976,1,0.022694
p118977,0,0.002859
p118978,0,0.002083
p118979,0,0.005188
p118980,0,0.003092
p118981,0,0.005630
p118982,0,0.019152
p118983,0,0.002168
p118984,0,0.007273
p118985,0,0.001409
p118986,0,0.003388
p118987,0,0.004840
p118988,0,0.003710
p118989,0,0.002346
p118990,0,0.011242
p118991,0,0.003363
p118992,0,0.001929
p118993,0,0.011713
p118994,0,0.001132
p118995,0,0.003051
p118996,0,0.010667
p118997,0,0.002049
p118998,0,0.006539
p118999,0,0.042668
p119000,0,0.002642
p119001,0,0.003227
p119002,0,0.019042
p119003,0,0.005037
p119004,0,0.002765
p119005,0,0.007351
p119006,0,0.005019
p119007,0,0.001965
p119008,0,0.040010
p119009,0,0.009271
p119011,0,0.001292
p119012,0,0.009523
p119013,0,0.020067
p119014,0,0.003105
p119015,0,0.003308
p119016,0,0.002689
p119017,0,0.003314
p119018,0,0.004589
p119019,0,0.005534
p119020,0,0.003754
p119021,0,0.002730
p119022,1,0.987098
p119023,0,0.006482
p119024,0,0.019286
p119025,0,0.008108
p119026,0,0.003644
p119027,0,0.002736
p119028,0,0.002402
p119029,0,0.005033
p119030,0,0.038919
p119031,0,0.003517
p119032,1,0.990394
p119033,0,0.005348
p119034,0,0.005629
p119035,0,0.001961
p119036,0,0.002181
p119037,0,0.002403
p119038,0,0.005102
p119039,0,0.018809
p119040,0,0.013139
p119041,0,0.001842
p119042,0,0.084025
p119043,0,0.002575
p119044,0,0.003752
p119045,0,0.003081
p119046,0,0.006707
p119047,0,0.007096
p119048,0,0.015398
p119049,0,0.057796
p119050,0,0.008539
p119051,0,0.004729
p119052,1,0.971793
p119053,0,0.002265
p119054,0,0.011653
p119055,0,0.003575
p119056,0,0.003042
p119057,0,0.003541
p119058,0,0.004028
p119059,1,0.009860
p119060,0,0.002868
p119061,1,0.020617
p119062,0,0.026079
p119063,0,0.002342
p119064,0,0.003258
p119065,0,0.003367
p119066,0,0.003731
p119067,0,0.005503
p119068,0,0.001608
p119069,0,0.002286
p119070,0,0.023894
p119071,0,0.002563
p119072,0,0.007417
p119073,0,0.005092
p119075,0,0.004532
p119076,1,0.608980
p119077,0,0.006470
p119078,0,0.015636
p119079,0,0.002280
p119080,0,0.008853
p119081,0,0.003078
p119082,1,0.987761
p119083,0,0.002189
p119084,0,0.991723
p119085,0,0.006343
p119086,0,0.001277
p119087,0,0.003811
p119088,0,0.005913
p119089,0,0.003091
p119090,0,0.004981
p119091,0,0.008110
p119092,0,0.021200
p119093,0,0.001854
p119094,0,0.002231
p119095,0,0.009755
p119096,0,0.002268
p119097,0,0.008689
p119098,1,0.039425
p119099,0,0.004822
p119100,0,0.003234
p119101,0,0.004466
p119102,0,0.029205
p119103,1,0.976693
p119104,0,0.002664
p119105,0,0.006689
p119106,0,0.002360
p119107,1,0.988805
p119108,0,0.002549
p119109,1,0.021218
p119110,0,0.002472
p119111,0,0.011236
p119112,0,0.005208
p119113,0,0.015775
p119114,0,0.002745
p119115,0,0.003414
p119116,0,0.010621
p119117,0,0.020298
p119118,1,0.032934
p119119,0,0.008393
p119120,0,0.007669
p119121,0,0.001733
p119122,0,0.001758
p119123,0,0.003022
p119124,0,0.002109
p119125,0,0.005129
p119126,0,0.004975
p119127,0,0.016927
p119128,0,0.002068
p119129,0,0.007671
p119130,0,0.990085
p119131,0,0.003050
p119132,0,0.011438
p119133,0,0.025037
p119134,0,0.004915
p119135,0,0.001563
p119136,0,0.691862
p119137,0,0.002972
p119138,0,0.017561
p119139,0,0.004540
p119140,0,0.001929
p119141,0,0.005063
p119142,0,0.003178
p119143,0,0.007814
p119144,0,0.007472
p119145,0,0.003270
p119146,0,0.003418
p119147,0,0.001598
p119148,0,0.006070
p119149,0,0.003252
p119150,1,0.268459
p119151,0,0.005126
p119152,0,0.003667
p119153,0,0.001852
p119154,0,0.006761
p119155,0,0.003693
p119156,0,0.006667
p119157,0,0.005989
p119158,1,0.471294
p119159,0,0.085054
p119160,0,0.024324
p119161,1,0.007407
p119163,0,0.222695
p119164,0,0.014106
p119165,0,0.010384
p119166,0,0.004245
p119167,0,0.011177
p119168,1,0.038455
p119169,0,0.003648
p119170,0,0.001500
p119171,0,0.006691
p119172,0,0.002212
p119174,0,0.008121
p119175,0,0.006723
p119176,0,0.002960
p119177,0,0.002064
p119178,0,0.002466
p119179,0,0.005808
p119180,0,0.003735
p119181,0,0.005725
p119182,0,0.006771
p119183,0,0.001436
p119184,0,0.044322
p119185,0,0.003022
p119186,0,0.007484
p119187,0,0.001595
p119188,0,0.008536
p119189,0,0.018392
p119190,0,0.007606
p119191,0,0.002176
p119192,0,0.006199
p119193,0,0.005315
p119194,1,0.176410
p119195,0,0.004901
p119196,0,0.033069
p119197,0,0.020593
p119198,0,0.005583
p119199,0,0.003601
p119200,0,0.004887
p119201,0,0.037732
p119202,0,0.003558
p119203,0,0.056408
p119204,0,0.016624
p119205,0,0.007304
p119206,0,0.002722
p119207,0,0.007759
p119208,0,0.003783
p119209,0,0.003696
p119210,0,0.002287
p119211,0,0.007500
p119212,0,0.003887
p119213,0,0.004071
p119214,1,0.008926
p119215,0,0.004085
p119216,0,0.008119
p119217,0,0.009009
p119218,0,0.726699
p119219,0,0.283386
p119220,0,0.080471
p119221,0,0.012685
p119222,0,0.008667
p119223,0,0.006161
p119224,0,0.004917
p119225,0,0.044496
p119226,0,0.002100
p119227,0,0.004627
p119228,0,0.006820
p119229,0,0.989896
p119230,0,0.096040
p119231,0,0.003774
p119232,1,0.993586
p119233,0,0.012438
p119234,0,0.003797
p119235,0,0.002225
p119236,0,0.006593
p119237,0,0.001363
p119238,0,0.002041
p119239,0,0.011829
p119240,0,0.001854
p119241,0,0.002615
p119242,0,0.006009
p119243,0,0.040042
p119244,0,0.014629
p119245,0,0.002803
p119246,0,0.002735
p119247,0,0.108831
p119248,0,0.001523
p119249,0,0.009555
p119250,0,0.002111
p119251,0,0.003333
p119252,0,0.033127
p119253,0,0.006097
p119254,0,0.002054
p119255,0,0.008015
p119256,0,0.005657
p119257,0,0.011063
p119258,0,0.013877
p119259,0,0.006108
p119260,0,0.002936
p119261,0,0.010066
p119262,0,0.009973
p119263,0,0.001559
p119264,0,0.006895
p119265,0,0.005815
p119266,0,0.009163
p119267,0,0.004544
p119268,0,0.157698
p119269,0,0.002641
p119270,0,0.001453
p119271,0,0.004661
p119272,0,0.013209
p119273,0,0.003366
p119274,0,0.002369
p119275,0,0.006041
p119276,1,0.004474
p119277,0,0.004340
p119278,0,0.006538
p119279,1,0.002684
p119280,0,0.004114
p119281,0,0.010151
p119282,0,0.008768
p119283,0,0.012149
p119284,0,0.015154
p119285,0,0.001803
p119286,0,0.004509
p119287,0,0.008801
p119288,0,0.001852
p119289,0,0.002356
p119290,0,0.002719
p119291,0,0.005805
p119292,0,0.006873
p119293,0,0.004660
p119294,0,0.010335
p119295,0,0.002390
p119296,0,0.005337
p119297,0,0.005491
p119298,0,0.003039
p119299,0,0.002511
p119300,0,0.002360
p119301,0,0.003400
p119302,0,0.003359
p119303,0,0.006869
p119304,0,0.004386
p119305,0,0.004634
p119306,0,0.002713
p119307,0,0.003217
p119308,0,0.006157
p119309,1,0.557146
p119310,0,0.035810
p119311,0,0.002631
p119312,0,0.003101
p119313,0,0.003115
p119314,0,0.007100
p119315,0,0.003107
p119316,0,0.006561
p119317,0,0.002322
p119318,0,0.001570
p119320,0,0.008921
p119321,0,0.004523
p119322,0,0.003883
p119323,0,0.001987
p119324,0,0.008680
p119325,0,0.001853
p119326,0,0.003559
p119327,0,0.001923
p119328,0,0.005183
p119329,0,0.009880
p119330,0,0.004094
p119331,0,0.005802
p119332,0,0.014546
p119333,0,0.001226
p119334,0,0.004595
p119335,0,0.025025
p119336,0,0.002924
p119337,0,0.006355
p119338,0,0.003424
p119339,0,0.013187
p119340,0,0.006264
p119341,0,0.005413
p119342,0,0.006299
p119343,1,0.634549
p119344,0,0.003357
p119345,0,0.052524
p119346,0,0.002597
p119347,0,0.002498
p119348,0,0.105960
p119349,0,0.006724
p119350,0,0.006026
p119351,0,0.005787
p119352,0,0.008221
p119354,0,0.002313
p119355,0,0.006457
p119356,0,0.004457
p119357,0,0.021658
p119358,0,0.002738
p119359,0,0.001895
p119360,0,0.001421
p119361,0,0.009634
p119362,0,0.003411
p119363,0,0.014686
p119364,0,0.005766
p119365,0,0.008235
p119366,0,0.004105
p119367,0,0.021703
p119368,0,0.005547
p119369,0,0.003141
p119370,0,0.016317
p119371,0,0.015306
p119372,0,0.003862
p119373,0,0.001689
p119374,0,0.003491
p119375,0,0.004277
p119376,0,0.002184
p119377,0,0.008268
p119378,0,0.978563
p119379,0,0.001692
p119380,0,0.003865
p119381,0,0.006055
p119382,0,0.061900
p119383,0,0.004613
p119384,0,0.001272
p119385,0,0.002447
p119386,0,0.001836
p119387,0,0.003253
p119388,0,0.007279
p119389,0,0.002714
p119390,0,0.002836
p119391,0,0.010204
p119392,0,0.005608
p119393,0,0.035414
p119394,0,0.005734
p119395,0,0.002793
p119396,0,0.003584
p119397,0,0.002496
p119398,0,0.002545
p119399,0,0.005749
p119400,0,0.004538
p119401,0,0.012879
p119402,0,0.006438
p119403,0,0.019195
p119404,0,0.005398
p119405,0,0.005422
p119406,0,0.001658
p119407,1,0.021786
p119408,0,0.021840
p119409,0,0.002528
p119410,0,0.003309
p119411,0,0.012422
p119412,0,0.013264
p119413,0,0.003480
p119415,0,0.007032
p119416,0,0.002522
p119417,0,0.018125
p119418,0,0.001875
p119419,0,0.005907
p119420,0,0.007695
p119421,0,0.001904
p119422,0,0.003521
p119423,0,0.005670
p119424,0,0.990368
p119425,0,0.002635
p119426,0,0.005878
p119427,0,0.017297
p119429,0,0.008431
p119430,0,0.002159
p119431,0,0.013462
p119432,0,0.005846
p119434,0,0.013053
p119435,0,0.008532
p119436,0,0.003857
p119437,0,0.041610
p119438,0,0.002191
p119439,0,0.008732
p119440,0,0.006381
p119441,0,0.005385
p119442,1,0.021698
p119443,0,0.005598
p119444,0,0.003734
p119445,0,0.004833
p119446,0,0.002218
p119447,0,0.005015
p119448,0,0.003959
p119449,0,0.048897
p119450,0,0.025678
p119451,0,0.002293
p119452,0,0.001617
p119453,0,0.004459
p119454,0,0.024082
p119455,0,0.002510
p119456,0,0.010686
p119457,0,0.002482
p119458,0,0.008034
p119459,0,0.003081
p119460,0,0.004836
p119461,0,0.012702
p119462,0,0.006255
p119463,1,0.013978
p119464,0,0.003995
p119465,0,0.004424
p119466,0,0.002030
p119467,0,0.003974
p119468,0,0.003913
p119469,0,0.010166
p119470,0,0.002709
p119471,0,0.005350
p119472,0,0.004531
p119473,0,0.010040
p119474,0,0.004865
p119475,0,0.012544
p119476,0,0.034270
p119477,0,0.005909
p119478,0,0.007134
p119479,0,0.009376
p119480,0,0.004881
p119481,0,0.014293
p119482,1,0.014988
p119483,0,0.028411
p119484,0,0.001910
p119485,0,0.003619
p119486,0,0.032632
p119487,0,0.011570
p119488,0,0.008567
p119489,0,0.002277
p119490,0,0.004120
p119491,0,0.004068
p119492,0,0.012846
p119493,0,0.009915
p119494,0,0.004036
p119495,0,0.009040
p119496,0,0.029132
p119497,0,0.002616
p119498,0,0.009185
p119499,0,0.025018
p119500,0,0.002672
p119501,0,0.003207
p119502,0,0.003190
p119503,0,0.001732
p119504,1,0.005524
p119505,0,0.004662
p119506,0,0.018123
p119507,0,0.003588
p119508,0,0.003971
p119509,0,0.033388
p119510,0,0.003663
p119511,0,0.003977
p119512,0,0.007343
p119513,0,0.011212
p119514,0,0.001911
p119515,0,0.003069
p119516,0,0.009160
p119517,0,0.003885
p119518,0,0.990089
p119519,0,0.002109
p119520,1,0.109604
p119521,0,0.002808
p119522,0,0.004212
p119523,0,0.008093
p119524,0,0.015693
p119525,0,0.004216
p119527,0,0.002076
p119528,0,0.002697
p119529,0,0.015150
p119530,0,0.008891
p119531,0,0.010320
p119532,0,0.006452
p119533,0,0.003002
p119534,0,0.006069
p119535,0,0.005260
p119536,0,0.007027
p119537,0,0.016530
p119538,0,0.003012
p119539,0,0.012838
p119540,0,0.003246
p119541,0,0.004089
p119542,0,0.003887
p119543,0,0.001956
p119544,0,0.135379
p119545,1,0.970976
p119546,0,0.003518
p119547,0,0.007378
p119548,0,0.003987
p119549,0,0.002567
p119550,0,0.001990
p119551,0,0.004853
p119552,0,0.002744
p119553,0,0.005172
p119554,0,0.011598
p119556,0,0.012379
p119557,0,0.009630
p119558,0,0.003610
p119559,0,0.002942
p119560,0,0.016373
p119561,0,0.009075
p119562,0,0.002800
p119563,0,0.064348
p119564,0,0.008197
p119565,0,0.014183
p119566,0,0.002656
p119567,0,0.002885
p119568,0,0.001994
p119569,0,0.004709
p119570,0,0.012454
p119571,0,0.015669
p119572,0,0.004834
p119573,0,0.007232
p119574,0,0.004040
p119575,0,0.002113
p119576,0,0.035981
p119577,0,0.022576
p119578,0,0.002363
p119579,0,0.003760
p119580,0,0.007900
p119581,0,0.005289
p119582,0,0.010138
p119583,0,0.002267
p119584,0,0.004458
p119585,1,0.988500
p119586,0,0.005937
p119587,0,0.002188
p119588,0,0.002018
p119589,0,0.008966
p119590,0,0.001820
p119591,0,0.005217
p119592,0,0.009246
p119593,0,0.002297
p119594,0,0.018072
p119595,0,0.002337
p119596,0,0.011764
p119597,0,0.018150
p119598,0,0.002032
p119599,0,0.004652
p119600,0,0.002349
p119601,0,0.005785
p119602,0,0.009408
p119603,0,0.006603
p119604,0,0.003291
p119605,0,0.003262
p119606,0,0.005550
p119607,0,0.006523
p119608,0,0.002084
p119609,0,0.002365
p119610,0,0.058027
p119611,0,0.001524
p119612,0,0.004148
p119613,0,0.022453
p119614,0,0.003862
p119615,0,0.007761
p119616,0,0.003235
p119617,0,0.002001
p119618,0,0.004242
p119619,0,0.003047
p119620,0,0.028723
p119621,1,0.990934
p119622,0,0.007939
p119623,0,0.010859
p119624,0,0.001161
p119625,0,0.024762
p119626,0,0.001658
p119627,1,0.992724
p119628,0,0.049405
p119629,0,0.003804
p119630,0,0.016164
p119631,0,0.009839
p119632,0,0.003786
p119633,0,0.003784
p119634,0,0.002105
p119635,0,0.004544
p119636,0,0.004328
p119637,0,0.002496
p119638,0,0.004213
p119639,0,0.006658
p119640,0,0.009040
p119641,0,0.005440
p119642,0,0.002135
p119643,1,0.006340
p119644,0,0.005550
p119645,0,0.004400
p119646,0,0.011729
p119647,0,0.003437
p119648,0,0.001631
p119649,0,0.002135
p119650,0,0.003126
p119651,0,0.007103
p119652,0,0.002345
p119653,0,0.011330
p119654,0,0.009943
p119655,0,0.001939
p119656,0,0.010858
p119657,0,0.003386
p119658,0,0.006155
p119659,0,0.008675
p119660,0,0.028837
p119661,0,0.018002
p119662,0,0.010713
p119663,0,0.003306
p119664,0,0.001487
p119665,0,0.007989
p119666,0,0.004859
p119667,0,0.001341
p119668,0,0.004856
p119669,0,0.012691
p119670,0,0.011993
p119671,0,0.267878
p119672,0,0.006152
p119673,0,0.095669
p119674,1,0.009967
p119675,0,0.004906
p119676,0,0.009319
p119677,0,0.003565
p119679,0,0.003719
p119680,0,0.005684
p119681,0,0.003748
p119682,0,0.002463
p119683,0,0.003867
p119684,0,0.004059
p119685,0,0.002130
p119686,0,0.001752
p119687,0,0.002006
p119688,0,0.031085
p119689,0,0.010383
p119690,0,0.002358
p119691,0,0.001431
p119692,1,0.981419
p119693,0,0.005912
p119694,0,0.008010
p119695,0,0.005916
p119696,0,0.002936
p119697,0,0.019017
p119698,0,0.005258
p119699,0,0.004311
p119700,0,0.004198
p119701,0,0.002624
p119702,0,0.989297
p119703,0,0.031274
p119704,0,0.003460
p119705,0,0.007984
p119706,0,0.001313
p119707,0,0.008946
p119708,0,0.005196
p119709,0,0.002196
p119710,0,0.004226
p119711,0,0.009617
p119712,0,0.021243
p119713,1,0.988389
p119714,0,0.010567
p119715,0,0.004349
p119716,0,0.001541
p119717,0,0.017432
p119718,0,0.008191
p119719,0,0.007047
p119720,0,0.001688
p119721,0,0.003404
p119723,0,0.001689
p119724,0,0.002564
p119725,0,0.009478
p119726,0,0.022013
p119727,0,0.006628
p119728,0,0.004261
p119729,0,0.002913
p119730,0,0.002639
p119731,0,0.003168
p119732,0,0.002924
p119733,0,0.004138
p119734,0,0.003504
p119735,0,0.012338
p119736,0,0.005434
p119737,0,0.003181
p119738,1,0.992201
p119739,0,0.001939
p119740,0,0.006256
p119741,0,0.057417
p119742,0,0.005286
p119743,0,0.002091
p119744,0,0.005706
p119745,0,0.005498
p119746,0,0.007353
p119747,0,0.005361
p119748,0,0.003717
p119749,1,0.983114
p119750,0,0.987176
p119751,1,0.981088
p119752,0,0.002384
p119753,0,0.003820
p119754,0,0.002091
p119755,0,0.003023
p119756,0,0.001671
p119757,0,0.001548
p119758,0,0.004081
p119759,0,0.110488
p119760,1,0.993327
p119761,0,0.005822
p119762,0,0.002219
p119763,0,0.006633
p119764,0,0.003070
p119766,0,0.008805
p119767,0,0.005077
p119768,0,0.016273
p119769,0,0.004108
p119770,1,0.990990
p119771,0,0.004465
p119772,0,0.002518
p119773,0,0.004920
p119774,0,0.020659
p119775,0,0.037029
p119776,0,0.015263
p119777,0,0.001842
p119778,0,0.003792
p119779,0,0.010951
p119780,0,0.025935
p119781,0,0.008475
p119782,0,0.001934
p119783,0,0.002881
p119784,0,0.002931
p119785,0,0.003214
p119786,0,0.027827
p119787,0,0.002690
p119788,0,0.006289
p119789,0,0.027911
p119790,0,0.007921
p119791,1,0.988073
p119792,0,0.002359
p119793,0,0.004957
p119795,0,0.003361
p119796,0,0.005440
p119797,0,0.005411
p119798,0,0.001615
p119799,0,0.002468
p119800,0,0.002305
p119801,0,0.002339
p119802,0,0.011219
p119803,0,0.006220
p119804,0,0.009010
p119805,0,0.001344
p119806,0,0.029862
p119807,0,0.004872
p119808,1,0.006036
p119809,0,0.005615
p119810,0,0.018878
p119811,0,0.004938
p119812,0,0.002629
p119813,1,0.012764
p119814,0,0.013114
p119815,0,0.003536
p119816,0,0.015192
p119817,0,0.001614
p119818,0,0.005375
p119819,0,0.006845
p119820,0,0.009064
p119821,0,0.002813
p119822,1,0.978442
p119823,0,0.008622
p119824,0,0.001707
p119825,0,0.004931
p119826,0,0.012841
p119827,0,0.003523
p119828,0,0.005557
p119829,0,0.006347
p119830,0,0.005398
p119831,0,0.010381
p119832,0,0.009588
p119833,0,0.003048
p119834,0,0.258509
p119835,0,0.005777
p119836,0,0.002458
p119837,0,0.003111
p119838,0,0.002496
p119839,0,0.007062
p119840,0,0.003813
p119841,0,0.006968
p119842,0,0.987558
p119843,0,0.003882
p119844,0,0.001459
p119845,0,0.002880
p119846,0,0.003305
p119847,0,0.002418
p119848,0,0.003467
p119849,0,0.013950
p119850,0,0.002193
p119851,0,0.003096
p119852,0,0.006184
p119853,0,0.008069
p119855,0,0.007219
p119856,0,0.009052
p119857,0,0.003324
p119858,0,0.019817
p119859,0,0.021565
p119860,0,0.003717
p119861,0,0.008918
p119862,0,0.002406
p119863,0,0.003640
p119864,0,0.002261
p119865,0,0.012146
p119866,0,0.002871
p119867,1,0.992118
p119868,0,0.003375
p119869,0,0.002142
p119870,0,0.019591
p119871,0,0.005138
p119873,0,0.002693
p119874,1,0.017808
p119875,0,0.029197
p119876,0,0.023632
p119877,0,0.009672
p119878,0,0.003314
p119879,0,0.002509
p119880,0,0.002417
p119881,0,0.003507
p119882,0,0.004166
p119883,0,0.003743
p119884,1,0.988918
p119885,0,0.003627
p119886,0,0.003474
p119887,0,0.001942
p119888,1,0.991408
p119889,0,0.015086
p119890,0,0.003476
p119891,0,0.003444
p119892,0,0.019261
p119893,0,0.003827
p119894,0,0.002249
p119895,0,0.001804
p119896,0,0.002288
p119897,0,0.003231
p119898,0,0.007265
p119899,0,0.005124
p119900,0,0.004883
p119901,0,0.002612
p119902,0,0.003694
p119903,0,0.005428
p119904,0,0.016816
p119905,0,0.004858
p119906,0,0.003305
p119907,0,0.002600
p119908,0,0.008031
p119909,0,0.006937
p119910,1,0.029622
p119911,0,0.003506
p119912,0,0.004018
p119913,0,0.004124
p119914,0,0.006495
p119915,0,0.005315
p119916,0,0.003979
p119917,1,0.012676
p119918,0,0.005506
p119919,0,0.001683
p119920,0,0.005971
p119921,0,0.013733
p119922,0,0.002932
p119923,0,0.002005
p119924,0,0.001369
p119925,0,0.004113
p119926,0,0.004909
p119927,0,0.002800
p119928,0,0.002018
p119929,0,0.198775
p119930,0,0.002815
p119931,0,0.002603
p119932,0,0.006213
p119933,0,0.002813
p119934,0,0.003601
p119935,0,0.002122
p119936,0,0.002422
p119937,0,0.011192
p119938,1,0.973878
p119939,0,0.011004
p119940,0,0.002956
p119941,0,0.002761
p119942,0,0.005974
p119943,0,0.002596
p119944,0,0.003129
p119945,0,0.004425
p119946,0,0.003445
p119947,0,0.202150
p119948,0,0.041184
p119949,0,0.010037
p119950,0,0.027251
p119951,0,0.006063
p119952,0,0.002798
p119953,0,0.004593
p119954,0,0.003108
p119955,0,0.019827
p119956,0,0.003610
p119957,0,0.002349
p119958,0,0.002613
p119959,1,0.066927
p119960,0,0.002094
p119961,0,0.011679
p119962,0,0.003499
p119963,0,0.004673
p119964,0,0.003433
p119965,0,0.004766
p119966,0,0.006886
p119967,0,0.005325
p119968,0,0.003407
p119969,0,0.003783
p119970,0,0.002413
p119971,0,0.003145
p119972,0,0.002093
p119973,0,0.012285
p119974,0,0.006704
p119975,0,0.021932
p119976,0,0.007917
p119977,0,0.003028
p119978,0,0.006319
p119979,0,0.002487
p119980,0,0.004145
p119981,0,0.002044
p119982,0,0.003517
p119983,0,0.013020
p119984,0,0.002871
p119985,0,0.001875
p119986,0,0.015091
p119987,0,0.032549
p119988,0,0.006139
p119989,0,0.005879
p119990,0,0.002257
p119991,0,0.002223
p119992,0,0.006587
p119993,0,0.002111
p119994,0,0.003465
p119995,0,0.002989
p119996,0,0.003198
p119997,0,0.013493
p119998,0,0.004801
p119999,0,0.026670
p120000,0,0.001556
